ery_pos,ery_id,barcode_candidates
0,AAAGATCTCTCGAA,1
1,AATCTCACTGCTTT,1
2,AATGGCTGAAGATG,1
3,ACACATCTGTCAAC,1
4,ACGACAACTGGAGG,1
5,ACTCCCGAGTCACA,1
6,ATCCAGGATGCATG,1
7,CAACAGACGGTACT,1
8,CAGCTAGAATCGTG,2
9,CATTTGTGTGAGGG,1
10,CCAGACCTGACAGG,1
11,CCTATTGAGACGTT,1
12,CGAGAACTGATAAG,1
13,CGCTCATGTATCTC,1
14,CTGAGAACGTTGCA,1
15,GGAAGGACTCTTCA,1
16,GGTCAAACCTAGCA,1
17,TACTAAGAATCACG,1
18,TGGACTGAGAATCC,1
19,TGTGAGACCGTCTC,1
20,TTGCTATGCTAAGC,1
21,TTGGAGTGTCTCAT,1
22,TTTAGGCTGCAGAG,1
23,TTTCTACTGGTAGG,1
24,AATATCGAGTGAGG,1
25,ACACAGACTCCAAG,1
26,ACGATCGACCTTCG,1
27,ACTCCTCTAAGTAG,1
28,ATAATGACCTCTTA,1
29,ATCAACCTACAGCT,1
30,ATTGCTACAGAGGC,1
31,CATTTCGATCCTAT,1
32,CCATTAACGAATAG,1
33,CGCCGAGATGGAGG,1
34,GCAGTCCTATCTTC,1
35,GTACTACTCAGTTG,1
36,TCTTCAGATGGAAA,1
37,TGAGTGACCATCAG,1
38,TTGAACCTACGACT,1
39,TTTATCCTGAATAG,1
40,ATCACTACCAGTCA,1
41,ATTGTCTGCAGGAG,1
42,CTAATGCTTTCTAC,1
43,CTTTACGAAGACTC,1
44,GGATGTACCCAGTA,2
45,TCATCAACGCAAGG,1
46,AAATCATGCTAGAC,2
47,AACAAACTGTTCTT,1
48,AACCCAGAACCACA,1
49,AACCTACTTCGTAG,1
50,AACCTTTGTCATTC,1
51,AACGTGTGACTTTC,1
52,AAGCAAGAACGGGA,1
53,AATACTGACCACAA,1
54,AATGTCCTTCTGGA,1
55,ACAAGCACTTCCAT,1
56,ACACCAGAGGTTTG,2
57,ACGCCGGAGGTCAT,2
58,ACGGATTGATACCG,1
59,ACGTCCTGAAGAAC,1
60,ACGTCCTGCATTTC,1
61,AGAAACGAATGCTG,1
62,AGAAAGTGCATGAC,1
63,AGATCTCTGGTTCA,2
64,AGCAACACTGCCCT,1
65,AGCGATTGCCGATA,1
66,AGCGCCGAGTGTTG,1
67,AGTCACGACTCCCA,2
68,AGTCTACTGAGAGC,1
69,ATAGATTGGGTACT,1
70,ATCACGGAAAGGTA,1
71,ATCTCAACTCGCCT,1
72,ATCTCAACTTCGGA,1
73,ATGTTGCTGGTCAT,1
74,ATTGCACTAGAAGT,1
75,CACAGATGCCTGTC,1
76,CAGATGACCACTTT,1
77,CAGGCCGACAGATC,1
78,CATGGCCTAGTCTG,1
79,CATTTGACAGAATG,1
80,CCCATCGATATGCG,1
81,CCGACACTATCGGT,1
82,CGAACATGCTGCAA,1
83,CGAAGTACATCTCT,2
84,CGACTCTGTGGATC,1
85,CGCAGGTGTGTCGA,1
86,CGTACAGATCCGAA,1
87,CGTACCTGCGTACA,1
88,CTATCCCTTTAGGC,2
89,CTCCGAACATGTGC,1
90,CTGATTTGGAACCT,1
91,CTTACATGCATGCA,1
92,CTTCTAGACGCAAT,1
93,GATATTGAGGATTC,1
94,GATATTGATGCAGT,1
95,GCAGGCACGCTCCT,1
96,GCAGGGCTCGAATC,1
97,GCCAACCTACCCTC,1
98,GCGTATGATGTGGT,1
99,GGAACTACCCGCTT,1
100,GGGACCTGCGCTAA,1
101,TCCCATCTCGGGAA,1
102,TCCTACCTTGTCGA,1
103,TCTAACACACCCTC,2
104,TGTACTTGGTGTCA,1
105,TGTCAGGATCGCTC,1
106,TTAGACCTCGTTGA,1
107,TTAGCTACGTTGTG,1
108,TTGCATTGGGATTC,1
109,AAACATACTACAGC,2
110,AAACATTGAAAGCA,1
111,AAACGCTGGGTTTG,2
112,AAAGATCTTTCTAC,1
113,AAAGGCCTCTAGCA,1
114,AACAGAGACCTGAA,1
115,AACAGAGAGTACAC,1
116,AACCACGAGGCGAA,1
117,AACGCATGTGGCAT,1
118,AACTACCTAGTTCG,1
119,AAGAATCTTCCTCG,1
120,AAGATGGATTTGGG,1
121,AAGCCTGAACCTGA,1
122,AAGGCTTGCTCAGA,1
123,AAGGTCACCGATAC,1
124,AATAAGCTACCTAG,1
125,AATCTAGAGATAAG,1
126,AATGCGTGAGCGGA,1
127,AATGCGTGAGGCGA,2
128,AATTCCTGGAAACA,1
129,ACCACAGACCTTTA,1
130,ACCCAGCTTCAGTG,1
131,ACCCAGCTTGCATG,1
132,ACCGAAACCCAATG,1
133,ACCTCCGAAAGATG,1
134,ACCTCGTGGACAGG,1
135,ACGACCCTCGACTA,1
136,ACGAGTACGATACC,1
137,ACGATGACCTGTAG,2
138,ACGCCGGAAGCGTT,2
139,ACGGAACTAGGTCT,1
140,ACGGATTGCTGTTT,1
141,ACGGCTCTGGATTC,1
142,ACGGCTCTTGGCAT,1
143,ACGTGATGCCCAAA,1
144,ACGTGCCTTCAGGT,2
145,ACTGCCTGGCTCCT,1
146,ACTTCCCTTTCATC,1
147,ACTTTGTGTCTCCG,1
148,AGAATGGAACCTCC,1
149,AGACTCGAGTTTGG,1
150,AGCATCGATCACGA,1
151,AGCCGGTGATGCCA,1
152,AGCCTCACCTGGTA,1
153,AGCCTCTGCTAGTG,1
154,AGCGCTCTCCTGAA,1
155,AGCTGCCTACAGCT,1
156,AGCTGTGAGATACC,1
157,AGGAACCTACGCAT,1
158,AGGAATGAGTACGT,1
159,AGGATAGACTTTAC,1
160,AGGATGCTGGGTGA,2
161,AGGCAGGAATTTCC,1
162,AGGCCTCTACAGTC,1
163,AGGGCCTGCCACAA,1
164,AGGGCGCTCTGTCC,1
165,AGTGAAGAACGTAC,1
166,AGTGACTGGGTTCA,1
167,AGTTCTACAAACAG,1
168,ATACCTTGTTCATC,1
169,ATAGTCCTCTGAGT,1
170,ATCAACCTGAATGA,2
171,ATCGCGCTGTGTCA,1
172,ATCGGAACCCTGAA,1
173,ATCTGGGAGTGTTG,1
174,ATCTTGACCCATAG,2
175,ATGACGTGCTTGAG,1
176,ATGAGAGATTCAGG,1
177,ATGATAACTGCTCC,1
178,ATGCGATGGTACAC,1
179,ATGGTGACTCCAAG,1
180,ATGTAAACGAGGTG,1
181,ATGTCGGAACCATG,1
182,ATGTTAGAGAGCAG,1
183,ATGTTAGAGGACGA,1
184,ATTCCAACGGCATT,1
185,ATTGAAACTAGACC,1
186,ATTGCGGAGCATCA,1
187,ATTGCTACACCTCC,1
188,ATTGTCTGACCCTC,1
189,CAAATTGACCACAA,1
190,CAACAGACGTAAGA,1
191,CAACGAACCTTTAC,1
192,CAAGACTGAATGCC,2
193,CAATTCTGACGACT,1
194,CACTAACTTACTCT,1
195,CACTCCGACTGCAA,1
196,CACTTATGCCAAGT,1
197,CAGACAACGTTAGC,1
198,CAGACATGAGGAGC,1
199,CAGACCCTCCTGTC,2
200,CAGCATGAGGTCAT,1
201,CAGCCTACGTGAGG,1
202,CAGCTAGACTAGCA,2
203,CAGGTATGAGACTC,1
204,CATACTACCATACG,1
205,CATCAACTGCAGAG,1
206,CATCTTGAGCTTAG,1
207,CATGTTACATCGGT,2
208,CATGTTTGCTTTAC,1
209,CATTTGTGTCTCAT,1
210,CCAATGGACTGTCC,1
211,CCACCATGCCTTTA,1
212,CCAGACCTGAGCAG,1
213,CCAGTCTGAGGCGA,1
214,CCATAGGAACTCTT,1
215,CCATCCGATCTACT,1
216,CCATCGTGACGACT,1
217,CCCTCAGATTACTC,2
218,CCGACACTTCGTTT,1
219,CCGGAGTGCACTCC,1
220,CCGGTACTGAGAGC,1
221,CCGGTACTTTCACT,1
222,CCTATTGATTATCC,1
223,CCTTCACTTTCCAT,1
224,CGAAGACTTTCCAT,1
225,CGACCTTGATCTCT,1
226,CGACTCACCCCTCA,1
227,CGAGATTGGGTTCA,1
228,CGAGTATGCTTCCG,1
229,CGAGTATGTGCAAC,1
230,CGCGAGACGAGGGT,1
231,CGCGGATGAACAGA,1
232,CGCTCATGACAGCT,1
233,CGGAATTGGTTCTT,1
234,CGGCATCTCAGAGG,1
235,CGTCCAACTTGCGA,1
236,CTAACACTATTTCC,1
237,CTACGGCTTGCTTT,1
238,CTACTATGGACTAC,1
239,CTAGTTACGAAACA,1
240,CTATAAGAAGGGTG,1
241,CTATCATGAGCACT,1
242,CTATTGTGTGCCTC,2
243,CTCAGGCTTCGCCT,1
244,CTCCGAACATTCGG,1
245,CTCGAGCTCGAGAG,1
246,CTGAACGAATCACG,1
247,CTGACAGACATGCA,1
248,CTGACAGATTCAGG,1
249,CTGAGAACAGTCAC,2
250,CTGATACTGACAAA,1
251,CTGATTTGGAGGAC,1
252,CTTCACCTATCGGT,1
253,CTTCTAGAAGAAGT,1
254,CTTGATTGTTACTC,1
255,CTTTAGACGAGCAG,1
256,CTTTCAGAGAGGGT,1
257,GAAAGATGCAACCA,1
258,GAAGCTTGGGGCAA,1
259,GAATGCTGCTGACA,1
260,GACAGTTGTCATTC,1
261,GACATTCTGTAGCT,1
262,GACCTAGAAGCCAT,1
263,GACGAGGACCATGA,1
264,GACGCCGATCTAGG,1
265,GACGTAACAACCAC,1
266,GACTTTACCCGAAT,1
267,GAGATAGATAGCGT,1
268,GAGCAGGACCTGTC,1
269,GAGTACACTCGCCT,1
270,GAGTCAACTACTGG,2
271,GAGTGTTGAGAACA,2
272,GATACTCTATCTCT,1
273,GATATATGATGTCG,1
274,GATCCGCTGGATTC,1
275,GATCCGCTTGCCAA,1
276,GATCGATGATCGAC,1
277,GATTACCTCTGCTC,1
278,GATTCTTGGATAAG,1
279,GATTGGACGGAGGT,2
280,GCAACTGAGCTGAT,2
281,GCAATCGAGTTTCT,1
282,GCAATTCTTTGAGC,1
283,GCACCTACGAGGTG,1
284,GCACGGACAAGAGT,2
285,GCACTAGATACGAC,1
286,GCAGTCCTCTCAGA,1
287,GCATTGGACCTGAA,1
288,GCCAAAACCGTAGT,1
289,GCCAACCTCCACCT,1
290,GCCATCACGTCTAG,1
291,GCGCATCTAGTTCG,1
292,GCGGGACTACCTAG,1
293,GCGGGACTCTAGCA,1
294,GCGGGACTGGTTTG,2
295,GCGTAAACTGGTGT,1
296,GCGTAATGCGTACA,1
297,GCGTACCTTCTTCA,1
298,GCTCAGCTCTTCTA,1
299,GCTCCATGGTACAC,1
300,GGACATTGAGCAAA,1
301,GGACATTGAGTTCG,1
302,GGATAGCTGAACTC,1
303,GGCAATACGAAAGT,1
304,GGCGCATGAGCGTT,2
305,GGCTAATGCAGGAG,1
306,GGGACCTGTAAGGA,1
307,GGTACATGCCCAAA,1
308,GTAATATGCAGTCA,1
309,GTAGACTGCAGATC,1
310,GTAGCTGACTTATC,1
311,GTCCACACTGGCAT,1
312,GTCTAACTTCTCGC,1
313,GTCTGAGACCTTTA,1
314,GTGATCGAGACAGG,1
315,GTGATCGAGTTAGC,1
316,GTGTACGAACCACA,1
317,GTTATGCTATGGTC,1
318,GTTATGCTATTCCT,1
319,GTTCAACTCGGAGA,1
320,GTTGAGTGCTTGTT,1
321,GTTTAAGACACAAC,1
322,TAAGATACGCTGTA,1
323,TAAGTAACTCGATG,1
324,TACAAATGACGTTG,1
325,TACGAGACAGTAGA,1
326,TACTCTGAACTGTG,1
327,TACTGGGAACCAAC,1
328,TACTGTTGTGCTAG,1
329,TAGAAACTCGTGAT,1
330,TAGAATTGGAAAGT,1
331,TAGAATTGTGGCAT,1
332,TAGCCCACGAGCAG,1
333,TAGCCCTGGCCAAT,1
334,TAGGAGCTCCAACA,1
335,TAGTATGACGTAAC,1
336,TAGTCGGAGATAGA,1
337,TATAAGACCGATAC,1
338,TATAAGACTCTTTG,1
339,TATAAGTGCAGAGG,1
340,TATAGCCTCAAGCT,1
341,TATGGGTGGAGGCA,1
342,TATGTCACAAAACG,1
343,TCAACACTATCGTG,1
344,TCAATAGAGCGATT,1
345,TCACCCGAGTCTTT,2
346,TCAGGATGGAATGA,1
347,TCCCAGACACGGGA,1
348,TCCGAGCTGTTCGA,1
349,TCCGAGCTTCTCTA,1
350,TCGATACTATCAGC,1
351,TCGCAGCTAGTGCT,1
352,TCGGCACTCTCTAT,1
353,TCTAACTGGATGAA,1
354,TCTACAACGTAAAG,1
355,TCTATGTGCACTAG,1
356,TCTTCAGAGCGGAA,2
357,TCTTCAGAGTTAGC,1
358,TGACCAGAGTTAGC,1
359,TGAGTGACTGCTAG,1
360,TGATTCACCCTATT,1
361,TGCAAGTGCAACTG,1
362,TGCCAGCTAACTGC,1
363,TGCTGAGAGGAACG,1
364,TGGACTGAAACCGT,1
365,TGGTATCTATTGGC,1
366,TGTAATGATGACTG,1
367,TGTACTTGTCTGGA,1
368,TGTATGCTGTTAGC,2
369,TGTCAGGAGCGAGA,1
370,TTACAGCTATGCTG,1
371,TTACAGCTGTTGGT,1
372,TTAGTCACGCTACA,1
373,TTAGTCTGGGGAGT,1
374,TTATGCACGCTAAC,1
375,TTCGTATGTCCAAG,2
376,TTCTAGTGCACTGA,1
377,TTCTGATGCCTAAG,1
378,TTGCTATGGCGAAG,1
379,TTGGTACTAGAGAT,1
380,TTGGTACTGGTCTA,1
381,TTGTCATGTCACGA,1
382,TTTCTACTACCCAA,1
383,AAACGCTGGCAGAG,2
384,AAACGCTGGGAAAT,2
385,AAACGGCTGTACAC,1
386,AAATACTGCTTCGC,1
387,AAATCAACTGGTCA,1
388,AAATCATGTGGTAC,2
389,AACAATACAGAGGC,1
390,AACAGAGAACCACA,1
391,AACAGAGAGTTTGG,1
392,AACCACGATGGATC,1
393,AACGGTACCCGTTC,1
394,AAGAACGACCCACT,1
395,AAGCCAACGGCAAG,1
396,AAGGCTACCTTTAC,1
397,AAGTATACCTGGTA,1
398,AAGTCTCTACTGGT,1
399,AAGTTATGCTGATG,1
400,AATAACACTCACGA,1
401,AATAAGCTAGGCGA,1
402,AATAAGCTCGAGTT,1
403,AATCAAACCCCTAC,1
404,AATCGGTGCCTTAT,1
405,AATGATACTATCTC,2
406,AATGCGTGTTGGCA,2
407,AATGGAGAGCGTAT,1
408,AATGTAACTACTCT,2
409,AATTCCTGCCAGTA,1
410,AATTCCTGGGGTGA,1
411,AATTGATGGTTCTT,2
412,ACAAAGGACTCTTA,1
413,ACAAATTGTGTAGC,1
414,ACAAGCACGACGAG,1
415,ACAATTGATTGGTG,1
416,ACACCCTGAACGGG,2
417,ACACCCTGGTTGGT,1
418,ACACGTGAGGGTGA,1
419,ACAGTGACTGAAGA,1
420,ACATCACTCTACCC,1
421,ACATTCTGCCTACC,1
422,ACCACCTGGAACTC,1
423,ACCATTACGCATCA,1
424,ACCATTACTGTAGC,1
425,ACCGTGCTCAGGAG,1
426,ACGACAACTGCTCC,1
427,ACGATCGAGGTTCA,1
428,ACGATGACTAGAGA,1
429,ACGGCTCTCCTGAA,1
430,ACGTTTACTACTGG,1
431,ACTACTACTCTCGC,1
432,ACTGAGACACGTGT,1
433,ACTGAGACAGCCTA,1
434,ACTGCCTGAGTCTG,1
435,ACTGCCTGTTTACC,2
436,ACTGTGGATGCTTT,1
437,ACTTAGCTTGCATG,1
438,ACTTCTGATAGCGT,1
439,ACTTCTGATTACTC,1
440,AGAAACGATTTCAC,1
441,AGAACAGAACGGGA,1
442,AGAACGCTTCCGTC,1
443,AGAACGCTTGGTTG,1
444,AGAGTCTGGCCCTT,1
445,AGATATACCGAACT,1
446,AGATTAACCTAAGC,1
447,AGCAAGCTAGCTCA,1
448,AGCATCGATGGTTG,1
449,AGCGATACGTCCTC,1
450,AGCGGCACCTTTAC,2
451,AGCGTAACGTATGC,1
452,AGCTCGCTTCTCAT,1
453,AGCTGTGAGAGGAC,1
454,AGCTTACTGCTTAG,1
455,AGGAACCTACCTCC,1
456,AGGACTTGATTCGG,2
457,AGGACTTGGGAAGC,1
458,AGGATGCTGCTACA,1
459,AGGCAGGACTCCAC,1
460,AGGGACGACCATAG,1
461,AGGTACACTTCGCC,2
462,AGTAATTGGTCACA,1
463,AGTACTCTCACACA,1
464,AGTAGGCTTCCCAC,1
465,AGTATAACTGACAC,1
466,AGTCAGACGTCGTA,1
467,AGTGTTCTGAAAGT,1
468,ATAACAACGCTGTA,1
469,ATAACCCTTTCGGA,1
470,ATACGGACCTTGTT,1
471,ATACGTCTACGCTA,1
472,ATCAAATGATTCCT,1
473,ATCACACTCGTAGT,1
474,ATCGCCTGGACAGG,1
475,ATCTACACGCCTTC,2
476,ATCTCAACTGAACC,1
477,ATCTTTCTGAGATA,1
478,ATGAAGGACTGAAC,2
479,ATGATATGCTGGAT,1
480,ATGTCGGAACTCAG,2
481,ATGTCGGACAGAAA,1
482,ATTACCTGAAGTGA,1
483,ATTACCTGACCAGT,1
484,ATTACCTGCTAGTG,2
485,ATTCAGCTCCCTTG,1
486,ATTGGGTGCCACCT,1
487,ATTGGTCTGCCCTT,1
488,ATTGTCTGCGTTAG,1
489,ATTTAGGAGGAAGC,1
490,ATTTGCACAAGCAA,1
491,CAAACTCTCAATCG,1
492,CAAACTCTTGAACC,1
493,CAAAGCACACGGGA,2
494,CAAAGCACCACTTT,1
495,CAAATTGATGCTCC,1
496,CAACCAGATCTCTA,1
497,CAACGAACCTTGGA,1
498,CAACGTGATGACAC,2
499,CAAGAAGATGACTG,3
500,CAAGACACAAGATG,1
501,CAAGACTGTCCTCG,1
502,CAAGGACTCTAGTG,1
503,CAATAAACTCCGTC,1
504,CAATGGACGCTACA,1
505,CACAGTGAGGTCTA,1
506,CACATGGATCCAAG,1
507,CACCCATGTCCCAC,1
508,CACCGGGATAGTCG,1
509,CACCGTACTGCTTT,1
510,CACGGGACTTAGGC,1
511,CACTATACACCAAC,1
512,CACTCCGAGAACTC,1
513,CACTGCACCGTACA,1
514,CACTGCTGGTTAGC,1
515,CACTTATGACCATG,1
516,CAGACAACAAGAAC,1
517,CAGCAATGCGACAT,1
518,CAGCCTTGAACGTC,2
519,CAGCTAGATTCCGC,1
520,CAGCTCACCTAGAC,1
521,CAGGAACTGTGTTG,1
522,CATGGCCTACACCA,1
523,CATGGCCTTGAGAA,1
524,CATTACACACACGT,2
525,CATTGTTGCCGATA,1
526,CCAAGATGATGACC,1
527,CCAATGGATTGCAG,1
528,CCACCATGTGCTGA,1
529,CCACGGGAACTGTG,1
530,CCACGGGAGCGTAT,1
531,CCACTGTGGACACT,1
532,CCAGAAACTGTCGA,1
533,CCAGATGACCAATG,1
534,CCAGCTACGGACGA,1
535,CCAGTCTGCTAGCA,1
536,CCATATACCCTACC,1
537,CCATGCTGAACAGA,1
538,CCATTAACCCAACA,1
539,CCCAACACAGCTCA,1
540,CCCTACGAGGTGTT,1
541,CCGACACTGCCAAT,1
542,CCGGTACTGTCTAG,1
543,CCGTACACGTTGAC,2
544,CCTATAACCTCTCG,1
545,CCTATTGAGTATCG,1
546,CCTCATCTAGAGTA,1
547,CCTCGAACGAGCAG,1
548,CCTCTACTAACCTG,1
549,CCTGGACTCTCAGA,1
550,CCTTCACTCTGTGA,1
551,CGAAGACTCCGATA,1
552,CGAAGACTGAATCC,1
553,CGACCACTGAACTC,1
554,CGACCTTGACGTGT,1
555,CGAGGAGAATTCCT,1
556,CGAGGAGACAATCG,1
557,CGAGGCTGAGGAGC,1
558,CGCAAATGAGGGTG,1
559,CGCAACCTATCAGC,1
560,CGCAACCTTCGTAG,1
561,CGCCATACACACCA,1
562,CGCGATCTAGAACA,1
563,CGCGATCTTGGTGT,1
564,CGGAATTGGATGAA,1
565,CGGCCAGAATCGGT,2
566,CGGCGAACAGTCAC,1
567,CGGCGATGGCGAAG,1
568,CGGTAAACGGCGAA,2
569,CGGTAAACTCTCAT,1
570,CGGTCACTTATCGG,1
571,CGGTCACTTCACGA,1
572,CGTAACGATTTCTG,2
573,CGTAGCCTAGTACC,1
574,CGTGAAACACCCTC,1
575,CGTGAATGCACTGA,1
576,CGTTAACTAGAACA,1
577,CGTTATACCTTACT,1
578,CTAACTACCCGCTT,1
579,CTAAGGTGTTCGTT,2
580,CTAATAGAACCTGA,1
581,CTACTATGCATGAC,1
582,CTAGTTACCCAACA,1
583,CTATAGCTTGTCGA,1
584,CTATCAACAAAAGC,1
585,CTATCAACACTACG,1
586,CTATCAACCCATAG,1
587,CTCAGAGATCGTGA,1
588,CTCAGCACTTATCC,1
589,CTCAGGCTAGCTCA,1
590,CTCAGGCTCGTAAC,1
591,CTCCATCTTCCGAA,1
592,CTCCTACTTAACCG,1
593,CTCGACACACTCAG,1
594,CTCGAGCTATTCGG,1
595,CTCGCATGGACAAA,1
596,CTGCCAACACTCAG,1
597,CTGTAACTCTTTAC,1
598,CTTCTAGAGTTCTT,1
599,CTTGAACTGAGATA,1
600,CTTGATTGGAAAGT,1
601,CTTTAGACTGCATG,2
602,CTTTGATGGGCGAA,3
603,CTTTGATGTAGTCG,1
604,GAACCAACAAGAAC,2
605,GAAGCTACACGTAC,1
606,GAAGCTTGCATGGT,1
607,GAAGGTCTTTAGGC,2
608,GAAGTCTGCGGAGA,1
609,GAAGTGCTGTGTTG,2
610,GAATGCACTCGCTC,1
611,GAATGCTGCACCAA,2
612,GAATGGCTAGTAGA,1
613,GACAACTGGGACGA,1
614,GACCCTACACGTTG,1
615,GACCCTACAGCTCA,1
616,GACCCTACCGATAC,1
617,GACCTCACCTAGTG,1
618,GACGAACTGTATCG,1
619,GACGCCGAGCCTTC,1
620,GACTACGAACCATG,1
621,GACTACGAAGAGTA,1
622,GACTCCTGGGTAGG,2
623,GACTGAACTACGCA,1
624,GACTGAACTAGAAG,1
625,GAGCTCCTGAGGGT,1
626,GAGGACGAACGACT,1
627,GAGGACGACAGATC,1
628,GAGTCAACTGGTGT,1
629,GAGTGTTGATTCGG,1
630,GATAATACACGTGT,1
631,GATAGCACACAGTC,1
632,GATATAACCGTGAT,1
633,GATATCCTCCAGTA,1
634,GATGCCCTAGATGA,1
635,GATTCTTGGAATGA,1
636,GATTTGCTGGGAGT,1
637,GATTTGCTTCTCCG,1
638,GCACCTACGTTTGG,1
639,GCACGGACAGTACC,1
640,GCAGTTGATCCCGT,2
641,GCATGTGAGTCCTC,1
642,GCCCAACTTCAGAC,1
643,GCCGGAACACTAGC,1
644,GCCGTACTAGTTCG,1
645,GCGCGATGCCCTCA,1
646,GCGGGACTTGCATG,1
647,GCGTATGACGGGAA,1
648,GCTACAGACCATAG,1
649,GCTACGCTTGGAGG,1
650,GCTCCATGATGCTG,2
651,GCTCGACTAAGATG,1
652,GCTGATGAGAGGCA,2
653,GCTTAACTTTGCGA,1
654,GCTTGAGAATGCTG,1
655,GCTTGAGAGTCGAT,1
656,GGAACACTTATGGC,1
657,GGACATTGGTATGC,1
658,GGACCTCTAATCGC,1
659,GGACGAGATGATGC,2
660,GGAGGATGCGTTAG,1
661,GGAGGATGTCCTTA,1
662,GGAGGCCTGACAAA,1
663,GGAGGTGATTCGTT,1
664,GGAGTTTGTCTACT,1
665,GGATGTTGTGAACC,1
666,GGCCACGAAGATCC,2
667,GGCCGATGAGGCGA,1
668,GGCGGACTCATACG,1
669,GGCTAAACGAAGGC,1
670,GGGCAAGATTCCAT,1
671,GGTACATGCGCTAA,1
672,GGTAGTACAGGGTG,1
673,GGTAGTACCCAGTA,1
674,GGTGGAGAACGTGT,1
675,GGTGGAGACGGGAA,1
676,GGTGGAGAGAGGGT,2
677,GTAAGCACGTACGT,1
678,GTAATATGGGAAGC,1
679,GTAATATGTCCGAA,1
680,GTACAGTGGGAACG,2
681,GTACCCTGTTCCCG,2
682,GTAGCAACCACTAG,1
683,GTAGTGACACTACG,1
684,GTCCAAGACCGCTT,1
685,GTCTAGGATGTAGC,1
686,GTCTGAGATTGACG,1
687,GTGATTCTTTCGGA,1
688,GTGTATCTTGCCTC,2
689,GTGTCAGAAAGATG,1
690,GTTAAATGCATTGG,1
691,GTTAAATGTCCTGC,1
692,GTTAACCTGGATTC,2
693,GTTAACCTTGTCTT,1
694,GTTACGGACTTCCG,1
695,GTTACGGATAACGC,1
696,GTTAGGTGTCACCC,1
697,GTTATCTGGTCATG,1
698,GTTGACGATGAGGG,1
699,TAAAGTTGATGCTG,1
700,TAAAGTTGTAGACC,1
701,TAAGATACAGCGTT,2
702,TAATCCACTCATTC,1
703,TAATGTGACAATCG,1
704,TACACACTTGGTCA,1
705,TACCGCTGCTACGA,1
706,TACGAGTGGTATGC,2
707,TACGATCTGTATGC,1
708,TACGGAACAATCGC,1
709,TACGTACTTGCACA,2
710,TACTACACATAAGG,1
711,TAGAATTGCAACTG,2
712,TAGAGCACCCCTAC,1
713,TAGCGATGCGCCTT,1
714,TAGGCATGGCCAAT,1
715,TAGGTGTGCTTCTA,1
716,TAGGTTCTTGTCCC,1
717,TAGTATGACACTGA,1
718,TAGTCGGAAGTAGA,1
719,TAGTTAGAGCTATG,1
720,TATAAGTGAGTCAC,1
721,TATACCACCGGTAT,2
722,TATCAAGAACCCAA,1
723,TATCACTGATCGGT,1
724,TATCGACTGTTTGG,1
725,TATCGACTTGTCAG,2
726,TATCTTCTAGAAGT,1
727,TATGTCTGTTGTGG,1
728,TCAATCACACTAGC,1
729,TCAATCACCCTAAG,1
730,TCACTATGGTTGGT,1
731,TCAGAGACTTCTAC,2
732,TCAGCAGAAGAAGT,1
733,TCAGCGCTTAAAGG,2
734,TCAGTTACGGATCT,1
735,TCCGGACTGGACAG,1
736,TCGACCTGCTGCAA,1
737,TCGCAAGAGGTATC,1
738,TCGGACCTAGATGA,1
739,TCGTGAGAAGTGTC,2
740,TCTACAACGGTGGA,1
741,TCTAGACTGACGGA,1
742,TCTCTAGATTTGTC,1
743,TGAAGCACCCTAAG,1
744,TGACACGAGTCGTA,1
745,TGACGAACGGTCAT,1
746,TGACTGGAAGGGTG,1
747,TGATTAGAATCTCT,1
748,TGCAACGAGGTGTT,1
749,TGCAGATGATTCTC,1
750,TGCGATGAGTGCTA,1
751,TGCTTAACGGACTT,1
752,TGGAACACATGGTC,1
753,TGGAACACGACAGG,1
754,TGGATCGACTGACA,2
755,TGGTATCTTGTCCC,1
756,TGGTCAGAATTGGC,2
757,TGGTTACTTCTAGG,1
758,TGTAAAACTCTCTA,1
759,TGTACTTGTGTGCA,1
760,TGTAGTCTGACGGA,1
761,TGTATCTGCCACCT,2
762,TTACACACAAGTGA,1
763,TTACGACTAAGATG,1
764,TTACGACTCACACA,1
765,TTACTCGAGTATGC,1
766,TTAGACCTTCTTAC,1
767,TTCATCGATCACCC,1
768,TTCGATTGGGTATC,1
769,TTCTCAGAAAGTAG,1
770,TTCTCAGAGGGTGA,1
771,TTGAATGAGAGCAG,1
772,TTGATCTGACGCAT,1
773,TTGCTAACGAGCAG,1
774,TTGTACACATTGGC,1
775,TTGTCATGGGAAGC,1
776,TTTATCCTACACTG,3
777,TTTGACTGAAGAAC,1
778,AAACATACGTGTTG,1
779,AAACGCACTCACGA,1
780,AAACTTGATTCTAC,1
781,AAAGAGACCGTTAG,1
782,AAAGGCCTCAGAGG,1
783,AAATCCCTTCAAGC,1
784,AAATGGGACTCCCA,1
785,AAATGTTGGTATGC,1
786,AAATGTTGTGAGGG,1
787,AACAAACTCCAATG,1
788,AACCACGAAACGTC,1
789,AACCACGACTTCTA,1
790,AACCACGAGGACTT,1
791,AACCGCCTGGAGTG,1
792,AACCTACTTATTCC,1
793,AACGCAACCACACA,1
794,AACGCCCTGGAGGT,2
795,AACGCCCTTTGTGG,1
796,AACGGTTGCCCACT,3
797,AACTGTCTCTATGG,1
798,AACTGTCTGACAGG,1
799,AACTGTCTTCCTCG,1
800,AAGAACGATGACTG,1
801,AAGAAGACACACTG,1
802,AAGACAGAGGTGGA,1
803,AAGCCATGTCCTGC,1
804,AAGCCTGACCTCAC,1
805,AAGCCTGAGTATGC,1
806,AAGCGACTCTTGTT,1
807,AAGCGTACAAGGCG,1
808,AAGCGTACACCTAG,1
809,AAGGCTTGCCGCTT,1
810,AAGGCTTGTCCAGA,1
811,AATAAGCTTTGGTG,1
812,AATACCCTGCTCCT,1
813,AATAGGGACGAGAG,2
814,AATCCGGACTTGTT,1
815,AATCCTACCTGTAG,1
816,AATCCTACGTCTAG,1
817,AATCTAGATTTGTC,1
818,AATCTCACACCCAA,1
819,AATGATACGGAGTG,1
820,AATGATACTAGCGT,1
821,AATGGCTGCCTGAA,1
822,AATTACGACTTGAG,1
823,ACACATCTAGCTAC,1
824,ACACGATGGGGATG,1
825,ACATACCTTTTCGT,1
826,ACCACCTGGCATAC,1
827,ACCACGCTCTTTAC,1
828,ACCAGCCTTTACCT,1
829,ACCAGTGATGTCTT,1
830,ACCATTTGGACGAG,1
831,ACCCAAGACCCTAC,1
832,ACCCAAGACTTACT,1
833,ACCCTCGACGGAGA,1
834,ACCGAAACACCTAG,1
835,ACCTCGTGCACACA,1
836,ACCTGAGACTGTCC,1
837,ACCTTTGACTGAGT,1
838,ACCTTTGAGTGAGG,1
839,ACGCAATGAACTGC,1
840,ACGCACCTGGACAG,1
841,ACGGAGGATAAGGA,1
842,ACGGCTCTCAAAGA,1
843,ACGGCTCTGGTGAG,1
844,ACGGTATGGGGACA,1
845,ACGTAGACCAGATC,2
846,ACGTCAGAGACGGA,1
847,ACGTTACTCCGATA,1
848,ACGTTGGACCCTTG,1
849,ACTACGGAGGTACT,2
850,ACTATCACCAACTG,1
851,ACTCAGGAAGCCTA,1
852,ACTCAGGAGTTTCT,1
853,ACTCTATGTTCTAC,1
854,ACTGCCTGAACGGG,1
855,ACTGGCCTTTCTAC,1
856,ACTTAGCTACCCAA,1
857,ACTTAGCTGCTATG,1
858,ACTTCCCTCGTTAG,1
859,ACTTCTGATTCTAC,2
860,AGAAACGACACAAC,1
861,AGAACGCTGAACCT,1
862,AGAACGCTGTTGGT,1
863,AGAATACTACGTTG,1
864,AGAATGGAGGTACT,1
865,AGAATTTGCTTGCC,2
866,AGACCTGATATTCC,1
867,AGACCTGATTGCAG,1
868,AGACGTACGAATGA,1
869,AGACGTACTTCAGG,1
870,AGACTTCTCCTTTA,1
871,AGAGAAACAAGCCT,1
872,AGAGGTCTAACAGA,1
873,AGATATTGTTCATC,1
874,AGCAAAGACGGAGA,1
875,AGCAAGCTTCCTAT,1
876,AGCATCGACCGCTT,1
877,AGCCACCTGCCCTT,1
878,AGCCGGTGGGAAAT,1
879,AGCCTCTGCGCTAA,1
880,AGCGCCGACGGGAA,1
881,AGCGCTCTCAGTCA,1
882,AGCGGGCTCGCAAT,1
883,AGCGTAACGGAAAT,1
884,AGCTTACTCTGGAT,1
885,AGGAATGAAAGCCT,1
886,AGGATAGACTTCCG,1
887,AGGATGCTGTCACA,1
888,AGGGCCACAAGATG,1
889,AGGGTGGAGGGTGA,1
890,AGGTGGGACGTAGT,1
891,AGGTGGGATGCTCC,1
892,AGGTTCGAAGCGGA,1
893,AGTACGTGCTCGCT,1
894,AGTACGTGTAGCCA,1
895,AGTACTCTGGGTGA,1
896,AGTCACGAACTTTC,1
897,AGTTAAACTTCACT,1
898,AGTTGTCTAAAAGC,1
899,AGTTGTCTCTAGTG,1
900,AGTTTCACAAAACG,1
901,AGTTTCACTCCAGA,2
902,AGTTTGCTGTTCAG,1
903,ATAACAACCAACCA,1
904,ATAACATGCGTAGT,1
905,ATAACCCTAGAATG,1
906,ATAATCGACTAAGC,1
907,ATACCGGAACTACG,1
908,ATACCGGACCCTCA,1
909,ATACCTACCCTATT,2
910,ATAGATACTCTAGG,1
911,ATAGTCCTACGGGA,1
912,ATCAAATGTTACCT,1
913,ATCAACCTGTTCGA,1
914,ATCACGGACCTGAA,1
915,ATCACTTGCGACAT,1
916,ATCACTTGGTAAAG,1
917,ATCCAGGAAGATGA,1
918,ATCCATACATTCTC,1
919,ATCCCGTGACAGCT,1
920,ATCGAGTGCTGTGA,1
921,ATCGCCACGCTATG,1
922,ATCGGTGAGTCGAT,1
923,ATCTGGGAGAGCTT,1
924,ATCTTTCTGCTTAG,1
925,ATGAAGGATTGACG,1
926,ATGACGTGGGGCAA,2
927,ATGCAGACACCTAG,1
928,ATGCAGTGCAGCTA,1
929,ATGCCAGATACGCA,2
930,ATGCCAGATGCCTC,1
931,ATGCGATGCAACTG,1
932,ATGCGATGTGCAAC,1
933,ATGGACACAAACGA,2
934,ATGGGTACAGGTCT,1
935,ATGTCGGAACACCA,1
936,ATGTCGGAACCGAT,1
937,ATGTCGGACTGGTA,1
938,ATGTTAGACACTGA,1
939,ATTAACGATGTGCA,1
940,ATTACCTGACACCA,1
941,ATTAGTGAGTTTGG,1
942,ATTCCATGTGCCAA,1
943,ATTCTGACACCACA,1
944,ATTGGTCTCTAGAC,1
945,CAAAGCACTCCAAG,1
946,CAAATATGACACGT,1
947,CAACCGCTGCGAAG,1
948,CAAGAAGAGCTGTA,1
949,CAAGCCCTTCACCC,1
950,CAATAAACTGCATG,2
951,CACCACTGCCCTCA,1
952,CACCGGGACTAGCA,1
953,CACGACCTAGCACT,1
954,CACTAGGAACCATG,1
955,CACTCCGATCGTGA,1
956,CACTCTCTCAGAGG,1
957,CACTCTCTTGCAAC,2
958,CACTGCTGACTACG,2
959,CAGACATGCTCCAC,1
960,CAGACCCTGTCCTC,1
961,CAGATGACACCCTC,1
962,CAGCGTCTATTGGC,1
963,CAGCGTCTTAGCCA,1
964,CAGCTCTGTTCGTT,1
965,CAGGCCGATGTGAC,1
966,CAGTTGGAGACGGA,1
967,CATCATACCTGTAG,1
968,CATCATACTCGTTT,1
969,CATCCCGATGAGCT,1
970,CATCGCTGCAGAAA,1
971,CATGCGCTAAAGTG,1
972,CATGTTACTGTCTT,2
973,CATTGACTAAAGCA,1
974,CATTTGTGGGCGAA,1
975,CCAAGATGTATCGG,1
976,CCAATTTGCTGCAA,1
977,CCACTGACTTCTAC,1
978,CCAGAAACGATAGA,1
979,CCAGCTACCTATTC,2
980,CCAGGTCTCGCCTT,1
981,CCATGCTGTACGAC,1
982,CCATTAACGAATGA,1
983,CCCAACACTGTCGA,1
984,CCCAGTTGGTGTAC,1
985,CCCATGTGGATACC,2
986,CCCTCAGATGGATC,1
987,CCCTTACTCTCTTA,1
988,CCCTTACTTTGAGC,1
989,CCGCTATGTGCTAG,1
990,CCGGAGTGAGCTCA,1
991,CCGTACACTGCCCT,1
992,CCTCATCTCTAAGC,1
993,CCTCTACTGGTTAC,1
994,CCTGAGCTCTCTCG,2
995,CCTGCAACAGTCTG,1
996,CCTGGACTTGACAC,1
997,CCTTCACTTGCCCT,1
998,CCTTCACTTTCTGT,1
999,CGAAGGGAACGGAG,1
1000,CGAAGTACGCTGAT,1
1001,CGACCGGATTCTTG,1
1002,CGACCTTGTGAAGA,1
1003,CGACTGCTTGCCAA,1
1004,CGACTGCTTGGTGT,1
1005,CGAGGCACGATAAG,1
1006,CGAGTATGCTCTTA,1
1007,CGATACGATCCTGC,1
1008,CGCACTTGAAACGA,1
1009,CGCAGGACAGTCAC,3
1010,CGCAGGACTGCTGA,1
1011,CGCAGGTGTGGCAT,1
1012,CGCCGAGAGACGAG,1
1013,CGCCTAACTGAGAA,2
1014,CGCTACACGTGTAC,1
1015,CGCTACACTATGGC,1
1016,CGGAGGCTCCTTGC,1
1017,CGGAGGCTGCAGTT,1
1018,CGGAGGCTGTCTGA,1
1019,CGGATATGGTCCTC,1
1020,CGGCGATGTAAGCC,1
1021,CGTACAGAAAGCAA,1
1022,CGTACCACGCGTTA,1
1023,CGTGCACTGCTGTA,1
1024,CGTTAGGACCTACC,1
1025,CTAACACTCCCAAA,1
1026,CTAAGGACGACACT,1
1027,CTACCTCTCATTGG,2
1028,CTACTATGCAGAGG,1
1029,CTACTCCTAGTGTC,1
1030,CTAGGATGGACGTT,1
1031,CTAGTTTGGGCATT,1
1032,CTATCATGCAGTTG,1
1033,CTATCATGGGAGCA,1
1034,CTATCCCTCTTCCG,1
1035,CTATTGTGTCACCC,1
1036,CTCCATCTACAGCT,1
1037,CTCCATCTCCATGA,1
1038,CTCCGAACACCTAG,1
1039,CTCCTACTGCTTCC,1
1040,CTCGACTGCAGCTA,2
1041,CTGAACGAGGTAGG,1
1042,CTGAAGTGGAGGCA,1
1043,CTGATACTTGACAC,1
1044,CTGTGAGACTTACT,1
1045,CTTAAAGATTTGGG,1
1046,CTTAACACGTACAC,1
1047,CTTACTGAACACAC,1
1048,CTTGATTGCGCCTT,1
1049,GAAAGATGGCATAC,1
1050,GAACACACTGAGCT,1
1051,GAACGGGAATGACC,1
1052,GAACGGGACGGAGA,1
1053,GAACGTTGCGCATA,1
1054,GAAGGGTGAAGGGC,1
1055,GAAGGTCTTACTCT,1
1056,GAAGTAGAGTAGGG,1
1057,GAAGTGCTCAGCTA,1
1058,GAATGCACTCCCAC,1
1059,GACAACACCTTATC,1
1060,GACAACTGGTATGC,1
1061,GACAGGGATGACAC,1
1062,GACCCTACGCTGTA,1
1063,GACGAACTCAGAGG,1
1064,GACGATTGTGGCAT,1
1065,GACGCCGAAAAGTG,1
1066,GACGGCACGCAGTT,1
1067,GACGTCCTTACAGC,1
1068,GACGTCCTTCCCGT,1
1069,GACTGAACGGAGGT,1
1070,GACTGAACTGTCGA,1
1071,GAGATAGAAGTCAC,1
1072,GAGCAGGAGGTCTA,1
1073,GAGCATACAACAGA,1
1074,GAGCATACGAGGCA,1
1075,GAGCGAGAAAAGCA,1
1076,GAGCGCACTTCATC,1
1077,GAGGATCTTCCAAG,2
1078,GAGGCAGAGGTGAG,1
1079,GAGGGATGAGCAAA,1
1080,GAGTCTGAGCAAGG,1
1081,GAGTTGTGGTCCTC,2
1082,GATAATACTGTCCC,1
1083,GATATCCTTAGCCA,1
1084,GATCGTGAGTCGTA,1
1085,GATTCTACAGCATC,1
1086,GATTCTTGGAGCTT,1
1087,GCAAACTGGCTACA,1
1088,GCAACTGACCAATG,1
1089,GCAATTCTGAGACG,1
1090,GCACCACTAGCAAA,1
1091,GCACCACTGGGTGA,1
1092,GCACCTTGGTCACA,1
1093,GCACGGACGTTGAC,1
1094,GCACGGTGCTCGCT,1
1095,GCACGTCTTTGTGG,1
1096,GCACTGCTGCTGAT,2
1097,GCAGATACAGAAGT,1
1098,GCAGCGTGTCTTAC,2
1099,GCAGCTCTCCTTGC,1
1100,GCAGGCACTGCTTT,1
1101,GCAGTCCTGAGGAC,1
1102,GCAGTTGATGGCAT,1
1103,GCATCAGATATTCC,1
1104,GCCGACGACGCATA,1
1105,GCCGACGAGTTGGT,1
1106,GCCGTACTGAGGTG,1
1107,GCCTAGCTGACGTT,2
1108,GCGAGAGAATGGTC,1
1109,GCGCACGAAAGCCT,1
1110,GCGCATCTCTTGTT,1
1111,GCGCGAACGCTTCC,1
1112,GCGGCAACTCCTTA,1
1113,GCGTAAACACACGT,2
1114,GCGTAATGCTTGTT,1
1115,GCTAGAACAAGCCT,1
1116,GCTCGACTTTCAGG,1
1117,GGAACTTGTTGTCT,1
1118,GGACATTGAGCCTA,1
1119,GGACCTCTATGGTC,1
1120,GGACGAGATTACCT,1
1121,GGACGCTGGCTGAT,1
1122,GGACGCTGTGACAC,1
1123,GGAGGTGATCTCTA,1
1124,GGAGTTTGGTTACG,1
1125,GGATTTCTGCAGAG,1
1126,GGCAAGGAGGATTC,1
1127,GGCACGTGTGGCAT,1
1128,GGCCAGACAGATCC,2
1129,GGCCCAGATGTCTT,1
1130,GGCCGATGAGTCAC,1
1131,GGGAAGACATCTTC,1
1132,GGGATGGACCTACC,2
1133,GGGCCATGCGTAAC,1
1134,GGGTAACTGCATCA,1
1135,GGGTTATGGGAACG,1
1136,GGTCTAGATGACTG,1
1137,GTAATATGTCGCAA,1
1138,GTACGTGACGATAC,2
1139,GTACTTTGGTGTCA,1
1140,GTAGACTGCTTCCG,1
1141,GTATCTACTGGTAC,1
1142,GTATTAGACGTAAC,1
1143,GTCAACGACACAAC,1
1144,GTCACCTGTAGTCG,1
1145,GTCATACTAGTGTC,1
1146,GTCATACTTCGTGA,1
1147,GTCCCATGACTCAG,1
1148,GTCCCATGGGTTAC,1
1149,GTCGACCTATGACC,1
1150,GTCGACCTTTCACT,1
1151,GTCGCACTTACGAC,1
1152,GTGAGGGATGTCAG,2
1153,GTGATGACGAACCT,2
1154,GTGCCACTATGGTC,1
1155,GTGTGATGCGTTAG,1
1156,GTTAAAACATGTCG,1
1157,GTTAAATGGCTGAT,1
1158,GTTACGGAATGCCA,1
1159,GTTACTACGTAAAG,1
1160,GTTACTACTGAGGG,1
1161,GTTAGGTGTGACTG,1
1162,GTTCAACTCAGATC,1
1163,GTTCAACTTAAGGA,2
1164,GTTCAACTTACAGC,1
1165,GTTCATACTTGCTT,1
1166,GTTGAGTGCCACAA,1
1167,GTTGATCTTATGCG,1
1168,TAAAGTTGTTTACC,1
1169,TAACACCTAACCTG,1
1170,TAACTCACCCGTTC,1
1171,TAAGAACTCCACCT,3
1172,TAAGATACGGAAAT,1
1173,TAAGTAACGTTGCA,1
1174,TAATGAACGGTAGG,2
1175,TACATAGACGAACT,2
1176,TACCATTGAAGGCG,1
1177,TACGATCTCCGATA,1
1178,TACGCAGATTCCGC,1
1179,TACGCGCTATTCTC,1
1180,TACGGAACGTTCGA,2
1181,TACGTTACGTCTAG,1
1182,TACTACTGCTTCGC,1
1183,TAGAAACTCGGAGA,1
1184,TAGAATTGACACTG,1
1185,TAGAATTGATTTCC,1
1186,TAGATCCTCTGTGA,1
1187,TAGATCCTTTACCT,1
1188,TAGCCCACCTAGTG,2
1189,TAGCCGCTACCTGA,1
1190,TAGTAATGGTTAGC,1
1191,TAGTTGCTAACGTC,1
1192,TATAAGTGCCAAGT,1
1193,TATACCACCCTTCG,1
1194,TATCAGCTCTTGCC,1
1195,TATCCTGAAAGGGC,1
1196,TATCGTACTCCAGA,1
1197,TATCTGACGGCGAA,1
1198,TATGGGTGATGCTG,1
1199,TATGTCACAAGAGT,1
1200,TATGTCACATTCCT,1
1201,TATGTCTGACCAGT,1
1202,TATGTCTGATACCG,1
1203,TCAAGTCTTCCTAT,1
1204,TCAAGTCTTGCATG,1
1205,TCAATCACATGACC,1
1206,TCACAACTGTCCTC,1
1207,TCACATACGCATAC,1
1208,TCACCCGACCAGTA,1
1209,TCACCCGATTCATC,2
1210,TCACCGTGCTGTGA,1
1211,TCACCGTGGGTAGG,1
1212,TCACGAGAGGATTC,1
1213,TCAGACGACATTGG,1
1214,TCATTCGACCTACC,2
1215,TCCAGAGAGAATCC,1
1216,TCCAGAGATGACCA,1
1217,TCCCTACTGGGCAA,1
1218,TCCGAGCTACTCTT,1
1219,TCCGGACTTGCGTA,1
1220,TCCTAAACGTAAAG,2
1221,TCCTATGAACCTAG,2
1222,TCGATACTCCCAAA,2
1223,TCGGACCTAGGTTC,1
1224,TCGTAGGAGGTTCA,1
1225,TCTAACACGGATTC,1
1226,TCTAAGCTCTTCTA,1
1227,TCTAAGCTGCAGAG,1
1228,TCTCAAACAGTAGA,1
1229,TCTTACGAAACCTG,2
1230,TGAAATTGAGAATG,1
1231,TGAAGCTGACACCA,1
1232,TGAAGCTGGATAGA,1
1233,TGACACGAACTAGC,1
1234,TGAGACACCTAGCA,1
1235,TGAGACACGCCCTT,1
1236,TGAGCAACACCTGA,1
1237,TGAGCAACACGGAG,1
1238,TGAGGACTCCCACT,1
1239,TGAGGTACAGTGCT,1
1240,TGAGGTACTGTTTC,1
1241,TGAGTCGATCCTTA,1
1242,TGAGTGACTCTCGC,1
1243,TGATAAACAATGCC,1
1244,TGATTAGACATGAC,1
1245,TGATTCACTAACCG,1
1246,TGCAAGACCGGGAA,1
1247,TGCAAGACGTATGC,1
1248,TGCAGATGCTCCCA,1
1249,TGCATGGATTCCGC,1
1250,TGCCAGCTCTCTCG,1
1251,TGCGCACTCCCTTG,2
1252,TGCTGAGACTTATC,2
1253,TGGAAAGAAGTTCG,1
1254,TGGACTGAATAAGG,1
1255,TGGAGGGACAGAGG,1
1256,TGGATGACGAGACG,1
1257,TGGATGTGAGAATG,2
1258,TGGTACGACCTCAC,2
1259,TGTATCTGGCGATT,1
1260,TGTGAGTGCATGAC,2
1261,TGTGATCTGTACAC,1
1262,TTAACCACCCTCAC,1
1263,TTAACCACCTCTTA,1
1264,TTACACACGTACAC,1
1265,TTACACACTCCTAT,1
1266,TTACTCGAAGCTAC,1
1267,TTAGAATGGGTATC,1
1268,TTAGTCTGACACCA,1
1269,TTATCCGACTTGGA,1
1270,TTCACAACTTGCTT,1
1271,TTCAGTACGGTAAA,1
1272,TTCATCGACCTACC,1
1273,TTCATGACCCATGA,1
1274,TTCATGTGGACGAG,1
1275,TTCATGTGTTCGCC,1
1276,TTCCATGATCGTAG,1
1277,TTCGAGGATCCTAT,2
1278,TTCGGAGACATGCA,1
1279,TTCTACGAGCTCCT,1
1280,TTCTGATGAACGAA,1
1281,TTGAGGTGACCCTC,1
1282,TTGCTATGTAGCGT,1
1283,TTGGAGACAGAGAT,1
1284,TTGGGAACCGAGTT,1
1285,TTGGGAACGGTTAC,2
1286,TTGGTACTAGCCTA,1
1287,TTGTCATGAGCGTT,1
1288,TTTCACGAGGCATT,1
1289,TTTCCAGACAGTTG,1
1290,TTTCTACTACACGT,1
1291,TTTCTACTCACTAG,1
1292,AAACATTGGCCAAT,2
1293,AAACGGCTTACAGC,1
1294,AAAGAGACGTCTTT,1
1295,AAAGCAGACGCATA,1
1296,AAAGCAGACTAGAC,1
1297,AAAGCAGAGGTTTG,1
1298,AAATCCCTTCACCC,1
1299,AAATTCGATGCTGA,1
1300,AAATTCGATTCTCA,1
1301,AAATTGACAGGGTG,1
1302,AACAAACTTACAGC,1
1303,AACATTGAACTCAG,1
1304,AACCGCCTAAGTAG,1
1305,AACCTTACGAGAGC,1
1306,AACCTTACGCCATA,1
1307,AACCTTTGGAGCAG,1
1308,AACGCAACTGACCA,1
1309,AACGCCCTTTAGGC,1
1310,AACGTGTGCCTCGT,1
1311,AACGTTCTTATCGG,1
1312,AAGAATCTCTGATG,1
1313,AAGACAGAGGACTT,1
1314,AAGAGATGTCGCTC,1
1315,AAGCGACTAGAGGC,1
1316,AAGGTCACGGTTCA,2
1317,AAGGTGCTAGCGTT,1
1318,AAGGTGCTTTCTCA,1
1319,AAGTCTCTAGCGGA,1
1320,AAGTTCCTAAAGTG,1
1321,AATACCCTGAAACA,1
1322,AATACTGACATGGT,1
1323,AATCCTTGCTTGGA,1
1324,AATCGGTGTTCTAC,1
1325,AATCTCTGTTCCCG,1
1326,AATGATACCCTGTC,1
1327,AATGCGTGCCCTAC,1
1328,AATGGCTGCTTAGG,1
1329,AATGGCTGGCTAAC,2
1330,AATGGCTGGGTTAC,1
1331,AATGGCTGTCAAGC,1
1332,AATGTAACGGAGCA,1
1333,AATTCCTGTGCCTC,1
1334,AATTCCTGTGTGCA,1
1335,AATTGATGTTCTGT,1
1336,AATTGTGACGAGAG,1
1337,ACAAAGGACACACA,1
1338,ACAACCGACTATGG,1
1339,ACAAGAGAGAATCC,1
1340,ACACAGACAAGTAG,1
1341,ACACAGACCTGACA,1
1342,ACACCCTGTGTGCA,2
1343,ACACGAACAGTTCG,1
1344,ACAGACACACGCAT,2
1345,ACAGCAACGAGCAG,1
1346,ACAGGTACACGACT,1
1347,ACAGTGTGGTTCTT,1
1348,ACATCACTCATGAC,1
1349,ACCACGCTCATTGG,1
1350,ACCAGTGACCAATG,1
1351,ACCCTCGATGTGCA,1
1352,ACCGTGCTAAACAG,2
1353,ACCTCCGAAGGTCT,1
1354,ACCTCCGAGCCATA,1
1355,ACCTCGTGATGGTC,1
1356,ACCTTTGAGCTATG,1
1357,ACGAACTGGCCAAT,1
1358,ACGACCCTACCTCC,1
1359,ACGACCCTCACACA,1
1360,ACGAGTACCTTCCG,1
1361,ACGATCGACTCATT,1
1362,ACGATGACCTGTAG-1,0
1363,ACGCCACTATGTCG,1
1364,ACGGAGGATTCCAT,1
1365,ACGGCGTGCCAACA,1
1366,ACGGTAACTGAGGG,1
1367,ACGTCAGAACTCTT,1
1368,ACGTCCTGCTCAGA,2
1369,ACGTTGGAAACAGA,1
1370,ACGTTTACCTATGG,1
1371,ACTCCCGATGTTTC,2
1372,ACTCCTCTTACGCA,1
1373,ACTCGCACGAGAGC,1
1374,ACTCTATGTAGCGT,1
1375,ACTCTATGTCGTTT,1
1376,ACTGAGACGGATCT,1
1377,ACTGGCCTGTTTGG,1
1378,ACTTAAGAAAGCCT,1
1379,ACTTCCCTGGTGGA,1
1380,AGAAACGATAACGC,1
1381,AGAAAGTGGTCATG,1
1382,AGAATACTGTGTAC,1
1383,AGACACACTCGCAA,1
1384,AGACTGACCTAGCA,1
1385,AGACTGACTTCCGC,1
1386,AGACTTCTATTGGC,1
1387,AGACTTCTTGCTTT,1
1388,AGAGTCTGAACGTC,1
1389,AGATCTCTCCTTGC,1
1390,AGCACAACCGAGAG,1
1391,AGCATCGAAAGTGA,1
1392,AGCATTCTGAGGTG,1
1393,AGCCGGACGTCTTT,1
1394,AGCCGGTGTAACCG,1
1395,AGCCTCACGAGGGT,1
1396,AGCCTCTGAGTCGT,1
1397,AGCGGGCTTTTCGT,1
1398,AGCGTAACGTGTAC,1
1399,AGCTCGCTGAGGTG,1
1400,AGGAACCTCCACCT,1
1401,AGGAATGAACCCAA,3
1402,AGGACTTGCTATGG,1
1403,AGGAGTCTCTTGGA,1
1404,AGGAGTCTGGTGAG,1
1405,AGGAGTCTTTATCC,1
1406,AGGATAGAAGTGCT,1
1407,AGGCCTCTAGTGTC,2
1408,AGGCTAACGAATAG,1
1409,AGGGCCACGCGAGA,1
1410,AGGGCGCTAGGAGC,1
1411,AGGGTTTGAGTGCT,1
1412,AGGGTTTGTTGACG,2
1413,AGTAATACCGGGAA,1
1414,AGTAATACTAAGCC,1
1415,AGTCGAACCAGAAA,1
1416,AGTCGAACCGCATA,1
1417,AGTCGAACCGGTAT,1
1418,AGTCGAACTGCCTC,1
1419,AGTCTTACGCGAAG,1
1420,AGTGACACCTTCGC,1
1421,AGTGACTGTCGCCT,1
1422,AGTTATGAAAGGGC,1
1423,AGTTCTACGAGCTT,1
1424,AGTTTAGACACCAA,1
1425,ATAACAACAGGTTC,1
1426,ATAAGTACACTAGC,2
1427,ATAATCGAGGACGA,1
1428,ATAATGACCTCGCT,1
1429,ATAATGACGCTTAG,1
1430,ATACAATGTGACAC,1
1431,ATACACCTCAGTTG,1
1432,ATAGATACCCTTCG,1
1433,ATAGTTGATGGTGT,1
1434,ATATACGATGCACA,2
1435,ATCAGGTGCTTTAC,1
1436,ATCAGGTGGAGGGT,1
1437,ATCAGGTGGCAGAG,1
1438,ATCAGGTGGCATAC,1
1439,ATCCATACTACTCT,1
1440,ATCGGTGATTGAGC,1
1441,ATCTCAACCGCATA,2
1442,ATCTTTCTAAGTAG,2
1443,ATCTTTCTCTACCC,1
1444,ATGCGCCTGCTACA,1
1445,ATGGTGACGCGAAG,1
1446,ATGTTCACGTGCAT,1
1447,ATTACCACCATCAG,1
1448,ATTACCTGGAAGGC,1
1449,ATTAGATGACCCAA,1
1450,ATTAGATGACCCTC,1
1451,ATTAGATGGCATAC,1
1452,ATTAGTGAGGACAG,1
1453,ATTAGTGAGTAAGA,2
1454,ATTCAGCTAAGGGC,1
1455,ATTCTGACAGCACT,1
1456,ATTCTGACCATGGT,1
1457,ATTGCTACGGGTGA,1
1458,ATTGTAGAATCACG,1
1459,ATTGTAGACTGAAC,1
1460,ATTTCCGATTATCC,1
1461,CAAAGCACCGTTGA,1
1462,CAAAGCACTCCGAA,1
1463,CAACGAACGTCTTT,1
1464,CAACGTGATTCGTT,1
1465,CAAGACTGCATGGT,1
1466,CAAGCATGACCAAC,1
1467,CAAGGACTACCATG,1
1468,CAAGTCGATACGCA,1
1469,CAAGTCGATCTTCA,1
1470,CAAGTTCTTCCAGA,1
1471,CAATAATGTATGCG,1
1472,CACAATCTGACGGA,1
1473,CACAGCCTACTGTG,1
1474,CACAGTGAACCTAG,1
1475,CACATGGAACGCAT,1
1476,CACCGGGAGAGACG,1
1477,CACCGTTGACGACT,1
1478,CACGACCTGGCATT,1
1479,CACGATGACTGAGT,1
1480,CACGCTACGTGCTA,2
1481,CACGGGTGTGCTCC,1
1482,CACTCTCTCTGTCC,1
1483,CACTTATGACGGAG,1
1484,CAGACCCTTGCCCT,1
1485,CAGCGTCTCTTCCG,1
1486,CAGCGTCTGGATCT,2
1487,CAGCTCTGCTGACA,1
1488,CAGTTGGACGAACT,1
1489,CAGTTTACTGCTTT,1
1490,CATAAATGACACCA,1
1491,CATAACCTAGAGTA,1
1492,CATGAGACCACTCC,1
1493,CATGAGACCTACGA,1
1494,CATGAGACGTTAGC,1
1495,CATGTTTGTCTAGG,1
1496,CATTACACGCTGAT,1
1497,CATTAGCTAAACGA,1
1498,CATTAGCTCTGCAA,1
1499,CATTGTACCCGTTC,1
1500,CATTGTACTGTGCA,1
1501,CATTTGACCTTGTT,1
1502,CCAAGATGTCTATC,2
1503,CCAATGGAACGTGT,1
1504,CCAATGGACCAACA,1
1505,CCACCATGTACTCT,1
1506,CCAGAAACGAACCT,1
1507,CCAGATGAGTTAGC,1
1508,CCAGCGGAACTCAG,3
1509,CCAGGTCTCAAAGA,1
1510,CCATGCTGACTCAG,1
1511,CCATGCTGCTTATC,1
1512,CCATTAACTAGCCA,1
1513,CCCAACACTTCTGT,1
1514,CCCAACTGCCATGA,2
1515,CCCAGACTGGGAGT,1
1516,CCCAGTTGTCACCC,2
1517,CCCATCGAGTACGT,1
1518,CCCGAACTCAAGCT,1
1519,CCCGATTGATCTCT,1
1520,CCCTGATGTTACTC,1
1521,CCGACTACGCAGTT,1
1522,CCTAAACTAGCGGA,1
1523,CCTAAGGAACGGTT,1
1524,CCTAAGGATGCCTC,1
1525,CCTATAACTTCGTT,1
1526,CCTCATCTACTGGT,1
1527,CGAAGTACCTATGG,1
1528,CGACCGGAGCGTAT,1
1529,CGACTCTGTCAGTG,1
1530,CGAGCCGAGGTGGA,1
1531,CGAGGAGAGTTTCT,1
1532,CGAGGCTGCATCAG,1
1533,CGATCAGACTGCAA,1
1534,CGCAACCTGTCGTA,1
1535,CGCACGGATCCGAA,1
1536,CGCACTTGCGTAAC,1
1537,CGCATAGATTGTGG,2
1538,CGCTACACGCCAAT,1
1539,CGCTACTGCTGGTA,1
1540,CGGAGGCTTCAGAC,1
1541,CGGCACGACCGTTC,1
1542,CGGCACGAGGTAAA,1
1543,CGGCATCTGGTAAA,1
1544,CGGCGAACACGGGA,1
1545,CGGTACCTTCGTGA,1
1546,CGTACAGATTCACT,1
1547,CGTACCACGAGACG,1
1548,CGTCAAGAGTCTTT,1
1549,CGTCCAACCCACCT,1
1550,CGTGAAACGATACC,1
1551,CGTGAATGGGTAAA,1
1552,CGTGATGACTCGAA,1
1553,CGTTAGGACGCATA,1
1554,CGTTATACTTTGGG,1
1555,CGTTTAACATCGAC,1
1556,CGTTTAACGAAACA,3
1557,CTAACGGAAGAGGC,1
1558,CTAATAGATGGTGT,1
1559,CTACCTCTGAGAGC,2
1560,CTACGCACACGGAG,1
1561,CTACGCACCTCCAC,1
1562,CTAGGATGCCTGTC,1
1563,CTATCAACAGGTCT,1
1564,CTATCAACTCGCCT,1
1565,CTATCCCTAACGTC,1
1566,CTATGTTGCCAACA,1
1567,CTATGTTGTCTTAC,1
1568,CTCAGAGACTGCTC,1
1569,CTCAGCACAGAGTA,1
1570,CTCAGGCTCTAGAC,1
1571,CTCCACGACGGTAT,1
1572,CTCGACTGGACAAA,1
1573,CTCGAGCTCTGTAG,1
1574,CTCTAAACCCGCTT,1
1575,CTGAATCTTGGTCA,2
1576,CTGACCACCCTTGC,1
1577,CTGATACTTTGCAG,2
1578,CTGGCACTTATCGG,1
1579,CTTACAACGACGGA,1
1580,CTTACATGTGCTTT,1
1581,CTTAGACTGCTAAC,1
1582,CTTAGGGAGGTGAG,1
1583,CTTGAGGAATCGAC,1
1584,CTTTAGTGGTTCTT,1
1585,GAAAGATGAAGAAC,1
1586,GAACAGCTGGGACA,2
1587,GAACAGCTTCTCGC,1
1588,GAACGTTGGTGTAC,1
1589,GAATGCTGGCTGAT,1
1590,GAATTAACTGCCCT,1
1591,GACATTCTGGAACG,1
1592,GACGATTGCTAAGC,1
1593,GACGCTCTTTGCAG,1
1594,GACGTAACGGATCT,2
1595,GACGTATGCCCACT,1
1596,GACTACGAAATCGC,1
1597,GACTGTGAGCAGTT,1
1598,GACTTTACGGCAAG,1
1599,GAGATGCTATACCG,1
1600,GAGCGAGAACCTTT,2
1601,GAGCGCTGTCTACT,1
1602,GAGCGGCTCTGACA,1
1603,GAGGGAACCCTTCG,1
1604,GAGGGCCTTGCCAA,1
1605,GAGTAAGACTGAGT,2
1606,GAGTAAGACTGCTC,1
1607,GAGTCAACGAGGGT,1
1608,GAGTCTGATGAGGG,1
1609,GAGTGACTGTCTGA,1
1610,GAGTGGGACGACAT,1
1611,GAGTGGGAGGACTT,1
1612,GATAAGGAACGTGT,1
1613,GATAATACGACGAG,1
1614,GATCCCTGCCGATA,1
1615,GATCCCTGGAGGGT,1
1616,GATCGTGAGGGAGT,1
1617,GATCTACTTAACGC,1
1618,GATGCCCTGCCCTT,2
1619,GATTCTTGGATAGA,1
1620,GATTTAGATCTCAT,2
1621,GCAATTCTCACACA,1
1622,GCACGGACCTCATT,1
1623,GCACGGACGCGTAT,1
1624,GCACGTCTCCCTTG,1
1625,GCAGCTCTAGCGGA,1
1626,GCAGGCACCTACTT,1
1627,GCAGGGCTATCTCT,1
1628,GCATTGGAAGAGGC,1
1629,GCCAACCTGCTGAT,1
1630,GCCATCACAGCACT,1
1631,GCCATCACTCCCAC,1
1632,GCCCAACTGCGTTA,1
1633,GCCGGAACATCACG,1
1634,GCCGGAACTTTGTC,1
1635,GCCTACACGCTGAT,1
1636,GCCTAGCTTAACGC,1
1637,GCCTCAACAAAGTG,1
1638,GCCTCATGGTGCAT,1
1639,GCCTGACTCACTAG,1
1640,GCGAGAGACCTCAC,1
1641,GCGATATGCAAGCT,1
1642,GCGCGAACTTCGGA,2
1643,GCGGCAACGGTGTT,1
1644,GCGGGACTTAAGGA,2
1645,GCGGGACTTGGAAA,2
1646,GCGGGACTTTACTC,1
1647,GCGTAATGGGGACA,1
1648,GCGTAATGGTAGCT,1
1649,GCTACCTGTGCCCT,1
1650,GCTACGCTGGGTGA,2
1651,GCTCACTGCGCATA,1
1652,GCTCGACTACTTTC,1
1653,GGAAGGACGGTACT,1
1654,GGACCGTGGAAAGT,1
1655,GGACCGTGTGAAGA,2
1656,GGACGCACCAGATC,1
1657,GGAGACGAGCTAAC,1
1658,GGAGACGATTGCAG,1
1659,GGATACTGTGATGC,1
1660,GGATTGTGGCGAAG,1
1661,GGATTGTGTCTTCA,1
1662,GGATTTCTGCGAGA,1
1663,GGCATATGTCCCGT,1
1664,GGCCAGACGCCTTC,1
1665,GGCCCAGAGGTACT,1
1666,GGCTACCTATGGTC,1
1667,GGGAAGTGGCCCTT,1
1668,GGGATTACAGTAGA,1
1669,GGGCCATGTGGTGT,1
1670,GGTAAAGACATGGT,1
1671,GGTAAAGAGCTAAC,1
1672,GGTACATGCTACCC,1
1673,GGTACATGTCCCAC,1
1674,GGTATGACAGTCGT,1
1675,GGTTGAACACGCTA,1
1676,GGTTGAACCTCAAG,1
1677,GGTTTACTAGAAGT,1
1678,GGTTTACTAGCAAA,1
1679,GGTTTACTATCGTG,2
1680,GTAAGCTGATCGGT,1
1681,GTAATAACAGATCC,1
1682,GTAATAACCCTCAC,1
1683,GTACAGTGGCAGTT,1
1684,GTACTTTGTGCTTT,1
1685,GTAGCATGCTAAGC,2
1686,GTAGCCCTATTCGG,1
1687,GTAGCCCTTAACGC,1
1688,GTAGCTGAGAACTC,1
1689,GTAGTCGATCGTTT,1
1690,GTAGTGTGGTATGC,1
1691,GTATGGTGAGTCGT,1
1692,GTATTAGATTCTCA,1
1693,GTCAATCTTCACCC,1
1694,GTCACCTGGTTGCA,1
1695,GTCACCTGTGTTTC,1
1696,GTCCCATGCCCTAC,1
1697,GTCGAATGAGGTTC,1
1698,GTCTGAGATCGCCT,1
1699,GTGAACACGACGAG,1
1700,GTGAACACTGCCCT,1
1701,GTGACAACGAGATA,1
1702,GTGACCCTGTCTGA,1
1703,GTGAGGGAGCTGTA,1
1704,GTGATCGACCCTTG,1
1705,GTGATCGATAACCG,1
1706,GTGCAAACACGTTG,1
1707,GTGCCACTCTCCCA,1
1708,GTGGATTGGCGGAA,1
1709,GTGTACGAGGACTT,2
1710,GTGTCAGAAAGCCT,1
1711,GTGTCAGAGTTGCA,1
1712,GTGTCAGATTACTC,1
1713,TAAATCGACCTATT,1
1714,TAACGTCTATGGTC,1
1715,TAACTCACCATTGG,1
1716,TAACTCACGGGAGT,1
1717,TAACTCACGTGAGG,1
1718,TAAGCGTGATCGAC,2
1719,TAAGGGCTACCAGT,1
1720,TAATCGCTCTCATT,1
1721,TAATGAACGCTGTA,1
1722,TAATGTGATGCACA,1
1723,TACACACTACTACG,1
1724,TACATCACCTGTCC,2
1725,TACATCACTGTGGT,1
1726,TACCGCTGTCCGAA,2
1727,TACGATCTAGCACT,1
1728,TACGCCACTAGAGA,1
1729,TACTACTGGCCTTC,1
1730,TACTTGACAGCGTT,1
1731,TAGAATTGCCAGTA,1
1732,TAGAGCACAAGCAA,1
1733,TAGCATCTACCTTT,1
1734,TAGCCCACCTCGAA,1
1735,TAGCCCTGACACCA,1
1736,TAGGAGCTGCGTAT,1
1737,TAGGCTGACTACTT,1
1738,TAGGCTGACTATGG,1
1739,TAGGTCGAATGACC,1
1740,TAGGTCGACGTAAC,1
1741,TAGGTCGAGATAAG,1
1742,TAGTATGACCTACC,1
1743,TAGTATGAGTCCTC,1
1744,TAGTTCACTTTGTC,1
1745,TATAAGTGCACTTT,1
1746,TATCAGCTTGCTCC,1
1747,TATCCTGACGAGAG,1
1748,TATCCTGACTACTT,2
1749,TATGGGTGTGACCA,1
1750,TATGGTCTACTACG,1
1751,TATGTCTGTCGCCT,2
1752,TCAAGGTGCTCAGA,1
1753,TCAATCACCTGTGA,1
1754,TCACCCGACGATAC,1
1755,TCACTATGGTTCGA,1
1756,TCAGTGGACTGCAA,1
1757,TCAGTGGAGAGCAG,1
1758,TCATCATGTTCGTT,1
1759,TCATTCGATCTAGG,1
1760,TCCAGAGACCCACT,1
1761,TCCATCCTATTGGC,2
1762,TCCCACGAGCAGTT,1
1763,TCCCGATGTAAGGA,1
1764,TCCTAAACCTTGGA,1
1765,TCCTATGATCCCGT,1
1766,TCGAGAACGGACGA,1
1767,TCGAGCCTACTACG,1
1768,TCGCACTGTCTCGC,1
1769,TCTGATACCTGAAC,1
1770,TCTTGATGGTCTTT,1
1771,TGAAATTGTGTCCC,1
1772,TGAAGCTGGTAAAG,1
1773,TGAATAACCTGGTA,1
1774,TGAATAACCTTATC,1
1775,TGACCGCTTAAAGG,1
1776,TGACTTACGTATGC,1
1777,TGAGACACTTCTCA,2
1778,TGATCGGAACCATG,1
1779,TGATTAGAAACGTC,1
1780,TGATTAGAGAAACA,2
1781,TGATTCTGGCTCCT,1
1782,TGCACAGATTGAGC,1
1783,TGCCCAACCTAGAC,1
1784,TGCGAAACAGACTC,1
1785,TGCGTAGAAACAGA,1
1786,TGGAGGGAAGTCAC,2
1787,TGGTACGACAGGAG,2
1788,TGGTTACTTCCTTA,1
1789,TGTAACCTCTGGTA,1
1790,TGTAATGATGAGCT,1
1791,TGTAGGTGATACCG,1
1792,TGTATGCTAGTGTC,1
1793,TGTGAGTGAGGTTC,1
1794,TTAACCACTTAGGC,1
1795,TTACTCGAAGGAGC,1
1796,TTAGGGACGTCTAG,1
1797,TTATTCCTTCCTCG,1
1798,TTCAAAGACTCGAA,1
1799,TTCATGTGCTAAGC,2
1800,TTCATGTGCTACTT,1
1801,TTCATGTGGCGTAT,1
1802,TTCCTAGATACGAC,1
1803,TTCGAGGATCTGGA,1
1804,TTCGATTGCCGTTC,1
1805,TTCTAGTGAGATGA,1
1806,TTCTTACTCCAGTA,1
1807,TTGCTAACCACTGA,1
1808,TTGCTATGTACTGG,2
1809,TTGGAGACGTGCTA,1
1810,TTGGGAACCTTACT,1
1811,TTGTACACGTGAGG,1
1812,TTGTCATGAGTAGA,1
1813,TTGTCATGGGTTAC,2
1814,TTTAGCTGGGTTAC,1
1815,TTTCAGTGACTCAG,1
1816,TTTCTACTGACGGA,1
1817,TTTGCATGTCCAGA,1
1818,ACACAGACCGCAAT,1
1819,ACCTGGCTTATTCC,2
1820,ACTGCCTGGCATAC,1
1821,AGTCCAGACTGACA,2
1822,ATGGGTACAGCGTT,1
1823,ATTACCTGCCTACC,1
1824,CACTAACTTCTTCA,1
1825,CCAGACCTCACACA,1
1826,CCGACTACCAGAGG,1
1827,GCAACTGATGCTGA,1
1828,GTATGGTGCGAGAG,1
1829,GTCAACGAGCCATA,2
1830,TAGTCTTGCGGGAA,1
1831,TCGAATCTCTCGCT,1
1832,TTGATCTGGGGTGA,1
1833,TTGCTAACAACCAC,1
1834,AACCCAGAACAGTC,1
1835,AATAAGCTCCCAAA,2
1836,ACACGATGTGACCA,1
1837,ACCACAGACATTCT,2
1838,AGAGTCTGGGTGGA,1
1839,AGGGACGAGAGAGC,1
1840,ATATGAACCTTACT,1
1841,ATTTCCGAGTCTAG,1
1842,CAGCCTACCCAGTA,1
1843,CCAAAGTGTACTCT,1
1844,CTAGAGACACCCTC,1
1845,CTGGCACTTCAGGT,1
1846,GAGGTGGAAGCATC,1
1847,GATCCGCTTGAGAA,1
1848,GCACAATGCTGGTA,1
1849,GCCCATACCGTCTC,1
1850,GGAGTTTGCCACCT,1
1851,GGAGTTTGGCATCA,1
1852,GGGCAAGAGGGATG,1
1853,GTCGAATGCAGAGG,1
1854,GTTGACGAGGGATG,1
1855,GTTGATCTCGTAAC,2
1856,TAGATCCTGTCATG,1
1857,TCCTATGATAAGGA,2
1858,TCTAGACTCGTTAG,1
1859,TTCGTATGATGTGC,1
1860,AAACATTGTGCTCC,1
1861,AAACCGTGGGTAGG,1
1862,AAAGACGAGCATCA,1
1863,AAAGAGACAACCAC,1
1864,AAAGAGACCAGCTA,1
1865,AAAGCAGATTGGTG,1
1866,AAAGTTTGCCTTAT,1
1867,AAATACTGTCCAGA,1
1868,AAATACTGTGAGCT,1
1869,AACAAACTCTTTAC,2
1870,AACACGTGCCTTTA,1
1871,AACACGTGTCCGTC,1
1872,AACCAGTGGCGAAG,1
1873,AACCAGTGTGGTAC,1
1874,AACCAGTGTTGCAG,1
1875,AACCCAGAGAGGGT,1
1876,AACCGATGTAGCGT,1
1877,AACCGCCTTAGAGA,1
1878,AACCGCCTTGTTTC,1
1879,AACGCAACTTTGGG,1
1880,AACGCATGGAGATA,1
1881,AACGCATGGGCAAG,1
1882,AACGCATGTAACCG,1
1883,AACGCCCTACACCA,1
1884,AACGTTCTCTAGAC,1
1885,AACGTTCTTCTCCG,1
1886,AACTACCTTTTCTG,1
1887,AACTCACTGAGAGC,1
1888,AACTCTTGGGAAGC,1
1889,AACTTGCTGCTGAT,1
1890,AAGAACGAACCTGA,1
1891,AAGAAGACCGTAGT,1
1892,AAGAAGACCTGGTA,2
1893,AAGACAGACCCGTT,1
1894,AAGAGATGAAGGTA,1
1895,AAGAGATGGAGGCA,1
1896,AAGCCAACAAACGA,2
1897,AAGCCATGGTAAAG,1
1898,AAGCCTGATGCTAG,1
1899,AAGCGACTACCACA,1
1900,AAGCGACTGAGGTG,1
1901,AAGCGTACAGTGCT,1
1902,AAGGCTACCTCGAA,1
1903,AAGGTGCTACTTTC,1
1904,AAGGTGCTAGTAGA,1
1905,AAGGTGCTATGACC,1
1906,AAGGTGCTCGCCTT,1
1907,AAGTAACTGCTCCT,1
1908,AAGTAGGAAAGTGA,1
1909,AAGTAGGAACCTCC,1
1910,AAGTAGGATCCGAA,1
1911,AAGTATACACCCAA,1
1912,AAGTGCACAGGCGA,1
1913,AAGTGCACCTGCTC,1
1914,AAGTGCACTGGTAC,1
1915,AAGTGGCTTAAAGG,1
1916,AAGTTCCTACGGAG,1
1917,AATAACACAACCTG,1
1918,AATAAGCTGCTGAT,2
1919,AATAAGCTTCCGTC,1
1920,AATACCCTCTAAGC,1
1921,AATACCCTTTTACC,1
1922,AATACTGAGAATCC,1
1923,AATAGGGAACCAGT,1
1924,AATAGGGAGGCGAA,1
1925,AATATCGATAGCCA,1
1926,AATATCGATTCGGA,1
1927,AATCAAACCGGAGA,1
1928,AATCAAACTTCCAT,1
1929,AATCTAGATAGAAG,1
1930,AATCTCACGTTGTG,1
1931,AATCTCTGCGGGAA,1
1932,AATCTCTGTCTATC,1
1933,AATGAGGACCCGTT,1
1934,AATGAGGAGCGTAT,1
1935,AATGATACCCCTTG,2
1936,AATGATACGGTGTT,1
1937,AATGGAGAACGTAC,1
1938,AATGGCTGGTTTCT,1
1939,AATGTAACTAGTCG,1
1940,AATTACGAGAAAGT,1
1941,AATTGATGCAACTG,1
1942,ACAAGCACCGCCTT,1
1943,ACAAGCACTATGCG,2
1944,ACAATCCTGGTCAT,1
1945,ACAATTGACTTCTA,1
1946,ACACAGACGCCTTC,1
1947,ACACATCTAACCTG,2
1948,ACACCAGATGACCA,1
1949,ACACCCTGGGTCAT,1
1950,ACACGTGAAAGGTA,1
1951,ACAGACACCAGTCA,2
1952,ACAGACACCTCGCT,2
1953,ACAGACACGGGAGT,1
1954,ACAGCAACAAAAGC,1
1955,ACAGTCGAACAGTC,1
1956,ACAGTCGAATTTCC,1
1957,ACAGTCGACGAGTT,1
1958,ACAGTCGATAGAAG,1
1959,ACAGTCGATCACCC,1
1960,ACAGTCGATTTGGG,2
1961,ACATACCTTGATGC,2
1962,ACATCACTGGCGAA,2
1963,ACATTCTGGGCATT,1
1964,ACCAACGAAGTGTC,1
1965,ACCACCTGGAACCT,1
1966,ACCAGCCTAGAGGC,2
1967,ACCAGCCTCTTGTT,1
1968,ACCATTACGGACAG,1
1969,ACCATTTGAGCTCA,1
1970,ACCATTTGGGCATT,1
1971,ACCATTTGGTACAC,1
1972,ACCCAAGAAGATGA,1
1973,ACCCACTGCCAACA,1
1974,ACCCACTGGACAAA,1
1975,ACCCAGCTGTACGT,1
1976,ACCCGTACCTCTTA,1
1977,ACCCGTACGTCTTT,1
1978,ACCCGTACGTTGTG,2
1979,ACCCGTTGTATTCC,1
1980,ACCGTGCTTCCAGA,1
1981,ACCTATTGGCATCA,1
1982,ACCTCCGACGTAGT,1
1983,ACCTCCGATCAGAC,1
1984,ACCTGGCTGAATAG,1
1985,ACGAACACTTCAGG,1
1986,ACGAAGCTTCCTGC,1
1987,ACGACCCTAAGCCT,1
1988,ACGACCCTAGCGTT,1
1989,ACGAGTACTACTCT,1
1990,ACGATCGAAACCAC,2
1991,ACGATCGAATGTGC,1
1992,ACGATCGACCTAAG,1
1993,ACGATGACTCCTCG,1
1994,ACGATTCTTGTAGC,1
1995,ACGCAATGGTTTCT,1
1996,ACGCCTTGTCGTAG,1
1997,ACGCTGCTAACAGA,1
1998,ACGGAGGAGGAAGC,1
1999,ACGGCTCTGAACCT,1
2000,ACGTAGACCGTGTA,1
2001,ACGTCCTGCTCTAT,1
2002,ACGTTACTGGTAAA,1
2003,ACGTTGGAAGAGTA,1
2004,ACGTTGGACCACCT,2
2005,ACGTTGGAGTGTAC,1
2006,ACTACGGATCCTAT,1
2007,ACTAGGTGTTGTCT,1
2008,ACTATCACCAGATC,1
2009,ACTATCACCCTGTC,1
2010,ACTATCACCGTAAC,1
2011,ACTCAGGATTCGCC,1
2012,ACTCCCGACCTACC,1
2013,ACTCGAGATCAGAC,2
2014,ACTCTCCTCTCCAC,1
2015,ACTGTGGAACACGT,1
2016,ACTGTTACAGTCGT,1
2017,ACTGTTACTGCAAC,1
2018,ACTTAGCTGCGAGA,1
2019,ACTTCAACACCACA,1
2020,ACTTCAACCATGAC,1
2021,ACTTGTACACCACA,1
2022,ACTTTGTGATTCTC,1
2023,ACTTTGTGCATGGT,1
2024,ACTTTGTGGAGGTG,1
2025,ACTTTGTGGGAACG,1
2026,AGAAACGAAAGGTA,1
2027,AGAAACGAGCAAGG,1
2028,AGAACAGAAGAGGC,1
2029,AGAAGATGAAAACG,1
2030,AGAAGATGATCGGT,1
2031,AGAAGATGTTTCTG,1
2032,AGAATGGAGGAAAT,1
2033,AGAATTTGCAAAGA,1
2034,AGAATTTGCGTAGT,2
2035,AGACACTGAACGAA,1
2036,AGACCTGATGACCA,1
2037,AGACTCGATGCCAA,1
2038,AGACTCGATTACTC,1
2039,AGAGAAACCAGTCA,1
2040,AGAGAATGAGAATG,1
2041,AGAGATGAGACGAG,2
2042,AGAGTCTGGTCACA,1
2043,AGATATACATTCCT,1
2044,AGATATACGCTATG,1
2045,AGATCGTGATCTTC,1
2046,AGATCGTGTGGATC,1
2047,AGATTAACAGACTC,1
2048,AGCAAAGATACGCA,1
2049,AGCAACACGGGATG,1
2050,AGCAAGCTTAAGGA,1
2051,AGCACTGAGTTCTT,1
2052,AGCATCGAAAGCAA,1
2053,AGCATCGAACTCTT,1
2054,AGCATCGACTGAAC,2
2055,AGCATCGAGTCGTA,1
2056,AGCATCGAGTTTCT,1
2057,AGCATCGATGACAC,1
2058,AGCCACCTCACCAA,1
2059,AGCCACCTTAGAGA,2
2060,AGCCGGTGCGGGAA,1
2061,AGCCGGTGGTCACA,1
2062,AGCGAACTTTTGGG,1
2063,AGCGCCGAAACTGC,2
2064,AGCGCTCTGTATCG,1
2065,AGCGGCACTCTCTA,1
2066,AGCGGCTGAGTCTG,1
2067,AGCGGCTGGACTAC,1
2068,AGCGGGCTTTGCAG,1
2069,AGCTCGCTGAGGCA,1
2070,AGCTGAACTGTCTT,1
2071,AGCTGCCTACACCA,1
2072,AGCTGTGACGCAAT,1
2073,AGGAAATGACGGAG,1
2074,AGGAAATGGACTAC,1
2075,AGGAAATGTGTAGC,1
2076,AGGAACCTAATCGC,1
2077,AGGACACTCCAATG,1
2078,AGGACTTGTAACGC,1
2079,AGGCAACTAATCGC,1
2080,AGGCAGGACTCAGA,1
2081,AGGCAGGATGTTCT,1
2082,AGGCCTCTGCTTAG,1
2083,AGGGCGCTCCTTAT,1
2084,AGGGTGGACACTGA,2
2085,AGGGTTTGATACCG,1
2086,AGGGTTTGCCCACT,1
2087,AGGGTTTGGAGCAG,1
2088,AGGGTTTGTGACTG,1
2089,AGGTACACGGAGCA,1
2090,AGGTACACTGCAGT,1
2091,AGGTACACTTTGCT,1
2092,AGGTACTGGATAGA,1
2093,AGGTCATGCTCTTA,1
2094,AGGTCATGGTTGTG,2
2095,AGGTTGTGCCGCTT,1
2096,AGTAATACGCAGAG,1
2097,AGTAATTGCAGTTG,1
2098,AGTACGTGCTGGTA,1
2099,AGTACGTGGAATAG,1
2100,AGTACGTGGTTGTG,1
2101,AGTAGAGACTGTGA,1
2102,AGTAGGCTATACCG,1
2103,AGTCACGAAGTCTG,1
2104,AGTCACGAATCTCT,1
2105,AGTCAGACCCTCGT,1
2106,AGTCAGACGTCATG,2
2107,AGTCGAACGTATGC,2
2108,AGTCTTACACCCTC,1
2109,AGTCTTACGTCGTA,2
2110,AGTGAAGACGCTAA,1
2111,AGTGACACGGAAAT,1
2112,AGTGACTGGGTGTT,1
2113,AGTGTTCTACCTCC,1
2114,AGTGTTCTGCTATG,1
2115,AGTTAAACGCTCCT,1
2116,AGTTAAACTAAGCC,1
2117,AGTTAAACTTCGCC,1
2118,AGTTATGACCAGTA,1
2119,AGTTCTACGTCATG,1
2120,AGTTCTTGGGTGGA,1
2121,AGTTGTCTACCCAA,1
2122,AGTTTGCTAGGTTC,1
2123,ATAACAACGACGTT,1
2124,ATAACAACTCGTTT,1
2125,ATAACATGGTAAGA,1
2126,ATAAGTTGAAGAGT,1
2127,ATAAGTTGCATGAC,1
2128,ATAAGTTGGGTTCA,1
2129,ATAAGTTGTGAGGG,1
2130,ATAAGTTGTTCGCC,1
2131,ATAATGACGCATCA,1
2132,ATACAATGGTTTGG,1
2133,ATACCACTAGCGTT,1
2134,ATACGTCTACTGTG,1
2135,ATACGTCTTGTTCT,1
2136,ATACTCTGATCTCT,1
2137,ATAGCCGAATACCG,1
2138,ATAGCGTGCCAAGT,1
2139,ATAGCGTGCCAGTA,1
2140,ATAGCGTGCCCTAC,1
2141,ATAGCTCTTCCCGT,1
2142,ATAGCTCTTCGACA,1
2143,ATATACGATGCACA-1,0
2144,ATATGCCTTTCTAC,1
2145,ATCAAATGAGTAGA,1
2146,ATCAAATGCATGCA,1
2147,ATCAAATGTTCCAT,2
2148,ATCAACCTCTAAGC,1
2149,ATCAACCTGAGGTG,1
2150,ATCACACTTTGGTG,1
2151,ATCACTTGGGGCAA,1
2152,ATCAGGTGAGTGTC,2
2153,ATCAGGTGTTTACC,1
2154,ATCATCTGTGCAGT,1
2155,ATCATGCTGAAGGC,1
2156,ATCCAGGAATCAGC,1
2157,ATCCAGGAATTTCC,1
2158,ATCCAGGATCTGGA,1
2159,ATCCGCACCATGGT,1
2160,ATCCTAACCATACG,2
2161,ATCCTAACGCTTCC,2
2162,ATCCTAACTTCACT,1
2163,ATCGACGAGGAGCA,1
2164,ATCGAGTGGAGATA,1
2165,ATCGAGTGGTCCTC,1
2166,ATCGCAGAGCTGAT,1
2167,ATCGCCACGCTGTA,1
2168,ATCGCCTGACAGTC,1
2169,ATCGCCTGCAGCTA,1
2170,ATCGCCTGTAACGC,1
2171,ATCGCGCTAATGCC,1
2172,ATCGGAACAAGAGT,1
2173,ATCGGAACCATCAG,1
2174,ATCGGTGAGAGCAG,1
2175,ATCGGTGAGTTCGA,1
2176,ATCTACTGTCTAGG,1
2177,ATCTGACTCTTTAC,1
2178,ATCTGACTTGAGAA,1
2179,ATCTGTTGTTGTGG,1
2180,ATCTTGACTACTTC,2
2181,ATGAAGGAGTCTAG,2
2182,ATGATATGATAAGG,1
2183,ATGATATGATTGGC,2
2184,ATGATATGCATTCT,1
2185,ATGCACGAGGACTT,1
2186,ATGCAGACACGGTT,1
2187,ATGCCAGAAGCGTT,1
2188,ATGCCGCTCTGACA,1
2189,ATGCGATGTGTGAC,1
2190,ATGCGCCTTGAAGA,1
2191,ATGGACACAGGTTC,1
2192,ATGGGTACGTCCTC,1
2193,ATGGTGACATAAGG,1
2194,ATGTCACTTATCTC,2
2195,ATGTCGGAACTCAG-1,0
2196,ATGTCGGACGCCTT,1
2197,ATGTCGGATCCAGA,1
2198,ATGTTAGAGTCGAT,1
2199,ATGTTCACCCGAAT,1
2200,ATGTTCACTACGCA,1
2201,ATGTTGCTCCCGTT,1
2202,ATTACCACATACCG,1
2203,ATTACCACTCTCGC,2
2204,ATTACCACTGTCTT,2
2205,ATTAGATGGCTTAG,1
2206,ATTAGTGACCTAAG,1
2207,ATTATGGACAAGCT,1
2208,ATTATGGATCAGAC,1
2209,ATTCAAGAGCTTAG,1
2210,ATTCAGCTCGCAAT,1
2211,ATTCCAACTTGACG,1
2212,ATTCCATGTGTCCC,1
2213,ATTCTTCTAACAGA,1
2214,ATTCTTCTGGCAAG,1
2215,ATTGAATGCTCGCT,1
2216,ATTGATGATTCAGG,1
2217,ATTGCTACTCTCCG,1
2218,ATTGGTCTACCTTT,1
2219,ATTGGTCTATGTCG,1
2220,ATTGGTCTTGGAGG,2
2221,ATTGTAGACATTCT,1
2222,ATTGTAGACCCTCA,1
2223,ATTGTAGAGGAGTG,1
2224,ATTGTAGATAGAAG,1
2225,ATTGTAGATTCTTG,2
2226,ATTGTCTGACAGCT,1
2227,ATTGTCTGGAGCAG,2
2228,ATTGTCTGTCCTGC,1
2229,ATTGTCTGTTTCAC,1
2230,ATTTAGGACTCAAG,1
2231,ATTTAGGAGTCGAT,1
2232,ATTTCCGATTCGGA,1
2233,ATTTCGTGACAGTC,1
2234,ATTTCGTGGCCAAT,1
2235,ATTTCTCTATTCGG,1
2236,ATTTGCACAAGATG,1
2237,ATTTGCACAGCACT,1
2238,ATTTGCACTCGCCT,1
2239,ATTTGCACTTTCTG,1
2240,CAAAGCACACACTG,1
2241,CAAATTGACTAGTG,2
2242,CAAATTGACTGCAA,1
2243,CAAATTGATGCCTC,1
2244,CAACCGCTACGTAC,1
2245,CAACCGCTAGCAAA,1
2246,CAACGTGACATGCA,1
2247,CAAGACACTTCCAT,1
2248,CAAGACTGCAGAGG,1
2249,CAAGACTGGGGCAA,1
2250,CAAGCTGATACTCT,1
2251,CAAGGACTCTGAAC,1
2252,CAAGGTTGCTGCTC,1
2253,CAATAAACACTGTG,1
2254,CAATAAACAGCCTA,1
2255,CAATATGAGCATCA,1
2256,CAATATGATGGAAA,1
2257,CAATTCTGGCTAAC,1
2258,CACAACGAAACCGT,1
2259,CACAACGAGGAGCA,1
2260,CACAGATGGAACTC,1
2261,CACAGATGGGACAG,2
2262,CACATACTAGGCGA,1
2263,CACATACTTTGAGC,1
2264,CACATGGATCCGAA,1
2265,CACCGTACCTTGTT,1
2266,CACGAAACACTGGT,1
2267,CACGATGAACGGTT,2
2268,CACGATGACGTAAC,1
2269,CACGCTACAGTCTG,1
2270,CACGCTACCTGTCC,1
2271,CACGGGACCCCTTG,1
2272,CACTCTCTGCTTCC,1
2273,CACTGCACATCACG,1
2274,CACTTAACTGGTGT,1
2275,CACTTATGACGTAC,1
2276,CAGAAGCTAACCTG,1
2277,CAGAAGCTAGCATC,1
2278,CAGAAGCTCACCAA,1
2279,CAGACAACCAGGAG,2
2280,CAGACATGCAATCG,1
2281,CAGACATGTGGTGT,1
2282,CAGAGGGATGCTAG,1
2283,CAGATCGATGTTCT,1
2284,CAGATGACGTCAAC,1
2285,CAGCAATGGACGAG,1
2286,CAGCAATGGAGACG,2
2287,CAGCACCTTGCAAC,1
2288,CAGCATGATGTCAG,1
2289,CAGCCTACCACTAG,1
2290,CAGCCTACCGGGAA,1
2291,CAGCCTACTTACCT,1
2292,CAGCCTACTTAGGC,1
2293,CAGCCTACTTGAGC,1
2294,CAGCGGACTGCCAA,1
2295,CAGCGTCTAAGATG,1
2296,CAGCGTCTTATGCG,1
2297,CAGCTCACTAGACC,1
2298,CAGGAACTGGAGGT,1
2299,CAGGAACTTAAGCC,1
2300,CAGGAACTTGGCAT,1
2301,CAGGGCACCTCTCG,1
2302,CAGTGATGATCGGT,1
2303,CAGTGATGTGAGGG,1
2304,CAGTGTGATCGTTT,1
2305,CATAAATGTATGCG,1
2306,CATAACCTTGATGC,1
2307,CATACTTGTTGAGC,1
2308,CATATAGAGTACAC,1
2309,CATCAACTCGTCTC,2
2310,CATCAGGAAAACGA,1
2311,CATCAGGAACACAC,1
2312,CATCAGGATTGAGC,1
2313,CATCGCTGAGTGTC,1
2314,CATCGCTGTTCCGC,1
2315,CATCTCCTAGGTTC,1
2316,CATCTTGACATGGT,1
2317,CATGCGCTACTGGT,1
2318,CATGGCCTTAGCGT,1
2319,CATGTTACGGGAGT,1
2320,CATTCCCTGTCACA,2
2321,CATTGTACAAAGCA,1
2322,CATTGTACATTCTC,1
2323,CATTTCGAACCACA,1
2324,CATTTGTGTAAAGG,1
2325,CCAAGTGAGATAGA,1
2326,CCAATTTGAAACGA,1
2327,CCACCATGGGCAAG,1
2328,CCACTGACAAACGA,1
2329,CCACTTCTACACCA,1
2330,CCACTTCTGTACGT,1
2331,CCACTTCTTGTCTT,1
2332,CCAGACCTAGAGAT,1
2333,CCAGACCTCACCAA,1
2334,CCAGATGAGTTTCT,1
2335,CCAGATGATGAGCT,1
2336,CCAGCGGACATGGT,1
2337,CCAGCGGAGGTATC,1
2338,CCAGCTACCATTGG,1
2339,CCAGCTACGGAAGC,2
2340,CCAGGTCTCTATTC,2
2341,CCAGTCACATTCTC,1
2342,CCAGTCACTGGAAA,1
2343,CCATAGGATGGATC,1
2344,CCATATACAAGTAG,1
2345,CCATATACGCAGTT,1
2346,CCATCCGAACGACT,1
2347,CCATCCGATCCAAG,1
2348,CCATGCTGATCAGC,1
2349,CCCAACACACCTAG,1
2350,CCCAGACTTATCTC,1
2351,CCCATCGAACACAC,1
2352,CCCGATTGAACGTC,1
2353,CCCGATTGTATCGG,1
2354,CCCGATTGTGCGTA,1
2355,CCCTACGACTATTC,1
2356,CCCTACGATGCTTT,2
2357,CCCTCAGAGTGCTA,1
2358,CCCTGATGTGTGCA,1
2359,CCCTGATGTTTGGG,1
2360,CCCTTACTTTCATC,1
2361,CCGACTACGGTGAG,1
2362,CCGATAGAACGTTG,1
2363,CCGCGAGATGCCAA,1
2364,CCGCTATGTGACTG,2
2365,CCGGAGTGACTTTC,1
2366,CCGGTACTCTCATT,1
2367,CCGTAAGAATGTGC,1
2368,CCTAAACTTGTGCA,1
2369,CCTACCGATGCTAG,1
2370,CCTAGAGAAGAATG,1
2371,CCTAGAGAAGCATC,1
2372,CCTAGAGACAGAAA,1
2373,CCTAGAGACGAGAG,1
2374,CCTCATCTGTTGAC,1
2375,CCTCGAACTCTGGA,1
2376,CCTCTACTAGTTCG,1
2377,CCTCTACTTCCCGT,1
2378,CCTGACTGAGCATC,1
2379,CCTGACTGGCAGTT,1
2380,CCTGACTGTGGAAA,1
2381,CCTGAGCTAGCTCA,1
2382,CCTGCAACCGATAC,1
2383,CCTTAATGTGCACA,1
2384,CCTTCACTAGTCGT,1
2385,CCTTTAGAATCAGC,1
2386,CCTTTAGAGGTATC,1
2387,CGAACATGATTCTC,1
2388,CGAAGACTCTTCCG,1
2389,CGAAGGGAGCTATG,1
2390,CGAAGGGAGTCTGA,2
2391,CGAAGGGATCGCAA,1
2392,CGAAGTACTTTACC,1
2393,CGACAAACACTCAG,1
2394,CGACAAACTGCGTA,1
2395,CGACCACTCCGAAT,1
2396,CGACCTTGACTACG,1
2397,CGACGTCTATCAGC,1
2398,CGACTCTGTGTTCT,1
2399,CGACTGCTCGAATC,1
2400,CGAGAACTTCCCGT,1
2401,CGAGATTGAAGGTA,1
2402,CGAGGAGACATACG,1
2403,CGAGGCTGCCTTGC,1
2404,CGATACGACTCATT,1
2405,CGATACGAGCTACA,1
2406,CGATACGAGGACGA,1
2407,CGATAGACCTACGA,1
2408,CGCAAATGCATGGT,1
2409,CGCAACCTGGACAG,1
2410,CGCACTACGGTAAA,1
2411,CGCACTTGCCTTGC,1
2412,CGCAGGACGTTACG,1
2413,CGCAGGACGTTCTT,1
2414,CGCATAGATGCCAA,1
2415,CGCCTAACAGTTCG,1
2416,CGCGAGACGAATAG,1
2417,CGCGGATGCCGAAT,1
2418,CGCTACACTTCCCG,1
2419,CGCTACTGAGCAAA,1
2420,CGCTCATGATCGGT,1
2421,CGCTCATGCCTAAG,1
2422,CGGAATTGGTATGC,1
2423,CGGACCGAAACTGC,1
2424,CGGACCGAAAGTGA,1
2425,CGGCACGAGCGTTA,1
2426,CGGCCAGACCTATT,1
2427,CGGGACTGTAAGGA,1
2428,CGGGCATGGCGTAT,1
2429,CGGGCATGGCTAAC,1
2430,CGGGCATGTAGCGT,1
2431,CGGTAAACCACTGA,1
2432,CGTAACGAACTCTT,1
2433,CGTACAGATAGCCA,2
2434,CGTACAGATTTCAC,1
2435,CGTACCACCCTCGT,1
2436,CGTCAAGAACCTTT,1
2437,CGTCAAGACTTGTT,1
2438,CGTCCAACATCGGT,1
2439,CGTCCAACCGTCTC,2
2440,CGTCCAACTTTCGT,2
2441,CGTCCATGAGCAAA,1
2442,CGTCGACTGGATCT,1
2443,CGTGAAACCCGTAA,3
2444,CGTGAAACCGCATA,1
2445,CGTGAAACTGTGGT,2
2446,CGTGATGACAGAAA,1
2447,CGTGCACTCACTAG,1
2448,CGTTAACTGCCAAT,1
2449,CGTTAGGATCTTCA,1
2450,CGTTTAACGAAGGC,1
2451,CTAACGGATTTGTC,1
2452,CTAAGGACCGAACT,1
2453,CTAAGGACTTCCGC,1
2454,CTAAGGTGCCGAAT,1
2455,CTAAGGTGGGTCAT,1
2456,CTAATAGAAACGAA,1
2457,CTAATAGACCTGTC,1
2458,CTACCTCTTCTATC,1
2459,CTACGGCTGCCAAT,1
2460,CTACTATGAGAAGT,1
2461,CTACTATGTGGAGG,1
2462,CTAGAGACTACAGC,1
2463,CTAGATCTGTTTGG,1
2464,CTAGGATGAGGTTC,1
2465,CTAGGCCTTGCCCT,1
2466,CTAGTTACACGGTT,1
2467,CTATCAACATCTCT,2
2468,CTATCAACTTGCGA,2
2469,CTATGACTAAAAGC,1
2470,CTATTGACCAGAGG,1
2471,CTATTGACCGGTAT,2
2472,CTATTGTGTAGCGT,1
2473,CTCAGCTGGAGCTT,1
2474,CTCCACGAGGAAAT,1
2475,CTCCATCTAGAGTA,1
2476,CTCCATCTGCTTAG,2
2477,CTCCGAACACTCAG,1
2478,CTCCGAACGTAAAG,1
2479,CTCCTACTCCGCTT,1
2480,CTCCTACTCTTCTA,1
2481,CTCGAAGAATCGAC,1
2482,CTCGAAGAGGACAG,1
2483,CTCGACTGGGAAGC,1
2484,CTCGCATGTGGAAA,1
2485,CTCTAAACTTCGTT,1
2486,CTGAAGTGAAGAAC,1
2487,CTGAATCTTCAAGC,2
2488,CTGAGAACTGACAC,2
2489,CTGATGGATAGCGT,1
2490,CTGATTTGCCTCGT,1
2491,CTGCCAACTCTCCG,2
2492,CTGGATGACCCGTT,1
2493,CTGGATGATCAGTG,1
2494,CTGTAACTCTCTTA,1
2495,CTGTATACTCAGAC,1
2496,CTGTGAGACGCTAA,1
2497,CTGTGAGAGTGTTG,1
2498,CTTAACACATGACC,1
2499,CTTAACACCGTAAC,1
2500,CTTACAACACCTCC,1
2501,CTTACATGTAGACC,1
2502,CTTAGACTATACCG,1
2503,CTTAGACTCCCTTG,2
2504,CTTAGACTTGGTTG,1
2505,CTTAGGGAGCTTCC,1
2506,CTTATCGATCAAGC,1
2507,CTTGAGGAAAAGCA,1
2508,CTTGTATGAACGTC,1
2509,CTTTACGATGTGCA,1
2510,CTTTCAGAACTGGT,1
2511,CTTTCAGAGTCGTA,2
2512,CTTTCAGAGTGTAC,1
2513,CTTTCAGATGCCAA,1
2514,GAAACCTGAGCATC,1
2515,GAAAGTGACCAATG,1
2516,GAAAGTGATGGAGG,1
2517,GAAAGTGATTGAGC,1
2518,GAAATACTGTATGC,1
2519,GAACACACCCCTCA,1
2520,GAACACACCTGGTA,1
2521,GAACAGCTGTGCAT,1
2522,GAACGTTGAAGCAA,1
2523,GAACGTTGCTTACT,1
2524,GAACTGTGGGTGGA,1
2525,GAAGAATGCCAATG,1
2526,GAAGATGATAGACC,2
2527,GAAGCGGACGGAGA,1
2528,GAAGCGGAGTTGAC,1
2529,GAAGCGGATGTCCC,1
2530,GAAGCTTGGTACAC,1
2531,GAAGCTTGTTAGGC,1
2532,GAAGTAGAGAGCAG,1
2533,GAAGTAGAGCAGAG,1
2534,GAAGTCTGAGACTC,1
2535,GAATGCACTGATGC,1
2536,GAATGCTGTCAGAC,1
2537,GAATGCTGTTACTC,1
2538,GAATGGCTCCTAAG,1
2539,GAATTAACAACTGC,1
2540,GACAACACCCGATA,1
2541,GACAGTTGACGGGA,1
2542,GACATTCTGTCTGA,1
2543,GACCATGAGCTGTA,1
2544,GACCCTACTGACAC,1
2545,GACCTAGACCCGTT,1
2546,GACCTCACACGGAG,1
2547,GACCTCACGGGATG,1
2548,GACGAACTCGACAT,1
2549,GACGAGGACATGCA,1
2550,GACGCTCTTCGACA,1
2551,GACGGCACGTAGCT,1
2552,GACGTATGACGGTT,1
2553,GACGTCCTAGTGTC,2
2554,GACGTCCTTATGCG,1
2555,GACGTCCTTGTAGC,1
2556,GACTGATGATACCG,1
2557,GACTTTACTCGTGA,1
2558,GAGAGGTGGAGCTT,1
2559,GAGATAGAAACGTC,1
2560,GAGATCACTGCTAG,1
2561,GAGCAGGAAAAACG,1
2562,GAGCAGGATAACGC,1
2563,GAGCGAGAGGCATT,1
2564,GAGCGCACGGGATG,1
2565,GAGGACGATCGTAG,1
2566,GAGGATCTGCCAAT,1
2567,GAGGCAGATATCGG,2
2568,GAGGGATGCGCATA,1
2569,GAGGGATGGAGGGT,1
2570,GAGGGATGGTTGGT,1
2571,GAGGGATGGTTTGG,1
2572,GAGGGCCTCGTGAT,1
2573,GAGGGTGAGCCAAT,1
2574,GAGGGTGAGTATCG,3
2575,GAGGTACTGAAAGT,1
2576,GAGGTGGATGCTCC,1
2577,GAGGTTACCCTCGT,1
2578,GAGGTTTGTGCACA,1
2579,GAGTAAGACTGAGT-1,0
2580,GAGTACACCAAGCT,1
2581,GAGTACTGGTAAGA,1
2582,GAGTCTGAGCGGAA,1
2583,GAGTGACTTCACGA,1
2584,GATACTCTCCATAG,1
2585,GATACTCTCTTTAC,1
2586,GATAGAGAGGCATT,1
2587,GATATAACACTCTT,1
2588,GATATAACCTTGAG,1
2589,GATATTGAGAGACG,1
2590,GATCCCTGTTATCC,1
2591,GATCGATGAGATCC,1
2592,GATCGATGTCCGAA,1
2593,GATCGTGACCCTAC,1
2594,GATCGTGAGGTAAA,1
2595,GATCTTACTGGAGG,1
2596,GATCTTTGTCTACT,2
2597,GATGACACACACTG,1
2598,GATGCAACCACTTT,2
2599,GATGCATGATCAGC,2
2600,GATGCCCTGTGTCA,1
2601,GATGCCCTTAGACC,1
2602,GATTACCTGGAGGT,1
2603,GATTCGGATCGACA,1
2604,GATTCTACAGAAGT,1
2605,GATTCTTGTTCTGT,3
2606,GATTGGACGATGAA,1
2607,GATTGGTGACCAAC,1
2608,GATTGGTGCACTAG,1
2609,GATTTGCTCAGATC,1
2610,GCAAACTGGTTGCA,1
2611,GCAAACTGTGGTCA,1
2612,GCAAACTGTTCACT,2
2613,GCAATCGAGCTCCT,1
2614,GCAATTCTAGTCAC,1
2615,GCAATTCTATACCG,1
2616,GCACAAACCTCGCT,1
2617,GCACAAACGCGTAT,1
2618,GCACAATGGCTCCT,1
2619,GCACCTACAGGTCT,1
2620,GCACCTTGTTCGGA,1
2621,GCACGGACATCACG,1
2622,GCACGGTGCCTTAT,1
2623,GCACGGTGGCCTTC,2
2624,GCACGTCTTTTACC,1
2625,GCACTAGAGCCATA,1
2626,GCACTAGATAGCCA,1
2627,GCACTGCTGTTGGT,1
2628,GCAGCGTGGAATAG,1
2629,GCAGCGTGTTTCTG,2
2630,GCAGCTCTTGCTTT,1
2631,GCAGGGCTGCTAAC,1
2632,GCAGTTGAGGTTAC,1
2633,GCATCAGAGTGTAC,1
2634,GCCACGGAGTTCTT,2
2635,GCCACTACCAGAGG,1
2636,GCCCAACTGAAACA,1
2637,GCCGTACTGACAAA,1
2638,GCCTCATGTCGTGA,1
2639,GCCTCATGTTTCGT,1
2640,GCGAGAGATATTCC,1
2641,GCGAGCACGAATGA,2
2642,GCGAGCACTGTTTC,1
2643,GCGCATCTGTTCGA,1
2644,GCGCGAACCCTTAT,2
2645,GCGCGATGAACGAA,1
2646,GCGGACTGAGGAGC,1
2647,GCGGACTGGTTTGG,1
2648,GCGGAGCTATTCCT,1
2649,GCGGAGCTGAGGCA,1
2650,GCGGCAACTCTCCG,1
2651,GCGTAAACAAGTGA,1
2652,GCGTAATGGAAACA,1
2653,GCGTAATGGGGTGA,1
2654,GCGTACCTATGTGC,1
2655,GCGTACCTCTACGA,1
2656,GCGTACCTTCCTGC,1
2657,GCTACAGAGGACTT,1
2658,GCTACCTGAAGGCG,1
2659,GCTAGATGGTTACG,1
2660,GCTCACTGGGATTC,1
2661,GCTCAGCTCTATGG,2
2662,GCTCAGCTGAAGGC,1
2663,GCTCGACTAGCACT,1
2664,GCTTGAGAAGGAGC,1
2665,GGAACTACAAAACG,2
2666,GGAACTTGGTCGTA,2
2667,GGAAGGTGCGAGAG,1
2668,GGAAGGTGGTGAGG,1
2669,GGAATCTGCATGAC,1
2670,GGAATGCTCGACAT,2
2671,GGACAACTACGGAG,1
2672,GGACAACTTAAGCC,1
2673,GGACATTGACTGGT,1
2674,GGACCCGACCCAAA,1
2675,GGACGAGAACCAAC,1
2676,GGACGCACGCATCA,1
2677,GGACGCTGTTCTGT,1
2678,GGACTATGGGTATC,1
2679,GGAGACGAGTTTCT,1
2680,GGAGAGACCCACCT,1
2681,GGAGAGACCTCAAG,1
2682,GGAGCAGAAGGTCT,1
2683,GGAGCCACACCTCC,1
2684,GGAGCCACCTTCCG,1
2685,GGAGCCACGGATCT,1
2686,GGAGCGCTAAACGA,1
2687,GGAGGTGAATGTCG,1
2688,GGAGTTACCCTATT,1
2689,GGAGTTACCGATAC,1
2690,GGATGTACCTGAAC,2
2691,GGATTTCTCCAAGT,2
2692,GGATTTCTTTACCT,1
2693,GGCCACGATCAAGC,1
2694,GGCCCAGAACGTGT,1
2695,GGCCCAGACCTTGC,1
2696,GGCCCAGATAGCCA,1
2697,GGCCGATGGTTGTG,2
2698,GGCGACACTCTCGC,1
2699,GGCGGACTATTTCC,1
2700,GGCTAAACTTACCT,1
2701,GGCTAATGCAGAGG,1
2702,GGCTCACTAGCGGA,1
2703,GGGAAGACTTCATC,1
2704,GGGAAGTGTAACCG,1
2705,GGGACCACGAGGCA,1
2706,GGGACCTGTTATCC,1
2707,GGGATTACAGCGTT,1
2708,GGGATTACTAGCCA,1
2709,GGGCAGCTGTTACG,1
2710,GGGCCAACATGGTC,1
2711,GGGCCAACTGCCAA,1
2712,GGGCCAACTGGTTG,1
2713,GGGCCATGAGTCTG,1
2714,GGGTAACTAAGCAA,2
2715,GGGTTAACACCATG,1
2716,GGGTTAACCACACA,1
2717,GGTACAACATTCGG,1
2718,GGTAGTACGGCATT,1
2719,GGTATCGAGAGACG,1
2720,GGTATGACTCAGAC,1
2721,GGTCAAACCGTGTA,1
2722,GGTCTAGACCATAG,1
2723,GGTGGAGAGTTAGC,1
2724,GTAACGTGACAGTC,1
2725,GTAATAACCGTGTA,1
2726,GTACCCTGGGATCT,1
2727,GTACTACTTCAGTG,2
2728,GTAGACTGACCTAG,2
2729,GTAGCAACTAAGCC,1
2730,GTAGCATGGCTAAC,1
2731,GTAGCATGTACTGG,1
2732,GTAGCCCTCATGCA,2
2733,GTAGCCCTTGTGAC,1
2734,GTAGCTGAATGCTG,2
2735,GTAGCTGAGCTTAG,1
2736,GTAGCTGAGGGCAA,1
2737,GTAGTGTGGATACC,1
2738,GTATCACTTTAGGC,1
2739,GTATCTACATTGGC,1
2740,GTATGGTGCTTCCG,1
2741,GTATTCACGATACC,2
2742,GTCAACGAGTATGC,1
2743,GTCACAGAGTTGAC,1
2744,GTCACCTGGTACGT,1
2745,GTCACCTGTACGCA,1
2746,GTCCAAGATCCAGA,1
2747,GTCCACTGCTCAAG,1
2748,GTCCCATGGTACGT,1
2749,GTCGCACTCCCAAA,2
2750,GTCGCACTTGACAC,1
2751,GTCTAGGAAGGTCT,1
2752,GTCTAGGAGGAACG,1
2753,GTGACAACTCCGAA,1
2754,GTGACCCTGGGACA,1
2755,GTGACCCTTCAGAC,1
2756,GTGAGGGATGCGTA,1
2757,GTGGAGGATTGCTT,1
2758,GTGGTAACTGTCGA,1
2759,GTGGTAACTTCTAC,1
2760,GTGTAGTGTACGAC,2
2761,GTGTATCTTACTTC,1
2762,GTGTATCTTAGCGT,1
2763,GTGTCAGACACACA,1
2764,GTGTGATGAGAGAT,1
2765,GTGTGATGCGGAGA,1
2766,GTGTGATGCTCCCA,1
2767,GTGTGATGGTTACG,1
2768,GTTAAAACGCGTTA,2
2769,GTTAAAACTGGCAT,2
2770,GTTAAATGTCGCTC,1
2771,GTTAACCTGTGCTA,1
2772,GTTACGGAGCCCTT,1
2773,GTTAGGTGGAGGCA,1
2774,GTTAGTCTACGTTG,1
2775,GTTATAGATTCTTG,1
2776,GTTCAACTATGTCG,2
2777,GTTCAGGAGTGCAT,2
2778,GTTGACGACAACTG,1
2779,GTTGACGATGCGTA,1
2780,GTTGGATGATGTCG,1
2781,GTTGTACTAAAGTG,2
2782,GTTGTACTCAGTTG,1
2783,TAAACAACGCCTTC,1
2784,TAAAGTTGCGTCTC,1
2785,TAAAGTTGTTCCAT,1
2786,TAAATCGAGTATGC,1
2787,TAAATCGATTGCAG,2
2788,TAACCGGAGCTCCT,1
2789,TAACGTCTTTCTAC,1
2790,TAACTCACCTACCC,1
2791,TAAGATACCCAATG,1
2792,TAAGATACGTAGCT,1
2793,TAAGATACTAAAGG,1
2794,TAAGCGTGACACCA,1
2795,TAAGCTCTCCACCT,1
2796,TAAGCTCTGGGATG,1
2797,TAAGGCTGTACAGC,1
2798,TAAGGCTGTGACTG,1
2799,TAAGGGCTAGGTCT,1
2800,TAAGGGCTCAAAGA,1
2801,TAAGTAACAGGCGA,1
2802,TACAATGATGTCTT,1
2803,TACAATGATTATCC,2
2804,TACACACTAGGAGC,1
2805,TACATAGAACGGTT,1
2806,TACATCACAGGTTC,1
2807,TACATCACCTGTCC-1,0
2808,TACCGCTGCGTAAC,1
2809,TACCGGCTGTGTCA,1
2810,TACGAGTGTGACCA,1
2811,TACGAGTGTGGTTG,1
2812,TACGATCTGAGAGC,1
2813,TACGCAGAGCCTTC,1
2814,TACGCGCTGCGATT,1
2815,TACGGAACCTGGAT,1
2816,TACGGAACTCGCAA,1
2817,TACTACACTGTCAG,2
2818,TACTACTGACAGCT,1
2819,TACTACTGGCGGAA,1
2820,TACTCAACTGTCTT,1
2821,TACTCTGAGGACGA,1
2822,TACTGGGATGGTAC,1
2823,TACTTGACACACCA,1
2824,TACTTGACATCTCT,1
2825,TACTTTCTACGGTT,1
2826,TACTTTCTGGTGAG,2
2827,TAGAATACCCTGTC,2
2828,TAGACGTGATCTTC,1
2829,TAGACGTGGCTGAT,1
2830,TAGACGTGGTATCG,1
2831,TAGAGAGAACACGT,1
2832,TAGATTGAACGTAC,1
2833,TAGATTGACTCGCT,1
2834,TAGCATCTCGACAT,2
2835,TAGCCCTGCCTACC,1
2836,TAGCCCTGCTTATC,1
2837,TAGCCGCTAGTGCT,1
2838,TAGCCGCTGGTACT,1
2839,TAGCCGCTGTACGT,1
2840,TAGCTACTCCCGTT,1
2841,TAGCTACTGAACTC,1
2842,TAGGACTGACACCA,1
2843,TAGGAGCTGCCTTC,1
2844,TAGGCATGCGAGTT,1
2845,TAGGCATGTCTTAC,2
2846,TAGGCTGAATGTCG,1
2847,TAGGGACTGTCATG,1
2848,TAGGTCGACCTCAC,1
2849,TAGGTCGAGGCGAA,1
2850,TAGGTGACTTGAGC,1
2851,TAGGTTCTCGACAT,1
2852,TAGTAAACCATGCA,2
2853,TAGTAATGGACGTT,1
2854,TAGTAATGTTTCAC,2
2855,TAGTACCTACTGTG,2
2856,TAGTACCTTTGGTG,2
2857,TAGTATGAGATAGA,3
2858,TAGTCACTGTGTCA,1
2859,TAGTTAGATACGAC,1
2860,TAGTTAGATGCACA,1
2861,TATAAGACACACGT,1
2862,TATAAGACGAGGAC,1
2863,TATAAGACTACTTC,1
2864,TATAGATGCTACGA,1
2865,TATAGCCTAGTCAC,2
2866,TATCCAACACGCAT,1
2867,TATCCAACTGCTTT,1
2868,TATCCTGAAGCATC,1
2869,TATCTCGACTTGGA,1
2870,TATCTGACTGCAGT,1
2871,TATCTTCTCGCCTT,1
2872,TATGCGGAAACCAC,3
2873,TATGGGACCCCAAA,1
2874,TATGGGTGCCGAAT,1
2875,TATGGGTGGCTTCC,1
2876,TATGGTCTATCGTG,2
2877,TATGGTCTTACAGC,2
2878,TATGTCACAGATGA,2
2879,TATGTCTGAAGGCG,1
2880,TATTGCTGCTCCCA,1
2881,TCAACACTTATTCC,1
2882,TCAACACTTCACCC,1
2883,TCAAGGTGCTTGGA,1
2884,TCAAGGTGGGTTAC,1
2885,TCAAGGTGTCAAGC,1
2886,TCACAACTAGAATG,1
2887,TCACCCGATGTCCC,1
2888,TCACCCGATTCATC-1,0
2889,TCACCTCTTACTTC,1
2890,TCACGAGAACTCTT,2
2891,TCACGAGAGATAAG,1
2892,TCAGAGACCTCGAA,1
2893,TCAGAGACGTTGTG,1
2894,TCAGCAGAATCGTG,1
2895,TCAGCAGAATGCTG,1
2896,TCAGCAGATTAGGC,1
2897,TCAGGATGCACTCC,1
2898,TCAGTGGATGCCTC,1
2899,TCAGTTACGACGTT,1
2900,TCAGTTACGACTAC,1
2901,TCATCAACGATAAG,1
2902,TCATCATGGGCGAA,1
2903,TCATCCCTCTTGTT,1
2904,TCATCCCTTGATGC,1
2905,TCATGTACATAAGG,1
2906,TCATGTACTTTGTC,1
2907,TCCACGTGGTTCGA,1
2908,TCCACGTGTATCTC,1
2909,TCCACTCTACCAAC,1
2910,TCCAGAGATCGCTC,1
2911,TCCCACGAGGGTGA,1
2912,TCCCACGATCTGGA,1
2913,TCCCAGACGAGGAC,1
2914,TCCCAGACGGTCTA,1
2915,TCCCATCTAAGTGA,1
2916,TCCCGAACTCGCTC,1
2917,TCCGAAGACCCGTT,2
2918,TCCGAGCTCAAGCT,1
2919,TCCGAGCTGGTATC,1
2920,TCCTAAACAGGGTG,1
2921,TCCTAATGTACTTC,1
2922,TCGAATCTGGATCT,1
2923,TCGAATCTGTTGTG,1
2924,TCGACCTGCTATTC,1
2925,TCGATTTGACACTG,2
2926,TCGCAAGAGATAAG,1
2927,TCGCAGCTTTCTAC,2
2928,TCGCCATGCCGTTC,1
2929,TCGGTAGAAACGGG,1
2930,TCGGTAGACGTAAC,1
2931,TCGGTAGACGTACA,1
2932,TCGTAGGATGAGCT,1
2933,TCGTGAGACTCGAA,1
2934,TCGTTATGGATAGA,2
2935,TCTAAGCTCACAAC,1
2936,TCTAAGCTCTTTAC,1
2937,TCTAAGCTGTTCTT,1
2938,TCTAAGCTTTCTCA,2
2939,TCTAGACTAAGGCG,1
2940,TCTAGACTGTGTCA,1
2941,TCTATGTGAGAATG,1
2942,TCTCAAACGCATAC,1
2943,TCTCCACTCTTCTA,1
2944,TCTTACGAAACCTG-1,0
2945,TCTTACGACATTCT,3
2946,TCTTGATGAAAGTG,1
2947,TGAAATTGATAAGG,1
2948,TGAACCGAAGGTCT,1
2949,TGAACCGAGTTGTG,1
2950,TGAAGCTGTTCATC,1
2951,TGACCGCTATCAGC,1
2952,TGACTTACGTGTAC,1
2953,TGACTTTGATCGTG,1
2954,TGAGACACCGGAGA,1
2955,TGAGCTGAGGTGAG,1
2956,TGAGGTACCTAGAC,1
2957,TGATCGGAACCAAC,1
2958,TGATCGGACTTGAG,2
2959,TGATCGGATCCTTA,1
2960,TGATTAGAAAAGCA,1
2961,TGATTCACAGTAGA,2
2962,TGATTCTGTTGAGC,1
2963,TGCAACGAATTTCC,1
2964,TGCAACGATGTGCA,1
2965,TGCATGGACATGAC,1
2966,TGCATGGATGACCA,1
2967,TGCCAAGAGTGCTA,1
2968,TGCCAGCTGATGAA,1
2969,TGCCAGCTGTTGAC,1
2970,TGCCAGCTTCAGGT,2
2971,TGCCCAACCCTGAA,1
2972,TGCCCAACTACGAC,1
2973,TGCCGACTACAGTC,1
2974,TGCGATGACCAGTA,1
2975,TGCGCACTATGGTC,2
2976,TGCGCACTCAACCA,2
2977,TGCGCACTCCCGTT,1
2978,TGCGTAGAGTTGCA,1
2979,TGCTAGGATCATTC,1
2980,TGCTATACACTACG,2
2981,TGCTATACGGGCAA,1
2982,TGCTTAACGAAGGC,1
2983,TGGAAGCTCCTTAT,1
2984,TGGACCCTTACTCT,1
2985,TGGAGACTATTGGC,1
2986,TGGAGGGAAGAAGT,1
2987,TGGATGACAACGGG,1
2988,TGGATGTGAACGTC,1
2989,TGGGTATGCTATTC,1
2990,TGGTACGACCTATT,1
2991,TGGTACGAGTGTCA,3
2992,TGGTAGTGTCCCAC,1
2993,TGGTCAGAGATGAA,1
2994,TGTAAAACGGTTAC,1
2995,TGTAAAACGTATGC,1
2996,TGTAACCTTAGTCG,1
2997,TGTAATGAACGACT,1
2998,TGTAATGATTACTC,1
2999,TGTAGGTGTGGAAA,1
3000,TGTATCTGTCATTC,1
3001,TGTATGCTACGACT,1
3002,TGTATGCTGGTACT,1
3003,TGTCTAACTCCTAT,1
3004,TGTGACGACTTACT,1
3005,TGTTACACTTCCGC,1
3006,TGTTACTGTGTCTT,1
3007,TTACACACGGAGTG,2
3008,TTACCATGCTCTCG,3
3009,TTACCATGGTAAAG,1
3010,TTACGACTCGAGTT,1
3011,TTACGACTTGTGAC,1
3012,TTACGTACTGCTTT,1
3013,TTACTCGACTCAGA,1
3014,TTAGAATGGGTGTT,1
3015,TTAGACCTCTGAGT,2
3016,TTAGCTACGAATAG,1
3017,TTAGGGTGCTTGGA,1
3018,TTAGGTCTCGATAC,1
3019,TTAGGTCTTTCAGG,1
3020,TTAGTCACTCATTC,1
3021,TTAGTCTGAAGTAG,2
3022,TTATGAGAAGGCGA,1
3023,TTATGAGACCCGTT,1
3024,TTATGAGACCCTCA,1
3025,TTCAACACATAAGG,1
3026,TTCAACACTATGGC,1
3027,TTCACAACCTCAGA,1
3028,TTCACAACGTGCTA,1
3029,TTCACAACTTTGCT,1
3030,TTCAGTACGGTCAT,1
3031,TTCAGTTGACCAAC,1
3032,TTCAGTTGACGACT,1
3033,TTCATCGACATGCA,2
3034,TTCATCGATTAGGC,1
3035,TTCATGTGCCCTAC,2
3036,TTCCAAACAGCAAA,1
3037,TTCCAAACCATGAC,1
3038,TTCCAAACGGTGTT,1
3039,TTCCATGAAGTTCG,1
3040,TTCCATGAATGCCA,1
3041,TTCCCACTCTTCCG,1
3042,TTCGAGGAGAATCC,1
3043,TTCGATTGGGATCT,2
3044,TTCGATTGTCCTAT,1
3045,TTCGGAGACTCCAC,1
3046,TTCGGAGATGGGAG,1
3047,TTCTACGAGACTAC,1
3048,TTCTCAGAAGATCC,1
3049,TTCTCAGATCCTCG,1
3050,TTCTGATGAGAATG,1
3051,TTGAACCTTGTTTC,1
3052,TTGACACTGTGCAT,1
3053,TTGAGGTGACACGT,1
3054,TTGAGGTGCCTAAG,1
3055,TTGCTAACGTTGTG,2
3056,TTGCTATGTCTTTG,1
3057,TTGGTACTATTCCT,1
3058,TTGTACACCTTTAC,1
3059,TTGTACACTATCTC,1
3060,TTTAGCTGTATGGC,1
3061,TTTATCCTACTCTT,1
3062,TTTATCCTTAGACC,1
3063,TTTCAGTGACACGT,2
3064,TTTCAGTGGGTAAA,1
3065,TTTCCAGACTTCGC,1
3066,TTTCCAGATTAGGC,1
3067,TTTGACTGCGTGAT,2
3068,TTTGCATGCTGAGT,2
3069,TTTGCATGTCAAGC,1
3070,AAACATTGGACGAG,1
3071,AAACGCTGCCGAAT,1
3072,AAAGACGAAGACTC,1
3073,AAAGACGATACTGG,1
3074,AAAGCAGACCGATA,1
3075,AAAGGCCTGAATGA,1
3076,AAATCTGAGCCATA,1
3077,AAATGGGACAACCA,1
3078,AAATGGGAGACAAA,1
3079,AAATTCGATTTGCT,1
3080,AACACGTGGCAAGG,2
3081,AACAGAGAGAAGGC,1
3082,AACATATGCTGTCC,1
3083,AACCCAGATCTTCA,1
3084,AACCGCCTTTCCGC,1
3085,AACCTTTGTACGAC,1
3086,AACGGTTGCGCTAA,1
3087,AACGTCGAATTGGC,1
3088,AACGTTCTGCAGAG,1
3089,AACTCGGAAGCGTT,1
3090,AACTCGGACTAGTG,3
3091,AAGAACGAAGAACA,1
3092,AAGAAGACAAGAAC,1
3093,AAGAGATGGCTTCC,2
3094,AAGCGACTTTGACG,1
3095,AAGTATACTGTCCC,1
3096,AAGTCTCTATCAGC,1
3097,AATACCCTAGATCC,1
3098,AATACTGAAAGGCG,1
3099,AATCAAACCACCAA,1
3100,AATCCGGACTGGAT,1
3101,AATCTCACCTCTAT,2
3102,AATCTCACGTTTGG,1
3103,AATCTCTGCGGAGA,1
3104,AATGAGGACTCCCA,1
3105,AATGTCCTATTCGG,1
3106,AATTACGACCGAAT,1
3107,ACAATTGAGACGTT,1
3108,ACAATTGATTGAGC,1
3109,ACACATCTTGTGCA,1
3110,ACACCCTGTTGCAG,1
3111,ACACGAACGAGGCA,1
3112,ACACGTGAATTCCT,1
3113,ACACGTGAGGTTAC,1
3114,ACAGGTACACGGGA,1
3115,ACAGGTACCCTTTA,1
3116,ACAGTGTGTGAGAA,1
3117,ACATACCTACCTTT,1
3118,ACCACAGAGGCGAA,1
3119,ACCACCTGACGACT,1
3120,ACCACCTGTCGACA,2
3121,ACCATTTGTAACGC,1
3122,ACCCAAGATTTCTG,1
3123,ACCCGTACCATGGT,1
3124,ACCCGTACGAGCAG,1
3125,ACCCGTACTATCTC,2
3126,ACCCGTTGTCAGAC,1
3127,ACCGTGCTACACAC,1
3128,ACCTCCGATGTCGA,1
3129,ACCTCGTGCGAGTT,1
3130,ACCTGGCTCCAAGT,1
3131,ACCTGGCTTCCTTA,1
3132,ACCTTTGATGAACC,1
3133,ACGAAGCTCAAAGA,1
3134,ACGACCCTACCAAC,1
3135,ACGATCGATCATTC,1
3136,ACGATGACACTGTG,1
3137,ACGATGACCGTTGA,1
3138,ACGATTCTAGTACC,1
3139,ACGCACCTGGTAGG,1
3140,ACGCACCTTCTGGA,1
3141,ACGCCACTCTAGAC,1
3142,ACGCCACTTACTTC,2
3143,ACGCCACTTGAACC,1
3144,ACGCCTTGTAAAGG,1
3145,ACGCTGCTACCATG,1
3146,ACGGAACTCATGCA,1
3147,ACGGAACTTTGGTG,1
3148,ACGGAGGACCTTTA,1
3149,ACGGATTGTGGAAA,1
3150,ACGGGAGAGGTGAG,1
3151,ACGGTCCTACAGCT,1
3152,ACGTCAGAGGTTTG,1
3153,ACGTCAGAGTTTGG,1
3154,ACTACTACACACCA,1
3155,ACTCGCACTGCTAG,1
3156,ACTCTATGCTAGTG,1
3157,ACTCTCCTAACGAA,1
3158,ACTCTCCTTAAAGG,1
3159,ACTGCCTGTAAAGG,1
3160,ACTGGCCTCCAATG,1
3161,ACTTCAACTTTGGG,1
3162,AGAACAGAACGTAC,1
3163,AGAAGATGCTAAGC,1
3164,AGAATACTAGTAGA,1
3165,AGACTCGATCCTAT,1
3166,AGACTGACGTTCAG,1
3167,AGACTTCTACTCAG,2
3168,AGAGAATGATCGTG,1
3169,AGAGCGGATTCTCA,2
3170,AGAGCTACGAGGTG,1
3171,AGAGTCTGCCAAGT,1
3172,AGATATACTGTAGC,1
3173,AGATATACTTCTGT,1
3174,AGATATTGCTTGGA,1
3175,AGATTAACCTTCTA,1
3176,AGATTAACGAAAGT,1
3177,AGATTCCTGTTCAG,1
3178,AGCACAACTCTCTA,1
3179,AGCATTCTCAACCA,1
3180,AGCCACCTATGGTC,1
3181,AGCCACCTTAGTCG,1
3182,AGCGATACTGCTCC,1
3183,AGCGTAACCAACCA,1
3184,AGCGTAACGGTAGG,1
3185,AGCTGAACATGTCG,1
3186,AGCTGCCTGTAAGA,1
3187,AGCTGTGATCACCC,2
3188,AGCTTACTCGAATC,1
3189,AGCTTTACCCTTCG,1
3190,AGGACTTGATTCGG-1,0
3191,AGGTACTGCGACTA,1
3192,AGGTTCGAGCAGAG,1
3193,AGGTTGTGCATTGG,1
3194,AGGTTGTGGTCGAT,1
3195,AGTAATTGGCGTAT,2
3196,AGTAGAGAATCAGC,1
3197,AGTATAACTTTGGG,1
3198,AGTCAGACGAGGGT,1
3199,AGTCAGACTCTTTG,1
3200,AGTCGCCTGTTTCT,1
3201,AGTCTACTGTGTAC,1
3202,AGTGACTGTTTCGT,1
3203,AGTGTTCTTGGTTG,2
3204,AGTTGTCTTCAGTG,1
3205,AGTTTCACGGACTT,2
3206,ATAACATGTGTTTC,1
3207,ATACAATGCCTCGT,1
3208,ATACCACTCTGCTC,1
3209,ATACCTTGGCAGAG,1
3210,ATACCTTGTTCCGC,1
3211,ATACTCTGCACTAG,1
3212,ATACTCTGCTGAGT,1
3213,ATACTCTGGGACTT,1
3214,ATAGATTGAGCCAT,1
3215,ATAGTCCTGTTCTT,1
3216,ATATGAACCTTATC,1
3217,ATCAAATGAGGAGC,1
3218,ATCAACCTCCTGAA,1
3219,ATCAGGTGCTGAAC,1
3220,ATCCAGGAACGGGA,1
3221,ATCCATACCCCTTG,1
3222,ATCCCGTGACGTGT,1
3223,ATCGAGTGGTCTGA,1
3224,ATCGCAGAAAACAG,1
3225,ATCGCAGAGCTCCT,3
3226,ATCGCCTGTGTCTT,2
3227,ATCGGAACGGGTGA,1
3228,ATCGTTTGACGTTG,1
3229,ATCTTGACGGACGA,1
3230,ATGCAGACCCAAGT,1
3231,ATGCCAGAGGCAAG,1
3232,ATGCGCCTCTTGCC,1
3233,ATGTTAGACTCGCT,1
3234,ATGTTCACACGGGA,1
3235,ATTAACGATAAAGG,1
3236,ATTAACGATACAGC,1
3237,ATTAAGACTTCGGA,1
3238,ATTACCACATTTCC,1
3239,ATTCCAACTGGTCA,1
3240,ATTCCAACTTCGCC,1
3241,ATTCCATGTTTCAC,1
3242,ATTGAATGACGTAC,1
3243,ATTGCACTGGGCAA,2
3244,ATTGGTCTTCATTC,1
3245,ATTTAGGACCAAGT,1
3246,ATTTCGTGTCAGTG,1
3247,ATTTGCACTGACCA,3
3248,CAAAGCTGGCATCA,1
3249,CAACAGACAGATCC,1
3250,CAACCGCTCGCATA,1
3251,CAAGAAGAGTAGCT,1
3252,CAAGACTGATGACC,1
3253,CAAGACTGGTTCTT,1
3254,CAAGCATGCAAAGA,1
3255,CAAGCATGGGGAGT,1
3256,CAAGCTGAACGTTG,1
3257,CAATCGGAACGTAC,1
3258,CAATTCACCGAGAG,1
3259,CACCCATGAATCGC,1
3260,CACCCATGTCAGGT,1
3261,CACCGGGAGGTTAC,2
3262,CACTAGGAAGGCGA,1
3263,CACTAGGAGTCTAG,1
3264,CACTCCGAGGCATT,1
3265,CACTCTCTCGACTA,1
3266,CACTTTGATTATCC,1
3267,CAGACAACAAGAGT,1
3268,CAGACTGAGGGAGT,1
3269,CAGATCGAATTGGC,1
3270,CAGATCGATCTGGA,1
3271,CAGCATGAACCCAA,1
3272,CAGCATGACTGCAA,1
3273,CAGGAACTTCTCAT,1
3274,CATCAGGAACTACG,1
3275,CATCGCTGGAAAGT,1
3276,CATGCCACTAAGGA,1
3277,CATGCGCTGGTGAG,2
3278,CATGGATGCATTTC,1
3279,CATGTACTTACTTC,2
3280,CATTGACTGTTCAG,2
3281,CATTGGGATGTTTC,1
3282,CATTGTACAAACGA,1
3283,CATTTGTGGAACTC,1
3284,CATTTGTGGGGAGT,1
3285,CCAACCTGTGCCTC,1
3286,CCACCATGGTCGAT,1
3287,CCACCTGAGTTTCT,1
3288,CCACGGGACGACTA,1
3289,CCACTGTGTTTGTC,1
3290,CCACTTCTATCGTG,1
3291,CCAGACCTTGACTG,1
3292,CCAGCGGAGTAGGG,1
3293,CCAGGTCTCAGAGG,1
3294,CCAGTGCTGCAAGG,1
3295,CCATGCTGTGCTTT,1
3296,CCCAACACTCTTCA,2
3297,CCCACATGGCGTTA,2
3298,CCCATCGAAGGTCT,1
3299,CCCATCGAGAATAG,1
3300,CCCATCGATGCAGT,1
3301,CCCATGTGGTCACA,1
3302,CCCGGAGAACCTGA,1
3303,CCCTAGTGACAGCT,1
3304,CCCTAGTGGAGACG,1
3305,CCCTCAGATTACTC-1,0
3306,CCCTTACTGCAAGG,1
3307,CCGACACTAACCGT,1
3308,CCGCTATGTGGTAC,1
3309,CCGTAAGAACCAGT,1
3310,CCGTAAGACTTCCG,1
3311,CCGTACACGGAAAT,1
3312,CCTACCGACACTGA,1
3313,CCTAGAGACCAATG,1
3314,CCTATAACAACGGG,2
3315,CCTCATCTCATGGT,1
3316,CCTCGAACGGGATG,1
3317,CCTGACTGACCTCC,1
3318,CCTTAATGCTATTC,1
3319,CCTTTAGAACTGTG,1
3320,CCTTTAGAGCTTCC,1
3321,CCTTTAGAGTAAAG,1
3322,CCTTTAGATGGAGG,1
3323,CGAAGTACTTCAGG,1
3324,CGACCACTACTAGC,1
3325,CGACTCACCAACCA,1
3326,CGACTGCTTGATGC,1
3327,CGACTGCTTGTTCT,1
3328,CGAGATTGCCTCCA,1
3329,CGAGATTGGACGGA,1
3330,CGAGATTGTCCTTA,1
3331,CGATAGACTGTAGC,1
3332,CGATCCACGAGGCA,2
3333,CGATCCACTTCCAT,2
3334,CGCAAATGCTGCAA,1
3335,CGCAAATGGGTCAT,1
3336,CGCAGGACCTTCTA,1
3337,CGCCATACGCGGAA,1
3338,CGCCATTGCAGTCA,1
3339,CGCCTAACGACTAC,1
3340,CGCCTAACTTCGTT,2
3341,CGGAATTGTTAGGC,1
3342,CGGATATGTCACCC,1
3343,CGGCCAGAACACAC,1
3344,CGGCCAGACATTCT,1
3345,CGGCGAACGGTGTT,1
3346,CGTAACGAACGCAT,1
3347,CGTAGCCTCCGAAT,1
3348,CGTGAATGTGCTCC,1
3349,CGTGATGAAGGTTC,1
3350,CGTGTAGAACTACG,1
3351,CTAAACCTGAATGA,2
3352,CTAACACTAGGTTC,1
3353,CTAACGGAACCTAG,1
3354,CTAACGGATGTCCC,1
3355,CTAACTACCGCTAA,1
3356,CTACCTCTTAGCCA,1
3357,CTAGATCTCCCACT,1
3358,CTAGTTACCAACTG,1
3359,CTATGACTCCAAGT,1
3360,CTATGACTTGAAGA,1
3361,CTCAATTGTAAGGA,1
3362,CTCAGGCTTAGCGT,1
3363,CTCCACGACTTCCG,1
3364,CTCGACTGGGTAGG,1
3365,CTCGCATGCCAACA,1
3366,CTGAACGAGGTTAC,1
3367,CTGAACGATTCATC,1
3368,CTGAAGACTGAAGA,1
3369,CTGAGAACCTTGCC,1
3370,CTGAGCCTCGGAGA,1
3371,CTGAGCCTGTAGGG,1
3372,CTGATGGAACCTGA,1
3373,CTGATTTGTATGGC,1
3374,CTGCAGCTAAGCAA,3
3375,CTGTATACACTGTG,1
3376,CTGTATACCTAGCA,1
3377,CTGTGAGAGCCAAT,1
3378,CTTAAAGAATCTCT,1
3379,CTTAAGCTAGCTCA,1
3380,CTTACAACGTCATG,1
3381,CTTACATGCCGTTC,1
3382,CTTAGACTTGAACC,1
3383,CTTATCGAAGGTTC,1
3384,CTTCTAGAGAACCT,1
3385,CTTGTATGTGCCAA,1
3386,GAAAGCCTGTACCA,1
3387,GAACACACTATTCC,2
3388,GAACAGCTTCTACT,1
3389,GAACCAACGGTTTG,1
3390,GAACCTGACCTTCG,1
3391,GAAGAATGCCACAA,1
3392,GAAGAATGTTCCAT,1
3393,GAAGGGTGGTCCTC,1
3394,GAAGTGCTGAACTC,1
3395,GAATGCACGTGCAT,1
3396,GACAGGGACAGCTA,1
3397,GACCTCACTCGTGA,1
3398,GACGGCACAGAGTA,1
3399,GACGTATGTAAAGG,1
3400,GACGTATGTCAGTG,2
3401,GACGTCCTGTTAGC,1
3402,GACTACGAGACTAC,1
3403,GAGAAATGTTGCAG,1
3404,GAGATAGAGTAGCT,2
3405,GAGATCACCCTTGC,1
3406,GAGATGCTTGCCAA,1
3407,GAGATGCTTTGCAG,1
3408,GAGCGAGATGCCAA,1
3409,GAGCTCCTTTCGTT,1
3410,GAGGGTGAAACAGA,1
3411,GAGGTACTATCTTC,1
3412,GAGTGACTAACCTG,1
3413,GAGTTGTGCATGGT,2
3414,GATAGAGATTTCGT,1
3415,GATAGCACGGACAG,1
3416,GATATAACCATTCT,1
3417,GATATCCTGCATCA,1
3418,GATATTGAATCTTC,1
3419,GATCTTACTGAGCT,1
3420,GATGCCCTTGGGAG,1
3421,GATTCGGAGGACGA,1
3422,GATTCGGAGGTGTT,1
3423,GATTTGCTAAGCCT,1
3424,GCAAACTGAACCAC,1
3425,GCAAACTGGTACCA,1
3426,GCAACTGAGACGAG,1
3427,GCAATCGAAACTGC,1
3428,GCAATCGACTTGAG,1
3429,GCACCTTGCCTATT,1
3430,GCACCTTGTGACCA,1
3431,GCACGGTGACGGTT,1
3432,GCACGTCTGGTACT,1
3433,GCACTAGACTCATT,1
3434,GCAGATACCCTCGT,1
3435,GCAGGGCTCCCTCA,1
3436,GCAGTTGACATGGT,1
3437,GCATCAGAGGGACA,1
3438,GCATCAGATATCTC,1
3439,GCATGTGATGTCCC,1
3440,GCATTGGATTCTTG,1
3441,GCCAAATGCTCCCA,1
3442,GCCACTACGTGCTA,1
3443,GCCATCACAGTGTC,1
3444,GCCATCACTTCCAT,1
3445,GCCATGCTATGTCG,1
3446,GCCGTACTGACAGG,1
3447,GCCTCAACAGGAGC,1
3448,GCCTCAACTTCGCC,1
3449,GCCTCATGAACCGT,1
3450,GCGACTCTTAGAAG,1
3451,GCGTAATGCTCTAT,1
3452,GCTATACTCTGTGA,1
3453,GCTCGACTTTTCGT,1
3454,GCTTAACTACCACA,2
3455,GCTTGAGACTTACT,1
3456,GGAATGCTCTCCCA,1
3457,GGAATGCTGTAGCT,1
3458,GGACCGTGGTAAGA,1
3459,GGACGAGACATTTC,1
3460,GGACGCACCCTTGC,1
3461,GGACTATGTCTTTG,1
3462,GGAGCCACTTATCC,1
3463,GGAGTTTGATGTGC,1
3464,GGATACTGTGAGCT,1
3465,GGATTTCTGTACGT,1
3466,GGCCAGACGGAAAT,2
3467,GGCCCAGAGCTACA,1
3468,GGCCGAACTGGTCA,1
3469,GGCGACTGGTGCTA,1
3470,GGCGGACTGATGAA,1
3471,GGGAACGATGATGC,1
3472,GGGACCACTCTTTG,1
3473,GGGACCTGGTATCG,1
3474,GGGATTACCCTCCA,1
3475,GGGCCAACCTGCAA,1
3476,GGGTTAACCTGTAG,1
3477,GGTACATGTGTCCC,1
3478,GGTCAAACAATCGC,1
3479,GGTGATACCTTGCC,1
3480,GTAAGCACAGAGAT,1
3481,GTAAGCACCAACCA,2
3482,GTAAGCACCTGAGT,1
3483,GTACTACTCGTGAT,1
3484,GTACTTTGCAGAGG,1
3485,GTATTCACTGCCCT,1
3486,GTCACAGATCAAGC,1
3487,GTCACCTGAAGGCG,2
3488,GTCATACTTAGAAG,1
3489,GTCCACACAAGTAG,1
3490,GTCCACACTTGTCT,1
3491,GTCCACTGTTGGCA,1
3492,GTCCAGCTTTGCAG,1
3493,GTCCAGCTTTGGCA,1
3494,GTCGCACTATCGGT,1
3495,GTCTGAGAAACCTG,1
3496,GTGAGGGAGTTAGC,1
3497,GTGAGGGATGCATG,1
3498,GTGCTAGAGTGTTG,2
3499,GTGGAGGAGGTAGG,1
3500,GTGGATTGAACCAC,1
3501,GTGGATTGAATGCC,1
3502,GTGTATCTTCGTAG,1
3503,GTGTCAGATGAGCT,1
3504,GTGTGATGGATAAG,1
3505,GTTACGGAACCCTC,1
3506,GTTAGGTGTAAGCC,1
3507,GTTAGGTGTCTTCA,1
3508,GTTGACGATCTCAT,1
3509,TAAACAACAGAGAT,1
3510,TAAAGACTCAAGCT,2
3511,TAACCGGAAACGTC,1
3512,TAACGTCTGCAAGG,1
3513,TAACTCACAGCTCA,2
3514,TAAGATTGTAAGCC,1
3515,TAAGCGTGTCGCCT,1
3516,TAAGCTCTCCTCAC,1
3517,TAAGCTCTGTACGT,1
3518,TAAGCTCTTGCGTA,1
3519,TAAGTAACAAGAAC,1
3520,TACAAATGAGAGGC,1
3521,TACACACTACCAGT,1
3522,TACCATTGGGAACG,1
3523,TACCATTGTCTGGA,1
3524,TACCGCTGGGAACG,2
3525,TACCGGCTCTAGAC,1
3526,TACGAGTGCGATAC,1
3527,TACGCGCTGTCACA,1
3528,TACTACTGCAGAGG,1
3529,TACTCAACGTCAAC,1
3530,TACTTGACGAACCT,1
3531,TACTTGACGGTATC,1
3532,TAGACGTGTGCAGT,1
3533,TAGATCCTTGCTTT,1
3534,TAGCATCTACTAGC,1
3535,TAGCATCTTTTGTC,1
3536,TAGCCCTGGCTATG,1
3537,TAGCCGCTACCTTT,1
3538,TAGCCGCTTGCATG,1
3539,TAGGACTGTATGGC,1
3540,TAGGGACTCTTCGC,1
3541,TAGGTCGAACCAAC,1
3542,TAGTAATGACAGTC,1
3543,TAGTAATGACCTGA,1
3544,TAGTAATGTGGTCA,1
3545,TAGTACCTGGTGTT,1
3546,TAGTCACTCAGTTG,1
3547,TAGTCACTGACTAC,1
3548,TAGTGGTGTCTACT,1
3549,TATACAGATCCAAG,1
3550,TATAGATGCCGTAA,1
3551,TATCACTGCAGCTA,1
3552,TATCTCGAGGGATG,1
3553,TATGAATGGCGAAG,1
3554,TATTTCCTATCACG,1
3555,TCACAACTGAGGCA,2
3556,TCACCGTGAGTCTG,1
3557,TCACCGTGGGATTC,1
3558,TCAGCAGACCCACT,1
3559,TCAGCGCTATGGTC,1
3560,TCATGTACACCATG,1
3561,TCATTCGAGGAACG,1
3562,TCCACGTGTCAGGT,2
3563,TCCCTACTGAGGAC,1
3564,TCGATTTGTCTTAC,1
3565,TCGCAAGAAACCAC,1
3566,TCGCACTGCGTCTC,1
3567,TCGGACCTATCAGC,1
3568,TCGTAGGATGGATC,1
3569,TCGTGAGACCTCCA,1
3570,TCTAACTGACGGAG,1
3571,TCTAAGCTGCTATG,1
3572,TCTAGTTGGCTACA,1
3573,TCTCAAACCAGATC,1
3574,TCTGATACGGATTC,1
3575,TCTTACGAGCAGAG,1
3576,TCTTACGATAGTCG,1
3577,TCTTGATGCCTCGT,1
3578,TGACACGATTCTAC,1
3579,TGACCAGAGAAAGT,1
3580,TGACCGCTTGTGAC,1
3581,TGACTTACCCTTGC,1
3582,TGAGACACCCGAAT,1
3583,TGAGTGACTAGTCG,1
3584,TGATAAACGGTCTA,2
3585,TGATACCTGCGGAA,1
3586,TGATCGGAATGCTG,1
3587,TGATTAGATATGGC,1
3588,TGCCACTGTTTGTC,1
3589,TGCCAGCTTCAGGT-1,0
3590,TGCCGACTCTGGAT,1
3591,TGCGTAGATCTACT,1
3592,TGGAACACTCACGA,1
3593,TGGATGTGGAGACG,1
3594,TGGATGTGGTAAGA,1
3595,TGTAATGAGGCAAG,1
3596,TGTACTTGGGTACT,1
3597,TGTAGTCTAGTGTC,1
3598,TGTATCTGACTCTT,1
3599,TGTATCTGGAGGTG,1
3600,TGTGATCTGAAAGT,1
3601,TTACACACCAACTG,1
3602,TTACCATGCTTCGC,1
3603,TTACCATGGAGGCA,1
3604,TTACTCGAGGACGA,1
3605,TTAGAATGTGGAAA,1
3606,TTAGGTCTTCCTTA,1
3607,TTAGTCTGATCGAC,1
3608,TTCACCCTAGCTAC,1
3609,TTCACCCTTCGCAA,1
3610,TTCATCGAAGGTTC,1
3611,TTCATCGACGAGAG,1
3612,TTCATCGACTTGCC,2
3613,TTCATTCTGAGGAC,1
3614,TTCCATGACTTGCC,1
3615,TTCCCACTCTGTCC,1
3616,TTCCCACTTTTGTC,1
3617,TTCGAGGATTATCC,1
3618,TTCTGATGTGGAAA,1
3619,TTCTTACTTCCGAA,1
3620,TTGACACTCACTAG,1
3621,TTGAGGTGCAAGCT,1
3622,TTGCTATGGTACCA,3
3623,TTGTCATGTCTCCG,1
3624,TTTAGAGATCATTC,1
3625,TTTATCCTTAGCGT,1
3626,TTTCCAGACTGGAT,1
3627,AAACGCTGGTCTTT,1
3628,AAAGATCTCCAGTA,1
3629,AAAGCCTGACTGGT,1
3630,AAAGTTTGTTTGCT,1
3631,AAATTCGAAGCCTA,1
3632,AAATTCGACATACG,1
3633,AACACTCTAGTAGA,1
3634,AACATATGCACTAG,1
3635,AACCAGTGCGCTAA,1
3636,AACCCAGACTGCAA,1
3637,AAGAAGACCGATAC,1
3638,AAGCCATGTATGGC,1
3639,AAGTCCGATATCTC,1
3640,AAGTCTCTCTTTAC,2
3641,AAGTGCACAGGAGC,1
3642,AATAGGGACCCTCA,1
3643,AATCCTACACCAAC,2
3644,ACAAGAGACACTGA,1
3645,ACAATAACCACTTT,2
3646,ACACCAGAAAGTAG,1
3647,ACACCAGAGAAACA,1
3648,ACAGACACCATGGT,1
3649,ACCAGTGATTTGTC,1
3650,ACCGCGGACCTTAT,2
3651,ACCTCCGAGTATCG,1
3652,ACCTCCGATCAGTG,1
3653,ACGACAACAAAAGC,1
3654,ACGACCCTTGGAAA,1
3655,ACGCCTTGGTTACG,1
3656,ACGGTCCTTGGATC,2
3657,ACGTCCTGCTCCAC,1
3658,ACGTCCTGTTCAGG,1
3659,ACGTCGCTGTTACG,1
3660,ACGTGATGAAGTAG,1
3661,ACTGCCTGCTCCCA,1
3662,ACTGTGGAGTGTCA,1
3663,ACTGTTACTGGCAT,1
3664,ACTTAGCTCTGTAG,1
3665,ACTTAGCTGAATCC,1
3666,ACTTCTGAGTGTTG,1
3667,AGAACAGAATGTCG,2
3668,AGAGTGCTTTTGGG,1
3669,AGATCGTGAAAAGC,1
3670,AGATCTCTAACGTC,1
3671,AGCCAATGCCATGA,1
3672,AGCCGGACTGTGCA,1
3673,AGCCGTCTGGAGTG,1
3674,AGCCTCACCGCCTT,1
3675,AGCCTCACCTATGG,1
3676,AGCGCCGATGGCAT,1
3677,AGCTGAACCTTCTA,1
3678,AGGACACTAGAGGC,1
3679,AGGCAACTCTTGAG,1
3680,AGGCAGGATTCACT,1
3681,AGGCCTCTCAACCA,1
3682,AGGGAGTGTCAAGC,1
3683,AGGGCGCTAAGAAC,1
3684,AGGGCGCTGTCGAT,1
3685,AGGTCTGAAGTAGA,1
3686,AGTATCCTGTACGT,1
3687,AGTCGCCTTGTCGA,1
3688,AGTCTACTGCTGTA,1
3689,AGTTATGAAGCTAC,1
3690,AGTTTCACTCAGAC,3
3691,AGTTTGCTGGTTTG,1
3692,ATACCGGATGGGAG,1
3693,ATACCGGATTTCAC,1
3694,ATAGCGTGCGTAGT,1
3695,ATAGGAGATAGCGT,2
3696,ATAGGCTGCTAAGC,1
3697,ATATAGTGGTTCTT,1
3698,ATCAAATGGTTACG,1
3699,ATCAACCTCAGATC,1
3700,ATCACGGAGTTTCT,1
3701,ATCAGGTGCTATTC,1
3702,ATCGCCACGGAGTG,1
3703,ATCGCCTGCCCAAA,1
3704,ATGATATGATTCCT,1
3705,ATGGTGACCACAAC,1
3706,ATTACCACCCTAAG,1
3707,ATTACCTGGTAGGG,1
3708,ATTATGGACTTGCC,1
3709,ATTGCTTGTTGAGC,1
3710,ATTTCCGATAACGC,1
3711,ATTTGCACTCAGGT,1
3712,CAACAGACCCGTTC,1
3713,CAACGAACTCCGAA,1
3714,CAACGTGAGGTGGA,1
3715,CAAGACACGATGAA,1
3716,CAAGACACTTCTGT,1
3717,CAAGTCGATCTCCG,1
3718,CAATGGACGGTGAG,1
3719,CACACCTGGGTATC,1
3720,CACCACTGCTGACA,1
3721,CACCTGACAGAAGT,1
3722,CACCTGACGAGCAG,1
3723,CACGACCTCTGAGT,1
3724,CACGATGAGTCATG,1
3725,CACGCTACACGGTT,1
3726,CACTATACGGACTT,1
3727,CAGATCGAACCATG,1
3728,CAGCACCTACCAAC,1
3729,CATATAGAACCACA,1
3730,CATCAGGAGCGAAG,1
3731,CATCCCGAGTCATG,1
3732,CATCTCCTACCACA,1
3733,CATCTCCTGCTTCC,1
3734,CATGCGCTTGGTAC,1
3735,CATTCCCTGCTATG,1
3736,CATTTGACCTCAGA,1
3737,CATTTGTGGGCAAG,1
3738,CATTTGTGTGCACA,1
3739,CCAAGTGAGGTTCA,1
3740,CCAGACCTATTCCT,1
3741,CCAGCTACTGGATC,1
3742,CCAGTCACCTCCCA,2
3743,CCCAGTTGTGCACA,1
3744,CCCATCGATAGACC,1
3745,CCCGAACTGTCTGA,1
3746,CCGATAGACCATAG,1
3747,CCGCGAGACTGGTA,1
3748,CCGTAAGACTTTAC,1
3749,CCGTACACGGTTAC,1
3750,CCTAAGGAACAGTC,1
3751,CCTATAACATTTCC,1
3752,CCTATTGATGAGGG,1
3753,CGACCTACAGATGA,1
3754,CGACTGCTTTGGTG,1
3755,CGAGCCGAGTTGCA,1
3756,CGCCATACAGCTCA,1
3757,CGCCTAACCGTAGT,1
3758,CGCTAAGAAGAGAT,1
3759,CGGCATCTACGTTG,1
3760,CGGCGATGTCATTC,1
3761,CGGTAAACTTGGCA,1
3762,CGTACCACAAAAGC,1
3763,CGTGCACTAGGGTG,2
3764,CTAAACCTTTGTCT,1
3765,CTAACTACACACTG,1
3766,CTAATAGAGTACAC,1
3767,CTACTATGAGTGTC,1
3768,CTATCATGATCTTC,1
3769,CTATGACTTGCACA,1
3770,CTATGTTGTACAGC,1
3771,CTCAATTGCATTCT,1
3772,CTCAATTGCCCTCA,1
3773,CTCATTGACTGGAT,1
3774,CTCGAAGAGGTGAG,1
3775,CTCGACTGCTTCTA,1
3776,CTGAAGACGAGGCA,1
3777,CTGACAGACCCTTG,1
3778,CTGCGACTTGTCTT,1
3779,CTTAACACCTGTTT,2
3780,CTTACATGTTGCGA,1
3781,CTTAGACTTTGTGG,2
3782,CTTCATGAGCTTCC,1
3783,CTTGTATGTAGAAG,1
3784,CTTTACGACACCAA,1
3785,CTTTGATGACCGAT,1
3786,GAAACCTGCGAACT,1
3787,GAAATACTTTGGCA,1
3788,GAACCAACCTGCAA,2
3789,GAACCTGAGGAAGC,1
3790,GAAGAATGCGGGAA,1
3791,GACACTGAAGAATG,1
3792,GACAGGGAAAGAGT,1
3793,GACAGTACCCTCCA,1
3794,GACAGTACCTCCAC,1
3795,GACAGTTGCTTGGA,1
3796,GACAGTTGGAAGGC,2
3797,GACCTAGATGGTGT,1
3798,GACCTCACGAGGCA,1
3799,GACGATTGGGACAG,1
3800,GACTCCTGTACGAC,1
3801,GAGATCACGTATCG,1
3802,GAGATCACGTCAAC,1
3803,GAGCAGGAGAGGAC,1
3804,GAGGGAACAGAAGT,1
3805,GAGGGCCTCTGAGT,1
3806,GAGGTTACGTCACA,1
3807,GAGTAAGATGTTTC,1
3808,GAGTGACTTGCAAC,1
3809,GAGTGGGAAGGTCT,1
3810,GAGTGGGACTGAGT,1
3811,GATACTCTGTAGGG,1
3812,GATAGAGAGATACC,1
3813,GATATAACCTTTAC,1
3814,GATCCCTGCGTAAC,1
3815,GATCGAACTAAGCC,1
3816,GATCTACTCAGCTA,1
3817,GATCTACTTAGCGT,1
3818,GATGACACGGTATC,1
3819,GATTGGTGAACTGC,1
3820,GCACACCTGAATAG,1
3821,GCACCTTGATCGAC,1
3822,GCACGGTGCGAATC,1
3823,GCAGCGTGCCTGAA,2
3824,GCAGCTCTAAGGTA,1
3825,GCATGTGAAAGATG,2
3826,GCCAAATGCGTACA,1
3827,GCCCAGGATGTGGT,1
3828,GCGCACGATAGAAG,2
3829,GCGCATCTATTGGC,1
3830,GCGGACTGCGTGAT,1
3831,GCTCACTGGACAGG,1
3832,GCTGATGATCGATG,1
3833,GCTTAACTAAAGCA,1
3834,GGAATCTGCCTGTC,2
3835,GGAATCTGGTAAGA,1
3836,GGACAGGAGTTGAC,1
3837,GGACGCACGTAGGG,1
3838,GGAGACGAAGAGAT,1
3839,GGAGGCCTGGACAG,1
3840,GGAGGTGACAAGCT,1
3841,GGATTTCTAGAGTA,1
3842,GGCCCAGATTTCTG,1
3843,GGCTCACTGTACCA,1
3844,GGGAAGTGGCTGAT,1
3845,GGGCAAGAGTTTGG,1
3846,GGGCAGCTGAGATA,2
3847,GGGCCAACACCATG,1
3848,GGTATCGAGGGCAA,1
3849,GGTCAAACCGGTAT,2
3850,GGTCTAGACCAAGT,1
3851,GTAAGCTGTAGAGA,1
3852,GTAATATGAAGAAC,1
3853,GTACAGTGGTTAGC,1
3854,GTAGTGACTTCCGC,1
3855,GTAGTGTGTCGACA,1
3856,GTCCACTGCCATGA,1
3857,GTCGAATGGGCATT,1
3858,GTGAACACAAAGTG,1
3859,GTGATGACTACAGC,2
3860,GTGTAGTGACACGT,1
3861,GTTAACCTTGACAC,1
3862,GTTGTACTTCATTC,1
3863,GTTTAAGAGGTTAC,1
3864,GTTTAAGATGTGCA,1
3865,TAAATGTGCGGGAA,1
3866,TAACAATGACCATG,1
3867,TAACAATGGGTAGG,1
3868,TAAGATTGCCACAA,1
3869,TAAGTAACTTCCCG,2
3870,TAATGAACGGTATC,1
3871,TACAAATGTCTATC,1
3872,TACACACTCCACAA,1
3873,TACCGGCTCGTGAT,1
3874,TACTGGGATTTGCT,1
3875,TACTGTTGAGCTAC,1
3876,TAGAATACGGCGAA,1
3877,TAGGCTGAGAGACG,1
3878,TAGTAAACTTGGTG,1
3879,TAGTGGTGTCCGAA,2
3880,TATAAGACCAGAAA,1
3881,TATAAGACTCGCAA,1
3882,TATCAGCTAAGGTA,1
3883,TATGAATGCTCAAG,1
3884,TCACAACTAAAGTG,2
3885,TCAGCAGACAGAGG,1
3886,TCCCGATGTTGCTT,1
3887,TCCGAGCTACCCAA,1
3888,TCGACCTGGCTACA,1
3889,TCGAGAACAAGGGC,1
3890,TCGCACACAGAATG,1
3891,TCGCACTGGGGATG,1
3892,TCGGACCTACTACG,1
3893,TCTCTAGATGGTCA,1
3894,TGAAATTGTCGTTT,1
3895,TGATATGATATTCC,1
3896,TGATCGGAGCATAC,1
3897,TGATCGGATGGTGT,1
3898,TGATTCACAACCGT,1
3899,TGCACAGAAGTTCG,1
3900,TGCATGGAGTAGGG,2
3901,TGCCAAGACTCCAC,1
3902,TGGTACGAGCTACA,1
3903,TGTCTAACGAGAGC,1
3904,TGTGGATGCCAGTA,1
3905,TGTTACTGTACAGC,2
3906,TTACGTACAGGTCT,2
3907,TTAGACCTGATAAG,1
3908,TTAGCTACCGAGAG,1
3909,TTAGGTCTCGACAT,2
3910,TTATGGCTTATCGG,1
3911,TTCACCCTCGTGTA,2
3912,TTCAGTTGACTGTG,1
3913,TTCATCGACTTGCC-1,0
3914,TTCTTACTATGTGC,1
3915,TTGGAGTGCTACGA,1
3916,TTGTAGCTATTGGC,1
3917,AAAGATCTGATAGA,1
3918,AAATGTTGAAAGTG,1
3919,AACAGAGACATTTC,3
3920,AACCGCCTGGCAAG,1
3921,AACGGTTGCCCACT-1,0
3922,AAGATGGATTCTAC,1
3923,AAGCCAACTCGCCT,1
3924,AAGGTGCTTTTCAC,1
3925,AAGTAACTCTTATC,1
3926,AAGTAGGACCTACC,2
3927,AAGTGGCTGTAGGG,1
3928,ACCCGTACATCTCT,2
3929,ACCTCGTGGAGAGC,1
3930,ACTACGGAGACGGA,1
3931,ACTTCAACGGACAG,1
3932,AGAACAGACATGCA,1
3933,AGCGATACTCTAGG,1
3934,AGCGTAACAGTAGA,1
3935,AGGCTAACCTGTGA,1
3936,AGGTTCGAGTATCG,2
3937,AGTCAGACTGGTTG,1
3938,ATCCATACCACCAA,1
3939,ATCGGTGACTGGTA,1
3940,ATCTACTGTTGCGA,1
3941,ATCTGGGAGTTGTG,2
3942,ATGCAGACAGAACA,1
3943,CAATTCTGCCTCGT,1
3944,CACGCTACGAGATA,1
3945,CACGGGACGTGTCA,1
3946,CACTGCTGAACGAA,1
3947,CCAGTGCTCTGGAT,1
3948,CCGAAAACACCTCC,1
3949,CCGGAGTGGCCAAT,1
3950,CCTAAACTCTGGTA,2
3951,CCTGACTGAACCTG,1
3952,CGCCATACTTCTCA,1
3953,CGTAGCCTTCTTCA,1
3954,CTATTGTGCGTTGA,1
3955,GACTCCTGCGAGAG,1
3956,GAGTCAACTAACGC,1
3957,GATCATCTGGTGGA,1
3958,GATCGAACGAGGTG,1
3959,GATCGATGTTTCTG,1
3960,GCACGGTGGTACGT,1
3961,GCACTGCTCTGGAT,1
3962,GCAGCCGAGTGTTG,2
3963,GCGTAATGGAGGTG,1
3964,GGAGCAGACACAAC,1
3965,GGCATATGTTAGGC,1
3966,GGCTAATGGTCGTA,2
3967,GTATCACTCTCTCG,1
3968,GTCTAACTAGTCGT,1
3969,GTGATCGATCGTGA,1
3970,GTGGATTGAAGCAA,1
3971,GTGGTAACTGCGTA,2
3972,GTTACGGAAAGAGT,1
3973,GTTAGTCTGTTGGT,2
3974,TAAAGACTGCCCTT,1
3975,TAACATGAACACAC,1
3976,TAACTAGATGCAGT,1
3977,TACTTTCTATGACC,2
3978,TAGTAATGGCGATT,1
3979,TATGTCACGTCGAT,1
3980,TATTTCCTCGTAAC,1
3981,TCATCCCTGCGGAA,1
3982,TCGCAAGATTGCAG,1
3983,TGATTAGACGAATC,1
3984,TGCACGCTACGTTG,2
3985,TGTTAAGATCAGAC,1
3986,TTCAAAGAAACGGG,1
3987,TTGCATTGTCATTC,1
3988,TTGGTACTGGGATG,1
3989,ATGTCGGATTTCAC,1
3990,GCGCATCTATCACG,1
3991,AAACATTGGAGACG,1
3992,AAACTTGACCACAA,1
3993,AAATACTGCCGATA,2
3994,AAATCTGATCGCAA,1
3995,AAATGTTGCTAGAC,1
3996,AAATGTTGCTATGG,1
3997,AAATGTTGTTCCGC,1
3998,AACAGAGAATCACG,1
3999,AACAGCACTTCACT,1
4000,AACCACGAAGCCTA,1
4001,AACCAGTGCTAGTG,1
4002,AACCCAGACCTACC,1
4003,AACCGATGTCCAGA,1
4004,AACCTTTGCGCAAT,1
4005,AACGTGTGTCCTTA,1
4006,AACGTTCTACACCA,1
4007,AACTCACTACCATG,1
4008,AACTCGGAACGACT,1
4009,AACTCGGACCTCAC,1
4010,AACTCGGAGTTGTG,1
4011,AACTGTCTAGATGA,1
4012,AACTTGCTACGACT,1
4013,AAGACAGATGTCAG,1
4014,AAGAGATGTCCTCG,1
4015,AAGATTACAGAATG,1
4016,AAGCGACTAAGAGT,2
4017,AAGCGACTCCATGA,1
4018,AAGGTCTGGGTGAG,1
4019,AAGGTCTGTAGCCA,1
4020,AAGGTGCTGCGAGA,1
4021,AAGTAGGATAGTCG,2
4022,AAGTATACTTTCAC,1
4023,AAGTCCGAAACGAA,1
4024,AAGTCCGAAAGGGC,1
4025,AAGTTATGAGCTCA,1
4026,AAGTTCCTTCGACA,1
4027,AAGTTCCTTTCGGA,1
4028,AATACTGAGGAAAT,1
4029,AATCCTACCTTGGA,1
4030,AATCGGTGTCTCCG,1
4031,AATGTAACGACGAG,1
4032,AATGTTGACTACTT,1
4033,ACAACCGATAACGC,1
4034,ACAACCGATACAGC,1
4035,ACAATAACGTTGAC,1
4036,ACAATCCTTGACAC,1
4037,ACACATCTGCGTAT,1
4038,ACAGTGTGCCCTCA,1
4039,ACAGTGTGTGGCAT,1
4040,ACATACCTGCGAAG,1
4041,ACATCACTGGCATT,1
4042,ACATGGTGCAGATC,1
4043,ACCAACGAGACGTT,1
4044,ACCCACTGCGGGAA,1
4045,ACCCGTTGCAAAGA,1
4046,ACCGAAACGCTTCC,1
4047,ACCGCGGATTGCGA,1
4048,ACGAACTGCCAAGT,1
4049,ACGAGTACTTCTGT,1
4050,ACGATGACGGTTTG,2
4051,ACGATGACGTTCAG,1
4052,ACGCAATGCAGCTA,1
4053,ACGCAATGCATGCA,2
4054,ACGCAATGCTTGTT,1
4055,ACGCCGGACTCGCT,1
4056,ACGCGGTGAAAACG,1
4057,ACGGATTGAAGATG,1
4058,ACGTAGACACTCTT,1
4059,ACGTCCTGGATACC,1
4060,ACGTCCTGGCTTAG,1
4061,ACGTCCTGGGCGAA,1
4062,ACGTGATGTAGTCG,1
4063,ACGTGCCTGCGAGA,1
4064,ACGTTTACCAGCTA,1
4065,ACTACGGAGATACC,1
4066,ACTCAGGAAGCAAA,1
4067,ACTCCTCTCTGATG,1
4068,ACTCGAGAAACGGG,1
4069,ACTCGAGATAGACC,2
4070,ACTCTATGGGTTAC,2
4071,ACTGGCCTCTACCC,1
4072,ACTGGCCTTATGGC,1
4073,ACTGGCCTTGACAC,1
4074,ACTTAAGAAACGTC,1
4075,ACTTAAGAAGCTCA,1
4076,ACTTCAACTGAACC,1
4077,ACTTGACTACCCAA,1
4078,AGAACAGACACAAC,1
4079,AGAACAGACCAATG,1
4080,AGAACAGACTACCC,1
4081,AGAATTTGAGGAGC,1
4082,AGACACACGTAAAG,1
4083,AGACCTGAAGAATG,1
4084,AGACTTCTACCCTC,1
4085,AGAGAAACGGCGAA,1
4086,AGAGAAACGTGCTA,1
4087,AGAGGTCTCTTGTT,1
4088,AGAGGTCTTGTGAC,1
4089,AGAGTCTGCAAGCT,1
4090,AGAGTCTGGAGCTT,1
4091,AGATATACAAGTGA,1
4092,AGATATACACCCTC,1
4093,AGATTCCTCAGGAG,1
4094,AGATTCCTGGTACT,2
4095,AGATTCCTTGCTCC,1
4096,AGCACAACAAGAAC,1
4097,AGCACTGACTAGTG,1
4098,AGCCACCTCACTTT,1
4099,AGCCGGACGGAGTG,1
4100,AGCCGGTGTAGAAG,1
4101,AGCCTCACAAAGTG,1
4102,AGCGAACTTTATCC,1
4103,AGCGATACCCGTAA,1
4104,AGCGATACTACAGC,1
4105,AGCTTACTACCACA,1
4106,AGCTTACTTGGTCA,1
4107,AGGACACTAGAAGT,1
4108,AGGCAACTGTCCTC,2
4109,AGGCAGGACATTCT,1
4110,AGGCTAACACACTG,1
4111,AGGCTAACCTGACA,1
4112,AGGCTAACGCGTTA,1
4113,AGGGAGTGACTAGC,1
4114,AGGGCCTGTCCAGA,1
4115,AGGGTTTGACACTG,1
4116,AGGTCATGGCAAGG,1
4117,AGGTCATGTCCAAG,1
4118,AGGTCTGAGTGTCA,2
4119,AGGTGTTGGAGATA,1
4120,AGGTTGTGGCGAGA,1
4121,AGGTTGTGGTCGTA,1
4122,AGTAAGGACGGAGA,1
4123,AGTACTCTTGTCCC,1
4124,AGTAGAGACAACTG,1
4125,AGTCAGACGAGACG,1
4126,AGTCGCCTTCTCCG,1
4127,AGTGAAGAAAGCAA,1
4128,AGTGAAGAGTGTCA,2
4129,AGTGACACCCCACT,2
4130,AGTGCAACTCTCTA,1
4131,AGTTATGAATTCTC,2
4132,AGTTTAGAAAAGCA,1
4133,AGTTTAGACGTAGT,1
4134,ATAACATGCTACCC,1
4135,ATAACCCTGGGCAA,2
4136,ATAAGTTGGATGAA,1
4137,ATAATGACATCGAC,1
4138,ATAATGACTCCTAT,1
4139,ATACAATGCAGATC,1
4140,ATACACCTTTGGTG,1
4141,ATACCTACTTATCC,1
4142,ATAGGAGACGTGAT,1
4143,ATAGGCTGTCTCGC,1
4144,ATATACGAATCACG,1
4145,ATATGAACACGTTG,1
4146,ATATGAACATCTCT,1
4147,ATCAAATGGAGACG,2
4148,ATCACGGACTGGAT,1
4149,ATCACTTGGGGTGA,2
4150,ATCACTTGTCCTTA,1
4151,ATCACTTGTGCCCT,1
4152,ATCCAGGAGTTGAC,1
4153,ATCCCGTGCATGGT,1
4154,ATCGCAGAAGTGCT,1
4155,ATCGCGCTCGACTA,1
4156,ATCGCGCTTACGAC,2
4157,ATCGGAACCGCTAA,1
4158,ATCTACACGAATCC,1
4159,ATCTGACTACCCTC,1
4160,ATCTTGACTGGTCA,1
4161,ATCTTTCTGGCAAG,2
4162,ATGAGCACCGGAGA,1
4163,ATGATATGGGTGTT,1
4164,ATGCACGATAGACC,1
4165,ATGCAGACGGGCAA,1
4166,ATGCCGCTGTAGCT,1
4167,ATGCGCCTACTCAG,1
4168,ATGCGCCTGGAGCA,1
4169,ATGGGTACTCTAGG,1
4170,ATGTTCACGAGGGT,1
4171,ATGTTGCTCCCACT,1
4172,ATTAAGACAGAACA,1
4173,ATTAAGACAGCCTA,1
4174,ATTACCACCAGATC,1
4175,ATTATGGACCTTTA,1
4176,ATTCAAGAATCGAC,2
4177,ATTCAGCTGTAGCT,3
4178,ATTGAATGTCTCCG,1
4179,ATTGATGAGGAGCA,1
4180,ATTGCGGACTTGCC,1
4181,ATTGCGGAGTTAGC,1
4182,ATTTGCACTTCGCC,1
4183,CAACAGACGGTGTT,1
4184,CAACCAGAACCAAC,1
4185,CAACCAGATCTTTG,1
4186,CAACGATGAGAGAT,1
4187,CAACTTTGGGTTCA,1
4188,CAAGACTGAAAAGC,1
4189,CAAGCTGAGCTCCT,1
4190,CAAGGTTGCACACA,1
4191,CAATAATGGAACCT,1
4192,CAATAATGGGTTAC,1
4193,CAATCTACACTGTG,1
4194,CAATTCTGAGAACA,1
4195,CACAACGAAACTGC,1
4196,CACACCTGAAACGA,1
4197,CACATGGATCGTTT,1
4198,CACCACTGTCCGAA,1
4199,CACGAAACATCTCT,1
4200,CACGATGAATTCGG,1
4201,CACGCTACGTTGTG,2
4202,CACTAACTTGTGGT,1
4203,CACTAGGATCCTCG,1
4204,CACTATACTGGAAA,1
4205,CACTCTCTAACCAC,1
4206,CACTGAGAGTCAAC,1
4207,CACTGCACGGATCT,1
4208,CAGATGACAAACAG,1
4209,CAGCAATGCTCTCG,1
4210,CAGCACCTGGAAGC,1
4211,CAGCCTACAGAGGC,1
4212,CAGCCTACAGTACC,1
4213,CAGCCTTGACCATG,1
4214,CAGCTCACCATACG,1
4215,CAGGGCACCTTATC,2
4216,CAGGGCACGAATGA,1
4217,CAGTCAGAAACCTG,1
4218,CAGTGATGTGAAGA,2
4219,CAGTGTGAGAATGA,1
4220,CAGTGTGATCCAGA,1
4221,CAGTTACTATCGTG,1
4222,CATAAAACAGCACT,1
4223,CATAAATGGGCATT,1
4224,CATAAATGTTCCAT,1
4225,CATATAGACAGAGG,1
4226,CATCGCTGATGTGC,1
4227,CATGGATGAGTGTC,1
4228,CATTTGACCCTTGC,1
4229,CATTTGACCGTGAT,1
4230,CATTTGACTCCTAT,2
4231,CCAAAGTGATCAGC,2
4232,CCAAAGTGCCAACA,1
4233,CCAACCTGTTCGGA,2
4234,CCAAGTGACCTACC,1
4235,CCAATGGAATTCCT,1
4236,CCACCTGAGTTGTG,2
4237,CCACTGTGACGGAG,1
4238,CCACTTCTCGTCTC,1
4239,CCAGAAACTCTTTG,1
4240,CCAGCACTCCTGTC,1
4241,CCAGGTCTGTATCG,1
4242,CCAGTGCTACGTGT,1
4243,CCAGTGCTTCTCTA,1
4244,CCAGTGCTTCTTCA,1
4245,CCAGTGCTTTCGTT,1
4246,CCATAGGAGGACAG,1
4247,CCATAGGATCCAGA,1
4248,CCATCGTGTCAGTG,1
4249,CCATGCTGCCCTTG,1
4250,CCATTAACAACCTG,1
4251,CCCAGTTGACACCA,1
4252,CCCATGTGGATACC-1,0
4253,CCCATGTGGTGAGG,1
4254,CCCGGAGAAGACTC,1
4255,CCCTGATGACGGAG,1
4256,CCCTGATGCATACG,1
4257,CCGAAAACTCCTGC,2
4258,CCGACTACACTGTG,1
4259,CCGCTATGCCAGTA,1
4260,CCGCTATGGAAGGC,1
4261,CCGGAGACACAGTC,1
4262,CCTATAACGGAAGC,2
4263,CCTCTACTCTTTAC,1
4264,CCTGACTGGAACCT,1
4265,CCTGCAACCATGCA,1
4266,CGAACATGACTACG,2
4267,CGAACATGCCTTTA,1
4268,CGAAGACTTGTCGA,1
4269,CGAAGTACCCACAA,1
4270,CGAAGTACTGCAGT,1
4271,CGACCACTGGAAAT,1
4272,CGACCGGAAGCCAT,1
4273,CGACGTCTCGACAT,2
4274,CGACTCACGTGTCA,2
4275,CGAGAACTGGAGCA,1
4276,CGAGAACTTCGTGA,1
4277,CGCACGGAGGACAG,1
4278,CGCACGGATCCTTA,1
4279,CGCCATTGAACTGC,1
4280,CGCCATTGAGAAGT,1
4281,CGCGATCTGCTATG,1
4282,CGCTAAGATTTCAC,2
4283,CGCTCATGTGGTTG,1
4284,CGGCCAGATTCCAT,1
4285,CGGGCATGGAGGCA,1
4286,CGGTACCTGAACTC,1
4287,CGTACCACTGTCGA,1
4288,CGTCGACTAACCGT,1
4289,CGTCGACTACCCAA,1
4290,CGTGAATGCACACA,1
4291,CGTGATGATTGGTG,1
4292,CGTGCACTAGTCTG,1
4293,CGTGTAGACCCACT,2
4294,CGTTAGGAGTTAGC,1
4295,CGTTATACTGTTCT,1
4296,CTAAACCTGATGAA,1
4297,CTAAACCTTAGCCA,1
4298,CTAAGGACGGATCT,1
4299,CTAAGGTGACACGT,2
4300,CTAATAGACTTATC,1
4301,CTAATAGATTGCAG,1
4302,CTACCTCTGACGGA,1
4303,CTACTATGTTCAGG,1
4304,CTAGAGACTCGCAA,2
4305,CTAGGATGGTTCGA,1
4306,CTAGGTGAACCATG,1
4307,CTAGTTTGCGTTAG,1
4308,CTATAAGAACCTCC,1
4309,CTATAGCTAGGTTC,1
4310,CTATCAACTAAAGG,1
4311,CTATCATGTCAGTG,1
4312,CTATCCCTGAGAGC,1
4313,CTATGACTCGACAT,1
4314,CTATGTTGCTCATT,2
4315,CTCAATTGGAGAGC,1
4316,CTCAGCTGATACCG,1
4317,CTCCACGAAATCGC,1
4318,CTCGACACTCTCGC,1
4319,CTCGAGCTGTTACG,1
4320,CTCTAAACCTACGA,1
4321,CTCTAATGAAGGTA,1
4322,CTCTAATGATCTCT,1
4323,CTGAAGTGAACTGC,1
4324,CTGATGGACTTGGA,1
4325,CTGATGGAGGTCTA,1
4326,CTGCAGCTAGATCC,1
4327,CTGTATACATCACG,1
4328,CTGTATACGGTGTT,1
4329,CTTAACACCTGACA,2
4330,CTTACAACGTTAGC,2
4331,CTTACAACTACTTC,1
4332,CTTACATGTTTCAC,1
4333,CTTACTGACGATAC,1
4334,CTTACTGAGACAAA,1
4335,CTTCACCTCAAAGA,1
4336,CTTGAACTAAGGGC,1
4337,CTTGAACTAGTCGT,1
4338,CTTGAACTTGAGGG,1
4339,CTTGAGGAATTCGG,1
4340,CTTTAGTGTCCGAA,1
4341,GAAACAGACTACTT,1
4342,GAAAGATGGCTGAT,1
4343,GAACACACCATGCA,1
4344,GAACCTGATGCGTA,1
4345,GAACGTTGTCTACT,1
4346,GAAGATGAACTGTG,1
4347,GAAGGGTGTCGCTC,1
4348,GAAGGTCTCTCCAC,1
4349,GAAGTGCTCGTTGA,1
4350,GAAGTGCTGTCACA,1
4351,GACAACACCGGAGA,1
4352,GACACTGACAACCA,1
4353,GACAGTTGAACCAC,1
4354,GACAGTTGTCGCTC,1
4355,GACCAAACGGACGA,1
4356,GACCTAGACTATTC,1
4357,GACCTCACTTCGGA,1
4358,GACGAACTTGGTCA,1
4359,GACGTAACGTTCAG,1
4360,GACGTCCTCGCATA,1
4361,GACTGATGATCTTC,1
4362,GACTGTGATAGACC,1
4363,GACTTTACAAGAAC,1
4364,GAGATCACGATAGA,1
4365,GAGCATACGAGGTG,1
4366,GAGCGCACGAATGA,1
4367,GAGGCAGACTTAGG,1
4368,GAGGCCACGCTGAT,1
4369,GAGGGAACTGAACC,2
4370,GAGGGATGTCCTAT,1
4371,GAGGGTGATCGACA,1
4372,GAGGTACTACGCAT,2
4373,GAGGTACTTGGAGG,1
4374,GAGGTTTGCGAGTT,1
4375,GAGTACACACGTAC,1
4376,GAGTACTGGAGCAG,1
4377,GAGTGGGACAACTG,1
4378,GATAAGGAACCTGA,1
4379,GATAGAGAAAGAGT,1
4380,GATAGCACAACGTC,1
4381,GATATATGCTTATC,1
4382,GATATTGACACTGA,1
4383,GATCATCTCCTCAC,1
4384,GATCCCTGCAGAAA,1
4385,GATCGATGCGTGAT,1
4386,GATCGTGAAAGATG,1
4387,GATCTTACGAGGAC,1
4388,GATGCAACACTGTG,2
4389,GATTACCTCGCATA,1
4390,GATTCGGATGCCTC,1
4391,GATTCTACGTAAGA,1
4392,GATTTAGAGTAAAG,1
4393,GCAAACTGTCGCTC,1
4394,GCAACTGACCTCAC,2
4395,GCAATTCTCATTTC,2
4396,GCAATTCTGTATCG,1
4397,GCACAAACGACAAA,1
4398,GCACTGCTCGAGAG,1
4399,GCAGCGTGTCATTC,1
4400,GCAGCTCTGCATCA,1
4401,GCAGGCACCATACG,1
4402,GCATGATGAAGAGT,1
4403,GCATGTGAGCTATG,1
4404,GCATGTGAGGTATC,1
4405,GCCATCACCCACCT,1
4406,GCCATCACTTCTAC,1
4407,GCCATGCTCGTGTA,1
4408,GCCCAACTAGAACA,2
4409,GCCCAACTTGGTCA,1
4410,GCCGACGACGTAAC,1
4411,GCCGACGATACGAC,1
4412,GCCTCAACCATCAG,1
4413,GCCTGACTAACGGG,1
4414,GCGAAGGAGGGCAA,1
4415,GCGATATGCTTATC,1
4416,GCGCGAACACCATG,2
4417,GCGCGAACTCATTC,1
4418,GCGTAAACTCCAGA,1
4419,GCGTAATGTCCCAC,1
4420,GCGTATGATGCACA,1
4421,GCTACCTGGTGTTG,1
4422,GCTATACTTCCTTA,1
4423,GCTCAAGAGGATCT,1
4424,GCTCGACTGCGGAA,1
4425,GCTTAACTCAACTG,1
4426,GCTTGAGAGAGACG,1
4427,GCTTGAGAGTGAGG,2
4428,GGAACTTGCACTCC,2
4429,GGAATGCTCATTCT,1
4430,GGAATGCTCCCTCA,1
4431,GGACAGGACTTCTA,1
4432,GGACCTCTCAGAAA,2
4433,GGACGAGAGCGATT,1
4434,GGACTATGGCCAAT,1
4435,GGAGCGCTATCTCT,1
4436,GGAGTTTGGCCAAT,1
4437,GGATTGTGACCGAT,1
4438,GGATTGTGTCCTGC,1
4439,GGCAATACAAGATG,1
4440,GGCCGAACGTGCAT,1
4441,GGCGACACTTCCAT,1
4442,GGGAACGAACCTCC,1
4443,GGGCCATGATGCCA,1
4444,GGGCCATGGTACCA,1
4445,GGGTTATGGGTTCA,2
4446,GGTACATGTGGGAG,1
4447,GGTAGTACCTGTCC,2
4448,GGTATCGACAAAGA,1
4449,GGTATCGAGGAAAT,1
4450,GGTCAAACTGCCAA,1
4451,GGTCTAGAGTGTCA,1
4452,GTAACGTGCCTTAT,1
4453,GTAAGCACACAGTC,2
4454,GTAAGCTGTTCATC,1
4455,GTAATATGCCTATT,2
4456,GTACTACTAAAGTG,1
4457,GTACTTTGTGTGCA,1
4458,GTAGCAACGGAAGC,1
4459,GTAGCCCTCCCTTG,1
4460,GTAGCCCTGTTCTT,1
4461,GTAGTCGATCAGAC,1
4462,GTATCTACGGTCTA,1
4463,GTATTCACTACGCA,1
4464,GTCACAGAACAGCT,1
4465,GTCACAGAACTGTG,1
4466,GTCATACTCGGAGA,1
4467,GTCGAATGACAGTC,1
4468,GTCGCACTTCTCGC,1
4469,GTCTAACTATCGGT,1
4470,GTCTAACTCGATAC,1
4471,GTCTAACTTCAGAC,1
4472,GTCTAGGACCGCTT,1
4473,GTGAACACACGCTA,1
4474,GTGACAACCAAAGA,1
4475,GTGATGACTACAGC-1,0
4476,GTGATTCTGTTTGG,1
4477,GTGCAAACATCTTC,1
4478,GTGCAAACGAATAG,1
4479,GTGCTAGACTGAAC,1
4480,GTGGATTGCCTAAG,1
4481,GTGTATCTACGTTG,1
4482,GTTAAAACAGTCAC,1
4483,GTTAACCTAGAGGC,1
4484,GTTAGTCTCCACAA,2
4485,GTTATCTGACGCTA,1
4486,GTTATCTGGACAAA,1
4487,GTTCAACTCTATGG,1
4488,GTTGATCTTGTCAG,1
4489,GTTGGATGTAGCCA,2
4490,TAACTAGAAGCTAC,1
4491,TAACTCACAGCTCA-1,0
4492,TAACTCACCGTGTA,1
4493,TAACTCACTTGACG,2
4494,TAAGAGGAATTCCT,1
4495,TAAGATACGTTGCA,1
4496,TAATCCACTCTACT,1
4497,TAATCGCTAAGGTA,1
4498,TAATGAACCCATAG,1
4499,TAATGATGTGCACA,1
4500,TACACACTATAAGG,1
4501,TACACACTTACAGC,1
4502,TACACACTTGAGAA,1
4503,TACGAGACGTTTGG,1
4504,TACGCAGACTCCAC,1
4505,TACGCCACGGTAAA,1
4506,TACGGAACCAATCG,1
4507,TACGGCCTATCACG,1
4508,TACGGCCTCTATTC,1
4509,TACGTTACCTCGAA,2
4510,TACTACACAGATGA,2
4511,TACTCTGAAAAGCA,1
4512,TAGAATACCTTCGC,1
4513,TAGCATCTGAGCAG,1
4514,TAGCCGCTGAGACG,1
4515,TAGCTACTCTTCCG,1
4516,TAGGCAACTCGCTC,2
4517,TAGGCATGACCAAC,1
4518,TAGGTCGAATTCGG,1
4519,TAGTAATGGCATCA,1
4520,TAGTATGATTCAGG,1
4521,TAGTCTTGTAGCGT,1
4522,TATAAGTGCTGTCC,1
4523,TATAAGTGGGTGGA,2
4524,TATAAGTGTCACCC,2
4525,TATAGCCTCCTTCG,1
4526,TATAGCCTCTACCC,1
4527,TATCAAGAGTCGTA,1
4528,TATCCTGACCCGTT,2
4529,TATCTTCTCCTAAG,1
4530,TATGAATGAGCTCA,1
4531,TATGCGGACTTCCG,1
4532,TATGTCACAGGCGA,1
4533,TATGTCACTTCACT,1
4534,TATGTGCTCTCCCA,2
4535,TATTTCCTTTGGCA,1
4536,TCAATCACTGCACA,1
4537,TCACCGTGGGGATG,1
4538,TCACTATGATTGGC,1
4539,TCAGACGAAGAATG,1
4540,TCAGAGACTGGGAG,1
4541,TCAGGATGGAAACA,2
4542,TCATCAACTGTTCT,1
4543,TCATCCCTACCACA,1
4544,TCATTGACTGGCAT,1
4545,TCCACTCTAGAAGT,1
4546,TCCACTCTTTTGTC,2
4547,TCCATAACACTACG,1
4548,TCCATAACGCTACA,1
4549,TCCATCCTGAACTC,1
4550,TCCCACGAGAGACG,1
4551,TCCCAGACTGCCTC,1
4552,TCCCGATGGGTAAA,1
4553,TCCGAGCTCAGCTA,1
4554,TCCGGACTCATCAG,1
4555,TCCTAAACGTCATG,1
4556,TCCTACCTCCATAG,1
4557,TCCTATGAATGGTC,1
4558,TCGAATCTTTAGGC,1
4559,TCGACCTGAGAATG,1
4560,TCGACGCTAAGCCT,1
4561,TCGACGCTGTTCTT,1
4562,TCGATTTGTCTCGC,1
4563,TCGCACACTTGTGG,2
4564,TCTAACTGGAAGGC,1
4565,TCTAAGCTCCCGTT,1
4566,TCTAGACTAGGTTC,1
4567,TCTATGTGGGAGTG,1
4568,TCTGATACCTCGCT,1
4569,TGAAATTGGCATAC,1
4570,TGAAATTGGTCTGA,1
4571,TGACGAACTTACCT,1
4572,TGACTGGAGTAAAG,1
4573,TGAGCAACGAGGGT,1
4574,TGAGGTACATTCCT,1
4575,TGAGTCGATGCTGA,1
4576,TGATTCACCATTTC,1
4577,TGATTCTGGCATCA,1
4578,TGCAATCTGGGACA,1
4579,TGCAATCTTCCAGA,1
4580,TGCAGATGTCCTAT,1
4581,TGCCCAACACCAGT,1
4582,TGCGCACTGTAGGG,1
4583,TGCTAGGATGACTG,1
4584,TGGAAGCTGATACC,1
4585,TGGACTGACCTTCG,1
4586,TGGACTGACTGTTT,1
4587,TGGAGGGACGGTAT,1
4588,TGGGTATGGCGGAA,1
4589,TGGTAGACAGATGA,1
4590,TGGTAGTGGCAAGG,1
4591,TGGTCAGAGGTGGA,1
4592,TGTAAAACTCCTTA,1
4593,TGTACTTGCCATAG,1
4594,TGTAGGTGGGTACT,1
4595,TGTAGTCTTCCCGT,1
4596,TGTCAGGAAACCGT,1
4597,TGTCTAACGTCGAT,1
4598,TGTGGATGACTCAG,2
4599,TGTTACACAGTGTC,1
4600,TTAACCACGTTGGT,4
4601,TTACAGCTCAAAGA,1
4602,TTACAGCTGGAACG,1
4603,TTACCATGATTTCC,1
4604,TTAGACCTCGACAT,2
4605,TTAGGGTGTCTAGG,3
4606,TTAGGTCTTCAGTG,1
4607,TTAGTCACACCATG,1
4608,TTATCCGACGACAT,1
4609,TTCAAAGACTCCAC,1
4610,TTCAGTACCTCGAA,1
4611,TTCATCGAACTTTC,1
4612,TTCATGTGACGGAG,1
4613,TTCATTCTGTCTTT,1
4614,TTCCTAGATACGCA,2
4615,TTCGTATGAGCTAC,1
4616,TTCTGATGTTCGCC,1
4617,TTGAACCTCTCGCT,1
4618,TTGACACTAAAACG,2
4619,TTGACACTGGATCT,1
4620,TTGGAGACCTCGCT,1
4621,TTGGAGTGCTGTGA,1
4622,TTGGAGTGGGTCAT,2
4623,TTGTCATGCGTAGT,1
4624,TTTAGAGATGTCTT,1
4625,TTTAGCTGCCTCGT,1
4626,TTTAGGCTATTCTC,1
4627,TTTCACGATCGTAG,1
4628,TTTGCATGGACGGA,1
4629,TTTGCATGTCTCCG,1
4630,AAACGCACTGAGGG,1
4631,AAACGGCTACTGGT,1
4632,AAAGCAGAACGTTG,1
4633,AAATCAACTTACTC,1
4634,AAATTCGATCTCGC,1
4635,AACAATACACCAAC,1
4636,AACAGAGAGAATCC,1
4637,AACCGATGGGATTC,1
4638,AACCGATGGTACAC,1
4639,AACCGCCTCGTGTA,1
4640,AACCTTACGCTCCT,1
4641,AACCTTTGGTCTTT,1
4642,AACGCATGAACCTG,1
4643,AACGGTACGAATCC,1
4644,AACGGTACTCAGTG,1
4645,AACGGTTGACGCAT,1
4646,AACGTCGAAGCGTT,1
4647,AACGTGTGCCCACT,1
4648,AACGTGTGTGCATG,1
4649,AACGTTCTTCCCAC,1
4650,AACTACCTTGCCTC,1
4651,AACTCGGACTAGTG-1,0
4652,AACTCTTGGAGGAC,1
4653,AACTGTCTCACCAA,1
4654,AACTGTCTCCACCT,1
4655,AACTGTCTTTTACC,1
4656,AAGAATCTAGAATG,1
4657,AAGAATCTTAAAGG,1
4658,AAGAGATGGTTAGC,1
4659,AAGATTACGTTTCT,1
4660,AAGATTACTGCAAC,1
4661,AAGCCATGATGTGC,2
4662,AAGCCATGCTGCAA,1
4663,AAGGTCACTCCGTC,1
4664,AAGTCCGATTAGGC,1
4665,AATACTGAAAGATG,1
4666,AATATCGACTGATG,1
4667,AATATCGAGTGTAC,1
4668,AATCCGGAGTCATG,1
4669,AATCCTACGCGTTA,1
4670,AATCTCACAGCGGA,1
4671,AATCTCTGTGCTGA,1
4672,AATGAGGACTGTTT,1
4673,AATGAGGAGGAAAT,1
4674,AATGAGGATGTCTT,1
4675,AATTACGAAACCGT,1
4676,AATTGTGAGAATAG,1
4677,ACAACCGAGGACAG,1
4678,ACAACCGATCCAAG,1
4679,ACACGTGACACTGA,2
4680,ACAGACACTTGGTG,1
4681,ACAGGTACAACAGA,1
4682,ACAGGTACCTATGG,1
4683,ACAGGTACGCCAAT,1
4684,ACAGTGTGGGATCT,1
4685,ACATGGTGTGTCCC,1
4686,ACCAACGAGTGCAT,1
4687,ACCACCTGGACAAA,1
4688,ACCACCTGTATCGG,1
4689,ACCAGTGAAGTACC,1
4690,ACCCAAGACATCAG,2
4691,ACCCAAGACATGAC,1
4692,ACCCACTGGTATCG,1
4693,ACCCGTACGGTGTT,1
4694,ACCTATTGTTCTCA,1
4695,ACCTCGTGCTTGCC,1
4696,ACCTGAGAGTGTAC,1
4697,ACCTGGCTGCTAAC,1
4698,ACGAGGGAGACGGA,1
4699,ACGATGACGGATTC,1
4700,ACGATGACTTCACT,1
4701,ACGCAATGCAAAGA,1
4702,ACGCAATGGCCAAT,1
4703,ACGCACCTCGAGAG,1
4704,ACGCCACTTTACTC,1
4705,ACGCCGGACCTTCG,2
4706,ACGCCGGATGACCA,2
4707,ACGCGGTGGATAAG,1
4708,ACGCTCACACGGTT,1
4709,ACGCTCACCGTTGA,1
4710,ACGCTGCTGTTCGA,1
4711,ACGGAACTCACTCC,1
4712,ACGTAGACAGGAGC,1
4713,ACGTAGACGCTGAT,1
4714,ACGTAGACTCGCTC,1
4715,ACGTGCCTGGGCAA,2
4716,ACGTTGGAGCTACA,1
4717,ACTAAAACACCTCC,1
4718,ACTCCCGAATGCCA,1
4719,ACTCTATGGGATTC,3
4720,ACTCTCCTGTCGAT,2
4721,ACTGTGGACCCGTT,1
4722,ACTGTGGATGAGGG,1
4723,ACTTGGGAGTTGGT,1
4724,ACTTTGTGGAATCC,1
4725,AGAACGCTGGATCT,1
4726,AGAACGCTTAGAAG,1
4727,AGAAGATGCTACCC,1
4728,AGACACACACGGTT,1
4729,AGACACACCTTGCC,1
4730,AGACGTACCATACG,1
4731,AGAGAATGATAAGG,1
4732,AGAGCTACCAGAAA,1
4733,AGAGCTACCCATGA,1
4734,AGAGTCTGTCAGGT,1
4735,AGATATTGCAGGAG,1
4736,AGATTAACGTACGT,1
4737,AGCAAAGAACGGTT,1
4738,AGCACTGACAATCG,1
4739,AGCACTGAGAAACA,2
4740,AGCATCGACAAGCT,1
4741,AGCCGGACGGGTGA,1
4742,AGCCGTCTTGGTAC,2
4743,AGCCTCACATCGGT,1
4744,AGCCTCTGATTTCC,1
4745,AGCGATTGTAGCCA,1
4746,AGCGTAACACAGTC,1
4747,AGCGTAACTGTTCT,1
4748,AGCTGTGAATGACC,1
4749,AGGAACCTCACAAC,1
4750,AGGACACTTGGATC,1
4751,AGGACTTGCTTTAC,1
4752,AGGAGTCTCTGAGT,1
4753,AGGATAGAGACACT,1
4754,AGGATGCTGGTAAA,1
4755,AGGCAACTGCAAGG,1
4756,AGGCAGGACACTTT,1
4757,AGGGCGCTGAATGA,1
4758,AGGTACTGACCAAC,1
4759,AGGTACTGTCTGGA,1
4760,AGGTCTGACGTACA,1
4761,AGGTGGGAGGAGGT,1
4762,AGGTGGGAGTATCG,1
4763,AGTAATACCCTAAG,1
4764,AGTAATACTGAGCT,1
4765,AGTATCCTCAATCG,1
4766,AGTCACGAACGCTA,1
4767,AGTCAGACACCACA,1
4768,AGTCCAGAACACCA,1
4769,AGTCGCCTATTCTC,1
4770,AGTGACACACCACA,1
4771,AGTGACACCCTGAA,1
4772,AGTGACTGTCTTCA,1
4773,AGTGTGACTCAGAC,1
4774,AGTTAAACTCTATC,1
4775,AGTTATGAGAAAGT,1
4776,AGTTTAGACCCGTT,1
4777,AGTTTCACCTGCAA,1
4778,ATAAACACTAAGGA,1
4779,ATAACAACTGTAGC,1
4780,ATAACCCTCTCCCA,1
4781,ATAAGTACAGCGGA,1
4782,ATAAGTACCCTGAA,1
4783,ATAAGTACGACACT,1
4784,ATAAGTACGGACGA,1
4785,ATAAGTACTCCTTA,1
4786,ATAAGTTGAGTGCT,1
4787,ATAATCGAAAAAGC,1
4788,ATACCACTACCATG,2
4789,ATACCGGAACAGCT,1
4790,ATACCTTGTGAGCT,1
4791,ATAGATACGTGAGG,1
4792,ATAGCCGAACCTAG,1
4793,ATAGTTGAAAACGA,1
4794,ATATACGACCGTTC,1
4795,ATATGAACCTGAGT,1
4796,ATATGCCTTACAGC,1
4797,ATCAACCTTGCGTA,1
4798,ATCACACTGACTAC,2
4799,ATCAGGTGAAGAAC,1
4800,ATCATGCTCTAGCA,1
4801,ATCCAGGAAGCGGA,1
4802,ATCCAGGACAGTCA,1
4803,ATCCTAACGTAGGG,1
4804,ATCGCAGAGGTTCA,2
4805,ATCGCCTGGGAAAT,1
4806,ATCGGAACTGCACA,1
4807,ATCGGTGATTGCGA,3
4808,ATCGTTTGTACTCT,1
4809,ATCTACACTTGACG,1
4810,ATCTACTGATCGGT,1
4811,ATCTTTCTCTCGCT,1
4812,ATCTTTCTCTGAAC,1
4813,ATGAAGGAAGAACA,1
4814,ATGAAGGAGCCTTC,1
4815,ATGAAGGATTCCAT,2
4816,ATGAGCACGGAAGC,1
4817,ATGATAACGGAGGT,1
4818,ATGATAACTGAGAA,1
4819,ATGGACACCCTCCA,1
4820,ATGGACACCTGACA,1
4821,ATGGACACGGGATG,1
4822,ATGTAAACATTCGG,1
4823,ATGTCACTTTCGCC,1
4824,ATGTTGCTAGCGGA,1
4825,ATTAAGACGTTCGA,2
4826,ATTAGTGACGTGTA,1
4827,ATTGAATGAATGCC,1
4828,ATTGCGGAACTAGC,1
4829,ATTGCTACTGCCAA,1
4830,ATTGTAGATGGATC,1
4831,ATTGTAGATTCGCC,1
4832,ATTGTCTGACCAAC,2
4833,ATTTAGGATACTTC,1
4834,ATTTCCGAGAGAGC,1
4835,CAAACTCTCCATGA,1
4836,CAAAGCACGATGAA,1
4837,CAACGTGATCACGA,1
4838,CAACTTTGACGACT,1
4839,CAAGAAGAGTCGAT,1
4840,CAAGGTTGTGCATG,1
4841,CAAGTTCTTCGATG,1
4842,CAATAAACTAGTCG,1
4843,CAATAATGGGAAGC,1
4844,CAATCTACATGACC,1
4845,CACACCTGGGCATT,1
4846,CACACCTGTGTAGC,1
4847,CACAGATGGGTGGA,1
4848,CACATGGAGCAGAG,1
4849,CACATGGAGCCATA,2
4850,CACCGGGAAGGGTG,1
4851,CACCGTACCGGAGA,1
4852,CACCGTACTTGTGG,1
4853,CACGATGAGGGCAA,1
4854,CACGCTACGCGTAT,1
4855,CACGGGACTGGAGG,1
4856,CACTATACACGACT,1
4857,CACTATACTAGACC,1
4858,CACTCTCTGACAGG,1
4859,CACTCTCTGCTGTA,1
4860,CACTGCACTACGCA,1
4861,CACTTATGATCGAC,1
4862,CACTTTGAGGAAAT,1
4863,CACTTTGAGGTTAC,2
4864,CAGACAACCTGTTT,1
4865,CAGAGGGAAGGCGA,1
4866,CAGAGGGACAGTCA,1
4867,CAGAGGGACCCGTT,2
4868,CAGATCGATAAAGG,1
4869,CAGCAATGACGTGT,1
4870,CAGCACCTTCTGGA,1
4871,CAGCCTACGTTGCA,1
4872,CAGCGGACGGAGTG,1
4873,CAGCTAGATCGCTC,1
4874,CAGCTAGATGTTTC,1
4875,CAGCTCTGCCCACT,1
4876,CAGGAACTGGATCT,1
4877,CAGGTATGTCACCC,1
4878,CAGTCAGAGGAGCA,1
4879,CAGTGATGCCTACC,1
4880,CAGTGTGACCAAGT,1
4881,CAGTTGGAGGAACG,1
4882,CATAAAACTTACCT,1
4883,CATAGTCTGCGGAA,1
4884,CATATAGAGGAGCA,1
4885,CATCAACTGTATGC,1
4886,CATCAGGAAGATCC,1
4887,CATCATACCGTGAT,1
4888,CATCTTGAAAGAGT,1
4889,CATCTTGAACTAGC,1
4890,CATCTTGAAGTGTC,1
4891,CATGAGACACAGTC,1
4892,CATGCGCTAGGTCT,1
4893,CATTCCCTCCGTAA,1
4894,CATTGTACTGACTG,1
4895,CATTTGTGCAGATC,1
4896,CATTTGTGCCGTTC,1
4897,CCAAGATGGCAGTT,1
4898,CCAATTTGGACGGA,1
4899,CCACTGACAGCCAT,1
4900,CCACTGTGTCTCCG,1
4901,CCAGATGAAGCTCA,1
4902,CCAGATGATAGTCG,1
4903,CCAGCGGACCTTGC,1
4904,CCAGCTACAGCACT,2
4905,CCAGGTCTGCATAC,1
4906,CCAGTCACCCTGAA,1
4907,CCATAGGAACCTAG,1
4908,CCATCGTGCAGAGG,1
4909,CCATGCTGCAAGCT,1
4910,CCCAACTGAGTGCT,1
4911,CCCAGTTGAGTCAC,1
4912,CCCAGTTGAGTGCT,1
4913,CCCATGTGTGGGAG,2
4914,CCCGAACTGGGACA,1
4915,CCCTTACTCCCTCA,1
4916,CCGAAAACTCCTTA,1
4917,CCGGTACTCCTATT,1
4918,CCTAAACTTGACCA,1
4919,CCTCATCTGTCTAG,1
4920,CCTCGAACCGAATC,1
4921,CCTCTACTTGCAGT,2
4922,CCTGCAACCTGGAT,1
4923,CCTTAATGTCGACA,1
4924,CCTTCACTGGGCAA,1
4925,CGAAGACTCTTATC,1
4926,CGAAGGGAGAGCAG,1
4927,CGAAGTACAAACGA,1
4928,CGAAGTACGATACC,1
4929,CGAATCGATTCATC,1
4930,CGACGTCTTCCTAT,1
4931,CGACTCTGAAGCCT,1
4932,CGAGAACTGTTACG,1
4933,CGAGGAGAAGAAGT,1
4934,CGAGGAGACTGAAC,1
4935,CGAGGAGACTGCAA,1
4936,CGAGGGCTCGACTA,1
4937,CGATACGAGCTTCC,1
4938,CGATCCACGTACGT,1
4939,CGCAAATGCGCTAA,1
4940,CGCACTACATCTCT,1
4941,CGCATAGATTCTTG,1
4942,CGCCATTGACCACA,1
4943,CGCCTAACTCTTAC,1
4944,CGCTACACCAGAGG,1
4945,CGCTACACGCTGAT,1
4946,CGCTACTGCAGTCA,1
4947,CGGACCGAACCTAG,1
4948,CGGACCGACAGATC,2
4949,CGGCACGACGGAGA,1
4950,CGGCCAGAGGCATT,1
4951,CGGCGAACACACGT,1
4952,CGTAACGACAAAGA,1
4953,CGTCAAGACATTGG,1
4954,CGTCAAGATGCGTA,1
4955,CGTCGACTGCGGAA,1
4956,CGTGATGACACTGA,2
4957,CGTTAACTTATGGC,1
4958,CGTTAGGATCCTTA,1
4959,CGTTAGGATTTGGG,1
4960,CGTTTAACACGTTG,1
4961,CTAAACCTCTACGA,1
4962,CTAACGGACTGGAT,1
4963,CTAACTACATGTCG,1
4964,CTAATAGAAGACTC,1
4965,CTACTATGGTATCG,1
4966,CTACTCCTTCCTAT,2
4967,CTAGATCTACGTGT,1
4968,CTAGGATGTCCTAT,1
4969,CTAGGTGAGGACTT,1
4970,CTATACTGTCCGAA,1
4971,CTATGTACACGGTT,1
4972,CTCAGCACTCTATC,1
4973,CTCAGGCTGACGTT,1
4974,CTCATTGAAGGAGC,1
4975,CTCCTACTGGGATG,2
4976,CTCGACACCTCTTA,1
4977,CTCGCATGCTGGAT,1
4978,CTCGCATGCTGGTA,1
4979,CTCGCATGGCTCCT,1
4980,CTGACCACAGAGGC,1
4981,CTGAGCCTACCCTC,2
4982,CTGATACTCCGTTC,1
4983,CTGATTTGATAAGG,1
4984,CTGGCACTCCGATA,1
4985,CTGGCACTTTACTC,1
4986,CTTAAGCTCTGTAG,1
4987,CTTACTGATCCAAG,1
4988,CTTAGACTAAAAGC,1
4989,CTTCATGACATTGG,1
4990,CTTCATGATCGTAG,1
4991,CTTCTAGAAGAACA,1
4992,CTTCTAGATCCTAT,1
4993,CTTGATTGGAATAG,1
4994,CTTGTATGACCGAT,1
4995,CTTTCAGAGGACGA,1
4996,CTTTGATGCCGTTC,1
4997,GAAACAGAATGACC,1
4998,GAAACAGATCGTTT,2
4999,GAAATACTCTATTC,1
5000,GAACACACAAAGTG,1
5001,GAACACACGCTCCT,1
5002,GAACGGGAGCTGAT,1
5003,GAAGCTACGTTCAG,1
5004,GAAGTAGATTTGGG,1
5005,GAAGTGCTTAACGC,1
5006,GAATGCTGCAGATC,1
5007,GAATGCTGTTCCCG,1
5008,GAATGGCTGTATGC,1
5009,GAATTAACTGTCTT,1
5010,GACAACACGTAGCT,1
5011,GACACTGATCTTCA,1
5012,GACATTCTGTTACG,1
5013,GACCTCACTCATTC,1
5014,GACGAGGAAGCCAT,2
5015,GACGATTGATCAGC,2
5016,GACGATTGCTGTAG,1
5017,GACGTATGCTTAGG,1
5018,GACTCCTGTAGCGT,1
5019,GACTGAACCTCTAT,1
5020,GAGATAGATGCATG,2
5021,GAGATCACGTTTGG,1
5022,GAGATGCTAAGCCT,1
5023,GAGCAACTATGTGC,1
5024,GAGCGAGACGTTGA,1
5025,GAGCGCACCCATAG,1
5026,GAGCGCACGTTAGC,1
5027,GAGCGGCTTGAGCT,1
5028,GAGCTCCTTGAACC,1
5029,GAGGATCTCCACCT,1
5030,GAGGCAGACTACCC,2
5031,GAGGCAGAGACGAG,2
5032,GAGGGATGCCTATT,1
5033,GAGGGATGTAAGGA,1
5034,GAGGTGGAAGAGAT,1
5035,GAGGTTTGGACAGG,1
5036,GAGTAAGAGACTAC,1
5037,GAGTAAGATGAGCT,1
5038,GAGTACTGGAAGGC,1
5039,GAGTGGGACTGGTA,1
5040,GATAAGGAAGTGCT,1
5041,GATACTCTGTGCTA,1
5042,GATATAACTCATTC,1
5043,GATCGAACAGAGTA,1
5044,GATCGTGACAGTTG,1
5045,GATCTACTCAGAAA,1
5046,GATGCATGCGGGAA,1
5047,GATTACCTTGCAGT,1
5048,GATTCGGAGAGGAC,1
5049,GATTCTACTAGAAG,1
5050,GATTCTTGTGAGAA,1
5051,GATTGGACCTCCAC,1
5052,GCAACTGAACGTAC,1
5053,GCAATTCTAGCGGA,1
5054,GCAATTCTCCTTAT,3
5055,GCACAATGAGAGTA,2
5056,GCACCTACAACGTC,1
5057,GCACGTCTTCAGAC,2
5058,GCACTGCTGAATAG,1
5059,GCAGATACGGAAAT,1
5060,GCAGCTCTACTCTT,1
5061,GCAGCTCTTGATGC,1
5062,GCAGTTGACAGATC,1
5063,GCAGTTGATTGCGA,1
5064,GCATCAGAGCGGAA,1
5065,GCATGTGACTGCAA,1
5066,GCCACTACAGCTCA,1
5067,GCCATCACAAACGA,2
5068,GCCATCACGCGAGA,1
5069,GCCATCACGGAGGT,1
5070,GCCGAGTGACTGGT,1
5071,GCCGAGTGGGTCAT,2
5072,GCCTAGCTCCGATA,1
5073,GCGACTCTTCAGGT,1
5074,GCGACTCTTTCGCC,1
5075,GCGAGCACGTCGAT,1
5076,GCGCATCTTTGTCT,1
5077,GCGCGATGACGGGA,1
5078,GCGGACTGGATACC,1
5079,GCGTAAACGTTCGA,1
5080,GCGTAAACTGTGGT,1
5081,GCGTAAACTTCTAC,1
5082,GCTACAGATACTCT,1
5083,GCTAGATGAGAACA,1
5084,GCTAGATGGGACTT,1
5085,GCTATACTCACACA,1
5086,GCTCACTGAAAACG,1
5087,GCTCACTGGAGGAC,1
5088,GCTCGACTCATTGG,1
5089,GCTTAACTACTAGC,1
5090,GGAAGGTGGGTGGA,1
5091,GGACAGGAGCGTAT,1
5092,GGACCGTGGCCAAT,1
5093,GGACGCTGCCGTTC,1
5094,GGACTATGAAACAG,1
5095,GGAGCAGATCGATG,1
5096,GGAGTTTGGGCGAA,1
5097,GGATACTGGCTAAC,1
5098,GGATGTTGAGAATG,1
5099,GGATTGTGTGCTAG,1
5100,GGATTTCTGTTCTT,1
5101,GGATTTCTGTTGAC,1
5102,GGCAATACTAGTCG,1
5103,GGCACTCTAAGGGC,2
5104,GGCACTCTCCCTTG,1
5105,GGCCAGACTTCATC,1
5106,GGCCGAACCTACTT,1
5107,GGCCGATGCTGCTC,2
5108,GGCGACTGCTGGAT,1
5109,GGCGACTGTTGGCA,1
5110,GGCGACTGTTTCGT,1
5111,GGCTACCTACACAC,1
5112,GGCTACCTTGTTCT,1
5113,GGCTCACTAATGCC,2
5114,GGGAACGAAAGCAA,1
5115,GGGAAGTGCTGTGA,1
5116,GGGAAGTGGTGTTG,1
5117,GGGACCACACCATG,1
5118,GGGATGGAGGCAAG,1
5119,GGGATTACCCAATG,2
5120,GGGCACACAGGCGA,2
5121,GGGTAACTGAGAGC,1
5122,GGGTTAACGTTGAC,1
5123,GGGTTATGGCATCA,2
5124,GGTACATGTTCGTT,1
5125,GGTAGTACGTTTGG,1
5126,GTAACGTGTGCCTC,1
5127,GTAAGCACGAGACG,1
5128,GTACGAACGCTATG,1
5129,GTACTACTATTCGG,2
5130,GTAGACTGTAAGCC,1
5131,GTAGTGACCCCACT,1
5132,GTAGTGTGCCCAAA,1
5133,GTATCACTGCATCA,1
5134,GTATTAGACAACTG,1
5135,GTCACAGAGTTACG,1
5136,GTCACCTGAACGTC,1
5137,GTCATACTCTGGAT,1
5138,GTCCAGCTAAAAGC,1
5139,GTCCCATGGAATCC,1
5140,GTCGAATGGCTATG,1
5141,GTCGACCTTCATTC,1
5142,GTCGCACTCTCTTA,1
5143,GTCTAGGACTCTTA,1
5144,GTGACAACTAAGGA,1
5145,GTGACCCTGAAACA,1
5146,GTGAGGGAGCCCTT,2
5147,GTGATCGATTCTTG,1
5148,GTGATGACACTCTT,1
5149,GTGATGACGGGCAA,1
5150,GTGGAGGACCTTCG,1
5151,GTGGATTGCGTAAC,1
5152,GTGTGATGCCAATG,2
5153,GTTACTACACAGTC,1
5154,GTTAGTCTTTCCGC,1
5155,GTTATAGACGTAGT,1
5156,GTTGATCTAGGAGC,2
5157,GTTGATCTCAGGAG,1
5158,GTTGGATGAACCGT,1
5159,GTTTAAGATCCTCG,1
5160,TAAATGTGAGAGTA,1
5161,TAAATGTGAGCCAT,2
5162,TAAATGTGCCTTTA,1
5163,TAACAATGCCACAA,1
5164,TAACACCTAAGGCG,1
5165,TAACGTCTGGAGCA,1
5166,TAAGGGCTACGGTT,1
5167,TAAGTAACGAATGA,1
5168,TAAGTCCTGTTCAG,1
5169,TAATCCACACGTTG,1
5170,TAATCCACCTGTTT,1
5171,TAATGAACCGACAT,1
5172,TAATGAACGTCACA,1
5173,TAATGCCTTACAGC,1
5174,TAATGCCTTGTAGC,1
5175,TAATGTGACACCAA,1
5176,TACACACTGTGCTA,1
5177,TACATAGACTAGCA,1
5178,TACATCACACTTTC,1
5179,TACATCACTTCCAT,1
5180,TACCGAGACCCGTT,1
5181,TACCGAGACTCCCA,1
5182,TACCGCTGGGAAAT,1
5183,TACCGGCTCCCGTT,1
5184,TACCGGCTGCTACA,2
5185,TACGACGAATGTGC,1
5186,TACGTACTCACCAA,2
5187,TACGTTACCGAACT,1
5188,TACGTTACTCGACA,1
5189,TACTCCCTTCTGGA,1
5190,TACTCTGACCACCT,2
5191,TAGAGAGAGTACAC,1
5192,TAGATTGAAGTAGA,1
5193,TAGGACTGGGTAGG,1
5194,TAGGACTGGTCACA,1
5195,TAGGCTGAGAGGGT,1
5196,TAGGGACTCCTCCA,1
5197,TAGGTGACGTCAAC,1
5198,TAGGTGTGCCGAAT,1
5199,TAGTAAACCGTTAG,1
5200,TAGTAATGCGCTAA,1
5201,TAGTATGAGACAAA,1
5202,TAGTCACTCATTCT,1
5203,TAGTCACTGAAAGT,1
5204,TAGTGGTGAAGCAA,1
5205,TAGTGGTGTTACTC,1
5206,TAGTTCACTGCTTT,1
5207,TATAAGACAAACGA,1
5208,TATACAGAGGTGAG,1
5209,TATACGCTGGAGTG,1
5210,TATAGATGCCGTTC,1
5211,TATAGCCTGTAGGG,1
5212,TATAGCCTGTGTAC,2
5213,TATCAAGAAAGAGT,1
5214,TATCCAACGACGAG,1
5215,TATCGACTACGACT,1
5216,TATCTTCTAGTCAC,1
5217,TATGGGTGGAACCT,1
5218,TATGGGTGGCGGAA,1
5219,TATGGGTGTCGTAG,1
5220,TCAAGGTGAGTTCG,1
5221,TCAAGGTGGGTGTT,1
5222,TCAAGTCTCATGGT,1
5223,TCACAACTGAAACA,1
5224,TCACGAGAGGAGGT,1
5225,TCACTATGGCCTTC,1
5226,TCACTATGTTGTGG,1
5227,TCAGCAGACTGCTC,1
5228,TCAGCAGATTCATC,1
5229,TCAGGATGCGGTAT,2
5230,TCAGTTACGGTTAC,1
5231,TCAGTTACTACGAC,1
5232,TCATGTACCTGATG,1
5233,TCCATCCTTTCTTG,1
5234,TCCCAGACTGTCCC,1
5235,TCCGGACTTTGGCA,1
5236,TCCTAAACAAGTAG,2
5237,TCCTATGATCTCAT,2
5238,TCGAATCTGAGATA,1
5239,TCGATTTGCGAACT,2
5240,TCGATTTGTTCTAC,1
5241,TCGCACACGTTTGG,1
5242,TCGCCATGCAGATC,1
5243,TCGGTAGAGCCATA,2
5244,TCGTGAGATGAAGA,1
5245,TCTACAACGGTAAA,2
5246,TCTCTAGAGGGATG,1
5247,TCTTCAGATGGTTG,1
5248,TGAAGCTGTCAGGT,1
5249,TGAATAACACGTGT,1
5250,TGAATAACGGTGTT,1
5251,TGACCAGAGGGCAA,1
5252,TGACGAACAGCCAT,1
5253,TGACGAACTCACGA,1
5254,TGACGATGCCCACT,1
5255,TGACTGGATCGTTT,2
5256,TGACTTACACGGGA,1
5257,TGAGCTGAGAGCAG,1
5258,TGATAAACAGAAGT,1
5259,TGATATGACCGAAT,1
5260,TGATTCACCCGTAA,1
5261,TGCACAGAATGTCG,1
5262,TGCACGCTAGATGA,1
5263,TGCCAAGATCGCTC,1
5264,TGCGATGAATGGTC,1
5265,TGCGCACTTTCCGC,1
5266,TGCGTAGAACTCTT,1
5267,TGCGTAGAATCACG,1
5268,TGCTAGGATCACCC,2
5269,TGCTTAACATGTGC,2
5270,TGGAACTGTTCGGA,1
5271,TGGACCCTTCAGGT,1
5272,TGGCACCTTCGCTC,1
5273,TGGGTATGCCTCGT,2
5274,TGGTACGAACGCTA,1
5275,TGGTAGTGAACAGA,1
5276,TGTAGGTGTCCGAA,1
5277,TGTAGTCTACGCTA,1
5278,TGTAGTCTGAGGTG,1
5279,TGTAGTCTGGGCAA,1
5280,TGTAGTCTTGCCTC,1
5281,TGTATGCTGGACGA,1
5282,TGTATGCTGTTCTT,1
5283,TGTGAGACCCACAA,1
5284,TGTGAGTGCTGTGA,1
5285,TGTTAAGAGGTCTA,1
5286,TTACGACTGTTACG,1
5287,TTACGTACATTTCC,1
5288,TTAGCTACCGAATC,1
5289,TTAGGTCTCTCGCT,2
5290,TTATGAGACTGTGA,1
5291,TTCAACACTGTTCT,2
5292,TTCAAGCTCTAAGC,1
5293,TTCACCCTACTGTG,2
5294,TTCAGTTGCTACGA,1
5295,TTCATCGACTACGA,1
5296,TTCCCACTCTGAAC,2
5297,TTCCTAGATACTTC,1
5298,TTCGAGGATAAGGA,2
5299,TTCGATTGTCACGA,1
5300,TTCGGAGATGGAGG,1
5301,TTCGTATGGCTGTA,1
5302,TTCTAGTGCCGTTC,1
5303,TTCTCAGAGCATAC,1
5304,TTCTTACTTCTCAT,2
5305,TTGCATTGTGTTTC,1
5306,TTGTACACAAAGTG,1
5307,TTGTAGCTAATGCC,1
5308,TTTAGCTGGGTTTG,1
5309,TTTATCCTTATGGC,1
5310,TTTGACTGCTTCCG,1
5311,AAAGCCTGTACGAC,1
5312,ACGCCTTGTTGTCT,1
5313,AGACGTACTCTAGG,1
5314,AGGGACGATTCAGG,1
5315,AGTGTTCTAGAGGC,2
5316,ATATGAACTACTTC,1
5317,ATGATAACTCGCAA,1
5318,ATTGTCTGGGAGTG,1
5319,CACTAACTATAAGG,1
5320,CAGTGTGAAAGTAG,1
5321,CATCAGGAATGACC,1
5322,CATCGCTGAGACTC,2
5323,CCTGAGCTGCTCCT,1
5324,CGAAGACTTCGCAA,1
5325,CGCAAATGATTTCC,1
5326,CGGCCAGATTGCGA,1
5327,CTATTGACCTGCAA,1
5328,CTGATTTGCCTTGC,1
5329,GAAGGTCTTTATCC,1
5330,GACAGTTGGGTAAA,1
5331,GAGGTACTTTTACC,2
5332,GATTCTTGTGACAC,1
5333,GCCACTACTACTGG,2
5334,GCGGGACTCCAGTA,1
5335,GCTACGCTGTGCTA,2
5336,GGACGAGAGCCATA,1
5337,GGATGTTGCTGTGA,1
5338,GTTAACCTCGAGTT,1
5339,TATCGACTCTTATC,1
5340,TCAAGTCTTAAGGA,1
5341,TGGACTGAACCCTC,1
5342,TGTGATCTCAGAGG,1
5343,ACACGTGATCCCAC,2
5344,ACAGGTACTGACAC,1
5345,ACCAGCCTCAGTTG,1
5346,ACCCAAGAGTGCAT,1
5347,ACGGTAACTGTCTT,1
5348,AGAGAAACAGAACA,1
5349,AGCACAACTGCTAG,1
5350,ATAATCGAGTTCTT,1
5351,ATGTCGGACGAATC,1
5352,ATTACCACACCAGT,1
5353,CAAGCATGGATGAA,1
5354,CACTATACCGCAAT,1
5355,CCGTAAGACCGTTC,1
5356,CGGTCACTGAGGTG,1
5357,CTGACCACACGTGT,1
5358,CTTAAAGATGAGCT,1
5359,CTTACATGAGTCGT,1
5360,GAAAGTGATTCGTT,2
5361,GAAGCGGACATTTC,1
5362,GCGCATCTGTAGCT,1
5363,GGCGCATGTTGCGA,1
5364,GGCTAAACTCGTGA,1
5365,GTTGTACTTCCTAT,1
5366,TAAACAACCCTGTC,1
5367,TACATCACACAGCT,1
5368,TCGATACTTCGCAA,1
5369,TGGAACTGAGATCC,1
5370,TGTTAAGAAGCCTA,1
5371,TTCAAAGATTGACG,1
5372,TTCGGAGAGGTGGA,1
5373,TTGGTACTCATCAG,1
5374,AAACCGTGCTGTTT,1
5375,AAAGATCTAGGGTG,1
5376,AAAGATCTTTCATC,1
5377,AAATACTGCTCGCT,1
5378,AAATCCCTCCCTTG,1
5379,AACAATACAACTGC,1
5380,AACCCAGAAGTGCT,1
5381,AACTACCTAACTGC,1
5382,AACTCACTCATTGG,1
5383,AAGGCTTGGTAAGA,1
5384,AAGTATACACGCAT,1
5385,AAGTCCGATAAAGG,1
5386,AATAACACTCCCAC,1
5387,AATGATACGTCACA,1
5388,AATTGATGAAGGTA,1
5389,AATTGTGAGTTACG,1
5390,ACAAATTGTTCGCC,1
5391,ACAAGAGAGTCACA,1
5392,ACAAGAGATCGTGA,1
5393,ACACGAACTTTACC,1
5394,ACAGACACAGGAGC,1
5395,ACAGACACGAGCTT,1
5396,ACATCACTAACCGT,2
5397,ACCAACGAAAACGA,1
5398,ACCACAGACCAAGT,1
5399,ACCACCTGACACGT,1
5400,ACCCGTTGTGCTAG,1
5401,ACCCTCGAACGACT,1
5402,ACCTCGTGGGACGA,2
5403,ACGCCTTGCAACCA,1
5404,ACGGCGTGAACCAC,1
5405,ACGGTAACGAATAG,1
5406,ACGGTCCTTTTCAC,1
5407,ACGTAGACGAACCT,1
5408,ACGTCAGATCGTAG,1
5409,ACGTCCTGAAGATG,1
5410,ACGTTACTCTGCAA,1
5411,ACGTTTACCACTTT,1
5412,ACGTTTACTAGAAG,1
5413,ACTAAAACCAGTTG,1
5414,ACTGCCTGACTCAG,1
5415,ACTGGCCTGATAGA,1
5416,ACTTAGCTTGGTTG,1
5417,ACTTCCCTCTGGAT,1
5418,AGAAAGTGACCAGT,1
5419,AGACCTGAGTTCAG,1
5420,AGAGAATGACACTG,1
5421,AGCATTCTTCGTAG,1
5422,AGCGGCACAGTTCG,1
5423,AGGAGTCTTTCAGG,1
5424,AGGCAGGATTCCCG,2
5425,AGGGCGCTTTCTAC,1
5426,AGGGTTTGGGTAAA,2
5427,AGGTTGTGGGAGGT,1
5428,AGTAATTGACACAC,1
5429,AGTATAACTGAGCT,1
5430,AGTCCAGATATCGG,1
5431,AGTCGCCTCCATGA,1
5432,AGTGCAACGCGAGA,1
5433,AGTGTTCTCAGTCA,1
5434,AGTGTTCTCTTCGC,2
5435,AGTTTAGAACTGGT,2
5436,ATAACCCTGACGAG,1
5437,ATAAGTTGTGTCTT,1
5438,ATAATGACCTTGGA,2
5439,ATAGAACTTTCGCC,2
5440,ATAGATACGTTCTT,1
5441,ATAGCCGAAAAGCA,1
5442,ATAGCCGACTACCC,1
5443,ATAGGAGAGTACCA,1
5444,ATAGGCTGCCTGTC,1
5445,ATAGTCCTCTATGG,1
5446,ATAGTTGATTGTCT,1
5447,ATATACGATAAGCC,1
5448,ATATAGTGGGTCAT,1
5449,ATATAGTGTCCTAT,1
5450,ATATGAACGCATCA,2
5451,ATCAAATGCCTACC,1
5452,ATCAAATGTTCTGT,1
5453,ATCAACCTTCAAGC,1
5454,ATCACACTCAAGCT,1
5455,ATCACGGAACCTGA,1
5456,ATCACTACATCTTC,1
5457,ATCACTTGTTCGCC,1
5458,ATCAGGTGCGCATA,1
5459,ATCGCCTGGGTAAA,2
5460,ATCTACTGTGGTCA,1
5461,ATCTCAACCGTACA,1
5462,ATCTGGGAAGGTTC,1
5463,ATCTTGACACAGCT,1
5464,ATCTTTCTGTTCAG,2
5465,ATGAAGGATGACAC,1
5466,ATGCACGATGACAC,1
5467,ATGCCAGAAGCGGA,1
5468,ATGGGTACTTCCCG,1
5469,ATGTTGCTGCCAAT,1
5470,ATTCCATGGTGTAC,1
5471,ATTGAAACTGGTGT,1
5472,ATTGATGACTCCCA,1
5473,ATTGTAGATGCGTA,1
5474,ATTTCGTGAAGCCT,1
5475,CAACCAGACATCAG,2
5476,CAACGTGAACGGGA,1
5477,CAACTTTGTGAGAA,1
5478,CAAGCTGAACGCAT,1
5479,CAAGTTCTGTACAC,1
5480,CAATAATGATCGGT,3
5481,CAATAATGTCTACT,1
5482,CAATGGACTGTGAC,2
5483,CAATTCTGACCTAG,1
5484,CACACCTGCATTGG,1
5485,CACAGATGGAAGGC,1
5486,CACAGTGAGGAGGT,1
5487,CACCACTGCCATAG,1
5488,CACCTGACTCATTC,1
5489,CACGATGAGAGGAC,2
5490,CACGCTACGTTGTG-1,0
5491,CACGCTACTTGTGG,1
5492,CAGACAACTGCAAC,1
5493,CAGATCGAGGTATC,1
5494,CAGCCTACCGAGAG,1
5495,CAGCGTCTACGTAC,1
5496,CAGCTAGAAAGCCT,1
5497,CAGCTCACTGAGCT,1
5498,CAGGTAACTGGCAT,1
5499,CAGTTGGAGTGAGG,1
5500,CAGTTGGATACTTC,1
5501,CAGTTTACTCACGA,1
5502,CATACTTGACCTGA,1
5503,CATCAGGAGAGCTT,1
5504,CATCTCCTAACGAA,1
5505,CATGCCACGACTAC,1
5506,CATTACACACCTGA,1
5507,CATTCCCTATGTGC,2
5508,CATTCCCTTTTCGT,1
5509,CATTGACTACGGAG,1
5510,CATTTCGAAACCTG,1
5511,CCACTGACCTTCCG,1
5512,CCACTGTGTAGAGA,1
5513,CCAGAAACCATACG,1
5514,CCAGCACTTGCAGT,1
5515,CCAGTCACGCTGTA,1
5516,CCAGTCTGCGTCTC,1
5517,CCATCCGACATTTC,1
5518,CCATCCGAGTGTTG,2
5519,CCCAACTGTTGGCA,2
5520,CCGACACTTGGGAG,1
5521,CCGCGAGATGACTG,1
5522,CCGGTACTTTACTC,1
5523,CCGTACACCCGAAT,1
5524,CCTATAACTGTAGC,2
5525,CCTCGAACCCTTAT,1
5526,CCTCGAACCTTCCG,1
5527,CCTCTACTCTCAGA,1
5528,CCTGCAACGCAGTT,1
5529,CCTGCAACGTGTTG,1
5530,CGAACATGCAATCG,1
5531,CGAAGACTAAACAG,1
5532,CGAAGGGATTTGCT,1
5533,CGACTCACCCCTAC,1
5534,CGACTCACGCTATG,1
5535,CGAGCGTGGAGCAG,1
5536,CGAGGCACCGCCTT,1
5537,CGATCAGAGCTACA,1
5538,CGCAGGACCAGGAG,1
5539,CGCCGAGAACCATG,1
5540,CGCGATCTCTGATG,1
5541,CGGAATTGGCGATT,1
5542,CGGAATTGGCTACA,1
5543,CGGAGGCTGTACAC,1
5544,CGGAGGCTTCGTAG,1
5545,CGGCCAGATCTACT,1
5546,CGGCGAACTGGTAC,1
5547,CGGGCATGCCATAG,1
5548,CGGTACCTCTCGCT,1
5549,CGTACAGAAAAGCA,1
5550,CGTCCATGAGACTC,1
5551,CGTGATGATCTAGG,1
5552,CGTTAGGATGGAAA,1
5553,CTACCTCTGGACTT,1
5554,CTACGCACCTGTTT,1
5555,CTAGGTGAACGGGA,1
5556,CTAGGTGAGCGTTA,1
5557,CTAGTTTGTCCCGT,1
5558,CTATAAGATCCCAC,1
5559,CTCAGCACGGTTCA,1
5560,CTCCTACTAGCGGA,1
5561,CTCGAAGACTGAAC,2
5562,CTCGACACGAGGCA,1
5563,CTGAAGTGAGCATC,3
5564,CTGAAGTGGTCTAG,2
5565,CTGAAGTGTTCACT,2
5566,CTGATTTGTCGATG,1
5567,CTGCCAACTGACCA,1
5568,CTGCGACTGAATGA,1
5569,CTGGATGAAGACTC,1
5570,CTGGATGATGTCAG,1
5571,CTTCATGATGCTCC,1
5572,CTTGATTGACTTTC,1
5573,GAACTGTGAGCGGA,1
5574,GAAGTCTGAGGAGC,1
5575,GAATTAACGCCATA,2
5576,GACAGGGAACAGTC,1
5577,GACAGTTGTATGGC,1
5578,GACCTAGACAAGCT,1
5579,GACCTCACGACGAG,1
5580,GACCTCTGCCGTTC,1
5581,GACGAACTTGCAAC,1
5582,GACGCTCTTAAGGA,1
5583,GACTGATGTCCAGA,2
5584,GAGATAGAGCGTTA,1
5585,GAGCGCACTGCATG,1
5586,GAGCTCCTAACAGA,1
5587,GAGGTTACTCCTAT,1
5588,GATAATACATCTTC,1
5589,GATATAACTAAGCC,1
5590,GATATATGTGGCAT,1
5591,GATATCCTTGAACC,1
5592,GATTCGGACCGCTT,1
5593,GATTCGGATTATCC,1
5594,GCAATCGATATTCC,1
5595,GCACAATGTTCTAC,2
5596,GCACCTTGACGCAT,1
5597,GCACCTTGAGATGA,1
5598,GCACTGCTGAAAGT,1
5599,GCAGCTCTCCGTTC,1
5600,GCCAACCTTCGCTC,2
5601,GCCTAGCTCCTAAG,1
5602,GCCTAGCTTGACAC,1
5603,GCCTGACTTCGATG,1
5604,GCGAAGGACATTGG,1
5605,GCGATATGATCTTC,1
5606,GCGGACTGTGGTGT,1
5607,GCGTATGATGCATG,1
5608,GCTCACTGTGTGAC,1
5609,GCTCAGCTCTTACT,1
5610,GCTCCATGCTTCCG,1
5611,GCTGATGAAAGAGT,1
5612,GCTTGAGAGAGGAC,1
5613,GGAAGGACAGGCGA,1
5614,GGAAGGACTGCTAG,1
5615,GGAATCTGGTTGAC,1
5616,GGACAGGAAGCCAT,1
5617,GGATACTGACTCTT,1
5618,GGATTGTGCTTTAC,1
5619,GGCCACGAGTACCA,1
5620,GGCCAGACGATAGA,1
5621,GGCCGAACGTACGT,2
5622,GGCGCATGGTAAGA,1
5623,GGCTCACTGTGTAC,1
5624,GGGAACGATCCCAC,1
5625,GGGATGGAACTAGC,1
5626,GGGCAGCTAGATCC,1
5627,GGGCAGCTGTATCG,1
5628,GGGCAGCTGTATGC,2
5629,GGGTAACTTGCACA,1
5630,GGGTTAACTGTGGT,1
5631,GGGTTAACTTTACC,1
5632,GGTATCGATCTTCA,1
5633,GGTTGAACGTCTGA,1
5634,GTAAGCACGTCAAC,1
5635,GTAATAACGTTAGC,1
5636,GTAGACTGCTCGCT,1
5637,GTAGCCCTGGTGGA,1
5638,GTATCTACTGCTAG,1
5639,GTATTAGAGAAGGC,1
5640,GTCAACGATGAAGA,2
5641,GTCACAGAGACAGG,1
5642,GTCACAGATCGCTC,1
5643,GTCACCTGACGGAG,1
5644,GTCCACACGACTAC,1
5645,GTCCACACGGGTGA,1
5646,GTCCAGCTTCTCTA,1
5647,GTCCCATGACGGGA,1
5648,GTCGACCTTCTTAC,1
5649,GTCGCACTCAACCA,1
5650,GTCTAACTCACCAA,1
5651,GTGCCACTCTTTAC,1
5652,GTGGTAACAGCATC,1
5653,GTTAACCTCCTTTA,1
5654,GTTAGGTGAAGGGC,1
5655,GTTCAGGAGATAAG,1
5656,GTTTAAGAACACTG,1
5657,TAACAATGAACCTG,1
5658,TAACAATGCATGCA,1
5659,TAACATGATACTCT,2
5660,TAACCGGACATGCA,1
5661,TAACGTCTGTCCTC,1
5662,TAACTCACTCACGA,1
5663,TAACTCACTGCGTA,2
5664,TAAGAACTGGGATG,1
5665,TAAGCTCTAGGAGC,1
5666,TACGAGACTTTACC,1
5667,TACGCGCTTCCGAA,1
5668,TACGGAACAGCAAA,1
5669,TACGTTACGGTTAC,1
5670,TACTACACTTGACG,1
5671,TACTCTGAAATCGC,1
5672,TACTTTCTATTCCT,1
5673,TAGACGTGGTACGT,1
5674,TAGAGCACATCTTC,1
5675,TAGCTACTCGAATC,1
5676,TAGCTACTGCTTAG,1
5677,TAGGCAACTCGCTC-1,0
5678,TAGGCATGTCCCGT,1
5679,TAGGCATGTGTTTC,1
5680,TAGGCTGAGGTCTA,2
5681,TAGTCGGATCCCGT,1
5682,TATCAAGACTGGAT,1
5683,TATCGACTGTTCGA,1
5684,TATCTCGAAAGCAA,1
5685,TATCTCGATATTCC,1
5686,TATGGGACCGTAGT,1
5687,TATGGGACTAAGCC,1
5688,TATGTCACCAGAAA,1
5689,TCACCCGACGGAGA,1
5690,TCACCGTGGCGTTA,1
5691,TCACCGTGTCGCAA,1
5692,TCACCTCTTATGCG,1
5693,TCAGCGCTTAAGGA,1
5694,TCAGGATGTAGCGT,1
5695,TCAGGATGTGCTTT,1
5696,TCAGTGGACTTGAG,2
5697,TCAGTTACAACAGA,1
5698,TCATCAACAGGTTC,1
5699,TCATCCCTCCTACC,1
5700,TCCCATCTGTCTGA,1
5701,TCCCGATGAAGATG,1
5702,TCCGAAGAGAATAG,1
5703,TCGCAAGACCGCTT,1
5704,TCTACAACTTGAGC,1
5705,TCTAGACTCTTGCC,1
5706,TCTATGTGGTCTAG,1
5707,TCTCAAACTGTTTC,1
5708,TCTTCAGAGAAACA,1
5709,TGAAGCACGAACCT,1
5710,TGAGCAACTAAAGG,1
5711,TGAGTGACACCCTC,1
5712,TGATCACTGGATTC,1
5713,TGCATGGATGTTCT,1
5714,TGCGTAGAAGCTCA,1
5715,TGCTAGGAGTGCTA,1
5716,TGGAACTGACGTTG,1
5717,TGGAAGCTGTCCTC,1
5718,TGGAAGCTTCCTCG,1
5719,TGGATTCTAAACAG,1
5720,TGGATTCTTAGCCA,1
5721,TGGTCAGAATGCCA,1
5722,TGTAACCTGCTGAT,1
5723,TGTATCTGACCCTC,1
5724,TGTCAGGAGATAGA,1
5725,TGTGAGTGTGCATG,2
5726,TGTGAGTGTTTCGT,1
5727,TGTGATCTTAGAAG,1
5728,TGTTACACAAACAG,2
5729,TTACAGCTTAGCGT,2
5730,TTACCATGAGGGTG,1
5731,TTACCATGGGAACG,1
5732,TTACCATGTATGGC,1
5733,TTAGAATGTGTGGT,1
5734,TTAGACCTTCGTTT,1
5735,TTAGGGTGTCTAGG-1,0
5736,TTAGTCACCCCACT,1
5737,TTATCCGACTGTGA,1
5738,TTCACAACCTCAAG,1
5739,TTCCCACTTTGCGA,1
5740,TTCGTATGGGAGTG,1
5741,TTCTAGTGCGTTAG,1
5742,TTCTCAGAAAAAGC,2
5743,TTGGAGTGCTGATG,1
5744,TTTAGCTGCACTTT,1
5745,TTTAGCTGTGTCGA,1
5746,TTTCCAGAGTTGCA,1
5747,TTTCGAACGGACGA,1
5748,TTTGCATGTTATCC,1
5749,AAACGCACTCAGGT,1
5750,AAACTTGACACTAG,1
5751,AAAGACGAGAGCTT,1
5752,AAAGCCTGGTGCAT,1
5753,AAATCATGTGTGAC,1
5754,AAATCTGATGCGTA,1
5755,AAATTCGAAGGCGA,2
5756,AAATTCGAATTCCT,1
5757,AAATTGACACCTCC,2
5758,AACAAACTCCTAAG,1
5759,AACACGTGCCGTAA,1
5760,AACACTCTCTTCGC,1
5761,AACACTCTGGAGCA,1
5762,AACATTGACACTAG,2
5763,AACCACGACTGGAT,1
5764,AACCAGTGTTTCGT,1
5765,AACCGCCTCCAACA,1
5766,AACGCATGTGACTG,1
5767,AACGTCGACATGGT,1
5768,AACGTCGACCTTGC,1
5769,AACGTCGACTTGAG,1
5770,AACTCACTTCATTC,1
5771,AAGAAGACCCCTAC,1
5772,AAGAATCTCTATTC,1
5773,AAGACAGAGGAGGT,1
5774,AAGATTACTTTGGG,1
5775,AAGCCAACCTAAGC,1
5776,AAGCGACTTTGCAG,1
5777,AAGGTCACAGGTTC,1
5778,AAGTAACTAGATGA,1
5779,AAGTGCACGAGGGT,1
5780,AATAAGCTACCAGT,1
5781,AATCGGTGCTCCCA,1
5782,AATCTCACAGAATG,1
5783,AATCTCTGCCTGAA,1
5784,AATGATACCAACCA,1
5785,AATGCGTGAACCTG,2
5786,AATGGCTGGTCTGA,1
5787,AATTCCTGCTAAGC,1
5788,AATTCCTGGCTCCT,1
5789,ACAAATTGTTACTC,1
5790,ACAACCGACTTAGG,1
5791,ACACAGACGTTCGA,1
5792,ACACATCTAACAGA,1
5793,ACAGACACCTACGA,1
5794,ACAGGTACACTCTT,1
5795,ACAGTCGATAGCCA,1
5796,ACAGTGTGGTTCGA,1
5797,ACAGTTCTAACCAC,1
5798,ACATGGTGCTCGCT,1
5799,ACATTCTGCCCACT,1
5800,ACCACCTGCGGGAA,1
5801,ACCAGTGATAGTCG,1
5802,ACCATTTGGAGCAG,1
5803,ACCCGTACATCTCT-1,0
5804,ACCCGTTGCGCATA,2
5805,ACCCGTTGGTCTGA,1
5806,ACCGCGGAGATAGA,1
5807,ACCTGAGATAACGC,1
5808,ACCTGAGATTCGTT,1
5809,ACCTGGCTTGAACC,1
5810,ACGAAGCTCCTTCG,1
5811,ACGACAACCGTTAG,1
5812,ACGACCCTTGTCCC,2
5813,ACGAGGGATCTTAC,1
5814,ACGCCGGACCCTTG,1
5815,ACGCCGGACCTAAG,1
5816,ACGCCGGAGGTGTT,1
5817,ACGGAACTACCCAA,1
5818,ACGGAGGAGGAGGT,1
5819,ACGGATTGCGTAGT,1
5820,ACGGTAACGTTACG,1
5821,ACGGTCCTGTTAGC,1
5822,ACGTCAGACCGCTT,1
5823,ACGTTGGATGTCTT,1
5824,ACTAAAACGAATGA,1
5825,ACTACTACAACCAC,1
5826,ACTACTACAGCTAC,1
5827,ACTACTACCTCAAG,1
5828,ACTATCACCTTACT,1
5829,ACTCAGGAATCTTC,1
5830,ACTCGAGACATACG,1
5831,ACTCGCACCTTGAG,1
5832,ACTCTATGGGCGAA,1
5833,ACTCTATGTGATGC,1
5834,ACTTAAGACATTCT,1
5835,ACTTCCCTGTAGCT,1
5836,ACTTGGGAATACCG,1
5837,ACTTGGGAGTAAAG,1
5838,AGAAACGACCGCTT,1
5839,AGAACGCTGTGTCA,1
5840,AGAATGGACTGCTC,1
5841,AGAATGGATGTTCT,1
5842,AGAATTTGCCTTTA,1
5843,AGACACTGTTTCAC,1
5844,AGACTGACCGCATA,1
5845,AGACTTCTAAAACG,1
5846,AGACTTCTCTGTAG,2
5847,AGAGAAACCTGCAA,1
5848,AGAGAATGTAGAAG,1
5849,AGAGAATGTCTCTA,1
5850,AGAGATGAGACGAG-1,0
5851,AGAGATGAGTAAAG,1
5852,AGAGATGATTCCCG,1
5853,AGAGGTCTACCTGA,1
5854,AGAGTCTGATCTTC,2
5855,AGATCTCTCGTTAG,2
5856,AGCAACACCCTTTA,1
5857,AGCACAACAGGTTC,1
5858,AGCACAACCTGCAA,1
5859,AGCATCGATCGTAG,1
5860,AGCCTCTGACCTCC,1
5861,AGCCTCTGTCTCAT,1
5862,AGCGAACTCTTCTA,1
5863,AGCGATACGCTGTA,1
5864,AGCGATTGGTTTCT,1
5865,AGCGGGCTTCTCCG,2
5866,AGCTTTACCCGAAT,1
5867,AGGCAGGATTTCTG,1
5868,AGGCTAACTCGCTC,2
5869,AGGCTAACTGGAAA,1
5870,AGGGCCTGTCTATC,1
5871,AGGTACACCGTTGA,1
5872,AGGTACTGAGCTCA,1
5873,AGGTACTGCATTGG,1
5874,AGGTTCGACTCCCA,1
5875,AGGTTCGAGACGTT,1
5876,AGGTTCGATTCAGG,2
5877,AGGTTGTGGACGAG,1
5878,AGGTTGTGTGTGGT,1
5879,AGGTTGTGTTGCTT,3
5880,AGTAATTGATCGAC,1
5881,AGTACTCTTATCTC,1
5882,AGTATAACAAGGCG,1
5883,AGTATAACGGGAGT,1
5884,AGTCAGACTTCCGC,1
5885,AGTCGCCTCTACCC,1
5886,AGTCTACTGTGTCA,1
5887,AGTCTTACATGTCG,1
5888,AGTTAAACTCGTGA,1
5889,AGTTCTTGACACAC,1
5890,ATAAACACCTCTAT,1
5891,ATAATGACACGGGA,1
5892,ATACACCTCCTTCG,1
5893,ATACGTCTTCCGAA,1
5894,ATACGTCTTTTGGG,1
5895,ATACTCTGAAGATG,1
5896,ATACTCTGGTGTCA,1
5897,ATAGATTGCCATAG,1
5898,ATAGCGTGGAGCTT,1
5899,ATAGTTGACTGACA,1
5900,ATATAGTGGTATGC,1
5901,ATATGAACGAACTC,1
5902,ATCAACCTGCTAAC,1
5903,ATCACACTTAAAGG,1
5904,ATCACTACTCCAGA,1
5905,ATCATCTGGGAAGC,1
5906,ATCATGCTAGTCTG,1
5907,ATCCAGGAGTGCTA,1
5908,ATCCAGGATAACCG,1
5909,ATCCATACAGCAAA,1
5910,ATCCCGTGTTGTCT,1
5911,ATCCTAACCCTACC,1
5912,ATCGACGACTTGGA,1
5913,ATCGCCTGTCCTCG,1
5914,ATCGCGCTGCATCA,1
5915,ATCTACACTGGTCA,1
5916,ATCTACTGAAAGTG,1
5917,ATCTGACTGATAAG,2
5918,ATGAAGGAGTTGGT,1
5919,ATGCACGATCTCGC,1
5920,ATGCAGACGTAAGA,1
5921,ATGCAGACTCTCGC,1
5922,ATGCAGACTTGCGA,1
5923,ATGCAGTGATTGGC,2
5924,ATGCGATGTCTTTG,1
5925,ATGGGTACCTGTGA,1
5926,ATGGGTACGAGGTG,2
5927,ATGTAAACGAGATA,1
5928,ATGTACCTTGCCAA,1
5929,ATGTCGGATCGTGA,1
5930,ATGTCGGATCGTTT,1
5931,ATGTTAGAACTGGT,1
5932,ATGTTAGACCACCT,1
5933,ATGTTCACTCCTCG,1
5934,ATGTTGCTACACAC,1
5935,ATTACCTGTATGCG,1
5936,ATTAGTGAATCGAC,1
5937,ATTCCAACGATAGA,1
5938,ATTCGGGACTTACT,1
5939,ATTCGGGACTTCTA,1
5940,ATTGCGGATCGCCT,1
5941,ATTGCTTGGCGTAT,1
5942,ATTGGTCTGCTACA,1
5943,ATTTAGGACCCACT,1
5944,ATTTCGTGTGATGC,1
5945,CAACAGACGTTGTG,1
5946,CAACCAGAACTAGC,1
5947,CAAGAAGAAAGTGA,1
5948,CAAGACTGACTACG,1
5949,CAAGACTGCGGGAA,1
5950,CAAGCATGTAAAGG,1
5951,CAAGCCCTATGCTG,1
5952,CAATGGACACACAC,1
5953,CAATTCTGTGCGTA,1
5954,CACAACGATGTCCC,1
5955,CACAGATGAAGCAA,1
5956,CACAGCCTAAAACG,1
5957,CACCCATGACCGAT,1
5958,CACCCATGCCAGTA,1
5959,CACGCTACCACTAG,1
5960,CACTAACTAAAACG,1
5961,CACTATACAAGGGC,1
5962,CACTCTCTGGTCAT,1
5963,CACTGCTGTAGCGT,1
5964,CACTTTGATGCAAC,1
5965,CACTTTGATTCCAT,1
5966,CAGAAGCTCTGAAC,2
5967,CAGACAACCAGGAG-1,0
5968,CAGAGGGACCGAAT,1
5969,CAGAGGGAGGACGA,2
5970,CAGATCGATAACCG,1
5971,CAGATGACCCTGTC,1
5972,CAGCTAGAGGTAAA,1
5973,CAGCTCACGGCGAA,1
5974,CAGGAACTTCTGGA,1
5975,CAGTGTGAGAATCC,1
5976,CAGTGTGATTGTGG,2
5977,CAGTTACTAGAGTA,1
5978,CAGTTTACAAAGCA,1
5979,CATAAATGCTCGCT,1
5980,CATAGTCTCGCAAT,1
5981,CATAGTCTTGTCCC,1
5982,CATAGTCTTTCCGC,1
5983,CATCGGCTAGTGTC,1
5984,CATGAGACAAGATG,1
5985,CATGAGACGCAGAG,1
5986,CATGTTACGCTGTA,1
5987,CATTACACACACGT-1,0
5988,CATTCCCTTCTTAC,1
5989,CATTGACTGTCGTA,1
5990,CATTTCGATTATCC,1
5991,CATTTGACAGCGTT,1
5992,CCAAAGTGAACGAA,1
5993,CCAAGTGAGGTCTA,1
5994,CCAATGGAATCTCT,1
5995,CCAATGGAGAAACA,1
5996,CCACCTGATGAAGA,1
5997,CCACTGACAGAGGC,1
5998,CCACTGACCTCTAT,1
5999,CCACTGACGAACCT,1
6000,CCAGAAACACAGTC,1
6001,CCAGACCTAGAATG,1
6002,CCAGCACTGTTTCT,1
6003,CCAGCGGAGCAGTT,1
6004,CCAGTCACTCACGA,1
6005,CCAGTCTGGCAGTT,1
6006,CCATCCGAGTGTAC,1
6007,CCATGCTGCTGCAA,1
6008,CCCAAAGAACGGGA,1
6009,CCCAGACTATGCTG,1
6010,CCCAGACTGCCATA,1
6011,CCCATCGACAGTCA,1
6012,CCCATCGACCACCT,1
6013,CCCGGAGAGCTCCT,2
6014,CCCTACGAGATGAA,1
6015,CCCTAGTGTGCAAC,1
6016,CCCTGATGAGGAGC,1
6017,CCGAAAACTAGCGT,1
6018,CCGACTACAATCGC,1
6019,CCGATAGAGCTGAT,2
6020,CCGCTATGACCTAG,1
6021,CCGGAGTGATCAGC,1
6022,CCGTAAGAAACAGA,1
6023,CCGTAAGACTGCAA,1
6024,CCGTAAGATGACAC,1
6025,CCTAGAGACATGCA,1
6026,CCTAGAGATTTGCT,2
6027,CCTATAACCTCTTA,1
6028,CCTATTGACGTTGA,1
6029,CCTCTACTATTCGG,1
6030,CCTGAGCTGTTACG,1
6031,CCTGCAACAGAGAT,1
6032,CCTTAATGTCGTGA,1
6033,CGAAGACTAGTAGA,1
6034,CGAAGACTCGAGAG,2
6035,CGAATCGATGCCTC,1
6036,CGACAAACAACAGA,2
6037,CGACCGGAAGTGTC,1
6038,CGACCTACATCGAC,1
6039,CGACCTTGCGTTGA,1
6040,CGACTCACACGTTG,2
6041,CGACTCACGATGAA,1
6042,CGACTCACTCGTTT,1
6043,CGACTCTGAGGAGC,1
6044,CGACTCTGCTGAGT,1
6045,CGAGAACTTCTCGC,1
6046,CGAGCCGATTGCTT,1
6047,CGAGGAGAGTTGGT,1
6048,CGAGGCACCTTCGC,2
6049,CGATACGAGCGAGA,1
6050,CGATACGAGTGTTG,1
6051,CGATAGACATGACC,1
6052,CGATAGACGTCATG,1
6053,CGATAGACTACTCT,1
6054,CGATAGACTGTGAC,1
6055,CGATCAGAGAACTC,1
6056,CGCACTACCTGTTT,1
6057,CGCACTTGTCCTCG,1
6058,CGCATAGACTGGAT,1
6059,CGCATAGATCTGGA,1
6060,CGCGGATGCATGAC,1
6061,CGCGGATGCCATAG,1
6062,CGCTAAGAGCTGTA,1
6063,CGCTAAGATCAGGT,1
6064,CGCTACACGGTACT,1
6065,CGCTACACGGTCAT,2
6066,CGCTCATGCGCATA,1
6067,CGGAATTGTAGAGA,1
6068,CGGAATTGTTGGTG,1
6069,CGGACCGATCCAAG,1
6070,CGGCACGAGGGAGT,1
6071,CGGCCAGAGTTTCT,2
6072,CGGCGAACAGTTCG,1
6073,CGGCGAACCTCCAC,2
6074,CGTACAGACTTAGG,1
6075,CGTACAGATGTCTT,1
6076,CGTCAAGATGACTG,1
6077,CGTCCAACGCAGAG,1
6078,CGTCCATGCTCGCT,2
6079,CGTGAATGTAGCCA,1
6080,CGTGCACTTGTCGA,1
6081,CGTTATACCTTGCC,2
6082,CTAACGGATGCACA,1
6083,CTAACTACGCAAGG,1
6084,CTAAGGACGCGATT,1
6085,CTAATGCTTGAGCT,1
6086,CTACTATGTCCTGC,1
6087,CTAGAGACAGAAGT,1
6088,CTAGGTGACTCATT,1
6089,CTAGTTACGGTATC,1
6090,CTATAAGAAGTCAC,1
6091,CTATAAGAGTTGGT,1
6092,CTATACTGGTTGTG,1
6093,CTATAGCTACTGGT,1
6094,CTATCCCTCTCTTA,1
6095,CTATTGTGCACCAA,1
6096,CTCCATCTTAGCCA,2
6097,CTCCGAACTACAGC,1
6098,CTCCTACTACCCTC,1
6099,CTCCTACTTAGACC,1
6100,CTCTAATGTGGTCA,1
6101,CTGAACGATCTTCA,1
6102,CTGAAGTGTACGCA,1
6103,CTGACCACCACTTT,1
6104,CTGCCAACTGTCGA,1
6105,CTTAAGCTCTGAAC,1
6106,CTTACTGACTGCTC,1
6107,CTTCACCTTTCGTT,1
6108,CTTCATGAGAATGA,1
6109,CTTGAACTACACGT,1
6110,CTTGAACTAGAGGC,1
6111,CTTTAGACAAGGGC,1
6112,CTTTAGACTGTCTT,1
6113,CTTTAGTGCACTGA,1
6114,CTTTCAGATACTTC,1
6115,GAAACAGACCAGTA,1
6116,GAAACAGACTCCAC,1
6117,GAAACCTGCCGTAA,1
6118,GAACCTGACACTCC,2
6119,GAAGCTTGACTACG,1
6120,GAAGCTTGGGTGTT,1
6121,GAAGCTTGGTTGTG,1
6122,GAAGGGTGCCGCTT,1
6123,GAAGGGTGGGTCAT,2
6124,GAAGGTCTCACACA,1
6125,GAAGGTCTCCGAAT,2
6126,GAAGGTCTTGGATC,1
6127,GAATGGCTGCCTTC,1
6128,GACAGGGATACTCT,1
6129,GACAGTTGTTCACT,2
6130,GACCTCTGAGCTAC,1
6131,GACGGCACCCATAG,1
6132,GACGGCACGACAAA,1
6133,GACGTAACTATTCC,1
6134,GACTACGAGCTCCT,1
6135,GACTGAACTCCCGT,1
6136,GACTGTGAGGACAG,1
6137,GACTTTACTGGATC,1
6138,GAGAAATGCCACAA,1
6139,GAGATGCTCTGTAG,1
6140,GAGCATACCCATAG,1
6141,GAGGACGAACGTGT,1
6142,GAGGATCTGTAAAG,1
6143,GAGGATCTTACGAC,1
6144,GAGGCAGAACGTGT,1
6145,GAGGCAGAGACGAG-1,0
6146,GAGGCCACTAGAGA,1
6147,GAGGGTGACCGATA,1
6148,GAGGTACTAGAGAT,1
6149,GAGTCAACCTCCAC,1
6150,GAGTGGGAAAGGTA,1
6151,GATAAGGATATTCC,2
6152,GATAGAGAGTGTAC,1
6153,GATATAACGCCATA,1
6154,GATATCCTCGCTAA,1
6155,GATATCCTCGTGTA,1
6156,GATATTGACTCTCG,1
6157,GATCGATGAGAGAT,1
6158,GATCGATGATCGTG,1
6159,GATCGATGTGCTCC,1
6160,GATCGATGTGTCGA,1
6161,GATCTTTGCAGAGG,2
6162,GATGACACAAAAGC,1
6163,GATGACACGTTACG,1
6164,GATGCATGACAGTC,1
6165,GATGCCCTAGGAGC,1
6166,GATTACCTAAGCCT,1
6167,GATTGGTGAAAAGC,1
6168,GATTGGTGCTGACA,1
6169,GCACAAACAGCAAA,1
6170,GCACAAACCGTAGT,2
6171,GCACAAACTCCGAA,1
6172,GCACCACTGTCACA,1
6173,GCACCTACAACCTG,1
6174,GCACGGACAAGAGT-1,0
6175,GCACGGTGATTGGC,1
6176,GCACTGCTCCTCAC,1
6177,GCAGATACACGGGA,1
6178,GCAGATACAGTAGA,1
6179,GCAGCGTGCTCAAG,1
6180,GCAGTCCTTATGGC,1
6181,GCCAACCTTACTGG,1
6182,GCCACTACTTGAGC,1
6183,GCCCAACTCGGAGA,2
6184,GCCCAGGACCAGTA,1
6185,GCCGACGATCAGTG,1
6186,GCCGAGTGGCGAGA,1
6187,GCCGAGTGTCACCC,1
6188,GCCGGAACGTTACG,1
6189,GCCTGACTATGTGC,2
6190,GCGCACGAACACGT,1
6191,GCGCACGACAGCTA,1
6192,GCGCGATGGATACC,1
6193,GCGTAAACAAGGGC,2
6194,GCGTATGAACCTCC,1
6195,GCTACAGAGTTGTG,1
6196,GCTACCTGCACTTT,1
6197,GCTAGATGTGAGAA,1
6198,GCTATACTAAACGA,1
6199,GCTCAAGAGGATTC,1
6200,GGAACACTGGAAAT,1
6201,GGAACTACAACCAC,1
6202,GGAATCTGGTCTAG,1
6203,GGAATGCTCTTGGA,1
6204,GGACAACTGCAAGG,1
6205,GGACCCGACACTCC,1
6206,GGACCGTGTCAGGT,1
6207,GGACCTCTCTTAGG,1
6208,GGACGAGATGTTTC,1
6209,GGACTATGCTGGAT,1
6210,GGAGACGACGAACT,1
6211,GGAGGATGCCTTGC,1
6212,GGAGTTACGTTGAC,1
6213,GGATGTTGGTATCG,2
6214,GGATGTTGTTGCGA,1
6215,GGATTGTGTCATTC,1
6216,GGATTTCTAATCGC,1
6217,GGATTTCTACGTAC,1
6218,GGCAAGGATTAGGC,1
6219,GGCACGTGCGACTA,1
6220,GGCACGTGTTCGGA,1
6221,GGCATATGCGCTAA,1
6222,GGCCACGAGTCTGA,1
6223,GGCCAGACGGCAAG,1
6224,GGCCGATGGAGACG,1
6225,GGCCGATGTGTCGA,1
6226,GGCGACACGTGTAC,2
6227,GGCTACCTTCGTGA,1
6228,GGCTCACTCTCATT,1
6229,GGGAAGACACGGGA,1
6230,GGGAAGACATGTGC,2
6231,GGGAAGTGAGAACA,1
6232,GGGACCACCAGTCA,1
6233,GGGCAGCTAACCTG,1
6234,GGGCAGCTTTTGCT,1
6235,GGGCCAACAGTACC,1
6236,GGGCCAACGAGACG,1
6237,GGGCCATGTTGGTG,1
6238,GGGTTATGATGTCG,1
6239,GGGTTATGGTATGC,1
6240,GGTACAACACCTGA,1
6241,GGTAGTACCGAGTT,1
6242,GGTAGTACCTGGAT,1
6243,GGTCTAGAAATGCC,2
6244,GGTCTAGAGGGCAA,1
6245,GGTGATACCCAATG,1
6246,GGTTGAACAGTGCT,2
6247,GTAAGCTGTGACTG,1
6248,GTAATATGTACGCA,1
6249,GTACCCTGGAGCTT,1
6250,GTACGAACCCTCAC,1
6251,GTACTACTAGTACC,1
6252,GTAGACTGGGTCAT,1
6253,GTAGTGTGGGACAG,1
6254,GTAGTGTGTTGTGG,1
6255,GTATTAGACCTTGC,1
6256,GTATTCACTGCTAG,1
6257,GTCAATCTCATACG,1
6258,GTCAATCTCTACTT,3
6259,GTCACCTGAAGGCG-1,0
6260,GTCATACTTGTAGC,2
6261,GTCCAGCTTTTCAC,1
6262,GTCCCATGTTTCTG,1
6263,GTCGCACTCTGTGA,1
6264,GTGACCCTGTGTTG,1
6265,GTGACCCTTAAGCC,1
6266,GTGATGACTCCTAT,1
6267,GTGATTCTACTACG,1
6268,GTGCCACTGAATGA,1
6269,GTGGATTGCGTCTC,1
6270,GTGTATCTTGCCAA,1
6271,GTGTGATGTCCTCG,1
6272,GTGTGATGTTGTGG,1
6273,GTTACTACTTCCGC,2
6274,GTTGATCTTTTACC,1
6275,GTTGTACTCAACCA,1
6276,GTTTAAGATTCTCA,1
6277,TAAATCGATGAGAA,1
6278,TAAATCGATTACTC,1
6279,TAACATGAGCCATA,1
6280,TAACATGATCAGAC,1
6281,TAACATGATTATCC,1
6282,TAACCGGAGCGGAA,1
6283,TAACCGGAGTTACG,1
6284,TAAGAACTTTCACT,1
6285,TAAGCGTGCTTATC,1
6286,TAAGGCTGACGACT,1
6287,TAAGTAACCTTCGC,2
6288,TAAGTAACGAAACA,1
6289,TAAGTAACTGAACC,1
6290,TAATGATGAAAGTG,1
6291,TAATGCCTGAGACG,1
6292,TAATGCCTTGACTG,1
6293,TACCATTGATTTCC,1
6294,TACCATTGTTTGCT,1
6295,TACCGCTGACGGTT,1
6296,TACCGCTGAGTGTC,1
6297,TACGCAGAGCGTAT,1
6298,TACGCGCTTAGCCA,1
6299,TACTAAGATCCAAG,1
6300,TACTACTGCCGTAA,1
6301,TACTCAACAGTAGA,1
6302,TAGAAACTTGCAAC,1
6303,TAGACGTGCAGTTG,2
6304,TAGAGAGACCTTCG,2
6305,TAGATCCTGGTATC,1
6306,TAGCCCACCACTGA,1
6307,TAGCGATGAGCAAA,1
6308,TAGCGATGGAATGA,1
6309,TAGCTACTTTCAGG,1
6310,TAGGACTGTGATGC,1
6311,TAGGCTGAAGCCAT,1
6312,TAGGTCGAGACAAA,1
6313,TAGGTGTGGTTCTT,1
6314,TAGTAAACATCGAC,1
6315,TAGTACCTAGGTCT,2
6316,TAGTACCTAGTCTG,2
6317,TAGTCTTGAGCAAA,1
6318,TAGTCTTGGAATAG,1
6319,TAGTTAGACTTGCC,1
6320,TATAAGACCCTCGT,1
6321,TATAAGACGAACTC,1
6322,TATAGCCTCACTCC,1
6323,TATCAAGAAAGTAG,1
6324,TATCACTGCAAAGA,1
6325,TATCACTGCTCTAT,1
6326,TATCCTGAGCTGAT,1
6327,TATCGTACAGAGTA,1
6328,TATCGTACCTCGCT,1
6329,TATCGTACGAAACA,1
6330,TATCTGACCGTACA,1
6331,TATCTGACTGTTTC,1
6332,TATCTTCTCTCAGA,1
6333,TATCTTCTGGTAAA,1
6334,TATGTCACCTACCC,1
6335,TATGTCACGGAGGT,2
6336,TATGTCACTGTTTC,1
6337,TCAATCACCTGGTA,1
6338,TCAGACGAATCTTC,1
6339,TCAGACGATGCTAG,2
6340,TCAGTTACAAGCAA,2
6341,TCATCATGCTGTAG,1
6342,TCATCCCTCTAAGC,1
6343,TCATGTACTGCGTA,1
6344,TCCACGTGTGGAAA,1
6345,TCCACGTGTTCTTG,1
6346,TCCCGAACCCTCCA,1
6347,TCCCTACTGAATAG,1
6348,TCCCTACTGGGATG,1
6349,TCCGAGCTCTGTTT,1
6350,TCCGGACTAGAATG,1
6351,TCCGGACTCATTGG,1
6352,TCCTACCTGTGTCA,1
6353,TCGAGAACGTCGTA,1
6354,TCGCACACTACTCT,1
6355,TCGCACTGCACTCC,1
6356,TCGCAGCTGCTTAG,1
6357,TCGCCATGATTCCT,1
6358,TCTAGACTGTGCAT,1
6359,TCTCAAACAATGCC,1
6360,TCTCAAACATAAGG,2
6361,TCTGATACTAAGGA,1
6362,TGAAATTGGACGTT,1
6363,TGAACCGATTACCT,1
6364,TGACCAGAGAATCC,1
6365,TGACCAGATACTCT,1
6366,TGACGATGGTCGAT,2
6367,TGACGCCTAGCCTA,1
6368,TGACTTTGCATTTC,1
6369,TGAGACACTATGCG,1
6370,TGATAAACTCTCTA,1
6371,TGATATGATCCAGA,1
6372,TGATCACTCCTGAA,1
6373,TGATTAGAGTTCGA,1
6374,TGCAAGTGTAGTCG,1
6375,TGCAAGTGTCCAGA,1
6376,TGCAATCTTTGTGG,1
6377,TGCAGATGGTCCTC,1
6378,TGCATGGATGCTGA,1
6379,TGCCAAGATTACCT,1
6380,TGCCACTGACACGT,1
6381,TGCCACTGCCTTGC,1
6382,TGCCGACTGGATCT,1
6383,TGCGAAACCCTTCG,1
6384,TGCGATGACCTTGC,1
6385,TGCTTAACGTAGGG,1
6386,TGGAAAGAACTTTC,2
6387,TGGAACACTTCGGA,1
6388,TGGAACTGAAGTGA,1
6389,TGGAACTGGAGGGT,1
6390,TGGAAGCTAGATGA,1
6391,TGGAAGCTTTCTTG,1
6392,TGGAGACTTGGTCA,1
6393,TGGTACGAGGAACG,1
6394,TGGTAGACGTCATG,2
6395,TGGTCAGATTATCC,1
6396,TGGTTACTCCATGA,1
6397,TGTAAAACGGAGGT,1
6398,TGTAACCTAAGCAA,1
6399,TGTCTAACGGTTAC,1
6400,TGTGAGACACTGGT,1
6401,TGTGAGTGAGTACC,1
6402,TGTTAAGAGAAACA,1
6403,TGTTAAGAGTCTTT,1
6404,TGTTAAGATTCGTT,1
6405,TGTTACACCTCCCA,1
6406,TGTTACACGCGATT,1
6407,TTACGTACAGCCAT,1
6408,TTACTCGAAGTGTC,1
6409,TTAGGGACCGCCTT,1
6410,TTAGGTCTAATGCC,1
6411,TTAGGTCTCTGAGT,1
6412,TTAGGTCTTCATTC,1
6413,TTATGCACGACGAG,1
6414,TTCAAAGATCCGAA,1
6415,TTCACAACGTCAAC,1
6416,TTCACCCTCTCTCG,2
6417,TTCAGTTGATCTTC,1
6418,TTCCATGATGTGGT,1
6419,TTCCCACTAACGTC,1
6420,TTCGATTGGTCACA,1
6421,TTCTCAGAAAAAGC-1,0
6422,TTCTTACTCTGGAT,1
6423,TTGAATGACTCTCG,1
6424,TTGAATGATTGCTT,1
6425,TTGACACTACCAAC,1
6426,TTGACACTCTAGCA,1
6427,TTGATCTGGATGAA,1
6428,TTGCATTGGCGGAA,1
6429,TTGCTAACGTTGTG-1,0
6430,TTGCTATGAGCGTT,1
6431,TTGGGAACAGTCGT,1
6432,TTGTACACCCTCGT,1
6433,TTGTAGCTAACGAA,1
6434,TTTCAGTGCACTAG,1
6435,TTTCGAACTGCCCT,1
6436,TTTGCATGCACCAA,1
6437,TTTGCATGTCCTCG,1
6438,TACGAGTGAGAATG,1
6439,AAACATTGTCCAAG,1
6440,AAACCGTGGTGTTG,1
6441,AAACGCTGAAGATG,1
6442,AAAGAGACTTGCGA,1
6443,AAAGTTTGACACGT,1
6444,AAAGTTTGAGCTCA,2
6445,AAATCAACGATACC,1
6446,AAATCATGCTCTCG,1
6447,AAATCCCTTCCTGC,2
6448,AAATGTTGTTACCT,1
6449,AAATTCGACAACTG,1
6450,AAATTCGAGAAGGC,1
6451,AACAGAGACTCTAT,1
6452,AACATTGAGACGAG,1
6453,AACCACGAACACCA,1
6454,AACCACGATTCATC,1
6455,AACCTACTCCTGTC,1
6456,AACGGTTGCGTACA,1
6457,AACGGTTGCTATGG,1
6458,AACGTGTGCTGTCC,1
6459,AACTCACTCCGATA,1
6460,AACTCACTGAAGGC,1
6461,AACTCGGAAGTGTC,1
6462,AACTCGGACCGTTC,1
6463,AACTGTCTGTTCAG,1
6464,AACTGTCTTCCTAT,1
6465,AAGAATCTGAGACG,1
6466,AAGACAGACATTCT,1
6467,AAGAGATGGCTTCC-1,0
6468,AAGAGATGGGACTT,1
6469,AAGCCTGACCGCTT,1
6470,AAGGCTACCTGTAG,1
6471,AAGGCTACGGTGGA,1
6472,AAGTATACGGTAGG,1
6473,AAGTCCGACTCGCT,1
6474,AAGTGGCTGTACGT,1
6475,AAGTTATGTTGACG,1
6476,AATACCCTCAATCG,2
6477,AATACTGATAACGC,1
6478,AATAGGGACTCATT,1
6479,AATATCGACAAGCT,1
6480,AATCCTACTCCCGT,1
6481,AATCCTACTTTGCT,1
6482,AATCTCTGGGCAAG,1
6483,AATCTCTGTGCAGT,2
6484,AATGAGGAGATACC,1
6485,AATGATACATACCG,1
6486,AATGGCTGCCATGA,2
6487,AATGTAACGGGAGT,1
6488,AATGTCCTCCTAAG,1
6489,AATGTCCTTAAGCC,1
6490,AATTACGAGTGTCA,1
6491,AATTGATGTTTCTG,2
6492,ACAAATTGTGCTCC,1
6493,ACAAGCACGCTACA,1
6494,ACAATAACTGAACC,1
6495,ACACCAGAACTGGT,1
6496,ACACCCTGACTCAG,1
6497,ACACGAACTTCGTT,1
6498,ACACGTGACCAAGT,1
6499,ACAGACACGGACGA,1
6500,ACCAACGACTTACT,1
6501,ACCACAGATTCGGA,1
6502,ACCAGCCTGTTGAC,1
6503,ACCAGTGATCCTGC,1
6504,ACCATTACGATAGA,1
6505,ACCCAAGAAAGAGT,2
6506,ACCTCGTGACTGGT,1
6507,ACCTCGTGAGCGTT,1
6508,ACCTGGCTCAGAGG,1
6509,ACCTGGCTCGTTGA,1
6510,ACGAACTGAGGTCT,1
6511,ACGAGGGAGCGTAT,1
6512,ACGAGTACGGTAAA,1
6513,ACGATCGACCCGTT,1
6514,ACGATCGACTATTC,2
6515,ACGCCACTTCGCCT,1
6516,ACGCCTTGAGTTCG,1
6517,ACGCTCACCTTGGA,1
6518,ACGGCTCTCAAGCT,1
6519,ACGGGAGAACTGGT,1
6520,ACGTAGACATTTCC,1
6521,ACGTCCTGCCAAGT,1
6522,ACGTGCCTTACTTC,1
6523,ACGTTGGAAAGGCG,1
6524,ACTAAAACATAAGG,1
6525,ACTACTACCTGCAA,2
6526,ACTATCACCTGCTC,1
6527,ACTGAGACTCGCAA,1
6528,ACTGCCTGTGATGC,1
6529,ACTGGCCTTCAGGT,1
6530,ACTTAAGAGCCAAT,1
6531,ACTTCCCTGGTAAA,2
6532,ACTTCTGAATCGAC,1
6533,ACTTGGGAGAACTC,2
6534,ACTTGGGAGAATGA,1
6535,ACTTGTACGTCAAC,2
6536,AGAAACGAGGCATT,1
6537,AGAAACGATGGTAC,1
6538,AGAAAGTGAGCTCA,1
6539,AGAACGCTGCTTCC,1
6540,AGACGTACAGCACT,1
6541,AGAGATGAGACGGA,1
6542,AGAGTCACGTTACG,1
6543,AGATCGTGCGTCTC,1
6544,AGATCGTGTGCCCT,1
6545,AGATTCCTACGGTT,2
6546,AGATTCCTGGTACT-1,0
6547,AGCAAAGAGGGCAA,1
6548,AGCACTGACTCTTA,1
6549,AGCACTGATCTCCG,1
6550,AGCACTGATCTCTA,1
6551,AGCATTCTCACTAG,2
6552,AGCCAATGAAAACG,1
6553,AGCCGGACCCTGAA,1
6554,AGCCGGTGGAGGAC,1
6555,AGCGATTGCGAGTT,1
6556,AGCGGCTGAGCGGA,1
6557,AGCGGGCTTGTGCA,1
6558,AGCTCGCTAACTGC,2
6559,AGCTGCCTGGCAAG,1
6560,AGCTGTGACCGAAT,1
6561,AGCTGTGATCCTGC,2
6562,AGCTGTGATTCCGC,1
6563,AGGAACCTTGACCA,1
6564,AGGAATGAAAGTAG,1
6565,AGGCAACTAGGTCT,1
6566,AGGCAACTGGAACG,1
6567,AGGGACGAGAATGA,1
6568,AGGGAGTGCCGTTC,1
6569,AGGGCCTGGGTTAC,1
6570,AGGGCCTGTGGTAC,1
6571,AGGTACACTAAGCC,1
6572,AGGTCATGGGATTC,1
6573,AGGTTCGAACGACT,1
6574,AGGTTGTGTTGCAG,1
6575,AGTAAGGACTCTTA,1
6576,AGTAGAGAGGACGA,1
6577,AGTAGAGATACGCA,1
6578,AGTAGGCTACCGAT,1
6579,AGTAGGCTCCGCTT,1
6580,AGTCACGAGGGAGT,1
6581,AGTCCAGATAAGCC,1
6582,AGTGAAGAGGATTC,2
6583,AGTGCAACGACGAG,1
6584,AGTTGTCTATCTCT,1
6585,AGTTTGCTAACGAA,1
6586,ATAACATGCCTTAT,1
6587,ATAACATGTACTTC,1
6588,ATAAGTACGTGTCA,1
6589,ATACAATGTCGATG,1
6590,ATACCACTGCGATT,1
6591,ATACCGGAATGGTC,1
6592,ATACCGGACATCAG,1
6593,ATACCTTGGAGGTG,1
6594,ATAGATACGATAAG,1
6595,ATAGATTGCGAGTT,1
6596,ATAGGAGACCCGTT,1
6597,ATAGGAGAGTTTGG,1
6598,ATCACTTGCAAAGA,1
6599,ATCACTTGGTCAAC,1
6600,ATCAGGTGCTGTGA,1
6601,ATCATGCTGTCCTC,1
6602,ATCCGCACCTAGTG,1
6603,ATCGAGTGACCACA,1
6604,ATCGAGTGACTCAG,2
6605,ATCGCCTGAGCAAA,2
6606,ATCTACTGTTACTC,2
6607,ATGACGTGTTTACC,2
6608,ATGCACGAGCAGAG,1
6609,ATGCAGACTAGACC,1
6610,ATGCAGACTGCATG,1
6611,ATGCCGCTAGCGGA,1
6612,ATGCGATGCGTAAC,1
6613,ATGCGATGTCTAGG,1
6614,ATGTAAACTATGCG,1
6615,ATGTTGCTTCTTAC,1
6616,ATTACCACAAGATG,1
6617,ATTACCTGAACAGA,1
6618,ATTCCAACAAGGCG,1
6619,ATTCCAACCTACGA,1
6620,ATTCCATGTGATGC,1
6621,ATTCGACTAAAGTG,1
6622,ATTCGACTAGCGTT,2
6623,ATTCGACTATCACG,1
6624,ATTGAAACAATCGC,1
6625,ATTGAAACAGATGA,1
6626,ATTGATGAGTCCTC,1
6627,ATTGCTTGCGTTAG,1
6628,ATTGCTTGGGAAGC,2
6629,ATTTCCGACTGAAC,1
6630,ATTTCCGATTTCTG,1
6631,CAAAGCTGCGGAGA,1
6632,CAAATTGAGGCATT,1
6633,CAACAGACGAGGCA,2
6634,CAACCAGAAAGTGA,1
6635,CAACCAGACTCAGA,2
6636,CAAGCCCTGCAGAG,1
6637,CAAGGACTGTCGTA,1
6638,CAAGTCGAGTGAGG,1
6639,CAAGTTCTACGCTA,1
6640,CAATCGGAGCCATA,1
6641,CACATACTTCCTTA,1
6642,CACCGGGAACCCAA,1
6643,CACCGGGACGGAGA,1
6644,CACCGTACGTGCTA,1
6645,CACGGGTGACTTTC,1
6646,CACTAACTAACCGT,1
6647,CACTGCACCTGATG,1
6648,CACTGCTGATCTCT,1
6649,CAGAGGGACACACA,1
6650,CAGAGGGACTGTAG,1
6651,CAGATGACCTGCTC,1
6652,CAGCTAGAAATGCC,1
6653,CAGCTCACTTCAGG,1
6654,CAGCTCTGACGTTG,2
6655,CAGCTCTGGTGTCA,2
6656,CAGCTCTGTGCTGA,1
6657,CAGGAACTCGGGAA,1
6658,CAGGCCGACTTTAC,1
6659,CAGGTAACGCGTAT,2
6660,CAGTCAGAGTATCG,1
6661,CAGTCAGATGTTTC,1
6662,CATAAATGACACGT,2
6663,CATACTACGGGAGT,1
6664,CATACTTGCTGTGA,1
6665,CATATAGACACAAC,2
6666,CATCAGGAATCGAC,1
6667,CATCATACTCGCCT,1
6668,CATCCCGACGTGAT,1
6669,CATCGCTGCGTAGT,1
6670,CATCTTGATTGTCT,1
6671,CATGAGACCCCGTT,1
6672,CATGAGACTGGCAT,1
6673,CATGCCACCCCAAA,1
6674,CATGCGCTCTCATT,1
6675,CATTGTACAGCCTA,1
6676,CATTTGTGGACGTT,1
6677,CCAACCTGCTCGAA,1
6678,CCACGGGACGCATA,1
6679,CCACTTCTTTGGTG,1
6680,CCAGGTCTTCGACA,1
6681,CCATAGGAGCTTAG,1
6682,CCATATACATTCTC,1
6683,CCATTAACACGTGT,1
6684,CCATTAACGGAAAT,1
6685,CCCAAAGAGCTAAC,1
6686,CCCAACACCCTCAC,1
6687,CCCAACTGTGGTGT,1
6688,CCCACATGCGAACT,1
6689,CCCAGTTGAAAGTG,1
6690,CCCTCAGATGCCTC,2
6691,CCCTCAGATGGCAT,1
6692,CCGATAGAGGTTTG,1
6693,CCGCGAGACCTGTC,1
6694,CCGTACACGCTGAT,1
6695,CCTAAGGAAAGGGC,1
6696,CCTAAGGACCGCTT,1
6697,CCTAAGGACCTATT,1
6698,CCTAGAGAACCTTT,1
6699,CCTATAACGTGTAC,2
6700,CCTGAGCTAAGAAC,1
6701,CCTTCACTCTCAAG,1
6702,CCTTTAGAGTAGGG,1
6703,CGAATCGAGTCGTA,1
6704,CGACAAACTGCCTC,1
6705,CGACCGGACAGAAA,1
6706,CGACCTTGGGGCAA,1
6707,CGACCTTGTGTGCA,1
6708,CGACGTCTCATGGT,1
6709,CGACTCACCTTGCC,1
6710,CGACTCTGGATAAG,1
6711,CGACTGCTTTTACC,1
6712,CGAGATTGGTGTAC,1
6713,CGAGGAGAAAAAGC,1
6714,CGAGGCACTGGTGT,1
6715,CGATACGACTTCTA,1
6716,CGATCAGAAAAGCA,1
6717,CGCAAATGGTGAGG,1
6718,CGCACGGAACACCA,1
6719,CGCACTACTCTTTG,1
6720,CGCTAAGACCAACA,1
6721,CGCTACACATTTCC,1
6722,CGCTCATGTACGCA,1
6723,CGGAATTGGTCTAG,1
6724,CGGAATTGTAGAAG,3
6725,CGGACCGAAGACTC,2
6726,CGGGACTGCCCACT,1
6727,CGGTAAACCTCGCT,1
6728,CGTAACGAGCATAC,1
6729,CGTACAGACAGGAG,1
6730,CGTACAGAGTTGTG,1
6731,CGTAGCCTTATGGC,1
6732,CGTCCAACGCGATT,1
6733,CGTCCAACGGGATG,1
6734,CGTCCATGGAAACA,1
6735,CGTGATGACTTGGA,1
6736,CGTTAACTCAGAAA,1
6737,CTAACGGAAGAATG,1
6738,CTAACGGACTCTCG,1
6739,CTAACGGATTCTCA,1
6740,CTAAGGACTGACCA,1
6741,CTACAACTGCTACA,2
6742,CTACTATGCGTGTA,1
6743,CTAGTTTGTGCGTA,1
6744,CTATCAACGGCGAA,2
6745,CTATGTACCCTCAC,1
6746,CTATGTACTTCCAT,1
6747,CTCAGCTGCACTAG,1
6748,CTCAGCTGTTCCAT,1
6749,CTCCATCTGTTTCT,1
6750,CTCGCATGCCCTCA,1
6751,CTGAAGACGAGGAC,1
6752,CTGAAGACTGTCCC,1
6753,CTGAAGTGCACACA,1
6754,CTGACCACCAAGCT,2
6755,CTGCAGCTCTCTTA,1
6756,CTGTAACTCTAAGC,1
6757,CTTAACACTCAGGT,1
6758,CTTAAGCTGGATCT,1
6759,CTTACAACTTAGGC,1
6760,CTTACATGTGAAGA,3
6761,CTTCATGAACACCA,1
6762,CTTGAACTGGAGCA,1
6763,CTTGAACTGGGATG,1
6764,CTTGAGGACCACCT,1
6765,CTTGTATGACACGT,1
6766,GAAACAGAAGCGGA,3
6767,GAAACCTGCAGAGG,1
6768,GAACCAACGCCCTT,1
6769,GAACCTGAAGTCAC,1
6770,GAACGGGATGCACA,1
6771,GAAGAATGTCGATG,1
6772,GAAGTCTGACTCTT,1
6773,GACAACACGTAAAG,1
6774,GACAGGGATTTCAC,1
6775,GACAGTACATCGAC,1
6776,GACAGTACCAGTTG,2
6777,GACATTCTGCGTAT,1
6778,GACATTCTGTTGCA,1
6779,GACCAAACTGTGCA,1
6780,GACCTAGAAACCGT,1
6781,GACCTCACTAAGCC,1
6782,GACGCTCTCTATTC,1
6783,GACGTAACCTAGAC,1
6784,GACGTATGCTGCTC,1
6785,GAGATAGACATTGG,2
6786,GAGATGCTGGTACT,1
6787,GAGATGCTTACGCA,1
6788,GAGCATACTCGACA,1
6789,GAGCGAGATTCTGT,1
6790,GAGCGCTGATGGTC,1
6791,GAGCTCCTCCAATG,1
6792,GAGCTCCTCCGATA,1
6793,GAGGCCACAACTGC,1
6794,GAGGGATGAGAGGC,1
6795,GAGGGATGCTCTCG,1
6796,GAGGGTGAACGTTG,1
6797,GAGGTTTGATTCCT,1
6798,GAGTACACGTCTAG,1
6799,GAGTACTGATCACG,1
6800,GAGTCTGACAATCG,1
6801,GAGTGTTGCCATGA,1
6802,GATAGAGATTGCGA,3
6803,GATATATGGCCATA,1
6804,GATATCCTACGGTT,1
6805,GATCCCTGCAACTG,1
6806,GATCGATGTTTCAC,1
6807,GATCTTACGTTACG,1
6808,GATCTTTGTCGCTC,1
6809,GATGCAACACGTTG,1
6810,GATGCAACACTGTG-1,0
6811,GATGCATGGCGTTA,1
6812,GATGCATGGTCTAG,2
6813,GATTACCTTTGGCA,1
6814,GCACAATGCACAAC,1
6815,GCACCACTGCTTAG,1
6816,GCACCACTTCAAGC,2
6817,GCACCTACTTTCGT,1
6818,GCACCTTGCAGAGG,1
6819,GCACGGTGGTGTTG,1
6820,GCACTAGAAAGAGT,1
6821,GCAGATACTCGTAG,1
6822,GCAGCCGACAAAGA,1
6823,GCAGCCGAGTGTAC,1
6824,GCAGTCCTCCTGAA,1
6825,GCATCAGACATCAG,1
6826,GCCAAATGTGCCTC,1
6827,GCCACTACACACAC,1
6828,GCCGACGATGCTGA,1
6829,GCGCACGACGAGTT,1
6830,GCGGAGCTCTCCAC,1
6831,GCGGGACTGCCAAT,1
6832,GCGGGACTTCGCCT,1
6833,GCGTAAACGAATAG,1
6834,GCTACAGAAGCATC,1
6835,GCTACGCTGGACGA,1
6836,GCTACGCTTCTTTG,1
6837,GCTAGATGGAATAG,2
6838,GCTATACTGTTCAG,1
6839,GCTCACTGATCTCT,1
6840,GCTGATGAGAGGTG,1
6841,GCTTAACTATTGGC,1
6842,GCTTAACTCCCACT,1
6843,GGAAGGACTCGCTC,1
6844,GGAAGGTGCATACG,1
6845,GGAATCTGCTAAGC,1
6846,GGAATGCTGTAGGG,1
6847,GGACAACTGCGTTA,1
6848,GGACCCGATGTCGA,1
6849,GGACGAGAACCCAA,1
6850,GGACGAGAATTGGC,1
6851,GGAGCGCTTCAGTG,1
6852,GGAGGATGAGCTCA,1
6853,GGATACTGCCTTCG,1
6854,GGCAATACATCGAC,1
6855,GGCAATACGGACGA,1
6856,GGCCACGAAAAACG,1
6857,GGCCGAACTCGCCT,1
6858,GGCCGATGAAACAG,1
6859,GGCCGATGAGTACC,1
6860,GGCGACACTTGACG,2
6861,GGCGGACTGAGACG,2
6862,GGCTACCTGCGTAT,1
6863,GGGAACGAGTAAAG,1
6864,GGGAACGATAGACC,1
6865,GGGATGGACTGCTC,1
6866,GGGATTACAACAGA,1
6867,GGGATTACTCGCAA,1
6868,GGGCACACACACGT,1
6869,GGGCACACACTACG,1
6870,GGGTAACTGCTTCC,2
6871,GGTACATGTCACCC,1
6872,GGTATCGATACTTC,1
6873,GGTATGACGTAAGA,2
6874,GGTCAAACCCTTGC,1
6875,GGTCTAGAACGTTG,1
6876,GGTGATACTCCCAC,1
6877,GTAACGTGCAGAGG,1
6878,GTAACGTGTCAGAC,1
6879,GTAAGCTGTCAGAC,1
6880,GTACCCTGACCAGT,1
6881,GTACTACTACCAGT,1
6882,GTAGCAACGTCGAT,1
6883,GTAGGTACCGCTAA,1
6884,GTATTCACCTGTTT,1
6885,GTCACAGAAGCGTT,1
6886,GTCCACTGAAACAG,1
6887,GTCCCATGCCTTCG,1
6888,GTCGAATGCATGGT,1
6889,GTCGCACTCCACAA,1
6890,GTCTAACTCTGACA,1
6891,GTCTAGGAATCTTC,1
6892,GTGAACACGACGTT,1
6893,GTGCTAGAGCTGTA,1
6894,GTGGAGGAAATCGC,1
6895,GTGGATTGACCTGA,1
6896,GTGTGATGTGTGAC,1
6897,GTTAACCTTTCTTG,1
6898,GTTAGTCTACCAGT,1
6899,GTTATCTGTACTGG,1
6900,GTTATGCTCCAGTA,1
6901,GTTCATACAAGCAA,1
6902,GTTCATACAGCATC,1
6903,TAAACAACATCTTC,1
6904,TAAATGTGGGACAG,1
6905,TAACAATGGGCATT,2
6906,TAACATGAGGTGTT,1
6907,TAACTCACTGATGC,1
6908,TAAGATACTACAGC,1
6909,TAAGCGTGACCCTC,2
6910,TAAGCTCTATCAGC,1
6911,TAAGCTCTTGTTTC,1
6912,TAAGTCCTCACCAA,1
6913,TAATCCACAGTGCT,1
6914,TAATGATGTCTAGG,1
6915,TACAAATGGAGATA,1
6916,TACAAATGGGTCTA,2
6917,TACACACTCCCACT,1
6918,TACACACTCTCATT,1
6919,TACCGGCTATGCTG,1
6920,TACGAGACAAAGCA,1
6921,TACGATCTCAACCA,1
6922,TACGATCTTCCTGC,2
6923,TACGCCACGTCGAT,2
6924,TACGCGCTAAAGTG,1
6925,TACGGAACTGCTCC,1
6926,TACTCAACGGAGTG,1
6927,TACTCCCTCGAGAG,1
6928,TACTCTGAGCGTAT,1
6929,TACTGTTGGGACTT,1
6930,TACTTTCTGGATCT,1
6931,TAGAATTGCGTGTA,1
6932,TAGACGTGACTCAG,1
6933,TAGATTGAAAGAAC,1
6934,TAGCCCTGTCTACT,1
6935,TAGCTACTAGTGTC,1
6936,TAGGCTGACTTAGG,1
6937,TAGGCTGATGCAAC,1
6938,TAGGGACTGTAGGG,1
6939,TAGGTGACTCTCAT,1
6940,TAGTTGCTAGTCAC,1
6941,TAGTTGCTGGTGAG,1
6942,TATACGCTCCTGAA,1
6943,TATAGATGAAAACG,1
6944,TATGAATGGAACCT,1
6945,TATGCGGAGTTACG,1
6946,TATGCGGATGCGTA,1
6947,TATGGTCTTGAGCT,1
6948,TATGTGCTTCATTC,1
6949,TCAAGGACCTCCAC,1
6950,TCAAGGACTTCCCG,1
6951,TCAAGGTGCCATAG,1
6952,TCACTATGCAACTG,1
6953,TCATGTACTAGCGT,1
6954,TCCCACGATCCCGT,1
6955,TCCCAGACTGCTTT,1
6956,TCCCATCTAACCGT,1
6957,TCCCATCTTTTGTC,1
6958,TCCCTACTAAGGGC,1
6959,TCCTATGAAAGCAA,1
6960,TCCTATGAGACTAC,1
6961,TCGACGCTACACAC,1
6962,TCGCAAGAAGGCGA,1
6963,TCGCACTGGAGGTG,1
6964,TCGCCATGCTATTC,1
6965,TCGCCATGTGTAGC,1
6966,TCGGACCTATGACC,2
6967,TCTATGTGCAATCG,1
6968,TCTTGATGAGATGA,1
6969,TCTTGATGTCGACA,1
6970,TGAACCGACTGTCC,1
6971,TGACCGCTCTTCCG,1
6972,TGACTTTGAGACTC,1
6973,TGACTTTGTTGTGG,2
6974,TGAGCAACACAGCT,1
6975,TGAGCAACCTGAGT,1
6976,TGAGCTGACTCGCT,1
6977,TGATATGACGGAGA,3
6978,TGATTCTGTGTCAG,1
6979,TGCACAGACATCAG,1
6980,TGCATGGAGCGTTA,1
6981,TGCGCACTACACGT,1
6982,TGCGCACTGGACGA,1
6983,TGCGCACTGGTTAC,1
6984,TGCTTAACAGGCGA,1
6985,TGGAAAGACACCAA,1
6986,TGGAAAGAGTCGAT,1
6987,TGGAACACCACTGA,1
6988,TGGAACTGCCTTGC,2
6989,TGGAAGCTCTACCC,1
6990,TGGAAGCTTAAGGA,1
6991,TGGTAGACCGTGAT,1
6992,TGGTAGACGTAGGG,1
6993,TGTACTTGAGAGAT,1
6994,TGTAGGTGAGAGGC,1
6995,TGTCTAACTGTCGA,1
6996,TGTGAGTGGAGGGT,1
6997,TGTGGATGCCTTAT,1
6998,TGTTAAGATTTGGG,1
6999,TGTTACACCCAGTA,1
7000,TGTTACACTAGAAG,1
7001,TTACGTACGCATAC,1
7002,TTACTCGAAAACAG,1
7003,TTACTCGACCATAG,1
7004,TTAGCTACGTCGAT,1
7005,TTAGGGACCCTCCA,1
7006,TTAGGGTGCCCACT,1
7007,TTAGGGTGGAAGGC,1
7008,TTAGTCACGGTGTT,1
7009,TTAGTCTGTGTAGC,1
7010,TTATTCCTAAGCAA,1
7011,TTCAACACAAACAG,1
7012,TTCAAGCTAGTGCT,1
7013,TTCAAGCTCAACCA,1
7014,TTCAGACTTGCCAA,2
7015,TTCCATGACAGTCA,1
7016,TTCCCACTCTAGCA,1
7017,TTCCTAGACAAAGA,1
7018,TTCGATTGACTGTG,1
7019,TTCGATTGCCAATG,1
7020,TTCGGAGAGACACT,1
7021,TTCGTATGTCAGAC,1
7022,TTCTGATGCGGTAT,1
7023,TTGCATTGGTTGTG,1
7024,TTGGAGTGGTAGCT,1
7025,TTTAGAGAAGTCTG,1
7026,TTTAGAGATTTACC,1
7027,TTTCCAGAACCATG,1
7028,AAACATTGGTGTAC,1
7029,AAACATTGTGACAC,1
7030,AAACGCTGCGAACT,1
7031,AAAGCCTGAACAGA,2
7032,AAATCCCTTGACAC,1
7033,AACAGCACAGAGAT,1
7034,AACAGCACGGAAAT,1
7035,AACATTGATTGGTG,1
7036,AACGTGTGTCATTC,1
7037,AACTCGGATCCCGT,1
7038,AAGATTACTCCAGA,1
7039,AAGCCTGACCTCCA,1
7040,AAGCGACTTGTCAG,1
7041,AAGGCTACCGTAAC,1
7042,AAGGCTTGGGCATT,1
7043,AAGGTCACCGCTAA,1
7044,AAGGTGCTTCTCAT,2
7045,AAGTAGGAATAAGG,1
7046,AAGTAGGACACTCC,1
7047,AAGTATACAAAACG,1
7048,AATAACACAAGGTA,1
7049,AATAAGCTTTCGGA,1
7050,AATAGGGAAAGGCG,1
7051,AATAGGGATACTGG,1
7052,AATAGGGATGTAGC,1
7053,AATATCGAGTAGCT,1
7054,AATCCGGACCATGA,1
7055,AATCTCACCCGCTT,1
7056,AATCTCACCTAAGC,1
7057,AATGATACTATCGG,1
7058,AATTGATGGAGATA,1
7059,ACAAAGGAGCTACA,1
7060,ACAATCCTATGTGC,1
7061,ACAATCCTCACCAA,1
7062,ACACAGACGGGAGT,1
7063,ACACAGACTCTCGC,1
7064,ACACCAGACTATGG,1
7065,ACACCCTGGCTGTA,1
7066,ACACGAACAGCGGA,1
7067,ACACGAACCACTCC,1
7068,ACAGTCGATCCAGA,2
7069,ACAGTCGATTCCAT,1
7070,ACAGTTCTTCTTTG,1
7071,ACATCACTTTCGCC,1
7072,ACCACAGATTCAGG,1
7073,ACCACGCTAGTTCG,1
7074,ACCACGCTCCTAAG,1
7075,ACCAGCCTAGACTC,1
7076,ACCCAAGATCCCAC,1
7077,ACCCACTGCATCAG,1
7078,ACCCAGCTCCTACC,1
7079,ACCCGTTGCTTGAG,1
7080,ACCCGTTGTGAGCT,1
7081,ACGAACTGCAGAAA,2
7082,ACGAAGCTTAAGCC,1
7083,ACGAGGGATGCAAC,1
7084,ACGCACCTCATGGT,2
7085,ACGGAGGATCTCGC,1
7086,ACGGGAGACAGCTA,1
7087,ACGGGAGAGTTCTT,1
7088,ACGGTATGGTTGTG,1
7089,ACGGTCCTCTGCAA,1
7090,ACGTCGCTGTCGAT,1
7091,ACGTTACTGCAGTT,1
7092,ACTACGGACCTCCA,1
7093,ACTACGGAGCATAC,1
7094,ACTACGGATATGGC,1
7095,ACTACTACCGACAT,1
7096,ACTCCCGAGGTGAG,1
7097,ACTCCTCTTACAGC,1
7098,ACTCGAGATTCTGT,1
7099,ACTGGCCTAACTGC,2
7100,ACTGTTACGGTAAA,1
7101,ACTTCTGAAACCAC,1
7102,ACTTGTACTCGCTC,1
7103,AGAACAGAACTTTC,1
7104,AGAACAGAGTTCTT,1
7105,AGAACGCTTGCTAG,1
7106,AGACGTACCCCTCA,1
7107,AGACGTACCCTTTA,1
7108,AGAGATGAATCGGT,1
7109,AGAGGTCTTCAGGT,1
7110,AGATTAACGCATCA,1
7111,AGATTCCTTCAGTG,1
7112,AGCACTGAGGAGGT,1
7113,AGCATGACCCTCGT,1
7114,AGCCACCTTGCTTT,1
7115,AGCGCTCTAGCAAA,1
7116,AGCGGCACTCGATG,1
7117,AGCGTAACGTATCG,1
7118,AGCTGAACCAGATC,1
7119,AGGAATGACGGAGA,1
7120,AGGACTTGGTTGGT,1
7121,AGGAGTCTTGGTAC,1
7122,AGGCAGGACCCACT,1
7123,AGGCTAACGCATCA,1
7124,AGGGACGAATCTCT,1
7125,AGGGACGAGTAGCT,2
7126,AGGGTGGACTGCAA,1
7127,AGGTACTGAGTTCG,1
7128,AGGTCATGGGAACG,1
7129,AGGTCATGTGGAAA,1
7130,AGTCAGACCATTGG,1
7131,AGTCAGACTGTCGA,1
7132,AGTGACACAAGAGT,2
7133,ATAAACACGTCTAG,1
7134,ATAACAACATCACG,2
7135,ATAAGTACGCGATT,1
7136,ATAATGACTACTTC,1
7137,ATACCTTGACTCTT,1
7138,ATACGTCTCCTCAC,2
7139,ATACTCTGCATTTC,1
7140,ATACTCTGTATGCG,1
7141,ATAGATACCCAAGT,2
7142,ATAGATACGGACTT,1
7143,ATAGGAGAGACGTT,1
7144,ATAGGAGAGGGCAA,1
7145,ATAGTCCTCTAAGC,2
7146,ATATGCCTGAAACA,1
7147,ATCACTTGAAAGTG,1
7148,ATCACTTGATTCCT,1
7149,ATCATCTGGAGGAC,1
7150,ATCCATACACGACT,1
7151,ATCCGCACCGTAGT,1
7152,ATCGCCTGAACCAC,1
7153,ATCGGAACCAGTTG,1
7154,ATCGTTTGGGGACA,1
7155,ATCTACTGTCACGA,2
7156,ATCTGACTATGTCG,1
7157,ATCTGACTTCCGTC,1
7158,ATCTGGGAGTCTGA,1
7159,ATCTTGACGTGTTG,1
7160,ATGACGTGCTTGTT,1
7161,ATGCAGACCCTTTA,1
7162,ATGCCAGAAAGCAA,1
7163,ATGCTTTGAACGGG,1
7164,ATGCTTTGCAGATC,1
7165,ATGTCACTCCGTTC,1
7166,ATGTCGGAAACCTG,1
7167,ATGTTAGATTGACG,1
7168,ATGTTCACTGACTG,2
7169,ATTAACGAAAGGCG,1
7170,ATTACCACACGTAC,1
7171,ATTACCACAGCATC,1
7172,ATTCAAGAACCCAA,1
7173,ATTGCGGATCTTTG,1
7174,ATTGCTACGGCGAA,1
7175,ATTGGGTGAGAGGC,2
7176,ATTGGTCTGCTATG,1
7177,ATTGTAGAGAACCT,1
7178,ATTGTCTGTTCCCG,1
7179,ATTTCGTGGGTCAT,1
7180,CAAACTCTTGCACA,1
7181,CAACCAGACATGCA,1
7182,CAACGAACTCTCTA,1
7183,CAAGAAGACTCAAG,1
7184,CAAGCCCTAACGGG,1
7185,CAAGCTGAGGCAAG,1
7186,CAAGGACTCAGTCA,1
7187,CAAGTTCTTGTTCT,1
7188,CAATAATGGAGGTG,1
7189,CAATAATGTTCAGG,1
7190,CAATCTACGGTAGG,1
7191,CAATCTACTTCCAT,1
7192,CAATGGACGTTCTT,1
7193,CAATTCACACCGAT,1
7194,CACAACGACGACAT,3
7195,CACAATCTTCGCCT,1
7196,CACAGATGTGAGAA,1
7197,CACCGTTGCTTCTA,1
7198,CACCGTTGGGAGCA,1
7199,CACCGTTGGGTTCA,1
7200,CACGACCTAAGCAA,1
7201,CACGACCTAGTCAC,1
7202,CACGGGACCTAAGC,1
7203,CACGGGACGTTGCA,1
7204,CACTAGGATTTCAC,1
7205,CACTATACAGCCAT,1
7206,CACTTATGTGAGGG,1
7207,CAGACAACCTACTT,1
7208,CAGACATGTTGGTG,1
7209,CAGACCCTTGAGCT,1
7210,CAGAGGGACCCGTT-1,0
7211,CAGATCGAACAGTC,1
7212,CAGATCGACATCAG,2
7213,CAGATGACAATCGC,1
7214,CAGATGACTTCGGA,1
7215,CAGGGCACGCTGAT,1
7216,CAGGTAACGCGAAG,1
7217,CAGTGTGAGATGAA,2
7218,CATAACCTTAAAGG,1
7219,CATACTTGATTCGG,1
7220,CATCGGCTAACCAC,1
7221,CATGGATGTCCTGC,1
7222,CATGTACTCCTATT,1
7223,CATGTTACTCGACA,1
7224,CATGTTTGAGGTTC,1
7225,CATGTTTGCTAGCA,1
7226,CCAAGTGAAACGAA,1
7227,CCAATTTGCCGAAT,1
7228,CCAATTTGTACAGC,1
7229,CCAATTTGTCTAGG,2
7230,CCACCATGAAGCAA,2
7231,CCACTTCTCTCCCA,1
7232,CCAGCACTGTTAGC,1
7233,CCAGCGGAGCGATT,1
7234,CCAGCTACGACAAA,1
7235,CCAGCTACGCTGAT,1
7236,CCAGGTCTTGGCAT,1
7237,CCAGTGCTACGTAC,2
7238,CCATCGTGTCCTAT,1
7239,CCCGATTGCGAGAG,1
7240,CCCTACGACTACTT,2
7241,CCCTACGACTCATT,1
7242,CCCTACGATCCGTC,1
7243,CCCTGATGTAGCGT,1
7244,CCGAAAACCTTAGG,1
7245,CCGGTACTAGCCAT,1
7246,CCTAAGGAGGTGGA,1
7247,CCTGAGCTGTTGCA,1
7248,CCTTCACTCCTCAC,1
7249,CGAAGGGAGCTGTA,1
7250,CGACTCACAAGCCT,2
7251,CGACTCACGACGAG,2
7252,CGACTCACGTCCTC,1
7253,CGACTCTGAAGCAA,2
7254,CGAGATTGTCTTCA,1
7255,CGAGGGCTACGGAG,1
7256,CGATAGACGTTAGC,1
7257,CGATAGACGTTCTT,1
7258,CGATCAGACAAAGA,1
7259,CGCACGGACGCATA,1
7260,CGCACTACAAGGTA,2
7261,CGCACTACTCGACA,1
7262,CGCCATACGGAGTG,1
7263,CGCCGAGAGGATTC,1
7264,CGCCTAACCACTTT,2
7265,CGCGAGACAAAGTG,1
7266,CGGAATTGCCTAAG,1
7267,CGGAGGCTGAGGAC,1
7268,CGGAGGCTGTGTTG,2
7269,CGGATAACTCCGTC,1
7270,CGGATAACTCGCCT,1
7271,CGGATAACTCTAGG,1
7272,CGGCACGAGGACAG,2
7273,CGGCGAACCCTGTC,1
7274,CGGTAAACGCTTAG,1
7275,CGTCAAGATTTACC,1
7276,CGTTATACCACTCC,1
7277,CTAACGGATGTGGT,1
7278,CTAAGGACATCAGC,1
7279,CTAAGGACTGTTTC,1
7280,CTAATAGACAGTTG,1
7281,CTAATGCTTCCTCG,1
7282,CTACTCCTGGACAG,1
7283,CTAGGATGTCTGGA,1
7284,CTATAGCTATCTCT,1
7285,CTATAGCTCATACG,2
7286,CTATCAACATGCCA,1
7287,CTATCATGTCTTAC,1
7288,CTATCCCTCTGTCC,2
7289,CTCAATTGTTTGCT,2
7290,CTCAGCACGTTCTT,1
7291,CTCATTGAACGTAC,1
7292,CTCGAAGACCGATA,1
7293,CTCGACTGAGAGTA,1
7294,CTCGCATGTTTCAC,3
7295,CTGAACGAACGTAC,1
7296,CTGAGAACGGAGTG,1
7297,CTGAGCCTAAGCCT,2
7298,CTGCCAACACTACG,1
7299,CTGCCAACGCCATA,1
7300,CTGGATGAGCGAGA,1
7301,CTGTATACTGGTTG,1
7302,CTTACTGACATCAG,1
7303,CTTAGACTCCTAAG,1
7304,CTTCTAGAAGCTCA,1
7305,CTTTACGATGCAGT,1
7306,CTTTCAGAAGGAGC,1
7307,CTTTGATGACGGGA,1
7308,CTTTGATGGCATCA,1
7309,GAAACAGATCGTAG,1
7310,GAAATACTGTTCGA,1
7311,GAACCAACCTAGTG,1
7312,GAAGAATGTATCGG,1
7313,GAAGTAGAGGACGA,1
7314,GAAGTCACAGTCAC,1
7315,GAATGCACCAGGAG,1
7316,GAATGCACTTCAGG,1
7317,GAATGGCTCTCTCG,1
7318,GAATTAACTGACAC,1
7319,GACAGGGAAGTCGT,1
7320,GACATTCTGGGCAA,1
7321,GACCCTACTCCAAG,1
7322,GAGAAATGCTCGCT,1
7323,GAGCGAGAGAGCAG,1
7324,GAGGATCTTCCGAA,1
7325,GAGGCAGACGTACA,1
7326,GAGGGATGAGTACC,1
7327,GAGTAAGATTAGGC,1
7328,GAGTACTGTATTCC,1
7329,GAGTCTGAGACAAA,1
7330,GATCCGCTGCGATT,1
7331,GATCGATGAGCACT,1
7332,GATCTACTTGACTG,1
7333,GATGCCCTGAGATA,1
7334,GATTCGGAGCAAGG,2
7335,GATTCGGATCCTTA,1
7336,GATTGGACAAGGGC,1
7337,GATTGGACGGCAAG,1
7338,GATTTAGAGTGTAC,1
7339,GCACACCTACGGAG,1
7340,GCACCACTACACTG,1
7341,GCACGTCTCATCAG,1
7342,GCAGATACCATGCA,1
7343,GCAGCCGAGTGTCA,1
7344,GCAGGCACGTAAAG,1
7345,GCATCAGATCTAGG,1
7346,GCATGATGGGATTC,1
7347,GCATGTGATGTAGC,2
7348,GCCAAATGGGTGGA,1
7349,GCCATGCTTGTCGA,1
7350,GCCGGAACAACGTC,1
7351,GCGAGAGAAGAGGC,1
7352,GCGATATGAATGCC,1
7353,GCGCGAACTTCCCG,1
7354,GCGGAGCTAACAGA,1
7355,GCGGCAACTGCTTT,1
7356,GCGTAATGGAAGGC,1
7357,GCTACCTGGAGAGC,1
7358,GCTACGCTTTCGTT,1
7359,GCTATACTGATAAG,1
7360,GCTGATGAAGAACA,1
7361,GCTTGAGAACGACT,1
7362,GGAACACTGAGCTT,1
7363,GGAACTACCCTCGT,2
7364,GGAAGGACTCGCCT,2
7365,GGAAGGACTTGGTG,1
7366,GGACCGTGGAACCT,2
7367,GGACCGTGTCATTC,1
7368,GGAGACGAGGAGTG,1
7369,GGAGGTGACCACCT,1
7370,GGAGTTTGTGTCCC,1
7371,GGATGTTGCATTTC,2
7372,GGATGTTGCTGGAT,1
7373,GGATTTCTTGCCCT,1
7374,GGCATATGTAGAGA,1
7375,GGCATATGTCCAAG,1
7376,GGCGACACAGTCGT,1
7377,GGCGCATGGTTGAC,1
7378,GGCGGACTGGTATC,1
7379,GGCTAAACTCTCAT,1
7380,GGGATTACTGTGAC,1
7381,GGGCCAACTCTACT,1
7382,GGGCCAACTTCGTT,1
7383,GGGTTATGTTACCT,1
7384,GGTACAACTGGTGT,1
7385,GGTACATGAAGGCG,2
7386,GGTACATGTCCTCG,1
7387,GGTACATGTCGTAG,1
7388,GGTTTACTACCTAG,1
7389,GGTTTACTCGACAT,1
7390,GTAACGTGAGAGAT,1
7391,GTAATAACCATGGT,1
7392,GTACGAACCTTATC,2
7393,GTACGTGATCGCCT,1
7394,GTAGCATGACCAGT,1
7395,GTAGCATGACTCTT,1
7396,GTAGCCCTAAAAGC,1
7397,GTAGTCGATCCGAA,1
7398,GTATGGTGACACGT,1
7399,GTATGGTGGGTAGG,1
7400,GTATTCACCTGTGA,1
7401,GTCAACGATCTCGC,1
7402,GTCACAGACTCAGA,1
7403,GTCACAGATGGTAC,2
7404,GTCCAAGATCCTCG,1
7405,GTGAGGGAAGCATC,1
7406,GTGATCGAAGTAGA,1
7407,GTGATTCTAACCGT,1
7408,GTGGATTGACACAC,1
7409,GTGGATTGATGCTG,1
7410,GTGTACGACCAAGT,1
7411,GTGTGATGGACAGG,1
7412,GTTAACCTTGTCCC,1
7413,GTTATGCTAAGAAC,2
7414,GTTGATCTAGGAGC-1,0
7415,GTTTAAGAGGGATG,1
7416,TAAACAACACACGT,1
7417,TAAAGACTTCGCAA,1
7418,TAAGCGTGCCTAAG,1
7419,TAAGCTCTGAATAG,1
7420,TAAGCTCTGGCATT,1
7421,TAAGTAACGCCTTC,1
7422,TAATCGCTCTTGTT,1
7423,TACCGAGAGACAGG,2
7424,TACCGAGAGTTTCT,1
7425,TACGAGACCCTTCG,1
7426,TACGAGACGTTGAC,1
7427,TACGATCTCTCTTA,1
7428,TACGCGCTTATTCC,2
7429,TAGAATTGGACTAC,1
7430,TAGAGAGACAAAGA,1
7431,TAGAGCACCTCATT,1
7432,TAGCCCACTGAGGG,1
7433,TAGTAAACCCCTCA,1
7434,TAGTAATGAAGGGC,1
7435,TAGTACCTAGTTCG,2
7436,TAGTCTTGAAAGTG,1
7437,TAGTGGTGGACACT,1
7438,TATAAGACGTTGTG,1
7439,TATAAGTGGACACT,1
7440,TATAAGTGGGTCTA,1
7441,TATACAGACTTAGG,1
7442,TATAGATGTCGCCT,1
7443,TATCAGCTGTGCTA,1
7444,TATCCAACAGCCAT,2
7445,TATCCAACTTGACG,1
7446,TATCTTCTACAGTC,2
7447,TATGCGGATGCCTC,1
7448,TATGGGACCTGAGT,1
7449,TATGGGACGTTGCA,1
7450,TATTTCCTGATAGA,1
7451,TCACCGTGAAGAGT,1
7452,TCACCGTGTTCCAT,1
7453,TCACTATGGTCGTA,2
7454,TCAGTTACTTCCCG,1
7455,TCATCAACTTGACG,1
7456,TCATCATGGGAACG,1
7457,TCATGTACACGGGA,1
7458,TCATTCGAATCGGT,1
7459,TCATTGACGCTAAC,1
7460,TCCAGAGACATGAC,2
7461,TCCATAACACCACA,1
7462,TCCCTACTGTTGTG,1
7463,TCCTAAACGGAGTG,1
7464,TCCTACCTTCTCGC,2
7465,TCGAATCTGCGAAG,1
7466,TCGACGCTCTTGGA,1
7467,TCGATTTGGGTATC,1
7468,TCGCACTGGGGTGA,1
7469,TCGCAGCTGTGAGG,1
7470,TCGGACCTAACGTC,1
7471,TCGTGAGAATTCGG,1
7472,TCGTGAGATGTCAG,1
7473,TCGTTATGCTAGCA,1
7474,TCTCTAGACGTTGA,1
7475,TCTTACGAACCCTC,2
7476,TCTTACGATCTAGG,1
7477,TCTTCAGATGCCCT,1
7478,TCTTGATGATTGGC,1
7479,TGAACCGATTGCTT,1
7480,TGACCAGATCCTCG,1
7481,TGAGACACTTAGGC,2
7482,TGAGCTGATGGTAC,1
7483,TGAGTCGAACTGGT,1
7484,TGAGTGACTCTTTG,1
7485,TGATAAACGTAAGA,1
7486,TGATCACTTACTGG,1
7487,TGCAACGACGGGAA,1
7488,TGCAAGACGTACAC,1
7489,TGCAATCTTCGCTC,2
7490,TGCCACTGGAATCC,1
7491,TGCCCAACCTTGGA,3
7492,TGCGAAACTCTCGC,1
7493,TGCTATACTGCAGT,1
7494,TGGAAAGACGTACA,1
7495,TGGATCGACCTTGC,1
7496,TGGATCGATCCTTA,1
7497,TGGATGACATCGTG,1
7498,TGGCAATGAGTGTC,1
7499,TGGTAGTGGGACGA,1
7500,TGGTATCTAGTACC,2
7501,TGTAAAACGCTGTA,1
7502,TGTAACCTTTGGCA,1
7503,TGTAACCTTTTCTG,1
7504,TGTAATGAAACCGT,1
7505,TGTATGCTACTCAG,2
7506,TGTCAGGAGACTAC,1
7507,TGTGACGAACACCA,1
7508,TGTGAGTGTGCACA,1
7509,TGTGGATGCTGCTC,1
7510,TTAACCACCTTGCC,2
7511,TTACCATGTGACCA,1
7512,TTAGAATGGCGATT,1
7513,TTAGCTACTACTGG,1
7514,TTAGTCACATTCCT,1
7515,TTAGTCTGATTCTC,1
7516,TTATGCACCTCGCT,1
7517,TTATGGCTCGTTGA,2
7518,TTCAAAGAGGTTTG,1
7519,TTCAGTACGTGCAT,1
7520,TTCTGATGACGACT,1
7521,TTGACACTCTTCTA,1
7522,TTGGAGACGTCTAG,1
7523,TTGGAGACTTGCGA,1
7524,TTGGAGTGGGTCAT-1,0
7525,TTGGGAACCTGGTA,1
7526,TTGGTACTAACAGA,1
7527,TTTAGCTGAGTTCG,1
7528,TTTAGCTGTCCCAC,1
7529,TTTAGGCTGTTCAG,2
7530,TTTCCAGAAGGCGA,1
7531,TTTCTACTCGGGAA,1
7532,TTTGCATGTAAAGG,1
7533,AAACATACTAAGCC,1
7534,AAACGCTGCGCATA,2
7535,AAACTTGAGGGAGT,2
7536,AAAGCCTGCTATTC,1
7537,AAATCTGATTGGCA,1
7538,AACAAACTGTGTCA,1
7539,AACACTCTCGTCTC,1
7540,AACATTGAAGAGGC,1
7541,AACCGCCTTACAGC,1
7542,AACCTTTGTTCCGC,1
7543,AACGCCCTAAGCAA,1
7544,AACGCCCTTGCCCT,3
7545,AACGTGTGTGCCCT,1
7546,AACTCACTCTATGG,2
7547,AACTGTCTTACAGC,1
7548,AACTGTCTTTCCGC,1
7549,AAGCCAACACGCTA,1
7550,AAGCCAACCACTAG,1
7551,AAGGTCTGTTGTGG,1
7552,AAGGTGCTAGCAAA,1
7553,AAGTCTCTCAGATC,1
7554,AATAAGCTCCGCTT,1
7555,AATAGGGACGAGTT,1
7556,AATATCGATTTGCT,1
7557,AATCAAACGAGGCA,1
7558,AATCTCACCTTGCC,1
7559,AATGGAGAACCACA,1
7560,AATGTCCTCAATCG,1
7561,AATTCCTGCTGTAG,1
7562,AATTCCTGGACGGA,1
7563,AATTGTGACGCATA,1
7564,AATTGTGAGAGGAC,1
7565,ACAACCGAGGACTT,1
7566,ACAACCGAGGTCAT,1
7567,ACAATCCTCTCCCA,1
7568,ACAATCCTCTTCGC,1
7569,ACACATCTAGAATG,2
7570,ACACCCTGGATGAA,1
7571,ACACCCTGGCAAGG,1
7572,ACAGTCGACCGAAT,1
7573,ACAGTCGATGTTCT,1
7574,ACAGTGTGACCCAA,1
7575,ACATACCTTATCTC,1
7576,ACATCACTCCCACT,1
7577,ACATGGTGAGTCAC,3
7578,ACCAACGACCTAAG,1
7579,ACCACAGAATAAGG,1
7580,ACCATTTGGCTTCC,1
7581,ACCCGTTGTCGCAA,1
7582,ACCTCGTGTCGTTT,2
7583,ACCTGGCTGAACTC,1
7584,ACGACCCTGACAGG,1
7585,ACGAGTACTTGCAG,1
7586,ACGCACCTATGTCG,1
7587,ACGCCTTGCTGGTA,1
7588,ACGGCGTGCTTCTA,1
7589,ACGGTATGCGTGAT,1
7590,ACGTTGGACCAATG,1
7591,ACTCCCGAACGTGT,1
7592,ACTCTATGAAGAAC,1
7593,ACTCTCCTTTCCAT,1
7594,ACTGGCCTTACTGG,1
7595,ACTTAGCTTACTTC,1
7596,ACTTCAACGCGAGA,1
7597,ACTTGGGATAACGC,1
7598,ACTTGTACCTCTTA,1
7599,AGAAACGAAGTGCT,1
7600,AGAAAGTGGTCTTT,1
7601,AGAAAGTGTCGCTC,1
7602,AGAACGCTAGTACC,1
7603,AGAACGCTGACGGA,1
7604,AGACCTGACCTCCA,1
7605,AGACTGACAGAGGC,1
7606,AGAGATGAATCACG,1
7607,AGAGATGAGAGGTG,1
7608,AGAGCGGATGATGC,1
7609,AGAGTCTGGAATAG,1
7610,AGATTAACCGAACT,1
7611,AGCCGGTGCTGCAA,1
7612,AGCGATACATCGAC,1
7613,AGCGCCGAGAGGTG,1
7614,AGCGTAACTGAACC,1
7615,AGCTCGCTGATGAA,1
7616,AGGAACCTATTGGC,1
7617,AGGAATGATCTCTA,1
7618,AGGATAGATCACCC,1
7619,AGGCAACTAGTGTC,1
7620,AGGCAACTTCCAGA,1
7621,AGGTACACCCCGTT,1
7622,AGGTACTGTATTCC,1
7623,AGGTCATGCTGATG,1
7624,AGGTCTGAATGTGC,1
7625,AGGTGTTGGGAGGT,1
7626,AGTAATACTCTTAC,1
7627,AGTACGTGGGCGAA,1
7628,AGTAGAGAATCTTC,1
7629,AGTCCAGACCTTGC,1
7630,AGTTAAACACGCTA,1
7631,AGTTAAACAGCACT,1
7632,AGTTAAACAGCCAT,1
7633,AGTTAAACCGGGAA,1
7634,AGTTCTACACGACT,1
7635,AGTTTCACTCTTCA,1
7636,AGTTTGCTGCAGTT,1
7637,ATAAGTACTCTATC,1
7638,ATAGATACTGGAGG,1
7639,ATAGATTGACCTTT,1
7640,ATAGCGTGCCCGTT,1
7641,ATAGCGTGTAAGCC,1
7642,ATAGGAGAAACGTC,1
7643,ATAGTTGATAAGGA,1
7644,ATATGAACGGACAG,1
7645,ATATGCCTCTTGGA,1
7646,ATCACTTGTGCTGA,1
7647,ATCAGGTGGGTGAG,1
7648,ATCCAGGAATCACG,2
7649,ATCCATACTAAGCC,1
7650,ATCGACGATTGGTG,1
7651,ATCGGAACGACAAA,1
7652,ATCTGTTGCCCTTG,1
7653,ATCTGTTGCCTTAT,1
7654,ATGAAGGAAGGAGC,1
7655,ATGAAGGACTCCCA,1
7656,ATGAAGGATCTAGG,1
7657,ATGAGAGAACGTTG,1
7658,ATGAGAGAGTTCAG,1
7659,ATGATATGATGTGC,1
7660,ATGCGATGCCTATT,1
7661,ATGCTTTGTTGTCT,3
7662,ATGTAAACCTATTC,1
7663,ATGTTAGAGGAGCA,1
7664,ATGTTAGAGGGACA,1
7665,ATTAAGACCGACTA,1
7666,ATTACCACAGAAGT,1
7667,ATTCTGACGATACC,1
7668,ATTGCTTGTAAGCC,1
7669,ATTGGTCTTCGTTT,1
7670,ATTGTCTGTCCAGA,1
7671,ATTTCCGAACCAGT,1
7672,ATTTCGTGGAAACA,2
7673,ATTTGCACGACGAG,1
7674,ATTTGCACGGTGAG,1
7675,CAAATTGATGATGC,1
7676,CAACAGACGGTTAC,1
7677,CAACGAACATGTCG,1
7678,CAAGCTGACTTACT,1
7679,CAAGTCGACTGAAC,1
7680,CAATATGATGGAGG,1
7681,CACAGCCTAGCACT,1
7682,CACATACTGTCAAC,1
7683,CACCGGGACCACAA,1
7684,CACCGTACGTCTGA,1
7685,CACGAAACTTGCAG,1
7686,CACTAACTCTCCAC,1
7687,CACTAGGACCTATT,1
7688,CACTATACCTTACT,1
7689,CACTCTCTAGTACC,2
7690,CACTCTCTGATACC,1
7691,CACTGAGATCACGA,1
7692,CACTTTGAGAATCC,1
7693,CAGATGACGCTACA,1
7694,CAGCACCTTAAGCC,1
7695,CAGCATGATTGACG,1
7696,CAGGGCACTCTACT,1
7697,CAGTGATGCGTGAT,1
7698,CAGTTGGATTCTAC,1
7699,CAGTTTACGAATCC,1
7700,CATAAAACCTGTGA,1
7701,CATAAATGCGTGAT,1
7702,CATACTACACTACG,1
7703,CATCAGGAGTTGCA,1
7704,CATCTCCTGTATGC,1
7705,CATTGTTGGCTATG,1
7706,CCAAAGTGTCGCCT,1
7707,CCAACCTGCACTCC,1
7708,CCAAGATGTGTCCC,1
7709,CCACCATGTGTGAC,1
7710,CCACGGGACCTTCG,1
7711,CCACTGTGTAGTCG,1
7712,CCAGACCTCCTGAA,1
7713,CCAGCACTCCACAA,1
7714,CCAGTCACCTCCCA-1,0
7715,CCAGTCTGACACAC,1
7716,CCATATACGAGCAG,1
7717,CCCAAAGACTCCAC,1
7718,CCCAACTGCCTGTC,1
7719,CCCAACTGCGCCTT,1
7720,CCCAACTGTTGGCA-1,0
7721,CCCACATGGGTTAC,1
7722,CCCAGACTGGTCTA,1
7723,CCCAGTTGACGGTT,1
7724,CCCATGTGTTGAGC,1
7725,CCCTACGATGCTTT-1,0
7726,CCCTAGTGTGAGCT,1
7727,CCCTGATGCCCACT,1
7728,CCCTTACTACGGTT,1
7729,CCGCGAGACAACCA,1
7730,CCGGTACTGGTGTT,1
7731,CCTAAACTAGCAAA,1
7732,CCTATAACTGTAGC-1,0
7733,CCTCATCTCCGTAA,2
7734,CCTGCAACAAAGTG,1
7735,CCTGCAACTTGCTT,2
7736,CCTGGACTCTTTAC,1
7737,CCTTAATGATGCCA,1
7738,CGAACATGATCGGT,1
7739,CGAACATGTGGTGT,1
7740,CGACAAACAGCTAC,2
7741,CGACCTACCTGTGA,2
7742,CGACGTCTAGCGTT,1
7743,CGACTCACCTAGAC,1
7744,CGAGTATGGGTAGG,1
7745,CGAGTATGTCTCAT,1
7746,CGATAGACCGCAAT,3
7747,CGATAGACGATGAA,1
7748,CGATCAGATTCTGT,1
7749,CGCACGGATTCCCG,1
7750,CGCAGGACTGTGAC,1
7751,CGCAGGTGTTACTC,1
7752,CGCCATACACGTAC,1
7753,CGCTACACTAAGCC,2
7754,CGGCATCTGTGTAC,1
7755,CGGCGAACACCATG,1
7756,CGGCGAACTATTCC,1
7757,CGGGCATGTGTGCA,1
7758,CGTCGACTTTCTGT,1
7759,CGTGAATGATCAGC,1
7760,CGTGATGACACTGA-1,0
7761,CGTGTAGAGAGATA,1
7762,CGTGTAGAGAGGTG,1
7763,CGTTAGGAGTGTTG,1
7764,CGTTAGGATCAGAC,1
7765,CTAATAGAAGCATC,1
7766,CTAATAGACCGAAT,2
7767,CTAATGCTTTATCC,1
7768,CTACCTCTCCGTAA,1
7769,CTACTATGCACACA,1
7770,CTACTCCTTTCGCC,1
7771,CTAGTTTGATGGTC,1
7772,CTATAAGATACTGG,1
7773,CTATACTGGTTCTT,1
7774,CTATACTGTCGACA,1
7775,CTATGACTGGATTC,2
7776,CTCAGCACTGGAAA,1
7777,CTCAGCTGGTGTAC,1
7778,CTCCACGATAGTCG,1
7779,CTCGAAGACTCATT,1
7780,CTCGACTGGAATCC,1
7781,CTCGACTGTAGAAG,1
7782,CTGAAGACCAGTCA,1
7783,CTGATACTAAGGGC,1
7784,CTGGATGACCTCCA,1
7785,CTGGCACTGTCCTC,1
7786,CTGTGAGATCAAGC,2
7787,CTTAAAGACCTTGC,1
7788,CTTACAACAACCTG,1
7789,CTTACATGTAAGGA,1
7790,CTTACTGAAGCGTT,1
7791,CTTATCGACTTGCC,2
7792,CTTCATGAGTTGTG,1
7793,CTTCATGATGCCCT,1
7794,CTTTAGACTTGCTT,1
7795,GAAACAGAATTCCT,1
7796,GAAAGCCTTTCTAC,1
7797,GAACAGCTTTCCAT,1
7798,GAACGGGAATGCCA,2
7799,GAACGGGACCTCGT,1
7800,GAACGTTGACGACT,1
7801,GAAGCGGACTACCC,1
7802,GAAGTGCTGGGTGA,1
7803,GAATGCACGGAGTG,1
7804,GAATGGCTGCCAAT,1
7805,GACACTGACCTATT,1
7806,GACCCTACATCTCT,1
7807,GACGATTGATCAGC-1,0
7808,GACGGCACAACCAC,1
7809,GAGATAGACACAAC,2
7810,GAGCAGGATTTCTG,1
7811,GAGCATACAAGCCT,2
7812,GAGCGAGAAAACGA,1
7813,GAGCGAGATACTTC,1
7814,GAGCGCACACGTTG,1
7815,GAGCGCACGTCACA,2
7816,GAGCTCCTCGCATA,2
7817,GAGGGAACAGCCTA,1
7818,GAGGTTACCTCATT,1
7819,GAGGTTACTCTCTA,1
7820,GAGTACACTCCTCG,1
7821,GAGTGGGAATAAGG,1
7822,GAGTGGGATGTTCT,1
7823,GAGTGTTGACTGTG,1
7824,GAGTTGTGCTACGA,1
7825,GATACTCTCGTGAT,1
7826,GATACTCTTAAGGA,1
7827,GATATCCTCTGTTT,1
7828,GATCATCTATCTCT,1
7829,GATCGAACGCCTTC,1
7830,GATCGATGGCTCCT,1
7831,GATGCAACGCATCA,1
7832,GATGCATGCCGAAT,1
7833,GATTCTACGAGGTG,1
7834,GATTCTTGACCCAA,1
7835,GCACAATGAGTAGA,1
7836,GCACAATGCTAGCA,1
7837,GCACACCTACCAAC,2
7838,GCACGGTGTCTTCA,1
7839,GCACTAGAGGTCTA,1
7840,GCAGCTCTTAAGGA,1
7841,GCAGGCACTACGAC,1
7842,GCAGTTGAACCTTT,2
7843,GCCACGGAGCATAC,1
7844,GCCGTACTGGAACG,1
7845,GCCTACACCCCTCA,1
7846,GCCTCATGCCTCCA,1
7847,GCGACTCTGGACAG,2
7848,GCGGACTGAAGCAA,1
7849,GCGTAAACTTCATC,1
7850,GCTACAGAGTTGGT,1
7851,GCTACCTGACCGAT,1
7852,GCTACCTGTTGGTG,1
7853,GCTAGATGCGACTA,2
7854,GCTCAGCTCATGAC,1
7855,GGAACTTGCTCATT,1
7856,GGAAGGTGTATGGC,1
7857,GGACTATGTCGCAA,1
7858,GGAGACGAGCGGAA,1
7859,GGAGCAGAGTTGAC,1
7860,GGATGTTGGGTTTG,3
7861,GGCCACGATAGCGT,1
7862,GGCCCAGATGCTGA,1
7863,GGCCGAACGGTATC,1
7864,GGCTAATGACTACG,1
7865,GGGACCACTCTCAT,1
7866,GGGCACACCTCCAC,1
7867,GGGCAGCTAAAGCA,1
7868,GGGCCATGGGTGGA,1
7869,GGTACAACTGTCTT,1
7870,GGTACATGGGTTTG,1
7871,GGTATCGAGTTAGC,1
7872,GGTGGAGAGGTTCA,1
7873,GGTTGAACTTGTGG,1
7874,GTAACGTGACCTGA,1
7875,GTAATAACAAGGGC,1
7876,GTACAGTGGTACGT,1
7877,GTACCCTGAACTGC,1
7878,GTACTTTGACTCTT,1
7879,GTCACAGAGGACGA,1
7880,GTCACAGATTCAGG,1
7881,GTGACAACCGTAGT,1
7882,GTGACAACTTACCT,1
7883,GTGACCCTACTCAG,1
7884,GTGACCCTGACGTT,1
7885,GTGACCCTTCTTTG,1
7886,GTGAGGGAACCACA,1
7887,GTGATCGATTGCAG,1
7888,GTGATGACAGCAAA,1
7889,GTGATGACGAATGA,1
7890,GTGTCAGAGGTCTA,1
7891,GTTAAATGTGGATC,2
7892,GTTAAATGTGTCGA,1
7893,GTTATAGACGAACT,1
7894,GTTATGCTCGTAGT,1
7895,GTTCAACTTGGCAT,1
7896,GTTCATACGCTCCT,1
7897,GTTCATACTCCAAG,1
7898,GTTGACGACTTACT,1
7899,GTTGTACTGAGACG,1
7900,GTTTAAGACCATAG,1
7901,TAAATGTGGACTAC,1
7902,TAAATGTGGTACGT,1
7903,TAACACCTGACGAG,1
7904,TAACTCACAAGGTA,1
7905,TAAGATTGTGTAGC,1
7906,TAAGGCTGAGCAAA,1
7907,TAATCGCTAAGAAC,1
7908,TAATGAACGCCTTC,1
7909,TAATGCCTCTTTAC,1
7910,TAATGCCTGATGAA,1
7911,TACACACTTACGAC,1
7912,TACCATTGCCTCAC,1
7913,TACCGAGAAAGATG,1
7914,TACCGAGAGAATCC,1
7915,TACCGCTGTCTCCG,1
7916,TACGACGAGTTCTT,1
7917,TACGCAGATGTGGT,1
7918,TACGGAACGTTGAC,1
7919,TACGGCCTGAAAGT,1
7920,TACGTACTTACTTC,1
7921,TACGTACTTTGTCT,1
7922,TACGTTACTACTTC,1
7923,TACTACTGTCTCCG,1
7924,TACTCTGACTCCAC,1
7925,TACTGGGAACAGCT,1
7926,TAGAATACATTCGG,1
7927,TAGACGTGTCAAGC,1
7928,TAGCCCTGCCACAA,1
7929,TAGCCCTGTCCGTC,1
7930,TAGCCCTGTGACCA,1
7931,TAGGGACTGTCGTA,1
7932,TAGGGACTTCACCC,1
7933,TAGTAAACAACGGG,1
7934,TAGTAAACCATGGT,1
7935,TAGTAATGAAACAG,1
7936,TAGTAATGGAGGGT,1
7937,TAGTTCACGGTTAC,1
7938,TATACCACCGTACA,1
7939,TATAGCCTCTCCAC,1
7940,TATCCTGATTCCAT,1
7941,TATCGTACATCTTC,1
7942,TATCGTACCTCAGA,1
7943,TATCTCGATACGCA,1
7944,TATGGGACGCTAAC,1
7945,TATGGGTGAGAGAT,1
7946,TATGGTCTCGACAT,1
7947,TATGTCACGCGAGA,1
7948,TATGTCACTTCCGC,1
7949,TATTGCTGACACCA,1
7950,TCAGACGAACCTTT,1
7951,TCAGAGACCGTTAG,1
7952,TCAGCAGAACGGAG,1
7953,TCAGCAGACTTAGG,1
7954,TCAGCGCTTGCCTC,1
7955,TCATCATGTACGAC,1
7956,TCATCCCTGTTTGG,2
7957,TCCACTCTACGTTG,1
7958,TCCAGAGATAAAGG,1
7959,TCCATAACCTTATC,1
7960,TCCCACGATGACCA,1
7961,TCCCAGACCCCAAA,2
7962,TCCCATCTGACGAG,1
7963,TCCGAAGACGTACA,1
7964,TCCGAGCTCTCTCG,1
7965,TCCGAGCTGTGTCA,1
7966,TCCTAAACCAGGAG,1
7967,TCCTACCTGTAAAG,1
7968,TCGAGCCTGCTATG,1
7969,TCGATACTTGGTTG,1
7970,TCGCAAGACGAATC,1
7971,TCGCAGCTCATGCA,1
7972,TCGCCATGAAGCAA,1
7973,TCGGTAGAGAGGTG,1
7974,TCGTTATGACACTG,1
7975,TCTAACTGATAAGG,1
7976,TCTAGACTAACGAA,2
7977,TGAACCGATCCCAC,1
7978,TGAAGCACAGTCTG,1
7979,TGACACGACTTGGA,1
7980,TGACACGAGATACC,1
7981,TGACACGAGTAAGA,1
7982,TGAGTCGACCTCGT,1
7983,TGAGTCGAGAACTC,1
7984,TGATAAACCCTATT,1
7985,TGATACCTTGGATC,1
7986,TGATCACTTAGCCA,1
7987,TGCAAGTGTTTACC,1
7988,TGCACAGACGACAT,2
7989,TGCATGGAGCTTAG,1
7990,TGCCCAACCCAATG,1
7991,TGCCCAACTGACAC,1
7992,TGCCGACTTTGTGG,1
7993,TGCGAAACGTTGTG,1
7994,TGCGTAGACTCTCG,1
7995,TGCGTAGATGCCAA,1
7996,TGCTAGGAAGCATC,1
7997,TGCTGAGAGCTGTA,1
7998,TGCTGAGATGGAAA,1
7999,TGCTGAGATGGTAC,1
8000,TGGAAAGAACACTG,1
8001,TGGAACTGACCTAG,1
8002,TGGACCCTAAGATG,2
8003,TGGAGACTTCAGGT,1
8004,TGGAGGGACAGAAA,1
8005,TGGATGTGCCTTGC,1
8006,TGGATTCTAACGGG,1
8007,TGGATTCTCTCCCA,1
8008,TGGCACCTTTAGGC,1
8009,TGGGTATGTTCTGT,1
8010,TGGTAGTGGTCGAT,1
8011,TGGTAGTGTGATGC,1
8012,TGGTCAGAGTTCAG,1
8013,TGTAAAACTGCCTC,1
8014,TGTAGGTGCTACTT,1
8015,TGTATCTGCATGAC,1
8016,TGTCAGGATGGGAG,1
8017,TGTGACGATCTCAT,1
8018,TGTTACACTACGAC,1
8019,TGTTACTGTTATCC,1
8020,TTACCATGAAACAG,1
8021,TTACCATGGACGTT,1
8022,TTAGCTACCAGTCA,1
8023,TTAGGGTGAACCAC,1
8024,TTATCCGATAGAAG,1
8025,TTATGGCTAGGTCT,2
8026,TTATTCCTACCTAG,1
8027,TTCACCCTAACGGG,1
8028,TTCACCCTGGTGAG,1
8029,TTCCATGATGAGGG,1
8030,TTCGAGGACAAGCT,1
8031,TTCTCAGAGCGAAG,1
8032,TTGAATGACCTTCG,1
8033,TTGAATGATTACCT,1
8034,TTGATCTGCACAAC,1
8035,TTGCTATGTTCTTG,1
8036,TTTAGAGATGGTTG,1
8037,TTTAGCTGGCAAGG,1
8038,TTTATCCTGTTAGC,1
8039,TTTCGAACAATCGC,1
8040,AAACATTGAGCAAA,1
8041,AAACATTGGTAAAG,1
8042,AAACCGTGCGAACT,2
8043,AAACTTGACAGCTA,1
8044,AAAGCAGACGTTGA,1
8045,AAAGGCCTTCCTCG,1
8046,AAAGTTTGCATTGG,1
8047,AAATACTGAGCACT,1
8048,AAATACTGGTACCA,1
8049,AAATCTGATGGGAG,1
8050,AAATGGGACAAAGA,1
8051,AAATGTTGTTTCTG,1
8052,AAATTCGATATTCC,1
8053,AAATTGACGGATCT,1
8054,AACAATACAGTTCG,1
8055,AACACTCTCACTCC,1
8056,AACACTCTCATACG,1
8057,AACAGAGATTTGGG,1
8058,AACATATGGCTATG,1
8059,AACATATGGGTACT,1
8060,AACATTGAGGTGAG,1
8061,AACCCAGACCTTGC,1
8062,AACCTACTTTCGCC,1
8063,AACCTTACCTCGAA,2
8064,AACCTTTGATCGAC,1
8065,AACGCAACACGTAC,2
8066,AACGCAACGAACTC,2
8067,AACGGTTGAAGTGA,1
8068,AACGGTTGAGTGCT,1
8069,AACGTGTGATTCGG,1
8070,AACTACCTAAGCAA,1
8071,AACTCACTTAAGGA,1
8072,AACTCTTGACGTAC,1
8073,AAGACAGATATGGC,1
8074,AAGATGGATCTGGA,1
8075,AAGCGACTCTCGAA,1
8076,AAGCGTACGCATCA,1
8077,AAGGCTACGTTACG,1
8078,AAGGCTTGCGTCTC,1
8079,AAGGCTTGTTTCGT,1
8080,AAGGTCACGTTGGT,1
8081,AAGGTGCTACCAAC,1
8082,AAGGTGCTGAGAGC,1
8083,AAGTAACTTGGATC,1
8084,AAGTAGGAGTGCAT,1
8085,AAGTATACATACCG,1
8086,AAGTCTCTCTCCAC,1
8087,AAGTCTCTGTTGTG,1
8088,AAGTTCCTGCGATT,1
8089,AATAACACAGACTC,1
8090,AATAAGCTCTCTTA,2
8091,AATACTGATTGCAG,1
8092,AATATCGACGACAT,1
8093,AATCCTTGTGTGCA,1
8094,AATCTCTGGTATGC,1
8095,AATGAGGAACCAAC,1
8096,AATGTAACCCGCTT,1
8097,AATGTCCTAGAACA,1
8098,AATTACGATTGACG,1
8099,AATTCCTGCCAATG,1
8100,AATTGTGATCTAGG,1
8101,ACAAATTGCGTGTA,1
8102,ACAACCGATGGTTG,1
8103,ACAAGCACCATCAG,1
8104,ACAAGCACGTTCAG,1
8105,ACACATCTTGTCGA,1
8106,ACAGCAACCGAGAG,1
8107,ACAGTGTGAAGATG,1
8108,ACAGTTCTCCTACC,1
8109,ACAGTTCTTCAGAC,1
8110,ACATCACTAGAGTA,2
8111,ACATCACTCCATAG,1
8112,ACATGGTGCTGGTA,1
8113,ACATGGTGGGTGGA,1
8114,ACCACAGATTTACC,2
8115,ACCCGTACGAATGA,1
8116,ACCCTCGATTCATC,1
8117,ACCGCGGAATGGTC,2
8118,ACCGCGGATGTCGA,1
8119,ACCTCCGAGTCACA,1
8120,ACCTTTGAACCACA,1
8121,ACGAACACGAACCT,1
8122,ACGAACACTCCTGC,1
8123,ACGAACTGTCCGAA,1
8124,ACGAAGCTAAACAG,1
8125,ACGAAGCTCAACTG,1
8126,ACGACAACTGCTGA,1
8127,ACGAGGGAGTCTAG,1
8128,ACGAGGGATTTACC,1
8129,ACGAGTACCCACCT,1
8130,ACGATCGACGGTAT,1
8131,ACGATCGATACGAC,1
8132,ACGATTCTGCTATG,2
8133,ACGATTCTTTGCAG,1
8134,ACGCAATGCAGATC,1
8135,ACGCAATGGGTGTT,1
8136,ACGCCACTCCCAAA,1
8137,ACGCCACTCTCGCT,1
8138,ACGCCGGAAGAACA,1
8139,ACGCCTTGAAGAGT,1
8140,ACGCCTTGCGAACT,1
8141,ACGCTCACTGGAAA,1
8142,ACGCTGCTCTATTC,1
8143,ACGGAGGACACCAA,1
8144,ACGGATTGATGACC,1
8145,ACGGATTGCGTTAG,1
8146,ACGGATTGGGTTTG,1
8147,ACGGCTCTCGCTAA,1
8148,ACGGTATGGGAACG,1
8149,ACGGTCCTACCAGT,2
8150,ACGGTCCTTTTGGG,1
8151,ACGTGATGATTCCT,1
8152,ACGTGCCTTTTGCT,1
8153,ACGTTACTTGCAGT,1
8154,ACGTTTACCTCTAT,1
8155,ACGTTTACGGAGGT,1
8156,ACGTTTACTTACTC,1
8157,ACTAAAACATCGAC,1
8158,ACTATCACCTTGTT,1
8159,ACTCCCGACCGCTT,1
8160,ACTCCTCTCGAGTT,1
8161,ACTCTATGAAGCCT,2
8162,ACTCTCCTCGAGAG,1
8163,ACTGAGACGCAAGG,1
8164,ACTGTTACTAGAGA,1
8165,ACTTCCCTAGAGGC,1
8166,ACTTCCCTCCCACT,1
8167,ACTTCCCTTGAGGG,1
8168,ACTTTGTGCTCCCA,2
8169,AGAAACGAGACTAC,1
8170,AGAACAGATGTTCT,2
8171,AGAACGCTCTTGGA,1
8172,AGAAGATGCCTGTC,1
8173,AGAAGATGTTTCAC,2
8174,AGAATGGAAGTTCG,1
8175,AGACACACGCCTTC,1
8176,AGACACACTCTAGG,2
8177,AGACCTGACTTCGC,2
8178,AGACCTGAGGTTCA,1
8179,AGACCTGAGTGTAC,2
8180,AGACTCGACGAGTT,1
8181,AGAGAAACAGCATC,1
8182,AGAGAATGACTGTG,1
8183,AGAGAATGCATACG,1
8184,AGAGAATGGAAACA,1
8185,AGAGCGGATACAGC,1
8186,AGAGGTCTTGAGCT,2
8187,AGATATTGATTTCC,1
8188,AGATCGTGACACGT,1
8189,AGATCGTGAGTGCT,1
8190,AGATCTCTCTAAGC,1
8191,AGATTAACTATCGG,1
8192,AGATTCCTTATCTC,1
8193,AGCAAGCTGCTGAT,1
8194,AGCATTCTGGAGCA,1
8195,AGCCAATGTCATTC,2
8196,AGCCACCTCCCTCA,1
8197,AGCCACCTGTAAAG,1
8198,AGCCTCTGTTCGCC,1
8199,AGCGAACTTGGAGG,2
8200,AGCGATACCCTCCA,1
8201,AGCGCTCTAACGGG,1
8202,AGCGGCTGGTAGCT,1
8203,AGCGTAACACGTAC,1
8204,AGCTCGCTACGTGT,1
8205,AGCTCGCTTCTGGA,1
8206,AGCTGAACTCTGGA,2
8207,AGCTGTGACTACCC,1
8208,AGCTTACTATTCCT,1
8209,AGCTTACTTTCTAC,2
8210,AGGAAATGTCTAGG,2
8211,AGGAGTCTCCCAAA,1
8212,AGGAGTCTCTGTTT,1
8213,AGGATGCTTATCGG,1
8214,AGGCAACTCCTCAC,1
8215,AGGCAACTGGTATC,1
8216,AGGCAACTTTACCT,2
8217,AGGCAGGAAGCTCA,1
8218,AGGGACGAATCGTG,1
8219,AGGGACGACACTGA,1
8220,AGGGAGTGAGCAAA,1
8221,AGGGAGTGCGTGTA,1
8222,AGGGCCACTTGTCT,1
8223,AGGGCCTGTGTAGC,1
8224,AGGTACACGCCAAT,1
8225,AGGTACTGTCCCGT,1
8226,AGGTGGGAAGGAGC,1
8227,AGGTGTTGCCCTAC,1
8228,AGGTGTTGCCTTTA,1
8229,AGTAAGGACAGCTA,1
8230,AGTAAGGATTACCT,1
8231,AGTACGTGCGTTGA,3
8232,AGTACTCTATACCG,1
8233,AGTAGAGAAAGAAC,1
8234,AGTAGAGAAAGTGA,1
8235,AGTAGAGATTTGTC,1
8236,AGTATAACCAAGCT,2
8237,AGTCACGATCCTCG,1
8238,AGTCGAACAGCCTA,1
8239,AGTCTACTGGACAG,1
8240,AGTGACTGAAGCCT,1
8241,AGTGTTCTCATTCT,1
8242,AGTTTCACATGACC,1
8243,ATAACAACTATCTC,1
8244,ATAACATGGAACTC,1
8245,ATAACATGTCCCGT,1
8246,ATAACCCTGACGGA,1
8247,ATAAGTACGGAAGC,1
8248,ATAATCGACGGGAA,1
8249,ATAATCGAGAACCT,1
8250,ATAATCGAGCCTTC,1
8251,ATAATGACGAAGGC,1
8252,ATACACCTGCTGAT,1
8253,ATACCACTCTCTTA,2
8254,ATACGGACACGCAT,1
8255,ATACTCTGGCATCA,1
8256,ATACTCTGGGCGAA,1
8257,ATACTCTGGTGAGG,1
8258,ATAGAACTGGTGGA,1
8259,ATAGAACTTCGTAG,1
8260,ATAGAACTTGACAC,1
8261,ATAGATACGTGTAC,1
8262,ATAGCCGAACCATG,1
8263,ATAGCCGATCAGAC,1
8264,ATAGCTCTGTTCTT,2
8265,ATAGTCCTGGGAGT,1
8266,ATAGTTGATAAGCC,1
8267,ATATACGATGCCAA,1
8268,ATCACACTCAATCG,1
8269,ATCACACTTTGCAG,1
8270,ATCACTACCAGTTG,1
8271,ATCACTACCGCCTT,1
8272,ATCAGGTGTCGCCT,1
8273,ATCATGCTGTAGCT,1
8274,ATCCCGTGACAGTC,1
8275,ATCCCGTGTCACGA,1
8276,ATCGACGAAGTGTC,1
8277,ATCGAGTGTGCCTC,1
8278,ATCGCAGATGCTCC,1
8279,ATCGCGCTCATACG,1
8280,ATCGGTGAACCATG,1
8281,ATCGTTTGGCTCCT,1
8282,ATCGTTTGTCGATG,1
8283,ATCTACACTTGTCT,1
8284,ATCTCAACTCCCGT,1
8285,ATCTTGACTTTGGG,1
8286,ATGATATGGACGTT,1
8287,ATGATATGGGCGAA,1
8288,ATGATATGTACTGG,1
8289,ATGCACGACTCTTA,1
8290,ATGCAGACATCTCT,1
8291,ATGCAGTGCCTCAC,1
8292,ATGCCAGAACCCAA,1
8293,ATGCGATGGCAGTT,1
8294,ATGCTTTGTTCTGT,2
8295,ATGGACACAGTCGT,1
8296,ATGTACCTACCTGA,1
8297,ATGTTCACTGCCTC,1
8298,ATTAGATGCACCAA,1
8299,ATTAGATGTGGCAT,1
8300,ATTAGTGATCTTCA,1
8301,ATTATGGACTTGTT,1
8302,ATTATGGAGAACCT,1
8303,ATTATGGATCCCGT,1
8304,ATTCAGCTCTGTTT,1
8305,ATTCCAACTGGTAC,1
8306,ATTCCAACTGTCTT,1
8307,ATTCCATGGAATCC,1
8308,ATTCTTCTCTAAGC,1
8309,ATTCTTCTCTTGGA,1
8310,ATTGAATGGCTACA,1
8311,ATTGAATGTTGACG,1
8312,ATTGCGGACAGTTG,2
8313,ATTGCTACGAAGGC,1
8314,ATTGTAGAAGATCC,1
8315,ATTGTAGACTGTGA,1
8316,ATTGTCTGAGAATG,1
8317,ATTTCGTGTCCCGT,1
8318,CAAAGCTGTCTCGC,1
8319,CAAATATGTTCTTG,1
8320,CAAATTGACCAGTA,1
8321,CAACCGCTGTTCGA,2
8322,CAACGTGAGGTTAC,1
8323,CAACGTGATGCTCC,1
8324,CAACGTGATGGTCA,1
8325,CAAGCATGAAAACG,1
8326,CAAGCATGATGTGC,1
8327,CAAGGACTCAGTTG,1
8328,CAAGGACTTGCCCT,1
8329,CAAGGACTTGGTCA,1
8330,CAAGGTTGGACGAG,1
8331,CAAGTCGAAGTAGA,1
8332,CAAGTCGACCCGTT,1
8333,CAAGTTCTGAACCT,1
8334,CAATAAACACTTTC,1
8335,CAATATGAAGCGGA,1
8336,CAATGGACATGGTC,1
8337,CAATTCACCTTCTA,1
8338,CAATTCTGTTCACT,1
8339,CACAACGAATGTCG,1
8340,CACAACGACTCGCT,1
8341,CACAATCTTTGTGG,1
8342,CACACCTGTGGAGG,1
8343,CACAGCCTACGCTA,2
8344,CACATACTGGTCTA,1
8345,CACCACTGTCGCTC,1
8346,CACCTGACCAATCG,1
8347,CACGGGACCTATTC,1
8348,CACTAGGAGTATGC,1
8349,CACTATACACAGCT,2
8350,CACTCTCTACGACT,2
8351,CACTCTCTGTCTTT,1
8352,CACTGAGATGTCGA,1
8353,CACTGCACACCTGA,1
8354,CACTGCACTTGACG,2
8355,CACTTAACCGGTAT,1
8356,CACTTATGCGCAAT,1
8357,CAGAAGCTGAAAGT,1
8358,CAGACATGCCTATT,1
8359,CAGACTGATGCATG,1
8360,CAGAGGGAGGAAGC,1
8361,CAGATCGATCTTTG,1
8362,CAGATGACACGTGT,2
8363,CAGCATGAACACAC,1
8364,CAGCCTACCATGCA,1
8365,CAGCGTCTCGTCTC,1
8366,CAGCGTCTTTACCT,1
8367,CAGCTAGATCCAAG,1
8368,CAGGCCGAACAGTC,1
8369,CAGGTATGAAGTAG,2
8370,CAGGTATGAGCATC,1
8371,CAGTGATGCCAAGT,1
8372,CAGTGATGCCTTCG,1
8373,CAGTGATGTTGCAG,1
8374,CAGTTACTAGCGGA,1
8375,CATAAAACTTGTCT,1
8376,CATAAAACTTGTGG,1
8377,CATAACCTGGGAGT,1
8378,CATACTACAGCTCA,1
8379,CATACTTGAGAGTA,1
8380,CATCAACTAGTACC,1
8381,CATCAGGATCCAGA,1
8382,CATCATACTGAACC,1
8383,CATCTCCTAGTCTG,1
8384,CATCTCCTGAGGAC,1
8385,CATCTTGATCACGA,1
8386,CATGAGACCTATTC,1
8387,CATGGCCTGGTACT,1
8388,CATGTACTGCGTAT,2
8389,CATGTTTGCATTCT,2
8390,CATGTTTGGCGTAT,1
8391,CATTAGCTGGTAGG,1
8392,CATTGACTAATCGC,1
8393,CATTGACTACGGGA,1
8394,CATTGACTCTACTT,1
8395,CATTGTACTCCGAA,1
8396,CATTGTTGGCAAGG,1
8397,CATTTGTGCTCGCT,1
8398,CCAACCTGACCTCC,1
8399,CCAAGATGGCTGAT,1
8400,CCAAGTGAGTATGC,1
8401,CCACCATGTCGTTT,1
8402,CCACCTGAAGCCAT,1
8403,CCACTGTGAAGGGC,1
8404,CCACTGTGATCACG,2
8405,CCACTTCTGTGTTG,1
8406,CCACTTCTTGCTAG,1
8407,CCAGAAACCTATGG,1
8408,CCAGAAACGTTCAG,2
8409,CCAGCGGAAGAAGT,2
8410,CCAGCGGACAGTCA,1
8411,CCAGGTCTGGAGCA,1
8412,CCAGGTCTTGTGCA,1
8413,CCAGGTCTTTGCGA,1
8414,CCAGTCACGGACGA,2
8415,CCATAGGATCCTTA,1
8416,CCATCCGATCAGGT,1
8417,CCATGCTGGGAAAT,1
8418,CCCAACACGAGATA,1
8419,CCCAGACTAGATCC,1
8420,CCCATGTGAAGTGA,1
8421,CCCGAACTGATAGA,2
8422,CCCTACGAACCTAG,1
8423,CCCTAGTGAAAAGC,1
8424,CCCTTACTAAACAG,1
8425,CCCTTACTCCGTTC,1
8426,CCGATAGACTTATC,1
8427,CCGCGAGATCTACT,1
8428,CCGGAGACCATGAC,1
8429,CCGGAGTGCATGCA,2
8430,CCGGAGTGGACGAG,1
8431,CCGGTACTTAACCG,1
8432,CCTAAGGATAGACC,1
8433,CCTACCGACTAGTG,1
8434,CCTACCGAGAACTC,1
8435,CCTCATCTGACGAG,1
8436,CCTCATCTGAGACG,1
8437,CCTCTACTGATGAA,1
8438,CCTCTACTGTGAGG,1
8439,CCTGCAACAACCTG,1
8440,CCTGCAACAATGCC,1
8441,CCTTCACTCAGAGG,1
8442,CCTTCACTCCTTGC,1
8443,CGAACATGCCACAA,1
8444,CGAATCGAACTAGC,2
8445,CGAATCGAACTTTC,1
8446,CGACAAACTTACTC,1
8447,CGACCACTGTAGGG,1
8448,CGACCGGAGCAAGG,1
8449,CGACCGGATTTACC,1
8450,CGACCTACAGCTAC,1
8451,CGACCTTGATGACC,1
8452,CGACTCACCGTGAT,1
8453,CGACTCTGACGCAT,1
8454,CGACTCTGTCTTAC,1
8455,CGAGATTGGCCTTC,1
8456,CGAGCCGATCGCCT,1
8457,CGAGCGTGCGATAC,2
8458,CGAGGAGATTCCAT,1
8459,CGAGGCACCCTGTC,1
8460,CGAGGCTGTCCGTC,1
8461,CGATACGAGGACTT,1
8462,CGATCAGACTTGCC,1
8463,CGATCAGATTAGGC,1
8464,CGATCCACAAGCAA,1
8465,CGCAAATGGAGGAC,1
8466,CGCAAATGTTCGCC,1
8467,CGCAACCTATCGAC,1
8468,CGCACGGAGCAAGG,1
8469,CGCACGGAGTACGT,1
8470,CGCCATACGATGAA,1
8471,CGCCGAGACGTGAT,2
8472,CGCCTAACCGTTAG,1
8473,CGCTAAGATACTTC,1
8474,CGCTACACGACAGG,1
8475,CGCTCATGTGGTAC,1
8476,CGGAATTGTCCGAA,1
8477,CGGACCGACCGCTT,1
8478,CGGATAACTGACTG,1
8479,CGGCATCTATACCG,1
8480,CGGCGAACACCCAA,1
8481,CGGCGATGGTGTCA,1
8482,CGGTAAACGGAACG,1
8483,CGGTACCTCCTATT,1
8484,CGGTACCTTTCTTG,1
8485,CGTAACGATATCGG,1
8486,CGTACAGATGTGCA,1
8487,CGTACCACTTACTC,1
8488,CGTACCTGTCGATG,1
8489,CGTCAAGATTGCGA,1
8490,CGTCCAACCAAGCT,1
8491,CGTCCAACCGAACT,1
8492,CGTCGACTCGTAGT,1
8493,CGTGAAACACGTTG,1
8494,CGTGAAACAGAGGC,1
8495,CGTGATGAGTTTGG,1
8496,CGTGATGATCGCTC,2
8497,CGTGATGATGGAAA,2
8498,CGTGCACTCCACCT,1
8499,CGTGCACTTTACCT,1
8500,CGTTAACTAGCCTA,1
8501,CTAAGGACGGGCAA,1
8502,CTAAGGTGCCCGTT,1
8503,CTACCTCTCATACG,1
8504,CTACCTCTCCAGTA,1
8505,CTACCTCTTCGCAA,1
8506,CTACCTCTTGCGTA,1
8507,CTACGGCTTCCTAT,1
8508,CTAGGATGGTAAAG,1
8509,CTAGGATGTGACTG,1
8510,CTAGGTGAACACCA,1
8511,CTAGGTGAATGTCG,1
8512,CTAGTTTGCCGAAT,1
8513,CTAGTTTGCTAGAC,2
8514,CTAGTTTGGTCATG,2
8515,CTAGTTTGTCCGTC,1
8516,CTATAGCTAACCTG,1
8517,CTATAGCTGGCAAG,1
8518,CTATCATGACGGGA,1
8519,CTATGACTGTTTCT,1
8520,CTATGACTTTCCAT,1
8521,CTATGTACCTCAAG,1
8522,CTATTGTGAACGAA,1
8523,CTCAATTGATTCGG,1
8524,CTCAATTGGGTGGA,1
8525,CTCATTGAGACAGG,1
8526,CTCCACGACTCTCG,1
8527,CTCCATCTCGACAT,2
8528,CTCCATCTGTGCAT,2
8529,CTCCTACTTTGCTT,1
8530,CTCGAAGAAAGATG,1
8531,CTCGAAGAGCGTTA,1
8532,CTCGACACTCGATG,2
8533,CTCTAATGCCGCTT,1
8534,CTCTAATGGCGATT,1
8535,CTGACAGATGCACA,1
8536,CTGACCACCACTAG,1
8537,CTGACCACCCTGAA,1
8538,CTGAGAACTAACGC,1
8539,CTGATACTAAGTAG,1
8540,CTGATACTTCCCAC,1
8541,CTGATGGAGTCGTA,1
8542,CTGCAGCTGAGGCA,1
8543,CTGGAAACTGTAGC,1
8544,CTGGATGATCCAGA,1
8545,CTGTATACTTCTAC,1
8546,CTGTGAGACTCCAC,2
8547,CTTACATGTCCTAT,1
8548,CTTAGGGAAGCTAC,1
8549,CTTATCGAGGTTCA,1
8550,CTTCACCTGAGGTG,1
8551,CTTCACCTGTCACA,1
8552,CTTCATGAGTCGAT,1
8553,CTTCATGATTGGTG,1
8554,CTTGAGGAAAGCCT,1
8555,CTTGATTGTTCTAC,1
8556,CTTTCAGAAGTGCT,1
8557,GAAAGATGCTCCCA,1
8558,GAACACACCAGAAA,1
8559,GAACAGCTCGGGAA,1
8560,GAACGGGAATGCCA-1,0
8561,GAACGTTGAAACGA,1
8562,GAAGATGAGAGGGT,1
8563,GAAGCGGAGCTGTA,1
8564,GAAGCGGAGGAGCA,1
8565,GAAGCGGAGTGCAT,1
8566,GAAGCTACTAAGGA,2
8567,GAAGCTACTTCCAT,1
8568,GAAGCTTGGGTGGA,1
8569,GAAGGGTGATGGTC,1
8570,GAAGTCACCTCAAG,1
8571,GAAGTCTGTCAGGT,1
8572,GAAGTGCTTGACCA,1
8573,GAATGGCTAATCGC,1
8574,GAATGGCTGGATCT,1
8575,GACAACACCTCCCA,1
8576,GACAGGGATCTTTG,1
8577,GACCAAACGAAAGT,1
8578,GACCATGAATGCTG,1
8579,GACCATGATTCTTG,1
8580,GACCCTACCTAAGC,1
8581,GACCTCTGCCGAAT,1
8582,GACGAACTACGGTT,1
8583,GACGAACTCATACG,1
8584,GACGAGGAAGTCAC,1
8585,GACGATTGTGCAAC,1
8586,GACGATTGTGTGAC,1
8587,GACGGCACAGGAGC,2
8588,GACGGCACGGAAGC,1
8589,GACGTATGCCTCAC,1
8590,GACTACGAGTGTCA,1
8591,GAGATAGAGTTCGA,1
8592,GAGATGCTTTGGCA,1
8593,GAGCAACTACGTGT,1
8594,GAGCAACTCGAGAG,1
8595,GAGCAACTGGTCAT,1
8596,GAGCAGGAGGCATT,1
8597,GAGCATACCATGGT,1
8598,GAGCATACGGAGCA,1
8599,GAGCGAGAACCAGT,2
8600,GAGCGCTGAGCATC,1
8601,GAGGTACTGTGAGG,1
8602,GAGGTTACAGCTAC,1
8603,GAGGTTACTTCACT,1
8604,GAGGTTTGCCGCTT,1
8605,GAGTAAGAGTACCA,1
8606,GAGTACTGTGAACC,1
8607,GAGTCAACCTTGGA,1
8608,GATAAGGAAGCGGA,1
8609,GATACTCTGGTCAT,1
8610,GATAGAGACGACAT,1
8611,GATAGAGAGAATGA,1
8612,GATCGTGAACTCTT,1
8613,GATCTACTCTATTC,1
8614,GATGACACTCAGAC,1
8615,GATGCATGTGGGAG,1
8616,GATGCCCTCTCGCT,1
8617,GATTACCTCCTTAT,1
8618,GATTCGGAAAGCAA,1
8619,GATTCGGACTGACA,1
8620,GATTCGGAGTAGCT,1
8621,GATTCTACCTCGAA,1
8622,GATTCTTGTTCCAT,1
8623,GATTCTTGTTGCTT,1
8624,GATTGGTGACCAGT,1
8625,GATTGGTGCGACTA,1
8626,GATTTGCTAACGGG,1
8627,GATTTGCTTCTACT,1
8628,GCAACCCTTTGCAG,1
8629,GCAACTGAGCTACA,1
8630,GCACAAACCTATTC,1
8631,GCACAATGAAGCCT,1
8632,GCACCTACCTGGAT,1
8633,GCACCTTGAGCTAC,1
8634,GCACCTTGAGTCTG,1
8635,GCACGTCTGGTGAG,1
8636,GCACTAGACACACA,1
8637,GCACTGCTGTATCG,1
8638,GCAGCGTGACTGGT,1
8639,GCAGCTCTTAGCCA,2
8640,GCAGGCACCGCCTT,1
8641,GCATCAGACTGTGA,2
8642,GCATGTGATACTCT,1
8643,GCCAAATGCTGAGT,1
8644,GCCAAATGTTGTCT,1
8645,GCCAACCTACGTAC,1
8646,GCCACTACCTAGCA,1
8647,GCCCAACTCACCAA,1
8648,GCCCATACCCTCGT,1
8649,GCCCATACTGCCTC,1
8650,GCCGAGTGAACAGA,1
8651,GCCGGAACGGTCAT,1
8652,GCCTACACCTTGGA,1
8653,GCCTAGCTTTTACC,2
8654,GCCTCATGCGTCTC,1
8655,GCCTGACTATCAGC,1
8656,GCGAAGGAGGAGTG,1
8657,GCGAAGGATGGCAT,1
8658,GCGACTCTATCACG,1
8659,GCGACTCTTCAAGC,1
8660,GCGAGAGACATCAG,1
8661,GCGCACGAAAGTAG,1
8662,GCGCGATGGTTTCT,1
8663,GCGGGACTGAACCT,1
8664,GCGGGACTTGGAAA-1,0
8665,GCGTAAACGCTGTA,1
8666,GCGTAATGCTAGAC,1
8667,GCGTAATGTAAGCC,1
8668,GCTACAGAACCATG,1
8669,GCTACAGATCGCTC,1
8670,GCTACCTGATCAGC,1
8671,GCTACCTGTATCTC,1
8672,GCTACGCTACCCAA,1
8673,GCTAGAACCGCCTT,1
8674,GCTATACTAGATGA,1
8675,GCTATACTTCTCTA,1
8676,GCTCACTGCATTGG,1
8677,GCTCACTGTTCTTG,1
8678,GCTCAGCTCACAAC,1
8679,GCTCAGCTCGGGAA,1
8680,GCTCAGCTTCCCAC,1
8681,GCTTAACTTTCCCG,1
8682,GGAACACTTGTTCT,1
8683,GGAACACTTTCGGA,1
8684,GGAACTACAGCATC,1
8685,GGAACTACGACTAC,1
8686,GGAAGGACCAAAGA,1
8687,GGAAGGTGTGGCAT,1
8688,GGAATCTGTGGTAC,1
8689,GGAATCTGTTGTGG,1
8690,GGAATGCTAACCTG,1
8691,GGAATGCTCATTTC,1
8692,GGACAGGAATCGTG,1
8693,GGACATTGAGCCAT,1
8694,GGACATTGGATGAA,1
8695,GGACCGTGGGTAGG,2
8696,GGACCGTGTAGCCA,1
8697,GGACCGTGTCGCAA,1
8698,GGAGAGACTAGCGT,1
8699,GGAGCAGACATGCA,1
8700,GGAGCAGACTTATC,1
8701,GGAGCAGAGCGTAT,1
8702,GGAGGCCTAGCCAT,2
8703,GGAGTTTGATGGTC,1
8704,GGATACTGCGCATA,1
8705,GGATACTGGCGATT,1
8706,GGATACTGGTCGTA,1
8707,GGATACTGGTGAGG,1
8708,GGATAGCTGCTCCT,1
8709,GGATGTACCCGTAA,2
8710,GGATGTTGACCTGA,1
8711,GGATTGTGCGTGAT,1
8712,GGCAAGGAGGTTTG,1
8713,GGCAAGGAGTGTAC,2
8714,GGCCACGATCGCTC,1
8715,GGCCGAACTCACCC,1
8716,GGCGACTGACCTTT,1
8717,GGCGACTGGTGTAC,1
8718,GGCGCATGAGTTCG,1
8719,GGCTCACTAGAAGT,1
8720,GGCTCACTATCACG,1
8721,GGCTCACTTAAAGG,2
8722,GGGAACGATGAAGA,1
8723,GGGAAGTGACGCAT,1
8724,GGGAAGTGCCTTGC,1
8725,GGGATTACGCTACA,1
8726,GGGATTACGTTAGC,1
8727,GGGCAAGATCTACT,1
8728,GGGCAGCTCGGAGA,1
8729,GGGCAGCTTGGTCA,1
8730,GGGTTATGGTAAGA,3
8731,GGGTTATGTTGACG,1
8732,GGTAAAGAACACTG,1
8733,GGTAAAGACATGCA,1
8734,GGTAAAGATCCCGT,1
8735,GGTACAACAACTGC,2
8736,GGTACAACGCAGTT,1
8737,GGTACATGTGTCTT,1
8738,GGTACATGTTGTCT,1
8739,GGTATGACTGGTTG,2
8740,GGTCAAACGTCTGA,1
8741,GTAACGTGCATGCA,1
8742,GTAACGTGGCCTTC,1
8743,GTAATAACACCAAC,1
8744,GTAATAACTCCTAT,1
8745,GTACAGTGACGCAT,1
8746,GTACGAACAGAATG,1
8747,GTACGAACCTGAGT,1
8748,GTACGTGATTCTAC,1
8749,GTAGGTACTCTCAT,1
8750,GTAGTGACCAACTG,1
8751,GTAGTGACGAACTC,1
8752,GTAGTGACTCCAGA,1
8753,GTATCTACTTGAGC,1
8754,GTATGGTGCAGTCA,1
8755,GTATTCACGATACC-1,0
8756,GTCAATCTGTAAGA,1
8757,GTCATACTAGGTTC,1
8758,GTCCAAGATGACAC,2
8759,GTCCACACGAAGGC,1
8760,GTCCACTGCAACCA,1
8761,GTCCACTGCAGAAA,1
8762,GTCCACTGGCATAC,1
8763,GTCCACTGTACGAC,1
8764,GTCGCACTACCCAA,1
8765,GTCGCACTCATGCA,1
8766,GTCGCACTTCATTC,1
8767,GTGACAACCCTACC,1
8768,GTGATGACAAGAAC,2
8769,GTGATGACGTATGC,1
8770,GTGTATCTGCTTAG,1
8771,GTGTATCTTGCCTC-1,0
8772,GTGTATCTTTCGGA,1
8773,GTGTCAGAATGCTG,1
8774,GTTAAATGGCCATA,1
8775,GTTAAATGGTACAC,1
8776,GTTACGGAGCTATG,1
8777,GTTATAGACTACTT,1
8778,GTTATCTGAGAATG,1
8779,GTTATCTGCGCATA,2
8780,GTTCAGGATTGTCT,1
8781,GTTCATACAGCGGA,1
8782,GTTCATACGGTGTT,1
8783,TAAAGACTCATGAC,2
8784,TAAATCGAGAACTC,1
8785,TAAATCGATAACGC,1
8786,TAACAATGCCACCT,1
8787,TAACAATGGTTGGT,1
8788,TAACCGGAGTGCTA,1
8789,TAACTAGAGTTCAG,1
8790,TAAGAGGACTCAGA,1
8791,TAAGATACACCAAC,2
8792,TAAGGGCTCAGTCA,1
8793,TAATGATGCAAGCT,1
8794,TAATGATGCTCAAG,1
8795,TAATGATGTGGTCA,1
8796,TAATGCCTTATCGG,1
8797,TACAATGAACGCAT,1
8798,TACACACTCTTTAC,1
8799,TACCGAGAATCGTG,1
8800,TACCGCTGATCTCT,1
8801,TACGACGAGATACC,1
8802,TACGACGATCCAGA,1
8803,TACGAGTGGTACCA,2
8804,TACGATCTAACCTG,1
8805,TACGCAGACCCTCA,1
8806,TACGCAGAGGCATT,1
8807,TACGCCACAGAAGT,1
8808,TACGGAACTAAGCC,1
8809,TACGTACTAGGTCT,1
8810,TACTCCCTTGGGAG,1
8811,TACTGGGATACGCA,1
8812,TACTTGACTCCCAC,1
8813,TACTTTCTAATGCC,1
8814,TACTTTCTGAGCTT,2
8815,TACTTTCTTACAGC,1
8816,TACTTTCTTGGAGG,1
8817,TAGAAACTCCGATA,1
8818,TAGAAACTGCTAAC,1
8819,TAGAAACTTTATCC,1
8820,TAGAATACACGACT,1
8821,TAGAATTGTTCCGC,1
8822,TAGACGTGAACGGG,1
8823,TAGATTGATCTCCG,1
8824,TAGCATCTGTAAAG,1
8825,TAGCATCTTGTGGT,1
8826,TAGCCCACCCTCAC,2
8827,TAGCCCTGCCTGAA,1
8828,TAGCGATGATTTCC,1
8829,TAGGACTGATGTGC,1
8830,TAGGACTGTCGCTC,1
8831,TAGGCAACCTTAGG,1
8832,TAGGGACTAATCGC,2
8833,TAGGGACTCTAAGC,1
8834,TAGGGACTTGATGC,1
8835,TAGGTCGATAGTCG,1
8836,TAGGTGTGGAGACG,1
8837,TAGTACCTAGAAGT,1
8838,TAGTACCTCTAAGC,1
8839,TAGTCGGACCTTTA,1
8840,TATACCACTTGTGG,2
8841,TATAGCCTAGCAAA,1
8842,TATAGCCTGAAGGC,1
8843,TATCAAGATCGTGA,1
8844,TATCAGCTCTATGG,1
8845,TATCCAACGAAAGT,1
8846,TATCCTGACAGATC,1
8847,TATCCTGACTACTT-1,0
8848,TATCGTACCACTTT,1
8849,TATCGTACGATAAG,1
8850,TATCTCGACTGACA,1
8851,TATCTGACGAGGCA,1
8852,TATCTGACGATGAA,1
8853,TATCTGACTTGAGC,1
8854,TATGGGACCCTCAC,1
8855,TATGGGACGTATCG,1
8856,TATGGTCTCAGATC,1
8857,TATGTCTGACGGAG,1
8858,TATTGCTGATCACG,1
8859,TATTGCTGGTTCGA,1
8860,TCAACACTCCGCTT,1
8861,TCAATCACGAATGA,1
8862,TCACTATGCTGCAA,1
8863,TCAGAGACTCGATG,1
8864,TCAGAGACTGGAAA,1
8865,TCAGCGCTTCTCGC,1
8866,TCAGGATGGTGTTG,1
8867,TCAGTACTTAGAGA,1
8868,TCAGTACTTGTGCA,1
8869,TCAGTACTTTCATC,1
8870,TCAGTGGATGCAGT,1
8871,TCATCATGCACTAG,1
8872,TCATGTACTATGGC,1
8873,TCATTCGACGTGAT,1
8874,TCATTGACCGCATA,1
8875,TCATTGACTCGACA,1
8876,TCCACTCTCTTCGC,1
8877,TCCACTCTTATGCG,1
8878,TCCACTCTTCTATC,1
8879,TCCACTCTTTTGTC-1,0
8880,TCCAGAGAAACCGT,1
8881,TCCATCCTCTGAGT,2
8882,TCCATCCTTCTAGG,1
8883,TCCCACGACGCATA,1
8884,TCCCATCTGACGTT,2
8885,TCCCGATGCTGAAC,1
8886,TCCCTACTAATGCC,2
8887,TCCCTACTCCGTTC,1
8888,TCCGAAGACGATAC,1
8889,TCCTACCTTCTATC,1
8890,TCCTATGAACCACA,1
8891,TCGAATCTGCAAGG,1
8892,TCGAGCCTACCCTC,1
8893,TCGAGCCTACGGGA,1
8894,TCGCAAGAGGTAGG,1
8895,TCGCCATGCCGAAT,1
8896,TCGGACCTCTTGTT,1
8897,TCGTTATGACGTGT,1
8898,TCGTTATGATCGGT,1
8899,TCTAACTGATCGAC,1
8900,TCTAACTGTTACTC,1
8901,TCTACAACACTCAG,1
8902,TCTACAACCAGATC,2
8903,TCTAGACTACGCAT,1
8904,TCTATGTGGGGACA,1
8905,TCTCAAACACACTG,1
8906,TCTCCACTTTGACG,1
8907,TCTGATACGTACAC,1
8908,TGAAGCACAGTGCT,2
8909,TGACACGAAAGCCT,2
8910,TGACACGACATCAG,1
8911,TGACCGCTCAGATC,1
8912,TGACGAACAAGTAG,1
8913,TGACGATGACACCA,1
8914,TGACGATGGTTAGC,1
8915,TGACGCCTCGATAC,1
8916,TGACTGGAAGGAGC,1
8917,TGACTTACGCTTCC,1
8918,TGAGACACCGCATA,1
8919,TGAGCTGATCCTGC,1
8920,TGAGGTACTCGTAG,1
8921,TGAGTCGAAAAACG,1
8922,TGAGTCGAATCGGT,1
8923,TGAGTGACCGACTA,1
8924,TGATAAACAGTCGT,1
8925,TGATAAACGGAGCA,2
8926,TGATACCTAGAAGT,1
8927,TGATATGAAGGTCT,1
8928,TGATCGGAAAGTGA,1
8929,TGATCGGAGGTCTA,1
8930,TGATCGGAGTAGCT,2
8931,TGATTAGATAACGC,1
8932,TGCAACGAAGCGTT,1
8933,TGCAAGTGACTAGC,1
8934,TGCCAAGAACTGGT,1
8935,TGCCAAGATTGCAG,1
8936,TGCCACTGAACCAC,1
8937,TGCCGACTAGAAGT,1
8938,TGCCGACTCCACAA,1
8939,TGCCGACTTGCTCC,1
8940,TGCGAAACAGCCAT,1
8941,TGCGATGACATGGT,1
8942,TGCGCACTTCCAAG,2
8943,TGCGCACTTTGACG,1
8944,TGCGTAGATCGCAA,1
8945,TGCTAGGAAACCAC,1
8946,TGGAAAGAGGTTTG,1
8947,TGGAACACACGACT,1
8948,TGGAACTGCAGTCA,1
8949,TGGAACTGTCTCAT,1
8950,TGGAGACTTATCTC,1
8951,TGGAGGGAAGTCAC-1,0
8952,TGGAGGGACGTCTC,1
8953,TGGATCGAACCTCC,1
8954,TGGATGACAGAGAT,1
8955,TGGATGACCGAGAG,1
8956,TGGCAATGACAGCT,1
8957,TGGCACCTCACTAG,1
8958,TGGCACCTCCACAA,1
8959,TGGCACCTGAGGCA,1
8960,TGGTAGACTAGTCG,1
8961,TGTAGGTGAGCTCA,2
8962,TGTAGGTGCACTGA,1
8963,TGTAGGTGTCGCTC,1
8964,TGTAGGTGTGACCA,2
8965,TGTATGCTGAACCT,1
8966,TGTCTAACAGTGTC,1
8967,TGTCTAACATCAGC,1
8968,TGTGACGAACACAC,1
8969,TGTGACGAGGTCAT,1
8970,TGTGAGACAGAATG,1
8971,TGTGAGACGGAGCA,2
8972,TGTGAGTGCGGTAT,1
8973,TGTGGATGCTCAAG,2
8974,TGTTAAGAGTTTGG,1
8975,TGTTACACCTACTT,1
8976,TGTTACTGTTCTAC,1
8977,TTAACCACAAGGTA,1
8978,TTAACCACGTTGGT-1,0
8979,TTACAGCTGAGACG,1
8980,TTACCATGTGCAGT,1
8981,TTACGTACCGAGAG,1
8982,TTAGACCTGCTTCC,1
8983,TTAGCTACATGTGC,1
8984,TTAGCTACTTACTC,1
8985,TTAGGGACATCGAC,1
8986,TTAGTCACATCGTG,1
8987,TTATGGCTTGACAC,1
8988,TTATTCCTTAGCGT,1
8989,TTCAAAGAGCAGTT,1
8990,TTCAGTACGCATCA,1
8991,TTCAGTACTGACTG,1
8992,TTCAGTTGCGGGAA,2
8993,TTCCAAACCCTCAC,1
8994,TTCCTAGATGTCGA,1
8995,TTCGGAGAGCAAGG,1
8996,TTCTCAGAGGACAG,1
8997,TTGAACCTACTGTG,1
8998,TTGAATGACGATAC,1
8999,TTGACACTACCACA,1
9000,TTGACACTAGTTCG,1
9001,TTGAGGACTCTATC,1
9002,TTGCTAACAAGATG,1
9003,TTGCTAACCCTACC,1
9004,TTGCTAACCCTTAT,1
9005,TTGGAGACGTTTGG,1
9006,TTGGAGACTCGATG,2
9007,TTGGAGTGCCCGTT,1
9008,TTGTAGCTGCGTTA,1
9009,TTGTCATGCTCTCG,1
9010,TTTATCCTCCATAG,1
9011,TTTCGAACGGTAGG,2
9012,TTTCGAACTCCTAT,1
9013,TTTCTACTAGCTAC,1
9014,TTTGACTGAGCTCA,1
9015,AAACATACCAGATC,1
9016,AAACATACGAGCAG,1
9017,AAACGCTGATAAGG,1
9018,AAACGGCTACCAGT,1
9019,AAAGACGAGTTCTT,1
9020,AAAGAGACTGGAGG,1
9021,AAAGGCCTTTCCAT,1
9022,AAATCCCTGTCAAC,1
9023,AAATGGGAGCTACA,1
9024,AAATGTTGGCGGAA,1
9025,AAATTCGATGTAGC,1
9026,AAATTGACGAGCAG,1
9027,AACAAACTCTTTAC-1,0
9028,AACAATACCGAGAG,1
9029,AACACGTGCTTCCG,1
9030,AACACTCTTCGCAA,2
9031,AACACTCTTGTCGA,1
9032,AACAGCACAGAACA,1
9033,AACATATGATCACG,2
9034,AACATATGCGCCTT,1
9035,AACCGATGCATTTC,1
9036,AACCTACTATGCCA,1
9037,AACCTTACACACCA,1
9038,AACCTTTGTGCCCT,1
9039,AACGCATGAAGAGT,1
9040,AACGTTCTGGATCT,1
9041,AACTACCTCTTGTT,1
9042,AACTACCTGCGGAA,1
9043,AACTCGGAGCTATG,1
9044,AAGAAGACCATTGG,1
9045,AAGATTACGGAGTG,1
9046,AAGATTACTAAGCC,1
9047,AAGCAAGAAGGTTC,1
9048,AAGCCATGCTAGAC,2
9049,AAGCCTGAGGACTT,1
9050,AAGGCTTGTCCGTC,2
9051,AAGGTGCTTGTTCT,1
9052,AAGTCCGAAACCAC,1
9053,AAGTCCGAACAGCT,1
9054,AAGTGCACCCTCGT,1
9055,AATAAGCTAACAGA,1
9056,AATAAGCTTTACTC,1
9057,AATACCCTTTCGCC,1
9058,AATAGGGAGCTTAG,1
9059,AATATCGATAGCGT,1
9060,AATCCGGACTATGG,1
9061,AATCCTTGCGTAGT,1
9062,AATCGGTGAACAGA,1
9063,AATCGGTGTAAAGG,1
9064,AATCTAGAGTGCAT,1
9065,AATCTCTGAGGTTC,1
9066,AATCTCTGGTTGCA,1
9067,AATGCGTGCTCAAG,1
9068,AATGGCTGATTGGC,1
9069,AATGTCCTACGCTA,1
9070,AATGTCCTGAATCC,2
9071,AATTACGAACCAAC,1
9072,AATTACGAGTGTAC,1
9073,AATTGATGTCAGAC,1
9074,ACAAGAGAAAGTGA,1
9075,ACAAGCACCCCTTG,1
9076,ACAATAACGTGTCA,1
9077,ACACATCTCTGAGT,1
9078,ACACCCTGAAGTGA,2
9079,ACACCCTGCCACAA,1
9080,ACACGAACAAACGA,1
9081,ACACGAACATTCCT,1
9082,ACACGAACTTAGGC,1
9083,ACACGATGAGCGGA,1
9084,ACACGATGCATTTC,1
9085,ACACGATGGGGACA,1
9086,ACACGTGACCCTCA,1
9087,ACAGGTACGTGTAC,1
9088,ACAGTGACCTTACT,1
9089,ACAGTTCTAAAGCA,1
9090,ACATGGTGCGATAC,1
9091,ACATGGTGGATACC,1
9092,ACCACAGAGGATCT,2
9093,ACCAGTGACATTGG,1
9094,ACCCGTACACTAGC,1
9095,ACCGAAACGGCATT,1
9096,ACCGCGGACGTGTA,1
9097,ACCTGAGAGCTCCT,1
9098,ACCTTTGACGTGTA,1
9099,ACCTTTGATGTAGC,1
9100,ACGAACTGCTTATC,2
9101,ACGACAACACCTCC,1
9102,ACGATCGAACGGGA,1
9103,ACGATCGATCACGA,1
9104,ACGCAATGCTGAGT,1
9105,ACGCCGGAGGTCAT-1,0
9106,ACGCCTTGCTGCTC,1
9107,ACGGAACTTGACCA,1
9108,ACGGATTGAGTGCT,1
9109,ACGGATTGATGCTG,2
9110,ACGTAGACAGCATC,1
9111,ACGTCAGAGTCTAG,1
9112,ACGTCCTGCCGTTC,1
9113,ACGTCCTGGTCTAG,1
9114,ACGTGATGTTGACG,1
9115,ACGTTTACTTTGTC,1
9116,ACTAAAACATGGTC,2
9117,ACTAGGTGACGGGA,1
9118,ACTCAGGAAAGATG,1
9119,ACTCAGGACACTAG,1
9120,ACTCAGGATGCATG,1
9121,ACTCAGGATTACCT,1
9122,ACTCCCGAATTGGC,1
9123,ACTCCCGACAGTTG,1
9124,ACTCGAGACTCCCA,2
9125,ACTCTATGCTGAGT,1
9126,ACTCTATGTGTAGC,1
9127,ACTGCCACGACGGA,1
9128,ACTTCCCTCCTGAA,2
9129,ACTTGTACCTCTCG,1
9130,ACTTTGTGAAGGGC,2
9131,ACTTTGTGTGCTGA,1
9132,AGAAAGTGCCCTTG,1
9133,AGAAAGTGCTGCTC,1
9134,AGAACAGACAACCA,1
9135,AGAAGATGAGTACC,1
9136,AGAAGATGGCTGTA,1
9137,AGAATACTAGTGCT,1
9138,AGACACACGAGAGC,1
9139,AGACACACGGATCT,1
9140,AGACACTGCACCAA,1
9141,AGACACTGCGAACT,2
9142,AGACTGACAAGGTA,1
9143,AGACTGACACAGCT,1
9144,AGACTTCTTTGTGG,1
9145,AGAGCTACGGTTCA,1
9146,AGATCGTGAACCGT,2
9147,AGCAAAGACCCTTG,1
9148,AGCAAGCTGGCATT,1
9149,AGCATTCTTCTATC,1
9150,AGCCACCTTCAGAC,2
9151,AGCCGTCTTGTTCT,1
9152,AGCGAACTGTTGTG,2
9153,AGCGCCGACCTAAG,1
9154,AGCGCCGACTTCCG,1
9155,AGCGCCGATCCAAG,1
9156,AGCGGCACACGGAG,1
9157,AGCGTAACACTCTT,1
9158,AGCGTAACAGATCC,1
9159,AGCTGTGACCATAG,1
9160,AGGACACTGGAAGC,2
9161,AGGACTTGAGCTAC,1
9162,AGGATAGAGCTTAG,1
9163,AGGATAGAGTTCAG,1
9164,AGGATGCTCTTGCC,2
9165,AGGGAGTGCCCTAC,1
9166,AGGGCCACGACGAG,3
9167,AGGGCCTGCGGGAA,1
9168,AGGGCGCTGTATGC,1
9169,AGTAAGGACGTCTC,1
9170,AGTAATTGCAGAAA,1
9171,AGTAATTGTTCCAT,1
9172,AGTACGTGCCTTGC,1
9173,AGTACTCTGTGTTG,1
9174,AGTAGAGAACTGGT,1
9175,AGTAGAGAGGACAG,1
9176,AGTAGGCTTTGACG,3
9177,AGTATAACGAAGGC,1
9178,AGTCACGAGTGTAC,1
9179,AGTCCAGAACACGT,1
9180,AGTCGAACCCGAAT,1
9181,AGTCGCCTTGGTGT,1
9182,AGTGCAACGTTCGA,1
9183,AGTTATGAGCAGTT,1
9184,AGTTCTACACCGAT,1
9185,AGTTTGCTGAACTC,1
9186,ATAAACACCCTCAC,1
9187,ATAAACACGCAGAG,1
9188,ATAACAACAATCGC,1
9189,ATAACAACTGGAAA,1
9190,ATAACCCTGACGTT,1
9191,ATAAGTACCATACG,1
9192,ATAAGTTGCGAACT,1
9193,ATAATCGAGTGCAT,1
9194,ATAATGACAATCGC,1
9195,ATACAATGAAGAAC,1
9196,ATACAATGAGTCAC,2
9197,ATACAATGTTATCC,1
9198,ATACCACTCTTGCC,2
9199,ATACCGGACCGTTC,1
9200,ATACCGGATAGTCG,1
9201,ATACGTCTCTCTAT,1
9202,ATAGAACTATTCGG,1
9203,ATAGATACGGTTAC,1
9204,ATAGCCGACGCAAT,2
9205,ATAGCCGAGTACCA,1
9206,ATAGGAGACGAGAG,1
9207,ATAGTCCTGACGAG,1
9208,ATAGTCCTGGGACA,1
9209,ATCACTACGCGTTA,1
9210,ATCATCTGACTAGC,1
9211,ATCCAGGAAGTCTG,1
9212,ATCCCGTGCTCCAC,1
9213,ATCCCGTGTGAGGG,1
9214,ATCCGCACCCTTTA,1
9215,ATCCTAACTCCGTC,1
9216,ATCGACGAGGTTTG,2
9217,ATCGCCTGCCTCGT,1
9218,ATCGCGCTCATTCT,1
9219,ATCGCGCTGTTCTT,2
9220,ATCGCGCTTAGTCG,1
9221,ATCGGTGAAGAATG,1
9222,ATCGGTGAGGTAAA,1
9223,ATCTCAACCCTCCA,1
9224,ATCTGACTCTCGAA,1
9225,ATCTGACTGGGCAA,1
9226,ATCTGGGAGGTACT,1
9227,ATCTTGACCACTGA,1
9228,ATGAGAGATTTGGG,1
9229,ATGATAACCTCCCA,1
9230,ATGATATGCCCACT,1
9231,ATGATATGCCTAAG,1
9232,ATGCACGACGAGTT,1
9233,ATGCGATGTCCGAA,1
9234,ATGCGCCTTCGCCT,1
9235,ATGCTTTGTGGTCA,1
9236,ATGGGTACCATTCT,1
9237,ATGTAAACCTTAGG,1
9238,ATTAAGACAGATGA,2
9239,ATTACCTGACCCTC,1
9240,ATTAGTGATTTGTC,2
9241,ATTCCAACAGCACT,1
9242,ATTCCAACAGTCAC,1
9243,ATTCCATGGACGTT,2
9244,ATTCGGGAAGAAGT,1
9245,ATTCGGGAGGATTC,2
9246,ATTCTGACCAACCA,1
9247,ATTGAAACGCGAGA,2
9248,ATTGAATGCTTGGA,1
9249,ATTGGTCTCCTAAG,2
9250,ATTGTCTGCGACAT,1
9251,ATTTCGTGCGTAGT,1
9252,ATTTCGTGGACGAG,1
9253,CAAAGCACACCAAC,1
9254,CAAATATGGCGATT,1
9255,CAAATTGAACACAC,1
9256,CAAATTGAACGGAG,1
9257,CAACCGCTCTGAGT,1
9258,CAACGAACGTTCTT,1
9259,CAACGATGTCCGTC,1
9260,CAAGGACTCGTACA,1
9261,CAAGTTCTGTTCAG,1
9262,CAAGTTCTTCCAAG,1
9263,CAATCTACGAAAGT,1
9264,CAATGGACAACAGA,1
9265,CAATTCACGGGACA,1
9266,CAATTCTGGTTACG,1
9267,CACAACGACATTTC,1
9268,CACAATCTAAAACG,1
9269,CACAATCTAGAAGT,1
9270,CACACCTGTTGCTT,1
9271,CACAGATGGGGAGT,1
9272,CACCCATGGGAACG,1
9273,CACCGGGAACGGGA,2
9274,CACCGGGATTAGGC,2
9275,CACGACCTTCGTAG,1
9276,CACGGGTGGCAGTT,1
9277,CACTCCGATTCGTT,1
9278,CACTCTCTTAGCCA,1
9279,CACTGAGAACCGAT,1
9280,CACTTAACCCTTTA,1
9281,CAGACATGAACCTG,1
9282,CAGCAATGGGACTT,1
9283,CAGCGTCTGGATCT-1,0
9284,CAGCTAGAGTTTGG,1
9285,CAGGTAACGGTCTA,1
9286,CAGTCAGACAGAAA,1
9287,CATAAAACGATACC,1
9288,CATAAATGGATGAA,1
9289,CATACTACCTTCTA,1
9290,CATACTACTGACAC,1
9291,CATATAGAGATAGA,1
9292,CATCAACTACTCTT,1
9293,CATCGGCTCTAGAC,1
9294,CATGCCACCCGTTC,1
9295,CATGCCACCTACGA,1
9296,CATGCGCTGCATAC,1
9297,CATGGCCTGATAGA,1
9298,CATGTTACTAAGGA,1
9299,CATGTTTGCATCAG,1
9300,CATTAGCTGGTCAT,1
9301,CATTAGCTTCGTGA,1
9302,CATTCCCTATACCG,1
9303,CATTCCCTCTGGAT,1
9304,CATTCCCTTTTGCT,1
9305,CATTGTTGTCGCTC,1
9306,CCAAAGTGTGCACA,1
9307,CCAACCTGTCAAGC,1
9308,CCAAGAACAGCTAC,1
9309,CCAAGTGAACACCA,1
9310,CCAAGTGAATCACG,1
9311,CCAATTTGTTGTGG,1
9312,CCAATTTGTTTCAC,1
9313,CCACCTGACTGGAT,1
9314,CCACGGGAAATGCC,1
9315,CCACGGGAAGTCGT,1
9316,CCACTGACTAGACC,1
9317,CCACTGTGAGAACA,1
9318,CCAGAAACATGGTC,1
9319,CCAGACCTAACAGA,1
9320,CCAGACCTCACTTT,1
9321,CCAGCACTGCATAC,1
9322,CCAGCGGAAAGAAC,1
9323,CCAGTGCTGTGTAC,1
9324,CCATCCGATTTCTG,1
9325,CCATTAACTGGCAT,1
9326,CCCAACTGACAGTC,2
9327,CCCACATGGTAGGG,1
9328,CCCACATGTGGTGT,1
9329,CCCAGTTGTGCCTC,1
9330,CCCATCGATCCGTC,2
9331,CCCTCAGACAGAGG,1
9332,CCCTTACTTTGTGG,1
9333,CCGAAAACATAAGG,1
9334,CCGACACTCCAACA,1
9335,CCGACTACTTCGTT,1
9336,CCGATAGAACACGT,1
9337,CCGATAGAGCAAGG,1
9338,CCGATAGATCGATG,1
9339,CCGCGAGATAGAAG,1
9340,CCGGTACTCCAACA,1
9341,CCTAAACTATGGTC,2
9342,CCTAAACTTAAAGG,2
9343,CCTAAGGATCTATC,1
9344,CCTACCGAGGAGGT,1
9345,CCTATAACGTACAC,1
9346,CCTCATCTCTCGCT,1
9347,CCTCATCTGCAGTT,1
9348,CCTCATCTTCTCAT,1
9349,CCTCGAACACGTAC,2
9350,CCTGAGCTTGGAAA,1
9351,CCTGGACTGTCACA,1
9352,CCTTAATGTACAGC,1
9353,CGACCACTACTGTG,1
9354,CGACCACTGTCTAG,1
9355,CGACCTACTCGTTT,2
9356,CGACTCACAGGCGA,1
9357,CGACTCTGTTCAGG,1
9358,CGACTGCTTTATCC,1
9359,CGAGCCGACGATAC,2
9360,CGAGGAGAGGAAAT,1
9361,CGAGGCTGTGAGCT,1
9362,CGAGTATGATGTGC,1
9363,CGATACGATCGTGA,1
9364,CGATCAGACCATGA,1
9365,CGCAAATGCGCATA,1
9366,CGCAACCTTGCTAG,1
9367,CGCACTTGGAAACA,1
9368,CGCATAGAATCGAC,1
9369,CGCCGAGATCGCCT,1
9370,CGCGATCTGAGGCA,1
9371,CGCGGATGGTTAGC,1
9372,CGCTAAGAACCATG,1
9373,CGCTAAGATGTTCT,1
9374,CGCTACACAGCACT,1
9375,CGCTACACGCTGTA,1
9376,CGGACTCTGACACT,1
9377,CGGCGAACCAGATC,1
9378,CGGCGATGCCATAG,1
9379,CGGGCATGCTAGTG,1
9380,CGGTAAACACTAGC,2
9381,CGGTACCTATGTCG,1
9382,CGTACCACAATGCC,1
9383,CGTACCACGTTAGC,1
9384,CGTCGACTCTCATT,1
9385,CGTGAATGTCGCCT,1
9386,CGTGATGACTTCTA,1
9387,CGTGTAGATACTCT,1
9388,CGTTTAACGAACTC,1
9389,CTAACGGAGCTTCC,1
9390,CTAACTACGCCAAT,1
9391,CTAACTACTCGCTC,2
9392,CTAAGGACTGTGCA,1
9393,CTAATAGAGATAGA,1
9394,CTAATAGATGGAAA,1
9395,CTAATGCTACACTG,1
9396,CTACCTCTCGGGAA,1
9397,CTACGCACACCAAC,2
9398,CTACGGCTCCGCTT,1
9399,CTAGAGACGGTCAT,3
9400,CTAGATCTGATACC,2
9401,CTAGGCCTGACAGG,1
9402,CTAGTTACGCTTCC,1
9403,CTATAAGATTCTGT,2
9404,CTATACTGGCATAC,1
9405,CTATACTGGTCGTA,1
9406,CTATCATGAAGGTA,1
9407,CTATCATGTGACTG,1
9408,CTATGACTGGATTC-1,0
9409,CTATGTACACACGT,1
9410,CTATGTTGTGTCGA,2
9411,CTCAGCACCTTCGC,1
9412,CTCGAAGAGAGCTT,1
9413,CTCGACACTTTCAC,1
9414,CTCGCATGAGTCAC,1
9415,CTCTAAACTGGTTG,1
9416,CTCTAATGCTGGAT,1
9417,CTCTAATGGACGTT,1
9418,CTGAACGACCCAAA,1
9419,CTGAAGTGAGCATC-1,0
9420,CTGAATCTCTACCC,1
9421,CTGACAGACGAGTT,1
9422,CTGAGCCTACTCAG,1
9423,CTGAGCCTCGAACT,1
9424,CTGATACTGTGTTG,3
9425,CTGATTTGCATACG,1
9426,CTGCAGCTACTACG,1
9427,CTGCAGCTTCAGTG,1
9428,CTGCCAACAAAACG,1
9429,CTGCGACTACCATG,1
9430,CTGGATGACGCCTT,1
9431,CTGGATGATCGCAA,1
9432,CTGTGAGAAAGCCT,1
9433,CTTAACACCGCCTT,1
9434,CTTAAGCTCAACTG,2
9435,CTTAAGCTGAGAGC,1
9436,CTTACATGGCTCCT,1
9437,CTTACATGGTTTGG,1
9438,CTTACTGAGGAGTG,1
9439,CTTGTATGCTAAGC,1
9440,CTTTAGACAGCCAT,1
9441,GAACACACTAACCG,2
9442,GAAGAATGTCTCCG,1
9443,GAAGATGAGACACT,1
9444,GAAGCTACGGTCAT,1
9445,GAAGGGTGAAGTAG,3
9446,GAAGGGTGCGTTGA,1
9447,GAAGGTCTACACGT,1
9448,GAAGTGCTTAACCG,1
9449,GAAGTGCTTTCTAC,1
9450,GAATGCTGGTCTAG,1
9451,GAATGCTGGTTCGA,2
9452,GACACTGAGTATGC,1
9453,GACAGGGAAAACAG,1
9454,GACAGGGAGGAAGC,1
9455,GACAGTACGTCGAT,1
9456,GACAGTACTCTCGC,1
9457,GACCTCTGACGTGT,2
9458,GACGAACTAACGTC,1
9459,GACGGCACACGACT,2
9460,GACGGCACAGCTAC,1
9461,GACGTCCTGAATGA,2
9462,GACTACGAGTAAAG,1
9463,GACTACGAGTTCAG,1
9464,GACTGATGAGAGGC,1
9465,GAGATAGATTGCAG,1
9466,GAGCAGGAACCAGT,1
9467,GAGCAGGACCATGA,1
9468,GAGCGCTGCTAGCA,1
9469,GAGCGGCTCTCTAT,1
9470,GAGCGGCTGTAAAG,1
9471,GAGCGGCTTGCTTT,1
9472,GAGCTCCTCGCATA-1,0
9473,GAGGATCTTCCAAG-1,0
9474,GAGGGAACCCGAAT,1
9475,GAGGGATGAAAGCA,1
9476,GAGGGATGCCACAA,1
9477,GAGGGCCTCTTTAC,1
9478,GAGGTGGAGGTACT,1
9479,GAGTAAGACCAGTA,1
9480,GAGTAAGATAAAGG,1
9481,GAGTACACCCCACT,1
9482,GAGTACTGGGACGA,1
9483,GAGTCTGAGGACAG,2
9484,GAGTGACTCTAAGC,1
9485,GAGTGTTGTGCTCC,1
9486,GAGTTGTGTGGAAA,1
9487,GATAATACAACTGC,1
9488,GATAGCACGTGAGG,1
9489,GATATCCTAAAAGC,1
9490,GATCATCTTCCTTA,1
9491,GATCCCTGATCGTG,1
9492,GATCGAACAGCCAT,1
9493,GATCGTGAACAGTC,1
9494,GATGCATGAACTGC,1
9495,GATGCCCTAAGATG,2
9496,GATTCTACGATAAG,1
9497,GATTCTACGGCAAG,1
9498,GCAAACTGCCCGTT,1
9499,GCAAGACTATGTCG,1
9500,GCACAAACGAGACG,1
9501,GCACACCTGGTATC,1
9502,GCACCTACATGACC,1
9503,GCACCTACGCTTAG,1
9504,GCACCTTGGGCATT,1
9505,GCACGGTGGGACTT,1
9506,GCACGGTGTCACGA,1
9507,GCACTGCTAAGGTA,1
9508,GCAGATACCTACCC,1
9509,GCAGATACTGGTAC,1
9510,GCAGGGCTGGACTT,1
9511,GCAGTTGAAATCGC,1
9512,GCATCAGAGCAGAG,1
9513,GCCAAAACGATAGA,1
9514,GCCAAAACTAACCG,1
9515,GCCACTACACGGTT,1
9516,GCCACTACTCAGTG,1
9517,GCCACTACTGTCAG,2
9518,GCCATGCTTGTGGT,1
9519,GCCCAACTTTACTC,1
9520,GCCGAGTGACTGTG,1
9521,GCCGGAACCTGAAC,1
9522,GCCGGAACTGAGGG,1
9523,GCCGTACTTCCCGT,1
9524,GCCTCAACGAATAG,1
9525,GCCTGACTGTACCA,1
9526,GCGACTCTCAGAAA,1
9527,GCGATATGGTATCG,1
9528,GCGATATGGTGCAT,1
9529,GCGCACGAAGGTCT,1
9530,GCGGCAACAACGTC,1
9531,GCGGCAACTAACGC,1
9532,GCGTAAACCGAGTT,1
9533,GCTACAGAATACCG,1
9534,GCTCGACTTGCCTC,1
9535,GCTGATGACATTGG,1
9536,GCTTGAGAGCAAGG,1
9537,GGAACTTGACACCA,1
9538,GGAATCTGTAAGGA,1
9539,GGACAGGAGTGTTG,1
9540,GGACATTGACCTTT,1
9541,GGACCGTGGACAAA,1
9542,GGACTATGCGGTAT,1
9543,GGACTATGCGTCTC,1
9544,GGAGCGCTACGTAC,1
9545,GGCAAGGACCTGAA,1
9546,GGCAAGGACGGTAT,1
9547,GGCAAGGACTCAGA,1
9548,GGCACTCTGTAGCT,1
9549,GGCATATGACGTTG,1
9550,GGCCAGACAGTAGA,1
9551,GGCCAGACGTTCGA,1
9552,GGCCAGACTGCCTC,2
9553,GGCCGATGTTCGTT,1
9554,GGCGCATGACACTG,1
9555,GGCGCATGCTTCTA,1
9556,GGCGGACTGATAAG,1
9557,GGCTAAACAGCCAT,1
9558,GGCTAAACTAAGGA,1
9559,GGCTACCTCGTAAC,1
9560,GGCTCACTGTCTTT,1
9561,GGGAAGTGCACTCC,1
9562,GGGACCTGATTCGG,1
9563,GGGACCTGGTGAGG,2
9564,GGGTTAACTCTCCG,1
9565,GGGTTATGGAGGGT,1
9566,GGTACAACACGCAT,1
9567,GGTACAACTGAACC,2
9568,GGTACATGGTTTGG,1
9569,GGTACTGATCCTCG,2
9570,GGTCAAACCGGTAT-1,0
9571,GGTGGAGACGTGAT,1
9572,GTAAGCTGCCGATA,1
9573,GTAATAACACCCAA,1
9574,GTAATAACGCATCA,1
9575,GTAATAACTGTTTC,1
9576,GTACAGTGAACGTC,2
9577,GTACAGTGCCTGTC,1
9578,GTACCCTGGAGACG,1
9579,GTAGACTGCTCTAT,1
9580,GTAGGTACTGCAGT,1
9581,GTATCTACCCACAA,1
9582,GTCACAGACGGAGA,1
9583,GTCATACTAGTTCG,1
9584,GTCATACTGGTCTA,1
9585,GTCATACTTACTCT,1
9586,GTCATACTTTCATC,1
9587,GTCCAAGAACAGTC,2
9588,GTCGCACTTCTCAT,1
9589,GTCTAACTGTAAGA,2
9590,GTCTAGGAGGTGTT,1
9591,GTGACAACGTCTGA,1
9592,GTGAGGGAGGTGTT,1
9593,GTGAGGGAGTAGGG,1
9594,GTGATGACAACCTG,1
9595,GTGATTCTCCCTCA,1
9596,GTGCTAGAGAACTC,2
9597,GTGGTAACAGATCC,1
9598,GTGTAGTGCCATGA,1
9599,GTGTATCTAGGGTG,1
9600,GTGTATCTGACGTT,1
9601,GTGTGATGCATTTC,1
9602,GTTACGGACCTAAG,1
9603,GTTACTACCACACA,1
9604,GTTACTACCCTCGT,1
9605,GTTAGGTGCTCTAT,1
9606,GTTATCTGATGCTG,1
9607,GTTCATACGGTAGG,2
9608,GTTCATACTACGCA,2
9609,GTTGACGAAGAATG,1
9610,GTTGAGTGGGTTTG,1
9611,GTTTAAGAGCCTTC,1
9612,GTTTAAGATCGTTT,2
9613,TAAACAACAGTGCT,1
9614,TAAAGACTCTAGCA,1
9615,TAAAGTTGTGACTG,1
9616,TAAATCGATCCAGA,1
9617,TAACAATGCGTCTC,1
9618,TAACACCTGAGACG,1
9619,TAACACCTTGTCAG,1
9620,TAACCGGAACTCTT,1
9621,TAAGATACTGTGCA,1
9622,TAAGCGTGAACTGC,2
9623,TAAGTAACTTTACC,1
9624,TAAGTCCTCCTCCA,1
9625,TAAGTCCTTGTCGA,1
9626,TAATCGCTATGTGC,1
9627,TAATCGCTGTCTTT,1
9628,TAATGATGACTAGC,1
9629,TAATGATGCCGCTT,1
9630,TAATGATGTACGCA,1
9631,TAATGCCTACACCA,2
9632,TAATGTGACCGTAA,1
9633,TAATGTGATTTGTC,1
9634,TACCATTGCGAGTT,1
9635,TACCGAGATCACCC,1
9636,TACCGCTGGCAGTT,1
9637,TACGAGTGCTCATT,2
9638,TACGCAGATAGTCG,1
9639,TACGGCCTACACGT,1
9640,TACGGCCTCTAAGC,1
9641,TACGGCCTTGTCTT,1
9642,TACGTACTACCTCC,1
9643,TACTACACAAGCAA,1
9644,TACTACTGCCAGTA,1
9645,TACTCCCTGAACTC,1
9646,TACTCCCTGCGTAT,1
9647,TACTGGGAGTACAC,1
9648,TACTTGACCAGGAG,1
9649,TAGAATACTTACCT,1
9650,TAGAATACTTGTGG,1
9651,TAGAATTGACAGCT,1
9652,TAGAGAGAGGGTGA,1
9653,TAGAGCACACACAC,1
9654,TAGAGCACGAATGA,1
9655,TAGATCCTTTTGCT,1
9656,TAGATTGAGTTGTG,1
9657,TAGCATCTCTTGGA,1
9658,TAGCATCTTTGACG,1
9659,TAGCCCACTACTCT,1
9660,TAGCCCTGATGCCA,1
9661,TAGCCGCTTGATGC,1
9662,TAGCTACTTGCACA,1
9663,TAGGACTGGACAGG,1
9664,TAGGTCGACAGAAA,1
9665,TAGTATGAAAAGTG,1
9666,TAGTCACTCAATCG,1
9667,TAGTCGGACTCGAA,1
9668,TAGTCTTGCTGTAG,1
9669,TAGTTGCTCCTGAA,1
9670,TATACAGATGGATC,1
9671,TATAGATGGATAAG,1
9672,TATCACTGGTCATG,2
9673,TATCAGCTTGTGGT,1
9674,TATCTTCTAACTGC,1
9675,TATCTTCTCGTAGT,1
9676,TATGGGACCACAAC,1
9677,TATGGTCTTCAAGC,1
9678,TATGTCACGATAGA,1
9679,TATGTGCTGTTTGG,2
9680,TATTGCTGTCTTAC,1
9681,TCAACACTCTGATG,1
9682,TCAACACTGAGACG,1
9683,TCAAGTCTCTTCTA,1
9684,TCAATAGAAGCATC,1
9685,TCACCGTGTTGGCA,1
9686,TCACCTCTCATGCA,1
9687,TCACCTCTCCTAAG,1
9688,TCACTATGCTTCTA,1
9689,TCAGCAGATGGATC,1
9690,TCAGCGCTATCAGC,1
9691,TCAGTACTCAAAGA,1
9692,TCAGTGGAAACCGT,2
9693,TCAGTGGAAACCTG,1
9694,TCAGTGGAGAGACG,1
9695,TCATCCCTCCGAAT,1
9696,TCCATCCTCCACCT,2
9697,TCCCAGACCTTAGG,1
9698,TCCCATCTTCGTTT,1
9699,TCCCGAACGGTAAA,1
9700,TCCCGATGGAAGGC,1
9701,TCCCGATGTGCCAA,2
9702,TCCCTACTACGCTA,1
9703,TCCCTACTAGGCGA,1
9704,TCCGGACTCATGCA,1
9705,TCCTAAACATCACG,1
9706,TCCTAATGGCTTCC,2
9707,TCCTACCTAAGAGT,1
9708,TCGACCTGGTCAAC,1
9709,TCGACGCTTGGATC,1
9710,TCGATACTTTACTC,1
9711,TCGATTTGTTCTCA,1
9712,TCGCAGCTAGGTCT,2
9713,TCGGACCTACTGTG,1
9714,TCGGACCTAGTACC,1
9715,TCGGACCTTGCAGT,1
9716,TCGGTAGAGATAGA,1
9717,TCGTGAGACCTAAG,1
9718,TCTAACACGCTCCT,1
9719,TCTAAGCTTCCTAT,1
9720,TCTACAACGCTATG,1
9721,TCTACAACTCCAAG,1
9722,TCTATGTGTCCGTC,1
9723,TCTCCACTCCTCCA,1
9724,TCTCTAGATGCTCC,1
9725,TCTGATACCCGTTC,1
9726,TCTTACGACATTCT-1,0
9727,TCTTACGAGAATAG,2
9728,TGAAATTGCCCAAA,1
9729,TGAAGCACTACTTC,1
9730,TGAATAACTTACCT,1
9731,TGACGAACCAAGCT,1
9732,TGACGAACCCGAAT,1
9733,TGACGATGCTCCCA,1
9734,TGACGCCTAGATGA,1
9735,TGACTTACTGTCTT,1
9736,TGAGCAACCACCAA,1
9737,TGAGGACTTGCAGT,1
9738,TGAGTCGAAACGAA,2
9739,TGAGTCGACATTCT,1
9740,TGATACCTGACAGG,1
9741,TGATCACTCCCACT,1
9742,TGATCGGAGCTAAC,1
9743,TGATTCTGTCAGGT,2
9744,TGCAACGAAGCCTA,1
9745,TGCAAGACGGTGTT,1
9746,TGCAAGACGTTAGC,1
9747,TGCACGCTAACGTC,1
9748,TGCAGATGCGTACA,1
9749,TGCCACTGGCCTTC,1
9750,TGCCACTGTCGCCT,1
9751,TGCCAGCTACCATG,1
9752,TGCCAGCTACCTCC,1
9753,TGCCAGCTATCGGT,1
9754,TGCCAGCTGAATAG,1
9755,TGCCAGCTTCAAGC,1
9756,TGCTAGGATCACCC-1,0
9757,TGCTATACATCACG,1
9758,TGCTATACGAGGAC,1
9759,TGCTGAGACGTTAG,1
9760,TGCTTAACGTCAAC,1
9761,TGGAACTGAGTGTC,1
9762,TGGACCCTAGTCAC,1
9763,TGGACTGACTGCTC,1
9764,TGGACTGATAACCG,1
9765,TGGAGACTGACTAC,1
9766,TGGATCGAGTATCG,1
9767,TGGATTCTGATAAG,1
9768,TGGCAATGACACCA,1
9769,TGGCACCTTCAAGC,1
9770,TGGGTATGAAGCCT,1
9771,TGGTAGTGTTACCT,1
9772,TGGTTACTTCCAGA,1
9773,TGGTTACTTCGTTT,1
9774,TGTAATGACCCTCA,2
9775,TGTAATGAGTTTCT,1
9776,TGTAATGATCTCCG,1
9777,TGTAGGTGACCTGA,1
9778,TGTTACACGAGGGT,1
9779,TTACACACTGGCAT,1
9780,TTACTCGATGGTTG,1
9781,TTACTCGATGTGCA,1
9782,TTAGGGTGGAGGCA,1
9783,TTAGGTCTACTCAG,1
9784,TTAGGTCTCGACAT-1,0
9785,TTAGTCACTGTGCA,2
9786,TTATTCCTAAACGA,2
9787,TTCAACACACTAGC,1
9788,TTCACAACCATGGT,1
9789,TTCATGACACCTCC,1
9790,TTCATGTGTCGCCT,1
9791,TTCATTCTATCTCT,1
9792,TTCCCACTTCGACA,1
9793,TTCCTAGACTCTAT,1
9794,TTCCTAGATACGCA-1,0
9795,TTCGTATGCCATGA,1
9796,TTCGTATGCCGCTT,1
9797,TTCGTATGGAGGAC,1
9798,TTCTAGTGCAAGCT,1
9799,TTCTCAGACTTTAC,1
9800,TTCTCAGATAAGCC,2
9801,TTGACACTTCTTAC,1
9802,TTGAGGACTCGCTC,1
9803,TTGAGGTGATTTCC,1
9804,TTGAGGTGCGAGAG,1
9805,TTGCTATGGAGCTT,2
9806,TTGGAGACGTCGAT,1
9807,TTGGAGTGCAACCA,1
9808,TTGTAGCTTACTCT,1
9809,TTTATCCTGTCACA,1
9810,TTTCACGACTGGTA,1
9811,TTTCAGTGCGAGTT,1
9812,TTTCGAACGGTGAG,1
9813,TTTCGAACTAACCG,1
9814,TTTCTACTTCTCTA,1
