ery_pos,ery_id,barcode_candidates,exact_candidates,status
0,AAAGATCTCTCGAA,1,1,unique_exact
1,AATCTCACTGCTTT,1,1,unique_exact
2,AATGGCTGAAGATG,1,1,unique_exact
3,ACACATCTGTCAAC,1,1,unique_exact
4,ACGACAACTGGAGG,1,1,unique_exact
5,ACTCCCGAGTCACA,1,1,unique_exact
6,ATCCAGGATGCATG,1,1,unique_exact
7,CAACAGACGGTACT,1,1,unique_exact
8,CAGCTAGAATCGTG,2,1,unique_exact
9,CATTTGTGTGAGGG,1,1,unique_exact
10,CCAGACCTGACAGG,1,1,unique_exact
11,CCTATTGAGACGTT,1,1,unique_exact
12,CGAGAACTGATAAG,1,1,unique_exact
13,CGCTCATGTATCTC,1,1,unique_exact
14,CTGAGAACGTTGCA,1,1,unique_exact
15,GGAAGGACTCTTCA,1,1,unique_exact
16,GGTCAAACCTAGCA,1,1,unique_exact
17,TACTAAGAATCACG,1,1,unique_exact
18,TGGACTGAGAATCC,1,1,unique_exact
19,TGTGAGACCGTCTC,1,1,unique_exact
20,TTGCTATGCTAAGC,1,1,unique_exact
21,TTGGAGTGTCTCAT,1,1,unique_exact
22,TTTAGGCTGCAGAG,1,1,unique_exact
23,TTTCTACTGGTAGG,1,1,unique_exact
24,AATATCGAGTGAGG,1,1,unique_exact
25,ACACAGACTCCAAG,1,1,unique_exact
26,ACGATCGACCTTCG,1,1,unique_exact
27,ACTCCTCTAAGTAG,1,1,unique_exact
28,ATAATGACCTCTTA,1,1,unique_exact
29,ATCAACCTACAGCT,1,1,unique_exact
30,ATTGCTACAGAGGC,1,1,unique_exact
31,CATTTCGATCCTAT,1,1,unique_exact
32,CCATTAACGAATAG,1,1,unique_exact
33,CGCCGAGATGGAGG,1,1,unique_exact
34,GCAGTCCTATCTTC,1,1,unique_exact
35,GTACTACTCAGTTG,1,1,unique_exact
36,TCTTCAGATGGAAA,1,1,unique_exact
37,TGAGTGACCATCAG,1,1,unique_exact
38,TTGAACCTACGACT,1,1,unique_exact
39,TTTATCCTGAATAG,1,1,unique_exact
40,ATCACTACCAGTCA,1,1,unique_exact
41,ATTGTCTGCAGGAG,1,1,unique_exact
42,CTAATGCTTTCTAC,1,1,unique_exact
43,CTTTACGAAGACTC,1,1,unique_exact
44,GGATGTACCCAGTA,2,1,unique_exact
45,TCATCAACGCAAGG,1,1,unique_exact
46,AAATCATGCTAGAC,2,1,unique_exact
47,AACAAACTGTTCTT,1,1,unique_exact
48,AACCCAGAACCACA,1,1,unique_exact
49,AACCTACTTCGTAG,1,1,unique_exact
50,AACCTTTGTCATTC,1,1,unique_exact
51,AACGTGTGACTTTC,1,1,unique_exact
52,AAGCAAGAACGGGA,1,1,unique_exact
53,AATACTGACCACAA,1,1,unique_exact
54,AATGTCCTTCTGGA,1,1,unique_exact
55,ACAAGCACTTCCAT,1,1,unique_exact
56,ACACCAGAGGTTTG,2,1,unique_exact
57,ACGCCGGAGGTCAT,2,1,unique_exact
58,ACGGATTGATACCG,1,1,unique_exact
59,ACGTCCTGAAGAAC,1,1,unique_exact
60,ACGTCCTGCATTTC,1,1,unique_exact
61,AGAAACGAATGCTG,1,1,unique_exact
62,AGAAAGTGCATGAC,1,1,unique_exact
63,AGATCTCTGGTTCA,2,1,unique_exact
64,AGCAACACTGCCCT,1,1,unique_exact
65,AGCGATTGCCGATA,1,1,unique_exact
66,AGCGCCGAGTGTTG,1,1,unique_exact
67,AGTCACGACTCCCA,2,1,unique_exact
68,AGTCTACTGAGAGC,1,1,unique_exact
69,ATAGATTGGGTACT,1,1,unique_exact
70,ATCACGGAAAGGTA,1,1,unique_exact
71,ATCTCAACTCGCCT,1,1,unique_exact
72,ATCTCAACTTCGGA,1,1,unique_exact
73,ATGTTGCTGGTCAT,1,1,unique_exact
74,ATTGCACTAGAAGT,1,1,unique_exact
75,CACAGATGCCTGTC,1,1,unique_exact
76,CAGATGACCACTTT,1,1,unique_exact
77,CAGGCCGACAGATC,1,1,unique_exact
78,CATGGCCTAGTCTG,1,1,unique_exact
79,CATTTGACAGAATG,1,1,unique_exact
80,CCCATCGATATGCG,1,1,unique_exact
81,CCGACACTATCGGT,1,1,unique_exact
82,CGAACATGCTGCAA,1,1,unique_exact
83,CGAAGTACATCTCT,2,1,unique_exact
84,CGACTCTGTGGATC,1,1,unique_exact
85,CGCAGGTGTGTCGA,1,1,unique_exact
86,CGTACAGATCCGAA,1,1,unique_exact
87,CGTACCTGCGTACA,1,1,unique_exact
88,CTATCCCTTTAGGC,2,1,unique_exact
89,CTCCGAACATGTGC,1,1,unique_exact
90,CTGATTTGGAACCT,1,1,unique_exact
91,CTTACATGCATGCA,1,1,unique_exact
92,CTTCTAGACGCAAT,1,1,unique_exact
93,GATATTGAGGATTC,1,1,unique_exact
94,GATATTGATGCAGT,1,1,unique_exact
95,GCAGGCACGCTCCT,1,1,unique_exact
96,GCAGGGCTCGAATC,1,1,unique_exact
97,GCCAACCTACCCTC,1,1,unique_exact
98,GCGTATGATGTGGT,1,1,unique_exact
99,GGAACTACCCGCTT,1,1,unique_exact
100,GGGACCTGCGCTAA,1,1,unique_exact
101,TCCCATCTCGGGAA,1,1,unique_exact
102,TCCTACCTTGTCGA,1,1,unique_exact
103,TCTAACACACCCTC,2,1,unique_exact
104,TGTACTTGGTGTCA,1,1,unique_exact
105,TGTCAGGATCGCTC,1,1,unique_exact
106,TTAGACCTCGTTGA,1,1,unique_exact
107,TTAGCTACGTTGTG,1,1,unique_exact
108,TTGCATTGGGATTC,1,1,unique_exact
109,AAACATACTACAGC,2,1,unique_exact
110,AAACATTGAAAGCA,1,1,unique_exact
111,AAACGCTGGGTTTG,2,1,unique_exact
112,AAAGATCTTTCTAC,1,1,unique_exact
113,AAAGGCCTCTAGCA,1,1,unique_exact
114,AACAGAGACCTGAA,1,1,unique_exact
115,AACAGAGAGTACAC,1,1,unique_exact
116,AACCACGAGGCGAA,1,1,unique_exact
117,AACGCATGTGGCAT,1,1,unique_exact
118,AACTACCTAGTTCG,1,1,unique_exact
119,AAGAATCTTCCTCG,1,1,unique_exact
120,AAGATGGATTTGGG,1,1,unique_exact
121,AAGCCTGAACCTGA,1,1,unique_exact
122,AAGGCTTGCTCAGA,1,1,unique_exact
123,AAGGTCACCGATAC,1,1,unique_exact
124,AATAAGCTACCTAG,1,1,unique_exact
125,AATCTAGAGATAAG,1,1,unique_exact
126,AATGCGTGAGCGGA,1,1,unique_exact
127,AATGCGTGAGGCGA,2,1,unique_exact
128,AATTCCTGGAAACA,1,1,unique_exact
129,ACCACAGACCTTTA,1,1,unique_exact
130,ACCCAGCTTCAGTG,1,1,unique_exact
131,ACCCAGCTTGCATG,1,1,unique_exact
132,ACCGAAACCCAATG,1,1,unique_exact
133,ACCTCCGAAAGATG,1,1,unique_exact
134,ACCTCGTGGACAGG,1,1,unique_exact
135,ACGACCCTCGACTA,1,1,unique_exact
136,ACGAGTACGATACC,1,1,unique_exact
137,ACGATGACCTGTAG,2,1,unique_exact
138,ACGCCGGAAGCGTT,2,1,unique_exact
139,ACGGAACTAGGTCT,1,1,unique_exact
140,ACGGATTGCTGTTT,1,1,unique_exact
141,ACGGCTCTGGATTC,1,1,unique_exact
142,ACGGCTCTTGGCAT,1,1,unique_exact
143,ACGTGATGCCCAAA,1,1,unique_exact
144,ACGTGCCTTCAGGT,2,1,unique_exact
145,ACTGCCTGGCTCCT,1,1,unique_exact
146,ACTTCCCTTTCATC,1,1,unique_exact
147,ACTTTGTGTCTCCG,1,1,unique_exact
148,AGAATGGAACCTCC,1,1,unique_exact
149,AGACTCGAGTTTGG,1,1,unique_exact
150,AGCATCGATCACGA,1,1,unique_exact
151,AGCCGGTGATGCCA,1,1,unique_exact
152,AGCCTCACCTGGTA,1,1,unique_exact
153,AGCCTCTGCTAGTG,1,1,unique_exact
154,AGCGCTCTCCTGAA,1,1,unique_exact
155,AGCTGCCTACAGCT,1,1,unique_exact
156,AGCTGTGAGATACC,1,1,unique_exact
157,AGGAACCTACGCAT,1,1,unique_exact
158,AGGAATGAGTACGT,1,1,unique_exact
159,AGGATAGACTTTAC,1,1,unique_exact
160,AGGATGCTGGGTGA,2,1,unique_exact
161,AGGCAGGAATTTCC,1,1,unique_exact
162,AGGCCTCTACAGTC,1,1,unique_exact
163,AGGGCCTGCCACAA,1,1,unique_exact
164,AGGGCGCTCTGTCC,1,1,unique_exact
165,AGTGAAGAACGTAC,1,1,unique_exact
166,AGTGACTGGGTTCA,1,1,unique_exact
167,AGTTCTACAAACAG,1,1,unique_exact
168,ATACCTTGTTCATC,1,1,unique_exact
169,ATAGTCCTCTGAGT,1,1,unique_exact
170,ATCAACCTGAATGA,2,1,unique_exact
171,ATCGCGCTGTGTCA,1,1,unique_exact
172,ATCGGAACCCTGAA,1,1,unique_exact
173,ATCTGGGAGTGTTG,1,1,unique_exact
174,ATCTTGACCCATAG,2,1,unique_exact
175,ATGACGTGCTTGAG,1,1,unique_exact
176,ATGAGAGATTCAGG,1,1,unique_exact
177,ATGATAACTGCTCC,1,1,unique_exact
178,ATGCGATGGTACAC,1,1,unique_exact
179,ATGGTGACTCCAAG,1,1,unique_exact
180,ATGTAAACGAGGTG,1,1,unique_exact
181,ATGTCGGAACCATG,1,1,unique_exact
182,ATGTTAGAGAGCAG,1,1,unique_exact
183,ATGTTAGAGGACGA,1,1,unique_exact
184,ATTCCAACGGCATT,1,1,unique_exact
185,ATTGAAACTAGACC,1,1,unique_exact
186,ATTGCGGAGCATCA,1,1,unique_exact
187,ATTGCTACACCTCC,1,1,unique_exact
188,ATTGTCTGACCCTC,1,1,unique_exact
189,CAAATTGACCACAA,1,1,unique_exact
190,CAACAGACGTAAGA,1,1,unique_exact
191,CAACGAACCTTTAC,1,1,unique_exact
192,CAAGACTGAATGCC,2,1,unique_exact
193,CAATTCTGACGACT,1,1,unique_exact
194,CACTAACTTACTCT,1,1,unique_exact
195,CACTCCGACTGCAA,1,1,unique_exact
196,CACTTATGCCAAGT,1,1,unique_exact
197,CAGACAACGTTAGC,1,1,unique_exact
198,CAGACATGAGGAGC,1,1,unique_exact
199,CAGACCCTCCTGTC,2,1,unique_exact
200,CAGCATGAGGTCAT,1,1,unique_exact
201,CAGCCTACGTGAGG,1,1,unique_exact
202,CAGCTAGACTAGCA,2,1,unique_exact
203,CAGGTATGAGACTC,1,1,unique_exact
204,CATACTACCATACG,1,1,unique_exact
205,CATCAACTGCAGAG,1,1,unique_exact
206,CATCTTGAGCTTAG,1,1,unique_exact
207,CATGTTACATCGGT,2,1,unique_exact
208,CATGTTTGCTTTAC,1,1,unique_exact
209,CATTTGTGTCTCAT,1,1,unique_exact
210,CCAATGGACTGTCC,1,1,unique_exact
211,CCACCATGCCTTTA,1,1,unique_exact
212,CCAGACCTGAGCAG,1,1,unique_exact
213,CCAGTCTGAGGCGA,1,1,unique_exact
214,CCATAGGAACTCTT,1,1,unique_exact
215,CCATCCGATCTACT,1,1,unique_exact
216,CCATCGTGACGACT,1,1,unique_exact
217,CCCTCAGATTACTC,2,1,unique_exact
218,CCGACACTTCGTTT,1,1,unique_exact
219,CCGGAGTGCACTCC,1,1,unique_exact
220,CCGGTACTGAGAGC,1,1,unique_exact
221,CCGGTACTTTCACT,1,1,unique_exact
222,CCTATTGATTATCC,1,1,unique_exact
223,CCTTCACTTTCCAT,1,1,unique_exact
224,CGAAGACTTTCCAT,1,1,unique_exact
225,CGACCTTGATCTCT,1,1,unique_exact
226,CGACTCACCCCTCA,1,1,unique_exact
227,CGAGATTGGGTTCA,1,1,unique_exact
228,CGAGTATGCTTCCG,1,1,unique_exact
229,CGAGTATGTGCAAC,1,1,unique_exact
230,CGCGAGACGAGGGT,1,1,unique_exact
231,CGCGGATGAACAGA,1,1,unique_exact
232,CGCTCATGACAGCT,1,1,unique_exact
233,CGGAATTGGTTCTT,1,1,unique_exact
234,CGGCATCTCAGAGG,1,1,unique_exact
235,CGTCCAACTTGCGA,1,1,unique_exact
236,CTAACACTATTTCC,1,1,unique_exact
237,CTACGGCTTGCTTT,1,1,unique_exact
238,CTACTATGGACTAC,1,1,unique_exact
239,CTAGTTACGAAACA,1,1,unique_exact
240,CTATAAGAAGGGTG,1,1,unique_exact
241,CTATCATGAGCACT,1,1,unique_exact
242,CTATTGTGTGCCTC,2,1,unique_exact
243,CTCAGGCTTCGCCT,1,1,unique_exact
244,CTCCGAACATTCGG,1,1,unique_exact
245,CTCGAGCTCGAGAG,1,1,unique_exact
246,CTGAACGAATCACG,1,1,unique_exact
247,CTGACAGACATGCA,1,1,unique_exact
248,CTGACAGATTCAGG,1,1,unique_exact
249,CTGAGAACAGTCAC,2,1,unique_exact
250,CTGATACTGACAAA,1,1,unique_exact
251,CTGATTTGGAGGAC,1,1,unique_exact
252,CTTCACCTATCGGT,1,1,unique_exact
253,CTTCTAGAAGAAGT,1,1,unique_exact
254,CTTGATTGTTACTC,1,1,unique_exact
255,CTTTAGACGAGCAG,1,1,unique_exact
256,CTTTCAGAGAGGGT,1,1,unique_exact
257,GAAAGATGCAACCA,1,1,unique_exact
258,GAAGCTTGGGGCAA,1,1,unique_exact
259,GAATGCTGCTGACA,1,1,unique_exact
260,GACAGTTGTCATTC,1,1,unique_exact
261,GACATTCTGTAGCT,1,1,unique_exact
262,GACCTAGAAGCCAT,1,1,unique_exact
263,GACGAGGACCATGA,1,1,unique_exact
264,GACGCCGATCTAGG,1,1,unique_exact
265,GACGTAACAACCAC,1,1,unique_exact
266,GACTTTACCCGAAT,1,1,unique_exact
267,GAGATAGATAGCGT,1,1,unique_exact
268,GAGCAGGACCTGTC,1,1,unique_exact
269,GAGTACACTCGCCT,1,1,unique_exact
270,GAGTCAACTACTGG,2,1,unique_exact
271,GAGTGTTGAGAACA,2,1,unique_exact
272,GATACTCTATCTCT,1,1,unique_exact
273,GATATATGATGTCG,1,1,unique_exact
274,GATCCGCTGGATTC,1,1,unique_exact
275,GATCCGCTTGCCAA,1,1,unique_exact
276,GATCGATGATCGAC,1,1,unique_exact
277,GATTACCTCTGCTC,1,1,unique_exact
278,GATTCTTGGATAAG,1,1,unique_exact
279,GATTGGACGGAGGT,2,1,unique_exact
280,GCAACTGAGCTGAT,2,1,unique_exact
281,GCAATCGAGTTTCT,1,1,unique_exact
282,GCAATTCTTTGAGC,1,1,unique_exact
283,GCACCTACGAGGTG,1,1,unique_exact
284,GCACGGACAAGAGT,2,1,unique_exact
285,GCACTAGATACGAC,1,1,unique_exact
286,GCAGTCCTCTCAGA,1,1,unique_exact
287,GCATTGGACCTGAA,1,1,unique_exact
288,GCCAAAACCGTAGT,1,1,unique_exact
289,GCCAACCTCCACCT,1,1,unique_exact
290,GCCATCACGTCTAG,1,1,unique_exact
291,GCGCATCTAGTTCG,1,1,unique_exact
292,GCGGGACTACCTAG,1,1,unique_exact
293,GCGGGACTCTAGCA,1,1,unique_exact
294,GCGGGACTGGTTTG,2,1,unique_exact
295,GCGTAAACTGGTGT,1,1,unique_exact
296,GCGTAATGCGTACA,1,1,unique_exact
297,GCGTACCTTCTTCA,1,1,unique_exact
298,GCTCAGCTCTTCTA,1,1,unique_exact
299,GCTCCATGGTACAC,1,1,unique_exact
300,GGACATTGAGCAAA,1,1,unique_exact
301,GGACATTGAGTTCG,1,1,unique_exact
302,GGATAGCTGAACTC,1,1,unique_exact
303,GGCAATACGAAAGT,1,1,unique_exact
304,GGCGCATGAGCGTT,2,1,unique_exact
305,GGCTAATGCAGGAG,1,1,unique_exact
306,GGGACCTGTAAGGA,1,1,unique_exact
307,GGTACATGCCCAAA,1,1,unique_exact
308,GTAATATGCAGTCA,1,1,unique_exact
309,GTAGACTGCAGATC,1,1,unique_exact
310,GTAGCTGACTTATC,1,1,unique_exact
311,GTCCACACTGGCAT,1,1,unique_exact
312,GTCTAACTTCTCGC,1,1,unique_exact
313,GTCTGAGACCTTTA,1,1,unique_exact
314,GTGATCGAGACAGG,1,1,unique_exact
315,GTGATCGAGTTAGC,1,1,unique_exact
316,GTGTACGAACCACA,1,1,unique_exact
317,GTTATGCTATGGTC,1,1,unique_exact
318,GTTATGCTATTCCT,1,1,unique_exact
319,GTTCAACTCGGAGA,1,1,unique_exact
320,GTTGAGTGCTTGTT,1,1,unique_exact
321,GTTTAAGACACAAC,1,1,unique_exact
322,TAAGATACGCTGTA,1,1,unique_exact
323,TAAGTAACTCGATG,1,1,unique_exact
324,TACAAATGACGTTG,1,1,unique_exact
325,TACGAGACAGTAGA,1,1,unique_exact
326,TACTCTGAACTGTG,1,1,unique_exact
327,TACTGGGAACCAAC,1,1,unique_exact
328,TACTGTTGTGCTAG,1,1,unique_exact
329,TAGAAACTCGTGAT,1,1,unique_exact
330,TAGAATTGGAAAGT,1,1,unique_exact
331,TAGAATTGTGGCAT,1,1,unique_exact
332,TAGCCCACGAGCAG,1,1,unique_exact
333,TAGCCCTGGCCAAT,1,1,unique_exact
334,TAGGAGCTCCAACA,1,1,unique_exact
335,TAGTATGACGTAAC,1,1,unique_exact
336,TAGTCGGAGATAGA,1,1,unique_exact
337,TATAAGACCGATAC,1,1,unique_exact
338,TATAAGACTCTTTG,1,1,unique_exact
339,TATAAGTGCAGAGG,1,1,unique_exact
340,TATAGCCTCAAGCT,1,1,unique_exact
341,TATGGGTGGAGGCA,1,1,unique_exact
342,TATGTCACAAAACG,1,1,unique_exact
343,TCAACACTATCGTG,1,1,unique_exact
344,TCAATAGAGCGATT,1,1,unique_exact
345,TCACCCGAGTCTTT,2,1,unique_exact
346,TCAGGATGGAATGA,1,1,unique_exact
347,TCCCAGACACGGGA,1,1,unique_exact
348,TCCGAGCTGTTCGA,1,1,unique_exact
349,TCCGAGCTTCTCTA,1,1,unique_exact
350,TCGATACTATCAGC,1,1,unique_exact
351,TCGCAGCTAGTGCT,1,1,unique_exact
352,TCGGCACTCTCTAT,1,1,unique_exact
353,TCTAACTGGATGAA,1,1,unique_exact
354,TCTACAACGTAAAG,1,1,unique_exact
355,TCTATGTGCACTAG,1,1,unique_exact
356,TCTTCAGAGCGGAA,2,1,unique_exact
357,TCTTCAGAGTTAGC,1,1,unique_exact
358,TGACCAGAGTTAGC,1,1,unique_exact
359,TGAGTGACTGCTAG,1,1,unique_exact
360,TGATTCACCCTATT,1,1,unique_exact
361,TGCAAGTGCAACTG,1,1,unique_exact
362,TGCCAGCTAACTGC,1,1,unique_exact
363,TGCTGAGAGGAACG,1,1,unique_exact
364,TGGACTGAAACCGT,1,1,unique_exact
365,TGGTATCTATTGGC,1,1,unique_exact
366,TGTAATGATGACTG,1,1,unique_exact
367,TGTACTTGTCTGGA,1,1,unique_exact
368,TGTATGCTGTTAGC,2,1,unique_exact
369,TGTCAGGAGCGAGA,1,1,unique_exact
370,TTACAGCTATGCTG,1,1,unique_exact
371,TTACAGCTGTTGGT,1,1,unique_exact
372,TTAGTCACGCTACA,1,1,unique_exact
373,TTAGTCTGGGGAGT,1,1,unique_exact
374,TTATGCACGCTAAC,1,1,unique_exact
375,TTCGTATGTCCAAG,2,1,unique_exact
376,TTCTAGTGCACTGA,1,1,unique_exact
377,TTCTGATGCCTAAG,1,1,unique_exact
378,TTGCTATGGCGAAG,1,1,unique_exact
379,TTGGTACTAGAGAT,1,1,unique_exact
380,TTGGTACTGGTCTA,1,1,unique_exact
381,TTGTCATGTCACGA,1,1,unique_exact
382,TTTCTACTACCCAA,1,1,unique_exact
383,AAACGCTGGCAGAG,2,1,unique_exact
384,AAACGCTGGGAAAT,2,1,unique_exact
385,AAACGGCTGTACAC,1,1,unique_exact
386,AAATACTGCTTCGC,1,1,unique_exact
387,AAATCAACTGGTCA,1,1,unique_exact
388,AAATCATGTGGTAC,2,1,unique_exact
389,AACAATACAGAGGC,1,1,unique_exact
390,AACAGAGAACCACA,1,1,unique_exact
391,AACAGAGAGTTTGG,1,1,unique_exact
392,AACCACGATGGATC,1,1,unique_exact
393,AACGGTACCCGTTC,1,1,unique_exact
394,AAGAACGACCCACT,1,1,unique_exact
395,AAGCCAACGGCAAG,1,1,unique_exact
396,AAGGCTACCTTTAC,1,1,unique_exact
397,AAGTATACCTGGTA,1,1,unique_exact
398,AAGTCTCTACTGGT,1,1,unique_exact
399,AAGTTATGCTGATG,1,1,unique_exact
400,AATAACACTCACGA,1,1,unique_exact
401,AATAAGCTAGGCGA,1,1,unique_exact
402,AATAAGCTCGAGTT,1,1,unique_exact
403,AATCAAACCCCTAC,1,1,unique_exact
404,AATCGGTGCCTTAT,1,1,unique_exact
405,AATGATACTATCTC,2,1,unique_exact
406,AATGCGTGTTGGCA,2,1,unique_exact
407,AATGGAGAGCGTAT,1,1,unique_exact
408,AATGTAACTACTCT,2,1,unique_exact
409,AATTCCTGCCAGTA,1,1,unique_exact
410,AATTCCTGGGGTGA,1,1,unique_exact
411,AATTGATGGTTCTT,2,1,unique_exact
412,ACAAAGGACTCTTA,1,1,unique_exact
413,ACAAATTGTGTAGC,1,1,unique_exact
414,ACAAGCACGACGAG,1,1,unique_exact
415,ACAATTGATTGGTG,1,1,unique_exact
416,ACACCCTGAACGGG,2,1,unique_exact
417,ACACCCTGGTTGGT,1,1,unique_exact
418,ACACGTGAGGGTGA,1,1,unique_exact
419,ACAGTGACTGAAGA,1,1,unique_exact
420,ACATCACTCTACCC,1,1,unique_exact
421,ACATTCTGCCTACC,1,1,unique_exact
422,ACCACCTGGAACTC,1,1,unique_exact
423,ACCATTACGCATCA,1,1,unique_exact
424,ACCATTACTGTAGC,1,1,unique_exact
425,ACCGTGCTCAGGAG,1,1,unique_exact
426,ACGACAACTGCTCC,1,1,unique_exact
427,ACGATCGAGGTTCA,1,1,unique_exact
428,ACGATGACTAGAGA,1,1,unique_exact
429,ACGGCTCTCCTGAA,1,1,unique_exact
430,ACGTTTACTACTGG,1,1,unique_exact
431,ACTACTACTCTCGC,1,1,unique_exact
432,ACTGAGACACGTGT,1,1,unique_exact
433,ACTGAGACAGCCTA,1,1,unique_exact
434,ACTGCCTGAGTCTG,1,1,unique_exact
435,ACTGCCTGTTTACC,2,1,unique_exact
436,ACTGTGGATGCTTT,1,1,unique_exact
437,ACTTAGCTTGCATG,1,1,unique_exact
438,ACTTCTGATAGCGT,1,1,unique_exact
439,ACTTCTGATTACTC,1,1,unique_exact
440,AGAAACGATTTCAC,1,1,unique_exact
441,AGAACAGAACGGGA,1,1,unique_exact
442,AGAACGCTTCCGTC,1,1,unique_exact
443,AGAACGCTTGGTTG,1,1,unique_exact
444,AGAGTCTGGCCCTT,1,1,unique_exact
445,AGATATACCGAACT,1,1,unique_exact
446,AGATTAACCTAAGC,1,1,unique_exact
447,AGCAAGCTAGCTCA,1,1,unique_exact
448,AGCATCGATGGTTG,1,1,unique_exact
449,AGCGATACGTCCTC,1,1,unique_exact
450,AGCGGCACCTTTAC,2,1,unique_exact
451,AGCGTAACGTATGC,1,1,unique_exact
452,AGCTCGCTTCTCAT,1,1,unique_exact
453,AGCTGTGAGAGGAC,1,1,unique_exact
454,AGCTTACTGCTTAG,1,1,unique_exact
455,AGGAACCTACCTCC,1,1,unique_exact
456,AGGACTTGATTCGG,2,1,unique_exact
457,AGGACTTGGGAAGC,1,1,unique_exact
458,AGGATGCTGCTACA,1,1,unique_exact
459,AGGCAGGACTCCAC,1,1,unique_exact
460,AGGGACGACCATAG,1,1,unique_exact
461,AGGTACACTTCGCC,2,1,unique_exact
462,AGTAATTGGTCACA,1,1,unique_exact
463,AGTACTCTCACACA,1,1,unique_exact
464,AGTAGGCTTCCCAC,1,1,unique_exact
465,AGTATAACTGACAC,1,1,unique_exact
466,AGTCAGACGTCGTA,1,1,unique_exact
467,AGTGTTCTGAAAGT,1,1,unique_exact
468,ATAACAACGCTGTA,1,1,unique_exact
469,ATAACCCTTTCGGA,1,1,unique_exact
470,ATACGGACCTTGTT,1,1,unique_exact
471,ATACGTCTACGCTA,1,1,unique_exact
472,ATCAAATGATTCCT,1,1,unique_exact
473,ATCACACTCGTAGT,1,1,unique_exact
474,ATCGCCTGGACAGG,1,1,unique_exact
475,ATCTACACGCCTTC,2,1,unique_exact
476,ATCTCAACTGAACC,1,1,unique_exact
477,ATCTTTCTGAGATA,1,1,unique_exact
478,ATGAAGGACTGAAC,2,1,unique_exact
479,ATGATATGCTGGAT,1,1,unique_exact
480,ATGTCGGAACTCAG,2,1,unique_exact
481,ATGTCGGACAGAAA,1,1,unique_exact
482,ATTACCTGAAGTGA,1,1,unique_exact
483,ATTACCTGACCAGT,1,1,unique_exact
484,ATTACCTGCTAGTG,2,1,unique_exact
485,ATTCAGCTCCCTTG,1,1,unique_exact
486,ATTGGGTGCCACCT,1,1,unique_exact
487,ATTGGTCTGCCCTT,1,1,unique_exact
488,ATTGTCTGCGTTAG,1,1,unique_exact
489,ATTTAGGAGGAAGC,1,1,unique_exact
490,ATTTGCACAAGCAA,1,1,unique_exact
491,CAAACTCTCAATCG,1,1,unique_exact
492,CAAACTCTTGAACC,1,1,unique_exact
493,CAAAGCACACGGGA,2,1,unique_exact
494,CAAAGCACCACTTT,1,1,unique_exact
495,CAAATTGATGCTCC,1,1,unique_exact
496,CAACCAGATCTCTA,1,1,unique_exact
497,CAACGAACCTTGGA,1,1,unique_exact
498,CAACGTGATGACAC,2,1,unique_exact
499,CAAGAAGATGACTG,3,1,unique_exact
500,CAAGACACAAGATG,1,1,unique_exact
501,CAAGACTGTCCTCG,1,1,unique_exact
502,CAAGGACTCTAGTG,1,1,unique_exact
503,CAATAAACTCCGTC,1,1,unique_exact
504,CAATGGACGCTACA,1,1,unique_exact
505,CACAGTGAGGTCTA,1,1,unique_exact
506,CACATGGATCCAAG,1,1,unique_exact
507,CACCCATGTCCCAC,1,1,unique_exact
508,CACCGGGATAGTCG,1,1,unique_exact
509,CACCGTACTGCTTT,1,1,unique_exact
510,CACGGGACTTAGGC,1,1,unique_exact
511,CACTATACACCAAC,1,1,unique_exact
512,CACTCCGAGAACTC,1,1,unique_exact
513,CACTGCACCGTACA,1,1,unique_exact
514,CACTGCTGGTTAGC,1,1,unique_exact
515,CACTTATGACCATG,1,1,unique_exact
516,CAGACAACAAGAAC,1,1,unique_exact
517,CAGCAATGCGACAT,1,1,unique_exact
518,CAGCCTTGAACGTC,2,1,unique_exact
519,CAGCTAGATTCCGC,1,1,unique_exact
520,CAGCTCACCTAGAC,1,1,unique_exact
521,CAGGAACTGTGTTG,1,1,unique_exact
522,CATGGCCTACACCA,1,1,unique_exact
523,CATGGCCTTGAGAA,1,1,unique_exact
524,CATTACACACACGT,2,1,unique_exact
525,CATTGTTGCCGATA,1,1,unique_exact
526,CCAAGATGATGACC,1,1,unique_exact
527,CCAATGGATTGCAG,1,1,unique_exact
528,CCACCATGTGCTGA,1,1,unique_exact
529,CCACGGGAACTGTG,1,1,unique_exact
530,CCACGGGAGCGTAT,1,1,unique_exact
531,CCACTGTGGACACT,1,1,unique_exact
532,CCAGAAACTGTCGA,1,1,unique_exact
533,CCAGATGACCAATG,1,1,unique_exact
534,CCAGCTACGGACGA,1,1,unique_exact
535,CCAGTCTGCTAGCA,1,1,unique_exact
536,CCATATACCCTACC,1,1,unique_exact
537,CCATGCTGAACAGA,1,1,unique_exact
538,CCATTAACCCAACA,1,1,unique_exact
539,CCCAACACAGCTCA,1,1,unique_exact
540,CCCTACGAGGTGTT,1,1,unique_exact
541,CCGACACTGCCAAT,1,1,unique_exact
542,CCGGTACTGTCTAG,1,1,unique_exact
543,CCGTACACGTTGAC,2,1,unique_exact
544,CCTATAACCTCTCG,1,1,unique_exact
545,CCTATTGAGTATCG,1,1,unique_exact
546,CCTCATCTAGAGTA,1,1,unique_exact
547,CCTCGAACGAGCAG,1,1,unique_exact
548,CCTCTACTAACCTG,1,1,unique_exact
549,CCTGGACTCTCAGA,1,1,unique_exact
550,CCTTCACTCTGTGA,1,1,unique_exact
551,CGAAGACTCCGATA,1,1,unique_exact
552,CGAAGACTGAATCC,1,1,unique_exact
553,CGACCACTGAACTC,1,1,unique_exact
554,CGACCTTGACGTGT,1,1,unique_exact
555,CGAGGAGAATTCCT,1,1,unique_exact
556,CGAGGAGACAATCG,1,1,unique_exact
557,CGAGGCTGAGGAGC,1,1,unique_exact
558,CGCAAATGAGGGTG,1,1,unique_exact
559,CGCAACCTATCAGC,1,1,unique_exact
560,CGCAACCTTCGTAG,1,1,unique_exact
561,CGCCATACACACCA,1,1,unique_exact
562,CGCGATCTAGAACA,1,1,unique_exact
563,CGCGATCTTGGTGT,1,1,unique_exact
564,CGGAATTGGATGAA,1,1,unique_exact
565,CGGCCAGAATCGGT,2,1,unique_exact
566,CGGCGAACAGTCAC,1,1,unique_exact
567,CGGCGATGGCGAAG,1,1,unique_exact
568,CGGTAAACGGCGAA,2,1,unique_exact
569,CGGTAAACTCTCAT,1,1,unique_exact
570,CGGTCACTTATCGG,1,1,unique_exact
571,CGGTCACTTCACGA,1,1,unique_exact
572,CGTAACGATTTCTG,2,1,unique_exact
573,CGTAGCCTAGTACC,1,1,unique_exact
574,CGTGAAACACCCTC,1,1,unique_exact
575,CGTGAATGCACTGA,1,1,unique_exact
576,CGTTAACTAGAACA,1,1,unique_exact
577,CGTTATACCTTACT,1,1,unique_exact
578,CTAACTACCCGCTT,1,1,unique_exact
579,CTAAGGTGTTCGTT,2,1,unique_exact
580,CTAATAGAACCTGA,1,1,unique_exact
581,CTACTATGCATGAC,1,1,unique_exact
582,CTAGTTACCCAACA,1,1,unique_exact
583,CTATAGCTTGTCGA,1,1,unique_exact
584,CTATCAACAAAAGC,1,1,unique_exact
585,CTATCAACACTACG,1,1,unique_exact
586,CTATCAACCCATAG,1,1,unique_exact
587,CTCAGAGATCGTGA,1,1,unique_exact
588,CTCAGCACTTATCC,1,1,unique_exact
589,CTCAGGCTAGCTCA,1,1,unique_exact
590,CTCAGGCTCGTAAC,1,1,unique_exact
591,CTCCATCTTCCGAA,1,1,unique_exact
592,CTCCTACTTAACCG,1,1,unique_exact
593,CTCGACACACTCAG,1,1,unique_exact
594,CTCGAGCTATTCGG,1,1,unique_exact
595,CTCGCATGGACAAA,1,1,unique_exact
596,CTGCCAACACTCAG,1,1,unique_exact
597,CTGTAACTCTTTAC,1,1,unique_exact
598,CTTCTAGAGTTCTT,1,1,unique_exact
599,CTTGAACTGAGATA,1,1,unique_exact
600,CTTGATTGGAAAGT,1,1,unique_exact
601,CTTTAGACTGCATG,2,1,unique_exact
602,CTTTGATGGGCGAA,3,1,unique_exact
603,CTTTGATGTAGTCG,1,1,unique_exact
604,GAACCAACAAGAAC,2,1,unique_exact
605,GAAGCTACACGTAC,1,1,unique_exact
606,GAAGCTTGCATGGT,1,1,unique_exact
607,GAAGGTCTTTAGGC,2,1,unique_exact
608,GAAGTCTGCGGAGA,1,1,unique_exact
609,GAAGTGCTGTGTTG,2,1,unique_exact
610,GAATGCACTCGCTC,1,1,unique_exact
611,GAATGCTGCACCAA,2,1,unique_exact
612,GAATGGCTAGTAGA,1,1,unique_exact
613,GACAACTGGGACGA,1,1,unique_exact
614,GACCCTACACGTTG,1,1,unique_exact
615,GACCCTACAGCTCA,1,1,unique_exact
616,GACCCTACCGATAC,1,1,unique_exact
617,GACCTCACCTAGTG,1,1,unique_exact
618,GACGAACTGTATCG,1,1,unique_exact
619,GACGCCGAGCCTTC,1,1,unique_exact
620,GACTACGAACCATG,1,1,unique_exact
621,GACTACGAAGAGTA,1,1,unique_exact
622,GACTCCTGGGTAGG,2,1,unique_exact
623,GACTGAACTACGCA,1,1,unique_exact
624,GACTGAACTAGAAG,1,1,unique_exact
625,GAGCTCCTGAGGGT,1,1,unique_exact
626,GAGGACGAACGACT,1,1,unique_exact
627,GAGGACGACAGATC,1,1,unique_exact
628,GAGTCAACTGGTGT,1,1,unique_exact
629,GAGTGTTGATTCGG,1,1,unique_exact
630,GATAATACACGTGT,1,1,unique_exact
631,GATAGCACACAGTC,1,1,unique_exact
632,GATATAACCGTGAT,1,1,unique_exact
633,GATATCCTCCAGTA,1,1,unique_exact
634,GATGCCCTAGATGA,1,1,unique_exact
635,GATTCTTGGAATGA,1,1,unique_exact
636,GATTTGCTGGGAGT,1,1,unique_exact
637,GATTTGCTTCTCCG,1,1,unique_exact
638,GCACCTACGTTTGG,1,1,unique_exact
639,GCACGGACAGTACC,1,1,unique_exact
640,GCAGTTGATCCCGT,2,1,unique_exact
641,GCATGTGAGTCCTC,1,1,unique_exact
642,GCCCAACTTCAGAC,1,1,unique_exact
643,GCCGGAACACTAGC,1,1,unique_exact
644,GCCGTACTAGTTCG,1,1,unique_exact
645,GCGCGATGCCCTCA,1,1,unique_exact
646,GCGGGACTTGCATG,1,1,unique_exact
647,GCGTATGACGGGAA,1,1,unique_exact
648,GCTACAGACCATAG,1,1,unique_exact
649,GCTACGCTTGGAGG,1,1,unique_exact
650,GCTCCATGATGCTG,2,1,unique_exact
651,GCTCGACTAAGATG,1,1,unique_exact
652,GCTGATGAGAGGCA,2,1,unique_exact
653,GCTTAACTTTGCGA,1,1,unique_exact
654,GCTTGAGAATGCTG,1,1,unique_exact
655,GCTTGAGAGTCGAT,1,1,unique_exact
656,GGAACACTTATGGC,1,1,unique_exact
657,GGACATTGGTATGC,1,1,unique_exact
658,GGACCTCTAATCGC,1,1,unique_exact
659,GGACGAGATGATGC,2,1,unique_exact
660,GGAGGATGCGTTAG,1,1,unique_exact
661,GGAGGATGTCCTTA,1,1,unique_exact
662,GGAGGCCTGACAAA,1,1,unique_exact
663,GGAGGTGATTCGTT,1,1,unique_exact
664,GGAGTTTGTCTACT,1,1,unique_exact
665,GGATGTTGTGAACC,1,1,unique_exact
666,GGCCACGAAGATCC,2,1,unique_exact
667,GGCCGATGAGGCGA,1,1,unique_exact
668,GGCGGACTCATACG,1,1,unique_exact
669,GGCTAAACGAAGGC,1,1,unique_exact
670,GGGCAAGATTCCAT,1,1,unique_exact
671,GGTACATGCGCTAA,1,1,unique_exact
672,GGTAGTACAGGGTG,1,1,unique_exact
673,GGTAGTACCCAGTA,1,1,unique_exact
674,GGTGGAGAACGTGT,1,1,unique_exact
675,GGTGGAGACGGGAA,1,1,unique_exact
676,GGTGGAGAGAGGGT,2,1,unique_exact
677,GTAAGCACGTACGT,1,1,unique_exact
678,GTAATATGGGAAGC,1,1,unique_exact
679,GTAATATGTCCGAA,1,1,unique_exact
680,GTACAGTGGGAACG,2,1,unique_exact
681,GTACCCTGTTCCCG,2,1,unique_exact
682,GTAGCAACCACTAG,1,1,unique_exact
683,GTAGTGACACTACG,1,1,unique_exact
684,GTCCAAGACCGCTT,1,1,unique_exact
685,GTCTAGGATGTAGC,1,1,unique_exact
686,GTCTGAGATTGACG,1,1,unique_exact
687,GTGATTCTTTCGGA,1,1,unique_exact
688,GTGTATCTTGCCTC,2,1,unique_exact
689,GTGTCAGAAAGATG,1,1,unique_exact
690,GTTAAATGCATTGG,1,1,unique_exact
691,GTTAAATGTCCTGC,1,1,unique_exact
692,GTTAACCTGGATTC,2,1,unique_exact
693,GTTAACCTTGTCTT,1,1,unique_exact
694,GTTACGGACTTCCG,1,1,unique_exact
695,GTTACGGATAACGC,1,1,unique_exact
696,GTTAGGTGTCACCC,1,1,unique_exact
697,GTTATCTGGTCATG,1,1,unique_exact
698,GTTGACGATGAGGG,1,1,unique_exact
699,TAAAGTTGATGCTG,1,1,unique_exact
700,TAAAGTTGTAGACC,1,1,unique_exact
701,TAAGATACAGCGTT,2,1,unique_exact
702,TAATCCACTCATTC,1,1,unique_exact
703,TAATGTGACAATCG,1,1,unique_exact
704,TACACACTTGGTCA,1,1,unique_exact
705,TACCGCTGCTACGA,1,1,unique_exact
706,TACGAGTGGTATGC,2,1,unique_exact
707,TACGATCTGTATGC,1,1,unique_exact
708,TACGGAACAATCGC,1,1,unique_exact
709,TACGTACTTGCACA,2,1,unique_exact
710,TACTACACATAAGG,1,1,unique_exact
711,TAGAATTGCAACTG,2,1,unique_exact
712,TAGAGCACCCCTAC,1,1,unique_exact
713,TAGCGATGCGCCTT,1,1,unique_exact
714,TAGGCATGGCCAAT,1,1,unique_exact
715,TAGGTGTGCTTCTA,1,1,unique_exact
716,TAGGTTCTTGTCCC,1,1,unique_exact
717,TAGTATGACACTGA,1,1,unique_exact
718,TAGTCGGAAGTAGA,1,1,unique_exact
719,TAGTTAGAGCTATG,1,1,unique_exact
720,TATAAGTGAGTCAC,1,1,unique_exact
721,TATACCACCGGTAT,2,1,unique_exact
722,TATCAAGAACCCAA,1,1,unique_exact
723,TATCACTGATCGGT,1,1,unique_exact
724,TATCGACTGTTTGG,1,1,unique_exact
725,TATCGACTTGTCAG,2,1,unique_exact
726,TATCTTCTAGAAGT,1,1,unique_exact
727,TATGTCTGTTGTGG,1,1,unique_exact
728,TCAATCACACTAGC,1,1,unique_exact
729,TCAATCACCCTAAG,1,1,unique_exact
730,TCACTATGGTTGGT,1,1,unique_exact
731,TCAGAGACTTCTAC,2,1,unique_exact
732,TCAGCAGAAGAAGT,1,1,unique_exact
733,TCAGCGCTTAAAGG,2,1,unique_exact
734,TCAGTTACGGATCT,1,1,unique_exact
735,TCCGGACTGGACAG,1,1,unique_exact
736,TCGACCTGCTGCAA,1,1,unique_exact
737,TCGCAAGAGGTATC,1,1,unique_exact
738,TCGGACCTAGATGA,1,1,unique_exact
739,TCGTGAGAAGTGTC,2,1,unique_exact
740,TCTACAACGGTGGA,1,1,unique_exact
741,TCTAGACTGACGGA,1,1,unique_exact
742,TCTCTAGATTTGTC,1,1,unique_exact
743,TGAAGCACCCTAAG,1,1,unique_exact
744,TGACACGAGTCGTA,1,1,unique_exact
745,TGACGAACGGTCAT,1,1,unique_exact
746,TGACTGGAAGGGTG,1,1,unique_exact
747,TGATTAGAATCTCT,1,1,unique_exact
748,TGCAACGAGGTGTT,1,1,unique_exact
749,TGCAGATGATTCTC,1,1,unique_exact
750,TGCGATGAGTGCTA,1,1,unique_exact
751,TGCTTAACGGACTT,1,1,unique_exact
752,TGGAACACATGGTC,1,1,unique_exact
753,TGGAACACGACAGG,1,1,unique_exact
754,TGGATCGACTGACA,2,1,unique_exact
755,TGGTATCTTGTCCC,1,1,unique_exact
756,TGGTCAGAATTGGC,2,1,unique_exact
757,TGGTTACTTCTAGG,1,1,unique_exact
758,TGTAAAACTCTCTA,1,1,unique_exact
759,TGTACTTGTGTGCA,1,1,unique_exact
760,TGTAGTCTGACGGA,1,1,unique_exact
761,TGTATCTGCCACCT,2,1,unique_exact
762,TTACACACAAGTGA,1,1,unique_exact
763,TTACGACTAAGATG,1,1,unique_exact
764,TTACGACTCACACA,1,1,unique_exact
765,TTACTCGAGTATGC,1,1,unique_exact
766,TTAGACCTTCTTAC,1,1,unique_exact
767,TTCATCGATCACCC,1,1,unique_exact
768,TTCGATTGGGTATC,1,1,unique_exact
769,TTCTCAGAAAGTAG,1,1,unique_exact
770,TTCTCAGAGGGTGA,1,1,unique_exact
771,TTGAATGAGAGCAG,1,1,unique_exact
772,TTGATCTGACGCAT,1,1,unique_exact
773,TTGCTAACGAGCAG,1,1,unique_exact
774,TTGTACACATTGGC,1,1,unique_exact
775,TTGTCATGGGAAGC,1,1,unique_exact
776,TTTATCCTACACTG,3,1,unique_exact
777,TTTGACTGAAGAAC,1,1,unique_exact
778,AAACATACGTGTTG,1,1,unique_exact
779,AAACGCACTCACGA,1,1,unique_exact
780,AAACTTGATTCTAC,1,1,unique_exact
781,AAAGAGACCGTTAG,1,1,unique_exact
782,AAAGGCCTCAGAGG,1,1,unique_exact
783,AAATCCCTTCAAGC,1,1,unique_exact
784,AAATGGGACTCCCA,1,1,unique_exact
785,AAATGTTGGTATGC,1,1,unique_exact
786,AAATGTTGTGAGGG,1,1,unique_exact
787,AACAAACTCCAATG,1,1,unique_exact
788,AACCACGAAACGTC,1,1,unique_exact
789,AACCACGACTTCTA,1,1,unique_exact
790,AACCACGAGGACTT,1,1,unique_exact
791,AACCGCCTGGAGTG,1,1,unique_exact
792,AACCTACTTATTCC,1,1,unique_exact
793,AACGCAACCACACA,1,1,unique_exact
794,AACGCCCTGGAGGT,2,1,unique_exact
795,AACGCCCTTTGTGG,1,1,unique_exact
796,AACGGTTGCCCACT,3,1,unique_exact
797,AACTGTCTCTATGG,1,1,unique_exact
798,AACTGTCTGACAGG,1,1,unique_exact
799,AACTGTCTTCCTCG,1,1,unique_exact
800,AAGAACGATGACTG,1,1,unique_exact
801,AAGAAGACACACTG,1,1,unique_exact
802,AAGACAGAGGTGGA,1,1,unique_exact
803,AAGCCATGTCCTGC,1,1,unique_exact
804,AAGCCTGACCTCAC,1,1,unique_exact
805,AAGCCTGAGTATGC,1,1,unique_exact
806,AAGCGACTCTTGTT,1,1,unique_exact
807,AAGCGTACAAGGCG,1,1,unique_exact
808,AAGCGTACACCTAG,1,1,unique_exact
809,AAGGCTTGCCGCTT,1,1,unique_exact
810,AAGGCTTGTCCAGA,1,1,unique_exact
811,AATAAGCTTTGGTG,1,1,unique_exact
812,AATACCCTGCTCCT,1,1,unique_exact
813,AATAGGGACGAGAG,2,1,unique_exact
814,AATCCGGACTTGTT,1,1,unique_exact
815,AATCCTACCTGTAG,1,1,unique_exact
816,AATCCTACGTCTAG,1,1,unique_exact
817,AATCTAGATTTGTC,1,1,unique_exact
818,AATCTCACACCCAA,1,1,unique_exact
819,AATGATACGGAGTG,1,1,unique_exact
820,AATGATACTAGCGT,1,1,unique_exact
821,AATGGCTGCCTGAA,1,1,unique_exact
822,AATTACGACTTGAG,1,1,unique_exact
823,ACACATCTAGCTAC,1,1,unique_exact
824,ACACGATGGGGATG,1,1,unique_exact
825,ACATACCTTTTCGT,1,1,unique_exact
826,ACCACCTGGCATAC,1,1,unique_exact
827,ACCACGCTCTTTAC,1,1,unique_exact
828,ACCAGCCTTTACCT,1,1,unique_exact
829,ACCAGTGATGTCTT,1,1,unique_exact
830,ACCATTTGGACGAG,1,1,unique_exact
831,ACCCAAGACCCTAC,1,1,unique_exact
832,ACCCAAGACTTACT,1,1,unique_exact
833,ACCCTCGACGGAGA,1,1,unique_exact
834,ACCGAAACACCTAG,1,1,unique_exact
835,ACCTCGTGCACACA,1,1,unique_exact
836,ACCTGAGACTGTCC,1,1,unique_exact
837,ACCTTTGACTGAGT,1,1,unique_exact
838,ACCTTTGAGTGAGG,1,1,unique_exact
839,ACGCAATGAACTGC,1,1,unique_exact
840,ACGCACCTGGACAG,1,1,unique_exact
841,ACGGAGGATAAGGA,1,1,unique_exact
842,ACGGCTCTCAAAGA,1,1,unique_exact
843,ACGGCTCTGGTGAG,1,1,unique_exact
844,ACGGTATGGGGACA,1,1,unique_exact
845,ACGTAGACCAGATC,2,1,unique_exact
846,ACGTCAGAGACGGA,1,1,unique_exact
847,ACGTTACTCCGATA,1,1,unique_exact
848,ACGTTGGACCCTTG,1,1,unique_exact
849,ACTACGGAGGTACT,2,1,unique_exact
850,ACTATCACCAACTG,1,1,unique_exact
851,ACTCAGGAAGCCTA,1,1,unique_exact
852,ACTCAGGAGTTTCT,1,1,unique_exact
853,ACTCTATGTTCTAC,1,1,unique_exact
854,ACTGCCTGAACGGG,1,1,unique_exact
855,ACTGGCCTTTCTAC,1,1,unique_exact
856,ACTTAGCTACCCAA,1,1,unique_exact
857,ACTTAGCTGCTATG,1,1,unique_exact
858,ACTTCCCTCGTTAG,1,1,unique_exact
859,ACTTCTGATTCTAC,2,1,unique_exact
860,AGAAACGACACAAC,1,1,unique_exact
861,AGAACGCTGAACCT,1,1,unique_exact
862,AGAACGCTGTTGGT,1,1,unique_exact
863,AGAATACTACGTTG,1,1,unique_exact
864,AGAATGGAGGTACT,1,1,unique_exact
865,AGAATTTGCTTGCC,2,1,unique_exact
866,AGACCTGATATTCC,1,1,unique_exact
867,AGACCTGATTGCAG,1,1,unique_exact
868,AGACGTACGAATGA,1,1,unique_exact
869,AGACGTACTTCAGG,1,1,unique_exact
870,AGACTTCTCCTTTA,1,1,unique_exact
871,AGAGAAACAAGCCT,1,1,unique_exact
872,AGAGGTCTAACAGA,1,1,unique_exact
873,AGATATTGTTCATC,1,1,unique_exact
874,AGCAAAGACGGAGA,1,1,unique_exact
875,AGCAAGCTTCCTAT,1,1,unique_exact
876,AGCATCGACCGCTT,1,1,unique_exact
877,AGCCACCTGCCCTT,1,1,unique_exact
878,AGCCGGTGGGAAAT,1,1,unique_exact
879,AGCCTCTGCGCTAA,1,1,unique_exact
880,AGCGCCGACGGGAA,1,1,unique_exact
881,AGCGCTCTCAGTCA,1,1,unique_exact
882,AGCGGGCTCGCAAT,1,1,unique_exact
883,AGCGTAACGGAAAT,1,1,unique_exact
884,AGCTTACTCTGGAT,1,1,unique_exact
885,AGGAATGAAAGCCT,1,1,unique_exact
886,AGGATAGACTTCCG,1,1,unique_exact
887,AGGATGCTGTCACA,1,1,unique_exact
888,AGGGCCACAAGATG,1,1,unique_exact
889,AGGGTGGAGGGTGA,1,1,unique_exact
890,AGGTGGGACGTAGT,1,1,unique_exact
891,AGGTGGGATGCTCC,1,1,unique_exact
892,AGGTTCGAAGCGGA,1,1,unique_exact
893,AGTACGTGCTCGCT,1,1,unique_exact
894,AGTACGTGTAGCCA,1,1,unique_exact
895,AGTACTCTGGGTGA,1,1,unique_exact
896,AGTCACGAACTTTC,1,1,unique_exact
897,AGTTAAACTTCACT,1,1,unique_exact
898,AGTTGTCTAAAAGC,1,1,unique_exact
899,AGTTGTCTCTAGTG,1,1,unique_exact
900,AGTTTCACAAAACG,1,1,unique_exact
901,AGTTTCACTCCAGA,2,1,unique_exact
902,AGTTTGCTGTTCAG,1,1,unique_exact
903,ATAACAACCAACCA,1,1,unique_exact
904,ATAACATGCGTAGT,1,1,unique_exact
905,ATAACCCTAGAATG,1,1,unique_exact
906,ATAATCGACTAAGC,1,1,unique_exact
907,ATACCGGAACTACG,1,1,unique_exact
908,ATACCGGACCCTCA,1,1,unique_exact
909,ATACCTACCCTATT,2,1,unique_exact
910,ATAGATACTCTAGG,1,1,unique_exact
911,ATAGTCCTACGGGA,1,1,unique_exact
912,ATCAAATGTTACCT,1,1,unique_exact
913,ATCAACCTGTTCGA,1,1,unique_exact
914,ATCACGGACCTGAA,1,1,unique_exact
915,ATCACTTGCGACAT,1,1,unique_exact
916,ATCACTTGGTAAAG,1,1,unique_exact
917,ATCCAGGAAGATGA,1,1,unique_exact
918,ATCCATACATTCTC,1,1,unique_exact
919,ATCCCGTGACAGCT,1,1,unique_exact
920,ATCGAGTGCTGTGA,1,1,unique_exact
921,ATCGCCACGCTATG,1,1,unique_exact
922,ATCGGTGAGTCGAT,1,1,unique_exact
923,ATCTGGGAGAGCTT,1,1,unique_exact
924,ATCTTTCTGCTTAG,1,1,unique_exact
925,ATGAAGGATTGACG,1,1,unique_exact
926,ATGACGTGGGGCAA,2,1,unique_exact
927,ATGCAGACACCTAG,1,1,unique_exact
928,ATGCAGTGCAGCTA,1,1,unique_exact
929,ATGCCAGATACGCA,2,1,unique_exact
930,ATGCCAGATGCCTC,1,1,unique_exact
931,ATGCGATGCAACTG,1,1,unique_exact
932,ATGCGATGTGCAAC,1,1,unique_exact
933,ATGGACACAAACGA,2,1,unique_exact
934,ATGGGTACAGGTCT,1,1,unique_exact
935,ATGTCGGAACACCA,1,1,unique_exact
936,ATGTCGGAACCGAT,1,1,unique_exact
937,ATGTCGGACTGGTA,1,1,unique_exact
938,ATGTTAGACACTGA,1,1,unique_exact
939,ATTAACGATGTGCA,1,1,unique_exact
940,ATTACCTGACACCA,1,1,unique_exact
941,ATTAGTGAGTTTGG,1,1,unique_exact
942,ATTCCATGTGCCAA,1,1,unique_exact
943,ATTCTGACACCACA,1,1,unique_exact
944,ATTGGTCTCTAGAC,1,1,unique_exact
945,CAAAGCACTCCAAG,1,1,unique_exact
946,CAAATATGACACGT,1,1,unique_exact
947,CAACCGCTGCGAAG,1,1,unique_exact
948,CAAGAAGAGCTGTA,1,1,unique_exact
949,CAAGCCCTTCACCC,1,1,unique_exact
950,CAATAAACTGCATG,2,1,unique_exact
951,CACCACTGCCCTCA,1,1,unique_exact
952,CACCGGGACTAGCA,1,1,unique_exact
953,CACGACCTAGCACT,1,1,unique_exact
954,CACTAGGAACCATG,1,1,unique_exact
955,CACTCCGATCGTGA,1,1,unique_exact
956,CACTCTCTCAGAGG,1,1,unique_exact
957,CACTCTCTTGCAAC,2,1,unique_exact
958,CACTGCTGACTACG,2,1,unique_exact
959,CAGACATGCTCCAC,1,1,unique_exact
960,CAGACCCTGTCCTC,1,1,unique_exact
961,CAGATGACACCCTC,1,1,unique_exact
962,CAGCGTCTATTGGC,1,1,unique_exact
963,CAGCGTCTTAGCCA,1,1,unique_exact
964,CAGCTCTGTTCGTT,1,1,unique_exact
965,CAGGCCGATGTGAC,1,1,unique_exact
966,CAGTTGGAGACGGA,1,1,unique_exact
967,CATCATACCTGTAG,1,1,unique_exact
968,CATCATACTCGTTT,1,1,unique_exact
969,CATCCCGATGAGCT,1,1,unique_exact
970,CATCGCTGCAGAAA,1,1,unique_exact
971,CATGCGCTAAAGTG,1,1,unique_exact
972,CATGTTACTGTCTT,2,1,unique_exact
973,CATTGACTAAAGCA,1,1,unique_exact
974,CATTTGTGGGCGAA,1,1,unique_exact
975,CCAAGATGTATCGG,1,1,unique_exact
976,CCAATTTGCTGCAA,1,1,unique_exact
977,CCACTGACTTCTAC,1,1,unique_exact
978,CCAGAAACGATAGA,1,1,unique_exact
979,CCAGCTACCTATTC,2,1,unique_exact
980,CCAGGTCTCGCCTT,1,1,unique_exact
981,CCATGCTGTACGAC,1,1,unique_exact
982,CCATTAACGAATGA,1,1,unique_exact
983,CCCAACACTGTCGA,1,1,unique_exact
984,CCCAGTTGGTGTAC,1,1,unique_exact
985,CCCATGTGGATACC,2,1,unique_exact
986,CCCTCAGATGGATC,1,1,unique_exact
987,CCCTTACTCTCTTA,1,1,unique_exact
988,CCCTTACTTTGAGC,1,1,unique_exact
989,CCGCTATGTGCTAG,1,1,unique_exact
990,CCGGAGTGAGCTCA,1,1,unique_exact
991,CCGTACACTGCCCT,1,1,unique_exact
992,CCTCATCTCTAAGC,1,1,unique_exact
993,CCTCTACTGGTTAC,1,1,unique_exact
994,CCTGAGCTCTCTCG,2,1,unique_exact
995,CCTGCAACAGTCTG,1,1,unique_exact
996,CCTGGACTTGACAC,1,1,unique_exact
997,CCTTCACTTGCCCT,1,1,unique_exact
998,CCTTCACTTTCTGT,1,1,unique_exact
999,CGAAGGGAACGGAG,1,1,unique_exact
1000,CGAAGTACGCTGAT,1,1,unique_exact
1001,CGACCGGATTCTTG,1,1,unique_exact
1002,CGACCTTGTGAAGA,1,1,unique_exact
1003,CGACTGCTTGCCAA,1,1,unique_exact
1004,CGACTGCTTGGTGT,1,1,unique_exact
1005,CGAGGCACGATAAG,1,1,unique_exact
1006,CGAGTATGCTCTTA,1,1,unique_exact
1007,CGATACGATCCTGC,1,1,unique_exact
1008,CGCACTTGAAACGA,1,1,unique_exact
1009,CGCAGGACAGTCAC,3,1,unique_exact
1010,CGCAGGACTGCTGA,1,1,unique_exact
1011,CGCAGGTGTGGCAT,1,1,unique_exact
1012,CGCCGAGAGACGAG,1,1,unique_exact
1013,CGCCTAACTGAGAA,2,1,unique_exact
1014,CGCTACACGTGTAC,1,1,unique_exact
1015,CGCTACACTATGGC,1,1,unique_exact
1016,CGGAGGCTCCTTGC,1,1,unique_exact
1017,CGGAGGCTGCAGTT,1,1,unique_exact
1018,CGGAGGCTGTCTGA,1,1,unique_exact
1019,CGGATATGGTCCTC,1,1,unique_exact
1020,CGGCGATGTAAGCC,1,1,unique_exact
1021,CGTACAGAAAGCAA,1,1,unique_exact
1022,CGTACCACGCGTTA,1,1,unique_exact
1023,CGTGCACTGCTGTA,1,1,unique_exact
1024,CGTTAGGACCTACC,1,1,unique_exact
1025,CTAACACTCCCAAA,1,1,unique_exact
1026,CTAAGGACGACACT,1,1,unique_exact
1027,CTACCTCTCATTGG,2,1,unique_exact
1028,CTACTATGCAGAGG,1,1,unique_exact
1029,CTACTCCTAGTGTC,1,1,unique_exact
1030,CTAGGATGGACGTT,1,1,unique_exact
1031,CTAGTTTGGGCATT,1,1,unique_exact
1032,CTATCATGCAGTTG,1,1,unique_exact
1033,CTATCATGGGAGCA,1,1,unique_exact
1034,CTATCCCTCTTCCG,1,1,unique_exact
1035,CTATTGTGTCACCC,1,1,unique_exact
1036,CTCCATCTACAGCT,1,1,unique_exact
1037,CTCCATCTCCATGA,1,1,unique_exact
1038,CTCCGAACACCTAG,1,1,unique_exact
1039,CTCCTACTGCTTCC,1,1,unique_exact
1040,CTCGACTGCAGCTA,2,1,unique_exact
1041,CTGAACGAGGTAGG,1,1,unique_exact
1042,CTGAAGTGGAGGCA,1,1,unique_exact
1043,CTGATACTTGACAC,1,1,unique_exact
1044,CTGTGAGACTTACT,1,1,unique_exact
1045,CTTAAAGATTTGGG,1,1,unique_exact
1046,CTTAACACGTACAC,1,1,unique_exact
1047,CTTACTGAACACAC,1,1,unique_exact
1048,CTTGATTGCGCCTT,1,1,unique_exact
1049,GAAAGATGGCATAC,1,1,unique_exact
1050,GAACACACTGAGCT,1,1,unique_exact
1051,GAACGGGAATGACC,1,1,unique_exact
1052,GAACGGGACGGAGA,1,1,unique_exact
1053,GAACGTTGCGCATA,1,1,unique_exact
1054,GAAGGGTGAAGGGC,1,1,unique_exact
1055,GAAGGTCTTACTCT,1,1,unique_exact
1056,GAAGTAGAGTAGGG,1,1,unique_exact
1057,GAAGTGCTCAGCTA,1,1,unique_exact
1058,GAATGCACTCCCAC,1,1,unique_exact
1059,GACAACACCTTATC,1,1,unique_exact
1060,GACAACTGGTATGC,1,1,unique_exact
1061,GACAGGGATGACAC,1,1,unique_exact
1062,GACCCTACGCTGTA,1,1,unique_exact
1063,GACGAACTCAGAGG,1,1,unique_exact
1064,GACGATTGTGGCAT,1,1,unique_exact
1065,GACGCCGAAAAGTG,1,1,unique_exact
1066,GACGGCACGCAGTT,1,1,unique_exact
1067,GACGTCCTTACAGC,1,1,unique_exact
1068,GACGTCCTTCCCGT,1,1,unique_exact
1069,GACTGAACGGAGGT,1,1,unique_exact
1070,GACTGAACTGTCGA,1,1,unique_exact
1071,GAGATAGAAGTCAC,1,1,unique_exact
1072,GAGCAGGAGGTCTA,1,1,unique_exact
1073,GAGCATACAACAGA,1,1,unique_exact
1074,GAGCATACGAGGCA,1,1,unique_exact
1075,GAGCGAGAAAAGCA,1,1,unique_exact
1076,GAGCGCACTTCATC,1,1,unique_exact
1077,GAGGATCTTCCAAG,2,1,unique_exact
1078,GAGGCAGAGGTGAG,1,1,unique_exact
1079,GAGGGATGAGCAAA,1,1,unique_exact
1080,GAGTCTGAGCAAGG,1,1,unique_exact
1081,GAGTTGTGGTCCTC,2,1,unique_exact
1082,GATAATACTGTCCC,1,1,unique_exact
1083,GATATCCTTAGCCA,1,1,unique_exact
1084,GATCGTGAGTCGTA,1,1,unique_exact
1085,GATTCTACAGCATC,1,1,unique_exact
1086,GATTCTTGGAGCTT,1,1,unique_exact
1087,GCAAACTGGCTACA,1,1,unique_exact
1088,GCAACTGACCAATG,1,1,unique_exact
1089,GCAATTCTGAGACG,1,1,unique_exact
1090,GCACCACTAGCAAA,1,1,unique_exact
1091,GCACCACTGGGTGA,1,1,unique_exact
1092,GCACCTTGGTCACA,1,1,unique_exact
1093,GCACGGACGTTGAC,1,1,unique_exact
1094,GCACGGTGCTCGCT,1,1,unique_exact
1095,GCACGTCTTTGTGG,1,1,unique_exact
1096,GCACTGCTGCTGAT,2,1,unique_exact
1097,GCAGATACAGAAGT,1,1,unique_exact
1098,GCAGCGTGTCTTAC,2,1,unique_exact
1099,GCAGCTCTCCTTGC,1,1,unique_exact
1100,GCAGGCACTGCTTT,1,1,unique_exact
1101,GCAGTCCTGAGGAC,1,1,unique_exact
1102,GCAGTTGATGGCAT,1,1,unique_exact
1103,GCATCAGATATTCC,1,1,unique_exact
1104,GCCGACGACGCATA,1,1,unique_exact
1105,GCCGACGAGTTGGT,1,1,unique_exact
1106,GCCGTACTGAGGTG,1,1,unique_exact
1107,GCCTAGCTGACGTT,2,1,unique_exact
1108,GCGAGAGAATGGTC,1,1,unique_exact
1109,GCGCACGAAAGCCT,1,1,unique_exact
1110,GCGCATCTCTTGTT,1,1,unique_exact
1111,GCGCGAACGCTTCC,1,1,unique_exact
1112,GCGGCAACTCCTTA,1,1,unique_exact
1113,GCGTAAACACACGT,2,1,unique_exact
1114,GCGTAATGCTTGTT,1,1,unique_exact
1115,GCTAGAACAAGCCT,1,1,unique_exact
1116,GCTCGACTTTCAGG,1,1,unique_exact
1117,GGAACTTGTTGTCT,1,1,unique_exact
1118,GGACATTGAGCCTA,1,1,unique_exact
1119,GGACCTCTATGGTC,1,1,unique_exact
1120,GGACGAGATTACCT,1,1,unique_exact
1121,GGACGCTGGCTGAT,1,1,unique_exact
1122,GGACGCTGTGACAC,1,1,unique_exact
1123,GGAGGTGATCTCTA,1,1,unique_exact
1124,GGAGTTTGGTTACG,1,1,unique_exact
1125,GGATTTCTGCAGAG,1,1,unique_exact
1126,GGCAAGGAGGATTC,1,1,unique_exact
1127,GGCACGTGTGGCAT,1,1,unique_exact
1128,GGCCAGACAGATCC,2,1,unique_exact
1129,GGCCCAGATGTCTT,1,1,unique_exact
1130,GGCCGATGAGTCAC,1,1,unique_exact
1131,GGGAAGACATCTTC,1,1,unique_exact
1132,GGGATGGACCTACC,2,1,unique_exact
1133,GGGCCATGCGTAAC,1,1,unique_exact
1134,GGGTAACTGCATCA,1,1,unique_exact
1135,GGGTTATGGGAACG,1,1,unique_exact
1136,GGTCTAGATGACTG,1,1,unique_exact
1137,GTAATATGTCGCAA,1,1,unique_exact
1138,GTACGTGACGATAC,2,1,unique_exact
1139,GTACTTTGGTGTCA,1,1,unique_exact
1140,GTAGACTGCTTCCG,1,1,unique_exact
1141,GTATCTACTGGTAC,1,1,unique_exact
1142,GTATTAGACGTAAC,1,1,unique_exact
1143,GTCAACGACACAAC,1,1,unique_exact
1144,GTCACCTGTAGTCG,1,1,unique_exact
1145,GTCATACTAGTGTC,1,1,unique_exact
1146,GTCATACTTCGTGA,1,1,unique_exact
1147,GTCCCATGACTCAG,1,1,unique_exact
1148,GTCCCATGGGTTAC,1,1,unique_exact
1149,GTCGACCTATGACC,1,1,unique_exact
1150,GTCGACCTTTCACT,1,1,unique_exact
1151,GTCGCACTTACGAC,1,1,unique_exact
1152,GTGAGGGATGTCAG,2,1,unique_exact
1153,GTGATGACGAACCT,2,1,unique_exact
1154,GTGCCACTATGGTC,1,1,unique_exact
1155,GTGTGATGCGTTAG,1,1,unique_exact
1156,GTTAAAACATGTCG,1,1,unique_exact
1157,GTTAAATGGCTGAT,1,1,unique_exact
1158,GTTACGGAATGCCA,1,1,unique_exact
1159,GTTACTACGTAAAG,1,1,unique_exact
1160,GTTACTACTGAGGG,1,1,unique_exact
1161,GTTAGGTGTGACTG,1,1,unique_exact
1162,GTTCAACTCAGATC,1,1,unique_exact
1163,GTTCAACTTAAGGA,2,1,unique_exact
1164,GTTCAACTTACAGC,1,1,unique_exact
1165,GTTCATACTTGCTT,1,1,unique_exact
1166,GTTGAGTGCCACAA,1,1,unique_exact
1167,GTTGATCTTATGCG,1,1,unique_exact
1168,TAAAGTTGTTTACC,1,1,unique_exact
1169,TAACACCTAACCTG,1,1,unique_exact
1170,TAACTCACCCGTTC,1,1,unique_exact
1171,TAAGAACTCCACCT,3,1,unique_exact
1172,TAAGATACGGAAAT,1,1,unique_exact
1173,TAAGTAACGTTGCA,1,1,unique_exact
1174,TAATGAACGGTAGG,2,1,unique_exact
1175,TACATAGACGAACT,2,1,unique_exact
1176,TACCATTGAAGGCG,1,1,unique_exact
1177,TACGATCTCCGATA,1,1,unique_exact
1178,TACGCAGATTCCGC,1,1,unique_exact
1179,TACGCGCTATTCTC,1,1,unique_exact
1180,TACGGAACGTTCGA,2,1,unique_exact
1181,TACGTTACGTCTAG,1,1,unique_exact
1182,TACTACTGCTTCGC,1,1,unique_exact
1183,TAGAAACTCGGAGA,1,1,unique_exact
1184,TAGAATTGACACTG,1,1,unique_exact
1185,TAGAATTGATTTCC,1,1,unique_exact
1186,TAGATCCTCTGTGA,1,1,unique_exact
1187,TAGATCCTTTACCT,1,1,unique_exact
1188,TAGCCCACCTAGTG,2,1,unique_exact
1189,TAGCCGCTACCTGA,1,1,unique_exact
1190,TAGTAATGGTTAGC,1,1,unique_exact
1191,TAGTTGCTAACGTC,1,1,unique_exact
1192,TATAAGTGCCAAGT,1,1,unique_exact
1193,TATACCACCCTTCG,1,1,unique_exact
1194,TATCAGCTCTTGCC,1,1,unique_exact
1195,TATCCTGAAAGGGC,1,1,unique_exact
1196,TATCGTACTCCAGA,1,1,unique_exact
1197,TATCTGACGGCGAA,1,1,unique_exact
1198,TATGGGTGATGCTG,1,1,unique_exact
1199,TATGTCACAAGAGT,1,1,unique_exact
1200,TATGTCACATTCCT,1,1,unique_exact
1201,TATGTCTGACCAGT,1,1,unique_exact
1202,TATGTCTGATACCG,1,1,unique_exact
1203,TCAAGTCTTCCTAT,1,1,unique_exact
1204,TCAAGTCTTGCATG,1,1,unique_exact
1205,TCAATCACATGACC,1,1,unique_exact
1206,TCACAACTGTCCTC,1,1,unique_exact
1207,TCACATACGCATAC,1,1,unique_exact
1208,TCACCCGACCAGTA,1,1,unique_exact
1209,TCACCCGATTCATC,2,1,unique_exact
1210,TCACCGTGCTGTGA,1,1,unique_exact
1211,TCACCGTGGGTAGG,1,1,unique_exact
1212,TCACGAGAGGATTC,1,1,unique_exact
1213,TCAGACGACATTGG,1,1,unique_exact
1214,TCATTCGACCTACC,2,1,unique_exact
1215,TCCAGAGAGAATCC,1,1,unique_exact
1216,TCCAGAGATGACCA,1,1,unique_exact
1217,TCCCTACTGGGCAA,1,1,unique_exact
1218,TCCGAGCTACTCTT,1,1,unique_exact
1219,TCCGGACTTGCGTA,1,1,unique_exact
1220,TCCTAAACGTAAAG,2,1,unique_exact
1221,TCCTATGAACCTAG,2,1,unique_exact
1222,TCGATACTCCCAAA,2,1,unique_exact
1223,TCGGACCTAGGTTC,1,1,unique_exact
1224,TCGTAGGAGGTTCA,1,1,unique_exact
1225,TCTAACACGGATTC,1,1,unique_exact
1226,TCTAAGCTCTTCTA,1,1,unique_exact
1227,TCTAAGCTGCAGAG,1,1,unique_exact
1228,TCTCAAACAGTAGA,1,1,unique_exact
1229,TCTTACGAAACCTG,2,1,unique_exact
1230,TGAAATTGAGAATG,1,1,unique_exact
1231,TGAAGCTGACACCA,1,1,unique_exact
1232,TGAAGCTGGATAGA,1,1,unique_exact
1233,TGACACGAACTAGC,1,1,unique_exact
1234,TGAGACACCTAGCA,1,1,unique_exact
1235,TGAGACACGCCCTT,1,1,unique_exact
1236,TGAGCAACACCTGA,1,1,unique_exact
1237,TGAGCAACACGGAG,1,1,unique_exact
1238,TGAGGACTCCCACT,1,1,unique_exact
1239,TGAGGTACAGTGCT,1,1,unique_exact
1240,TGAGGTACTGTTTC,1,1,unique_exact
1241,TGAGTCGATCCTTA,1,1,unique_exact
1242,TGAGTGACTCTCGC,1,1,unique_exact
1243,TGATAAACAATGCC,1,1,unique_exact
1244,TGATTAGACATGAC,1,1,unique_exact
1245,TGATTCACTAACCG,1,1,unique_exact
1246,TGCAAGACCGGGAA,1,1,unique_exact
1247,TGCAAGACGTATGC,1,1,unique_exact
1248,TGCAGATGCTCCCA,1,1,unique_exact
1249,TGCATGGATTCCGC,1,1,unique_exact
1250,TGCCAGCTCTCTCG,1,1,unique_exact
1251,TGCGCACTCCCTTG,2,1,unique_exact
1252,TGCTGAGACTTATC,2,1,unique_exact
1253,TGGAAAGAAGTTCG,1,1,unique_exact
1254,TGGACTGAATAAGG,1,1,unique_exact
1255,TGGAGGGACAGAGG,1,1,unique_exact
1256,TGGATGACGAGACG,1,1,unique_exact
1257,TGGATGTGAGAATG,2,1,unique_exact
1258,TGGTACGACCTCAC,2,1,unique_exact
1259,TGTATCTGGCGATT,1,1,unique_exact
1260,TGTGAGTGCATGAC,2,1,unique_exact
1261,TGTGATCTGTACAC,1,1,unique_exact
1262,TTAACCACCCTCAC,1,1,unique_exact
1263,TTAACCACCTCTTA,1,1,unique_exact
1264,TTACACACGTACAC,1,1,unique_exact
1265,TTACACACTCCTAT,1,1,unique_exact
1266,TTACTCGAAGCTAC,1,1,unique_exact
1267,TTAGAATGGGTATC,1,1,unique_exact
1268,TTAGTCTGACACCA,1,1,unique_exact
1269,TTATCCGACTTGGA,1,1,unique_exact
1270,TTCACAACTTGCTT,1,1,unique_exact
1271,TTCAGTACGGTAAA,1,1,unique_exact
1272,TTCATCGACCTACC,1,1,unique_exact
1273,TTCATGACCCATGA,1,1,unique_exact
1274,TTCATGTGGACGAG,1,1,unique_exact
1275,TTCATGTGTTCGCC,1,1,unique_exact
1276,TTCCATGATCGTAG,1,1,unique_exact
1277,TTCGAGGATCCTAT,2,1,unique_exact
1278,TTCGGAGACATGCA,1,1,unique_exact
1279,TTCTACGAGCTCCT,1,1,unique_exact
1280,TTCTGATGAACGAA,1,1,unique_exact
1281,TTGAGGTGACCCTC,1,1,unique_exact
1282,TTGCTATGTAGCGT,1,1,unique_exact
1283,TTGGAGACAGAGAT,1,1,unique_exact
1284,TTGGGAACCGAGTT,1,1,unique_exact
1285,TTGGGAACGGTTAC,2,1,unique_exact
1286,TTGGTACTAGCCTA,1,1,unique_exact
1287,TTGTCATGAGCGTT,1,1,unique_exact
1288,TTTCACGAGGCATT,1,1,unique_exact
1289,TTTCCAGACAGTTG,1,1,unique_exact
1290,TTTCTACTACACGT,1,1,unique_exact
1291,TTTCTACTCACTAG,1,1,unique_exact
1292,AAACATTGGCCAAT,2,1,unique_exact
1293,AAACGGCTTACAGC,1,1,unique_exact
1294,AAAGAGACGTCTTT,1,1,unique_exact
1295,AAAGCAGACGCATA,1,1,unique_exact
1296,AAAGCAGACTAGAC,1,1,unique_exact
1297,AAAGCAGAGGTTTG,1,1,unique_exact
1298,AAATCCCTTCACCC,1,1,unique_exact
1299,AAATTCGATGCTGA,1,1,unique_exact
1300,AAATTCGATTCTCA,1,1,unique_exact
1301,AAATTGACAGGGTG,1,1,unique_exact
1302,AACAAACTTACAGC,1,1,unique_exact
1303,AACATTGAACTCAG,1,1,unique_exact
1304,AACCGCCTAAGTAG,1,1,unique_exact
1305,AACCTTACGAGAGC,1,1,unique_exact
1306,AACCTTACGCCATA,1,1,unique_exact
1307,AACCTTTGGAGCAG,1,1,unique_exact
1308,AACGCAACTGACCA,1,1,unique_exact
1309,AACGCCCTTTAGGC,1,1,unique_exact
1310,AACGTGTGCCTCGT,1,1,unique_exact
1311,AACGTTCTTATCGG,1,1,unique_exact
1312,AAGAATCTCTGATG,1,1,unique_exact
1313,AAGACAGAGGACTT,1,1,unique_exact
1314,AAGAGATGTCGCTC,1,1,unique_exact
1315,AAGCGACTAGAGGC,1,1,unique_exact
1316,AAGGTCACGGTTCA,2,1,unique_exact
1317,AAGGTGCTAGCGTT,1,1,unique_exact
1318,AAGGTGCTTTCTCA,1,1,unique_exact
1319,AAGTCTCTAGCGGA,1,1,unique_exact
1320,AAGTTCCTAAAGTG,1,1,unique_exact
1321,AATACCCTGAAACA,1,1,unique_exact
1322,AATACTGACATGGT,1,1,unique_exact
1323,AATCCTTGCTTGGA,1,1,unique_exact
1324,AATCGGTGTTCTAC,1,1,unique_exact
1325,AATCTCTGTTCCCG,1,1,unique_exact
1326,AATGATACCCTGTC,1,1,unique_exact
1327,AATGCGTGCCCTAC,1,1,unique_exact
1328,AATGGCTGCTTAGG,1,1,unique_exact
1329,AATGGCTGGCTAAC,2,1,unique_exact
1330,AATGGCTGGGTTAC,1,1,unique_exact
1331,AATGGCTGTCAAGC,1,1,unique_exact
1332,AATGTAACGGAGCA,1,1,unique_exact
1333,AATTCCTGTGCCTC,1,1,unique_exact
1334,AATTCCTGTGTGCA,1,1,unique_exact
1335,AATTGATGTTCTGT,1,1,unique_exact
1336,AATTGTGACGAGAG,1,1,unique_exact
1337,ACAAAGGACACACA,1,1,unique_exact
1338,ACAACCGACTATGG,1,1,unique_exact
1339,ACAAGAGAGAATCC,1,1,unique_exact
1340,ACACAGACAAGTAG,1,1,unique_exact
1341,ACACAGACCTGACA,1,1,unique_exact
1342,ACACCCTGTGTGCA,2,1,unique_exact
1343,ACACGAACAGTTCG,1,1,unique_exact
1344,ACAGACACACGCAT,2,1,unique_exact
1345,ACAGCAACGAGCAG,1,1,unique_exact
1346,ACAGGTACACGACT,1,1,unique_exact
1347,ACAGTGTGGTTCTT,1,1,unique_exact
1348,ACATCACTCATGAC,1,1,unique_exact
1349,ACCACGCTCATTGG,1,1,unique_exact
1350,ACCAGTGACCAATG,1,1,unique_exact
1351,ACCCTCGATGTGCA,1,1,unique_exact
1352,ACCGTGCTAAACAG,2,1,unique_exact
1353,ACCTCCGAAGGTCT,1,1,unique_exact
1354,ACCTCCGAGCCATA,1,1,unique_exact
1355,ACCTCGTGATGGTC,1,1,unique_exact
1356,ACCTTTGAGCTATG,1,1,unique_exact
1357,ACGAACTGGCCAAT,1,1,unique_exact
1358,ACGACCCTACCTCC,1,1,unique_exact
1359,ACGACCCTCACACA,1,1,unique_exact
1360,ACGAGTACCTTCCG,1,1,unique_exact
1361,ACGATCGACTCATT,1,1,unique_exact
1362,ACGATGACCTGTAG-1,0,0,no_barcode_candidate
1363,ACGCCACTATGTCG,1,1,unique_exact
1364,ACGGAGGATTCCAT,1,1,unique_exact
1365,ACGGCGTGCCAACA,1,1,unique_exact
1366,ACGGTAACTGAGGG,1,1,unique_exact
1367,ACGTCAGAACTCTT,1,1,unique_exact
1368,ACGTCCTGCTCAGA,2,1,unique_exact
1369,ACGTTGGAAACAGA,1,1,unique_exact
1370,ACGTTTACCTATGG,1,1,unique_exact
1371,ACTCCCGATGTTTC,2,1,unique_exact
1372,ACTCCTCTTACGCA,1,1,unique_exact
1373,ACTCGCACGAGAGC,1,1,unique_exact
1374,ACTCTATGTAGCGT,1,1,unique_exact
1375,ACTCTATGTCGTTT,1,1,unique_exact
1376,ACTGAGACGGATCT,1,1,unique_exact
1377,ACTGGCCTGTTTGG,1,1,unique_exact
1378,ACTTAAGAAAGCCT,1,1,unique_exact
1379,ACTTCCCTGGTGGA,1,1,unique_exact
1380,AGAAACGATAACGC,1,1,unique_exact
1381,AGAAAGTGGTCATG,1,1,unique_exact
1382,AGAATACTGTGTAC,1,1,unique_exact
1383,AGACACACTCGCAA,1,1,unique_exact
1384,AGACTGACCTAGCA,1,1,unique_exact
1385,AGACTGACTTCCGC,1,1,unique_exact
1386,AGACTTCTATTGGC,1,1,unique_exact
1387,AGACTTCTTGCTTT,1,1,unique_exact
1388,AGAGTCTGAACGTC,1,1,unique_exact
1389,AGATCTCTCCTTGC,1,1,unique_exact
1390,AGCACAACCGAGAG,1,1,unique_exact
1391,AGCATCGAAAGTGA,1,1,unique_exact
1392,AGCATTCTGAGGTG,1,1,unique_exact
1393,AGCCGGACGTCTTT,1,1,unique_exact
1394,AGCCGGTGTAACCG,1,1,unique_exact
1395,AGCCTCACGAGGGT,1,1,unique_exact
1396,AGCCTCTGAGTCGT,1,1,unique_exact
1397,AGCGGGCTTTTCGT,1,1,unique_exact
1398,AGCGTAACGTGTAC,1,1,unique_exact
1399,AGCTCGCTGAGGTG,1,1,unique_exact
1400,AGGAACCTCCACCT,1,1,unique_exact
1401,AGGAATGAACCCAA,3,1,unique_exact
1402,AGGACTTGCTATGG,1,1,unique_exact
1403,AGGAGTCTCTTGGA,1,1,unique_exact
1404,AGGAGTCTGGTGAG,1,1,unique_exact
1405,AGGAGTCTTTATCC,1,1,unique_exact
1406,AGGATAGAAGTGCT,1,1,unique_exact
1407,AGGCCTCTAGTGTC,2,1,unique_exact
1408,AGGCTAACGAATAG,1,1,unique_exact
1409,AGGGCCACGCGAGA,1,1,unique_exact
1410,AGGGCGCTAGGAGC,1,1,unique_exact
1411,AGGGTTTGAGTGCT,1,1,unique_exact
1412,AGGGTTTGTTGACG,2,1,unique_exact
1413,AGTAATACCGGGAA,1,1,unique_exact
1414,AGTAATACTAAGCC,1,1,unique_exact
1415,AGTCGAACCAGAAA,1,1,unique_exact
1416,AGTCGAACCGCATA,1,1,unique_exact
1417,AGTCGAACCGGTAT,1,1,unique_exact
1418,AGTCGAACTGCCTC,1,1,unique_exact
1419,AGTCTTACGCGAAG,1,1,unique_exact
1420,AGTGACACCTTCGC,1,1,unique_exact
1421,AGTGACTGTCGCCT,1,1,unique_exact
1422,AGTTATGAAAGGGC,1,1,unique_exact
1423,AGTTCTACGAGCTT,1,1,unique_exact
1424,AGTTTAGACACCAA,1,1,unique_exact
1425,ATAACAACAGGTTC,1,1,unique_exact
1426,ATAAGTACACTAGC,2,1,unique_exact
1427,ATAATCGAGGACGA,1,1,unique_exact
1428,ATAATGACCTCGCT,1,1,unique_exact
1429,ATAATGACGCTTAG,1,1,unique_exact
1430,ATACAATGTGACAC,1,1,unique_exact
1431,ATACACCTCAGTTG,1,1,unique_exact
1432,ATAGATACCCTTCG,1,1,unique_exact
1433,ATAGTTGATGGTGT,1,1,unique_exact
1434,ATATACGATGCACA,2,1,unique_exact
1435,ATCAGGTGCTTTAC,1,1,unique_exact
1436,ATCAGGTGGAGGGT,1,1,unique_exact
1437,ATCAGGTGGCAGAG,1,1,unique_exact
1438,ATCAGGTGGCATAC,1,1,unique_exact
1439,ATCCATACTACTCT,1,1,unique_exact
1440,ATCGGTGATTGAGC,1,1,unique_exact
1441,ATCTCAACCGCATA,2,1,unique_exact
1442,ATCTTTCTAAGTAG,2,1,unique_exact
1443,ATCTTTCTCTACCC,1,1,unique_exact
1444,ATGCGCCTGCTACA,1,1,unique_exact
1445,ATGGTGACGCGAAG,1,1,unique_exact
1446,ATGTTCACGTGCAT,1,1,unique_exact
1447,ATTACCACCATCAG,1,1,unique_exact
1448,ATTACCTGGAAGGC,1,1,unique_exact
1449,ATTAGATGACCCAA,1,1,unique_exact
1450,ATTAGATGACCCTC,1,1,unique_exact
1451,ATTAGATGGCATAC,1,1,unique_exact
1452,ATTAGTGAGGACAG,1,1,unique_exact
1453,ATTAGTGAGTAAGA,2,1,unique_exact
1454,ATTCAGCTAAGGGC,1,1,unique_exact
1455,ATTCTGACAGCACT,1,1,unique_exact
1456,ATTCTGACCATGGT,1,1,unique_exact
1457,ATTGCTACGGGTGA,1,1,unique_exact
1458,ATTGTAGAATCACG,1,1,unique_exact
1459,ATTGTAGACTGAAC,1,1,unique_exact
1460,ATTTCCGATTATCC,1,1,unique_exact
1461,CAAAGCACCGTTGA,1,1,unique_exact
1462,CAAAGCACTCCGAA,1,1,unique_exact
1463,CAACGAACGTCTTT,1,1,unique_exact
1464,CAACGTGATTCGTT,1,1,unique_exact
1465,CAAGACTGCATGGT,1,1,unique_exact
1466,CAAGCATGACCAAC,1,1,unique_exact
1467,CAAGGACTACCATG,1,1,unique_exact
1468,CAAGTCGATACGCA,1,1,unique_exact
1469,CAAGTCGATCTTCA,1,1,unique_exact
1470,CAAGTTCTTCCAGA,1,1,unique_exact
1471,CAATAATGTATGCG,1,1,unique_exact
1472,CACAATCTGACGGA,1,1,unique_exact
1473,CACAGCCTACTGTG,1,1,unique_exact
1474,CACAGTGAACCTAG,1,1,unique_exact
1475,CACATGGAACGCAT,1,1,unique_exact
1476,CACCGGGAGAGACG,1,1,unique_exact
1477,CACCGTTGACGACT,1,1,unique_exact
1478,CACGACCTGGCATT,1,1,unique_exact
1479,CACGATGACTGAGT,1,1,unique_exact
1480,CACGCTACGTGCTA,2,1,unique_exact
1481,CACGGGTGTGCTCC,1,1,unique_exact
1482,CACTCTCTCTGTCC,1,1,unique_exact
1483,CACTTATGACGGAG,1,1,unique_exact
1484,CAGACCCTTGCCCT,1,1,unique_exact
1485,CAGCGTCTCTTCCG,1,1,unique_exact
1486,CAGCGTCTGGATCT,2,1,unique_exact
1487,CAGCTCTGCTGACA,1,1,unique_exact
1488,CAGTTGGACGAACT,1,1,unique_exact
1489,CAGTTTACTGCTTT,1,1,unique_exact
1490,CATAAATGACACCA,1,1,unique_exact
1491,CATAACCTAGAGTA,1,1,unique_exact
1492,CATGAGACCACTCC,1,1,unique_exact
1493,CATGAGACCTACGA,1,1,unique_exact
1494,CATGAGACGTTAGC,1,1,unique_exact
1495,CATGTTTGTCTAGG,1,1,unique_exact
1496,CATTACACGCTGAT,1,1,unique_exact
1497,CATTAGCTAAACGA,1,1,unique_exact
1498,CATTAGCTCTGCAA,1,1,unique_exact
1499,CATTGTACCCGTTC,1,1,unique_exact
1500,CATTGTACTGTGCA,1,1,unique_exact
1501,CATTTGACCTTGTT,1,1,unique_exact
1502,CCAAGATGTCTATC,2,1,unique_exact
1503,CCAATGGAACGTGT,1,1,unique_exact
1504,CCAATGGACCAACA,1,1,unique_exact
1505,CCACCATGTACTCT,1,1,unique_exact
1506,CCAGAAACGAACCT,1,1,unique_exact
1507,CCAGATGAGTTAGC,1,1,unique_exact
1508,CCAGCGGAACTCAG,3,1,unique_exact
1509,CCAGGTCTCAAAGA,1,1,unique_exact
1510,CCATGCTGACTCAG,1,1,unique_exact
1511,CCATGCTGCTTATC,1,1,unique_exact
1512,CCATTAACTAGCCA,1,1,unique_exact
1513,CCCAACACTTCTGT,1,1,unique_exact
1514,CCCAACTGCCATGA,2,1,unique_exact
1515,CCCAGACTGGGAGT,1,1,unique_exact
1516,CCCAGTTGTCACCC,2,1,unique_exact
1517,CCCATCGAGTACGT,1,1,unique_exact
1518,CCCGAACTCAAGCT,1,1,unique_exact
1519,CCCGATTGATCTCT,1,1,unique_exact
1520,CCCTGATGTTACTC,1,1,unique_exact
1521,CCGACTACGCAGTT,1,1,unique_exact
1522,CCTAAACTAGCGGA,1,1,unique_exact
1523,CCTAAGGAACGGTT,1,1,unique_exact
1524,CCTAAGGATGCCTC,1,1,unique_exact
1525,CCTATAACTTCGTT,1,1,unique_exact
1526,CCTCATCTACTGGT,1,1,unique_exact
1527,CGAAGTACCTATGG,1,1,unique_exact
1528,CGACCGGAGCGTAT,1,1,unique_exact
1529,CGACTCTGTCAGTG,1,1,unique_exact
1530,CGAGCCGAGGTGGA,1,1,unique_exact
1531,CGAGGAGAGTTTCT,1,1,unique_exact
1532,CGAGGCTGCATCAG,1,1,unique_exact
1533,CGATCAGACTGCAA,1,1,unique_exact
1534,CGCAACCTGTCGTA,1,1,unique_exact
1535,CGCACGGATCCGAA,1,1,unique_exact
1536,CGCACTTGCGTAAC,1,1,unique_exact
1537,CGCATAGATTGTGG,2,1,unique_exact
1538,CGCTACACGCCAAT,1,1,unique_exact
1539,CGCTACTGCTGGTA,1,1,unique_exact
1540,CGGAGGCTTCAGAC,1,1,unique_exact
1541,CGGCACGACCGTTC,1,1,unique_exact
1542,CGGCACGAGGTAAA,1,1,unique_exact
1543,CGGCATCTGGTAAA,1,1,unique_exact
1544,CGGCGAACACGGGA,1,1,unique_exact
1545,CGGTACCTTCGTGA,1,1,unique_exact
1546,CGTACAGATTCACT,1,1,unique_exact
1547,CGTACCACGAGACG,1,1,unique_exact
1548,CGTCAAGAGTCTTT,1,1,unique_exact
1549,CGTCCAACCCACCT,1,1,unique_exact
1550,CGTGAAACGATACC,1,1,unique_exact
1551,CGTGAATGGGTAAA,1,1,unique_exact
1552,CGTGATGACTCGAA,1,1,unique_exact
1553,CGTTAGGACGCATA,1,1,unique_exact
1554,CGTTATACTTTGGG,1,1,unique_exact
1555,CGTTTAACATCGAC,1,1,unique_exact
1556,CGTTTAACGAAACA,3,1,unique_exact
1557,CTAACGGAAGAGGC,1,1,unique_exact
1558,CTAATAGATGGTGT,1,1,unique_exact
1559,CTACCTCTGAGAGC,2,1,unique_exact
1560,CTACGCACACGGAG,1,1,unique_exact
1561,CTACGCACCTCCAC,1,1,unique_exact
1562,CTAGGATGCCTGTC,1,1,unique_exact
1563,CTATCAACAGGTCT,1,1,unique_exact
1564,CTATCAACTCGCCT,1,1,unique_exact
1565,CTATCCCTAACGTC,1,1,unique_exact
1566,CTATGTTGCCAACA,1,1,unique_exact
1567,CTATGTTGTCTTAC,1,1,unique_exact
1568,CTCAGAGACTGCTC,1,1,unique_exact
1569,CTCAGCACAGAGTA,1,1,unique_exact
1570,CTCAGGCTCTAGAC,1,1,unique_exact
1571,CTCCACGACGGTAT,1,1,unique_exact
1572,CTCGACTGGACAAA,1,1,unique_exact
1573,CTCGAGCTCTGTAG,1,1,unique_exact
1574,CTCTAAACCCGCTT,1,1,unique_exact
1575,CTGAATCTTGGTCA,2,1,unique_exact
1576,CTGACCACCCTTGC,1,1,unique_exact
1577,CTGATACTTTGCAG,2,1,unique_exact
1578,CTGGCACTTATCGG,1,1,unique_exact
1579,CTTACAACGACGGA,1,1,unique_exact
1580,CTTACATGTGCTTT,1,1,unique_exact
1581,CTTAGACTGCTAAC,1,1,unique_exact
1582,CTTAGGGAGGTGAG,1,1,unique_exact
1583,CTTGAGGAATCGAC,1,1,unique_exact
1584,CTTTAGTGGTTCTT,1,1,unique_exact
1585,GAAAGATGAAGAAC,1,1,unique_exact
1586,GAACAGCTGGGACA,2,1,unique_exact
1587,GAACAGCTTCTCGC,1,1,unique_exact
1588,GAACGTTGGTGTAC,1,1,unique_exact
1589,GAATGCTGGCTGAT,1,1,unique_exact
1590,GAATTAACTGCCCT,1,1,unique_exact
1591,GACATTCTGGAACG,1,1,unique_exact
1592,GACGATTGCTAAGC,1,1,unique_exact
1593,GACGCTCTTTGCAG,1,1,unique_exact
1594,GACGTAACGGATCT,2,1,unique_exact
1595,GACGTATGCCCACT,1,1,unique_exact
1596,GACTACGAAATCGC,1,1,unique_exact
1597,GACTGTGAGCAGTT,1,1,unique_exact
1598,GACTTTACGGCAAG,1,1,unique_exact
1599,GAGATGCTATACCG,1,1,unique_exact
1600,GAGCGAGAACCTTT,2,1,unique_exact
1601,GAGCGCTGTCTACT,1,1,unique_exact
1602,GAGCGGCTCTGACA,1,1,unique_exact
1603,GAGGGAACCCTTCG,1,1,unique_exact
1604,GAGGGCCTTGCCAA,1,1,unique_exact
1605,GAGTAAGACTGAGT,2,1,unique_exact
1606,GAGTAAGACTGCTC,1,1,unique_exact
1607,GAGTCAACGAGGGT,1,1,unique_exact
1608,GAGTCTGATGAGGG,1,1,unique_exact
1609,GAGTGACTGTCTGA,1,1,unique_exact
1610,GAGTGGGACGACAT,1,1,unique_exact
1611,GAGTGGGAGGACTT,1,1,unique_exact
1612,GATAAGGAACGTGT,1,1,unique_exact
1613,GATAATACGACGAG,1,1,unique_exact
1614,GATCCCTGCCGATA,1,1,unique_exact
1615,GATCCCTGGAGGGT,1,1,unique_exact
1616,GATCGTGAGGGAGT,1,1,unique_exact
1617,GATCTACTTAACGC,1,1,unique_exact
1618,GATGCCCTGCCCTT,2,1,unique_exact
1619,GATTCTTGGATAGA,1,1,unique_exact
1620,GATTTAGATCTCAT,2,1,unique_exact
1621,GCAATTCTCACACA,1,1,unique_exact
1622,GCACGGACCTCATT,1,1,unique_exact
1623,GCACGGACGCGTAT,1,1,unique_exact
1624,GCACGTCTCCCTTG,1,1,unique_exact
1625,GCAGCTCTAGCGGA,1,1,unique_exact
1626,GCAGGCACCTACTT,1,1,unique_exact
1627,GCAGGGCTATCTCT,1,1,unique_exact
1628,GCATTGGAAGAGGC,1,1,unique_exact
1629,GCCAACCTGCTGAT,1,1,unique_exact
1630,GCCATCACAGCACT,1,1,unique_exact
1631,GCCATCACTCCCAC,1,1,unique_exact
1632,GCCCAACTGCGTTA,1,1,unique_exact
1633,GCCGGAACATCACG,1,1,unique_exact
1634,GCCGGAACTTTGTC,1,1,unique_exact
1635,GCCTACACGCTGAT,1,1,unique_exact
1636,GCCTAGCTTAACGC,1,1,unique_exact
1637,GCCTCAACAAAGTG,1,1,unique_exact
1638,GCCTCATGGTGCAT,1,1,unique_exact
1639,GCCTGACTCACTAG,1,1,unique_exact
1640,GCGAGAGACCTCAC,1,1,unique_exact
1641,GCGATATGCAAGCT,1,1,unique_exact
1642,GCGCGAACTTCGGA,2,1,unique_exact
1643,GCGGCAACGGTGTT,1,1,unique_exact
1644,GCGGGACTTAAGGA,2,1,unique_exact
1645,GCGGGACTTGGAAA,2,1,unique_exact
1646,GCGGGACTTTACTC,1,1,unique_exact
1647,GCGTAATGGGGACA,1,1,unique_exact
1648,GCGTAATGGTAGCT,1,1,unique_exact
1649,GCTACCTGTGCCCT,1,1,unique_exact
1650,GCTACGCTGGGTGA,2,1,unique_exact
1651,GCTCACTGCGCATA,1,1,unique_exact
1652,GCTCGACTACTTTC,1,1,unique_exact
1653,GGAAGGACGGTACT,1,1,unique_exact
1654,GGACCGTGGAAAGT,1,1,unique_exact
1655,GGACCGTGTGAAGA,2,1,unique_exact
1656,GGACGCACCAGATC,1,1,unique_exact
1657,GGAGACGAGCTAAC,1,1,unique_exact
1658,GGAGACGATTGCAG,1,1,unique_exact
1659,GGATACTGTGATGC,1,1,unique_exact
1660,GGATTGTGGCGAAG,1,1,unique_exact
1661,GGATTGTGTCTTCA,1,1,unique_exact
1662,GGATTTCTGCGAGA,1,1,unique_exact
1663,GGCATATGTCCCGT,1,1,unique_exact
1664,GGCCAGACGCCTTC,1,1,unique_exact
1665,GGCCCAGAGGTACT,1,1,unique_exact
1666,GGCTACCTATGGTC,1,1,unique_exact
1667,GGGAAGTGGCCCTT,1,1,unique_exact
1668,GGGATTACAGTAGA,1,1,unique_exact
1669,GGGCCATGTGGTGT,1,1,unique_exact
1670,GGTAAAGACATGGT,1,1,unique_exact
1671,GGTAAAGAGCTAAC,1,1,unique_exact
1672,GGTACATGCTACCC,1,1,unique_exact
1673,GGTACATGTCCCAC,1,1,unique_exact
1674,GGTATGACAGTCGT,1,1,unique_exact
1675,GGTTGAACACGCTA,1,1,unique_exact
1676,GGTTGAACCTCAAG,1,1,unique_exact
1677,GGTTTACTAGAAGT,1,1,unique_exact
1678,GGTTTACTAGCAAA,1,1,unique_exact
1679,GGTTTACTATCGTG,2,1,unique_exact
1680,GTAAGCTGATCGGT,1,1,unique_exact
1681,GTAATAACAGATCC,1,1,unique_exact
1682,GTAATAACCCTCAC,1,1,unique_exact
1683,GTACAGTGGCAGTT,1,1,unique_exact
1684,GTACTTTGTGCTTT,1,1,unique_exact
1685,GTAGCATGCTAAGC,2,1,unique_exact
1686,GTAGCCCTATTCGG,1,1,unique_exact
1687,GTAGCCCTTAACGC,1,1,unique_exact
1688,GTAGCTGAGAACTC,1,1,unique_exact
1689,GTAGTCGATCGTTT,1,1,unique_exact
1690,GTAGTGTGGTATGC,1,1,unique_exact
1691,GTATGGTGAGTCGT,1,1,unique_exact
1692,GTATTAGATTCTCA,1,1,unique_exact
1693,GTCAATCTTCACCC,1,1,unique_exact
1694,GTCACCTGGTTGCA,1,1,unique_exact
1695,GTCACCTGTGTTTC,1,1,unique_exact
1696,GTCCCATGCCCTAC,1,1,unique_exact
1697,GTCGAATGAGGTTC,1,1,unique_exact
1698,GTCTGAGATCGCCT,1,1,unique_exact
1699,GTGAACACGACGAG,1,1,unique_exact
1700,GTGAACACTGCCCT,1,1,unique_exact
1701,GTGACAACGAGATA,1,1,unique_exact
1702,GTGACCCTGTCTGA,1,1,unique_exact
1703,GTGAGGGAGCTGTA,1,1,unique_exact
1704,GTGATCGACCCTTG,1,1,unique_exact
1705,GTGATCGATAACCG,1,1,unique_exact
1706,GTGCAAACACGTTG,1,1,unique_exact
1707,GTGCCACTCTCCCA,1,1,unique_exact
1708,GTGGATTGGCGGAA,1,1,unique_exact
1709,GTGTACGAGGACTT,2,1,unique_exact
1710,GTGTCAGAAAGCCT,1,1,unique_exact
1711,GTGTCAGAGTTGCA,1,1,unique_exact
1712,GTGTCAGATTACTC,1,1,unique_exact
1713,TAAATCGACCTATT,1,1,unique_exact
1714,TAACGTCTATGGTC,1,1,unique_exact
1715,TAACTCACCATTGG,1,1,unique_exact
1716,TAACTCACGGGAGT,1,1,unique_exact
1717,TAACTCACGTGAGG,1,1,unique_exact
1718,TAAGCGTGATCGAC,2,1,unique_exact
1719,TAAGGGCTACCAGT,1,1,unique_exact
1720,TAATCGCTCTCATT,1,1,unique_exact
1721,TAATGAACGCTGTA,1,1,unique_exact
1722,TAATGTGATGCACA,1,1,unique_exact
1723,TACACACTACTACG,1,1,unique_exact
1724,TACATCACCTGTCC,2,1,unique_exact
1725,TACATCACTGTGGT,1,1,unique_exact
1726,TACCGCTGTCCGAA,2,1,unique_exact
1727,TACGATCTAGCACT,1,1,unique_exact
1728,TACGCCACTAGAGA,1,1,unique_exact
1729,TACTACTGGCCTTC,1,1,unique_exact
1730,TACTTGACAGCGTT,1,1,unique_exact
1731,TAGAATTGCCAGTA,1,1,unique_exact
1732,TAGAGCACAAGCAA,1,1,unique_exact
1733,TAGCATCTACCTTT,1,1,unique_exact
1734,TAGCCCACCTCGAA,1,1,unique_exact
1735,TAGCCCTGACACCA,1,1,unique_exact
1736,TAGGAGCTGCGTAT,1,1,unique_exact
1737,TAGGCTGACTACTT,1,1,unique_exact
1738,TAGGCTGACTATGG,1,1,unique_exact
1739,TAGGTCGAATGACC,1,1,unique_exact
1740,TAGGTCGACGTAAC,1,1,unique_exact
1741,TAGGTCGAGATAAG,1,1,unique_exact
1742,TAGTATGACCTACC,1,1,unique_exact
1743,TAGTATGAGTCCTC,1,1,unique_exact
1744,TAGTTCACTTTGTC,1,1,unique_exact
1745,TATAAGTGCACTTT,1,1,unique_exact
1746,TATCAGCTTGCTCC,1,1,unique_exact
1747,TATCCTGACGAGAG,1,1,unique_exact
1748,TATCCTGACTACTT,2,1,unique_exact
1749,TATGGGTGTGACCA,1,1,unique_exact
1750,TATGGTCTACTACG,1,1,unique_exact
1751,TATGTCTGTCGCCT,2,1,unique_exact
1752,TCAAGGTGCTCAGA,1,1,unique_exact
1753,TCAATCACCTGTGA,1,1,unique_exact
1754,TCACCCGACGATAC,1,1,unique_exact
1755,TCACTATGGTTCGA,1,1,unique_exact
1756,TCAGTGGACTGCAA,1,1,unique_exact
1757,TCAGTGGAGAGCAG,1,1,unique_exact
1758,TCATCATGTTCGTT,1,1,unique_exact
1759,TCATTCGATCTAGG,1,1,unique_exact
1760,TCCAGAGACCCACT,1,1,unique_exact
1761,TCCATCCTATTGGC,2,1,unique_exact
1762,TCCCACGAGCAGTT,1,1,unique_exact
1763,TCCCGATGTAAGGA,1,1,unique_exact
1764,TCCTAAACCTTGGA,1,1,unique_exact
1765,TCCTATGATCCCGT,1,1,unique_exact
1766,TCGAGAACGGACGA,1,1,unique_exact
1767,TCGAGCCTACTACG,1,1,unique_exact
1768,TCGCACTGTCTCGC,1,1,unique_exact
1769,TCTGATACCTGAAC,1,1,unique_exact
1770,TCTTGATGGTCTTT,1,1,unique_exact
1771,TGAAATTGTGTCCC,1,1,unique_exact
1772,TGAAGCTGGTAAAG,1,1,unique_exact
1773,TGAATAACCTGGTA,1,1,unique_exact
1774,TGAATAACCTTATC,1,1,unique_exact
1775,TGACCGCTTAAAGG,1,1,unique_exact
1776,TGACTTACGTATGC,1,1,unique_exact
1777,TGAGACACTTCTCA,2,1,unique_exact
1778,TGATCGGAACCATG,1,1,unique_exact
1779,TGATTAGAAACGTC,1,1,unique_exact
1780,TGATTAGAGAAACA,2,1,unique_exact
1781,TGATTCTGGCTCCT,1,1,unique_exact
1782,TGCACAGATTGAGC,1,1,unique_exact
1783,TGCCCAACCTAGAC,1,1,unique_exact
1784,TGCGAAACAGACTC,1,1,unique_exact
1785,TGCGTAGAAACAGA,1,1,unique_exact
1786,TGGAGGGAAGTCAC,2,1,unique_exact
1787,TGGTACGACAGGAG,2,1,unique_exact
1788,TGGTTACTTCCTTA,1,1,unique_exact
1789,TGTAACCTCTGGTA,1,1,unique_exact
1790,TGTAATGATGAGCT,1,1,unique_exact
1791,TGTAGGTGATACCG,1,1,unique_exact
1792,TGTATGCTAGTGTC,1,1,unique_exact
1793,TGTGAGTGAGGTTC,1,1,unique_exact
1794,TTAACCACTTAGGC,1,1,unique_exact
1795,TTACTCGAAGGAGC,1,1,unique_exact
1796,TTAGGGACGTCTAG,1,1,unique_exact
1797,TTATTCCTTCCTCG,1,1,unique_exact
1798,TTCAAAGACTCGAA,1,1,unique_exact
1799,TTCATGTGCTAAGC,2,1,unique_exact
1800,TTCATGTGCTACTT,1,1,unique_exact
1801,TTCATGTGGCGTAT,1,1,unique_exact
1802,TTCCTAGATACGAC,1,1,unique_exact
1803,TTCGAGGATCTGGA,1,1,unique_exact
1804,TTCGATTGCCGTTC,1,1,unique_exact
1805,TTCTAGTGAGATGA,1,1,unique_exact
1806,TTCTTACTCCAGTA,1,1,unique_exact
1807,TTGCTAACCACTGA,1,1,unique_exact
1808,TTGCTATGTACTGG,2,1,unique_exact
1809,TTGGAGACGTGCTA,1,1,unique_exact
1810,TTGGGAACCTTACT,1,1,unique_exact
1811,TTGTACACGTGAGG,1,1,unique_exact
1812,TTGTCATGAGTAGA,1,1,unique_exact
1813,TTGTCATGGGTTAC,2,1,unique_exact
1814,TTTAGCTGGGTTAC,1,1,unique_exact
1815,TTTCAGTGACTCAG,1,1,unique_exact
1816,TTTCTACTGACGGA,1,1,unique_exact
1817,TTTGCATGTCCAGA,1,1,unique_exact
1818,ACACAGACCGCAAT,1,1,unique_exact
1819,ACCTGGCTTATTCC,2,1,unique_exact
1820,ACTGCCTGGCATAC,1,1,unique_exact
1821,AGTCCAGACTGACA,2,1,unique_exact
1822,ATGGGTACAGCGTT,1,1,unique_exact
1823,ATTACCTGCCTACC,1,1,unique_exact
1824,CACTAACTTCTTCA,1,1,unique_exact
1825,CCAGACCTCACACA,1,1,unique_exact
1826,CCGACTACCAGAGG,1,1,unique_exact
1827,GCAACTGATGCTGA,1,1,unique_exact
1828,GTATGGTGCGAGAG,1,1,unique_exact
1829,GTCAACGAGCCATA,2,1,unique_exact
1830,TAGTCTTGCGGGAA,1,1,unique_exact
1831,TCGAATCTCTCGCT,1,1,unique_exact
1832,TTGATCTGGGGTGA,1,1,unique_exact
1833,TTGCTAACAACCAC,1,1,unique_exact
1834,AACCCAGAACAGTC,1,1,unique_exact
1835,AATAAGCTCCCAAA,2,1,unique_exact
1836,ACACGATGTGACCA,1,1,unique_exact
1837,ACCACAGACATTCT,2,1,unique_exact
1838,AGAGTCTGGGTGGA,1,1,unique_exact
1839,AGGGACGAGAGAGC,1,1,unique_exact
1840,ATATGAACCTTACT,1,1,unique_exact
1841,ATTTCCGAGTCTAG,1,1,unique_exact
1842,CAGCCTACCCAGTA,1,1,unique_exact
1843,CCAAAGTGTACTCT,1,1,unique_exact
1844,CTAGAGACACCCTC,1,1,unique_exact
1845,CTGGCACTTCAGGT,1,1,unique_exact
1846,GAGGTGGAAGCATC,1,1,unique_exact
1847,GATCCGCTTGAGAA,1,1,unique_exact
1848,GCACAATGCTGGTA,1,1,unique_exact
1849,GCCCATACCGTCTC,1,1,unique_exact
1850,GGAGTTTGCCACCT,1,1,unique_exact
1851,GGAGTTTGGCATCA,1,1,unique_exact
1852,GGGCAAGAGGGATG,1,1,unique_exact
1853,GTCGAATGCAGAGG,1,1,unique_exact
1854,GTTGACGAGGGATG,1,1,unique_exact
1855,GTTGATCTCGTAAC,2,1,unique_exact
1856,TAGATCCTGTCATG,1,1,unique_exact
1857,TCCTATGATAAGGA,2,1,unique_exact
1858,TCTAGACTCGTTAG,1,1,unique_exact
1859,TTCGTATGATGTGC,1,1,unique_exact
1860,AAACATTGTGCTCC,1,1,unique_exact
1861,AAACCGTGGGTAGG,1,1,unique_exact
1862,AAAGACGAGCATCA,1,1,unique_exact
1863,AAAGAGACAACCAC,1,1,unique_exact
1864,AAAGAGACCAGCTA,1,1,unique_exact
1865,AAAGCAGATTGGTG,1,1,unique_exact
1866,AAAGTTTGCCTTAT,1,1,unique_exact
1867,AAATACTGTCCAGA,1,1,unique_exact
1868,AAATACTGTGAGCT,1,1,unique_exact
1869,AACAAACTCTTTAC,2,1,unique_exact
1870,AACACGTGCCTTTA,1,1,unique_exact
1871,AACACGTGTCCGTC,1,1,unique_exact
1872,AACCAGTGGCGAAG,1,1,unique_exact
1873,AACCAGTGTGGTAC,1,1,unique_exact
1874,AACCAGTGTTGCAG,1,1,unique_exact
1875,AACCCAGAGAGGGT,1,1,unique_exact
1876,AACCGATGTAGCGT,1,1,unique_exact
1877,AACCGCCTTAGAGA,1,1,unique_exact
1878,AACCGCCTTGTTTC,1,1,unique_exact
1879,AACGCAACTTTGGG,1,1,unique_exact
1880,AACGCATGGAGATA,1,1,unique_exact
1881,AACGCATGGGCAAG,1,1,unique_exact
1882,AACGCATGTAACCG,1,1,unique_exact
1883,AACGCCCTACACCA,1,1,unique_exact
1884,AACGTTCTCTAGAC,1,1,unique_exact
1885,AACGTTCTTCTCCG,1,1,unique_exact
1886,AACTACCTTTTCTG,1,1,unique_exact
1887,AACTCACTGAGAGC,1,1,unique_exact
1888,AACTCTTGGGAAGC,1,1,unique_exact
1889,AACTTGCTGCTGAT,1,1,unique_exact
1890,AAGAACGAACCTGA,1,1,unique_exact
1891,AAGAAGACCGTAGT,1,1,unique_exact
1892,AAGAAGACCTGGTA,2,1,unique_exact
1893,AAGACAGACCCGTT,1,1,unique_exact
1894,AAGAGATGAAGGTA,1,1,unique_exact
1895,AAGAGATGGAGGCA,1,1,unique_exact
1896,AAGCCAACAAACGA,2,1,unique_exact
1897,AAGCCATGGTAAAG,1,1,unique_exact
1898,AAGCCTGATGCTAG,1,1,unique_exact
1899,AAGCGACTACCACA,1,1,unique_exact
1900,AAGCGACTGAGGTG,1,1,unique_exact
1901,AAGCGTACAGTGCT,1,1,unique_exact
1902,AAGGCTACCTCGAA,1,1,unique_exact
1903,AAGGTGCTACTTTC,1,1,unique_exact
1904,AAGGTGCTAGTAGA,1,1,unique_exact
1905,AAGGTGCTATGACC,1,1,unique_exact
1906,AAGGTGCTCGCCTT,1,1,unique_exact
1907,AAGTAACTGCTCCT,1,1,unique_exact
1908,AAGTAGGAAAGTGA,1,1,unique_exact
1909,AAGTAGGAACCTCC,1,1,unique_exact
1910,AAGTAGGATCCGAA,1,1,unique_exact
1911,AAGTATACACCCAA,1,1,unique_exact
1912,AAGTGCACAGGCGA,1,1,unique_exact
1913,AAGTGCACCTGCTC,1,1,unique_exact
1914,AAGTGCACTGGTAC,1,1,unique_exact
1915,AAGTGGCTTAAAGG,1,1,unique_exact
1916,AAGTTCCTACGGAG,1,1,unique_exact
1917,AATAACACAACCTG,1,1,unique_exact
1918,AATAAGCTGCTGAT,2,1,unique_exact
1919,AATAAGCTTCCGTC,1,1,unique_exact
1920,AATACCCTCTAAGC,1,1,unique_exact
1921,AATACCCTTTTACC,1,1,unique_exact
1922,AATACTGAGAATCC,1,1,unique_exact
1923,AATAGGGAACCAGT,1,1,unique_exact
1924,AATAGGGAGGCGAA,1,1,unique_exact
1925,AATATCGATAGCCA,1,1,unique_exact
1926,AATATCGATTCGGA,1,1,unique_exact
1927,AATCAAACCGGAGA,1,1,unique_exact
1928,AATCAAACTTCCAT,1,1,unique_exact
1929,AATCTAGATAGAAG,1,1,unique_exact
1930,AATCTCACGTTGTG,1,1,unique_exact
1931,AATCTCTGCGGGAA,1,1,unique_exact
1932,AATCTCTGTCTATC,1,1,unique_exact
1933,AATGAGGACCCGTT,1,1,unique_exact
1934,AATGAGGAGCGTAT,1,1,unique_exact
1935,AATGATACCCCTTG,2,1,unique_exact
1936,AATGATACGGTGTT,1,1,unique_exact
1937,AATGGAGAACGTAC,1,1,unique_exact
1938,AATGGCTGGTTTCT,1,1,unique_exact
1939,AATGTAACTAGTCG,1,1,unique_exact
1940,AATTACGAGAAAGT,1,1,unique_exact
1941,AATTGATGCAACTG,1,1,unique_exact
1942,ACAAGCACCGCCTT,1,1,unique_exact
1943,ACAAGCACTATGCG,2,1,unique_exact
1944,ACAATCCTGGTCAT,1,1,unique_exact
1945,ACAATTGACTTCTA,1,1,unique_exact
1946,ACACAGACGCCTTC,1,1,unique_exact
1947,ACACATCTAACCTG,2,1,unique_exact
1948,ACACCAGATGACCA,1,1,unique_exact
1949,ACACCCTGGGTCAT,1,1,unique_exact
1950,ACACGTGAAAGGTA,1,1,unique_exact
1951,ACAGACACCAGTCA,2,1,unique_exact
1952,ACAGACACCTCGCT,2,1,unique_exact
1953,ACAGACACGGGAGT,1,1,unique_exact
1954,ACAGCAACAAAAGC,1,1,unique_exact
1955,ACAGTCGAACAGTC,1,1,unique_exact
1956,ACAGTCGAATTTCC,1,1,unique_exact
1957,ACAGTCGACGAGTT,1,1,unique_exact
1958,ACAGTCGATAGAAG,1,1,unique_exact
1959,ACAGTCGATCACCC,1,1,unique_exact
1960,ACAGTCGATTTGGG,2,1,unique_exact
1961,ACATACCTTGATGC,2,1,unique_exact
1962,ACATCACTGGCGAA,2,1,unique_exact
1963,ACATTCTGGGCATT,1,1,unique_exact
1964,ACCAACGAAGTGTC,1,1,unique_exact
1965,ACCACCTGGAACCT,1,1,unique_exact
1966,ACCAGCCTAGAGGC,2,1,unique_exact
1967,ACCAGCCTCTTGTT,1,1,unique_exact
1968,ACCATTACGGACAG,1,1,unique_exact
1969,ACCATTTGAGCTCA,1,1,unique_exact
1970,ACCATTTGGGCATT,1,1,unique_exact
1971,ACCATTTGGTACAC,1,1,unique_exact
1972,ACCCAAGAAGATGA,1,1,unique_exact
1973,ACCCACTGCCAACA,1,1,unique_exact
1974,ACCCACTGGACAAA,1,1,unique_exact
1975,ACCCAGCTGTACGT,1,1,unique_exact
1976,ACCCGTACCTCTTA,1,1,unique_exact
1977,ACCCGTACGTCTTT,1,1,unique_exact
1978,ACCCGTACGTTGTG,2,1,unique_exact
1979,ACCCGTTGTATTCC,1,1,unique_exact
1980,ACCGTGCTTCCAGA,1,1,unique_exact
1981,ACCTATTGGCATCA,1,1,unique_exact
1982,ACCTCCGACGTAGT,1,1,unique_exact
1983,ACCTCCGATCAGAC,1,1,unique_exact
1984,ACCTGGCTGAATAG,1,1,unique_exact
1985,ACGAACACTTCAGG,1,1,unique_exact
1986,ACGAAGCTTCCTGC,1,1,unique_exact
1987,ACGACCCTAAGCCT,1,1,unique_exact
1988,ACGACCCTAGCGTT,1,1,unique_exact
1989,ACGAGTACTACTCT,1,1,unique_exact
1990,ACGATCGAAACCAC,2,1,unique_exact
1991,ACGATCGAATGTGC,1,1,unique_exact
1992,ACGATCGACCTAAG,1,1,unique_exact
1993,ACGATGACTCCTCG,1,1,unique_exact
1994,ACGATTCTTGTAGC,1,1,unique_exact
1995,ACGCAATGGTTTCT,1,1,unique_exact
1996,ACGCCTTGTCGTAG,1,1,unique_exact
1997,ACGCTGCTAACAGA,1,1,unique_exact
1998,ACGGAGGAGGAAGC,1,1,unique_exact
1999,ACGGCTCTGAACCT,1,1,unique_exact
2000,ACGTAGACCGTGTA,1,1,unique_exact
2001,ACGTCCTGCTCTAT,1,1,unique_exact
2002,ACGTTACTGGTAAA,1,1,unique_exact
2003,ACGTTGGAAGAGTA,1,1,unique_exact
2004,ACGTTGGACCACCT,2,1,unique_exact
2005,ACGTTGGAGTGTAC,1,1,unique_exact
2006,ACTACGGATCCTAT,1,1,unique_exact
2007,ACTAGGTGTTGTCT,1,1,unique_exact
2008,ACTATCACCAGATC,1,1,unique_exact
2009,ACTATCACCCTGTC,1,1,unique_exact
2010,ACTATCACCGTAAC,1,1,unique_exact
2011,ACTCAGGATTCGCC,1,1,unique_exact
2012,ACTCCCGACCTACC,1,1,unique_exact
2013,ACTCGAGATCAGAC,2,1,unique_exact
2014,ACTCTCCTCTCCAC,1,1,unique_exact
2015,ACTGTGGAACACGT,1,1,unique_exact
2016,ACTGTTACAGTCGT,1,1,unique_exact
2017,ACTGTTACTGCAAC,1,1,unique_exact
2018,ACTTAGCTGCGAGA,1,1,unique_exact
2019,ACTTCAACACCACA,1,1,unique_exact
2020,ACTTCAACCATGAC,1,1,unique_exact
2021,ACTTGTACACCACA,1,1,unique_exact
2022,ACTTTGTGATTCTC,1,1,unique_exact
2023,ACTTTGTGCATGGT,1,1,unique_exact
2024,ACTTTGTGGAGGTG,1,1,unique_exact
2025,ACTTTGTGGGAACG,1,1,unique_exact
2026,AGAAACGAAAGGTA,1,1,unique_exact
2027,AGAAACGAGCAAGG,1,1,unique_exact
2028,AGAACAGAAGAGGC,1,1,unique_exact
2029,AGAAGATGAAAACG,1,1,unique_exact
2030,AGAAGATGATCGGT,1,1,unique_exact
2031,AGAAGATGTTTCTG,1,1,unique_exact
2032,AGAATGGAGGAAAT,1,1,unique_exact
2033,AGAATTTGCAAAGA,1,1,unique_exact
2034,AGAATTTGCGTAGT,2,1,unique_exact
2035,AGACACTGAACGAA,1,1,unique_exact
2036,AGACCTGATGACCA,1,1,unique_exact
2037,AGACTCGATGCCAA,1,1,unique_exact
2038,AGACTCGATTACTC,1,1,unique_exact
2039,AGAGAAACCAGTCA,1,1,unique_exact
2040,AGAGAATGAGAATG,1,1,unique_exact
2041,AGAGATGAGACGAG,2,1,unique_exact
2042,AGAGTCTGGTCACA,1,1,unique_exact
2043,AGATATACATTCCT,1,1,unique_exact
2044,AGATATACGCTATG,1,1,unique_exact
2045,AGATCGTGATCTTC,1,1,unique_exact
2046,AGATCGTGTGGATC,1,1,unique_exact
2047,AGATTAACAGACTC,1,1,unique_exact
2048,AGCAAAGATACGCA,1,1,unique_exact
2049,AGCAACACGGGATG,1,1,unique_exact
2050,AGCAAGCTTAAGGA,1,1,unique_exact
2051,AGCACTGAGTTCTT,1,1,unique_exact
2052,AGCATCGAAAGCAA,1,1,unique_exact
2053,AGCATCGAACTCTT,1,1,unique_exact
2054,AGCATCGACTGAAC,2,1,unique_exact
2055,AGCATCGAGTCGTA,1,1,unique_exact
2056,AGCATCGAGTTTCT,1,1,unique_exact
2057,AGCATCGATGACAC,1,1,unique_exact
2058,AGCCACCTCACCAA,1,1,unique_exact
2059,AGCCACCTTAGAGA,2,1,unique_exact
2060,AGCCGGTGCGGGAA,1,1,unique_exact
2061,AGCCGGTGGTCACA,1,1,unique_exact
2062,AGCGAACTTTTGGG,1,1,unique_exact
2063,AGCGCCGAAACTGC,2,1,unique_exact
2064,AGCGCTCTGTATCG,1,1,unique_exact
2065,AGCGGCACTCTCTA,1,1,unique_exact
2066,AGCGGCTGAGTCTG,1,1,unique_exact
2067,AGCGGCTGGACTAC,1,1,unique_exact
2068,AGCGGGCTTTGCAG,1,1,unique_exact
2069,AGCTCGCTGAGGCA,1,1,unique_exact
2070,AGCTGAACTGTCTT,1,1,unique_exact
2071,AGCTGCCTACACCA,1,1,unique_exact
2072,AGCTGTGACGCAAT,1,1,unique_exact
2073,AGGAAATGACGGAG,1,1,unique_exact
2074,AGGAAATGGACTAC,1,1,unique_exact
2075,AGGAAATGTGTAGC,1,1,unique_exact
2076,AGGAACCTAATCGC,1,1,unique_exact
2077,AGGACACTCCAATG,1,1,unique_exact
2078,AGGACTTGTAACGC,1,1,unique_exact
2079,AGGCAACTAATCGC,1,1,unique_exact
2080,AGGCAGGACTCAGA,1,1,unique_exact
2081,AGGCAGGATGTTCT,1,1,unique_exact
2082,AGGCCTCTGCTTAG,1,1,unique_exact
2083,AGGGCGCTCCTTAT,1,1,unique_exact
2084,AGGGTGGACACTGA,2,1,unique_exact
2085,AGGGTTTGATACCG,1,1,unique_exact
2086,AGGGTTTGCCCACT,1,1,unique_exact
2087,AGGGTTTGGAGCAG,1,1,unique_exact
2088,AGGGTTTGTGACTG,1,1,unique_exact
2089,AGGTACACGGAGCA,1,1,unique_exact
2090,AGGTACACTGCAGT,1,1,unique_exact
2091,AGGTACACTTTGCT,1,1,unique_exact
2092,AGGTACTGGATAGA,1,1,unique_exact
2093,AGGTCATGCTCTTA,1,1,unique_exact
2094,AGGTCATGGTTGTG,2,1,unique_exact
2095,AGGTTGTGCCGCTT,1,1,unique_exact
2096,AGTAATACGCAGAG,1,1,unique_exact
2097,AGTAATTGCAGTTG,1,1,unique_exact
2098,AGTACGTGCTGGTA,1,1,unique_exact
2099,AGTACGTGGAATAG,1,1,unique_exact
2100,AGTACGTGGTTGTG,1,1,unique_exact
2101,AGTAGAGACTGTGA,1,1,unique_exact
2102,AGTAGGCTATACCG,1,1,unique_exact
2103,AGTCACGAAGTCTG,1,1,unique_exact
2104,AGTCACGAATCTCT,1,1,unique_exact
2105,AGTCAGACCCTCGT,1,1,unique_exact
2106,AGTCAGACGTCATG,2,1,unique_exact
2107,AGTCGAACGTATGC,2,1,unique_exact
2108,AGTCTTACACCCTC,1,1,unique_exact
2109,AGTCTTACGTCGTA,2,1,unique_exact
2110,AGTGAAGACGCTAA,1,1,unique_exact
2111,AGTGACACGGAAAT,1,1,unique_exact
2112,AGTGACTGGGTGTT,1,1,unique_exact
2113,AGTGTTCTACCTCC,1,1,unique_exact
2114,AGTGTTCTGCTATG,1,1,unique_exact
2115,AGTTAAACGCTCCT,1,1,unique_exact
2116,AGTTAAACTAAGCC,1,1,unique_exact
2117,AGTTAAACTTCGCC,1,1,unique_exact
2118,AGTTATGACCAGTA,1,1,unique_exact
2119,AGTTCTACGTCATG,1,1,unique_exact
2120,AGTTCTTGGGTGGA,1,1,unique_exact
2121,AGTTGTCTACCCAA,1,1,unique_exact
2122,AGTTTGCTAGGTTC,1,1,unique_exact
2123,ATAACAACGACGTT,1,1,unique_exact
2124,ATAACAACTCGTTT,1,1,unique_exact
2125,ATAACATGGTAAGA,1,1,unique_exact
2126,ATAAGTTGAAGAGT,1,1,unique_exact
2127,ATAAGTTGCATGAC,1,1,unique_exact
2128,ATAAGTTGGGTTCA,1,1,unique_exact
2129,ATAAGTTGTGAGGG,1,1,unique_exact
2130,ATAAGTTGTTCGCC,1,1,unique_exact
2131,ATAATGACGCATCA,1,1,unique_exact
2132,ATACAATGGTTTGG,1,1,unique_exact
2133,ATACCACTAGCGTT,1,1,unique_exact
2134,ATACGTCTACTGTG,1,1,unique_exact
2135,ATACGTCTTGTTCT,1,1,unique_exact
2136,ATACTCTGATCTCT,1,1,unique_exact
2137,ATAGCCGAATACCG,1,1,unique_exact
2138,ATAGCGTGCCAAGT,1,1,unique_exact
2139,ATAGCGTGCCAGTA,1,1,unique_exact
2140,ATAGCGTGCCCTAC,1,1,unique_exact
2141,ATAGCTCTTCCCGT,1,1,unique_exact
2142,ATAGCTCTTCGACA,1,1,unique_exact
2143,ATATACGATGCACA-1,0,0,no_barcode_candidate
2144,ATATGCCTTTCTAC,1,1,unique_exact
2145,ATCAAATGAGTAGA,1,1,unique_exact
2146,ATCAAATGCATGCA,1,1,unique_exact
2147,ATCAAATGTTCCAT,2,1,unique_exact
2148,ATCAACCTCTAAGC,1,1,unique_exact
2149,ATCAACCTGAGGTG,1,1,unique_exact
2150,ATCACACTTTGGTG,1,1,unique_exact
2151,ATCACTTGGGGCAA,1,1,unique_exact
2152,ATCAGGTGAGTGTC,2,1,unique_exact
2153,ATCAGGTGTTTACC,1,1,unique_exact
2154,ATCATCTGTGCAGT,1,1,unique_exact
2155,ATCATGCTGAAGGC,1,1,unique_exact
2156,ATCCAGGAATCAGC,1,1,unique_exact
2157,ATCCAGGAATTTCC,1,1,unique_exact
2158,ATCCAGGATCTGGA,1,1,unique_exact
2159,ATCCGCACCATGGT,1,1,unique_exact
2160,ATCCTAACCATACG,2,1,unique_exact
2161,ATCCTAACGCTTCC,2,1,unique_exact
2162,ATCCTAACTTCACT,1,1,unique_exact
2163,ATCGACGAGGAGCA,1,1,unique_exact
2164,ATCGAGTGGAGATA,1,1,unique_exact
2165,ATCGAGTGGTCCTC,1,1,unique_exact
2166,ATCGCAGAGCTGAT,1,1,unique_exact
2167,ATCGCCACGCTGTA,1,1,unique_exact
2168,ATCGCCTGACAGTC,1,1,unique_exact
2169,ATCGCCTGCAGCTA,1,1,unique_exact
2170,ATCGCCTGTAACGC,1,1,unique_exact
2171,ATCGCGCTAATGCC,1,1,unique_exact
2172,ATCGGAACAAGAGT,1,1,unique_exact
2173,ATCGGAACCATCAG,1,1,unique_exact
2174,ATCGGTGAGAGCAG,1,1,unique_exact
2175,ATCGGTGAGTTCGA,1,1,unique_exact
2176,ATCTACTGTCTAGG,1,1,unique_exact
2177,ATCTGACTCTTTAC,1,1,unique_exact
2178,ATCTGACTTGAGAA,1,1,unique_exact
2179,ATCTGTTGTTGTGG,1,1,unique_exact
2180,ATCTTGACTACTTC,2,1,unique_exact
2181,ATGAAGGAGTCTAG,2,1,unique_exact
2182,ATGATATGATAAGG,1,1,unique_exact
2183,ATGATATGATTGGC,2,1,unique_exact
2184,ATGATATGCATTCT,1,1,unique_exact
2185,ATGCACGAGGACTT,1,1,unique_exact
2186,ATGCAGACACGGTT,1,1,unique_exact
2187,ATGCCAGAAGCGTT,1,1,unique_exact
2188,ATGCCGCTCTGACA,1,1,unique_exact
2189,ATGCGATGTGTGAC,1,1,unique_exact
2190,ATGCGCCTTGAAGA,1,1,unique_exact
2191,ATGGACACAGGTTC,1,1,unique_exact
2192,ATGGGTACGTCCTC,1,1,unique_exact
2193,ATGGTGACATAAGG,1,1,unique_exact
2194,ATGTCACTTATCTC,2,1,unique_exact
2195,ATGTCGGAACTCAG-1,0,0,no_barcode_candidate
2196,ATGTCGGACGCCTT,1,1,unique_exact
2197,ATGTCGGATCCAGA,1,1,unique_exact
2198,ATGTTAGAGTCGAT,1,1,unique_exact
2199,ATGTTCACCCGAAT,1,1,unique_exact
2200,ATGTTCACTACGCA,1,1,unique_exact
2201,ATGTTGCTCCCGTT,1,1,unique_exact
2202,ATTACCACATACCG,1,1,unique_exact
2203,ATTACCACTCTCGC,2,1,unique_exact
2204,ATTACCACTGTCTT,2,1,unique_exact
2205,ATTAGATGGCTTAG,1,1,unique_exact
2206,ATTAGTGACCTAAG,1,1,unique_exact
2207,ATTATGGACAAGCT,1,1,unique_exact
2208,ATTATGGATCAGAC,1,1,unique_exact
2209,ATTCAAGAGCTTAG,1,1,unique_exact
2210,ATTCAGCTCGCAAT,1,1,unique_exact
2211,ATTCCAACTTGACG,1,1,unique_exact
2212,ATTCCATGTGTCCC,1,1,unique_exact
2213,ATTCTTCTAACAGA,1,1,unique_exact
2214,ATTCTTCTGGCAAG,1,1,unique_exact
2215,ATTGAATGCTCGCT,1,1,unique_exact
2216,ATTGATGATTCAGG,1,1,unique_exact
2217,ATTGCTACTCTCCG,1,1,unique_exact
2218,ATTGGTCTACCTTT,1,1,unique_exact
2219,ATTGGTCTATGTCG,1,1,unique_exact
2220,ATTGGTCTTGGAGG,2,1,unique_exact
2221,ATTGTAGACATTCT,1,1,unique_exact
2222,ATTGTAGACCCTCA,1,1,unique_exact
2223,ATTGTAGAGGAGTG,1,1,unique_exact
2224,ATTGTAGATAGAAG,1,1,unique_exact
2225,ATTGTAGATTCTTG,2,1,unique_exact
2226,ATTGTCTGACAGCT,1,1,unique_exact
2227,ATTGTCTGGAGCAG,2,1,unique_exact
2228,ATTGTCTGTCCTGC,1,1,unique_exact
2229,ATTGTCTGTTTCAC,1,1,unique_exact
2230,ATTTAGGACTCAAG,1,1,unique_exact
2231,ATTTAGGAGTCGAT,1,1,unique_exact
2232,ATTTCCGATTCGGA,1,1,unique_exact
2233,ATTTCGTGACAGTC,1,1,unique_exact
2234,ATTTCGTGGCCAAT,1,1,unique_exact
2235,ATTTCTCTATTCGG,1,1,unique_exact
2236,ATTTGCACAAGATG,1,1,unique_exact
2237,ATTTGCACAGCACT,1,1,unique_exact
2238,ATTTGCACTCGCCT,1,1,unique_exact
2239,ATTTGCACTTTCTG,1,1,unique_exact
2240,CAAAGCACACACTG,1,1,unique_exact
2241,CAAATTGACTAGTG,2,1,unique_exact
2242,CAAATTGACTGCAA,1,1,unique_exact
2243,CAAATTGATGCCTC,1,1,unique_exact
2244,CAACCGCTACGTAC,1,1,unique_exact
2245,CAACCGCTAGCAAA,1,1,unique_exact
2246,CAACGTGACATGCA,1,1,unique_exact
2247,CAAGACACTTCCAT,1,1,unique_exact
2248,CAAGACTGCAGAGG,1,1,unique_exact
2249,CAAGACTGGGGCAA,1,1,unique_exact
2250,CAAGCTGATACTCT,1,1,unique_exact
2251,CAAGGACTCTGAAC,1,1,unique_exact
2252,CAAGGTTGCTGCTC,1,1,unique_exact
2253,CAATAAACACTGTG,1,1,unique_exact
2254,CAATAAACAGCCTA,1,1,unique_exact
2255,CAATATGAGCATCA,1,1,unique_exact
2256,CAATATGATGGAAA,1,1,unique_exact
2257,CAATTCTGGCTAAC,1,1,unique_exact
2258,CACAACGAAACCGT,1,1,unique_exact
2259,CACAACGAGGAGCA,1,1,unique_exact
2260,CACAGATGGAACTC,1,1,unique_exact
2261,CACAGATGGGACAG,2,1,unique_exact
2262,CACATACTAGGCGA,1,1,unique_exact
2263,CACATACTTTGAGC,1,1,unique_exact
2264,CACATGGATCCGAA,1,1,unique_exact
2265,CACCGTACCTTGTT,1,1,unique_exact
2266,CACGAAACACTGGT,1,1,unique_exact
2267,CACGATGAACGGTT,2,1,unique_exact
2268,CACGATGACGTAAC,1,1,unique_exact
2269,CACGCTACAGTCTG,1,1,unique_exact
2270,CACGCTACCTGTCC,1,1,unique_exact
2271,CACGGGACCCCTTG,1,1,unique_exact
2272,CACTCTCTGCTTCC,1,1,unique_exact
2273,CACTGCACATCACG,1,1,unique_exact
2274,CACTTAACTGGTGT,1,1,unique_exact
2275,CACTTATGACGTAC,1,1,unique_exact
2276,CAGAAGCTAACCTG,1,1,unique_exact
2277,CAGAAGCTAGCATC,1,1,unique_exact
2278,CAGAAGCTCACCAA,1,1,unique_exact
2279,CAGACAACCAGGAG,2,1,unique_exact
2280,CAGACATGCAATCG,1,1,unique_exact
2281,CAGACATGTGGTGT,1,1,unique_exact
2282,CAGAGGGATGCTAG,1,1,unique_exact
2283,CAGATCGATGTTCT,1,1,unique_exact
2284,CAGATGACGTCAAC,1,1,unique_exact
2285,CAGCAATGGACGAG,1,1,unique_exact
2286,CAGCAATGGAGACG,2,1,unique_exact
2287,CAGCACCTTGCAAC,1,1,unique_exact
2288,CAGCATGATGTCAG,1,1,unique_exact
2289,CAGCCTACCACTAG,1,1,unique_exact
2290,CAGCCTACCGGGAA,1,1,unique_exact
2291,CAGCCTACTTACCT,1,1,unique_exact
2292,CAGCCTACTTAGGC,1,1,unique_exact
2293,CAGCCTACTTGAGC,1,1,unique_exact
2294,CAGCGGACTGCCAA,1,1,unique_exact
2295,CAGCGTCTAAGATG,1,1,unique_exact
2296,CAGCGTCTTATGCG,1,1,unique_exact
2297,CAGCTCACTAGACC,1,1,unique_exact
2298,CAGGAACTGGAGGT,1,1,unique_exact
2299,CAGGAACTTAAGCC,1,1,unique_exact
2300,CAGGAACTTGGCAT,1,1,unique_exact
2301,CAGGGCACCTCTCG,1,1,unique_exact
2302,CAGTGATGATCGGT,1,1,unique_exact
2303,CAGTGATGTGAGGG,1,1,unique_exact
2304,CAGTGTGATCGTTT,1,1,unique_exact
2305,CATAAATGTATGCG,1,1,unique_exact
2306,CATAACCTTGATGC,1,1,unique_exact
2307,CATACTTGTTGAGC,1,1,unique_exact
2308,CATATAGAGTACAC,1,1,unique_exact
2309,CATCAACTCGTCTC,2,1,unique_exact
2310,CATCAGGAAAACGA,1,1,unique_exact
2311,CATCAGGAACACAC,1,1,unique_exact
2312,CATCAGGATTGAGC,1,1,unique_exact
2313,CATCGCTGAGTGTC,1,1,unique_exact
2314,CATCGCTGTTCCGC,1,1,unique_exact
2315,CATCTCCTAGGTTC,1,1,unique_exact
2316,CATCTTGACATGGT,1,1,unique_exact
2317,CATGCGCTACTGGT,1,1,unique_exact
2318,CATGGCCTTAGCGT,1,1,unique_exact
2319,CATGTTACGGGAGT,1,1,unique_exact
2320,CATTCCCTGTCACA,2,1,unique_exact
2321,CATTGTACAAAGCA,1,1,unique_exact
2322,CATTGTACATTCTC,1,1,unique_exact
2323,CATTTCGAACCACA,1,1,unique_exact
2324,CATTTGTGTAAAGG,1,1,unique_exact
2325,CCAAGTGAGATAGA,1,1,unique_exact
2326,CCAATTTGAAACGA,1,1,unique_exact
2327,CCACCATGGGCAAG,1,1,unique_exact
2328,CCACTGACAAACGA,1,1,unique_exact
2329,CCACTTCTACACCA,1,1,unique_exact
2330,CCACTTCTGTACGT,1,1,unique_exact
2331,CCACTTCTTGTCTT,1,1,unique_exact
2332,CCAGACCTAGAGAT,1,1,unique_exact
2333,CCAGACCTCACCAA,1,1,unique_exact
2334,CCAGATGAGTTTCT,1,1,unique_exact
2335,CCAGATGATGAGCT,1,1,unique_exact
2336,CCAGCGGACATGGT,1,1,unique_exact
2337,CCAGCGGAGGTATC,1,1,unique_exact
2338,CCAGCTACCATTGG,1,1,unique_exact
2339,CCAGCTACGGAAGC,2,1,unique_exact
2340,CCAGGTCTCTATTC,2,1,unique_exact
2341,CCAGTCACATTCTC,1,1,unique_exact
2342,CCAGTCACTGGAAA,1,1,unique_exact
2343,CCATAGGATGGATC,1,1,unique_exact
2344,CCATATACAAGTAG,1,1,unique_exact
2345,CCATATACGCAGTT,1,1,unique_exact
2346,CCATCCGAACGACT,1,1,unique_exact
2347,CCATCCGATCCAAG,1,1,unique_exact
2348,CCATGCTGATCAGC,1,1,unique_exact
2349,CCCAACACACCTAG,1,1,unique_exact
2350,CCCAGACTTATCTC,1,1,unique_exact
2351,CCCATCGAACACAC,1,1,unique_exact
2352,CCCGATTGAACGTC,1,1,unique_exact
2353,CCCGATTGTATCGG,1,1,unique_exact
2354,CCCGATTGTGCGTA,1,1,unique_exact
2355,CCCTACGACTATTC,1,1,unique_exact
2356,CCCTACGATGCTTT,2,1,unique_exact
2357,CCCTCAGAGTGCTA,1,1,unique_exact
2358,CCCTGATGTGTGCA,1,1,unique_exact
2359,CCCTGATGTTTGGG,1,1,unique_exact
2360,CCCTTACTTTCATC,1,1,unique_exact
2361,CCGACTACGGTGAG,1,1,unique_exact
2362,CCGATAGAACGTTG,1,1,unique_exact
2363,CCGCGAGATGCCAA,1,1,unique_exact
2364,CCGCTATGTGACTG,2,1,unique_exact
2365,CCGGAGTGACTTTC,1,1,unique_exact
2366,CCGGTACTCTCATT,1,1,unique_exact
2367,CCGTAAGAATGTGC,1,1,unique_exact
2368,CCTAAACTTGTGCA,1,1,unique_exact
2369,CCTACCGATGCTAG,1,1,unique_exact
2370,CCTAGAGAAGAATG,1,1,unique_exact
2371,CCTAGAGAAGCATC,1,1,unique_exact
2372,CCTAGAGACAGAAA,1,1,unique_exact
2373,CCTAGAGACGAGAG,1,1,unique_exact
2374,CCTCATCTGTTGAC,1,1,unique_exact
2375,CCTCGAACTCTGGA,1,1,unique_exact
2376,CCTCTACTAGTTCG,1,1,unique_exact
2377,CCTCTACTTCCCGT,1,1,unique_exact
2378,CCTGACTGAGCATC,1,1,unique_exact
2379,CCTGACTGGCAGTT,1,1,unique_exact
2380,CCTGACTGTGGAAA,1,1,unique_exact
2381,CCTGAGCTAGCTCA,1,1,unique_exact
2382,CCTGCAACCGATAC,1,1,unique_exact
2383,CCTTAATGTGCACA,1,1,unique_exact
2384,CCTTCACTAGTCGT,1,1,unique_exact
2385,CCTTTAGAATCAGC,1,1,unique_exact
2386,CCTTTAGAGGTATC,1,1,unique_exact
2387,CGAACATGATTCTC,1,1,unique_exact
2388,CGAAGACTCTTCCG,1,1,unique_exact
2389,CGAAGGGAGCTATG,1,1,unique_exact
2390,CGAAGGGAGTCTGA,2,1,unique_exact
2391,CGAAGGGATCGCAA,1,1,unique_exact
2392,CGAAGTACTTTACC,1,1,unique_exact
2393,CGACAAACACTCAG,1,1,unique_exact
2394,CGACAAACTGCGTA,1,1,unique_exact
2395,CGACCACTCCGAAT,1,1,unique_exact
2396,CGACCTTGACTACG,1,1,unique_exact
2397,CGACGTCTATCAGC,1,1,unique_exact
2398,CGACTCTGTGTTCT,1,1,unique_exact
2399,CGACTGCTCGAATC,1,1,unique_exact
2400,CGAGAACTTCCCGT,1,1,unique_exact
2401,CGAGATTGAAGGTA,1,1,unique_exact
2402,CGAGGAGACATACG,1,1,unique_exact
2403,CGAGGCTGCCTTGC,1,1,unique_exact
2404,CGATACGACTCATT,1,1,unique_exact
2405,CGATACGAGCTACA,1,1,unique_exact
2406,CGATACGAGGACGA,1,1,unique_exact
2407,CGATAGACCTACGA,1,1,unique_exact
2408,CGCAAATGCATGGT,1,1,unique_exact
2409,CGCAACCTGGACAG,1,1,unique_exact
2410,CGCACTACGGTAAA,1,1,unique_exact
2411,CGCACTTGCCTTGC,1,1,unique_exact
2412,CGCAGGACGTTACG,1,1,unique_exact
2413,CGCAGGACGTTCTT,1,1,unique_exact
2414,CGCATAGATGCCAA,1,1,unique_exact
2415,CGCCTAACAGTTCG,1,1,unique_exact
2416,CGCGAGACGAATAG,1,1,unique_exact
2417,CGCGGATGCCGAAT,1,1,unique_exact
2418,CGCTACACTTCCCG,1,1,unique_exact
2419,CGCTACTGAGCAAA,1,1,unique_exact
2420,CGCTCATGATCGGT,1,1,unique_exact
2421,CGCTCATGCCTAAG,1,1,unique_exact
2422,CGGAATTGGTATGC,1,1,unique_exact
2423,CGGACCGAAACTGC,1,1,unique_exact
2424,CGGACCGAAAGTGA,1,1,unique_exact
2425,CGGCACGAGCGTTA,1,1,unique_exact
2426,CGGCCAGACCTATT,1,1,unique_exact
2427,CGGGACTGTAAGGA,1,1,unique_exact
2428,CGGGCATGGCGTAT,1,1,unique_exact
2429,CGGGCATGGCTAAC,1,1,unique_exact
2430,CGGGCATGTAGCGT,1,1,unique_exact
2431,CGGTAAACCACTGA,1,1,unique_exact
2432,CGTAACGAACTCTT,1,1,unique_exact
2433,CGTACAGATAGCCA,2,1,unique_exact
2434,CGTACAGATTTCAC,1,1,unique_exact
2435,CGTACCACCCTCGT,1,1,unique_exact
2436,CGTCAAGAACCTTT,1,1,unique_exact
2437,CGTCAAGACTTGTT,1,1,unique_exact
2438,CGTCCAACATCGGT,1,1,unique_exact
2439,CGTCCAACCGTCTC,2,1,unique_exact
2440,CGTCCAACTTTCGT,2,1,unique_exact
2441,CGTCCATGAGCAAA,1,1,unique_exact
2442,CGTCGACTGGATCT,1,1,unique_exact
2443,CGTGAAACCCGTAA,3,1,unique_exact
2444,CGTGAAACCGCATA,1,1,unique_exact
2445,CGTGAAACTGTGGT,2,1,unique_exact
2446,CGTGATGACAGAAA,1,1,unique_exact
2447,CGTGCACTCACTAG,1,1,unique_exact
2448,CGTTAACTGCCAAT,1,1,unique_exact
2449,CGTTAGGATCTTCA,1,1,unique_exact
2450,CGTTTAACGAAGGC,1,1,unique_exact
2451,CTAACGGATTTGTC,1,1,unique_exact
2452,CTAAGGACCGAACT,1,1,unique_exact
2453,CTAAGGACTTCCGC,1,1,unique_exact
2454,CTAAGGTGCCGAAT,1,1,unique_exact
2455,CTAAGGTGGGTCAT,1,1,unique_exact
2456,CTAATAGAAACGAA,1,1,unique_exact
2457,CTAATAGACCTGTC,1,1,unique_exact
2458,CTACCTCTTCTATC,1,1,unique_exact
2459,CTACGGCTGCCAAT,1,1,unique_exact
2460,CTACTATGAGAAGT,1,1,unique_exact
2461,CTACTATGTGGAGG,1,1,unique_exact
2462,CTAGAGACTACAGC,1,1,unique_exact
2463,CTAGATCTGTTTGG,1,1,unique_exact
2464,CTAGGATGAGGTTC,1,1,unique_exact
2465,CTAGGCCTTGCCCT,1,1,unique_exact
2466,CTAGTTACACGGTT,1,1,unique_exact
2467,CTATCAACATCTCT,2,1,unique_exact
2468,CTATCAACTTGCGA,2,1,unique_exact
2469,CTATGACTAAAAGC,1,1,unique_exact
2470,CTATTGACCAGAGG,1,1,unique_exact
2471,CTATTGACCGGTAT,2,1,unique_exact
2472,CTATTGTGTAGCGT,1,1,unique_exact
2473,CTCAGCTGGAGCTT,1,1,unique_exact
2474,CTCCACGAGGAAAT,1,1,unique_exact
2475,CTCCATCTAGAGTA,1,1,unique_exact
2476,CTCCATCTGCTTAG,2,1,unique_exact
2477,CTCCGAACACTCAG,1,1,unique_exact
2478,CTCCGAACGTAAAG,1,1,unique_exact
2479,CTCCTACTCCGCTT,1,1,unique_exact
2480,CTCCTACTCTTCTA,1,1,unique_exact
2481,CTCGAAGAATCGAC,1,1,unique_exact
2482,CTCGAAGAGGACAG,1,1,unique_exact
2483,CTCGACTGGGAAGC,1,1,unique_exact
2484,CTCGCATGTGGAAA,1,1,unique_exact
2485,CTCTAAACTTCGTT,1,1,unique_exact
2486,CTGAAGTGAAGAAC,1,1,unique_exact
2487,CTGAATCTTCAAGC,2,1,unique_exact
2488,CTGAGAACTGACAC,2,1,unique_exact
2489,CTGATGGATAGCGT,1,1,unique_exact
2490,CTGATTTGCCTCGT,1,1,unique_exact
2491,CTGCCAACTCTCCG,2,1,unique_exact
2492,CTGGATGACCCGTT,1,1,unique_exact
2493,CTGGATGATCAGTG,1,1,unique_exact
2494,CTGTAACTCTCTTA,1,1,unique_exact
2495,CTGTATACTCAGAC,1,1,unique_exact
2496,CTGTGAGACGCTAA,1,1,unique_exact
2497,CTGTGAGAGTGTTG,1,1,unique_exact
2498,CTTAACACATGACC,1,1,unique_exact
2499,CTTAACACCGTAAC,1,1,unique_exact
2500,CTTACAACACCTCC,1,1,unique_exact
2501,CTTACATGTAGACC,1,1,unique_exact
2502,CTTAGACTATACCG,1,1,unique_exact
2503,CTTAGACTCCCTTG,2,1,unique_exact
2504,CTTAGACTTGGTTG,1,1,unique_exact
2505,CTTAGGGAGCTTCC,1,1,unique_exact
2506,CTTATCGATCAAGC,1,1,unique_exact
2507,CTTGAGGAAAAGCA,1,1,unique_exact
2508,CTTGTATGAACGTC,1,1,unique_exact
2509,CTTTACGATGTGCA,1,1,unique_exact
2510,CTTTCAGAACTGGT,1,1,unique_exact
2511,CTTTCAGAGTCGTA,2,1,unique_exact
2512,CTTTCAGAGTGTAC,1,1,unique_exact
2513,CTTTCAGATGCCAA,1,1,unique_exact
2514,GAAACCTGAGCATC,1,1,unique_exact
2515,GAAAGTGACCAATG,1,1,unique_exact
2516,GAAAGTGATGGAGG,1,1,unique_exact
2517,GAAAGTGATTGAGC,1,1,unique_exact
2518,GAAATACTGTATGC,1,1,unique_exact
2519,GAACACACCCCTCA,1,1,unique_exact
2520,GAACACACCTGGTA,1,1,unique_exact
2521,GAACAGCTGTGCAT,1,1,unique_exact
2522,GAACGTTGAAGCAA,1,1,unique_exact
2523,GAACGTTGCTTACT,1,1,unique_exact
2524,GAACTGTGGGTGGA,1,1,unique_exact
2525,GAAGAATGCCAATG,1,1,unique_exact
2526,GAAGATGATAGACC,2,1,unique_exact
2527,GAAGCGGACGGAGA,1,1,unique_exact
2528,GAAGCGGAGTTGAC,1,1,unique_exact
2529,GAAGCGGATGTCCC,1,1,unique_exact
2530,GAAGCTTGGTACAC,1,1,unique_exact
2531,GAAGCTTGTTAGGC,1,1,unique_exact
2532,GAAGTAGAGAGCAG,1,1,unique_exact
2533,GAAGTAGAGCAGAG,1,1,unique_exact
2534,GAAGTCTGAGACTC,1,1,unique_exact
2535,GAATGCACTGATGC,1,1,unique_exact
2536,GAATGCTGTCAGAC,1,1,unique_exact
2537,GAATGCTGTTACTC,1,1,unique_exact
2538,GAATGGCTCCTAAG,1,1,unique_exact
2539,GAATTAACAACTGC,1,1,unique_exact
2540,GACAACACCCGATA,1,1,unique_exact
2541,GACAGTTGACGGGA,1,1,unique_exact
2542,GACATTCTGTCTGA,1,1,unique_exact
2543,GACCATGAGCTGTA,1,1,unique_exact
2544,GACCCTACTGACAC,1,1,unique_exact
2545,GACCTAGACCCGTT,1,1,unique_exact
2546,GACCTCACACGGAG,1,1,unique_exact
2547,GACCTCACGGGATG,1,1,unique_exact
2548,GACGAACTCGACAT,1,1,unique_exact
2549,GACGAGGACATGCA,1,1,unique_exact
2550,GACGCTCTTCGACA,1,1,unique_exact
2551,GACGGCACGTAGCT,1,1,unique_exact
2552,GACGTATGACGGTT,1,1,unique_exact
2553,GACGTCCTAGTGTC,2,1,unique_exact
2554,GACGTCCTTATGCG,1,1,unique_exact
2555,GACGTCCTTGTAGC,1,1,unique_exact
2556,GACTGATGATACCG,1,1,unique_exact
2557,GACTTTACTCGTGA,1,1,unique_exact
2558,GAGAGGTGGAGCTT,1,1,unique_exact
2559,GAGATAGAAACGTC,1,1,unique_exact
2560,GAGATCACTGCTAG,1,1,unique_exact
2561,GAGCAGGAAAAACG,1,1,unique_exact
2562,GAGCAGGATAACGC,1,1,unique_exact
2563,GAGCGAGAGGCATT,1,1,unique_exact
2564,GAGCGCACGGGATG,1,1,unique_exact
2565,GAGGACGATCGTAG,1,1,unique_exact
2566,GAGGATCTGCCAAT,1,1,unique_exact
2567,GAGGCAGATATCGG,2,1,unique_exact
2568,GAGGGATGCGCATA,1,1,unique_exact
2569,GAGGGATGGAGGGT,1,1,unique_exact
2570,GAGGGATGGTTGGT,1,1,unique_exact
2571,GAGGGATGGTTTGG,1,1,unique_exact
2572,GAGGGCCTCGTGAT,1,1,unique_exact
2573,GAGGGTGAGCCAAT,1,1,unique_exact
2574,GAGGGTGAGTATCG,3,1,unique_exact
2575,GAGGTACTGAAAGT,1,1,unique_exact
2576,GAGGTGGATGCTCC,1,1,unique_exact
2577,GAGGTTACCCTCGT,1,1,unique_exact
2578,GAGGTTTGTGCACA,1,1,unique_exact
2579,GAGTAAGACTGAGT-1,0,0,no_barcode_candidate
2580,GAGTACACCAAGCT,1,1,unique_exact
2581,GAGTACTGGTAAGA,1,1,unique_exact
2582,GAGTCTGAGCGGAA,1,1,unique_exact
2583,GAGTGACTTCACGA,1,1,unique_exact
2584,GATACTCTCCATAG,1,1,unique_exact
2585,GATACTCTCTTTAC,1,1,unique_exact
2586,GATAGAGAGGCATT,1,1,unique_exact
2587,GATATAACACTCTT,1,1,unique_exact
2588,GATATAACCTTGAG,1,1,unique_exact
2589,GATATTGAGAGACG,1,1,unique_exact
2590,GATCCCTGTTATCC,1,1,unique_exact
2591,GATCGATGAGATCC,1,1,unique_exact
2592,GATCGATGTCCGAA,1,1,unique_exact
2593,GATCGTGACCCTAC,1,1,unique_exact
2594,GATCGTGAGGTAAA,1,1,unique_exact
2595,GATCTTACTGGAGG,1,1,unique_exact
2596,GATCTTTGTCTACT,2,1,unique_exact
2597,GATGACACACACTG,1,1,unique_exact
2598,GATGCAACCACTTT,2,1,unique_exact
2599,GATGCATGATCAGC,2,1,unique_exact
2600,GATGCCCTGTGTCA,1,1,unique_exact
2601,GATGCCCTTAGACC,1,1,unique_exact
2602,GATTACCTGGAGGT,1,1,unique_exact
2603,GATTCGGATCGACA,1,1,unique_exact
2604,GATTCTACAGAAGT,1,1,unique_exact
2605,GATTCTTGTTCTGT,3,1,unique_exact
2606,GATTGGACGATGAA,1,1,unique_exact
2607,GATTGGTGACCAAC,1,1,unique_exact
2608,GATTGGTGCACTAG,1,1,unique_exact
2609,GATTTGCTCAGATC,1,1,unique_exact
2610,GCAAACTGGTTGCA,1,1,unique_exact
2611,GCAAACTGTGGTCA,1,1,unique_exact
2612,GCAAACTGTTCACT,2,1,unique_exact
2613,GCAATCGAGCTCCT,1,1,unique_exact
2614,GCAATTCTAGTCAC,1,1,unique_exact
2615,GCAATTCTATACCG,1,1,unique_exact
2616,GCACAAACCTCGCT,1,1,unique_exact
2617,GCACAAACGCGTAT,1,1,unique_exact
2618,GCACAATGGCTCCT,1,1,unique_exact
2619,GCACCTACAGGTCT,1,1,unique_exact
2620,GCACCTTGTTCGGA,1,1,unique_exact
2621,GCACGGACATCACG,1,1,unique_exact
2622,GCACGGTGCCTTAT,1,1,unique_exact
2623,GCACGGTGGCCTTC,2,1,unique_exact
2624,GCACGTCTTTTACC,1,1,unique_exact
2625,GCACTAGAGCCATA,1,1,unique_exact
2626,GCACTAGATAGCCA,1,1,unique_exact
2627,GCACTGCTGTTGGT,1,1,unique_exact
2628,GCAGCGTGGAATAG,1,1,unique_exact
2629,GCAGCGTGTTTCTG,2,1,unique_exact
2630,GCAGCTCTTGCTTT,1,1,unique_exact
2631,GCAGGGCTGCTAAC,1,1,unique_exact
2632,GCAGTTGAGGTTAC,1,1,unique_exact
2633,GCATCAGAGTGTAC,1,1,unique_exact
2634,GCCACGGAGTTCTT,2,1,unique_exact
2635,GCCACTACCAGAGG,1,1,unique_exact
2636,GCCCAACTGAAACA,1,1,unique_exact
2637,GCCGTACTGACAAA,1,1,unique_exact
2638,GCCTCATGTCGTGA,1,1,unique_exact
2639,GCCTCATGTTTCGT,1,1,unique_exact
2640,GCGAGAGATATTCC,1,1,unique_exact
2641,GCGAGCACGAATGA,2,1,unique_exact
2642,GCGAGCACTGTTTC,1,1,unique_exact
2643,GCGCATCTGTTCGA,1,1,unique_exact
2644,GCGCGAACCCTTAT,2,1,unique_exact
2645,GCGCGATGAACGAA,1,1,unique_exact
2646,GCGGACTGAGGAGC,1,1,unique_exact
2647,GCGGACTGGTTTGG,1,1,unique_exact
2648,GCGGAGCTATTCCT,1,1,unique_exact
2649,GCGGAGCTGAGGCA,1,1,unique_exact
2650,GCGGCAACTCTCCG,1,1,unique_exact
2651,GCGTAAACAAGTGA,1,1,unique_exact
2652,GCGTAATGGAAACA,1,1,unique_exact
2653,GCGTAATGGGGTGA,1,1,unique_exact
2654,GCGTACCTATGTGC,1,1,unique_exact
2655,GCGTACCTCTACGA,1,1,unique_exact
2656,GCGTACCTTCCTGC,1,1,unique_exact
2657,GCTACAGAGGACTT,1,1,unique_exact
2658,GCTACCTGAAGGCG,1,1,unique_exact
2659,GCTAGATGGTTACG,1,1,unique_exact
2660,GCTCACTGGGATTC,1,1,unique_exact
2661,GCTCAGCTCTATGG,2,1,unique_exact
2662,GCTCAGCTGAAGGC,1,1,unique_exact
2663,GCTCGACTAGCACT,1,1,unique_exact
2664,GCTTGAGAAGGAGC,1,1,unique_exact
2665,GGAACTACAAAACG,2,1,unique_exact
2666,GGAACTTGGTCGTA,2,1,unique_exact
2667,GGAAGGTGCGAGAG,1,1,unique_exact
2668,GGAAGGTGGTGAGG,1,1,unique_exact
2669,GGAATCTGCATGAC,1,1,unique_exact
2670,GGAATGCTCGACAT,2,1,unique_exact
2671,GGACAACTACGGAG,1,1,unique_exact
2672,GGACAACTTAAGCC,1,1,unique_exact
2673,GGACATTGACTGGT,1,1,unique_exact
2674,GGACCCGACCCAAA,1,1,unique_exact
2675,GGACGAGAACCAAC,1,1,unique_exact
2676,GGACGCACGCATCA,1,1,unique_exact
2677,GGACGCTGTTCTGT,1,1,unique_exact
2678,GGACTATGGGTATC,1,1,unique_exact
2679,GGAGACGAGTTTCT,1,1,unique_exact
2680,GGAGAGACCCACCT,1,1,unique_exact
2681,GGAGAGACCTCAAG,1,1,unique_exact
2682,GGAGCAGAAGGTCT,1,1,unique_exact
2683,GGAGCCACACCTCC,1,1,unique_exact
2684,GGAGCCACCTTCCG,1,1,unique_exact
2685,GGAGCCACGGATCT,1,1,unique_exact
2686,GGAGCGCTAAACGA,1,1,unique_exact
2687,GGAGGTGAATGTCG,1,1,unique_exact
2688,GGAGTTACCCTATT,1,1,unique_exact
2689,GGAGTTACCGATAC,1,1,unique_exact
2690,GGATGTACCTGAAC,2,1,unique_exact
2691,GGATTTCTCCAAGT,2,1,unique_exact
2692,GGATTTCTTTACCT,1,1,unique_exact
2693,GGCCACGATCAAGC,1,1,unique_exact
2694,GGCCCAGAACGTGT,1,1,unique_exact
2695,GGCCCAGACCTTGC,1,1,unique_exact
2696,GGCCCAGATAGCCA,1,1,unique_exact
2697,GGCCGATGGTTGTG,2,1,unique_exact
2698,GGCGACACTCTCGC,1,1,unique_exact
2699,GGCGGACTATTTCC,1,1,unique_exact
2700,GGCTAAACTTACCT,1,1,unique_exact
2701,GGCTAATGCAGAGG,1,1,unique_exact
2702,GGCTCACTAGCGGA,1,1,unique_exact
2703,GGGAAGACTTCATC,1,1,unique_exact
2704,GGGAAGTGTAACCG,1,1,unique_exact
2705,GGGACCACGAGGCA,1,1,unique_exact
2706,GGGACCTGTTATCC,1,1,unique_exact
2707,GGGATTACAGCGTT,1,1,unique_exact
2708,GGGATTACTAGCCA,1,1,unique_exact
2709,GGGCAGCTGTTACG,1,1,unique_exact
2710,GGGCCAACATGGTC,1,1,unique_exact
2711,GGGCCAACTGCCAA,1,1,unique_exact
2712,GGGCCAACTGGTTG,1,1,unique_exact
2713,GGGCCATGAGTCTG,1,1,unique_exact
2714,GGGTAACTAAGCAA,2,1,unique_exact
2715,GGGTTAACACCATG,1,1,unique_exact
2716,GGGTTAACCACACA,1,1,unique_exact
2717,GGTACAACATTCGG,1,1,unique_exact
2718,GGTAGTACGGCATT,1,1,unique_exact
2719,GGTATCGAGAGACG,1,1,unique_exact
2720,GGTATGACTCAGAC,1,1,unique_exact
2721,GGTCAAACCGTGTA,1,1,unique_exact
2722,GGTCTAGACCATAG,1,1,unique_exact
2723,GGTGGAGAGTTAGC,1,1,unique_exact
2724,GTAACGTGACAGTC,1,1,unique_exact
2725,GTAATAACCGTGTA,1,1,unique_exact
2726,GTACCCTGGGATCT,1,1,unique_exact
2727,GTACTACTTCAGTG,2,1,unique_exact
2728,GTAGACTGACCTAG,2,1,unique_exact
2729,GTAGCAACTAAGCC,1,1,unique_exact
2730,GTAGCATGGCTAAC,1,1,unique_exact
2731,GTAGCATGTACTGG,1,1,unique_exact
2732,GTAGCCCTCATGCA,2,1,unique_exact
2733,GTAGCCCTTGTGAC,1,1,unique_exact
2734,GTAGCTGAATGCTG,2,1,unique_exact
2735,GTAGCTGAGCTTAG,1,1,unique_exact
2736,GTAGCTGAGGGCAA,1,1,unique_exact
2737,GTAGTGTGGATACC,1,1,unique_exact
2738,GTATCACTTTAGGC,1,1,unique_exact
2739,GTATCTACATTGGC,1,1,unique_exact
2740,GTATGGTGCTTCCG,1,1,unique_exact
2741,GTATTCACGATACC,2,1,unique_exact
2742,GTCAACGAGTATGC,1,1,unique_exact
2743,GTCACAGAGTTGAC,1,1,unique_exact
2744,GTCACCTGGTACGT,1,1,unique_exact
2745,GTCACCTGTACGCA,1,1,unique_exact
2746,GTCCAAGATCCAGA,1,1,unique_exact
2747,GTCCACTGCTCAAG,1,1,unique_exact
2748,GTCCCATGGTACGT,1,1,unique_exact
2749,GTCGCACTCCCAAA,2,1,unique_exact
2750,GTCGCACTTGACAC,1,1,unique_exact
2751,GTCTAGGAAGGTCT,1,1,unique_exact
2752,GTCTAGGAGGAACG,1,1,unique_exact
2753,GTGACAACTCCGAA,1,1,unique_exact
2754,GTGACCCTGGGACA,1,1,unique_exact
2755,GTGACCCTTCAGAC,1,1,unique_exact
2756,GTGAGGGATGCGTA,1,1,unique_exact
2757,GTGGAGGATTGCTT,1,1,unique_exact
2758,GTGGTAACTGTCGA,1,1,unique_exact
2759,GTGGTAACTTCTAC,1,1,unique_exact
2760,GTGTAGTGTACGAC,2,1,unique_exact
2761,GTGTATCTTACTTC,1,1,unique_exact
2762,GTGTATCTTAGCGT,1,1,unique_exact
2763,GTGTCAGACACACA,1,1,unique_exact
2764,GTGTGATGAGAGAT,1,1,unique_exact
2765,GTGTGATGCGGAGA,1,1,unique_exact
2766,GTGTGATGCTCCCA,1,1,unique_exact
2767,GTGTGATGGTTACG,1,1,unique_exact
2768,GTTAAAACGCGTTA,2,1,unique_exact
2769,GTTAAAACTGGCAT,2,1,unique_exact
2770,GTTAAATGTCGCTC,1,1,unique_exact
2771,GTTAACCTGTGCTA,1,1,unique_exact
2772,GTTACGGAGCCCTT,1,1,unique_exact
2773,GTTAGGTGGAGGCA,1,1,unique_exact
2774,GTTAGTCTACGTTG,1,1,unique_exact
2775,GTTATAGATTCTTG,1,1,unique_exact
2776,GTTCAACTATGTCG,2,1,unique_exact
2777,GTTCAGGAGTGCAT,2,1,unique_exact
2778,GTTGACGACAACTG,1,1,unique_exact
2779,GTTGACGATGCGTA,1,1,unique_exact
2780,GTTGGATGATGTCG,1,1,unique_exact
2781,GTTGTACTAAAGTG,2,1,unique_exact
2782,GTTGTACTCAGTTG,1,1,unique_exact
2783,TAAACAACGCCTTC,1,1,unique_exact
2784,TAAAGTTGCGTCTC,1,1,unique_exact
2785,TAAAGTTGTTCCAT,1,1,unique_exact
2786,TAAATCGAGTATGC,1,1,unique_exact
2787,TAAATCGATTGCAG,2,1,unique_exact
2788,TAACCGGAGCTCCT,1,1,unique_exact
2789,TAACGTCTTTCTAC,1,1,unique_exact
2790,TAACTCACCTACCC,1,1,unique_exact
2791,TAAGATACCCAATG,1,1,unique_exact
2792,TAAGATACGTAGCT,1,1,unique_exact
2793,TAAGATACTAAAGG,1,1,unique_exact
2794,TAAGCGTGACACCA,1,1,unique_exact
2795,TAAGCTCTCCACCT,1,1,unique_exact
2796,TAAGCTCTGGGATG,1,1,unique_exact
2797,TAAGGCTGTACAGC,1,1,unique_exact
2798,TAAGGCTGTGACTG,1,1,unique_exact
2799,TAAGGGCTAGGTCT,1,1,unique_exact
2800,TAAGGGCTCAAAGA,1,1,unique_exact
2801,TAAGTAACAGGCGA,1,1,unique_exact
2802,TACAATGATGTCTT,1,1,unique_exact
2803,TACAATGATTATCC,2,1,unique_exact
2804,TACACACTAGGAGC,1,1,unique_exact
2805,TACATAGAACGGTT,1,1,unique_exact
2806,TACATCACAGGTTC,1,1,unique_exact
2807,TACATCACCTGTCC-1,0,0,no_barcode_candidate
2808,TACCGCTGCGTAAC,1,1,unique_exact
2809,TACCGGCTGTGTCA,1,1,unique_exact
2810,TACGAGTGTGACCA,1,1,unique_exact
2811,TACGAGTGTGGTTG,1,1,unique_exact
2812,TACGATCTGAGAGC,1,1,unique_exact
2813,TACGCAGAGCCTTC,1,1,unique_exact
2814,TACGCGCTGCGATT,1,1,unique_exact
2815,TACGGAACCTGGAT,1,1,unique_exact
2816,TACGGAACTCGCAA,1,1,unique_exact
2817,TACTACACTGTCAG,2,1,unique_exact
2818,TACTACTGACAGCT,1,1,unique_exact
2819,TACTACTGGCGGAA,1,1,unique_exact
2820,TACTCAACTGTCTT,1,1,unique_exact
2821,TACTCTGAGGACGA,1,1,unique_exact
2822,TACTGGGATGGTAC,1,1,unique_exact
2823,TACTTGACACACCA,1,1,unique_exact
2824,TACTTGACATCTCT,1,1,unique_exact
2825,TACTTTCTACGGTT,1,1,unique_exact
2826,TACTTTCTGGTGAG,2,1,unique_exact
2827,TAGAATACCCTGTC,2,1,unique_exact
2828,TAGACGTGATCTTC,1,1,unique_exact
2829,TAGACGTGGCTGAT,1,1,unique_exact
2830,TAGACGTGGTATCG,1,1,unique_exact
2831,TAGAGAGAACACGT,1,1,unique_exact
2832,TAGATTGAACGTAC,1,1,unique_exact
2833,TAGATTGACTCGCT,1,1,unique_exact
2834,TAGCATCTCGACAT,2,1,unique_exact
2835,TAGCCCTGCCTACC,1,1,unique_exact
2836,TAGCCCTGCTTATC,1,1,unique_exact
2837,TAGCCGCTAGTGCT,1,1,unique_exact
2838,TAGCCGCTGGTACT,1,1,unique_exact
2839,TAGCCGCTGTACGT,1,1,unique_exact
2840,TAGCTACTCCCGTT,1,1,unique_exact
2841,TAGCTACTGAACTC,1,1,unique_exact
2842,TAGGACTGACACCA,1,1,unique_exact
2843,TAGGAGCTGCCTTC,1,1,unique_exact
2844,TAGGCATGCGAGTT,1,1,unique_exact
2845,TAGGCATGTCTTAC,2,1,unique_exact
2846,TAGGCTGAATGTCG,1,1,unique_exact
2847,TAGGGACTGTCATG,1,1,unique_exact
2848,TAGGTCGACCTCAC,1,1,unique_exact
2849,TAGGTCGAGGCGAA,1,1,unique_exact
2850,TAGGTGACTTGAGC,1,1,unique_exact
2851,TAGGTTCTCGACAT,1,1,unique_exact
2852,TAGTAAACCATGCA,2,1,unique_exact
2853,TAGTAATGGACGTT,1,1,unique_exact
2854,TAGTAATGTTTCAC,2,1,unique_exact
2855,TAGTACCTACTGTG,2,1,unique_exact
2856,TAGTACCTTTGGTG,2,1,unique_exact
2857,TAGTATGAGATAGA,3,1,unique_exact
2858,TAGTCACTGTGTCA,1,1,unique_exact
2859,TAGTTAGATACGAC,1,1,unique_exact
2860,TAGTTAGATGCACA,1,1,unique_exact
2861,TATAAGACACACGT,1,1,unique_exact
2862,TATAAGACGAGGAC,1,1,unique_exact
2863,TATAAGACTACTTC,1,1,unique_exact
2864,TATAGATGCTACGA,1,1,unique_exact
2865,TATAGCCTAGTCAC,2,1,unique_exact
2866,TATCCAACACGCAT,1,1,unique_exact
2867,TATCCAACTGCTTT,1,1,unique_exact
2868,TATCCTGAAGCATC,1,1,unique_exact
2869,TATCTCGACTTGGA,1,1,unique_exact
2870,TATCTGACTGCAGT,1,1,unique_exact
2871,TATCTTCTCGCCTT,1,1,unique_exact
2872,TATGCGGAAACCAC,3,1,unique_exact
2873,TATGGGACCCCAAA,1,1,unique_exact
2874,TATGGGTGCCGAAT,1,1,unique_exact
2875,TATGGGTGGCTTCC,1,1,unique_exact
2876,TATGGTCTATCGTG,2,1,unique_exact
2877,TATGGTCTTACAGC,2,1,unique_exact
2878,TATGTCACAGATGA,2,1,unique_exact
2879,TATGTCTGAAGGCG,1,1,unique_exact
2880,TATTGCTGCTCCCA,1,1,unique_exact
2881,TCAACACTTATTCC,1,1,unique_exact
2882,TCAACACTTCACCC,1,1,unique_exact
2883,TCAAGGTGCTTGGA,1,1,unique_exact
2884,TCAAGGTGGGTTAC,1,1,unique_exact
2885,TCAAGGTGTCAAGC,1,1,unique_exact
2886,TCACAACTAGAATG,1,1,unique_exact
2887,TCACCCGATGTCCC,1,1,unique_exact
2888,TCACCCGATTCATC-1,0,0,no_barcode_candidate
2889,TCACCTCTTACTTC,1,1,unique_exact
2890,TCACGAGAACTCTT,2,1,unique_exact
2891,TCACGAGAGATAAG,1,1,unique_exact
2892,TCAGAGACCTCGAA,1,1,unique_exact
2893,TCAGAGACGTTGTG,1,1,unique_exact
2894,TCAGCAGAATCGTG,1,1,unique_exact
2895,TCAGCAGAATGCTG,1,1,unique_exact
2896,TCAGCAGATTAGGC,1,1,unique_exact
2897,TCAGGATGCACTCC,1,1,unique_exact
2898,TCAGTGGATGCCTC,1,1,unique_exact
2899,TCAGTTACGACGTT,1,1,unique_exact
2900,TCAGTTACGACTAC,1,1,unique_exact
2901,TCATCAACGATAAG,1,1,unique_exact
2902,TCATCATGGGCGAA,1,1,unique_exact
2903,TCATCCCTCTTGTT,1,1,unique_exact
2904,TCATCCCTTGATGC,1,1,unique_exact
2905,TCATGTACATAAGG,1,1,unique_exact
2906,TCATGTACTTTGTC,1,1,unique_exact
2907,TCCACGTGGTTCGA,1,1,unique_exact
2908,TCCACGTGTATCTC,1,1,unique_exact
2909,TCCACTCTACCAAC,1,1,unique_exact
2910,TCCAGAGATCGCTC,1,1,unique_exact
2911,TCCCACGAGGGTGA,1,1,unique_exact
2912,TCCCACGATCTGGA,1,1,unique_exact
2913,TCCCAGACGAGGAC,1,1,unique_exact
2914,TCCCAGACGGTCTA,1,1,unique_exact
2915,TCCCATCTAAGTGA,1,1,unique_exact
2916,TCCCGAACTCGCTC,1,1,unique_exact
2917,TCCGAAGACCCGTT,2,1,unique_exact
2918,TCCGAGCTCAAGCT,1,1,unique_exact
2919,TCCGAGCTGGTATC,1,1,unique_exact
2920,TCCTAAACAGGGTG,1,1,unique_exact
2921,TCCTAATGTACTTC,1,1,unique_exact
2922,TCGAATCTGGATCT,1,1,unique_exact
2923,TCGAATCTGTTGTG,1,1,unique_exact
2924,TCGACCTGCTATTC,1,1,unique_exact
2925,TCGATTTGACACTG,2,1,unique_exact
2926,TCGCAAGAGATAAG,1,1,unique_exact
2927,TCGCAGCTTTCTAC,2,1,unique_exact
2928,TCGCCATGCCGTTC,1,1,unique_exact
2929,TCGGTAGAAACGGG,1,1,unique_exact
2930,TCGGTAGACGTAAC,1,1,unique_exact
2931,TCGGTAGACGTACA,1,1,unique_exact
2932,TCGTAGGATGAGCT,1,1,unique_exact
2933,TCGTGAGACTCGAA,1,1,unique_exact
2934,TCGTTATGGATAGA,2,1,unique_exact
2935,TCTAAGCTCACAAC,1,1,unique_exact
2936,TCTAAGCTCTTTAC,1,1,unique_exact
2937,TCTAAGCTGTTCTT,1,1,unique_exact
2938,TCTAAGCTTTCTCA,2,1,unique_exact
2939,TCTAGACTAAGGCG,1,1,unique_exact
2940,TCTAGACTGTGTCA,1,1,unique_exact
2941,TCTATGTGAGAATG,1,1,unique_exact
2942,TCTCAAACGCATAC,1,1,unique_exact
2943,TCTCCACTCTTCTA,1,1,unique_exact
2944,TCTTACGAAACCTG-1,0,0,no_barcode_candidate
2945,TCTTACGACATTCT,3,1,unique_exact
2946,TCTTGATGAAAGTG,1,1,unique_exact
2947,TGAAATTGATAAGG,1,1,unique_exact
2948,TGAACCGAAGGTCT,1,1,unique_exact
2949,TGAACCGAGTTGTG,1,1,unique_exact
2950,TGAAGCTGTTCATC,1,1,unique_exact
2951,TGACCGCTATCAGC,1,1,unique_exact
2952,TGACTTACGTGTAC,1,1,unique_exact
2953,TGACTTTGATCGTG,1,1,unique_exact
2954,TGAGACACCGGAGA,1,1,unique_exact
2955,TGAGCTGAGGTGAG,1,1,unique_exact
2956,TGAGGTACCTAGAC,1,1,unique_exact
2957,TGATCGGAACCAAC,1,1,unique_exact
2958,TGATCGGACTTGAG,2,1,unique_exact
2959,TGATCGGATCCTTA,1,1,unique_exact
2960,TGATTAGAAAAGCA,1,1,unique_exact
2961,TGATTCACAGTAGA,2,1,unique_exact
2962,TGATTCTGTTGAGC,1,1,unique_exact
2963,TGCAACGAATTTCC,1,1,unique_exact
2964,TGCAACGATGTGCA,1,1,unique_exact
2965,TGCATGGACATGAC,1,1,unique_exact
2966,TGCATGGATGACCA,1,1,unique_exact
2967,TGCCAAGAGTGCTA,1,1,unique_exact
2968,TGCCAGCTGATGAA,1,1,unique_exact
2969,TGCCAGCTGTTGAC,1,1,unique_exact
2970,TGCCAGCTTCAGGT,2,1,unique_exact
2971,TGCCCAACCCTGAA,1,1,unique_exact
2972,TGCCCAACTACGAC,1,1,unique_exact
2973,TGCCGACTACAGTC,1,1,unique_exact
2974,TGCGATGACCAGTA,1,1,unique_exact
2975,TGCGCACTATGGTC,2,1,unique_exact
2976,TGCGCACTCAACCA,2,1,unique_exact
2977,TGCGCACTCCCGTT,1,1,unique_exact
2978,TGCGTAGAGTTGCA,1,1,unique_exact
2979,TGCTAGGATCATTC,1,1,unique_exact
2980,TGCTATACACTACG,2,1,unique_exact
2981,TGCTATACGGGCAA,1,1,unique_exact
2982,TGCTTAACGAAGGC,1,1,unique_exact
2983,TGGAAGCTCCTTAT,1,1,unique_exact
2984,TGGACCCTTACTCT,1,1,unique_exact
2985,TGGAGACTATTGGC,1,1,unique_exact
2986,TGGAGGGAAGAAGT,1,1,unique_exact
2987,TGGATGACAACGGG,1,1,unique_exact
2988,TGGATGTGAACGTC,1,1,unique_exact
2989,TGGGTATGCTATTC,1,1,unique_exact
2990,TGGTACGACCTATT,1,1,unique_exact
2991,TGGTACGAGTGTCA,3,1,unique_exact
2992,TGGTAGTGTCCCAC,1,1,unique_exact
2993,TGGTCAGAGATGAA,1,1,unique_exact
2994,TGTAAAACGGTTAC,1,1,unique_exact
2995,TGTAAAACGTATGC,1,1,unique_exact
2996,TGTAACCTTAGTCG,1,1,unique_exact
2997,TGTAATGAACGACT,1,1,unique_exact
2998,TGTAATGATTACTC,1,1,unique_exact
2999,TGTAGGTGTGGAAA,1,1,unique_exact
3000,TGTATCTGTCATTC,1,1,unique_exact
3001,TGTATGCTACGACT,1,1,unique_exact
3002,TGTATGCTGGTACT,1,1,unique_exact
3003,TGTCTAACTCCTAT,1,1,unique_exact
3004,TGTGACGACTTACT,1,1,unique_exact
3005,TGTTACACTTCCGC,1,1,unique_exact
3006,TGTTACTGTGTCTT,1,1,unique_exact
3007,TTACACACGGAGTG,2,1,unique_exact
3008,TTACCATGCTCTCG,3,1,unique_exact
3009,TTACCATGGTAAAG,1,1,unique_exact
3010,TTACGACTCGAGTT,1,1,unique_exact
3011,TTACGACTTGTGAC,1,1,unique_exact
3012,TTACGTACTGCTTT,1,1,unique_exact
3013,TTACTCGACTCAGA,1,1,unique_exact
3014,TTAGAATGGGTGTT,1,1,unique_exact
3015,TTAGACCTCTGAGT,2,1,unique_exact
3016,TTAGCTACGAATAG,1,1,unique_exact
3017,TTAGGGTGCTTGGA,1,1,unique_exact
3018,TTAGGTCTCGATAC,1,1,unique_exact
3019,TTAGGTCTTTCAGG,1,1,unique_exact
3020,TTAGTCACTCATTC,1,1,unique_exact
3021,TTAGTCTGAAGTAG,2,1,unique_exact
3022,TTATGAGAAGGCGA,1,1,unique_exact
3023,TTATGAGACCCGTT,1,1,unique_exact
3024,TTATGAGACCCTCA,1,1,unique_exact
3025,TTCAACACATAAGG,1,1,unique_exact
3026,TTCAACACTATGGC,1,1,unique_exact
3027,TTCACAACCTCAGA,1,1,unique_exact
3028,TTCACAACGTGCTA,1,1,unique_exact
3029,TTCACAACTTTGCT,1,1,unique_exact
3030,TTCAGTACGGTCAT,1,1,unique_exact
3031,TTCAGTTGACCAAC,1,1,unique_exact
3032,TTCAGTTGACGACT,1,1,unique_exact
3033,TTCATCGACATGCA,2,1,unique_exact
3034,TTCATCGATTAGGC,1,1,unique_exact
3035,TTCATGTGCCCTAC,2,1,unique_exact
3036,TTCCAAACAGCAAA,1,1,unique_exact
3037,TTCCAAACCATGAC,1,1,unique_exact
3038,TTCCAAACGGTGTT,1,1,unique_exact
3039,TTCCATGAAGTTCG,1,1,unique_exact
3040,TTCCATGAATGCCA,1,1,unique_exact
3041,TTCCCACTCTTCCG,1,1,unique_exact
3042,TTCGAGGAGAATCC,1,1,unique_exact
3043,TTCGATTGGGATCT,2,1,unique_exact
3044,TTCGATTGTCCTAT,1,1,unique_exact
3045,TTCGGAGACTCCAC,1,1,unique_exact
3046,TTCGGAGATGGGAG,1,1,unique_exact
3047,TTCTACGAGACTAC,1,1,unique_exact
3048,TTCTCAGAAGATCC,1,1,unique_exact
3049,TTCTCAGATCCTCG,1,1,unique_exact
3050,TTCTGATGAGAATG,1,1,unique_exact
3051,TTGAACCTTGTTTC,1,1,unique_exact
3052,TTGACACTGTGCAT,1,1,unique_exact
3053,TTGAGGTGACACGT,1,1,unique_exact
3054,TTGAGGTGCCTAAG,1,1,unique_exact
3055,TTGCTAACGTTGTG,2,1,unique_exact
3056,TTGCTATGTCTTTG,1,1,unique_exact
3057,TTGGTACTATTCCT,1,1,unique_exact
3058,TTGTACACCTTTAC,1,1,unique_exact
3059,TTGTACACTATCTC,1,1,unique_exact
3060,TTTAGCTGTATGGC,1,1,unique_exact
3061,TTTATCCTACTCTT,1,1,unique_exact
3062,TTTATCCTTAGACC,1,1,unique_exact
3063,TTTCAGTGACACGT,2,1,unique_exact
3064,TTTCAGTGGGTAAA,1,1,unique_exact
3065,TTTCCAGACTTCGC,1,1,unique_exact
3066,TTTCCAGATTAGGC,1,1,unique_exact
3067,TTTGACTGCGTGAT,2,1,unique_exact
3068,TTTGCATGCTGAGT,2,1,unique_exact
3069,TTTGCATGTCAAGC,1,1,unique_exact
3070,AAACATTGGACGAG,1,1,unique_exact
3071,AAACGCTGCCGAAT,1,1,unique_exact
3072,AAAGACGAAGACTC,1,1,unique_exact
3073,AAAGACGATACTGG,1,1,unique_exact
3074,AAAGCAGACCGATA,1,1,unique_exact
3075,AAAGGCCTGAATGA,1,1,unique_exact
3076,AAATCTGAGCCATA,1,1,unique_exact
3077,AAATGGGACAACCA,1,1,unique_exact
3078,AAATGGGAGACAAA,1,1,unique_exact
3079,AAATTCGATTTGCT,1,1,unique_exact
3080,AACACGTGGCAAGG,2,1,unique_exact
3081,AACAGAGAGAAGGC,1,1,unique_exact
3082,AACATATGCTGTCC,1,1,unique_exact
3083,AACCCAGATCTTCA,1,1,unique_exact
3084,AACCGCCTTTCCGC,1,1,unique_exact
3085,AACCTTTGTACGAC,1,1,unique_exact
3086,AACGGTTGCGCTAA,1,1,unique_exact
3087,AACGTCGAATTGGC,1,1,unique_exact
3088,AACGTTCTGCAGAG,1,1,unique_exact
3089,AACTCGGAAGCGTT,1,1,unique_exact
3090,AACTCGGACTAGTG,3,1,unique_exact
3091,AAGAACGAAGAACA,1,1,unique_exact
3092,AAGAAGACAAGAAC,1,1,unique_exact
3093,AAGAGATGGCTTCC,2,1,unique_exact
3094,AAGCGACTTTGACG,1,1,unique_exact
3095,AAGTATACTGTCCC,1,1,unique_exact
3096,AAGTCTCTATCAGC,1,1,unique_exact
3097,AATACCCTAGATCC,1,1,unique_exact
3098,AATACTGAAAGGCG,1,1,unique_exact
3099,AATCAAACCACCAA,1,1,unique_exact
3100,AATCCGGACTGGAT,1,1,unique_exact
3101,AATCTCACCTCTAT,2,1,unique_exact
3102,AATCTCACGTTTGG,1,1,unique_exact
3103,AATCTCTGCGGAGA,1,1,unique_exact
3104,AATGAGGACTCCCA,1,1,unique_exact
3105,AATGTCCTATTCGG,1,1,unique_exact
3106,AATTACGACCGAAT,1,1,unique_exact
3107,ACAATTGAGACGTT,1,1,unique_exact
3108,ACAATTGATTGAGC,1,1,unique_exact
3109,ACACATCTTGTGCA,1,1,unique_exact
3110,ACACCCTGTTGCAG,1,1,unique_exact
3111,ACACGAACGAGGCA,1,1,unique_exact
3112,ACACGTGAATTCCT,1,1,unique_exact
3113,ACACGTGAGGTTAC,1,1,unique_exact
3114,ACAGGTACACGGGA,1,1,unique_exact
3115,ACAGGTACCCTTTA,1,1,unique_exact
3116,ACAGTGTGTGAGAA,1,1,unique_exact
3117,ACATACCTACCTTT,1,1,unique_exact
3118,ACCACAGAGGCGAA,1,1,unique_exact
3119,ACCACCTGACGACT,1,1,unique_exact
3120,ACCACCTGTCGACA,2,1,unique_exact
3121,ACCATTTGTAACGC,1,1,unique_exact
3122,ACCCAAGATTTCTG,1,1,unique_exact
3123,ACCCGTACCATGGT,1,1,unique_exact
3124,ACCCGTACGAGCAG,1,1,unique_exact
3125,ACCCGTACTATCTC,2,1,unique_exact
3126,ACCCGTTGTCAGAC,1,1,unique_exact
3127,ACCGTGCTACACAC,1,1,unique_exact
3128,ACCTCCGATGTCGA,1,1,unique_exact
3129,ACCTCGTGCGAGTT,1,1,unique_exact
3130,ACCTGGCTCCAAGT,1,1,unique_exact
3131,ACCTGGCTTCCTTA,1,1,unique_exact
3132,ACCTTTGATGAACC,1,1,unique_exact
3133,ACGAAGCTCAAAGA,1,1,unique_exact
3134,ACGACCCTACCAAC,1,1,unique_exact
3135,ACGATCGATCATTC,1,1,unique_exact
3136,ACGATGACACTGTG,1,1,unique_exact
3137,ACGATGACCGTTGA,1,1,unique_exact
3138,ACGATTCTAGTACC,1,1,unique_exact
3139,ACGCACCTGGTAGG,1,1,unique_exact
3140,ACGCACCTTCTGGA,1,1,unique_exact
3141,ACGCCACTCTAGAC,1,1,unique_exact
3142,ACGCCACTTACTTC,2,1,unique_exact
3143,ACGCCACTTGAACC,1,1,unique_exact
3144,ACGCCTTGTAAAGG,1,1,unique_exact
3145,ACGCTGCTACCATG,1,1,unique_exact
3146,ACGGAACTCATGCA,1,1,unique_exact
3147,ACGGAACTTTGGTG,1,1,unique_exact
3148,ACGGAGGACCTTTA,1,1,unique_exact
3149,ACGGATTGTGGAAA,1,1,unique_exact
3150,ACGGGAGAGGTGAG,1,1,unique_exact
3151,ACGGTCCTACAGCT,1,1,unique_exact
3152,ACGTCAGAGGTTTG,1,1,unique_exact
3153,ACGTCAGAGTTTGG,1,1,unique_exact
3154,ACTACTACACACCA,1,1,unique_exact
3155,ACTCGCACTGCTAG,1,1,unique_exact
3156,ACTCTATGCTAGTG,1,1,unique_exact
3157,ACTCTCCTAACGAA,1,1,unique_exact
3158,ACTCTCCTTAAAGG,1,1,unique_exact
3159,ACTGCCTGTAAAGG,1,1,unique_exact
3160,ACTGGCCTCCAATG,1,1,unique_exact
3161,ACTTCAACTTTGGG,1,1,unique_exact
3162,AGAACAGAACGTAC,1,1,unique_exact
3163,AGAAGATGCTAAGC,1,1,unique_exact
3164,AGAATACTAGTAGA,1,1,unique_exact
3165,AGACTCGATCCTAT,1,1,unique_exact
3166,AGACTGACGTTCAG,1,1,unique_exact
3167,AGACTTCTACTCAG,2,1,unique_exact
3168,AGAGAATGATCGTG,1,1,unique_exact
3169,AGAGCGGATTCTCA,2,1,unique_exact
3170,AGAGCTACGAGGTG,1,1,unique_exact
3171,AGAGTCTGCCAAGT,1,1,unique_exact
3172,AGATATACTGTAGC,1,1,unique_exact
3173,AGATATACTTCTGT,1,1,unique_exact
3174,AGATATTGCTTGGA,1,1,unique_exact
3175,AGATTAACCTTCTA,1,1,unique_exact
3176,AGATTAACGAAAGT,1,1,unique_exact
3177,AGATTCCTGTTCAG,1,1,unique_exact
3178,AGCACAACTCTCTA,1,1,unique_exact
3179,AGCATTCTCAACCA,1,1,unique_exact
3180,AGCCACCTATGGTC,1,1,unique_exact
3181,AGCCACCTTAGTCG,1,1,unique_exact
3182,AGCGATACTGCTCC,1,1,unique_exact
3183,AGCGTAACCAACCA,1,1,unique_exact
3184,AGCGTAACGGTAGG,1,1,unique_exact
3185,AGCTGAACATGTCG,1,1,unique_exact
3186,AGCTGCCTGTAAGA,1,1,unique_exact
3187,AGCTGTGATCACCC,2,1,unique_exact
3188,AGCTTACTCGAATC,1,1,unique_exact
3189,AGCTTTACCCTTCG,1,1,unique_exact
3190,AGGACTTGATTCGG-1,0,0,no_barcode_candidate
3191,AGGTACTGCGACTA,1,1,unique_exact
3192,AGGTTCGAGCAGAG,1,1,unique_exact
3193,AGGTTGTGCATTGG,1,1,unique_exact
3194,AGGTTGTGGTCGAT,1,1,unique_exact
3195,AGTAATTGGCGTAT,2,1,unique_exact
3196,AGTAGAGAATCAGC,1,1,unique_exact
3197,AGTATAACTTTGGG,1,1,unique_exact
3198,AGTCAGACGAGGGT,1,1,unique_exact
3199,AGTCAGACTCTTTG,1,1,unique_exact
3200,AGTCGCCTGTTTCT,1,1,unique_exact
3201,AGTCTACTGTGTAC,1,1,unique_exact
3202,AGTGACTGTTTCGT,1,1,unique_exact
3203,AGTGTTCTTGGTTG,2,1,unique_exact
3204,AGTTGTCTTCAGTG,1,1,unique_exact
3205,AGTTTCACGGACTT,2,1,unique_exact
3206,ATAACATGTGTTTC,1,1,unique_exact
3207,ATACAATGCCTCGT,1,1,unique_exact
3208,ATACCACTCTGCTC,1,1,unique_exact
3209,ATACCTTGGCAGAG,1,1,unique_exact
3210,ATACCTTGTTCCGC,1,1,unique_exact
3211,ATACTCTGCACTAG,1,1,unique_exact
3212,ATACTCTGCTGAGT,1,1,unique_exact
3213,ATACTCTGGGACTT,1,1,unique_exact
3214,ATAGATTGAGCCAT,1,1,unique_exact
3215,ATAGTCCTGTTCTT,1,1,unique_exact
3216,ATATGAACCTTATC,1,1,unique_exact
3217,ATCAAATGAGGAGC,1,1,unique_exact
3218,ATCAACCTCCTGAA,1,1,unique_exact
3219,ATCAGGTGCTGAAC,1,1,unique_exact
3220,ATCCAGGAACGGGA,1,1,unique_exact
3221,ATCCATACCCCTTG,1,1,unique_exact
3222,ATCCCGTGACGTGT,1,1,unique_exact
3223,ATCGAGTGGTCTGA,1,1,unique_exact
3224,ATCGCAGAAAACAG,1,1,unique_exact
3225,ATCGCAGAGCTCCT,3,1,unique_exact
3226,ATCGCCTGTGTCTT,2,1,unique_exact
3227,ATCGGAACGGGTGA,1,1,unique_exact
3228,ATCGTTTGACGTTG,1,1,unique_exact
3229,ATCTTGACGGACGA,1,1,unique_exact
3230,ATGCAGACCCAAGT,1,1,unique_exact
3231,ATGCCAGAGGCAAG,1,1,unique_exact
3232,ATGCGCCTCTTGCC,1,1,unique_exact
3233,ATGTTAGACTCGCT,1,1,unique_exact
3234,ATGTTCACACGGGA,1,1,unique_exact
3235,ATTAACGATAAAGG,1,1,unique_exact
3236,ATTAACGATACAGC,1,1,unique_exact
3237,ATTAAGACTTCGGA,1,1,unique_exact
3238,ATTACCACATTTCC,1,1,unique_exact
3239,ATTCCAACTGGTCA,1,1,unique_exact
3240,ATTCCAACTTCGCC,1,1,unique_exact
3241,ATTCCATGTTTCAC,1,1,unique_exact
3242,ATTGAATGACGTAC,1,1,unique_exact
3243,ATTGCACTGGGCAA,2,1,unique_exact
3244,ATTGGTCTTCATTC,1,1,unique_exact
3245,ATTTAGGACCAAGT,1,1,unique_exact
3246,ATTTCGTGTCAGTG,1,1,unique_exact
3247,ATTTGCACTGACCA,3,1,unique_exact
3248,CAAAGCTGGCATCA,1,1,unique_exact
3249,CAACAGACAGATCC,1,1,unique_exact
3250,CAACCGCTCGCATA,1,1,unique_exact
3251,CAAGAAGAGTAGCT,1,1,unique_exact
3252,CAAGACTGATGACC,1,1,unique_exact
3253,CAAGACTGGTTCTT,1,1,unique_exact
3254,CAAGCATGCAAAGA,1,1,unique_exact
3255,CAAGCATGGGGAGT,1,1,unique_exact
3256,CAAGCTGAACGTTG,1,1,unique_exact
3257,CAATCGGAACGTAC,1,1,unique_exact
3258,CAATTCACCGAGAG,1,1,unique_exact
3259,CACCCATGAATCGC,1,1,unique_exact
3260,CACCCATGTCAGGT,1,1,unique_exact
3261,CACCGGGAGGTTAC,2,1,unique_exact
3262,CACTAGGAAGGCGA,1,1,unique_exact
3263,CACTAGGAGTCTAG,1,1,unique_exact
3264,CACTCCGAGGCATT,1,1,unique_exact
3265,CACTCTCTCGACTA,1,1,unique_exact
3266,CACTTTGATTATCC,1,1,unique_exact
3267,CAGACAACAAGAGT,1,1,unique_exact
3268,CAGACTGAGGGAGT,1,1,unique_exact
3269,CAGATCGAATTGGC,1,1,unique_exact
3270,CAGATCGATCTGGA,1,1,unique_exact
3271,CAGCATGAACCCAA,1,1,unique_exact
3272,CAGCATGACTGCAA,1,1,unique_exact
3273,CAGGAACTTCTCAT,1,1,unique_exact
3274,CATCAGGAACTACG,1,1,unique_exact
3275,CATCGCTGGAAAGT,1,1,unique_exact
3276,CATGCCACTAAGGA,1,1,unique_exact
3277,CATGCGCTGGTGAG,2,1,unique_exact
3278,CATGGATGCATTTC,1,1,unique_exact
3279,CATGTACTTACTTC,2,1,unique_exact
3280,CATTGACTGTTCAG,2,1,unique_exact
3281,CATTGGGATGTTTC,1,1,unique_exact
3282,CATTGTACAAACGA,1,1,unique_exact
3283,CATTTGTGGAACTC,1,1,unique_exact
3284,CATTTGTGGGGAGT,1,1,unique_exact
3285,CCAACCTGTGCCTC,1,1,unique_exact
3286,CCACCATGGTCGAT,1,1,unique_exact
3287,CCACCTGAGTTTCT,1,1,unique_exact
3288,CCACGGGACGACTA,1,1,unique_exact
3289,CCACTGTGTTTGTC,1,1,unique_exact
3290,CCACTTCTATCGTG,1,1,unique_exact
3291,CCAGACCTTGACTG,1,1,unique_exact
3292,CCAGCGGAGTAGGG,1,1,unique_exact
3293,CCAGGTCTCAGAGG,1,1,unique_exact
3294,CCAGTGCTGCAAGG,1,1,unique_exact
3295,CCATGCTGTGCTTT,1,1,unique_exact
3296,CCCAACACTCTTCA,2,1,unique_exact
3297,CCCACATGGCGTTA,2,1,unique_exact
3298,CCCATCGAAGGTCT,1,1,unique_exact
3299,CCCATCGAGAATAG,1,1,unique_exact
3300,CCCATCGATGCAGT,1,1,unique_exact
3301,CCCATGTGGTCACA,1,1,unique_exact
3302,CCCGGAGAACCTGA,1,1,unique_exact
3303,CCCTAGTGACAGCT,1,1,unique_exact
3304,CCCTAGTGGAGACG,1,1,unique_exact
3305,CCCTCAGATTACTC-1,0,0,no_barcode_candidate
3306,CCCTTACTGCAAGG,1,1,unique_exact
3307,CCGACACTAACCGT,1,1,unique_exact
3308,CCGCTATGTGGTAC,1,1,unique_exact
3309,CCGTAAGAACCAGT,1,1,unique_exact
3310,CCGTAAGACTTCCG,1,1,unique_exact
3311,CCGTACACGGAAAT,1,1,unique_exact
3312,CCTACCGACACTGA,1,1,unique_exact
3313,CCTAGAGACCAATG,1,1,unique_exact
3314,CCTATAACAACGGG,2,1,unique_exact
3315,CCTCATCTCATGGT,1,1,unique_exact
3316,CCTCGAACGGGATG,1,1,unique_exact
3317,CCTGACTGACCTCC,1,1,unique_exact
3318,CCTTAATGCTATTC,1,1,unique_exact
3319,CCTTTAGAACTGTG,1,1,unique_exact
3320,CCTTTAGAGCTTCC,1,1,unique_exact
3321,CCTTTAGAGTAAAG,1,1,unique_exact
3322,CCTTTAGATGGAGG,1,1,unique_exact
3323,CGAAGTACTTCAGG,1,1,unique_exact
3324,CGACCACTACTAGC,1,1,unique_exact
3325,CGACTCACCAACCA,1,1,unique_exact
3326,CGACTGCTTGATGC,1,1,unique_exact
3327,CGACTGCTTGTTCT,1,1,unique_exact
3328,CGAGATTGCCTCCA,1,1,unique_exact
3329,CGAGATTGGACGGA,1,1,unique_exact
3330,CGAGATTGTCCTTA,1,1,unique_exact
3331,CGATAGACTGTAGC,1,1,unique_exact
3332,CGATCCACGAGGCA,2,1,unique_exact
3333,CGATCCACTTCCAT,2,1,unique_exact
3334,CGCAAATGCTGCAA,1,1,unique_exact
3335,CGCAAATGGGTCAT,1,1,unique_exact
3336,CGCAGGACCTTCTA,1,1,unique_exact
3337,CGCCATACGCGGAA,1,1,unique_exact
3338,CGCCATTGCAGTCA,1,1,unique_exact
3339,CGCCTAACGACTAC,1,1,unique_exact
3340,CGCCTAACTTCGTT,2,1,unique_exact
3341,CGGAATTGTTAGGC,1,1,unique_exact
3342,CGGATATGTCACCC,1,1,unique_exact
3343,CGGCCAGAACACAC,1,1,unique_exact
3344,CGGCCAGACATTCT,1,1,unique_exact
3345,CGGCGAACGGTGTT,1,1,unique_exact
3346,CGTAACGAACGCAT,1,1,unique_exact
3347,CGTAGCCTCCGAAT,1,1,unique_exact
3348,CGTGAATGTGCTCC,1,1,unique_exact
3349,CGTGATGAAGGTTC,1,1,unique_exact
3350,CGTGTAGAACTACG,1,1,unique_exact
3351,CTAAACCTGAATGA,2,1,unique_exact
3352,CTAACACTAGGTTC,1,1,unique_exact
3353,CTAACGGAACCTAG,1,1,unique_exact
3354,CTAACGGATGTCCC,1,1,unique_exact
3355,CTAACTACCGCTAA,1,1,unique_exact
3356,CTACCTCTTAGCCA,1,1,unique_exact
3357,CTAGATCTCCCACT,1,1,unique_exact
3358,CTAGTTACCAACTG,1,1,unique_exact
3359,CTATGACTCCAAGT,1,1,unique_exact
3360,CTATGACTTGAAGA,1,1,unique_exact
3361,CTCAATTGTAAGGA,1,1,unique_exact
3362,CTCAGGCTTAGCGT,1,1,unique_exact
3363,CTCCACGACTTCCG,1,1,unique_exact
3364,CTCGACTGGGTAGG,1,1,unique_exact
3365,CTCGCATGCCAACA,1,1,unique_exact
3366,CTGAACGAGGTTAC,1,1,unique_exact
3367,CTGAACGATTCATC,1,1,unique_exact
3368,CTGAAGACTGAAGA,1,1,unique_exact
3369,CTGAGAACCTTGCC,1,1,unique_exact
3370,CTGAGCCTCGGAGA,1,1,unique_exact
3371,CTGAGCCTGTAGGG,1,1,unique_exact
3372,CTGATGGAACCTGA,1,1,unique_exact
3373,CTGATTTGTATGGC,1,1,unique_exact
3374,CTGCAGCTAAGCAA,3,1,unique_exact
3375,CTGTATACACTGTG,1,1,unique_exact
3376,CTGTATACCTAGCA,1,1,unique_exact
3377,CTGTGAGAGCCAAT,1,1,unique_exact
3378,CTTAAAGAATCTCT,1,1,unique_exact
3379,CTTAAGCTAGCTCA,1,1,unique_exact
3380,CTTACAACGTCATG,1,1,unique_exact
3381,CTTACATGCCGTTC,1,1,unique_exact
3382,CTTAGACTTGAACC,1,1,unique_exact
3383,CTTATCGAAGGTTC,1,1,unique_exact
3384,CTTCTAGAGAACCT,1,1,unique_exact
3385,CTTGTATGTGCCAA,1,1,unique_exact
3386,GAAAGCCTGTACCA,1,1,unique_exact
3387,GAACACACTATTCC,2,1,unique_exact
3388,GAACAGCTTCTACT,1,1,unique_exact
3389,GAACCAACGGTTTG,1,1,unique_exact
3390,GAACCTGACCTTCG,1,1,unique_exact
3391,GAAGAATGCCACAA,1,1,unique_exact
3392,GAAGAATGTTCCAT,1,1,unique_exact
3393,GAAGGGTGGTCCTC,1,1,unique_exact
3394,GAAGTGCTGAACTC,1,1,unique_exact
3395,GAATGCACGTGCAT,1,1,unique_exact
3396,GACAGGGACAGCTA,1,1,unique_exact
3397,GACCTCACTCGTGA,1,1,unique_exact
3398,GACGGCACAGAGTA,1,1,unique_exact
3399,GACGTATGTAAAGG,1,1,unique_exact
3400,GACGTATGTCAGTG,2,1,unique_exact
3401,GACGTCCTGTTAGC,1,1,unique_exact
3402,GACTACGAGACTAC,1,1,unique_exact
3403,GAGAAATGTTGCAG,1,1,unique_exact
3404,GAGATAGAGTAGCT,2,1,unique_exact
3405,GAGATCACCCTTGC,1,1,unique_exact
3406,GAGATGCTTGCCAA,1,1,unique_exact
3407,GAGATGCTTTGCAG,1,1,unique_exact
3408,GAGCGAGATGCCAA,1,1,unique_exact
3409,GAGCTCCTTTCGTT,1,1,unique_exact
3410,GAGGGTGAAACAGA,1,1,unique_exact
3411,GAGGTACTATCTTC,1,1,unique_exact
3412,GAGTGACTAACCTG,1,1,unique_exact
3413,GAGTTGTGCATGGT,2,1,unique_exact
3414,GATAGAGATTTCGT,1,1,unique_exact
3415,GATAGCACGGACAG,1,1,unique_exact
3416,GATATAACCATTCT,1,1,unique_exact
3417,GATATCCTGCATCA,1,1,unique_exact
3418,GATATTGAATCTTC,1,1,unique_exact
3419,GATCTTACTGAGCT,1,1,unique_exact
3420,GATGCCCTTGGGAG,1,1,unique_exact
3421,GATTCGGAGGACGA,1,1,unique_exact
3422,GATTCGGAGGTGTT,1,1,unique_exact
3423,GATTTGCTAAGCCT,1,1,unique_exact
3424,GCAAACTGAACCAC,1,1,unique_exact
3425,GCAAACTGGTACCA,1,1,unique_exact
3426,GCAACTGAGACGAG,1,1,unique_exact
3427,GCAATCGAAACTGC,1,1,unique_exact
3428,GCAATCGACTTGAG,1,1,unique_exact
3429,GCACCTTGCCTATT,1,1,unique_exact
3430,GCACCTTGTGACCA,1,1,unique_exact
3431,GCACGGTGACGGTT,1,1,unique_exact
3432,GCACGTCTGGTACT,1,1,unique_exact
3433,GCACTAGACTCATT,1,1,unique_exact
3434,GCAGATACCCTCGT,1,1,unique_exact
3435,GCAGGGCTCCCTCA,1,1,unique_exact
3436,GCAGTTGACATGGT,1,1,unique_exact
3437,GCATCAGAGGGACA,1,1,unique_exact
3438,GCATCAGATATCTC,1,1,unique_exact
3439,GCATGTGATGTCCC,1,1,unique_exact
3440,GCATTGGATTCTTG,1,1,unique_exact
3441,GCCAAATGCTCCCA,1,1,unique_exact
3442,GCCACTACGTGCTA,1,1,unique_exact
3443,GCCATCACAGTGTC,1,1,unique_exact
3444,GCCATCACTTCCAT,1,1,unique_exact
3445,GCCATGCTATGTCG,1,1,unique_exact
3446,GCCGTACTGACAGG,1,1,unique_exact
3447,GCCTCAACAGGAGC,1,1,unique_exact
3448,GCCTCAACTTCGCC,1,1,unique_exact
3449,GCCTCATGAACCGT,1,1,unique_exact
3450,GCGACTCTTAGAAG,1,1,unique_exact
3451,GCGTAATGCTCTAT,1,1,unique_exact
3452,GCTATACTCTGTGA,1,1,unique_exact
3453,GCTCGACTTTTCGT,1,1,unique_exact
3454,GCTTAACTACCACA,2,1,unique_exact
3455,GCTTGAGACTTACT,1,1,unique_exact
3456,GGAATGCTCTCCCA,1,1,unique_exact
3457,GGAATGCTGTAGCT,1,1,unique_exact
3458,GGACCGTGGTAAGA,1,1,unique_exact
3459,GGACGAGACATTTC,1,1,unique_exact
3460,GGACGCACCCTTGC,1,1,unique_exact
3461,GGACTATGTCTTTG,1,1,unique_exact
3462,GGAGCCACTTATCC,1,1,unique_exact
3463,GGAGTTTGATGTGC,1,1,unique_exact
3464,GGATACTGTGAGCT,1,1,unique_exact
3465,GGATTTCTGTACGT,1,1,unique_exact
3466,GGCCAGACGGAAAT,2,1,unique_exact
3467,GGCCCAGAGCTACA,1,1,unique_exact
3468,GGCCGAACTGGTCA,1,1,unique_exact
3469,GGCGACTGGTGCTA,1,1,unique_exact
3470,GGCGGACTGATGAA,1,1,unique_exact
3471,GGGAACGATGATGC,1,1,unique_exact
3472,GGGACCACTCTTTG,1,1,unique_exact
3473,GGGACCTGGTATCG,1,1,unique_exact
3474,GGGATTACCCTCCA,1,1,unique_exact
3475,GGGCCAACCTGCAA,1,1,unique_exact
3476,GGGTTAACCTGTAG,1,1,unique_exact
3477,GGTACATGTGTCCC,1,1,unique_exact
3478,GGTCAAACAATCGC,1,1,unique_exact
3479,GGTGATACCTTGCC,1,1,unique_exact
3480,GTAAGCACAGAGAT,1,1,unique_exact
3481,GTAAGCACCAACCA,2,1,unique_exact
3482,GTAAGCACCTGAGT,1,1,unique_exact
3483,GTACTACTCGTGAT,1,1,unique_exact
3484,GTACTTTGCAGAGG,1,1,unique_exact
3485,GTATTCACTGCCCT,1,1,unique_exact
3486,GTCACAGATCAAGC,1,1,unique_exact
3487,GTCACCTGAAGGCG,2,1,unique_exact
3488,GTCATACTTAGAAG,1,1,unique_exact
3489,GTCCACACAAGTAG,1,1,unique_exact
3490,GTCCACACTTGTCT,1,1,unique_exact
3491,GTCCACTGTTGGCA,1,1,unique_exact
3492,GTCCAGCTTTGCAG,1,1,unique_exact
3493,GTCCAGCTTTGGCA,1,1,unique_exact
3494,GTCGCACTATCGGT,1,1,unique_exact
3495,GTCTGAGAAACCTG,1,1,unique_exact
3496,GTGAGGGAGTTAGC,1,1,unique_exact
3497,GTGAGGGATGCATG,1,1,unique_exact
3498,GTGCTAGAGTGTTG,2,1,unique_exact
3499,GTGGAGGAGGTAGG,1,1,unique_exact
3500,GTGGATTGAACCAC,1,1,unique_exact
3501,GTGGATTGAATGCC,1,1,unique_exact
3502,GTGTATCTTCGTAG,1,1,unique_exact
3503,GTGTCAGATGAGCT,1,1,unique_exact
3504,GTGTGATGGATAAG,1,1,unique_exact
3505,GTTACGGAACCCTC,1,1,unique_exact
3506,GTTAGGTGTAAGCC,1,1,unique_exact
3507,GTTAGGTGTCTTCA,1,1,unique_exact
3508,GTTGACGATCTCAT,1,1,unique_exact
3509,TAAACAACAGAGAT,1,1,unique_exact
3510,TAAAGACTCAAGCT,2,1,unique_exact
3511,TAACCGGAAACGTC,1,1,unique_exact
3512,TAACGTCTGCAAGG,1,1,unique_exact
3513,TAACTCACAGCTCA,2,1,unique_exact
3514,TAAGATTGTAAGCC,1,1,unique_exact
3515,TAAGCGTGTCGCCT,1,1,unique_exact
3516,TAAGCTCTCCTCAC,1,1,unique_exact
3517,TAAGCTCTGTACGT,1,1,unique_exact
3518,TAAGCTCTTGCGTA,1,1,unique_exact
3519,TAAGTAACAAGAAC,1,1,unique_exact
3520,TACAAATGAGAGGC,1,1,unique_exact
3521,TACACACTACCAGT,1,1,unique_exact
3522,TACCATTGGGAACG,1,1,unique_exact
3523,TACCATTGTCTGGA,1,1,unique_exact
3524,TACCGCTGGGAACG,2,1,unique_exact
3525,TACCGGCTCTAGAC,1,1,unique_exact
3526,TACGAGTGCGATAC,1,1,unique_exact
3527,TACGCGCTGTCACA,1,1,unique_exact
3528,TACTACTGCAGAGG,1,1,unique_exact
3529,TACTCAACGTCAAC,1,1,unique_exact
3530,TACTTGACGAACCT,1,1,unique_exact
3531,TACTTGACGGTATC,1,1,unique_exact
3532,TAGACGTGTGCAGT,1,1,unique_exact
3533,TAGATCCTTGCTTT,1,1,unique_exact
3534,TAGCATCTACTAGC,1,1,unique_exact
3535,TAGCATCTTTTGTC,1,1,unique_exact
3536,TAGCCCTGGCTATG,1,1,unique_exact
3537,TAGCCGCTACCTTT,1,1,unique_exact
3538,TAGCCGCTTGCATG,1,1,unique_exact
3539,TAGGACTGTATGGC,1,1,unique_exact
3540,TAGGGACTCTTCGC,1,1,unique_exact
3541,TAGGTCGAACCAAC,1,1,unique_exact
3542,TAGTAATGACAGTC,1,1,unique_exact
3543,TAGTAATGACCTGA,1,1,unique_exact
3544,TAGTAATGTGGTCA,1,1,unique_exact
3545,TAGTACCTGGTGTT,1,1,unique_exact
3546,TAGTCACTCAGTTG,1,1,unique_exact
3547,TAGTCACTGACTAC,1,1,unique_exact
3548,TAGTGGTGTCTACT,1,1,unique_exact
3549,TATACAGATCCAAG,1,1,unique_exact
3550,TATAGATGCCGTAA,1,1,unique_exact
3551,TATCACTGCAGCTA,1,1,unique_exact
3552,TATCTCGAGGGATG,1,1,unique_exact
3553,TATGAATGGCGAAG,1,1,unique_exact
3554,TATTTCCTATCACG,1,1,unique_exact
3555,TCACAACTGAGGCA,2,1,unique_exact
3556,TCACCGTGAGTCTG,1,1,unique_exact
3557,TCACCGTGGGATTC,1,1,unique_exact
3558,TCAGCAGACCCACT,1,1,unique_exact
3559,TCAGCGCTATGGTC,1,1,unique_exact
3560,TCATGTACACCATG,1,1,unique_exact
3561,TCATTCGAGGAACG,1,1,unique_exact
3562,TCCACGTGTCAGGT,2,1,unique_exact
3563,TCCCTACTGAGGAC,1,1,unique_exact
3564,TCGATTTGTCTTAC,1,1,unique_exact
3565,TCGCAAGAAACCAC,1,1,unique_exact
3566,TCGCACTGCGTCTC,1,1,unique_exact
3567,TCGGACCTATCAGC,1,1,unique_exact
3568,TCGTAGGATGGATC,1,1,unique_exact
3569,TCGTGAGACCTCCA,1,1,unique_exact
3570,TCTAACTGACGGAG,1,1,unique_exact
3571,TCTAAGCTGCTATG,1,1,unique_exact
3572,TCTAGTTGGCTACA,1,1,unique_exact
3573,TCTCAAACCAGATC,1,1,unique_exact
3574,TCTGATACGGATTC,1,1,unique_exact
3575,TCTTACGAGCAGAG,1,1,unique_exact
3576,TCTTACGATAGTCG,1,1,unique_exact
3577,TCTTGATGCCTCGT,1,1,unique_exact
3578,TGACACGATTCTAC,1,1,unique_exact
3579,TGACCAGAGAAAGT,1,1,unique_exact
3580,TGACCGCTTGTGAC,1,1,unique_exact
3581,TGACTTACCCTTGC,1,1,unique_exact
3582,TGAGACACCCGAAT,1,1,unique_exact
3583,TGAGTGACTAGTCG,1,1,unique_exact
3584,TGATAAACGGTCTA,2,1,unique_exact
3585,TGATACCTGCGGAA,1,1,unique_exact
3586,TGATCGGAATGCTG,1,1,unique_exact
3587,TGATTAGATATGGC,1,1,unique_exact
3588,TGCCACTGTTTGTC,1,1,unique_exact
3589,TGCCAGCTTCAGGT-1,0,0,no_barcode_candidate
3590,TGCCGACTCTGGAT,1,1,unique_exact
3591,TGCGTAGATCTACT,1,1,unique_exact
3592,TGGAACACTCACGA,1,1,unique_exact
3593,TGGATGTGGAGACG,1,1,unique_exact
3594,TGGATGTGGTAAGA,1,1,unique_exact
3595,TGTAATGAGGCAAG,1,1,unique_exact
3596,TGTACTTGGGTACT,1,1,unique_exact
3597,TGTAGTCTAGTGTC,1,1,unique_exact
3598,TGTATCTGACTCTT,1,1,unique_exact
3599,TGTATCTGGAGGTG,1,1,unique_exact
3600,TGTGATCTGAAAGT,1,1,unique_exact
3601,TTACACACCAACTG,1,1,unique_exact
3602,TTACCATGCTTCGC,1,1,unique_exact
3603,TTACCATGGAGGCA,1,1,unique_exact
3604,TTACTCGAGGACGA,1,1,unique_exact
3605,TTAGAATGTGGAAA,1,1,unique_exact
3606,TTAGGTCTTCCTTA,1,1,unique_exact
3607,TTAGTCTGATCGAC,1,1,unique_exact
3608,TTCACCCTAGCTAC,1,1,unique_exact
3609,TTCACCCTTCGCAA,1,1,unique_exact
3610,TTCATCGAAGGTTC,1,1,unique_exact
3611,TTCATCGACGAGAG,1,1,unique_exact
3612,TTCATCGACTTGCC,2,1,unique_exact
3613,TTCATTCTGAGGAC,1,1,unique_exact
3614,TTCCATGACTTGCC,1,1,unique_exact
3615,TTCCCACTCTGTCC,1,1,unique_exact
3616,TTCCCACTTTTGTC,1,1,unique_exact
3617,TTCGAGGATTATCC,1,1,unique_exact
3618,TTCTGATGTGGAAA,1,1,unique_exact
3619,TTCTTACTTCCGAA,1,1,unique_exact
3620,TTGACACTCACTAG,1,1,unique_exact
3621,TTGAGGTGCAAGCT,1,1,unique_exact
3622,TTGCTATGGTACCA,3,1,unique_exact
3623,TTGTCATGTCTCCG,1,1,unique_exact
3624,TTTAGAGATCATTC,1,1,unique_exact
3625,TTTATCCTTAGCGT,1,1,unique_exact
3626,TTTCCAGACTGGAT,1,1,unique_exact
3627,AAACGCTGGTCTTT,1,1,unique_exact
3628,AAAGATCTCCAGTA,1,1,unique_exact
3629,AAAGCCTGACTGGT,1,1,unique_exact
3630,AAAGTTTGTTTGCT,1,1,unique_exact
3631,AAATTCGAAGCCTA,1,1,unique_exact
3632,AAATTCGACATACG,1,1,unique_exact
3633,AACACTCTAGTAGA,1,1,unique_exact
3634,AACATATGCACTAG,1,1,unique_exact
3635,AACCAGTGCGCTAA,1,1,unique_exact
3636,AACCCAGACTGCAA,1,1,unique_exact
3637,AAGAAGACCGATAC,1,1,unique_exact
3638,AAGCCATGTATGGC,1,1,unique_exact
3639,AAGTCCGATATCTC,1,1,unique_exact
3640,AAGTCTCTCTTTAC,2,1,unique_exact
3641,AAGTGCACAGGAGC,1,1,unique_exact
3642,AATAGGGACCCTCA,1,1,unique_exact
3643,AATCCTACACCAAC,2,1,unique_exact
3644,ACAAGAGACACTGA,1,1,unique_exact
3645,ACAATAACCACTTT,2,1,unique_exact
3646,ACACCAGAAAGTAG,1,1,unique_exact
3647,ACACCAGAGAAACA,1,1,unique_exact
3648,ACAGACACCATGGT,1,1,unique_exact
3649,ACCAGTGATTTGTC,1,1,unique_exact
3650,ACCGCGGACCTTAT,2,1,unique_exact
3651,ACCTCCGAGTATCG,1,1,unique_exact
3652,ACCTCCGATCAGTG,1,1,unique_exact
3653,ACGACAACAAAAGC,1,1,unique_exact
3654,ACGACCCTTGGAAA,1,1,unique_exact
3655,ACGCCTTGGTTACG,1,1,unique_exact
3656,ACGGTCCTTGGATC,2,1,unique_exact
3657,ACGTCCTGCTCCAC,1,1,unique_exact
3658,ACGTCCTGTTCAGG,1,1,unique_exact
3659,ACGTCGCTGTTACG,1,1,unique_exact
3660,ACGTGATGAAGTAG,1,1,unique_exact
3661,ACTGCCTGCTCCCA,1,1,unique_exact
3662,ACTGTGGAGTGTCA,1,1,unique_exact
3663,ACTGTTACTGGCAT,1,1,unique_exact
3664,ACTTAGCTCTGTAG,1,1,unique_exact
3665,ACTTAGCTGAATCC,1,1,unique_exact
3666,ACTTCTGAGTGTTG,1,1,unique_exact
3667,AGAACAGAATGTCG,2,1,unique_exact
3668,AGAGTGCTTTTGGG,1,1,unique_exact
3669,AGATCGTGAAAAGC,1,1,unique_exact
3670,AGATCTCTAACGTC,1,1,unique_exact
3671,AGCCAATGCCATGA,1,1,unique_exact
3672,AGCCGGACTGTGCA,1,1,unique_exact
3673,AGCCGTCTGGAGTG,1,1,unique_exact
3674,AGCCTCACCGCCTT,1,1,unique_exact
3675,AGCCTCACCTATGG,1,1,unique_exact
3676,AGCGCCGATGGCAT,1,1,unique_exact
3677,AGCTGAACCTTCTA,1,1,unique_exact
3678,AGGACACTAGAGGC,1,1,unique_exact
3679,AGGCAACTCTTGAG,1,1,unique_exact
3680,AGGCAGGATTCACT,1,1,unique_exact
3681,AGGCCTCTCAACCA,1,1,unique_exact
3682,AGGGAGTGTCAAGC,1,1,unique_exact
3683,AGGGCGCTAAGAAC,1,1,unique_exact
3684,AGGGCGCTGTCGAT,1,1,unique_exact
3685,AGGTCTGAAGTAGA,1,1,unique_exact
3686,AGTATCCTGTACGT,1,1,unique_exact
3687,AGTCGCCTTGTCGA,1,1,unique_exact
3688,AGTCTACTGCTGTA,1,1,unique_exact
3689,AGTTATGAAGCTAC,1,1,unique_exact
3690,AGTTTCACTCAGAC,3,1,unique_exact
3691,AGTTTGCTGGTTTG,1,1,unique_exact
3692,ATACCGGATGGGAG,1,1,unique_exact
3693,ATACCGGATTTCAC,1,1,unique_exact
3694,ATAGCGTGCGTAGT,1,1,unique_exact
3695,ATAGGAGATAGCGT,2,1,unique_exact
3696,ATAGGCTGCTAAGC,1,1,unique_exact
3697,ATATAGTGGTTCTT,1,1,unique_exact
3698,ATCAAATGGTTACG,1,1,unique_exact
3699,ATCAACCTCAGATC,1,1,unique_exact
3700,ATCACGGAGTTTCT,1,1,unique_exact
3701,ATCAGGTGCTATTC,1,1,unique_exact
3702,ATCGCCACGGAGTG,1,1,unique_exact
3703,ATCGCCTGCCCAAA,1,1,unique_exact
3704,ATGATATGATTCCT,1,1,unique_exact
3705,ATGGTGACCACAAC,1,1,unique_exact
3706,ATTACCACCCTAAG,1,1,unique_exact
3707,ATTACCTGGTAGGG,1,1,unique_exact
3708,ATTATGGACTTGCC,1,1,unique_exact
3709,ATTGCTTGTTGAGC,1,1,unique_exact
3710,ATTTCCGATAACGC,1,1,unique_exact
3711,ATTTGCACTCAGGT,1,1,unique_exact
3712,CAACAGACCCGTTC,1,1,unique_exact
3713,CAACGAACTCCGAA,1,1,unique_exact
3714,CAACGTGAGGTGGA,1,1,unique_exact
3715,CAAGACACGATGAA,1,1,unique_exact
3716,CAAGACACTTCTGT,1,1,unique_exact
3717,CAAGTCGATCTCCG,1,1,unique_exact
3718,CAATGGACGGTGAG,1,1,unique_exact
3719,CACACCTGGGTATC,1,1,unique_exact
3720,CACCACTGCTGACA,1,1,unique_exact
3721,CACCTGACAGAAGT,1,1,unique_exact
3722,CACCTGACGAGCAG,1,1,unique_exact
3723,CACGACCTCTGAGT,1,1,unique_exact
3724,CACGATGAGTCATG,1,1,unique_exact
3725,CACGCTACACGGTT,1,1,unique_exact
3726,CACTATACGGACTT,1,1,unique_exact
3727,CAGATCGAACCATG,1,1,unique_exact
3728,CAGCACCTACCAAC,1,1,unique_exact
3729,CATATAGAACCACA,1,1,unique_exact
3730,CATCAGGAGCGAAG,1,1,unique_exact
3731,CATCCCGAGTCATG,1,1,unique_exact
3732,CATCTCCTACCACA,1,1,unique_exact
3733,CATCTCCTGCTTCC,1,1,unique_exact
3734,CATGCGCTTGGTAC,1,1,unique_exact
3735,CATTCCCTGCTATG,1,1,unique_exact
3736,CATTTGACCTCAGA,1,1,unique_exact
3737,CATTTGTGGGCAAG,1,1,unique_exact
3738,CATTTGTGTGCACA,1,1,unique_exact
3739,CCAAGTGAGGTTCA,1,1,unique_exact
3740,CCAGACCTATTCCT,1,1,unique_exact
3741,CCAGCTACTGGATC,1,1,unique_exact
3742,CCAGTCACCTCCCA,2,1,unique_exact
3743,CCCAGTTGTGCACA,1,1,unique_exact
3744,CCCATCGATAGACC,1,1,unique_exact
3745,CCCGAACTGTCTGA,1,1,unique_exact
3746,CCGATAGACCATAG,1,1,unique_exact
3747,CCGCGAGACTGGTA,1,1,unique_exact
3748,CCGTAAGACTTTAC,1,1,unique_exact
3749,CCGTACACGGTTAC,1,1,unique_exact
3750,CCTAAGGAACAGTC,1,1,unique_exact
3751,CCTATAACATTTCC,1,1,unique_exact
3752,CCTATTGATGAGGG,1,1,unique_exact
3753,CGACCTACAGATGA,1,1,unique_exact
3754,CGACTGCTTTGGTG,1,1,unique_exact
3755,CGAGCCGAGTTGCA,1,1,unique_exact
3756,CGCCATACAGCTCA,1,1,unique_exact
3757,CGCCTAACCGTAGT,1,1,unique_exact
3758,CGCTAAGAAGAGAT,1,1,unique_exact
3759,CGGCATCTACGTTG,1,1,unique_exact
3760,CGGCGATGTCATTC,1,1,unique_exact
3761,CGGTAAACTTGGCA,1,1,unique_exact
3762,CGTACCACAAAAGC,1,1,unique_exact
3763,CGTGCACTAGGGTG,2,1,unique_exact
3764,CTAAACCTTTGTCT,1,1,unique_exact
3765,CTAACTACACACTG,1,1,unique_exact
3766,CTAATAGAGTACAC,1,1,unique_exact
3767,CTACTATGAGTGTC,1,1,unique_exact
3768,CTATCATGATCTTC,1,1,unique_exact
3769,CTATGACTTGCACA,1,1,unique_exact
3770,CTATGTTGTACAGC,1,1,unique_exact
3771,CTCAATTGCATTCT,1,1,unique_exact
3772,CTCAATTGCCCTCA,1,1,unique_exact
3773,CTCATTGACTGGAT,1,1,unique_exact
3774,CTCGAAGAGGTGAG,1,1,unique_exact
3775,CTCGACTGCTTCTA,1,1,unique_exact
3776,CTGAAGACGAGGCA,1,1,unique_exact
3777,CTGACAGACCCTTG,1,1,unique_exact
3778,CTGCGACTTGTCTT,1,1,unique_exact
3779,CTTAACACCTGTTT,2,1,unique_exact
3780,CTTACATGTTGCGA,1,1,unique_exact
3781,CTTAGACTTTGTGG,2,1,unique_exact
3782,CTTCATGAGCTTCC,1,1,unique_exact
3783,CTTGTATGTAGAAG,1,1,unique_exact
3784,CTTTACGACACCAA,1,1,unique_exact
3785,CTTTGATGACCGAT,1,1,unique_exact
3786,GAAACCTGCGAACT,1,1,unique_exact
3787,GAAATACTTTGGCA,1,1,unique_exact
3788,GAACCAACCTGCAA,2,1,unique_exact
3789,GAACCTGAGGAAGC,1,1,unique_exact
3790,GAAGAATGCGGGAA,1,1,unique_exact
3791,GACACTGAAGAATG,1,1,unique_exact
3792,GACAGGGAAAGAGT,1,1,unique_exact
3793,GACAGTACCCTCCA,1,1,unique_exact
3794,GACAGTACCTCCAC,1,1,unique_exact
3795,GACAGTTGCTTGGA,1,1,unique_exact
3796,GACAGTTGGAAGGC,2,1,unique_exact
3797,GACCTAGATGGTGT,1,1,unique_exact
3798,GACCTCACGAGGCA,1,1,unique_exact
3799,GACGATTGGGACAG,1,1,unique_exact
3800,GACTCCTGTACGAC,1,1,unique_exact
3801,GAGATCACGTATCG,1,1,unique_exact
3802,GAGATCACGTCAAC,1,1,unique_exact
3803,GAGCAGGAGAGGAC,1,1,unique_exact
3804,GAGGGAACAGAAGT,1,1,unique_exact
3805,GAGGGCCTCTGAGT,1,1,unique_exact
3806,GAGGTTACGTCACA,1,1,unique_exact
3807,GAGTAAGATGTTTC,1,1,unique_exact
3808,GAGTGACTTGCAAC,1,1,unique_exact
3809,GAGTGGGAAGGTCT,1,1,unique_exact
3810,GAGTGGGACTGAGT,1,1,unique_exact
3811,GATACTCTGTAGGG,1,1,unique_exact
3812,GATAGAGAGATACC,1,1,unique_exact
3813,GATATAACCTTTAC,1,1,unique_exact
3814,GATCCCTGCGTAAC,1,1,unique_exact
3815,GATCGAACTAAGCC,1,1,unique_exact
3816,GATCTACTCAGCTA,1,1,unique_exact
3817,GATCTACTTAGCGT,1,1,unique_exact
3818,GATGACACGGTATC,1,1,unique_exact
3819,GATTGGTGAACTGC,1,1,unique_exact
3820,GCACACCTGAATAG,1,1,unique_exact
3821,GCACCTTGATCGAC,1,1,unique_exact
3822,GCACGGTGCGAATC,1,1,unique_exact
3823,GCAGCGTGCCTGAA,2,1,unique_exact
3824,GCAGCTCTAAGGTA,1,1,unique_exact
3825,GCATGTGAAAGATG,2,1,unique_exact
3826,GCCAAATGCGTACA,1,1,unique_exact
3827,GCCCAGGATGTGGT,1,1,unique_exact
3828,GCGCACGATAGAAG,2,1,unique_exact
3829,GCGCATCTATTGGC,1,1,unique_exact
3830,GCGGACTGCGTGAT,1,1,unique_exact
3831,GCTCACTGGACAGG,1,1,unique_exact
3832,GCTGATGATCGATG,1,1,unique_exact
3833,GCTTAACTAAAGCA,1,1,unique_exact
3834,GGAATCTGCCTGTC,2,1,unique_exact
3835,GGAATCTGGTAAGA,1,1,unique_exact
3836,GGACAGGAGTTGAC,1,1,unique_exact
3837,GGACGCACGTAGGG,1,1,unique_exact
3838,GGAGACGAAGAGAT,1,1,unique_exact
3839,GGAGGCCTGGACAG,1,1,unique_exact
3840,GGAGGTGACAAGCT,1,1,unique_exact
3841,GGATTTCTAGAGTA,1,1,unique_exact
3842,GGCCCAGATTTCTG,1,1,unique_exact
3843,GGCTCACTGTACCA,1,1,unique_exact
3844,GGGAAGTGGCTGAT,1,1,unique_exact
3845,GGGCAAGAGTTTGG,1,1,unique_exact
3846,GGGCAGCTGAGATA,2,1,unique_exact
3847,GGGCCAACACCATG,1,1,unique_exact
3848,GGTATCGAGGGCAA,1,1,unique_exact
3849,GGTCAAACCGGTAT,2,1,unique_exact
3850,GGTCTAGACCAAGT,1,1,unique_exact
3851,GTAAGCTGTAGAGA,1,1,unique_exact
3852,GTAATATGAAGAAC,1,1,unique_exact
3853,GTACAGTGGTTAGC,1,1,unique_exact
3854,GTAGTGACTTCCGC,1,1,unique_exact
3855,GTAGTGTGTCGACA,1,1,unique_exact
3856,GTCCACTGCCATGA,1,1,unique_exact
3857,GTCGAATGGGCATT,1,1,unique_exact
3858,GTGAACACAAAGTG,1,1,unique_exact
3859,GTGATGACTACAGC,2,1,unique_exact
3860,GTGTAGTGACACGT,1,1,unique_exact
3861,GTTAACCTTGACAC,1,1,unique_exact
3862,GTTGTACTTCATTC,1,1,unique_exact
3863,GTTTAAGAGGTTAC,1,1,unique_exact
3864,GTTTAAGATGTGCA,1,1,unique_exact
3865,TAAATGTGCGGGAA,1,1,unique_exact
3866,TAACAATGACCATG,1,1,unique_exact
3867,TAACAATGGGTAGG,1,1,unique_exact
3868,TAAGATTGCCACAA,1,1,unique_exact
3869,TAAGTAACTTCCCG,2,1,unique_exact
3870,TAATGAACGGTATC,1,1,unique_exact
3871,TACAAATGTCTATC,1,1,unique_exact
3872,TACACACTCCACAA,1,1,unique_exact
3873,TACCGGCTCGTGAT,1,1,unique_exact
3874,TACTGGGATTTGCT,1,1,unique_exact
3875,TACTGTTGAGCTAC,1,1,unique_exact
3876,TAGAATACGGCGAA,1,1,unique_exact
3877,TAGGCTGAGAGACG,1,1,unique_exact
3878,TAGTAAACTTGGTG,1,1,unique_exact
3879,TAGTGGTGTCCGAA,2,1,unique_exact
3880,TATAAGACCAGAAA,1,1,unique_exact
3881,TATAAGACTCGCAA,1,1,unique_exact
3882,TATCAGCTAAGGTA,1,1,unique_exact
3883,TATGAATGCTCAAG,1,1,unique_exact
3884,TCACAACTAAAGTG,2,1,unique_exact
3885,TCAGCAGACAGAGG,1,1,unique_exact
3886,TCCCGATGTTGCTT,1,1,unique_exact
3887,TCCGAGCTACCCAA,1,1,unique_exact
3888,TCGACCTGGCTACA,1,1,unique_exact
3889,TCGAGAACAAGGGC,1,1,unique_exact
3890,TCGCACACAGAATG,1,1,unique_exact
3891,TCGCACTGGGGATG,1,1,unique_exact
3892,TCGGACCTACTACG,1,1,unique_exact
3893,TCTCTAGATGGTCA,1,1,unique_exact
3894,TGAAATTGTCGTTT,1,1,unique_exact
3895,TGATATGATATTCC,1,1,unique_exact
3896,TGATCGGAGCATAC,1,1,unique_exact
3897,TGATCGGATGGTGT,1,1,unique_exact
3898,TGATTCACAACCGT,1,1,unique_exact
3899,TGCACAGAAGTTCG,1,1,unique_exact
3900,TGCATGGAGTAGGG,2,1,unique_exact
3901,TGCCAAGACTCCAC,1,1,unique_exact
3902,TGGTACGAGCTACA,1,1,unique_exact
3903,TGTCTAACGAGAGC,1,1,unique_exact
3904,TGTGGATGCCAGTA,1,1,unique_exact
3905,TGTTACTGTACAGC,2,1,unique_exact
3906,TTACGTACAGGTCT,2,1,unique_exact
3907,TTAGACCTGATAAG,1,1,unique_exact
3908,TTAGCTACCGAGAG,1,1,unique_exact
3909,TTAGGTCTCGACAT,2,1,unique_exact
3910,TTATGGCTTATCGG,1,1,unique_exact
3911,TTCACCCTCGTGTA,2,1,unique_exact
3912,TTCAGTTGACTGTG,1,1,unique_exact
3913,TTCATCGACTTGCC-1,0,0,no_barcode_candidate
3914,TTCTTACTATGTGC,1,1,unique_exact
3915,TTGGAGTGCTACGA,1,1,unique_exact
3916,TTGTAGCTATTGGC,1,1,unique_exact
3917,AAAGATCTGATAGA,1,1,unique_exact
3918,AAATGTTGAAAGTG,1,1,unique_exact
3919,AACAGAGACATTTC,3,1,unique_exact
3920,AACCGCCTGGCAAG,1,1,unique_exact
3921,AACGGTTGCCCACT-1,0,0,no_barcode_candidate
3922,AAGATGGATTCTAC,1,1,unique_exact
3923,AAGCCAACTCGCCT,1,1,unique_exact
3924,AAGGTGCTTTTCAC,1,1,unique_exact
3925,AAGTAACTCTTATC,1,1,unique_exact
3926,AAGTAGGACCTACC,2,1,unique_exact
3927,AAGTGGCTGTAGGG,1,1,unique_exact
3928,ACCCGTACATCTCT,2,1,unique_exact
3929,ACCTCGTGGAGAGC,1,1,unique_exact
3930,ACTACGGAGACGGA,1,1,unique_exact
3931,ACTTCAACGGACAG,1,1,unique_exact
3932,AGAACAGACATGCA,1,1,unique_exact
3933,AGCGATACTCTAGG,1,1,unique_exact
3934,AGCGTAACAGTAGA,1,1,unique_exact
3935,AGGCTAACCTGTGA,1,1,unique_exact
3936,AGGTTCGAGTATCG,2,1,unique_exact
3937,AGTCAGACTGGTTG,1,1,unique_exact
3938,ATCCATACCACCAA,1,1,unique_exact
3939,ATCGGTGACTGGTA,1,1,unique_exact
3940,ATCTACTGTTGCGA,1,1,unique_exact
3941,ATCTGGGAGTTGTG,2,1,unique_exact
3942,ATGCAGACAGAACA,1,1,unique_exact
3943,CAATTCTGCCTCGT,1,1,unique_exact
3944,CACGCTACGAGATA,1,1,unique_exact
3945,CACGGGACGTGTCA,1,1,unique_exact
3946,CACTGCTGAACGAA,1,1,unique_exact
3947,CCAGTGCTCTGGAT,1,1,unique_exact
3948,CCGAAAACACCTCC,1,1,unique_exact
3949,CCGGAGTGGCCAAT,1,1,unique_exact
3950,CCTAAACTCTGGTA,2,1,unique_exact
3951,CCTGACTGAACCTG,1,1,unique_exact
3952,CGCCATACTTCTCA,1,1,unique_exact
3953,CGTAGCCTTCTTCA,1,1,unique_exact
3954,CTATTGTGCGTTGA,1,1,unique_exact
3955,GACTCCTGCGAGAG,1,1,unique_exact
3956,GAGTCAACTAACGC,1,1,unique_exact
3957,GATCATCTGGTGGA,1,1,unique_exact
3958,GATCGAACGAGGTG,1,1,unique_exact
3959,GATCGATGTTTCTG,1,1,unique_exact
3960,GCACGGTGGTACGT,1,1,unique_exact
3961,GCACTGCTCTGGAT,1,1,unique_exact
3962,GCAGCCGAGTGTTG,2,1,unique_exact
3963,GCGTAATGGAGGTG,1,1,unique_exact
3964,GGAGCAGACACAAC,1,1,unique_exact
3965,GGCATATGTTAGGC,1,1,unique_exact
3966,GGCTAATGGTCGTA,2,1,unique_exact
3967,GTATCACTCTCTCG,1,1,unique_exact
3968,GTCTAACTAGTCGT,1,1,unique_exact
3969,GTGATCGATCGTGA,1,1,unique_exact
3970,GTGGATTGAAGCAA,1,1,unique_exact
3971,GTGGTAACTGCGTA,2,1,unique_exact
3972,GTTACGGAAAGAGT,1,1,unique_exact
3973,GTTAGTCTGTTGGT,2,1,unique_exact
3974,TAAAGACTGCCCTT,1,1,unique_exact
3975,TAACATGAACACAC,1,1,unique_exact
3976,TAACTAGATGCAGT,1,1,unique_exact
3977,TACTTTCTATGACC,2,1,unique_exact
3978,TAGTAATGGCGATT,1,1,unique_exact
3979,TATGTCACGTCGAT,1,1,unique_exact
3980,TATTTCCTCGTAAC,1,1,unique_exact
3981,TCATCCCTGCGGAA,1,1,unique_exact
3982,TCGCAAGATTGCAG,1,1,unique_exact
3983,TGATTAGACGAATC,1,1,unique_exact
3984,TGCACGCTACGTTG,2,1,unique_exact
3985,TGTTAAGATCAGAC,1,1,unique_exact
3986,TTCAAAGAAACGGG,1,1,unique_exact
3987,TTGCATTGTCATTC,1,1,unique_exact
3988,TTGGTACTGGGATG,1,1,unique_exact
3989,ATGTCGGATTTCAC,1,1,unique_exact
3990,GCGCATCTATCACG,1,1,unique_exact
3991,AAACATTGGAGACG,1,1,unique_exact
3992,AAACTTGACCACAA,1,1,unique_exact
3993,AAATACTGCCGATA,2,1,unique_exact
3994,AAATCTGATCGCAA,1,1,unique_exact
3995,AAATGTTGCTAGAC,1,1,unique_exact
3996,AAATGTTGCTATGG,1,1,unique_exact
3997,AAATGTTGTTCCGC,1,1,unique_exact
3998,AACAGAGAATCACG,1,1,unique_exact
3999,AACAGCACTTCACT,1,1,unique_exact
4000,AACCACGAAGCCTA,1,1,unique_exact
4001,AACCAGTGCTAGTG,1,1,unique_exact
4002,AACCCAGACCTACC,1,1,unique_exact
4003,AACCGATGTCCAGA,1,1,unique_exact
4004,AACCTTTGCGCAAT,1,1,unique_exact
4005,AACGTGTGTCCTTA,1,1,unique_exact
4006,AACGTTCTACACCA,1,1,unique_exact
4007,AACTCACTACCATG,1,1,unique_exact
4008,AACTCGGAACGACT,1,1,unique_exact
4009,AACTCGGACCTCAC,1,1,unique_exact
4010,AACTCGGAGTTGTG,1,1,unique_exact
4011,AACTGTCTAGATGA,1,1,unique_exact
4012,AACTTGCTACGACT,1,1,unique_exact
4013,AAGACAGATGTCAG,1,1,unique_exact
4014,AAGAGATGTCCTCG,1,1,unique_exact
4015,AAGATTACAGAATG,1,1,unique_exact
4016,AAGCGACTAAGAGT,2,1,unique_exact
4017,AAGCGACTCCATGA,1,1,unique_exact
4018,AAGGTCTGGGTGAG,1,1,unique_exact
4019,AAGGTCTGTAGCCA,1,1,unique_exact
4020,AAGGTGCTGCGAGA,1,1,unique_exact
4021,AAGTAGGATAGTCG,2,1,unique_exact
4022,AAGTATACTTTCAC,1,1,unique_exact
4023,AAGTCCGAAACGAA,1,1,unique_exact
4024,AAGTCCGAAAGGGC,1,1,unique_exact
4025,AAGTTATGAGCTCA,1,1,unique_exact
4026,AAGTTCCTTCGACA,1,1,unique_exact
4027,AAGTTCCTTTCGGA,1,1,unique_exact
4028,AATACTGAGGAAAT,1,1,unique_exact
4029,AATCCTACCTTGGA,1,1,unique_exact
4030,AATCGGTGTCTCCG,1,1,unique_exact
4031,AATGTAACGACGAG,1,1,unique_exact
4032,AATGTTGACTACTT,1,1,unique_exact
4033,ACAACCGATAACGC,1,1,unique_exact
4034,ACAACCGATACAGC,1,1,unique_exact
4035,ACAATAACGTTGAC,1,1,unique_exact
4036,ACAATCCTTGACAC,1,1,unique_exact
4037,ACACATCTGCGTAT,1,1,unique_exact
4038,ACAGTGTGCCCTCA,1,1,unique_exact
4039,ACAGTGTGTGGCAT,1,1,unique_exact
4040,ACATACCTGCGAAG,1,1,unique_exact
4041,ACATCACTGGCATT,1,1,unique_exact
4042,ACATGGTGCAGATC,1,1,unique_exact
4043,ACCAACGAGACGTT,1,1,unique_exact
4044,ACCCACTGCGGGAA,1,1,unique_exact
4045,ACCCGTTGCAAAGA,1,1,unique_exact
4046,ACCGAAACGCTTCC,1,1,unique_exact
4047,ACCGCGGATTGCGA,1,1,unique_exact
4048,ACGAACTGCCAAGT,1,1,unique_exact
4049,ACGAGTACTTCTGT,1,1,unique_exact
4050,ACGATGACGGTTTG,2,1,unique_exact
4051,ACGATGACGTTCAG,1,1,unique_exact
4052,ACGCAATGCAGCTA,1,1,unique_exact
4053,ACGCAATGCATGCA,2,1,unique_exact
4054,ACGCAATGCTTGTT,1,1,unique_exact
4055,ACGCCGGACTCGCT,1,1,unique_exact
4056,ACGCGGTGAAAACG,1,1,unique_exact
4057,ACGGATTGAAGATG,1,1,unique_exact
4058,ACGTAGACACTCTT,1,1,unique_exact
4059,ACGTCCTGGATACC,1,1,unique_exact
4060,ACGTCCTGGCTTAG,1,1,unique_exact
4061,ACGTCCTGGGCGAA,1,1,unique_exact
4062,ACGTGATGTAGTCG,1,1,unique_exact
4063,ACGTGCCTGCGAGA,1,1,unique_exact
4064,ACGTTTACCAGCTA,1,1,unique_exact
4065,ACTACGGAGATACC,1,1,unique_exact
4066,ACTCAGGAAGCAAA,1,1,unique_exact
4067,ACTCCTCTCTGATG,1,1,unique_exact
4068,ACTCGAGAAACGGG,1,1,unique_exact
4069,ACTCGAGATAGACC,2,1,unique_exact
4070,ACTCTATGGGTTAC,2,1,unique_exact
4071,ACTGGCCTCTACCC,1,1,unique_exact
4072,ACTGGCCTTATGGC,1,1,unique_exact
4073,ACTGGCCTTGACAC,1,1,unique_exact
4074,ACTTAAGAAACGTC,1,1,unique_exact
4075,ACTTAAGAAGCTCA,1,1,unique_exact
4076,ACTTCAACTGAACC,1,1,unique_exact
4077,ACTTGACTACCCAA,1,1,unique_exact
4078,AGAACAGACACAAC,1,1,unique_exact
4079,AGAACAGACCAATG,1,1,unique_exact
4080,AGAACAGACTACCC,1,1,unique_exact
4081,AGAATTTGAGGAGC,1,1,unique_exact
4082,AGACACACGTAAAG,1,1,unique_exact
4083,AGACCTGAAGAATG,1,1,unique_exact
4084,AGACTTCTACCCTC,1,1,unique_exact
4085,AGAGAAACGGCGAA,1,1,unique_exact
4086,AGAGAAACGTGCTA,1,1,unique_exact
4087,AGAGGTCTCTTGTT,1,1,unique_exact
4088,AGAGGTCTTGTGAC,1,1,unique_exact
4089,AGAGTCTGCAAGCT,1,1,unique_exact
4090,AGAGTCTGGAGCTT,1,1,unique_exact
4091,AGATATACAAGTGA,1,1,unique_exact
4092,AGATATACACCCTC,1,1,unique_exact
4093,AGATTCCTCAGGAG,1,1,unique_exact
4094,AGATTCCTGGTACT,2,1,unique_exact
4095,AGATTCCTTGCTCC,1,1,unique_exact
4096,AGCACAACAAGAAC,1,1,unique_exact
4097,AGCACTGACTAGTG,1,1,unique_exact
4098,AGCCACCTCACTTT,1,1,unique_exact
4099,AGCCGGACGGAGTG,1,1,unique_exact
4100,AGCCGGTGTAGAAG,1,1,unique_exact
4101,AGCCTCACAAAGTG,1,1,unique_exact
4102,AGCGAACTTTATCC,1,1,unique_exact
4103,AGCGATACCCGTAA,1,1,unique_exact
4104,AGCGATACTACAGC,1,1,unique_exact
4105,AGCTTACTACCACA,1,1,unique_exact
4106,AGCTTACTTGGTCA,1,1,unique_exact
4107,AGGACACTAGAAGT,1,1,unique_exact
4108,AGGCAACTGTCCTC,2,1,unique_exact
4109,AGGCAGGACATTCT,1,1,unique_exact
4110,AGGCTAACACACTG,1,1,unique_exact
4111,AGGCTAACCTGACA,1,1,unique_exact
4112,AGGCTAACGCGTTA,1,1,unique_exact
4113,AGGGAGTGACTAGC,1,1,unique_exact
4114,AGGGCCTGTCCAGA,1,1,unique_exact
4115,AGGGTTTGACACTG,1,1,unique_exact
4116,AGGTCATGGCAAGG,1,1,unique_exact
4117,AGGTCATGTCCAAG,1,1,unique_exact
4118,AGGTCTGAGTGTCA,2,1,unique_exact
4119,AGGTGTTGGAGATA,1,1,unique_exact
4120,AGGTTGTGGCGAGA,1,1,unique_exact
4121,AGGTTGTGGTCGTA,1,1,unique_exact
4122,AGTAAGGACGGAGA,1,1,unique_exact
4123,AGTACTCTTGTCCC,1,1,unique_exact
4124,AGTAGAGACAACTG,1,1,unique_exact
4125,AGTCAGACGAGACG,1,1,unique_exact
4126,AGTCGCCTTCTCCG,1,1,unique_exact
4127,AGTGAAGAAAGCAA,1,1,unique_exact
4128,AGTGAAGAGTGTCA,2,1,unique_exact
4129,AGTGACACCCCACT,2,1,unique_exact
4130,AGTGCAACTCTCTA,1,1,unique_exact
4131,AGTTATGAATTCTC,2,1,unique_exact
4132,AGTTTAGAAAAGCA,1,1,unique_exact
4133,AGTTTAGACGTAGT,1,1,unique_exact
4134,ATAACATGCTACCC,1,1,unique_exact
4135,ATAACCCTGGGCAA,2,1,unique_exact
4136,ATAAGTTGGATGAA,1,1,unique_exact
4137,ATAATGACATCGAC,1,1,unique_exact
4138,ATAATGACTCCTAT,1,1,unique_exact
4139,ATACAATGCAGATC,1,1,unique_exact
4140,ATACACCTTTGGTG,1,1,unique_exact
4141,ATACCTACTTATCC,1,1,unique_exact
4142,ATAGGAGACGTGAT,1,1,unique_exact
4143,ATAGGCTGTCTCGC,1,1,unique_exact
4144,ATATACGAATCACG,1,1,unique_exact
4145,ATATGAACACGTTG,1,1,unique_exact
4146,ATATGAACATCTCT,1,1,unique_exact
4147,ATCAAATGGAGACG,2,1,unique_exact
4148,ATCACGGACTGGAT,1,1,unique_exact
4149,ATCACTTGGGGTGA,2,1,unique_exact
4150,ATCACTTGTCCTTA,1,1,unique_exact
4151,ATCACTTGTGCCCT,1,1,unique_exact
4152,ATCCAGGAGTTGAC,1,1,unique_exact
4153,ATCCCGTGCATGGT,1,1,unique_exact
4154,ATCGCAGAAGTGCT,1,1,unique_exact
4155,ATCGCGCTCGACTA,1,1,unique_exact
4156,ATCGCGCTTACGAC,2,1,unique_exact
4157,ATCGGAACCGCTAA,1,1,unique_exact
4158,ATCTACACGAATCC,1,1,unique_exact
4159,ATCTGACTACCCTC,1,1,unique_exact
4160,ATCTTGACTGGTCA,1,1,unique_exact
4161,ATCTTTCTGGCAAG,2,1,unique_exact
4162,ATGAGCACCGGAGA,1,1,unique_exact
4163,ATGATATGGGTGTT,1,1,unique_exact
4164,ATGCACGATAGACC,1,1,unique_exact
4165,ATGCAGACGGGCAA,1,1,unique_exact
4166,ATGCCGCTGTAGCT,1,1,unique_exact
4167,ATGCGCCTACTCAG,1,1,unique_exact
4168,ATGCGCCTGGAGCA,1,1,unique_exact
4169,ATGGGTACTCTAGG,1,1,unique_exact
4170,ATGTTCACGAGGGT,1,1,unique_exact
4171,ATGTTGCTCCCACT,1,1,unique_exact
4172,ATTAAGACAGAACA,1,1,unique_exact
4173,ATTAAGACAGCCTA,1,1,unique_exact
4174,ATTACCACCAGATC,1,1,unique_exact
4175,ATTATGGACCTTTA,1,1,unique_exact
4176,ATTCAAGAATCGAC,2,1,unique_exact
4177,ATTCAGCTGTAGCT,3,1,unique_exact
4178,ATTGAATGTCTCCG,1,1,unique_exact
4179,ATTGATGAGGAGCA,1,1,unique_exact
4180,ATTGCGGACTTGCC,1,1,unique_exact
4181,ATTGCGGAGTTAGC,1,1,unique_exact
4182,ATTTGCACTTCGCC,1,1,unique_exact
4183,CAACAGACGGTGTT,1,1,unique_exact
4184,CAACCAGAACCAAC,1,1,unique_exact
4185,CAACCAGATCTTTG,1,1,unique_exact
4186,CAACGATGAGAGAT,1,1,unique_exact
4187,CAACTTTGGGTTCA,1,1,unique_exact
4188,CAAGACTGAAAAGC,1,1,unique_exact
4189,CAAGCTGAGCTCCT,1,1,unique_exact
4190,CAAGGTTGCACACA,1,1,unique_exact
4191,CAATAATGGAACCT,1,1,unique_exact
4192,CAATAATGGGTTAC,1,1,unique_exact
4193,CAATCTACACTGTG,1,1,unique_exact
4194,CAATTCTGAGAACA,1,1,unique_exact
4195,CACAACGAAACTGC,1,1,unique_exact
4196,CACACCTGAAACGA,1,1,unique_exact
4197,CACATGGATCGTTT,1,1,unique_exact
4198,CACCACTGTCCGAA,1,1,unique_exact
4199,CACGAAACATCTCT,1,1,unique_exact
4200,CACGATGAATTCGG,1,1,unique_exact
4201,CACGCTACGTTGTG,2,1,unique_exact
4202,CACTAACTTGTGGT,1,1,unique_exact
4203,CACTAGGATCCTCG,1,1,unique_exact
4204,CACTATACTGGAAA,1,1,unique_exact
4205,CACTCTCTAACCAC,1,1,unique_exact
4206,CACTGAGAGTCAAC,1,1,unique_exact
4207,CACTGCACGGATCT,1,1,unique_exact
4208,CAGATGACAAACAG,1,1,unique_exact
4209,CAGCAATGCTCTCG,1,1,unique_exact
4210,CAGCACCTGGAAGC,1,1,unique_exact
4211,CAGCCTACAGAGGC,1,1,unique_exact
4212,CAGCCTACAGTACC,1,1,unique_exact
4213,CAGCCTTGACCATG,1,1,unique_exact
4214,CAGCTCACCATACG,1,1,unique_exact
4215,CAGGGCACCTTATC,2,1,unique_exact
4216,CAGGGCACGAATGA,1,1,unique_exact
4217,CAGTCAGAAACCTG,1,1,unique_exact
4218,CAGTGATGTGAAGA,2,1,unique_exact
4219,CAGTGTGAGAATGA,1,1,unique_exact
4220,CAGTGTGATCCAGA,1,1,unique_exact
4221,CAGTTACTATCGTG,1,1,unique_exact
4222,CATAAAACAGCACT,1,1,unique_exact
4223,CATAAATGGGCATT,1,1,unique_exact
4224,CATAAATGTTCCAT,1,1,unique_exact
4225,CATATAGACAGAGG,1,1,unique_exact
4226,CATCGCTGATGTGC,1,1,unique_exact
4227,CATGGATGAGTGTC,1,1,unique_exact
4228,CATTTGACCCTTGC,1,1,unique_exact
4229,CATTTGACCGTGAT,1,1,unique_exact
4230,CATTTGACTCCTAT,2,1,unique_exact
4231,CCAAAGTGATCAGC,2,1,unique_exact
4232,CCAAAGTGCCAACA,1,1,unique_exact
4233,CCAACCTGTTCGGA,2,1,unique_exact
4234,CCAAGTGACCTACC,1,1,unique_exact
4235,CCAATGGAATTCCT,1,1,unique_exact
4236,CCACCTGAGTTGTG,2,1,unique_exact
4237,CCACTGTGACGGAG,1,1,unique_exact
4238,CCACTTCTCGTCTC,1,1,unique_exact
4239,CCAGAAACTCTTTG,1,1,unique_exact
4240,CCAGCACTCCTGTC,1,1,unique_exact
4241,CCAGGTCTGTATCG,1,1,unique_exact
4242,CCAGTGCTACGTGT,1,1,unique_exact
4243,CCAGTGCTTCTCTA,1,1,unique_exact
4244,CCAGTGCTTCTTCA,1,1,unique_exact
4245,CCAGTGCTTTCGTT,1,1,unique_exact
4246,CCATAGGAGGACAG,1,1,unique_exact
4247,CCATAGGATCCAGA,1,1,unique_exact
4248,CCATCGTGTCAGTG,1,1,unique_exact
4249,CCATGCTGCCCTTG,1,1,unique_exact
4250,CCATTAACAACCTG,1,1,unique_exact
4251,CCCAGTTGACACCA,1,1,unique_exact
4252,CCCATGTGGATACC-1,0,0,no_barcode_candidate
4253,CCCATGTGGTGAGG,1,1,unique_exact
4254,CCCGGAGAAGACTC,1,1,unique_exact
4255,CCCTGATGACGGAG,1,1,unique_exact
4256,CCCTGATGCATACG,1,1,unique_exact
4257,CCGAAAACTCCTGC,2,1,unique_exact
4258,CCGACTACACTGTG,1,1,unique_exact
4259,CCGCTATGCCAGTA,1,1,unique_exact
4260,CCGCTATGGAAGGC,1,1,unique_exact
4261,CCGGAGACACAGTC,1,1,unique_exact
4262,CCTATAACGGAAGC,2,1,unique_exact
4263,CCTCTACTCTTTAC,1,1,unique_exact
4264,CCTGACTGGAACCT,1,1,unique_exact
4265,CCTGCAACCATGCA,1,1,unique_exact
4266,CGAACATGACTACG,2,1,unique_exact
4267,CGAACATGCCTTTA,1,1,unique_exact
4268,CGAAGACTTGTCGA,1,1,unique_exact
4269,CGAAGTACCCACAA,1,1,unique_exact
4270,CGAAGTACTGCAGT,1,1,unique_exact
4271,CGACCACTGGAAAT,1,1,unique_exact
4272,CGACCGGAAGCCAT,1,1,unique_exact
4273,CGACGTCTCGACAT,2,1,unique_exact
4274,CGACTCACGTGTCA,2,1,unique_exact
4275,CGAGAACTGGAGCA,1,1,unique_exact
4276,CGAGAACTTCGTGA,1,1,unique_exact
4277,CGCACGGAGGACAG,1,1,unique_exact
4278,CGCACGGATCCTTA,1,1,unique_exact
4279,CGCCATTGAACTGC,1,1,unique_exact
4280,CGCCATTGAGAAGT,1,1,unique_exact
4281,CGCGATCTGCTATG,1,1,unique_exact
4282,CGCTAAGATTTCAC,2,1,unique_exact
4283,CGCTCATGTGGTTG,1,1,unique_exact
4284,CGGCCAGATTCCAT,1,1,unique_exact
4285,CGGGCATGGAGGCA,1,1,unique_exact
4286,CGGTACCTGAACTC,1,1,unique_exact
4287,CGTACCACTGTCGA,1,1,unique_exact
4288,CGTCGACTAACCGT,1,1,unique_exact
4289,CGTCGACTACCCAA,1,1,unique_exact
4290,CGTGAATGCACACA,1,1,unique_exact
4291,CGTGATGATTGGTG,1,1,unique_exact
4292,CGTGCACTAGTCTG,1,1,unique_exact
4293,CGTGTAGACCCACT,2,1,unique_exact
4294,CGTTAGGAGTTAGC,1,1,unique_exact
4295,CGTTATACTGTTCT,1,1,unique_exact
4296,CTAAACCTGATGAA,1,1,unique_exact
4297,CTAAACCTTAGCCA,1,1,unique_exact
4298,CTAAGGACGGATCT,1,1,unique_exact
4299,CTAAGGTGACACGT,2,1,unique_exact
4300,CTAATAGACTTATC,1,1,unique_exact
4301,CTAATAGATTGCAG,1,1,unique_exact
4302,CTACCTCTGACGGA,1,1,unique_exact
4303,CTACTATGTTCAGG,1,1,unique_exact
4304,CTAGAGACTCGCAA,2,1,unique_exact
4305,CTAGGATGGTTCGA,1,1,unique_exact
4306,CTAGGTGAACCATG,1,1,unique_exact
4307,CTAGTTTGCGTTAG,1,1,unique_exact
4308,CTATAAGAACCTCC,1,1,unique_exact
4309,CTATAGCTAGGTTC,1,1,unique_exact
4310,CTATCAACTAAAGG,1,1,unique_exact
4311,CTATCATGTCAGTG,1,1,unique_exact
4312,CTATCCCTGAGAGC,1,1,unique_exact
4313,CTATGACTCGACAT,1,1,unique_exact
4314,CTATGTTGCTCATT,2,1,unique_exact
4315,CTCAATTGGAGAGC,1,1,unique_exact
4316,CTCAGCTGATACCG,1,1,unique_exact
4317,CTCCACGAAATCGC,1,1,unique_exact
4318,CTCGACACTCTCGC,1,1,unique_exact
4319,CTCGAGCTGTTACG,1,1,unique_exact
4320,CTCTAAACCTACGA,1,1,unique_exact
4321,CTCTAATGAAGGTA,1,1,unique_exact
4322,CTCTAATGATCTCT,1,1,unique_exact
4323,CTGAAGTGAACTGC,1,1,unique_exact
4324,CTGATGGACTTGGA,1,1,unique_exact
4325,CTGATGGAGGTCTA,1,1,unique_exact
4326,CTGCAGCTAGATCC,1,1,unique_exact
4327,CTGTATACATCACG,1,1,unique_exact
4328,CTGTATACGGTGTT,1,1,unique_exact
4329,CTTAACACCTGACA,2,1,unique_exact
4330,CTTACAACGTTAGC,2,1,unique_exact
4331,CTTACAACTACTTC,1,1,unique_exact
4332,CTTACATGTTTCAC,1,1,unique_exact
4333,CTTACTGACGATAC,1,1,unique_exact
4334,CTTACTGAGACAAA,1,1,unique_exact
4335,CTTCACCTCAAAGA,1,1,unique_exact
4336,CTTGAACTAAGGGC,1,1,unique_exact
4337,CTTGAACTAGTCGT,1,1,unique_exact
4338,CTTGAACTTGAGGG,1,1,unique_exact
4339,CTTGAGGAATTCGG,1,1,unique_exact
4340,CTTTAGTGTCCGAA,1,1,unique_exact
4341,GAAACAGACTACTT,1,1,unique_exact
4342,GAAAGATGGCTGAT,1,1,unique_exact
4343,GAACACACCATGCA,1,1,unique_exact
4344,GAACCTGATGCGTA,1,1,unique_exact
4345,GAACGTTGTCTACT,1,1,unique_exact
4346,GAAGATGAACTGTG,1,1,unique_exact
4347,GAAGGGTGTCGCTC,1,1,unique_exact
4348,GAAGGTCTCTCCAC,1,1,unique_exact
4349,GAAGTGCTCGTTGA,1,1,unique_exact
4350,GAAGTGCTGTCACA,1,1,unique_exact
4351,GACAACACCGGAGA,1,1,unique_exact
4352,GACACTGACAACCA,1,1,unique_exact
4353,GACAGTTGAACCAC,1,1,unique_exact
4354,GACAGTTGTCGCTC,1,1,unique_exact
4355,GACCAAACGGACGA,1,1,unique_exact
4356,GACCTAGACTATTC,1,1,unique_exact
4357,GACCTCACTTCGGA,1,1,unique_exact
4358,GACGAACTTGGTCA,1,1,unique_exact
4359,GACGTAACGTTCAG,1,1,unique_exact
4360,GACGTCCTCGCATA,1,1,unique_exact
4361,GACTGATGATCTTC,1,1,unique_exact
4362,GACTGTGATAGACC,1,1,unique_exact
4363,GACTTTACAAGAAC,1,1,unique_exact
4364,GAGATCACGATAGA,1,1,unique_exact
4365,GAGCATACGAGGTG,1,1,unique_exact
4366,GAGCGCACGAATGA,1,1,unique_exact
4367,GAGGCAGACTTAGG,1,1,unique_exact
4368,GAGGCCACGCTGAT,1,1,unique_exact
4369,GAGGGAACTGAACC,2,1,unique_exact
4370,GAGGGATGTCCTAT,1,1,unique_exact
4371,GAGGGTGATCGACA,1,1,unique_exact
4372,GAGGTACTACGCAT,2,1,unique_exact
4373,GAGGTACTTGGAGG,1,1,unique_exact
4374,GAGGTTTGCGAGTT,1,1,unique_exact
4375,GAGTACACACGTAC,1,1,unique_exact
4376,GAGTACTGGAGCAG,1,1,unique_exact
4377,GAGTGGGACAACTG,1,1,unique_exact
4378,GATAAGGAACCTGA,1,1,unique_exact
4379,GATAGAGAAAGAGT,1,1,unique_exact
4380,GATAGCACAACGTC,1,1,unique_exact
4381,GATATATGCTTATC,1,1,unique_exact
4382,GATATTGACACTGA,1,1,unique_exact
4383,GATCATCTCCTCAC,1,1,unique_exact
4384,GATCCCTGCAGAAA,1,1,unique_exact
4385,GATCGATGCGTGAT,1,1,unique_exact
4386,GATCGTGAAAGATG,1,1,unique_exact
4387,GATCTTACGAGGAC,1,1,unique_exact
4388,GATGCAACACTGTG,2,1,unique_exact
4389,GATTACCTCGCATA,1,1,unique_exact
4390,GATTCGGATGCCTC,1,1,unique_exact
4391,GATTCTACGTAAGA,1,1,unique_exact
4392,GATTTAGAGTAAAG,1,1,unique_exact
4393,GCAAACTGTCGCTC,1,1,unique_exact
4394,GCAACTGACCTCAC,2,1,unique_exact
4395,GCAATTCTCATTTC,2,1,unique_exact
4396,GCAATTCTGTATCG,1,1,unique_exact
4397,GCACAAACGACAAA,1,1,unique_exact
4398,GCACTGCTCGAGAG,1,1,unique_exact
4399,GCAGCGTGTCATTC,1,1,unique_exact
4400,GCAGCTCTGCATCA,1,1,unique_exact
4401,GCAGGCACCATACG,1,1,unique_exact
4402,GCATGATGAAGAGT,1,1,unique_exact
4403,GCATGTGAGCTATG,1,1,unique_exact
4404,GCATGTGAGGTATC,1,1,unique_exact
4405,GCCATCACCCACCT,1,1,unique_exact
4406,GCCATCACTTCTAC,1,1,unique_exact
4407,GCCATGCTCGTGTA,1,1,unique_exact
4408,GCCCAACTAGAACA,2,1,unique_exact
4409,GCCCAACTTGGTCA,1,1,unique_exact
4410,GCCGACGACGTAAC,1,1,unique_exact
4411,GCCGACGATACGAC,1,1,unique_exact
4412,GCCTCAACCATCAG,1,1,unique_exact
4413,GCCTGACTAACGGG,1,1,unique_exact
4414,GCGAAGGAGGGCAA,1,1,unique_exact
4415,GCGATATGCTTATC,1,1,unique_exact
4416,GCGCGAACACCATG,2,1,unique_exact
4417,GCGCGAACTCATTC,1,1,unique_exact
4418,GCGTAAACTCCAGA,1,1,unique_exact
4419,GCGTAATGTCCCAC,1,1,unique_exact
4420,GCGTATGATGCACA,1,1,unique_exact
4421,GCTACCTGGTGTTG,1,1,unique_exact
4422,GCTATACTTCCTTA,1,1,unique_exact
4423,GCTCAAGAGGATCT,1,1,unique_exact
4424,GCTCGACTGCGGAA,1,1,unique_exact
4425,GCTTAACTCAACTG,1,1,unique_exact
4426,GCTTGAGAGAGACG,1,1,unique_exact
4427,GCTTGAGAGTGAGG,2,1,unique_exact
4428,GGAACTTGCACTCC,2,1,unique_exact
4429,GGAATGCTCATTCT,1,1,unique_exact
4430,GGAATGCTCCCTCA,1,1,unique_exact
4431,GGACAGGACTTCTA,1,1,unique_exact
4432,GGACCTCTCAGAAA,2,1,unique_exact
4433,GGACGAGAGCGATT,1,1,unique_exact
4434,GGACTATGGCCAAT,1,1,unique_exact
4435,GGAGCGCTATCTCT,1,1,unique_exact
4436,GGAGTTTGGCCAAT,1,1,unique_exact
4437,GGATTGTGACCGAT,1,1,unique_exact
4438,GGATTGTGTCCTGC,1,1,unique_exact
4439,GGCAATACAAGATG,1,1,unique_exact
4440,GGCCGAACGTGCAT,1,1,unique_exact
4441,GGCGACACTTCCAT,1,1,unique_exact
4442,GGGAACGAACCTCC,1,1,unique_exact
4443,GGGCCATGATGCCA,1,1,unique_exact
4444,GGGCCATGGTACCA,1,1,unique_exact
4445,GGGTTATGGGTTCA,2,1,unique_exact
4446,GGTACATGTGGGAG,1,1,unique_exact
4447,GGTAGTACCTGTCC,2,1,unique_exact
4448,GGTATCGACAAAGA,1,1,unique_exact
4449,GGTATCGAGGAAAT,1,1,unique_exact
4450,GGTCAAACTGCCAA,1,1,unique_exact
4451,GGTCTAGAGTGTCA,1,1,unique_exact
4452,GTAACGTGCCTTAT,1,1,unique_exact
4453,GTAAGCACACAGTC,2,1,unique_exact
4454,GTAAGCTGTTCATC,1,1,unique_exact
4455,GTAATATGCCTATT,2,1,unique_exact
4456,GTACTACTAAAGTG,1,1,unique_exact
4457,GTACTTTGTGTGCA,1,1,unique_exact
4458,GTAGCAACGGAAGC,1,1,unique_exact
4459,GTAGCCCTCCCTTG,1,1,unique_exact
4460,GTAGCCCTGTTCTT,1,1,unique_exact
4461,GTAGTCGATCAGAC,1,1,unique_exact
4462,GTATCTACGGTCTA,1,1,unique_exact
4463,GTATTCACTACGCA,1,1,unique_exact
4464,GTCACAGAACAGCT,1,1,unique_exact
4465,GTCACAGAACTGTG,1,1,unique_exact
4466,GTCATACTCGGAGA,1,1,unique_exact
4467,GTCGAATGACAGTC,1,1,unique_exact
4468,GTCGCACTTCTCGC,1,1,unique_exact
4469,GTCTAACTATCGGT,1,1,unique_exact
4470,GTCTAACTCGATAC,1,1,unique_exact
4471,GTCTAACTTCAGAC,1,1,unique_exact
4472,GTCTAGGACCGCTT,1,1,unique_exact
4473,GTGAACACACGCTA,1,1,unique_exact
4474,GTGACAACCAAAGA,1,1,unique_exact
4475,GTGATGACTACAGC-1,0,0,no_barcode_candidate
4476,GTGATTCTGTTTGG,1,1,unique_exact
4477,GTGCAAACATCTTC,1,1,unique_exact
4478,GTGCAAACGAATAG,1,1,unique_exact
4479,GTGCTAGACTGAAC,1,1,unique_exact
4480,GTGGATTGCCTAAG,1,1,unique_exact
4481,GTGTATCTACGTTG,1,1,unique_exact
4482,GTTAAAACAGTCAC,1,1,unique_exact
4483,GTTAACCTAGAGGC,1,1,unique_exact
4484,GTTAGTCTCCACAA,2,1,unique_exact
4485,GTTATCTGACGCTA,1,1,unique_exact
4486,GTTATCTGGACAAA,1,1,unique_exact
4487,GTTCAACTCTATGG,1,1,unique_exact
4488,GTTGATCTTGTCAG,1,1,unique_exact
4489,GTTGGATGTAGCCA,2,1,unique_exact
4490,TAACTAGAAGCTAC,1,1,unique_exact
4491,TAACTCACAGCTCA-1,0,0,no_barcode_candidate
4492,TAACTCACCGTGTA,1,1,unique_exact
4493,TAACTCACTTGACG,2,1,unique_exact
4494,TAAGAGGAATTCCT,1,1,unique_exact
4495,TAAGATACGTTGCA,1,1,unique_exact
4496,TAATCCACTCTACT,1,1,unique_exact
4497,TAATCGCTAAGGTA,1,1,unique_exact
4498,TAATGAACCCATAG,1,1,unique_exact
4499,TAATGATGTGCACA,1,1,unique_exact
4500,TACACACTATAAGG,1,1,unique_exact
4501,TACACACTTACAGC,1,1,unique_exact
4502,TACACACTTGAGAA,1,1,unique_exact
4503,TACGAGACGTTTGG,1,1,unique_exact
4504,TACGCAGACTCCAC,1,1,unique_exact
4505,TACGCCACGGTAAA,1,1,unique_exact
4506,TACGGAACCAATCG,1,1,unique_exact
4507,TACGGCCTATCACG,1,1,unique_exact
4508,TACGGCCTCTATTC,1,1,unique_exact
4509,TACGTTACCTCGAA,2,1,unique_exact
4510,TACTACACAGATGA,2,1,unique_exact
4511,TACTCTGAAAAGCA,1,1,unique_exact
4512,TAGAATACCTTCGC,1,1,unique_exact
4513,TAGCATCTGAGCAG,1,1,unique_exact
4514,TAGCCGCTGAGACG,1,1,unique_exact
4515,TAGCTACTCTTCCG,1,1,unique_exact
4516,TAGGCAACTCGCTC,2,1,unique_exact
4517,TAGGCATGACCAAC,1,1,unique_exact
4518,TAGGTCGAATTCGG,1,1,unique_exact
4519,TAGTAATGGCATCA,1,1,unique_exact
4520,TAGTATGATTCAGG,1,1,unique_exact
4521,TAGTCTTGTAGCGT,1,1,unique_exact
4522,TATAAGTGCTGTCC,1,1,unique_exact
4523,TATAAGTGGGTGGA,2,1,unique_exact
4524,TATAAGTGTCACCC,2,1,unique_exact
4525,TATAGCCTCCTTCG,1,1,unique_exact
4526,TATAGCCTCTACCC,1,1,unique_exact
4527,TATCAAGAGTCGTA,1,1,unique_exact
4528,TATCCTGACCCGTT,2,1,unique_exact
4529,TATCTTCTCCTAAG,1,1,unique_exact
4530,TATGAATGAGCTCA,1,1,unique_exact
4531,TATGCGGACTTCCG,1,1,unique_exact
4532,TATGTCACAGGCGA,1,1,unique_exact
4533,TATGTCACTTCACT,1,1,unique_exact
4534,TATGTGCTCTCCCA,2,1,unique_exact
4535,TATTTCCTTTGGCA,1,1,unique_exact
4536,TCAATCACTGCACA,1,1,unique_exact
4537,TCACCGTGGGGATG,1,1,unique_exact
4538,TCACTATGATTGGC,1,1,unique_exact
4539,TCAGACGAAGAATG,1,1,unique_exact
4540,TCAGAGACTGGGAG,1,1,unique_exact
4541,TCAGGATGGAAACA,2,1,unique_exact
4542,TCATCAACTGTTCT,1,1,unique_exact
4543,TCATCCCTACCACA,1,1,unique_exact
4544,TCATTGACTGGCAT,1,1,unique_exact
4545,TCCACTCTAGAAGT,1,1,unique_exact
4546,TCCACTCTTTTGTC,2,1,unique_exact
4547,TCCATAACACTACG,1,1,unique_exact
4548,TCCATAACGCTACA,1,1,unique_exact
4549,TCCATCCTGAACTC,1,1,unique_exact
4550,TCCCACGAGAGACG,1,1,unique_exact
4551,TCCCAGACTGCCTC,1,1,unique_exact
4552,TCCCGATGGGTAAA,1,1,unique_exact
4553,TCCGAGCTCAGCTA,1,1,unique_exact
4554,TCCGGACTCATCAG,1,1,unique_exact
4555,TCCTAAACGTCATG,1,1,unique_exact
4556,TCCTACCTCCATAG,1,1,unique_exact
4557,TCCTATGAATGGTC,1,1,unique_exact
4558,TCGAATCTTTAGGC,1,1,unique_exact
4559,TCGACCTGAGAATG,1,1,unique_exact
4560,TCGACGCTAAGCCT,1,1,unique_exact
4561,TCGACGCTGTTCTT,1,1,unique_exact
4562,TCGATTTGTCTCGC,1,1,unique_exact
4563,TCGCACACTTGTGG,2,1,unique_exact
4564,TCTAACTGGAAGGC,1,1,unique_exact
4565,TCTAAGCTCCCGTT,1,1,unique_exact
4566,TCTAGACTAGGTTC,1,1,unique_exact
4567,TCTATGTGGGAGTG,1,1,unique_exact
4568,TCTGATACCTCGCT,1,1,unique_exact
4569,TGAAATTGGCATAC,1,1,unique_exact
4570,TGAAATTGGTCTGA,1,1,unique_exact
4571,TGACGAACTTACCT,1,1,unique_exact
4572,TGACTGGAGTAAAG,1,1,unique_exact
4573,TGAGCAACGAGGGT,1,1,unique_exact
4574,TGAGGTACATTCCT,1,1,unique_exact
4575,TGAGTCGATGCTGA,1,1,unique_exact
4576,TGATTCACCATTTC,1,1,unique_exact
4577,TGATTCTGGCATCA,1,1,unique_exact
4578,TGCAATCTGGGACA,1,1,unique_exact
4579,TGCAATCTTCCAGA,1,1,unique_exact
4580,TGCAGATGTCCTAT,1,1,unique_exact
4581,TGCCCAACACCAGT,1,1,unique_exact
4582,TGCGCACTGTAGGG,1,1,unique_exact
4583,TGCTAGGATGACTG,1,1,unique_exact
4584,TGGAAGCTGATACC,1,1,unique_exact
4585,TGGACTGACCTTCG,1,1,unique_exact
4586,TGGACTGACTGTTT,1,1,unique_exact
4587,TGGAGGGACGGTAT,1,1,unique_exact
4588,TGGGTATGGCGGAA,1,1,unique_exact
4589,TGGTAGACAGATGA,1,1,unique_exact
4590,TGGTAGTGGCAAGG,1,1,unique_exact
4591,TGGTCAGAGGTGGA,1,1,unique_exact
4592,TGTAAAACTCCTTA,1,1,unique_exact
4593,TGTACTTGCCATAG,1,1,unique_exact
4594,TGTAGGTGGGTACT,1,1,unique_exact
4595,TGTAGTCTTCCCGT,1,1,unique_exact
4596,TGTCAGGAAACCGT,1,1,unique_exact
4597,TGTCTAACGTCGAT,1,1,unique_exact
4598,TGTGGATGACTCAG,2,1,unique_exact
4599,TGTTACACAGTGTC,1,1,unique_exact
4600,TTAACCACGTTGGT,4,1,unique_exact
4601,TTACAGCTCAAAGA,1,1,unique_exact
4602,TTACAGCTGGAACG,1,1,unique_exact
4603,TTACCATGATTTCC,1,1,unique_exact
4604,TTAGACCTCGACAT,2,1,unique_exact
4605,TTAGGGTGTCTAGG,3,1,unique_exact
4606,TTAGGTCTTCAGTG,1,1,unique_exact
4607,TTAGTCACACCATG,1,1,unique_exact
4608,TTATCCGACGACAT,1,1,unique_exact
4609,TTCAAAGACTCCAC,1,1,unique_exact
4610,TTCAGTACCTCGAA,1,1,unique_exact
4611,TTCATCGAACTTTC,1,1,unique_exact
4612,TTCATGTGACGGAG,1,1,unique_exact
4613,TTCATTCTGTCTTT,1,1,unique_exact
4614,TTCCTAGATACGCA,2,1,unique_exact
4615,TTCGTATGAGCTAC,1,1,unique_exact
4616,TTCTGATGTTCGCC,1,1,unique_exact
4617,TTGAACCTCTCGCT,1,1,unique_exact
4618,TTGACACTAAAACG,2,1,unique_exact
4619,TTGACACTGGATCT,1,1,unique_exact
4620,TTGGAGACCTCGCT,1,1,unique_exact
4621,TTGGAGTGCTGTGA,1,1,unique_exact
4622,TTGGAGTGGGTCAT,2,1,unique_exact
4623,TTGTCATGCGTAGT,1,1,unique_exact
4624,TTTAGAGATGTCTT,1,1,unique_exact
4625,TTTAGCTGCCTCGT,1,1,unique_exact
4626,TTTAGGCTATTCTC,1,1,unique_exact
4627,TTTCACGATCGTAG,1,1,unique_exact
4628,TTTGCATGGACGGA,1,1,unique_exact
4629,TTTGCATGTCTCCG,1,1,unique_exact
4630,AAACGCACTGAGGG,1,1,unique_exact
4631,AAACGGCTACTGGT,1,1,unique_exact
4632,AAAGCAGAACGTTG,1,1,unique_exact
4633,AAATCAACTTACTC,1,1,unique_exact
4634,AAATTCGATCTCGC,1,1,unique_exact
4635,AACAATACACCAAC,1,1,unique_exact
4636,AACAGAGAGAATCC,1,1,unique_exact
4637,AACCGATGGGATTC,1,1,unique_exact
4638,AACCGATGGTACAC,1,1,unique_exact
4639,AACCGCCTCGTGTA,1,1,unique_exact
4640,AACCTTACGCTCCT,1,1,unique_exact
4641,AACCTTTGGTCTTT,1,1,unique_exact
4642,AACGCATGAACCTG,1,1,unique_exact
4643,AACGGTACGAATCC,1,1,unique_exact
4644,AACGGTACTCAGTG,1,1,unique_exact
4645,AACGGTTGACGCAT,1,1,unique_exact
4646,AACGTCGAAGCGTT,1,1,unique_exact
4647,AACGTGTGCCCACT,1,1,unique_exact
4648,AACGTGTGTGCATG,1,1,unique_exact
4649,AACGTTCTTCCCAC,1,1,unique_exact
4650,AACTACCTTGCCTC,1,1,unique_exact
4651,AACTCGGACTAGTG-1,0,0,no_barcode_candidate
4652,AACTCTTGGAGGAC,1,1,unique_exact
4653,AACTGTCTCACCAA,1,1,unique_exact
4654,AACTGTCTCCACCT,1,1,unique_exact
4655,AACTGTCTTTTACC,1,1,unique_exact
4656,AAGAATCTAGAATG,1,1,unique_exact
4657,AAGAATCTTAAAGG,1,1,unique_exact
4658,AAGAGATGGTTAGC,1,1,unique_exact
4659,AAGATTACGTTTCT,1,1,unique_exact
4660,AAGATTACTGCAAC,1,1,unique_exact
4661,AAGCCATGATGTGC,2,1,unique_exact
4662,AAGCCATGCTGCAA,1,1,unique_exact
4663,AAGGTCACTCCGTC,1,1,unique_exact
4664,AAGTCCGATTAGGC,1,1,unique_exact
4665,AATACTGAAAGATG,1,1,unique_exact
4666,AATATCGACTGATG,1,1,unique_exact
4667,AATATCGAGTGTAC,1,1,unique_exact
4668,AATCCGGAGTCATG,1,1,unique_exact
4669,AATCCTACGCGTTA,1,1,unique_exact
4670,AATCTCACAGCGGA,1,1,unique_exact
4671,AATCTCTGTGCTGA,1,1,unique_exact
4672,AATGAGGACTGTTT,1,1,unique_exact
4673,AATGAGGAGGAAAT,1,1,unique_exact
4674,AATGAGGATGTCTT,1,1,unique_exact
4675,AATTACGAAACCGT,1,1,unique_exact
4676,AATTGTGAGAATAG,1,1,unique_exact
4677,ACAACCGAGGACAG,1,1,unique_exact
4678,ACAACCGATCCAAG,1,1,unique_exact
4679,ACACGTGACACTGA,2,1,unique_exact
4680,ACAGACACTTGGTG,1,1,unique_exact
4681,ACAGGTACAACAGA,1,1,unique_exact
4682,ACAGGTACCTATGG,1,1,unique_exact
4683,ACAGGTACGCCAAT,1,1,unique_exact
4684,ACAGTGTGGGATCT,1,1,unique_exact
4685,ACATGGTGTGTCCC,1,1,unique_exact
4686,ACCAACGAGTGCAT,1,1,unique_exact
4687,ACCACCTGGACAAA,1,1,unique_exact
4688,ACCACCTGTATCGG,1,1,unique_exact
4689,ACCAGTGAAGTACC,1,1,unique_exact
4690,ACCCAAGACATCAG,2,1,unique_exact
4691,ACCCAAGACATGAC,1,1,unique_exact
4692,ACCCACTGGTATCG,1,1,unique_exact
4693,ACCCGTACGGTGTT,1,1,unique_exact
4694,ACCTATTGTTCTCA,1,1,unique_exact
4695,ACCTCGTGCTTGCC,1,1,unique_exact
4696,ACCTGAGAGTGTAC,1,1,unique_exact
4697,ACCTGGCTGCTAAC,1,1,unique_exact
4698,ACGAGGGAGACGGA,1,1,unique_exact
4699,ACGATGACGGATTC,1,1,unique_exact
4700,ACGATGACTTCACT,1,1,unique_exact
4701,ACGCAATGCAAAGA,1,1,unique_exact
4702,ACGCAATGGCCAAT,1,1,unique_exact
4703,ACGCACCTCGAGAG,1,1,unique_exact
4704,ACGCCACTTTACTC,1,1,unique_exact
4705,ACGCCGGACCTTCG,2,1,unique_exact
4706,ACGCCGGATGACCA,2,1,unique_exact
4707,ACGCGGTGGATAAG,1,1,unique_exact
4708,ACGCTCACACGGTT,1,1,unique_exact
4709,ACGCTCACCGTTGA,1,1,unique_exact
4710,ACGCTGCTGTTCGA,1,1,unique_exact
4711,ACGGAACTCACTCC,1,1,unique_exact
4712,ACGTAGACAGGAGC,1,1,unique_exact
4713,ACGTAGACGCTGAT,1,1,unique_exact
4714,ACGTAGACTCGCTC,1,1,unique_exact
4715,ACGTGCCTGGGCAA,2,1,unique_exact
4716,ACGTTGGAGCTACA,1,1,unique_exact
4717,ACTAAAACACCTCC,1,1,unique_exact
4718,ACTCCCGAATGCCA,1,1,unique_exact
4719,ACTCTATGGGATTC,3,1,unique_exact
4720,ACTCTCCTGTCGAT,2,1,unique_exact
4721,ACTGTGGACCCGTT,1,1,unique_exact
4722,ACTGTGGATGAGGG,1,1,unique_exact
4723,ACTTGGGAGTTGGT,1,1,unique_exact
4724,ACTTTGTGGAATCC,1,1,unique_exact
4725,AGAACGCTGGATCT,1,1,unique_exact
4726,AGAACGCTTAGAAG,1,1,unique_exact
4727,AGAAGATGCTACCC,1,1,unique_exact
4728,AGACACACACGGTT,1,1,unique_exact
4729,AGACACACCTTGCC,1,1,unique_exact
4730,AGACGTACCATACG,1,1,unique_exact
4731,AGAGAATGATAAGG,1,1,unique_exact
4732,AGAGCTACCAGAAA,1,1,unique_exact
4733,AGAGCTACCCATGA,1,1,unique_exact
4734,AGAGTCTGTCAGGT,1,1,unique_exact
4735,AGATATTGCAGGAG,1,1,unique_exact
4736,AGATTAACGTACGT,1,1,unique_exact
4737,AGCAAAGAACGGTT,1,1,unique_exact
4738,AGCACTGACAATCG,1,1,unique_exact
4739,AGCACTGAGAAACA,2,1,unique_exact
4740,AGCATCGACAAGCT,1,1,unique_exact
4741,AGCCGGACGGGTGA,1,1,unique_exact
4742,AGCCGTCTTGGTAC,2,1,unique_exact
4743,AGCCTCACATCGGT,1,1,unique_exact
4744,AGCCTCTGATTTCC,1,1,unique_exact
4745,AGCGATTGTAGCCA,1,1,unique_exact
4746,AGCGTAACACAGTC,1,1,unique_exact
4747,AGCGTAACTGTTCT,1,1,unique_exact
4748,AGCTGTGAATGACC,1,1,unique_exact
4749,AGGAACCTCACAAC,1,1,unique_exact
4750,AGGACACTTGGATC,1,1,unique_exact
4751,AGGACTTGCTTTAC,1,1,unique_exact
4752,AGGAGTCTCTGAGT,1,1,unique_exact
4753,AGGATAGAGACACT,1,1,unique_exact
4754,AGGATGCTGGTAAA,1,1,unique_exact
4755,AGGCAACTGCAAGG,1,1,unique_exact
4756,AGGCAGGACACTTT,1,1,unique_exact
4757,AGGGCGCTGAATGA,1,1,unique_exact
4758,AGGTACTGACCAAC,1,1,unique_exact
4759,AGGTACTGTCTGGA,1,1,unique_exact
4760,AGGTCTGACGTACA,1,1,unique_exact
4761,AGGTGGGAGGAGGT,1,1,unique_exact
4762,AGGTGGGAGTATCG,1,1,unique_exact
4763,AGTAATACCCTAAG,1,1,unique_exact
4764,AGTAATACTGAGCT,1,1,unique_exact
4765,AGTATCCTCAATCG,1,1,unique_exact
4766,AGTCACGAACGCTA,1,1,unique_exact
4767,AGTCAGACACCACA,1,1,unique_exact
4768,AGTCCAGAACACCA,1,1,unique_exact
4769,AGTCGCCTATTCTC,1,1,unique_exact
4770,AGTGACACACCACA,1,1,unique_exact
4771,AGTGACACCCTGAA,1,1,unique_exact
4772,AGTGACTGTCTTCA,1,1,unique_exact
4773,AGTGTGACTCAGAC,1,1,unique_exact
4774,AGTTAAACTCTATC,1,1,unique_exact
4775,AGTTATGAGAAAGT,1,1,unique_exact
4776,AGTTTAGACCCGTT,1,1,unique_exact
4777,AGTTTCACCTGCAA,1,1,unique_exact
4778,ATAAACACTAAGGA,1,1,unique_exact
4779,ATAACAACTGTAGC,1,1,unique_exact
4780,ATAACCCTCTCCCA,1,1,unique_exact
4781,ATAAGTACAGCGGA,1,1,unique_exact
4782,ATAAGTACCCTGAA,1,1,unique_exact
4783,ATAAGTACGACACT,1,1,unique_exact
4784,ATAAGTACGGACGA,1,1,unique_exact
4785,ATAAGTACTCCTTA,1,1,unique_exact
4786,ATAAGTTGAGTGCT,1,1,unique_exact
4787,ATAATCGAAAAAGC,1,1,unique_exact
4788,ATACCACTACCATG,2,1,unique_exact
4789,ATACCGGAACAGCT,1,1,unique_exact
4790,ATACCTTGTGAGCT,1,1,unique_exact
4791,ATAGATACGTGAGG,1,1,unique_exact
4792,ATAGCCGAACCTAG,1,1,unique_exact
4793,ATAGTTGAAAACGA,1,1,unique_exact
4794,ATATACGACCGTTC,1,1,unique_exact
4795,ATATGAACCTGAGT,1,1,unique_exact
4796,ATATGCCTTACAGC,1,1,unique_exact
4797,ATCAACCTTGCGTA,1,1,unique_exact
4798,ATCACACTGACTAC,2,1,unique_exact
4799,ATCAGGTGAAGAAC,1,1,unique_exact
4800,ATCATGCTCTAGCA,1,1,unique_exact
4801,ATCCAGGAAGCGGA,1,1,unique_exact
4802,ATCCAGGACAGTCA,1,1,unique_exact
4803,ATCCTAACGTAGGG,1,1,unique_exact
4804,ATCGCAGAGGTTCA,2,1,unique_exact
4805,ATCGCCTGGGAAAT,1,1,unique_exact
4806,ATCGGAACTGCACA,1,1,unique_exact
4807,ATCGGTGATTGCGA,3,1,unique_exact
4808,ATCGTTTGTACTCT,1,1,unique_exact
4809,ATCTACACTTGACG,1,1,unique_exact
4810,ATCTACTGATCGGT,1,1,unique_exact
4811,ATCTTTCTCTCGCT,1,1,unique_exact
4812,ATCTTTCTCTGAAC,1,1,unique_exact
4813,ATGAAGGAAGAACA,1,1,unique_exact
4814,ATGAAGGAGCCTTC,1,1,unique_exact
4815,ATGAAGGATTCCAT,2,1,unique_exact
4816,ATGAGCACGGAAGC,1,1,unique_exact
4817,ATGATAACGGAGGT,1,1,unique_exact
4818,ATGATAACTGAGAA,1,1,unique_exact
4819,ATGGACACCCTCCA,1,1,unique_exact
4820,ATGGACACCTGACA,1,1,unique_exact
4821,ATGGACACGGGATG,1,1,unique_exact
4822,ATGTAAACATTCGG,1,1,unique_exact
4823,ATGTCACTTTCGCC,1,1,unique_exact
4824,ATGTTGCTAGCGGA,1,1,unique_exact
4825,ATTAAGACGTTCGA,2,1,unique_exact
4826,ATTAGTGACGTGTA,1,1,unique_exact
4827,ATTGAATGAATGCC,1,1,unique_exact
4828,ATTGCGGAACTAGC,1,1,unique_exact
4829,ATTGCTACTGCCAA,1,1,unique_exact
4830,ATTGTAGATGGATC,1,1,unique_exact
4831,ATTGTAGATTCGCC,1,1,unique_exact
4832,ATTGTCTGACCAAC,2,1,unique_exact
4833,ATTTAGGATACTTC,1,1,unique_exact
4834,ATTTCCGAGAGAGC,1,1,unique_exact
4835,CAAACTCTCCATGA,1,1,unique_exact
4836,CAAAGCACGATGAA,1,1,unique_exact
4837,CAACGTGATCACGA,1,1,unique_exact
4838,CAACTTTGACGACT,1,1,unique_exact
4839,CAAGAAGAGTCGAT,1,1,unique_exact
4840,CAAGGTTGTGCATG,1,1,unique_exact
4841,CAAGTTCTTCGATG,1,1,unique_exact
4842,CAATAAACTAGTCG,1,1,unique_exact
4843,CAATAATGGGAAGC,1,1,unique_exact
4844,CAATCTACATGACC,1,1,unique_exact
4845,CACACCTGGGCATT,1,1,unique_exact
4846,CACACCTGTGTAGC,1,1,unique_exact
4847,CACAGATGGGTGGA,1,1,unique_exact
4848,CACATGGAGCAGAG,1,1,unique_exact
4849,CACATGGAGCCATA,2,1,unique_exact
4850,CACCGGGAAGGGTG,1,1,unique_exact
4851,CACCGTACCGGAGA,1,1,unique_exact
4852,CACCGTACTTGTGG,1,1,unique_exact
4853,CACGATGAGGGCAA,1,1,unique_exact
4854,CACGCTACGCGTAT,1,1,unique_exact
4855,CACGGGACTGGAGG,1,1,unique_exact
4856,CACTATACACGACT,1,1,unique_exact
4857,CACTATACTAGACC,1,1,unique_exact
4858,CACTCTCTGACAGG,1,1,unique_exact
4859,CACTCTCTGCTGTA,1,1,unique_exact
4860,CACTGCACTACGCA,1,1,unique_exact
4861,CACTTATGATCGAC,1,1,unique_exact
4862,CACTTTGAGGAAAT,1,1,unique_exact
4863,CACTTTGAGGTTAC,2,1,unique_exact
4864,CAGACAACCTGTTT,1,1,unique_exact
4865,CAGAGGGAAGGCGA,1,1,unique_exact
4866,CAGAGGGACAGTCA,1,1,unique_exact
4867,CAGAGGGACCCGTT,2,1,unique_exact
4868,CAGATCGATAAAGG,1,1,unique_exact
4869,CAGCAATGACGTGT,1,1,unique_exact
4870,CAGCACCTTCTGGA,1,1,unique_exact
4871,CAGCCTACGTTGCA,1,1,unique_exact
4872,CAGCGGACGGAGTG,1,1,unique_exact
4873,CAGCTAGATCGCTC,1,1,unique_exact
4874,CAGCTAGATGTTTC,1,1,unique_exact
4875,CAGCTCTGCCCACT,1,1,unique_exact
4876,CAGGAACTGGATCT,1,1,unique_exact
4877,CAGGTATGTCACCC,1,1,unique_exact
4878,CAGTCAGAGGAGCA,1,1,unique_exact
4879,CAGTGATGCCTACC,1,1,unique_exact
4880,CAGTGTGACCAAGT,1,1,unique_exact
4881,CAGTTGGAGGAACG,1,1,unique_exact
4882,CATAAAACTTACCT,1,1,unique_exact
4883,CATAGTCTGCGGAA,1,1,unique_exact
4884,CATATAGAGGAGCA,1,1,unique_exact
4885,CATCAACTGTATGC,1,1,unique_exact
4886,CATCAGGAAGATCC,1,1,unique_exact
4887,CATCATACCGTGAT,1,1,unique_exact
4888,CATCTTGAAAGAGT,1,1,unique_exact
4889,CATCTTGAACTAGC,1,1,unique_exact
4890,CATCTTGAAGTGTC,1,1,unique_exact
4891,CATGAGACACAGTC,1,1,unique_exact
4892,CATGCGCTAGGTCT,1,1,unique_exact
4893,CATTCCCTCCGTAA,1,1,unique_exact
4894,CATTGTACTGACTG,1,1,unique_exact
4895,CATTTGTGCAGATC,1,1,unique_exact
4896,CATTTGTGCCGTTC,1,1,unique_exact
4897,CCAAGATGGCAGTT,1,1,unique_exact
4898,CCAATTTGGACGGA,1,1,unique_exact
4899,CCACTGACAGCCAT,1,1,unique_exact
4900,CCACTGTGTCTCCG,1,1,unique_exact
4901,CCAGATGAAGCTCA,1,1,unique_exact
4902,CCAGATGATAGTCG,1,1,unique_exact
4903,CCAGCGGACCTTGC,1,1,unique_exact
4904,CCAGCTACAGCACT,2,1,unique_exact
4905,CCAGGTCTGCATAC,1,1,unique_exact
4906,CCAGTCACCCTGAA,1,1,unique_exact
4907,CCATAGGAACCTAG,1,1,unique_exact
4908,CCATCGTGCAGAGG,1,1,unique_exact
4909,CCATGCTGCAAGCT,1,1,unique_exact
4910,CCCAACTGAGTGCT,1,1,unique_exact
4911,CCCAGTTGAGTCAC,1,1,unique_exact
4912,CCCAGTTGAGTGCT,1,1,unique_exact
4913,CCCATGTGTGGGAG,2,1,unique_exact
4914,CCCGAACTGGGACA,1,1,unique_exact
4915,CCCTTACTCCCTCA,1,1,unique_exact
4916,CCGAAAACTCCTTA,1,1,unique_exact
4917,CCGGTACTCCTATT,1,1,unique_exact
4918,CCTAAACTTGACCA,1,1,unique_exact
4919,CCTCATCTGTCTAG,1,1,unique_exact
4920,CCTCGAACCGAATC,1,1,unique_exact
4921,CCTCTACTTGCAGT,2,1,unique_exact
4922,CCTGCAACCTGGAT,1,1,unique_exact
4923,CCTTAATGTCGACA,1,1,unique_exact
4924,CCTTCACTGGGCAA,1,1,unique_exact
4925,CGAAGACTCTTATC,1,1,unique_exact
4926,CGAAGGGAGAGCAG,1,1,unique_exact
4927,CGAAGTACAAACGA,1,1,unique_exact
4928,CGAAGTACGATACC,1,1,unique_exact
4929,CGAATCGATTCATC,1,1,unique_exact
4930,CGACGTCTTCCTAT,1,1,unique_exact
4931,CGACTCTGAAGCCT,1,1,unique_exact
4932,CGAGAACTGTTACG,1,1,unique_exact
4933,CGAGGAGAAGAAGT,1,1,unique_exact
4934,CGAGGAGACTGAAC,1,1,unique_exact
4935,CGAGGAGACTGCAA,1,1,unique_exact
4936,CGAGGGCTCGACTA,1,1,unique_exact
4937,CGATACGAGCTTCC,1,1,unique_exact
4938,CGATCCACGTACGT,1,1,unique_exact
4939,CGCAAATGCGCTAA,1,1,unique_exact
4940,CGCACTACATCTCT,1,1,unique_exact
4941,CGCATAGATTCTTG,1,1,unique_exact
4942,CGCCATTGACCACA,1,1,unique_exact
4943,CGCCTAACTCTTAC,1,1,unique_exact
4944,CGCTACACCAGAGG,1,1,unique_exact
4945,CGCTACACGCTGAT,1,1,unique_exact
4946,CGCTACTGCAGTCA,1,1,unique_exact
4947,CGGACCGAACCTAG,1,1,unique_exact
4948,CGGACCGACAGATC,2,1,unique_exact
4949,CGGCACGACGGAGA,1,1,unique_exact
4950,CGGCCAGAGGCATT,1,1,unique_exact
4951,CGGCGAACACACGT,1,1,unique_exact
4952,CGTAACGACAAAGA,1,1,unique_exact
4953,CGTCAAGACATTGG,1,1,unique_exact
4954,CGTCAAGATGCGTA,1,1,unique_exact
4955,CGTCGACTGCGGAA,1,1,unique_exact
4956,CGTGATGACACTGA,2,1,unique_exact
4957,CGTTAACTTATGGC,1,1,unique_exact
4958,CGTTAGGATCCTTA,1,1,unique_exact
4959,CGTTAGGATTTGGG,1,1,unique_exact
4960,CGTTTAACACGTTG,1,1,unique_exact
4961,CTAAACCTCTACGA,1,1,unique_exact
4962,CTAACGGACTGGAT,1,1,unique_exact
4963,CTAACTACATGTCG,1,1,unique_exact
4964,CTAATAGAAGACTC,1,1,unique_exact
4965,CTACTATGGTATCG,1,1,unique_exact
4966,CTACTCCTTCCTAT,2,1,unique_exact
4967,CTAGATCTACGTGT,1,1,unique_exact
4968,CTAGGATGTCCTAT,1,1,unique_exact
4969,CTAGGTGAGGACTT,1,1,unique_exact
4970,CTATACTGTCCGAA,1,1,unique_exact
4971,CTATGTACACGGTT,1,1,unique_exact
4972,CTCAGCACTCTATC,1,1,unique_exact
4973,CTCAGGCTGACGTT,1,1,unique_exact
4974,CTCATTGAAGGAGC,1,1,unique_exact
4975,CTCCTACTGGGATG,2,1,unique_exact
4976,CTCGACACCTCTTA,1,1,unique_exact
4977,CTCGCATGCTGGAT,1,1,unique_exact
4978,CTCGCATGCTGGTA,1,1,unique_exact
4979,CTCGCATGGCTCCT,1,1,unique_exact
4980,CTGACCACAGAGGC,1,1,unique_exact
4981,CTGAGCCTACCCTC,2,1,unique_exact
4982,CTGATACTCCGTTC,1,1,unique_exact
4983,CTGATTTGATAAGG,1,1,unique_exact
4984,CTGGCACTCCGATA,1,1,unique_exact
4985,CTGGCACTTTACTC,1,1,unique_exact
4986,CTTAAGCTCTGTAG,1,1,unique_exact
4987,CTTACTGATCCAAG,1,1,unique_exact
4988,CTTAGACTAAAAGC,1,1,unique_exact
4989,CTTCATGACATTGG,1,1,unique_exact
4990,CTTCATGATCGTAG,1,1,unique_exact
4991,CTTCTAGAAGAACA,1,1,unique_exact
4992,CTTCTAGATCCTAT,1,1,unique_exact
4993,CTTGATTGGAATAG,1,1,unique_exact
4994,CTTGTATGACCGAT,1,1,unique_exact
4995,CTTTCAGAGGACGA,1,1,unique_exact
4996,CTTTGATGCCGTTC,1,1,unique_exact
4997,GAAACAGAATGACC,1,1,unique_exact
4998,GAAACAGATCGTTT,2,1,unique_exact
4999,GAAATACTCTATTC,1,1,unique_exact
5000,GAACACACAAAGTG,1,1,unique_exact
5001,GAACACACGCTCCT,1,1,unique_exact
5002,GAACGGGAGCTGAT,1,1,unique_exact
5003,GAAGCTACGTTCAG,1,1,unique_exact
5004,GAAGTAGATTTGGG,1,1,unique_exact
5005,GAAGTGCTTAACGC,1,1,unique_exact
5006,GAATGCTGCAGATC,1,1,unique_exact
5007,GAATGCTGTTCCCG,1,1,unique_exact
5008,GAATGGCTGTATGC,1,1,unique_exact
5009,GAATTAACTGTCTT,1,1,unique_exact
5010,GACAACACGTAGCT,1,1,unique_exact
5011,GACACTGATCTTCA,1,1,unique_exact
5012,GACATTCTGTTACG,1,1,unique_exact
5013,GACCTCACTCATTC,1,1,unique_exact
5014,GACGAGGAAGCCAT,2,1,unique_exact
5015,GACGATTGATCAGC,2,1,unique_exact
5016,GACGATTGCTGTAG,1,1,unique_exact
5017,GACGTATGCTTAGG,1,1,unique_exact
5018,GACTCCTGTAGCGT,1,1,unique_exact
5019,GACTGAACCTCTAT,1,1,unique_exact
5020,GAGATAGATGCATG,2,1,unique_exact
5021,GAGATCACGTTTGG,1,1,unique_exact
5022,GAGATGCTAAGCCT,1,1,unique_exact
5023,GAGCAACTATGTGC,1,1,unique_exact
5024,GAGCGAGACGTTGA,1,1,unique_exact
5025,GAGCGCACCCATAG,1,1,unique_exact
5026,GAGCGCACGTTAGC,1,1,unique_exact
5027,GAGCGGCTTGAGCT,1,1,unique_exact
5028,GAGCTCCTTGAACC,1,1,unique_exact
5029,GAGGATCTCCACCT,1,1,unique_exact
5030,GAGGCAGACTACCC,2,1,unique_exact
5031,GAGGCAGAGACGAG,2,1,unique_exact
5032,GAGGGATGCCTATT,1,1,unique_exact
5033,GAGGGATGTAAGGA,1,1,unique_exact
5034,GAGGTGGAAGAGAT,1,1,unique_exact
5035,GAGGTTTGGACAGG,1,1,unique_exact
5036,GAGTAAGAGACTAC,1,1,unique_exact
5037,GAGTAAGATGAGCT,1,1,unique_exact
5038,GAGTACTGGAAGGC,1,1,unique_exact
5039,GAGTGGGACTGGTA,1,1,unique_exact
5040,GATAAGGAAGTGCT,1,1,unique_exact
5041,GATACTCTGTGCTA,1,1,unique_exact
5042,GATATAACTCATTC,1,1,unique_exact
5043,GATCGAACAGAGTA,1,1,unique_exact
5044,GATCGTGACAGTTG,1,1,unique_exact
5045,GATCTACTCAGAAA,1,1,unique_exact
5046,GATGCATGCGGGAA,1,1,unique_exact
5047,GATTACCTTGCAGT,1,1,unique_exact
5048,GATTCGGAGAGGAC,1,1,unique_exact
5049,GATTCTACTAGAAG,1,1,unique_exact
5050,GATTCTTGTGAGAA,1,1,unique_exact
5051,GATTGGACCTCCAC,1,1,unique_exact
5052,GCAACTGAACGTAC,1,1,unique_exact
5053,GCAATTCTAGCGGA,1,1,unique_exact
5054,GCAATTCTCCTTAT,3,1,unique_exact
5055,GCACAATGAGAGTA,2,1,unique_exact
5056,GCACCTACAACGTC,1,1,unique_exact
5057,GCACGTCTTCAGAC,2,1,unique_exact
5058,GCACTGCTGAATAG,1,1,unique_exact
5059,GCAGATACGGAAAT,1,1,unique_exact
5060,GCAGCTCTACTCTT,1,1,unique_exact
5061,GCAGCTCTTGATGC,1,1,unique_exact
5062,GCAGTTGACAGATC,1,1,unique_exact
5063,GCAGTTGATTGCGA,1,1,unique_exact
5064,GCATCAGAGCGGAA,1,1,unique_exact
5065,GCATGTGACTGCAA,1,1,unique_exact
5066,GCCACTACAGCTCA,1,1,unique_exact
5067,GCCATCACAAACGA,2,1,unique_exact
5068,GCCATCACGCGAGA,1,1,unique_exact
5069,GCCATCACGGAGGT,1,1,unique_exact
5070,GCCGAGTGACTGGT,1,1,unique_exact
5071,GCCGAGTGGGTCAT,2,1,unique_exact
5072,GCCTAGCTCCGATA,1,1,unique_exact
5073,GCGACTCTTCAGGT,1,1,unique_exact
5074,GCGACTCTTTCGCC,1,1,unique_exact
5075,GCGAGCACGTCGAT,1,1,unique_exact
5076,GCGCATCTTTGTCT,1,1,unique_exact
5077,GCGCGATGACGGGA,1,1,unique_exact
5078,GCGGACTGGATACC,1,1,unique_exact
5079,GCGTAAACGTTCGA,1,1,unique_exact
5080,GCGTAAACTGTGGT,1,1,unique_exact
5081,GCGTAAACTTCTAC,1,1,unique_exact
5082,GCTACAGATACTCT,1,1,unique_exact
5083,GCTAGATGAGAACA,1,1,unique_exact
5084,GCTAGATGGGACTT,1,1,unique_exact
5085,GCTATACTCACACA,1,1,unique_exact
5086,GCTCACTGAAAACG,1,1,unique_exact
5087,GCTCACTGGAGGAC,1,1,unique_exact
5088,GCTCGACTCATTGG,1,1,unique_exact
5089,GCTTAACTACTAGC,1,1,unique_exact
5090,GGAAGGTGGGTGGA,1,1,unique_exact
5091,GGACAGGAGCGTAT,1,1,unique_exact
5092,GGACCGTGGCCAAT,1,1,unique_exact
5093,GGACGCTGCCGTTC,1,1,unique_exact
5094,GGACTATGAAACAG,1,1,unique_exact
5095,GGAGCAGATCGATG,1,1,unique_exact
5096,GGAGTTTGGGCGAA,1,1,unique_exact
5097,GGATACTGGCTAAC,1,1,unique_exact
5098,GGATGTTGAGAATG,1,1,unique_exact
5099,GGATTGTGTGCTAG,1,1,unique_exact
5100,GGATTTCTGTTCTT,1,1,unique_exact
5101,GGATTTCTGTTGAC,1,1,unique_exact
5102,GGCAATACTAGTCG,1,1,unique_exact
5103,GGCACTCTAAGGGC,2,1,unique_exact
5104,GGCACTCTCCCTTG,1,1,unique_exact
5105,GGCCAGACTTCATC,1,1,unique_exact
5106,GGCCGAACCTACTT,1,1,unique_exact
5107,GGCCGATGCTGCTC,2,1,unique_exact
5108,GGCGACTGCTGGAT,1,1,unique_exact
5109,GGCGACTGTTGGCA,1,1,unique_exact
5110,GGCGACTGTTTCGT,1,1,unique_exact
5111,GGCTACCTACACAC,1,1,unique_exact
5112,GGCTACCTTGTTCT,1,1,unique_exact
5113,GGCTCACTAATGCC,2,1,unique_exact
5114,GGGAACGAAAGCAA,1,1,unique_exact
5115,GGGAAGTGCTGTGA,1,1,unique_exact
5116,GGGAAGTGGTGTTG,1,1,unique_exact
5117,GGGACCACACCATG,1,1,unique_exact
5118,GGGATGGAGGCAAG,1,1,unique_exact
5119,GGGATTACCCAATG,2,1,unique_exact
5120,GGGCACACAGGCGA,2,1,unique_exact
5121,GGGTAACTGAGAGC,1,1,unique_exact
5122,GGGTTAACGTTGAC,1,1,unique_exact
5123,GGGTTATGGCATCA,2,1,unique_exact
5124,GGTACATGTTCGTT,1,1,unique_exact
5125,GGTAGTACGTTTGG,1,1,unique_exact
5126,GTAACGTGTGCCTC,1,1,unique_exact
5127,GTAAGCACGAGACG,1,1,unique_exact
5128,GTACGAACGCTATG,1,1,unique_exact
5129,GTACTACTATTCGG,2,1,unique_exact
5130,GTAGACTGTAAGCC,1,1,unique_exact
5131,GTAGTGACCCCACT,1,1,unique_exact
5132,GTAGTGTGCCCAAA,1,1,unique_exact
5133,GTATCACTGCATCA,1,1,unique_exact
5134,GTATTAGACAACTG,1,1,unique_exact
5135,GTCACAGAGTTACG,1,1,unique_exact
5136,GTCACCTGAACGTC,1,1,unique_exact
5137,GTCATACTCTGGAT,1,1,unique_exact
5138,GTCCAGCTAAAAGC,1,1,unique_exact
5139,GTCCCATGGAATCC,1,1,unique_exact
5140,GTCGAATGGCTATG,1,1,unique_exact
5141,GTCGACCTTCATTC,1,1,unique_exact
5142,GTCGCACTCTCTTA,1,1,unique_exact
5143,GTCTAGGACTCTTA,1,1,unique_exact
5144,GTGACAACTAAGGA,1,1,unique_exact
5145,GTGACCCTGAAACA,1,1,unique_exact
5146,GTGAGGGAGCCCTT,2,1,unique_exact
5147,GTGATCGATTCTTG,1,1,unique_exact
5148,GTGATGACACTCTT,1,1,unique_exact
5149,GTGATGACGGGCAA,1,1,unique_exact
5150,GTGGAGGACCTTCG,1,1,unique_exact
5151,GTGGATTGCGTAAC,1,1,unique_exact
5152,GTGTGATGCCAATG,2,1,unique_exact
5153,GTTACTACACAGTC,1,1,unique_exact
5154,GTTAGTCTTTCCGC,1,1,unique_exact
5155,GTTATAGACGTAGT,1,1,unique_exact
5156,GTTGATCTAGGAGC,2,1,unique_exact
5157,GTTGATCTCAGGAG,1,1,unique_exact
5158,GTTGGATGAACCGT,1,1,unique_exact
5159,GTTTAAGATCCTCG,1,1,unique_exact
5160,TAAATGTGAGAGTA,1,1,unique_exact
5161,TAAATGTGAGCCAT,2,1,unique_exact
5162,TAAATGTGCCTTTA,1,1,unique_exact
5163,TAACAATGCCACAA,1,1,unique_exact
5164,TAACACCTAAGGCG,1,1,unique_exact
5165,TAACGTCTGGAGCA,1,1,unique_exact
5166,TAAGGGCTACGGTT,1,1,unique_exact
5167,TAAGTAACGAATGA,1,1,unique_exact
5168,TAAGTCCTGTTCAG,1,1,unique_exact
5169,TAATCCACACGTTG,1,1,unique_exact
5170,TAATCCACCTGTTT,1,1,unique_exact
5171,TAATGAACCGACAT,1,1,unique_exact
5172,TAATGAACGTCACA,1,1,unique_exact
5173,TAATGCCTTACAGC,1,1,unique_exact
5174,TAATGCCTTGTAGC,1,1,unique_exact
5175,TAATGTGACACCAA,1,1,unique_exact
5176,TACACACTGTGCTA,1,1,unique_exact
5177,TACATAGACTAGCA,1,1,unique_exact
5178,TACATCACACTTTC,1,1,unique_exact
5179,TACATCACTTCCAT,1,1,unique_exact
5180,TACCGAGACCCGTT,1,1,unique_exact
5181,TACCGAGACTCCCA,1,1,unique_exact
5182,TACCGCTGGGAAAT,1,1,unique_exact
5183,TACCGGCTCCCGTT,1,1,unique_exact
5184,TACCGGCTGCTACA,2,1,unique_exact
5185,TACGACGAATGTGC,1,1,unique_exact
5186,TACGTACTCACCAA,2,1,unique_exact
5187,TACGTTACCGAACT,1,1,unique_exact
5188,TACGTTACTCGACA,1,1,unique_exact
5189,TACTCCCTTCTGGA,1,1,unique_exact
5190,TACTCTGACCACCT,2,1,unique_exact
5191,TAGAGAGAGTACAC,1,1,unique_exact
5192,TAGATTGAAGTAGA,1,1,unique_exact
5193,TAGGACTGGGTAGG,1,1,unique_exact
5194,TAGGACTGGTCACA,1,1,unique_exact
5195,TAGGCTGAGAGGGT,1,1,unique_exact
5196,TAGGGACTCCTCCA,1,1,unique_exact
5197,TAGGTGACGTCAAC,1,1,unique_exact
5198,TAGGTGTGCCGAAT,1,1,unique_exact
5199,TAGTAAACCGTTAG,1,1,unique_exact
5200,TAGTAATGCGCTAA,1,1,unique_exact
5201,TAGTATGAGACAAA,1,1,unique_exact
5202,TAGTCACTCATTCT,1,1,unique_exact
5203,TAGTCACTGAAAGT,1,1,unique_exact
5204,TAGTGGTGAAGCAA,1,1,unique_exact
5205,TAGTGGTGTTACTC,1,1,unique_exact
5206,TAGTTCACTGCTTT,1,1,unique_exact
5207,TATAAGACAAACGA,1,1,unique_exact
5208,TATACAGAGGTGAG,1,1,unique_exact
5209,TATACGCTGGAGTG,1,1,unique_exact
5210,TATAGATGCCGTTC,1,1,unique_exact
5211,TATAGCCTGTAGGG,1,1,unique_exact
5212,TATAGCCTGTGTAC,2,1,unique_exact
5213,TATCAAGAAAGAGT,1,1,unique_exact
5214,TATCCAACGACGAG,1,1,unique_exact
5215,TATCGACTACGACT,1,1,unique_exact
5216,TATCTTCTAGTCAC,1,1,unique_exact
5217,TATGGGTGGAACCT,1,1,unique_exact
5218,TATGGGTGGCGGAA,1,1,unique_exact
5219,TATGGGTGTCGTAG,1,1,unique_exact
5220,TCAAGGTGAGTTCG,1,1,unique_exact
5221,TCAAGGTGGGTGTT,1,1,unique_exact
5222,TCAAGTCTCATGGT,1,1,unique_exact
5223,TCACAACTGAAACA,1,1,unique_exact
5224,TCACGAGAGGAGGT,1,1,unique_exact
5225,TCACTATGGCCTTC,1,1,unique_exact
5226,TCACTATGTTGTGG,1,1,unique_exact
5227,TCAGCAGACTGCTC,1,1,unique_exact
5228,TCAGCAGATTCATC,1,1,unique_exact
5229,TCAGGATGCGGTAT,2,1,unique_exact
5230,TCAGTTACGGTTAC,1,1,unique_exact
5231,TCAGTTACTACGAC,1,1,unique_exact
5232,TCATGTACCTGATG,1,1,unique_exact
5233,TCCATCCTTTCTTG,1,1,unique_exact
5234,TCCCAGACTGTCCC,1,1,unique_exact
5235,TCCGGACTTTGGCA,1,1,unique_exact
5236,TCCTAAACAAGTAG,2,1,unique_exact
5237,TCCTATGATCTCAT,2,1,unique_exact
5238,TCGAATCTGAGATA,1,1,unique_exact
5239,TCGATTTGCGAACT,2,1,unique_exact
5240,TCGATTTGTTCTAC,1,1,unique_exact
5241,TCGCACACGTTTGG,1,1,unique_exact
5242,TCGCCATGCAGATC,1,1,unique_exact
5243,TCGGTAGAGCCATA,2,1,unique_exact
5244,TCGTGAGATGAAGA,1,1,unique_exact
5245,TCTACAACGGTAAA,2,1,unique_exact
5246,TCTCTAGAGGGATG,1,1,unique_exact
5247,TCTTCAGATGGTTG,1,1,unique_exact
5248,TGAAGCTGTCAGGT,1,1,unique_exact
5249,TGAATAACACGTGT,1,1,unique_exact
5250,TGAATAACGGTGTT,1,1,unique_exact
5251,TGACCAGAGGGCAA,1,1,unique_exact
5252,TGACGAACAGCCAT,1,1,unique_exact
5253,TGACGAACTCACGA,1,1,unique_exact
5254,TGACGATGCCCACT,1,1,unique_exact
5255,TGACTGGATCGTTT,2,1,unique_exact
5256,TGACTTACACGGGA,1,1,unique_exact
5257,TGAGCTGAGAGCAG,1,1,unique_exact
5258,TGATAAACAGAAGT,1,1,unique_exact
5259,TGATATGACCGAAT,1,1,unique_exact
5260,TGATTCACCCGTAA,1,1,unique_exact
5261,TGCACAGAATGTCG,1,1,unique_exact
5262,TGCACGCTAGATGA,1,1,unique_exact
5263,TGCCAAGATCGCTC,1,1,unique_exact
5264,TGCGATGAATGGTC,1,1,unique_exact
5265,TGCGCACTTTCCGC,1,1,unique_exact
5266,TGCGTAGAACTCTT,1,1,unique_exact
5267,TGCGTAGAATCACG,1,1,unique_exact
5268,TGCTAGGATCACCC,2,1,unique_exact
5269,TGCTTAACATGTGC,2,1,unique_exact
5270,TGGAACTGTTCGGA,1,1,unique_exact
5271,TGGACCCTTCAGGT,1,1,unique_exact
5272,TGGCACCTTCGCTC,1,1,unique_exact
5273,TGGGTATGCCTCGT,2,1,unique_exact
5274,TGGTACGAACGCTA,1,1,unique_exact
5275,TGGTAGTGAACAGA,1,1,unique_exact
5276,TGTAGGTGTCCGAA,1,1,unique_exact
5277,TGTAGTCTACGCTA,1,1,unique_exact
5278,TGTAGTCTGAGGTG,1,1,unique_exact
5279,TGTAGTCTGGGCAA,1,1,unique_exact
5280,TGTAGTCTTGCCTC,1,1,unique_exact
5281,TGTATGCTGGACGA,1,1,unique_exact
5282,TGTATGCTGTTCTT,1,1,unique_exact
5283,TGTGAGACCCACAA,1,1,unique_exact
5284,TGTGAGTGCTGTGA,1,1,unique_exact
5285,TGTTAAGAGGTCTA,1,1,unique_exact
5286,TTACGACTGTTACG,1,1,unique_exact
5287,TTACGTACATTTCC,1,1,unique_exact
5288,TTAGCTACCGAATC,1,1,unique_exact
5289,TTAGGTCTCTCGCT,2,1,unique_exact
5290,TTATGAGACTGTGA,1,1,unique_exact
5291,TTCAACACTGTTCT,2,1,unique_exact
5292,TTCAAGCTCTAAGC,1,1,unique_exact
5293,TTCACCCTACTGTG,2,1,unique_exact
5294,TTCAGTTGCTACGA,1,1,unique_exact
5295,TTCATCGACTACGA,1,1,unique_exact
5296,TTCCCACTCTGAAC,2,1,unique_exact
5297,TTCCTAGATACTTC,1,1,unique_exact
5298,TTCGAGGATAAGGA,2,1,unique_exact
5299,TTCGATTGTCACGA,1,1,unique_exact
5300,TTCGGAGATGGAGG,1,1,unique_exact
5301,TTCGTATGGCTGTA,1,1,unique_exact
5302,TTCTAGTGCCGTTC,1,1,unique_exact
5303,TTCTCAGAGCATAC,1,1,unique_exact
5304,TTCTTACTTCTCAT,2,1,unique_exact
5305,TTGCATTGTGTTTC,1,1,unique_exact
5306,TTGTACACAAAGTG,1,1,unique_exact
5307,TTGTAGCTAATGCC,1,1,unique_exact
5308,TTTAGCTGGGTTTG,1,1,unique_exact
5309,TTTATCCTTATGGC,1,1,unique_exact
5310,TTTGACTGCTTCCG,1,1,unique_exact
5311,AAAGCCTGTACGAC,1,1,unique_exact
5312,ACGCCTTGTTGTCT,1,1,unique_exact
5313,AGACGTACTCTAGG,1,1,unique_exact
5314,AGGGACGATTCAGG,1,1,unique_exact
5315,AGTGTTCTAGAGGC,2,1,unique_exact
5316,ATATGAACTACTTC,1,1,unique_exact
5317,ATGATAACTCGCAA,1,1,unique_exact
5318,ATTGTCTGGGAGTG,1,1,unique_exact
5319,CACTAACTATAAGG,1,1,unique_exact
5320,CAGTGTGAAAGTAG,1,1,unique_exact
5321,CATCAGGAATGACC,1,1,unique_exact
5322,CATCGCTGAGACTC,2,1,unique_exact
5323,CCTGAGCTGCTCCT,1,1,unique_exact
5324,CGAAGACTTCGCAA,1,1,unique_exact
5325,CGCAAATGATTTCC,1,1,unique_exact
5326,CGGCCAGATTGCGA,1,1,unique_exact
5327,CTATTGACCTGCAA,1,1,unique_exact
5328,CTGATTTGCCTTGC,1,1,unique_exact
5329,GAAGGTCTTTATCC,1,1,unique_exact
5330,GACAGTTGGGTAAA,1,1,unique_exact
5331,GAGGTACTTTTACC,2,1,unique_exact
5332,GATTCTTGTGACAC,1,1,unique_exact
5333,GCCACTACTACTGG,2,1,unique_exact
5334,GCGGGACTCCAGTA,1,1,unique_exact
5335,GCTACGCTGTGCTA,2,1,unique_exact
5336,GGACGAGAGCCATA,1,1,unique_exact
5337,GGATGTTGCTGTGA,1,1,unique_exact
5338,GTTAACCTCGAGTT,1,1,unique_exact
5339,TATCGACTCTTATC,1,1,unique_exact
5340,TCAAGTCTTAAGGA,1,1,unique_exact
5341,TGGACTGAACCCTC,1,1,unique_exact
5342,TGTGATCTCAGAGG,1,1,unique_exact
5343,ACACGTGATCCCAC,2,1,unique_exact
5344,ACAGGTACTGACAC,1,1,unique_exact
5345,ACCAGCCTCAGTTG,1,1,unique_exact
5346,ACCCAAGAGTGCAT,1,1,unique_exact
5347,ACGGTAACTGTCTT,1,1,unique_exact
5348,AGAGAAACAGAACA,1,1,unique_exact
5349,AGCACAACTGCTAG,1,1,unique_exact
5350,ATAATCGAGTTCTT,1,1,unique_exact
5351,ATGTCGGACGAATC,1,1,unique_exact
5352,ATTACCACACCAGT,1,1,unique_exact
5353,CAAGCATGGATGAA,1,1,unique_exact
5354,CACTATACCGCAAT,1,1,unique_exact
5355,CCGTAAGACCGTTC,1,1,unique_exact
5356,CGGTCACTGAGGTG,1,1,unique_exact
5357,CTGACCACACGTGT,1,1,unique_exact
5358,CTTAAAGATGAGCT,1,1,unique_exact
5359,CTTACATGAGTCGT,1,1,unique_exact
5360,GAAAGTGATTCGTT,2,1,unique_exact
5361,GAAGCGGACATTTC,1,1,unique_exact
5362,GCGCATCTGTAGCT,1,1,unique_exact
5363,GGCGCATGTTGCGA,1,1,unique_exact
5364,GGCTAAACTCGTGA,1,1,unique_exact
5365,GTTGTACTTCCTAT,1,1,unique_exact
5366,TAAACAACCCTGTC,1,1,unique_exact
5367,TACATCACACAGCT,1,1,unique_exact
5368,TCGATACTTCGCAA,1,1,unique_exact
5369,TGGAACTGAGATCC,1,1,unique_exact
5370,TGTTAAGAAGCCTA,1,1,unique_exact
5371,TTCAAAGATTGACG,1,1,unique_exact
5372,TTCGGAGAGGTGGA,1,1,unique_exact
5373,TTGGTACTCATCAG,1,1,unique_exact
5374,AAACCGTGCTGTTT,1,1,unique_exact
5375,AAAGATCTAGGGTG,1,1,unique_exact
5376,AAAGATCTTTCATC,1,1,unique_exact
5377,AAATACTGCTCGCT,1,1,unique_exact
5378,AAATCCCTCCCTTG,1,1,unique_exact
5379,AACAATACAACTGC,1,1,unique_exact
5380,AACCCAGAAGTGCT,1,1,unique_exact
5381,AACTACCTAACTGC,1,1,unique_exact
5382,AACTCACTCATTGG,1,1,unique_exact
5383,AAGGCTTGGTAAGA,1,1,unique_exact
5384,AAGTATACACGCAT,1,1,unique_exact
5385,AAGTCCGATAAAGG,1,1,unique_exact
5386,AATAACACTCCCAC,1,1,unique_exact
5387,AATGATACGTCACA,1,1,unique_exact
5388,AATTGATGAAGGTA,1,1,unique_exact
5389,AATTGTGAGTTACG,1,1,unique_exact
5390,ACAAATTGTTCGCC,1,1,unique_exact
5391,ACAAGAGAGTCACA,1,1,unique_exact
5392,ACAAGAGATCGTGA,1,1,unique_exact
5393,ACACGAACTTTACC,1,1,unique_exact
5394,ACAGACACAGGAGC,1,1,unique_exact
5395,ACAGACACGAGCTT,1,1,unique_exact
5396,ACATCACTAACCGT,2,1,unique_exact
5397,ACCAACGAAAACGA,1,1,unique_exact
5398,ACCACAGACCAAGT,1,1,unique_exact
5399,ACCACCTGACACGT,1,1,unique_exact
5400,ACCCGTTGTGCTAG,1,1,unique_exact
5401,ACCCTCGAACGACT,1,1,unique_exact
5402,ACCTCGTGGGACGA,2,1,unique_exact
5403,ACGCCTTGCAACCA,1,1,unique_exact
5404,ACGGCGTGAACCAC,1,1,unique_exact
5405,ACGGTAACGAATAG,1,1,unique_exact
5406,ACGGTCCTTTTCAC,1,1,unique_exact
5407,ACGTAGACGAACCT,1,1,unique_exact
5408,ACGTCAGATCGTAG,1,1,unique_exact
5409,ACGTCCTGAAGATG,1,1,unique_exact
5410,ACGTTACTCTGCAA,1,1,unique_exact
5411,ACGTTTACCACTTT,1,1,unique_exact
5412,ACGTTTACTAGAAG,1,1,unique_exact
5413,ACTAAAACCAGTTG,1,1,unique_exact
5414,ACTGCCTGACTCAG,1,1,unique_exact
5415,ACTGGCCTGATAGA,1,1,unique_exact
5416,ACTTAGCTTGGTTG,1,1,unique_exact
5417,ACTTCCCTCTGGAT,1,1,unique_exact
5418,AGAAAGTGACCAGT,1,1,unique_exact
5419,AGACCTGAGTTCAG,1,1,unique_exact
5420,AGAGAATGACACTG,1,1,unique_exact
5421,AGCATTCTTCGTAG,1,1,unique_exact
5422,AGCGGCACAGTTCG,1,1,unique_exact
5423,AGGAGTCTTTCAGG,1,1,unique_exact
5424,AGGCAGGATTCCCG,2,1,unique_exact
5425,AGGGCGCTTTCTAC,1,1,unique_exact
5426,AGGGTTTGGGTAAA,2,1,unique_exact
5427,AGGTTGTGGGAGGT,1,1,unique_exact
5428,AGTAATTGACACAC,1,1,unique_exact
5429,AGTATAACTGAGCT,1,1,unique_exact
5430,AGTCCAGATATCGG,1,1,unique_exact
5431,AGTCGCCTCCATGA,1,1,unique_exact
5432,AGTGCAACGCGAGA,1,1,unique_exact
5433,AGTGTTCTCAGTCA,1,1,unique_exact
5434,AGTGTTCTCTTCGC,2,1,unique_exact
5435,AGTTTAGAACTGGT,2,1,unique_exact
5436,ATAACCCTGACGAG,1,1,unique_exact
5437,ATAAGTTGTGTCTT,1,1,unique_exact
5438,ATAATGACCTTGGA,2,1,unique_exact
5439,ATAGAACTTTCGCC,2,1,unique_exact
5440,ATAGATACGTTCTT,1,1,unique_exact
5441,ATAGCCGAAAAGCA,1,1,unique_exact
5442,ATAGCCGACTACCC,1,1,unique_exact
5443,ATAGGAGAGTACCA,1,1,unique_exact
5444,ATAGGCTGCCTGTC,1,1,unique_exact
5445,ATAGTCCTCTATGG,1,1,unique_exact
5446,ATAGTTGATTGTCT,1,1,unique_exact
5447,ATATACGATAAGCC,1,1,unique_exact
5448,ATATAGTGGGTCAT,1,1,unique_exact
5449,ATATAGTGTCCTAT,1,1,unique_exact
5450,ATATGAACGCATCA,2,1,unique_exact
5451,ATCAAATGCCTACC,1,1,unique_exact
5452,ATCAAATGTTCTGT,1,1,unique_exact
5453,ATCAACCTTCAAGC,1,1,unique_exact
5454,ATCACACTCAAGCT,1,1,unique_exact
5455,ATCACGGAACCTGA,1,1,unique_exact
5456,ATCACTACATCTTC,1,1,unique_exact
5457,ATCACTTGTTCGCC,1,1,unique_exact
5458,ATCAGGTGCGCATA,1,1,unique_exact
5459,ATCGCCTGGGTAAA,2,1,unique_exact
5460,ATCTACTGTGGTCA,1,1,unique_exact
5461,ATCTCAACCGTACA,1,1,unique_exact
5462,ATCTGGGAAGGTTC,1,1,unique_exact
5463,ATCTTGACACAGCT,1,1,unique_exact
5464,ATCTTTCTGTTCAG,2,1,unique_exact
5465,ATGAAGGATGACAC,1,1,unique_exact
5466,ATGCACGATGACAC,1,1,unique_exact
5467,ATGCCAGAAGCGGA,1,1,unique_exact
5468,ATGGGTACTTCCCG,1,1,unique_exact
5469,ATGTTGCTGCCAAT,1,1,unique_exact
5470,ATTCCATGGTGTAC,1,1,unique_exact
5471,ATTGAAACTGGTGT,1,1,unique_exact
5472,ATTGATGACTCCCA,1,1,unique_exact
5473,ATTGTAGATGCGTA,1,1,unique_exact
5474,ATTTCGTGAAGCCT,1,1,unique_exact
5475,CAACCAGACATCAG,2,1,unique_exact
5476,CAACGTGAACGGGA,1,1,unique_exact
5477,CAACTTTGTGAGAA,1,1,unique_exact
5478,CAAGCTGAACGCAT,1,1,unique_exact
5479,CAAGTTCTGTACAC,1,1,unique_exact
5480,CAATAATGATCGGT,3,1,unique_exact
5481,CAATAATGTCTACT,1,1,unique_exact
5482,CAATGGACTGTGAC,2,1,unique_exact
5483,CAATTCTGACCTAG,1,1,unique_exact
5484,CACACCTGCATTGG,1,1,unique_exact
5485,CACAGATGGAAGGC,1,1,unique_exact
5486,CACAGTGAGGAGGT,1,1,unique_exact
5487,CACCACTGCCATAG,1,1,unique_exact
5488,CACCTGACTCATTC,1,1,unique_exact
5489,CACGATGAGAGGAC,2,1,unique_exact
5490,CACGCTACGTTGTG-1,0,0,no_barcode_candidate
5491,CACGCTACTTGTGG,1,1,unique_exact
5492,CAGACAACTGCAAC,1,1,unique_exact
5493,CAGATCGAGGTATC,1,1,unique_exact
5494,CAGCCTACCGAGAG,1,1,unique_exact
5495,CAGCGTCTACGTAC,1,1,unique_exact
5496,CAGCTAGAAAGCCT,1,1,unique_exact
5497,CAGCTCACTGAGCT,1,1,unique_exact
5498,CAGGTAACTGGCAT,1,1,unique_exact
5499,CAGTTGGAGTGAGG,1,1,unique_exact
5500,CAGTTGGATACTTC,1,1,unique_exact
5501,CAGTTTACTCACGA,1,1,unique_exact
5502,CATACTTGACCTGA,1,1,unique_exact
5503,CATCAGGAGAGCTT,1,1,unique_exact
5504,CATCTCCTAACGAA,1,1,unique_exact
5505,CATGCCACGACTAC,1,1,unique_exact
5506,CATTACACACCTGA,1,1,unique_exact
5507,CATTCCCTATGTGC,2,1,unique_exact
5508,CATTCCCTTTTCGT,1,1,unique_exact
5509,CATTGACTACGGAG,1,1,unique_exact
5510,CATTTCGAAACCTG,1,1,unique_exact
5511,CCACTGACCTTCCG,1,1,unique_exact
5512,CCACTGTGTAGAGA,1,1,unique_exact
5513,CCAGAAACCATACG,1,1,unique_exact
5514,CCAGCACTTGCAGT,1,1,unique_exact
5515,CCAGTCACGCTGTA,1,1,unique_exact
5516,CCAGTCTGCGTCTC,1,1,unique_exact
5517,CCATCCGACATTTC,1,1,unique_exact
5518,CCATCCGAGTGTTG,2,1,unique_exact
5519,CCCAACTGTTGGCA,2,1,unique_exact
5520,CCGACACTTGGGAG,1,1,unique_exact
5521,CCGCGAGATGACTG,1,1,unique_exact
5522,CCGGTACTTTACTC,1,1,unique_exact
5523,CCGTACACCCGAAT,1,1,unique_exact
5524,CCTATAACTGTAGC,2,1,unique_exact
5525,CCTCGAACCCTTAT,1,1,unique_exact
5526,CCTCGAACCTTCCG,1,1,unique_exact
5527,CCTCTACTCTCAGA,1,1,unique_exact
5528,CCTGCAACGCAGTT,1,1,unique_exact
5529,CCTGCAACGTGTTG,1,1,unique_exact
5530,CGAACATGCAATCG,1,1,unique_exact
5531,CGAAGACTAAACAG,1,1,unique_exact
5532,CGAAGGGATTTGCT,1,1,unique_exact
5533,CGACTCACCCCTAC,1,1,unique_exact
5534,CGACTCACGCTATG,1,1,unique_exact
5535,CGAGCGTGGAGCAG,1,1,unique_exact
5536,CGAGGCACCGCCTT,1,1,unique_exact
5537,CGATCAGAGCTACA,1,1,unique_exact
5538,CGCAGGACCAGGAG,1,1,unique_exact
5539,CGCCGAGAACCATG,1,1,unique_exact
5540,CGCGATCTCTGATG,1,1,unique_exact
5541,CGGAATTGGCGATT,1,1,unique_exact
5542,CGGAATTGGCTACA,1,1,unique_exact
5543,CGGAGGCTGTACAC,1,1,unique_exact
5544,CGGAGGCTTCGTAG,1,1,unique_exact
5545,CGGCCAGATCTACT,1,1,unique_exact
5546,CGGCGAACTGGTAC,1,1,unique_exact
5547,CGGGCATGCCATAG,1,1,unique_exact
5548,CGGTACCTCTCGCT,1,1,unique_exact
5549,CGTACAGAAAAGCA,1,1,unique_exact
5550,CGTCCATGAGACTC,1,1,unique_exact
5551,CGTGATGATCTAGG,1,1,unique_exact
5552,CGTTAGGATGGAAA,1,1,unique_exact
5553,CTACCTCTGGACTT,1,1,unique_exact
5554,CTACGCACCTGTTT,1,1,unique_exact
5555,CTAGGTGAACGGGA,1,1,unique_exact
5556,CTAGGTGAGCGTTA,1,1,unique_exact
5557,CTAGTTTGTCCCGT,1,1,unique_exact
5558,CTATAAGATCCCAC,1,1,unique_exact
5559,CTCAGCACGGTTCA,1,1,unique_exact
5560,CTCCTACTAGCGGA,1,1,unique_exact
5561,CTCGAAGACTGAAC,2,1,unique_exact
5562,CTCGACACGAGGCA,1,1,unique_exact
5563,CTGAAGTGAGCATC,3,1,unique_exact
5564,CTGAAGTGGTCTAG,2,1,unique_exact
5565,CTGAAGTGTTCACT,2,1,unique_exact
5566,CTGATTTGTCGATG,1,1,unique_exact
5567,CTGCCAACTGACCA,1,1,unique_exact
5568,CTGCGACTGAATGA,1,1,unique_exact
5569,CTGGATGAAGACTC,1,1,unique_exact
5570,CTGGATGATGTCAG,1,1,unique_exact
5571,CTTCATGATGCTCC,1,1,unique_exact
5572,CTTGATTGACTTTC,1,1,unique_exact
5573,GAACTGTGAGCGGA,1,1,unique_exact
5574,GAAGTCTGAGGAGC,1,1,unique_exact
5575,GAATTAACGCCATA,2,1,unique_exact
5576,GACAGGGAACAGTC,1,1,unique_exact
5577,GACAGTTGTATGGC,1,1,unique_exact
5578,GACCTAGACAAGCT,1,1,unique_exact
5579,GACCTCACGACGAG,1,1,unique_exact
5580,GACCTCTGCCGTTC,1,1,unique_exact
5581,GACGAACTTGCAAC,1,1,unique_exact
5582,GACGCTCTTAAGGA,1,1,unique_exact
5583,GACTGATGTCCAGA,2,1,unique_exact
5584,GAGATAGAGCGTTA,1,1,unique_exact
5585,GAGCGCACTGCATG,1,1,unique_exact
5586,GAGCTCCTAACAGA,1,1,unique_exact
5587,GAGGTTACTCCTAT,1,1,unique_exact
5588,GATAATACATCTTC,1,1,unique_exact
5589,GATATAACTAAGCC,1,1,unique_exact
5590,GATATATGTGGCAT,1,1,unique_exact
5591,GATATCCTTGAACC,1,1,unique_exact
5592,GATTCGGACCGCTT,1,1,unique_exact
5593,GATTCGGATTATCC,1,1,unique_exact
5594,GCAATCGATATTCC,1,1,unique_exact
5595,GCACAATGTTCTAC,2,1,unique_exact
5596,GCACCTTGACGCAT,1,1,unique_exact
5597,GCACCTTGAGATGA,1,1,unique_exact
5598,GCACTGCTGAAAGT,1,1,unique_exact
5599,GCAGCTCTCCGTTC,1,1,unique_exact
5600,GCCAACCTTCGCTC,2,1,unique_exact
5601,GCCTAGCTCCTAAG,1,1,unique_exact
5602,GCCTAGCTTGACAC,1,1,unique_exact
5603,GCCTGACTTCGATG,1,1,unique_exact
5604,GCGAAGGACATTGG,1,1,unique_exact
5605,GCGATATGATCTTC,1,1,unique_exact
5606,GCGGACTGTGGTGT,1,1,unique_exact
5607,GCGTATGATGCATG,1,1,unique_exact
5608,GCTCACTGTGTGAC,1,1,unique_exact
5609,GCTCAGCTCTTACT,1,1,unique_exact
5610,GCTCCATGCTTCCG,1,1,unique_exact
5611,GCTGATGAAAGAGT,1,1,unique_exact
5612,GCTTGAGAGAGGAC,1,1,unique_exact
5613,GGAAGGACAGGCGA,1,1,unique_exact
5614,GGAAGGACTGCTAG,1,1,unique_exact
5615,GGAATCTGGTTGAC,1,1,unique_exact
5616,GGACAGGAAGCCAT,1,1,unique_exact
5617,GGATACTGACTCTT,1,1,unique_exact
5618,GGATTGTGCTTTAC,1,1,unique_exact
5619,GGCCACGAGTACCA,1,1,unique_exact
5620,GGCCAGACGATAGA,1,1,unique_exact
5621,GGCCGAACGTACGT,2,1,unique_exact
5622,GGCGCATGGTAAGA,1,1,unique_exact
5623,GGCTCACTGTGTAC,1,1,unique_exact
5624,GGGAACGATCCCAC,1,1,unique_exact
5625,GGGATGGAACTAGC,1,1,unique_exact
5626,GGGCAGCTAGATCC,1,1,unique_exact
5627,GGGCAGCTGTATCG,1,1,unique_exact
5628,GGGCAGCTGTATGC,2,1,unique_exact
5629,GGGTAACTTGCACA,1,1,unique_exact
5630,GGGTTAACTGTGGT,1,1,unique_exact
5631,GGGTTAACTTTACC,1,1,unique_exact
5632,GGTATCGATCTTCA,1,1,unique_exact
5633,GGTTGAACGTCTGA,1,1,unique_exact
5634,GTAAGCACGTCAAC,1,1,unique_exact
5635,GTAATAACGTTAGC,1,1,unique_exact
5636,GTAGACTGCTCGCT,1,1,unique_exact
5637,GTAGCCCTGGTGGA,1,1,unique_exact
5638,GTATCTACTGCTAG,1,1,unique_exact
5639,GTATTAGAGAAGGC,1,1,unique_exact
5640,GTCAACGATGAAGA,2,1,unique_exact
5641,GTCACAGAGACAGG,1,1,unique_exact
5642,GTCACAGATCGCTC,1,1,unique_exact
5643,GTCACCTGACGGAG,1,1,unique_exact
5644,GTCCACACGACTAC,1,1,unique_exact
5645,GTCCACACGGGTGA,1,1,unique_exact
5646,GTCCAGCTTCTCTA,1,1,unique_exact
5647,GTCCCATGACGGGA,1,1,unique_exact
5648,GTCGACCTTCTTAC,1,1,unique_exact
5649,GTCGCACTCAACCA,1,1,unique_exact
5650,GTCTAACTCACCAA,1,1,unique_exact
5651,GTGCCACTCTTTAC,1,1,unique_exact
5652,GTGGTAACAGCATC,1,1,unique_exact
5653,GTTAACCTCCTTTA,1,1,unique_exact
5654,GTTAGGTGAAGGGC,1,1,unique_exact
5655,GTTCAGGAGATAAG,1,1,unique_exact
5656,GTTTAAGAACACTG,1,1,unique_exact
5657,TAACAATGAACCTG,1,1,unique_exact
5658,TAACAATGCATGCA,1,1,unique_exact
5659,TAACATGATACTCT,2,1,unique_exact
5660,TAACCGGACATGCA,1,1,unique_exact
5661,TAACGTCTGTCCTC,1,1,unique_exact
5662,TAACTCACTCACGA,1,1,unique_exact
5663,TAACTCACTGCGTA,2,1,unique_exact
5664,TAAGAACTGGGATG,1,1,unique_exact
5665,TAAGCTCTAGGAGC,1,1,unique_exact
5666,TACGAGACTTTACC,1,1,unique_exact
5667,TACGCGCTTCCGAA,1,1,unique_exact
5668,TACGGAACAGCAAA,1,1,unique_exact
5669,TACGTTACGGTTAC,1,1,unique_exact
5670,TACTACACTTGACG,1,1,unique_exact
5671,TACTCTGAAATCGC,1,1,unique_exact
5672,TACTTTCTATTCCT,1,1,unique_exact
5673,TAGACGTGGTACGT,1,1,unique_exact
5674,TAGAGCACATCTTC,1,1,unique_exact
5675,TAGCTACTCGAATC,1,1,unique_exact
5676,TAGCTACTGCTTAG,1,1,unique_exact
5677,TAGGCAACTCGCTC-1,0,0,no_barcode_candidate
5678,TAGGCATGTCCCGT,1,1,unique_exact
5679,TAGGCATGTGTTTC,1,1,unique_exact
5680,TAGGCTGAGGTCTA,2,1,unique_exact
5681,TAGTCGGATCCCGT,1,1,unique_exact
5682,TATCAAGACTGGAT,1,1,unique_exact
5683,TATCGACTGTTCGA,1,1,unique_exact
5684,TATCTCGAAAGCAA,1,1,unique_exact
5685,TATCTCGATATTCC,1,1,unique_exact
5686,TATGGGACCGTAGT,1,1,unique_exact
5687,TATGGGACTAAGCC,1,1,unique_exact
5688,TATGTCACCAGAAA,1,1,unique_exact
5689,TCACCCGACGGAGA,1,1,unique_exact
5690,TCACCGTGGCGTTA,1,1,unique_exact
5691,TCACCGTGTCGCAA,1,1,unique_exact
5692,TCACCTCTTATGCG,1,1,unique_exact
5693,TCAGCGCTTAAGGA,1,1,unique_exact
5694,TCAGGATGTAGCGT,1,1,unique_exact
5695,TCAGGATGTGCTTT,1,1,unique_exact
5696,TCAGTGGACTTGAG,2,1,unique_exact
5697,TCAGTTACAACAGA,1,1,unique_exact
5698,TCATCAACAGGTTC,1,1,unique_exact
5699,TCATCCCTCCTACC,1,1,unique_exact
5700,TCCCATCTGTCTGA,1,1,unique_exact
5701,TCCCGATGAAGATG,1,1,unique_exact
5702,TCCGAAGAGAATAG,1,1,unique_exact
5703,TCGCAAGACCGCTT,1,1,unique_exact
5704,TCTACAACTTGAGC,1,1,unique_exact
5705,TCTAGACTCTTGCC,1,1,unique_exact
5706,TCTATGTGGTCTAG,1,1,unique_exact
5707,TCTCAAACTGTTTC,1,1,unique_exact
5708,TCTTCAGAGAAACA,1,1,unique_exact
5709,TGAAGCACGAACCT,1,1,unique_exact
5710,TGAGCAACTAAAGG,1,1,unique_exact
5711,TGAGTGACACCCTC,1,1,unique_exact
5712,TGATCACTGGATTC,1,1,unique_exact
5713,TGCATGGATGTTCT,1,1,unique_exact
5714,TGCGTAGAAGCTCA,1,1,unique_exact
5715,TGCTAGGAGTGCTA,1,1,unique_exact
5716,TGGAACTGACGTTG,1,1,unique_exact
5717,TGGAAGCTGTCCTC,1,1,unique_exact
5718,TGGAAGCTTCCTCG,1,1,unique_exact
5719,TGGATTCTAAACAG,1,1,unique_exact
5720,TGGATTCTTAGCCA,1,1,unique_exact
5721,TGGTCAGAATGCCA,1,1,unique_exact
5722,TGTAACCTGCTGAT,1,1,unique_exact
5723,TGTATCTGACCCTC,1,1,unique_exact
5724,TGTCAGGAGATAGA,1,1,unique_exact
5725,TGTGAGTGTGCATG,2,1,unique_exact
5726,TGTGAGTGTTTCGT,1,1,unique_exact
5727,TGTGATCTTAGAAG,1,1,unique_exact
5728,TGTTACACAAACAG,2,1,unique_exact
5729,TTACAGCTTAGCGT,2,1,unique_exact
5730,TTACCATGAGGGTG,1,1,unique_exact
5731,TTACCATGGGAACG,1,1,unique_exact
5732,TTACCATGTATGGC,1,1,unique_exact
5733,TTAGAATGTGTGGT,1,1,unique_exact
5734,TTAGACCTTCGTTT,1,1,unique_exact
5735,TTAGGGTGTCTAGG-1,0,0,no_barcode_candidate
5736,TTAGTCACCCCACT,1,1,unique_exact
5737,TTATCCGACTGTGA,1,1,unique_exact
5738,TTCACAACCTCAAG,1,1,unique_exact
5739,TTCCCACTTTGCGA,1,1,unique_exact
5740,TTCGTATGGGAGTG,1,1,unique_exact
5741,TTCTAGTGCGTTAG,1,1,unique_exact
5742,TTCTCAGAAAAAGC,2,1,unique_exact
5743,TTGGAGTGCTGATG,1,1,unique_exact
5744,TTTAGCTGCACTTT,1,1,unique_exact
5745,TTTAGCTGTGTCGA,1,1,unique_exact
5746,TTTCCAGAGTTGCA,1,1,unique_exact
5747,TTTCGAACGGACGA,1,1,unique_exact
5748,TTTGCATGTTATCC,1,1,unique_exact
5749,AAACGCACTCAGGT,1,1,unique_exact
5750,AAACTTGACACTAG,1,1,unique_exact
5751,AAAGACGAGAGCTT,1,1,unique_exact
5752,AAAGCCTGGTGCAT,1,1,unique_exact
5753,AAATCATGTGTGAC,1,1,unique_exact
5754,AAATCTGATGCGTA,1,1,unique_exact
5755,AAATTCGAAGGCGA,2,1,unique_exact
5756,AAATTCGAATTCCT,1,1,unique_exact
5757,AAATTGACACCTCC,2,1,unique_exact
5758,AACAAACTCCTAAG,1,1,unique_exact
5759,AACACGTGCCGTAA,1,1,unique_exact
5760,AACACTCTCTTCGC,1,1,unique_exact
5761,AACACTCTGGAGCA,1,1,unique_exact
5762,AACATTGACACTAG,2,1,unique_exact
5763,AACCACGACTGGAT,1,1,unique_exact
5764,AACCAGTGTTTCGT,1,1,unique_exact
5765,AACCGCCTCCAACA,1,1,unique_exact
5766,AACGCATGTGACTG,1,1,unique_exact
5767,AACGTCGACATGGT,1,1,unique_exact
5768,AACGTCGACCTTGC,1,1,unique_exact
5769,AACGTCGACTTGAG,1,1,unique_exact
5770,AACTCACTTCATTC,1,1,unique_exact
5771,AAGAAGACCCCTAC,1,1,unique_exact
5772,AAGAATCTCTATTC,1,1,unique_exact
5773,AAGACAGAGGAGGT,1,1,unique_exact
5774,AAGATTACTTTGGG,1,1,unique_exact
5775,AAGCCAACCTAAGC,1,1,unique_exact
5776,AAGCGACTTTGCAG,1,1,unique_exact
5777,AAGGTCACAGGTTC,1,1,unique_exact
5778,AAGTAACTAGATGA,1,1,unique_exact
5779,AAGTGCACGAGGGT,1,1,unique_exact
5780,AATAAGCTACCAGT,1,1,unique_exact
5781,AATCGGTGCTCCCA,1,1,unique_exact
5782,AATCTCACAGAATG,1,1,unique_exact
5783,AATCTCTGCCTGAA,1,1,unique_exact
5784,AATGATACCAACCA,1,1,unique_exact
5785,AATGCGTGAACCTG,2,1,unique_exact
5786,AATGGCTGGTCTGA,1,1,unique_exact
5787,AATTCCTGCTAAGC,1,1,unique_exact
5788,AATTCCTGGCTCCT,1,1,unique_exact
5789,ACAAATTGTTACTC,1,1,unique_exact
5790,ACAACCGACTTAGG,1,1,unique_exact
5791,ACACAGACGTTCGA,1,1,unique_exact
5792,ACACATCTAACAGA,1,1,unique_exact
5793,ACAGACACCTACGA,1,1,unique_exact
5794,ACAGGTACACTCTT,1,1,unique_exact
5795,ACAGTCGATAGCCA,1,1,unique_exact
5796,ACAGTGTGGTTCGA,1,1,unique_exact
5797,ACAGTTCTAACCAC,1,1,unique_exact
5798,ACATGGTGCTCGCT,1,1,unique_exact
5799,ACATTCTGCCCACT,1,1,unique_exact
5800,ACCACCTGCGGGAA,1,1,unique_exact
5801,ACCAGTGATAGTCG,1,1,unique_exact
5802,ACCATTTGGAGCAG,1,1,unique_exact
5803,ACCCGTACATCTCT-1,0,0,no_barcode_candidate
5804,ACCCGTTGCGCATA,2,1,unique_exact
5805,ACCCGTTGGTCTGA,1,1,unique_exact
5806,ACCGCGGAGATAGA,1,1,unique_exact
5807,ACCTGAGATAACGC,1,1,unique_exact
5808,ACCTGAGATTCGTT,1,1,unique_exact
5809,ACCTGGCTTGAACC,1,1,unique_exact
5810,ACGAAGCTCCTTCG,1,1,unique_exact
5811,ACGACAACCGTTAG,1,1,unique_exact
5812,ACGACCCTTGTCCC,2,1,unique_exact
5813,ACGAGGGATCTTAC,1,1,unique_exact
5814,ACGCCGGACCCTTG,1,1,unique_exact
5815,ACGCCGGACCTAAG,1,1,unique_exact
5816,ACGCCGGAGGTGTT,1,1,unique_exact
5817,ACGGAACTACCCAA,1,1,unique_exact
5818,ACGGAGGAGGAGGT,1,1,unique_exact
5819,ACGGATTGCGTAGT,1,1,unique_exact
5820,ACGGTAACGTTACG,1,1,unique_exact
5821,ACGGTCCTGTTAGC,1,1,unique_exact
5822,ACGTCAGACCGCTT,1,1,unique_exact
5823,ACGTTGGATGTCTT,1,1,unique_exact
5824,ACTAAAACGAATGA,1,1,unique_exact
5825,ACTACTACAACCAC,1,1,unique_exact
5826,ACTACTACAGCTAC,1,1,unique_exact
5827,ACTACTACCTCAAG,1,1,unique_exact
5828,ACTATCACCTTACT,1,1,unique_exact
5829,ACTCAGGAATCTTC,1,1,unique_exact
5830,ACTCGAGACATACG,1,1,unique_exact
5831,ACTCGCACCTTGAG,1,1,unique_exact
5832,ACTCTATGGGCGAA,1,1,unique_exact
5833,ACTCTATGTGATGC,1,1,unique_exact
5834,ACTTAAGACATTCT,1,1,unique_exact
5835,ACTTCCCTGTAGCT,1,1,unique_exact
5836,ACTTGGGAATACCG,1,1,unique_exact
5837,ACTTGGGAGTAAAG,1,1,unique_exact
5838,AGAAACGACCGCTT,1,1,unique_exact
5839,AGAACGCTGTGTCA,1,1,unique_exact
5840,AGAATGGACTGCTC,1,1,unique_exact
5841,AGAATGGATGTTCT,1,1,unique_exact
5842,AGAATTTGCCTTTA,1,1,unique_exact
5843,AGACACTGTTTCAC,1,1,unique_exact
5844,AGACTGACCGCATA,1,1,unique_exact
5845,AGACTTCTAAAACG,1,1,unique_exact
5846,AGACTTCTCTGTAG,2,1,unique_exact
5847,AGAGAAACCTGCAA,1,1,unique_exact
5848,AGAGAATGTAGAAG,1,1,unique_exact
5849,AGAGAATGTCTCTA,1,1,unique_exact
5850,AGAGATGAGACGAG-1,0,0,no_barcode_candidate
5851,AGAGATGAGTAAAG,1,1,unique_exact
5852,AGAGATGATTCCCG,1,1,unique_exact
5853,AGAGGTCTACCTGA,1,1,unique_exact
5854,AGAGTCTGATCTTC,2,1,unique_exact
5855,AGATCTCTCGTTAG,2,1,unique_exact
5856,AGCAACACCCTTTA,1,1,unique_exact
5857,AGCACAACAGGTTC,1,1,unique_exact
5858,AGCACAACCTGCAA,1,1,unique_exact
5859,AGCATCGATCGTAG,1,1,unique_exact
5860,AGCCTCTGACCTCC,1,1,unique_exact
5861,AGCCTCTGTCTCAT,1,1,unique_exact
5862,AGCGAACTCTTCTA,1,1,unique_exact
5863,AGCGATACGCTGTA,1,1,unique_exact
5864,AGCGATTGGTTTCT,1,1,unique_exact
5865,AGCGGGCTTCTCCG,2,1,unique_exact
5866,AGCTTTACCCGAAT,1,1,unique_exact
5867,AGGCAGGATTTCTG,1,1,unique_exact
5868,AGGCTAACTCGCTC,2,1,unique_exact
5869,AGGCTAACTGGAAA,1,1,unique_exact
5870,AGGGCCTGTCTATC,1,1,unique_exact
5871,AGGTACACCGTTGA,1,1,unique_exact
5872,AGGTACTGAGCTCA,1,1,unique_exact
5873,AGGTACTGCATTGG,1,1,unique_exact
5874,AGGTTCGACTCCCA,1,1,unique_exact
5875,AGGTTCGAGACGTT,1,1,unique_exact
5876,AGGTTCGATTCAGG,2,1,unique_exact
5877,AGGTTGTGGACGAG,1,1,unique_exact
5878,AGGTTGTGTGTGGT,1,1,unique_exact
5879,AGGTTGTGTTGCTT,3,1,unique_exact
5880,AGTAATTGATCGAC,1,1,unique_exact
5881,AGTACTCTTATCTC,1,1,unique_exact
5882,AGTATAACAAGGCG,1,1,unique_exact
5883,AGTATAACGGGAGT,1,1,unique_exact
5884,AGTCAGACTTCCGC,1,1,unique_exact
5885,AGTCGCCTCTACCC,1,1,unique_exact
5886,AGTCTACTGTGTCA,1,1,unique_exact
5887,AGTCTTACATGTCG,1,1,unique_exact
5888,AGTTAAACTCGTGA,1,1,unique_exact
5889,AGTTCTTGACACAC,1,1,unique_exact
5890,ATAAACACCTCTAT,1,1,unique_exact
5891,ATAATGACACGGGA,1,1,unique_exact
5892,ATACACCTCCTTCG,1,1,unique_exact
5893,ATACGTCTTCCGAA,1,1,unique_exact
5894,ATACGTCTTTTGGG,1,1,unique_exact
5895,ATACTCTGAAGATG,1,1,unique_exact
5896,ATACTCTGGTGTCA,1,1,unique_exact
5897,ATAGATTGCCATAG,1,1,unique_exact
5898,ATAGCGTGGAGCTT,1,1,unique_exact
5899,ATAGTTGACTGACA,1,1,unique_exact
5900,ATATAGTGGTATGC,1,1,unique_exact
5901,ATATGAACGAACTC,1,1,unique_exact
5902,ATCAACCTGCTAAC,1,1,unique_exact
5903,ATCACACTTAAAGG,1,1,unique_exact
5904,ATCACTACTCCAGA,1,1,unique_exact
5905,ATCATCTGGGAAGC,1,1,unique_exact
5906,ATCATGCTAGTCTG,1,1,unique_exact
5907,ATCCAGGAGTGCTA,1,1,unique_exact
5908,ATCCAGGATAACCG,1,1,unique_exact
5909,ATCCATACAGCAAA,1,1,unique_exact
5910,ATCCCGTGTTGTCT,1,1,unique_exact
5911,ATCCTAACCCTACC,1,1,unique_exact
5912,ATCGACGACTTGGA,1,1,unique_exact
5913,ATCGCCTGTCCTCG,1,1,unique_exact
5914,ATCGCGCTGCATCA,1,1,unique_exact
5915,ATCTACACTGGTCA,1,1,unique_exact
5916,ATCTACTGAAAGTG,1,1,unique_exact
5917,ATCTGACTGATAAG,2,1,unique_exact
5918,ATGAAGGAGTTGGT,1,1,unique_exact
5919,ATGCACGATCTCGC,1,1,unique_exact
5920,ATGCAGACGTAAGA,1,1,unique_exact
5921,ATGCAGACTCTCGC,1,1,unique_exact
5922,ATGCAGACTTGCGA,1,1,unique_exact
5923,ATGCAGTGATTGGC,2,1,unique_exact
5924,ATGCGATGTCTTTG,1,1,unique_exact
5925,ATGGGTACCTGTGA,1,1,unique_exact
5926,ATGGGTACGAGGTG,2,1,unique_exact
5927,ATGTAAACGAGATA,1,1,unique_exact
5928,ATGTACCTTGCCAA,1,1,unique_exact
5929,ATGTCGGATCGTGA,1,1,unique_exact
5930,ATGTCGGATCGTTT,1,1,unique_exact
5931,ATGTTAGAACTGGT,1,1,unique_exact
5932,ATGTTAGACCACCT,1,1,unique_exact
5933,ATGTTCACTCCTCG,1,1,unique_exact
5934,ATGTTGCTACACAC,1,1,unique_exact
5935,ATTACCTGTATGCG,1,1,unique_exact
5936,ATTAGTGAATCGAC,1,1,unique_exact
5937,ATTCCAACGATAGA,1,1,unique_exact
5938,ATTCGGGACTTACT,1,1,unique_exact
5939,ATTCGGGACTTCTA,1,1,unique_exact
5940,ATTGCGGATCGCCT,1,1,unique_exact
5941,ATTGCTTGGCGTAT,1,1,unique_exact
5942,ATTGGTCTGCTACA,1,1,unique_exact
5943,ATTTAGGACCCACT,1,1,unique_exact
5944,ATTTCGTGTGATGC,1,1,unique_exact
5945,CAACAGACGTTGTG,1,1,unique_exact
5946,CAACCAGAACTAGC,1,1,unique_exact
5947,CAAGAAGAAAGTGA,1,1,unique_exact
5948,CAAGACTGACTACG,1,1,unique_exact
5949,CAAGACTGCGGGAA,1,1,unique_exact
5950,CAAGCATGTAAAGG,1,1,unique_exact
5951,CAAGCCCTATGCTG,1,1,unique_exact
5952,CAATGGACACACAC,1,1,unique_exact
5953,CAATTCTGTGCGTA,1,1,unique_exact
5954,CACAACGATGTCCC,1,1,unique_exact
5955,CACAGATGAAGCAA,1,1,unique_exact
5956,CACAGCCTAAAACG,1,1,unique_exact
5957,CACCCATGACCGAT,1,1,unique_exact
5958,CACCCATGCCAGTA,1,1,unique_exact
5959,CACGCTACCACTAG,1,1,unique_exact
5960,CACTAACTAAAACG,1,1,unique_exact
5961,CACTATACAAGGGC,1,1,unique_exact
5962,CACTCTCTGGTCAT,1,1,unique_exact
5963,CACTGCTGTAGCGT,1,1,unique_exact
5964,CACTTTGATGCAAC,1,1,unique_exact
5965,CACTTTGATTCCAT,1,1,unique_exact
5966,CAGAAGCTCTGAAC,2,1,unique_exact
5967,CAGACAACCAGGAG-1,0,0,no_barcode_candidate
5968,CAGAGGGACCGAAT,1,1,unique_exact
5969,CAGAGGGAGGACGA,2,1,unique_exact
5970,CAGATCGATAACCG,1,1,unique_exact
5971,CAGATGACCCTGTC,1,1,unique_exact
5972,CAGCTAGAGGTAAA,1,1,unique_exact
5973,CAGCTCACGGCGAA,1,1,unique_exact
5974,CAGGAACTTCTGGA,1,1,unique_exact
5975,CAGTGTGAGAATCC,1,1,unique_exact
5976,CAGTGTGATTGTGG,2,1,unique_exact
5977,CAGTTACTAGAGTA,1,1,unique_exact
5978,CAGTTTACAAAGCA,1,1,unique_exact
5979,CATAAATGCTCGCT,1,1,unique_exact
5980,CATAGTCTCGCAAT,1,1,unique_exact
5981,CATAGTCTTGTCCC,1,1,unique_exact
5982,CATAGTCTTTCCGC,1,1,unique_exact
5983,CATCGGCTAGTGTC,1,1,unique_exact
5984,CATGAGACAAGATG,1,1,unique_exact
5985,CATGAGACGCAGAG,1,1,unique_exact
5986,CATGTTACGCTGTA,1,1,unique_exact
5987,CATTACACACACGT-1,0,0,no_barcode_candidate
5988,CATTCCCTTCTTAC,1,1,unique_exact
5989,CATTGACTGTCGTA,1,1,unique_exact
5990,CATTTCGATTATCC,1,1,unique_exact
5991,CATTTGACAGCGTT,1,1,unique_exact
5992,CCAAAGTGAACGAA,1,1,unique_exact
5993,CCAAGTGAGGTCTA,1,1,unique_exact
5994,CCAATGGAATCTCT,1,1,unique_exact
5995,CCAATGGAGAAACA,1,1,unique_exact
5996,CCACCTGATGAAGA,1,1,unique_exact
5997,CCACTGACAGAGGC,1,1,unique_exact
5998,CCACTGACCTCTAT,1,1,unique_exact
5999,CCACTGACGAACCT,1,1,unique_exact
6000,CCAGAAACACAGTC,1,1,unique_exact
6001,CCAGACCTAGAATG,1,1,unique_exact
6002,CCAGCACTGTTTCT,1,1,unique_exact
6003,CCAGCGGAGCAGTT,1,1,unique_exact
6004,CCAGTCACTCACGA,1,1,unique_exact
6005,CCAGTCTGGCAGTT,1,1,unique_exact
6006,CCATCCGAGTGTAC,1,1,unique_exact
6007,CCATGCTGCTGCAA,1,1,unique_exact
6008,CCCAAAGAACGGGA,1,1,unique_exact
6009,CCCAGACTATGCTG,1,1,unique_exact
6010,CCCAGACTGCCATA,1,1,unique_exact
6011,CCCATCGACAGTCA,1,1,unique_exact
6012,CCCATCGACCACCT,1,1,unique_exact
6013,CCCGGAGAGCTCCT,2,1,unique_exact
6014,CCCTACGAGATGAA,1,1,unique_exact
6015,CCCTAGTGTGCAAC,1,1,unique_exact
6016,CCCTGATGAGGAGC,1,1,unique_exact
6017,CCGAAAACTAGCGT,1,1,unique_exact
6018,CCGACTACAATCGC,1,1,unique_exact
6019,CCGATAGAGCTGAT,2,1,unique_exact
6020,CCGCTATGACCTAG,1,1,unique_exact
6021,CCGGAGTGATCAGC,1,1,unique_exact
6022,CCGTAAGAAACAGA,1,1,unique_exact
6023,CCGTAAGACTGCAA,1,1,unique_exact
6024,CCGTAAGATGACAC,1,1,unique_exact
6025,CCTAGAGACATGCA,1,1,unique_exact
6026,CCTAGAGATTTGCT,2,1,unique_exact
6027,CCTATAACCTCTTA,1,1,unique_exact
6028,CCTATTGACGTTGA,1,1,unique_exact
6029,CCTCTACTATTCGG,1,1,unique_exact
6030,CCTGAGCTGTTACG,1,1,unique_exact
6031,CCTGCAACAGAGAT,1,1,unique_exact
6032,CCTTAATGTCGTGA,1,1,unique_exact
6033,CGAAGACTAGTAGA,1,1,unique_exact
6034,CGAAGACTCGAGAG,2,1,unique_exact
6035,CGAATCGATGCCTC,1,1,unique_exact
6036,CGACAAACAACAGA,2,1,unique_exact
6037,CGACCGGAAGTGTC,1,1,unique_exact
6038,CGACCTACATCGAC,1,1,unique_exact
6039,CGACCTTGCGTTGA,1,1,unique_exact
6040,CGACTCACACGTTG,2,1,unique_exact
6041,CGACTCACGATGAA,1,1,unique_exact
6042,CGACTCACTCGTTT,1,1,unique_exact
6043,CGACTCTGAGGAGC,1,1,unique_exact
6044,CGACTCTGCTGAGT,1,1,unique_exact
6045,CGAGAACTTCTCGC,1,1,unique_exact
6046,CGAGCCGATTGCTT,1,1,unique_exact
6047,CGAGGAGAGTTGGT,1,1,unique_exact
6048,CGAGGCACCTTCGC,2,1,unique_exact
6049,CGATACGAGCGAGA,1,1,unique_exact
6050,CGATACGAGTGTTG,1,1,unique_exact
6051,CGATAGACATGACC,1,1,unique_exact
6052,CGATAGACGTCATG,1,1,unique_exact
6053,CGATAGACTACTCT,1,1,unique_exact
6054,CGATAGACTGTGAC,1,1,unique_exact
6055,CGATCAGAGAACTC,1,1,unique_exact
6056,CGCACTACCTGTTT,1,1,unique_exact
6057,CGCACTTGTCCTCG,1,1,unique_exact
6058,CGCATAGACTGGAT,1,1,unique_exact
6059,CGCATAGATCTGGA,1,1,unique_exact
6060,CGCGGATGCATGAC,1,1,unique_exact
6061,CGCGGATGCCATAG,1,1,unique_exact
6062,CGCTAAGAGCTGTA,1,1,unique_exact
6063,CGCTAAGATCAGGT,1,1,unique_exact
6064,CGCTACACGGTACT,1,1,unique_exact
6065,CGCTACACGGTCAT,2,1,unique_exact
6066,CGCTCATGCGCATA,1,1,unique_exact
6067,CGGAATTGTAGAGA,1,1,unique_exact
6068,CGGAATTGTTGGTG,1,1,unique_exact
6069,CGGACCGATCCAAG,1,1,unique_exact
6070,CGGCACGAGGGAGT,1,1,unique_exact
6071,CGGCCAGAGTTTCT,2,1,unique_exact
6072,CGGCGAACAGTTCG,1,1,unique_exact
6073,CGGCGAACCTCCAC,2,1,unique_exact
6074,CGTACAGACTTAGG,1,1,unique_exact
6075,CGTACAGATGTCTT,1,1,unique_exact
6076,CGTCAAGATGACTG,1,1,unique_exact
6077,CGTCCAACGCAGAG,1,1,unique_exact
6078,CGTCCATGCTCGCT,2,1,unique_exact
6079,CGTGAATGTAGCCA,1,1,unique_exact
6080,CGTGCACTTGTCGA,1,1,unique_exact
6081,CGTTATACCTTGCC,2,1,unique_exact
6082,CTAACGGATGCACA,1,1,unique_exact
6083,CTAACTACGCAAGG,1,1,unique_exact
6084,CTAAGGACGCGATT,1,1,unique_exact
6085,CTAATGCTTGAGCT,1,1,unique_exact
6086,CTACTATGTCCTGC,1,1,unique_exact
6087,CTAGAGACAGAAGT,1,1,unique_exact
6088,CTAGGTGACTCATT,1,1,unique_exact
6089,CTAGTTACGGTATC,1,1,unique_exact
6090,CTATAAGAAGTCAC,1,1,unique_exact
6091,CTATAAGAGTTGGT,1,1,unique_exact
6092,CTATACTGGTTGTG,1,1,unique_exact
6093,CTATAGCTACTGGT,1,1,unique_exact
6094,CTATCCCTCTCTTA,1,1,unique_exact
6095,CTATTGTGCACCAA,1,1,unique_exact
6096,CTCCATCTTAGCCA,2,1,unique_exact
6097,CTCCGAACTACAGC,1,1,unique_exact
6098,CTCCTACTACCCTC,1,1,unique_exact
6099,CTCCTACTTAGACC,1,1,unique_exact
6100,CTCTAATGTGGTCA,1,1,unique_exact
6101,CTGAACGATCTTCA,1,1,unique_exact
6102,CTGAAGTGTACGCA,1,1,unique_exact
6103,CTGACCACCACTTT,1,1,unique_exact
6104,CTGCCAACTGTCGA,1,1,unique_exact
6105,CTTAAGCTCTGAAC,1,1,unique_exact
6106,CTTACTGACTGCTC,1,1,unique_exact
6107,CTTCACCTTTCGTT,1,1,unique_exact
6108,CTTCATGAGAATGA,1,1,unique_exact
6109,CTTGAACTACACGT,1,1,unique_exact
6110,CTTGAACTAGAGGC,1,1,unique_exact
6111,CTTTAGACAAGGGC,1,1,unique_exact
6112,CTTTAGACTGTCTT,1,1,unique_exact
6113,CTTTAGTGCACTGA,1,1,unique_exact
6114,CTTTCAGATACTTC,1,1,unique_exact
6115,GAAACAGACCAGTA,1,1,unique_exact
6116,GAAACAGACTCCAC,1,1,unique_exact
6117,GAAACCTGCCGTAA,1,1,unique_exact
6118,GAACCTGACACTCC,2,1,unique_exact
6119,GAAGCTTGACTACG,1,1,unique_exact
6120,GAAGCTTGGGTGTT,1,1,unique_exact
6121,GAAGCTTGGTTGTG,1,1,unique_exact
6122,GAAGGGTGCCGCTT,1,1,unique_exact
6123,GAAGGGTGGGTCAT,2,1,unique_exact
6124,GAAGGTCTCACACA,1,1,unique_exact
6125,GAAGGTCTCCGAAT,2,1,unique_exact
6126,GAAGGTCTTGGATC,1,1,unique_exact
6127,GAATGGCTGCCTTC,1,1,unique_exact
6128,GACAGGGATACTCT,1,1,unique_exact
6129,GACAGTTGTTCACT,2,1,unique_exact
6130,GACCTCTGAGCTAC,1,1,unique_exact
6131,GACGGCACCCATAG,1,1,unique_exact
6132,GACGGCACGACAAA,1,1,unique_exact
6133,GACGTAACTATTCC,1,1,unique_exact
6134,GACTACGAGCTCCT,1,1,unique_exact
6135,GACTGAACTCCCGT,1,1,unique_exact
6136,GACTGTGAGGACAG,1,1,unique_exact
6137,GACTTTACTGGATC,1,1,unique_exact
6138,GAGAAATGCCACAA,1,1,unique_exact
6139,GAGATGCTCTGTAG,1,1,unique_exact
6140,GAGCATACCCATAG,1,1,unique_exact
6141,GAGGACGAACGTGT,1,1,unique_exact
6142,GAGGATCTGTAAAG,1,1,unique_exact
6143,GAGGATCTTACGAC,1,1,unique_exact
6144,GAGGCAGAACGTGT,1,1,unique_exact
6145,GAGGCAGAGACGAG-1,0,0,no_barcode_candidate
6146,GAGGCCACTAGAGA,1,1,unique_exact
6147,GAGGGTGACCGATA,1,1,unique_exact
6148,GAGGTACTAGAGAT,1,1,unique_exact
6149,GAGTCAACCTCCAC,1,1,unique_exact
6150,GAGTGGGAAAGGTA,1,1,unique_exact
6151,GATAAGGATATTCC,2,1,unique_exact
6152,GATAGAGAGTGTAC,1,1,unique_exact
6153,GATATAACGCCATA,1,1,unique_exact
6154,GATATCCTCGCTAA,1,1,unique_exact
6155,GATATCCTCGTGTA,1,1,unique_exact
6156,GATATTGACTCTCG,1,1,unique_exact
6157,GATCGATGAGAGAT,1,1,unique_exact
6158,GATCGATGATCGTG,1,1,unique_exact
6159,GATCGATGTGCTCC,1,1,unique_exact
6160,GATCGATGTGTCGA,1,1,unique_exact
6161,GATCTTTGCAGAGG,2,1,unique_exact
6162,GATGACACAAAAGC,1,1,unique_exact
6163,GATGACACGTTACG,1,1,unique_exact
6164,GATGCATGACAGTC,1,1,unique_exact
6165,GATGCCCTAGGAGC,1,1,unique_exact
6166,GATTACCTAAGCCT,1,1,unique_exact
6167,GATTGGTGAAAAGC,1,1,unique_exact
6168,GATTGGTGCTGACA,1,1,unique_exact
6169,GCACAAACAGCAAA,1,1,unique_exact
6170,GCACAAACCGTAGT,2,1,unique_exact
6171,GCACAAACTCCGAA,1,1,unique_exact
6172,GCACCACTGTCACA,1,1,unique_exact
6173,GCACCTACAACCTG,1,1,unique_exact
6174,GCACGGACAAGAGT-1,0,0,no_barcode_candidate
6175,GCACGGTGATTGGC,1,1,unique_exact
6176,GCACTGCTCCTCAC,1,1,unique_exact
6177,GCAGATACACGGGA,1,1,unique_exact
6178,GCAGATACAGTAGA,1,1,unique_exact
6179,GCAGCGTGCTCAAG,1,1,unique_exact
6180,GCAGTCCTTATGGC,1,1,unique_exact
6181,GCCAACCTTACTGG,1,1,unique_exact
6182,GCCACTACTTGAGC,1,1,unique_exact
6183,GCCCAACTCGGAGA,2,1,unique_exact
6184,GCCCAGGACCAGTA,1,1,unique_exact
6185,GCCGACGATCAGTG,1,1,unique_exact
6186,GCCGAGTGGCGAGA,1,1,unique_exact
6187,GCCGAGTGTCACCC,1,1,unique_exact
6188,GCCGGAACGTTACG,1,1,unique_exact
6189,GCCTGACTATGTGC,2,1,unique_exact
6190,GCGCACGAACACGT,1,1,unique_exact
6191,GCGCACGACAGCTA,1,1,unique_exact
6192,GCGCGATGGATACC,1,1,unique_exact
6193,GCGTAAACAAGGGC,2,1,unique_exact
6194,GCGTATGAACCTCC,1,1,unique_exact
6195,GCTACAGAGTTGTG,1,1,unique_exact
6196,GCTACCTGCACTTT,1,1,unique_exact
6197,GCTAGATGTGAGAA,1,1,unique_exact
6198,GCTATACTAAACGA,1,1,unique_exact
6199,GCTCAAGAGGATTC,1,1,unique_exact
6200,GGAACACTGGAAAT,1,1,unique_exact
6201,GGAACTACAACCAC,1,1,unique_exact
6202,GGAATCTGGTCTAG,1,1,unique_exact
6203,GGAATGCTCTTGGA,1,1,unique_exact
6204,GGACAACTGCAAGG,1,1,unique_exact
6205,GGACCCGACACTCC,1,1,unique_exact
6206,GGACCGTGTCAGGT,1,1,unique_exact
6207,GGACCTCTCTTAGG,1,1,unique_exact
6208,GGACGAGATGTTTC,1,1,unique_exact
6209,GGACTATGCTGGAT,1,1,unique_exact
6210,GGAGACGACGAACT,1,1,unique_exact
6211,GGAGGATGCCTTGC,1,1,unique_exact
6212,GGAGTTACGTTGAC,1,1,unique_exact
6213,GGATGTTGGTATCG,2,1,unique_exact
6214,GGATGTTGTTGCGA,1,1,unique_exact
6215,GGATTGTGTCATTC,1,1,unique_exact
6216,GGATTTCTAATCGC,1,1,unique_exact
6217,GGATTTCTACGTAC,1,1,unique_exact
6218,GGCAAGGATTAGGC,1,1,unique_exact
6219,GGCACGTGCGACTA,1,1,unique_exact
6220,GGCACGTGTTCGGA,1,1,unique_exact
6221,GGCATATGCGCTAA,1,1,unique_exact
6222,GGCCACGAGTCTGA,1,1,unique_exact
6223,GGCCAGACGGCAAG,1,1,unique_exact
6224,GGCCGATGGAGACG,1,1,unique_exact
6225,GGCCGATGTGTCGA,1,1,unique_exact
6226,GGCGACACGTGTAC,2,1,unique_exact
6227,GGCTACCTTCGTGA,1,1,unique_exact
6228,GGCTCACTCTCATT,1,1,unique_exact
6229,GGGAAGACACGGGA,1,1,unique_exact
6230,GGGAAGACATGTGC,2,1,unique_exact
6231,GGGAAGTGAGAACA,1,1,unique_exact
6232,GGGACCACCAGTCA,1,1,unique_exact
6233,GGGCAGCTAACCTG,1,1,unique_exact
6234,GGGCAGCTTTTGCT,1,1,unique_exact
6235,GGGCCAACAGTACC,1,1,unique_exact
6236,GGGCCAACGAGACG,1,1,unique_exact
6237,GGGCCATGTTGGTG,1,1,unique_exact
6238,GGGTTATGATGTCG,1,1,unique_exact
6239,GGGTTATGGTATGC,1,1,unique_exact
6240,GGTACAACACCTGA,1,1,unique_exact
6241,GGTAGTACCGAGTT,1,1,unique_exact
6242,GGTAGTACCTGGAT,1,1,unique_exact
6243,GGTCTAGAAATGCC,2,1,unique_exact
6244,GGTCTAGAGGGCAA,1,1,unique_exact
6245,GGTGATACCCAATG,1,1,unique_exact
6246,GGTTGAACAGTGCT,2,1,unique_exact
6247,GTAAGCTGTGACTG,1,1,unique_exact
6248,GTAATATGTACGCA,1,1,unique_exact
6249,GTACCCTGGAGCTT,1,1,unique_exact
6250,GTACGAACCCTCAC,1,1,unique_exact
6251,GTACTACTAGTACC,1,1,unique_exact
6252,GTAGACTGGGTCAT,1,1,unique_exact
6253,GTAGTGTGGGACAG,1,1,unique_exact
6254,GTAGTGTGTTGTGG,1,1,unique_exact
6255,GTATTAGACCTTGC,1,1,unique_exact
6256,GTATTCACTGCTAG,1,1,unique_exact
6257,GTCAATCTCATACG,1,1,unique_exact
6258,GTCAATCTCTACTT,3,1,unique_exact
6259,GTCACCTGAAGGCG-1,0,0,no_barcode_candidate
6260,GTCATACTTGTAGC,2,1,unique_exact
6261,GTCCAGCTTTTCAC,1,1,unique_exact
6262,GTCCCATGTTTCTG,1,1,unique_exact
6263,GTCGCACTCTGTGA,1,1,unique_exact
6264,GTGACCCTGTGTTG,1,1,unique_exact
6265,GTGACCCTTAAGCC,1,1,unique_exact
6266,GTGATGACTCCTAT,1,1,unique_exact
6267,GTGATTCTACTACG,1,1,unique_exact
6268,GTGCCACTGAATGA,1,1,unique_exact
6269,GTGGATTGCGTCTC,1,1,unique_exact
6270,GTGTATCTTGCCAA,1,1,unique_exact
6271,GTGTGATGTCCTCG,1,1,unique_exact
6272,GTGTGATGTTGTGG,1,1,unique_exact
6273,GTTACTACTTCCGC,2,1,unique_exact
6274,GTTGATCTTTTACC,1,1,unique_exact
6275,GTTGTACTCAACCA,1,1,unique_exact
6276,GTTTAAGATTCTCA,1,1,unique_exact
6277,TAAATCGATGAGAA,1,1,unique_exact
6278,TAAATCGATTACTC,1,1,unique_exact
6279,TAACATGAGCCATA,1,1,unique_exact
6280,TAACATGATCAGAC,1,1,unique_exact
6281,TAACATGATTATCC,1,1,unique_exact
6282,TAACCGGAGCGGAA,1,1,unique_exact
6283,TAACCGGAGTTACG,1,1,unique_exact
6284,TAAGAACTTTCACT,1,1,unique_exact
6285,TAAGCGTGCTTATC,1,1,unique_exact
6286,TAAGGCTGACGACT,1,1,unique_exact
6287,TAAGTAACCTTCGC,2,1,unique_exact
6288,TAAGTAACGAAACA,1,1,unique_exact
6289,TAAGTAACTGAACC,1,1,unique_exact
6290,TAATGATGAAAGTG,1,1,unique_exact
6291,TAATGCCTGAGACG,1,1,unique_exact
6292,TAATGCCTTGACTG,1,1,unique_exact
6293,TACCATTGATTTCC,1,1,unique_exact
6294,TACCATTGTTTGCT,1,1,unique_exact
6295,TACCGCTGACGGTT,1,1,unique_exact
6296,TACCGCTGAGTGTC,1,1,unique_exact
6297,TACGCAGAGCGTAT,1,1,unique_exact
6298,TACGCGCTTAGCCA,1,1,unique_exact
6299,TACTAAGATCCAAG,1,1,unique_exact
6300,TACTACTGCCGTAA,1,1,unique_exact
6301,TACTCAACAGTAGA,1,1,unique_exact
6302,TAGAAACTTGCAAC,1,1,unique_exact
6303,TAGACGTGCAGTTG,2,1,unique_exact
6304,TAGAGAGACCTTCG,2,1,unique_exact
6305,TAGATCCTGGTATC,1,1,unique_exact
6306,TAGCCCACCACTGA,1,1,unique_exact
6307,TAGCGATGAGCAAA,1,1,unique_exact
6308,TAGCGATGGAATGA,1,1,unique_exact
6309,TAGCTACTTTCAGG,1,1,unique_exact
6310,TAGGACTGTGATGC,1,1,unique_exact
6311,TAGGCTGAAGCCAT,1,1,unique_exact
6312,TAGGTCGAGACAAA,1,1,unique_exact
6313,TAGGTGTGGTTCTT,1,1,unique_exact
6314,TAGTAAACATCGAC,1,1,unique_exact
6315,TAGTACCTAGGTCT,2,1,unique_exact
6316,TAGTACCTAGTCTG,2,1,unique_exact
6317,TAGTCTTGAGCAAA,1,1,unique_exact
6318,TAGTCTTGGAATAG,1,1,unique_exact
6319,TAGTTAGACTTGCC,1,1,unique_exact
6320,TATAAGACCCTCGT,1,1,unique_exact
6321,TATAAGACGAACTC,1,1,unique_exact
6322,TATAGCCTCACTCC,1,1,unique_exact
6323,TATCAAGAAAGTAG,1,1,unique_exact
6324,TATCACTGCAAAGA,1,1,unique_exact
6325,TATCACTGCTCTAT,1,1,unique_exact
6326,TATCCTGAGCTGAT,1,1,unique_exact
6327,TATCGTACAGAGTA,1,1,unique_exact
6328,TATCGTACCTCGCT,1,1,unique_exact
6329,TATCGTACGAAACA,1,1,unique_exact
6330,TATCTGACCGTACA,1,1,unique_exact
6331,TATCTGACTGTTTC,1,1,unique_exact
6332,TATCTTCTCTCAGA,1,1,unique_exact
6333,TATCTTCTGGTAAA,1,1,unique_exact
6334,TATGTCACCTACCC,1,1,unique_exact
6335,TATGTCACGGAGGT,2,1,unique_exact
6336,TATGTCACTGTTTC,1,1,unique_exact
6337,TCAATCACCTGGTA,1,1,unique_exact
6338,TCAGACGAATCTTC,1,1,unique_exact
6339,TCAGACGATGCTAG,2,1,unique_exact
6340,TCAGTTACAAGCAA,2,1,unique_exact
6341,TCATCATGCTGTAG,1,1,unique_exact
6342,TCATCCCTCTAAGC,1,1,unique_exact
6343,TCATGTACTGCGTA,1,1,unique_exact
6344,TCCACGTGTGGAAA,1,1,unique_exact
6345,TCCACGTGTTCTTG,1,1,unique_exact
6346,TCCCGAACCCTCCA,1,1,unique_exact
6347,TCCCTACTGAATAG,1,1,unique_exact
6348,TCCCTACTGGGATG,1,1,unique_exact
6349,TCCGAGCTCTGTTT,1,1,unique_exact
6350,TCCGGACTAGAATG,1,1,unique_exact
6351,TCCGGACTCATTGG,1,1,unique_exact
6352,TCCTACCTGTGTCA,1,1,unique_exact
6353,TCGAGAACGTCGTA,1,1,unique_exact
6354,TCGCACACTACTCT,1,1,unique_exact
6355,TCGCACTGCACTCC,1,1,unique_exact
6356,TCGCAGCTGCTTAG,1,1,unique_exact
6357,TCGCCATGATTCCT,1,1,unique_exact
6358,TCTAGACTGTGCAT,1,1,unique_exact
6359,TCTCAAACAATGCC,1,1,unique_exact
6360,TCTCAAACATAAGG,2,1,unique_exact
6361,TCTGATACTAAGGA,1,1,unique_exact
6362,TGAAATTGGACGTT,1,1,unique_exact
6363,TGAACCGATTACCT,1,1,unique_exact
6364,TGACCAGAGAATCC,1,1,unique_exact
6365,TGACCAGATACTCT,1,1,unique_exact
6366,TGACGATGGTCGAT,2,1,unique_exact
6367,TGACGCCTAGCCTA,1,1,unique_exact
6368,TGACTTTGCATTTC,1,1,unique_exact
6369,TGAGACACTATGCG,1,1,unique_exact
6370,TGATAAACTCTCTA,1,1,unique_exact
6371,TGATATGATCCAGA,1,1,unique_exact
6372,TGATCACTCCTGAA,1,1,unique_exact
6373,TGATTAGAGTTCGA,1,1,unique_exact
6374,TGCAAGTGTAGTCG,1,1,unique_exact
6375,TGCAAGTGTCCAGA,1,1,unique_exact
6376,TGCAATCTTTGTGG,1,1,unique_exact
6377,TGCAGATGGTCCTC,1,1,unique_exact
6378,TGCATGGATGCTGA,1,1,unique_exact
6379,TGCCAAGATTACCT,1,1,unique_exact
6380,TGCCACTGACACGT,1,1,unique_exact
6381,TGCCACTGCCTTGC,1,1,unique_exact
6382,TGCCGACTGGATCT,1,1,unique_exact
6383,TGCGAAACCCTTCG,1,1,unique_exact
6384,TGCGATGACCTTGC,1,1,unique_exact
6385,TGCTTAACGTAGGG,1,1,unique_exact
6386,TGGAAAGAACTTTC,2,1,unique_exact
6387,TGGAACACTTCGGA,1,1,unique_exact
6388,TGGAACTGAAGTGA,1,1,unique_exact
6389,TGGAACTGGAGGGT,1,1,unique_exact
6390,TGGAAGCTAGATGA,1,1,unique_exact
6391,TGGAAGCTTTCTTG,1,1,unique_exact
6392,TGGAGACTTGGTCA,1,1,unique_exact
6393,TGGTACGAGGAACG,1,1,unique_exact
6394,TGGTAGACGTCATG,2,1,unique_exact
6395,TGGTCAGATTATCC,1,1,unique_exact
6396,TGGTTACTCCATGA,1,1,unique_exact
6397,TGTAAAACGGAGGT,1,1,unique_exact
6398,TGTAACCTAAGCAA,1,1,unique_exact
6399,TGTCTAACGGTTAC,1,1,unique_exact
6400,TGTGAGACACTGGT,1,1,unique_exact
6401,TGTGAGTGAGTACC,1,1,unique_exact
6402,TGTTAAGAGAAACA,1,1,unique_exact
6403,TGTTAAGAGTCTTT,1,1,unique_exact
6404,TGTTAAGATTCGTT,1,1,unique_exact
6405,TGTTACACCTCCCA,1,1,unique_exact
6406,TGTTACACGCGATT,1,1,unique_exact
6407,TTACGTACAGCCAT,1,1,unique_exact
6408,TTACTCGAAGTGTC,1,1,unique_exact
6409,TTAGGGACCGCCTT,1,1,unique_exact
6410,TTAGGTCTAATGCC,1,1,unique_exact
6411,TTAGGTCTCTGAGT,1,1,unique_exact
6412,TTAGGTCTTCATTC,1,1,unique_exact
6413,TTATGCACGACGAG,1,1,unique_exact
6414,TTCAAAGATCCGAA,1,1,unique_exact
6415,TTCACAACGTCAAC,1,1,unique_exact
6416,TTCACCCTCTCTCG,2,1,unique_exact
6417,TTCAGTTGATCTTC,1,1,unique_exact
6418,TTCCATGATGTGGT,1,1,unique_exact
6419,TTCCCACTAACGTC,1,1,unique_exact
6420,TTCGATTGGTCACA,1,1,unique_exact
6421,TTCTCAGAAAAAGC-1,0,0,no_barcode_candidate
6422,TTCTTACTCTGGAT,1,1,unique_exact
6423,TTGAATGACTCTCG,1,1,unique_exact
6424,TTGAATGATTGCTT,1,1,unique_exact
6425,TTGACACTACCAAC,1,1,unique_exact
6426,TTGACACTCTAGCA,1,1,unique_exact
6427,TTGATCTGGATGAA,1,1,unique_exact
6428,TTGCATTGGCGGAA,1,1,unique_exact
6429,TTGCTAACGTTGTG-1,0,0,no_barcode_candidate
6430,TTGCTATGAGCGTT,1,1,unique_exact
6431,TTGGGAACAGTCGT,1,1,unique_exact
6432,TTGTACACCCTCGT,1,1,unique_exact
6433,TTGTAGCTAACGAA,1,1,unique_exact
6434,TTTCAGTGCACTAG,1,1,unique_exact
6435,TTTCGAACTGCCCT,1,1,unique_exact
6436,TTTGCATGCACCAA,1,1,unique_exact
6437,TTTGCATGTCCTCG,1,1,unique_exact
6438,TACGAGTGAGAATG,1,1,unique_exact
6439,AAACATTGTCCAAG,1,1,unique_exact
6440,AAACCGTGGTGTTG,1,1,unique_exact
6441,AAACGCTGAAGATG,1,1,unique_exact
6442,AAAGAGACTTGCGA,1,1,unique_exact
6443,AAAGTTTGACACGT,1,1,unique_exact
6444,AAAGTTTGAGCTCA,2,1,unique_exact
6445,AAATCAACGATACC,1,1,unique_exact
6446,AAATCATGCTCTCG,1,1,unique_exact
6447,AAATCCCTTCCTGC,2,1,unique_exact
6448,AAATGTTGTTACCT,1,1,unique_exact
6449,AAATTCGACAACTG,1,1,unique_exact
6450,AAATTCGAGAAGGC,1,1,unique_exact
6451,AACAGAGACTCTAT,1,1,unique_exact
6452,AACATTGAGACGAG,1,1,unique_exact
6453,AACCACGAACACCA,1,1,unique_exact
6454,AACCACGATTCATC,1,1,unique_exact
6455,AACCTACTCCTGTC,1,1,unique_exact
6456,AACGGTTGCGTACA,1,1,unique_exact
6457,AACGGTTGCTATGG,1,1,unique_exact
6458,AACGTGTGCTGTCC,1,1,unique_exact
6459,AACTCACTCCGATA,1,1,unique_exact
6460,AACTCACTGAAGGC,1,1,unique_exact
6461,AACTCGGAAGTGTC,1,1,unique_exact
6462,AACTCGGACCGTTC,1,1,unique_exact
6463,AACTGTCTGTTCAG,1,1,unique_exact
6464,AACTGTCTTCCTAT,1,1,unique_exact
6465,AAGAATCTGAGACG,1,1,unique_exact
6466,AAGACAGACATTCT,1,1,unique_exact
6467,AAGAGATGGCTTCC-1,0,0,no_barcode_candidate
6468,AAGAGATGGGACTT,1,1,unique_exact
6469,AAGCCTGACCGCTT,1,1,unique_exact
6470,AAGGCTACCTGTAG,1,1,unique_exact
6471,AAGGCTACGGTGGA,1,1,unique_exact
6472,AAGTATACGGTAGG,1,1,unique_exact
6473,AAGTCCGACTCGCT,1,1,unique_exact
6474,AAGTGGCTGTACGT,1,1,unique_exact
6475,AAGTTATGTTGACG,1,1,unique_exact
6476,AATACCCTCAATCG,2,1,unique_exact
6477,AATACTGATAACGC,1,1,unique_exact
6478,AATAGGGACTCATT,1,1,unique_exact
6479,AATATCGACAAGCT,1,1,unique_exact
6480,AATCCTACTCCCGT,1,1,unique_exact
6481,AATCCTACTTTGCT,1,1,unique_exact
6482,AATCTCTGGGCAAG,1,1,unique_exact
6483,AATCTCTGTGCAGT,2,1,unique_exact
6484,AATGAGGAGATACC,1,1,unique_exact
6485,AATGATACATACCG,1,1,unique_exact
6486,AATGGCTGCCATGA,2,1,unique_exact
6487,AATGTAACGGGAGT,1,1,unique_exact
6488,AATGTCCTCCTAAG,1,1,unique_exact
6489,AATGTCCTTAAGCC,1,1,unique_exact
6490,AATTACGAGTGTCA,1,1,unique_exact
6491,AATTGATGTTTCTG,2,1,unique_exact
6492,ACAAATTGTGCTCC,1,1,unique_exact
6493,ACAAGCACGCTACA,1,1,unique_exact
6494,ACAATAACTGAACC,1,1,unique_exact
6495,ACACCAGAACTGGT,1,1,unique_exact
6496,ACACCCTGACTCAG,1,1,unique_exact
6497,ACACGAACTTCGTT,1,1,unique_exact
6498,ACACGTGACCAAGT,1,1,unique_exact
6499,ACAGACACGGACGA,1,1,unique_exact
6500,ACCAACGACTTACT,1,1,unique_exact
6501,ACCACAGATTCGGA,1,1,unique_exact
6502,ACCAGCCTGTTGAC,1,1,unique_exact
6503,ACCAGTGATCCTGC,1,1,unique_exact
6504,ACCATTACGATAGA,1,1,unique_exact
6505,ACCCAAGAAAGAGT,2,1,unique_exact
6506,ACCTCGTGACTGGT,1,1,unique_exact
6507,ACCTCGTGAGCGTT,1,1,unique_exact
6508,ACCTGGCTCAGAGG,1,1,unique_exact
6509,ACCTGGCTCGTTGA,1,1,unique_exact
6510,ACGAACTGAGGTCT,1,1,unique_exact
6511,ACGAGGGAGCGTAT,1,1,unique_exact
6512,ACGAGTACGGTAAA,1,1,unique_exact
6513,ACGATCGACCCGTT,1,1,unique_exact
6514,ACGATCGACTATTC,2,1,unique_exact
6515,ACGCCACTTCGCCT,1,1,unique_exact
6516,ACGCCTTGAGTTCG,1,1,unique_exact
6517,ACGCTCACCTTGGA,1,1,unique_exact
6518,ACGGCTCTCAAGCT,1,1,unique_exact
6519,ACGGGAGAACTGGT,1,1,unique_exact
6520,ACGTAGACATTTCC,1,1,unique_exact
6521,ACGTCCTGCCAAGT,1,1,unique_exact
6522,ACGTGCCTTACTTC,1,1,unique_exact
6523,ACGTTGGAAAGGCG,1,1,unique_exact
6524,ACTAAAACATAAGG,1,1,unique_exact
6525,ACTACTACCTGCAA,2,1,unique_exact
6526,ACTATCACCTGCTC,1,1,unique_exact
6527,ACTGAGACTCGCAA,1,1,unique_exact
6528,ACTGCCTGTGATGC,1,1,unique_exact
6529,ACTGGCCTTCAGGT,1,1,unique_exact
6530,ACTTAAGAGCCAAT,1,1,unique_exact
6531,ACTTCCCTGGTAAA,2,1,unique_exact
6532,ACTTCTGAATCGAC,1,1,unique_exact
6533,ACTTGGGAGAACTC,2,1,unique_exact
6534,ACTTGGGAGAATGA,1,1,unique_exact
6535,ACTTGTACGTCAAC,2,1,unique_exact
6536,AGAAACGAGGCATT,1,1,unique_exact
6537,AGAAACGATGGTAC,1,1,unique_exact
6538,AGAAAGTGAGCTCA,1,1,unique_exact
6539,AGAACGCTGCTTCC,1,1,unique_exact
6540,AGACGTACAGCACT,1,1,unique_exact
6541,AGAGATGAGACGGA,1,1,unique_exact
6542,AGAGTCACGTTACG,1,1,unique_exact
6543,AGATCGTGCGTCTC,1,1,unique_exact
6544,AGATCGTGTGCCCT,1,1,unique_exact
6545,AGATTCCTACGGTT,2,1,unique_exact
6546,AGATTCCTGGTACT-1,0,0,no_barcode_candidate
6547,AGCAAAGAGGGCAA,1,1,unique_exact
6548,AGCACTGACTCTTA,1,1,unique_exact
6549,AGCACTGATCTCCG,1,1,unique_exact
6550,AGCACTGATCTCTA,1,1,unique_exact
6551,AGCATTCTCACTAG,2,1,unique_exact
6552,AGCCAATGAAAACG,1,1,unique_exact
6553,AGCCGGACCCTGAA,1,1,unique_exact
6554,AGCCGGTGGAGGAC,1,1,unique_exact
6555,AGCGATTGCGAGTT,1,1,unique_exact
6556,AGCGGCTGAGCGGA,1,1,unique_exact
6557,AGCGGGCTTGTGCA,1,1,unique_exact
6558,AGCTCGCTAACTGC,2,1,unique_exact
6559,AGCTGCCTGGCAAG,1,1,unique_exact
6560,AGCTGTGACCGAAT,1,1,unique_exact
6561,AGCTGTGATCCTGC,2,1,unique_exact
6562,AGCTGTGATTCCGC,1,1,unique_exact
6563,AGGAACCTTGACCA,1,1,unique_exact
6564,AGGAATGAAAGTAG,1,1,unique_exact
6565,AGGCAACTAGGTCT,1,1,unique_exact
6566,AGGCAACTGGAACG,1,1,unique_exact
6567,AGGGACGAGAATGA,1,1,unique_exact
6568,AGGGAGTGCCGTTC,1,1,unique_exact
6569,AGGGCCTGGGTTAC,1,1,unique_exact
6570,AGGGCCTGTGGTAC,1,1,unique_exact
6571,AGGTACACTAAGCC,1,1,unique_exact
6572,AGGTCATGGGATTC,1,1,unique_exact
6573,AGGTTCGAACGACT,1,1,unique_exact
6574,AGGTTGTGTTGCAG,1,1,unique_exact
6575,AGTAAGGACTCTTA,1,1,unique_exact
6576,AGTAGAGAGGACGA,1,1,unique_exact
6577,AGTAGAGATACGCA,1,1,unique_exact
6578,AGTAGGCTACCGAT,1,1,unique_exact
6579,AGTAGGCTCCGCTT,1,1,unique_exact
6580,AGTCACGAGGGAGT,1,1,unique_exact
6581,AGTCCAGATAAGCC,1,1,unique_exact
6582,AGTGAAGAGGATTC,2,1,unique_exact
6583,AGTGCAACGACGAG,1,1,unique_exact
6584,AGTTGTCTATCTCT,1,1,unique_exact
6585,AGTTTGCTAACGAA,1,1,unique_exact
6586,ATAACATGCCTTAT,1,1,unique_exact
6587,ATAACATGTACTTC,1,1,unique_exact
6588,ATAAGTACGTGTCA,1,1,unique_exact
6589,ATACAATGTCGATG,1,1,unique_exact
6590,ATACCACTGCGATT,1,1,unique_exact
6591,ATACCGGAATGGTC,1,1,unique_exact
6592,ATACCGGACATCAG,1,1,unique_exact
6593,ATACCTTGGAGGTG,1,1,unique_exact
6594,ATAGATACGATAAG,1,1,unique_exact
6595,ATAGATTGCGAGTT,1,1,unique_exact
6596,ATAGGAGACCCGTT,1,1,unique_exact
6597,ATAGGAGAGTTTGG,1,1,unique_exact
6598,ATCACTTGCAAAGA,1,1,unique_exact
6599,ATCACTTGGTCAAC,1,1,unique_exact
6600,ATCAGGTGCTGTGA,1,1,unique_exact
6601,ATCATGCTGTCCTC,1,1,unique_exact
6602,ATCCGCACCTAGTG,1,1,unique_exact
6603,ATCGAGTGACCACA,1,1,unique_exact
6604,ATCGAGTGACTCAG,2,1,unique_exact
6605,ATCGCCTGAGCAAA,2,1,unique_exact
6606,ATCTACTGTTACTC,2,1,unique_exact
6607,ATGACGTGTTTACC,2,1,unique_exact
6608,ATGCACGAGCAGAG,1,1,unique_exact
6609,ATGCAGACTAGACC,1,1,unique_exact
6610,ATGCAGACTGCATG,1,1,unique_exact
6611,ATGCCGCTAGCGGA,1,1,unique_exact
6612,ATGCGATGCGTAAC,1,1,unique_exact
6613,ATGCGATGTCTAGG,1,1,unique_exact
6614,ATGTAAACTATGCG,1,1,unique_exact
6615,ATGTTGCTTCTTAC,1,1,unique_exact
6616,ATTACCACAAGATG,1,1,unique_exact
6617,ATTACCTGAACAGA,1,1,unique_exact
6618,ATTCCAACAAGGCG,1,1,unique_exact
6619,ATTCCAACCTACGA,1,1,unique_exact
6620,ATTCCATGTGATGC,1,1,unique_exact
6621,ATTCGACTAAAGTG,1,1,unique_exact
6622,ATTCGACTAGCGTT,2,1,unique_exact
6623,ATTCGACTATCACG,1,1,unique_exact
6624,ATTGAAACAATCGC,1,1,unique_exact
6625,ATTGAAACAGATGA,1,1,unique_exact
6626,ATTGATGAGTCCTC,1,1,unique_exact
6627,ATTGCTTGCGTTAG,1,1,unique_exact
6628,ATTGCTTGGGAAGC,2,1,unique_exact
6629,ATTTCCGACTGAAC,1,1,unique_exact
6630,ATTTCCGATTTCTG,1,1,unique_exact
6631,CAAAGCTGCGGAGA,1,1,unique_exact
6632,CAAATTGAGGCATT,1,1,unique_exact
6633,CAACAGACGAGGCA,2,1,unique_exact
6634,CAACCAGAAAGTGA,1,1,unique_exact
6635,CAACCAGACTCAGA,2,1,unique_exact
6636,CAAGCCCTGCAGAG,1,1,unique_exact
6637,CAAGGACTGTCGTA,1,1,unique_exact
6638,CAAGTCGAGTGAGG,1,1,unique_exact
6639,CAAGTTCTACGCTA,1,1,unique_exact
6640,CAATCGGAGCCATA,1,1,unique_exact
6641,CACATACTTCCTTA,1,1,unique_exact
6642,CACCGGGAACCCAA,1,1,unique_exact
6643,CACCGGGACGGAGA,1,1,unique_exact
6644,CACCGTACGTGCTA,1,1,unique_exact
6645,CACGGGTGACTTTC,1,1,unique_exact
6646,CACTAACTAACCGT,1,1,unique_exact
6647,CACTGCACCTGATG,1,1,unique_exact
6648,CACTGCTGATCTCT,1,1,unique_exact
6649,CAGAGGGACACACA,1,1,unique_exact
6650,CAGAGGGACTGTAG,1,1,unique_exact
6651,CAGATGACCTGCTC,1,1,unique_exact
6652,CAGCTAGAAATGCC,1,1,unique_exact
6653,CAGCTCACTTCAGG,1,1,unique_exact
6654,CAGCTCTGACGTTG,2,1,unique_exact
6655,CAGCTCTGGTGTCA,2,1,unique_exact
6656,CAGCTCTGTGCTGA,1,1,unique_exact
6657,CAGGAACTCGGGAA,1,1,unique_exact
6658,CAGGCCGACTTTAC,1,1,unique_exact
6659,CAGGTAACGCGTAT,2,1,unique_exact
6660,CAGTCAGAGTATCG,1,1,unique_exact
6661,CAGTCAGATGTTTC,1,1,unique_exact
6662,CATAAATGACACGT,2,1,unique_exact
6663,CATACTACGGGAGT,1,1,unique_exact
6664,CATACTTGCTGTGA,1,1,unique_exact
6665,CATATAGACACAAC,2,1,unique_exact
6666,CATCAGGAATCGAC,1,1,unique_exact
6667,CATCATACTCGCCT,1,1,unique_exact
6668,CATCCCGACGTGAT,1,1,unique_exact
6669,CATCGCTGCGTAGT,1,1,unique_exact
6670,CATCTTGATTGTCT,1,1,unique_exact
6671,CATGAGACCCCGTT,1,1,unique_exact
6672,CATGAGACTGGCAT,1,1,unique_exact
6673,CATGCCACCCCAAA,1,1,unique_exact
6674,CATGCGCTCTCATT,1,1,unique_exact
6675,CATTGTACAGCCTA,1,1,unique_exact
6676,CATTTGTGGACGTT,1,1,unique_exact
6677,CCAACCTGCTCGAA,1,1,unique_exact
6678,CCACGGGACGCATA,1,1,unique_exact
6679,CCACTTCTTTGGTG,1,1,unique_exact
6680,CCAGGTCTTCGACA,1,1,unique_exact
6681,CCATAGGAGCTTAG,1,1,unique_exact
6682,CCATATACATTCTC,1,1,unique_exact
6683,CCATTAACACGTGT,1,1,unique_exact
6684,CCATTAACGGAAAT,1,1,unique_exact
6685,CCCAAAGAGCTAAC,1,1,unique_exact
6686,CCCAACACCCTCAC,1,1,unique_exact
6687,CCCAACTGTGGTGT,1,1,unique_exact
6688,CCCACATGCGAACT,1,1,unique_exact
6689,CCCAGTTGAAAGTG,1,1,unique_exact
6690,CCCTCAGATGCCTC,2,1,unique_exact
6691,CCCTCAGATGGCAT,1,1,unique_exact
6692,CCGATAGAGGTTTG,1,1,unique_exact
6693,CCGCGAGACCTGTC,1,1,unique_exact
6694,CCGTACACGCTGAT,1,1,unique_exact
6695,CCTAAGGAAAGGGC,1,1,unique_exact
6696,CCTAAGGACCGCTT,1,1,unique_exact
6697,CCTAAGGACCTATT,1,1,unique_exact
6698,CCTAGAGAACCTTT,1,1,unique_exact
6699,CCTATAACGTGTAC,2,1,unique_exact
6700,CCTGAGCTAAGAAC,1,1,unique_exact
6701,CCTTCACTCTCAAG,1,1,unique_exact
6702,CCTTTAGAGTAGGG,1,1,unique_exact
6703,CGAATCGAGTCGTA,1,1,unique_exact
6704,CGACAAACTGCCTC,1,1,unique_exact
6705,CGACCGGACAGAAA,1,1,unique_exact
6706,CGACCTTGGGGCAA,1,1,unique_exact
6707,CGACCTTGTGTGCA,1,1,unique_exact
6708,CGACGTCTCATGGT,1,1,unique_exact
6709,CGACTCACCTTGCC,1,1,unique_exact
6710,CGACTCTGGATAAG,1,1,unique_exact
6711,CGACTGCTTTTACC,1,1,unique_exact
6712,CGAGATTGGTGTAC,1,1,unique_exact
6713,CGAGGAGAAAAAGC,1,1,unique_exact
6714,CGAGGCACTGGTGT,1,1,unique_exact
6715,CGATACGACTTCTA,1,1,unique_exact
6716,CGATCAGAAAAGCA,1,1,unique_exact
6717,CGCAAATGGTGAGG,1,1,unique_exact
6718,CGCACGGAACACCA,1,1,unique_exact
6719,CGCACTACTCTTTG,1,1,unique_exact
6720,CGCTAAGACCAACA,1,1,unique_exact
6721,CGCTACACATTTCC,1,1,unique_exact
6722,CGCTCATGTACGCA,1,1,unique_exact
6723,CGGAATTGGTCTAG,1,1,unique_exact
6724,CGGAATTGTAGAAG,3,1,unique_exact
6725,CGGACCGAAGACTC,2,1,unique_exact
6726,CGGGACTGCCCACT,1,1,unique_exact
6727,CGGTAAACCTCGCT,1,1,unique_exact
6728,CGTAACGAGCATAC,1,1,unique_exact
6729,CGTACAGACAGGAG,1,1,unique_exact
6730,CGTACAGAGTTGTG,1,1,unique_exact
6731,CGTAGCCTTATGGC,1,1,unique_exact
6732,CGTCCAACGCGATT,1,1,unique_exact
6733,CGTCCAACGGGATG,1,1,unique_exact
6734,CGTCCATGGAAACA,1,1,unique_exact
6735,CGTGATGACTTGGA,1,1,unique_exact
6736,CGTTAACTCAGAAA,1,1,unique_exact
6737,CTAACGGAAGAATG,1,1,unique_exact
6738,CTAACGGACTCTCG,1,1,unique_exact
6739,CTAACGGATTCTCA,1,1,unique_exact
6740,CTAAGGACTGACCA,1,1,unique_exact
6741,CTACAACTGCTACA,2,1,unique_exact
6742,CTACTATGCGTGTA,1,1,unique_exact
6743,CTAGTTTGTGCGTA,1,1,unique_exact
6744,CTATCAACGGCGAA,2,1,unique_exact
6745,CTATGTACCCTCAC,1,1,unique_exact
6746,CTATGTACTTCCAT,1,1,unique_exact
6747,CTCAGCTGCACTAG,1,1,unique_exact
6748,CTCAGCTGTTCCAT,1,1,unique_exact
6749,CTCCATCTGTTTCT,1,1,unique_exact
6750,CTCGCATGCCCTCA,1,1,unique_exact
6751,CTGAAGACGAGGAC,1,1,unique_exact
6752,CTGAAGACTGTCCC,1,1,unique_exact
6753,CTGAAGTGCACACA,1,1,unique_exact
6754,CTGACCACCAAGCT,2,1,unique_exact
6755,CTGCAGCTCTCTTA,1,1,unique_exact
6756,CTGTAACTCTAAGC,1,1,unique_exact
6757,CTTAACACTCAGGT,1,1,unique_exact
6758,CTTAAGCTGGATCT,1,1,unique_exact
6759,CTTACAACTTAGGC,1,1,unique_exact
6760,CTTACATGTGAAGA,3,1,unique_exact
6761,CTTCATGAACACCA,1,1,unique_exact
6762,CTTGAACTGGAGCA,1,1,unique_exact
6763,CTTGAACTGGGATG,1,1,unique_exact
6764,CTTGAGGACCACCT,1,1,unique_exact
6765,CTTGTATGACACGT,1,1,unique_exact
6766,GAAACAGAAGCGGA,3,1,unique_exact
6767,GAAACCTGCAGAGG,1,1,unique_exact
6768,GAACCAACGCCCTT,1,1,unique_exact
6769,GAACCTGAAGTCAC,1,1,unique_exact
6770,GAACGGGATGCACA,1,1,unique_exact
6771,GAAGAATGTCGATG,1,1,unique_exact
6772,GAAGTCTGACTCTT,1,1,unique_exact
6773,GACAACACGTAAAG,1,1,unique_exact
6774,GACAGGGATTTCAC,1,1,unique_exact
6775,GACAGTACATCGAC,1,1,unique_exact
6776,GACAGTACCAGTTG,2,1,unique_exact
6777,GACATTCTGCGTAT,1,1,unique_exact
6778,GACATTCTGTTGCA,1,1,unique_exact
6779,GACCAAACTGTGCA,1,1,unique_exact
6780,GACCTAGAAACCGT,1,1,unique_exact
6781,GACCTCACTAAGCC,1,1,unique_exact
6782,GACGCTCTCTATTC,1,1,unique_exact
6783,GACGTAACCTAGAC,1,1,unique_exact
6784,GACGTATGCTGCTC,1,1,unique_exact
6785,GAGATAGACATTGG,2,1,unique_exact
6786,GAGATGCTGGTACT,1,1,unique_exact
6787,GAGATGCTTACGCA,1,1,unique_exact
6788,GAGCATACTCGACA,1,1,unique_exact
6789,GAGCGAGATTCTGT,1,1,unique_exact
6790,GAGCGCTGATGGTC,1,1,unique_exact
6791,GAGCTCCTCCAATG,1,1,unique_exact
6792,GAGCTCCTCCGATA,1,1,unique_exact
6793,GAGGCCACAACTGC,1,1,unique_exact
6794,GAGGGATGAGAGGC,1,1,unique_exact
6795,GAGGGATGCTCTCG,1,1,unique_exact
6796,GAGGGTGAACGTTG,1,1,unique_exact
6797,GAGGTTTGATTCCT,1,1,unique_exact
6798,GAGTACACGTCTAG,1,1,unique_exact
6799,GAGTACTGATCACG,1,1,unique_exact
6800,GAGTCTGACAATCG,1,1,unique_exact
6801,GAGTGTTGCCATGA,1,1,unique_exact
6802,GATAGAGATTGCGA,3,1,unique_exact
6803,GATATATGGCCATA,1,1,unique_exact
6804,GATATCCTACGGTT,1,1,unique_exact
6805,GATCCCTGCAACTG,1,1,unique_exact
6806,GATCGATGTTTCAC,1,1,unique_exact
6807,GATCTTACGTTACG,1,1,unique_exact
6808,GATCTTTGTCGCTC,1,1,unique_exact
6809,GATGCAACACGTTG,1,1,unique_exact
6810,GATGCAACACTGTG-1,0,0,no_barcode_candidate
6811,GATGCATGGCGTTA,1,1,unique_exact
6812,GATGCATGGTCTAG,2,1,unique_exact
6813,GATTACCTTTGGCA,1,1,unique_exact
6814,GCACAATGCACAAC,1,1,unique_exact
6815,GCACCACTGCTTAG,1,1,unique_exact
6816,GCACCACTTCAAGC,2,1,unique_exact
6817,GCACCTACTTTCGT,1,1,unique_exact
6818,GCACCTTGCAGAGG,1,1,unique_exact
6819,GCACGGTGGTGTTG,1,1,unique_exact
6820,GCACTAGAAAGAGT,1,1,unique_exact
6821,GCAGATACTCGTAG,1,1,unique_exact
6822,GCAGCCGACAAAGA,1,1,unique_exact
6823,GCAGCCGAGTGTAC,1,1,unique_exact
6824,GCAGTCCTCCTGAA,1,1,unique_exact
6825,GCATCAGACATCAG,1,1,unique_exact
6826,GCCAAATGTGCCTC,1,1,unique_exact
6827,GCCACTACACACAC,1,1,unique_exact
6828,GCCGACGATGCTGA,1,1,unique_exact
6829,GCGCACGACGAGTT,1,1,unique_exact
6830,GCGGAGCTCTCCAC,1,1,unique_exact
6831,GCGGGACTGCCAAT,1,1,unique_exact
6832,GCGGGACTTCGCCT,1,1,unique_exact
6833,GCGTAAACGAATAG,1,1,unique_exact
6834,GCTACAGAAGCATC,1,1,unique_exact
6835,GCTACGCTGGACGA,1,1,unique_exact
6836,GCTACGCTTCTTTG,1,1,unique_exact
6837,GCTAGATGGAATAG,2,1,unique_exact
6838,GCTATACTGTTCAG,1,1,unique_exact
6839,GCTCACTGATCTCT,1,1,unique_exact
6840,GCTGATGAGAGGTG,1,1,unique_exact
6841,GCTTAACTATTGGC,1,1,unique_exact
6842,GCTTAACTCCCACT,1,1,unique_exact
6843,GGAAGGACTCGCTC,1,1,unique_exact
6844,GGAAGGTGCATACG,1,1,unique_exact
6845,GGAATCTGCTAAGC,1,1,unique_exact
6846,GGAATGCTGTAGGG,1,1,unique_exact
6847,GGACAACTGCGTTA,1,1,unique_exact
6848,GGACCCGATGTCGA,1,1,unique_exact
6849,GGACGAGAACCCAA,1,1,unique_exact
6850,GGACGAGAATTGGC,1,1,unique_exact
6851,GGAGCGCTTCAGTG,1,1,unique_exact
6852,GGAGGATGAGCTCA,1,1,unique_exact
6853,GGATACTGCCTTCG,1,1,unique_exact
6854,GGCAATACATCGAC,1,1,unique_exact
6855,GGCAATACGGACGA,1,1,unique_exact
6856,GGCCACGAAAAACG,1,1,unique_exact
6857,GGCCGAACTCGCCT,1,1,unique_exact
6858,GGCCGATGAAACAG,1,1,unique_exact
6859,GGCCGATGAGTACC,1,1,unique_exact
6860,GGCGACACTTGACG,2,1,unique_exact
6861,GGCGGACTGAGACG,2,1,unique_exact
6862,GGCTACCTGCGTAT,1,1,unique_exact
6863,GGGAACGAGTAAAG,1,1,unique_exact
6864,GGGAACGATAGACC,1,1,unique_exact
6865,GGGATGGACTGCTC,1,1,unique_exact
6866,GGGATTACAACAGA,1,1,unique_exact
6867,GGGATTACTCGCAA,1,1,unique_exact
6868,GGGCACACACACGT,1,1,unique_exact
6869,GGGCACACACTACG,1,1,unique_exact
6870,GGGTAACTGCTTCC,2,1,unique_exact
6871,GGTACATGTCACCC,1,1,unique_exact
6872,GGTATCGATACTTC,1,1,unique_exact
6873,GGTATGACGTAAGA,2,1,unique_exact
6874,GGTCAAACCCTTGC,1,1,unique_exact
6875,GGTCTAGAACGTTG,1,1,unique_exact
6876,GGTGATACTCCCAC,1,1,unique_exact
6877,GTAACGTGCAGAGG,1,1,unique_exact
6878,GTAACGTGTCAGAC,1,1,unique_exact
6879,GTAAGCTGTCAGAC,1,1,unique_exact
6880,GTACCCTGACCAGT,1,1,unique_exact
6881,GTACTACTACCAGT,1,1,unique_exact
6882,GTAGCAACGTCGAT,1,1,unique_exact
6883,GTAGGTACCGCTAA,1,1,unique_exact
6884,GTATTCACCTGTTT,1,1,unique_exact
6885,GTCACAGAAGCGTT,1,1,unique_exact
6886,GTCCACTGAAACAG,1,1,unique_exact
6887,GTCCCATGCCTTCG,1,1,unique_exact
6888,GTCGAATGCATGGT,1,1,unique_exact
6889,GTCGCACTCCACAA,1,1,unique_exact
6890,GTCTAACTCTGACA,1,1,unique_exact
6891,GTCTAGGAATCTTC,1,1,unique_exact
6892,GTGAACACGACGTT,1,1,unique_exact
6893,GTGCTAGAGCTGTA,1,1,unique_exact
6894,GTGGAGGAAATCGC,1,1,unique_exact
6895,GTGGATTGACCTGA,1,1,unique_exact
6896,GTGTGATGTGTGAC,1,1,unique_exact
6897,GTTAACCTTTCTTG,1,1,unique_exact
6898,GTTAGTCTACCAGT,1,1,unique_exact
6899,GTTATCTGTACTGG,1,1,unique_exact
6900,GTTATGCTCCAGTA,1,1,unique_exact
6901,GTTCATACAAGCAA,1,1,unique_exact
6902,GTTCATACAGCATC,1,1,unique_exact
6903,TAAACAACATCTTC,1,1,unique_exact
6904,TAAATGTGGGACAG,1,1,unique_exact
6905,TAACAATGGGCATT,2,1,unique_exact
6906,TAACATGAGGTGTT,1,1,unique_exact
6907,TAACTCACTGATGC,1,1,unique_exact
6908,TAAGATACTACAGC,1,1,unique_exact
6909,TAAGCGTGACCCTC,2,1,unique_exact
6910,TAAGCTCTATCAGC,1,1,unique_exact
6911,TAAGCTCTTGTTTC,1,1,unique_exact
6912,TAAGTCCTCACCAA,1,1,unique_exact
6913,TAATCCACAGTGCT,1,1,unique_exact
6914,TAATGATGTCTAGG,1,1,unique_exact
6915,TACAAATGGAGATA,1,1,unique_exact
6916,TACAAATGGGTCTA,2,1,unique_exact
6917,TACACACTCCCACT,1,1,unique_exact
6918,TACACACTCTCATT,1,1,unique_exact
6919,TACCGGCTATGCTG,1,1,unique_exact
6920,TACGAGACAAAGCA,1,1,unique_exact
6921,TACGATCTCAACCA,1,1,unique_exact
6922,TACGATCTTCCTGC,2,1,unique_exact
6923,TACGCCACGTCGAT,2,1,unique_exact
6924,TACGCGCTAAAGTG,1,1,unique_exact
6925,TACGGAACTGCTCC,1,1,unique_exact
6926,TACTCAACGGAGTG,1,1,unique_exact
6927,TACTCCCTCGAGAG,1,1,unique_exact
6928,TACTCTGAGCGTAT,1,1,unique_exact
6929,TACTGTTGGGACTT,1,1,unique_exact
6930,TACTTTCTGGATCT,1,1,unique_exact
6931,TAGAATTGCGTGTA,1,1,unique_exact
6932,TAGACGTGACTCAG,1,1,unique_exact
6933,TAGATTGAAAGAAC,1,1,unique_exact
6934,TAGCCCTGTCTACT,1,1,unique_exact
6935,TAGCTACTAGTGTC,1,1,unique_exact
6936,TAGGCTGACTTAGG,1,1,unique_exact
6937,TAGGCTGATGCAAC,1,1,unique_exact
6938,TAGGGACTGTAGGG,1,1,unique_exact
6939,TAGGTGACTCTCAT,1,1,unique_exact
6940,TAGTTGCTAGTCAC,1,1,unique_exact
6941,TAGTTGCTGGTGAG,1,1,unique_exact
6942,TATACGCTCCTGAA,1,1,unique_exact
6943,TATAGATGAAAACG,1,1,unique_exact
6944,TATGAATGGAACCT,1,1,unique_exact
6945,TATGCGGAGTTACG,1,1,unique_exact
6946,TATGCGGATGCGTA,1,1,unique_exact
6947,TATGGTCTTGAGCT,1,1,unique_exact
6948,TATGTGCTTCATTC,1,1,unique_exact
6949,TCAAGGACCTCCAC,1,1,unique_exact
6950,TCAAGGACTTCCCG,1,1,unique_exact
6951,TCAAGGTGCCATAG,1,1,unique_exact
6952,TCACTATGCAACTG,1,1,unique_exact
6953,TCATGTACTAGCGT,1,1,unique_exact
6954,TCCCACGATCCCGT,1,1,unique_exact
6955,TCCCAGACTGCTTT,1,1,unique_exact
6956,TCCCATCTAACCGT,1,1,unique_exact
6957,TCCCATCTTTTGTC,1,1,unique_exact
6958,TCCCTACTAAGGGC,1,1,unique_exact
6959,TCCTATGAAAGCAA,1,1,unique_exact
6960,TCCTATGAGACTAC,1,1,unique_exact
6961,TCGACGCTACACAC,1,1,unique_exact
6962,TCGCAAGAAGGCGA,1,1,unique_exact
6963,TCGCACTGGAGGTG,1,1,unique_exact
6964,TCGCCATGCTATTC,1,1,unique_exact
6965,TCGCCATGTGTAGC,1,1,unique_exact
6966,TCGGACCTATGACC,2,1,unique_exact
6967,TCTATGTGCAATCG,1,1,unique_exact
6968,TCTTGATGAGATGA,1,1,unique_exact
6969,TCTTGATGTCGACA,1,1,unique_exact
6970,TGAACCGACTGTCC,1,1,unique_exact
6971,TGACCGCTCTTCCG,1,1,unique_exact
6972,TGACTTTGAGACTC,1,1,unique_exact
6973,TGACTTTGTTGTGG,2,1,unique_exact
6974,TGAGCAACACAGCT,1,1,unique_exact
6975,TGAGCAACCTGAGT,1,1,unique_exact
6976,TGAGCTGACTCGCT,1,1,unique_exact
6977,TGATATGACGGAGA,3,1,unique_exact
6978,TGATTCTGTGTCAG,1,1,unique_exact
6979,TGCACAGACATCAG,1,1,unique_exact
6980,TGCATGGAGCGTTA,1,1,unique_exact
6981,TGCGCACTACACGT,1,1,unique_exact
6982,TGCGCACTGGACGA,1,1,unique_exact
6983,TGCGCACTGGTTAC,1,1,unique_exact
6984,TGCTTAACAGGCGA,1,1,unique_exact
6985,TGGAAAGACACCAA,1,1,unique_exact
6986,TGGAAAGAGTCGAT,1,1,unique_exact
6987,TGGAACACCACTGA,1,1,unique_exact
6988,TGGAACTGCCTTGC,2,1,unique_exact
6989,TGGAAGCTCTACCC,1,1,unique_exact
6990,TGGAAGCTTAAGGA,1,1,unique_exact
6991,TGGTAGACCGTGAT,1,1,unique_exact
6992,TGGTAGACGTAGGG,1,1,unique_exact
6993,TGTACTTGAGAGAT,1,1,unique_exact
6994,TGTAGGTGAGAGGC,1,1,unique_exact
6995,TGTCTAACTGTCGA,1,1,unique_exact
6996,TGTGAGTGGAGGGT,1,1,unique_exact
6997,TGTGGATGCCTTAT,1,1,unique_exact
6998,TGTTAAGATTTGGG,1,1,unique_exact
6999,TGTTACACCCAGTA,1,1,unique_exact
7000,TGTTACACTAGAAG,1,1,unique_exact
7001,TTACGTACGCATAC,1,1,unique_exact
7002,TTACTCGAAAACAG,1,1,unique_exact
7003,TTACTCGACCATAG,1,1,unique_exact
7004,TTAGCTACGTCGAT,1,1,unique_exact
7005,TTAGGGACCCTCCA,1,1,unique_exact
7006,TTAGGGTGCCCACT,1,1,unique_exact
7007,TTAGGGTGGAAGGC,1,1,unique_exact
7008,TTAGTCACGGTGTT,1,1,unique_exact
7009,TTAGTCTGTGTAGC,1,1,unique_exact
7010,TTATTCCTAAGCAA,1,1,unique_exact
7011,TTCAACACAAACAG,1,1,unique_exact
7012,TTCAAGCTAGTGCT,1,1,unique_exact
7013,TTCAAGCTCAACCA,1,1,unique_exact
7014,TTCAGACTTGCCAA,2,1,unique_exact
7015,TTCCATGACAGTCA,1,1,unique_exact
7016,TTCCCACTCTAGCA,1,1,unique_exact
7017,TTCCTAGACAAAGA,1,1,unique_exact
7018,TTCGATTGACTGTG,1,1,unique_exact
7019,TTCGATTGCCAATG,1,1,unique_exact
7020,TTCGGAGAGACACT,1,1,unique_exact
7021,TTCGTATGTCAGAC,1,1,unique_exact
7022,TTCTGATGCGGTAT,1,1,unique_exact
7023,TTGCATTGGTTGTG,1,1,unique_exact
7024,TTGGAGTGGTAGCT,1,1,unique_exact
7025,TTTAGAGAAGTCTG,1,1,unique_exact
7026,TTTAGAGATTTACC,1,1,unique_exact
7027,TTTCCAGAACCATG,1,1,unique_exact
7028,AAACATTGGTGTAC,1,1,unique_exact
7029,AAACATTGTGACAC,1,1,unique_exact
7030,AAACGCTGCGAACT,1,1,unique_exact
7031,AAAGCCTGAACAGA,2,1,unique_exact
7032,AAATCCCTTGACAC,1,1,unique_exact
7033,AACAGCACAGAGAT,1,1,unique_exact
7034,AACAGCACGGAAAT,1,1,unique_exact
7035,AACATTGATTGGTG,1,1,unique_exact
7036,AACGTGTGTCATTC,1,1,unique_exact
7037,AACTCGGATCCCGT,1,1,unique_exact
7038,AAGATTACTCCAGA,1,1,unique_exact
7039,AAGCCTGACCTCCA,1,1,unique_exact
7040,AAGCGACTTGTCAG,1,1,unique_exact
7041,AAGGCTACCGTAAC,1,1,unique_exact
7042,AAGGCTTGGGCATT,1,1,unique_exact
7043,AAGGTCACCGCTAA,1,1,unique_exact
7044,AAGGTGCTTCTCAT,2,1,unique_exact
7045,AAGTAGGAATAAGG,1,1,unique_exact
7046,AAGTAGGACACTCC,1,1,unique_exact
7047,AAGTATACAAAACG,1,1,unique_exact
7048,AATAACACAAGGTA,1,1,unique_exact
7049,AATAAGCTTTCGGA,1,1,unique_exact
7050,AATAGGGAAAGGCG,1,1,unique_exact
7051,AATAGGGATACTGG,1,1,unique_exact
7052,AATAGGGATGTAGC,1,1,unique_exact
7053,AATATCGAGTAGCT,1,1,unique_exact
7054,AATCCGGACCATGA,1,1,unique_exact
7055,AATCTCACCCGCTT,1,1,unique_exact
7056,AATCTCACCTAAGC,1,1,unique_exact
7057,AATGATACTATCGG,1,1,unique_exact
7058,AATTGATGGAGATA,1,1,unique_exact
7059,ACAAAGGAGCTACA,1,1,unique_exact
7060,ACAATCCTATGTGC,1,1,unique_exact
7061,ACAATCCTCACCAA,1,1,unique_exact
7062,ACACAGACGGGAGT,1,1,unique_exact
7063,ACACAGACTCTCGC,1,1,unique_exact
7064,ACACCAGACTATGG,1,1,unique_exact
7065,ACACCCTGGCTGTA,1,1,unique_exact
7066,ACACGAACAGCGGA,1,1,unique_exact
7067,ACACGAACCACTCC,1,1,unique_exact
7068,ACAGTCGATCCAGA,2,1,unique_exact
7069,ACAGTCGATTCCAT,1,1,unique_exact
7070,ACAGTTCTTCTTTG,1,1,unique_exact
7071,ACATCACTTTCGCC,1,1,unique_exact
7072,ACCACAGATTCAGG,1,1,unique_exact
7073,ACCACGCTAGTTCG,1,1,unique_exact
7074,ACCACGCTCCTAAG,1,1,unique_exact
7075,ACCAGCCTAGACTC,1,1,unique_exact
7076,ACCCAAGATCCCAC,1,1,unique_exact
7077,ACCCACTGCATCAG,1,1,unique_exact
7078,ACCCAGCTCCTACC,1,1,unique_exact
7079,ACCCGTTGCTTGAG,1,1,unique_exact
7080,ACCCGTTGTGAGCT,1,1,unique_exact
7081,ACGAACTGCAGAAA,2,1,unique_exact
7082,ACGAAGCTTAAGCC,1,1,unique_exact
7083,ACGAGGGATGCAAC,1,1,unique_exact
7084,ACGCACCTCATGGT,2,1,unique_exact
7085,ACGGAGGATCTCGC,1,1,unique_exact
7086,ACGGGAGACAGCTA,1,1,unique_exact
7087,ACGGGAGAGTTCTT,1,1,unique_exact
7088,ACGGTATGGTTGTG,1,1,unique_exact
7089,ACGGTCCTCTGCAA,1,1,unique_exact
7090,ACGTCGCTGTCGAT,1,1,unique_exact
7091,ACGTTACTGCAGTT,1,1,unique_exact
7092,ACTACGGACCTCCA,1,1,unique_exact
7093,ACTACGGAGCATAC,1,1,unique_exact
7094,ACTACGGATATGGC,1,1,unique_exact
7095,ACTACTACCGACAT,1,1,unique_exact
7096,ACTCCCGAGGTGAG,1,1,unique_exact
7097,ACTCCTCTTACAGC,1,1,unique_exact
7098,ACTCGAGATTCTGT,1,1,unique_exact
7099,ACTGGCCTAACTGC,2,1,unique_exact
7100,ACTGTTACGGTAAA,1,1,unique_exact
7101,ACTTCTGAAACCAC,1,1,unique_exact
7102,ACTTGTACTCGCTC,1,1,unique_exact
7103,AGAACAGAACTTTC,1,1,unique_exact
7104,AGAACAGAGTTCTT,1,1,unique_exact
7105,AGAACGCTTGCTAG,1,1,unique_exact
7106,AGACGTACCCCTCA,1,1,unique_exact
7107,AGACGTACCCTTTA,1,1,unique_exact
7108,AGAGATGAATCGGT,1,1,unique_exact
7109,AGAGGTCTTCAGGT,1,1,unique_exact
7110,AGATTAACGCATCA,1,1,unique_exact
7111,AGATTCCTTCAGTG,1,1,unique_exact
7112,AGCACTGAGGAGGT,1,1,unique_exact
7113,AGCATGACCCTCGT,1,1,unique_exact
7114,AGCCACCTTGCTTT,1,1,unique_exact
7115,AGCGCTCTAGCAAA,1,1,unique_exact
7116,AGCGGCACTCGATG,1,1,unique_exact
7117,AGCGTAACGTATCG,1,1,unique_exact
7118,AGCTGAACCAGATC,1,1,unique_exact
7119,AGGAATGACGGAGA,1,1,unique_exact
7120,AGGACTTGGTTGGT,1,1,unique_exact
7121,AGGAGTCTTGGTAC,1,1,unique_exact
7122,AGGCAGGACCCACT,1,1,unique_exact
7123,AGGCTAACGCATCA,1,1,unique_exact
7124,AGGGACGAATCTCT,1,1,unique_exact
7125,AGGGACGAGTAGCT,2,1,unique_exact
7126,AGGGTGGACTGCAA,1,1,unique_exact
7127,AGGTACTGAGTTCG,1,1,unique_exact
7128,AGGTCATGGGAACG,1,1,unique_exact
7129,AGGTCATGTGGAAA,1,1,unique_exact
7130,AGTCAGACCATTGG,1,1,unique_exact
7131,AGTCAGACTGTCGA,1,1,unique_exact
7132,AGTGACACAAGAGT,2,1,unique_exact
7133,ATAAACACGTCTAG,1,1,unique_exact
7134,ATAACAACATCACG,2,1,unique_exact
7135,ATAAGTACGCGATT,1,1,unique_exact
7136,ATAATGACTACTTC,1,1,unique_exact
7137,ATACCTTGACTCTT,1,1,unique_exact
7138,ATACGTCTCCTCAC,2,1,unique_exact
7139,ATACTCTGCATTTC,1,1,unique_exact
7140,ATACTCTGTATGCG,1,1,unique_exact
7141,ATAGATACCCAAGT,2,1,unique_exact
7142,ATAGATACGGACTT,1,1,unique_exact
7143,ATAGGAGAGACGTT,1,1,unique_exact
7144,ATAGGAGAGGGCAA,1,1,unique_exact
7145,ATAGTCCTCTAAGC,2,1,unique_exact
7146,ATATGCCTGAAACA,1,1,unique_exact
7147,ATCACTTGAAAGTG,1,1,unique_exact
7148,ATCACTTGATTCCT,1,1,unique_exact
7149,ATCATCTGGAGGAC,1,1,unique_exact
7150,ATCCATACACGACT,1,1,unique_exact
7151,ATCCGCACCGTAGT,1,1,unique_exact
7152,ATCGCCTGAACCAC,1,1,unique_exact
7153,ATCGGAACCAGTTG,1,1,unique_exact
7154,ATCGTTTGGGGACA,1,1,unique_exact
7155,ATCTACTGTCACGA,2,1,unique_exact
7156,ATCTGACTATGTCG,1,1,unique_exact
7157,ATCTGACTTCCGTC,1,1,unique_exact
7158,ATCTGGGAGTCTGA,1,1,unique_exact
7159,ATCTTGACGTGTTG,1,1,unique_exact
7160,ATGACGTGCTTGTT,1,1,unique_exact
7161,ATGCAGACCCTTTA,1,1,unique_exact
7162,ATGCCAGAAAGCAA,1,1,unique_exact
7163,ATGCTTTGAACGGG,1,1,unique_exact
7164,ATGCTTTGCAGATC,1,1,unique_exact
7165,ATGTCACTCCGTTC,1,1,unique_exact
7166,ATGTCGGAAACCTG,1,1,unique_exact
7167,ATGTTAGATTGACG,1,1,unique_exact
7168,ATGTTCACTGACTG,2,1,unique_exact
7169,ATTAACGAAAGGCG,1,1,unique_exact
7170,ATTACCACACGTAC,1,1,unique_exact
7171,ATTACCACAGCATC,1,1,unique_exact
7172,ATTCAAGAACCCAA,1,1,unique_exact
7173,ATTGCGGATCTTTG,1,1,unique_exact
7174,ATTGCTACGGCGAA,1,1,unique_exact
7175,ATTGGGTGAGAGGC,2,1,unique_exact
7176,ATTGGTCTGCTATG,1,1,unique_exact
7177,ATTGTAGAGAACCT,1,1,unique_exact
7178,ATTGTCTGTTCCCG,1,1,unique_exact
7179,ATTTCGTGGGTCAT,1,1,unique_exact
7180,CAAACTCTTGCACA,1,1,unique_exact
7181,CAACCAGACATGCA,1,1,unique_exact
7182,CAACGAACTCTCTA,1,1,unique_exact
7183,CAAGAAGACTCAAG,1,1,unique_exact
7184,CAAGCCCTAACGGG,1,1,unique_exact
7185,CAAGCTGAGGCAAG,1,1,unique_exact
7186,CAAGGACTCAGTCA,1,1,unique_exact
7187,CAAGTTCTTGTTCT,1,1,unique_exact
7188,CAATAATGGAGGTG,1,1,unique_exact
7189,CAATAATGTTCAGG,1,1,unique_exact
7190,CAATCTACGGTAGG,1,1,unique_exact
7191,CAATCTACTTCCAT,1,1,unique_exact
7192,CAATGGACGTTCTT,1,1,unique_exact
7193,CAATTCACACCGAT,1,1,unique_exact
7194,CACAACGACGACAT,3,1,unique_exact
7195,CACAATCTTCGCCT,1,1,unique_exact
7196,CACAGATGTGAGAA,1,1,unique_exact
7197,CACCGTTGCTTCTA,1,1,unique_exact
7198,CACCGTTGGGAGCA,1,1,unique_exact
7199,CACCGTTGGGTTCA,1,1,unique_exact
7200,CACGACCTAAGCAA,1,1,unique_exact
7201,CACGACCTAGTCAC,1,1,unique_exact
7202,CACGGGACCTAAGC,1,1,unique_exact
7203,CACGGGACGTTGCA,1,1,unique_exact
7204,CACTAGGATTTCAC,1,1,unique_exact
7205,CACTATACAGCCAT,1,1,unique_exact
7206,CACTTATGTGAGGG,1,1,unique_exact
7207,CAGACAACCTACTT,1,1,unique_exact
7208,CAGACATGTTGGTG,1,1,unique_exact
7209,CAGACCCTTGAGCT,1,1,unique_exact
7210,CAGAGGGACCCGTT-1,0,0,no_barcode_candidate
7211,CAGATCGAACAGTC,1,1,unique_exact
7212,CAGATCGACATCAG,2,1,unique_exact
7213,CAGATGACAATCGC,1,1,unique_exact
7214,CAGATGACTTCGGA,1,1,unique_exact
7215,CAGGGCACGCTGAT,1,1,unique_exact
7216,CAGGTAACGCGAAG,1,1,unique_exact
7217,CAGTGTGAGATGAA,2,1,unique_exact
7218,CATAACCTTAAAGG,1,1,unique_exact
7219,CATACTTGATTCGG,1,1,unique_exact
7220,CATCGGCTAACCAC,1,1,unique_exact
7221,CATGGATGTCCTGC,1,1,unique_exact
7222,CATGTACTCCTATT,1,1,unique_exact
7223,CATGTTACTCGACA,1,1,unique_exact
7224,CATGTTTGAGGTTC,1,1,unique_exact
7225,CATGTTTGCTAGCA,1,1,unique_exact
7226,CCAAGTGAAACGAA,1,1,unique_exact
7227,CCAATTTGCCGAAT,1,1,unique_exact
7228,CCAATTTGTACAGC,1,1,unique_exact
7229,CCAATTTGTCTAGG,2,1,unique_exact
7230,CCACCATGAAGCAA,2,1,unique_exact
7231,CCACTTCTCTCCCA,1,1,unique_exact
7232,CCAGCACTGTTAGC,1,1,unique_exact
7233,CCAGCGGAGCGATT,1,1,unique_exact
7234,CCAGCTACGACAAA,1,1,unique_exact
7235,CCAGCTACGCTGAT,1,1,unique_exact
7236,CCAGGTCTTGGCAT,1,1,unique_exact
7237,CCAGTGCTACGTAC,2,1,unique_exact
7238,CCATCGTGTCCTAT,1,1,unique_exact
7239,CCCGATTGCGAGAG,1,1,unique_exact
7240,CCCTACGACTACTT,2,1,unique_exact
7241,CCCTACGACTCATT,1,1,unique_exact
7242,CCCTACGATCCGTC,1,1,unique_exact
7243,CCCTGATGTAGCGT,1,1,unique_exact
7244,CCGAAAACCTTAGG,1,1,unique_exact
7245,CCGGTACTAGCCAT,1,1,unique_exact
7246,CCTAAGGAGGTGGA,1,1,unique_exact
7247,CCTGAGCTGTTGCA,1,1,unique_exact
7248,CCTTCACTCCTCAC,1,1,unique_exact
7249,CGAAGGGAGCTGTA,1,1,unique_exact
7250,CGACTCACAAGCCT,2,1,unique_exact
7251,CGACTCACGACGAG,2,1,unique_exact
7252,CGACTCACGTCCTC,1,1,unique_exact
7253,CGACTCTGAAGCAA,2,1,unique_exact
7254,CGAGATTGTCTTCA,1,1,unique_exact
7255,CGAGGGCTACGGAG,1,1,unique_exact
7256,CGATAGACGTTAGC,1,1,unique_exact
7257,CGATAGACGTTCTT,1,1,unique_exact
7258,CGATCAGACAAAGA,1,1,unique_exact
7259,CGCACGGACGCATA,1,1,unique_exact
7260,CGCACTACAAGGTA,2,1,unique_exact
7261,CGCACTACTCGACA,1,1,unique_exact
7262,CGCCATACGGAGTG,1,1,unique_exact
7263,CGCCGAGAGGATTC,1,1,unique_exact
7264,CGCCTAACCACTTT,2,1,unique_exact
7265,CGCGAGACAAAGTG,1,1,unique_exact
7266,CGGAATTGCCTAAG,1,1,unique_exact
7267,CGGAGGCTGAGGAC,1,1,unique_exact
7268,CGGAGGCTGTGTTG,2,1,unique_exact
7269,CGGATAACTCCGTC,1,1,unique_exact
7270,CGGATAACTCGCCT,1,1,unique_exact
7271,CGGATAACTCTAGG,1,1,unique_exact
7272,CGGCACGAGGACAG,2,1,unique_exact
7273,CGGCGAACCCTGTC,1,1,unique_exact
7274,CGGTAAACGCTTAG,1,1,unique_exact
7275,CGTCAAGATTTACC,1,1,unique_exact
7276,CGTTATACCACTCC,1,1,unique_exact
7277,CTAACGGATGTGGT,1,1,unique_exact
7278,CTAAGGACATCAGC,1,1,unique_exact
7279,CTAAGGACTGTTTC,1,1,unique_exact
7280,CTAATAGACAGTTG,1,1,unique_exact
7281,CTAATGCTTCCTCG,1,1,unique_exact
7282,CTACTCCTGGACAG,1,1,unique_exact
7283,CTAGGATGTCTGGA,1,1,unique_exact
7284,CTATAGCTATCTCT,1,1,unique_exact
7285,CTATAGCTCATACG,2,1,unique_exact
7286,CTATCAACATGCCA,1,1,unique_exact
7287,CTATCATGTCTTAC,1,1,unique_exact
7288,CTATCCCTCTGTCC,2,1,unique_exact
7289,CTCAATTGTTTGCT,2,1,unique_exact
7290,CTCAGCACGTTCTT,1,1,unique_exact
7291,CTCATTGAACGTAC,1,1,unique_exact
7292,CTCGAAGACCGATA,1,1,unique_exact
7293,CTCGACTGAGAGTA,1,1,unique_exact
7294,CTCGCATGTTTCAC,3,1,unique_exact
7295,CTGAACGAACGTAC,1,1,unique_exact
7296,CTGAGAACGGAGTG,1,1,unique_exact
7297,CTGAGCCTAAGCCT,2,1,unique_exact
7298,CTGCCAACACTACG,1,1,unique_exact
7299,CTGCCAACGCCATA,1,1,unique_exact
7300,CTGGATGAGCGAGA,1,1,unique_exact
7301,CTGTATACTGGTTG,1,1,unique_exact
7302,CTTACTGACATCAG,1,1,unique_exact
7303,CTTAGACTCCTAAG,1,1,unique_exact
7304,CTTCTAGAAGCTCA,1,1,unique_exact
7305,CTTTACGATGCAGT,1,1,unique_exact
7306,CTTTCAGAAGGAGC,1,1,unique_exact
7307,CTTTGATGACGGGA,1,1,unique_exact
7308,CTTTGATGGCATCA,1,1,unique_exact
7309,GAAACAGATCGTAG,1,1,unique_exact
7310,GAAATACTGTTCGA,1,1,unique_exact
7311,GAACCAACCTAGTG,1,1,unique_exact
7312,GAAGAATGTATCGG,1,1,unique_exact
7313,GAAGTAGAGGACGA,1,1,unique_exact
7314,GAAGTCACAGTCAC,1,1,unique_exact
7315,GAATGCACCAGGAG,1,1,unique_exact
7316,GAATGCACTTCAGG,1,1,unique_exact
7317,GAATGGCTCTCTCG,1,1,unique_exact
7318,GAATTAACTGACAC,1,1,unique_exact
7319,GACAGGGAAGTCGT,1,1,unique_exact
7320,GACATTCTGGGCAA,1,1,unique_exact
7321,GACCCTACTCCAAG,1,1,unique_exact
7322,GAGAAATGCTCGCT,1,1,unique_exact
7323,GAGCGAGAGAGCAG,1,1,unique_exact
7324,GAGGATCTTCCGAA,1,1,unique_exact
7325,GAGGCAGACGTACA,1,1,unique_exact
7326,GAGGGATGAGTACC,1,1,unique_exact
7327,GAGTAAGATTAGGC,1,1,unique_exact
7328,GAGTACTGTATTCC,1,1,unique_exact
7329,GAGTCTGAGACAAA,1,1,unique_exact
7330,GATCCGCTGCGATT,1,1,unique_exact
7331,GATCGATGAGCACT,1,1,unique_exact
7332,GATCTACTTGACTG,1,1,unique_exact
7333,GATGCCCTGAGATA,1,1,unique_exact
7334,GATTCGGAGCAAGG,2,1,unique_exact
7335,GATTCGGATCCTTA,1,1,unique_exact
7336,GATTGGACAAGGGC,1,1,unique_exact
7337,GATTGGACGGCAAG,1,1,unique_exact
7338,GATTTAGAGTGTAC,1,1,unique_exact
7339,GCACACCTACGGAG,1,1,unique_exact
7340,GCACCACTACACTG,1,1,unique_exact
7341,GCACGTCTCATCAG,1,1,unique_exact
7342,GCAGATACCATGCA,1,1,unique_exact
7343,GCAGCCGAGTGTCA,1,1,unique_exact
7344,GCAGGCACGTAAAG,1,1,unique_exact
7345,GCATCAGATCTAGG,1,1,unique_exact
7346,GCATGATGGGATTC,1,1,unique_exact
7347,GCATGTGATGTAGC,2,1,unique_exact
7348,GCCAAATGGGTGGA,1,1,unique_exact
7349,GCCATGCTTGTCGA,1,1,unique_exact
7350,GCCGGAACAACGTC,1,1,unique_exact
7351,GCGAGAGAAGAGGC,1,1,unique_exact
7352,GCGATATGAATGCC,1,1,unique_exact
7353,GCGCGAACTTCCCG,1,1,unique_exact
7354,GCGGAGCTAACAGA,1,1,unique_exact
7355,GCGGCAACTGCTTT,1,1,unique_exact
7356,GCGTAATGGAAGGC,1,1,unique_exact
7357,GCTACCTGGAGAGC,1,1,unique_exact
7358,GCTACGCTTTCGTT,1,1,unique_exact
7359,GCTATACTGATAAG,1,1,unique_exact
7360,GCTGATGAAGAACA,1,1,unique_exact
7361,GCTTGAGAACGACT,1,1,unique_exact
7362,GGAACACTGAGCTT,1,1,unique_exact
7363,GGAACTACCCTCGT,2,1,unique_exact
7364,GGAAGGACTCGCCT,2,1,unique_exact
7365,GGAAGGACTTGGTG,1,1,unique_exact
7366,GGACCGTGGAACCT,2,1,unique_exact
7367,GGACCGTGTCATTC,1,1,unique_exact
7368,GGAGACGAGGAGTG,1,1,unique_exact
7369,GGAGGTGACCACCT,1,1,unique_exact
7370,GGAGTTTGTGTCCC,1,1,unique_exact
7371,GGATGTTGCATTTC,2,1,unique_exact
7372,GGATGTTGCTGGAT,1,1,unique_exact
7373,GGATTTCTTGCCCT,1,1,unique_exact
7374,GGCATATGTAGAGA,1,1,unique_exact
7375,GGCATATGTCCAAG,1,1,unique_exact
7376,GGCGACACAGTCGT,1,1,unique_exact
7377,GGCGCATGGTTGAC,1,1,unique_exact
7378,GGCGGACTGGTATC,1,1,unique_exact
7379,GGCTAAACTCTCAT,1,1,unique_exact
7380,GGGATTACTGTGAC,1,1,unique_exact
7381,GGGCCAACTCTACT,1,1,unique_exact
7382,GGGCCAACTTCGTT,1,1,unique_exact
7383,GGGTTATGTTACCT,1,1,unique_exact
7384,GGTACAACTGGTGT,1,1,unique_exact
7385,GGTACATGAAGGCG,2,1,unique_exact
7386,GGTACATGTCCTCG,1,1,unique_exact
7387,GGTACATGTCGTAG,1,1,unique_exact
7388,GGTTTACTACCTAG,1,1,unique_exact
7389,GGTTTACTCGACAT,1,1,unique_exact
7390,GTAACGTGAGAGAT,1,1,unique_exact
7391,GTAATAACCATGGT,1,1,unique_exact
7392,GTACGAACCTTATC,2,1,unique_exact
7393,GTACGTGATCGCCT,1,1,unique_exact
7394,GTAGCATGACCAGT,1,1,unique_exact
7395,GTAGCATGACTCTT,1,1,unique_exact
7396,GTAGCCCTAAAAGC,1,1,unique_exact
7397,GTAGTCGATCCGAA,1,1,unique_exact
7398,GTATGGTGACACGT,1,1,unique_exact
7399,GTATGGTGGGTAGG,1,1,unique_exact
7400,GTATTCACCTGTGA,1,1,unique_exact
7401,GTCAACGATCTCGC,1,1,unique_exact
7402,GTCACAGACTCAGA,1,1,unique_exact
7403,GTCACAGATGGTAC,2,1,unique_exact
7404,GTCCAAGATCCTCG,1,1,unique_exact
7405,GTGAGGGAAGCATC,1,1,unique_exact
7406,GTGATCGAAGTAGA,1,1,unique_exact
7407,GTGATTCTAACCGT,1,1,unique_exact
7408,GTGGATTGACACAC,1,1,unique_exact
7409,GTGGATTGATGCTG,1,1,unique_exact
7410,GTGTACGACCAAGT,1,1,unique_exact
7411,GTGTGATGGACAGG,1,1,unique_exact
7412,GTTAACCTTGTCCC,1,1,unique_exact
7413,GTTATGCTAAGAAC,2,1,unique_exact
7414,GTTGATCTAGGAGC-1,0,0,no_barcode_candidate
7415,GTTTAAGAGGGATG,1,1,unique_exact
7416,TAAACAACACACGT,1,1,unique_exact
7417,TAAAGACTTCGCAA,1,1,unique_exact
7418,TAAGCGTGCCTAAG,1,1,unique_exact
7419,TAAGCTCTGAATAG,1,1,unique_exact
7420,TAAGCTCTGGCATT,1,1,unique_exact
7421,TAAGTAACGCCTTC,1,1,unique_exact
7422,TAATCGCTCTTGTT,1,1,unique_exact
7423,TACCGAGAGACAGG,2,1,unique_exact
7424,TACCGAGAGTTTCT,1,1,unique_exact
7425,TACGAGACCCTTCG,1,1,unique_exact
7426,TACGAGACGTTGAC,1,1,unique_exact
7427,TACGATCTCTCTTA,1,1,unique_exact
7428,TACGCGCTTATTCC,2,1,unique_exact
7429,TAGAATTGGACTAC,1,1,unique_exact
7430,TAGAGAGACAAAGA,1,1,unique_exact
7431,TAGAGCACCTCATT,1,1,unique_exact
7432,TAGCCCACTGAGGG,1,1,unique_exact
7433,TAGTAAACCCCTCA,1,1,unique_exact
7434,TAGTAATGAAGGGC,1,1,unique_exact
7435,TAGTACCTAGTTCG,2,1,unique_exact
7436,TAGTCTTGAAAGTG,1,1,unique_exact
7437,TAGTGGTGGACACT,1,1,unique_exact
7438,TATAAGACGTTGTG,1,1,unique_exact
7439,TATAAGTGGACACT,1,1,unique_exact
7440,TATAAGTGGGTCTA,1,1,unique_exact
7441,TATACAGACTTAGG,1,1,unique_exact
7442,TATAGATGTCGCCT,1,1,unique_exact
7443,TATCAGCTGTGCTA,1,1,unique_exact
7444,TATCCAACAGCCAT,2,1,unique_exact
7445,TATCCAACTTGACG,1,1,unique_exact
7446,TATCTTCTACAGTC,2,1,unique_exact
7447,TATGCGGATGCCTC,1,1,unique_exact
7448,TATGGGACCTGAGT,1,1,unique_exact
7449,TATGGGACGTTGCA,1,1,unique_exact
7450,TATTTCCTGATAGA,1,1,unique_exact
7451,TCACCGTGAAGAGT,1,1,unique_exact
7452,TCACCGTGTTCCAT,1,1,unique_exact
7453,TCACTATGGTCGTA,2,1,unique_exact
7454,TCAGTTACTTCCCG,1,1,unique_exact
7455,TCATCAACTTGACG,1,1,unique_exact
7456,TCATCATGGGAACG,1,1,unique_exact
7457,TCATGTACACGGGA,1,1,unique_exact
7458,TCATTCGAATCGGT,1,1,unique_exact
7459,TCATTGACGCTAAC,1,1,unique_exact
7460,TCCAGAGACATGAC,2,1,unique_exact
7461,TCCATAACACCACA,1,1,unique_exact
7462,TCCCTACTGTTGTG,1,1,unique_exact
7463,TCCTAAACGGAGTG,1,1,unique_exact
7464,TCCTACCTTCTCGC,2,1,unique_exact
7465,TCGAATCTGCGAAG,1,1,unique_exact
7466,TCGACGCTCTTGGA,1,1,unique_exact
7467,TCGATTTGGGTATC,1,1,unique_exact
7468,TCGCACTGGGGTGA,1,1,unique_exact
7469,TCGCAGCTGTGAGG,1,1,unique_exact
7470,TCGGACCTAACGTC,1,1,unique_exact
7471,TCGTGAGAATTCGG,1,1,unique_exact
7472,TCGTGAGATGTCAG,1,1,unique_exact
7473,TCGTTATGCTAGCA,1,1,unique_exact
7474,TCTCTAGACGTTGA,1,1,unique_exact
7475,TCTTACGAACCCTC,2,1,unique_exact
7476,TCTTACGATCTAGG,1,1,unique_exact
7477,TCTTCAGATGCCCT,1,1,unique_exact
7478,TCTTGATGATTGGC,1,1,unique_exact
7479,TGAACCGATTGCTT,1,1,unique_exact
7480,TGACCAGATCCTCG,1,1,unique_exact
7481,TGAGACACTTAGGC,2,1,unique_exact
7482,TGAGCTGATGGTAC,1,1,unique_exact
7483,TGAGTCGAACTGGT,1,1,unique_exact
7484,TGAGTGACTCTTTG,1,1,unique_exact
7485,TGATAAACGTAAGA,1,1,unique_exact
7486,TGATCACTTACTGG,1,1,unique_exact
7487,TGCAACGACGGGAA,1,1,unique_exact
7488,TGCAAGACGTACAC,1,1,unique_exact
7489,TGCAATCTTCGCTC,2,1,unique_exact
7490,TGCCACTGGAATCC,1,1,unique_exact
7491,TGCCCAACCTTGGA,3,1,unique_exact
7492,TGCGAAACTCTCGC,1,1,unique_exact
7493,TGCTATACTGCAGT,1,1,unique_exact
7494,TGGAAAGACGTACA,1,1,unique_exact
7495,TGGATCGACCTTGC,1,1,unique_exact
7496,TGGATCGATCCTTA,1,1,unique_exact
7497,TGGATGACATCGTG,1,1,unique_exact
7498,TGGCAATGAGTGTC,1,1,unique_exact
7499,TGGTAGTGGGACGA,1,1,unique_exact
7500,TGGTATCTAGTACC,2,1,unique_exact
7501,TGTAAAACGCTGTA,1,1,unique_exact
7502,TGTAACCTTTGGCA,1,1,unique_exact
7503,TGTAACCTTTTCTG,1,1,unique_exact
7504,TGTAATGAAACCGT,1,1,unique_exact
7505,TGTATGCTACTCAG,2,1,unique_exact
7506,TGTCAGGAGACTAC,1,1,unique_exact
7507,TGTGACGAACACCA,1,1,unique_exact
7508,TGTGAGTGTGCACA,1,1,unique_exact
7509,TGTGGATGCTGCTC,1,1,unique_exact
7510,TTAACCACCTTGCC,2,1,unique_exact
7511,TTACCATGTGACCA,1,1,unique_exact
7512,TTAGAATGGCGATT,1,1,unique_exact
7513,TTAGCTACTACTGG,1,1,unique_exact
7514,TTAGTCACATTCCT,1,1,unique_exact
7515,TTAGTCTGATTCTC,1,1,unique_exact
7516,TTATGCACCTCGCT,1,1,unique_exact
7517,TTATGGCTCGTTGA,2,1,unique_exact
7518,TTCAAAGAGGTTTG,1,1,unique_exact
7519,TTCAGTACGTGCAT,1,1,unique_exact
7520,TTCTGATGACGACT,1,1,unique_exact
7521,TTGACACTCTTCTA,1,1,unique_exact
7522,TTGGAGACGTCTAG,1,1,unique_exact
7523,TTGGAGACTTGCGA,1,1,unique_exact
7524,TTGGAGTGGGTCAT-1,0,0,no_barcode_candidate
7525,TTGGGAACCTGGTA,1,1,unique_exact
7526,TTGGTACTAACAGA,1,1,unique_exact
7527,TTTAGCTGAGTTCG,1,1,unique_exact
7528,TTTAGCTGTCCCAC,1,1,unique_exact
7529,TTTAGGCTGTTCAG,2,1,unique_exact
7530,TTTCCAGAAGGCGA,1,1,unique_exact
7531,TTTCTACTCGGGAA,1,1,unique_exact
7532,TTTGCATGTAAAGG,1,1,unique_exact
7533,AAACATACTAAGCC,1,1,unique_exact
7534,AAACGCTGCGCATA,2,1,unique_exact
7535,AAACTTGAGGGAGT,2,1,unique_exact
7536,AAAGCCTGCTATTC,1,1,unique_exact
7537,AAATCTGATTGGCA,1,1,unique_exact
7538,AACAAACTGTGTCA,1,1,unique_exact
7539,AACACTCTCGTCTC,1,1,unique_exact
7540,AACATTGAAGAGGC,1,1,unique_exact
7541,AACCGCCTTACAGC,1,1,unique_exact
7542,AACCTTTGTTCCGC,1,1,unique_exact
7543,AACGCCCTAAGCAA,1,1,unique_exact
7544,AACGCCCTTGCCCT,3,1,unique_exact
7545,AACGTGTGTGCCCT,1,1,unique_exact
7546,AACTCACTCTATGG,2,1,unique_exact
7547,AACTGTCTTACAGC,1,1,unique_exact
7548,AACTGTCTTTCCGC,1,1,unique_exact
7549,AAGCCAACACGCTA,1,1,unique_exact
7550,AAGCCAACCACTAG,1,1,unique_exact
7551,AAGGTCTGTTGTGG,1,1,unique_exact
7552,AAGGTGCTAGCAAA,1,1,unique_exact
7553,AAGTCTCTCAGATC,1,1,unique_exact
7554,AATAAGCTCCGCTT,1,1,unique_exact
7555,AATAGGGACGAGTT,1,1,unique_exact
7556,AATATCGATTTGCT,1,1,unique_exact
7557,AATCAAACGAGGCA,1,1,unique_exact
7558,AATCTCACCTTGCC,1,1,unique_exact
7559,AATGGAGAACCACA,1,1,unique_exact
7560,AATGTCCTCAATCG,1,1,unique_exact
7561,AATTCCTGCTGTAG,1,1,unique_exact
7562,AATTCCTGGACGGA,1,1,unique_exact
7563,AATTGTGACGCATA,1,1,unique_exact
7564,AATTGTGAGAGGAC,1,1,unique_exact
7565,ACAACCGAGGACTT,1,1,unique_exact
7566,ACAACCGAGGTCAT,1,1,unique_exact
7567,ACAATCCTCTCCCA,1,1,unique_exact
7568,ACAATCCTCTTCGC,1,1,unique_exact
7569,ACACATCTAGAATG,2,1,unique_exact
7570,ACACCCTGGATGAA,1,1,unique_exact
7571,ACACCCTGGCAAGG,1,1,unique_exact
7572,ACAGTCGACCGAAT,1,1,unique_exact
7573,ACAGTCGATGTTCT,1,1,unique_exact
7574,ACAGTGTGACCCAA,1,1,unique_exact
7575,ACATACCTTATCTC,1,1,unique_exact
7576,ACATCACTCCCACT,1,1,unique_exact
7577,ACATGGTGAGTCAC,3,1,unique_exact
7578,ACCAACGACCTAAG,1,1,unique_exact
7579,ACCACAGAATAAGG,1,1,unique_exact
7580,ACCATTTGGCTTCC,1,1,unique_exact
7581,ACCCGTTGTCGCAA,1,1,unique_exact
7582,ACCTCGTGTCGTTT,2,1,unique_exact
7583,ACCTGGCTGAACTC,1,1,unique_exact
7584,ACGACCCTGACAGG,1,1,unique_exact
7585,ACGAGTACTTGCAG,1,1,unique_exact
7586,ACGCACCTATGTCG,1,1,unique_exact
7587,ACGCCTTGCTGGTA,1,1,unique_exact
7588,ACGGCGTGCTTCTA,1,1,unique_exact
7589,ACGGTATGCGTGAT,1,1,unique_exact
7590,ACGTTGGACCAATG,1,1,unique_exact
7591,ACTCCCGAACGTGT,1,1,unique_exact
7592,ACTCTATGAAGAAC,1,1,unique_exact
7593,ACTCTCCTTTCCAT,1,1,unique_exact
7594,ACTGGCCTTACTGG,1,1,unique_exact
7595,ACTTAGCTTACTTC,1,1,unique_exact
7596,ACTTCAACGCGAGA,1,1,unique_exact
7597,ACTTGGGATAACGC,1,1,unique_exact
7598,ACTTGTACCTCTTA,1,1,unique_exact
7599,AGAAACGAAGTGCT,1,1,unique_exact
7600,AGAAAGTGGTCTTT,1,1,unique_exact
7601,AGAAAGTGTCGCTC,1,1,unique_exact
7602,AGAACGCTAGTACC,1,1,unique_exact
7603,AGAACGCTGACGGA,1,1,unique_exact
7604,AGACCTGACCTCCA,1,1,unique_exact
7605,AGACTGACAGAGGC,1,1,unique_exact
7606,AGAGATGAATCACG,1,1,unique_exact
7607,AGAGATGAGAGGTG,1,1,unique_exact
7608,AGAGCGGATGATGC,1,1,unique_exact
7609,AGAGTCTGGAATAG,1,1,unique_exact
7610,AGATTAACCGAACT,1,1,unique_exact
7611,AGCCGGTGCTGCAA,1,1,unique_exact
7612,AGCGATACATCGAC,1,1,unique_exact
7613,AGCGCCGAGAGGTG,1,1,unique_exact
7614,AGCGTAACTGAACC,1,1,unique_exact
7615,AGCTCGCTGATGAA,1,1,unique_exact
7616,AGGAACCTATTGGC,1,1,unique_exact
7617,AGGAATGATCTCTA,1,1,unique_exact
7618,AGGATAGATCACCC,1,1,unique_exact
7619,AGGCAACTAGTGTC,1,1,unique_exact
7620,AGGCAACTTCCAGA,1,1,unique_exact
7621,AGGTACACCCCGTT,1,1,unique_exact
7622,AGGTACTGTATTCC,1,1,unique_exact
7623,AGGTCATGCTGATG,1,1,unique_exact
7624,AGGTCTGAATGTGC,1,1,unique_exact
7625,AGGTGTTGGGAGGT,1,1,unique_exact
7626,AGTAATACTCTTAC,1,1,unique_exact
7627,AGTACGTGGGCGAA,1,1,unique_exact
7628,AGTAGAGAATCTTC,1,1,unique_exact
7629,AGTCCAGACCTTGC,1,1,unique_exact
7630,AGTTAAACACGCTA,1,1,unique_exact
7631,AGTTAAACAGCACT,1,1,unique_exact
7632,AGTTAAACAGCCAT,1,1,unique_exact
7633,AGTTAAACCGGGAA,1,1,unique_exact
7634,AGTTCTACACGACT,1,1,unique_exact
7635,AGTTTCACTCTTCA,1,1,unique_exact
7636,AGTTTGCTGCAGTT,1,1,unique_exact
7637,ATAAGTACTCTATC,1,1,unique_exact
7638,ATAGATACTGGAGG,1,1,unique_exact
7639,ATAGATTGACCTTT,1,1,unique_exact
7640,ATAGCGTGCCCGTT,1,1,unique_exact
7641,ATAGCGTGTAAGCC,1,1,unique_exact
7642,ATAGGAGAAACGTC,1,1,unique_exact
7643,ATAGTTGATAAGGA,1,1,unique_exact
7644,ATATGAACGGACAG,1,1,unique_exact
7645,ATATGCCTCTTGGA,1,1,unique_exact
7646,ATCACTTGTGCTGA,1,1,unique_exact
7647,ATCAGGTGGGTGAG,1,1,unique_exact
7648,ATCCAGGAATCACG,2,1,unique_exact
7649,ATCCATACTAAGCC,1,1,unique_exact
7650,ATCGACGATTGGTG,1,1,unique_exact
7651,ATCGGAACGACAAA,1,1,unique_exact
7652,ATCTGTTGCCCTTG,1,1,unique_exact
7653,ATCTGTTGCCTTAT,1,1,unique_exact
7654,ATGAAGGAAGGAGC,1,1,unique_exact
7655,ATGAAGGACTCCCA,1,1,unique_exact
7656,ATGAAGGATCTAGG,1,1,unique_exact
7657,ATGAGAGAACGTTG,1,1,unique_exact
7658,ATGAGAGAGTTCAG,1,1,unique_exact
7659,ATGATATGATGTGC,1,1,unique_exact
7660,ATGCGATGCCTATT,1,1,unique_exact
7661,ATGCTTTGTTGTCT,3,1,unique_exact
7662,ATGTAAACCTATTC,1,1,unique_exact
7663,ATGTTAGAGGAGCA,1,1,unique_exact
7664,ATGTTAGAGGGACA,1,1,unique_exact
7665,ATTAAGACCGACTA,1,1,unique_exact
7666,ATTACCACAGAAGT,1,1,unique_exact
7667,ATTCTGACGATACC,1,1,unique_exact
7668,ATTGCTTGTAAGCC,1,1,unique_exact
7669,ATTGGTCTTCGTTT,1,1,unique_exact
7670,ATTGTCTGTCCAGA,1,1,unique_exact
7671,ATTTCCGAACCAGT,1,1,unique_exact
7672,ATTTCGTGGAAACA,2,1,unique_exact
7673,ATTTGCACGACGAG,1,1,unique_exact
7674,ATTTGCACGGTGAG,1,1,unique_exact
7675,CAAATTGATGATGC,1,1,unique_exact
7676,CAACAGACGGTTAC,1,1,unique_exact
7677,CAACGAACATGTCG,1,1,unique_exact
7678,CAAGCTGACTTACT,1,1,unique_exact
7679,CAAGTCGACTGAAC,1,1,unique_exact
7680,CAATATGATGGAGG,1,1,unique_exact
7681,CACAGCCTAGCACT,1,1,unique_exact
7682,CACATACTGTCAAC,1,1,unique_exact
7683,CACCGGGACCACAA,1,1,unique_exact
7684,CACCGTACGTCTGA,1,1,unique_exact
7685,CACGAAACTTGCAG,1,1,unique_exact
7686,CACTAACTCTCCAC,1,1,unique_exact
7687,CACTAGGACCTATT,1,1,unique_exact
7688,CACTATACCTTACT,1,1,unique_exact
7689,CACTCTCTAGTACC,2,1,unique_exact
7690,CACTCTCTGATACC,1,1,unique_exact
7691,CACTGAGATCACGA,1,1,unique_exact
7692,CACTTTGAGAATCC,1,1,unique_exact
7693,CAGATGACGCTACA,1,1,unique_exact
7694,CAGCACCTTAAGCC,1,1,unique_exact
7695,CAGCATGATTGACG,1,1,unique_exact
7696,CAGGGCACTCTACT,1,1,unique_exact
7697,CAGTGATGCGTGAT,1,1,unique_exact
7698,CAGTTGGATTCTAC,1,1,unique_exact
7699,CAGTTTACGAATCC,1,1,unique_exact
7700,CATAAAACCTGTGA,1,1,unique_exact
7701,CATAAATGCGTGAT,1,1,unique_exact
7702,CATACTACACTACG,1,1,unique_exact
7703,CATCAGGAGTTGCA,1,1,unique_exact
7704,CATCTCCTGTATGC,1,1,unique_exact
7705,CATTGTTGGCTATG,1,1,unique_exact
7706,CCAAAGTGTCGCCT,1,1,unique_exact
7707,CCAACCTGCACTCC,1,1,unique_exact
7708,CCAAGATGTGTCCC,1,1,unique_exact
7709,CCACCATGTGTGAC,1,1,unique_exact
7710,CCACGGGACCTTCG,1,1,unique_exact
7711,CCACTGTGTAGTCG,1,1,unique_exact
7712,CCAGACCTCCTGAA,1,1,unique_exact
7713,CCAGCACTCCACAA,1,1,unique_exact
7714,CCAGTCACCTCCCA-1,0,0,no_barcode_candidate
7715,CCAGTCTGACACAC,1,1,unique_exact
7716,CCATATACGAGCAG,1,1,unique_exact
7717,CCCAAAGACTCCAC,1,1,unique_exact
7718,CCCAACTGCCTGTC,1,1,unique_exact
7719,CCCAACTGCGCCTT,1,1,unique_exact
7720,CCCAACTGTTGGCA-1,0,0,no_barcode_candidate
7721,CCCACATGGGTTAC,1,1,unique_exact
7722,CCCAGACTGGTCTA,1,1,unique_exact
7723,CCCAGTTGACGGTT,1,1,unique_exact
7724,CCCATGTGTTGAGC,1,1,unique_exact
7725,CCCTACGATGCTTT-1,0,0,no_barcode_candidate
7726,CCCTAGTGTGAGCT,1,1,unique_exact
7727,CCCTGATGCCCACT,1,1,unique_exact
7728,CCCTTACTACGGTT,1,1,unique_exact
7729,CCGCGAGACAACCA,1,1,unique_exact
7730,CCGGTACTGGTGTT,1,1,unique_exact
7731,CCTAAACTAGCAAA,1,1,unique_exact
7732,CCTATAACTGTAGC-1,0,0,no_barcode_candidate
7733,CCTCATCTCCGTAA,2,1,unique_exact
7734,CCTGCAACAAAGTG,1,1,unique_exact
7735,CCTGCAACTTGCTT,2,1,unique_exact
7736,CCTGGACTCTTTAC,1,1,unique_exact
7737,CCTTAATGATGCCA,1,1,unique_exact
7738,CGAACATGATCGGT,1,1,unique_exact
7739,CGAACATGTGGTGT,1,1,unique_exact
7740,CGACAAACAGCTAC,2,1,unique_exact
7741,CGACCTACCTGTGA,2,1,unique_exact
7742,CGACGTCTAGCGTT,1,1,unique_exact
7743,CGACTCACCTAGAC,1,1,unique_exact
7744,CGAGTATGGGTAGG,1,1,unique_exact
7745,CGAGTATGTCTCAT,1,1,unique_exact
7746,CGATAGACCGCAAT,3,1,unique_exact
7747,CGATAGACGATGAA,1,1,unique_exact
7748,CGATCAGATTCTGT,1,1,unique_exact
7749,CGCACGGATTCCCG,1,1,unique_exact
7750,CGCAGGACTGTGAC,1,1,unique_exact
7751,CGCAGGTGTTACTC,1,1,unique_exact
7752,CGCCATACACGTAC,1,1,unique_exact
7753,CGCTACACTAAGCC,2,1,unique_exact
7754,CGGCATCTGTGTAC,1,1,unique_exact
7755,CGGCGAACACCATG,1,1,unique_exact
7756,CGGCGAACTATTCC,1,1,unique_exact
7757,CGGGCATGTGTGCA,1,1,unique_exact
7758,CGTCGACTTTCTGT,1,1,unique_exact
7759,CGTGAATGATCAGC,1,1,unique_exact
7760,CGTGATGACACTGA-1,0,0,no_barcode_candidate
7761,CGTGTAGAGAGATA,1,1,unique_exact
7762,CGTGTAGAGAGGTG,1,1,unique_exact
7763,CGTTAGGAGTGTTG,1,1,unique_exact
7764,CGTTAGGATCAGAC,1,1,unique_exact
7765,CTAATAGAAGCATC,1,1,unique_exact
7766,CTAATAGACCGAAT,2,1,unique_exact
7767,CTAATGCTTTATCC,1,1,unique_exact
7768,CTACCTCTCCGTAA,1,1,unique_exact
7769,CTACTATGCACACA,1,1,unique_exact
7770,CTACTCCTTTCGCC,1,1,unique_exact
7771,CTAGTTTGATGGTC,1,1,unique_exact
7772,CTATAAGATACTGG,1,1,unique_exact
7773,CTATACTGGTTCTT,1,1,unique_exact
7774,CTATACTGTCGACA,1,1,unique_exact
7775,CTATGACTGGATTC,2,1,unique_exact
7776,CTCAGCACTGGAAA,1,1,unique_exact
7777,CTCAGCTGGTGTAC,1,1,unique_exact
7778,CTCCACGATAGTCG,1,1,unique_exact
7779,CTCGAAGACTCATT,1,1,unique_exact
7780,CTCGACTGGAATCC,1,1,unique_exact
7781,CTCGACTGTAGAAG,1,1,unique_exact
7782,CTGAAGACCAGTCA,1,1,unique_exact
7783,CTGATACTAAGGGC,1,1,unique_exact
7784,CTGGATGACCTCCA,1,1,unique_exact
7785,CTGGCACTGTCCTC,1,1,unique_exact
7786,CTGTGAGATCAAGC,2,1,unique_exact
7787,CTTAAAGACCTTGC,1,1,unique_exact
7788,CTTACAACAACCTG,1,1,unique_exact
7789,CTTACATGTAAGGA,1,1,unique_exact
7790,CTTACTGAAGCGTT,1,1,unique_exact
7791,CTTATCGACTTGCC,2,1,unique_exact
7792,CTTCATGAGTTGTG,1,1,unique_exact
7793,CTTCATGATGCCCT,1,1,unique_exact
7794,CTTTAGACTTGCTT,1,1,unique_exact
7795,GAAACAGAATTCCT,1,1,unique_exact
7796,GAAAGCCTTTCTAC,1,1,unique_exact
7797,GAACAGCTTTCCAT,1,1,unique_exact
7798,GAACGGGAATGCCA,2,1,unique_exact
7799,GAACGGGACCTCGT,1,1,unique_exact
7800,GAACGTTGACGACT,1,1,unique_exact
7801,GAAGCGGACTACCC,1,1,unique_exact
7802,GAAGTGCTGGGTGA,1,1,unique_exact
7803,GAATGCACGGAGTG,1,1,unique_exact
7804,GAATGGCTGCCAAT,1,1,unique_exact
7805,GACACTGACCTATT,1,1,unique_exact
7806,GACCCTACATCTCT,1,1,unique_exact
7807,GACGATTGATCAGC-1,0,0,no_barcode_candidate
7808,GACGGCACAACCAC,1,1,unique_exact
7809,GAGATAGACACAAC,2,1,unique_exact
7810,GAGCAGGATTTCTG,1,1,unique_exact
7811,GAGCATACAAGCCT,2,1,unique_exact
7812,GAGCGAGAAAACGA,1,1,unique_exact
7813,GAGCGAGATACTTC,1,1,unique_exact
7814,GAGCGCACACGTTG,1,1,unique_exact
7815,GAGCGCACGTCACA,2,1,unique_exact
7816,GAGCTCCTCGCATA,2,1,unique_exact
7817,GAGGGAACAGCCTA,1,1,unique_exact
7818,GAGGTTACCTCATT,1,1,unique_exact
7819,GAGGTTACTCTCTA,1,1,unique_exact
7820,GAGTACACTCCTCG,1,1,unique_exact
7821,GAGTGGGAATAAGG,1,1,unique_exact
7822,GAGTGGGATGTTCT,1,1,unique_exact
7823,GAGTGTTGACTGTG,1,1,unique_exact
7824,GAGTTGTGCTACGA,1,1,unique_exact
7825,GATACTCTCGTGAT,1,1,unique_exact
7826,GATACTCTTAAGGA,1,1,unique_exact
7827,GATATCCTCTGTTT,1,1,unique_exact
7828,GATCATCTATCTCT,1,1,unique_exact
7829,GATCGAACGCCTTC,1,1,unique_exact
7830,GATCGATGGCTCCT,1,1,unique_exact
7831,GATGCAACGCATCA,1,1,unique_exact
7832,GATGCATGCCGAAT,1,1,unique_exact
7833,GATTCTACGAGGTG,1,1,unique_exact
7834,GATTCTTGACCCAA,1,1,unique_exact
7835,GCACAATGAGTAGA,1,1,unique_exact
7836,GCACAATGCTAGCA,1,1,unique_exact
7837,GCACACCTACCAAC,2,1,unique_exact
7838,GCACGGTGTCTTCA,1,1,unique_exact
7839,GCACTAGAGGTCTA,1,1,unique_exact
7840,GCAGCTCTTAAGGA,1,1,unique_exact
7841,GCAGGCACTACGAC,1,1,unique_exact
7842,GCAGTTGAACCTTT,2,1,unique_exact
7843,GCCACGGAGCATAC,1,1,unique_exact
7844,GCCGTACTGGAACG,1,1,unique_exact
7845,GCCTACACCCCTCA,1,1,unique_exact
7846,GCCTCATGCCTCCA,1,1,unique_exact
7847,GCGACTCTGGACAG,2,1,unique_exact
7848,GCGGACTGAAGCAA,1,1,unique_exact
7849,GCGTAAACTTCATC,1,1,unique_exact
7850,GCTACAGAGTTGGT,1,1,unique_exact
7851,GCTACCTGACCGAT,1,1,unique_exact
7852,GCTACCTGTTGGTG,1,1,unique_exact
7853,GCTAGATGCGACTA,2,1,unique_exact
7854,GCTCAGCTCATGAC,1,1,unique_exact
7855,GGAACTTGCTCATT,1,1,unique_exact
7856,GGAAGGTGTATGGC,1,1,unique_exact
7857,GGACTATGTCGCAA,1,1,unique_exact
7858,GGAGACGAGCGGAA,1,1,unique_exact
7859,GGAGCAGAGTTGAC,1,1,unique_exact
7860,GGATGTTGGGTTTG,3,1,unique_exact
7861,GGCCACGATAGCGT,1,1,unique_exact
7862,GGCCCAGATGCTGA,1,1,unique_exact
7863,GGCCGAACGGTATC,1,1,unique_exact
7864,GGCTAATGACTACG,1,1,unique_exact
7865,GGGACCACTCTCAT,1,1,unique_exact
7866,GGGCACACCTCCAC,1,1,unique_exact
7867,GGGCAGCTAAAGCA,1,1,unique_exact
7868,GGGCCATGGGTGGA,1,1,unique_exact
7869,GGTACAACTGTCTT,1,1,unique_exact
7870,GGTACATGGGTTTG,1,1,unique_exact
7871,GGTATCGAGTTAGC,1,1,unique_exact
7872,GGTGGAGAGGTTCA,1,1,unique_exact
7873,GGTTGAACTTGTGG,1,1,unique_exact
7874,GTAACGTGACCTGA,1,1,unique_exact
7875,GTAATAACAAGGGC,1,1,unique_exact
7876,GTACAGTGGTACGT,1,1,unique_exact
7877,GTACCCTGAACTGC,1,1,unique_exact
7878,GTACTTTGACTCTT,1,1,unique_exact
7879,GTCACAGAGGACGA,1,1,unique_exact
7880,GTCACAGATTCAGG,1,1,unique_exact
7881,GTGACAACCGTAGT,1,1,unique_exact
7882,GTGACAACTTACCT,1,1,unique_exact
7883,GTGACCCTACTCAG,1,1,unique_exact
7884,GTGACCCTGACGTT,1,1,unique_exact
7885,GTGACCCTTCTTTG,1,1,unique_exact
7886,GTGAGGGAACCACA,1,1,unique_exact
7887,GTGATCGATTGCAG,1,1,unique_exact
7888,GTGATGACAGCAAA,1,1,unique_exact
7889,GTGATGACGAATGA,1,1,unique_exact
7890,GTGTCAGAGGTCTA,1,1,unique_exact
7891,GTTAAATGTGGATC,2,1,unique_exact
7892,GTTAAATGTGTCGA,1,1,unique_exact
7893,GTTATAGACGAACT,1,1,unique_exact
7894,GTTATGCTCGTAGT,1,1,unique_exact
7895,GTTCAACTTGGCAT,1,1,unique_exact
7896,GTTCATACGCTCCT,1,1,unique_exact
7897,GTTCATACTCCAAG,1,1,unique_exact
7898,GTTGACGACTTACT,1,1,unique_exact
7899,GTTGTACTGAGACG,1,1,unique_exact
7900,GTTTAAGACCATAG,1,1,unique_exact
7901,TAAATGTGGACTAC,1,1,unique_exact
7902,TAAATGTGGTACGT,1,1,unique_exact
7903,TAACACCTGACGAG,1,1,unique_exact
7904,TAACTCACAAGGTA,1,1,unique_exact
7905,TAAGATTGTGTAGC,1,1,unique_exact
7906,TAAGGCTGAGCAAA,1,1,unique_exact
7907,TAATCGCTAAGAAC,1,1,unique_exact
7908,TAATGAACGCCTTC,1,1,unique_exact
7909,TAATGCCTCTTTAC,1,1,unique_exact
7910,TAATGCCTGATGAA,1,1,unique_exact
7911,TACACACTTACGAC,1,1,unique_exact
7912,TACCATTGCCTCAC,1,1,unique_exact
7913,TACCGAGAAAGATG,1,1,unique_exact
7914,TACCGAGAGAATCC,1,1,unique_exact
7915,TACCGCTGTCTCCG,1,1,unique_exact
7916,TACGACGAGTTCTT,1,1,unique_exact
7917,TACGCAGATGTGGT,1,1,unique_exact
7918,TACGGAACGTTGAC,1,1,unique_exact
7919,TACGGCCTGAAAGT,1,1,unique_exact
7920,TACGTACTTACTTC,1,1,unique_exact
7921,TACGTACTTTGTCT,1,1,unique_exact
7922,TACGTTACTACTTC,1,1,unique_exact
7923,TACTACTGTCTCCG,1,1,unique_exact
7924,TACTCTGACTCCAC,1,1,unique_exact
7925,TACTGGGAACAGCT,1,1,unique_exact
7926,TAGAATACATTCGG,1,1,unique_exact
7927,TAGACGTGTCAAGC,1,1,unique_exact
7928,TAGCCCTGCCACAA,1,1,unique_exact
7929,TAGCCCTGTCCGTC,1,1,unique_exact
7930,TAGCCCTGTGACCA,1,1,unique_exact
7931,TAGGGACTGTCGTA,1,1,unique_exact
7932,TAGGGACTTCACCC,1,1,unique_exact
7933,TAGTAAACAACGGG,1,1,unique_exact
7934,TAGTAAACCATGGT,1,1,unique_exact
7935,TAGTAATGAAACAG,1,1,unique_exact
7936,TAGTAATGGAGGGT,1,1,unique_exact
7937,TAGTTCACGGTTAC,1,1,unique_exact
7938,TATACCACCGTACA,1,1,unique_exact
7939,TATAGCCTCTCCAC,1,1,unique_exact
7940,TATCCTGATTCCAT,1,1,unique_exact
7941,TATCGTACATCTTC,1,1,unique_exact
7942,TATCGTACCTCAGA,1,1,unique_exact
7943,TATCTCGATACGCA,1,1,unique_exact
7944,TATGGGACGCTAAC,1,1,unique_exact
7945,TATGGGTGAGAGAT,1,1,unique_exact
7946,TATGGTCTCGACAT,1,1,unique_exact
7947,TATGTCACGCGAGA,1,1,unique_exact
7948,TATGTCACTTCCGC,1,1,unique_exact
7949,TATTGCTGACACCA,1,1,unique_exact
7950,TCAGACGAACCTTT,1,1,unique_exact
7951,TCAGAGACCGTTAG,1,1,unique_exact
7952,TCAGCAGAACGGAG,1,1,unique_exact
7953,TCAGCAGACTTAGG,1,1,unique_exact
7954,TCAGCGCTTGCCTC,1,1,unique_exact
7955,TCATCATGTACGAC,1,1,unique_exact
7956,TCATCCCTGTTTGG,2,1,unique_exact
7957,TCCACTCTACGTTG,1,1,unique_exact
7958,TCCAGAGATAAAGG,1,1,unique_exact
7959,TCCATAACCTTATC,1,1,unique_exact
7960,TCCCACGATGACCA,1,1,unique_exact
7961,TCCCAGACCCCAAA,2,1,unique_exact
7962,TCCCATCTGACGAG,1,1,unique_exact
7963,TCCGAAGACGTACA,1,1,unique_exact
7964,TCCGAGCTCTCTCG,1,1,unique_exact
7965,TCCGAGCTGTGTCA,1,1,unique_exact
7966,TCCTAAACCAGGAG,1,1,unique_exact
7967,TCCTACCTGTAAAG,1,1,unique_exact
7968,TCGAGCCTGCTATG,1,1,unique_exact
7969,TCGATACTTGGTTG,1,1,unique_exact
7970,TCGCAAGACGAATC,1,1,unique_exact
7971,TCGCAGCTCATGCA,1,1,unique_exact
7972,TCGCCATGAAGCAA,1,1,unique_exact
7973,TCGGTAGAGAGGTG,1,1,unique_exact
7974,TCGTTATGACACTG,1,1,unique_exact
7975,TCTAACTGATAAGG,1,1,unique_exact
7976,TCTAGACTAACGAA,2,1,unique_exact
7977,TGAACCGATCCCAC,1,1,unique_exact
7978,TGAAGCACAGTCTG,1,1,unique_exact
7979,TGACACGACTTGGA,1,1,unique_exact
7980,TGACACGAGATACC,1,1,unique_exact
7981,TGACACGAGTAAGA,1,1,unique_exact
7982,TGAGTCGACCTCGT,1,1,unique_exact
7983,TGAGTCGAGAACTC,1,1,unique_exact
7984,TGATAAACCCTATT,1,1,unique_exact
7985,TGATACCTTGGATC,1,1,unique_exact
7986,TGATCACTTAGCCA,1,1,unique_exact
7987,TGCAAGTGTTTACC,1,1,unique_exact
7988,TGCACAGACGACAT,2,1,unique_exact
7989,TGCATGGAGCTTAG,1,1,unique_exact
7990,TGCCCAACCCAATG,1,1,unique_exact
7991,TGCCCAACTGACAC,1,1,unique_exact
7992,TGCCGACTTTGTGG,1,1,unique_exact
7993,TGCGAAACGTTGTG,1,1,unique_exact
7994,TGCGTAGACTCTCG,1,1,unique_exact
7995,TGCGTAGATGCCAA,1,1,unique_exact
7996,TGCTAGGAAGCATC,1,1,unique_exact
7997,TGCTGAGAGCTGTA,1,1,unique_exact
7998,TGCTGAGATGGAAA,1,1,unique_exact
7999,TGCTGAGATGGTAC,1,1,unique_exact
8000,TGGAAAGAACACTG,1,1,unique_exact
8001,TGGAACTGACCTAG,1,1,unique_exact
8002,TGGACCCTAAGATG,2,1,unique_exact
8003,TGGAGACTTCAGGT,1,1,unique_exact
8004,TGGAGGGACAGAAA,1,1,unique_exact
8005,TGGATGTGCCTTGC,1,1,unique_exact
8006,TGGATTCTAACGGG,1,1,unique_exact
8007,TGGATTCTCTCCCA,1,1,unique_exact
8008,TGGCACCTTTAGGC,1,1,unique_exact
8009,TGGGTATGTTCTGT,1,1,unique_exact
8010,TGGTAGTGGTCGAT,1,1,unique_exact
8011,TGGTAGTGTGATGC,1,1,unique_exact
8012,TGGTCAGAGTTCAG,1,1,unique_exact
8013,TGTAAAACTGCCTC,1,1,unique_exact
8014,TGTAGGTGCTACTT,1,1,unique_exact
8015,TGTATCTGCATGAC,1,1,unique_exact
8016,TGTCAGGATGGGAG,1,1,unique_exact
8017,TGTGACGATCTCAT,1,1,unique_exact
8018,TGTTACACTACGAC,1,1,unique_exact
8019,TGTTACTGTTATCC,1,1,unique_exact
8020,TTACCATGAAACAG,1,1,unique_exact
8021,TTACCATGGACGTT,1,1,unique_exact
8022,TTAGCTACCAGTCA,1,1,unique_exact
8023,TTAGGGTGAACCAC,1,1,unique_exact
8024,TTATCCGATAGAAG,1,1,unique_exact
8025,TTATGGCTAGGTCT,2,1,unique_exact
8026,TTATTCCTACCTAG,1,1,unique_exact
8027,TTCACCCTAACGGG,1,1,unique_exact
8028,TTCACCCTGGTGAG,1,1,unique_exact
8029,TTCCATGATGAGGG,1,1,unique_exact
8030,TTCGAGGACAAGCT,1,1,unique_exact
8031,TTCTCAGAGCGAAG,1,1,unique_exact
8032,TTGAATGACCTTCG,1,1,unique_exact
8033,TTGAATGATTACCT,1,1,unique_exact
8034,TTGATCTGCACAAC,1,1,unique_exact
8035,TTGCTATGTTCTTG,1,1,unique_exact
8036,TTTAGAGATGGTTG,1,1,unique_exact
8037,TTTAGCTGGCAAGG,1,1,unique_exact
8038,TTTATCCTGTTAGC,1,1,unique_exact
8039,TTTCGAACAATCGC,1,1,unique_exact
8040,AAACATTGAGCAAA,1,1,unique_exact
8041,AAACATTGGTAAAG,1,1,unique_exact
8042,AAACCGTGCGAACT,2,1,unique_exact
8043,AAACTTGACAGCTA,1,1,unique_exact
8044,AAAGCAGACGTTGA,1,1,unique_exact
8045,AAAGGCCTTCCTCG,1,1,unique_exact
8046,AAAGTTTGCATTGG,1,1,unique_exact
8047,AAATACTGAGCACT,1,1,unique_exact
8048,AAATACTGGTACCA,1,1,unique_exact
8049,AAATCTGATGGGAG,1,1,unique_exact
8050,AAATGGGACAAAGA,1,1,unique_exact
8051,AAATGTTGTTTCTG,1,1,unique_exact
8052,AAATTCGATATTCC,1,1,unique_exact
8053,AAATTGACGGATCT,1,1,unique_exact
8054,AACAATACAGTTCG,1,1,unique_exact
8055,AACACTCTCACTCC,1,1,unique_exact
8056,AACACTCTCATACG,1,1,unique_exact
8057,AACAGAGATTTGGG,1,1,unique_exact
8058,AACATATGGCTATG,1,1,unique_exact
8059,AACATATGGGTACT,1,1,unique_exact
8060,AACATTGAGGTGAG,1,1,unique_exact
8061,AACCCAGACCTTGC,1,1,unique_exact
8062,AACCTACTTTCGCC,1,1,unique_exact
8063,AACCTTACCTCGAA,2,1,unique_exact
8064,AACCTTTGATCGAC,1,1,unique_exact
8065,AACGCAACACGTAC,2,1,unique_exact
8066,AACGCAACGAACTC,2,1,unique_exact
8067,AACGGTTGAAGTGA,1,1,unique_exact
8068,AACGGTTGAGTGCT,1,1,unique_exact
8069,AACGTGTGATTCGG,1,1,unique_exact
8070,AACTACCTAAGCAA,1,1,unique_exact
8071,AACTCACTTAAGGA,1,1,unique_exact
8072,AACTCTTGACGTAC,1,1,unique_exact
8073,AAGACAGATATGGC,1,1,unique_exact
8074,AAGATGGATCTGGA,1,1,unique_exact
8075,AAGCGACTCTCGAA,1,1,unique_exact
8076,AAGCGTACGCATCA,1,1,unique_exact
8077,AAGGCTACGTTACG,1,1,unique_exact
8078,AAGGCTTGCGTCTC,1,1,unique_exact
8079,AAGGCTTGTTTCGT,1,1,unique_exact
8080,AAGGTCACGTTGGT,1,1,unique_exact
8081,AAGGTGCTACCAAC,1,1,unique_exact
8082,AAGGTGCTGAGAGC,1,1,unique_exact
8083,AAGTAACTTGGATC,1,1,unique_exact
8084,AAGTAGGAGTGCAT,1,1,unique_exact
8085,AAGTATACATACCG,1,1,unique_exact
8086,AAGTCTCTCTCCAC,1,1,unique_exact
8087,AAGTCTCTGTTGTG,1,1,unique_exact
8088,AAGTTCCTGCGATT,1,1,unique_exact
8089,AATAACACAGACTC,1,1,unique_exact
8090,AATAAGCTCTCTTA,2,1,unique_exact
8091,AATACTGATTGCAG,1,1,unique_exact
8092,AATATCGACGACAT,1,1,unique_exact
8093,AATCCTTGTGTGCA,1,1,unique_exact
8094,AATCTCTGGTATGC,1,1,unique_exact
8095,AATGAGGAACCAAC,1,1,unique_exact
8096,AATGTAACCCGCTT,1,1,unique_exact
8097,AATGTCCTAGAACA,1,1,unique_exact
8098,AATTACGATTGACG,1,1,unique_exact
8099,AATTCCTGCCAATG,1,1,unique_exact
8100,AATTGTGATCTAGG,1,1,unique_exact
8101,ACAAATTGCGTGTA,1,1,unique_exact
8102,ACAACCGATGGTTG,1,1,unique_exact
8103,ACAAGCACCATCAG,1,1,unique_exact
8104,ACAAGCACGTTCAG,1,1,unique_exact
8105,ACACATCTTGTCGA,1,1,unique_exact
8106,ACAGCAACCGAGAG,1,1,unique_exact
8107,ACAGTGTGAAGATG,1,1,unique_exact
8108,ACAGTTCTCCTACC,1,1,unique_exact
8109,ACAGTTCTTCAGAC,1,1,unique_exact
8110,ACATCACTAGAGTA,2,1,unique_exact
8111,ACATCACTCCATAG,1,1,unique_exact
8112,ACATGGTGCTGGTA,1,1,unique_exact
8113,ACATGGTGGGTGGA,1,1,unique_exact
8114,ACCACAGATTTACC,2,1,unique_exact
8115,ACCCGTACGAATGA,1,1,unique_exact
8116,ACCCTCGATTCATC,1,1,unique_exact
8117,ACCGCGGAATGGTC,2,1,unique_exact
8118,ACCGCGGATGTCGA,1,1,unique_exact
8119,ACCTCCGAGTCACA,1,1,unique_exact
8120,ACCTTTGAACCACA,1,1,unique_exact
8121,ACGAACACGAACCT,1,1,unique_exact
8122,ACGAACACTCCTGC,1,1,unique_exact
8123,ACGAACTGTCCGAA,1,1,unique_exact
8124,ACGAAGCTAAACAG,1,1,unique_exact
8125,ACGAAGCTCAACTG,1,1,unique_exact
8126,ACGACAACTGCTGA,1,1,unique_exact
8127,ACGAGGGAGTCTAG,1,1,unique_exact
8128,ACGAGGGATTTACC,1,1,unique_exact
8129,ACGAGTACCCACCT,1,1,unique_exact
8130,ACGATCGACGGTAT,1,1,unique_exact
8131,ACGATCGATACGAC,1,1,unique_exact
8132,ACGATTCTGCTATG,2,1,unique_exact
8133,ACGATTCTTTGCAG,1,1,unique_exact
8134,ACGCAATGCAGATC,1,1,unique_exact
8135,ACGCAATGGGTGTT,1,1,unique_exact
8136,ACGCCACTCCCAAA,1,1,unique_exact
8137,ACGCCACTCTCGCT,1,1,unique_exact
8138,ACGCCGGAAGAACA,1,1,unique_exact
8139,ACGCCTTGAAGAGT,1,1,unique_exact
8140,ACGCCTTGCGAACT,1,1,unique_exact
8141,ACGCTCACTGGAAA,1,1,unique_exact
8142,ACGCTGCTCTATTC,1,1,unique_exact
8143,ACGGAGGACACCAA,1,1,unique_exact
8144,ACGGATTGATGACC,1,1,unique_exact
8145,ACGGATTGCGTTAG,1,1,unique_exact
8146,ACGGATTGGGTTTG,1,1,unique_exact
8147,ACGGCTCTCGCTAA,1,1,unique_exact
8148,ACGGTATGGGAACG,1,1,unique_exact
8149,ACGGTCCTACCAGT,2,1,unique_exact
8150,ACGGTCCTTTTGGG,1,1,unique_exact
8151,ACGTGATGATTCCT,1,1,unique_exact
8152,ACGTGCCTTTTGCT,1,1,unique_exact
8153,ACGTTACTTGCAGT,1,1,unique_exact
8154,ACGTTTACCTCTAT,1,1,unique_exact
8155,ACGTTTACGGAGGT,1,1,unique_exact
8156,ACGTTTACTTACTC,1,1,unique_exact
8157,ACTAAAACATCGAC,1,1,unique_exact
8158,ACTATCACCTTGTT,1,1,unique_exact
8159,ACTCCCGACCGCTT,1,1,unique_exact
8160,ACTCCTCTCGAGTT,1,1,unique_exact
8161,ACTCTATGAAGCCT,2,1,unique_exact
8162,ACTCTCCTCGAGAG,1,1,unique_exact
8163,ACTGAGACGCAAGG,1,1,unique_exact
8164,ACTGTTACTAGAGA,1,1,unique_exact
8165,ACTTCCCTAGAGGC,1,1,unique_exact
8166,ACTTCCCTCCCACT,1,1,unique_exact
8167,ACTTCCCTTGAGGG,1,1,unique_exact
8168,ACTTTGTGCTCCCA,2,1,unique_exact
8169,AGAAACGAGACTAC,1,1,unique_exact
8170,AGAACAGATGTTCT,2,1,unique_exact
8171,AGAACGCTCTTGGA,1,1,unique_exact
8172,AGAAGATGCCTGTC,1,1,unique_exact
8173,AGAAGATGTTTCAC,2,1,unique_exact
8174,AGAATGGAAGTTCG,1,1,unique_exact
8175,AGACACACGCCTTC,1,1,unique_exact
8176,AGACACACTCTAGG,2,1,unique_exact
8177,AGACCTGACTTCGC,2,1,unique_exact
8178,AGACCTGAGGTTCA,1,1,unique_exact
8179,AGACCTGAGTGTAC,2,1,unique_exact
8180,AGACTCGACGAGTT,1,1,unique_exact
8181,AGAGAAACAGCATC,1,1,unique_exact
8182,AGAGAATGACTGTG,1,1,unique_exact
8183,AGAGAATGCATACG,1,1,unique_exact
8184,AGAGAATGGAAACA,1,1,unique_exact
8185,AGAGCGGATACAGC,1,1,unique_exact
8186,AGAGGTCTTGAGCT,2,1,unique_exact
8187,AGATATTGATTTCC,1,1,unique_exact
8188,AGATCGTGACACGT,1,1,unique_exact
8189,AGATCGTGAGTGCT,1,1,unique_exact
8190,AGATCTCTCTAAGC,1,1,unique_exact
8191,AGATTAACTATCGG,1,1,unique_exact
8192,AGATTCCTTATCTC,1,1,unique_exact
8193,AGCAAGCTGCTGAT,1,1,unique_exact
8194,AGCATTCTGGAGCA,1,1,unique_exact
8195,AGCCAATGTCATTC,2,1,unique_exact
8196,AGCCACCTCCCTCA,1,1,unique_exact
8197,AGCCACCTGTAAAG,1,1,unique_exact
8198,AGCCTCTGTTCGCC,1,1,unique_exact
8199,AGCGAACTTGGAGG,2,1,unique_exact
8200,AGCGATACCCTCCA,1,1,unique_exact
8201,AGCGCTCTAACGGG,1,1,unique_exact
8202,AGCGGCTGGTAGCT,1,1,unique_exact
8203,AGCGTAACACGTAC,1,1,unique_exact
8204,AGCTCGCTACGTGT,1,1,unique_exact
8205,AGCTCGCTTCTGGA,1,1,unique_exact
8206,AGCTGAACTCTGGA,2,1,unique_exact
8207,AGCTGTGACTACCC,1,1,unique_exact
8208,AGCTTACTATTCCT,1,1,unique_exact
8209,AGCTTACTTTCTAC,2,1,unique_exact
8210,AGGAAATGTCTAGG,2,1,unique_exact
8211,AGGAGTCTCCCAAA,1,1,unique_exact
8212,AGGAGTCTCTGTTT,1,1,unique_exact
8213,AGGATGCTTATCGG,1,1,unique_exact
8214,AGGCAACTCCTCAC,1,1,unique_exact
8215,AGGCAACTGGTATC,1,1,unique_exact
8216,AGGCAACTTTACCT,2,1,unique_exact
8217,AGGCAGGAAGCTCA,1,1,unique_exact
8218,AGGGACGAATCGTG,1,1,unique_exact
8219,AGGGACGACACTGA,1,1,unique_exact
8220,AGGGAGTGAGCAAA,1,1,unique_exact
8221,AGGGAGTGCGTGTA,1,1,unique_exact
8222,AGGGCCACTTGTCT,1,1,unique_exact
8223,AGGGCCTGTGTAGC,1,1,unique_exact
8224,AGGTACACGCCAAT,1,1,unique_exact
8225,AGGTACTGTCCCGT,1,1,unique_exact
8226,AGGTGGGAAGGAGC,1,1,unique_exact
8227,AGGTGTTGCCCTAC,1,1,unique_exact
8228,AGGTGTTGCCTTTA,1,1,unique_exact
8229,AGTAAGGACAGCTA,1,1,unique_exact
8230,AGTAAGGATTACCT,1,1,unique_exact
8231,AGTACGTGCGTTGA,3,1,unique_exact
8232,AGTACTCTATACCG,1,1,unique_exact
8233,AGTAGAGAAAGAAC,1,1,unique_exact
8234,AGTAGAGAAAGTGA,1,1,unique_exact
8235,AGTAGAGATTTGTC,1,1,unique_exact
8236,AGTATAACCAAGCT,2,1,unique_exact
8237,AGTCACGATCCTCG,1,1,unique_exact
8238,AGTCGAACAGCCTA,1,1,unique_exact
8239,AGTCTACTGGACAG,1,1,unique_exact
8240,AGTGACTGAAGCCT,1,1,unique_exact
8241,AGTGTTCTCATTCT,1,1,unique_exact
8242,AGTTTCACATGACC,1,1,unique_exact
8243,ATAACAACTATCTC,1,1,unique_exact
8244,ATAACATGGAACTC,1,1,unique_exact
8245,ATAACATGTCCCGT,1,1,unique_exact
8246,ATAACCCTGACGGA,1,1,unique_exact
8247,ATAAGTACGGAAGC,1,1,unique_exact
8248,ATAATCGACGGGAA,1,1,unique_exact
8249,ATAATCGAGAACCT,1,1,unique_exact
8250,ATAATCGAGCCTTC,1,1,unique_exact
8251,ATAATGACGAAGGC,1,1,unique_exact
8252,ATACACCTGCTGAT,1,1,unique_exact
8253,ATACCACTCTCTTA,2,1,unique_exact
8254,ATACGGACACGCAT,1,1,unique_exact
8255,ATACTCTGGCATCA,1,1,unique_exact
8256,ATACTCTGGGCGAA,1,1,unique_exact
8257,ATACTCTGGTGAGG,1,1,unique_exact
8258,ATAGAACTGGTGGA,1,1,unique_exact
8259,ATAGAACTTCGTAG,1,1,unique_exact
8260,ATAGAACTTGACAC,1,1,unique_exact
8261,ATAGATACGTGTAC,1,1,unique_exact
8262,ATAGCCGAACCATG,1,1,unique_exact
8263,ATAGCCGATCAGAC,1,1,unique_exact
8264,ATAGCTCTGTTCTT,2,1,unique_exact
8265,ATAGTCCTGGGAGT,1,1,unique_exact
8266,ATAGTTGATAAGCC,1,1,unique_exact
8267,ATATACGATGCCAA,1,1,unique_exact
8268,ATCACACTCAATCG,1,1,unique_exact
8269,ATCACACTTTGCAG,1,1,unique_exact
8270,ATCACTACCAGTTG,1,1,unique_exact
8271,ATCACTACCGCCTT,1,1,unique_exact
8272,ATCAGGTGTCGCCT,1,1,unique_exact
8273,ATCATGCTGTAGCT,1,1,unique_exact
8274,ATCCCGTGACAGTC,1,1,unique_exact
8275,ATCCCGTGTCACGA,1,1,unique_exact
8276,ATCGACGAAGTGTC,1,1,unique_exact
8277,ATCGAGTGTGCCTC,1,1,unique_exact
8278,ATCGCAGATGCTCC,1,1,unique_exact
8279,ATCGCGCTCATACG,1,1,unique_exact
8280,ATCGGTGAACCATG,1,1,unique_exact
8281,ATCGTTTGGCTCCT,1,1,unique_exact
8282,ATCGTTTGTCGATG,1,1,unique_exact
8283,ATCTACACTTGTCT,1,1,unique_exact
8284,ATCTCAACTCCCGT,1,1,unique_exact
8285,ATCTTGACTTTGGG,1,1,unique_exact
8286,ATGATATGGACGTT,1,1,unique_exact
8287,ATGATATGGGCGAA,1,1,unique_exact
8288,ATGATATGTACTGG,1,1,unique_exact
8289,ATGCACGACTCTTA,1,1,unique_exact
8290,ATGCAGACATCTCT,1,1,unique_exact
8291,ATGCAGTGCCTCAC,1,1,unique_exact
8292,ATGCCAGAACCCAA,1,1,unique_exact
8293,ATGCGATGGCAGTT,1,1,unique_exact
8294,ATGCTTTGTTCTGT,2,1,unique_exact
8295,ATGGACACAGTCGT,1,1,unique_exact
8296,ATGTACCTACCTGA,1,1,unique_exact
8297,ATGTTCACTGCCTC,1,1,unique_exact
8298,ATTAGATGCACCAA,1,1,unique_exact
8299,ATTAGATGTGGCAT,1,1,unique_exact
8300,ATTAGTGATCTTCA,1,1,unique_exact
8301,ATTATGGACTTGTT,1,1,unique_exact
8302,ATTATGGAGAACCT,1,1,unique_exact
8303,ATTATGGATCCCGT,1,1,unique_exact
8304,ATTCAGCTCTGTTT,1,1,unique_exact
8305,ATTCCAACTGGTAC,1,1,unique_exact
8306,ATTCCAACTGTCTT,1,1,unique_exact
8307,ATTCCATGGAATCC,1,1,unique_exact
8308,ATTCTTCTCTAAGC,1,1,unique_exact
8309,ATTCTTCTCTTGGA,1,1,unique_exact
8310,ATTGAATGGCTACA,1,1,unique_exact
8311,ATTGAATGTTGACG,1,1,unique_exact
8312,ATTGCGGACAGTTG,2,1,unique_exact
8313,ATTGCTACGAAGGC,1,1,unique_exact
8314,ATTGTAGAAGATCC,1,1,unique_exact
8315,ATTGTAGACTGTGA,1,1,unique_exact
8316,ATTGTCTGAGAATG,1,1,unique_exact
8317,ATTTCGTGTCCCGT,1,1,unique_exact
8318,CAAAGCTGTCTCGC,1,1,unique_exact
8319,CAAATATGTTCTTG,1,1,unique_exact
8320,CAAATTGACCAGTA,1,1,unique_exact
8321,CAACCGCTGTTCGA,2,1,unique_exact
8322,CAACGTGAGGTTAC,1,1,unique_exact
8323,CAACGTGATGCTCC,1,1,unique_exact
8324,CAACGTGATGGTCA,1,1,unique_exact
8325,CAAGCATGAAAACG,1,1,unique_exact
8326,CAAGCATGATGTGC,1,1,unique_exact
8327,CAAGGACTCAGTTG,1,1,unique_exact
8328,CAAGGACTTGCCCT,1,1,unique_exact
8329,CAAGGACTTGGTCA,1,1,unique_exact
8330,CAAGGTTGGACGAG,1,1,unique_exact
8331,CAAGTCGAAGTAGA,1,1,unique_exact
8332,CAAGTCGACCCGTT,1,1,unique_exact
8333,CAAGTTCTGAACCT,1,1,unique_exact
8334,CAATAAACACTTTC,1,1,unique_exact
8335,CAATATGAAGCGGA,1,1,unique_exact
8336,CAATGGACATGGTC,1,1,unique_exact
8337,CAATTCACCTTCTA,1,1,unique_exact
8338,CAATTCTGTTCACT,1,1,unique_exact
8339,CACAACGAATGTCG,1,1,unique_exact
8340,CACAACGACTCGCT,1,1,unique_exact
8341,CACAATCTTTGTGG,1,1,unique_exact
8342,CACACCTGTGGAGG,1,1,unique_exact
8343,CACAGCCTACGCTA,2,1,unique_exact
8344,CACATACTGGTCTA,1,1,unique_exact
8345,CACCACTGTCGCTC,1,1,unique_exact
8346,CACCTGACCAATCG,1,1,unique_exact
8347,CACGGGACCTATTC,1,1,unique_exact
8348,CACTAGGAGTATGC,1,1,unique_exact
8349,CACTATACACAGCT,2,1,unique_exact
8350,CACTCTCTACGACT,2,1,unique_exact
8351,CACTCTCTGTCTTT,1,1,unique_exact
8352,CACTGAGATGTCGA,1,1,unique_exact
8353,CACTGCACACCTGA,1,1,unique_exact
8354,CACTGCACTTGACG,2,1,unique_exact
8355,CACTTAACCGGTAT,1,1,unique_exact
8356,CACTTATGCGCAAT,1,1,unique_exact
8357,CAGAAGCTGAAAGT,1,1,unique_exact
8358,CAGACATGCCTATT,1,1,unique_exact
8359,CAGACTGATGCATG,1,1,unique_exact
8360,CAGAGGGAGGAAGC,1,1,unique_exact
8361,CAGATCGATCTTTG,1,1,unique_exact
8362,CAGATGACACGTGT,2,1,unique_exact
8363,CAGCATGAACACAC,1,1,unique_exact
8364,CAGCCTACCATGCA,1,1,unique_exact
8365,CAGCGTCTCGTCTC,1,1,unique_exact
8366,CAGCGTCTTTACCT,1,1,unique_exact
8367,CAGCTAGATCCAAG,1,1,unique_exact
8368,CAGGCCGAACAGTC,1,1,unique_exact
8369,CAGGTATGAAGTAG,2,1,unique_exact
8370,CAGGTATGAGCATC,1,1,unique_exact
8371,CAGTGATGCCAAGT,1,1,unique_exact
8372,CAGTGATGCCTTCG,1,1,unique_exact
8373,CAGTGATGTTGCAG,1,1,unique_exact
8374,CAGTTACTAGCGGA,1,1,unique_exact
8375,CATAAAACTTGTCT,1,1,unique_exact
8376,CATAAAACTTGTGG,1,1,unique_exact
8377,CATAACCTGGGAGT,1,1,unique_exact
8378,CATACTACAGCTCA,1,1,unique_exact
8379,CATACTTGAGAGTA,1,1,unique_exact
8380,CATCAACTAGTACC,1,1,unique_exact
8381,CATCAGGATCCAGA,1,1,unique_exact
8382,CATCATACTGAACC,1,1,unique_exact
8383,CATCTCCTAGTCTG,1,1,unique_exact
8384,CATCTCCTGAGGAC,1,1,unique_exact
8385,CATCTTGATCACGA,1,1,unique_exact
8386,CATGAGACCTATTC,1,1,unique_exact
8387,CATGGCCTGGTACT,1,1,unique_exact
8388,CATGTACTGCGTAT,2,1,unique_exact
8389,CATGTTTGCATTCT,2,1,unique_exact
8390,CATGTTTGGCGTAT,1,1,unique_exact
8391,CATTAGCTGGTAGG,1,1,unique_exact
8392,CATTGACTAATCGC,1,1,unique_exact
8393,CATTGACTACGGGA,1,1,unique_exact
8394,CATTGACTCTACTT,1,1,unique_exact
8395,CATTGTACTCCGAA,1,1,unique_exact
8396,CATTGTTGGCAAGG,1,1,unique_exact
8397,CATTTGTGCTCGCT,1,1,unique_exact
8398,CCAACCTGACCTCC,1,1,unique_exact
8399,CCAAGATGGCTGAT,1,1,unique_exact
8400,CCAAGTGAGTATGC,1,1,unique_exact
8401,CCACCATGTCGTTT,1,1,unique_exact
8402,CCACCTGAAGCCAT,1,1,unique_exact
8403,CCACTGTGAAGGGC,1,1,unique_exact
8404,CCACTGTGATCACG,2,1,unique_exact
8405,CCACTTCTGTGTTG,1,1,unique_exact
8406,CCACTTCTTGCTAG,1,1,unique_exact
8407,CCAGAAACCTATGG,1,1,unique_exact
8408,CCAGAAACGTTCAG,2,1,unique_exact
8409,CCAGCGGAAGAAGT,2,1,unique_exact
8410,CCAGCGGACAGTCA,1,1,unique_exact
8411,CCAGGTCTGGAGCA,1,1,unique_exact
8412,CCAGGTCTTGTGCA,1,1,unique_exact
8413,CCAGGTCTTTGCGA,1,1,unique_exact
8414,CCAGTCACGGACGA,2,1,unique_exact
8415,CCATAGGATCCTTA,1,1,unique_exact
8416,CCATCCGATCAGGT,1,1,unique_exact
8417,CCATGCTGGGAAAT,1,1,unique_exact
8418,CCCAACACGAGATA,1,1,unique_exact
8419,CCCAGACTAGATCC,1,1,unique_exact
8420,CCCATGTGAAGTGA,1,1,unique_exact
8421,CCCGAACTGATAGA,2,1,unique_exact
8422,CCCTACGAACCTAG,1,1,unique_exact
8423,CCCTAGTGAAAAGC,1,1,unique_exact
8424,CCCTTACTAAACAG,1,1,unique_exact
8425,CCCTTACTCCGTTC,1,1,unique_exact
8426,CCGATAGACTTATC,1,1,unique_exact
8427,CCGCGAGATCTACT,1,1,unique_exact
8428,CCGGAGACCATGAC,1,1,unique_exact
8429,CCGGAGTGCATGCA,2,1,unique_exact
8430,CCGGAGTGGACGAG,1,1,unique_exact
8431,CCGGTACTTAACCG,1,1,unique_exact
8432,CCTAAGGATAGACC,1,1,unique_exact
8433,CCTACCGACTAGTG,1,1,unique_exact
8434,CCTACCGAGAACTC,1,1,unique_exact
8435,CCTCATCTGACGAG,1,1,unique_exact
8436,CCTCATCTGAGACG,1,1,unique_exact
8437,CCTCTACTGATGAA,1,1,unique_exact
8438,CCTCTACTGTGAGG,1,1,unique_exact
8439,CCTGCAACAACCTG,1,1,unique_exact
8440,CCTGCAACAATGCC,1,1,unique_exact
8441,CCTTCACTCAGAGG,1,1,unique_exact
8442,CCTTCACTCCTTGC,1,1,unique_exact
8443,CGAACATGCCACAA,1,1,unique_exact
8444,CGAATCGAACTAGC,2,1,unique_exact
8445,CGAATCGAACTTTC,1,1,unique_exact
8446,CGACAAACTTACTC,1,1,unique_exact
8447,CGACCACTGTAGGG,1,1,unique_exact
8448,CGACCGGAGCAAGG,1,1,unique_exact
8449,CGACCGGATTTACC,1,1,unique_exact
8450,CGACCTACAGCTAC,1,1,unique_exact
8451,CGACCTTGATGACC,1,1,unique_exact
8452,CGACTCACCGTGAT,1,1,unique_exact
8453,CGACTCTGACGCAT,1,1,unique_exact
8454,CGACTCTGTCTTAC,1,1,unique_exact
8455,CGAGATTGGCCTTC,1,1,unique_exact
8456,CGAGCCGATCGCCT,1,1,unique_exact
8457,CGAGCGTGCGATAC,2,1,unique_exact
8458,CGAGGAGATTCCAT,1,1,unique_exact
8459,CGAGGCACCCTGTC,1,1,unique_exact
8460,CGAGGCTGTCCGTC,1,1,unique_exact
8461,CGATACGAGGACTT,1,1,unique_exact
8462,CGATCAGACTTGCC,1,1,unique_exact
8463,CGATCAGATTAGGC,1,1,unique_exact
8464,CGATCCACAAGCAA,1,1,unique_exact
8465,CGCAAATGGAGGAC,1,1,unique_exact
8466,CGCAAATGTTCGCC,1,1,unique_exact
8467,CGCAACCTATCGAC,1,1,unique_exact
8468,CGCACGGAGCAAGG,1,1,unique_exact
8469,CGCACGGAGTACGT,1,1,unique_exact
8470,CGCCATACGATGAA,1,1,unique_exact
8471,CGCCGAGACGTGAT,2,1,unique_exact
8472,CGCCTAACCGTTAG,1,1,unique_exact
8473,CGCTAAGATACTTC,1,1,unique_exact
8474,CGCTACACGACAGG,1,1,unique_exact
8475,CGCTCATGTGGTAC,1,1,unique_exact
8476,CGGAATTGTCCGAA,1,1,unique_exact
8477,CGGACCGACCGCTT,1,1,unique_exact
8478,CGGATAACTGACTG,1,1,unique_exact
8479,CGGCATCTATACCG,1,1,unique_exact
8480,CGGCGAACACCCAA,1,1,unique_exact
8481,CGGCGATGGTGTCA,1,1,unique_exact
8482,CGGTAAACGGAACG,1,1,unique_exact
8483,CGGTACCTCCTATT,1,1,unique_exact
8484,CGGTACCTTTCTTG,1,1,unique_exact
8485,CGTAACGATATCGG,1,1,unique_exact
8486,CGTACAGATGTGCA,1,1,unique_exact
8487,CGTACCACTTACTC,1,1,unique_exact
8488,CGTACCTGTCGATG,1,1,unique_exact
8489,CGTCAAGATTGCGA,1,1,unique_exact
8490,CGTCCAACCAAGCT,1,1,unique_exact
8491,CGTCCAACCGAACT,1,1,unique_exact
8492,CGTCGACTCGTAGT,1,1,unique_exact
8493,CGTGAAACACGTTG,1,1,unique_exact
8494,CGTGAAACAGAGGC,1,1,unique_exact
8495,CGTGATGAGTTTGG,1,1,unique_exact
8496,CGTGATGATCGCTC,2,1,unique_exact
8497,CGTGATGATGGAAA,2,1,unique_exact
8498,CGTGCACTCCACCT,1,1,unique_exact
8499,CGTGCACTTTACCT,1,1,unique_exact
8500,CGTTAACTAGCCTA,1,1,unique_exact
8501,CTAAGGACGGGCAA,1,1,unique_exact
8502,CTAAGGTGCCCGTT,1,1,unique_exact
8503,CTACCTCTCATACG,1,1,unique_exact
8504,CTACCTCTCCAGTA,1,1,unique_exact
8505,CTACCTCTTCGCAA,1,1,unique_exact
8506,CTACCTCTTGCGTA,1,1,unique_exact
8507,CTACGGCTTCCTAT,1,1,unique_exact
8508,CTAGGATGGTAAAG,1,1,unique_exact
8509,CTAGGATGTGACTG,1,1,unique_exact
8510,CTAGGTGAACACCA,1,1,unique_exact
8511,CTAGGTGAATGTCG,1,1,unique_exact
8512,CTAGTTTGCCGAAT,1,1,unique_exact
8513,CTAGTTTGCTAGAC,2,1,unique_exact
8514,CTAGTTTGGTCATG,2,1,unique_exact
8515,CTAGTTTGTCCGTC,1,1,unique_exact
8516,CTATAGCTAACCTG,1,1,unique_exact
8517,CTATAGCTGGCAAG,1,1,unique_exact
8518,CTATCATGACGGGA,1,1,unique_exact
8519,CTATGACTGTTTCT,1,1,unique_exact
8520,CTATGACTTTCCAT,1,1,unique_exact
8521,CTATGTACCTCAAG,1,1,unique_exact
8522,CTATTGTGAACGAA,1,1,unique_exact
8523,CTCAATTGATTCGG,1,1,unique_exact
8524,CTCAATTGGGTGGA,1,1,unique_exact
8525,CTCATTGAGACAGG,1,1,unique_exact
8526,CTCCACGACTCTCG,1,1,unique_exact
8527,CTCCATCTCGACAT,2,1,unique_exact
8528,CTCCATCTGTGCAT,2,1,unique_exact
8529,CTCCTACTTTGCTT,1,1,unique_exact
8530,CTCGAAGAAAGATG,1,1,unique_exact
8531,CTCGAAGAGCGTTA,1,1,unique_exact
8532,CTCGACACTCGATG,2,1,unique_exact
8533,CTCTAATGCCGCTT,1,1,unique_exact
8534,CTCTAATGGCGATT,1,1,unique_exact
8535,CTGACAGATGCACA,1,1,unique_exact
8536,CTGACCACCACTAG,1,1,unique_exact
8537,CTGACCACCCTGAA,1,1,unique_exact
8538,CTGAGAACTAACGC,1,1,unique_exact
8539,CTGATACTAAGTAG,1,1,unique_exact
8540,CTGATACTTCCCAC,1,1,unique_exact
8541,CTGATGGAGTCGTA,1,1,unique_exact
8542,CTGCAGCTGAGGCA,1,1,unique_exact
8543,CTGGAAACTGTAGC,1,1,unique_exact
8544,CTGGATGATCCAGA,1,1,unique_exact
8545,CTGTATACTTCTAC,1,1,unique_exact
8546,CTGTGAGACTCCAC,2,1,unique_exact
8547,CTTACATGTCCTAT,1,1,unique_exact
8548,CTTAGGGAAGCTAC,1,1,unique_exact
8549,CTTATCGAGGTTCA,1,1,unique_exact
8550,CTTCACCTGAGGTG,1,1,unique_exact
8551,CTTCACCTGTCACA,1,1,unique_exact
8552,CTTCATGAGTCGAT,1,1,unique_exact
8553,CTTCATGATTGGTG,1,1,unique_exact
8554,CTTGAGGAAAGCCT,1,1,unique_exact
8555,CTTGATTGTTCTAC,1,1,unique_exact
8556,CTTTCAGAAGTGCT,1,1,unique_exact
8557,GAAAGATGCTCCCA,1,1,unique_exact
8558,GAACACACCAGAAA,1,1,unique_exact
8559,GAACAGCTCGGGAA,1,1,unique_exact
8560,GAACGGGAATGCCA-1,0,0,no_barcode_candidate
8561,GAACGTTGAAACGA,1,1,unique_exact
8562,GAAGATGAGAGGGT,1,1,unique_exact
8563,GAAGCGGAGCTGTA,1,1,unique_exact
8564,GAAGCGGAGGAGCA,1,1,unique_exact
8565,GAAGCGGAGTGCAT,1,1,unique_exact
8566,GAAGCTACTAAGGA,2,1,unique_exact
8567,GAAGCTACTTCCAT,1,1,unique_exact
8568,GAAGCTTGGGTGGA,1,1,unique_exact
8569,GAAGGGTGATGGTC,1,1,unique_exact
8570,GAAGTCACCTCAAG,1,1,unique_exact
8571,GAAGTCTGTCAGGT,1,1,unique_exact
8572,GAAGTGCTTGACCA,1,1,unique_exact
8573,GAATGGCTAATCGC,1,1,unique_exact
8574,GAATGGCTGGATCT,1,1,unique_exact
8575,GACAACACCTCCCA,1,1,unique_exact
8576,GACAGGGATCTTTG,1,1,unique_exact
8577,GACCAAACGAAAGT,1,1,unique_exact
8578,GACCATGAATGCTG,1,1,unique_exact
8579,GACCATGATTCTTG,1,1,unique_exact
8580,GACCCTACCTAAGC,1,1,unique_exact
8581,GACCTCTGCCGAAT,1,1,unique_exact
8582,GACGAACTACGGTT,1,1,unique_exact
8583,GACGAACTCATACG,1,1,unique_exact
8584,GACGAGGAAGTCAC,1,1,unique_exact
8585,GACGATTGTGCAAC,1,1,unique_exact
8586,GACGATTGTGTGAC,1,1,unique_exact
8587,GACGGCACAGGAGC,2,1,unique_exact
8588,GACGGCACGGAAGC,1,1,unique_exact
8589,GACGTATGCCTCAC,1,1,unique_exact
8590,GACTACGAGTGTCA,1,1,unique_exact
8591,GAGATAGAGTTCGA,1,1,unique_exact
8592,GAGATGCTTTGGCA,1,1,unique_exact
8593,GAGCAACTACGTGT,1,1,unique_exact
8594,GAGCAACTCGAGAG,1,1,unique_exact
8595,GAGCAACTGGTCAT,1,1,unique_exact
8596,GAGCAGGAGGCATT,1,1,unique_exact
8597,GAGCATACCATGGT,1,1,unique_exact
8598,GAGCATACGGAGCA,1,1,unique_exact
8599,GAGCGAGAACCAGT,2,1,unique_exact
8600,GAGCGCTGAGCATC,1,1,unique_exact
8601,GAGGTACTGTGAGG,1,1,unique_exact
8602,GAGGTTACAGCTAC,1,1,unique_exact
8603,GAGGTTACTTCACT,1,1,unique_exact
8604,GAGGTTTGCCGCTT,1,1,unique_exact
8605,GAGTAAGAGTACCA,1,1,unique_exact
8606,GAGTACTGTGAACC,1,1,unique_exact
8607,GAGTCAACCTTGGA,1,1,unique_exact
8608,GATAAGGAAGCGGA,1,1,unique_exact
8609,GATACTCTGGTCAT,1,1,unique_exact
8610,GATAGAGACGACAT,1,1,unique_exact
8611,GATAGAGAGAATGA,1,1,unique_exact
8612,GATCGTGAACTCTT,1,1,unique_exact
8613,GATCTACTCTATTC,1,1,unique_exact
8614,GATGACACTCAGAC,1,1,unique_exact
8615,GATGCATGTGGGAG,1,1,unique_exact
8616,GATGCCCTCTCGCT,1,1,unique_exact
8617,GATTACCTCCTTAT,1,1,unique_exact
8618,GATTCGGAAAGCAA,1,1,unique_exact
8619,GATTCGGACTGACA,1,1,unique_exact
8620,GATTCGGAGTAGCT,1,1,unique_exact
8621,GATTCTACCTCGAA,1,1,unique_exact
8622,GATTCTTGTTCCAT,1,1,unique_exact
8623,GATTCTTGTTGCTT,1,1,unique_exact
8624,GATTGGTGACCAGT,1,1,unique_exact
8625,GATTGGTGCGACTA,1,1,unique_exact
8626,GATTTGCTAACGGG,1,1,unique_exact
8627,GATTTGCTTCTACT,1,1,unique_exact
8628,GCAACCCTTTGCAG,1,1,unique_exact
8629,GCAACTGAGCTACA,1,1,unique_exact
8630,GCACAAACCTATTC,1,1,unique_exact
8631,GCACAATGAAGCCT,1,1,unique_exact
8632,GCACCTACCTGGAT,1,1,unique_exact
8633,GCACCTTGAGCTAC,1,1,unique_exact
8634,GCACCTTGAGTCTG,1,1,unique_exact
8635,GCACGTCTGGTGAG,1,1,unique_exact
8636,GCACTAGACACACA,1,1,unique_exact
8637,GCACTGCTGTATCG,1,1,unique_exact
8638,GCAGCGTGACTGGT,1,1,unique_exact
8639,GCAGCTCTTAGCCA,2,1,unique_exact
8640,GCAGGCACCGCCTT,1,1,unique_exact
8641,GCATCAGACTGTGA,2,1,unique_exact
8642,GCATGTGATACTCT,1,1,unique_exact
8643,GCCAAATGCTGAGT,1,1,unique_exact
8644,GCCAAATGTTGTCT,1,1,unique_exact
8645,GCCAACCTACGTAC,1,1,unique_exact
8646,GCCACTACCTAGCA,1,1,unique_exact
8647,GCCCAACTCACCAA,1,1,unique_exact
8648,GCCCATACCCTCGT,1,1,unique_exact
8649,GCCCATACTGCCTC,1,1,unique_exact
8650,GCCGAGTGAACAGA,1,1,unique_exact
8651,GCCGGAACGGTCAT,1,1,unique_exact
8652,GCCTACACCTTGGA,1,1,unique_exact
8653,GCCTAGCTTTTACC,2,1,unique_exact
8654,GCCTCATGCGTCTC,1,1,unique_exact
8655,GCCTGACTATCAGC,1,1,unique_exact
8656,GCGAAGGAGGAGTG,1,1,unique_exact
8657,GCGAAGGATGGCAT,1,1,unique_exact
8658,GCGACTCTATCACG,1,1,unique_exact
8659,GCGACTCTTCAAGC,1,1,unique_exact
8660,GCGAGAGACATCAG,1,1,unique_exact
8661,GCGCACGAAAGTAG,1,1,unique_exact
8662,GCGCGATGGTTTCT,1,1,unique_exact
8663,GCGGGACTGAACCT,1,1,unique_exact
8664,GCGGGACTTGGAAA-1,0,0,no_barcode_candidate
8665,GCGTAAACGCTGTA,1,1,unique_exact
8666,GCGTAATGCTAGAC,1,1,unique_exact
8667,GCGTAATGTAAGCC,1,1,unique_exact
8668,GCTACAGAACCATG,1,1,unique_exact
8669,GCTACAGATCGCTC,1,1,unique_exact
8670,GCTACCTGATCAGC,1,1,unique_exact
8671,GCTACCTGTATCTC,1,1,unique_exact
8672,GCTACGCTACCCAA,1,1,unique_exact
8673,GCTAGAACCGCCTT,1,1,unique_exact
8674,GCTATACTAGATGA,1,1,unique_exact
8675,GCTATACTTCTCTA,1,1,unique_exact
8676,GCTCACTGCATTGG,1,1,unique_exact
8677,GCTCACTGTTCTTG,1,1,unique_exact
8678,GCTCAGCTCACAAC,1,1,unique_exact
8679,GCTCAGCTCGGGAA,1,1,unique_exact
8680,GCTCAGCTTCCCAC,1,1,unique_exact
8681,GCTTAACTTTCCCG,1,1,unique_exact
8682,GGAACACTTGTTCT,1,1,unique_exact
8683,GGAACACTTTCGGA,1,1,unique_exact
8684,GGAACTACAGCATC,1,1,unique_exact
8685,GGAACTACGACTAC,1,1,unique_exact
8686,GGAAGGACCAAAGA,1,1,unique_exact
8687,GGAAGGTGTGGCAT,1,1,unique_exact
8688,GGAATCTGTGGTAC,1,1,unique_exact
8689,GGAATCTGTTGTGG,1,1,unique_exact
8690,GGAATGCTAACCTG,1,1,unique_exact
8691,GGAATGCTCATTTC,1,1,unique_exact
8692,GGACAGGAATCGTG,1,1,unique_exact
8693,GGACATTGAGCCAT,1,1,unique_exact
8694,GGACATTGGATGAA,1,1,unique_exact
8695,GGACCGTGGGTAGG,2,1,unique_exact
8696,GGACCGTGTAGCCA,1,1,unique_exact
8697,GGACCGTGTCGCAA,1,1,unique_exact
8698,GGAGAGACTAGCGT,1,1,unique_exact
8699,GGAGCAGACATGCA,1,1,unique_exact
8700,GGAGCAGACTTATC,1,1,unique_exact
8701,GGAGCAGAGCGTAT,1,1,unique_exact
8702,GGAGGCCTAGCCAT,2,1,unique_exact
8703,GGAGTTTGATGGTC,1,1,unique_exact
8704,GGATACTGCGCATA,1,1,unique_exact
8705,GGATACTGGCGATT,1,1,unique_exact
8706,GGATACTGGTCGTA,1,1,unique_exact
8707,GGATACTGGTGAGG,1,1,unique_exact
8708,GGATAGCTGCTCCT,1,1,unique_exact
8709,GGATGTACCCGTAA,2,1,unique_exact
8710,GGATGTTGACCTGA,1,1,unique_exact
8711,GGATTGTGCGTGAT,1,1,unique_exact
8712,GGCAAGGAGGTTTG,1,1,unique_exact
8713,GGCAAGGAGTGTAC,2,1,unique_exact
8714,GGCCACGATCGCTC,1,1,unique_exact
8715,GGCCGAACTCACCC,1,1,unique_exact
8716,GGCGACTGACCTTT,1,1,unique_exact
8717,GGCGACTGGTGTAC,1,1,unique_exact
8718,GGCGCATGAGTTCG,1,1,unique_exact
8719,GGCTCACTAGAAGT,1,1,unique_exact
8720,GGCTCACTATCACG,1,1,unique_exact
8721,GGCTCACTTAAAGG,2,1,unique_exact
8722,GGGAACGATGAAGA,1,1,unique_exact
8723,GGGAAGTGACGCAT,1,1,unique_exact
8724,GGGAAGTGCCTTGC,1,1,unique_exact
8725,GGGATTACGCTACA,1,1,unique_exact
8726,GGGATTACGTTAGC,1,1,unique_exact
8727,GGGCAAGATCTACT,1,1,unique_exact
8728,GGGCAGCTCGGAGA,1,1,unique_exact
8729,GGGCAGCTTGGTCA,1,1,unique_exact
8730,GGGTTATGGTAAGA,3,1,unique_exact
8731,GGGTTATGTTGACG,1,1,unique_exact
8732,GGTAAAGAACACTG,1,1,unique_exact
8733,GGTAAAGACATGCA,1,1,unique_exact
8734,GGTAAAGATCCCGT,1,1,unique_exact
8735,GGTACAACAACTGC,2,1,unique_exact
8736,GGTACAACGCAGTT,1,1,unique_exact
8737,GGTACATGTGTCTT,1,1,unique_exact
8738,GGTACATGTTGTCT,1,1,unique_exact
8739,GGTATGACTGGTTG,2,1,unique_exact
8740,GGTCAAACGTCTGA,1,1,unique_exact
8741,GTAACGTGCATGCA,1,1,unique_exact
8742,GTAACGTGGCCTTC,1,1,unique_exact
8743,GTAATAACACCAAC,1,1,unique_exact
8744,GTAATAACTCCTAT,1,1,unique_exact
8745,GTACAGTGACGCAT,1,1,unique_exact
8746,GTACGAACAGAATG,1,1,unique_exact
8747,GTACGAACCTGAGT,1,1,unique_exact
8748,GTACGTGATTCTAC,1,1,unique_exact
8749,GTAGGTACTCTCAT,1,1,unique_exact
8750,GTAGTGACCAACTG,1,1,unique_exact
8751,GTAGTGACGAACTC,1,1,unique_exact
8752,GTAGTGACTCCAGA,1,1,unique_exact
8753,GTATCTACTTGAGC,1,1,unique_exact
8754,GTATGGTGCAGTCA,1,1,unique_exact
8755,GTATTCACGATACC-1,0,0,no_barcode_candidate
8756,GTCAATCTGTAAGA,1,1,unique_exact
8757,GTCATACTAGGTTC,1,1,unique_exact
8758,GTCCAAGATGACAC,2,1,unique_exact
8759,GTCCACACGAAGGC,1,1,unique_exact
8760,GTCCACTGCAACCA,1,1,unique_exact
8761,GTCCACTGCAGAAA,1,1,unique_exact
8762,GTCCACTGGCATAC,1,1,unique_exact
8763,GTCCACTGTACGAC,1,1,unique_exact
8764,GTCGCACTACCCAA,1,1,unique_exact
8765,GTCGCACTCATGCA,1,1,unique_exact
8766,GTCGCACTTCATTC,1,1,unique_exact
8767,GTGACAACCCTACC,1,1,unique_exact
8768,GTGATGACAAGAAC,2,1,unique_exact
8769,GTGATGACGTATGC,1,1,unique_exact
8770,GTGTATCTGCTTAG,1,1,unique_exact
8771,GTGTATCTTGCCTC-1,0,0,no_barcode_candidate
8772,GTGTATCTTTCGGA,1,1,unique_exact
8773,GTGTCAGAATGCTG,1,1,unique_exact
8774,GTTAAATGGCCATA,1,1,unique_exact
8775,GTTAAATGGTACAC,1,1,unique_exact
8776,GTTACGGAGCTATG,1,1,unique_exact
8777,GTTATAGACTACTT,1,1,unique_exact
8778,GTTATCTGAGAATG,1,1,unique_exact
8779,GTTATCTGCGCATA,2,1,unique_exact
8780,GTTCAGGATTGTCT,1,1,unique_exact
8781,GTTCATACAGCGGA,1,1,unique_exact
8782,GTTCATACGGTGTT,1,1,unique_exact
8783,TAAAGACTCATGAC,2,1,unique_exact
8784,TAAATCGAGAACTC,1,1,unique_exact
8785,TAAATCGATAACGC,1,1,unique_exact
8786,TAACAATGCCACCT,1,1,unique_exact
8787,TAACAATGGTTGGT,1,1,unique_exact
8788,TAACCGGAGTGCTA,1,1,unique_exact
8789,TAACTAGAGTTCAG,1,1,unique_exact
8790,TAAGAGGACTCAGA,1,1,unique_exact
8791,TAAGATACACCAAC,2,1,unique_exact
8792,TAAGGGCTCAGTCA,1,1,unique_exact
8793,TAATGATGCAAGCT,1,1,unique_exact
8794,TAATGATGCTCAAG,1,1,unique_exact
8795,TAATGATGTGGTCA,1,1,unique_exact
8796,TAATGCCTTATCGG,1,1,unique_exact
8797,TACAATGAACGCAT,1,1,unique_exact
8798,TACACACTCTTTAC,1,1,unique_exact
8799,TACCGAGAATCGTG,1,1,unique_exact
8800,TACCGCTGATCTCT,1,1,unique_exact
8801,TACGACGAGATACC,1,1,unique_exact
8802,TACGACGATCCAGA,1,1,unique_exact
8803,TACGAGTGGTACCA,2,1,unique_exact
8804,TACGATCTAACCTG,1,1,unique_exact
8805,TACGCAGACCCTCA,1,1,unique_exact
8806,TACGCAGAGGCATT,1,1,unique_exact
8807,TACGCCACAGAAGT,1,1,unique_exact
8808,TACGGAACTAAGCC,1,1,unique_exact
8809,TACGTACTAGGTCT,1,1,unique_exact
8810,TACTCCCTTGGGAG,1,1,unique_exact
8811,TACTGGGATACGCA,1,1,unique_exact
8812,TACTTGACTCCCAC,1,1,unique_exact
8813,TACTTTCTAATGCC,1,1,unique_exact
8814,TACTTTCTGAGCTT,2,1,unique_exact
8815,TACTTTCTTACAGC,1,1,unique_exact
8816,TACTTTCTTGGAGG,1,1,unique_exact
8817,TAGAAACTCCGATA,1,1,unique_exact
8818,TAGAAACTGCTAAC,1,1,unique_exact
8819,TAGAAACTTTATCC,1,1,unique_exact
8820,TAGAATACACGACT,1,1,unique_exact
8821,TAGAATTGTTCCGC,1,1,unique_exact
8822,TAGACGTGAACGGG,1,1,unique_exact
8823,TAGATTGATCTCCG,1,1,unique_exact
8824,TAGCATCTGTAAAG,1,1,unique_exact
8825,TAGCATCTTGTGGT,1,1,unique_exact
8826,TAGCCCACCCTCAC,2,1,unique_exact
8827,TAGCCCTGCCTGAA,1,1,unique_exact
8828,TAGCGATGATTTCC,1,1,unique_exact
8829,TAGGACTGATGTGC,1,1,unique_exact
8830,TAGGACTGTCGCTC,1,1,unique_exact
8831,TAGGCAACCTTAGG,1,1,unique_exact
8832,TAGGGACTAATCGC,2,1,unique_exact
8833,TAGGGACTCTAAGC,1,1,unique_exact
8834,TAGGGACTTGATGC,1,1,unique_exact
8835,TAGGTCGATAGTCG,1,1,unique_exact
8836,TAGGTGTGGAGACG,1,1,unique_exact
8837,TAGTACCTAGAAGT,1,1,unique_exact
8838,TAGTACCTCTAAGC,1,1,unique_exact
8839,TAGTCGGACCTTTA,1,1,unique_exact
8840,TATACCACTTGTGG,2,1,unique_exact
8841,TATAGCCTAGCAAA,1,1,unique_exact
8842,TATAGCCTGAAGGC,1,1,unique_exact
8843,TATCAAGATCGTGA,1,1,unique_exact
8844,TATCAGCTCTATGG,1,1,unique_exact
8845,TATCCAACGAAAGT,1,1,unique_exact
8846,TATCCTGACAGATC,1,1,unique_exact
8847,TATCCTGACTACTT-1,0,0,no_barcode_candidate
8848,TATCGTACCACTTT,1,1,unique_exact
8849,TATCGTACGATAAG,1,1,unique_exact
8850,TATCTCGACTGACA,1,1,unique_exact
8851,TATCTGACGAGGCA,1,1,unique_exact
8852,TATCTGACGATGAA,1,1,unique_exact
8853,TATCTGACTTGAGC,1,1,unique_exact
8854,TATGGGACCCTCAC,1,1,unique_exact
8855,TATGGGACGTATCG,1,1,unique_exact
8856,TATGGTCTCAGATC,1,1,unique_exact
8857,TATGTCTGACGGAG,1,1,unique_exact
8858,TATTGCTGATCACG,1,1,unique_exact
8859,TATTGCTGGTTCGA,1,1,unique_exact
8860,TCAACACTCCGCTT,1,1,unique_exact
8861,TCAATCACGAATGA,1,1,unique_exact
8862,TCACTATGCTGCAA,1,1,unique_exact
8863,TCAGAGACTCGATG,1,1,unique_exact
8864,TCAGAGACTGGAAA,1,1,unique_exact
8865,TCAGCGCTTCTCGC,1,1,unique_exact
8866,TCAGGATGGTGTTG,1,1,unique_exact
8867,TCAGTACTTAGAGA,1,1,unique_exact
8868,TCAGTACTTGTGCA,1,1,unique_exact
8869,TCAGTACTTTCATC,1,1,unique_exact
8870,TCAGTGGATGCAGT,1,1,unique_exact
8871,TCATCATGCACTAG,1,1,unique_exact
8872,TCATGTACTATGGC,1,1,unique_exact
8873,TCATTCGACGTGAT,1,1,unique_exact
8874,TCATTGACCGCATA,1,1,unique_exact
8875,TCATTGACTCGACA,1,1,unique_exact
8876,TCCACTCTCTTCGC,1,1,unique_exact
8877,TCCACTCTTATGCG,1,1,unique_exact
8878,TCCACTCTTCTATC,1,1,unique_exact
8879,TCCACTCTTTTGTC-1,0,0,no_barcode_candidate
8880,TCCAGAGAAACCGT,1,1,unique_exact
8881,TCCATCCTCTGAGT,2,1,unique_exact
8882,TCCATCCTTCTAGG,1,1,unique_exact
8883,TCCCACGACGCATA,1,1,unique_exact
8884,TCCCATCTGACGTT,2,1,unique_exact
8885,TCCCGATGCTGAAC,1,1,unique_exact
8886,TCCCTACTAATGCC,2,1,unique_exact
8887,TCCCTACTCCGTTC,1,1,unique_exact
8888,TCCGAAGACGATAC,1,1,unique_exact
8889,TCCTACCTTCTATC,1,1,unique_exact
8890,TCCTATGAACCACA,1,1,unique_exact
8891,TCGAATCTGCAAGG,1,1,unique_exact
8892,TCGAGCCTACCCTC,1,1,unique_exact
8893,TCGAGCCTACGGGA,1,1,unique_exact
8894,TCGCAAGAGGTAGG,1,1,unique_exact
8895,TCGCCATGCCGAAT,1,1,unique_exact
8896,TCGGACCTCTTGTT,1,1,unique_exact
8897,TCGTTATGACGTGT,1,1,unique_exact
8898,TCGTTATGATCGGT,1,1,unique_exact
8899,TCTAACTGATCGAC,1,1,unique_exact
8900,TCTAACTGTTACTC,1,1,unique_exact
8901,TCTACAACACTCAG,1,1,unique_exact
8902,TCTACAACCAGATC,2,1,unique_exact
8903,TCTAGACTACGCAT,1,1,unique_exact
8904,TCTATGTGGGGACA,1,1,unique_exact
8905,TCTCAAACACACTG,1,1,unique_exact
8906,TCTCCACTTTGACG,1,1,unique_exact
8907,TCTGATACGTACAC,1,1,unique_exact
8908,TGAAGCACAGTGCT,2,1,unique_exact
8909,TGACACGAAAGCCT,2,1,unique_exact
8910,TGACACGACATCAG,1,1,unique_exact
8911,TGACCGCTCAGATC,1,1,unique_exact
8912,TGACGAACAAGTAG,1,1,unique_exact
8913,TGACGATGACACCA,1,1,unique_exact
8914,TGACGATGGTTAGC,1,1,unique_exact
8915,TGACGCCTCGATAC,1,1,unique_exact
8916,TGACTGGAAGGAGC,1,1,unique_exact
8917,TGACTTACGCTTCC,1,1,unique_exact
8918,TGAGACACCGCATA,1,1,unique_exact
8919,TGAGCTGATCCTGC,1,1,unique_exact
8920,TGAGGTACTCGTAG,1,1,unique_exact
8921,TGAGTCGAAAAACG,1,1,unique_exact
8922,TGAGTCGAATCGGT,1,1,unique_exact
8923,TGAGTGACCGACTA,1,1,unique_exact
8924,TGATAAACAGTCGT,1,1,unique_exact
8925,TGATAAACGGAGCA,2,1,unique_exact
8926,TGATACCTAGAAGT,1,1,unique_exact
8927,TGATATGAAGGTCT,1,1,unique_exact
8928,TGATCGGAAAGTGA,1,1,unique_exact
8929,TGATCGGAGGTCTA,1,1,unique_exact
8930,TGATCGGAGTAGCT,2,1,unique_exact
8931,TGATTAGATAACGC,1,1,unique_exact
8932,TGCAACGAAGCGTT,1,1,unique_exact
8933,TGCAAGTGACTAGC,1,1,unique_exact
8934,TGCCAAGAACTGGT,1,1,unique_exact
8935,TGCCAAGATTGCAG,1,1,unique_exact
8936,TGCCACTGAACCAC,1,1,unique_exact
8937,TGCCGACTAGAAGT,1,1,unique_exact
8938,TGCCGACTCCACAA,1,1,unique_exact
8939,TGCCGACTTGCTCC,1,1,unique_exact
8940,TGCGAAACAGCCAT,1,1,unique_exact
8941,TGCGATGACATGGT,1,1,unique_exact
8942,TGCGCACTTCCAAG,2,1,unique_exact
8943,TGCGCACTTTGACG,1,1,unique_exact
8944,TGCGTAGATCGCAA,1,1,unique_exact
8945,TGCTAGGAAACCAC,1,1,unique_exact
8946,TGGAAAGAGGTTTG,1,1,unique_exact
8947,TGGAACACACGACT,1,1,unique_exact
8948,TGGAACTGCAGTCA,1,1,unique_exact
8949,TGGAACTGTCTCAT,1,1,unique_exact
8950,TGGAGACTTATCTC,1,1,unique_exact
8951,TGGAGGGAAGTCAC-1,0,0,no_barcode_candidate
8952,TGGAGGGACGTCTC,1,1,unique_exact
8953,TGGATCGAACCTCC,1,1,unique_exact
8954,TGGATGACAGAGAT,1,1,unique_exact
8955,TGGATGACCGAGAG,1,1,unique_exact
8956,TGGCAATGACAGCT,1,1,unique_exact
8957,TGGCACCTCACTAG,1,1,unique_exact
8958,TGGCACCTCCACAA,1,1,unique_exact
8959,TGGCACCTGAGGCA,1,1,unique_exact
8960,TGGTAGACTAGTCG,1,1,unique_exact
8961,TGTAGGTGAGCTCA,2,1,unique_exact
8962,TGTAGGTGCACTGA,1,1,unique_exact
8963,TGTAGGTGTCGCTC,1,1,unique_exact
8964,TGTAGGTGTGACCA,2,1,unique_exact
8965,TGTATGCTGAACCT,1,1,unique_exact
8966,TGTCTAACAGTGTC,1,1,unique_exact
8967,TGTCTAACATCAGC,1,1,unique_exact
8968,TGTGACGAACACAC,1,1,unique_exact
8969,TGTGACGAGGTCAT,1,1,unique_exact
8970,TGTGAGACAGAATG,1,1,unique_exact
8971,TGTGAGACGGAGCA,2,1,unique_exact
8972,TGTGAGTGCGGTAT,1,1,unique_exact
8973,TGTGGATGCTCAAG,2,1,unique_exact
8974,TGTTAAGAGTTTGG,1,1,unique_exact
8975,TGTTACACCTACTT,1,1,unique_exact
8976,TGTTACTGTTCTAC,1,1,unique_exact
8977,TTAACCACAAGGTA,1,1,unique_exact
8978,TTAACCACGTTGGT-1,0,0,no_barcode_candidate
8979,TTACAGCTGAGACG,1,1,unique_exact
8980,TTACCATGTGCAGT,1,1,unique_exact
8981,TTACGTACCGAGAG,1,1,unique_exact
8982,TTAGACCTGCTTCC,1,1,unique_exact
8983,TTAGCTACATGTGC,1,1,unique_exact
8984,TTAGCTACTTACTC,1,1,unique_exact
8985,TTAGGGACATCGAC,1,1,unique_exact
8986,TTAGTCACATCGTG,1,1,unique_exact
8987,TTATGGCTTGACAC,1,1,unique_exact
8988,TTATTCCTTAGCGT,1,1,unique_exact
8989,TTCAAAGAGCAGTT,1,1,unique_exact
8990,TTCAGTACGCATCA,1,1,unique_exact
8991,TTCAGTACTGACTG,1,1,unique_exact
8992,TTCAGTTGCGGGAA,2,1,unique_exact
8993,TTCCAAACCCTCAC,1,1,unique_exact
8994,TTCCTAGATGTCGA,1,1,unique_exact
8995,TTCGGAGAGCAAGG,1,1,unique_exact
8996,TTCTCAGAGGACAG,1,1,unique_exact
8997,TTGAACCTACTGTG,1,1,unique_exact
8998,TTGAATGACGATAC,1,1,unique_exact
8999,TTGACACTACCACA,1,1,unique_exact
9000,TTGACACTAGTTCG,1,1,unique_exact
9001,TTGAGGACTCTATC,1,1,unique_exact
9002,TTGCTAACAAGATG,1,1,unique_exact
9003,TTGCTAACCCTACC,1,1,unique_exact
9004,TTGCTAACCCTTAT,1,1,unique_exact
9005,TTGGAGACGTTTGG,1,1,unique_exact
9006,TTGGAGACTCGATG,2,1,unique_exact
9007,TTGGAGTGCCCGTT,1,1,unique_exact
9008,TTGTAGCTGCGTTA,1,1,unique_exact
9009,TTGTCATGCTCTCG,1,1,unique_exact
9010,TTTATCCTCCATAG,1,1,unique_exact
9011,TTTCGAACGGTAGG,2,1,unique_exact
9012,TTTCGAACTCCTAT,1,1,unique_exact
9013,TTTCTACTAGCTAC,1,1,unique_exact
9014,TTTGACTGAGCTCA,1,1,unique_exact
9015,AAACATACCAGATC,1,1,unique_exact
9016,AAACATACGAGCAG,1,1,unique_exact
9017,AAACGCTGATAAGG,1,1,unique_exact
9018,AAACGGCTACCAGT,1,1,unique_exact
9019,AAAGACGAGTTCTT,1,1,unique_exact
9020,AAAGAGACTGGAGG,1,1,unique_exact
9021,AAAGGCCTTTCCAT,1,1,unique_exact
9022,AAATCCCTGTCAAC,1,1,unique_exact
9023,AAATGGGAGCTACA,1,1,unique_exact
9024,AAATGTTGGCGGAA,1,1,unique_exact
9025,AAATTCGATGTAGC,1,1,unique_exact
9026,AAATTGACGAGCAG,1,1,unique_exact
9027,AACAAACTCTTTAC-1,0,0,no_barcode_candidate
9028,AACAATACCGAGAG,1,1,unique_exact
9029,AACACGTGCTTCCG,1,1,unique_exact
9030,AACACTCTTCGCAA,2,1,unique_exact
9031,AACACTCTTGTCGA,1,1,unique_exact
9032,AACAGCACAGAACA,1,1,unique_exact
9033,AACATATGATCACG,2,1,unique_exact
9034,AACATATGCGCCTT,1,1,unique_exact
9035,AACCGATGCATTTC,1,1,unique_exact
9036,AACCTACTATGCCA,1,1,unique_exact
9037,AACCTTACACACCA,1,1,unique_exact
9038,AACCTTTGTGCCCT,1,1,unique_exact
9039,AACGCATGAAGAGT,1,1,unique_exact
9040,AACGTTCTGGATCT,1,1,unique_exact
9041,AACTACCTCTTGTT,1,1,unique_exact
9042,AACTACCTGCGGAA,1,1,unique_exact
9043,AACTCGGAGCTATG,1,1,unique_exact
9044,AAGAAGACCATTGG,1,1,unique_exact
9045,AAGATTACGGAGTG,1,1,unique_exact
9046,AAGATTACTAAGCC,1,1,unique_exact
9047,AAGCAAGAAGGTTC,1,1,unique_exact
9048,AAGCCATGCTAGAC,2,1,unique_exact
9049,AAGCCTGAGGACTT,1,1,unique_exact
9050,AAGGCTTGTCCGTC,2,1,unique_exact
9051,AAGGTGCTTGTTCT,1,1,unique_exact
9052,AAGTCCGAAACCAC,1,1,unique_exact
9053,AAGTCCGAACAGCT,1,1,unique_exact
9054,AAGTGCACCCTCGT,1,1,unique_exact
9055,AATAAGCTAACAGA,1,1,unique_exact
9056,AATAAGCTTTACTC,1,1,unique_exact
9057,AATACCCTTTCGCC,1,1,unique_exact
9058,AATAGGGAGCTTAG,1,1,unique_exact
9059,AATATCGATAGCGT,1,1,unique_exact
9060,AATCCGGACTATGG,1,1,unique_exact
9061,AATCCTTGCGTAGT,1,1,unique_exact
9062,AATCGGTGAACAGA,1,1,unique_exact
9063,AATCGGTGTAAAGG,1,1,unique_exact
9064,AATCTAGAGTGCAT,1,1,unique_exact
9065,AATCTCTGAGGTTC,1,1,unique_exact
9066,AATCTCTGGTTGCA,1,1,unique_exact
9067,AATGCGTGCTCAAG,1,1,unique_exact
9068,AATGGCTGATTGGC,1,1,unique_exact
9069,AATGTCCTACGCTA,1,1,unique_exact
9070,AATGTCCTGAATCC,2,1,unique_exact
9071,AATTACGAACCAAC,1,1,unique_exact
9072,AATTACGAGTGTAC,1,1,unique_exact
9073,AATTGATGTCAGAC,1,1,unique_exact
9074,ACAAGAGAAAGTGA,1,1,unique_exact
9075,ACAAGCACCCCTTG,1,1,unique_exact
9076,ACAATAACGTGTCA,1,1,unique_exact
9077,ACACATCTCTGAGT,1,1,unique_exact
9078,ACACCCTGAAGTGA,2,1,unique_exact
9079,ACACCCTGCCACAA,1,1,unique_exact
9080,ACACGAACAAACGA,1,1,unique_exact
9081,ACACGAACATTCCT,1,1,unique_exact
9082,ACACGAACTTAGGC,1,1,unique_exact
9083,ACACGATGAGCGGA,1,1,unique_exact
9084,ACACGATGCATTTC,1,1,unique_exact
9085,ACACGATGGGGACA,1,1,unique_exact
9086,ACACGTGACCCTCA,1,1,unique_exact
9087,ACAGGTACGTGTAC,1,1,unique_exact
9088,ACAGTGACCTTACT,1,1,unique_exact
9089,ACAGTTCTAAAGCA,1,1,unique_exact
9090,ACATGGTGCGATAC,1,1,unique_exact
9091,ACATGGTGGATACC,1,1,unique_exact
9092,ACCACAGAGGATCT,2,1,unique_exact
9093,ACCAGTGACATTGG,1,1,unique_exact
9094,ACCCGTACACTAGC,1,1,unique_exact
9095,ACCGAAACGGCATT,1,1,unique_exact
9096,ACCGCGGACGTGTA,1,1,unique_exact
9097,ACCTGAGAGCTCCT,1,1,unique_exact
9098,ACCTTTGACGTGTA,1,1,unique_exact
9099,ACCTTTGATGTAGC,1,1,unique_exact
9100,ACGAACTGCTTATC,2,1,unique_exact
9101,ACGACAACACCTCC,1,1,unique_exact
9102,ACGATCGAACGGGA,1,1,unique_exact
9103,ACGATCGATCACGA,1,1,unique_exact
9104,ACGCAATGCTGAGT,1,1,unique_exact
9105,ACGCCGGAGGTCAT-1,0,0,no_barcode_candidate
9106,ACGCCTTGCTGCTC,1,1,unique_exact
9107,ACGGAACTTGACCA,1,1,unique_exact
9108,ACGGATTGAGTGCT,1,1,unique_exact
9109,ACGGATTGATGCTG,2,1,unique_exact
9110,ACGTAGACAGCATC,1,1,unique_exact
9111,ACGTCAGAGTCTAG,1,1,unique_exact
9112,ACGTCCTGCCGTTC,1,1,unique_exact
9113,ACGTCCTGGTCTAG,1,1,unique_exact
9114,ACGTGATGTTGACG,1,1,unique_exact
9115,ACGTTTACTTTGTC,1,1,unique_exact
9116,ACTAAAACATGGTC,2,1,unique_exact
9117,ACTAGGTGACGGGA,1,1,unique_exact
9118,ACTCAGGAAAGATG,1,1,unique_exact
9119,ACTCAGGACACTAG,1,1,unique_exact
9120,ACTCAGGATGCATG,1,1,unique_exact
9121,ACTCAGGATTACCT,1,1,unique_exact
9122,ACTCCCGAATTGGC,1,1,unique_exact
9123,ACTCCCGACAGTTG,1,1,unique_exact
9124,ACTCGAGACTCCCA,2,1,unique_exact
9125,ACTCTATGCTGAGT,1,1,unique_exact
9126,ACTCTATGTGTAGC,1,1,unique_exact
9127,ACTGCCACGACGGA,1,1,unique_exact
9128,ACTTCCCTCCTGAA,2,1,unique_exact
9129,ACTTGTACCTCTCG,1,1,unique_exact
9130,ACTTTGTGAAGGGC,2,1,unique_exact
9131,ACTTTGTGTGCTGA,1,1,unique_exact
9132,AGAAAGTGCCCTTG,1,1,unique_exact
9133,AGAAAGTGCTGCTC,1,1,unique_exact
9134,AGAACAGACAACCA,1,1,unique_exact
9135,AGAAGATGAGTACC,1,1,unique_exact
9136,AGAAGATGGCTGTA,1,1,unique_exact
9137,AGAATACTAGTGCT,1,1,unique_exact
9138,AGACACACGAGAGC,1,1,unique_exact
9139,AGACACACGGATCT,1,1,unique_exact
9140,AGACACTGCACCAA,1,1,unique_exact
9141,AGACACTGCGAACT,2,1,unique_exact
9142,AGACTGACAAGGTA,1,1,unique_exact
9143,AGACTGACACAGCT,1,1,unique_exact
9144,AGACTTCTTTGTGG,1,1,unique_exact
9145,AGAGCTACGGTTCA,1,1,unique_exact
9146,AGATCGTGAACCGT,2,1,unique_exact
9147,AGCAAAGACCCTTG,1,1,unique_exact
9148,AGCAAGCTGGCATT,1,1,unique_exact
9149,AGCATTCTTCTATC,1,1,unique_exact
9150,AGCCACCTTCAGAC,2,1,unique_exact
9151,AGCCGTCTTGTTCT,1,1,unique_exact
9152,AGCGAACTGTTGTG,2,1,unique_exact
9153,AGCGCCGACCTAAG,1,1,unique_exact
9154,AGCGCCGACTTCCG,1,1,unique_exact
9155,AGCGCCGATCCAAG,1,1,unique_exact
9156,AGCGGCACACGGAG,1,1,unique_exact
9157,AGCGTAACACTCTT,1,1,unique_exact
9158,AGCGTAACAGATCC,1,1,unique_exact
9159,AGCTGTGACCATAG,1,1,unique_exact
9160,AGGACACTGGAAGC,2,1,unique_exact
9161,AGGACTTGAGCTAC,1,1,unique_exact
9162,AGGATAGAGCTTAG,1,1,unique_exact
9163,AGGATAGAGTTCAG,1,1,unique_exact
9164,AGGATGCTCTTGCC,2,1,unique_exact
9165,AGGGAGTGCCCTAC,1,1,unique_exact
9166,AGGGCCACGACGAG,3,1,unique_exact
9167,AGGGCCTGCGGGAA,1,1,unique_exact
9168,AGGGCGCTGTATGC,1,1,unique_exact
9169,AGTAAGGACGTCTC,1,1,unique_exact
9170,AGTAATTGCAGAAA,1,1,unique_exact
9171,AGTAATTGTTCCAT,1,1,unique_exact
9172,AGTACGTGCCTTGC,1,1,unique_exact
9173,AGTACTCTGTGTTG,1,1,unique_exact
9174,AGTAGAGAACTGGT,1,1,unique_exact
9175,AGTAGAGAGGACAG,1,1,unique_exact
9176,AGTAGGCTTTGACG,3,1,unique_exact
9177,AGTATAACGAAGGC,1,1,unique_exact
9178,AGTCACGAGTGTAC,1,1,unique_exact
9179,AGTCCAGAACACGT,1,1,unique_exact
9180,AGTCGAACCCGAAT,1,1,unique_exact
9181,AGTCGCCTTGGTGT,1,1,unique_exact
9182,AGTGCAACGTTCGA,1,1,unique_exact
9183,AGTTATGAGCAGTT,1,1,unique_exact
9184,AGTTCTACACCGAT,1,1,unique_exact
9185,AGTTTGCTGAACTC,1,1,unique_exact
9186,ATAAACACCCTCAC,1,1,unique_exact
9187,ATAAACACGCAGAG,1,1,unique_exact
9188,ATAACAACAATCGC,1,1,unique_exact
9189,ATAACAACTGGAAA,1,1,unique_exact
9190,ATAACCCTGACGTT,1,1,unique_exact
9191,ATAAGTACCATACG,1,1,unique_exact
9192,ATAAGTTGCGAACT,1,1,unique_exact
9193,ATAATCGAGTGCAT,1,1,unique_exact
9194,ATAATGACAATCGC,1,1,unique_exact
9195,ATACAATGAAGAAC,1,1,unique_exact
9196,ATACAATGAGTCAC,2,1,unique_exact
9197,ATACAATGTTATCC,1,1,unique_exact
9198,ATACCACTCTTGCC,2,1,unique_exact
9199,ATACCGGACCGTTC,1,1,unique_exact
9200,ATACCGGATAGTCG,1,1,unique_exact
9201,ATACGTCTCTCTAT,1,1,unique_exact
9202,ATAGAACTATTCGG,1,1,unique_exact
9203,ATAGATACGGTTAC,1,1,unique_exact
9204,ATAGCCGACGCAAT,2,1,unique_exact
9205,ATAGCCGAGTACCA,1,1,unique_exact
9206,ATAGGAGACGAGAG,1,1,unique_exact
9207,ATAGTCCTGACGAG,1,1,unique_exact
9208,ATAGTCCTGGGACA,1,1,unique_exact
9209,ATCACTACGCGTTA,1,1,unique_exact
9210,ATCATCTGACTAGC,1,1,unique_exact
9211,ATCCAGGAAGTCTG,1,1,unique_exact
9212,ATCCCGTGCTCCAC,1,1,unique_exact
9213,ATCCCGTGTGAGGG,1,1,unique_exact
9214,ATCCGCACCCTTTA,1,1,unique_exact
9215,ATCCTAACTCCGTC,1,1,unique_exact
9216,ATCGACGAGGTTTG,2,1,unique_exact
9217,ATCGCCTGCCTCGT,1,1,unique_exact
9218,ATCGCGCTCATTCT,1,1,unique_exact
9219,ATCGCGCTGTTCTT,2,1,unique_exact
9220,ATCGCGCTTAGTCG,1,1,unique_exact
9221,ATCGGTGAAGAATG,1,1,unique_exact
9222,ATCGGTGAGGTAAA,1,1,unique_exact
9223,ATCTCAACCCTCCA,1,1,unique_exact
9224,ATCTGACTCTCGAA,1,1,unique_exact
9225,ATCTGACTGGGCAA,1,1,unique_exact
9226,ATCTGGGAGGTACT,1,1,unique_exact
9227,ATCTTGACCACTGA,1,1,unique_exact
9228,ATGAGAGATTTGGG,1,1,unique_exact
9229,ATGATAACCTCCCA,1,1,unique_exact
9230,ATGATATGCCCACT,1,1,unique_exact
9231,ATGATATGCCTAAG,1,1,unique_exact
9232,ATGCACGACGAGTT,1,1,unique_exact
9233,ATGCGATGTCCGAA,1,1,unique_exact
9234,ATGCGCCTTCGCCT,1,1,unique_exact
9235,ATGCTTTGTGGTCA,1,1,unique_exact
9236,ATGGGTACCATTCT,1,1,unique_exact
9237,ATGTAAACCTTAGG,1,1,unique_exact
9238,ATTAAGACAGATGA,2,1,unique_exact
9239,ATTACCTGACCCTC,1,1,unique_exact
9240,ATTAGTGATTTGTC,2,1,unique_exact
9241,ATTCCAACAGCACT,1,1,unique_exact
9242,ATTCCAACAGTCAC,1,1,unique_exact
9243,ATTCCATGGACGTT,2,1,unique_exact
9244,ATTCGGGAAGAAGT,1,1,unique_exact
9245,ATTCGGGAGGATTC,2,1,unique_exact
9246,ATTCTGACCAACCA,1,1,unique_exact
9247,ATTGAAACGCGAGA,2,1,unique_exact
9248,ATTGAATGCTTGGA,1,1,unique_exact
9249,ATTGGTCTCCTAAG,2,1,unique_exact
9250,ATTGTCTGCGACAT,1,1,unique_exact
9251,ATTTCGTGCGTAGT,1,1,unique_exact
9252,ATTTCGTGGACGAG,1,1,unique_exact
9253,CAAAGCACACCAAC,1,1,unique_exact
9254,CAAATATGGCGATT,1,1,unique_exact
9255,CAAATTGAACACAC,1,1,unique_exact
9256,CAAATTGAACGGAG,1,1,unique_exact
9257,CAACCGCTCTGAGT,1,1,unique_exact
9258,CAACGAACGTTCTT,1,1,unique_exact
9259,CAACGATGTCCGTC,1,1,unique_exact
9260,CAAGGACTCGTACA,1,1,unique_exact
9261,CAAGTTCTGTTCAG,1,1,unique_exact
9262,CAAGTTCTTCCAAG,1,1,unique_exact
9263,CAATCTACGAAAGT,1,1,unique_exact
9264,CAATGGACAACAGA,1,1,unique_exact
9265,CAATTCACGGGACA,1,1,unique_exact
9266,CAATTCTGGTTACG,1,1,unique_exact
9267,CACAACGACATTTC,1,1,unique_exact
9268,CACAATCTAAAACG,1,1,unique_exact
9269,CACAATCTAGAAGT,1,1,unique_exact
9270,CACACCTGTTGCTT,1,1,unique_exact
9271,CACAGATGGGGAGT,1,1,unique_exact
9272,CACCCATGGGAACG,1,1,unique_exact
9273,CACCGGGAACGGGA,2,1,unique_exact
9274,CACCGGGATTAGGC,2,1,unique_exact
9275,CACGACCTTCGTAG,1,1,unique_exact
9276,CACGGGTGGCAGTT,1,1,unique_exact
9277,CACTCCGATTCGTT,1,1,unique_exact
9278,CACTCTCTTAGCCA,1,1,unique_exact
9279,CACTGAGAACCGAT,1,1,unique_exact
9280,CACTTAACCCTTTA,1,1,unique_exact
9281,CAGACATGAACCTG,1,1,unique_exact
9282,CAGCAATGGGACTT,1,1,unique_exact
9283,CAGCGTCTGGATCT-1,0,0,no_barcode_candidate
9284,CAGCTAGAGTTTGG,1,1,unique_exact
9285,CAGGTAACGGTCTA,1,1,unique_exact
9286,CAGTCAGACAGAAA,1,1,unique_exact
9287,CATAAAACGATACC,1,1,unique_exact
9288,CATAAATGGATGAA,1,1,unique_exact
9289,CATACTACCTTCTA,1,1,unique_exact
9290,CATACTACTGACAC,1,1,unique_exact
9291,CATATAGAGATAGA,1,1,unique_exact
9292,CATCAACTACTCTT,1,1,unique_exact
9293,CATCGGCTCTAGAC,1,1,unique_exact
9294,CATGCCACCCGTTC,1,1,unique_exact
9295,CATGCCACCTACGA,1,1,unique_exact
9296,CATGCGCTGCATAC,1,1,unique_exact
9297,CATGGCCTGATAGA,1,1,unique_exact
9298,CATGTTACTAAGGA,1,1,unique_exact
9299,CATGTTTGCATCAG,1,1,unique_exact
9300,CATTAGCTGGTCAT,1,1,unique_exact
9301,CATTAGCTTCGTGA,1,1,unique_exact
9302,CATTCCCTATACCG,1,1,unique_exact
9303,CATTCCCTCTGGAT,1,1,unique_exact
9304,CATTCCCTTTTGCT,1,1,unique_exact
9305,CATTGTTGTCGCTC,1,1,unique_exact
9306,CCAAAGTGTGCACA,1,1,unique_exact
9307,CCAACCTGTCAAGC,1,1,unique_exact
9308,CCAAGAACAGCTAC,1,1,unique_exact
9309,CCAAGTGAACACCA,1,1,unique_exact
9310,CCAAGTGAATCACG,1,1,unique_exact
9311,CCAATTTGTTGTGG,1,1,unique_exact
9312,CCAATTTGTTTCAC,1,1,unique_exact
9313,CCACCTGACTGGAT,1,1,unique_exact
9314,CCACGGGAAATGCC,1,1,unique_exact
9315,CCACGGGAAGTCGT,1,1,unique_exact
9316,CCACTGACTAGACC,1,1,unique_exact
9317,CCACTGTGAGAACA,1,1,unique_exact
9318,CCAGAAACATGGTC,1,1,unique_exact
9319,CCAGACCTAACAGA,1,1,unique_exact
9320,CCAGACCTCACTTT,1,1,unique_exact
9321,CCAGCACTGCATAC,1,1,unique_exact
9322,CCAGCGGAAAGAAC,1,1,unique_exact
9323,CCAGTGCTGTGTAC,1,1,unique_exact
9324,CCATCCGATTTCTG,1,1,unique_exact
9325,CCATTAACTGGCAT,1,1,unique_exact
9326,CCCAACTGACAGTC,2,1,unique_exact
9327,CCCACATGGTAGGG,1,1,unique_exact
9328,CCCACATGTGGTGT,1,1,unique_exact
9329,CCCAGTTGTGCCTC,1,1,unique_exact
9330,CCCATCGATCCGTC,2,1,unique_exact
9331,CCCTCAGACAGAGG,1,1,unique_exact
9332,CCCTTACTTTGTGG,1,1,unique_exact
9333,CCGAAAACATAAGG,1,1,unique_exact
9334,CCGACACTCCAACA,1,1,unique_exact
9335,CCGACTACTTCGTT,1,1,unique_exact
9336,CCGATAGAACACGT,1,1,unique_exact
9337,CCGATAGAGCAAGG,1,1,unique_exact
9338,CCGATAGATCGATG,1,1,unique_exact
9339,CCGCGAGATAGAAG,1,1,unique_exact
9340,CCGGTACTCCAACA,1,1,unique_exact
9341,CCTAAACTATGGTC,2,1,unique_exact
9342,CCTAAACTTAAAGG,2,1,unique_exact
9343,CCTAAGGATCTATC,1,1,unique_exact
9344,CCTACCGAGGAGGT,1,1,unique_exact
9345,CCTATAACGTACAC,1,1,unique_exact
9346,CCTCATCTCTCGCT,1,1,unique_exact
9347,CCTCATCTGCAGTT,1,1,unique_exact
9348,CCTCATCTTCTCAT,1,1,unique_exact
9349,CCTCGAACACGTAC,2,1,unique_exact
9350,CCTGAGCTTGGAAA,1,1,unique_exact
9351,CCTGGACTGTCACA,1,1,unique_exact
9352,CCTTAATGTACAGC,1,1,unique_exact
9353,CGACCACTACTGTG,1,1,unique_exact
9354,CGACCACTGTCTAG,1,1,unique_exact
9355,CGACCTACTCGTTT,2,1,unique_exact
9356,CGACTCACAGGCGA,1,1,unique_exact
9357,CGACTCTGTTCAGG,1,1,unique_exact
9358,CGACTGCTTTATCC,1,1,unique_exact
9359,CGAGCCGACGATAC,2,1,unique_exact
9360,CGAGGAGAGGAAAT,1,1,unique_exact
9361,CGAGGCTGTGAGCT,1,1,unique_exact
9362,CGAGTATGATGTGC,1,1,unique_exact
9363,CGATACGATCGTGA,1,1,unique_exact
9364,CGATCAGACCATGA,1,1,unique_exact
9365,CGCAAATGCGCATA,1,1,unique_exact
9366,CGCAACCTTGCTAG,1,1,unique_exact
9367,CGCACTTGGAAACA,1,1,unique_exact
9368,CGCATAGAATCGAC,1,1,unique_exact
9369,CGCCGAGATCGCCT,1,1,unique_exact
9370,CGCGATCTGAGGCA,1,1,unique_exact
9371,CGCGGATGGTTAGC,1,1,unique_exact
9372,CGCTAAGAACCATG,1,1,unique_exact
9373,CGCTAAGATGTTCT,1,1,unique_exact
9374,CGCTACACAGCACT,1,1,unique_exact
9375,CGCTACACGCTGTA,1,1,unique_exact
9376,CGGACTCTGACACT,1,1,unique_exact
9377,CGGCGAACCAGATC,1,1,unique_exact
9378,CGGCGATGCCATAG,1,1,unique_exact
9379,CGGGCATGCTAGTG,1,1,unique_exact
9380,CGGTAAACACTAGC,2,1,unique_exact
9381,CGGTACCTATGTCG,1,1,unique_exact
9382,CGTACCACAATGCC,1,1,unique_exact
9383,CGTACCACGTTAGC,1,1,unique_exact
9384,CGTCGACTCTCATT,1,1,unique_exact
9385,CGTGAATGTCGCCT,1,1,unique_exact
9386,CGTGATGACTTCTA,1,1,unique_exact
9387,CGTGTAGATACTCT,1,1,unique_exact
9388,CGTTTAACGAACTC,1,1,unique_exact
9389,CTAACGGAGCTTCC,1,1,unique_exact
9390,CTAACTACGCCAAT,1,1,unique_exact
9391,CTAACTACTCGCTC,2,1,unique_exact
9392,CTAAGGACTGTGCA,1,1,unique_exact
9393,CTAATAGAGATAGA,1,1,unique_exact
9394,CTAATAGATGGAAA,1,1,unique_exact
9395,CTAATGCTACACTG,1,1,unique_exact
9396,CTACCTCTCGGGAA,1,1,unique_exact
9397,CTACGCACACCAAC,2,1,unique_exact
9398,CTACGGCTCCGCTT,1,1,unique_exact
9399,CTAGAGACGGTCAT,3,1,unique_exact
9400,CTAGATCTGATACC,2,1,unique_exact
9401,CTAGGCCTGACAGG,1,1,unique_exact
9402,CTAGTTACGCTTCC,1,1,unique_exact
9403,CTATAAGATTCTGT,2,1,unique_exact
9404,CTATACTGGCATAC,1,1,unique_exact
9405,CTATACTGGTCGTA,1,1,unique_exact
9406,CTATCATGAAGGTA,1,1,unique_exact
9407,CTATCATGTGACTG,1,1,unique_exact
9408,CTATGACTGGATTC-1,0,0,no_barcode_candidate
9409,CTATGTACACACGT,1,1,unique_exact
9410,CTATGTTGTGTCGA,2,1,unique_exact
9411,CTCAGCACCTTCGC,1,1,unique_exact
9412,CTCGAAGAGAGCTT,1,1,unique_exact
9413,CTCGACACTTTCAC,1,1,unique_exact
9414,CTCGCATGAGTCAC,1,1,unique_exact
9415,CTCTAAACTGGTTG,1,1,unique_exact
9416,CTCTAATGCTGGAT,1,1,unique_exact
9417,CTCTAATGGACGTT,1,1,unique_exact
9418,CTGAACGACCCAAA,1,1,unique_exact
9419,CTGAAGTGAGCATC-1,0,0,no_barcode_candidate
9420,CTGAATCTCTACCC,1,1,unique_exact
9421,CTGACAGACGAGTT,1,1,unique_exact
9422,CTGAGCCTACTCAG,1,1,unique_exact
9423,CTGAGCCTCGAACT,1,1,unique_exact
9424,CTGATACTGTGTTG,3,1,unique_exact
9425,CTGATTTGCATACG,1,1,unique_exact
9426,CTGCAGCTACTACG,1,1,unique_exact
9427,CTGCAGCTTCAGTG,1,1,unique_exact
9428,CTGCCAACAAAACG,1,1,unique_exact
9429,CTGCGACTACCATG,1,1,unique_exact
9430,CTGGATGACGCCTT,1,1,unique_exact
9431,CTGGATGATCGCAA,1,1,unique_exact
9432,CTGTGAGAAAGCCT,1,1,unique_exact
9433,CTTAACACCGCCTT,1,1,unique_exact
9434,CTTAAGCTCAACTG,2,1,unique_exact
9435,CTTAAGCTGAGAGC,1,1,unique_exact
9436,CTTACATGGCTCCT,1,1,unique_exact
9437,CTTACATGGTTTGG,1,1,unique_exact
9438,CTTACTGAGGAGTG,1,1,unique_exact
9439,CTTGTATGCTAAGC,1,1,unique_exact
9440,CTTTAGACAGCCAT,1,1,unique_exact
9441,GAACACACTAACCG,2,1,unique_exact
9442,GAAGAATGTCTCCG,1,1,unique_exact
9443,GAAGATGAGACACT,1,1,unique_exact
9444,GAAGCTACGGTCAT,1,1,unique_exact
9445,GAAGGGTGAAGTAG,3,1,unique_exact
9446,GAAGGGTGCGTTGA,1,1,unique_exact
9447,GAAGGTCTACACGT,1,1,unique_exact
9448,GAAGTGCTTAACCG,1,1,unique_exact
9449,GAAGTGCTTTCTAC,1,1,unique_exact
9450,GAATGCTGGTCTAG,1,1,unique_exact
9451,GAATGCTGGTTCGA,2,1,unique_exact
9452,GACACTGAGTATGC,1,1,unique_exact
9453,GACAGGGAAAACAG,1,1,unique_exact
9454,GACAGGGAGGAAGC,1,1,unique_exact
9455,GACAGTACGTCGAT,1,1,unique_exact
9456,GACAGTACTCTCGC,1,1,unique_exact
9457,GACCTCTGACGTGT,2,1,unique_exact
9458,GACGAACTAACGTC,1,1,unique_exact
9459,GACGGCACACGACT,2,1,unique_exact
9460,GACGGCACAGCTAC,1,1,unique_exact
9461,GACGTCCTGAATGA,2,1,unique_exact
9462,GACTACGAGTAAAG,1,1,unique_exact
9463,GACTACGAGTTCAG,1,1,unique_exact
9464,GACTGATGAGAGGC,1,1,unique_exact
9465,GAGATAGATTGCAG,1,1,unique_exact
9466,GAGCAGGAACCAGT,1,1,unique_exact
9467,GAGCAGGACCATGA,1,1,unique_exact
9468,GAGCGCTGCTAGCA,1,1,unique_exact
9469,GAGCGGCTCTCTAT,1,1,unique_exact
9470,GAGCGGCTGTAAAG,1,1,unique_exact
9471,GAGCGGCTTGCTTT,1,1,unique_exact
9472,GAGCTCCTCGCATA-1,0,0,no_barcode_candidate
9473,GAGGATCTTCCAAG-1,0,0,no_barcode_candidate
9474,GAGGGAACCCGAAT,1,1,unique_exact
9475,GAGGGATGAAAGCA,1,1,unique_exact
9476,GAGGGATGCCACAA,1,1,unique_exact
9477,GAGGGCCTCTTTAC,1,1,unique_exact
9478,GAGGTGGAGGTACT,1,1,unique_exact
9479,GAGTAAGACCAGTA,1,1,unique_exact
9480,GAGTAAGATAAAGG,1,1,unique_exact
9481,GAGTACACCCCACT,1,1,unique_exact
9482,GAGTACTGGGACGA,1,1,unique_exact
9483,GAGTCTGAGGACAG,2,1,unique_exact
9484,GAGTGACTCTAAGC,1,1,unique_exact
9485,GAGTGTTGTGCTCC,1,1,unique_exact
9486,GAGTTGTGTGGAAA,1,1,unique_exact
9487,GATAATACAACTGC,1,1,unique_exact
9488,GATAGCACGTGAGG,1,1,unique_exact
9489,GATATCCTAAAAGC,1,1,unique_exact
9490,GATCATCTTCCTTA,1,1,unique_exact
9491,GATCCCTGATCGTG,1,1,unique_exact
9492,GATCGAACAGCCAT,1,1,unique_exact
9493,GATCGTGAACAGTC,1,1,unique_exact
9494,GATGCATGAACTGC,1,1,unique_exact
9495,GATGCCCTAAGATG,2,1,unique_exact
9496,GATTCTACGATAAG,1,1,unique_exact
9497,GATTCTACGGCAAG,1,1,unique_exact
9498,GCAAACTGCCCGTT,1,1,unique_exact
9499,GCAAGACTATGTCG,1,1,unique_exact
9500,GCACAAACGAGACG,1,1,unique_exact
9501,GCACACCTGGTATC,1,1,unique_exact
9502,GCACCTACATGACC,1,1,unique_exact
9503,GCACCTACGCTTAG,1,1,unique_exact
9504,GCACCTTGGGCATT,1,1,unique_exact
9505,GCACGGTGGGACTT,1,1,unique_exact
9506,GCACGGTGTCACGA,1,1,unique_exact
9507,GCACTGCTAAGGTA,1,1,unique_exact
9508,GCAGATACCTACCC,1,1,unique_exact
9509,GCAGATACTGGTAC,1,1,unique_exact
9510,GCAGGGCTGGACTT,1,1,unique_exact
9511,GCAGTTGAAATCGC,1,1,unique_exact
9512,GCATCAGAGCAGAG,1,1,unique_exact
9513,GCCAAAACGATAGA,1,1,unique_exact
9514,GCCAAAACTAACCG,1,1,unique_exact
9515,GCCACTACACGGTT,1,1,unique_exact
9516,GCCACTACTCAGTG,1,1,unique_exact
9517,GCCACTACTGTCAG,2,1,unique_exact
9518,GCCATGCTTGTGGT,1,1,unique_exact
9519,GCCCAACTTTACTC,1,1,unique_exact
9520,GCCGAGTGACTGTG,1,1,unique_exact
9521,GCCGGAACCTGAAC,1,1,unique_exact
9522,GCCGGAACTGAGGG,1,1,unique_exact
9523,GCCGTACTTCCCGT,1,1,unique_exact
9524,GCCTCAACGAATAG,1,1,unique_exact
9525,GCCTGACTGTACCA,1,1,unique_exact
9526,GCGACTCTCAGAAA,1,1,unique_exact
9527,GCGATATGGTATCG,1,1,unique_exact
9528,GCGATATGGTGCAT,1,1,unique_exact
9529,GCGCACGAAGGTCT,1,1,unique_exact
9530,GCGGCAACAACGTC,1,1,unique_exact
9531,GCGGCAACTAACGC,1,1,unique_exact
9532,GCGTAAACCGAGTT,1,1,unique_exact
9533,GCTACAGAATACCG,1,1,unique_exact
9534,GCTCGACTTGCCTC,1,1,unique_exact
9535,GCTGATGACATTGG,1,1,unique_exact
9536,GCTTGAGAGCAAGG,1,1,unique_exact
9537,GGAACTTGACACCA,1,1,unique_exact
9538,GGAATCTGTAAGGA,1,1,unique_exact
9539,GGACAGGAGTGTTG,1,1,unique_exact
9540,GGACATTGACCTTT,1,1,unique_exact
9541,GGACCGTGGACAAA,1,1,unique_exact
9542,GGACTATGCGGTAT,1,1,unique_exact
9543,GGACTATGCGTCTC,1,1,unique_exact
9544,GGAGCGCTACGTAC,1,1,unique_exact
9545,GGCAAGGACCTGAA,1,1,unique_exact
9546,GGCAAGGACGGTAT,1,1,unique_exact
9547,GGCAAGGACTCAGA,1,1,unique_exact
9548,GGCACTCTGTAGCT,1,1,unique_exact
9549,GGCATATGACGTTG,1,1,unique_exact
9550,GGCCAGACAGTAGA,1,1,unique_exact
9551,GGCCAGACGTTCGA,1,1,unique_exact
9552,GGCCAGACTGCCTC,2,1,unique_exact
9553,GGCCGATGTTCGTT,1,1,unique_exact
9554,GGCGCATGACACTG,1,1,unique_exact
9555,GGCGCATGCTTCTA,1,1,unique_exact
9556,GGCGGACTGATAAG,1,1,unique_exact
9557,GGCTAAACAGCCAT,1,1,unique_exact
9558,GGCTAAACTAAGGA,1,1,unique_exact
9559,GGCTACCTCGTAAC,1,1,unique_exact
9560,GGCTCACTGTCTTT,1,1,unique_exact
9561,GGGAAGTGCACTCC,1,1,unique_exact
9562,GGGACCTGATTCGG,1,1,unique_exact
9563,GGGACCTGGTGAGG,2,1,unique_exact
9564,GGGTTAACTCTCCG,1,1,unique_exact
9565,GGGTTATGGAGGGT,1,1,unique_exact
9566,GGTACAACACGCAT,1,1,unique_exact
9567,GGTACAACTGAACC,2,1,unique_exact
9568,GGTACATGGTTTGG,1,1,unique_exact
9569,GGTACTGATCCTCG,2,1,unique_exact
9570,GGTCAAACCGGTAT-1,0,0,no_barcode_candidate
9571,GGTGGAGACGTGAT,1,1,unique_exact
9572,GTAAGCTGCCGATA,1,1,unique_exact
9573,GTAATAACACCCAA,1,1,unique_exact
9574,GTAATAACGCATCA,1,1,unique_exact
9575,GTAATAACTGTTTC,1,1,unique_exact
9576,GTACAGTGAACGTC,2,1,unique_exact
9577,GTACAGTGCCTGTC,1,1,unique_exact
9578,GTACCCTGGAGACG,1,1,unique_exact
9579,GTAGACTGCTCTAT,1,1,unique_exact
9580,GTAGGTACTGCAGT,1,1,unique_exact
9581,GTATCTACCCACAA,1,1,unique_exact
9582,GTCACAGACGGAGA,1,1,unique_exact
9583,GTCATACTAGTTCG,1,1,unique_exact
9584,GTCATACTGGTCTA,1,1,unique_exact
9585,GTCATACTTACTCT,1,1,unique_exact
9586,GTCATACTTTCATC,1,1,unique_exact
9587,GTCCAAGAACAGTC,2,1,unique_exact
9588,GTCGCACTTCTCAT,1,1,unique_exact
9589,GTCTAACTGTAAGA,2,1,unique_exact
9590,GTCTAGGAGGTGTT,1,1,unique_exact
9591,GTGACAACGTCTGA,1,1,unique_exact
9592,GTGAGGGAGGTGTT,1,1,unique_exact
9593,GTGAGGGAGTAGGG,1,1,unique_exact
9594,GTGATGACAACCTG,1,1,unique_exact
9595,GTGATTCTCCCTCA,1,1,unique_exact
9596,GTGCTAGAGAACTC,2,1,unique_exact
9597,GTGGTAACAGATCC,1,1,unique_exact
9598,GTGTAGTGCCATGA,1,1,unique_exact
9599,GTGTATCTAGGGTG,1,1,unique_exact
9600,GTGTATCTGACGTT,1,1,unique_exact
9601,GTGTGATGCATTTC,1,1,unique_exact
9602,GTTACGGACCTAAG,1,1,unique_exact
9603,GTTACTACCACACA,1,1,unique_exact
9604,GTTACTACCCTCGT,1,1,unique_exact
9605,GTTAGGTGCTCTAT,1,1,unique_exact
9606,GTTATCTGATGCTG,1,1,unique_exact
9607,GTTCATACGGTAGG,2,1,unique_exact
9608,GTTCATACTACGCA,2,1,unique_exact
9609,GTTGACGAAGAATG,1,1,unique_exact
9610,GTTGAGTGGGTTTG,1,1,unique_exact
9611,GTTTAAGAGCCTTC,1,1,unique_exact
9612,GTTTAAGATCGTTT,2,1,unique_exact
9613,TAAACAACAGTGCT,1,1,unique_exact
9614,TAAAGACTCTAGCA,1,1,unique_exact
9615,TAAAGTTGTGACTG,1,1,unique_exact
9616,TAAATCGATCCAGA,1,1,unique_exact
9617,TAACAATGCGTCTC,1,1,unique_exact
9618,TAACACCTGAGACG,1,1,unique_exact
9619,TAACACCTTGTCAG,1,1,unique_exact
9620,TAACCGGAACTCTT,1,1,unique_exact
9621,TAAGATACTGTGCA,1,1,unique_exact
9622,TAAGCGTGAACTGC,2,1,unique_exact
9623,TAAGTAACTTTACC,1,1,unique_exact
9624,TAAGTCCTCCTCCA,1,1,unique_exact
9625,TAAGTCCTTGTCGA,1,1,unique_exact
9626,TAATCGCTATGTGC,1,1,unique_exact
9627,TAATCGCTGTCTTT,1,1,unique_exact
9628,TAATGATGACTAGC,1,1,unique_exact
9629,TAATGATGCCGCTT,1,1,unique_exact
9630,TAATGATGTACGCA,1,1,unique_exact
9631,TAATGCCTACACCA,2,1,unique_exact
9632,TAATGTGACCGTAA,1,1,unique_exact
9633,TAATGTGATTTGTC,1,1,unique_exact
9634,TACCATTGCGAGTT,1,1,unique_exact
9635,TACCGAGATCACCC,1,1,unique_exact
9636,TACCGCTGGCAGTT,1,1,unique_exact
9637,TACGAGTGCTCATT,2,1,unique_exact
9638,TACGCAGATAGTCG,1,1,unique_exact
9639,TACGGCCTACACGT,1,1,unique_exact
9640,TACGGCCTCTAAGC,1,1,unique_exact
9641,TACGGCCTTGTCTT,1,1,unique_exact
9642,TACGTACTACCTCC,1,1,unique_exact
9643,TACTACACAAGCAA,1,1,unique_exact
9644,TACTACTGCCAGTA,1,1,unique_exact
9645,TACTCCCTGAACTC,1,1,unique_exact
9646,TACTCCCTGCGTAT,1,1,unique_exact
9647,TACTGGGAGTACAC,1,1,unique_exact
9648,TACTTGACCAGGAG,1,1,unique_exact
9649,TAGAATACTTACCT,1,1,unique_exact
9650,TAGAATACTTGTGG,1,1,unique_exact
9651,TAGAATTGACAGCT,1,1,unique_exact
9652,TAGAGAGAGGGTGA,1,1,unique_exact
9653,TAGAGCACACACAC,1,1,unique_exact
9654,TAGAGCACGAATGA,1,1,unique_exact
9655,TAGATCCTTTTGCT,1,1,unique_exact
9656,TAGATTGAGTTGTG,1,1,unique_exact
9657,TAGCATCTCTTGGA,1,1,unique_exact
9658,TAGCATCTTTGACG,1,1,unique_exact
9659,TAGCCCACTACTCT,1,1,unique_exact
9660,TAGCCCTGATGCCA,1,1,unique_exact
9661,TAGCCGCTTGATGC,1,1,unique_exact
9662,TAGCTACTTGCACA,1,1,unique_exact
9663,TAGGACTGGACAGG,1,1,unique_exact
9664,TAGGTCGACAGAAA,1,1,unique_exact
9665,TAGTATGAAAAGTG,1,1,unique_exact
9666,TAGTCACTCAATCG,1,1,unique_exact
9667,TAGTCGGACTCGAA,1,1,unique_exact
9668,TAGTCTTGCTGTAG,1,1,unique_exact
9669,TAGTTGCTCCTGAA,1,1,unique_exact
9670,TATACAGATGGATC,1,1,unique_exact
9671,TATAGATGGATAAG,1,1,unique_exact
9672,TATCACTGGTCATG,2,1,unique_exact
9673,TATCAGCTTGTGGT,1,1,unique_exact
9674,TATCTTCTAACTGC,1,1,unique_exact
9675,TATCTTCTCGTAGT,1,1,unique_exact
9676,TATGGGACCACAAC,1,1,unique_exact
9677,TATGGTCTTCAAGC,1,1,unique_exact
9678,TATGTCACGATAGA,1,1,unique_exact
9679,TATGTGCTGTTTGG,2,1,unique_exact
9680,TATTGCTGTCTTAC,1,1,unique_exact
9681,TCAACACTCTGATG,1,1,unique_exact
9682,TCAACACTGAGACG,1,1,unique_exact
9683,TCAAGTCTCTTCTA,1,1,unique_exact
9684,TCAATAGAAGCATC,1,1,unique_exact
9685,TCACCGTGTTGGCA,1,1,unique_exact
9686,TCACCTCTCATGCA,1,1,unique_exact
9687,TCACCTCTCCTAAG,1,1,unique_exact
9688,TCACTATGCTTCTA,1,1,unique_exact
9689,TCAGCAGATGGATC,1,1,unique_exact
9690,TCAGCGCTATCAGC,1,1,unique_exact
9691,TCAGTACTCAAAGA,1,1,unique_exact
9692,TCAGTGGAAACCGT,2,1,unique_exact
9693,TCAGTGGAAACCTG,1,1,unique_exact
9694,TCAGTGGAGAGACG,1,1,unique_exact
9695,TCATCCCTCCGAAT,1,1,unique_exact
9696,TCCATCCTCCACCT,2,1,unique_exact
9697,TCCCAGACCTTAGG,1,1,unique_exact
9698,TCCCATCTTCGTTT,1,1,unique_exact
9699,TCCCGAACGGTAAA,1,1,unique_exact
9700,TCCCGATGGAAGGC,1,1,unique_exact
9701,TCCCGATGTGCCAA,2,1,unique_exact
9702,TCCCTACTACGCTA,1,1,unique_exact
9703,TCCCTACTAGGCGA,1,1,unique_exact
9704,TCCGGACTCATGCA,1,1,unique_exact
9705,TCCTAAACATCACG,1,1,unique_exact
9706,TCCTAATGGCTTCC,2,1,unique_exact
9707,TCCTACCTAAGAGT,1,1,unique_exact
9708,TCGACCTGGTCAAC,1,1,unique_exact
9709,TCGACGCTTGGATC,1,1,unique_exact
9710,TCGATACTTTACTC,1,1,unique_exact
9711,TCGATTTGTTCTCA,1,1,unique_exact
9712,TCGCAGCTAGGTCT,2,1,unique_exact
9713,TCGGACCTACTGTG,1,1,unique_exact
9714,TCGGACCTAGTACC,1,1,unique_exact
9715,TCGGACCTTGCAGT,1,1,unique_exact
9716,TCGGTAGAGATAGA,1,1,unique_exact
9717,TCGTGAGACCTAAG,1,1,unique_exact
9718,TCTAACACGCTCCT,1,1,unique_exact
9719,TCTAAGCTTCCTAT,1,1,unique_exact
9720,TCTACAACGCTATG,1,1,unique_exact
9721,TCTACAACTCCAAG,1,1,unique_exact
9722,TCTATGTGTCCGTC,1,1,unique_exact
9723,TCTCCACTCCTCCA,1,1,unique_exact
9724,TCTCTAGATGCTCC,1,1,unique_exact
9725,TCTGATACCCGTTC,1,1,unique_exact
9726,TCTTACGACATTCT-1,0,0,no_barcode_candidate
9727,TCTTACGAGAATAG,2,1,unique_exact
9728,TGAAATTGCCCAAA,1,1,unique_exact
9729,TGAAGCACTACTTC,1,1,unique_exact
9730,TGAATAACTTACCT,1,1,unique_exact
9731,TGACGAACCAAGCT,1,1,unique_exact
9732,TGACGAACCCGAAT,1,1,unique_exact
9733,TGACGATGCTCCCA,1,1,unique_exact
9734,TGACGCCTAGATGA,1,1,unique_exact
9735,TGACTTACTGTCTT,1,1,unique_exact
9736,TGAGCAACCACCAA,1,1,unique_exact
9737,TGAGGACTTGCAGT,1,1,unique_exact
9738,TGAGTCGAAACGAA,2,1,unique_exact
9739,TGAGTCGACATTCT,1,1,unique_exact
9740,TGATACCTGACAGG,1,1,unique_exact
9741,TGATCACTCCCACT,1,1,unique_exact
9742,TGATCGGAGCTAAC,1,1,unique_exact
9743,TGATTCTGTCAGGT,2,1,unique_exact
9744,TGCAACGAAGCCTA,1,1,unique_exact
9745,TGCAAGACGGTGTT,1,1,unique_exact
9746,TGCAAGACGTTAGC,1,1,unique_exact
9747,TGCACGCTAACGTC,1,1,unique_exact
9748,TGCAGATGCGTACA,1,1,unique_exact
9749,TGCCACTGGCCTTC,1,1,unique_exact
9750,TGCCACTGTCGCCT,1,1,unique_exact
9751,TGCCAGCTACCATG,1,1,unique_exact
9752,TGCCAGCTACCTCC,1,1,unique_exact
9753,TGCCAGCTATCGGT,1,1,unique_exact
9754,TGCCAGCTGAATAG,1,1,unique_exact
9755,TGCCAGCTTCAAGC,1,1,unique_exact
9756,TGCTAGGATCACCC-1,0,0,no_barcode_candidate
9757,TGCTATACATCACG,1,1,unique_exact
9758,TGCTATACGAGGAC,1,1,unique_exact
9759,TGCTGAGACGTTAG,1,1,unique_exact
9760,TGCTTAACGTCAAC,1,1,unique_exact
9761,TGGAACTGAGTGTC,1,1,unique_exact
9762,TGGACCCTAGTCAC,1,1,unique_exact
9763,TGGACTGACTGCTC,1,1,unique_exact
9764,TGGACTGATAACCG,1,1,unique_exact
9765,TGGAGACTGACTAC,1,1,unique_exact
9766,TGGATCGAGTATCG,1,1,unique_exact
9767,TGGATTCTGATAAG,1,1,unique_exact
9768,TGGCAATGACACCA,1,1,unique_exact
9769,TGGCACCTTCAAGC,1,1,unique_exact
9770,TGGGTATGAAGCCT,1,1,unique_exact
9771,TGGTAGTGTTACCT,1,1,unique_exact
9772,TGGTTACTTCCAGA,1,1,unique_exact
9773,TGGTTACTTCGTTT,1,1,unique_exact
9774,TGTAATGACCCTCA,2,1,unique_exact
9775,TGTAATGAGTTTCT,1,1,unique_exact
9776,TGTAATGATCTCCG,1,1,unique_exact
9777,TGTAGGTGACCTGA,1,1,unique_exact
9778,TGTTACACGAGGGT,1,1,unique_exact
9779,TTACACACTGGCAT,1,1,unique_exact
9780,TTACTCGATGGTTG,1,1,unique_exact
9781,TTACTCGATGTGCA,1,1,unique_exact
9782,TTAGGGTGGAGGCA,1,1,unique_exact
9783,TTAGGTCTACTCAG,1,1,unique_exact
9784,TTAGGTCTCGACAT-1,0,0,no_barcode_candidate
9785,TTAGTCACTGTGCA,2,1,unique_exact
9786,TTATTCCTAAACGA,2,1,unique_exact
9787,TTCAACACACTAGC,1,1,unique_exact
9788,TTCACAACCATGGT,1,1,unique_exact
9789,TTCATGACACCTCC,1,1,unique_exact
9790,TTCATGTGTCGCCT,1,1,unique_exact
9791,TTCATTCTATCTCT,1,1,unique_exact
9792,TTCCCACTTCGACA,1,1,unique_exact
9793,TTCCTAGACTCTAT,1,1,unique_exact
9794,TTCCTAGATACGCA-1,0,0,no_barcode_candidate
9795,TTCGTATGCCATGA,1,1,unique_exact
9796,TTCGTATGCCGCTT,1,1,unique_exact
9797,TTCGTATGGAGGAC,1,1,unique_exact
9798,TTCTAGTGCAAGCT,1,1,unique_exact
9799,TTCTCAGACTTTAC,1,1,unique_exact
9800,TTCTCAGATAAGCC,2,1,unique_exact
9801,TTGACACTTCTTAC,1,1,unique_exact
9802,TTGAGGACTCGCTC,1,1,unique_exact
9803,TTGAGGTGATTTCC,1,1,unique_exact
9804,TTGAGGTGCGAGAG,1,1,unique_exact
9805,TTGCTATGGAGCTT,2,1,unique_exact
9806,TTGGAGACGTCGAT,1,1,unique_exact
9807,TTGGAGTGCAACCA,1,1,unique_exact
9808,TTGTAGCTTACTCT,1,1,unique_exact
9809,TTTATCCTGTCACA,1,1,unique_exact
9810,TTTCACGACTGGTA,1,1,unique_exact
9811,TTTCAGTGCGAGTT,1,1,unique_exact
9812,TTTCGAACGGTGAG,1,1,unique_exact
9813,TTTCGAACTAACCG,1,1,unique_exact
9814,TTTCTACTTCTCTA,1,1,unique_exact
