full_pos,barcode,full_id,sample
0,AAAGGCCTCCACAA,cell_1,1
1,AACAAACTCGCCTT,cell_2,1
18,ACAAGAGAGCGAGA,cell_27,1
20,ACACCCTGAAGTGA,cell_29,1
22,ACCCAGCTTTACTC,cell_32,1
27,ACGTGCCTAAGGCG,cell_39,1
36,AGGGCGCTCCTTGC,cell_61,1
39,AGTCCAGAGAAACA,cell_64,1
45,ATCACGGATTCTTG,cell_70,1
62,CACAGATGGGGACA,cell_100,1
64,CACCGGGATTCTGT,cell_104,1
71,CAGTTTACTTACCT,cell_117,1
74,CATGTACTGGTAGG,cell_121,1
96,CGAGCGTGTCCCGT,cell_148,1
101,CGATAGACGAGGGT,cell_154,1
118,CTTAGGGATCAGAC,cell_181,1
146,GCCACTACTAACGC,cell_223,1
161,GGCGACACGTTGCA,cell_248,1
166,GTAGCCCTCATGCA,cell_254,1
168,GTCAATCTATCGAC,cell_258,1
179,GTTGAGTGTCCAAG,cell_271,1
196,TAGCCGCTTTTGCT,cell_290,1
199,TATCTTCTTTGAGC,cell_296,1
214,TCGACCTGGGGACA,cell_317,1
218,TCGTGAGAAGTGTC,cell_321,1
229,TGCGATGAACGCTA,cell_336,1
231,TGCTTAACACTTTC,cell_338,1
236,TGGTCAGACGATAC,cell_345,1
260,ACACATCTCTGTAG,cell_392,2
268,ACGCCGGAGTACGT,cell_401,2
278,AGACTCGATTGCAG,cell_419,2
287,AGGTACACGAAACA,cell_433,2
291,ATAGATTGGCCTTC,cell_444,2
306,CACTTAACTTCTAC,cell_477,2
312,CAGCGGACAGCAAA,cell_483,2
313,CAGCTAGAATCGTG,cell_484,2
315,CAGTTGGATAGCCA,cell_486,2
316,CATAAATGTCACCC,cell_488,2
317,CATACTACTGTTCT,cell_489,2
325,CCCAGTTGGAATCC,cell_503,2
330,CCTAGAGACTTACT,cell_510,2
332,CCTGAGCTAACAGA,cell_514,2
354,CTTTACGACCCGTT,cell_548,2
373,GCAGCGTGTTTCTG,cell_579,2
395,GTAGCAACAGAGAT,cell_612,2
396,GTAGCCCTTCCAAG,cell_613,2
419,TACGTTACCTTAGG,cell_641,2
421,TACTCAACGAGGGT,cell_644,2
429,TAGTCTTGGGTAGG,cell_653,2
435,TCCGAAGACTCCAC,cell_666,2
461,TTGAATGAAAGAAC,cell_707,2
484,AATTGATGCGCTAA,cell_747,3
494,ACGCACCTATCGGT,cell_763,3
501,ACTCTATGCCACAA,cell_774,3
525,ATATAGTGACCATG,cell_818,3
528,ATCGTTTGCCGTTC,cell_825,3
535,ATGTTGCTGTAGGG,cell_840,3
544,CAAGCATGAGCGTT,cell_850,3
555,CAGCAATGCATGCA,cell_870,3
558,CAGTTTACCGCAAT,cell_878,3
561,CATGGATGTTTCGT,cell_886,3
575,CCTATTGACGATAC,cell_907,3
598,CTCAGCACAGCAAA,cell_943,3
600,CTCGCATGTTTCAC,cell_946,3
617,GACGTCCTTTCATC,cell_971,3
636,GCCACTACCCGCTT,cell_1000,3
638,GCCGACGACTATTC,cell_1004,3
650,GGATTGTGTCCTAT,cell_1023,3
661,GTCTAACTGAATGA,cell_1048,3
666,GTGGTAACTGCGTA,cell_1053,3
675,TAAGTAACTTCCCG,cell_1068,3
677,TACTCAACGCCAAT,cell_1073,3
682,TAGTTGCTACACTG,cell_1082,3
698,TCGATTTGACTAGC,cell_1110,3
705,TCTTACGAGGTACT,cell_1125,3
724,TTAGTCACTTCATC,cell_1159,3
749,ACTATCACTTGAGC,cell_1218,4
765,ATTCGACTACTTTC,cell_1251,4
786,CCTAGAGAAATCGC,cell_1286,4
788,CTAATGCTTGATGC,cell_1301,4
794,CTCTAAACGTGCTA,cell_1311,4
799,CTTAGACTGTGAGG,cell_1317,4
808,GATCGTGAACTGGT,cell_1337,4
823,GGACGAGATTCCGC,cell_1359,4
825,GGATGTACCCAGTA,cell_1363,4
830,GTCCACTGGCAAGG,cell_1377,4
836,GTTGGATGATGGTC,cell_1385,4
842,TAGGACTGTGCTTT,cell_1393,4
859,TGGATGACGGGCAA,cell_1431,4
860,TGTCTAACGTTCGA,cell_1433,4
866,TTAGTCTGCATTCT,cell_1442,4
867,TTATGGCTTCTATC,cell_1444,4
872,AAACATTGGCCAAT,cell_1452,5
873,AAACATTGTATCTC,cell_1453,5
885,AACACTCTTGTTCT,cell_1470,5
913,AATAGGGACTGGTA,cell_1515,5
922,AATCTCTGTGCAGT,cell_1525,5
930,ACAATAACTATGCG,cell_1539,5
934,ACAGGTACTCCTCG,cell_1544,5
939,ACCAACGATCAAGC,cell_1552,5
940,ACCACAGAGTCGAT,cell_1553,5
968,ACGGTCCTAGCCAT,cell_1597,5
970,ACGGTCCTTCAGGT,cell_1599,5
973,ACGTCGCTTGGAAA,cell_1603,5
979,ACTCGCACTGAAGA,cell_1613,5
987,ACTTCCCTGATACC,cell_1622,5
993,AGAATGGAAATCGC,cell_1630,5
996,AGAGCTACACCACA,cell_1637,5
1004,AGCATTCTACTAGC,cell_1648,5
1047,ATACGTCTACGGGA,cell_1717,5
1049,ATAGAACTGACGGA,cell_1720,5
1054,ATAGGAGACAATCG,cell_1728,5
1066,ATCGGTGACGTTGA,cell_1751,5
1069,ATCTGGGAAGGTCT,cell_1755,5
1070,ATCTTGACGACTAC,cell_1756,5
1075,ATGCCGCTGTTCAG,cell_1763,5
1081,ATTCAAGATGGATC,cell_1772,5
1114,CACGACCTCCAAGT,cell_1829,5
1117,CACTAACTCCTTTA,cell_1835,5
1168,CCATGCTGCGGGAA,cell_1912,5
1178,CCGCTATGCACACA,cell_1927,5
1181,CCGGAGTGCATGCA,cell_1930,5
1184,CCGTACACGAAGGC,cell_1933,5
1187,CCTGAGCTGAACCT,cell_1937,5
1194,CGACCGGAACACGT,cell_1946,5
1195,CGACTGCTGTCAAC,cell_1947,5
1200,CGATCCACGTCTGA,cell_1959,5
1208,CGCCTAACCTACGA,cell_1968,5
1221,CGTAACGAGGTAAA,cell_1990,5
1224,CGTACCACCCTTGC,cell_1993,5
1236,CTAGAGACCTCAAG,cell_2014,5
1237,CTAGGATGCCTCAC,cell_2016,5
1243,CTATCAACGGAGTG,cell_2026,5
1252,CTCGAGCTCCGTTC,cell_2041,5
1257,CTGTATACCTTGTT,cell_2054,5
1260,CTTAAAGATGCCTC,cell_2057,5
1265,CTTCATGATCGTGA,cell_2067,5
1289,GACAGTTGTTGGTG,cell_2106,5
1291,GACCATGACGTAAC,cell_2109,5
1303,GAGCGGCTATTTCC,cell_2130,5
1308,GAGGGTGAGTTGGT,cell_2138,5
1314,GATAGAGATTGCGA,cell_2149,5
1321,GATCGAACTGCCAA,cell_2156,5
1335,GCACGGTGGCCTTC,cell_2180,5
1344,GCCATCACAAACGA,cell_2197,5
1364,GGAACTACGACAAA,cell_2226,5
1368,GGACCGTGACTACG,cell_2233,5
1382,GGATACTGGAATCC,cell_2251,5
1404,GGTACATGAAGGCG,cell_2285,5
1411,GTAAGCACAGTACC,cell_2297,5
1414,GTAGGTACAGTCGT,cell_2303,5
1416,GTAGTGTGGGTCAT,cell_2305,5
1417,GTATCTACACCTGA,cell_2308,5
1422,GTCATACTTTGTGG,cell_2316,5
1425,GTCCACTGGCTAAC,cell_2320,5
1449,TAACACCTTTATCC,cell_2358,5
1464,TACGTTACTTCATC,cell_2381,5
1466,TACTCAACACTCTT,cell_2383,5
1469,TACTTGACCAACCA,cell_2387,5
1475,TAGCATCTCGACAT,cell_2397,5
1494,TATACAGAGAGACG,cell_2421,5
1501,TATGGTCTTACAGC,cell_2431,5
1510,TCAATCACTGAGAA,cell_2444,5
1514,TCACCTCTTATCTC,cell_2449,5
1516,TCACTATGAGTCAC,cell_2452,5
1523,TCAGTGGATCGACA,cell_2464,5
1529,TCCCGATGATGTCG,cell_2477,5
1531,TCCTATGAACCTAG,cell_2481,5
1550,TCTAGACTTGGAGG,cell_2508,5
1580,TGCCACTGTGGTGT,cell_2548,5
1589,TGGAAAGAACTTTC,cell_2559,5
1597,TGGTAGTGCATTGG,cell_2571,5
1601,TGTAAAACGCGAGA,cell_2578,5
1607,TGTAGTCTTTCATC,cell_2584,5
1609,TGTATCTGTCGCTC,cell_2586,5
1615,TGTTACTGCCATGA,cell_2599,5
1616,TGTTACTGTACAGC,cell_2600,5
1622,TTAGGGTGTCTAGG,cell_2609,5
1628,TTCACCCTTACTGG,cell_2620,5
1638,TTCTGATGGGTCAT,cell_2637,5
1645,TTTAGCTGGTCTGA,cell_2649,5
1651,AAACATTGTATCTC,cell_2661,6
1660,AAAGCAGATACGCA,cell_2675,6
1665,AAATCAACGAATCC,cell_2683,6
1667,AAATCATGCTAGAC,cell_2687,6
1668,AAATCCCTTCCTGC,cell_2689,6
1678,AACACTCTGGAGTG,cell_2706,6
1687,AACCAGTGGACAGG,cell_2717,6
1701,AACGCCCTACACGT,cell_2740,6
1724,AAGAATCTCAATCG,cell_2775,6
1739,AAGGCTTGTCCGTC,cell_2800,6
1749,AAGTATACGGTCAT,cell_2817,6
1754,AAGTTATGTGTCCC,cell_2826,6
1755,AAGTTATGTGTCTT,cell_2827,6
1765,AATATCGATGACAC,cell_2843,6
1784,AATGTTGAGAATAG,cell_2883,6
1787,ACAAGCACGTAGCT,cell_2895,6
1795,ACACAGACCTTATC,cell_2904,6
1799,ACACAGACTGTGGT,cell_2908,6
1800,ACACCAGAGGTTTG,cell_2909,6
1809,ACATGGTGAGTCAC,cell_2931,6
1818,ACCATTACTGAACC,cell_2950,6
1837,ACGATCGAAGTGTC,cell_2997,6
1838,ACGATCGACTGTAG,cell_2998,6
1839,ACGATCGAGGAGGT,cell_2999,6
1843,ACGCCACTTACTTC,cell_3010,6
1846,ACGCCGGAGGTCAT,cell_3014,6
1848,ACGCCTTGAGACTC,cell_3016,6
1849,ACGCGGTGTCCGTC,cell_3019,6
1868,ACTACGGATTTCTG,cell_3059,6
1869,ACTACTACCCCGTT,cell_3060,6
1876,ACTCCTCTCCTGAA,cell_3068,6
1878,ACTCGAGATCGATG,cell_3071,6
1883,ACTGCCACTGACTG,cell_3082,6
1885,ACTGTTACGGAGTG,cell_3086,6
1886,ACTTAAGAACAGTC,cell_3087,6
1904,AGACACACTCTAGG,cell_3118,6
1906,AGACCTGACTTCGC,cell_3122,6
1915,AGAGTCACGATAGA,cell_3143,6
1922,AGATCTCTGGTTCA,cell_3155,6
1945,AGCTGCCTTTGTCT,cell_3203,6
1952,AGGAATGAAGAACA,cell_3214,6
1983,AGTAGGCTGAGGAC,cell_3268,6
1985,AGTCACGACTCCCA,cell_3273,6
2000,AGTTCTACCCCTTG,cell_3308,6
2011,ATAATCGACGTAGT,cell_3333,6
2015,ATACACCTTCTCGC,cell_3340,6
2043,ATCATGCTATGCTG,cell_3392,6
2047,ATCCCGTGAACCAC,cell_3397,6
2048,ATCCCGTGCCGTTC,cell_3398,6
2061,ATCGTTTGAAAACG,cell_3418,6
2078,ATGCCGCTGCCTTC,cell_3454,6
2081,ATGCTTTGTTTGGG,cell_3462,6
2085,ATGTAAACTTACCT,cell_3468,6
2088,ATGTTAGAAAGAAC,cell_3474,6
2102,ATTCTTCTACCGAT,cell_3500,6
2113,ATTTAGGAGAGGTG,cell_3522,6
2129,CAACGTGATGCATG,cell_3547,6
2132,CAAGCTGACGTGAT,cell_3565,6
2142,CAATTCTGCCCAAA,cell_3588,6
2155,CACCCATGACAGTC,cell_3614,6
2157,CACCGGGACACTTT,cell_3617,6
2180,CAGCGGACACGGAG,cell_3664,6
2196,CAGTCAGATTTGCT,cell_3686,6
2203,CAGTTTACCGCAAT,cell_3698,6
2217,CATGCGCTGGTGAG,cell_3739,6
2239,CCAAGTGAACCGAT,cell_3781,6
2252,CCAGCGGAACTCAG,cell_3803,6
2267,CCCTCAGAAGTGCT,cell_3844,6
2287,CCTCGAACACGTAC,cell_3875,6
2292,CCTTTAGACACTAG,cell_3886,6
2296,CGAAGTACATCTCT,cell_3891,6
2297,CGAATCGAACTAGC,cell_3893,6
2313,CGAGGAGATCATTC,cell_3924,6
2318,CGAGTATGCTGTGA,cell_3930,6
2329,CGCGGATGCAATCG,cell_3957,6
2335,CGGACTCTGGACTT,cell_3967,6
2337,CGGAGGCTTTGCGA,cell_3969,6
2341,CGGCCAGAATTGGC,cell_3976,6
2342,CGGCGAACCTCCAC,cell_3977,6
2386,CTATAAGACAACCA,cell_4063,6
2395,CTATCCCTTTAGGC,cell_4074,6
2396,CTATGACTACGCAT,cell_4075,6
2400,CTCAGAGAAGCCTA,cell_4084,6
2405,CTCAGGCTGCGATT,cell_4093,6
2408,CTCGAAGACTGAAC,cell_4100,6
2410,CTCGCATGAGTGTC,cell_4106,6
2411,CTCTAAACAAAGTG,cell_4108,6
2413,CTCTAAACGTGCTA,cell_4111,6
2430,CTGGATGACATTGG,cell_4138,6
2442,CTTCATGATATGGC,cell_4161,6
2451,GAAAGCCTCCTTGC,cell_4187,6
2459,GAACGGGACAGAGG,cell_4201,6
2467,GAAGTAGACTTGCC,cell_4215,6
2475,GAATTAACGAATGA,cell_4228,6
2476,GACAACACATCGTG,cell_4231,6
2483,GACAGTTGTTCACT,cell_4243,6
2502,GAGCATACCTATGG,cell_4285,6
2507,GAGGGAACGCCAAT,cell_4298,6
2512,GAGGTGGATGTTTC,cell_4307,6
2521,GAGTGTTGAGCAAA,cell_4320,6
2523,GAGTTGTGCGTGAT,cell_4324,6
2543,GATGCATGCAGTTG,cell_4360,6
2546,GATTCGGACTTGGA,cell_4363,6
2567,GCACGTCTTCAGAC,cell_4404,6
2593,GCCGACGAGCAAGG,cell_4453,6
2596,GCCGAGTGTGTCGA,cell_4456,6
2603,GCGAGCACTCGATG,cell_4473,6
2604,GCGATATGCTCGCT,cell_4475,6
2621,GCTACAGATCCTAT,cell_4508,6
2650,GGAGACGAAAGTAG,cell_4561,6
2653,GGAGCCACGTACGT,cell_4571,6
2656,GGATGTTGGGTTTG,cell_4581,6
2659,GGCAAGGAGCTATG,cell_4587,6
2667,GGCTAAACGCGTTA,cell_4605,6
2668,GGCTAAACTCGTTT,cell_4608,6
2682,GGGTTAACTTGAGC,cell_4639,6
2690,GGTATCGAAACGTC,cell_4655,6
2703,GTACAGTGGAGGTG,cell_4676,6
2715,GTAGTCGAGTTGAC,cell_4700,6
2718,GTAGTGTGTGCGTA,cell_4706,6
2719,GTATCACTGTTGAC,cell_4708,6
2732,GTCGAATGGTCAAC,cell_4735,6
2733,GTCGCACTGTAAGA,cell_4736,6
2734,GTCGCACTTAAGCC,cell_4737,6
2735,GTCTAACTACCAAC,cell_4738,6
2755,GTTAACCTTTGGTG,cell_4775,6
2765,GTTCATACGGTAGG,cell_4790,6
2768,GTTGGATGCGTCTC,cell_4799,6
2783,TAAGCGTGATCGAC,cell_4832,6
2802,TACGATCTGGCAAG,cell_4866,6
2825,TAGGCAACGCCCTT,cell_4921,6
2841,TATAGATGGTTTGG,cell_4967,6
2842,TATAGCCTGAGCTT,cell_4970,6
2845,TATCAAGATTCCGC,cell_4977,6
2849,TATCCTGAACGGTT,cell_4984,6
2850,TATCCTGAGCCTTC,cell_4985,6
2857,TATCTTCTGTAAAG,cell_4998,6
2862,TATGCGGAAACGTC,cell_5004,6
2863,TATGCGGAGGTGTT,cell_5008,6
2875,TCAAGGTGAGATGA,cell_5026,6
2893,TCATCATGACGACT,cell_5067,6
2903,TCCATCCTTCTGGA,cell_5086,6
2917,TCGACCTGTAACGC,cell_5110,6
2928,TCGCCATGCCTATT,cell_5128,6
2932,TCTAACACACCCTC,cell_5137,6
2937,TCTAGTTGTCTCGC,cell_5144,6
2949,TGACCGCTTTTGTC,cell_5169,6
2950,TGACGAACCCAATG,cell_5170,6
2995,TGGACTGATGTGAC,cell_5259,6
3001,TGGTATCTACCAAC,cell_5274,6
3002,TGGTCAGATGTTCT,cell_5278,6
3010,TGTAGTCTAACCTG,cell_5292,6
3020,TGTGAGTGATGACC,cell_5313,6
3027,TTAACCACGTCAAC,cell_5322,6
3047,TTCACCCTACTGTG,cell_5365,6
3048,TTCACCCTCGTGTA,cell_5366,6
3052,TTCATGTGCTAAGC,cell_5380,6
3072,TTGTCATGTCTCGC,cell_5427,6
3081,TTTCAGTGTTGGCA,cell_5445,6
3096,AAACGGCTTCTATC,cell_5465,7
3098,AAAGACGAAGCCTA,cell_5467,7
3115,AACCACGAAACGAA,cell_5495,7
3123,AACGCAACGTTGGT,cell_5508,7
3126,AACGGTACACCAGT,cell_5512,7
3131,AACTACCTGTCACA,cell_5518,7
3133,AACTCTTGCTTAGG,cell_5520,7
3146,AAGCGTACCTGTAG,cell_5540,7
3149,AAGGTCACCTCGCT,cell_5545,7
3153,AAGTAACTCGCCTT,cell_5549,7
3162,AATCAAACCGACTA,cell_5559,7
3166,AATCTCTGGAACCT,cell_5569,7
3176,AATTCCTGCGAGAG,cell_5581,7
3182,ACAATAACGCGATT,cell_5591,7
3193,ACAGTTCTCATCAG,cell_5607,7
3199,ACCACAGAGTCGAT,cell_5614,7
3204,ACCAGCCTTCGTAG,cell_5619,7
3226,ACGAACTGCAGAAA,cell_5650,7
3248,ACGGTATGTAACGC,cell_5677,7
3257,ACGTGCCTCGGAGA,cell_5690,7
3258,ACGTGCCTGCAGTT,cell_5691,7
3265,ACTCAGGACTTGGA,cell_5705,7
3272,ACTCTCCTACCCAA,cell_5713,7
3275,ACTGCCACAGCGTT,cell_5716,7
3281,ACTGTTACGGAGTG,cell_5725,7
3284,ACTTGACTTGGCAT,cell_5730,7
3292,AGAAGATGAGTTCG,cell_5740,7
3303,AGAGAATGTAAGGA,cell_5759,7
3306,AGAGCTACACAGCT,cell_5763,7
3316,AGATCTCTGGTTCA,cell_5780,7
3321,AGCATGACTCGTTT,cell_5789,7
3323,AGCCAATGTCATTC,cell_5791,7
3342,AGCTTTACCGATAC,cell_5817,7
3356,AGGCCTCTAGCGGA,cell_5837,7
3358,AGGCTAACTCGCTC,cell_5839,7
3366,AGGTGGGAAGATGA,cell_5852,7
3368,AGTAAGGAGGAAAT,cell_5855,7
3372,AGTAATTGGCGTAT,cell_5859,7
3373,AGTACGTGCGTTGA,cell_5860,7
3377,AGTAGGCTAACTGC,cell_5865,7
3387,AGTGAAGAGGATTC,cell_5878,7
3388,AGTGTTCTCTTCGC,cell_5883,7
3398,ATAAGTTGTTGGTG,cell_5896,7
3402,ATACCACTGTTGGT,cell_5905,7
3410,ATACCTTGAGTCGT,cell_5916,7
3412,ATACTCTGTGGATC,cell_5918,7
3413,ATAGATACAAGTGA,cell_5920,7
3416,ATAGCCGATCGATG,cell_5923,7
3421,ATAGGAGAAACCAC,cell_5931,7
3434,ATCACGGACGTTAG,cell_5956,7
3436,ATCACTACCTGATG,cell_5958,7
3469,ATGGGTACTGTGAC,cell_6012,7
3473,ATGTACCTGAGAGC,cell_6017,7
3488,ATTAGTGAAGCTAC,cell_6040,7
3494,ATTGATGAGTTACG,cell_6052,7
3495,ATTGCACTGGGCAA,cell_6053,7
3532,CAATCGGAGTTGGT,cell_6109,7
3541,CACATGGACATTTC,cell_6130,7
3560,CACTGCACCCGATA,cell_6160,7
3569,CACTTTGAAGTCGT,cell_6172,7
3578,CAGCCTACGGCAAG,cell_6185,7
3585,CAGGCCGAACGCTA,cell_6195,7
3587,CAGGTATGGGGCAA,cell_6198,7
3595,CATAGTCTTGACTG,cell_6214,7
3606,CATGCCACTTTGGG,cell_6228,7
3608,CATGGCCTAAAACG,cell_6230,7
3611,CATGGCCTTAGAAG,cell_6234,7
3624,CATTGGGAGTTTCT,cell_6249,7
3627,CATTTGTGTTGACG,cell_6258,7
3638,CCATAGGAAACAGA,cell_6282,7
3647,CCCAAAGATGCTTT,cell_6297,7
3653,CCCATGTGCGTGAT,cell_6304,7
3658,CCCTGAACAAAGTG,cell_6311,7
3660,CCCTTACTTTGACG,cell_6316,7
3679,CCTATAACTGCACA,cell_6352,7
3684,CCTGAGCTCTCTCG,cell_6360,7
3701,CGACCTTGTACGAC,cell_6381,7
3705,CGAGCGTGAAGGGC,cell_6388,7
3707,CGAGGAGACATTTC,cell_6390,7
3712,CGATAGACAAGCAA,cell_6400,7
3719,CGCAGGACAGGTCT,cell_6409,7
3723,CGCCGAGATCCCAC,cell_6416,7
3738,CGGCATCTCATGCA,cell_6440,7
3741,CGGCGAACGAAGGC,cell_6444,7
3742,CGGCGAACGTAGGG,cell_6445,7
3759,CGTGAAACTATGGC,cell_6472,7
3763,CGTGTAGATCTGGA,cell_6476,7
3766,CGTTTAACTGTTTC,cell_6479,7
3771,CTAAGGACGTAAGA,cell_6487,7
3780,CTAGAGACCTCAAG,cell_6500,7
3790,CTATAGCTGGGAGT,cell_6514,7
3799,CTATGTACGCCATA,cell_6524,7
3808,CTCCTACTGCGTAT,cell_6539,7
3809,CTCGACACAACGGG,cell_6540,7
3816,CTCGCATGTTTCAC,cell_6548,7
3827,CTGACAGAACCTGA,cell_6561,7
3836,CTGCAGCTTTATCC,cell_6571,7
3849,CTTACTGAGAACCT,cell_6590,7
3854,CTTATCGATTACCT,cell_6598,7
3858,CTTCATGATCGTGA,cell_6602,7
3866,GAAACAGAGTCGAT,cell_6615,7
3867,GAAACAGATGTAGC,cell_6616,7
3870,GAAATACTGGAAGC,cell_6621,7
3877,GAACTGTGCGACAT,cell_6631,7
3894,GACAGTTGCTCGAA,cell_6662,7
3901,GACCTCACGTCGAT,cell_6674,7
3921,GAGCAACTCTACTT,cell_6702,7
3934,GAGTCAACTTCTCA,cell_6723,7
3937,GAGTCTGATACTCT,cell_6727,7
3942,GATAATACCAATCG,cell_6738,7
3967,GATTACCTGGTTTG,cell_6775,7
3976,GCACAATGCTCAGA,cell_6793,7
3986,GCACTGCTTTGTCT,cell_6807,7
4013,GCGACTCTTTCCCG,cell_6845,7
4015,GCGAGCACATGACC,cell_6849,7
4018,GCGATATGCTTGTT,cell_6854,7
4026,GCGTAATGACCCTC,cell_6864,7
4028,GCGTAATGGCAGAG,cell_6867,7
4036,GCTCACTGCTGTAG,cell_6880,7
4050,GGACCGTGTGAAGA,cell_6905,7
4057,GGAGAGACAACCGT,cell_6918,7
4060,GGAGGATGACGGAG,cell_6923,7
4070,GGATGTTGAGTGTC,cell_6938,7
4073,GGATTGTGTCCTAT,cell_6944,7
4075,GGCAATACTTCAGG,cell_6949,7
4083,GGCCGATGCTTCTA,cell_6960,7
4093,GGGAACGAAAAACG,cell_6972,7
4094,GGGACCTGGTGAGG,cell_6974,7
4095,GGGATGGACACTCC,cell_6975,7
4104,GGGTTAACTTGAGC,cell_6987,7
4105,GGGTTATGGCGAGA,cell_6988,7
4109,GGTACAACCCTTGC,cell_6992,7
4112,GGTATCGACCTGTC,cell_6995,7
4116,GGTCTAGACACCAA,cell_6999,7
4118,GGTGGAGAGAGGGT,cell_7002,7
4121,GGTTTACTATCGTG,cell_7005,7
4127,GTAATATGGACAGG,cell_7013,7
4131,GTACTACTCGTTGA,cell_7019,7
4142,GTATGGTGTGCATG,cell_7034,7
4159,GTCTAACTGTAAGA,cell_7062,7
4171,GTGGATTGACGTGT,cell_7082,7
4187,GTTATCTGTGTTTC,cell_7103,7
4188,GTTATCTGTTCGGA,cell_7105,7
4189,GTTCAACTAGCTAC,cell_7106,7
4194,GTTGAGTGATGCTG,cell_7112,7
4198,GTTGTACTCTTTAC,cell_7117,7
4208,TAAAGTTGGTAAAG,cell_7127,7
4212,TAACTCACCGAATC,cell_7136,7
4221,TAAGGGCTACGCAT,cell_7147,7
4224,TAATGCCTTGGAGG,cell_7153,7
4229,TACATAGATCTTCA,cell_7159,7
4234,TACCATTGTGATGC,cell_7166,7
4236,TACCGCTGACACAC,cell_7168,7
4237,TACCGCTGTGCTAG,cell_7169,7
4238,TACCGGCTCCGTAA,cell_7171,7
4243,TACGCCACCTCATT,cell_7177,7
4254,TACTCTGACCACCT,cell_7195,7
4257,TACTGGGAGCCTTC,cell_7199,7
4259,TACTGTTGTGGTTG,cell_7201,7
4261,TACTTTCTGTTGCA,cell_7204,7
4263,TACTTTCTTCACCC,cell_7206,7
4266,TAGAGAGAGTGTTG,cell_7211,7
4275,TAGCCGCTCAACCA,cell_7221,7
4285,TAGGAGCTAGGCGA,cell_7232,7
4287,TAGGCATGTCTTAC,cell_7235,7
4288,TAGGTCGAGTTTCT,cell_7237,7
4290,TAGGTGTGCACACA,cell_7239,7
4294,TAGTAATGTTGTGG,cell_7245,7
4295,TAGTTGCTCTGTCC,cell_7248,7
4297,TATACAGAGACAGG,cell_7252,7
4298,TATACCACAAAACG,cell_7253,7
4300,TATAGATGCCTACC,cell_7255,7
4304,TATCACTGGTCATG,cell_7260,7
4313,TATGAATGAAGGTA,cell_7274,7
4327,TATTTCCTTTCCCG,cell_7293,7
4330,TCAAGGTGAAAGCA,cell_7296,7
4335,TCACAACTTTGTCT,cell_7304,7
4342,TCAGCGCTGGTCTA,cell_7316,7
4354,TCCACTCTAACCTG,cell_7335,7
4357,TCCACTCTGTTCAG,cell_7339,7
4367,TCCCGATGTGCCAA,cell_7354,7
4370,TCCGAGCTCATCAG,cell_7362,7
4372,TCCGGACTGAAACA,cell_7364,7
4373,TCCTACCTTGTGCA,cell_7366,7
4377,TCCTATGATAACGC,cell_7370,7
4384,TCGAGCCTGGTACT,cell_7378,7
4386,TCGCAAGATCCTGC,cell_7381,7
4387,TCGCACACACTAGC,cell_7383,7
4398,TCTCAAACTGCAAC,cell_7400,7
4425,TGACTTTGTTGTGG,cell_7435,7
4458,TGGAAAGATTGGCA,cell_7483,7
4469,TGGTAGACCCTGTC,cell_7499,7
4471,TGGTAGTGTGCATG,cell_7502,7
4472,TGGTCAGACTAAGC,cell_7504,7
4473,TGGTCAGATGTTCT,cell_7506,7
4474,TGGTTACTTTTCGT,cell_7507,7
4478,TGTAGGTGGTAAAG,cell_7514,7
4481,TGTCAGGAGGAGCA,cell_7517,7
4486,TGTGGATGACCTAG,cell_7522,7
4500,TTACTCGAACCCTC,cell_7538,7
4503,TTAGGGACAGCTCA,cell_7543,7
4513,TTATGCACCTAGCA,cell_7555,7
4535,TTCTCAGATCTTCA,cell_7585,7
4553,TTGTCATGGAATCC,cell_7607,7
4563,AAACATACTACAGC,cell_7626,8
4568,AAACGCTGGGTTTG,cell_7632,8
4582,AACACTCTTCGCAA,cell_7673,8
4584,AACAGAGACTATGG,cell_7676,8
4597,AACGCCCTCACTCC,cell_7703,8
4611,AAGACAGATACAGC,cell_7736,8
4616,AAGCAAGACTGTCC,cell_7743,8
4618,AAGCACTGTTGGTG,cell_7746,8
4654,AATGCGTGAGGCGA,cell_7821,8
4659,AATTCCTGCGACAT,cell_7832,8
4664,ACAAATTGACACTG,cell_7841,8
4671,ACACCCTGCAAAGA,cell_7867,8
4678,ACAGTGTGTTGCTT,cell_7880,8
4694,ACCCTCGACAGAAA,cell_7920,8
4708,ACGATGACCTGTAG,cell_7948,8
4710,ACGCAATGCAACTG,cell_7951,8
4712,ACGCACCTGCAAGG,cell_7957,8
4714,ACGCCGGAACCGAT,cell_7962,8
4715,ACGCCGGAAGCGTT,cell_7963,8
4716,ACGCCTTGAGACTC,cell_7965,8
4735,ACGTGCCTTCAGGT,cell_8006,8
4747,ACTCTCCTCAGTCA,cell_8035,8
4748,ACTGAGACCTGTAG,cell_8039,8
4755,ACTGCCTGTTTACC,cell_8051,8
4764,ACTTGACTATCGGT,cell_8064,8
4768,AGAACAGAAACGTC,cell_8072,8
4778,AGACTGACGCTTCC,cell_8092,8
4783,AGATATTGCCATAG,cell_8108,8
4793,AGCATGACAGCAAA,cell_8128,8
4797,AGCCAATGTAGAGA,cell_8137,8
4798,AGCCACCTTCTCGC,cell_8139,8
4809,AGCGCCGATTCTGT,cell_8159,8
4826,AGCTTTACAGCGTT,cell_8195,8
4834,AGGATGCTGGGTGA,cell_8218,8
4846,AGGGTTTGGGATTC,cell_8243,8
4854,AGTAAGGATGCCCT,cell_8260,8
4859,AGTAGAGACCATAG,cell_8269,8
4870,AGTCGCCTGGCGAA,cell_8288,8
4876,AGTGAAGATGCCAA,cell_8299,8
4879,AGTGCAACCCCTAC,cell_8304,8
4899,ATACACCTTTGCTT,cell_8344,8
4903,ATACGTCTCCTCAC,cell_8354,8
4918,ATAGGCTGGAAAGT,cell_8381,8
4925,ATCAACCTGAATGA,cell_8397,8
4955,ATCTGACTGCATCA,cell_8462,8
4957,ATCTTGACCCATAG,cell_8469,8
4958,ATCTTTCTACCTTT,cell_8470,8
5023,CAACGTGATGCATG,cell_8599,8
5024,CAACGTGATGCTGA,cell_8600,8
5027,CAAGACTGAATGCC,cell_8607,8
5047,CACCCATGTAAGCC,cell_8652,8
5049,CACCGGGATTAGGC,cell_8654,8
5051,CACCGTACTCTTAC,cell_8656,8
5053,CACGAAACGCGATT,cell_8660,8
5064,CACTGAGAGGAAGC,cell_8688,8
5069,CAGACAACATTTCC,cell_8704,8
5074,CAGACCCTCCTGTC,cell_8710,8
5077,CAGAGGGAGTGAGG,cell_8717,8
5078,CAGAGGGATGGTGT,cell_8718,8
5085,CAGCCTTGTCGTAG,cell_8732,8
5087,CAGCTAGACTAGCA,cell_8734,8
5089,CAGCTCACTGAGGG,cell_8738,8
5094,CAGGTTGATCTAGG,cell_8747,8
5095,CAGTCAGACATACG,cell_8748,8
5097,CAGTGTGAGATGAA,cell_8753,8
5100,CATAAAACCTTACT,cell_8758,8
5106,CATAGTCTTGAGCT,cell_8771,8
5113,CATCATACTGCTCC,cell_8782,8
5123,CATGGCCTCTGTCC,cell_8806,8
5125,CATGTTACATCGGT,cell_8813,8
5127,CATTAGCTAAGATG,cell_8818,8
5129,CATTAGCTCTGTTT,cell_8821,8
5136,CCAAGATGGGATTC,cell_8839,8
5138,CCAATTTGGTTCTT,cell_8847,8
5141,CCACCATGTTGAGC,cell_8850,8
5155,CCAGCGGATTTCGT,cell_8873,8
5174,CCCAACACACTCAG,cell_8907,8
5191,CCCTCAGATTACTC,cell_8936,8
5195,CCGACTACGCGAGA,cell_8948,8
5203,CCGTAAGAGAGATA,cell_8960,8
5224,CCTTTAGAGATAAG,cell_9005,8
5232,CGACTCACACGTTG,cell_9025,8
5253,CGATACGAGCCCTT,cell_9054,8
5261,CGCAGGACAGTCAC,cell_9073,8
5267,CGCCTAACTTGACG,cell_9091,8
5280,CGGAATTGTAGAAG,cell_9108,8
5283,CGGCCAGATTCAGG,cell_9117,8
5301,CGTGCACTAGGGTG,cell_9154,8
5325,CTAGAGACAAAACG,cell_9200,8
5329,CTAGGTGAAGATGA,cell_9213,8
5346,CTATGTTGTAGAAG,cell_9244,8
5349,CTATTGTGTGCCTC,cell_9251,8
5360,CTCGAGCTCCTTTA,cell_9284,8
5363,CTCTAATGGAATAG,cell_9290,8
5364,CTCTAATGTAGAAG,cell_9292,8
5365,CTCTAATGTTTGTC,cell_9293,8
5370,CTGAAGTGAGCATC,cell_9301,8
5371,CTGAATCTTCAAGC,cell_9303,8
5375,CTGAGAACAGTCAC,cell_9308,8
5387,CTGGCACTTGCATG,cell_9326,8
5390,CTTAAAGATTCATC,cell_9331,8
5412,CTTTGATGGCGAGA,cell_9371,8
5413,GAAACCTGTCCCAC,cell_9373,8
5414,GAAAGATGACGTAC,cell_9375,8
5430,GAAGGGTGCCACCT,cell_9403,8
5432,GAAGTCACCATTTC,cell_9409,8
5433,GAATGCACATTCTC,cell_9411,8
5434,GAATGCACCCTCGT,cell_9412,8
5439,GACACTGAATGACC,cell_9424,8
5446,GACCTCTGTTCGGA,cell_9442,8
5455,GACGTCCTCGTTAG,cell_9468,8
5458,GACTCCTGCCATGA,cell_9475,8
5482,GAGTCAACTACTGG,cell_9547,8
5487,GAGTGGGACCCAAA,cell_9556,8
5489,GAGTGTTGAGAACA,cell_9560,8
5493,GAGTTGTGTCATTC,cell_9570,8
5494,GATAATACCAATCG,cell_9572,8
5499,GATAGAGATTGCGA,cell_9579,8
5521,GATTCGGAGTTGAC,cell_9618,8
5524,GATTCTTGTTCTGT,cell_9624,8
5527,GATTGGACGGAGGT,cell_9627,8
5533,GCAACTGAGCTGAT,cell_9637,8
5544,GCACGGACAAGAGT,cell_9657,8
5552,GCAGCGTGGCGTTA,cell_9668,8
5585,GCGAGCACTCGATG,cell_9738,8
5597,GCGGGACTGGTTTG,cell_9758,8
5604,GCGTATGAGTCGTA,cell_9766,8
5605,GCTACAGACTTGTT,cell_9769,8
5611,GCTGATGACAAGCT,cell_9791,8
5612,GCTTAACTGTTCTT,cell_9794,8
5625,GGACAGGATAGAAG,cell_9816,8
5638,GGAGAGACACTTTC,cell_9837,8
5644,GGAGTTTGGGCATT,cell_9849,8
5659,GGCACTCTGGGACA,cell_9874,8
5662,GGCCACGAGTTGGT,cell_9882,8
5664,GGCGCATGAGCGTT,cell_9890,8
5690,GGTATGACACACGT,cell_9945,8
5694,GGTCTAGACAACCA,cell_9953,8
5711,GTAGCTGACAGAGG,cell_9997,8
5719,GTCCAAGACCCACT,cell_10016,8
5735,GTGATTCTTCTCAT,cell_10052,8
5738,GTGCCACTGTCTTT,cell_10058,8
5740,GTGCTAGACGTAGT,cell_10061,8
5755,GTTGACGATGAGCT,cell_10102,8
5761,GTTTAAGACAATCG,cell_10110,8
5787,TACCGAGAGACAGG,cell_10178,8
5799,TACGCAGAGAGCTT,cell_10200,8
5810,TACTCAACGTCGAT,cell_10226,8
5823,TAGAGCACGAAGGC,cell_10251,8
5827,TAGCCCACCTAGTG,cell_10258,8
5833,TAGCCGCTGTGTAC,cell_10267,8
5840,TAGGCATGTAACCG,cell_10282,8
5844,TAGGTGACCAACCA,cell_10291,8
5850,TAGTCACTTTGGCA,cell_10307,8
5859,TAGTTGCTCTGTCC,cell_10322,8
5872,TATAGATGTAAAGG,cell_10340,8
5874,TATCAAGATAGCGT,cell_10346,8
5876,TATCACTGGCGTAT,cell_10349,8
5888,TATGAATGCCTTGC,cell_10369,8
5889,TATGCGGATGTCCC,cell_10374,8
5900,TCAAGGACACTTTC,cell_10395,8
5907,TCACCCGAGTCTTT,cell_10409,8
5916,TCATTCGATTCCAT,cell_10435,8
5923,TCCCAGACCTTGAG,cell_10452,8
5936,TCCTAATGTCTCCG,cell_10476,8
5940,TCCTATGATAAGGA,cell_10480,8
5948,TCGCAGCTTTCTAC,cell_10496,8
5966,TCTTCAGAGCGGAA,cell_10540,8
5973,TGAAGCACGCAGTT,cell_10550,8
5978,TGACCAGAGGACGA,cell_10559,8
5981,TGACCGCTGTCATG,cell_10563,8
5985,TGACTTTGGGGCAA,cell_10575,8
5996,TGATATGAATGCCA,cell_10601,8
5997,TGATCACTAGGAGC,cell_10603,8
6002,TGCAATCTATGCCA,cell_10615,8
6004,TGCACGCTTTGCGA,cell_10619,8
6007,TGCATGGATTAGGC,cell_10622,8
6012,TGCCGACTGAGAGC,cell_10636,8
6020,TGCTAGGACTGTAG,cell_10647,8
6026,TGCTTAACCATTGG,cell_10659,8
6030,TGGAACTGTACTCT,cell_10664,8
6047,TGGTATCTTGCTTT,cell_10691,8
6048,TGGTTACTTTTCGT,cell_10693,8
6057,TGTATGCTGTTAGC,cell_10709,8
6090,TTATGGCTTCTATC,cell_10772,8
6093,TTCAAAGAGCGATT,cell_10775,8
6108,TTCGAGGATGGTCA,cell_10802,8
6113,TTCGTATGTCCAAG,cell_10813,8
6116,TTCTAGTGCCTATT,cell_10819,8
6121,TTGAATGATGCACA,cell_10831,8
6122,TTGAGGACAAGAAC,cell_10834,8
6126,TTGGAGACATTCCT,cell_10844,8
6130,TTGGAGTGTCTCTA,cell_10848,8
6144,TTTGACTGTGTGAC,cell_10877,8
6148,AAACGCACTGAACC,cell_10886,9
6149,AAACGCTGGCAGAG,cell_10887,9
6150,AAACGCTGGGAAAT,cell_10888,9
6164,AAATCATGCTAGAC,cell_10917,9
6166,AAATCATGTGGTAC,cell_10920,9
6168,AACAAACTCCGTTC,cell_10929,9
6178,AACGCAACGTTGGT,cell_10956,9
6181,AACGCCCTAGGTCT,cell_10962,9
6182,AACGCCCTTGCCCT,cell_10964,9
6184,AACGTCGAGGCATT,cell_10968,9
6185,AACGTGTGAACGTC,cell_10969,9
6190,AAGAGATGAAGCCT,cell_10988,9
6198,AAGGCTACCTTAGG,cell_11001,9
6200,AAGGCTTGGTCGAT,cell_11004,9
6215,AATACCCTCAATCG,cell_11036,9
6222,AATCCGGAAAAGTG,cell_11049,9
6230,AATGATACTATCTC,cell_11069,9
6233,AATGCGTGTTGGCA,cell_11074,9
6240,AATGTAACTACTCT,cell_11082,9
6246,AATTGATGATCGAC,cell_11090,9
6248,AATTGATGGTTCTT,cell_11093,9
6253,ACAAGCACATGCCA,cell_11105,9
6255,ACAAGCACTGCAAC,cell_11107,9
6260,ACACCCTGAACGGG,cell_11113,9
6283,ACCACGCTGCTTAG,cell_11155,9
6312,ACGATTCTCACTCC,cell_11217,9
6318,ACGCCGGAACCGAT,cell_11226,9
6320,ACGCCTTGTACGCA,cell_11230,9
6321,ACGCGGTGCTGGTA,cell_11234,9
6348,ACTGCCTGTTTACC,cell_11296,9
6361,ACTTGACTTCAGGT,cell_11320,9
6409,AGCGGCACCTTTAC,cell_11417,9
6412,AGCTCGCTCCTAAG,cell_11427,9
6416,AGCTGTGATTTCTG,cell_11438,9
6420,AGGAAATGTCTAGG,cell_11442,9
6423,AGGACTTGATTCGG,cell_11446,9
6436,AGGTACACTTCGCC,cell_11474,9
6438,AGGTCATGTCCTAT,cell_11478,9
6448,AGTAGAGAAGCTCA,cell_11503,9
6461,AGTCTTACTCAGTG,cell_11528,9
6467,AGTGACTGCCATGA,cell_11538,9
6497,ATAGAACTGACGGA,cell_11597,9
6504,ATAGTTGATTTCTG,cell_11618,9
6519,ATCTACACGCCTTC,cell_11667,9
6526,ATGAAGGACTGAAC,cell_11682,9
6530,ATGATATGTGAGCT,cell_11687,9
6545,ATGGGTACGGCGAA,cell_11712,9
6546,ATGTCACTTCGACA,cell_11722,9
6547,ATGTCGGAACTCAG,cell_11723,9
6555,ATTACCTGCTAGTG,cell_11739,9
6583,CAAAGCACACGGGA,cell_11801,9
6587,CAAAGCTGCGAACT,cell_11806,9
6599,CAACGTGATGACAC,cell_11824,9
6600,CAAGAAGAAACCTG,cell_11827,9
6601,CAAGAAGATGACTG,cell_11829,9
6611,CAAGGTTGAGCCAT,cell_11844,9
6651,CACTGCTGGCTCCT,cell_11931,9
6657,CAGACTGAGCGTAT,cell_11947,9
6661,CAGCCTTGAACGTC,cell_11959,9
6662,CAGCCTTGAGTCTG,cell_11962,9
6667,CAGCTCACTCTCCG,cell_11972,9
6670,CAGGTTGATCTAGG,cell_11985,9
6677,CATATAGAGTCTTT,cell_12010,9
6685,CATGTACTGAACCT,cell_12035,9
6688,CATTACACACACGT,cell_12038,9
6734,CCCTACGACTACTT,cell_12134,9
6740,CCCTGATGTCGCAA,cell_12141,9
6746,CCGGAGACGGCGAA,cell_12156,9
6748,CCGTAAGAGTGTAC,cell_12161,9
6750,CCGTACACGTTGAC,cell_12165,9
6755,CCTATAACATCGAC,cell_12174,9
6776,CGAAGTACTGTGGT,cell_12205,9
6781,CGACTGCTCTGAGT,cell_12215,9
6790,CGAGGCTGAGCGGA,cell_12240,9
6805,CGCACGGATGCAAC,cell_12268,9
6814,CGCCGAGACTGACA,cell_12284,9
6828,CGGCCAGAATCGGT,cell_12313,9
6831,CGGCCAGATTCAGG,cell_12316,9
6840,CGGTAAACGGCGAA,cell_12332,9
6847,CGTAACGATTTCTG,cell_12340,9
6858,CGTTTAACCAACTG,cell_12367,9
6865,CTAAGGTGTTCGTT,cell_12382,9
6881,CTATAAGATACGCA,cell_12415,9
6890,CTATCATGGTACCA,cell_12428,9
6892,CTATCCCTTTCTGT,cell_12430,9
6919,CTCGAGCTCGATAC,cell_12470,9
6941,CTTAAAGATTCATC,cell_12516,9
6946,CTTCATGACGTGTA,cell_12533,9
6952,CTTGATTGCTCCAC,cell_12543,9
6959,CTTTAGACTGCATG,cell_12555,9
6963,CTTTGATGGGCGAA,cell_12560,9
6968,GAACCAACAAGAAC,cell_12567,9
6977,GAAGGTCTTTAGGC,cell_12587,9
6983,GAAGTGCTGTGTTG,cell_12598,9
6986,GAATGCTGCACCAA,cell_12602,9
6998,GACCCTACGTGAGG,cell_12625,9
7009,GACGGCACAGCAAA,cell_12648,9
7013,GACTCCTGGGTAGG,cell_12659,9
7039,GAGTACACCCTACC,cell_12710,9
7040,GAGTACTGCACTAG,cell_12713,9
7063,GATATTGAGGCAAG,cell_12750,9
7088,GCACAAACGCCAAT,cell_12796,9
7095,GCACGGACGTGTCA,cell_12805,9
7105,GCAGTTGATCCCGT,cell_12824,9
7111,GCCAAATGCTTATC,cell_12835,9
7132,GCGCACGAACCAGT,cell_12873,9
7156,GCTCCATGATGCTG,cell_12919,9
7158,GCTGATGAGAGGCA,cell_12924,9
7161,GCTTGAGACTTGCC,cell_12929,9
7163,GGAACACTAGCAAA,cell_12934,9
7167,GGAAGGACACGGAG,cell_12940,9
7175,GGACGAGATGATGC,cell_12962,9
7187,GGAGGCCTATACCG,cell_12984,9
7205,GGCCACGAAGATCC,cell_13015,9
7211,GGCGCATGACGCTA,cell_13027,9
7239,GGTCTAGAGCCCTT,cell_13091,9
7240,GGTGATACTATGGC,cell_13092,9
7243,GGTGGAGAGAGGGT,cell_13096,9
7249,GTAAGCACAATGCC,cell_13102,9
7255,GTACAGTGGGAACG,cell_13113,9
7256,GTACCCTGTTCCCG,cell_13114,9
7287,GTGAACACTCAGAC,cell_13188,9
7290,GTGATCGACCTACC,cell_13194,9
7295,GTGGATTGGACACT,cell_13207,9
7298,GTGTATCTTGCCTC,cell_13217,9
7303,GTTAACCTGGATTC,cell_13225,9
7305,GTTACGGACTATTC,cell_13227,9
7321,GTTTAAGACGTGAT,cell_13251,9
7327,TAAATGTGAGCCAT,cell_13262,9
7336,TAAGATACAGCGTT,cell_13282,9
7340,TAATCGCTAGTTCG,cell_13291,9
7352,TACATCACTTTGCT,cell_13316,9
7353,TACCATTGTGAACC,cell_13318,9
7356,TACGAGTGGTATGC,cell_13327,9
7364,TACGTACTTGCACA,cell_13341,9
7367,TACTCAACACTCTT,cell_13347,9
7370,TACTGGGACTCTAT,cell_13354,9
7375,TAGAATTGCAACTG,cell_13364,9
7384,TAGCCCTGCTCCCA,cell_13384,9
7401,TAGTAATGTTTCAC,cell_13411,9
7414,TATACCACCGGTAT,cell_13434,9
7426,TATCGACTTGTCAG,cell_13454,9
7430,TATGAATGCTGTGA,cell_13467,9
7441,TATTTCCTGGTCAT,cell_13486,9
7452,TCACTATGGTCGTA,cell_13512,9
7455,TCAGAGACTTCTAC,cell_13516,9
7458,TCAGCGCTTAAAGG,cell_13519,9
7470,TCCCATCTAACTGC,cell_13543,9
7487,TCGCAGCTGCTTCC,cell_13577,9
7490,TCGTGAGAAGTGTC,cell_13586,9
7495,TCTACAACACGGGA,cell_13595,9
7513,TGAAGCACAGTGCT,cell_13627,9
7524,TGACGCCTACCTAG,cell_13645,9
7540,TGATTCTGTCAGGT,cell_13685,9
7550,TGCCACTGACACCA,cell_13705,9
7556,TGCGATGAGCGATT,cell_13723,9
7571,TGGACTGAGTATGC,cell_13755,9
7573,TGGATCGACTGACA,cell_13759,9
7588,TGGTCAGAATTGGC,cell_13785,9
7595,TGTAGGTGAGCTCA,cell_13799,9
7600,TGTATCTGCCACCT,cell_13805,9
7609,TGTTAAGACTCAGA,cell_13822,9
7620,TTAGAATGCTTAGG,cell_13842,9
7621,TTAGAATGTCCTCG,cell_13843,9
7624,TTAGCTACAGAGAT,cell_13849,9
7641,TTCATGACCCGCTT,cell_13888,9
7667,TTGCTATGGTACCA,cell_13932,9
7668,TTGCTATGGTCTAG,cell_13933,9
7672,TTGGGAACACTAGC,cell_13939,9
7676,TTTAGCTGGCTGAT,cell_13952,9
7679,TTTATCCTACACTG,cell_13958,9
7681,TTTCACGAATTCTC,cell_13961,9
7682,TTTCACGACGCCTT,cell_13962,9
7690,AAACGCACTGAACC,cell_13979,10
7696,AAAGCCTGAACAGA,cell_13988,10
7698,AAAGTTTGTCTACT,cell_13990,10
7713,AAATTGACACCTCC,cell_14012,10
7721,AACAGAGAGGGAGT,cell_14022,10
7722,AACAGAGAGGTTCA,cell_14023,10
7725,AACATTGAGTCTTT,cell_14029,10
7752,AAGAAGACTAAGGA,cell_14065,10
7759,AAGCACTGAAACGA,cell_14081,10
7798,AATGAGGAACAGTC,cell_14136,10
7801,AATGCGTGGTCTTT,cell_14144,10
7805,AATGTCCTTTCATC,cell_14151,10
7809,ACAAGAGACATTCT,cell_14161,10
7821,ACACGTGAGGTGGA,cell_14177,10
7835,ACCCAAGATGCCTC,cell_14207,10
7854,ACGACAACAAGTAG,cell_14233,10
7855,ACGATCGACTGGTA,cell_14235,10
7873,ACGTAGACTCTATC,cell_14262,10
7880,ACTACTACCCCGTT,cell_14275,10
7885,ACTCCTCTCTGAGT,cell_14284,10
7888,ACTCTCCTGCAGTT,cell_14290,10
7892,ACTGCCTGCTGCTC,cell_14297,10
7893,ACTGCCTGTAGACC,cell_14298,10
7911,AGAATACTTCTTCA,cell_14323,10
7927,AGAGTGCTGTGCTA,cell_14349,10
7928,AGAGTGCTTACGCA,cell_14350,10
7930,AGATATTGCTCTAT,cell_14352,10
7936,AGCCAATGGTCTAG,cell_14365,10
7971,AGGCCTCTCATGAC,cell_14419,10
7973,AGGGACGACGACTA,cell_14422,10
7987,AGTAGAGACCATAG,cell_14450,10
8008,ATACAATGCGTACA,cell_14499,10
8023,ATAGGAGATCCTCG,cell_14524,10
8025,ATAGTTGATTTCTG,cell_14528,10
8033,ATCACTACTGAGAA,cell_14543,10
8047,ATCGCGCTTACGAC,cell_14567,10
8056,ATCTGACTACTCTT,cell_14577,10
8087,ATGTTGCTCGCTAA,cell_14623,10
8092,ATTAGATGCTCGAA,cell_14628,10
8093,ATTAGATGTTCCAT,cell_14629,10
8094,ATTAGTGAAGCTAC,cell_14630,10
8095,ATTAGTGAATCTCT,cell_14631,10
8113,ATTGGGTGAGAGGC,cell_14663,10
8114,ATTGGGTGTCAGTG,cell_14664,10
8116,ATTGGTCTGGTTTG,cell_14666,10
8129,CAACCGCTCCTTGC,cell_14686,10
8132,CAACGATGTATCGG,cell_14690,10
8144,CAATATGATAGAGA,cell_14715,10
8146,CAATCGGATCTCTA,cell_14718,10
8155,CACAATCTTTCTCA,cell_14729,10
8163,CACCGGGAGGTCTA,cell_14739,10
8168,CACGATGAGTCCTC,cell_14750,10
8171,CACTATACCCAAGT,cell_14757,10
8174,CACTCCGAGAAAGT,cell_14760,10
8175,CACTCCGAGGCGAA,cell_14761,10
8176,CACTCCGAGGTATC,cell_14762,10
8179,CACTTTGATCTCTA,cell_14769,10
8184,CAGCGGACTTTCAC,cell_14783,10
8189,CAGGCCGAACGCTA,cell_14791,10
8196,CAGTCAGATTTGCT,cell_14805,10
8206,CATACTACTGTTCT,cell_14822,10
8215,CATCCCGACCCTAC,cell_14838,10
8229,CATTGTTGCCCGTT,cell_14863,10
8232,CATTTCGATTCACT,cell_14868,10
8238,CCACCTGATCTTAC,cell_14879,10
8256,CCATGCTGGAGCTT,cell_14907,10
8261,CCCACATGCAGGAG,cell_14914,10
8275,CCGGAGACGTCAAC,cell_14936,10
8281,CCGTACACAGGCGA,cell_14942,10
8285,CCTAGAGAAGGTTC,cell_14948,10
8296,CCTTTAGATAACGC,cell_14967,10
8308,CGACTCACGACGAG,cell_14988,10
8315,CGAGGAGACGCAAT,cell_14995,10
8326,CGATCCACCGTGAT,cell_15014,10
8331,CGCACTTGAGGAGC,cell_15021,10
8335,CGCATAGAGCGTAT,cell_15026,10
8348,CGGATATGCTCATT,cell_15049,10
8366,CGTACAGATAGCCA,cell_15072,10
8376,CGTGAATGTTTCGT,cell_15085,10
8377,CGTGTAGATCTGGA,cell_15088,10
8392,CTAGGCCTCCTGAA,cell_15108,10
8402,CTATTGACTCTTTG,cell_15130,10
8405,CTCAATTGTAACCG,cell_15135,10
8412,CTCCTACTGAGCTT,cell_15146,10
8417,CTCGACTGTCCTTA,cell_15153,10
8427,CTGAAGTGCTTCTA,cell_15164,10
8431,CTGATTTGTGTTTC,cell_15172,10
8432,CTGCAGCTAACAGA,cell_15173,10
8449,CTTATCGATACAGC,cell_15201,10
8455,CTTTAGTGATTTCC,cell_15210,10
8457,CTTTGATGACGCAT,cell_15213,10
8487,GACCCTACTTGCGA,cell_15269,10
8494,GACCTCTGTTCGGA,cell_15279,10
8505,GACGTCCTGAATGA,cell_15294,10
8507,GACTCCTGAAGATG,cell_15297,10
8512,GACTTTACTCTTTG,cell_15304,10
8524,GAGCGGCTCTTGTT,cell_15320,10
8526,GAGGATCTGGAAAT,cell_15326,10
8544,GATAGAGAGATAAG,cell_15350,10
8555,GATCTTTGACCAAC,cell_15368,10
8573,GCAACTGATCAGAC,cell_15394,10
8574,GCAATCGAGTGTTG,cell_15395,10
8595,GCAGTCCTACGTTG,cell_15424,10
8609,GCCGAGTGGTGAGG,cell_15450,10
8621,GCGATATGACCCTC,cell_15467,10
8624,GCGCGAACACCATG,cell_15470,10
8625,GCGCGAACTGTCGA,cell_15471,10
8633,GCGTAAACACACGT,cell_15481,10
8678,GGAGACGACCAACA,cell_15538,10
8692,GGCAATACAGAAGT,cell_15566,10
8696,GGCCGAACTTATCC,cell_15579,10
8699,GGCGACACGTCTAG,cell_15584,10
8709,GGGCAAGAAGGCGA,cell_15601,10
8712,GGGCAGCTCATGAC,cell_15605,10
8717,GGGCCAACGTCTTT,cell_15610,10
8719,GGGTAACTAAGCAA,cell_15613,10
8738,GGTTGAACGGGACA,cell_15641,10
8755,GTAGCCCTCGGTAT,cell_15664,10
8758,GTAGCTGATGGAAA,cell_15667,10
8763,GTATGGTGGGTTTG,cell_15673,10
8771,GTCCACTGTCCTAT,cell_15689,10
8773,GTCCCATGGATACC,cell_15693,10
8786,GTGGATTGGTGTCA,cell_15721,10
8804,GTTAGGTGAAGAGT,cell_15747,10
8813,GTTGAGTGATGCTG,cell_15767,10
8825,TAAGCTCTCCTCCA,cell_15791,10
8846,TACGCAGACGAGTT,cell_15827,10
8848,TACGCCACTCCTCG,cell_15829,10
8855,TACTACACTGTCAG,cell_15837,10
8861,TACTGTTGACACCA,cell_15846,10
8872,TAGATCCTATCTCT,cell_15863,10
8877,TAGCCGCTCTGCTC,cell_15871,10
8879,TAGGCAACCTTCTA,cell_15876,10
8888,TAGTACCTAGGTCT,cell_15890,10
8895,TAGTTCACGTCTAG,cell_15905,10
8897,TAGTTGCTGTAGGG,cell_15907,10
8906,TATCACTGCTACCC,cell_15925,10
8925,TCAAGTCTCCGCTT,cell_15962,10
8936,TCAGTGGAAACCGT,cell_15986,10
8937,TCAGTGGACAAGCT,cell_15987,10
8939,TCAGTTACAAGGGC,cell_15989,10
8946,TCCCATCTTCAGGT,cell_16007,10
8950,TCCGAAGATGTGGT,cell_16012,10
8956,TCCTATGATCTCAT,cell_16021,10
8962,TCGAGCCTGATGAA,cell_16029,10
8963,TCGAGCCTGGTCAT,cell_16030,10
8979,TCGTGAGACAATCG,cell_16053,10
8980,TCGTGAGATCCTCG,cell_16055,10
8995,TGAAATTGCGTAAC,cell_16078,10
9026,TGATTAGATTCTTG,cell_16124,10
9053,TGGACTGACCATGA,cell_16165,10
9063,TGGCAATGGCGGAA,cell_16180,10
9075,TGGTTACTGCGTTA,cell_16194,10
9077,TGTAACCTCGAATC,cell_16197,10
9079,TGTAATGACCCTCA,cell_16199,10
9086,TGTATGCTCAACCA,cell_16207,10
9101,TGTTACACTTTGGG,cell_16226,10
9102,TGTTACTGCCGAAT,cell_16227,10
9107,TTAGAATGCTTCCG,cell_16236,10
9114,TTAGTCACTTCATC,cell_16246,10
9128,TTCAGTTGGGGCAA,cell_16266,10
9131,TTCATGTGGGTAGG,cell_16272,10
9135,TTCCTAGAAAGCAA,cell_16277,10
9138,TTCGAGGAATTTCC,cell_16281,10
9143,TTCTAGTGACACGT,cell_16288,10
9145,TTCTGATGGGGCAA,cell_16290,10
9162,TTTAGCTGGGACAG,cell_16319,10
9166,TTTCAGTGTTGGCA,cell_16323,10
9178,AAACGGCTCAAGCT,cell_16344,12
9190,AAAGCAGACAAGCT,cell_16361,12
9205,AAATGGGAAGCGGA,cell_16393,12
9214,AAATTCGAAGGCGA,cell_16403,12
9224,AACACTCTATGCCA,cell_16416,12
9248,AACCTACTACTGTG,cell_16450,12
9250,AACCTACTCGGTAT,cell_16452,12
9254,AACCTTACCGAACT,cell_16456,12
9255,AACCTTACTGAGAA,cell_16458,12
9258,AACGCAACAGTACC,cell_16463,12
9261,AACGCCCTGGAGGT,cell_16467,12
9265,AACGGTTGCCCACT,cell_16475,12
9268,AACGTTCTACCTCC,cell_16481,12
9311,AAGCCATGATGTGC,cell_16549,12
9317,AAGCGACTAAGAGT,cell_16555,12
9328,AAGGTCACCACTAG,cell_16573,12
9338,AAGTCCGATGAACC,cell_16591,12
9342,AAGTCTCTTCTTTG,cell_16595,12
9347,AAGTGGCTAGTACC,cell_16603,12
9353,AATAAGCTCTCTTA,cell_16614,12
9360,AATAGGGACGAGAG,cell_16627,12
9367,AATCCTTGGCTACA,cell_16635,12
9378,AATGAGGAGTTGGT,cell_16653,12
9381,AATGCGTGAACCTG,cell_16658,12
9388,AATGTCCTGAGGGT,cell_16670,12
9404,ACAAAGGACCATGA,cell_16695,12
9410,ACAAGAGATCGTTT,cell_16709,12
9418,ACACAGACTGTGGT,cell_16724,12
9426,ACACCCTGCAAAGA,cell_16735,12
9427,ACACCCTGGTACAC,cell_16736,12
9431,ACACGAACGTGCAT,cell_16743,12
9440,ACAGCAACAAGTGA,cell_16758,12
9445,ACAGTCGATGAGGG,cell_16769,12
9462,ACCACAGACATTCT,cell_16793,12
9483,ACCCAAGATCGTGA,cell_16822,12
9528,ACGACCCTTATTCC,cell_16896,12
9536,ACGATGACTAAGCC,cell_16907,12
9537,ACGATTCTGGGCAA,cell_16909,12
9541,ACGCAATGCGGGAA,cell_16914,12
9572,ACGGTAACGTATGC,cell_16963,12
9578,ACGTAGACAATCGC,cell_16972,12
9579,ACGTAGACCAGATC,cell_16973,12
9594,ACGTGCCTAATGCC,cell_16992,12
9605,ACTACGGAGGTACT,cell_17007,12
9610,ACTAGGTGTTCTAC,cell_17016,12
9613,ACTATCACTCCAGA,cell_17020,12
9614,ACTATCACTTGAGC,cell_17021,12
9619,ACTCAGGACTTGGA,cell_17026,12
9624,ACTCCCGAATCTCT,cell_17032,12
9636,ACTGAGACCTGAGT,cell_17048,12
9662,ACTTCTGATTCTAC,cell_17092,12
9663,ACTTGACTAACTGC,cell_17093,12
9684,AGAACGCTGTTTGG,cell_17119,12
9686,AGAATACTAAGCAA,cell_17123,12
9687,AGAATACTACCCTC,cell_17124,12
9693,AGAATTTGCTTGCC,cell_17130,12
9695,AGACACTGCGAACT,cell_17135,12
9719,AGAGGTCTGTTCTT,cell_17171,12
9722,AGAGTCACCCTGTC,cell_17174,12
9730,AGATATTGTAGACC,cell_17186,12
9741,AGCAACACCTAAGC,cell_17203,12
9762,AGCCGGTGATGACC,cell_17236,12
9765,AGCCGGTGTCTTTG,cell_17239,12
9773,AGCGATACCTTCTA,cell_17255,12
9790,AGCGTAACTCCTCG,cell_17281,12
9791,AGCTCGCTAACTGC,cell_17282,12
9799,AGCTTTACCGATAC,cell_17296,12
9801,AGGAAATGGCATCA,cell_17300,12
9810,AGGACTTGCTCAAG,cell_17314,12
9823,AGGCAGGACGAGAG,cell_17334,12
9825,AGGCAGGATTCCCG,cell_17337,12
9827,AGGCCTCTCGAATC,cell_17339,12
9834,AGGCTAACTTGCGA,cell_17348,12
9839,AGGGCCTGGTCACA,cell_17358,12
9843,AGGGTGGAGGTAGG,cell_17363,12
9846,AGGGTTTGCTCGCT,cell_17367,12
9854,AGGTCTGAATACCG,cell_17378,12
9863,AGGTGTTGTTCCAT,cell_17393,12
9870,AGGTTGTGCCAATG,cell_17402,12
9890,AGTAGGCTTGGGAG,cell_17434,12
9894,AGTATAACGATACC,cell_17438,12
9905,AGTCGCCTCGAACT,cell_17454,12
9910,AGTCTTACAGTCGT,cell_17459,12
9934,AGTTCTACGGAGTG,cell_17499,12
9945,AGTTTCACCAAGCT,cell_17518,12
9948,AGTTTCACTCAGAC,cell_17521,12
9949,AGTTTCACTCCAGA,cell_17522,12
9954,ATAACAACGAAACA,cell_17534,12
9955,ATAACAACTAAAGG,cell_17536,12
9966,ATAACCCTTATGCG,cell_17549,12
9983,ATACCACTGTGTAC,cell_17581,12
9988,ATACCTACCCTATT,cell_17587,12
10000,ATAGCCGACGCAAT,cell_17606,12
10009,ATAGGAGACAATCG,cell_17620,12
10014,ATAGGCTGTGGAAA,cell_17626,12
10018,ATAGTCCTGTTCAG,cell_17633,12
10085,ATCTCAACTAGAGA,cell_17729,12
10087,ATCTGACTGATAAG,cell_17733,12
10094,ATCTTGACTACTTC,cell_17742,12
10107,ATGACGTGGGGCAA,cell_17761,12
10128,ATGCCAGATACGCA,cell_17794,12
10134,ATGGACACAAACGA,cell_17807,12
10145,ATGTCACTAGAACA,cell_17823,12
10154,ATGTTAGAGAATCC,cell_17835,12
10183,ATTCCATGTGGTTG,cell_17883,12
10192,ATTCTGACTGCCTC,cell_17896,12
10197,ATTGATGAACAGTC,cell_17902,12
10198,ATTGATGATCAGAC,cell_17904,12
10206,ATTGCTTGGTAAAG,cell_17915,12
10209,ATTGGTCTCCTAAG,cell_17921,12
10222,ATTTCGTGCACTCC,cell_17941,12
10224,ATTTCTCTGCTCCT,cell_17944,12
10227,CAAACTCTCGCAAT,cell_17951,12
10236,CAAATATGGTTACG,cell_17963,12
10247,CAACGTGAGACGTT,cell_17982,12
10248,CAACGTGATTGTGG,cell_17983,12
10249,CAACTTTGCCAATG,cell_17984,12
10252,CAACTTTGTACTCT,cell_17989,12
10264,CAAGGACTGCATAC,cell_18008,12
10271,CAATAAACTGCATG,cell_18020,12
10280,CAATGGACACTTTC,cell_18039,12
10282,CAATGGACTGTGAC,cell_18041,12
10289,CACACCTGCTTGCC,cell_18051,12
10290,CACAGAACTAGAGA,cell_18052,12
10292,CACAGATGGAGATA,cell_18055,12
10308,CACCGGGATTCTGT,cell_18085,12
10310,CACCGTACTCTTAC,cell_18088,12
10317,CACGATGAGAGGAC,cell_18100,12
10332,CACTAGGATTCTAC,cell_18118,12
10341,CACTCTCTTGCAAC,cell_18135,12
10345,CACTGCTGACTACG,cell_18140,12
10366,CAGATGACGTTGAC,cell_18177,12
10369,CAGCATGACAGGAG,cell_18184,12
10376,CAGCCTTGTCGTAG,cell_18196,12
10382,CAGCTAGAAGGAGC,cell_18205,12
10383,CAGCTAGAATGCTG,cell_18206,12
10385,CAGCTCACGACAAA,cell_18210,12
10388,CAGCTCTGGTGTCA,cell_18216,12
10394,CAGGTAACGTTGTG,cell_18224,12
10401,CAGGTATGTTCTGT,cell_18232,12
10406,CAGTGATGACCGAT,cell_18238,12
10408,CAGTGTGACCTCCA,cell_18240,12
10422,CATACTTGTGCAAC,cell_18256,12
10435,CATCGCTGAGACTC,cell_18274,12
10441,CATCTTGACGACTA,cell_18283,12
10442,CATGAGACACAGCT,cell_18286,12
10449,CATGGATGCATTGG,cell_18298,12
10452,CATGGCCTACCAGT,cell_18304,12
10454,CATGGCCTGACAGG,cell_18306,12
10456,CATGGCCTTGTCGA,cell_18308,12
10460,CATGTTACTGTCTT,cell_18315,12
10462,CATGTTTGATTGGC,cell_18319,12
10482,CCAAGATGCAGGAG,cell_18355,12
10483,CCAAGATGGGAAGC,cell_18356,12
10486,CCAATGGAGGTATC,cell_18362,12
10491,CCAATTTGGTTCTT,cell_18368,12
10493,CCACCATGAAGCAA,cell_18370,12
10496,CCACCTGAGTTGTG,cell_18373,12
10512,CCAGCTACCTATTC,cell_18402,12
10514,CCAGGTCTAGATCC,cell_18405,12
10526,CCATCGTGTCTCCG,cell_18426,12
10540,CCCATGTGGATACC,cell_18452,12
10544,CCCGAACTCAGAGG,cell_18457,12
10557,CCCTTACTCTCCAC,cell_18490,12
10577,CCGTACACGAAGGC,cell_18519,12
10580,CCTAAACTATGGTC,cell_18522,12
10589,CCTATAACAACGGG,cell_18536,12
10596,CCTCATCTTGGTAC,cell_18548,12
10598,CCTCTACTGAATAG,cell_18550,12
10603,CCTGAGCTAACAGA,cell_18556,12
10604,CCTGAGCTCTCTCG,cell_18557,12
10607,CCTGCAACTGGCAT,cell_18562,12
10609,CCTGGACTTTTACC,cell_18564,12
10642,CGAGGCACATAAGG,cell_18621,12
10649,CGAGTATGACCATG,cell_18631,12
10650,CGAGTATGAGCACT,cell_18632,12
10677,CGCAGGACAGTCAC,cell_18678,12
10682,CGCAGGTGTCCGAA,cell_18685,12
10691,CGCCATTGGAACTC,cell_18699,12
10698,CGCCTAACTGAGAA,cell_18707,12
10706,CGCGGATGTTCTCA,cell_18717,12
10730,CGGCGAACCTAGAC,cell_18756,12
10744,CGTAACGATGTGAC,cell_18779,12
10750,CGTAGCCTAGTCGT,cell_18788,12
10751,CGTAGCCTATGTCG,cell_18789,12
10758,CGTCGACTGGGACA,cell_18800,12
10767,CGTGCACTTGCATG,cell_18818,12
10788,CTAACTACTCGCTC,cell_18855,12
10792,CTAATAGAATTCCT,cell_18862,12
10797,CTACCTCTCATTGG,cell_18874,12
10813,CTACTCCTGAGGTG,cell_18900,12
10815,CTAGAGACCCTGAA,cell_18902,12
10817,CTAGAGACTGAGGG,cell_18905,12
10818,CTAGATCTCACTCC,cell_18907,12
10825,CTAGTTTGATAAGG,cell_18921,12
10826,CTAGTTTGCTCCCA,cell_18923,12
10829,CTATAAGAGTGAGG,cell_18926,12
10842,CTATCCCTTTCTGT,cell_18948,12
10847,CTATGTTGCCCAAA,cell_18953,12
10849,CTATTGACTCTTTG,cell_18958,12
10855,CTCAGCACGTCAAC,cell_18971,12
10857,CTCAGGCTACTACG,cell_18973,12
10868,CTCCTACTGCGTAT,cell_18990,12
10872,CTCGACTGCAGCTA,cell_18999,12
10878,CTCGAGCTCGATAC,cell_19006,12
10881,CTCTAAACAAAGTG,cell_19010,12
10885,CTGAACGAAGCCAT,cell_19016,12
10897,CTGAGAACAGTCAC,cell_19032,12
10900,CTGAGCCTACCCTC,cell_19037,12
10913,CTGATGGATGGGAG,cell_19054,12
10920,CTGGATGAGTCGAT,cell_19069,12
10921,CTGGATGATGTCCC,cell_19070,12
10936,CTTAAGCTCAACTG,cell_19095,12
10949,CTTAGACTACAGTC,cell_19113,12
10950,CTTAGACTGTGAGG,cell_19114,12
10955,CTTCACCTCGAGTT,cell_19124,12
10956,CTTCACCTGTTAGC,cell_19126,12
10958,CTTCATGACAGAAA,cell_19129,12
10961,CTTCATGATATGCG,cell_19133,12
10963,CTTGAACTGTCACA,cell_19137,12
10965,CTTGAGGAACGTTG,cell_19139,12
10968,CTTGATTGGCATAC,cell_19143,12
10983,CTTTCAGATGTCGA,cell_19163,12
10987,GAAACAGAAGCGGA,cell_19169,12
10990,GAAACCTGGTTGTG,cell_19173,12
10994,GAAAGATGTGATGC,cell_19181,12
11011,GAACTGTGGAGGCA,cell_19209,12
11017,GAAGCGGAGTTCTT,cell_19218,12
11036,GAAGTCTGGTAAGA,cell_19245,12
11069,GACGAACTGCCTTC,cell_19304,12
11072,GACGAACTTTGACG,cell_19307,12
11101,GACTGTGAACCTAG,cell_19357,12
11111,GAGATCACAAGGTA,cell_19371,12
11113,GAGATGCTAACGAA,cell_19374,12
11117,GAGCAACTGGAAGC,cell_19379,12
11127,GAGCGCTGGACACT,cell_19397,12
11128,GAGCGCTGGGGCAA,cell_19398,12
11131,GAGCGGCTATTTCC,cell_19401,12
11135,GAGGACGAACCGAT,cell_19410,12
11137,GAGGATCTGGAAAT,cell_19414,12
11139,GAGGATCTTCCAAG,cell_19416,12
11148,GAGGGATGTAGAGA,cell_19429,12
11164,GAGTACTGTCGCCT,cell_19459,12
11179,GAGTTGTGGTCCTC,cell_19479,12
11183,GATACTCTTTTACC,cell_19491,12
11188,GATATAACGAGGTG,cell_19504,12
11192,GATATCCTGGATCT,cell_19509,12
11195,GATATTGAGGGTGA,cell_19514,12
11200,GATCGATGGATAAG,cell_19527,12
11205,GATCTACTACCTCC,cell_19535,12
11212,GATGCCCTAAGATG,cell_19551,12
11214,GATTACCTGCCTTC,cell_19555,12
11215,GATTACCTTGCCAA,cell_19557,12
11232,GCAATCGAGCGAGA,cell_19590,12
11235,GCAATTCTTCAGTG,cell_19596,12
11252,GCACTAGATGTCCC,cell_19619,12
11254,GCACTGCTGCTGAT,cell_19621,12
11260,GCAGCGTGTCTTAC,cell_19629,12
11273,GCATGTGACCAATG,cell_19651,12
11280,GCCAACCTACACCA,cell_19664,12
11288,GCCATCACGCATAC,cell_19680,12
11289,GCCATGCTAACCTG,cell_19681,12
11302,GCCGGAACATCAGC,cell_19706,12
11315,GCCTAGCTGACGTT,cell_19724,12
11324,GCGAAGGACTGACA,cell_19735,12
11339,GCGCGAACCGCATA,cell_19762,12
11346,GCGTAAACACACGT,cell_19777,12
11356,GCTACAGAGTATCG,cell_19794,12
11358,GCTACCTGATCTTC,cell_19796,12
11363,GCTACGCTAGCATC,cell_19801,12
11367,GCTAGATGCGAGAG,cell_19806,12
11376,GCTCACTGTGCAGT,cell_19819,12
11377,GCTCAGCTCTATGG,cell_19820,12
11379,GCTCGACTATTCGG,cell_19823,12
11385,GCTTAACTACCACA,cell_19830,12
11389,GCTTGAGATCCTGC,cell_19836,12
11400,GGACAGGATAGAAG,cell_19857,12
11444,GGATGTTGGTACGT,cell_19931,12
11446,GGATTGTGCTTATC,cell_19933,12
11464,GGCCAGACAGATCC,cell_19965,12
11469,GGCCCAGATGCTCC,cell_19971,12
11473,GGCCGATGCTTCTA,cell_19979,12
11476,GGCGCATGAGCACT,cell_19987,12
11492,GGGACCACGTCATG,cell_20014,12
11493,GGGACCACGTTGAC,cell_20015,12
11494,GGGACCACTCCGTC,cell_20016,12
11496,GGGACCTGCCCTCA,cell_20019,12
11500,GGGATGGACCTACC,cell_20025,12
11507,GGGCAAGAAGGCGA,cell_20035,12
11519,GGGTAACTTCTTTG,cell_20050,12
11520,GGGTTAACCGAGTT,cell_20051,12
11540,GGTATGACGTAAGA,cell_20078,12
11541,GGTATGACTTGGCA,cell_20079,12
11551,GGTTGAACAGTGCT,cell_20097,12
11554,GTAACGTGAGAATG,cell_20100,12
11555,GTAAGCACAATGCC,cell_20101,12
11562,GTAATAACCCATAG,cell_20112,12
11563,GTAATAACGGAAGC,cell_20113,12
11564,GTAATAACGGTGAG,cell_20114,12
11567,GTACAGTGGGAACG,cell_20119,12
11571,GTACGAACCGTTGA,cell_20124,12
11576,GTACGTGACCCTTG,cell_20130,12
11577,GTACGTGACGATAC,cell_20131,12
11579,GTACTACTATTCGG,cell_20133,12
11580,GTACTACTGCTGAT,cell_20134,12
11594,GTAGCTGAATGCTG,cell_20155,12
11596,GTAGCTGATTCTGT,cell_20158,12
11608,GTATCACTCACACA,cell_20175,12
11611,GTATGGTGGGATCT,cell_20182,12
11616,GTATTCACTTCTGT,cell_20189,12
11617,GTCAACGAATCTCT,cell_20190,12
11643,GTCCCATGCTCTTA,cell_20224,12
11647,GTCGAATGGATACC,cell_20229,12
11655,GTCTAACTACCAAC,cell_20242,12
11656,GTCTAACTGAATGA,cell_20244,12
11664,GTCTGAGATCCCAC,cell_20253,12
11672,GTGAGGGATGTCAG,cell_20270,12
11676,GTGATGACAAGAAC,cell_20279,12
11681,GTGATGACCTCTCG,cell_20285,12
11682,GTGATGACGAACCT,cell_20287,12
11695,GTGGAGGAAACAGA,cell_20302,12
11723,GTTAGTCTGGAAGC,cell_20348,12
11726,GTTAGTCTTGAGAA,cell_20352,12
11733,GTTCAACTTAAGGA,cell_20365,12
11744,GTTGTACTAAAGTG,cell_20383,12
11750,GTTTAAGAAGGAGC,cell_20390,12
11765,TAACAATGCTGGAT,cell_20410,12
11772,TAACCGGAGGTGGA,cell_20423,12
11776,TAACTAGAAGTCGT,cell_20431,12
11782,TAAGAACTCCACCT,cell_20439,12
11784,TAAGAGGAACCATG,cell_20441,12
11804,TAATGAACAAAGCA,cell_20473,12
11805,TAATGAACACGTAC,cell_20474,12
11808,TAATGAACGGTAGG,cell_20477,12
11820,TACAATGATGAAGA,cell_20494,12
11821,TACACACTACCATG,cell_20495,12
11823,TACATAGACGAACT,cell_20501,12
11832,TACCGCTGACACAC,cell_20513,12
11849,TACGCAGAAAGAGT,cell_20543,12
11856,TACGGAACCACTCC,cell_20553,12
11859,TACGGAACGTTCGA,cell_20556,12
11866,TACGTTACCTCGAA,cell_20566,12
11883,TACTTTCTGTTGCA,cell_20596,12
11892,TAGAGAGAAATCGC,cell_20609,12
11902,TAGCATCTTGAAGA,cell_20627,12
11903,TAGCCCACCTAGTG,cell_20629,12
11905,TAGCCCACTGTTTC,cell_20631,12
11907,TAGCCCTGCTCCCA,cell_20634,12
11938,TAGTAAACCATGCA,cell_20677,12
11950,TAGTCTTGCTCTCG,cell_20704,12
11960,TAGTTGCTACACTG,cell_20719,12
11964,TAGTTGCTGTAGGG,cell_20723,12
11967,TATAAGACAAAGCA,cell_20727,12
11975,TATACCACCTTCTA,cell_20738,12
11989,TATCAGCTTGAGCT,cell_20757,12
12004,TATGCGGACGTAAC,cell_20784,12
12025,TATTGCTGTATCGG,cell_20816,12
12028,TATTTCCTCGCTAA,cell_20819,12
12036,TCAAGTCTTGTCCC,cell_20831,12
12040,TCACAACTAAAGTG,cell_20837,12
12042,TCACAACTTAGTCG,cell_20840,12
12051,TCACCCGATTCATC,cell_20853,12
12059,TCACTATGAGTCAC,cell_20863,12
12060,TCAGACGAAAGGCG,cell_20866,12
12070,TCAGTGGACTTGAG,cell_20888,12
12074,TCATCAACCTGATG,cell_20895,12
12079,TCATTCGACCTACC,cell_20902,12
12081,TCATTCGATTCCAT,cell_20905,12
12089,TCCACTCTTCGTAG,cell_20915,12
12090,TCCAGAGACATGAC,cell_20918,12
12119,TCCTAAACGTAAAG,cell_20963,12
12121,TCCTATGAACCTAG,cell_20969,12
12130,TCGATACTCCCAAA,cell_20983,12
12140,TCGCCATGGGGCAA,cell_20998,12
12150,TCGTTATGGATAGA,cell_21017,12
12155,TCTAACTGAAAAGC,cell_21023,12
12160,TCTAGACTCTGTAG,cell_21030,12
12174,TCTCCACTGAATGA,cell_21049,12
12182,TCTTACGAAACCTG,cell_21060,12
12183,TCTTACGATCATTC,cell_21062,12
12217,TGAGCAACCCCTAC,cell_21113,12
12230,TGAGTCGAAACGAA,cell_21129,12
12243,TGATCACTGTAAAG,cell_21145,12
12265,TGCAATCTTTTCGT,cell_21177,12
12280,TGCCGACTGTCATG,cell_21209,12
12288,TGCGCACTCCCTTG,cell_21222,12
12294,TGCTGAGACTTATC,cell_21232,12
12316,TGGAGGGAAAGGCG,cell_21263,12
12321,TGGATCGACTGACA,cell_21268,12
12325,TGGATGTGAGAATG,cell_21273,12
12326,TGGATGTGTTTCTG,cell_21275,12
12331,TGGTACGACCTCAC,cell_21284,12
12336,TGGTCAGACACACA,cell_21296,12
12343,TGTAGTCTAACCTG,cell_21315,12
12355,TGTCAGGAACTTTC,cell_21332,12
12361,TGTGAGTGCATGAC,cell_21345,12
12373,TTAACCACGAGAGC,cell_21363,12
12379,TTACCATGCTCTCG,cell_21374,12
12381,TTACGACTGCGAGA,cell_21378,12
12392,TTAGACCTCTCAAG,cell_21392,12
12399,TTAGGGTGTCTCTA,cell_21403,12
12402,TTAGTCACCCCTCA,cell_21407,12
12417,TTCAAAGACTGTCC,cell_21430,12
12458,TTCGAGGAACAGTC,cell_21496,12
12459,TTCGAGGACACTCC,cell_21498,12
12460,TTCGAGGATCCTAT,cell_21500,12
12486,TTGAGGACAAGAAC,cell_21541,12
12492,TTGAGGTGGGTATC,cell_21547,12
12503,TTGCTATGGTAGGG,cell_21561,12
12506,TTGGAGACACCCTC,cell_21565,12
12515,TTGGGAACGGTTAC,cell_21577,12
12521,TTGTCATGTCTCGC,cell_21589,12
12522,TTTAGCTGGCTGAT,cell_21592,12
12546,TTTGACTGTGTGAC,cell_21630,12
12552,AAACATTGGCCAAT,cell_21640,13
12553,AAACCGTGCGAACT,cell_21642,13
12554,AAACCGTGCTTGGA,cell_21644,13
12560,AAACGGCTCTAGAC,cell_21655,13
12563,AAACTTGACAGTCA,cell_21659,13
12577,AAAGGCCTAGGAGC,cell_21683,13
12581,AAAGTTTGGACTAC,cell_21687,13
12585,AAATCATGCCCGTT,cell_21693,13
12586,AAATCATGGTCTGA,cell_21695,13
12626,AACCGATGATAAGG,cell_21759,13
12639,AACGCCCTGGAGGT,cell_21778,13
12647,AACGTGTGTATCGG,cell_21793,13
12652,AACTCACTCTATGG,cell_21802,13
12655,AACTCGGAATTTCC,cell_21805,13
12665,AACTTGCTTACTTC,cell_21816,13
12672,AAGAATCTAGATGA,cell_21826,13
12679,AAGAGATGTGGGAG,cell_21839,13
12687,AAGCACTGCGAATC,cell_21854,13
12703,AAGGTCACGGTTCA,cell_21883,13
12708,AAGGTGCTTCTCAT,cell_21889,13
12715,AAGTCCGAAGTCAC,cell_21903,13
12740,AATCCTACCTCTTA,cell_21957,13
12758,AATCTCTGCTACTT,cell_21988,13
12759,AATCTCTGGAACCT,cell_21989,13
12773,AATGGCTGGCTAAC,cell_22014,13
12778,AATGTAACCCTGTC,cell_22019,13
12779,AATGTAACCTCCCA,cell_22020,13
12789,AATTACGAACTGTG,cell_22033,13
12797,AATTCCTGTGACAC,cell_22043,13
12836,ACACCCTGAACGGG,cell_22095,13
12837,ACACCCTGACTGTG,cell_22096,13
12840,ACACCCTGTGTGCA,cell_22099,13
12845,ACACGATGTAGACC,cell_22106,13
12849,ACAGACACACGCAT,cell_22111,13
12859,ACAGTCGATCCAGA,cell_22129,13
12900,ACCCACTGTTCTGT,cell_22201,13
12907,ACCCGTACGTTGTG,cell_22211,13
12915,ACCGCGGAATGGTC,cell_22222,13
12920,ACCGTGCTAAACAG,cell_22227,13
12962,ACGAGTACCCTACC,cell_22288,13
12970,ACGATGACCTGTAG,cell_22305,13
12973,ACGCAATGCATGCA,cell_22314,13
12977,ACGCACCTCATGGT,cell_22319,13
12982,ACGCCGGAAGCGTT,cell_22326,13
12993,ACGCTGCTAACGAA,cell_22341,13
13012,ACGGTATGTAACGC,cell_22368,13
13017,ACGGTCCTTGGATC,cell_22374,13
13022,ACGTCCTGCTCAGA,cell_22384,13
13031,ACGTTTACCTAGCA,cell_22403,13
13033,ACTAAAACACGCTA,cell_22407,13
13042,ACTCAGGAAAGCCT,cell_22426,13
13046,ACTCCCGATGTTTC,cell_22432,13
13052,ACTCGAGAGTTGAC,cell_22443,13
13061,ACTCTCCTAGGAGC,cell_22456,13
13062,ACTCTCCTCAGTCA,cell_22457,13
13074,ACTGTGGACCGTAA,cell_22474,13
13084,ACTTAAGATCCTGC,cell_22485,13
13103,ACTTGACTTCAGGT,cell_22519,13
13139,AGACTGACGCTTCC,cell_22586,13
13149,AGAGAATGTGCGTA,cell_22602,13
13157,AGAGTCACGATACC,cell_22615,13
13159,AGATATACACTACG,cell_22623,13
13161,AGATATTGTAGACC,cell_22626,13
13171,AGATTCCTACTCTT,cell_22640,13
13185,AGCACTGATGCCTC,cell_22661,13
13195,AGCATTCTCTGGTA,cell_22673,13
13237,AGCTGAACGAGAGC,cell_22743,13
13242,AGCTGTGATTTCTG,cell_22751,13
13251,AGGAATGAACCCAA,cell_22764,13
13273,AGGCCTCTAGTGTC,cell_22796,13
13281,AGGGAGTGGTCGAT,cell_22811,13
13297,AGGGTTTGTTGACG,cell_22833,13
13298,AGGGTTTGTTTGGG,cell_22834,13
13301,AGGTACACTTCCAT,cell_22840,13
13314,AGGTGGGATACTCT,cell_22861,13
13321,AGGTTGTGCTTGCC,cell_22871,13
13323,AGGTTGTGTTGCTT,cell_22873,13
13338,AGTAGGCTCTCAAG,cell_22899,13
13341,AGTAGGCTTTGACG,cell_22902,13
13350,AGTCAGACGTCTAG,cell_22914,13
13363,AGTCTACTGTCTAG,cell_22932,13
13366,AGTCTTACGTCGTA,cell_22937,13
13379,AGTGTTCTTGGTTG,cell_22961,13
13381,AGTTAAACGAAGGC,cell_22965,13
13387,AGTTCTACTGCCCT,cell_22976,13
13394,AGTTTAGAACCTGA,cell_22986,13
13399,ATAACCCTGGGCAA,cell_23003,13
13400,ATAAGTACACTAGC,cell_23004,13
13402,ATAAGTTGAGCACT,cell_23006,13
13410,ATACAATGAGTGCT,cell_23016,13
13413,ATACACCTACCGAT,cell_23019,13
13417,ATACACCTTTGCTT,cell_23023,13
13428,ATAGAACTTTCGCC,cell_23050,13
13433,ATAGCCGATTTCTG,cell_23064,13
13445,ATATACGAGAATAG,cell_23086,13
13447,ATATACGATGCACA,cell_23088,13
13448,ATATAGTGACCATG,cell_23089,13
13451,ATATAGTGGTCACA,cell_23093,13
13459,ATCAAATGTTGTGG,cell_23105,13
13471,ATCACTTGGACGAG,cell_23125,13
13480,ATCATCTGGAACTC,cell_23137,13
13484,ATCATGCTAGATGA,cell_23143,13
13490,ATCCATACTCTCGC,cell_23157,13
13502,ATCGCAGAGGTTCA,cell_23177,13
13512,ATCTCAACCGCATA,cell_23201,13
13521,ATCTTTCTAAGTAG,cell_23220,13
13525,ATCTTTCTGGCAAG,cell_23224,13
13531,ATGACGTGAAGTGA,cell_23234,13
13534,ATGAGAGATCTTCA,cell_23243,13
13535,ATGAGAGATGCATG,cell_23244,13
13536,ATGAGCACGACGGA,cell_23245,13
13539,ATGATATGCCTGAA,cell_23253,13
13542,ATGCAGTGGGAACG,cell_23260,13
13544,ATGCCAGATGAGGG,cell_23262,13
13547,ATGCGATGCGCCTT,cell_23269,13
13554,ATGCTTTGTTGTCT,cell_23282,13
13562,ATGTACCTCTGACA,cell_23293,13
13566,ATGTCACTTATCTC,cell_23299,13
13595,ATTAGTGAGTAAGA,cell_23338,13
13606,ATTCAGCTACCTAG,cell_23357,13
13611,ATTCCATGTGGTTG,cell_23366,13
13612,ATTCGACTGGAAGC,cell_23367,13
13614,ATTCGGGAGGATTC,cell_23371,13
13617,ATTCTGACTCCTAT,cell_23375,13
13634,ATTGTAGACCATGA,cell_23402,13
13650,CAAAGCACAAGCAA,cell_23427,13
13655,CAAAGCTGCTTATC,cell_23434,13
13659,CAACAGACGAAAGT,cell_23443,13
13660,CAACAGACGCGAGA,cell_23444,13
13661,CAACCAGACATCAG,cell_23446,13
13669,CAACGTGATTGTGG,cell_23463,13
13681,CAAGCATGCGCCTT,cell_23483,13
13719,CAATTCTGACCCTC,cell_23547,13
13723,CAATTCTGGCATAC,cell_23551,13
13738,CACACCTGGTTGCA,cell_23570,13
13743,CACAGATGGGACAG,cell_23576,13
13771,CACGCTACGTGCTA,cell_23625,13
13788,CACTAGGATCTATC,cell_23652,13
13798,CACTGCACGACACT,cell_23668,13
13800,CACTGCACTCTATC,cell_23670,13
13801,CACTGCACTTATCC,cell_23671,13
13803,CACTTAACACCCTC,cell_23674,13
13807,CACTTAACTACTGG,cell_23679,13
13813,CACTTTGAGGTTAC,cell_23692,13
13826,CAGACCCTTGTCAG,cell_23709,13
13839,CAGCAATGTAAGCC,cell_23727,13
13848,CAGCCTACTTGTCT,cell_23739,13
13849,CAGCCTTGATTCCT,cell_23740,13
13852,CAGCGGACACGGAG,cell_23745,13
13856,CAGCGTCTGGATCT,cell_23751,13
13859,CAGCTCTGACGTTG,cell_23756,13
13873,CAGTGATGAAGAGT,cell_23781,13
13908,CATCGGCTTGCCAA,cell_23846,13
13912,CATCTCCTTTGTCT,cell_23852,13
13923,CATGGCCTACCAGT,cell_23866,13
13940,CATTGACTAGTCTG,cell_23895,13
13941,CATTGACTCTGTCC,cell_23897,13
13947,CATTGTTGGAGACG,cell_23908,13
13956,CCAAAGTGATGTGC,cell_23924,13
13959,CCAACCTGTATGCG,cell_23929,13
13963,CCAAGATGAAAGCA,cell_23934,13
13965,CCAAGATGTCTATC,cell_23936,13
13968,CCAAGTGAGACTAC,cell_23940,13
13978,CCACCTGAGCCCTT,cell_23957,13
13980,CCACGGGAGGTGAG,cell_23961,13
13991,CCACTTCTGTGTCA,cell_23978,13
13992,CCAGAAACAAGAGT,cell_23979,13
13998,CCAGATGAGAGCTT,cell_23992,13
14004,CCAGCGGAACTCAG,cell_24001,13
14020,CCAGTCACACACAC,cell_24019,13
14030,CCATATACCAGTCA,cell_24035,13
14037,CCATGCTGTGTGAC,cell_24047,13
14045,CCCAACTGCCATGA,cell_24057,13
14051,CCCAGTTGTCACCC,cell_24071,13
14067,CCCGATTGGGAGGT,cell_24094,13
14081,CCGACTACGCGAGA,cell_24131,13
14096,CCGTAAGAGGTACT,cell_24154,13
14104,CCTAGAGACTTACT,cell_24166,13
14107,CCTATAACCCACAA,cell_24169,13
14115,CCTCGAACACACCA,cell_24182,13
14143,CGACAAACAACAGA,cell_24231,13
14165,CGACTCTGTCGCTC,cell_24266,13
14167,CGAGAACTCTGAAC,cell_24273,13
14177,CGAGGAGAATGCCA,cell_24289,13
14178,CGAGGAGACATTTC,cell_24291,13
14191,CGATACGACAGTTG,cell_24317,13
14194,CGATAGACCGCAAT,cell_24322,13
14217,CGCAGGTGTCCAGA,cell_24361,13
14218,CGCATAGAGCGTAT,cell_24365,13
14220,CGCATAGATTGTGG,cell_24368,13
14229,CGCGAGACTCGCAA,cell_24388,13
14240,CGGAATTGAGGGTG,cell_24406,13
14267,CGGCCAGATAAGGA,cell_24446,13
14277,CGTAACGATTCTGT,cell_24476,13
14287,CGTACCTGTTCAGG,cell_24490,13
14289,CGTAGCCTCACCAA,cell_24492,13
14295,CGTCAAGATCTCAT,cell_24499,13
14299,CGTCCAACTTTCAC,cell_24504,13
14310,CGTGCACTGACGAG,cell_24523,13
14319,CGTTTAACGAAACA,cell_24537,13
14329,CTAATAGAATGACC,cell_24558,13
14330,CTAATAGAATTCCT,cell_24559,13
14335,CTAATGCTCGATAC,cell_24565,13
14339,CTACCTCTGAGAGC,cell_24569,13
14355,CTAGATCTGATACC,cell_24593,13
14361,CTAGGTGAGACGAG,cell_24600,13
14362,CTAGGTGAGTGCTA,cell_24601,13
14371,CTATACTGGAGCTT,cell_24618,13
14385,CTATGACTTGCGTA,cell_24640,13
14391,CTATGTTGAGTCTG,cell_24646,13
14400,CTCAATTGTAGTCG,cell_24661,13
14412,CTCAGGCTTCCTCG,cell_24677,13
14431,CTCGACACGCAGAG,cell_24709,13
14432,CTCGACACGGGACA,cell_24710,13
14441,CTCGAGCTTCTCCG,cell_24720,13
14448,CTCTAAACCTGACA,cell_24728,13
14450,CTCTAATGTAGAGA,cell_24731,13
14456,CTGAATCTTGGTCA,cell_24745,13
14468,CTGATACTTTGCAG,cell_24769,13
14495,CTGTAACTCCAGTA,cell_24809,13
14501,CTGTATACGGTATC,cell_24817,13
14514,CTTAGACTCTCAAG,cell_24840,13
14520,CTTATCGATACAGC,cell_24849,13
14523,CTTCATGAACACGT,cell_24856,13
14528,CTTCATGAGCGTTA,cell_24861,13
14529,CTTCATGATGGTAC,cell_24862,13
14538,CTTGAGGATAACCG,cell_24875,13
14549,GAAACAGAAAACAG,cell_24896,13
14550,GAAACAGACCTCGT,cell_24897,13
14566,GAACAGCTGGGACA,cell_24924,13
14578,GAACGTTGTTCGCC,cell_24941,13
14588,GAAGCTTGTAAGGA,cell_24959,13
14599,GAAGTGCTACCTAG,cell_24980,13
14617,GACAGGGAGAACTC,cell_25010,13
14633,GACCTCACGGAGCA,cell_25037,13
14634,GACCTCACTGGTCA,cell_25039,13
14635,GACCTCTGACGTGT,cell_25041,13
14637,GACGAGGAAAAGTG,cell_25046,13
14640,GACGATTGCTCAGA,cell_25049,13
14651,GACGTAACGGATCT,cell_25065,13
14658,GACGTATGTGGTGT,cell_25072,13
14668,GACTGATGGTCGAT,cell_25089,13
14685,GAGATGCTATTCCT,cell_25115,13
14690,GAGCGAGAACCTTT,cell_25130,13
14706,GAGGATCTAAACGA,cell_25158,13
14709,GAGGCCACAGTGTC,cell_25164,13
14716,GAGGGTGAGTATCG,cell_25179,13
14726,GAGTAAGACTGAGT,cell_25196,13
14744,GAGTTGTGAGTCGT,cell_25226,13
14759,GATAGAGAGGTGGA,cell_25249,13
14775,GATCGATGCAGAAA,cell_25277,13
14776,GATCGATGGATAGA,cell_25278,13
14777,GATCGTGAGCGAGA,cell_25281,13
14794,GATGCATGTTTCAC,cell_25308,13
14796,GATGCCCTGCCCTT,cell_25311,13
14802,GATTCTTGTTCTGT,cell_25324,13
14805,GATTTAGAATCAGC,cell_25335,13
14807,GATTTAGATCTCAT,cell_25338,13
14814,GCAAGACTATCGGT,cell_25357,13
14830,GCACCACTTCAAGC,cell_25381,13
14839,GCACGGTGACGCAT,cell_25393,13
14847,GCAGATACAGTGCT,cell_25407,13
14863,GCAGTCCTGGACGA,cell_25434,13
14877,GCCACGGATCGCAA,cell_25470,13
14880,GCCATCACGTTGAC,cell_25475,13
14908,GCCTAGCTTGCAAC,cell_25515,13
14928,GCGCACGATAGAAG,cell_25555,13
14934,GCGCGAACCCTTAT,cell_25562,13
14935,GCGCGAACTTCGGA,cell_25566,13
14942,GCGGGACTAAACGA,cell_25580,13
14943,GCGGGACTGGTTTG,cell_25583,13
14944,GCGGGACTTAAGGA,cell_25584,13
14945,GCGGGACTTGGAAA,cell_25586,13
14955,GCTACAGAGGAGGT,cell_25605,13
14958,GCTACCTGGATGAA,cell_25612,13
14960,GCTACGCTGGGTGA,cell_25614,13
14971,GCTCACTGGAAAGT,cell_25634,13
14981,GCTTGAGAGTAAGA,cell_25661,13
14984,GGAACACTAGCAAA,cell_25664,13
15001,GGAATGCTTGGTAC,cell_25687,13
15006,GGACAGGAGGTTCA,cell_25694,13
15011,GGACCCGACTAAGC,cell_25702,13
15015,GGACCGTGTGAAGA,cell_25710,13
15046,GGAGGCCTAGCCAT,cell_25759,13
15057,GGATAGCTGGATTC,cell_25778,13
15058,GGATAGCTTCGCAA,cell_25779,13
15066,GGATTGTGCTTATC,cell_25794,13
15068,GGATTGTGGTGCAT,cell_25796,13
15073,GGCAAGGAACCGAT,cell_25804,13
15084,GGCATATGCACCAA,cell_25824,13
15125,GGGACCACTAAGCC,cell_25893,13
15139,GGGCACACGACGGA,cell_25916,13
15144,GGGCCATGGATAGA,cell_25929,13
15176,GGTGATACCTACGA,cell_25978,13
15182,GGTTTACTATCGTG,cell_25987,13
15201,GTACGAACCTGTGA,cell_26019,13
15202,GTACGTGATCTTCA,cell_26021,13
15209,GTACTTTGTGTCAG,cell_26031,13
15214,GTAGCATGCTAAGC,cell_26040,13
15224,GTAGTCGAGGACGA,cell_26057,13
15232,GTATCACTTGTCTT,cell_26072,13
15246,GTCAATCTCTACTT,cell_26095,13
15263,GTCATACTTGTAGC,cell_26116,13
15267,GTCCACACTACAGC,cell_26124,13
15276,GTCGAATGGTCAAC,cell_26140,13
15281,GTCGCACTCCCAAA,cell_26149,13
15285,GTCTGAGATCCCAC,cell_26159,13
15290,GTGAACACTCAGAC,cell_26164,13
15294,GTGACAACTAGACC,cell_26172,13
15301,GTGATTCTAGTTCG,cell_26184,13
15303,GTGCAAACAAAAGC,cell_26187,13
15314,GTGTACGAGGACTT,cell_26210,13
15331,GTTAAATGATTGGC,cell_26233,13
15344,GTTAGTCTGGTATC,cell_26255,13
15367,TAAACAACCACTAG,cell_26299,13
15378,TAACAATGTGCCAA,cell_26324,13
15393,TAAGAACTTCTCCG,cell_26349,13
15396,TAAGATACCGACTA,cell_26357,13
15400,TAAGCGTGACCCTC,cell_26363,13
15401,TAAGCGTGATCGAC,cell_26364,13
15403,TAAGCTCTACACTG,cell_26367,13
15405,TAAGCTCTGCTGAT,cell_26369,13
15408,TAAGGCTGCTACGA,cell_26374,13
15412,TAAGGGCTACGCAT,cell_26380,13
15415,TAAGTAACTAACGC,cell_26387,13
15435,TACAATGAGGACTT,cell_26414,13
15437,TACACACTACCATG,cell_26418,13
15441,TACATCACCTGTCC,cell_26427,13
15447,TACCGAGAAGAAGT,cell_26433,13
15451,TACCGCTGTCCGAA,cell_26442,13
15467,TACGGAACTCGCCT,cell_26474,13
15485,TACTGGGAACGTAC,cell_26505,13
15494,TACTTGACCAACCA,cell_26523,13
15503,TAGAGAGACTGTTT,cell_26544,13
15505,TAGAGCACGAAGGC,cell_26547,13
15509,TAGATCCTTTCGTT,cell_26553,13
15521,TAGCCGCTGTGTAC,cell_26574,13
15528,TAGGCATGAACTGC,cell_26587,13
15551,TAGGTGTGTGGAAA,cell_26616,13
15565,TAGTATGAACGGAG,cell_26634,13
15567,TAGTATGAGAGCAG,cell_26638,13
15568,TAGTATGAGATAGA,cell_26639,13
15584,TATAAGTGAAGCCT,cell_26666,13
15587,TATAAGTGTGAGCT,cell_26671,13
15608,TATCCTGACTACTT,cell_26703,13
15615,TATCTCGAACGGAG,cell_26714,13
15623,TATGAATGCTGTGA,cell_26724,13
15624,TATGAATGGGAGTG,cell_26725,13
15641,TATGTCTGTCGCCT,cell_26752,13
15645,TATTTCCTCGCTAA,cell_26760,13
15652,TCAAGGTGAGATGA,cell_26772,13
15671,TCACCTCTTCCGAA,cell_26801,13
15680,TCAGACGATGCTAG,cell_26812,13
15687,TCAGGATGGAATAG,cell_26822,13
15694,TCAGTGGACATGCA,cell_26833,13
15699,TCAGTTACAAGGGC,cell_26839,13
15704,TCATCAACCTGATG,cell_26850,13
15721,TCCACTCTACAGTC,cell_26879,13
15722,TCCACTCTATGTCG,cell_26881,13
15726,TCCATCCTATTGGC,cell_26890,13
15727,TCCATCCTTAGCCA,cell_26891,13
15733,TCCCATCTGGAACG,cell_26903,13
15734,TCCCATCTGTCGTA,cell_26904,13
15735,TCCCATCTGTGCTA,cell_26905,13
15741,TCCCGATGTCCGTC,cell_26917,13
15746,TCCGAAGATGTGGT,cell_26924,13
15766,TCGAATCTTCTCCG,cell_26953,13
15767,TCGACCTGTAACGC,cell_26956,13
15769,TCGACGCTAATGCC,cell_26958,13
15770,TCGACGCTCGTGTA,cell_26959,13
15787,TCGCACTGTTTGTC,cell_26991,13
15788,TCGCAGCTATACCG,cell_26992,13
15792,TCGCCATGATGGTC,cell_26996,13
15798,TCGTAGGAAGTCGT,cell_27009,13
15803,TCGTTATGACCTGA,cell_27017,13
15810,TCTACAACGGTAAA,cell_27026,13
15812,TCTAGACTAACGAA,cell_27028,13
15814,TCTAGACTATGTCG,cell_27030,13
15820,TCTAGTTGTCTCGC,cell_27041,13
15860,TGACGATGGGTTAC,cell_27108,13
15866,TGAGACACTTCTCA,cell_27123,13
15873,TGAGTCGACGTGAT,cell_27137,13
15889,TGATTAGAGAAACA,cell_27168,13
15900,TGCACAGAGACAGG,cell_27190,13
15907,TGCAGATGCTGACA,cell_27200,13
15931,TGCTAGGAGAATAG,cell_27236,13
15951,TGGAGGGAAGTCAC,cell_27274,13
15954,TGGATCGACTTACT,cell_27280,13
15958,TGGATTCTTGGAAA,cell_27291,13
15962,TGGGTATGCCTCGT,cell_27296,13
15964,TGGTACGACAGGAG,cell_27300,13
15969,TGGTATCTCAATCG,cell_27307,13
15973,TGGTCAGATAGTCG,cell_27317,13
15981,TGTAAAACTTTCAC,cell_27326,13
15999,TGTATGCTGTTAGC,cell_27357,13
16002,TGTCTAACCTGCTC,cell_27362,13
16005,TGTCTAACGTTCGA,cell_27365,13
16011,TGTGAGTGACACCA,cell_27372,13
16013,TGTGAGTGATGACC,cell_27374,13
16016,TGTGATCTAATCGC,cell_27377,13
16018,TGTGATCTGTGTCA,cell_27380,13
16020,TGTTAAGACTCAGA,cell_27386,13
16022,TGTTACACAAACAG,cell_27390,13
16027,TTAACCACGTCAAC,cell_27401,13
16031,TTACACACGGAGTG,cell_27405,13
16035,TTACGACTCCAGTA,cell_27412,13
16040,TTAGACCTCCTCGT,cell_27423,13
16044,TTAGGGACAGCTCA,cell_27430,13
16060,TTATGCACCTAGCA,cell_27459,13
16066,TTCAAAGAAACGAA,cell_27472,13
16068,TTCAACACAGATCC,cell_27475,13
16078,TTCAGTACCTGAAC,cell_27499,13
16085,TTCATCGATCAGGT,cell_27509,13
16088,TTCATGTGCTAAGC,cell_27514,13
16097,TTCCATGAACCATG,cell_27525,13
16105,TTCGGAGAAAGTGA,cell_27547,13
16108,TTCGTATGGTAGGG,cell_27554,13
16109,TTCGTATGGTCCTC,cell_27555,13
16118,TTCTTACTCAGGAG,cell_27575,13
16121,TTCTTACTTGAGGG,cell_27579,13
16130,TTGACACTTTCTGT,cell_27590,13
16145,TTGCTATGGGTGAG,cell_27617,13
16146,TTGCTATGTACTGG,cell_27618,13
16147,TTGGAGACAACAGA,cell_27619,13
16149,TTGGAGACCACAAC,cell_27622,13
16160,TTGTACACAGAACA,cell_27640,13
16163,TTGTAGCTGGCATT,cell_27646,13
16169,TTGTCATGGGTTAC,cell_27654,13
16170,TTGTCATGTTGACG,cell_27656,13
16183,TTTCACGACGCCTT,cell_27674,13
16198,TTTGCATGTACTGG,cell_27702,13
16203,AAATACTGCCGATA,cell_27710,14
16210,AACAGCACCTGGTA,cell_27721,14
16215,AACCGCCTATGGTC,cell_27728,14
16217,AACCTTACTAAGCC,cell_27731,14
16218,AACCTTTGGGACTT,cell_27732,14
16222,AACGGTACTAGTCG,cell_27738,14
16241,AATGGCTGCTACGA,cell_27770,14
16259,ACCAGCCTAGGAGC,cell_27804,14
16262,ACCGCGGATTTCAC,cell_27807,14
16265,ACCTGGCTTATTCC,cell_27813,14
16278,ACGCTCACACAGTC,cell_27829,14
16282,ACGGCGTGGTCGAT,cell_27834,14
16283,ACGGCGTGTTCTAC,cell_27835,14
16287,ACGTCCTGCATGAC,cell_27842,14
16292,ACTACGGACTGTCC,cell_27850,14
16302,ACTGTGGAGCCATA,cell_27863,14
16308,ACTTGGGAGAACTC,cell_27874,14
16324,AGAGATGATGCTTT,cell_27898,14
16341,AGCGCCGATCCTGC,cell_27925,14
16348,AGCTTTACAGGGTG,cell_27935,14
16353,AGGAGTCTAATCGC,cell_27942,14
16356,AGGCAACTTTGGCA,cell_27946,14
16370,AGTCCAGACTGACA,cell_27969,14
16372,AGTCGCCTCGAACT,cell_27971,14
16376,AGTTTAGAAGCTAC,cell_27980,14
16377,AGTTTCACCAAGCT,cell_27981,14
16385,ATACACCTACCGAT,cell_27991,14
16413,ATCGTTTGTTCGCC,cell_28029,14
16422,ATGAGAGAGACGAG,cell_28039,14
16459,CAACTTTGTGCAGT,cell_28095,14
16475,CACCGTTGCCTAAG,cell_28126,14
16484,CACGGGTGTATTCC,cell_28139,14
16496,CAGAGGGATAACCG,cell_28153,14
16498,CAGCATGAACGTGT,cell_28155,14
16539,CCAAGATGTGACTG,cell_28211,14
16540,CCACCTGAGCCCTT,cell_28212,14
16569,CCGATAGACAGTCA,cell_28250,14
16572,CCGGAGTGGCAAGG,cell_28254,14
16580,CGACCTTGCTGCAA,cell_28276,14
16584,CGACTGCTGTCAAC,cell_28281,14
16587,CGCAACCTCTACCC,cell_28291,14
16591,CGCCATTGCTGACA,cell_28297,14
16592,CGCGAGACTCGCAA,cell_28299,14
16597,CGGTAAACGGCGAA,cell_28311,14
16602,CGTAACGATGTGAC,cell_28316,14
16606,CGTCCAACTCCGTC,cell_28322,14
16613,CGTGCACTTGCATG,cell_28330,14
16619,CTAATAGATGCAAC,cell_28337,14
16621,CTAGAGACCCTGAA,cell_28341,14
16623,CTAGTTTGGTCATG,cell_28346,14
16627,CTATAGCTCGCTAA,cell_28352,14
16635,CTCTAATGTAGAGA,cell_28365,14
16636,CTGACCACTTCGCC,cell_28369,14
16654,CTTAGACTGTCCTC,cell_28392,14
16661,GAAACCTGGTTGTG,cell_28409,14
16665,GAACCAACCTGCAA,cell_28414,14
16688,GAGAAATGGGGAGT,cell_28453,14
16690,GAGATAGAGTAGCT,cell_28457,14
16692,GAGATGCTATTCCT,cell_28459,14
16693,GAGCAACTACACGT,cell_28460,14
16694,GAGCATACAAGCCT,cell_28461,14
16723,GATCGATGTGAGCT,cell_28506,14
16724,GATCTACTTGAACC,cell_28509,14
16755,GCCTCATGGCTAAC,cell_28563,14
16756,GCGACTCTGGACAG,cell_28566,14
16772,GCTAGAACGAGCTT,cell_28586,14
16783,GGACGCTGGGTTAC,cell_28603,14
16802,GGCGACACGTTGAC,cell_28628,14
16804,GGCGCATGGGCATT,cell_28631,14
16824,GTAAGCTGACAGCT,cell_28669,14
16837,GTCAACGAGCCATA,cell_28692,14
16855,GTTAAATGTCCCAC,cell_28718,14
16858,GTTGACGACCAATG,cell_28729,14
16861,TAACCGGAGGTGGA,cell_28737,14
16885,TAGAAACTAACAGA,cell_28774,14
16898,TAGTACCTAGTCTG,cell_28793,14
16901,TAGTGGTGTTGGCA,cell_28798,14
16904,TATAAGTGACGACT,cell_28802,14
16909,TATCCTGATTTACC,cell_28810,14
16919,TCAGACGACTGATG,cell_28829,14
16921,TCAGTTACGGTCTA,cell_28833,14
16922,TCATCATGACGACT,cell_28834,14
16928,TCCCACGAACGTTG,cell_28844,14
16930,TCCCAGACCCCAAA,cell_28847,14
16949,TCTACAACCAGATC,cell_28871,14
16953,TCTTCAGAAACCGT,cell_28879,14
16968,TGATATGACGGAGA,cell_28900,14
16995,TGTAGGTGACAGCT,cell_28939,14
16997,TGTAGTCTAATGCC,cell_28941,14
17000,TGTCTAACTTGGCA,cell_28945,14
17004,TGTTAAGACGTGTA,cell_28956,14
17010,TTAGGGTGACACAC,cell_28967,14
17013,TTATGAGATGCAAC,cell_28971,14
17030,TTGGTACTACGGGA,cell_28999,14
17031,TTGGTACTAGAGTA,cell_29000,14
17037,AAACATTGCAACTG,cell_29017,15
17039,AAAGATCTTCGCAA,cell_29026,15
17046,AAATCTGACTGTTT,cell_29038,15
17054,AACAGCACAACGTC,cell_29046,15
17063,AACGCAACAGTACC,cell_29056,15
17066,AACGGTACTGATGC,cell_29059,15
17068,AACGGTTGATTTCC,cell_29061,15
17069,AACGTCGAGTCACA,cell_29063,15
17090,AATAAGCTCCCAAA,cell_29094,15
17099,AATCTAGATTACCT,cell_29105,15
17109,AATGTAACCTCCCA,cell_29116,15
17110,AATGTAACTACTCT,cell_29117,15
17112,AATGTTGAGAATAG,cell_29121,15
17119,ACAAGCACTATCGG,cell_29130,15
17124,ACACCAGACCACCT,cell_29136,15
17127,ACACGATGCTTCGC,cell_29139,15
17131,ACAGCAACCCCAAA,cell_29145,15
17144,ACCACAGACATTCT,cell_29163,15
17159,ACGATGACTGGTAC,cell_29192,15
17174,ACGGCGTGGCGAAG,cell_29212,15
17181,ACGTTACTGTCACA,cell_29222,15
17184,ACTAGGTGTTGACG,cell_29226,15
17195,AGAACAGAAACGTC,cell_29248,15
17207,AGAGTCACTATGCG,cell_29266,15
17208,AGAGTCACTCAGTG,cell_29267,15
17212,AGCAAGCTAAAGTG,cell_29274,15
17214,AGCACAACTCTACT,cell_29277,15
17244,AGGCCTCTCATGAC,cell_29317,15
17248,AGGGACGAGTCACA,cell_29321,15
17262,AGTACTCTTCGCAA,cell_29343,15
17275,AGTGAAGACTGCAA,cell_29361,15
17305,ATCAAATGTTGTGG,cell_29404,15
17318,ATCGGTGATTTGTC,cell_29424,15
17332,ATGGACACAAACGA,cell_29443,15
17336,ATGGGTACCTTGGA,cell_29447,15
17338,ATGTCACTCACTTT,cell_29451,15
17357,CAAACTCTCGCAAT,cell_29481,15
17361,CAACGTGAAAGTGA,cell_29488,15
17378,CACAACGACTTATC,cell_29509,15
17430,CATCCCGAATGCCA,cell_29596,15
17433,CATCGCTGCCAGTA,cell_29599,15
17439,CATGGCCTTTCTGT,cell_29610,15
17463,CCAGCGGAAAACGA,cell_29644,15
17466,CCAGGTCTCTATTC,cell_29648,15
17491,CCGAAAACGTGTCA,cell_29686,15
17511,CGACTCACATCGAC,cell_29714,15
17517,CGATACGATAACCG,cell_29725,15
17523,CGCCATACAAGAAC,cell_29737,15
17533,CGGCCAGACAAAGA,cell_29752,15
17535,CGGTAAACGGACGA,cell_29756,15
17556,CTAAGGTGGGCAAG,cell_29793,15
17571,CTATCATGTTGTGG,cell_29812,15
17576,CTCCACGATCCAAG,cell_29827,15
17588,CTGAAGTGACACAC,cell_29844,15
17594,CTGCAGCTTTCACT,cell_29851,15
17605,CTTGAGGACATGCA,cell_29868,15
17609,GAAACCTGCTGAAC,cell_29879,15
17611,GAAAGATGGGTAGG,cell_29881,15
17620,GAACTGTGGGATCT,cell_29898,15
17636,GACCAAACTCTTTG,cell_29924,15
17641,GACGGCACTACGCA,cell_29933,15
17645,GACTACGACGTTGA,cell_29938,15
17652,GAGAGGTGAGCCAT,cell_29949,15
17653,GAGCAACTTCTCAT,cell_29950,15
17662,GAGGATCTCCGTTC,cell_29963,15
17671,GAGTGTTGAGCAAA,cell_29978,15
17674,GAGTTGTGGAACCT,cell_29982,15
17675,GATAAGGAGGAAGC,cell_29983,15
17678,GATAGAGAGATAAG,cell_29987,15
17698,GATTGGACACGCAT,cell_30012,15
17705,GCACAAACGGTAAA,cell_30022,15
17713,GCACGTCTTCGTAG,cell_30033,15
17715,GCAGCGTGTCTTAC,cell_30036,15
17733,GCGATATGCTTGTT,cell_30059,15
17743,GCTCACTGCTGTAG,cell_30075,15
17748,GCTTAACTCGTACA,cell_30080,15
17775,GGAGTTTGAATGCC,cell_30114,15
17781,GGATAGCTCTAGTG,cell_30122,15
17792,GGCGGACTCTATGG,cell_30138,15
17795,GGCTCACTTAAAGG,cell_30141,15
17810,GGTACAACGGCGAA,cell_30160,15
17819,GTAAGCTGTCAGGT,cell_30171,15
17828,GTCAACGAGCCATA,cell_30190,15
17838,GTCCAGCTGCGGAA,cell_30201,15
17847,GTGACAACCAAGCT,cell_30210,15
17849,GTGACCCTACCTCC,cell_30215,15
17860,GTGTAGTGTCGTGA,cell_30228,15
17862,GTTAACCTACGTAC,cell_30233,15
17865,GTTAGGTGAAGAGT,cell_30238,15
17866,GTTAGTCTCCACAA,cell_30239,15
17872,GTTGATCTCGTAAC,cell_30252,15
17897,TACAATGAAAGCAA,cell_30295,15
17904,TACCATTGTTGCTT,cell_30304,15
17912,TACTACACAGATGA,cell_30318,15
17920,TACTTTCTCGTTAG,cell_30330,15
17921,TACTTTCTGTTGCA,cell_30331,15
17928,TAGATCCTATCTCT,cell_30341,15
17936,TAGCTACTGTTGCA,cell_30352,15
17943,TAGTATGATGGTGT,cell_30364,15
17945,TAGTCGGATTCCCG,cell_30366,15
17947,TAGTTAGAGAAACA,cell_30369,15
17954,TATACCACTTGTGG,cell_30377,15
17960,TATGAATGCCTTGC,cell_30387,15
17980,TCAGTTACGAACTC,cell_30415,15
17986,TCCATCCTTCTGGA,cell_30421,15
17992,TCCTATGATAAGGA,cell_30429,15
18013,TCTAGTTGGCGTTA,cell_30454,15
18030,TGATTAGAGAAACA,cell_30486,15
18032,TGATTCTGTAACGC,cell_30488,15
18045,TGCCGACTGCGAAG,cell_30507,15
18048,TGGAACACACGGTT,cell_30514,15
18062,TGTATCTGTCGCTC,cell_30537,15
18069,TTACAGCTTGCTCC,cell_30550,15
18083,TTCACCCTGGGCAA,cell_30576,15
18090,TTCCAAACACCCTC,cell_30588,15
18097,TTCTGATGTACTTC,cell_30599,15
18100,TTGACACTCCTCAC,cell_30607,15
18107,TTGCTAACTATCGG,cell_30614,15
18123,AAACGCTGACCGAT,cell_30652,16
18143,AAATCAACAGCACT,cell_30695,16
18148,AAATGGGAAGCGGA,cell_30709,16
18153,AACAAACTCTTTAC,cell_30726,16
18160,AACACTCTCTGAGT,cell_30739,16
18183,AACCGATGAGAATG,cell_30775,16
18184,AACCGATGAGAGGC,cell_30776,16
18186,AACCGATGATAAGG,cell_30778,16
18217,AACGTGTGTAGACC,cell_30834,16
18222,AACGTTCTTGGTGT,cell_30842,16
18225,AACTACCTGGCATT,cell_30845,16
18239,AAGAAGACCTGGTA,cell_30874,16
18250,AAGCCAACAAACGA,cell_30895,16
18279,AAGGTGCTCCTACC,cell_30931,16
18289,AAGTAGGATTTCTG,cell_30943,16
18312,AATAAGCTGCTGAT,cell_30974,16
18342,AATCTAGATTACCT,cell_31024,16
18352,AATGATACCCCTTG,cell_31040,16
18376,ACAAAGGACCATGA,cell_31082,16
18382,ACAAATTGGTCAAC,cell_31089,16
18387,ACAAGCACTATGCG,cell_31099,16
18396,ACACATCTAACCTG,cell_31111,16
18402,ACACCCTGACCTGA,cell_31119,16
18409,ACACGATGTTCGGA,cell_31129,16
18412,ACAGACACCAGTCA,cell_31133,16
18413,ACAGACACCTCGCT,cell_31134,16
18418,ACAGCAACCAGAGG,cell_31142,16
18429,ACAGTCGATTTGGG,cell_31158,16
18433,ACATACCTTGATGC,cell_31170,16
18434,ACATCACTGGCGAA,cell_31171,16
18448,ACCAGCCTAGAGGC,cell_31194,16
18449,ACCAGCCTAGTCTG,cell_31195,16
18471,ACCCAGCTATGGTC,cell_31231,16
18480,ACCCGTACGTTGTG,cell_31243,16
18483,ACCCTCGAAGTACC,cell_31247,16
18490,ACCGTGCTGCCCTT,cell_31258,16
18499,ACCTGAGAATTGGC,cell_31273,16
18513,ACGACCCTTGTCCC,cell_31298,16
18515,ACGATCGAAACCAC,cell_31304,16
18539,ACGCTCACACAGTC,cell_31342,16
18546,ACGGCGTGCAACCA,cell_31358,16
18551,ACGGTAACGTATGC,cell_31368,16
18564,ACGTCCTGTCTTTG,cell_31391,16
18569,ACGTGATGTTTGTC,cell_31399,16
18570,ACGTGCCTAAGGCG,cell_31400,16
18575,ACGTTGGACCACCT,cell_31408,16
18596,ACTCGAGATCAGAC,cell_31440,16
18603,ACTGAGACCTGAGT,cell_31450,16
18624,ACTTCAACTCAGGT,cell_31485,16
18652,AGAATACTCTTGAG,cell_31533,16
18653,AGAATACTTCTTCA,cell_31535,16
18658,AGAATTTGCGTAGT,cell_31546,16
18668,AGACTTCTCTGTAG,cell_31564,16
18678,AGAGATGAGACGAG,cell_31578,16
18690,AGATCGTGAACCGT,cell_31606,16
18695,AGATCGTGTGCTCC,cell_31613,16
18712,AGCATCGACTGAAC,cell_31644,16
18720,AGCATGACTGTTCT,cell_31653,16
18722,AGCATTCTCAGAGG,cell_31655,16
18729,AGCCACCTTAGAGA,cell_31667,16
18730,AGCCGGACCTTATC,cell_31668,16
18742,AGCGAACTGGTATC,cell_31687,16
18749,AGCGCCGAAACTGC,cell_31700,16
18756,AGCGGCACCTTTAC,cell_31714,16
18765,AGCGTAACAGAGGC,cell_31726,16
18775,AGCTGTGATCACCC,cell_31745,16
18790,AGGACACTGGAAGC,cell_31774,16
18796,AGGAGTCTCCTAAG,cell_31781,16
18797,AGGAGTCTCGATAC,cell_31782,16
18814,AGGCCTCTCCTGTC,cell_31811,16
18821,AGGGCCACTTCGCC,cell_31825,16
18825,AGGGCGCTTGAGCT,cell_31832,16
18828,AGGGTGGACACTGA,cell_31836,16
18835,AGGGTTTGGGTAAA,cell_31846,16
18839,AGGTACACGAGGAC,cell_31850,16
18852,AGGTCATGGTTGTG,cell_31865,16
18854,AGGTCTGAGTGTCA,cell_31869,16
18856,AGGTGTTGAGCAAA,cell_31873,16
18859,AGGTTGTGACCTCC,cell_31880,16
18883,AGTCAGACGTCATG,cell_31930,16
18889,AGTCGAACGTATGC,cell_31938,16
18895,AGTCTTACGTCGTA,cell_31950,16
18896,AGTCTTACTTGGTG,cell_31951,16
18898,AGTGAAGACTGCAA,cell_31954,16
18913,AGTTAAACTCAGTG,cell_31980,16
18920,AGTTCTACCATCAG,cell_31989,16
18942,ATAACCCTTGTTCT,cell_32027,16
18946,ATAAGTTGCAGAAA,cell_32032,16
18956,ATAATGACCTTGGA,cell_32046,16
18961,ATACACCTCCTTAT,cell_32053,16
18985,ATACTCTGTGGATC,cell_32093,16
19011,ATATACGATGCACA,cell_32135,16
19016,ATATGCCTGGGCAA,cell_32145,16
19023,ATCAAATGTTCCAT,cell_32155,16
19034,ATCAGGTGAGTGTC,cell_32174,16
19049,ATCCATACAAGTAG,cell_32195,16
19055,ATCCTAACATTCTC,cell_32208,16
19056,ATCCTAACCATACG,cell_32210,16
19057,ATCCTAACGCTTCC,cell_32211,16
19095,ATCTGACTGAAACA,cell_32270,16
19103,ATCTTGACTACTTC,cell_32284,16
19108,ATGAAGGAGTCTAG,cell_32296,16
19118,ATGATATGATTGGC,cell_32312,16
19152,ATGTCACTTATCTC,cell_32373,16
19155,ATGTCGGAACTCAG,cell_32377,16
19170,ATTACCACTCTCGC,cell_32402,16
19171,ATTACCACTGTCTT,cell_32403,16
19173,ATTACCTGCTAGTG,cell_32406,16
19185,ATTATGGATAAGGA,cell_32425,16
19190,ATTCAGCTACCTAG,cell_32431,16
19197,ATTCGACTACTTTC,cell_32443,16
19200,ATTCTGACTCCTAT,cell_32449,16
19227,ATTGGTCTTGGAGG,cell_32497,16
19234,ATTGTAGATTCTTG,cell_32504,16
19238,ATTGTCTGGAATGA,cell_32508,16
19239,ATTGTCTGGAGCAG,cell_32509,16
19257,ATTTGCACTGACCA,cell_32537,16
19265,CAAATTGACTAGTG,cell_32553,16
19274,CAACCGCTAGCCAT,cell_32567,16
19317,CAATCGGAGACAAA,cell_32643,16
19318,CAATCTACAAGGCG,cell_32644,16
19320,CAATGGACACGTTG,cell_32646,16
19326,CAATTCTGACCCTC,cell_32659,16
19331,CACAACGACGACAT,cell_32669,16
19339,CACAGATGGGACAG,cell_32686,16
19346,CACATGGAGTGCAT,cell_32701,16
19355,CACCGTACAATCGC,cell_32714,16
19363,CACGATGAACGGTT,cell_32731,16
19374,CACTAACTTGTCGA,cell_32748,16
19381,CACTGAGAACTACG,cell_32762,16
19384,CACTGCACCGACTA,cell_32766,16
19385,CACTGCACTTGACG,cell_32769,16
19388,CACTTAACACCCTC,cell_32774,16
19392,CACTTATGCCTTAT,cell_32779,16
19400,CAGAAGCTCCACCT,cell_32791,16
19401,CAGAAGCTTTCTGT,cell_32792,16
19402,CAGACAACCACACA,cell_32793,16
19403,CAGACAACCAGGAG,cell_32795,16
19406,CAGACCCTCCTGTC,cell_32798,16
19418,CAGCAATGGAGACG,cell_32819,16
19421,CAGCATGAATGTCG,cell_32823,16
19438,CAGCGTCTGAGCTT,cell_32849,16
19439,CAGCGTCTGCTTAG,cell_32850,16
19456,CAGGGCACTGGATC,cell_32875,16
19468,CAGTGTGATGCACA,cell_32898,16
19473,CAGTTGGATAGCCA,cell_32905,16
19478,CATAAAACCTTACT,cell_32911,16
19489,CATCAACTCGTCTC,cell_32928,16
19526,CATTCCCTGTCACA,cell_32994,16
19527,CATTGGGATACAGC,cell_32997,16
19531,CATTGTTGAAGTAG,cell_33006,16
19537,CATTTGACTTCTTG,cell_33018,16
19558,CCACTGTGGCTACA,cell_33056,16
19565,CCAGATGACCACCT,cell_33071,16
19573,CCAGCTACGGAAGC,cell_33084,16
19575,CCAGGTCTCTATTC,cell_33087,16
19580,CCAGTCTGGCTAAC,cell_33093,16
19595,CCATCGTGTCTCCG,cell_33123,16
19598,CCATGCTGGGCATT,cell_33127,16
19610,CCCAGACTAGAACA,cell_33151,16
19614,CCCAGTTGGAATCC,cell_33158,16
19619,CCCGAACTGATAGA,cell_33166,16
19624,CCCGATTGCCCAAA,cell_33171,16
19631,CCCTACGATGCTTT,cell_33184,16
19634,CCCTCAGACTGTAG,cell_33190,16
19637,CCCTGATGTCGCAA,cell_33197,16
19659,CCGCTATGTGACTG,cell_33222,16
19665,CCTAAACTCTGGTA,cell_33235,16
19677,CCTAGAGATTTGCT,cell_33250,16
19693,CCTGGACTAATCGC,cell_33275,16
19708,CGAAGACTCGAGAG,cell_33299,16
19714,CGAAGGGAGTCTGA,cell_33306,16
19718,CGAAGTACATCTCT,cell_33310,16
19723,CGACAAACAGCTAC,cell_33316,16
19731,CGACCTACTCGTTT,cell_33328,16
19745,CGAGATTGGACGAG,cell_33354,16
19749,CGAGGAGAGTTCTT,cell_33363,16
19779,CGCATAGATTGTGG,cell_33425,16
19784,CGCCGAGACTGACA,cell_33433,16
19799,CGCTACACGCGAGA,cell_33452,16
19814,CGGACCGACAGATC,cell_33473,16
19822,CGGCACGAAGTGCT,cell_33489,16
19824,CGGCATCTCATGCA,cell_33493,16
19827,CGGCCAGAGTTTCT,cell_33497,16
19832,CGGGACTGATGCCA,cell_33506,16
19840,CGGTAAACGGACGA,cell_33516,16
19850,CGTAACGAGGTAAA,cell_33530,16
19854,CGTACAGATAGCCA,cell_33538,16
19859,CGTACCACCCTTGC,cell_33545,16
19874,CGTCCAACCGTCTC,cell_33567,16
19876,CGTCCAACTTTCGT,cell_33569,16
19878,CGTCCATGCTCGCT,cell_33571,16
19885,CGTGAAACCCGTAA,cell_33580,16
19887,CGTGAAACTGTGGT,cell_33582,16
19899,CGTTATACTTCCCG,cell_33605,16
19941,CTAGAGACTTCGTT,cell_33676,16
19951,CTAGGTGAGTGCTA,cell_33690,16
19961,CTATAGCTGGGAGT,cell_33707,16
19964,CTATCAACATCTCT,cell_33711,16
19965,CTATCAACGGAGTG,cell_33712,16
19967,CTATCAACTTGCGA,cell_33714,16
19971,CTATCCCTTTAGGC,cell_33721,16
19982,CTATTGACCGGTAT,cell_33734,16
19983,CTATTGACTATCGG,cell_33736,16
20001,CTCCATCTGCTTAG,cell_33768,16
20013,CTCGAAGAAGATCC,cell_33783,16
20021,CTCGAGCTTTTCTG,cell_33795,16
20031,CTCTAATGTGTTCT,cell_33812,16
20036,CTGAAGTGGACAGG,cell_33819,16
20038,CTGAAGTGTGTCTT,cell_33822,16
20039,CTGAATCTTCAAGC,cell_33825,16
20045,CTGAGAACTGACAC,cell_33835,16
20050,CTGATGGACCCTCA,cell_33846,16
20056,CTGCAGCTTTCACT,cell_33859,16
20059,CTGCCAACTCTCCG,cell_33864,16
20071,CTGTGAGACGTTAG,cell_33891,16
20088,CTTAGACTCCCTTG,cell_33915,16
20100,CTTCATGACAGAAA,cell_33933,16
20111,CTTTACGACCATAG,cell_33955,16
20119,CTTTCAGAGTCGTA,cell_33969,16
20144,GAACACACGTACCA,cell_34009,16
20169,GAAGATGATAGACC,cell_34051,16
20176,GAAGCTTGCAGTCA,cell_34060,16
20193,GAATGGCTCCCACT,cell_34087,16
20198,GAATTAACAAGAGT,cell_34094,16
20200,GAATTAACGAATGA,cell_34098,16
20211,GACAGTTGCTCGAA,cell_34120,16
20235,GACGATTGGAGCAG,cell_34151,16
20247,GACGTCCTAGTGTC,cell_34174,16
20249,GACGTCCTGGACAG,cell_34176,16
20270,GAGAGGTGTGTAGC,cell_34212,16
20272,GAGATAGACACAAC,cell_34214,16
20278,GAGCAACTTCAGTG,cell_34222,16
20298,GAGGCAGACTACCC,cell_34254,16
20299,GAGGCAGATATCGG,cell_34255,16
20313,GAGGGTGAGTATCG,cell_34274,16
20318,GAGGTGGATGCATG,cell_34282,16
20321,GAGGTTACGAACTC,cell_34285,16
20325,GAGTAAGACTGAGT,cell_34291,16
20342,GATAATACCATTTC,cell_34324,16
20363,GATCGATGGATAAG,cell_34363,16
20371,GATCTACTTATCTC,cell_34376,16
20375,GATCTTTGTCTACT,cell_34384,16
20378,GATGCAACCACTTT,cell_34389,16
20380,GATGCATGATCAGC,cell_34395,16
20390,GATTCTTGTTCTGT,cell_34413,16
20394,GATTGGACTGAAGA,cell_34418,16
20397,GATTGGTGGTTACG,cell_34422,16
20398,GATTGGTGTGCAAC,cell_34423,16
20401,GATTTAGAGAAAGT,cell_34426,16
20408,GCAAACTGACTGTG,cell_34435,16
20412,GCAAACTGGCTTCC,cell_34442,16
20417,GCAAACTGTTCACT,cell_34449,16
20418,GCAACCCTACGGTT,cell_34450,16
20420,GCAACTGAAGCTAC,cell_34457,16
20421,GCAACTGATCAGAC,cell_34458,16
20423,GCAATCGAGCGAGA,cell_34463,16
20427,GCACAAACCGTAGT,cell_34470,16
20436,GCACCTTGCCCAAA,cell_34486,16
20442,GCACGGTGGCCTTC,cell_34496,16
20453,GCAGCGTGTTTCTG,cell_34517,16
20471,GCATGTGACCAATG,cell_34552,16
20475,GCATTGGATGCCCT,cell_34558,16
20483,GCCACGGAGTTCTT,cell_34574,16
20489,GCCATCACCGTACA,cell_34581,16
20513,GCCTAGCTTGCAAC,cell_34621,16
20515,GCCTCAACGAAGGC,cell_34624,16
20522,GCGAAGGACACACA,cell_34640,16
20525,GCGAGAGAGTTGCA,cell_34647,16
20527,GCGAGCACGAATGA,cell_34651,16
20534,GCGCGAACCCTTAT,cell_34665,16
20546,GCGGCAACCGTTAG,cell_34683,16
20572,GCTCAGCTCTATGG,cell_34735,16
20575,GCTCCATGAGAACA,cell_34739,16
20584,GGAACTACAAAACG,cell_34757,16
20587,GGAACTTGGTCGTA,cell_34763,16
20588,GGAAGGACACTTTC,cell_34764,16
20597,GGAATGCTCGACAT,cell_34781,16
20604,GGACCCGATTATCC,cell_34793,16
20622,GGAGAGACAACCGT,cell_34823,16
20636,GGAGTTACCAGAAA,cell_34843,16
20644,GGATAGCTCTACTT,cell_34856,16
20646,GGATGTACCTGAAC,cell_34858,16
20647,GGATGTACTGCGTA,cell_34859,16
20652,GGATGTTGGTAAGA,cell_34864,16
20653,GGATGTTGGTACGT,cell_34865,16
20655,GGATTGTGGTGCAT,cell_34869,16
20656,GGATTTCTCCAAGT,cell_34870,16
20663,GGCACGTGTGCAGT,cell_34882,16
20664,GGCACTCTAAGGGC,cell_34883,16
20667,GGCCACGAAGGTTC,cell_34890,16
20680,GGCCGATGGTTGTG,cell_34908,16
20701,GGGAAGACCCTCGT,cell_34945,16
20729,GGGTAACTAAGCAA,cell_34989,16
20765,GTAAGCACGATAGA,cell_35053,16
20768,GTAAGCTGTCAGGT,cell_35061,16
20772,GTACAGTGGAATGA,cell_35071,16
20779,GTACTACTTCAGTG,cell_35083,16
20781,GTACTTTGCAATCG,cell_35087,16
20784,GTACTTTGTTGACG,cell_35091,16
20785,GTAGACTGACCTAG,cell_35092,16
20796,GTAGCCCTCATGCA,cell_35115,16
20800,GTAGCTGAATGCTG,cell_35121,16
20803,GTAGCTGATGGAAA,cell_35125,16
20807,GTAGTCGAGTTGAC,cell_35131,16
20817,GTATTCACGATACC,cell_35149,16
20830,GTCCAAGACCCACT,cell_35171,16
20844,GTCGAATGTCACGA,cell_35188,16
20847,GTCGACCTGTGCTA,cell_35192,16
20850,GTCGCACTCCCAAA,cell_35195,16
20853,GTCGCACTGTAAGA,cell_35198,16
20877,GTGAGGGAGCCCTT,cell_35234,16
20904,GTGGATTGACGTGT,cell_35273,16
20907,GTGTAGTGCACTCC,cell_35283,16
20909,GTGTAGTGTACGAC,cell_35287,16
20922,GTTAAAACGCGTTA,cell_35308,16
20924,GTTAAAACTGGCAT,cell_35311,16
20931,GTTACTACTTCCGC,cell_35327,16
20935,GTTAGGTGTGCATG,cell_35332,16
20941,GTTATAGATTTCTG,cell_35342,16
20944,GTTATCTGCGCATA,cell_35346,16
20947,GTTATCTGTGTTTC,cell_35350,16
20948,GTTATCTGTTCGGA,cell_35351,16
20950,GTTCAACTATGTCG,cell_35354,16
20954,GTTCAGGAGTGCAT,cell_35360,16
20960,GTTGTACTAAAGTG,cell_35378,16
20977,TAAATCGATTGCAG,cell_35405,16
20989,TAACGTCTAGTGTC,cell_35427,16
21001,TAAGATTGATGCCA,cell_35447,16
21025,TAATGATGCACTAG,cell_35492,16
21026,TAATGCCTACCGAT,cell_35494,16
21034,TACAATGATTATCC,cell_35508,16
21036,TACACACTTAAAGG,cell_35511,16
21040,TACATAGACTAGTG,cell_35515,16
21042,TACATCACCTGTCC,cell_35519,16
21071,TACGGAACGTTTGG,cell_35566,16
21074,TACGGCCTGTGCTA,cell_35575,16
21085,TACTACACTGTCAG,cell_35592,16
21103,TACTTTCTGGTGAG,cell_35621,16
21104,TAGAATACCCTGTC,cell_35624,16
21106,TAGAATTGCAACTG,cell_35628,16
21124,TAGCATCTCGACAT,cell_35650,16
21126,TAGCATCTCTGGAT,cell_35652,16
21139,TAGGCAACCTTCTA,cell_35683,16
21140,TAGGCAACGCCCTT,cell_35684,16
21142,TAGGCATGTCTTAC,cell_35687,16
21159,TAGTAAACCATGCA,cell_35714,16
21160,TAGTAAACTTCCGC,cell_35715,16
21163,TAGTAATGTTTCAC,cell_35720,16
21164,TAGTACCTACTGTG,cell_35721,16
21168,TAGTACCTTTGGTG,cell_35726,16
21171,TAGTATGAGATAGA,cell_35730,16
21177,TAGTCGGATGTCAG,cell_35740,16
21180,TAGTTAGACTTTAC,cell_35743,16
21181,TAGTTAGAGTGTTG,cell_35745,16
21193,TATACCACCTTCTA,cell_35766,16
21204,TATAGCCTAGTCAC,cell_35780,16
21217,TATCGACTCTTACT,cell_35806,16
21234,TATGCGGAAACCAC,cell_35828,16
21243,TATGGTCTATCGTG,cell_35841,16
21244,TATGGTCTTACAGC,cell_35843,16
21245,TATGTCACAGATGA,cell_35845,16
21253,TATTTCCTTTCCCG,cell_35863,16
21268,TCACAACTTAGTCG,cell_35889,16
21273,TCACCCGATTCATC,cell_35902,16
21274,TCACCGTGAACGGG,cell_35903,16
21279,TCACGAGAACTCTT,cell_35913,16
21284,TCACTATGTCCGTC,cell_35921,16
21298,TCAGTACTAAACGA,cell_35941,16
21330,TCCACTCTTCGTAG,cell_35985,16
21333,TCCATAACTTAGGC,cell_35991,16
21351,TCCGAAGACCCGTT,cell_36025,16
21356,TCCGAGCTCCTCCA,cell_36032,16
21376,TCGACGCTTGTTCT,cell_36071,16
21385,TCGATTTGACACTG,cell_36084,16
21390,TCGCAGCTTTCTAC,cell_36097,16
21408,TCGTGAGAGGAAAT,cell_36128,16
21411,TCGTTATGGATAGA,cell_36131,16
21412,TCGTTATGTCCCGT,cell_36132,16
21418,TCTAACTGGTCGAT,cell_36141,16
21426,TCTAAGCTTTCTCA,cell_36150,16
21442,TCTCCACTGAATGA,cell_36177,16
21447,TCTTACGAAACCTG,cell_36188,16
21448,TCTTACGACATTCT,cell_36189,16
21466,TGACCAGAGGACGA,cell_36223,16
21490,TGAGCAACCCCTAC,cell_36266,16
21509,TGATCGGACTTGAG,cell_36304,16
21514,TGATTCACAGTAGA,cell_36313,16
21519,TGCAACGACATGGT,cell_36322,16
21540,TGCCAGCTGAGACG,cell_36360,16
21544,TGCCAGCTTCAGGT,cell_36365,16
21556,TGCGATGACCAACA,cell_36384,16
21559,TGCGATGAGCGATT,cell_36387,16
21560,TGCGCACTATGGTC,cell_36388,16
21561,TGCGCACTCAACCA,cell_36389,16
21568,TGCTATACACTACG,cell_36400,16
21573,TGCTGAGACTTATC,cell_36406,16
21574,TGCTGAGATCCAGA,cell_36407,16
21575,TGCTTAACACGGAG,cell_36408,16
21578,TGGAACACACGGTT,cell_36413,16
21589,TGGATCGACTTACT,cell_36435,16
21599,TGGTACGAGTGTCA,cell_36456,16
21606,TGTAAAACGACAGG,cell_36472,16
21621,TGTATGCTACTCAG,cell_36502,16
21644,TTACACACGGAGTG,cell_36546,16
21650,TTACCATGCTCTCG,cell_36555,16
21661,TTACGTACGAATAG,cell_36569,16
21667,TTAGACCTCTGAGT,cell_36579,16
21690,TTAGTCTGAAGTAG,cell_36608,16
21697,TTATGAGAGTCGAT,cell_36621,16
21718,TTCATCGACATGCA,cell_36668,16
21723,TTCATGACGGTGTT,cell_36676,16
21724,TTCATGACGTACGT,cell_36677,16
21726,TTCATGTGCCCTAC,cell_36680,16
21727,TTCATGTGCTCTCG,cell_36681,16
21740,TTCCATGATTCCAT,cell_36702,16
21747,TTCGATTGGGATCT,cell_36717,16
21754,TTCGTATGGTCCTC,cell_36731,16
21759,TTCTAGTGACGGAG,cell_36738,16
21776,TTGAGGTGCCGTAA,cell_36773,16
21778,TTGAGGTGCGTCTC,cell_36775,16
21781,TTGCATTGCCTCGT,cell_36785,16
21783,TTGCTAACCACCAA,cell_36790,16
21785,TTGCTAACGTTGTG,cell_36792,16
21790,TTGGAGACGAACCT,cell_36800,16
21810,TTTCAGTGACACGT,cell_36840,16
21823,TTTGACTGCGTGAT,cell_36859,16
21826,TTTGCATGCTGAGT,cell_36863,16
21829,AAACATTGCAACTG,cell_36866,17
21841,AAACGGCTGTTGGT,cell_36879,17
21842,AAACTTGACCACCT,cell_36880,17
21845,AAAGACGAAGCCTA,cell_36883,17
21863,AAATCTGACTGTTT,cell_36903,17
21880,AACACGTGGCAAGG,cell_36922,17
21887,AACAGCACAACGTC,cell_36931,17
21898,AACCACGATTGCTT,cell_36943,17
21909,AACCTTACTGAGAA,cell_36956,17
21913,AACGCAACGGGACA,cell_36961,17
21923,AACGGTTGATTTCC,cell_36974,17
21940,AACTCGGACTAGTG,cell_36992,17
21944,AACTCTTGCCGCTT,cell_36996,17
21945,AACTCTTGTGGTCA,cell_36997,17
21957,AAGAAGACGTCTAG,cell_37012,17
21961,AAGAGATGGCTTCC,cell_37019,17
21965,AAGATGGAGGTGTT,cell_37024,17
21980,AAGGCTTGCCGTTC,cell_37045,17
21981,AAGGCTTGGTTCTT,cell_37047,17
21989,AAGGTCTGTCAGAC,cell_37055,17
21993,AAGTAGGAGGTGGA,cell_37059,17
21999,AAGTCTCTAGTAGA,cell_37069,17
22031,AATCCTACGGGATG,cell_37109,17
22039,AATCTCACCTCTAT,cell_37118,17
22057,AATGGAGAGTGTCA,cell_37142,17
22068,AATTGATGCCTTGC,cell_37158,17
22069,AATTGATGCGCTAA,cell_37159,17
22071,AATTGATGTTTCTG,cell_37161,17
22121,ACAGGTACTGGTAC,cell_37215,17
22125,ACAGTCGACCACCT,cell_37219,17
22126,ACAGTCGACCTTCG,cell_37220,17
22127,ACAGTCGATGAGGG,cell_37221,17
22131,ACAGTGACTCTCGC,cell_37225,17
22136,ACAGTGTGTTGCTT,cell_37230,17
22145,ACCAACGAGCGATT,cell_37245,17
22154,ACCACCTGTCGACA,cell_37254,17
22159,ACCAGCCTAGAGGC,cell_37259,17
22188,ACCCGTACTATCTC,cell_37293,17
22224,ACGACCCTGAGGTG,cell_37342,17
22227,ACGAGTACCCTACC,cell_37347,17
22240,ACGCAATGCAACTG,cell_37362,17
22251,ACGCCACTTACTTC,cell_37374,17
22275,ACGGCGTGGCGAAG,cell_37402,17
22279,ACGGCTCTTTTCAC,cell_37406,17
22310,ACTCAGGACCCTAC,cell_37445,17
22311,ACTCAGGAGCGAGA,cell_37447,17
22319,ACTCCCGATGGATC,cell_37455,17
22321,ACTCCTCTCCTGAA,cell_37457,17
22341,ACTGCCACTGACTG,cell_37481,17
22347,ACTGCCTGTAGACC,cell_37487,17
22351,ACTGTTACGTGTAC,cell_37492,17
22363,ACTTGACTTGGCAT,cell_37509,17
22377,AGAAGATGCAACTG,cell_37529,17
22396,AGACTTCTACTCAG,cell_37552,17
22407,AGAGCGGATTCTCA,cell_37564,17
22421,AGATATTGCCATAG,cell_37582,17
22437,AGCACAACAGCACT,cell_37601,17
22463,AGCGAACTGTTGTG,cell_37636,17
22464,AGCGAACTTGATGC,cell_37637,17
22465,AGCGAACTTGGAGG,cell_37638,17
22497,AGCTGCCTTCCCGT,cell_37675,17
22498,AGCTGCCTTTTGCT,cell_37676,17
22500,AGCTGTGATCACCC,cell_37678,17
22509,AGGACTTGATTCGG,cell_37691,17
22519,AGGCTAACAGCATC,cell_37706,17
22525,AGGGACGATGGGAG,cell_37713,17
22527,AGGGAGTGGTCGAT,cell_37715,17
22540,AGGGTGGATAGCCA,cell_37729,17
22542,AGGTACACATGACC,cell_37731,17
22543,AGGTACTGACCATG,cell_37732,17
22547,AGGTACTGTGGGAG,cell_37736,17
22559,AGGTTGTGCTTGCC,cell_37752,17
22562,AGTAATACCCATGA,cell_37755,17
22565,AGTAATTGGCGTAT,cell_37759,17
22570,AGTAGGCTAGCTAC,cell_37766,17
22572,AGTAGGCTTTGACG,cell_37768,17
22589,AGTCTTACAGTCGT,cell_37788,17
22594,AGTGAAGATTTCTG,cell_37794,17
22609,AGTGTTCTTGGTTG,cell_37814,17
22623,AGTTTCACGGACTT,cell_37835,17
22625,ATAAACACACGACT,cell_37838,17
22660,ATACCTTGTTCAGG,cell_37892,17
22680,ATAGCCGATCGATG,cell_37914,17
22687,ATATACGACTTATC,cell_37923,17
22688,ATATAGTGCTCGCT,cell_37925,17
22697,ATCAACCTGAATGA,cell_37935,17
22703,ATCAGGTGAGTGTC,cell_37944,17
22708,ATCATGCTTGGTGT,cell_37949,17
22715,ATCCCGTGGAAGGC,cell_37958,17
22718,ATCCTAACGCAAGG,cell_37964,17
22728,ATCGCAGAGCTCCT,cell_37978,17
22732,ATCGCCTGTGTCTT,cell_37987,17
22733,ATCGCGCTTCTATC,cell_37990,17
22737,ATCGGTGATTGCGA,cell_37994,17
22744,ATCTACTGTTACTC,cell_38003,17
22749,ATCTGACTGAAACA,cell_38008,17
22750,ATCTGACTGCATCA,cell_38009,17
22756,ATCTTGACTAAGCC,cell_38017,17
22765,ATGAGCACAGGTCT,cell_38028,17
22777,ATGCACGACTTGCC,cell_38041,17
22785,ATGCCGCTCTACCC,cell_38055,17
22786,ATGCCGCTGTTCAG,cell_38057,17
22805,ATGTACCTGAGAGC,cell_38080,17
22809,ATGTCACTGGACAG,cell_38085,17
22833,ATTAGATGTTCCAT,cell_38115,17
22835,ATTAGTGACCTGAA,cell_38117,17
22837,ATTAGTGATTTGTC,cell_38119,17
22854,ATTCGACTGAGCTT,cell_38143,17
22855,ATTCGACTGGAAGC,cell_38144,17
22864,ATTGATGAACAGTC,cell_38155,17
22869,ATTGCACTGGGCAA,cell_38161,17
22875,ATTGGTCTGGTTTG,cell_38171,17
22888,ATTTCGTGGGTAGG,cell_38187,17
22893,ATTTGCACTGACCA,cell_38193,17
22896,CAAACTCTAGTCTG,cell_38196,17
22899,CAAAGCACGAGGGT,cell_38200,17
22901,CAAAGCTGACTTTC,cell_38202,17
22945,CAAGGACTAAGTGA,cell_38254,17
22962,CAATCGGACTGTTT,cell_38276,17
22965,CAATGGACACTTTC,cell_38283,17
22972,CAATTCTGTATGCG,cell_38290,17
22993,CACCGGGAGGTTAC,cell_38318,17
22994,CACCGGGATCCTAT,cell_38319,17
23021,CACTAGGATTCTAC,cell_38351,17
23040,CAGAAGCTTTCTGT,cell_38377,17
23047,CAGACATGGTTCTT,cell_38384,17
23048,CAGACCCTTGTCAG,cell_38386,17
23053,CAGAGGGAGGACGA,cell_38392,17
23058,CAGATGACACGTGT,cell_38399,17
23063,CAGCAATGGAGACG,cell_38408,17
23074,CAGCCTACGTAAGA,cell_38421,17
23078,CAGCTAGAATGCTG,cell_38427,17
23091,CAGGGCACTGTCGA,cell_38442,17
23094,CAGGTATGGGACAG,cell_38445,17
23102,CAGTTGGAGGAGGT,cell_38457,17
23105,CAGTTTACGAGGAC,cell_38460,17
23110,CATAAATGATCGGT,cell_38466,17
23115,CATACTTGATTCTC,cell_38471,17
23125,CATCCCGAATGCCA,cell_38484,17
23143,CATGCGCTGGTGAG,cell_38508,17
23148,CATGTACTCCTAAG,cell_38516,17
23149,CATGTACTTACTTC,cell_38517,17
23160,CATTGACTGTTCAG,cell_38537,17
23168,CATTGTACCGCCTT,cell_38549,17
23183,CCAACCTGTGATGC,cell_38570,17
23195,CCAATTTGGACACT,cell_38584,17
23206,CCACTGTGATCACG,cell_38598,17
23221,CCAGCGGATTTCGT,cell_38619,17
23227,CCAGGTCTGTTTGG,cell_38625,17
23251,CCCAACACTCTTCA,cell_38654,17
23252,CCCACATGGCGTTA,cell_38655,17
23253,CCCAGTTGACCTGA,cell_38658,17
23270,CCCGGAGAGCCATA,cell_38677,17
23278,CCCTCAGATTACTC,cell_38686,17
23289,CCGACTACAGCATC,cell_38701,17
23295,CCGATAGAAGCCAT,cell_38708,17
23302,CCGGAGTGTGGTAC,cell_38718,17
23303,CCGTAAGAACACCA,cell_38719,17
23307,CCGTAAGAGGTACT,cell_38723,17
23309,CCGTACACGTTGAC,cell_38726,17
23317,CCTAGAGAGTGTAC,cell_38734,17
23319,CCTATAACAACGGG,cell_38736,17
23321,CCTATAACATCGAC,cell_38738,17
23339,CCTGGACTAATCGC,cell_38760,17
23346,CCTTCACTGCCATA,cell_38768,17
23388,CGACTGCTCTGAGT,cell_38816,17
23400,CGAGGCACGGGTGA,cell_38833,17
23417,CGATCCACCGTGAT,cell_38857,17
23418,CGATCCACGAGGCA,cell_38858,17
23420,CGATCCACTTCCAT,cell_38860,17
23429,CGCAAATGTGTGAC,cell_38869,17
23431,CGCAACCTCGACAT,cell_38871,17
23450,CGCCATTGGCCCTT,cell_38899,17
23453,CGCCGAGATCACCC,cell_38903,17
23456,CGCCTAACTTCGTT,cell_38909,17
23472,CGGATATGTGTGCA,cell_38933,17
23475,CGGCCAGACAAAGA,cell_38936,17
23478,CGGCCAGATAAGGA,cell_38939,17
23491,CGGTAAACGTATGC,cell_38955,17
23494,CGGTAAACTGCAGT,cell_38958,17
23508,CGTAGCCTAGTCGT,cell_38975,17
23511,CGTAGCCTCTGGTA,cell_38978,17
23517,CGTCGACTGGGACA,cell_38986,17
23526,CGTGTAGATCAGGT,cell_38995,17
23533,CGTTATACCTTGCC,cell_39004,17
23534,CGTTTAACCGTGAT,cell_39006,17
23536,CTAAACCTCACACA,cell_39008,17
23538,CTAAACCTGAATGA,cell_39010,17
23550,CTAATAGAAAACGA,cell_39029,17
23551,CTAATAGACCGAAT,cell_39030,17
23554,CTAATGCTGTACGT,cell_39034,17
23556,CTACCTCTACACCA,cell_39036,17
23561,CTAGAGACAAAACG,cell_39043,17
23567,CTAGGTGAAGATGA,cell_39053,17
23584,CTATCCCTGGAGCA,cell_39073,17
23597,CTCAGGCTGAGGTG,cell_39095,17
23599,CTCATTGAGCAGTT,cell_39099,17
23606,CTCGACACGGCAAG,cell_39109,17
23623,CTGAACGAAGCCAT,cell_39128,17
23639,CTGAGCCTAAGCCT,cell_39149,17
23643,CTGATACTACCATG,cell_39153,17
23649,CTGCAGCTAAGCAA,cell_39160,17
23664,CTTAACACCCTATT,cell_39186,17
23684,CTTCATGACATCAG,cell_39212,17
23686,CTTCATGATATGCG,cell_39214,17
23692,CTTGAACTGTCACA,cell_39220,17
23697,CTTGAGGATAACCG,cell_39226,17
23707,CTTTACGACCATAG,cell_39237,17
23710,CTTTAGTGACAGCT,cell_39242,17
23713,CTTTCAGAGTCGTA,cell_39247,17
23715,CTTTGATGGGCGAA,cell_39249,17
23720,GAAACCTGTCCCAC,cell_39256,17
23726,GAAAGTGATTCGTT,cell_39264,17
23732,GAACACACTATTCC,cell_39270,17
23734,GAACAGCTATGACC,cell_39273,17
23737,GAACAGCTCTGAGT,cell_39276,17
23738,GAACAGCTGCATAC,cell_39277,17
23759,GAAGCTTGCTCGAA,cell_39300,17
23772,GAATGGCTCCCACT,cell_39318,17
23790,GACCTAGACCGCTT,cell_39345,17
23792,GACCTCACGTCGAT,cell_39348,17
23814,GACGTATGTCAGTG,cell_39379,17
23815,GACGTATGTGGTGT,cell_39380,17
23823,GACTCCTGTCGCAA,cell_39389,17
23829,GACTGTGAATTCTC,cell_39397,17
23840,GAGATAGAGTAGCT,cell_39409,17
23865,GAGGACGATGGTAC,cell_39437,17
23873,GAGGCAGATATCGG,cell_39445,17
23875,GAGGGATGGAGCTT,cell_39448,17
23896,GAGTAAGAGTTCGA,cell_39474,17
23906,GAGTCAACTCTAGG,cell_39485,17
23912,GAGTGTTGAGAACA,cell_39493,17
23915,GAGTTGTGCATGGT,cell_39497,17
23918,GATAAGGAGGAAGC,cell_39500,17
23936,GATATTGATAGACC,cell_39519,17
23941,GATCCCTGCCAAGT,cell_39526,17
23948,GATCGATGCAGAAA,cell_39535,17
23953,GATCGATGTCTATC,cell_39541,17
23962,GATCTTTGACCAAC,cell_39550,17
23966,GATGCCCTATCTTC,cell_39555,17
23976,GATTCTACCGTCTC,cell_39567,17
24002,GCAATTCTCATTTC,cell_39604,17
24003,GCAATTCTTCAGTG,cell_39605,17
24021,GCACCTTGTTAGGC,cell_39628,17
24024,GCACGGTGACGCAT,cell_39633,17
24043,GCAGTCCTACCAGT,cell_39657,17
24059,GCATTGGAGGGCAA,cell_39678,17
24064,GCCAAAACCCTTGC,cell_39684,17
24068,GCCAAATGGTTGAC,cell_39688,17
24082,GCCATCACGTTGAC,cell_39703,17
24085,GCCATGCTTGTCAG,cell_39707,17
24090,GCCGACGAGCAAGG,cell_39713,17
24092,GCCGAGTGAGGTCT,cell_39715,17
24101,GCCGTACTTCGCCT,cell_39728,17
24106,GCCTAGCTGACGTT,cell_39734,17
24121,GCGAGCACATGACC,cell_39751,17
24131,GCGGAGCTTGTTCT,cell_39766,17
24142,GCGTACCTTCTCGC,cell_39778,17
24143,GCGTATGACCAACA,cell_39779,17
24148,GCTACAGACAGAGG,cell_39785,17
24150,GCTACGCTAGCATC,cell_39789,17
24167,GCTCCATGGGATCT,cell_39809,17
24172,GCTGATGAGAGGCA,cell_39816,17
24174,GCTTAACTACCACA,cell_39819,17
24182,GGAACTTGCACTCC,cell_39831,17
24200,GGACCCGATTATCC,cell_39857,17
24203,GGACCTCTATGCTG,cell_39860,17
24206,GGACGAGATCAAGC,cell_39865,17
24214,GGACGCTGGGTAAA,cell_39874,17
24218,GGAGACGAAAGTAG,cell_39882,17
24220,GGAGACGACCAACA,cell_39884,17
24222,GGAGAGACACTTTC,cell_39886,17
24238,GGAGTTACGCCTTC,cell_39905,17
24239,GGAGTTTGAATGCC,cell_39906,17
24243,GGATACTGGAATCC,cell_39912,17
24261,GGCACGTGCTTTAC,cell_39938,17
24265,GGCATATGCCTAAG,cell_39943,17
24267,GGCCACGAGAGCTT,cell_39945,17
24271,GGCCAGACGGAAAT,cell_39950,17
24283,GGCGACACTTGACG,cell_39964,17
24294,GGCGGACTGAGACG,cell_39976,17
24296,GGCGGACTTAGCGT,cell_39978,17
24300,GGCTAAACTCGTTT,cell_39983,17
24305,GGCTAATGGTCGTA,cell_39989,17
24308,GGCTCACTAATGCC,cell_39992,17
24311,GGCTCACTCTTACT,cell_39995,17
24319,GGGACCACGTTGAC,cell_40005,17
24327,GGGATTACAAGCCT,cell_40013,17
24330,GGGATTACTCACGA,cell_40016,17
24343,GGGTTATGAGAAGT,cell_40031,17
24361,GGTCTAGACACCAA,cell_40053,17
24376,GTAAGCACCAACCA,cell_40070,17
24395,GTACTACTCGTTGA,cell_40090,17
24402,GTACTTTGTGATGC,cell_40097,17
24407,GTAGACTGTGTAGC,cell_40103,17
24414,GTAGCTGAGCTCCT,cell_40113,17
24419,GTAGTGACCCACAA,cell_40120,17
24421,GTAGTGACTGGTGT,cell_40122,17
24424,GTAGTGTGGCCCTT,cell_40125,17
24427,GTATCACTGTTAGC,cell_40129,17
24437,GTCAATCTAACCAC,cell_40144,17
24441,GTCAATCTCTCGAA,cell_40148,17
24446,GTCACCTGAAGGCG,cell_40154,17
24497,GTGAGGGATGTCAG,cell_40211,17
24498,GTGATCGATCAGTG,cell_40213,17
24505,GTGCAAACTCTCGC,cell_40223,17
24509,GTGCTAGAGTGTTG,cell_40227,17
24521,GTGTACGACTGATG,cell_40240,17
24532,GTGTGATGCCAATG,cell_40254,17
24553,GTTAGTCTACCCAA,cell_40281,17
24556,GTTATAGACCTTGC,cell_40285,17
24569,GTTCAGGAGTGCAT,cell_40300,17
24571,GTTCATACAGAGAT,cell_40302,17
24573,GTTCATACTTTGCT,cell_40304,17
24583,GTTGGATGAGCTCA,cell_40318,17
24585,GTTTAAGAAGGAGC,cell_40321,17
24592,TAAAGACTCAAGCT,cell_40332,17
24620,TAACTCACAGCTCA,cell_40370,17
24622,TAAGAACTAAGCAA,cell_40373,17
24633,TAAGCTCTGTACAC,cell_40386,17
24644,TAATGAACACGTAC,cell_40402,17
24645,TAATGATGCACTAG,cell_40403,17
24672,TACCGCTGGGAACG,cell_40433,17
24673,TACCGCTGTGCTAG,cell_40435,17
24691,TACGGAACCACTCC,cell_40460,17
24696,TACGTACTTGCACA,cell_40468,17
24710,TACTCCCTCAGCTA,cell_40484,17
24719,TACTTTCTACGACT,cell_40498,17
24726,TAGAATACTACGAC,cell_40506,17
24733,TAGAGAGAAATCGC,cell_40513,17
24759,TAGGAGCTAGGCGA,cell_40542,17
24779,TAGTAAACAGTAGA,cell_40565,17
24786,TAGTACCTAGTTCG,cell_40573,17
24795,TAGTCGGAATAAGG,cell_40583,17
24800,TAGTGGTGTTGGCA,cell_40591,17
24804,TATAAGACAAAGCA,cell_40597,17
24822,TATAGATGCGTAGT,cell_40620,17
24846,TATGCGGAATGCTG,cell_40653,17
24850,TATGGGACGTTGTG,cell_40659,17
24864,TATGTCTGTGAGCT,cell_40675,17
24881,TCAAGTCTATCGGT,cell_40698,17
24886,TCACAACTGAGGCA,cell_40704,17
24893,TCACCGTGTAGACC,cell_40714,17
24894,TCACCTCTTTTCTG,cell_40715,17
24897,TCACTATGCAGTCA,cell_40721,17
24898,TCACTATGGGTGAG,cell_40722,17
24900,TCACTATGTCCGTC,cell_40724,17
24903,TCAGAGACTCTGGA,cell_40728,17
24910,TCAGGATGGAATAG,cell_40736,17
24911,TCAGTACTACTTTC,cell_40738,17
24916,TCATCAACAGCTCA,cell_40747,17
24925,TCATTCGATTGTGG,cell_40758,17
24926,TCATTGACAGTCAC,cell_40759,17
24929,TCCACGTGTCAGGT,cell_40764,17
24947,TCCGAAGACCCGTT,cell_40788,17
24956,TCCTAATGGCTTCC,cell_40799,17
24978,TCGGACCTATGACC,cell_40834,17
25012,TCTTACGAACTCTT,cell_40876,17
25013,TCTTACGACGACAT,cell_40877,17
25036,TGACGAACCCAATG,cell_40906,17
25039,TGACGATGGGTTAC,cell_40909,17
25042,TGACTGGAGGTCTA,cell_40913,17
25043,TGACTGGATCGTTT,cell_40914,17
25066,TGATAAACGGTCTA,cell_40941,17
25086,TGCACAGAAGAACA,cell_40966,17
25090,TGCACGCTGTAAAG,cell_40970,17
25094,TGCAGATGCTGACA,cell_40975,17
25100,TGCCAGCTTCAGGT,cell_40984,17
25111,TGCGATGAACGCTA,cell_40995,17
25113,TGCGATGATAGAGA,cell_40997,17
25125,TGGAAAGATTGGCA,cell_41012,17
25132,TGGAAGCTGGGATG,cell_41020,17
25141,TGGAGGGAAAGGCG,cell_41033,17
25162,TGGGTATGCCTCCA,cell_41061,17
25207,TGTGAGACCGTAGT,cell_41113,17
25215,TGTTAAGATGGAGG,cell_41122,17
25221,TTACAGCTAAAACG,cell_41128,17
25224,TTACAGCTTAGCGT,cell_41131,17
25238,TTAGAATGCGCCTT,cell_41149,17
25239,TTAGAATGTCCTCG,cell_41150,17
25252,TTAGGTCTAGCCTA,cell_41169,17
25258,TTAGTCACTGTGCA,cell_41176,17
25259,TTAGTCTGAAGTAG,cell_41177,17
25264,TTAGTCTGTGTTTC,cell_41182,17
25282,TTCAAGCTCCTCAC,cell_41208,17
25288,TTCACCCTTACTGG,cell_41216,17
25296,TTCAGTTGCATTGG,cell_41224,17
25302,TTCATCGACTTGCC,cell_41231,17
25308,TTCATGTGCGGGAA,cell_41237,17
25327,TTCGAGGAGCTCCT,cell_41258,17
25330,TTCTACGACACTAG,cell_41261,17
25364,TTGCTATGGTACCA,cell_41303,17
25371,TTGGTACTAAGCCT,cell_41312,17
25372,TTGGTACTCTCGAA,cell_41313,17
25384,TTTAGCTGGTCTGA,cell_41326,17
25389,TTTCCAGACCGCTT,cell_41337,17
25394,TTTGACTGTGAGCT,cell_41344,17
25423,AAATACTGCGTACA,cell_41378,18
25426,AAATCATGAGATGA,cell_41382,18
25428,AAATCATGGTCTGA,cell_41384,18
25441,AACAAACTCCGTTC,cell_41397,18
25455,AACCAGTGGACAGG,cell_41414,18
25465,AACGCAACACGTAC,cell_41425,18
25467,AACGCAACGAACTC,cell_41427,18
25486,AAGACAGATCGACA,cell_41450,18
25504,AAGTAGGAAGGTTC,cell_41470,18
25511,AATAAGCTCTCCCA,cell_41481,18
25543,ACAGACACCTCGCT,cell_41521,18
25565,ACCCACTGCGATAC,cell_41548,18
25595,ACGCGGTGCTGGTA,cell_41584,18
25600,ACGGCGTGGGGAGT,cell_41589,18
25605,ACGTCCTGCGGAGA,cell_41597,18
25606,ACGTGATGGGTCTA,cell_41598,18
25608,ACGTGCCTGCAGTT,cell_41600,18
25611,ACTACGGACGTTAG,cell_41604,18
25614,ACTCGAGAGAGACG,cell_41607,18
25616,ACTCTATGGGATTC,cell_41610,18
25634,AGAACGCTCGAACT,cell_41635,18
25650,AGACTTCTGCAGTT,cell_41653,18
25665,AGATCGTGTTCGGA,cell_41672,18
25668,AGCATCGAATCTTC,cell_41675,18
25675,AGCCAATGTTTCAC,cell_41684,18
25677,AGCCGGACAAGCCT,cell_41686,18
25696,AGGAATGAACCCAA,cell_41708,18
25702,AGGCAACTCCGATA,cell_41717,18
25709,AGGGACGAGTCGTA,cell_41724,18
25740,AGTAGGCTGTGAGG,cell_41761,18
25749,AGTCGCCTTGCGTA,cell_41771,18
25755,AGTGAAGATTTCTG,cell_41777,18
25756,AGTGACACACTAGC,cell_41778,18
25768,AGTTCTACCTACGA,cell_41790,18
25795,ATAGCTCTTCCTCG,cell_41826,18
25812,ATCCAGGAATCACG,cell_41851,18
25821,ATCGCAGACACACA,cell_41865,18
25822,ATCGCAGACTAGAC,cell_41866,18
25828,ATCGGTGATTTGTC,cell_41874,18
25829,ATCTACTGCTAGTG,cell_41875,18
25834,ATGAAACTAATGCC,cell_41881,18
25835,ATGAAGGAAACAGA,cell_41882,18
25839,ATGATATGGTTCGA,cell_41887,18
25844,ATGCCGCTCTACCC,cell_41893,18
25856,ATGTTAGACATTCT,cell_41906,18
25857,ATGTTAGAGAATCC,cell_41907,18
25888,ATTGGGTGTGTGAC,cell_41943,18
25893,ATTTAGGAACCGAT,cell_41948,18
25894,ATTTAGGACTGTTT,cell_41949,18
25896,ATTTCGTGGGTAGG,cell_41951,18
25898,ATTTGCACACTGGT,cell_41953,18
25901,CAAAGCTGACTTTC,cell_41957,18
25915,CAACTTTGTGCAGT,cell_41972,18
25932,CAATCGGATCTCTA,cell_41993,18
25941,CACAGTGACCGTTC,cell_42003,18
25956,CACGATGAGGTCAT,cell_42024,18
25964,CACTAGGAGCTGTA,cell_42033,18
25968,CACTCCGATCCTCG,cell_42037,18
25987,CAGCCTTGATTCCT,cell_42062,18
25992,CAGCTAGAAGTCGT,cell_42068,18
26003,CAGGGCACTCGATG,cell_42080,18
26004,CAGGTTGACCATGA,cell_42081,18
26012,CATACTACTGTTCT,cell_42093,18
26020,CATCCCGAACTAGC,cell_42105,18
26030,CATGCGCTTCTGGA,cell_42117,18
26037,CATGTACTCCTAAG,cell_42124,18
26038,CATGTTTGCCTTGC,cell_42125,18
26041,CATTCCCTAGCATC,cell_42129,18
26042,CATTCCCTATGTGC,cell_42130,18
26046,CATTGTACACCTCC,cell_42135,18
26050,CATTTGACCAGAAA,cell_42139,18
26059,CCAAGTGAGACTAC,cell_42151,18
26076,CCAGCGGAACTCAG,cell_42170,18
26080,CCATAGGACAACCA,cell_42178,18
26097,CCCATCGATCCGTC,cell_42199,18
26099,CCCGAACTGCAAGG,cell_42202,18
26105,CCCTACGAGGTACT,cell_42209,18
26113,CCGATAGAGATGAA,cell_42223,18
26118,CCGGAGTGGCAAGG,cell_42229,18
26119,CCGTACACAGGCGA,cell_42230,18
26126,CCTAGAGAGTGTAC,cell_42238,18
26127,CCTATAACTGCACA,cell_42240,18
26131,CCTCGAACCACTAG,cell_42245,18
26135,CCTCTACTTGCAGT,cell_42249,18
26138,CCTTTAGACACTAG,cell_42255,18
26155,CGACCTTGGACGGA,cell_42275,18
26160,CGAGCGTGCGATAC,cell_42284,18
26177,CGCAGGACAGTCAC,cell_42302,18
26191,CGGAATTGAGGGTG,cell_42323,18
26195,CGGCACGATACGAC,cell_42331,18
26201,CGGCCAGAATCGGT,cell_42337,18
26206,CGGGACTGGGGCAA,cell_42343,18
26211,CGGTCACTTTCTGT,cell_42348,18
26221,CGTGATGATCGCTC,cell_42364,18
26222,CGTGATGATGGAAA,cell_42365,18
26228,CGTTATACGAGAGC,cell_42371,18
26231,CGTTTAACTGTTTC,cell_42374,18
26233,CTAACTACCTGATG,cell_42376,18
26242,CTAGAGACTGAGGG,cell_42386,18
26247,CTAGGATGCCTCAC,cell_42391,18
26257,CTATCAACTTGACG,cell_42401,18
26266,CTCAATTGTACAGC,cell_42412,18
26269,CTCAGGCTGTCATG,cell_42416,18
26273,CTCGACACCGTGTA,cell_42422,18
26282,CTGAGAACAGCAAA,cell_42433,18
26284,CTGATACTGTGTTG,cell_42435,18
26295,CTGTAACTCCTTAT,cell_42452,18
26301,CTTAACACATCGGT,cell_42460,18
26305,CTTACATGTGAAGA,cell_42464,18
26317,CTTTAGTGACGCTA,cell_42483,18
26327,GAAAGATGGGTAGG,cell_42498,18
26346,GAAGCTTGCTCGAA,cell_42523,18
26394,GAGGACGATGGTAC,cell_42581,18
26395,GAGGATCTCCGTTC,cell_42582,18
26438,GATCGAACTGCCAA,cell_42632,18
26442,GATCTTTGTAAGGA,cell_42638,18
26448,GATGCATGCAGTTG,cell_42644,18
26450,GATGCCCTATCTTC,cell_42646,18
26455,GATTACCTGGTTTG,cell_42651,18
26457,GATTCTACACCACA,cell_42653,18
26459,GATTGGTGTGCAAC,cell_42657,18
26462,GCAAACTGTTTGTC,cell_42660,18
26463,GCAACCCTATCAGC,cell_42661,18
26464,GCAATCGAGGAAAT,cell_42663,18
26467,GCACAAACGTCGAT,cell_42666,18
26475,GCACGGACGTGTCA,cell_42674,18
26489,GCATTGGACACTCC,cell_42694,18
26491,GCATTGGATGCCCT,cell_42697,18
26503,GCGACTCTTTCCCG,cell_42713,18
26505,GCGAGAGATGGGAG,cell_42715,18
26508,GCGCATCTGACACT,cell_42718,18
26532,GGAACTTGCTGAGT,cell_42752,18
26540,GGACATTGGGTACT,cell_42762,18
26563,GGATTGTGTGTAGC,cell_42793,18
26580,GGCGACACGGGTGA,cell_42816,18
26598,GGGATTACGGTGGA,cell_42842,18
26614,GGTATGACTTGGCA,cell_42863,18
26626,GTACGAACATACCG,cell_42878,18
26644,GTCAACGAGTCTTT,cell_42899,18
26647,GTCAATCTCACCAA,cell_42902,18
26678,GTGTGATGCTACTT,cell_42939,18
26699,GTTGAGTGAGGTTC,cell_42963,18
26703,TAAAGACTACGTGT,cell_42971,18
26711,TAACAATGATGCTG,cell_42984,18
26714,TAACATGAGTTCTT,cell_42987,18
26718,TAACTAGAAGTCGT,cell_42994,18
26721,TAAGAACTTCTCCG,cell_42999,18
26722,TAAGAACTTGACCA,cell_43000,18
26732,TAAGTAACCCTACC,cell_43010,18
26736,TAATGAACAAAGCA,cell_43015,18
26743,TACACACTTAAAGG,cell_43023,18
26778,TAGAAACTAACAGA,cell_43066,18
26786,TAGATCCTTTCTTG,cell_43077,18
26796,TAGGCATGAACTGC,cell_43091,18
26812,TATAGATGGTTTGG,cell_43116,18
26816,TATCACTGCTACCC,cell_43123,18
26827,TATGTCTGCATGAC,cell_43139,18
26828,TATGTCTGTCGCCT,cell_43140,18
26830,TATGTGCTCTCCCA,cell_43142,18
26841,TCAATCACTGAGAA,cell_43158,18
26845,TCACCTCTTTTCTG,cell_43164,18
26846,TCACGAGAGACTAC,cell_43165,18
26848,TCACTATGGACTAC,cell_43167,18
26852,TCAGCAGATCACGA,cell_43172,18
26859,TCATCCCTGTTTGG,cell_43181,18
26900,TCGCAGCTACTCTT,cell_43229,18
26901,TCGCAGCTATACCG,cell_43230,18
26903,TCGCCATGGACACT,cell_43232,18
26924,TCTAGACTTGGAGG,cell_43257,18
26926,TCTCAAACAGCATC,cell_43262,18
26937,TGACCAGATTCTCA,cell_43282,18
26971,TGCATGGACTCCCA,cell_43328,18
26974,TGCCAGCTGAGACG,cell_43331,18
26977,TGCGAAACAAAGCA,cell_43334,18
27006,TGTAAAACGCGAGA,cell_43375,18
27010,TGTAGGTGTGACCA,cell_43379,18
27013,TGTATGCTCTGCTC,cell_43382,18
27016,TGTGAGTGTGCATG,cell_43385,18
27026,TTAACCACGAGAGC,cell_43397,18
27028,TTACCATGCCAAGT,cell_43399,18
27029,TTACCATGTCGCTC,cell_43400,18
27035,TTAGAATGACTACG,cell_43406,18
27037,TTAGGGTGACACAC,cell_43409,18
27038,TTAGTCACCCCTCA,cell_43410,18
27045,TTATGGCTCCTCAC,cell_43418,18
27055,TTCAGTTGTAGAGA,cell_43429,18
27067,TTCTAGTGCTGGAT,cell_43442,18
27079,TTGTACACAGAACA,cell_43462,18
27090,AAACATACCATGCA,cell_43479,19
27098,AAACCGTGTACAGC,cell_43491,19
27100,AAACGCTGCGCATA,cell_43495,19
27108,AAACGGCTAGTCGT,cell_43506,19
27110,AAACGGCTCAAGCT,cell_43508,19
27223,AACTCTTGCCGCTT,cell_43708,19
27242,AAGAATCTTTCCAT,cell_43732,19
27248,AAGAGATGCTTTAC,cell_43741,19
27278,AAGGCTACTGATGC,cell_43797,19
27284,AAGGTCTGTAACCG,cell_43808,19
27286,AAGTAACTAGGGTG,cell_43812,19
27288,AAGTAGGACGGAGA,cell_43816,19
27295,AAGTCTCTCTTTAC,cell_43832,19
27304,AATAACACGAATCC,cell_43851,19
27306,AATAACACTAAGGA,cell_43854,19
27311,AATACTGACTGCAA,cell_43863,19
27325,AATCCTACACCAAC,cell_43885,19
27329,AATCCTTGGCTACA,cell_43889,19
27330,AATCCTTGTTCGGA,cell_43890,19
27339,AATCTCACGAGGTG,cell_43906,19
27340,AATCTCACTTTGGG,cell_43907,19
27358,AATGTCCTGAATCC,cell_43936,19
27359,AATGTTGACATTCT,cell_43941,19
27361,AATTACGAACTGTG,cell_43946,19
27366,AATTGATGACCTTT,cell_43955,19
27372,ACAAATTGGTCAAC,cell_43970,19
27384,ACAATAACCACTTT,cell_43985,19
27389,ACAATCCTGGTGAG,cell_43990,19
27395,ACACATCTCTGTAG,cell_44001,19
27413,ACAGACACACGCAT,cell_44028,19
27416,ACAGCAACAAGTGA,cell_44032,19
27437,ACATGGTGTGACCA,cell_44068,19
27455,ACCATTACCGTTGA,cell_44099,19
27460,ACCATTTGGACAGG,cell_44105,19
27463,ACCCAAGACATCAG,cell_44112,19
27477,ACCGCGGACCTTAT,cell_44140,19
27485,ACCTATTGTTTCAC,cell_44154,19
27498,ACGAACTGCTTATC,cell_44181,19
27511,ACGACCCTTCAGTG,cell_44200,19
27522,ACGATGACAACGTC,cell_44219,19
27561,ACGGCGTGGGGAGT,cell_44293,19
27568,ACGGGAGAGGTCAT,cell_44304,19
27571,ACGGGAGATTTCAC,cell_44308,19
27577,ACGGTCCTGTTCAG,cell_44321,19
27578,ACGGTCCTTGGATC,cell_44322,19
27580,ACGTCAGACACCAA,cell_44327,19
27595,ACGTTGGACTTTAC,cell_44354,19
27620,ACTCCTCTCTGAGT,cell_44393,19
27622,ACTCGAGACTCCCA,cell_44396,19
27625,ACTCGAGAGTTGAC,cell_44400,19
27626,ACTCGAGATTCATC,cell_44402,19
27629,ACTCTATGGGTTAC,cell_44408,19
27647,ACTGTGGATCCCAC,cell_44436,19
27666,ACTTGGGAGGACGA,cell_44472,19
27676,AGAAACGACGGAGA,cell_44486,19
27679,AGAAAGTGCCTTTA,cell_44491,19
27683,AGAACAGAATGTCG,cell_44497,19
27685,AGAACAGATGTTCT,cell_44501,19
27686,AGAACGCTCGAACT,cell_44502,19
27688,AGAACGCTTGGTCA,cell_44504,19
27694,AGAATACTGAATCC,cell_44514,19
27696,AGAATGGAGTTACG,cell_44519,19
27707,AGACTCGAGAGACG,cell_44539,19
27719,AGAGGTCTCGAGAG,cell_44565,19
27721,AGAGTCACGATACC,cell_44571,19
27726,AGAGTGCTGTGCTA,cell_44582,19
27737,AGATCTCTCGTTAG,cell_44602,19
27740,AGATTAACTATGGC,cell_44610,19
27741,AGATTCCTACGCTA,cell_44611,19
27745,AGCAACACAAACGA,cell_44621,19
27752,AGCACTGAACCTAG,cell_44634,19
27756,AGCATCGATCTAGG,cell_44642,19
27759,AGCATTCTCAGTCA,cell_44646,19
27763,AGCCAATGTTTCAC,cell_44653,19
27767,AGCCACCTTCTCGC,cell_44658,19
27771,AGCCGGTGATGACC,cell_44663,19
27772,AGCCGGTGCTGGTA,cell_44666,19
27794,AGCGATACCTTCTA,cell_44702,19
27800,AGCGCCGATCCTGC,cell_44713,19
27820,AGCGTAACTCCTCG,cell_44747,19
27828,AGCTGCCTTGCACA,cell_44757,19
27829,AGCTGCCTTTTGCT,cell_44758,19
27831,AGCTTACTGGAGCA,cell_44764,19
27832,AGCTTACTTTCTAC,cell_44766,19
27834,AGCTTTACAGCGTT,cell_44768,19
27843,AGGAACCTTGCATG,cell_44782,19
27850,AGGACTTGCCCTCA,cell_44797,19
27875,AGGGCCACCATTCT,cell_44845,19
27877,AGGGCCACGACGAG,cell_44847,19
27878,AGGGCCACGAGGGT,cell_44848,19
27884,AGGGCGCTCATTTC,cell_44855,19
27898,AGGTCTGATATCTC,cell_44876,19
27902,AGGTGGGATACTCT,cell_44884,19
27911,AGTAATACCCATGA,cell_44898,19
27915,AGTAATTGTGTCAG,cell_44908,19
27925,AGTAGAGATTCATC,cell_44921,19
27927,AGTAGGCTTGCAAC,cell_44924,19
27941,AGTCCAGACTGACA,cell_44947,19
27946,AGTCGAACGTATGC,cell_44955,19
27947,AGTCGCCTTGCGTA,cell_44959,19
27983,AGTTTCACTCAGAC,cell_45025,19
27993,ATAACAACTTTGTC,cell_45040,19
28006,ATACAATGAAGTAG,cell_45069,19
28011,ATACCACTCTTGCC,cell_45078,19
28012,ATACCACTGTGTAC,cell_45079,19
28015,ATACCGGAACTGTG,cell_45082,19
28020,ATACCTACTAGAGA,cell_45091,19
28025,ATACGTCTCTCCAC,cell_45103,19
28033,ATAGATACACGACT,cell_45116,19
28034,ATAGATACCGGGAA,cell_45119,19
28039,ATAGATTGCTCATT,cell_45125,19
28044,ATAGCGTGCGAGTT,cell_45131,19
28052,ATAGGAGATAGCGT,cell_45139,19
28056,ATAGGCTGTGGAAA,cell_45145,19
28063,ATAGTTGAAGCTCA,cell_45153,19
28064,ATAGTTGAATACCG,cell_45155,19
28080,ATCAAATGTTCCAT,cell_45184,19
28086,ATCACACTCTTGAG,cell_45192,19
28093,ATCACGGATTCTTG,cell_45201,19
28094,ATCACTACTTGACG,cell_45204,19
28099,ATCAGGTGTCTTCA,cell_45213,19
28105,ATCCATACAAGTAG,cell_45225,19
28122,ATCGGAACGTAAAG,cell_45260,19
28129,ATCGTTTGTCTTTG,cell_45269,19
28130,ATCGTTTGTTCGCC,cell_45270,19
28132,ATCTACACCATCAG,cell_45272,19
28151,ATCTTGACCCATAG,cell_45301,19
28165,ATGAGCACGACGGA,cell_45325,19
28183,ATGCGCCTCTTCGC,cell_45362,19
28190,ATGGACACTCGCTC,cell_45373,19
28200,ATGTACCTTGTAGC,cell_45388,19
28209,ATGTTGCTCCACAA,cell_45406,19
28216,ATTACCACTAAGGA,cell_45420,19
28217,ATTACCACTATGGC,cell_45421,19
28221,ATTAGATGAGCCAT,cell_45427,19
28222,ATTAGATGCTCGAA,cell_45429,19
28224,ATTAGTGAGTAAGA,cell_45432,19
28235,ATTCAGCTGTACGT,cell_45448,19
28243,ATTCGACTGAGGAC,cell_45463,19
28270,ATTGGGTGCTGACA,cell_45515,19
28275,ATTGTAGACGCTAA,cell_45526,19
28284,ATTGTCTGGAATGA,cell_45538,19
28285,ATTTAGGAACCGAT,cell_45543,19
28290,ATTTCGTGGAAACA,cell_45551,19
28298,CAAAGCACTCCAGA,cell_45570,19
28305,CAACCGCTCCACCT,cell_45588,19
28312,CAACGATGTATCGG,cell_45601,19
28313,CAACGATGTCTGGA,cell_45602,19
28316,CAACGTGATTGACG,cell_45608,19
28318,CAACTTTGCCAATG,cell_45611,19
28319,CAACTTTGTACTCT,cell_45613,19
28321,CAAGACACTCTTTG,cell_45615,19
28330,CAAGCATGCGCCTT,cell_45625,19
28344,CAATAAACTGCATG,cell_45658,19
28345,CAATAATGATCGGT,cell_45659,19
28354,CAATCGGAGGTTAC,cell_45671,19
28378,CACAGTGACTTATC,cell_45723,19
28380,CACAGTGATGCAAC,cell_45725,19
28382,CACATACTCACTAG,cell_45729,19
28386,CACATGGAGTGCAT,cell_45737,19
28408,CACGAAACGCGATT,cell_45774,19
28417,CACGATGACTGTAG,cell_45790,19
28440,CACTCTCTAGTACC,cell_45825,19
28441,CACTCTCTCTGTTT,cell_45826,19
28443,CACTCTCTTTCTTG,cell_45829,19
28474,CAGATGACGTTGAC,cell_45886,19
28476,CAGCAATGCATGCA,cell_45888,19
28481,CAGCACCTTTCTCA,cell_45895,19
28487,CAGCCTTGTAGAAG,cell_45908,19
28490,CAGCGGACACTTTC,cell_45911,19
28495,CAGCGTCTTAAGCC,cell_45919,19
28496,CAGCTAGAATCGTG,cell_45922,19
28568,CATCGCTGTGGCAT,cell_46051,19
28575,CATCGGCTTCGTTT,cell_46061,19
28576,CATCGGCTTGCCAA,cell_46062,19
28598,CATGGCCTTAGAAG,cell_46099,19
28601,CATGTACTTACTTC,cell_46105,19
28608,CATGTTTGATTGGC,cell_46114,19
28617,CATTAGCTCTGTTT,cell_46128,19
28621,CATTCCCTAGCATC,cell_46136,19
28632,CATTGTTGGAGACG,cell_46152,19
28638,CATTTGACCAGAAA,cell_46158,19
28640,CATTTGACTTCTTG,cell_46161,19
28651,CCAAGATGCCCGTT,cell_46184,19
28655,CCAAGATGTAGCCA,cell_46190,19
28664,CCAATTTGGACACT,cell_46204,19
28674,CCACCTGATTCTTG,cell_46221,19
28683,CCACTTCTCGGAGA,cell_46236,19
28694,CCAGCTACTACTGG,cell_46257,19
28696,CCAGTCACCTCCCA,cell_46261,19
28701,CCAGTGCTGGCATT,cell_46270,19
28702,CCATAGGACAACCA,cell_46271,19
28709,CCATCGTGTGCTCC,cell_46283,19
28720,CCCAACACGCGTAT,cell_46300,19
28722,CCCAACTGAACGGG,cell_46303,19
28723,CCCAACTGTGCCAA,cell_46307,19
28730,CCCATCGAAACCGT,cell_46317,19
28736,CCCGAACTGCAAGG,cell_46334,19
28744,CCCGATTGGGAGGT,cell_46345,19
28746,CCCGGAGAGCCATA,cell_46349,19
28752,CCCTACGATCTAGG,cell_46358,19
28762,CCCTCAGACTGTCC,cell_46374,19
28776,CCGACACTGTACCA,cell_46398,19
28780,CCGACTACGGTAAA,cell_46405,19
28786,CCGCGAGATTTCGT,cell_46416,19
28814,CCTCATCTCCGTAA,cell_46462,19
28815,CCTCATCTTCCTGC,cell_46465,19
28817,CCTCGAACAGAACA,cell_46467,19
28821,CCTCGAACTGAGGG,cell_46472,19
28833,CCTTAATGTAAGGA,cell_46494,19
28835,CCTTAATGTGGCAT,cell_46496,19
28851,CGAAGTACTGTGGT,cell_46524,19
28859,CGACCGGATCAAGC,cell_46541,19
28864,CGACCTTGTGCAGT,cell_46549,19
28870,CGACTCTGAACAGA,cell_46557,19
28874,CGACTCTGTGTCCC,cell_46563,19
28880,CGAGAACTGGGTGA,cell_46572,19
28881,CGAGATTGAACCGT,cell_46574,19
28892,CGAGGAGATCATTC,cell_46589,19
28906,CGATCAGAAAACGA,cell_46611,19
28907,CGATCCACTTCCAT,cell_46616,19
28911,CGCAACCTTCAGAC,cell_46622,19
28915,CGCACTTGAGGAGC,cell_46627,19
28916,CGCAGGTGCCACAA,cell_46634,19
28923,CGCCATTGGCCCTT,cell_46649,19
28931,CGCCTAACTTCGTT,cell_46663,19
28942,CGCGGATGGGTACT,cell_46679,19
28990,CGTACCACAGACTC,cell_46766,19
28991,CGTACCTGCCACCT,cell_46768,19
28998,CGTCCAACCGTCTC,cell_46783,19
29004,CGTGAAACTTGGCA,cell_46794,19
29009,CGTGCACTAGGGTG,cell_46806,19
29010,CGTGTAGAATTGGC,cell_46810,19
29027,CTAACTACGGACGA,cell_46841,19
29034,CTACAACTCTTGAG,cell_46852,19
29049,CTAGGATGAGAGGC,cell_46880,19
29056,CTAGGTGAGACGAG,cell_46891,19
29072,CTATGACTACGCAT,cell_46928,19
29073,CTATGACTCCGATA,cell_46930,19
29078,CTATGTTGTGTCGA,cell_46940,19
29083,CTATTGTGTGCCTC,cell_46946,19
29098,CTCAGGCTACTACG,cell_46971,19
29107,CTCCACGACGAACT,cell_46986,19
29108,CTCCACGATAAGGA,cell_46987,19
29116,CTCCTACTGAACCT,cell_46997,19
29121,CTCGAAGAGTTTCT,cell_47004,19
29125,CTCGACACGGCAAG,cell_47008,19
29128,CTCGACTGTAGCGT,cell_47014,19
29131,CTCTAAACCTGACA,cell_47021,19
29159,CTGATTTGTGTTTC,cell_47081,19
29163,CTGCCAACTGCTAG,cell_47089,19
29167,CTGGAAACTCGTTT,cell_47098,19
29176,CTGTATACCTTGTT,cell_47115,19
29178,CTGTGAGACGTTAG,cell_47119,19
29185,CTTAACACCTGTTT,cell_47128,19
29199,CTTACATGTTCTCA,cell_47150,19
29203,CTTAGACTCCCTTG,cell_47156,19
29208,CTTAGACTTTGTGG,cell_47162,19
29211,CTTAGGGATCAGAC,cell_47167,19
29214,CTTCATGAATGTGC,cell_47174,19
29215,CTTCATGACATCAG,cell_47175,19
29235,CTTTACGATCCAAG,cell_47207,19
29237,CTTTAGTGACGCTA,cell_47211,19
29248,GAAACAGAGTCGAT,cell_47232,19
29266,GAACCAACACAGCT,cell_47265,19
29269,GAACCAACCTGCAA,cell_47268,19
29280,GAACTGTGATGCTG,cell_47281,19
29284,GAACTGTGGGTGTT,cell_47286,19
29299,GAAGCTACTAAGGA,cell_47313,19
29300,GAAGCTTGAGGAGC,cell_47314,19
29303,GAAGGGTGGATGAA,cell_47318,19
29309,GAAGTGCTGTGTTG,cell_47332,19
29314,GAATGCTGCACCAA,cell_47343,19
29316,GAATGCTGGTTCGA,cell_47345,19
29320,GAATTAACAAGAGT,cell_47353,19
29330,GACACTGATTCTCA,cell_47367,19
29338,GACAGTTGGAAGGC,cell_47381,19
29346,GACCATGACGTAAC,cell_47393,19
29352,GACCTAGAGTTTGG,cell_47401,19
29358,GACCTCTGCGTTGA,cell_47412,19
29367,GACGAGGAAGCCAT,cell_47423,19
29378,GACGTAACGCATCA,cell_47442,19
29380,GACGTATGTCAGTG,cell_47446,19
29395,GACTCCTGTCGCAA,cell_47466,19
29397,GACTGAACCCCTAC,cell_47469,19
29421,GAGATCACTCCTCG,cell_47510,19
29423,GAGCAACTACACGT,cell_47516,19
29425,GAGCAACTTCAGTG,cell_47520,19
29476,GAGGTGGATGCATG,cell_47608,19
29483,GAGTAAGAGTTCGA,cell_47619,19
29488,GAGTCTGAAAGATG,cell_47631,19
29492,GAGTGACTAACGGG,cell_47637,19
29493,GAGTGACTGTTCGA,cell_47640,19
29496,GAGTGGGACCCAAA,cell_47644,19
29505,GAGTTGTGCATGGT,cell_47656,19
29524,GATATCCTGTTCAG,cell_47693,19
29558,GATCTACTTATCTC,cell_47744,19
29562,GATCTTTGTCTACT,cell_47752,19
29577,GATGCCCTTGCATG,cell_47775,19
29587,GATTGGACAAACGA,cell_47794,19
29603,GATTTAGATCTATC,cell_47818,19
29605,GCAAACTGGTTCAG,cell_47822,19
29613,GCAATCGAGGAAAT,cell_47836,19
29630,GCACCTTGCCCAAA,cell_47867,19
29649,GCAGCGTGCCTGAA,cell_47908,19
29664,GCATGTGAAAGATG,cell_47932,19
29673,GCCAACCTGCATCA,cell_47948,19
29682,GCCATCACGCATAC,cell_47961,19
29720,GCCTCAACGAAGGC,cell_48016,19
29735,GCGAGAGAGTTGCA,cell_48039,19
29746,GCGCACGATAGAAG,cell_48057,19
29760,GCGTAAACGGTAGG,cell_48086,19
29777,GCTACCTGGATGAA,cell_48111,19
29815,GGAACTACGATAAG,cell_48181,19
29816,GGAACTACGTCTGA,cell_48182,19
29820,GGAACTTGGTCGTA,cell_48186,19
29827,GGAATCTGCCTGTC,cell_48200,19
29834,GGACCCGAGGTTAC,cell_48219,19
29877,GGATACTGATCACG,cell_48286,19
29879,GGATACTGCGCCTT,cell_48288,19
29883,GGATAGCTCTAGTG,cell_48293,19
29884,GGATGTACCCAGTA,cell_48296,19
29886,GGATGTTGGGTTTG,cell_48299,19
29899,GGCAAGGAGTGTAC,cell_48315,19
29902,GGCACGTGAAGAAC,cell_48321,19
29917,GGCCCAGAAAGAAC,cell_48348,19
29927,GGCGGACTCTATGG,cell_48364,19
29933,GGCTAATGTGGAAA,cell_48377,19
29955,GGGCAAGAGGATCT,cell_48420,19
29960,GGGCAGCTCATGAC,cell_48428,19
29961,GGGCAGCTGAGATA,cell_48429,19
29975,GGTAAAGAAGCAAA,cell_48458,19
29991,GGTAGTACCATTCT,cell_48483,19
29999,GGTCAAACCGGTAT,cell_48499,19
30011,GGTTTACTAGAACA,cell_48521,19
30017,GTAAGCACCCCGTT,cell_48531,19
30042,GTACGTGACCCTTG,cell_48569,19
30057,GTAGCCCTTCCAAG,cell_48595,19
30068,GTAGTGTGAGGAGC,cell_48617,19
30069,GTAGTGTGCCTAAG,cell_48618,19
30072,GTAGTGTGTGCGTA,cell_48622,19
30093,GTCACCTGCTTCCG,cell_48664,19
30109,GTCGAATGAAAAGC,cell_48700,19
30121,GTCTAGGAGGACAG,cell_48722,19
30130,GTGACCCTACCTCC,cell_48740,19
30135,GTGATGACTACAGC,cell_48754,19
30143,GTGCCACTTACGAC,cell_48763,19
30156,GTGTACGATACTGG,cell_48785,19
30166,GTGTGATGCGACTA,cell_48800,19
30171,GTTAAAACGCGTTA,cell_48806,19
30172,GTTAAATGATTGGC,cell_48809,19
30176,GTTAACCTCCATAG,cell_48814,19
30178,GTTACGGAAAACAG,cell_48819,19
30181,GTTAGGTGTGCATG,cell_48825,19
30186,GTTATAGAGTGAGG,cell_48831,19
30187,GTTATAGATTCCAT,cell_48832,19
30192,GTTATGCTAGAGGC,cell_48841,19
30207,GTTGAGTGTCCAAG,cell_48865,19
30213,GTTGTACTAGAACA,cell_48878,19
30255,TAACTAGATCCAAG,cell_48951,19
30260,TAAGAACTTACGCA,cell_48958,19
30264,TAAGATACAGCGTT,cell_48966,19
30280,TAAGTAACTTCCCG,cell_48993,19
30284,TAATCGCTAGTTCG,cell_48998,19
30285,TAATCGCTGGAAGC,cell_48999,19
30286,TAATCGCTTACTTC,cell_49000,19
30292,TAATGATGCACTAG,cell_49007,19
30305,TACAATGAAAGCAA,cell_49028,19
30306,TACAATGAACCGAT,cell_49029,19
30310,TACACACTCGTAGT,cell_49034,19
30326,TACCGCTGGGAACG,cell_49058,19
30332,TACCGGCTTTCTAC,cell_49065,19
30336,TACGAGACGTGTAC,cell_49074,19
30344,TACGCCACGTCGAT,cell_49093,19
30352,TACTACACTAGACC,cell_49116,19
30363,TACTCTGATGGTAC,cell_49133,19
30386,TAGCATCTCTCCCA,cell_49173,19
30419,TAGGGACTTTACTC,cell_49228,19
30430,TAGTACCTTTGGTG,cell_49253,19
30441,TAGTGGTGTCCGAA,cell_49272,19
30454,TATAAGACATTGGC,cell_49288,19
30462,TATACAGAGACAGG,cell_49299,19
30463,TATACAGAGAGACG,cell_49300,19
30464,TATACAGATCTTTG,cell_49301,19
30466,TATACCACGCCCTT,cell_49306,19
30467,TATACCACGCCTTC,cell_49307,19
30470,TATACGCTACACAC,cell_49310,19
30473,TATAGATGCGTAGT,cell_49315,19
30478,TATCAAGATAGCGT,cell_49322,19
30484,TATCCAACGCGTAT,cell_49335,19
30488,TATCGACTCTTACT,cell_49344,19
30494,TATCTCGACAGCTA,cell_49351,19
30506,TATGGGTGCGGTAT,cell_49371,19
30515,TATGTGCTTGAACC,cell_49391,19
30525,TCAAGGTGTGCAAC,cell_49406,19
30530,TCACAACTAAAGTG,cell_49419,19
30531,TCACAACTGAGGCA,cell_49423,19
30554,TCACTATGGAATCC,cell_49460,19
30555,TCAGAGACAGTGTC,cell_49465,19
30557,TCAGAGACTCTGGA,cell_49469,19
30569,TCATCAACAAGGTA,cell_49497,19
30571,TCATCAACAGCTCA,cell_49500,19
30591,TCCATCCTATTGGC,cell_49536,19
30592,TCCATCCTCCACCT,cell_49537,19
30594,TCCCACGAACGTTG,cell_49539,19
30600,TCCCATCTCCACAA,cell_49547,19
30602,TCCCATCTTCAGTG,cell_49550,19
30607,TCCCGATGTCTTCA,cell_49558,19
30614,TCCGAAGACTCCAC,cell_49570,19
30625,TCCTACCTACACTG,cell_49587,19
30627,TCCTACCTTGTGCA,cell_49592,19
30629,TCCTATGACCGATA,cell_49594,19
30630,TCCTATGACTGGAT,cell_49595,19
30632,TCGAATCTGACTAC,cell_49598,19
30645,TCGCACACACTAGC,cell_49621,19
30654,TCGCAGCTAGGTCT,cell_49635,19
30668,TCGGTAGAGCCATA,cell_49655,19
30705,TCTTACGACCTACC,cell_49716,19
30706,TCTTCAGAAACCGT,cell_49719,19
30716,TGAACCGATGTTTC,cell_49739,19
30724,TGACACGAAGAGTA,cell_49754,19
30727,TGACACGACTGGTA,cell_49757,19
30738,TGACGATGGGTTAC,cell_49774,19
30739,TGACGATGGTCGAT,cell_49775,19
30740,TGACGATGTGTGGT,cell_49776,19
30755,TGAGACACTTAGGC,cell_49797,19
30768,TGAGTCGATGTCAG,cell_49821,19
30776,TGATATGACGCAAT,cell_49834,19
30781,TGATCGGACTTGAG,cell_49845,19
30794,TGCAAGACACCTCC,cell_49872,19
30800,TGCACAGAAGAACA,cell_49881,19
30803,TGCACAGACGACAT,cell_49885,19
30805,TGCACGCTGCCAAT,cell_49891,19
30809,TGCATGGAGTAGGG,cell_49897,19
30830,TGCGATGATGGCAT,cell_49926,19
30832,TGCGCACTCCCTTG,cell_49931,19
30854,TGGAACTGTACTCT,cell_49971,19
30868,TGGACTGATTCGTT,cell_49988,19
30881,TGGATTCTTGGAAA,cell_50009,19
30893,TGGTACGACCTCAC,cell_50026,19
30895,TGGTACGAGCGATT,cell_50030,19
30898,TGGTATCTACCAAC,cell_50037,19
30904,TGGTCAGACACACA,cell_50045,19
30907,TGGTTACTACCTAG,cell_50049,19
30908,TGGTTACTGCGTTA,cell_50050,19
30913,TGTAAAACTGCCCT,cell_50056,19
30923,TGTACTTGTTCGCC,cell_50071,19
30927,TGTAGTCTAATGCC,cell_50077,19
30932,TGTATGCTACACAC,cell_50092,19
30940,TGTGACGACGAATC,cell_50102,19
30945,TGTGAGACTTGAGC,cell_50108,19
30950,TGTGGATGCTCAAG,cell_50117,19
30952,TGTTAAGACGTGTA,cell_50121,19
30959,TGTTACTGCCATGA,cell_50130,19
30962,TGTTACTGTACAGC,cell_50133,19
30965,TTAACCACCTTGCC,cell_50138,19
30966,TTAACCACGTTGGT,cell_50139,19
30979,TTACGACTTGGTCA,cell_50159,19
30981,TTACGTACAGGTCT,cell_50162,19
30988,TTAGAATGACTACG,cell_50176,19
30991,TTAGACCTCCTCGT,cell_50184,19
31004,TTAGGTCTCGACAT,cell_50204,19
31006,TTAGTCACAACTGC,cell_50207,19
31012,TTAGTCTGCTGTAG,cell_50216,19
31022,TTATGCACAAGGTA,cell_50230,19
31040,TTCACCCTCGTGTA,cell_50266,19
31041,TTCACCCTGGGCAA,cell_50268,19
31051,TTCATCGACTTGCC,cell_50285,19
31070,TTCCTAGAAGCACT,cell_50320,19
31084,TTCTAGTGCTGGAT,cell_50347,19
31085,TTCTAGTGGCCCTT,cell_50348,19
31088,TTCTCAGAGTCACA,cell_50353,19
31115,TTGGAGACGAACCT,cell_50403,19
31117,TTGGGAACAAAAGC,cell_50410,19
31121,TTGGGAACGACACT,cell_50415,19
31122,TTGGTACTACGGGA,cell_50417,19
31150,TTTGACTGCTTACT,cell_50466,19
31156,AAAGACGAAGCACT,cell_50480,20
31171,AACAGAGACATTTC,cell_50510,20
31184,AACGCAACTAAGCC,cell_50528,20
31186,AACGGTTGCCCACT,cell_50532,20
31201,AAGTAACTCGCCTT,cell_50566,20
31205,AAGTAGGACCTACC,cell_50570,20
31209,AAGTTCCTTACTTC,cell_50578,20
31210,AATACCCTAGTCGT,cell_50582,20
31213,AATCCGGAGCGTAT,cell_50590,20
31214,AATCCTACAGGAGC,cell_50591,20
31220,AATGCGTGGTCTTT,cell_50600,20
31221,AATGTAACCCTGTC,cell_50602,20
31232,ACACCAGACTTATC,cell_50622,20
31247,ACCATTACCGCAAT,cell_50650,20
31252,ACCCGTACATCTCT,cell_50658,20
31257,ACCTATTGTTCCAT,cell_50667,20
31281,ACGGCGTGTTGGCA,cell_50708,20
31304,ACTGTTACTCTTAC,cell_50749,20
31308,ACTTCCCTAGGGTG,cell_50754,20
31333,AGCAAAGAAACTGC,cell_50805,20
31343,AGCCGGTGCTGGTA,cell_50820,20
31352,AGCTTACTCCGTTC,cell_50837,20
31366,AGGTTCGAGTATCG,cell_50869,20
31372,AGTAGAGATGTCTT,cell_50881,20
31385,AGTTCTACCTACGA,cell_50906,20
31402,ATAGATACAGATCC,cell_50940,20
31404,ATAGCGTGTTGGCA,cell_50948,20
31423,ATCTACTGGTGCTA,cell_50986,20
31426,ATCTGGGAGTTGTG,cell_50990,20
31429,ATCTTGACTAAGCC,cell_50993,20
31431,ATGACGTGAAGTGA,cell_50998,20
31440,ATGCCGCTGGACTT,cell_51011,20
31455,ATTCGACTGAGCTT,cell_51046,20
31466,ATTTAGGAGAGGTG,cell_51064,20
31474,CAACGTGAAAGTGA,cell_51084,20
31483,CACAGAACTAGAGA,cell_51100,20
31490,CACATGGACATTTC,cell_51109,20
31499,CACGCTACGTGCTA,cell_51125,20
31507,CACTTTGAAGTCGT,cell_51139,20
31520,CAGGTATGGCCAAT,cell_51165,20
31543,CATTGTACACGGTT,cell_51206,20
31548,CCAATGGACTCGCT,cell_51223,20
31554,CCAGACCTCTCAAG,cell_51233,20
31558,CCAGTCACTCGTGA,cell_51244,20
31574,CCCATGTGTGAGAA,cell_51269,20
31576,CCCGATTGGTACCA,cell_51271,20
31591,CCTAAACTCTGGTA,cell_51295,20
31608,CGAATCGAGAGGGT,cell_51327,20
31628,CGCACGGAGGGTGA,cell_51363,20
31630,CGCACTTGTTGCGA,cell_51365,20
31632,CGCCATACAAGAAC,cell_51368,20
31635,CGCCTAACCACTTT,cell_51374,20
31649,CGTAGCCTCACCAA,cell_51407,20
31650,CGTAGCCTCTGGTA,cell_51409,20
31655,CGTCCATGTCGTAG,cell_51417,20
31671,CTAATGCTAGAAGT,cell_51441,20
31685,CTCCACGATCCAAG,cell_51471,20
31690,CTCGACACCGTGTA,cell_51479,20
31709,CTTCACCTGTTAGC,cell_51521,20
31715,CTTTAGTGATTTCC,cell_51532,20
31732,GAAGGTCTTTAGGC,cell_51568,20
31751,GACGTAACGGATCT,cell_51603,20
31758,GAGCAGGATTCCCG,cell_51619,20
31759,GAGCATACCTATGG,cell_51621,20
31761,GAGCGAGAACCAGT,cell_51623,20
31779,GAGTACTGTCGCCT,cell_51646,20
31782,GAGTCAACTCTAGG,cell_51649,20
31793,GATCGATGTGAGCT,cell_51674,20
31805,GCAATCGAGCTATG,cell_51697,20
31815,GCACTAGATGTCCC,cell_51711,20
31817,GCAGCCGAACGCAT,cell_51715,20
31819,GCAGCCGAGTGTTG,cell_51717,20
31851,GCGGCAACTCACCC,cell_51774,20
31853,GCGTAATGAGAGAT,cell_51776,20
31858,GCGTAATGTGAGAA,cell_51781,20
31861,GCTACAGACTTGTT,cell_51786,20
31869,GCTCCATGTAACCG,cell_51801,20
31880,GGACTATGAAAGTG,cell_51826,20
31893,GGCATATGTGAAGA,cell_51851,20
31901,GGCTAATGGTCGTA,cell_51870,20
31914,GGTCTAGAAATGCC,cell_51900,20
31916,GGTGGAGACGCAAT,cell_51902,20
31928,GTAGCATGCTAAGC,cell_51921,20
31936,GTATCTACACGGTT,cell_51931,20
31941,GTCAATCTCACCAA,cell_51943,20
31943,GTCACCTGAAGCCT,cell_51946,20
31951,GTCTAGGAGGACAG,cell_51962,20
31957,GTGATTCTGTGTAC,cell_51975,20
31961,GTGGTAACTGCGTA,cell_51985,20
31967,GTGTGATGCGACTA,cell_51992,20
31972,GTTAGTCTGTTGGT,cell_52004,20
31977,GTTGGATGTCAGTG,cell_52013,20
31992,TAACCGGACCGTTC,cell_52042,20
31996,TAAGCTCTACACTG,cell_52048,20
32004,TAATGAACTGTAGC,cell_52058,20
32022,TACTGTTGACACCA,cell_52088,20
32024,TACTTTCTATGACC,cell_52093,20
32042,TAGTCACTTGCCTC,cell_52126,20
32043,TAGTTAGAAGCTCA,cell_52129,20
32048,TATAGCCTGAGCTT,cell_52134,20
32052,TATCAGCTGGGCAA,cell_52140,20
32060,TATCTGACTTAGGC,cell_52151,20
32068,TATTGCTGACCTGA,cell_52165,20
32069,TATTGCTGAGAATG,cell_52166,20
32074,TCAAGGACCATTTC,cell_52172,20
32099,TCGTAGGAAGTCGT,cell_52230,20
32101,TCGTGAGATGTAGC,cell_52233,20
32114,TGAACCGAGGTGTT,cell_52258,20
32119,TGAATAACACTACG,cell_52264,20
32136,TGCACGCTACGTTG,cell_52300,20
32140,TGCCACTGACACCA,cell_52305,20
32146,TGGAACACTTTGCT,cell_52318,20
32160,TGTAGTCTTTCATC,cell_52347,20
32163,TGTCTAACACTGTG,cell_52354,20
32165,TGTCTAACGTTACG,cell_52356,20
32172,TGTTAAGATGCATG,cell_52370,20
32177,TTAGAATGCTTCCG,cell_52380,20
32179,TTAGACCTCGACAT,cell_52382,20
32181,TTAGCTACAGAGAT,cell_52385,20
32212,TTGATCTGAACCTG,cell_52434,20
32221,TTTAGGCTGTTCAG,cell_52454,20
32232,AAATACTGCGTACA,cell_61797,23
32241,AACATTGACACTAG,cell_61810,23
32250,AACGCCCTCACTCC,cell_61822,23
32272,AATCAAACCGACTA,cell_61856,23
32279,AATGGAGATCGCCT,cell_61866,23
32283,ACAAATTGACACTG,cell_61873,23
32295,ACAGCAACCCCAAA,cell_61887,23
32299,ACATACCTTGATGC,cell_61891,23
32318,ACGATGACTGGTAC,cell_61919,23
32323,ACGCCGGATGACCA,cell_61924,23
32327,ACGGATTGGTTTCT,cell_61929,23
32328,ACGGCGTGTTCTAC,cell_61931,23
32330,ACGGGAGAAACTGC,cell_61933,23
32335,ACGTAGACAAGAGT,cell_61938,23
32339,ACGTTTACGACGTT,cell_61943,23
32342,ACTCCCGAATCTCT,cell_61949,23
32359,ACTTGACTCTGATG,cell_61970,23
32362,ACTTTGTGCTATTC,cell_61975,23
32363,AGAAACGAGTACGT,cell_61976,23
32367,AGAACGCTATCTTC,cell_61981,23
32382,AGAGCGGATTCTCA,cell_62001,23
32386,AGAGGTCTCCAATG,cell_62006,23
32394,AGCAAAGAGGGAGT,cell_62015,23
32396,AGCACTGATAAGCC,cell_62020,23
32398,AGCATGACCCTGAA,cell_62023,23
32399,AGCATGACGCTGAT,cell_62024,23
32400,AGCATGACTCGTTT,cell_62025,23
32407,AGCTGCCTTTGTCT,cell_62036,23
32414,AGGCAACTGTCCTC,cell_62045,23
32445,AGTTCTACCCCTTG,cell_62086,23
32455,ATAATCGACGTAGT,cell_62100,23
32457,ATACAATGGAGATA,cell_62103,23
32467,ATATAGTGGCTATG,cell_62122,23
32474,ATCACTTGATGTGC,cell_62129,23
32478,ATCATGCTATGTCG,cell_62133,23
32480,ATCCAGGACTGGAT,cell_62135,23
32483,ATCGCCTGGGTAAA,cell_62141,23
32488,ATCTACTGCTAGTG,cell_62148,23
32501,ATGCCAGATGAGGG,cell_62163,23
32505,ATGCTTTGTTCTGT,cell_62167,23
32511,ATGTTAGATGTGCA,cell_62174,23
32515,ATTCAAGATGTGCA,cell_62181,23
32516,ATTCAGCTTGATGC,cell_62183,23
32519,ATTCTGACGCGGAA,cell_62186,23
32528,CAAACTCTAGTCTG,cell_62198,23
32542,CAAGAAGATGACTG,cell_62217,23
32559,CACAGTGAAGTAGA,cell_62239,23
32563,CACGACCTGAGGAC,cell_62248,23
32568,CACTGCACGACACT,cell_62259,23
32575,CAGACAACCCTCCA,cell_62268,23
32582,CAGCTCACGACAAA,cell_62278,23
32587,CAGGTAACGAGAGC,cell_62284,23
32589,CAGGTATGGCCAAT,cell_62286,23
32597,CATAAATGTCACCC,cell_62297,23
32610,CATGGCCTCTGTCC,cell_62313,23
32637,CCAGCGGAACCTCC,cell_62346,23
32642,CCAGTGCTGGCATT,cell_62352,23
32647,CCCAACACTCTTCA,cell_62358,23
32648,CCCACATGACCTGA,cell_62360,23
32652,CCCAGTTGTACGCA,cell_62364,23
32655,CCCGATTGGGAGGT,cell_62367,23
32656,CCCGGAGAGCTCCT,cell_62368,23
32665,CCGGAGTGTGGTAC,cell_62381,23
32668,CCGTAAGAACACCA,cell_62384,23
32680,CCTTAATGTGGCAT,cell_62399,23
32712,CGGCACGAAGTGCT,cell_62446,23
32727,CGTGTAGACGAATC,cell_62465,23
32746,CTATTGTGGTACCA,cell_62489,23
32748,CTCAGCACCTCATT,cell_62492,23
32763,CTGATACTTTGCAG,cell_62515,23
32775,CTTACAACGTTAGC,cell_62530,23
32781,CTTGAACTCCGCTT,cell_62541,23
32782,CTTGATTGCTCCAC,cell_62542,23
32783,CTTTAGTGACAGCT,cell_62543,23
32787,GAAAGATGCCTCGT,cell_62551,23
32827,GAGCGCTGAATCGC,cell_62614,23
32841,GATATTGATGATGC,cell_62630,23
32866,GCACAAACATTTCC,cell_62662,23
32867,GCACACCTCGTGTA,cell_62663,23
32883,GCCATGCTAGCACT,cell_62685,23
32889,GCGAGCACTCGATG,cell_62698,23
32891,GCGCACGAAACGAA,cell_62700,23
32894,GCGTAAACGGTAGG,cell_62704,23
32895,GCGTAATGGCAGAG,cell_62705,23
32900,GCTACAGATCCTAT,cell_62710,23
32904,GCTCACTGTGCAGT,cell_62716,23
32906,GCTTGAGAGAGCTT,cell_62722,23
32908,GGAAGGACTGTCCC,cell_62724,23
32913,GGACCCGACCTGTC,cell_62729,23
32925,GGCAAGGAATGCCA,cell_62753,23
32932,GGCCACGAAGATCC,cell_62761,23
32933,GGCCACGAGTTGGT,cell_62762,23
32946,GGGACCTGTTCGCC,cell_62780,23
32948,GGGATTACCCAATG,cell_62783,23
32959,GGTGATACCACTTT,cell_62799,23
32961,GTAACGTGGCCCTT,cell_62801,23
32975,GTATTCACCTCAAG,cell_62818,23
32983,GTCCAGCTTCCTGC,cell_62828,23
32990,GTGATCGACCCGTT,cell_62836,23
33017,TAACTCACACTCAG,cell_62875,23
33023,TAAGGGCTTTTACC,cell_62881,23
33032,TACATCACGATGAA,cell_62891,23
33039,TACGCCACCTCATT,cell_62905,23
33054,TAGAATTGATGACC,cell_62925,23
33067,TAGTAAACAGTAGA,cell_62944,23
33068,TAGTAAACTTCCGC,cell_62947,23
33073,TAGTTCACTTGGTG,cell_62955,23
33077,TATAAGTGGGTGGA,cell_62960,23
33085,TATCCTGAACGGTT,cell_62969,23
33119,TCCCATCTGACGTT,cell_63010,23
33121,TCCCTACTAATGCC,cell_63012,23
33125,TCGAATCTTCTCCG,cell_63016,23
33128,TCGATACTCCCAAA,cell_63019,23
33145,TCTAGACTCTGTAG,cell_63038,23
33146,TCTAGTTGACGTGT,cell_63039,23
33155,TGAAATTGTCTAGG,cell_63048,23
33171,TGATCGGACGGAGA,cell_63068,23
33172,TGATTAGAGATAGA,cell_63069,23
33181,TGCCGACTGAGAGC,cell_63083,23
33196,TGGATGACCGCTAA,cell_63104,23
33211,TGTAGGTGGTAAAG,cell_63128,23
33213,TGTGAGACGAGATA,cell_63130,23
33219,TTACAGCTAAAACG,cell_63140,23
33226,TTAGGGTGTCTCTA,cell_63151,23
33231,TTATGGCTAGGTCT,cell_63160,23
33238,TTCCATGAACCATG,cell_63173,23
33248,TTGAATGAAAGAAC,cell_63187,23
33253,TTGCATTGCCTCGT,cell_63194,23
33257,TTGCTATGGTCTAG,cell_63199,23
33258,TTGCTATGTACTGG,cell_63200,23
33262,TTGTACACACGGAG,cell_63206,23
33276,AAACATACCATGCA,cell_63222,24
33278,AAACATACTACAGC,cell_63225,24
33279,AAACATACTCGATG,cell_63226,24
33308,AAAGCAGATTCGGA,cell_63261,24
33322,AAAGTTTGGGTCAT,cell_63278,24
33325,AAATACTGCCGATA,cell_63281,24
33364,AACAAACTTGTTCT,cell_63326,24
33372,AACACTCTCTGAGT,cell_63336,24
33379,AACAGCACCAGATC,cell_63344,24
33405,AACCGCCTACTACG,cell_63373,24
33410,AACCTACTATGCTG,cell_63378,24
33412,AACCTTACCGAACT,cell_63381,24
33421,AACGCAACGGGACA,cell_63393,24
33426,AACGCCCTCTCTCG,cell_63398,24
33427,AACGGTACACCAGT,cell_63399,24
33429,AACGGTTGATTTCC,cell_63401,24
33434,AACGTGTGAGATGA,cell_63408,24
33442,AACGTTCTTGGTGT,cell_63416,24
33463,AACTCTTGTGGTCA,cell_63440,24
33484,AAGACAGACGTCTC,cell_63464,24
33514,AAGCGACTAAGAGT,cell_63504,24
33517,AAGCGACTGATACC,cell_63507,24
33526,AAGGTCACAGCCAT,cell_63518,24
33536,AAGGTCTGTTTGGG,cell_63529,24
33542,AAGTAGGACCTACC,cell_63536,24
33544,AAGTAGGATAGTCG,cell_63538,24
33552,AAGTCCGATGAACC,cell_63548,24
33554,AAGTCTCTTCTTTG,cell_63550,24
33568,AATAAGCTGAGCAG,cell_63566,24
33576,AATACTGATCCAAG,cell_63577,24
33590,AATCCTACAGGAGC,cell_63595,24
33626,AATGGCTGGGAACG,cell_63641,24
33642,AATTACGATGACTG,cell_63662,24
33654,AATTGTGACATTTC,cell_63675,24
33669,ACAACCGATGAGCT,cell_63692,24
33671,ACAAGAGACATTCT,cell_63695,24
33678,ACAAGCACGTAGCT,cell_63703,24
33682,ACAATAACGAACCT,cell_63708,24
33720,ACACGATGCTTCGC,cell_63752,24
33752,ACAGTTCTCTGGAT,cell_63793,24
33774,ACCAACGATTTCTG,cell_63827,24
33777,ACCACCTGGTCACA,cell_63832,24
33783,ACCATTACCGCAAT,cell_63844,24
33795,ACCCAAGATCGTGA,cell_63859,24
33807,ACCCGTTGCCGAAT,cell_63873,24
33810,ACCCTCGACAGAAA,cell_63876,24
33816,ACCGCGGACCTTAT,cell_63883,24
33832,ACCTGAGAGAGGAC,cell_63902,24
33834,ACCTGAGATTCATC,cell_63904,24
33840,ACCTTTGAGACTAC,cell_63911,24
33861,ACGATCGACTGCTC,cell_63937,24
33865,ACGATGACGGTTTG,cell_63941,24
33869,ACGCAATGCATGCA,cell_63945,24
33873,ACGCACCTCCGCTT,cell_63950,24
33889,ACGCGGTGAGCACT,cell_63969,24
33903,ACGGAGGAAGCGTT,cell_63986,24
33913,ACGGCGTGTGCAGT,cell_63999,24
33916,ACGGGAGAGGTCAT,cell_64002,24
33935,ACGTCCTGCTCAGA,cell_64021,24
33955,ACGTGCCTAAGGGC,cell_64042,24
33960,ACGTTACTGACGTT,cell_64049,24
33962,ACGTTGGACCACCT,cell_64052,24
33965,ACGTTTACGCATAC,cell_64058,24
33974,ACTACTACCTGCAA,cell_64069,24
33981,ACTAGGTGCTTGTT,cell_64077,24
33995,ACTCCTCTCGAATC,cell_64096,24
33998,ACTCGAGAAACCGT,cell_64099,24
34002,ACTCGAGATAGACC,cell_64103,24
34003,ACTCGAGATCTCTA,cell_64104,24
34004,ACTCGAGATTCGGA,cell_64105,24
34009,ACTCGCACTGAAGA,cell_64111,24
34012,ACTCTATGGGTTAC,cell_64114,24
34030,ACTGCCTGTCTACT,cell_64138,24
34037,ACTGTGGAGAGCAG,cell_64145,24
34052,ACTTCAACCTCGAA,cell_64166,24
34083,AGAAGATGTTTCAC,cell_64207,24
34084,AGAATACTCTTGAG,cell_64209,24
34085,AGAATACTGACGTT,cell_64210,24
34090,AGAATTTGACGCAT,cell_64215,24
34103,AGACTCGAGAATGA,cell_64234,24
34105,AGACTCGATTGCAG,cell_64236,24
34124,AGAGAATGTAAGGA,cell_64258,24
34158,AGATATACACTACG,cell_64296,24
34167,AGATCTCTGTCATG,cell_64307,24
34174,AGATTCCTGGTACT,cell_64315,24
34192,AGCACAACTCTACT,cell_64337,24
34255,AGCGCTCTTAACCG,cell_64419,24
34286,AGCTGCCTTCCCGT,cell_64451,24
34290,AGCTTACTGGAGCA,cell_64457,24
34319,AGGAGTCTTGTCAG,cell_64492,24
34320,AGGATAGAAAAAGC,cell_64493,24
34322,AGGATAGATACTCT,cell_64497,24
34330,AGGCAACTGTCCTC,cell_64505,24
34354,AGGGCCACCACCAA,cell_64531,24
34355,AGGGCCACCATTCT,cell_64532,24
34358,AGGGCCTGAAGAGT,cell_64536,24
34382,AGGTCTGAGTGTCA,cell_64565,24
34383,AGGTCTGATATCTC,cell_64566,24
34393,AGGTTCGAGTATCG,cell_64578,24
34413,AGTACGTGTTACCT,cell_64601,24
34419,AGTAGAGATCCCAC,cell_64608,24
34422,AGTAGGCTAACTGC,cell_64612,24
34441,AGTCAGACGTCTAG,cell_64633,24
34459,AGTCTTACTTGGTG,cell_64656,24
34465,AGTGAAGAGTGTCA,cell_64662,24
34468,AGTGACACCCCACT,cell_64665,24
34470,AGTGACTGCCATGA,cell_64668,24
34471,AGTGACTGCCTCCA,cell_64669,24
34484,AGTTATGAATTCTC,cell_64684,24
34500,AGTTTAGAACTGGT,cell_64703,24
34502,AGTTTAGACTGTCC,cell_64706,24
34513,ATAACAACGAGGCA,cell_64720,24
34516,ATAACCCTGGGCAA,cell_64725,24
34539,ATACCGGACACTAG,cell_64751,24
34576,ATAGCTCTTCCTCG,cell_64800,24
34591,ATAGTCCTGTTCAG,cell_64818,24
34609,ATCAAATGACGGAG,cell_64839,24
34612,ATCAAATGGAGACG,cell_64842,24
34618,ATCACACTGACTAC,cell_64850,24
34629,ATCACTTGGGGTGA,cell_64863,24
34648,ATCCAGGACTGGAT,cell_64887,24
34652,ATCCATACTCTACT,cell_64893,24
34672,ATCGCCACTAGCGT,cell_64916,24
34676,ATCGCGCTTACGAC,cell_64920,24
34698,ATCTGGGAGGGACA,cell_64946,24
34710,ATCTTTCTGGCAAG,cell_64958,24
34753,ATGCAGTGCGTGTA,cell_65010,24
34755,ATGCAGTGGGATTC,cell_65012,24
34764,ATGCCGCTGGACTT,cell_65022,24
34766,ATGCGATGACACTG,cell_65024,24
34775,ATGCTTTGCTTGTT,cell_65035,24
34778,ATGCTTTGTTGTCT,cell_65038,24
34795,ATGTACCTGGTAGG,cell_65057,24
34803,ATGTTAGAAAGAAC,cell_65066,24
34820,ATTACCACTGTCTT,cell_65084,24
34839,ATTCAAGAATCGAC,cell_65106,24
34843,ATTCAGCTGTAGCT,cell_65112,24
34866,ATTGCGGACAGTTG,cell_65142,24
34888,ATTGTAGATTCTTG,cell_65165,24
34922,CAAATTGACTAGTG,cell_65202,24
34923,CAAATTGAGATACC,cell_65203,24
34940,CAACGTGAAGTCTG,cell_65226,24
34941,CAACGTGAATGCCA,cell_65227,24
34946,CAAGAAGAAACCTG,cell_65234,24
34948,CAAGAAGACTGTTT,cell_65236,24
34961,CAAGCCCTCGTAAC,cell_65253,24
34972,CAAGGTTGGGCAAG,cell_65266,24
35001,CACAACGAGTCGAT,cell_65304,24
35017,CACAGCCTACGCTA,cell_65324,24
35021,CACAGTGACCGTTC,cell_65329,24
35022,CACAGTGATGCAAC,cell_65330,24
35041,CACCGTTGCCTAAG,cell_65359,24
35043,CACCTGACGCAGAG,cell_65364,24
35053,CACGATGACTGTAG,cell_65374,24
35056,CACGCTACGTTGTG,cell_65378,24
35060,CACGGGACTCAGGT,cell_65382,24
35071,CACTCCGAGACGGA,cell_65400,24
35077,CACTCTCTTTCTTG,cell_65407,24
35080,CACTGAGAGGAAGC,cell_65411,24
35087,CACTGCTGACCTTT,cell_65418,24
35091,CACTGCTGTGCGTA,cell_65422,24
35094,CACTTAACTACTGG,cell_65426,24
35095,CACTTAACTTCTAC,cell_65427,24
35105,CAGACAACCCTCCA,cell_65441,24
35107,CAGACAACTACTCT,cell_65443,24
35110,CAGACATGGCTAAC,cell_65447,24
35122,CAGATGACAGCTAC,cell_65461,24
35123,CAGATGACGTAAGA,cell_65463,24
35136,CAGCATGAATGTCG,cell_65478,24
35140,CAGCATGAGTTAGC,cell_65482,24
35149,CAGCCTTGTGTCCC,cell_65494,24
35158,CAGCTAGAAGTCGT,cell_65506,24
35164,CAGGAACTAGCAAA,cell_65512,24
35172,CAGGGCACCTTATC,cell_65522,24
35178,CAGGTATGGCGGAA,cell_65530,24
35179,CAGGTATGGGACAG,cell_65531,24
35185,CAGTGATGAAGAGT,cell_65540,24
35186,CAGTGATGCACTCC,cell_65541,24
35187,CAGTGATGGAATGA,cell_65542,24
35188,CAGTGATGTGAAGA,cell_65543,24
35196,CAGTTGGAGATACC,cell_65553,24
35200,CAGTTTACACTCAG,cell_65557,24
35210,CATAAATGACACGT,cell_65568,24
35221,CATACTTGATTCTC,cell_65581,24
35229,CATAGTCTTGAGCT,cell_65591,24
35233,CATATAGATTCGTT,cell_65595,24
35254,CATCGCTGTGGCAT,cell_65618,24
35255,CATCGGCTCCAATG,cell_65620,24
35259,CATCGGCTTCGTTT,cell_65624,24
35265,CATCTTGAATCGAC,cell_65630,24
35278,CATGGATGGTTTCT,cell_65651,24
35284,CATGTTACATCGGT,cell_65658,24
35292,CATTAGCTTTTCAC,cell_65672,24
35302,CATTGACTCTGTCC,cell_65684,24
35307,CATTGGGAGTTTCT,cell_65691,24
35308,CATTGGGATACAGC,cell_65692,24
35320,CATTTGACTCCTAT,cell_65707,24
35323,CCAAAGTGATCAGC,cell_65711,24
35332,CCAACCTGTATGCG,cell_65724,24
35333,CCAACCTGTCCAAG,cell_65725,24
35334,CCAACCTGTTCGGA,cell_65726,24
35357,CCACCTGAGTTGTG,cell_65754,24
35363,CCACTGTGGCAAGG,cell_65762,24
35371,CCAGAAACGAGATA,cell_65772,24
35384,CCAGCACTCTTACT,cell_65786,24
35386,CCAGCGGAAAACGA,cell_65788,24
35387,CCAGCGGAACCTCC,cell_65789,24
35388,CCAGCGGAAGAAGT,cell_65790,24
35389,CCAGCTACGGAAGC,cell_65791,24
35404,CCAGTCTGGCTAAC,cell_65809,24
35430,CCATGCTGGGCATT,cell_65839,24
35433,CCATGCTGTTAGGC,cell_65842,24
35451,CCCAACTGTACTCT,cell_65865,24
35464,CCCAGTTGTCACCC,cell_65881,24
35469,CCCATGTGGATACC,cell_65888,24
35489,CCCTAGTGCCTCCA,cell_65911,24
35493,CCCTCAGAAAAAGC,cell_65917,24
35512,CCGAAAACTCCTGC,cell_65941,24
35537,CCGGAGACTCTCCG,cell_65970,24
35539,CCGGAGTGAACTGC,cell_65972,24
35543,CCGGTACTAGAGAT,cell_65977,24
35552,CCTAAACTTAAAGG,cell_65989,24
35558,CCTAAGGAGACGTT,cell_65996,24
35566,CCTATAACCCACAA,cell_66004,24
35568,CCTATAACGGAAGC,cell_66006,24
35573,CCTATTGATCCAGA,cell_66011,24
35584,CCTGACTGAGGAGC,cell_66024,24
35599,CCTTCACTGCCATA,cell_66042,24
35605,CCTTTAGAGATAAG,cell_66049,24
35609,CGAACATGACTACG,cell_66053,24
35610,CGAACATGAGAGAT,cell_66054,24
35633,CGACCGGATAGAAG,cell_66084,24
35642,CGACGTCTCGACAT,cell_66094,24
35646,CGACTCACGTGTCA,cell_66098,24
35647,CGACTCTGTCGCTC,cell_66099,24
35648,CGACTCTGTGTCCC,cell_66100,24
35649,CGACTGCTACACCA,cell_66101,24
35658,CGAGAACTCTGAAC,cell_66111,24
35673,CGAGCGTGTCCCGT,cell_66126,24
35680,CGAGGCTGGATGAA,cell_66134,24
35693,CGATAGACCGCAAT,cell_66149,24
35700,CGATCCACCTAAGC,cell_66157,24
35704,CGCAAATGCTGTAG,cell_66161,24
35708,CGCAAATGTGTGAC,cell_66165,24
35718,CGCACGGATGCAAC,cell_66177,24
35727,CGCAGGTGACCACA,cell_66189,24
35728,CGCAGGTGCCACAA,cell_66190,24
35732,CGCATAGACTTCCG,cell_66194,24
35743,CGCCGAGATCACCC,cell_66207,24
35747,CGCCTAACCTCTTA,cell_66211,24
35765,CGCTAAGATTTCAC,cell_66234,24
35798,CGGCACGAGGACAG,cell_66270,24
35813,CGGCGATGCTTAGG,cell_66289,24
35852,CGTCCAACTTTCAC,cell_66335,24
35860,CGTGAAACCCGTAA,cell_66344,24
35881,CGTGTAGACCCACT,cell_66370,24
35894,CGTTTAACCCTGTC,cell_66385,24
35914,CTAAGGTGACACGT,cell_66409,24
35919,CTAATAGACAGGAG,cell_66415,24
35927,CTAATGCTGTACGT,cell_66423,24
35945,CTAGAGACTCGCAA,cell_66445,24
35966,CTATAGCTATCGGT,cell_66477,24
35968,CTATAGCTTGTTCT,cell_66479,24
35982,CTATGACTAGAAGT,cell_66496,24
35994,CTATGTTGCTCATT,cell_66509,24
35996,CTATGTTGTAGAAG,cell_66511,24
36003,CTATTGTGCTACTT,cell_66521,24
36005,CTATTGTGGAGGAC,cell_66523,24
36009,CTCAATTGTGGCAT,cell_66531,24
36025,CTCAGGCTGAGGTG,cell_66548,24
36033,CTCCATCTCGACAT,cell_66558,24
36072,CTGAACGATGGATC,cell_66608,24
36076,CTGAAGTGACACAC,cell_66612,24
36098,CTGATACTGTGTTG,cell_66640,24
36104,CTGATGGATGGGAG,cell_66648,24
36108,CTGATTTGTAAGGA,cell_66652,24
36109,CTGCAGCTAACAGA,cell_66654,24
36117,CTGGAAACTCGTTT,cell_66666,24
36123,CTGGATGATGCCTC,cell_66673,24
36127,CTGTAACTCCAGTA,cell_66677,24
36129,CTGTATACAATCGC,cell_66679,24
36136,CTGTGAGACCGCTT,cell_66689,24
36138,CTTAACACCTGACA,cell_66694,24
36146,CTTACAACGTTAGC,cell_66703,24
36150,CTTACATGATCACG,cell_66708,24
36168,CTTATCGAAGCACT,cell_66730,24
36187,CTTGAACTAACGGG,cell_66751,24
36211,GAAACAGACCTCGT,cell_66785,24
36214,GAAACAGATCGTTT,cell_66790,24
36242,GAACCAACGACAAA,cell_66822,24
36248,GAACCTGACACTCC,cell_66828,24
36259,GAACTGTGATGCTG,cell_66841,24
36267,GAAGCGGATCCAGA,cell_66854,24
36272,GAAGCTTGAGACTC,cell_66862,24
36287,GAAGGTCTTTCTTG,cell_66878,24
36294,GAAGTCACGGTAGG,cell_66887,24
36298,GAAGTCTGCGTAAC,cell_66892,24
36311,GAATGCACCCTCGT,cell_66908,24
36317,GAATGCTGTTCCGC,cell_66916,24
36318,GAATGGCTTGTTTC,cell_66918,24
36323,GAATTAACGCCATA,cell_66924,24
36341,GACAGGGAGAACTC,cell_66946,24
36358,GACCTAGAGTTTGG,cell_66969,24
36367,GACGAACTCGAACT,cell_66980,24
36383,GACGGCACACGACT,cell_67000,24
36391,GACGTCCTACCGAT,cell_67010,24
36398,GACTACGACGTTGA,cell_67019,24
36402,GACTCCTGCGAATC,cell_67024,24
36404,GACTCCTGGCCTTC,cell_67026,24
36405,GACTCCTGGCGATT,cell_67027,24
36413,GACTGATGGCTGTA,cell_67036,24
36415,GACTGATGTCCAGA,cell_67039,24
36417,GACTGTGAGTATGC,cell_67043,24
36427,GAGAGGTGGCGTTA,cell_67058,24
36431,GAGATAGACATTGG,cell_67062,24
36434,GAGATAGAGAGACG,cell_67065,24
36440,GAGATCACTCCTCG,cell_67072,24
36458,GAGCGGCTAGGCGA,cell_67097,24
36461,GAGGACGAACCGAT,cell_67103,24
36476,GAGGCAGAGTCGAT,cell_67123,24
36483,GAGGGAACGCCAAT,cell_67131,24
36487,GAGGGAACTGAACC,cell_67135,24
36501,GAGGTACTACGCAT,cell_67149,24
36502,GAGGTACTCGTACA,cell_67150,24
36515,GAGTAAGAAACGGG,cell_67164,24
36532,GAGTGTTGTACTCT,cell_67188,24
36563,GATATCCTAGTCGT,cell_67226,24
36587,GATCGATGGATAGA,cell_67256,24
36592,GATCGTGAACCCTC,cell_67261,24
36597,GATCTACTAAAGTG,cell_67267,24
36611,GATCTTTGTCTTTG,cell_67282,24
36616,GATGCAACACTGTG,cell_67289,24
36624,GATGCATGGTGAGG,cell_67298,24
36638,GATTCGGAGCAAGG,cell_67316,24
36648,GATTGGACGGAGGT,cell_67326,24
36649,GATTGGACTGAAGA,cell_67328,24
36653,GATTGGTGTCGCCT,cell_67332,24
36657,GATTTAGATCTATC,cell_67336,24
36663,GATTTGCTTGTAGC,cell_67343,24
36672,GCAACTGACCTCAC,cell_67354,24
36679,GCAATTCTCATTTC,cell_67362,24
36692,GCACAATGCCCTCA,cell_67375,24
36700,GCACCACTTACTTC,cell_67384,24
36702,GCACCTACGGAGGT,cell_67386,24
36730,GCAGCCGAACGCAT,cell_67419,24
36739,GCAGCGTGTCCCGT,cell_67429,24
36761,GCAGTTGAACCTTT,cell_67453,24
36765,GCAGTTGATTGGTG,cell_67458,24
36777,GCCAAAACCCTTGC,cell_67476,24
36787,GCCAACCTGCATCA,cell_67486,24
36794,GCCACGGATCGCAA,cell_67493,24
36805,GCCATGCTAGCACT,cell_67504,24
36807,GCCATGCTGTGTTG,cell_67506,24
36808,GCCCAACTAGAACA,cell_67508,24
36831,GCCTAGCTGGATTC,cell_67538,24
36852,GCGAGCACGAATGA,cell_67562,24
36859,GCGCATCTAGCACT,cell_67574,24
36864,GCGCGAACACCATG,cell_67579,24
36870,GCGCGATGCCTCAC,cell_67586,24
36880,GCGGCAACGGGAGT,cell_67596,24
36887,GCGTAATGAGAGAT,cell_67604,24
36897,GCGTATGATGGAGG,cell_67616,24
36920,GCTAGATGTCTTCA,cell_67643,24
36921,GCTATACTAGCAAA,cell_67644,24
36949,GCTTAACTCGTACA,cell_67676,24
36957,GCTTGAGAGTAAGA,cell_67686,24
36958,GCTTGAGAGTGAGG,cell_67687,24
36968,GGAACTACAGAATG,cell_67701,24
36969,GGAACTACAGGTTC,cell_67702,24
36970,GGAACTTGCACTCC,cell_67704,24
36973,GGAAGGACTGTCCC,cell_67710,24
36981,GGAATCTGCTGCTC,cell_67719,24
36982,GGAATCTGCTGGTA,cell_67720,24
36983,GGAATGCTAGGTTC,cell_67723,24
37002,GGACATTGGGTACT,cell_67743,24
37005,GGACCCGAACGGTT,cell_67747,24
37006,GGACCCGACCTACC,cell_67748,24
37010,GGACCTCTCAGAAA,cell_67754,24
37022,GGACGAGATGATGC,cell_67766,24
37023,GGACGAGATTCCGC,cell_67767,24
37031,GGACTATGGGTCAT,cell_67776,24
37038,GGAGCAGAACGTTG,cell_67785,24
37039,GGAGCAGAAGAAGT,cell_67786,24
37044,GGAGCAGACTTTAC,cell_67791,24
37045,GGAGCAGATAAGGA,cell_67793,24
37057,GGAGGTGATCGCCT,cell_67807,24
37074,GGATGTTGCATTTC,cell_67827,24
37075,GGATGTTGGTAAGA,cell_67828,24
37084,GGCAAGGATAAAGG,cell_67837,24
37086,GGCAAGGATCTATC,cell_67839,24
37101,GGCATATGCACCAA,cell_67858,24
37103,GGCATATGTCACGA,cell_67860,24
37107,GGCCACGAGGTCTA,cell_67866,24
37108,GGCCACGATAGAGA,cell_67867,24
37109,GGCCACGATTGGCA,cell_67868,24
37112,GGCCCAGAAAGAAC,cell_67871,24
37126,GGCCGATGGTTGTG,cell_67885,24
37145,GGCTAAACCCTACC,cell_67909,24
37148,GGCTACCTGTTGGT,cell_67916,24
37151,GGCTCACTCTGTAG,cell_67920,24
37153,GGGAACGAACTTTC,cell_67922,24
37155,GGGAAGACATGTGC,cell_67925,24
37159,GGGAAGTGGCGAGA,cell_67929,24
37164,GGGACCACAGCTCA,cell_67934,24
37167,GGGACCACTCCGTC,cell_67937,24
37204,GGGCCATGGTCTTT,cell_67981,24
37215,GGGTTATGGGTTCA,cell_67993,24
37222,GGTACAACGGCGAA,cell_68001,24
37227,GGTACTGAGCATCA,cell_68008,24
37229,GGTAGTACCTGTCC,cell_68010,24
37249,GTAACGTGAAGCCT,cell_68035,24
37254,GTAAGCACACAGTC,cell_68042,24
37265,GTAATATGCCTATT,cell_68055,24
37271,GTACAGTGGAGGTG,cell_68064,24
37275,GTACGAACCTTATC,cell_68068,24
37286,GTACGTGATCTTCA,cell_68082,24
37296,GTACTTTGTTGACG,cell_68094,24
37305,GTAGCAACAGAGAT,cell_68103,24
37324,GTAGTGTGCAAAGA,cell_68127,24
37328,GTATCACTGTTAGC,cell_68133,24
37335,GTATGGTGGGTTTG,cell_68143,24
37350,GTCAACGATTGAGC,cell_68159,24
37351,GTCAATCTACACCA,cell_68160,24
37365,GTCACCTGCTAGCA,cell_68176,24
37366,GTCACCTGCTTCCG,cell_68177,24
37371,GTCATACTTTGTGG,cell_68185,24
37380,GTCCAGCTGCGGAA,cell_68199,24
37381,GTCCCATGACCCAA,cell_68200,24
37387,GTCGAATGGATACC,cell_68208,24
37392,GTCGCACTAGAAGT,cell_68214,24
37399,GTCTAACTCGCAAT,cell_68221,24
37430,GTGATGACGGGATG,cell_68260,24
37431,GTGATGACTACAGC,cell_68261,24
37443,GTGCCACTTAGCCA,cell_68274,24
37446,GTGCTAGAACGGGA,cell_68277,24
37447,GTGCTAGACGTAGT,cell_68278,24
37464,GTGTATCTGTCTAG,cell_68299,24
37483,GTTAAATGCCCTTG,cell_68321,24
37503,GTTAGTCTACACGT,cell_68344,24
37504,GTTAGTCTACCCAA,cell_68345,24
37505,GTTAGTCTCCACAA,cell_68346,24
37506,GTTAGTCTTGAGAA,cell_68347,24
37514,GTTATCTGCCGCTT,cell_68356,24
37516,GTTATCTGGAGATA,cell_68358,24
37520,GTTATGCTAGAGGC,cell_68363,24
37525,GTTCAACTACGACT,cell_68369,24
37538,GTTGACGACCAATG,cell_68384,24
37548,GTTGGATGGAATAG,cell_68397,24
37550,GTTGGATGTAGCCA,cell_68399,24
37552,GTTGTACTATCACG,cell_68402,24
37553,GTTGTACTTAACCG,cell_68403,24
37564,TAAAGACTTTCTCA,cell_68418,24
37567,TAAATCGAACAGTC,cell_68421,24
37572,TAACAATGGGCATT,cell_68429,24
37596,TAACTCACACTCAG,cell_68461,24
37598,TAACTCACAGCTCA,cell_68463,24
37601,TAACTCACGAGCTT,cell_68468,24
37604,TAACTCACTTGACG,cell_68471,24
37610,TAAGAGGAACCAGT,cell_68477,24
37621,TAAGCGTGAACTGC,cell_68491,24
37629,TAAGGGCTCTCGAA,cell_68500,24
37642,TAATCGCTTACTTC,cell_68516,24
37662,TAATGTGAGGATTC,cell_68541,24
37691,TACCGAGAGTCGAT,cell_68574,24
37706,TACGCAGACTGGAT,cell_68590,24
37710,TACGCCACTCCTCG,cell_68595,24
37713,TACGCGCTTATTCC,cell_68598,24
37724,TACGTTACCTCGAA,cell_68610,24
37730,TACTACACAGATGA,cell_68616,24
37759,TACTTTCTCGTTAG,cell_68651,24
37767,TAGAATACCCTGTC,cell_68660,24
37777,TAGAATTGCTGTTT,cell_68671,24
37803,TAGCCGCTCAACCA,cell_68701,24
37820,TAGGCAACTCGCTC,cell_68720,24
37827,TAGGCTGATGCCAA,cell_68729,24
37851,TAGTATGAACGTAC,cell_68757,24
37856,TAGTATGATGGTGT,cell_68762,24
37861,TAGTCTTGCTCTCG,cell_68768,24
37872,TAGTGGTGTCCGAA,cell_68780,24
37875,TAGTTAGAACGACT,cell_68783,24
37890,TATAAGTGGGTGGA,cell_68798,24
37891,TATAAGTGTAGCCA,cell_68799,24
37892,TATAAGTGTCACCC,cell_68800,24
37896,TATACCACAAAACG,cell_68804,24
37916,TATCACTGACCAAC,cell_68832,24
37919,TATCAGCTTAGTCG,cell_68836,24
37923,TATCCAACAGCCAT,cell_68840,24
37924,TATCCAACAGGGTG,cell_68841,24
37928,TATCCTGACCCGTT,cell_68845,24
37941,TATCTCGATGGTAC,cell_68859,24
37953,TATGCGGAAACCAC,cell_68872,24
37955,TATGCGGACGTAAC,cell_68874,24
37961,TATGGGTGAACGTC,cell_68880,24
37964,TATGGTCTATCGAC,cell_68885,24
37982,TATGTGCTCTCCCA,cell_68905,24
37987,TATTGCTGGTCTTT,cell_68910,24
37998,TCAAGGACGGTATC,cell_68922,24
38005,TCAAGTCTCCGCTT,cell_68930,24
38015,TCACATACACTCAG,cell_68942,24
38024,TCACGAGATGTCAG,cell_68957,24
38049,TCAGGATGGAAACA,cell_68987,24
38053,TCAGTACTACTTTC,cell_68991,24
38061,TCATCAACAAGGTA,cell_69000,24
38069,TCATCATGTCGTTT,cell_69008,24
38070,TCATCATGTGGTCA,cell_69010,24
38079,TCATTCGATTGTGG,cell_69021,24
38086,TCCACGTGTCAGGT,cell_69031,24
38087,TCCACTCTACAGTC,cell_69032,24
38090,TCCACTCTTTTGTC,cell_69035,24
38112,TCCCATCTAACTGC,cell_69064,24
38126,TCCGAGCTCAACTG,cell_69080,24
38139,TCCTAATGAGCGGA,cell_69094,24
38177,TCGCACACTTGTGG,cell_69139,24
38184,TCGCCATGGGGCAA,cell_69147,24
38197,TCGTGAGAGGAAAT,cell_69164,24
38198,TCGTTATGACCTGA,cell_69165,24
38221,TCTAGACTTGGAGG,cell_69192,24
38227,TCTATGTGGCTAAC,cell_69198,24
38246,TCTGATACGAAGGC,cell_69219,24
38247,TCTGATACGCAGAG,cell_69220,24
38251,TCTTACGATCTATC,cell_69225,24
38258,TCTTGATGGTTGTG,cell_69234,24
38272,TGAACCGATGTTTC,cell_69250,24
38294,TGACGATGGTATGC,cell_69279,24
38295,TGACGATGTGTGGT,cell_69281,24
38316,TGAGCTGAGGTATC,cell_69310,24
38326,TGAGTCGACCCTAC,cell_69322,24
38331,TGAGTGACTCTACT,cell_69328,24
38352,TGATTCTGCTCATT,cell_69354,24
38371,TGCACAGATTGCAG,cell_69379,24
38376,TGCAGATGGGTACT,cell_69387,24
38381,TGCCAAGAACCGAT,cell_69393,24
38390,TGCCGACTACCACA,cell_69406,24
38393,TGCCGACTGCGAAG,cell_69410,24
38397,TGCGCACTAACGGG,cell_69417,24
38399,TGCGCACTGAGACG,cell_69420,24
38410,TGCTGAGACTGACA,cell_69433,24
38428,TGGACTGACCGCTT,cell_69459,24
38432,TGGACTGAGTATGC,cell_69463,24
38447,TGGATGTGAGAATG,cell_69480,24
38452,TGGATTCTTACGAC,cell_69486,24
38458,TGGGTATGCCTCCA,cell_69492,24
38461,TGGTACGAGTGTCA,cell_69495,24
38462,TGGTAGACAAGGGC,cell_69496,24
38470,TGGTCAGAATTGGC,cell_69504,24
38472,TGGTCAGACGATAC,cell_69506,24
38480,TGTAACCTCGAATC,cell_69515,24
38481,TGTAACCTCGTTAG,cell_69516,24
38491,TGTACTTGACACCA,cell_69526,24
38494,TGTAGGTGCTGTGA,cell_69530,24
38503,TGTATCTGAGGGTG,cell_69539,24
38515,TGTCTAACCTATTC,cell_69554,24
38527,TGTGAGTGACACCA,cell_69570,24
38532,TGTGATCTTTGGTG,cell_69575,24
38534,TGTGGATGACTCAG,cell_69577,24
38545,TGTTACACTTTGGG,cell_69588,24
38550,TTAACCACGTTGGT,cell_69593,24
38555,TTACAGCTACCAAC,cell_69599,24
38560,TTACAGCTTCGTAG,cell_69604,24
38566,TTACCATGTACTCT,cell_69611,24
38568,TTACGACTCCAGTA,cell_69614,24
38569,TTACGACTTCAAGC,cell_69616,24
38570,TTACGTACGAATAG,cell_69617,24
38573,TTACTCGAACCCTC,cell_69621,24
38583,TTAGACCTCGACAT,cell_69632,24
38591,TTAGGGTGTCTAGG,cell_69644,24
38594,TTAGGTCTAGCCTA,cell_69647,24
38595,TTAGGTCTAGTACC,cell_69648,24
38597,TTAGGTCTGACAAA,cell_69650,24
38605,TTAGTCTGGCTAAC,cell_69660,24
38606,TTAGTCTGTTCTAC,cell_69661,24
38616,TTATGAGATGAGAA,cell_69675,24
38656,TTCAGTACCTGAAC,cell_69724,24
38658,TTCAGTTGCGGGAA,cell_69726,24
38664,TTCATGTGCCCTAC,cell_69734,24
38680,TTCCCACTCACTTT,cell_69753,24
38684,TTCCTAGAAAGCAA,cell_69757,24
38687,TTCCTAGACTTCTA,cell_69760,24
38690,TTCCTAGATACGCA,cell_69764,24
38694,TTCGAGGATCCTAT,cell_69770,24
38711,TTCTAGTGACACGT,cell_69789,24
38719,TTCTGATGGGGCAA,cell_69801,24
38730,TTGACACTAAAACG,cell_69812,24
38732,TTGACACTCCTCAC,cell_69815,24
38737,TTGAGGACCTCAAG,cell_69820,24
38740,TTGAGGACTGACCA,cell_69823,24
38742,TTGAGGTGGTTGGT,cell_69825,24
38743,TTGAGGTGTCGATG,cell_69826,24
38745,TTGATCTGAACCTG,cell_69829,24
38756,TTGCTATGCAACCA,cell_69843,24
38757,TTGGAGACAACAGA,cell_69846,24
38758,TTGGAGACACCCTC,cell_69847,24
38759,TTGGAGACCACAAC,cell_69848,24
38767,TTGGAGTGGGTCAT,cell_69856,24
38801,TTTATCCTACACTG,cell_69896,24
38802,TTTCACGAAGTCGT,cell_69897,24
38818,TTTGACTGCTTACT,cell_69916,24
38821,TTTGACTGTGAGCT,cell_69920,24
38830,AAACATACTCGATG,cell_69930,25
38873,AAAGGCCTCCACAA,cell_69987,25
38875,AAAGTTTGAGCTCA,cell_69989,25
38879,AAAGTTTGGGTCAT,cell_69993,25
38889,AAATCATGCCCGTT,cell_70006,25
38927,AACACTCTATGCCA,cell_70052,25
38928,AACACTCTGGAGTG,cell_70053,25
38932,AACAGAGAGGGAGT,cell_70059,25
38933,AACAGAGAGTAGCT,cell_70060,25
38934,AACAGAGATAACGC,cell_70061,25
38945,AACATTGAGTCTTT,cell_70074,25
38956,AACCGATGAGAGGC,cell_70089,25
38962,AACCGCCTACTACG,cell_70098,25
38968,AACCGCCTTGATGC,cell_70104,25
38981,AACCTTTGTTTCTG,cell_70118,25
39001,AACGGTTGAACCAC,cell_70141,25
39003,AACGGTTGCCCACT,cell_70144,25
39004,AACGGTTGGAATCC,cell_70145,25
39022,AACTCGGACTAGTG,cell_70169,25
39028,AACTCTTGTATTCC,cell_70175,25
39056,AAGATGGAGGTGTT,cell_70208,25
39075,AAGCCATGATGTGC,cell_70234,25
39081,AAGCGACTAGTCTG,cell_70241,25
39093,AAGGTCACGGTTCA,cell_70257,25
39100,AAGTAACTAGGGTG,cell_70268,25
39106,AAGTAGGAGGTGGA,cell_70274,25
39114,AAGTCCGACCATAG,cell_70283,25
39121,AAGTGGCTACGCAT,cell_70294,25
39133,AATAAGCTGAGCAG,cell_70311,25
39137,AATACCCTAGTCGT,cell_70316,25
39158,AATCCGGAAATCGC,cell_70338,25
39167,AATCCTTGCATGAC,cell_70349,25
39169,AATCCTTGCTCCAC,cell_70351,25
39174,AATCTCACTACAGC,cell_70358,25
39178,AATCTCTGTCCTTA,cell_70365,25
39193,AATGGAGATGACAC,cell_70382,25
39197,AATGGCTGCTCAAG,cell_70386,25
39206,AATTACGACCATAG,cell_70399,25
39211,AATTGATGACCTTT,cell_70406,25
39212,AATTGATGCCTTGC,cell_70407,25
39232,ACAACCGATGAGCT,cell_70435,25
39241,ACAATAACTATGCG,cell_70446,25
39256,ACACCAGACCACCT,cell_70461,25
39272,ACACGTGACACTGA,cell_70481,25
39292,ACAGTCGACTCAAG,cell_70502,25
39295,ACAGTCGATTTGGG,cell_70506,25
39298,ACAGTGTGAAGTGA,cell_70512,25
39301,ACAGTTCTCTGGAT,cell_70515,25
39308,ACATGGTGAGTCAC,cell_70525,25
39309,ACATGGTGCTGTCC,cell_70527,25
39313,ACATTCTGAGTTCG,cell_70532,25
39316,ACCAACGAGGGAGT,cell_70536,25
39328,ACCACGCTGGTAGG,cell_70548,25
39344,ACCCAAGACATCAG,cell_70567,25
39357,ACCCTCGAAGTACC,cell_70586,25
39359,ACCCTCGACTATGG,cell_70590,25
39387,ACCTCGTGTGCTTT,cell_70626,25
39388,ACCTGAGACGCAAT,cell_70627,25
39399,ACGAACACGTTCGA,cell_70640,25
39409,ACGACAACAAGTAG,cell_70653,25
39425,ACGATCGACTGCTC,cell_70671,25
39426,ACGATCGACTGGTA,cell_70672,25
39427,ACGATCGACTGTAG,cell_70673,25
39437,ACGATGACTAAGCC,cell_70685,25
39442,ACGATTCTAGACTC,cell_70690,25
39464,ACGCCGGACCTTCG,cell_70715,25
39470,ACGCCGGATGACCA,cell_70721,25
39477,ACGCCTTGTCACCC,cell_70728,25
39481,ACGCGGTGAGCACT,cell_70732,25
39487,ACGCTCACCACTTT,cell_70739,25
39498,ACGGAGGAAGCGTT,cell_70755,25
39508,ACGGATTGTCCTTA,cell_70770,25
39510,ACGGCGTGGGGAGT,cell_70772,25
39511,ACGGCGTGGTCGAT,cell_70774,25
39514,ACGGGAGAGTCTAG,cell_70778,25
39515,ACGGTAACAGAGAT,cell_70779,25
39518,ACGGTCCTAGCCAT,cell_70783,25
39519,ACGGTCCTATCACG,cell_70784,25
39529,ACGTCAGACACCAA,cell_70794,25
39533,ACGTCCTGAAAGCA,cell_70798,25
39535,ACGTCCTGCGGAGA,cell_70801,25
39544,ACGTGATGTTTGTC,cell_70813,25
39545,ACGTGCCTAACCAC,cell_70814,25
39548,ACGTGCCTGGGCAA,cell_70817,25
39549,ACGTGCCTTCAGGT,cell_70818,25
39560,ACGTTTACGCATAC,cell_70830,25
39569,ACTACGGAAACAGA,cell_70839,25
39571,ACTACGGACGTTAG,cell_70841,25
39572,ACTACGGACTGTCC,cell_70842,25
39581,ACTAGGTGTTCTAC,cell_70853,25
39586,ACTCAGGAGCCAAT,cell_70858,25
39596,ACTCGAGATCAGAC,cell_70868,25
39597,ACTCGAGATTCGGA,cell_70869,25
39604,ACTCTATGGGATTC,cell_70878,25
39606,ACTCTCCTACCCAA,cell_70880,25
39610,ACTCTCCTGTCGAT,cell_70884,25
39625,ACTGTGGAGAGCAG,cell_70904,25
39631,ACTGTTACTCTTAC,cell_70911,25
39634,ACTTAGCTCCAATG,cell_70915,25
39640,ACTTCAACTCAGGT,cell_70922,25
39641,ACTTCCCTAGGGTG,cell_70923,25
39645,ACTTCTGACCCGTT,cell_70927,25
39651,ACTTGGGAGGACGA,cell_70934,25
39655,ACTTGTACGTCAAC,cell_70939,25
39663,AGAAACGATGACCA,cell_70949,25
39676,AGAACGCTTGTCTT,cell_70964,25
39677,AGAAGATGAGTTCG,cell_70966,25
39682,AGAATACTGACGTT,cell_70972,25
39705,AGACTTCTACTCAG,cell_71001,25
39722,AGAGATGACGTGAT,cell_71018,25
39723,AGAGATGAGGTTCA,cell_71019,25
39737,AGAGTCACCCTGTC,cell_71039,25
39739,AGAGTCACTGCATG,cell_71042,25
39740,AGAGTCTGAGTGTC,cell_71043,25
39751,AGATATACCGACTA,cell_71056,25
39759,AGATATTGGCCCTT,cell_71065,25
39773,AGATTCCTACGGTT,cell_71082,25
39776,AGCAAAGAAACTGC,cell_71085,25
39779,AGCAAAGACATACG,cell_71088,25
39785,AGCAACACACACCA,cell_71095,25
39788,AGCAACACCTAAGC,cell_71098,25
39791,AGCAAGCTGAATAG,cell_71101,25
39801,AGCACTGACTACCC,cell_71112,25
39802,AGCACTGAGAAACA,cell_71113,25
39809,AGCATCGATCTAGG,cell_71121,25
39814,AGCCAATGGTTCAG,cell_71126,25
39818,AGCCACCTTCAGAC,cell_71130,25
39829,AGCCGGTGGGTGAG,cell_71144,25
39836,AGCCGTCTTGGTAC,cell_71151,25
39858,AGCGCCGATTCTGT,cell_71181,25
39873,AGCGTAACAGTGCT,cell_71200,25
39884,AGCTCGCTCCTAAG,cell_71212,25
39893,AGCTGTGACGTTGA,cell_71224,25
39895,AGCTTACTATGTGC,cell_71226,25
39900,AGCTTACTTGGGAG,cell_71231,25
39901,AGCTTTACATCGAC,cell_71232,25
39910,AGGAATGAACCCAA,cell_71243,25
39920,AGGACTTGCCCTCA,cell_71253,25
39921,AGGACTTGCTCAAG,cell_71254,25
39942,AGGATGCTCTTGCC,cell_71279,25
39966,AGGGACGAGTCACA,cell_71309,25
39987,AGGGTTTGTTGACG,cell_71334,25
39992,AGGTACACGAGGAC,cell_71340,25
39996,AGGTACTGACCATG,cell_71345,25
40000,AGGTACTGTCTACT,cell_71350,25
40012,AGGTGGGACCAAGT,cell_71362,25
40018,AGGTTCGAGGACTT,cell_71369,25
40043,AGTAGGCTGAGGAC,cell_71400,25
40049,AGTCACGACTCCCA,cell_71408,25
40071,AGTCGCCTGGCGAA,cell_71433,25
40082,AGTCTTACTTGGTG,cell_71448,25
40088,AGTGACTGCCTCCA,cell_71456,25
40091,AGTGCAACCCCTAC,cell_71461,25
40101,AGTTAAACGAAGGC,cell_71473,25
40105,AGTTAAACTCTCGC,cell_71477,25
40116,AGTTCTACTGCCCT,cell_71488,25
40120,AGTTGTCTCTTGAG,cell_71492,25
40122,AGTTGTCTTAGACC,cell_71494,25
40124,AGTTTAGAATCTTC,cell_71497,25
40130,AGTTTCACTGAGAA,cell_71506,25
40137,ATAACAACATCACG,cell_71514,25
40138,ATAACAACGAGGCA,cell_71515,25
40151,ATAACCCTTGTTCT,cell_71530,25
40168,ATACAATGAGTGCT,cell_71551,25
40169,ATACAATGCGTACA,cell_71552,25
40173,ATACACCTCTAGAC,cell_71556,25
40177,ATACCACTACCATG,cell_71560,25
40184,ATACCGGAACTGTG,cell_71567,25
40192,ATACCTTGTCGTTT,cell_71579,25
40205,ATACTCTGGTAGGG,cell_71597,25
40234,ATAGCTCTGTTCTT,cell_71630,25
40242,ATAGGCTGTCGATG,cell_71639,25
40254,ATATACGAGAATAG,cell_71651,25
40257,ATATAGTGGCTACA,cell_71657,25
40258,ATATAGTGGTCACA,cell_71658,25
40265,ATATGAACGCATCA,cell_71665,25
40266,ATATGAACGTACCA,cell_71666,25
40278,ATCAACCTGGTAGG,cell_71681,25
40283,ATCACACTCTTGAG,cell_71687,25
40284,ATCACACTGACTAC,cell_71688,25
40289,ATCACGGATTCTGT,cell_71693,25
40295,ATCACTACTTGACG,cell_71699,25
40308,ATCATCTGTTCTCA,cell_71715,25
40313,ATCATGCTTGGTGT,cell_71720,25
40321,ATCCCGTGCCGTTC,cell_71729,25
40323,ATCCCGTGGAAGGC,cell_71731,25
40330,ATCCTAACCATACG,cell_71738,25
40335,ATCCTAACTTGCGA,cell_71743,25
40336,ATCGACGAGTGCTA,cell_71744,25
40342,ATCGAGTGTGGAGG,cell_71750,25
40345,ATCGCAGAGGTTCA,cell_71754,25
40367,ATCGGTGATTGCGA,cell_71777,25
40368,ATCGTTTGAAAACG,cell_71779,25
40369,ATCGTTTGCCGTTC,cell_71780,25
40375,ATCTACTGTCACGA,cell_71787,25
40377,ATCTCAACCGCATA,cell_71790,25
40393,ATCTTGACGACTAC,cell_71808,25
40405,ATGAAGGAATTTCC,cell_71821,25
40409,ATGAAGGATTCCAT,cell_71825,25
40421,ATGATAACAGCTCA,cell_71839,25
40427,ATGATAACTTGAGC,cell_71846,25
40431,ATGATATGTGAGCT,cell_71851,25
40440,ATGCAGTGGGAACG,cell_71862,25
40447,ATGCCAGATACGCA,cell_71869,25
40456,ATGCGCCTCTTCGC,cell_71879,25
40458,ATGCTTTGCTCGAA,cell_71883,25
40499,ATGTTCACCGAGAG,cell_71930,25
40503,ATGTTGCTCTCCAC,cell_71936,25
40517,ATTAAGACGTTCGA,cell_71952,25
40518,ATTACCACAAAGCA,cell_71953,25
40520,ATTACCACTCTCGC,cell_71955,25
40528,ATTAGATGGCAAGG,cell_71964,25
40540,ATTCCATGAAACAG,cell_71980,25
40544,ATTCGGGACACTTT,cell_71985,25
40552,ATTGAAACGCGAGA,cell_71996,25
40559,ATTGATGAGTTACG,cell_72004,25
40560,ATTGATGATCAGAC,cell_72005,25
40573,ATTGCGGATGTTTC,cell_72020,25
40597,ATTGTCTGACCAAC,cell_72051,25
40600,ATTGTCTGGAGCAG,cell_72054,25
40645,CAAATTGAGATACC,cell_72103,25
40668,CAACGTGAATGCCA,cell_72133,25
40670,CAACGTGATGCTGA,cell_72135,25
40696,CAAGCTGACGTGAT,cell_72166,25
40731,CAATCGGAGGAAAT,cell_72206,25
40746,CAATTCTGTAAGGA,cell_72225,25
40747,CAATTCTGTCTTAC,cell_72227,25
40780,CACATACTTGTCTT,cell_72268,25
40783,CACATGGAGCCATA,cell_72273,25
40834,CACGGGACCAAGCT,cell_72333,25
40852,CACTCCGAGGCGAA,cell_72356,25
40863,CACTGCACCCGATA,cell_72368,25
40867,CACTTAACACGACT,cell_72373,25
40877,CACTTTGAGGTTAC,cell_72384,25
40885,CAGACAACCACACA,cell_72394,25
40894,CAGACATGCTGCAA,cell_72404,25
40896,CAGACATGGTTCTT,cell_72406,25
40904,CAGAGGGACCCGTT,cell_72416,25
40905,CAGAGGGATGGTGT,cell_72417,25
40920,CAGCATGAGTTAGC,cell_72434,25
40924,CAGCCTACGGCAAG,cell_72438,25
40925,CAGCCTACGTAAGA,cell_72439,25
40933,CAGCGGACAGCAAA,cell_72448,25
40939,CAGCGTCTGAGCTT,cell_72454,25
40946,CAGCTAGACTAGCA,cell_72461,25
40961,CAGGAACTGGTACT,cell_72481,25
40965,CAGGCCGACTCAGA,cell_72485,25
40968,CAGGGCACTGTCGA,cell_72488,25
40972,CAGGTATGAAGTAG,cell_72492,25
40981,CAGTCAGACATACG,cell_72507,25
41005,CAGTTGGAGGAGGT,cell_72536,25
41009,CATAAAACAGAGAT,cell_72542,25
41014,CATAAATGATCGGT,cell_72548,25
41019,CATACTACCTTGAG,cell_72556,25
41032,CATCAACTGGTGTT,cell_72572,25
41044,CATCATACTGCTCC,cell_72586,25
41051,CATCGGCTGCAAGG,cell_72595,25
41079,CATGGATGCACTAG,cell_72627,25
41080,CATGGATGTAAGGA,cell_72628,25
41082,CATGGATGTTTCGT,cell_72630,25
41089,CATGTACTGGTAGG,cell_72638,25
41094,CATGTTACTGTCTT,cell_72644,25
41113,CATTGTACACCTCC,cell_72666,25
41114,CATTGTACACGGTT,cell_72667,25
41116,CATTGTACCGTACA,cell_72669,25
41124,CATTTCGATTCACT,cell_72677,25
41138,CCAACCTGTGATGC,cell_72696,25
41149,CCAATGGAGGTATC,cell_72711,25
41158,CCACGGGAAAAAGC,cell_72722,25
41171,CCACTGACCTATGG,cell_72736,25
41174,CCACTGTGCACCAA,cell_72739,25
41182,CCACTTCTGTGTCA,cell_72750,25
41194,CCAGATGACAAGCT,cell_72767,25
41213,CCAGCTACAGCACT,cell_72786,25
41215,CCAGCTACTACTGG,cell_72788,25
41221,CCAGTCACACACAC,cell_72798,25
41225,CCAGTCACGGACGA,cell_72802,25
41229,CCAGTGCTACGTAC,cell_72811,25
41232,CCAGTGCTTTCATC,cell_72814,25
41251,CCCAAAGATGCTTT,cell_72837,25
41255,CCCAACTGACAGTC,cell_72842,25
41259,CCCAACTGTACTCT,cell_72847,25
41278,CCCATGTGACGGTT,cell_72870,25
41283,CCCATGTGTGGGAG,cell_72877,25
41290,CCCGAACTTCTCAT,cell_72884,25
41302,CCCTAGTGGAAAGT,cell_72900,25
41333,CCGATAGAGCTGAT,cell_72943,25
41339,CCGCGAGAAGACTC,cell_72949,25
41343,CCGCTATGGTAAAG,cell_72955,25
41344,CCGCTATGTTCACT,cell_72957,25
41351,CCGGTACTCCGCTT,cell_72966,25
41374,CCTACCGAGACGAG,cell_72996,25
41376,CCTACCGATGCAAC,cell_72998,25
41393,CCTCATCTTGGTAC,cell_73017,25
41399,CCTCTACTTGCAGT,cell_73025,25
41411,CCTTAATGTAAGGA,cell_73038,25
41420,CGAACATGACTACG,cell_73048,25
41421,CGAACATGAGAGAT,cell_73049,25
41432,CGAAGGGAGTACAC,cell_73061,25
41450,CGACCGGAACACGT,cell_73086,25
41461,CGACGTCTCCTGTC,cell_73105,25
41462,CGACGTCTCGACAT,cell_73106,25
41469,CGACTCTGAACAGA,cell_73113,25
41476,CGAGATTGAACCGT,cell_73124,25
41488,CGAGGAGACGCAAT,cell_73137,25
41494,CGAGGAGATCATTC,cell_73144,25
41497,CGAGGCACATAAGG,cell_73147,25
41499,CGAGGCTGCGATAC,cell_73151,25
41509,CGATACGAGCCCTT,cell_73166,25
41527,CGCAACCTCTACCC,cell_73186,25
41529,CGCAACCTGGAACG,cell_73188,25
41532,CGCACGGAAAACGA,cell_73192,25
41536,CGCACGGATGCTGA,cell_73197,25
41553,CGCAGGTGTCCAGA,cell_73220,25
41570,CGCCTAACCTACGA,cell_73243,25
41571,CGCCTAACCTCTTA,cell_73244,25
41584,CGCTAAGATTGTGG,cell_73260,25
41592,CGCTACTGACCAAC,cell_73268,25
41607,CGGACCGAAGACTC,cell_73285,25
41608,CGGACCGACAGATC,cell_73287,25
41614,CGGACTCTGGACTT,cell_73294,25
41619,CGGATATGACGTAC,cell_73301,25
41621,CGGATATGTGTGCA,cell_73305,25
41628,CGGCATCTTAGTCG,cell_73312,25
41664,CGTAACGAGCTACA,cell_73355,25
41687,CGTCCATGTCGTAG,cell_73381,25
41693,CGTGAAACAACCGT,cell_73388,25
41700,CGTGATGACACTGA,cell_73399,25
41709,CGTGTAGAATGACC,cell_73412,25
41714,CGTGTAGATCTGGA,cell_73419,25
41719,CGTTAACTTCAGAC,cell_73425,25
41728,CGTTATACTTCCCG,cell_73435,25
41772,CTACCTCTTCGATG,cell_73491,25
41782,CTACTCCTTCCTAT,cell_73505,25
41786,CTAGAGACTTCGTT,cell_73510,25
41809,CTAGTTTGATAAGG,cell_73537,25
41813,CTAGTTTGTAGCGT,cell_73541,25
41829,CTATCAACTTGCGA,cell_73560,25
41832,CTATCCCTGGAGCA,cell_73564,25
41833,CTATCCCTGTACAC,cell_73565,25
41842,CTATGTACGCCATA,cell_73580,25
41852,CTATTGTGGAGGAC,cell_73590,25
41853,CTATTGTGGTACCA,cell_73591,25
41856,CTCAATTGAACAGA,cell_73594,25
41865,CTCAGCACCTCATT,cell_73605,25
41871,CTCAGCTGTCTTTG,cell_73612,25
41877,CTCAGGCTGCCATA,cell_73620,25
41888,CTCCTACTGAGCTT,cell_73638,25
41889,CTCCTACTGGGATG,cell_73639,25
41904,CTCGAGCTCGATAC,cell_73658,25
41905,CTCGAGCTGAATAG,cell_73659,25
41910,CTCGCATGGGTAAA,cell_73665,25
41918,CTCTAATGTTTGTC,cell_73674,25
41928,CTGAAGTGTGTCTT,cell_73687,25
41945,CTGAGAACTGACAC,cell_73707,25
41947,CTGAGCCTACCCTC,cell_73709,25
41951,CTGATGGACCCTCA,cell_73713,25
41958,CTGCAGCTTTATCC,cell_73722,25
41961,CTGCCAACTGCTAG,cell_73725,25
41965,CTGCGACTGGAAGC,cell_73730,25
41990,CTGTGAGATCCCGT,cell_73758,25
42013,CTTAGACTAGGGTG,cell_73788,25
42040,CTTGAGGACATGCA,cell_73818,25
42070,GAAACAGATCGTTT,cell_73857,25
42085,GAAAGTGATACAGC,cell_73873,25
42086,GAAATACTATGGTC,cell_73874,25
42099,GAACAGCTATACCG,cell_73887,25
42109,GAACGGGATGTGCA,cell_73900,25
42114,GAACTGTGATGCTG,cell_73905,25
42128,GAAGCTACAAAACG,cell_73921,25
42137,GAAGGGTGGATGAA,cell_73931,25
42150,GAAGTCTGCGTAAC,cell_73947,25
42152,GAAGTCTGGTAAGA,cell_73950,25
42195,GACAGTTGAGCAAA,cell_74001,25
42199,GACATTCTATTCCT,cell_74005,25
42206,GACCAAACTCTTTG,cell_74013,25
42231,GACGAGGAAGCCAT,cell_74044,25
42235,GACGATTGATCAGC,cell_74048,25
42237,GACGATTGGCAGAG,cell_74050,25
42240,GACGATTGTGTGCA,cell_74054,25
42248,GACGCTCTTTCTCA,cell_74063,25
42250,GACGGCACAGCAAA,cell_74065,25
42276,GACTGTGAACCTAG,cell_74097,25
42300,GAGATAGATGCATG,cell_74122,25
42321,GAGCAGGACTTATC,cell_74145,25
42343,GAGCGCTGGGGCAA,cell_74172,25
42354,GAGGCAGACATTGG,cell_74185,25
42355,GAGGCAGACTACCC,cell_74186,25
42356,GAGGCAGAGACGAG,cell_74187,25
42366,GAGGGATGACGTGT,cell_74199,25
42412,GAGTCAACTACTGG,cell_74253,25
42420,GAGTGACTGTTCGA,cell_74262,25
42435,GAGTTGTGTATCGG,cell_74282,25
42447,GATAGAGAAGCACT,cell_74300,25
42465,GATATTGATAGACC,cell_74319,25
42495,GATCTTACCCACCT,cell_74355,25
42502,GATGACACGAGGGT,cell_74364,25
42509,GATGCATGTTTCAC,cell_74373,25
42513,GATTCGGAAGAAGT,cell_74377,25
42530,GATTGGACGTTGTG,cell_74396,25
42535,GATTGGTGTCGCCT,cell_74402,25
42536,GATTTAGATCGTGA,cell_74403,25
42559,GCAATCGAGCTATG,cell_74431,25
42565,GCAATTCTCCTTAT,cell_74437,25
42568,GCACAAACATTTCC,cell_74441,25
42570,GCACAAACGCCAAT,cell_74444,25
42571,GCACAATGAGAGTA,cell_74446,25
42576,GCACACCTGCTCCT,cell_74452,25
42596,GCACGTCTAAGAAC,cell_74477,25
42597,GCACGTCTCATTGG,cell_74480,25
42599,GCACGTCTTCAGAC,cell_74482,25
42652,GCATCAGACTGTGA,cell_74547,25
42681,GCCATCACAAACGA,cell_74580,25
42684,GCCATCACCGTACA,cell_74584,25
42689,GCCATGCTGTGTTG,cell_74589,25
42710,GCCGAGTGGGTCAT,cell_74616,25
42711,GCCGAGTGGTGAGG,cell_74617,25
42718,GCCGTACTTTCCGC,cell_74625,25
42726,GCCTCAACGCCAAT,cell_74637,25
42727,GCCTCATGGCTAAC,cell_74639,25
42751,GCGATATGCTCGCT,cell_74669,25
42756,GCGCACGAGGTTTG,cell_74675,25
42773,GCGGACTGTAGTCG,cell_74693,25
42776,GCGGAGCTGGGCAA,cell_74698,25
42779,GCGGCAACCGTTAG,cell_74701,25
42780,GCGGCAACGGGAGT,cell_74702,25
42781,GCGGGACTAAACGA,cell_74704,25
42787,GCGTAAACTGTAGC,cell_74711,25
42799,GCTACAGAGTATCG,cell_74725,25
42823,GCTCACTGGAAAGT,cell_74755,25
42857,GGAATCTGTCGCAA,cell_74803,25
42858,GGAATGCTCGACAT,cell_74804,25
42867,GGACCCGACTAAGC,cell_74815,25
42882,GGACCTCTATGCTG,cell_74834,25
42883,GGACCTCTCGCTAA,cell_74835,25
42933,GGAGTTACCAGAAA,cell_74895,25
42940,GGAGTTTGGATAAG,cell_74902,25
42945,GGATACTGCCTTGC,cell_74908,25
42972,GGCAAGGATCTATC,cell_74940,25
42974,GGCAATACAGTCTG,cell_74942,25
42984,GGCACGTGTGCAGT,cell_74953,25
42986,GGCACTCTAAGGGC,cell_74955,25
42992,GGCATATGTCACGA,cell_74962,25
42998,GGCCACGATTGGCA,cell_74971,25
43001,GGCCAGACTGCCTC,cell_74974,25
43007,GGCCGAACGTACGT,cell_74980,25
43008,GGCCGAACTGCCCT,cell_74981,25
43009,GGCCGATGCTGCTC,cell_74983,25
43028,GGCGGACTTAGCGT,cell_75007,25
43035,GGCTAATGGAGACG,cell_75014,25
43042,GGCTCACTAATGCC,cell_75022,25
43049,GGGAAGACAGTGCT,cell_75030,25
43050,GGGAAGACCCTCGT,cell_75031,25
43062,GGGACCACTAAGCC,cell_75044,25
43065,GGGATGGAAGAGTA,cell_75050,25
43071,GGGATTACCCAATG,cell_75057,25
43073,GGGATTACGGTGGA,cell_75059,25
43074,GGGATTACTCACGA,cell_75060,25
43081,GGGCACACAGGCGA,cell_75068,25
43083,GGGCACACGACGGA,cell_75071,25
43091,GGGCCATGGATAGA,cell_75081,25
43108,GGGTTATGGCATCA,cell_75102,25
43109,GGGTTATGGTAAGA,cell_75103,25
43124,GGTACTGAGCATCA,cell_75123,25
43158,GTAACGTGAAGCCT,cell_75164,25
43170,GTAAGCTGTCAGGT,cell_75177,25
43181,GTACCCTGGGAAAT,cell_75193,25
43183,GTACCCTGTTTCTG,cell_75196,25
43192,GTACTACTATTCGG,cell_75209,25
43193,GTACTACTGCTGAT,cell_75210,25
43200,GTACTTTGTGTCAG,cell_75218,25
43219,GTAGCTGACAGAGG,cell_75243,25
43223,GTAGCTGAGCTCCT,cell_75247,25
43237,GTAGTGACTGGTGT,cell_75264,25
43245,GTATCACTGTTGAC,cell_75272,25
43249,GTATCTACGTCGTA,cell_75276,25
43257,GTATTAGATAGAAG,cell_75286,25
43262,GTATTCACGCAAGG,cell_75292,25
43265,GTCAACGAATCTCT,cell_75296,25
43283,GTCCAAGATGAACC,cell_75317,25
43284,GTCCAAGATGACAC,cell_75318,25
43292,GTCCACTGTGAGGG,cell_75327,25
43304,GTCGAATGATGGTC,cell_75341,25
43315,GTCGACCTGTGCTA,cell_75352,25
43318,GTCTAACTAAAGCA,cell_75357,25
43321,GTCTAACTCGCAAT,cell_75360,25
43325,GTCTAGGAGGACAG,cell_75364,25
43326,GTCTAGGAGGTGGA,cell_75365,25
43337,GTGACCCTTCGTTT,cell_75380,25
43338,GTGAGGGAAACAGA,cell_75382,25
43340,GTGAGGGAGCCCTT,cell_75385,25
43352,GTGATTCTGTGTAC,cell_75397,25
43363,GTGCTAGACCTGAA,cell_75411,25
43383,GTGTAGTGTCGTGA,cell_75435,25
43391,GTGTGATGCCAATG,cell_75444,25
43392,GTGTGATGTCGACA,cell_75445,25
43393,GTTAAAACACCAAC,cell_75446,25
43398,GTTAAATGCCCTTG,cell_75451,25
43412,GTTACTACCCGCTT,cell_75469,25
43413,GTTACTACGCGTAT,cell_75470,25
43423,GTTATAGATTCCAT,cell_75482,25
43430,GTTCAACTACGACT,cell_75490,25
43441,GTTGACGATACTGG,cell_75501,25
43449,GTTGATCTAGGAGC,cell_75509,25
43459,GTTGTACTCCGTTC,cell_75522,25
43464,GTTTAAGACAATCG,cell_75527,25
43470,TAAAGTTGGATGAA,cell_75539,25
43471,TAAAGTTGGTAAAG,cell_75542,25
43480,TAAATGTGAGCCAT,cell_75553,25
43492,TAACAATGTGCCAA,cell_75565,25
43511,TAACTCACGGCGAA,cell_75587,25
43513,TAACTCACTTGACG,cell_75590,25
43517,TAAGAGGAACCAGT,cell_75597,25
43518,TAAGAGGAACCATG,cell_75598,25
43533,TAAGCTCTGTACAC,cell_75619,25
43574,TAATGCCTTGGAGG,cell_75668,25
43579,TAATGTGAGGATTC,cell_75673,25
43586,TACAATGAGGGTGA,cell_75681,25
43601,TACCGAGAAGAAGT,cell_75700,25
43609,TACCGGCTGCTACA,cell_75710,25
43610,TACCGGCTGTCACA,cell_75711,25
43611,TACCGGCTTGCTCC,cell_75712,25
43625,TACGCAGAAAGAGT,cell_75726,25
43639,TACGTACTCACCAA,cell_75742,25
43650,TACGTTACCTTAGG,cell_75753,25
43672,TACTCAACGCCAAT,cell_75780,25
43676,TACTCCCTCAGCTA,cell_75784,25
43682,TACTCTGACCACCT,cell_75793,25
43685,TACTGGGACCTAAG,cell_75796,25
43686,TACTGGGAGCCTTC,cell_75797,25
43688,TACTGTTGGGCATT,cell_75800,25
43698,TACTTTCTGGTGAG,cell_75810,25
43708,TAGACGTGCAGTTG,cell_75824,25
43720,TAGATCCTTTCTTG,cell_75839,25
43725,TAGCATCTAGTACC,cell_75848,25
43726,TAGCATCTCTGGAT,cell_75850,25
43736,TAGCCCTGCTGAGT,cell_75860,25
43738,TAGCCCTGTGGTCA,cell_75862,25
43765,TAGGCTGAGTCTGA,cell_75898,25
43771,TAGGTCGAAGCGTT,cell_75905,25
43800,TAGTATGAGAGCAG,cell_75945,25
43809,TAGTCACTTGCCTC,cell_75954,25
43810,TAGTCGGAATAAGG,cell_75955,25
43823,TAGTTAGAAAGGCG,cell_75969,25
43824,TAGTTAGAAGCTCA,cell_75970,25
43829,TAGTTCACGTCTAG,cell_75975,25
43849,TATACAGATTCGTT,cell_76000,25
43850,TATACCACCGGTAT,cell_76001,25
43864,TATAGCCTGTGTAC,cell_76019,25
43873,TATCACTGTTGACG,cell_76030,25
43879,TATCAGCTTGAGCT,cell_76036,25
43887,TATCCTGAGCCTTC,cell_76045,25
43895,TATCGTACTCGATG,cell_76056,25
43902,TATCTTCTGTAAAG,cell_76065,25
43908,TATGCGGAATGCTG,cell_76072,25
43914,TATGGGTGAACGTC,cell_76080,25
43923,TATGGTCTGGACTT,cell_76091,25
43925,TATGTCACGGAGGT,cell_76093,25
43929,TATGTGCTGCATAC,cell_76097,25
43933,TATTGCTGGTCTTT,cell_76103,25
43935,TATTTCCTCACACA,cell_76105,25
43938,TATTTCCTGGTCAT,cell_76109,25
43947,TCAAGGACACTTTC,cell_76118,25
43955,TCAAGGTGTGCAAC,cell_76127,25
43991,TCAGAGACAAGATG,cell_76171,25
43995,TCAGCAGAACGTAC,cell_76175,25
44000,TCAGCGCTCTTCGC,cell_76182,25
44003,TCAGGATGCATTCT,cell_76187,25
44004,TCAGGATGCGGTAT,cell_76188,25
44019,TCAGTTACAAGCAA,cell_76205,25
44020,TCAGTTACAAGGGC,cell_76206,25
44035,TCATCATGTCGTTT,cell_76223,25
44050,TCATTGACCCGTTC,cell_76240,25
44086,TCCCTACTAAGGTA,cell_76280,25
44095,TCCGGACTGGTTAC,cell_76292,25
44099,TCCTAAACAAGTAG,cell_76297,25
44107,TCCTACCTACCTGA,cell_76306,25
44109,TCCTATGACCTCAC,cell_76309,25
44110,TCCTATGACGAATC,cell_76310,25
44113,TCCTATGATCTCAT,cell_76313,25
44118,TCGACCTGTCAAGC,cell_76320,25
44125,TCGACGCTTGTTCT,cell_76328,25
44133,TCGAGCCTAAAGTG,cell_76337,25
44137,TCGAGCCTGATGAA,cell_76341,25
44147,TCGATTTGCGAACT,cell_76352,25
44148,TCGATTTGGCGATT,cell_76353,25
44177,TCGGTAGAGCCATA,cell_76390,25
44181,TCGTAGGAGGTACT,cell_76394,25
44195,TCTAACTGGCGAAG,cell_76411,25
44204,TCTACAACGGTAAA,cell_76422,25
44210,TCTATGTGCGTAAC,cell_76429,25
44211,TCTATGTGGCTAAC,cell_76430,25
44229,TCTGATACGCAGAG,cell_76450,25
44231,TCTTACGACGACAT,cell_76453,25
44234,TCTTACGAGGTACT,cell_76456,25
44236,TCTTACGATCTATC,cell_76458,25
44255,TGAAGCACGCAGTT,cell_76483,25
44265,TGACCAGATTCTCA,cell_76496,25
44267,TGACCGCTGTCATG,cell_76498,25
44282,TGACTGGAGGTCTA,cell_76516,25
44284,TGACTGGATCGTTT,cell_76518,25
44293,TGAGCTGAGGTATC,cell_76532,25
44300,TGAGGTACCTTGCC,cell_76539,25
44301,TGAGGTACGTAAGA,cell_76540,25
44320,TGATCACTATAAGG,cell_76562,25
44322,TGATCGGAGTAGCT,cell_76564,25
44333,TGATTAGATGGATC,cell_76575,25
44334,TGATTAGATTCTTG,cell_76576,25
44338,TGATTCACTCTTCA,cell_76581,25
44346,TGCAATCTACCAGT,cell_76591,25
44354,TGCACAGAGCCCTT,cell_76600,25
44380,TGCGATGACCAACA,cell_76632,25
44382,TGCGCACTAACGGG,cell_76636,25
44383,TGCGCACTACAGTC,cell_76637,25
44397,TGCTAGGATCACCC,cell_76651,25
44406,TGCTTAACACTTTC,cell_76660,25
44408,TGCTTAACATGTGC,cell_76662,25
44409,TGCTTAACCGAGTT,cell_76663,25
44410,TGCTTAACCTTGAG,cell_76664,25
44434,TGGACTGACCATGA,cell_76695,25
44435,TGGAGACTCCCGTT,cell_76698,25
44450,TGGATGACGGGCAA,cell_76716,25
44461,TGGCAATGCGTACA,cell_76731,25
44463,TGGCAATGGTACAC,cell_76734,25
44468,TGGCACCTTGCATG,cell_76739,25
44469,TGGGTATGCCTCGT,cell_76740,25
44479,TGGTAGACTTGACG,cell_76754,25
44485,TGGTATCTCCAGTA,cell_76762,25
44486,TGGTATCTCTTCTA,cell_76763,25
44492,TGGTCAGACTAAGC,cell_76770,25
44501,TGTAAAACTTTCAC,cell_76782,25
44506,TGTAATGAAGCTAC,cell_76787,25
44511,TGTAGGTGAGTCTG,cell_76793,25
44529,TGTATGCTACACAC,cell_76816,25
44541,TGTCTAACCTATTC,cell_76832,25
44543,TGTCTAACTTGGCA,cell_76835,25
44549,TGTGAGTGCATGAC,cell_76842,25
44552,TGTGATCTAATCGC,cell_76845,25
44556,TGTGATCTTTGGTG,cell_76849,25
44557,TGTGGATGACTCAG,cell_76851,25
44568,TGTTACACCGTGAT,cell_76864,25
44579,TTAACCACCAACTG,cell_76878,25
44581,TTAACCACGTTGGT,cell_76880,25
44585,TTACACACCCTCCA,cell_76885,25
44593,TTACCATGTACTCT,cell_76896,25
44595,TTACCATGTCTACT,cell_76898,25
44599,TTACGACTTCAAGC,cell_76902,25
44613,TTAGAATGCGCCTT,cell_76919,25
44615,TTAGAATGCTTCCG,cell_76922,25
44618,TTAGACCTGTGTCA,cell_76926,25
44620,TTAGCTACCCGTTC,cell_76929,25
44628,TTAGGTCTAGTACC,cell_76940,25
44629,TTAGGTCTCTCGCT,cell_76941,25
44637,TTAGTCTGCTGTAG,cell_76954,25
44647,TTATGAGATGCAAC,cell_76965,25
44650,TTATGCACAAGGTA,cell_76969,25
44655,TTATGGCTATGGTC,cell_76977,25
44663,TTCAACACTGTTCT,cell_76988,25
44676,TTCACCCTACTGTG,cell_77002,25
44678,TTCACCCTGATAGA,cell_77006,25
44689,TTCAGTTGTGCTGA,cell_77018,25
44697,TTCATGTGCTCTCG,cell_77026,25
44701,TTCATTCTGAATCC,cell_77030,25
44714,TTCCCACTCTGAAC,cell_77045,25
44722,TTCGAGGATAAGGA,cell_77053,25
44725,TTCGATTGGGATCT,cell_77058,25
44728,TTCGGAGATCCAGA,cell_77061,25
44736,TTCTACGACACTAG,cell_77071,25
44751,TTCTTACTTCTCAT,cell_77095,25
44759,TTGACACTAAAACG,cell_77105,25
44763,TTGACACTTTCTGT,cell_77109,25
44764,TTGACACTTTTCTG,cell_77110,25
44766,TTGAGGACTGACCA,cell_77114,25
44777,TTGATCTGTCCTTA,cell_77125,25
44784,TTGCTATGCGGAGA,cell_77132,25
44786,TTGCTATGGTACCA,cell_77134,25
44796,TTGGGAACGGTTAC,cell_77149,25
44817,TTTCACGAAGTCGT,cell_77174,25
44829,TTTCAGTGCGTAGT,cell_77187,25
44865,AAACGCTGGCAGAG,cell_77234,26
44874,AAAGAGACCCCTAC,cell_77250,26
44898,AAATCAACAGCACT,cell_77289,26
44900,AAATCAACGAATCC,cell_77292,26
44928,AACAGAGACATTTC,cell_77335,26
44929,AACAGAGAGGTTCA,cell_77336,26
44949,AACCGCCTTGATGC,cell_77369,26
44953,AACCTACTACTGTG,cell_77375,26
44960,AACCTTTGGGACTT,cell_77387,26
44969,AACGGTACTGATGC,cell_77405,26
44973,AACGGTTGTATCTC,cell_77409,26
44974,AACGTCGAGAGCTT,cell_77410,26
44977,AACGTGTGAACGTC,cell_77413,26
44991,AACTCTTGCTTAGG,cell_77436,26
44996,AACTTGCTCCTCGT,cell_77444,26
45012,AAGACAGATGGTCA,cell_77465,26
45019,AAGATGGATCGTTT,cell_77473,26
45029,AAGCCAACAAAGTG,cell_77487,26
45043,AAGGCTACTTCGTT,cell_77512,26
45052,AAGGTCTGTCAGAC,cell_77529,26
45059,AAGTAACTCGCCTT,cell_77537,26
45079,AAGTTATGGTCACA,cell_77561,26
45090,AATAAGCTCTCCCA,cell_77577,26
45093,AATACCCTGGAACG,cell_77582,26
45097,AATACTGAGAGCAG,cell_77589,26
45098,AATAGGGATTGCGA,cell_77591,26
45124,AATCTCACGAGGTG,cell_77627,26
45125,AATCTCACTCTATC,cell_77629,26
45150,AATGTCCTTTCAGG,cell_77669,26
45160,AATTGTGAAAGCAA,cell_77683,26
45170,ACAAGAGATCGTTT,cell_77702,26
45188,ACACCAGATGGTCA,cell_77732,26
45189,ACACCCTGACCTGA,cell_77733,26
45192,ACACCCTGCTTGAG,cell_77736,26
45199,ACACGATGTTCGGA,cell_77745,26
45204,ACACGTGATCCCAC,cell_77750,26
45213,ACAGCAACCAGAGG,cell_77761,26
45214,ACAGCAACCCCAAA,cell_77762,26
45234,ACATCACTAACCGT,cell_77791,26
45249,ACCACGCTCAAAGA,cell_77814,26
45251,ACCACGCTGGTAGG,cell_77816,26
45265,ACCCGTACTGCGTA,cell_77836,26
45283,ACCGTGCTGGGTGA,cell_77859,26
45286,ACCTATTGTTCACT,cell_77865,26
45287,ACCTCCGAAAGAAC,cell_77866,26
45324,ACGATCGACTATTC,cell_77919,26
45328,ACGATGACAACGTC,cell_77923,26
45335,ACGATTCTCACTCC,cell_77931,26
45366,ACGGATTGGTTTCT,cell_77981,26
45368,ACGGATTGTCCTTA,cell_77984,26
45373,ACGGGAGAAACTGC,cell_77992,26
45381,ACGTAGACAAGAGT,cell_78004,26
45382,ACGTAGACCAGATC,cell_78006,26
45392,ACGTCCTGCATGAC,cell_78020,26
45402,ACGTGCCTAACCAC,cell_78032,26
45403,ACGTGCCTAAGGGC,cell_78033,26
45411,ACGTTTACGACGTT,cell_78042,26
45432,ACTATCACGAATCC,cell_78070,26
45433,ACTCAGGAAAGCCT,cell_78072,26
45435,ACTCAGGAGCCAAT,cell_78076,26
45452,ACTCGAGATTCCGC,cell_78095,26
45465,ACTGAGACCTGTAG,cell_78109,26
45478,ACTGGCCTAACTGC,cell_78125,26
45507,ACTTTGTGCTATTC,cell_78172,26
45510,ACTTTGTGGCTGTA,cell_78175,26
45514,AGAAACGATGGTGT,cell_78183,26
45516,AGAAAGTGCCTTTA,cell_78185,26
45520,AGAACGCTTGGTCA,cell_78192,26
45526,AGAATTTGCGTAGT,cell_78201,26
45532,AGACACTGTCTACT,cell_78208,26
45534,AGACCTGAATCACG,cell_78210,26
45552,AGAGAATGCGTTAG,cell_78236,26
45553,AGAGAATGCTCAAG,cell_78237,26
45554,AGAGAATGCTTGAG,cell_78238,26
45561,AGAGATGATGCTTT,cell_78246,26
45565,AGAGCTACCACTTT,cell_78252,26
45568,AGAGGTCTCCAATG,cell_78257,26
45573,AGAGTCACGGTGGA,cell_78263,26
45576,AGAGTCTGATCTTC,cell_78266,26
45578,AGAGTCTGGCTAAC,cell_78269,26
45598,AGCAAAGACATACG,cell_78305,26
45601,AGCAAAGAGGGAGT,cell_78308,26
45617,AGCATTCTCAGAGG,cell_78335,26
45627,AGCCACCTTAGAGA,cell_78347,26
45628,AGCCGGACAAGCCT,cell_78349,26
45642,AGCGATACGGACGA,cell_78369,26
45649,AGCGCCGACTCAAG,cell_78380,26
45665,AGCGGGCTTCTCCG,cell_78402,26
45672,AGCTGAACGAGAGC,cell_78411,26
45681,AGCTTACTATGTGC,cell_78424,26
45698,AGGAGTCTCTGCAA,cell_78453,26
45701,AGGATAGAAAAAGC,cell_78458,26
45730,AGGGCCTGAAGAGT,cell_78496,26
45731,AGGGCCTGGTCACA,cell_78498,26
45744,AGGTACACTTCGCC,cell_78516,26
45751,AGGTCATGGTTGTG,cell_78526,26
45757,AGGTGTTGAGCAAA,cell_78534,26
45762,AGGTTCGATTCAGG,cell_78540,26
45765,AGGTTGTGCCAATG,cell_78543,26
45785,AGTAGAGATGTCTT,cell_78572,26
45788,AGTAGGCTGTGAGG,cell_78577,26
45790,AGTAGGCTTGCAAC,cell_78579,26
45793,AGTATAACGATACC,cell_78582,26
45799,AGTCAGACGTACAC,cell_78593,26
45800,AGTCAGACGTCATG,cell_78594,26
45831,AGTGTTCTAGAGGC,cell_78639,26
45858,ATAAACACACGACT,cell_78679,26
45865,ATAACATGTTTCAC,cell_78689,26
45882,ATACAATGGGATCT,cell_78717,26
45889,ATACCGGAACTGTG,cell_78727,26
45906,ATAGAACTGTTCTT,cell_78753,26
45908,ATAGATACAGATCC,cell_78756,26
45912,ATAGATTGGCCTTC,cell_78762,26
45949,ATATGCCTGAGAGC,cell_78818,26
45972,ATCACTTGCTTGCC,cell_78847,26
45978,ATCATCTGGAACTC,cell_78854,26
45987,ATCCATACTCTCGC,cell_78869,26
45988,ATCCATACTGCTGA,cell_78870,26
45989,ATCCCGTGAACCAC,cell_78871,26
45991,ATCCGCACATCGAC,cell_78876,26
45993,ATCCGCACTGCATG,cell_78880,26
45996,ATCCTAACGCAAGG,cell_78885,26
45998,ATCCTAACTTGCGA,cell_78887,26
46000,ATCGCAGAACTCAG,cell_78890,26
46005,ATCGCGCTGATAAG,cell_78900,26
46012,ATCGGTGAGAACTC,cell_78907,26
46016,ATCGTTTGCCGTTC,cell_78911,26
46041,ATGAAACTAATGCC,cell_78944,26
46045,ATGAAGGAGTCTAG,cell_78949,26
46055,ATGATATGAGCACT,cell_78966,26
46056,ATGATATGATTGGC,cell_78967,26
46067,ATGCACGAGGTGAG,cell_78978,26
46069,ATGCACGATATGCG,cell_78980,26
46095,ATGGGTACGGCGAA,cell_79021,26
46102,ATGTAAACCTCCCA,cell_79029,26
46107,ATGTCACTAGAACA,cell_79038,26
46110,ATGTCGGACGCAAT,cell_79044,26
46119,ATGTTCACCGAGAG,cell_79054,26
46130,ATTAAGACGTTCGA,cell_79069,26
46134,ATTACCACTAAGGA,cell_79074,26
46177,ATTGCGGAGGAGTG,cell_79140,26
46190,ATTGGTCTTGGAGG,cell_79159,26
46202,ATTTCGTGCTTCTA,cell_79176,26
46225,CAAAGCTGCTTATC,cell_79211,26
46234,CAACAGACGCGAGA,cell_79226,26
46240,CAACCGCTAGCCAT,cell_79235,26
46242,CAACCGCTCCACCT,cell_79237,26
46244,CAACCGCTCCTTGC,cell_79239,26
46248,CAACGATGCTGAAC,cell_79248,26
46249,CAACGATGTTTGGG,cell_79249,26
46253,CAACGTGATGGTTG,cell_79254,26
46260,CAAGAAGACTGTTT,cell_79265,26
46263,CAAGACACGCTACA,cell_79272,26
46268,CAAGACTGTGCTGA,cell_79280,26
46269,CAAGACTGTGTGAC,cell_79281,26
46270,CAAGCATGAGCGTT,cell_79282,26
46274,CAAGCATGCATCAG,cell_79286,26
46277,CAAGCCCTAGCATC,cell_79292,26
46301,CAATCGGACTGTTT,cell_79330,26
46302,CAATCGGAGGTTAC,cell_79331,26
46310,CAATTCACCTCTTA,cell_79343,26
46315,CAATTCTGCTACGA,cell_79349,26
46317,CAATTCTGTATGCG,cell_79351,26
46320,CACAACGAGACGGA,cell_79354,26
46326,CACACCTGTGCAGT,cell_79364,26
46338,CACAGCCTGATGAA,cell_79379,26
46339,CACAGTGACTTATC,cell_79381,26
46355,CACCGTTGGTTGGT,cell_79405,26
46364,CACGATGAGGTCAT,cell_79418,26
46372,CACGGGACTGGAAA,cell_79430,26
46382,CACTAACTGGACAG,cell_79444,26
46387,CACTATACCGAGTT,cell_79452,26
46416,CAGAAGCTCTGAAC,cell_79500,26
46427,CAGATCGACATCAG,cell_79516,26
46433,CAGCAATGTAAGCC,cell_79523,26
46436,CAGCATGACTTAGG,cell_79526,26
46441,CAGCCTTGAGTCTG,cell_79532,26
46442,CAGCCTTGTGTCCC,cell_79533,26
46449,CAGCGTCTGCTTAG,cell_79543,26
46466,CAGGTATGTAGAGA,cell_79573,26
46469,CAGGTTGACGATAC,cell_79576,26
46490,CAGTTTACGAGGAC,cell_79607,26
46506,CATACTTGTGCAAC,cell_79626,26
46512,CATCAACTGTGTTG,cell_79637,26
46522,CATCCCGACCCTAC,cell_79652,26
46526,CATCGCTGAGACTC,cell_79658,26
46540,CATGGATGTCGATG,cell_79686,26
46543,CATGGCCTGACAGG,cell_79689,26
46545,CATGGCCTTTCTGT,cell_79691,26
46550,CATTACACCTTGTT,cell_79699,26
46577,CCAAAGTGATCAGC,cell_79740,26
46596,CCAAGATGTGCCTC,cell_79765,26
46616,CCACGGGAGGTGAG,cell_79791,26
46617,CCACTGACCTATGG,cell_79794,26
46622,CCACTGTGGCAAGG,cell_79799,26
46637,CCAGACCTCTCAAG,cell_79818,26
46638,CCAGATGAGAGCTT,cell_79821,26
46642,CCAGCGGATTCACT,cell_79828,26
46643,CCAGCTACCTATTC,cell_79829,26
46663,CCATCGTGTGCTCC,cell_79866,26
46664,CCATGCTGGAGCTT,cell_79868,26
46671,CCCAACACACTCAG,cell_79879,26
46678,CCCAACTGCATGCA,cell_79888,26
46686,CCCAGTTGTGCTGA,cell_79898,26
46688,CCCATGTGACGGTT,cell_79900,26
46709,CCCTAGTGGCGAGA,cell_79933,26
46714,CCCTGAACAAGGTA,cell_79940,26
46725,CCGAAAACTCCTGC,cell_79957,26
46732,CCGACTACGGTAAA,cell_79964,26
46734,CCGATAGACAAAGA,cell_79967,26
46739,CCGCGAGACCTACC,cell_79977,26
46741,CCGCGAGATTTCGT,cell_79980,26
46746,CCGGAGACGAGGGT,cell_79987,26
46765,CCTAGAGAAATCGC,cell_80016,26
46810,CGAACATGACACTG,cell_80077,26
46812,CGAAGACTCACTCC,cell_80081,26
46838,CGACCTACCTGTGA,cell_80118,26
46847,CGACGTCTCCTGTC,cell_80129,26
46852,CGACTGCTTGCAGT,cell_80140,26
46856,CGAGAACTGGGTGA,cell_80144,26
46861,CGAGCGTGAAGGGC,cell_80153,26
46864,CGAGGAGACTAGTG,cell_80159,26
46865,CGAGGCACAGTGCT,cell_80161,26
46878,CGATACGATCGACA,cell_80179,26
46882,CGATCCACAAGTAG,cell_80187,26
46902,CGCAGGACAGGTCT,cell_80215,26
46905,CGCAGGTGACCACA,cell_80221,26
46927,CGCTAAGAACCTAG,cell_80258,26
46941,CGGACCGATGGATC,cell_80278,26
46959,CGGCATCTCTGAAC,cell_80304,26
46961,CGGCCAGAATTGGC,cell_80308,26
46973,CGGGACTGATGCCA,cell_80321,26
46976,CGGGACTGGGGCAA,cell_80325,26
46979,CGGTAAACGTATGC,cell_80331,26
46989,CGTAACGAGCTACA,cell_80347,26
46997,CGTACCTGGTCGAT,cell_80362,26
46998,CGTACCTGTTCAGG,cell_80363,26
47014,CGTGAATGGAGGCA,cell_80384,26
47019,CGTGCACTGTCCTC,cell_80390,26
47023,CGTGTAGACGAATC,cell_80395,26
47039,CGTTTAACGAAACA,cell_80415,26
47042,CTAAACCTAGCGGA,cell_80418,26
47055,CTAACTACTGCGTA,cell_80435,26
47060,CTAAGGTGACCTGA,cell_80440,26
47065,CTAATGCTCAGTCA,cell_80448,26
47090,CTACTCCTTACTCT,cell_80482,26
47095,CTAGGATGAGAGGC,cell_80492,26
47103,CTAGGCCTCCTGAA,cell_80503,26
47121,CTATCAACATCTTC,cell_80532,26
47122,CTATCAACGGCGAA,cell_80533,26
47124,CTATCAACTTGACG,cell_80536,26
47126,CTATCATGGTAGCT,cell_80540,26
47134,CTATGTTGACGGTT,cell_80552,26
47135,CTATGTTGCTCATT,cell_80553,26
47142,CTCAATTGTACAGC,cell_80565,26
47146,CTCAGCACCTGGAT,cell_80574,26
47161,CTCCATCTTCCTTA,cell_80593,26
47168,CTCGAAGAAGATCC,cell_80602,26
47174,CTCGACACTCGATG,cell_80609,26
47177,CTCGACTGTAGCGT,cell_80614,26
47178,CTCGAGCTCCGTTC,cell_80616,26
47180,CTCGAGCTTTTCTG,cell_80618,26
47181,CTCGCATGAGTGTC,cell_80619,26
47187,CTGAACGATAACGC,cell_80631,26
47191,CTGAAGTGCTTCTA,cell_80636,26
47201,CTGACCACTTCGCC,cell_80651,26
47235,CTGGATGACATTGG,cell_80695,26
47243,CTGTATACAATCGC,cell_80705,26
47246,CTGTGAGAAGAAGT,cell_80709,26
47277,CTTATCGACTTGCC,cell_80756,26
47287,CTTCTAGATACAGC,cell_80768,26
47305,CTTTAGACTGCATG,cell_80792,26
47315,CTTTGATGTCGCCT,cell_80809,26
47323,GAAAGCCTGGTGAG,cell_80822,26
47330,GAACAGCTATGACC,cell_80838,26
47334,GAACCAACACAGCT,cell_80845,26
47348,GAACGGGATTCCAT,cell_80861,26
47358,GAACTGTGGGATCT,cell_80875,26
47368,GAAGCTACAAAACG,cell_80886,26
47377,GAAGGGTGTCGATG,cell_80899,26
47383,GAAGGTCTCCGAAT,cell_80906,26
47389,GAAGTCACACTCTT,cell_80916,26
47404,GAATGGCTTGTTTC,cell_80941,26
47432,GACAGTTGGAAGGC,cell_80981,26
47435,GACAGTTGTTCAGG,cell_80984,26
47436,GACAGTTGTTGGTG,cell_80985,26
47443,GACCCTACGCCAAT,cell_80998,26
47483,GACTCCTGGCCTTC,cell_81062,26
47488,GACTGATGGCTGTA,cell_81070,26
47504,GAGAGGTGTGTAGC,cell_81091,26
47507,GAGATAGATGCATG,cell_81096,26
47512,GAGATGCTATTCCT,cell_81104,26
47526,GAGCGCTGGACACT,cell_81132,26
47530,GAGCTCCTTGAAGA,cell_81139,26
47538,GAGGCAGACATTGG,cell_81149,26
47544,GAGGGATGACCCAA,cell_81162,26
47545,GAGGGATGCCAGTA,cell_81163,26
47547,GAGGGATGTAGAGA,cell_81165,26
47552,GAGGGTGAGTTGGT,cell_81170,26
47554,GAGGTACTACGCAT,cell_81173,26
47563,GAGGTACTTTTACC,cell_81182,26
47572,GAGTACACTCTACT,cell_81194,26
47573,GAGTACTGAAGATG,cell_81197,26
47584,GAGTGGGAAGTCGT,cell_81217,26
47586,GAGTGGGACTTGCC,cell_81221,26
47589,GAGTTGTGCGTGAT,cell_81228,26
47592,GAGTTGTGGAACCT,cell_81231,26
47613,GATATTGACATGAC,cell_81259,26
47622,GATCCGCTAGAATG,cell_81272,26
47632,GATCTACTTGAACC,cell_81289,26
47636,GATCTTTGCGTAGT,cell_81295,26
47639,GATCTTTGTCTTTG,cell_81298,26
47646,GATGCATGCTCTCG,cell_81307,26
47666,GATTGGTGGTTACG,cell_81339,26
47673,GCAACCCTACGGTT,cell_81349,26
47679,GCAAGACTATCGGT,cell_81358,26
47689,GCACAATGAGAGTA,cell_81377,26
47696,GCACCACTTACTTC,cell_81389,26
47730,GCAGGGCTCAGCTA,cell_81440,26
47757,GCCAAATGCTTATC,cell_81480,26
47771,GCCACTACTACTGG,cell_81494,26
47773,GCCACTACTGCGTA,cell_81496,26
47790,GCCGAGTGTGTCGA,cell_81519,26
47801,GCCTAGCTTTTACC,cell_81535,26
47839,GCGGACTGTAGTCG,cell_81581,26
47856,GCGTACCTCCATGA,cell_81599,26
47857,GCGTACCTCCTGTC,cell_81600,26
47866,GCTACGCTGTGCTA,cell_81612,26
47868,GCTAGATGCGACTA,cell_81615,26
47871,GCTATACTAGCAAA,cell_81620,26
47903,GGAATCTGTCGCAA,cell_81672,26
47904,GGAATGCTAGGTTC,cell_81674,26
47925,GGACGCACCTGTAG,cell_81704,26
47938,GGAGCAGACTTTAC,cell_81719,26
47950,GGAGTTACGCCTTC,cell_81740,26
47954,GGATACTGGTAGGG,cell_81746,26
47957,GGATAGCTGGATTC,cell_81749,26
47959,GGATAGCTTCGCAA,cell_81751,26
47968,GGATGTACTGCGTA,cell_81762,26
47973,GGATGTTGGTACGT,cell_81767,26
47978,GGATTGTGGTTGAC,cell_81773,26
47981,GGATTGTGTGTAGC,cell_81776,26
47984,GGCAAGGATAAAGG,cell_81783,26
47985,GGCAATACAGAAGT,cell_81784,26
47997,GGCCACGATCTTTG,cell_81803,26
48005,GGCCCAGATGCTCC,cell_81814,26
48038,GGCTACCTGTTGGT,cell_81859,26
48040,GGCTACCTTCGTTT,cell_81861,26
48046,GGGAAGACAACCTG,cell_81869,26
48055,GGGAAGTGGCATCA,cell_81879,26
48061,GGGACCTGAGTACC,cell_81886,26
48091,GGGTAACTGCTTCC,cell_81928,26
48096,GGGTTATGGTAAGA,cell_81936,26
48106,GGTACTGATCCTCG,cell_81948,26
48107,GGTACTGATGGAAA,cell_81949,26
48111,GGTATCGAAAGAGT,cell_81955,26
48112,GGTATGACACACGT,cell_81957,26
48120,GGTCTAGATCCTCG,cell_81967,26
48140,GTAATAACCTCGCT,cell_81996,26
48144,GTAATATGGACAGG,cell_82002,26
48147,GTACAGTGACACAC,cell_82006,26
48152,GTACCCTGGGAAAT,cell_82013,26
48163,GTACTACTTCAGTG,cell_82027,26
48169,GTAGCAACTGCACA,cell_82035,26
48174,GTAGCCCTCGGTAT,cell_82043,26
48184,GTAGTCGAGTACGT,cell_82057,26
48192,GTAGTGTGCAAAGA,cell_82066,26
48193,GTAGTGTGCACTTT,cell_82067,26
48195,GTAGTGTGGCCCTT,cell_82069,26
48223,GTCACCTGCTAGCA,cell_82105,26
48232,GTCCACACTACAGC,cell_82119,26
48235,GTCCACTGGCTAAC,cell_82122,26
48239,GTCCAGCTTCCTGC,cell_82127,26
48241,GTCCCATGCTCTTA,cell_82132,26
48250,GTCTAACTCTCCAC,cell_82146,26
48259,GTGACAACCATCAG,cell_82160,26
48261,GTGACAACTAGACC,cell_82162,26
48269,GTGAGGGATGTGAC,cell_82173,26
48276,GTGCAAACCGTAGT,cell_82186,26
48281,GTGCTAGAGTGTTG,cell_82192,26
48290,GTGGATTGGTGTCA,cell_82201,26
48291,GTGGTAACAGGCGA,cell_82202,26
48298,GTGTACGATGGTGT,cell_82211,26
48315,GTTACGGAAAACAG,cell_82242,26
48335,GTTATAGATTTCTG,cell_82269,26
48339,GTTATGCTAAGAAC,cell_82274,26
48340,GTTATGCTCCTTAT,cell_82275,26
48348,GTTCATACGGAGGT,cell_82284,26
48349,GTTCATACTACGCA,cell_82285,26
48364,GTTGGATGTAGCCA,cell_82300,26
48365,GTTGGATGTCAGTG,cell_82301,26
48368,GTTGTACTAGAACA,cell_82304,26
48370,GTTGTACTTAACCG,cell_82307,26
48392,TAAAGTTGGATGAA,cell_82333,26
48402,TAACAATGATGCTG,cell_82346,26
48423,TAAGATTGTGCACA,cell_82382,26
48436,TAAGTAACTAACGC,cell_82402,26
48445,TAATGAACTGTAGC,cell_82419,26
48450,TAATGTGATGCCTC,cell_82428,26
48459,TACAATGAGGGTGA,cell_82437,26
48462,TACACACTCGTAGT,cell_82441,26
48466,TACATCACCCTCGT,cell_82445,26
48470,TACATCACTTTGCT,cell_82449,26
48480,TACCGGCTCCGTAA,cell_82461,26
48493,TACGAGTGCTCATT,cell_82483,26
48513,TACGTACTCACCAA,cell_82506,26
48520,TACTACACTAGACC,cell_82519,26
48533,TACTGGGACTCTAT,cell_82537,26
48585,TAGGACTGCTTCCG,cell_82609,26
48605,TAGGGACTAATCGC,cell_82633,26
48610,TAGGTCGAGTTTCT,cell_82638,26
48627,TAGTATGAACGGAG,cell_82659,26
48647,TAGTTGCTTGGTAC,cell_82689,26
48648,TATAAGACAGGGTG,cell_82691,26
48662,TATCAAGAAGCGGA,cell_82715,26
48684,TATCCTGATGTGCA,cell_82742,26
48696,TATCTCGACAGCTA,cell_82758,26
48712,TATGTCACAGATGA,cell_82782,26
48719,TATGTGCTGCATAC,cell_82793,26
48725,TATTGCTGTATCGG,cell_82800,26
48732,TCAAGGACGGATTC,cell_82809,26
48733,TCAAGGACGGTATC,cell_82810,26
48735,TCAAGGTGAAAGCA,cell_82812,26
48739,TCAAGTCTATCGGT,cell_82817,26
48764,TCAGACGACTGAGT,cell_82859,26
48773,TCAGCGCTCGCCTT,cell_82870,26
48778,TCAGGATGGAAACA,cell_82876,26
48781,TCAGTACTAAACGA,cell_82880,26
48782,TCAGTACTACTTTC,cell_82881,26
48787,TCAGTGGACTGAAC,cell_82887,26
48800,TCATCCCTGGTTCA,cell_82903,26
48827,TCCCATCTGTGCTA,cell_82951,26
48833,TCCGAGCTCCTCCA,cell_82963,26
48840,TCCTAATGAGCGGA,cell_82972,26
48843,TCCTAATGTCTCCG,cell_82976,26
48848,TCCTATGACTGGAT,cell_82985,26
48851,TCGAATCTGCGTTA,cell_82990,26
48862,TCGAGCCTGTTCGA,cell_83002,26
48879,TCGCACACGCCTTC,cell_83026,26
48881,TCGCACACTTGTGG,cell_83028,26
48889,TCGGACCTACTCAG,cell_83040,26
48896,TCGGTAGAGCGATT,cell_83050,26
48903,TCGTGAGAGGACTT,cell_83061,26
48921,TCTAGACTCATCAG,cell_83086,26
48929,TCTCAAACAGCATC,cell_83099,26
48940,TCTTACGAACCCTC,cell_83114,26
48950,TCTTCAGAGCGGAA,cell_83127,26
48958,TGAAATTGGCGATT,cell_83137,26
48974,TGACACGAAGAGTA,cell_83155,26
48976,TGACACGACTGGTA,cell_83157,26
49017,TGAGCTGATCTTTG,cell_83212,26
49022,TGAGTCGATCGCAA,cell_83221,26
49025,TGAGTGACTCTACT,cell_83225,26
49036,TGATATGAATGCCA,cell_83238,26
49038,TGATCACTATAAGG,cell_83241,26
49040,TGATCACTGTAAAG,cell_83243,26
49055,TGATTCTGCTCATT,cell_83261,26
49063,TGCAATCTCCTGAA,cell_83273,26
49078,TGCATGGATTAGGC,cell_83293,26
49084,TGCCAAGATCTACT,cell_83300,26
49087,TGCCAGCTAAGCAA,cell_83305,26
49090,TGCCCAACCTTGGA,cell_83312,26
49099,TGCGATGATGGCAT,cell_83327,26
49109,TGCTAGGAGAATAG,cell_83345,26
49112,TGCTATACACTACG,cell_83349,26
49121,TGCTTAACACGGAG,cell_83360,26
49123,TGCTTAACTCTACT,cell_83364,26
49125,TGGAAAGAACCTTT,cell_83366,26
49165,TGGATTCTGTTCTT,cell_83430,26
49167,TGGCAATGGCGGAA,cell_83435,26
49180,TGGTAGACAAGGGC,cell_83455,26
49184,TGGTATCTCCAGTA,cell_83463,26
49195,TGGTTACTATAAGG,cell_83478,26
49204,TGTACTTGAACCAC,cell_83490,26
49206,TGTACTTGCCAACA,cell_83493,26
49210,TGTACTTGTGGTAC,cell_83498,26
49211,TGTAGGTGAGTCTG,cell_83501,26
49227,TGTGAGACGGAGCA,cell_83527,26
49234,TGTGGATGACCTAG,cell_83538,26
49253,TTACAGCTTGCTCC,cell_83565,26
49256,TTACCATGCCAAGT,cell_83569,26
49285,TTAGGTCTGAATAG,cell_83605,26
49292,TTAGTCTGTTCTAC,cell_83612,26
49346,TTCCCACTGAGCTT,cell_83696,26
49357,TTCGATTGGACACT,cell_83709,26
49367,TTCGTATGTCCAAG,cell_83723,26
49380,TTCTTACTCAGGAG,cell_83746,26
49394,TTGAGGTGCCGTAA,cell_83773,26
49396,TTGAGGTGGTTGGT,cell_83776,26
49406,TTGCTATGCGGAGA,cell_83789,26
49407,TTGGAGACCACAAC,cell_83792,26
49419,TTGTCATGATCGAC,cell_83813,26
49439,TTTCACGAGTCTAG,cell_83836,26
49456,TTTGCATGAAAGCA,cell_83861,26
49462,AAACCGTGTACAGC,cell_83871,27
49470,AAACGCACTTATCC,cell_83881,27
49482,AAAGACGAAGCACT,cell_83894,27
49490,AAAGATCTCGTTGA,cell_83907,27
49496,AAAGCCTGACCTGA,cell_83914,27
49501,AAAGGCCTACCAGT,cell_83921,27
49513,AAATACTGTACTCT,cell_83936,27
49522,AAATCATGGATAGA,cell_83949,27
49533,AAATCTGACTATGG,cell_83962,27
49539,AAATTCGAGTCACA,cell_83973,27
49549,AACACTCTTGTTCT,cell_83992,27
49550,AACACTCTTTCTCA,cell_83993,27
49553,AACAGAGACTATGG,cell_83997,27
49555,AACATATGATCACG,cell_84001,27
49602,AACGGTTGTATCGG,cell_84076,27
49604,AACGTCGAGTCACA,cell_84080,27
49607,AACGTTCTACCTCC,cell_84086,27
49618,AACTCTTGTATTCC,cell_84107,27
49645,AAGCCAACTGTGAC,cell_84155,27
49664,AAGGCTTGCCGTTC,cell_84182,27
49683,AAGTAGGAAGGTTC,cell_84209,27
49685,AAGTAGGACGGAGA,cell_84212,27
49692,AAGTGGCTAGTACC,cell_84229,27
49703,AATAAGCTGCTGTA,cell_84244,27
49711,AATAGGGACGAGAG,cell_84257,27
49715,AATATCGATGACAC,cell_84264,27
49725,AATCCTACACTTTC,cell_84277,27
49742,AATCTCACGTGCAT,cell_84302,27
49767,AATGGCTGGGAACG,cell_84333,27
49779,AATGTCCTTTCAGG,cell_84348,27
49781,AATGTTGATCAAGC,cell_84351,27
49791,AATTCCTGTTCATC,cell_84365,27
49817,ACAATCCTGGTGAG,cell_84401,27
49818,ACAATTGACCTAAG,cell_84403,27
49826,ACACCCTGACCTAG,cell_84414,27
49831,ACACCCTGTGTGCA,cell_84421,27
49832,ACACGAACGTGCAT,cell_84425,27
49839,ACACGTGATCCCAC,cell_84432,27
49855,ACAGTTCTCATCAG,cell_84456,27
49860,ACATCACTAGAGTA,cell_84466,27
49875,ACCACGCTTAGACC,cell_84495,27
49881,ACCAGCCTTCGACA,cell_84501,27
49889,ACCATTTGGACAGG,cell_84516,27
49899,ACCCACTGCGATAC,cell_84531,27
49907,ACCCGTACCACTAG,cell_84542,27
49916,ACCCTCGAAGTACC,cell_84553,27
49918,ACCCTCGACTATGG,cell_84556,27
49940,ACCTGGCTTATTCC,cell_84590,27
49956,ACGACCCTGAGGTG,cell_84620,27
49969,ACGATTCTGCTATG,cell_84642,27
49981,ACGCGGTGTCCGTC,cell_84666,27
49994,ACGGCTCTCGTGAT,cell_84691,27
50009,ACGGTCCTGTTCAG,cell_84710,27
50017,ACGTCCTGCTCCCA,cell_84725,27
50025,ACGTGCCTTTGCAG,cell_84737,27
50032,ACGTTGGACTTCTA,cell_84748,27
50034,ACTAAAACACGCTA,cell_84754,27
50036,ACTACGGATTTCTG,cell_84757,27
50048,ACTATCACTCCAGA,cell_84771,27
50056,ACTCCCGACAAGCT,cell_84782,27
50059,ACTCCTCTCGAATC,cell_84787,27
50064,ACTCTATGGGATTC,cell_84799,27
50079,ACTTAAGAGAAACA,cell_84830,27
50081,ACTTAGCTCCAATG,cell_84833,27
50092,ACTTCCCTCCTGAA,cell_84847,27
50104,ACTTGTACACGGGA,cell_84865,27
50108,ACTTTGTGGTCGTA,cell_84870,27
50123,AGAATACTTCTTCA,cell_84898,27
50127,AGAATGGATTTCTG,cell_84904,27
50134,AGACCTGATCTGGA,cell_84924,27
50139,AGACTCGAGAGACG,cell_84937,27
50155,AGAGCTACGGAAAT,cell_84964,27
50175,AGATATACCGACTA,cell_84993,27
50200,AGCAACACCATTGG,cell_85026,27
50218,AGCATCGACTGAAC,cell_85053,27
50222,AGCATGACCCTGAA,cell_85059,27
50225,AGCATGACGCTGAT,cell_85062,27
50227,AGCATTCTCAGTCA,cell_85065,27
50233,AGCCACCTTGGATC,cell_85075,27
50239,AGCCGGTGATCAGC,cell_85084,27
50246,AGCCTCTGCCAATG,cell_85097,27
50249,AGCGAACTGGCGAA,cell_85102,27
50256,AGCGCCGAAACAGA,cell_85111,27
50295,AGCTTTACCCGATA,cell_85164,27
50298,AGGAAATGAAAGCA,cell_85169,27
50312,AGGAGTCTCGATAC,cell_85195,27
50330,AGGCTAACAGCATC,cell_85222,27
50338,AGGGCCACCACCAA,cell_85232,27
50350,AGGGCGCTTTCGCC,cell_85249,27
50353,AGGGTGGACACTGA,cell_85252,27
50357,AGGGTTTGCTCGCT,cell_85257,27
50364,AGGTACACGAAACA,cell_85267,27
50375,AGGTGGGAAGATGA,cell_85285,27
50381,AGGTGTTGTTCCAT,cell_85293,27
50403,AGTATAACCAAGCT,cell_85332,27
50428,AGTCTTACTCAGTG,cell_85374,27
50429,AGTGACACAAGAGT,cell_85376,27
50439,AGTGTTCTAGAGGC,cell_85390,27
50449,AGTTCTTGGTTCGA,cell_85405,27
50469,ATAACAACTAAAGG,cell_85437,27
50473,ATAACCCTCAAGCT,cell_85443,27
50477,ATAACCCTTATGCG,cell_85447,27
50478,ATAAGTTGCCCTAC,cell_85451,27
50490,ATACACCTTCTCGC,cell_85469,27
50496,ATACCACTGTTGGT,cell_85476,27
50501,ATACCTTGAGTCGT,cell_85485,27
50502,ATACCTTGTCGTTT,cell_85486,27
50513,ATACGTCTCTCCAC,cell_85503,27
50530,ATAGATTGCACTGA,cell_85531,27
50536,ATAGCGTGCGAGTT,cell_85540,27
50555,ATAGTTGAATACCG,cell_85569,27
50557,ATATACGACTTATC,cell_85572,27
50565,ATATGCCTGAGAGC,cell_85584,27
50578,ATCACTTGATGTGC,cell_85607,27
50585,ATCATGCTATGCTG,cell_85620,27
50595,ATCCCGTGGTAAAG,cell_85634,27
50602,ATCCTAACTTCCAT,cell_85644,27
50606,ATCGAGTGTGGAGG,cell_85650,27
50607,ATCGCAGACACACA,cell_85651,27
50613,ATCGCCTGACACGT,cell_85661,27
50614,ATCGCCTGAGCATC,cell_85662,27
50619,ATCGCCTGTGTCTT,cell_85670,27
50623,ATCGCGCTGATAAG,cell_85674,27
50629,ATCGGTGATTGCGA,cell_85682,27
50650,ATCTTGACTAAGCC,cell_85714,27
50658,ATGACGTGGGGCAA,cell_85726,27
50677,ATGCACGAGGTGAG,cell_85751,27
50711,ATGTACCTCTGACA,cell_85813,27
50712,ATGTACCTGGTAGG,cell_85814,27
50747,ATTAGTGACGTTGA,cell_85864,27
50750,ATTCAAGAATCGAC,cell_85871,27
50754,ATTCAGCTCTACTT,cell_85876,27
50770,ATTCGGGACACTTT,cell_85895,27
50790,ATTGCGGAGGAGTG,cell_85929,27
50803,ATTGTAGACCATGA,cell_85949,27
50807,ATTGTCTGCATGCA,cell_85956,27
50811,ATTGTCTGTTACCT,cell_85962,27
50817,ATTTCCGACTGACA,cell_85969,27
50820,ATTTCGTGCTTCTA,cell_85974,27
50862,CAAGACACTCTTTG,cell_86054,27
50864,CAAGACTGCGTACA,cell_86056,27
50867,CAAGACTGTGTGAC,cell_86059,27
50870,CAAGCATGCATCAG,cell_86063,27
50893,CAATCTACAAGGCG,cell_86112,27
50903,CAATGGACGGTTAC,cell_86124,27
50910,CACAACGAGACGGA,cell_86135,27
50915,CACACCTGCTTGCC,cell_86142,27
50924,CACAGATGCTGATG,cell_86153,27
50934,CACAGTGAGCTTCC,cell_86165,27
50949,CACCGGGAACGGGA,cell_86187,27
50950,CACCGGGACACTTT,cell_86188,27
50952,CACCGGGAGGTCTA,cell_86191,27
50953,CACCGGGAGGTTAC,cell_86192,27
50958,CACCGTACGGAACG,cell_86197,27
50959,CACCGTACTGCCAA,cell_86198,27
50972,CACGACCTGAGGAC,cell_86220,27
50995,CACTAACTCCCTCA,cell_86250,27
50996,CACTAACTTGTCGA,cell_86253,27
51016,CACTTATGCCTTAT,cell_86280,27
51018,CACTTATGTGTGGT,cell_86283,27
51021,CAGAAGCTCCACCT,cell_86288,27
51028,CAGACCCTCTCTTA,cell_86297,27
51044,CAGATGACCTGTTT,cell_86316,27
51052,CAGCATGAACGTGT,cell_86329,27
51063,CAGCGTCTCCCGTT,cell_86347,27
51067,CAGCTAGAAGGAGC,cell_86354,27
51076,CAGGGCACATGGTC,cell_86372,27
51080,CAGGTAACCCATAG,cell_86376,27
51086,CAGGTTGACCGCTT,cell_86386,27
51091,CAGTCAGACCTACC,cell_86392,27
51098,CAGTGATGTGTGCA,cell_86405,27
51103,CAGTGTGATTGTGG,cell_86417,27
51104,CAGTTGGAGATACC,cell_86421,27
51127,CATACTTGGGAGGT,cell_86451,27
51129,CATACTTGTGCTCC,cell_86453,27
51134,CATATAGATATCTC,cell_86463,27
51135,CATATAGATTCGTT,cell_86464,27
51145,CATCATACTGTGCA,cell_86481,27
51153,CATCCCGATCAGGT,cell_86489,27
51161,CATCTTGAATCGAC,cell_86501,27
51169,CATGCGCTTCTGGA,cell_86516,27
51176,CATGGCCTAAAACG,cell_86526,27
51182,CATGTACTGTTGTG,cell_86534,27
51187,CATGTTTGCATTCT,cell_86540,27
51189,CATGTTTGCCTTGC,cell_86542,27
51213,CATTGTACCTACCC,cell_86572,27
51222,CCAACCTGTCCAAG,cell_86591,27
51230,CCAAGATGCAGGAG,cell_86600,27
51231,CCAAGATGCCCGTT,cell_86601,27
51232,CCAAGATGTCTATC,cell_86602,27
51233,CCAAGTGATGGAGG,cell_86605,27
51236,CCAATGGACTCGCT,cell_86609,27
51246,CCACCATGTTGAGC,cell_86626,27
51253,CCACGGGATCCTTA,cell_86636,27
51262,CCACTGTGGCTACA,cell_86647,27
51282,CCAGCACTCTTACT,cell_86670,27
51296,CCAGTCACTCGTGA,cell_86694,27
51319,CCATCCGAGTATGC,cell_86731,27
51328,CCATGCTGGGAACG,cell_86746,27
51331,CCCAAAGAGTTGAC,cell_86753,27
51340,CCCAACTGCATGCA,cell_86767,27
51357,CCCAGTTGTGCTGA,cell_86788,27
51373,CCCGATTGCCCAAA,cell_86812,27
51376,CCCGGAGATCTTCA,cell_86819,27
51406,CCGACTACAGCATC,cell_86860,27
51419,CCGGAGACGGCGAA,cell_86879,27
51426,CCGTAAGAGAGATA,cell_86890,27
51437,CCTACCGAGAGGGT,cell_86906,27
51439,CCTACCGATCTCCG,cell_86908,27
51440,CCTACCGATGCAAC,cell_86909,27
51457,CCTCGAACCACTAG,cell_86930,27
51464,CCTGAGCTGGACGA,cell_86938,27
51472,CCTGGACTTTTACC,cell_86951,27
51482,CGAAGACTCTAGCA,cell_86964,27
51500,CGACCTACCTCAAG,cell_86988,27
51506,CGACCTTGGACGGA,cell_86996,27
51507,CGACGTCTAGACTC,cell_86997,27
51533,CGAGCCGATTCCAT,cell_87038,27
51536,CGAGCGTGGGCATT,cell_87043,27
51546,CGAGGCTGAGCGGA,cell_87056,27
51547,CGAGGCTGGCGTAT,cell_87057,27
51552,CGATACGACTCCAC,cell_87067,27
51553,CGATACGATTAGGC,cell_87070,27
51555,CGATAGACGAGGGT,cell_87072,27
51572,CGCACGGAAAACGA,cell_87094,27
51573,CGCACGGATCGATG,cell_87097,27
51583,CGCAGGTGTGTAGC,cell_87113,27
51586,CGCATAGAGCGTAT,cell_87117,27
51647,CGGCACGATACGAC,cell_87206,27
51654,CGGCGAACCTAGAC,cell_87220,27
51678,CGTAACGATTCTGT,cell_87250,27
51688,CGTACCTGCCACCT,cell_87262,27
51690,CGTAGCCTATGTCG,cell_87266,27
51699,CGTGAAACAACCGT,cell_87285,27
51701,CGTGAAACAGCTCA,cell_87287,27
51718,CGTGTAGAAACGTC,cell_87312,27
51720,CGTGTAGAATTGGC,cell_87314,27
51723,CGTGTAGACCTCAC,cell_87319,27
51736,CTAAACCTCACACA,cell_87342,27
51748,CTAACTACGGACGA,cell_87359,27
51761,CTAATAGACCGCTT,cell_87378,27
51765,CTAATGCTCAGTCA,cell_87383,27
51766,CTAATGCTCGATAC,cell_87384,27
51774,CTACGCACACCAAC,cell_87398,27
51796,CTAGTTTGCTAGAC,cell_87435,27
51797,CTAGTTTGCTCCCA,cell_87436,27
51803,CTATAAGACAACCA,cell_87442,27
51808,CTATACTGGTTTCT,cell_87452,27
51810,CTATAGCTTGTTCT,cell_87455,27
51812,CTATCAACATCTTC,cell_87457,27
51818,CTATCATGGTAGCT,cell_87465,27
51835,CTCAATTGTGGCAT,cell_87492,27
51853,CTCCACGATAAGGA,cell_87515,27
51865,CTCCATCTTAGCCA,cell_87527,27
51880,CTCGAGCTCGCATA,cell_87549,27
51883,CTCGAGCTGGTGTT,cell_87552,27
51884,CTCGAGCTTCTCCG,cell_87553,27
51900,CTGAAGTGTTCACT,cell_87579,27
51931,CTGGCACTTGCATG,cell_87626,27
51938,CTGTGAGAAGAAGT,cell_87636,27
51941,CTGTGAGATCAAGC,cell_87639,27
51945,CTTAAAGATGCCTC,cell_87643,27
51954,CTTAAGCTGCGAGA,cell_87654,27
51972,CTTAGACTTTGTGG,cell_87676,27
51984,CTTCATGATATGGC,cell_87694,27
51986,CTTCATGATGGTAC,cell_87696,27
51990,CTTCTAGATACAGC,cell_87702,27
51993,CTTGAACTAACGGG,cell_87705,27
51997,CTTGAACTCCGCTT,cell_87709,27
52035,CTTTGATGACGCAT,cell_87755,27
52043,GAAACAGAAGCGGA,cell_87766,27
52054,GAAAGTGAACGTGT,cell_87783,27
52058,GAAAGTGATTCGTT,cell_87788,27
52061,GAAATACTATGGTC,cell_87792,27
52066,GAACACACTGGATC,cell_87800,27
52068,GAACAGCTGGGACA,cell_87803,27
52070,GAACCAACGACAAA,cell_87807,27
52083,GAACGTTGTTCGCC,cell_87824,27
52085,GAACTGTGCGACAT,cell_87827,27
52087,GAACTGTGGTTCGA,cell_87830,27
52090,GAAGAATGCAGCTA,cell_87834,27
52105,GAAGCTTGAGGAGC,cell_87856,27
52107,GAAGCTTGCAGTCA,cell_87858,27
52118,GAAGTCACACTCTT,cell_87873,27
52146,GACAACACATCGTG,cell_87911,27
52160,GACAGTACCAGTTG,cell_87930,27
52171,GACATTCTGAGATA,cell_87945,27
52183,GACCCTACGACAGG,cell_87960,27
52185,GACCCTACGTGAGG,cell_87962,27
52192,GACCTCTGCTAAGC,cell_87975,27
52211,GACGGCACTCCTCG,cell_88006,27
52218,GACGTCCTACCGAT,cell_88017,27
52220,GACGTCCTAGTGTC,cell_88019,27
52228,GACTCCTGCCATGA,cell_88032,27
52229,GACTCCTGCGAATC,cell_88033,27
52233,GACTGAACTTCACT,cell_88042,27
52242,GAGAAATGATGCTG,cell_88057,27
52249,GAGAGGTGGCGTTA,cell_88070,27
52250,GAGAGGTGTGTAGC,cell_88071,27
52261,GAGCAACTCTACTT,cell_88089,27
52263,GAGCAACTTCTCAT,cell_88093,27
52266,GAGCAGGACTTATC,cell_88096,27
52268,GAGCAGGATCAGAC,cell_88098,27
52270,GAGCAGGATTCCCG,cell_88101,27
52287,GAGGATCTGGACTT,cell_88132,27
52298,GAGGGATGCCAGTA,cell_88145,27
52311,GAGGTACTCGTACA,cell_88163,27
52319,GAGGTGGATGTTTC,cell_88173,27
52326,GAGTACACTCTACT,cell_88183,27
52329,GAGTACTGAATCGC,cell_88186,27
52341,GAGTGACTTGCCCT,cell_88201,27
52348,GAGTTGTGAGTCGT,cell_88214,27
52366,GATATAACCTGTAG,cell_88239,27
52381,GATCCCTGCTTACT,cell_88260,27
52387,GATCGATGTCTATC,cell_88268,27
52404,GATGACACGAGGGT,cell_88292,27
52416,GATTCTACAACGAA,cell_88309,27
52425,GATTGGACGTTGTG,cell_88321,27
52432,GATTTAGATCCCGT,cell_88333,27
52448,GCAATTCTCCTTAT,cell_88362,27
52453,GCACAAACGGTAAA,cell_88370,27
52475,GCACGGACCCTGTC,cell_88400,27
52478,GCACGGTGCTTGAG,cell_88405,27
52490,GCACTGCTGCTGAT,cell_88420,27
52503,GCAGCGTGTCAGGT,cell_88435,27
52519,GCAGTTGATTGGTG,cell_88459,27
52528,GCATGTGATACTGG,cell_88476,27
52538,GCCAAAACTTCGTT,cell_88486,27
52541,GCCAACCTACACCA,cell_88490,27
52543,GCCACGGACCCAAA,cell_88494,27
52562,GCCGAGTGGGTCAT,cell_88526,27
52574,GCCTGACTATGTGC,cell_88547,27
52579,GCGAAGGACTGACA,cell_88554,27
52633,GCTAGATGTCTTCA,cell_88634,27
52637,GCTCAAGAGAGGTG,cell_88638,27
52644,GCTCACTGTTCTAC,cell_88648,27
52652,GCTCCATGGACAGG,cell_88659,27
52673,GGAACTACCCTCGT,cell_88692,27
52675,GGAACTACCTGGAT,cell_88694,27
52676,GGAACTACGATAAG,cell_88695,27
52682,GGAACTTGCTGAGT,cell_88704,27
52688,GGAATCTGCTGCTC,cell_88717,27
52708,GGACCCGACCTGTC,cell_88743,27
52712,GGACCGTGACTACG,cell_88748,27
52731,GGAGCAGAGGAGCA,cell_88779,27
52748,GGAGTTTGCGATAC,cell_88804,27
52751,GGATACTGCCTTGC,cell_88809,27
52761,GGATGTTGAGTGTC,cell_88822,27
52781,GGCATATGCACCAA,cell_88852,27
52782,GGCATATGTGAAGA,cell_88853,27
52783,GGCCACGACTTACT,cell_88854,27
52785,GGCCACGATCTTTG,cell_88856,27
52798,GGCCGAACTGCCCT,cell_88872,27
52799,GGCCGAACTTATCC,cell_88873,27
52806,GGCGACACGGGTGA,cell_88882,27
52815,GGCGCATGAGCACT,cell_88896,27
52829,GGCTAATGTTTCGT,cell_88916,27
52833,GGCTCACTCTGTAG,cell_88923,27
52834,GGCTCACTCTTACT,cell_88924,27
52842,GGGACCACGTCATG,cell_88938,27
52844,GGGACCTGAGTACC,cell_88940,27
52847,GGGATGGACACTCC,cell_88945,27
52849,GGGATGGACCTACC,cell_88947,27
52856,GGGCAAGAGGATCT,cell_88959,27
52859,GGGCACACGACGGA,cell_88962,27
52862,GGGCACACTTAGGC,cell_88966,27
52875,GGGTTAACACTTTC,cell_88990,27
52878,GGGTTATGGCATCA,cell_88996,27
52884,GGTACAACTGAACC,cell_89006,27
52897,GGTATCGAAACGTC,cell_89024,27
52912,GGTGATACCTACGA,cell_89047,27
52921,GGTTTACTAAGAGT,cell_89058,27
52939,GTACAGTGAACGTC,cell_89088,27
52941,GTACAGTGGAGGTG,cell_89090,27
52946,GTACGAACCTGTGA,cell_89098,27
52958,GTACTTTGTGATGC,cell_89119,27
52961,GTAGACTGGCCAAT,cell_89124,27
52963,GTAGACTGTGTAGC,cell_89126,27
52965,GTAGCAACTGCACA,cell_89130,27
52997,GTATTAGATAGAAG,cell_89177,27
53003,GTCAACGAGTCTTT,cell_89183,27
53005,GTCAATCTATCGAC,cell_89186,27
53007,GTCAATCTCTCGAA,cell_89188,27
53029,GTCCACTGTGAGGG,cell_89214,27
53046,GTCTAACTCTCCAC,cell_89242,27
53068,GTGATGACCTCTCG,cell_89272,27
53069,GTGATGACGAGGGT,cell_89273,27
53086,GTGCCACTTAGCCA,cell_89295,27
53088,GTGCTAGAACGGGA,cell_89297,27
53090,GTGCTAGACCTGAA,cell_89299,27
53105,GTGTACGATGGTGT,cell_89321,27
53106,GTGTAGTGCACTCC,cell_89322,27
53129,GTTACTACCCGCTT,cell_89368,27
53133,GTTAGGTGTTACTC,cell_89372,27
53139,GTTATAGAGTGAGG,cell_89379,27
53141,GTTATCTGGGAGGT,cell_89386,27
53145,GTTCAACTAGCTAC,cell_89390,27
53166,GTTGGATGGAATAG,cell_89420,27
53168,GTTGGATGTGATGC,cell_89423,27
53191,TAACAATGCTGGAT,cell_89458,27
53211,TAACTCACGAGCTT,cell_89485,27
53214,TAACTCACGGCGAA,cell_89488,27
53221,TAAGAGGATCGCTC,cell_89499,27
53224,TAAGATTGATGCCA,cell_89502,27
53256,TACAAATGGGTCTA,cell_89551,27
53285,TACCGGCTGCTACA,cell_89592,27
53287,TACCGGCTGTCACA,cell_89594,27
53291,TACGAGACGTGTAC,cell_89601,27
53296,TACGAGTGGTACCA,cell_89606,27
53303,TACGCAGACGAGTT,cell_89615,27
53304,TACGCAGACTGGAT,cell_89616,27
53305,TACGCAGAGAGCTT,cell_89617,27
53331,TACTCAACGAGGGT,cell_89651,27
53332,TACTCAACGTCGAT,cell_89652,27
53334,TACTCCCTACGTTG,cell_89654,27
53337,TACTCTGATGGTAC,cell_89660,27
53350,TACTTTCTCTCATT,cell_89679,27
53351,TACTTTCTCTTGGA,cell_89680,27
53365,TAGAGAGACTGTTT,cell_89701,27
53381,TAGCCCACGGTCTA,cell_89724,27
53411,TAGGCTGATGCCAA,cell_89761,27
53437,TAGTAATGTTGTGG,cell_89797,27
53446,TAGTCGGACTCGCT,cell_89811,27
53447,TAGTCGGATCCCAC,cell_89814,27
53450,TAGTGGTGTACTGG,cell_89820,27
53463,TATAAGTGAAGCCT,cell_89838,27
53482,TATCAAGAAGCGGA,cell_89868,27
53485,TATCACTGGCGTAT,cell_89873,27
53503,TATCTTCTACAGTC,cell_89901,27
53505,TATCTTCTTTGAGC,cell_89904,27
53508,TATGAATGGGAGTG,cell_89908,27
53511,TATGCGGACATTTC,cell_89913,27
53515,TATGGGACGTTGTG,cell_89921,27
53527,TATTGCTGACCTGA,cell_89945,27
53538,TCAAGGACCATTTC,cell_89958,27
53539,TCAAGGACGAGGCA,cell_89960,27
53557,TCACAACTTTGTCT,cell_89988,27
53561,TCACCGTGAACGGG,cell_89994,27
53570,TCACCTCTTCCGAA,cell_90004,27
53577,TCACTATGCAGTCA,cell_90012,27
53597,TCAGCGCTTAAAGG,cell_90042,27
53612,TCAGTGGATCGACA,cell_90062,27
53621,TCATCCCTGGTTCA,cell_90078,27
53631,TCCACTCTACAGTC,cell_90096,27
53668,TCCGGACTACCTCC,cell_90152,27
53674,TCCGGACTGGTTAC,cell_90158,27
53677,TCCTAAACGTCGTA,cell_90161,27
53679,TCCTACCTACCTGA,cell_90166,27
53687,TCCTATGAGCTAAC,cell_90175,27
53693,TCGAATCTGCGTTA,cell_90182,27
53696,TCGACCTGTCAAGC,cell_90185,27
53713,TCGCAAGAGTCATG,cell_90210,27
53738,TCGGTAGATGCCAA,cell_90246,27
53744,TCGTGAGATCCTCG,cell_90252,27
53745,TCGTGAGATGTAGC,cell_90253,27
53756,TCTAAGCTCGAACT,cell_90267,27
53765,TCTAGTTGACAGCT,cell_90278,27
53771,TCTATGTGCGTAAC,cell_90284,27
53775,TCTCAAACTGCAAC,cell_90290,27
53801,TGAAATTGTCTAGG,cell_90327,27
53809,TGAATAACACTACG,cell_90346,27
53823,TGACCGCTTTTGTC,cell_90366,27
53859,TGAGGTACTTTCAC,cell_90413,27
53861,TGAGTCGACCCTAC,cell_90415,27
53866,TGAGTGACGGTTTG,cell_90422,27
53894,TGATTCTGTGCAAC,cell_90456,27
53906,TGCACGCTACGTTG,cell_90475,27
53926,TGCCGACTACCACA,cell_90503,27
53933,TGCGCACTCAACCA,cell_90516,27
53944,TGCTTAACCGAGTT,cell_90531,27
53945,TGCTTAACTTACCT,cell_90532,27
53962,TGGAAGCTGGGATG,cell_90556,27
53970,TGGACTGACCGCTT,cell_90567,27
53985,TGGATGTGTTTCTG,cell_90583,27
53992,TGGCAATGCGTACA,cell_90591,27
54000,TGGCACCTTGCATG,cell_90600,27
54005,TGGTACGACAGGAG,cell_90607,27
54010,TGGTAGACAGCTCA,cell_90612,27
54020,TGGTTACTATAAGG,cell_90626,27
54036,TGTACTTGCTTAGG,cell_90650,27
54039,TGTAGGTGACAGCT,cell_90655,27
54099,TTACACACCTCCCA,cell_90742,27
54110,TTACAGCTTCGTAG,cell_90756,27
54111,TTACCATGTCTACT,cell_90759,27
54138,TTATCCGAAACCGT,cell_90807,27
54140,TTATCCGAGCTTAG,cell_90810,27
54145,TTATGCACGATACC,cell_90816,27
54150,TTATTCCTAAACGA,cell_90825,27
54158,TTCAACACATCAGC,cell_90836,27
54161,TTCAACACTGTTCT,cell_90839,27
54172,TTCAGTTGTAGAGA,cell_90860,27
54182,TTCATGACGTACGT,cell_90873,27
54186,TTCATTCTGAATCC,cell_90879,27
54197,TTCCATGATTCCAT,cell_90895,27
54204,TTCGAGGAACAGTC,cell_90905,27
54208,TTCGATTGGGAAGC,cell_90909,27
54223,TTCTCAGATAAGCC,cell_90935,27
54236,TTGAATGATGCACA,cell_90958,27
54239,TTGAGGACCACTGA,cell_90966,27
54245,TTGAGGTGGGTATC,cell_90974,27
54257,TTGCTAACTGCTCC,cell_90993,27
54258,TTGCTATGCAACCA,cell_90994,27
54260,TTGCTATGGTAGGG,cell_90997,27
54278,TTGTACACCGCATA,cell_91027,27
54296,TTTCACGAGTCTAG,cell_91052,27
54298,TTTCAGTGGGTACT,cell_91057,27
54303,TTTCGAACGGTAGG,cell_91065,27
54314,TTTGCATGCTGATG,cell_91079,27
54318,AAACATTGCTAAGC,cell_91085,28
54321,AAACCGTGCTTGGA,cell_91089,28
54338,AAAGCCTGACCTGA,cell_91113,28
54342,AAAGTTTGTCTACT,cell_91117,28
54350,AAATCAACTGGTTG,cell_91125,28
54381,AACAGCACCTGGTA,cell_91176,28
54395,AACCGATGAGAATG,cell_91193,28
54407,AACGCCCTCTCTCG,cell_91210,28
54414,AACGTGTGTAGACC,cell_91222,28
54421,AACTGTCTTCCCAC,cell_91234,28
54430,AAGACAGAGAAAGT,cell_91257,28
54436,AAGAGATGTGGGAG,cell_91267,28
54445,AAGCCAACAAAGTG,cell_91280,28
54462,AAGGCTACTGATGC,cell_91301,28
54464,AAGGCTTGGTCGAT,cell_91303,28
54465,AAGGTCACCTCGCT,cell_91304,28
54467,AAGGTCTGTAACCG,cell_91309,28
54475,AAGTATACGGTCAT,cell_91321,28
54498,AATACTGATGAGGG,cell_91350,28
54504,AATCCGGAAAAGTG,cell_91360,28
54516,AATCTCACCTCTAT,cell_91375,28
54521,AATGATACATCTTC,cell_91381,28
54523,AATGATACTGACCA,cell_91383,28
54525,AATGGAGAACCGAT,cell_91390,28
54526,AATGGAGATAACCG,cell_91391,28
54539,AATGTTGATCAAGC,cell_91409,28
54540,AATTACGACCATAG,cell_91412,28
54562,ACAATTGACCTAAG,cell_91440,28
54576,ACACGTGAGGTGGA,cell_91460,28
54591,ACAGTTCTTCCGTC,cell_91480,28
54594,ACATCACTAACCGT,cell_91486,28
54605,ACCAACGAGCGATT,cell_91499,28
54614,ACCAGCCTAGGAGC,cell_91511,28
54623,ACCCAAGAAAGAGT,cell_91524,28
54633,ACCCGTACTATCTC,cell_91536,28
54650,ACCTATTGTTTCAC,cell_91561,28
54655,ACCTCGTGGGACGA,cell_91567,28
54656,ACCTCGTGTCAGAC,cell_91568,28
54657,ACCTGAGAATTGGC,cell_91569,28
54658,ACCTGAGACCCTCA,cell_91570,28
54680,ACGATGACGGTTTG,cell_91601,28
54695,ACGCTGCTAACGAA,cell_91627,28
54701,ACGGATTGTGACTG,cell_91636,28
54716,ACGGTATGCCGCTT,cell_91657,28
54719,ACGGTCCTATCACG,cell_91661,28
54720,ACGGTCCTTCAGGT,cell_91662,28
54742,ACGTTGGACTTCTA,cell_91692,28
54758,ACTCCCGACAAGCT,cell_91713,28
54778,ACTTAAGATCCTGC,cell_91747,28
54819,AGACCTGATCTGGA,cell_91807,28
54835,AGAGATGACGTGAT,cell_91830,28
54836,AGAGATGAGGTATC,cell_91831,28
54839,AGAGCTACCACTTT,cell_91834,28
54840,AGAGCTACTCGTTT,cell_91835,28
54841,AGAGCTACTTCACT,cell_91836,28
54842,AGAGGTCTGTTCTT,cell_91837,28
54848,AGAGTGCTTACGCA,cell_91843,28
54856,AGATCTCTGTCATG,cell_91851,28
54869,AGCACAACTTCCGC,cell_91867,28
54871,AGCACTGACTACCC,cell_91872,28
54872,AGCACTGAGGATCT,cell_91874,28
54884,AGCCGGTGTCTTTG,cell_91893,28
54895,AGCGAACTGGTATC,cell_91906,28
54922,AGCTGCCTTGCACA,cell_91936,28
54924,AGCTGTGACGTTGA,cell_91938,28
54925,AGCTTACTTGGGAG,cell_91939,28
54929,AGGAAATGAAAGCA,cell_91943,28
54936,AGGAGTCTCTGCAA,cell_91957,28
54948,AGGCAGGACGAGAG,cell_91975,28
54949,AGGCAGGATTCCCG,cell_91977,28
54955,AGGGACGACACTCC,cell_91987,28
54964,AGGGCGCTTTCGCC,cell_92001,28
54970,AGGGTTTGGGTAAA,cell_92008,28
54989,AGGTTGTGTTGCTT,cell_92036,28
55002,AGTACGTGTTACCT,cell_92052,28
55006,AGTAGAGATTCATC,cell_92056,28
55007,AGTAGGCTAGCTAC,cell_92057,28
55015,AGTCACGACTATGG,cell_92068,28
55018,AGTCCAGAGAAACA,cell_92072,28
55048,AGTGTTCTCTTCGC,cell_92116,28
55058,AGTTTAGAACTGGT,cell_92130,28
55059,AGTTTAGACCATGA,cell_92131,28
55078,ATAAGTACACTAGC,cell_92156,28
55080,ATAAGTTGCCCTAC,cell_92159,28
55087,ATAATGACCTTGGA,cell_92167,28
55088,ATACAATGAGTCAC,cell_92168,28
55093,ATACCGGACACTAG,cell_92174,28
55098,ATACTCTGGTAGGG,cell_92188,28
55101,ATAGAACTTTCGCC,cell_92191,28
55135,ATATGAACGCATCA,cell_92237,28
55136,ATATGCCTGGGCAA,cell_92238,28
55140,ATCAAATGCGCAAT,cell_92245,28
55153,ATCACTACCTGATG,cell_92267,28
55162,ATCATCTGGTCGAT,cell_92278,28
55180,ATCGCCTGACACGT,cell_92304,28
55183,ATCGCCTGGGTAAA,cell_92307,28
55191,ATCTCAACACCTTT,cell_92323,28
55197,ATCTGGGAGGGACA,cell_92330,28
55203,ATCTTTCTGTTCAG,cell_92340,28
55223,ATGCAGTGATTGGC,cell_92366,28
55240,ATGCTTTGCTTGTT,cell_92387,28
55252,ATGTAAACCTCCCA,cell_92405,28
55259,ATGTCACTAGCTCA,cell_92413,28
55268,ATGTTCACTGACTG,cell_92424,28
55270,ATTAACGAGAGGCA,cell_92428,28
55283,ATTCAGCTCTACTT,cell_92446,28
55288,ATTCGACTAGCGTT,cell_92453,28
55293,ATTCTTCTACCGAT,cell_92458,28
55312,ATTGTCTGACCAAC,cell_92487,28
55321,ATTTGCACACTGGT,cell_92499,28
55331,CAACCAGACATCAG,cell_92518,28
55368,CAATAATGATCGGT,cell_92560,28
55374,CAATCGGAGACAAA,cell_92568,28
55380,CAATGGACTGTGAC,cell_92576,28
55381,CAATTCACCTCTTA,cell_92577,28
55398,CACAGTGAAGTAGA,cell_92602,28
55403,CACATACTATCGTG,cell_92608,28
55414,CACCGTACCACAAC,cell_92622,28
55419,CACCGTTGGTTGGT,cell_92627,28
55429,CACGATGAGAGGAC,cell_92641,28
55432,CACGCTACGTTGTG,cell_92646,28
55434,CACGGGACTCAGGT,cell_92650,28
55439,CACTATACCGAGTT,cell_92659,28
55462,CAGATGACACGTAC,cell_92694,28
55463,CAGATGACCTGTTT,cell_92696,28
55467,CAGCATGACAGGAG,cell_92702,28
55473,CAGCCTTGTAGAAG,cell_92709,28
55486,CAGGAACTGGTACT,cell_92724,28
55488,CAGGCCGACTCAGA,cell_92728,28
55496,CAGGTTGAATGTGC,cell_92738,28
55511,CAGTTTACTTACCT,cell_92756,28
55513,CATAAATGTGCTAG,cell_92758,28
55516,CATACTACTCAGAC,cell_92764,28
55528,CATATAGACACAAC,cell_92780,28
55542,CATCGCTGTATCTC,cell_92800,28
55552,CATGCCACTTTGGG,cell_92813,28
55556,CATGGATGTCGATG,cell_92820,28
55561,CATGTTTGCTGTAG,cell_92827,28
55568,CATTACACTATTCC,cell_92835,28
55572,CATTCCCTATGTGC,cell_92839,28
55582,CATTGTACCGTACA,cell_92851,28
55589,CATTTCGACCCTAC,cell_92858,28
55603,CCAAGATGGGAAGC,cell_92876,28
55611,CCACCATGAGCACT,cell_92885,28
55616,CCACCATGGTATGC,cell_92890,28
55621,CCACCTGATTCTTG,cell_92895,28
55641,CCAGGTCTAGATCC,cell_92922,28
55648,CCAGTGCTTTCATC,cell_92931,28
55652,CCATCCGAGTGTTG,cell_92940,28
55660,CCCAACTGAACGGG,cell_92949,28
55661,CCCAACTGTTGGCA,cell_92950,28
55668,CCCAGTTGCCTTCG,cell_92960,28
55680,CCCTACGATCTAGG,cell_92979,28
55683,CCCTAGTGGAAAGT,cell_92982,28
55688,CCCTCAGATGCCTC,cell_92987,28
55729,CCTATAACGGAAGC,cell_93041,28
55730,CCTATAACTGTAGC,cell_93043,28
55733,CCTATTGAGGAACG,cell_93047,28
55739,CCTCGAACTGAGGG,cell_93053,28
55751,CCTGCAACTGGCAT,cell_93068,28
55768,CGACCACTCCCTTG,cell_93093,28
55784,CGAGAACTCCAGTA,cell_93114,28
55790,CGAGCCGACGATAC,cell_93120,28
55799,CGAGGAGACTAGTG,cell_93130,28
55803,CGAGGCTGATCGAC,cell_93135,28
55807,CGAGTATGACCATG,cell_93141,28
55808,CGAGTATGAGCACT,cell_93142,28
55817,CGATCCACGAGGCA,cell_93154,28
55819,CGCAAATGCGATAC,cell_93157,28
55838,CGCCGAGATCCCAC,cell_93182,28
55839,CGCCTAACGCTTCC,cell_93184,28
55840,CGCCTAACTTCCCG,cell_93185,28
55844,CGCTACTGACCAAC,cell_93194,28
55902,CGTCCAACTCCGTC,cell_93267,28
55913,CGTGCACTCTTATC,cell_93284,28
55915,CGTGCACTTGACCA,cell_93286,28
55920,CGTGTAGACCCACT,cell_93291,28
55927,CGTTTAACCCTGTC,cell_93304,28
55928,CTAAACCTGAATGA,cell_93305,28
55937,CTAACTACCGCAAT,cell_93318,28
55941,CTAAGGTGACACGT,cell_93322,28
55965,CTAGAGACGGTCAT,cell_93352,28
55983,CTATAGCTATCGGT,cell_93373,28
55991,CTATCCCTGTGTTG,cell_93382,28
55998,CTATTGACGCGTAT,cell_93390,28
56024,CTCGAAGACTGAAC,cell_93430,28
56026,CTCGAAGAGTTTCT,cell_93432,28
56030,CTCGACACGGGACA,cell_93436,28
56037,CTCGAGCTGAATAG,cell_93445,28
56047,CTGAAGTGAGCATC,cell_93457,28
56050,CTGAAGTGGTCTAG,cell_93460,28
56051,CTGAAGTGTTCACT,cell_93461,28
56056,CTGAATCTTGGTCA,cell_93466,28
56060,CTGAGAACAGCAAA,cell_93472,28
56061,CTGATACTACCATG,cell_93474,28
56068,CTGCAGCTAAGCAA,cell_93481,28
56084,CTGGATGAGTCGAT,cell_93501,28
56086,CTGGATGATGTCCC,cell_93503,28
56093,CTGTGAGACCGCTT,cell_93512,28
56095,CTTAAAGAGTGCAT,cell_93516,28
56106,CTTCATGAACACGT,cell_93535,28
56108,CTTCATGAGCGTTA,cell_93538,28
56121,CTTTACGATCCAAG,cell_93554,28
56130,CTTTCAGATGTCGA,cell_93565,28
56135,GAAACAGAGTCGAT,cell_93573,28
56150,GAACAGCTGAGGTG,cell_93594,28
56157,GAACTGTGGAGGCA,cell_93603,28
56158,GAACTGTGGGTGTT,cell_93605,28
56188,GAATTAACGCCATA,cell_93646,28
56201,GACAGTACACCCAA,cell_93660,28
56211,GACCCTACGACAGG,cell_93672,28
56212,GACCCTACGCCAAT,cell_93673,28
56222,GACCTCTGCGTTGA,cell_93683,28
56223,GACGAACTGCCAAT,cell_93684,28
56234,GACGTAACAACAGA,cell_93699,28
56238,GACGTCCTGGACAG,cell_93705,28
56247,GACTGATGGCTGTA,cell_93717,28
56249,GACTGATGTCCAGA,cell_93722,28
56271,GAGCGAGATTTCGT,cell_93748,28
56275,GAGCGCTGAATCGC,cell_93754,28
56282,GAGGATCTAAACGA,cell_93763,28
56297,GAGGGTGAGTATCG,cell_93781,28
56313,GAGTACTGAAGATG,cell_93800,28
56317,GAGTCTGAGTCACA,cell_93806,28
56319,GAGTGACTAACGGG,cell_93808,28
56330,GAGTTGTGTATCGG,cell_93823,28
56335,GATACTCTTTTACC,cell_93831,28
56339,GATAGCACCCTAAG,cell_93835,28
56364,GATCTACTACCTCC,cell_93868,28
56368,GATCTTACCCACCT,cell_93874,28
56388,GATTCTACAACGAA,cell_93899,28
56397,GATTCTTGTTCGTT,cell_93913,28
56404,GATTTAGAATCAGC,cell_93924,28
56407,GATTTAGATCCCGT,cell_93928,28
56426,GCACAATGTTCTAC,cell_93951,28
56429,GCACACCTCGTGTA,cell_93954,28
56440,GCACCTTGCCATGA,cell_93966,28
56445,GCACGTCTAAGAAC,cell_93973,28
56454,GCACTGCTTTGTCT,cell_93984,28
56478,GCCAACCTTCGCTC,cell_94019,28
56488,GCCATGCTTGTCAG,cell_94030,28
56527,GCGCACGAAACGAA,cell_94085,28
56530,GCGCGAACCCATAG,cell_94089,28
56532,GCGCGAACTTCGGA,cell_94091,28
56544,GCGTAATGACCCTC,cell_94108,28
56545,GCGTACCTCCTGTC,cell_94111,28
56551,GCGTATGATGGAGG,cell_94117,28
56575,GCTCACTGTTCTAC,cell_94145,28
56591,GCTTGAGAGAGCTT,cell_94163,28
56609,GGAATGCTTGGTAC,cell_94185,28
56618,GGACCCGAGGTTAC,cell_94196,28
56620,GGACCGTGGGTAGG,cell_94201,28
56627,GGACGCTGCCCTAC,cell_94210,28
56629,GGACTATGGTGAGG,cell_94214,28
56637,GGAGCCACGTACGT,cell_94224,28
56658,GGATGTTGGTATCG,cell_94256,28
56678,GGCCGAACGTACGT,cell_94282,28
56683,GGCCGATGGCATAC,cell_94288,28
56707,GGGAACGAGCAGTT,cell_94320,28
56712,GGGAAGTGGCATCA,cell_94326,28
56725,GGGCACACTAGTCG,cell_94344,28
56728,GGGCAGCTGTATGC,cell_94347,28
56745,GGTAGTACAAAGTG,cell_94372,28
56752,GGTATGACTAGTCG,cell_94381,28
56753,GGTATGACTGGTTG,cell_94382,28
56761,GGTTTACTCCGTTC,cell_94392,28
56765,GTAAGCTGACAGCT,cell_94397,28
56768,GTAATAACCGCATA,cell_94401,28
56808,GTATCTACACGGTT,cell_94450,28
56816,GTATTCACCGCCTT,cell_94461,28
56821,GTCAACGATGAAGA,cell_94467,28
56830,GTCCAAGAACAGTC,cell_94479,28
56844,GTCCCATGACCCAA,cell_94496,28
56855,GTCGCACTTACTCT,cell_94510,28
56863,GTGAACACAGAGAT,cell_94521,28
56881,GTGATTCTGGGAGT,cell_94544,28
56887,GTGCCACTTACGAC,cell_94551,28
56903,GTGTAGTGTACGAC,cell_94572,28
56911,GTGTGATGCTACTT,cell_94582,28
56913,GTTAAAACTGGCAT,cell_94585,28
56917,GTTAACCTTTGGTG,cell_94591,28
56924,GTTAGGTGGTACGT,cell_94600,28
56939,GTTCATACAGAGAT,cell_94621,28
56941,GTTCATACGGAGGT,cell_94623,28
56948,GTTGAGTGAGGTTC,cell_94630,28
56979,TAACATGATACTCT,cell_94672,28
56981,TAACATGATCTAGG,cell_94674,28
56988,TAACTCACTGCGTA,cell_94684,28
56990,TAAGAACTTGACCA,cell_94686,28
57011,TAATGATGATTCTC,cell_94714,28
57025,TACATAGACTAGTG,cell_94731,28
57026,TACCATTGCCGAAT,cell_94732,28
57027,TACCATTGTTGCTT,cell_94733,28
57038,TACGCCACAGATCC,cell_94746,28
57050,TACGGAACGTTCGA,cell_94760,28
57058,TACTAAGAGGCGAA,cell_94772,28
57067,TACTGGGACCTAAG,cell_94790,28
57072,TACTGTTGGGCATT,cell_94796,28
57073,TACTGTTGTGGTTG,cell_94798,28
57094,TAGATCCTTTCGTT,cell_94826,28
57095,TAGCATCTACCTAG,cell_94830,28
57111,TAGGACTGCTTCCG,cell_94850,28
57115,TAGGCAACTCGCTC,cell_94857,28
57120,TAGGCTGAGGTCTA,cell_94867,28
57136,TAGGTGTGTGGAAA,cell_94883,28
57140,TAGGTTCTTCCTTA,cell_94888,28
57144,TAGTAATGTTGTGG,cell_94896,28
57151,TAGTCACTCTCGAA,cell_94905,28
57161,TAGTTAGACTTTAC,cell_94917,28
57162,TAGTTAGAGTGTTG,cell_94918,28
57163,TAGTTCACAGTGTC,cell_94919,28
57168,TATAAGACAGGGTG,cell_94928,28
57178,TATAGCCTAGTCAC,cell_94941,28
57186,TATCACTGTTGACG,cell_94954,28
57198,TATCTTCTAAGGGC,cell_94974,28
57227,TCAAGTCTCCGATA,cell_95015,28
57246,TCAGACGAAAGGCG,cell_95044,28
57249,TCAGAGACTAAAGG,cell_95049,28
57258,TCAGGATGCATTCT,cell_95060,28
57265,TCAGTACTCGCAAT,cell_95068,28
57267,TCAGTGGACTTGAG,cell_95074,28
57303,TCCCGATGTCTTCA,cell_95122,28
57330,TCGAGCCTGGTACT,cell_95158,28
57336,TCGATTTGGCGATT,cell_95165,28
57354,TCGTAGGACCAGTA,cell_95186,28
57357,TCGTGAGACAATCG,cell_95189,28
57364,TCTACAACATGTGC,cell_95199,28
57377,TCTAGTTGACGTGT,cell_95213,28
57379,TCTAGTTGTAACCG,cell_95215,28
57383,TCTATGTGTCCCGT,cell_95222,28
57393,TCTCTAGATAGCCA,cell_95235,28
57398,TCTTACGAACTCTT,cell_95241,28
57420,TGAATAACTGCTCC,cell_95268,28
57436,TGACTGGACGTTAG,cell_95288,28
57444,TGAGCTGAAATCGC,cell_95299,28
57448,TGAGGTACGTAAGA,cell_95305,28
57467,TGATTCACAGTAGA,cell_95332,28
57475,TGCAATCTATGCCA,cell_95346,28
57480,TGCACGCTGCCAAT,cell_95352,28
57483,TGCATGGACTCCCA,cell_95356,28
57487,TGCCAAGATCTACT,cell_95362,28
57499,TGCCGACTTGACCA,cell_95377,28
57505,TGCGCACTGAGACG,cell_95383,28
57517,TGCTTAACATGTGC,cell_95399,28
57525,TGGAAGCTCTCATT,cell_95407,28
57544,TGGATTCTTACGAC,cell_95429,28
57553,TGGTAGTGGAGCTT,cell_95443,28
57573,TGTAATGATTGTGG,cell_95467,28
57591,TGTGAGTGTGCATG,cell_95489,28
57597,TGTTACACAAACAG,cell_95497,28
57604,TTACAGCTTAGCGT,cell_95505,28
57622,TTAGACCTGTGTCA,cell_95529,28
57631,TTAGGGTGTCTAGG,cell_95540,28
57638,TTATCCGAAACCGT,cell_95552,28
57647,TTATGGCTCCTCAC,cell_95562,28
57654,TTCAACACAGATCC,cell_95574,28
57655,TTCAACACATCAGC,cell_95575,28
57671,TTCACCCTTGCACA,cell_95592,28
57693,TTCCCACTCTGAAC,cell_95616,28
57700,TTCGATTGGACACT,cell_95626,28
57708,TTCTCAGAAAAAGC,cell_95634,28
57711,TTCTCAGATGATGC,cell_95637,28
57731,TTGGAGACATTCCT,cell_95668,28
57738,TTGGGAACGCATAC,cell_95677,28
57760,TTTCAGTGCGTAGT,cell_95707,28
57781,AAACATTGCTAAGC,cell_95735,29
57786,AAACCGTGCTTTAC,cell_95741,29
57791,AAACGCTGGGAAAT,cell_95746,29
57794,AAACGGCTAAGCCT,cell_95750,29
57795,AAACGGCTAAGGGC,cell_95751,29
57797,AAACGGCTCTAGAC,cell_95754,29
57806,AAAGAGACCCCTAC,cell_95763,29
57811,AAAGATCTGCTGAT,cell_95769,29
57812,AAAGATCTTCGCAA,cell_95770,29
57815,AAAGCAGATACGCA,cell_95774,29
57816,AAAGCAGATTCGGA,cell_95775,29
57836,AAATCAACTCGCTC,cell_95801,29
57840,AAATCATGTGGTAC,cell_95805,29
57856,AAATTCGAAGGCGA,cell_95822,29
57863,AAATTGACACCTCC,cell_95830,29
57871,AACAAACTTGTTCT,cell_95840,29
57895,AACATATGTAACCG,cell_95867,29
57901,AACATTGACACTAG,cell_95873,29
57909,AACCACGATTGCTT,cell_95881,29
57923,AACCGCCTATGGTC,cell_95897,29
57942,AACGCATGTCTTAC,cell_95920,29
57948,AACGCCCTTGCCCT,cell_95927,29
57953,AACGGTTGTATCGG,cell_95932,29
57963,AACGTGTGAGATGA,cell_95943,29
57966,AACGTGTGTATCGG,cell_95946,29
57970,AACTACCTGGCATT,cell_95953,29
57975,AACTCGGAATTTCC,cell_95960,29
58014,AAGCAAGACTGTCC,cell_96008,29
58022,AAGCCAACTGTGAC,cell_96020,29
58031,AAGCGACTAGTCTG,cell_96033,29
58048,AAGGCTACTTCGTT,cell_96053,29
58053,AAGGTCACCACTAG,cell_96058,29
58109,AATAGGGATTGCGA,cell_96130,29
58116,AATCCGGAGCGTAT,cell_96138,29
58121,AATCCTACCTCTTA,cell_96144,29
58138,AATCTCACGTGCAT,cell_96166,29
58141,AATCTCTGTCCTTA,cell_96172,29
58150,AATGATACTGACCA,cell_96182,29
58151,AATGATACTTCCGC,cell_96183,29
58152,AATGATACTTGCTT,cell_96184,29
58153,AATGCGTGAACCTG,cell_96185,29
58163,AATGGCTGGCTAAC,cell_96198,29
58179,AATGTCCTTTCATC,cell_96219,29
58189,AATTGATGATCGAC,cell_96231,29
58193,AATTGTGACATTTC,cell_96237,29
58213,ACAAGAGAGATAAG,cell_96260,29
58214,ACAAGCACATGCCA,cell_96264,29
58215,ACAAGCACTATCGG,cell_96265,29
58230,ACACAGACCTTATC,cell_96283,29
58239,ACACCCTGACTGTG,cell_96293,29
58248,ACACGATGTGTTTC,cell_96304,29
58268,ACAGTGACTCTCGC,cell_96325,29
58279,ACAGTTCTTCCGTC,cell_96337,29
58288,ACATGGTGCTGTCC,cell_96346,29
58291,ACATGGTGTGACCA,cell_96349,29
58300,ACCAACGATCAAGC,cell_96358,29
58302,ACCACAGAGGATCT,cell_96361,29
58305,ACCACAGATTTACC,cell_96364,29
58309,ACCACCTGTCGACA,cell_96371,29
58344,ACCCGTACATCTCT,cell_96411,29
58348,ACCCGTTGCGCATA,cell_96415,29
58371,ACCTCGTGGCGTTA,cell_96444,29
58373,ACCTCGTGTCGTTT,cell_96446,29
58376,ACCTGAGACGCAAT,cell_96450,29
58378,ACCTGAGATTCATC,cell_96453,29
58400,ACGACCCTATGCTG,cell_96482,29
58405,ACGACCCTTGTCCC,cell_96487,29
58415,ACGATCGAAACCAC,cell_96499,29
58417,ACGATCGAAGTGTC,cell_96501,29
58420,ACGATCGAGGAGGT,cell_96505,29
58429,ACGATTCTGGGCAA,cell_96514,29
58437,ACGCCGGACCTTCG,cell_96524,29
58442,ACGCCGGAGTACGT,cell_96529,29
58450,ACGCCTTGTCACCC,cell_96538,29
58474,ACGGCGTGTTGGCA,cell_96565,29
58479,ACGGGAGAGTCTAG,cell_96573,29
58485,ACGGTATGCCGCTT,cell_96581,29
58509,ACGTGCCTCGGAGA,cell_96616,29
58510,ACGTGCCTGGGCAA,cell_96617,29
58513,ACGTTACTGACGTT,cell_96620,29
58524,ACTACGGAAACAGA,cell_96633,29
58535,ACTAGGTGTTCATC,cell_96645,29
58541,ACTCAGGAAAGCAA,cell_96652,29
58551,ACTCGAGAACCGAT,cell_96665,29
58558,ACTCGAGATCTCTA,cell_96672,29
58559,ACTCGAGATTCATC,cell_96673,29
58567,ACTCTATGCCACAA,cell_96681,29
58575,ACTCTCCTAGGAGC,cell_96689,29
58589,ACTGTGGACCCACT,cell_96708,29
58590,ACTGTGGACCGTAA,cell_96709,29
58597,ACTGTTACTGCTAG,cell_96716,29
58639,AGAATGGAAATCGC,cell_96773,29
58645,AGAATGGAGTTACG,cell_96779,29
58653,AGACACTGCCTTTA,cell_96787,29
58659,AGACCTGAGTGTAC,cell_96797,29
58668,AGACTCGAAAGTAG,cell_96810,29
58678,AGACTTCTCTGTAG,cell_96822,29
58685,AGAGAATGCGTTAG,cell_96831,29
58686,AGAGAATGCTCAAG,cell_96832,29
58688,AGAGAATGCTTGAG,cell_96834,29
58694,AGAGATGAGACGAG,cell_96843,29
58700,AGAGCGGAATTGGC,cell_96849,29
58704,AGAGCTACGGAAAT,cell_96855,29
58706,AGAGCTACTTCACT,cell_96857,29
58711,AGAGGTCTGAACCT,cell_96863,29
58721,AGAGTCACTCAGTG,cell_96875,29
58725,AGAGTCTGATCTTC,cell_96880,29
58727,AGAGTCTGGCTAAC,cell_96882,29
58732,AGATATTGCTCTAT,cell_96892,29
58744,AGATCTCTCGTTAG,cell_96906,29
58748,AGATTCCTACTCTT,cell_96910,29
58776,AGCACTGAGAAACA,cell_96944,29
58788,AGCATTCTACTAGC,cell_96957,29
58796,AGCCAATGTAGAGA,cell_96969,29
58800,AGCCGGACAGAATG,cell_96974,29
58821,AGCGAACTTGATGC,cell_96999,29
58841,AGCGCTCTTAACCG,cell_97021,29
58851,AGCGGGCTTCTCCG,cell_97035,29
58854,AGCTCGCTCCCTAC,cell_97040,29
58864,AGCTTACTCCGTTC,cell_97052,29
58868,AGCTTTACAGGGTG,cell_97057,29
58869,AGCTTTACATCGAC,cell_97058,29
58872,AGGAAATGGCATCA,cell_97063,29
58877,AGGAACCTTGCATG,cell_97068,29
58882,AGGACACTCTCGAA,cell_97074,29
58889,AGGAGTCTCCTAAG,cell_97085,29
58898,AGGATGCTGGGTGA,cell_97098,29
58901,AGGCAACTTTACCT,cell_97101,29
58913,AGGCTAACAAGGTA,cell_97119,29
58915,AGGCTAACTCGCTC,cell_97121,29
58919,AGGGACGACACTCC,cell_97125,29
58920,AGGGACGACGACTA,cell_97126,29
58926,AGGGCGCTCATTTC,cell_97136,29
58928,AGGGCGCTTGAGCT,cell_97138,29
58951,AGGTACTGTGGGAG,cell_97165,29
58978,AGGTTCGATTCAGG,cell_97194,29
58986,AGGTTGTGTTGCTT,cell_97202,29
58996,AGTAATTGCGCAAT,cell_97214,29
59030,AGTCCAGAACCTAG,cell_97258,29
59045,AGTGACACCCCACT,cell_97275,29
59063,AGTTAAACTCTCGC,cell_97299,29
59066,AGTTCTACCATCAG,cell_97305,29
59069,AGTTCTACTACTTC,cell_97308,29
59092,ATAAACACCAACCA,cell_97336,29
59096,ATAACAACGAGGCA,cell_97341,29
59103,ATAACCCTCAAGCT,cell_97352,29
59127,ATACAATGAAGTAG,cell_97382,29
59128,ATACAATGGAGATA,cell_97384,29
59130,ATACACCTCCTTAT,cell_97388,29
59133,ATACACCTCTAGAC,cell_97391,29
59140,ATACCGGAGTACAC,cell_97398,29
59141,ATACCTACCCTATT,cell_97400,29
59146,ATACCTTGTTCAGG,cell_97405,29
59163,ATAGATTGCACTGA,cell_97424,29
59172,ATAGCGTGCAGGAG,cell_97434,29
59190,ATAGTCCTCTAAGC,cell_97458,29
59202,ATATAGTGGCTATG,cell_97474,29
59214,ATCAAATGAAGAGT,cell_97486,29
59221,ATCAACCTGGTAGG,cell_97494,29
59230,ATCACTTGCTTGCC,cell_97509,29
59231,ATCACTTGGACGAG,cell_97510,29
59240,ATCATCTGGTCGAT,cell_97521,29
59242,ATCATGCTAGATGA,cell_97523,29
59262,ATCCATACTGCTGA,cell_97544,29
59284,ATCGCCTGAGCAAA,cell_97575,29
59292,ATCGCGCTGTTCTT,cell_97583,29
59293,ATCGCGCTTCTATC,cell_97584,29
59315,ATCTGACTGATAAG,cell_97614,29
59340,ATGAAGGACTGAAC,cell_97645,29
59349,ATGACGTGTTTACC,cell_97654,29
59350,ATGAGAGAGACGAG,cell_97655,29
59359,ATGATAACGCAAGG,cell_97667,29
59362,ATGCACGACTTGCC,cell_97671,29
59369,ATGCAGTGATTGGC,cell_97679,29
59372,ATGCAGTGCGTGTA,cell_97683,29
59373,ATGCAGTGGGATTC,cell_97684,29
59380,ATGCGATGCGCCTT,cell_97695,29
59392,ATGGGTACGAGGTG,cell_97711,29
59441,ATTAGTGACGTTGA,cell_97768,29
59448,ATTCAGCTGTACGT,cell_97778,29
59466,ATTCTGACCATTCT,cell_97798,29
59471,ATTCTGACGCGGAA,cell_97803,29
59472,ATTCTGACTCCCAC,cell_97805,29
59473,ATTCTGACTGCCTC,cell_97806,29
59493,ATTGCTTGGTAAAG,cell_97834,29
59523,ATTTCTCTAAGTGA,cell_97873,29
59527,CAAACTCTAAGAGT,cell_97878,29
59548,CAACCAGACTCAGA,cell_97903,29
59556,CAACCGCTGTTCGA,cell_97915,29
59573,CAAGAAGACTCTCG,cell_97936,29
59575,CAAGAAGATGACTG,cell_97939,29
59577,CAAGACACGCTACA,cell_97941,29
59580,CAAGACACTCCTAT,cell_97944,29
59583,CAAGACTGCGTACA,cell_97947,29
59585,CAAGACTGTGCTGA,cell_97951,29
59600,CAAGGACTGCATAC,cell_97970,29
59634,CAATGGACGGTTAC,cell_98010,29
59640,CAATTCTGCCCAAA,cell_98016,29
59642,CAATTCTGGCATAC,cell_98018,29
59644,CAATTCTGTAAGGA,cell_98020,29
59650,CACAACGAGTCGAT,cell_98026,29
59657,CACACCTGTGCAGT,cell_98034,29
59664,CACAGATGCTGATG,cell_98042,29
59676,CACAGTGATCGCTC,cell_98056,29
59682,CACATGGAGCCATA,cell_98063,29
59697,CACCGGGATCCTAT,cell_98079,29
59700,CACCGTACGGAACG,cell_98085,29
59731,CACTAACTCCTTTA,cell_98131,29
59732,CACTAACTCTTCGC,cell_98132,29
59736,CACTAGGAGCTGTA,cell_98137,29
59741,CACTATACCGCTAA,cell_98143,29
59748,CACTCTCTCTGTTT,cell_98151,29
59762,CACTTATGTGTGGT,cell_98170,29
59767,CACTTTGATCTCTA,cell_98176,29
59772,CAGAAGCTCTGAAC,cell_98182,29
59777,CAGACAACCAGGAG,cell_98188,29
59783,CAGACATGGCTAAC,cell_98194,29
59789,CAGAGGGAGGACGA,cell_98201,29
59791,CAGAGGGAGTGAGG,cell_98203,29
59813,CAGCACCTTTCTCA,cell_98231,29
59816,CAGCATGACTTAGG,cell_98234,29
59821,CAGCCTACGGCAAG,cell_98240,29
59830,CAGCCTTGTGTCCC,cell_98250,29
59836,CAGCGGACTTTCAC,cell_98256,29
59854,CAGCTCACTGAGGG,cell_98275,29
59858,CAGGAACTAGCAAA,cell_98280,29
59867,CAGGGCACCCTTAT,cell_98291,29
59870,CAGGTAACCTATGG,cell_98294,29
59877,CAGGTTGAATGTGC,cell_98304,29
59890,CAGTGATGTGAAGA,cell_98320,29
59893,CAGTGTGATGCACA,cell_98324,29
59894,CAGTGTGATTGTGG,cell_98325,29
59896,CAGTTACTGGTTCA,cell_98328,29
59913,CATAAATGTCACCC,cell_98352,29
59924,CATACTTGGGAGGT,cell_98365,29
59926,CATAGTCTAAAACG,cell_98367,29
59944,CATCATACTCCCGT,cell_98390,29
59945,CATCATACTGTGCA,cell_98391,29
59957,CATCTCCTTTGTCT,cell_98407,29
59959,CATCTTGACGACTA,cell_98410,29
59966,CATGAGACTTGCTT,cell_98417,29
59974,CATGGATGTAAGGA,cell_98426,29
59984,CATGGCCTTGTCGA,cell_98437,29
59986,CATGTACTGCGTAT,cell_98440,29
60004,CATTACACACACGT,cell_98459,29
60008,CATTAGCTAAGATG,cell_98463,29
60026,CATTGTTGAAGTAG,cell_98485,29
60041,CCAACCTGTTCGGA,cell_98507,29
60058,CCACCATGCCTGTC,cell_98528,29
60067,CCACGGGAAAAAGC,cell_98538,29
60088,CCAGAAACGAGATA,cell_98562,29
60102,CCAGATGACAAGCT,cell_98578,29
60114,CCAGCGGATTCACT,cell_98593,29
60129,CCAGTGCTGGACAG,cell_98615,29
60169,CCCAACTGTGCCAA,cell_98664,29
60183,CCCAGTTGTACGCA,cell_98681,29
60192,CCCATGTGCGTGAT,cell_98692,29
60194,CCCATGTGTGAGAA,cell_98694,29
60195,CCCATGTGTGGGAG,cell_98695,29
60197,CCCGAACTCAGAGG,cell_98698,29
60205,CCCGGAGAGCTCCT,cell_98706,29
60212,CCCTAGTGGCGAGA,cell_98714,29
60254,CCGATAGAGCTGAT,cell_98762,29
60263,CCGCTATGGTAAAG,cell_98772,29
60265,CCGCTATGTTCACT,cell_98775,29
60288,CCTAAACTTACGAC,cell_98803,29
60294,CCTACCGAGACGAG,cell_98811,29
60295,CCTACCGAGAGGGT,cell_98812,29
60299,CCTAGAGAAGGTTC,cell_98817,29
60304,CCTAGAGATTTGCT,cell_98822,29
60309,CCTATTGACGATAC,cell_98830,29
60312,CCTATTGAGGAACG,cell_98833,29
60315,CCTCATCTTTCTTG,cell_98838,29
60352,CGAAGACTCGAGAG,cell_98884,29
60353,CGAAGACTCTAGCA,cell_98885,29
60356,CGAAGGGAGTACAC,cell_98889,29
60357,CGAAGGGAGTCTGA,cell_98890,29
60365,CGACAAACAACAGA,cell_98901,29
60380,CGACCTTGCTGCAA,cell_98918,29
60384,CGACCTTGTACGAC,cell_98922,29
60385,CGACCTTGTGCAGT,cell_98923,29
60388,CGACGTCTGTAAGA,cell_98926,29
60391,CGACTCACAAGCCT,cell_98930,29
60392,CGACTCACACGTTG,cell_98931,29
60398,CGACTCACGTGTCA,cell_98937,29
60409,CGAGATTGAACCGT,cell_98949,29
60411,CGAGATTGGACGAG,cell_98951,29
60415,CGAGCCGATTCCAT,cell_98956,29
60420,CGAGCGTGGGCATT,cell_98962,29
60423,CGAGGAGAGTTCTT,cell_98966,29
60428,CGAGGCACCTTCGC,cell_98971,29
60431,CGAGGCTGATCGAC,cell_98975,29
60433,CGAGGCTGGGCAAG,cell_98977,29
60441,CGAGTATGCTGTGA,cell_98985,29
60449,CGATACGATCGACA,cell_98994,29
60460,CGATCCACAAGTAG,cell_99008,29
60467,CGATCCACGTCTGA,cell_99016,29
60470,CGCAAATGAGAAGT,cell_99019,29
60471,CGCAAATGCGATAC,cell_99020,29
60476,CGCAACCTCGACAT,cell_99026,29
60480,CGCACGGATCGATG,cell_99030,29
60496,CGCAGGTGTCCGAA,cell_99047,29
60497,CGCAGGTGTGTAGC,cell_99048,29
60516,CGCCGAGACGTGAT,cell_99070,29
60523,CGCCTAACGCTTCC,cell_99077,29
60528,CGCGGATGCAATCG,cell_99086,29
60531,CGCGGATGGCTCCT,cell_99089,29
60538,CGCTAAGATTGTGG,cell_99096,29
60542,CGCTACACGGTCAT,cell_99102,29
60544,CGCTACACTAAGCC,cell_99104,29
60564,CGGACTCTGAGGTG,cell_99130,29
60579,CGGCCAGAGTTTCT,cell_99151,29
60584,CGGCGAACCTCCAC,cell_99157,29
60585,CGGCGAACGAAGGC,cell_99158,29
60592,CGGGACTGCGAGTT,cell_99169,29
60596,CGGGCATGTGCAGT,cell_99173,29
60602,CGGTAAACTGCAGT,cell_99179,29
60623,CGTACCTGGTCGAT,cell_99206,29
60638,CGTCCAACTTTCGT,cell_99224,29
60639,CGTCCATGCTCGCT,cell_99225,29
60647,CGTGAAACCGTGTA,cell_99234,29
60661,CGTGTAGAATGACC,cell_99254,29
60663,CGTGTAGACCTCAC,cell_99256,29
60664,CGTGTAGATCAGGT,cell_99257,29
60674,CGTTATACCTTGCC,cell_99272,29
60677,CGTTTAACCGTGAT,cell_99275,29
60705,CTAATAGAAAACGA,cell_99306,29
60707,CTAATAGAATGACC,cell_99308,29
60708,CTAATAGACCGCTT,cell_99309,29
60710,CTAATAGATGCAAC,cell_99311,29
60712,CTAATGCTAGAAGT,cell_99314,29
60717,CTACAACTCTTGAG,cell_99319,29
60719,CTACAACTGCTACA,cell_99321,29
60722,CTACCTCTCATTGG,cell_99325,29
60739,CTACTCCTTCCTAT,cell_99346,29
60771,CTAGTTTGTAGCGT,cell_99387,29
60787,CTATAGCTCATACG,cell_99406,29
60791,CTATCAACATCTCT,cell_99410,29
60794,CTATCAACTCCCAC,cell_99414,29
60798,CTATCATGTTGTGG,cell_99419,29
60802,CTATCCCTGTACAC,cell_99423,29
60811,CTATGTTGACGGTT,cell_99433,29
60812,CTATGTTGAGTCTG,cell_99434,29
60816,CTATTGACCGGTAT,cell_99439,29
60819,CTATTGTGAGCACT,cell_99444,29
60822,CTATTGTGCTACTT,cell_99447,29
60828,CTCAATTGTTTGCT,cell_99453,29
60831,CTCAGAGAAGCCTA,cell_99456,29
60841,CTCAGGCTGCGATT,cell_99468,29
60852,CTCCACGAATGCTG,cell_99479,29
60856,CTCCACGACGAACT,cell_99483,29
60858,CTCCATCTGCTTAG,cell_99486,29
60859,CTCCATCTTAGCCA,cell_99487,29
60868,CTCCTACTGAACCT,cell_99501,29
60869,CTCCTACTGGGATG,cell_99502,29
60899,CTGAAGTGGACAGG,cell_99547,29
60944,CTGCGACTGGAAGC,cell_99603,29
60967,CTTAACACCTGTTT,cell_99634,29
60970,CTTAAGCTGCGAGA,cell_99637,29
60987,CTTAGACTACACCA,cell_99657,29
60995,CTTATCGAAGCACT,cell_99669,29
61003,CTTATCGATTACCT,cell_99678,29
61008,CTTCATGAATGTGC,cell_99683,29
61009,CTTCATGACGTGTA,cell_99684,29
61049,CTTTCAGATAGCGT,cell_99732,29
61051,CTTTGATGGCGAGA,cell_99736,29
61052,CTTTGATGGGCGAA,cell_99737,29
61053,CTTTGATGTCGCCT,cell_99738,29
61062,GAAAGATGACGTAC,cell_99749,29
61065,GAAAGCCTGGTGAG,cell_99754,29
61070,GAACACACTATTCC,cell_99760,29
61071,GAACAGCTGCTGAT,cell_99762,29
61080,GAACCTGACACTCC,cell_99772,29
61090,GAACGGGATTCCAT,cell_99783,29
61114,GAAGCTTGAGACTC,cell_99810,29
61122,GAAGGGTGGGTCAT,cell_99819,29
61124,GAAGGGTGTCGATG,cell_99821,29
61126,GAAGGTCTCCGAAT,cell_99823,29
61130,GAAGGTCTTGAGCT,cell_99828,29
61133,GAAGTAGACTTGCC,cell_99833,29
61151,GAATGCTGTTCCGC,cell_99856,29
61172,GACAGTACACCCAA,cell_99887,29
61178,GACAGTTGTTCACT,cell_99894,29
61179,GACAGTTGTTCAGG,cell_99895,29
61181,GACATTCTGAGATA,cell_99897,29
61184,GACCAAACGAACCT,cell_99900,29
61189,GACCATGATCAGTG,cell_99906,29
61212,GACGAACTCGAACT,cell_99934,29
61214,GACGAACTTTGACG,cell_99936,29
61215,GACGAGGAAAAGTG,cell_99937,29
61224,GACGCTCTAGAGAT,cell_99950,29
61227,GACGGCACAGGAGC,cell_99954,29
61233,GACGTAACAACAGA,cell_99960,29
61250,GACGTCCTTTCATC,cell_99981,29
61258,GACTCCTGGCGATT,cell_99989,29
61264,GACTGAACCCCTAC,cell_99995,29
61284,GAGAAATGATGCTG,cell_100018,29
61326,GAGCGGCTAGGCGA,cell_100071,29
61344,GAGGCAGAGACGAG,cell_100098,29
61372,GAGGTACTTTTACC,cell_100130,29
61388,GAGTACACCCTACC,cell_100149,29
61392,GAGTACTGGCCCTT,cell_100155,29
61405,GAGTGACTGTGTAC,cell_100168,29
61409,GAGTGGGAAGTCGT,cell_100172,29
61412,GAGTGGGACTTGCC,cell_100176,29
61423,GATAAGGATATTCC,cell_100190,29
61438,GATAGCACCCTAAG,cell_100207,29
61455,GATATTGACTAAGC,cell_100230,29
61481,GATCGTGAACCCTC,cell_100261,29
61482,GATCGTGAACTGGT,cell_100262,29
61483,GATCGTGAGCGAGA,cell_100265,29
61492,GATCTTTGCAGAGG,cell_100276,29
61493,GATCTTTGTTCAGG,cell_100277,29
61499,GATGCAACAACTGC,cell_100283,29
61503,GATGCATGATCAGC,cell_100288,29
61504,GATGCATGCTCTCG,cell_100290,29
61506,GATGCATGGTCTAG,cell_100292,29
61509,GATGCCCTCTATGG,cell_100296,29
61510,GATGCCCTGCCCTT,cell_100297,29
61515,GATTACCTTGCCAA,cell_100305,29
61521,GATTCTACACCACA,cell_100312,29
61542,GATTTAGATCTCAT,cell_100335,29
61555,GCAATTCTCCTTAT,cell_100355,29
61556,GCAATTCTCGTGAT,cell_100356,29
61563,GCACAAACCGTAGT,cell_100363,29
61569,GCACAATGCCCTCA,cell_100370,29
61575,GCACACCTGCTCCT,cell_100378,29
61583,GCACCTTGCCATGA,cell_100387,29
61587,GCACCTTGTTAGGC,cell_100391,29
61588,GCACGGACAAGAGT,cell_100393,29
61595,GCACGGTGCTTGAG,cell_100402,29
61620,GCAGCGTGCCTGAA,cell_100433,29
61652,GCATTGGACACTCC,cell_100470,29
61658,GCCAAAACTTCGTT,cell_100479,29
61666,GCCACGGACCCAAA,cell_100489,29
61668,GCCACGGAGTTCTT,cell_100492,29
61670,GCCACTACACCAAC,cell_100494,29
61675,GCCACTACTACTGG,cell_100501,29
61678,GCCACTACTGTCAG,cell_100504,29
61686,GCCCAACTCGGAGA,cell_100513,29
61732,GCCTGACTATGTGC,cell_100572,29
61734,GCCTGACTGGTACT,cell_100574,29
61747,GCGAGAGATGGGAG,cell_100587,29
61760,GCGCACGAGGTTTG,cell_100600,29
61766,GCGCGATGCTGACA,cell_100609,29
61775,GCGGAGCTGGGCAA,cell_100625,29
61785,GCGGGACTTAAGGA,cell_100637,29
61787,GCGTAAACAAGGGC,cell_100639,29
61802,GCGTATGAGTAGCT,cell_100657,29
61809,GCTACGCTGGGTGA,cell_100671,29
61818,GCTAGATGCGAGAG,cell_100680,29
61819,GCTAGATGGAATAG,cell_100681,29
61839,GCTCCATGATGCTG,cell_100705,29
61841,GCTCCATGGACAGG,cell_100707,29
61846,GCTGATGACAAGCT,cell_100714,29
61851,GCTTAACTTGACCA,cell_100720,29
61853,GCTTGAGACTTGCC,cell_100724,29
61857,GGAACTACCTGGAT,cell_100729,29
61858,GGAACTACGACAAA,cell_100730,29
61897,GGACCCGACCTACC,cell_100781,29
61900,GGACCGTGGAACCT,cell_100784,29
61905,GGACCTCTCGCTAA,cell_100789,29
61915,GGACGCTGCCACAA,cell_100801,29
61916,GGACGCTGCCCTAC,cell_100802,29
61920,GGACTATGAAAGTG,cell_100806,29
61922,GGACTATGGTGAGG,cell_100808,29
61942,GGAGTTACGCCTTC,cell_100837,29
61948,GGATACTGATCACG,cell_100844,29
61954,GGATGTTGGTATCG,cell_100854,29
61970,GGCAAGGAACCGAT,cell_100874,29
61988,GGCATATGCCTAAG,cell_100899,29
61993,GGCCACGACTTACT,cell_100904,29
61994,GGCCACGAGGTCTA,cell_100906,29
61996,GGCCACGATAGAGA,cell_100908,29
61997,GGCCACGATTGGCA,cell_100909,29
62001,GGCCAGACAGATCC,cell_100913,29
62008,GGCCGATGCTGCTC,cell_100921,29
62014,GGCGACACGTGTAC,cell_100930,29
62020,GGCGCATGCACAAC,cell_100936,29
62030,GGCTAATGGAGACG,cell_100950,29
62039,GGGAACGAACTTTC,cell_100961,29
62046,GGGAAGACAGTGCT,cell_100970,29
62047,GGGAAGACATGTGC,cell_100971,29
62051,GGGAAGTGCTCGCT,cell_100975,29
62061,GGGACCACTCCTTA,cell_100986,29
62081,GGGCACACAGGCGA,cell_101011,29
62087,GGGCACACTTAGGC,cell_101018,29
62089,GGGCAGCTGAGATA,cell_101021,29
62129,GGTAGTACAAAGTG,cell_101073,29
62136,GGTATGACCTGGTA,cell_101080,29
62142,GGTCTAGAAATGCC,cell_101086,29
62143,GGTCTAGACAACCA,cell_101088,29
62148,GGTCTAGATCCTCG,cell_101094,29
62155,GGTGATACCACTTT,cell_101101,29
62157,GGTGATACTATGGC,cell_101104,29
62158,GGTTGAACAGTGCT,cell_101106,29
62160,GGTTTACTAAGAGT,cell_101108,29
62162,GGTTTACTCCGTTC,cell_101110,29
62171,GTAAGCACCAACCA,cell_101120,29
62180,GTAATATGCCTATT,cell_101132,29
62187,GTACAGTGGAATGA,cell_101140,29
62197,GTACCCTGTTTCTG,cell_101152,29
62201,GTACGAACCGTTGA,cell_101157,29
62212,GTACTACTCTCATT,cell_101170,29
62244,GTAGTCGAGGACGA,cell_101211,29
62259,GTATCTACGAAGGC,cell_101226,29
62262,GTATGGTGACGCTA,cell_101230,29
62273,GTATTCACCGCCTT,cell_101242,29
62280,GTCAATCTCTACTT,cell_101250,29
62283,GTCACCTGAAGGCG,cell_101254,29
62291,GTCATACTTGTAGC,cell_101263,29
62292,GTCCAAGACATCAG,cell_101264,29
62299,GTCCAAGATGGTGT,cell_101272,29
62303,GTCCACACCAACTG,cell_101276,29
62317,GTCGAATGAAAAGC,cell_101296,29
62324,GTCGACCTTATGGC,cell_101305,29
62348,GTGACCCTTCGTTT,cell_101336,29
62355,GTGAGGGATTTCGT,cell_101343,29
62356,GTGATCGACCCGTT,cell_101345,29
62358,GTGATCGATCAGTG,cell_101348,29
62362,GTGATGACGAACCT,cell_101352,29
62371,GTGATTCTGGGAGT,cell_101363,29
62397,GTGGTAACTCCGTC,cell_101396,29
62403,GTGTATCTGTCTAG,cell_101402,29
62413,GTTAAATGTCCCAC,cell_101415,29
62415,GTTAACCTCCATAG,cell_101417,29
62418,GTTAACCTGGATTC,cell_101420,29
62424,GTTACTACTTCCGC,cell_101428,29
62430,GTTAGTCTACACGT,cell_101434,29
62445,GTTATCTGGAGATA,cell_101452,29
62449,GTTCAACTATGTCG,cell_101457,29
62455,GTTCAACTTAAGGA,cell_101465,29
62461,GTTGACGATACTGG,cell_101472,29
62469,GTTGGATGATGGTC,cell_101483,29
62488,TAAAGACTCATGAC,cell_101505,29
62509,TAACACCTTTATCC,cell_101532,29
62515,TAACATGATACTCT,cell_101539,29
62531,TAAGAACTCCACCT,cell_101558,29
62539,TAAGAGGATCGCTC,cell_101568,29
62543,TAAGATACCGACTA,cell_101574,29
62567,TAAGTAACCTTCGC,cell_101602,29
62597,TACAATGATTATCC,cell_101638,29
62598,TACAATGATTGACG,cell_101639,29
62603,TACATAGACGAACT,cell_101645,29
62614,TACCATTGTGAACC,cell_101657,29
62615,TACCATTGTGATGC,cell_101658,29
62626,TACGACGACCTTCG,cell_101673,29
62647,TACGCCACAGATCC,cell_101702,29
62689,TACTCCCTCAGCTA,cell_101750,29
62690,TACTCTGACTAGTG,cell_101751,29
62715,TAGACGTGCAGTTG,cell_101786,29
62719,TAGAGAGACCTTCG,cell_101790,29
62784,TAGGGACTTCTCTA,cell_101866,29
62786,TAGGTCGAAGCGTT,cell_101868,29
62807,TAGTACCTAGGTCT,cell_101893,29
62808,TAGTACCTAGTCTG,cell_101894,29
62813,TAGTATGAACGTAC,cell_101900,29
62825,TAGTCGGACTCGCT,cell_101913,29
62826,TAGTCGGATTCCCG,cell_101914,29
62846,TAGTTCACTTGGTG,cell_101937,29
62877,TATAGATGCCTACC,cell_101972,29
62894,TATCACTGTGGTCA,cell_101992,29
62899,TATCAGCTGGGCAA,cell_101998,29
62900,TATCAGCTTAGTCG,cell_101999,29
62903,TATCCTGACCCGTT,cell_102005,29
62907,TATCCTGATGTGCA,cell_102009,29
62908,TATCCTGATTTACC,cell_102010,29
62915,TATCGTACTCGATG,cell_102020,29
62954,TATGTCACGGAGGT,cell_102067,29
62959,TATGTCTGCATGAC,cell_102073,29
62974,TATTTCCTTTCCCG,cell_102090,29
63010,TCACGAGAACTCTT,cell_102141,29
63028,TCAGACGATGCTAG,cell_102160,29
63030,TCAGAGACTAAAGG,cell_102162,29
63032,TCAGCAGATCACGA,cell_102165,29
63045,TCAGTTACAAGCAA,cell_102191,29
63052,TCATCATGCCTACC,cell_102200,29
63088,TCCATCCTTAGCCA,cell_102249,29
63103,TCCCATCTTCAGTG,cell_102266,29
63126,TCCGAGCTCATCAG,cell_102292,29
63130,TCCGGACTACCTCC,cell_102298,29
63148,TCCTATGACCTCAC,cell_102321,29
63158,TCGACGCTGGCATT,cell_102334,29
63165,TCGAGCCTGTTCGA,cell_102345,29
63173,TCGATTTGTGACAC,cell_102357,29
63177,TCGCACACGCCTTC,cell_102362,29
63183,TCGCACTGGCCCTT,cell_102370,29
63193,TCGCCATGGACACT,cell_102383,29
63196,TCGGACCTGAGAGC,cell_102387,29
63207,TCGTAGGAGGTACT,cell_102401,29
63217,TCTAACACACCCTC,cell_102415,29
63219,TCTAACTGGCGAAG,cell_102418,29
63220,TCTAACTGGTCGAT,cell_102419,29
63225,TCTAAGCTCGAACT,cell_102425,29
63234,TCTAGTTGGCGTTA,cell_102434,29
63235,TCTAGTTGGTTGGT,cell_102436,29
63242,TCTATGTGTCCCGT,cell_102444,29
63246,TCTCAAACATAAGG,cell_102448,29
63255,TCTCTAGATAGCCA,cell_102458,29
63263,TCTTACGATCATTC,cell_102468,29
63269,TGAAATTGACACCA,cell_102476,29
63277,TGAACCGACACTCC,cell_102487,29
63297,TGACCAGAAAAACG,cell_102509,29
63313,TGACGATGGTCGAT,cell_102531,29
63321,TGACTGGACGTTAG,cell_102541,29
63332,TGACTTTGGGGCAA,cell_102557,29
63356,TGAGTGACGGTTTG,cell_102585,29
63370,TGATCACTAGGAGC,cell_102601,29
63374,TGATCGGACGGAGA,cell_102606,29
63418,TGCAGATGGGTACT,cell_102663,29
63425,TGCATGGAGTAGGG,cell_102671,29
63440,TGCCACTGTGGTGT,cell_102687,29
63444,TGCCAGCTTGTTCT,cell_102692,29
63450,TGCCGACTTGACCA,cell_102700,29
63456,TGCGATGACTTACT,cell_102706,29
63457,TGCGATGATAGAGA,cell_102707,29
63461,TGCGCACTTCCAAG,cell_102714,29
63481,TGCTTAACTACGCA,cell_102738,29
63482,TGGAAAGAACTTTC,cell_102739,29
63483,TGGAAAGAGAAGGC,cell_102740,29
63501,TGGACTGACCATGA,cell_102763,29
63503,TGGACTGATTCGTT,cell_102766,29
63507,TGGAGGGAAGTAGA,cell_102770,29
63508,TGGAGGGAATCGGT,cell_102771,29
63517,TGGATGACCAGAGG,cell_102781,29
63543,TGGTACGAGCGATT,cell_102810,29
63548,TGGTAGACCCTGTC,cell_102815,29
63551,TGGTAGACGTCATG,cell_102819,29
63552,TGGTAGTGCATTGG,cell_102820,29
63559,TGGTATCTTGCTTT,cell_102830,29
63577,TGTACTTGACACCA,cell_102855,29
63596,TGTATGCTCTGCTC,cell_102876,29
63604,TGTCAGGAACTTTC,cell_102885,29
63614,TGTCTAACGTTACG,cell_102896,29
63625,TGTGAGACAGTGTC,cell_102908,29
63630,TGTGAGTGATGACC,cell_102916,29
63650,TTAACCACCCAGTA,cell_102944,29
63651,TTACACACCCTCCA,cell_102946,29
63657,TTACAGCTACCAAC,cell_102954,29
63665,TTACCATGCTCTCG,cell_102962,29
63668,TTACCATGTCGCTC,cell_102965,29
63683,TTAGAATGCTTAGG,cell_102983,29
63688,TTAGACCTCTCAAG,cell_102988,29
63707,TTAGGTCTCTCGCT,cell_103007,29
63709,TTAGGTCTGTCTTT,cell_103009,29
63711,TTAGTCACAACTGC,cell_103011,29
63716,TTAGTCTGTGTTTC,cell_103019,29
63722,TTATGAGATAACCG,cell_103026,29
63726,TTATGCACCCATAG,cell_103031,29
63754,TTCACCCTCTCTCG,cell_103066,29
63756,TTCACCCTGATAGA,cell_103068,29
63760,TTCAGACTTGCCAA,cell_103073,29
63776,TTCATTCTTGGCAT,cell_103098,29
63790,TTCCCACTGAGCTT,cell_103114,29
63793,TTCCTAGAAGCACT,cell_103117,29
63797,TTCGAGGACACTCC,cell_103121,29
63815,TTCTAGTGGCCCTT,cell_103141,29
63820,TTCTCAGAAAAAGC,cell_103146,29
63823,TTCTCAGATGATGC,cell_103150,29
63827,TTCTGATGGGGCAA,cell_103156,29
63828,TTCTGATGGGTCAT,cell_103157,29
63862,TTGCTAACGTTGTG,cell_103200,29
63865,TTGCTATGGGTGAG,cell_103203,29
63871,TTGGAGACTCGATG,cell_103209,29
63877,TTGGGAACAAAAGC,cell_103216,29
63883,TTGGGAACGGTTCA,cell_103223,29
63886,TTGGTACTAGAGTA,cell_103227,29
63891,TTGTACACACGGAG,cell_103232,29
63917,TTTCACGAATTCTC,cell_103262,29
63919,TTTCACGACGCCTT,cell_103264,29
63921,TTTCAGTGACACGT,cell_103266,29
63926,TTTCCAGACCGCTT,cell_103272,29
63939,TTTGCATGCTGAGT,cell_103291,29
63951,AAAGATCTCGTTGA,cell_103311,30
63960,AAAGTTTGGACTAC,cell_103324,30
63971,AAATGTTGACGTTG,cell_103341,30
63983,AACACTCTTTCTCA,cell_103358,30
63986,AACAGAGAGTAGCT,cell_103363,30
63990,AACATATGACTGTG,cell_103368,30
64004,AACCTACTATGCTG,cell_103387,30
64005,AACCTACTCGGTAT,cell_103388,30
64020,AACGTTCTACCTCC,cell_103405,30
64042,AAGACAGATCGACA,cell_103438,30
64043,AAGAGATGCTTTAC,cell_103440,30
64047,AAGCACTGAAACGA,cell_103449,30
64065,AAGGTCACAGCCAT,cell_103470,30
64068,AAGGTCTGTCCTAT,cell_103474,30
64074,AAGTCCGACCATAG,cell_103486,30
64079,AAGTGGCTAGATGA,cell_103493,30
64085,AAGTTATGTGTCTT,cell_103499,30
64087,AAGTTCCTTACTTC,cell_103502,30
64092,AATACCCTACGTTG,cell_103507,30
64100,AATCCTACACCAAC,cell_103523,30
64102,AATCCTACACTTTC,cell_103525,30
64106,AATCGGTGACCAAC,cell_103530,30
64117,AATGCGTGAGGCGA,cell_103545,30
64121,AATGGAGAACCGAT,cell_103553,30
64130,AATGTTGATCAAGC,cell_103564,30
64134,AATTCCTGCGACAT,cell_103568,30
64136,AATTGATGGTTCTT,cell_103570,30
64145,ACAAGCACTATGCG,cell_103586,30
64174,ACAGTGTGTCTTAC,cell_103626,30
64181,ACCAACGATTTCTG,cell_103633,30
64184,ACCACCTGGTCACA,cell_103640,30
64186,ACCACCTGTTCTGT,cell_103643,30
64193,ACCCAGCTATGGTC,cell_103657,30
64196,ACCCGTACTGCGTA,cell_103660,30
64201,ACCGTGCTGCCCTT,cell_103667,30
64206,ACCTATTGTTCCAT,cell_103672,30
64212,ACCTGAGACCCTCA,cell_103679,30
64232,ACGATGACTAAGCC,cell_103713,30
64289,ACTATCACGAATCC,cell_103795,30
64295,ACTCCCGATGGATC,cell_103802,30
64297,ACTCGAGAAACCGT,cell_103804,30
64310,ACTGCCACAGCGTT,cell_103821,30
64318,ACTGTTACTGCTAG,cell_103834,30
64324,ACTTCTGACCCGTT,cell_103842,30
64331,AGAAACGATGCAGT,cell_103855,30
64336,AGAACGCTATCTTC,cell_103862,30
64341,AGAATTTGACGCAT,cell_103869,30
64346,AGACACTGCCTTTA,cell_103875,30
64365,AGAGGTCTGAACCT,cell_103906,30
64367,AGAGGTCTTGAGCT,cell_103908,30
64371,AGAGTCACTACAGC,cell_103913,30
64395,AGCCAATGGTCTAG,cell_103946,30
64410,AGCGTAACAGTGCT,cell_103974,30
64414,AGCTGAACTCTGGA,cell_103980,30
64427,AGGAATGAAGAACA,cell_103996,30
64435,AGGATAGAAAAAGC,cell_104006,30
64443,AGGCAACTTGTTCT,cell_104018,30
64444,AGGCAACTTTGGCA,cell_104019,30
64446,AGGCAGGATTGCGA,cell_104021,30
64448,AGGCCTCTAGCGGA,cell_104024,30
64451,AGGCCTCTCCTGTC,cell_104027,30
64453,AGGCTAACAAGGTA,cell_104029,30
64459,AGGGCGCTCCTTGC,cell_104040,30
64463,AGGGTGGAGGTAGG,cell_104046,30
64470,AGGGTTTGTTTGGG,cell_104054,30
64474,AGGTCTGACACTGA,cell_104063,30
64476,AGGTCTGATACGCA,cell_104066,30
64482,AGTAAGGATGCCCT,cell_104081,30
64484,AGTAATTGCGCAAT,cell_104087,30
64485,AGTAATTGTTTCGT,cell_104089,30
64487,AGTAGGCTCTCAAG,cell_104093,30
64496,AGTATCCTTGCGTA,cell_104105,30
64500,AGTCCAGAACCTAG,cell_104109,30
64503,AGTCGAACTCTCGC,cell_104114,30
64525,AGTTGTCTGGACAG,cell_104146,30
64527,AGTTTAGAACCTGA,cell_104148,30
64529,AGTTTAGACTGTCC,cell_104150,30
64531,AGTTTCACTGAGAA,cell_104154,30
64545,ATAAGTTGAGCACT,cell_104172,30
64561,ATACCTTGTGTCCC,cell_104190,30
64569,ATAGATTGCTCATT,cell_104201,30
64572,ATAGCGTGTTGGCA,cell_104207,30
64574,ATAGGAGAAACCAC,cell_104209,30
64575,ATAGGCTGTCGATG,cell_104210,30
64578,ATAGTTGAAGCTCA,cell_104214,30
64584,ATATGAACGTACCA,cell_104223,30
64600,ATCATGCTATGCTG,cell_104245,30
64612,ATCGAGTGACTCAG,cell_104263,30
64613,ATCGAGTGCGGTAT,cell_104264,30
64614,ATCGCAGAGCTCCT,cell_104266,30
64627,ATCGTTTGTCTTTG,cell_104283,30
64655,ATGATATGGTTCGA,cell_104321,30
64657,ATGCAGTGAAGTGA,cell_104325,30
64668,ATGGGTACGAGGTG,cell_104340,30
64673,ATGTACCTTGTAGC,cell_104349,30
64685,ATGTTGCTCCACAA,cell_104363,30
64689,ATTAACGAGAGGCA,cell_104368,30
64696,ATTAGATGAGCCAT,cell_104375,30
64709,ATTCCATGGACGTT,cell_104392,30
64710,ATTCGACTGAGGAC,cell_104395,30
64716,ATTCTGACTCCCAC,cell_104403,30
64723,ATTGATGATAAGCC,cell_104416,30
64735,ATTGTAGACGCTAA,cell_104431,30
64750,CAACAGACCCAAGT,cell_104452,30
64784,CAATCGGAGGAAAT,cell_104501,30
64795,CAATTCTGCTACGA,cell_104517,30
64796,CAATTCTGTCTTAC,cell_104518,30
64797,CACAACGACGACAT,cell_104519,30
64811,CACAGTGATCGCTC,cell_104537,30
64823,CACCGTACCACAAC,cell_104553,30
64828,CACCTGACGCAGAG,cell_104559,30
64837,CACGGGACCGACTA,cell_104571,30
64840,CACGGGTGTATTCC,cell_104575,30
64843,CACTAACTCCCTCA,cell_104578,30
64844,CACTAACTCTTCGC,cell_104579,30
64852,CACTCCGAGGTATC,cell_104588,30
64855,CACTGCTGACCTTT,cell_104596,30
64873,CAGATGACACGTAC,cell_104620,30
64879,CAGCATGAATGTCG,cell_104627,30
64883,CAGCCTTGAACGTC,cell_104632,30
64897,CAGGGCACATGGTC,cell_104652,30
64898,CAGGGCACTCGATG,cell_104653,30
64900,CAGGTATGGGACAG,cell_104656,30
64901,CAGGTATGGGGCAA,cell_104657,30
64909,CAGTGATGGAATGA,cell_104665,30
64928,CATCAACTGGTGTT,cell_104699,30
64929,CATCAACTGTGTTG,cell_104701,30
64935,CATCATACTCCCGT,cell_104708,30
64936,CATCATACTGCTTT,cell_104709,30
64938,CATCCCGAACTAGC,cell_104711,30
64941,CATCGGCTCCAATG,cell_104716,30
64956,CATTACACCGTACA,cell_104734,30
64991,CCACCATGAGCACT,cell_104782,30
64998,CCACTGTGCACCAA,cell_104793,30
65019,CCATAGGAAACAGA,cell_104828,30
65021,CCATAGGAGGTGAG,cell_104830,30
65027,CCATGCTGCGTAGT,cell_104837,30
65031,CCCAACACAAGCCT,cell_104844,30
65034,CCCAACTGCCATGA,cell_104847,30
65036,CCCACATGGCGTTA,cell_104849,30
65055,CCCTCAGAAGTGCT,cell_104873,30
65064,CCCTTACTCTCCAC,cell_104886,30
65072,CCGATAGACAGTCA,cell_104898,30
65082,CCGGTACTCCGCTT,cell_104911,30
65095,CCTCGAACAGAACA,cell_104933,30
65112,CCTTTAGATAACGC,cell_104955,30
65113,CGAACATGACACTG,cell_104956,30
65125,CGACCACTCCCTTG,cell_104973,30
65135,CGACTGCTACACCA,cell_104989,30
65137,CGAGAACTCCAGTA,cell_104993,30
65148,CGAGGCACCTTCGC,cell_105007,30
65154,CGAGTATGAGCACT,cell_105013,30
65161,CGATCCACCTAAGC,cell_105022,30
65167,CGCACGGATGCAAC,cell_105032,30
65177,CGCCATTGGAACTC,cell_105044,30
65181,CGCCTAACCTACGA,cell_105050,30
65200,CGGATATGACGTAC,cell_105084,30
65232,CGTCGACTAAACAG,cell_105125,30
65245,CTAAACCTAGCGGA,cell_105142,30
65262,CTACTCCTGAGGTG,cell_105171,30
65280,CTATAAGACAACCA,cell_105194,30
65281,CTATAAGAGTGAGG,cell_105196,30
65282,CTATAAGATTCTGT,cell_105198,30
65290,CTATCAACTCCCAC,cell_105207,30
65296,CTATCCCTCTGTCC,cell_105216,30
65301,CTATGTTGCCCAAA,cell_105223,30
65328,CTCGACTGCAGCTA,cell_105265,30
65333,CTCGCATGCCTTTA,cell_105270,30
65338,CTCTAATGTAGAAG,cell_105282,30
65339,CTGAACGATTCACT,cell_105284,30
65355,CTGTAACTCCTTAT,cell_105314,30
65368,CTTACATGTGAAGA,cell_105330,30
65369,CTTACATGTTCTCA,cell_105331,30
65383,CTTGTATGTCGTTT,cell_105356,30
65395,GAAACAGAAAACAG,cell_105371,30
65402,GAAAGTGAACGTGT,cell_105380,30
65405,GAACAGCTCACCAA,cell_105383,30
65408,GAACGGGACTTGTT,cell_105387,30
65416,GAAGAATGCTTTAC,cell_105397,30
65429,GAAGGGTGCCACCT,cell_105416,30
65439,GAATGCACATTCTC,cell_105433,30
65457,GACATTCTATTCCT,cell_105455,30
65476,GACGATTGGAGCAG,cell_105477,30
65486,GACTCCTGAACCAC,cell_105492,30
65492,GACTGATGGTCGAT,cell_105499,30
65497,GAGAAATGGGGAGT,cell_105507,30
65522,GAGGCCACAGTGTC,cell_105542,30
65524,GAGGGATGACGTGT,cell_105545,30
65533,GAGTAAGAAACGGG,cell_105560,30
65538,GAGTACTGCACTAG,cell_105568,30
65543,GAGTGACTTGCCCT,cell_105575,30
65551,GATAAGGATATTCC,cell_105585,30
65552,GATAATACCATTTC,cell_105586,30
65564,GATCCGCTAGAATG,cell_105606,30
65569,GATCTACTAAAGTG,cell_105615,30
65596,GCAAACTGACTGTG,cell_105657,30
65598,GCAACCCTATCAGC,cell_105659,30
65600,GCAACTGAAGCTAC,cell_105662,30
65638,GCAGCTCTACACGT,cell_105718,30
65664,GCCACTACTGCGTA,cell_105756,30
65709,GCGTAAACTGTAGC,cell_105816,30
65715,GCGTATGAGTCGTA,cell_105823,30
65722,GCTATACTTCGCTC,cell_105833,30
65727,GCTCGACTATTCGG,cell_105841,30
65731,GCTTAACTTGACCA,cell_105847,30
65736,GGAACACTTTACCT,cell_105854,30
65737,GGAACTACAAAACG,cell_105855,30
65743,GGAAGGACACGGAG,cell_105862,30
65755,GGACGAGAGTCTAG,cell_105883,30
65756,GGACGAGATCAGTG,cell_105884,30
65771,GGAGCAGATAAGGA,cell_105907,30
65782,GGAGTTTGGGCATT,cell_105924,30
65804,GGCCAGACGGAAAT,cell_105956,30
65809,GGCCGATGGCATAC,cell_105963,30
65816,GGCTAATGTGGAAA,cell_105972,30
65821,GGGAAGACAACCTG,cell_105980,30
65829,GGGATGGAAGAGTA,cell_105990,30
65847,GGTAGTACCATTCT,cell_106017,30
65855,GGTGGAGACGCAAT,cell_106031,30
65864,GTAAGCACACAGTC,cell_106045,30
65866,GTAATAACTGTGGT,cell_106049,30
65868,GTACAGTGACACAC,cell_106051,30
65879,GTAGACTGCCAAGT,cell_106068,30
65888,GTAGTGACCCACAA,cell_106080,30
65889,GTAGTGTGTGCGTA,cell_106082,30
65900,GTCAATCTACACCA,cell_106094,30
65903,GTCACAGATGGTAC,cell_106098,30
65908,GTCCAAGACATCAG,cell_106103,30
65911,GTCCACTGTCCTAT,cell_106109,30
65918,GTCGCACTTACTCT,cell_106118,30
65923,GTGACAACCATCAG,cell_106126,30
65928,GTGATGACGAGGGT,cell_106134,30
65940,GTGTACGAGGACTT,cell_106152,30
65959,GTTAGTCTGTTGGT,cell_106182,30
65971,GTTCATACTTTGCT,cell_106200,30
65979,GTTGATCTCGTAAC,cell_106209,30
65980,GTTGTACTCTTTAC,cell_106215,30
65990,TAAATCGAACAGTC,cell_106229,30
65991,TAAATGTGCCAACA,cell_106233,30
66009,TAAGAACTCGTACA,cell_106258,30
66016,TAAGGCTGAGTCGT,cell_106269,30
66022,TAAGGGCTTTTACC,cell_106277,30
66036,TACAATGATGAAGA,cell_106295,30
66043,TACCGGCTTTCTAC,cell_106309,30
66046,TACGATCTGGCAAG,cell_106314,30
66049,TACGCGCTGATAAG,cell_106319,30
66084,TAGCATCTGCGGAA,cell_106369,30
66085,TAGCATCTTGAAGA,cell_106370,30
66087,TAGCCCTGCTGAGT,cell_106372,30
66095,TAGCTACTGCTAAC,cell_106380,30
66110,TAGGGACTTTACTC,cell_106399,30
66120,TAGTCACTAGCAAA,cell_106417,30
66133,TATAAGTGTAGCCA,cell_106438,30
66147,TATCACTGTGGTCA,cell_106455,30
66166,TATCTTCTTTCTGT,cell_106481,30
66174,TATGGTCTATCGTG,cell_106492,30
66187,TCAAGTCTCCGATA,cell_106515,30
66215,TCATCATGTGGTCA,cell_106560,30
66239,TCCCATCTGTCGTA,cell_106593,30
66258,TCCTACCTTCTCGC,cell_106617,30
66273,TCGATACTAGTCGT,cell_106638,30
66276,TCGATTTGACTAGC,cell_106641,30
66278,TCGATTTGGTCACA,cell_106643,30
66300,TCTAACTGAAAAGC,cell_106671,30
66303,TCTAAGCTTTCTCA,cell_106677,30
66305,TCTACAACATGTGC,cell_106680,30
66324,TCTTACGAAGGCGA,cell_106704,30
66332,TGAACCGAGGTGTT,cell_106713,30
66339,TGACCAGAAAAACG,cell_106723,30
66346,TGACGCCTACCTAG,cell_106731,30
66364,TGATACCTAGCCTA,cell_106756,30
66379,TGCAACGACATGGT,cell_106772,30
66386,TGCAATCTTCGCTC,cell_106781,30
66392,TGCACGCTTTGCGA,cell_106788,30
66401,TGCGATGATGGCAT,cell_106803,30
66406,TGCTAGGACTGTAG,cell_106808,30
66420,TGGACTGATGTGAC,cell_106823,30
66438,TGGTAGTGGGAACG,cell_106853,30
66440,TGGTAGTGTGCATG,cell_106855,30
66445,TGGTTACTACCTAG,cell_106863,30
66447,TGTAAAACTGCCCT,cell_106865,30
66458,TGTCTAACACTGTG,cell_106883,30
66469,TGTTAAGATGCATG,cell_106899,30
66470,TGTTAAGATGGAGG,cell_106900,30
66474,TGTTACTGCCGAAT,cell_106905,30
66521,TTCACCCTCTCTCG,cell_106966,30
66534,TTCCAAACACCCTC,cell_106988,30
66539,TTCCATGAGTTCAG,cell_106996,30
66542,TTCCCACTCACTTT,cell_107000,30
66544,TTCCTAGAAAGGGC,cell_107002,30
66554,TTCTAGTGACGGAG,cell_107015,30
66555,TTCTAGTGCCTATT,cell_107016,30
66569,TTGAGGACCACTGA,cell_107032,30
66572,TTGAGGTGTCGATG,cell_107035,30
66582,TTGGTACTAAGCCT,cell_107050,30
66603,TTTGACTGCGTGAT,cell_107078,30
66617,AAACGCACTTATCC,cell_107095,31
66620,AAACGGCTAAGGGC,cell_107100,31
66622,AAACGGCTTCTATC,cell_107102,31
66640,AAATCAACTCGCTC,cell_107133,31
66658,AACACGTGGCAAGG,cell_107158,31
66662,AACAGAGATAACGC,cell_107164,31
66711,AACTCTTGTGCTCC,cell_107232,31
66714,AACTTGCTCCTCGT,cell_107237,31
66727,AAGATTACCCGCTT,cell_107260,31
66758,AATACTGACTGCAA,cell_107309,31
66759,AATACTGAGAGCAG,cell_107310,31
66769,AATCCTACGGGATG,cell_107324,31
66771,AATCCTTGTTCGGA,cell_107330,31
66775,AATCTCACTCTATC,cell_107338,31
66779,AATGATACCCCTTG,cell_107344,31
66781,AATGATACTTGCTT,cell_107346,31
66784,AATGGAGATAACCG,cell_107350,31
66801,ACAAGAGAGATAAG,cell_107372,31
66813,ACACGATGCTTCGC,cell_107388,31
66817,ACACGTGACACTGA,cell_107393,31
66824,ACAGGTACTGGTAC,cell_107400,31
66825,ACAGTCGACCTTCG,cell_107402,31
66847,ACCATTACCGTTGA,cell_107436,31
66860,ACCCTCGAAAGCAA,cell_107458,31
66886,ACGACCCTTCAGTG,cell_107496,31
66901,ACGCCTTGTACGCA,cell_107518,31
66931,ACGTCCTGTCTTTG,cell_107559,31
66933,ACGTCGCTTGGAAA,cell_107563,31
66939,ACGTTGGACTTTAC,cell_107575,31
66945,ACTAGGTGTTCATC,cell_107585,31
66951,ACTCGAGATCGATG,cell_107598,31
66954,ACTGCCACTACGAC,cell_107605,31
66955,ACTGCCTGCTGCTC,cell_107612,31
66964,ACTTAAGAGAAACA,cell_107624,31
66968,ACTTCCCTGGTAAA,cell_107630,31
66974,ACTTGACTATCGGT,cell_107638,31
66982,ACTTTGTGAAGGGC,cell_107646,31
66983,ACTTTGTGATTCCT,cell_107650,31
66987,AGAAACGACGGAGA,cell_107654,31
66989,AGAAACGAGTACGT,cell_107656,31
67006,AGAATGGACGTACA,cell_107680,31
67021,AGACTTCTGCAGTT,cell_107702,31
67029,AGAGATGAGGTTCA,cell_107713,31
67031,AGAGCGGACTGACA,cell_107716,31
67033,AGAGCTACACAGCT,cell_107718,31
67051,AGCAACACACACCA,cell_107745,31
67094,AGGAATGACAAGCT,cell_107816,31
67096,AGGATAGATACTCT,cell_107819,31
67119,AGGGTGGATAGCCA,cell_107851,31
67122,AGGGTTTGGGATTC,cell_107854,31
67130,AGGTCATGTCCTAT,cell_107867,31
67132,AGGTCTGACACTGA,cell_107869,31
67137,AGGTGGGACCAAGT,cell_107875,31
67148,AGTACTCTTCGCAA,cell_107895,31
67183,AGTTTAGAATCTTC,cell_107947,31
67190,ATAACATGCTATGG,cell_107960,31
67195,ATAAGTTGCAGAAA,cell_107965,31
67214,ATAGCCGATTTCTG,cell_107995,31
67231,ATCAAATGCGCAAT,cell_108016,31
67232,ATCAAATGCGCATA,cell_108017,31
67250,ATCACTACTGAGAA,cell_108039,31
67260,ATCCCGTGGTAAAG,cell_108053,31
67262,ATCCTAACATTCTC,cell_108058,31
67274,ATCGCCTGAGCATC,cell_108073,31
67283,ATCGGTGAGAACTC,cell_108086,31
67298,ATGAAACTACACGT,cell_108106,31
67305,ATGAGCACAGGTCT,cell_108120,31
67311,ATGCCGCTGCCTTC,cell_108138,31
67321,ATGTCACTAGCTCA,cell_108148,31
67325,ATGTTAGACATTCT,cell_108154,31
67334,ATTAAGACAGATGA,cell_108166,31
67338,ATTACCACTATGGC,cell_108171,31
67350,ATTCAGCTTGATGC,cell_108191,31
67354,ATTCGGGACACTTT,cell_108196,31
67376,ATTGTCTGCATGCA,cell_108232,31
67378,ATTGTCTGTTACCT,cell_108236,31
67395,CAAATATGGTTACG,cell_108258,31
67402,CAACGATGTTTGGG,cell_108267,31
67412,CAAGCCCTCGTAAC,cell_108278,31
67416,CAAGGTTGGGTCAT,cell_108284,31
67438,CACACCTGCTAGTG,cell_108315,31
67442,CACAGCCTGATGAA,cell_108322,31
67448,CACCCATGACAGTC,cell_108333,31
67449,CACCCATGACGGTT,cell_108334,31
67471,CACTAACTAGAACA,cell_108364,31
67473,CACTAACTGGACAG,cell_108366,31
67477,CACTAGGATCTATC,cell_108372,31
67478,CACTATACACAGCT,cell_108374,31
67485,CACTGAGAACGGGA,cell_108383,31
67490,CACTTAACACGACT,cell_108389,31
67513,CAGCGTCTTAAGCC,cell_108423,31
67517,CAGCTCACTCTCCG,cell_108428,31
67518,CAGCTCACTGGTGT,cell_108429,31
67523,CAGGGCACCTTATC,cell_108436,31
67533,CAGTTACTGGTTCA,cell_108453,31
67539,CATAAATGTGCTAG,cell_108463,31
67545,CATACTTGTGCTCC,cell_108469,31
67548,CATATAGAATGTCG,cell_108474,31
67549,CATATAGAGACACT,cell_108475,31
67552,CATCATACTGCTTT,cell_108479,31
67562,CATCTCCTACCAAC,cell_108490,31
67584,CATTCCCTGTCACA,cell_108525,31
67604,CCAAGATGTGCCTC,cell_108548,31
67611,CCACCATGGTATGC,cell_108558,31
67619,CCAGAAACGTTCAG,cell_108571,31
67635,CCAGTGCTGGACAG,cell_108595,31
67649,CCATGCTGCGTAGT,cell_108611,31
67658,CCCAGTTGCCTTCG,cell_108624,31
67673,CCGACACTGTACCA,cell_108643,31
67678,CCGATAGAAGCCAT,cell_108648,31
67684,CCGCGAGACCTACC,cell_108655,31
67696,CCTAAACTTACGAC,cell_108669,31
67719,CGAAGACTCACTCC,cell_108708,31
67735,CGACTCACATCGAC,cell_108731,31
67738,CGACTCTGAAGCAA,cell_108735,31
67741,CGACTCTGAGATGA,cell_108738,31
67767,CGATACGATTAGGC,cell_108770,31
67771,CGCACTACAAGGTA,cell_108776,31
67772,CGCACTACCATTTC,cell_108777,31
67778,CGCATAGACTTCCG,cell_108785,31
67792,CGCTACACGCGAGA,cell_108807,31
67839,CGTGAATGTTTCGT,cell_108876,31
67849,CGTTATACGAGAGC,cell_108890,31
67881,CTACTCCTTACTCT,cell_108935,31
67885,CTAGATCTGGTTAC,cell_108940,31
67904,CTATGACTTGCGTA,cell_108967,31
67910,CTCAATTGAACAGA,cell_108974,31
67915,CTCAGCACCTGGAT,cell_108984,31
67927,CTCGACTGTCCTTA,cell_109004,31
67934,CTGAACGATAACGC,cell_109014,31
67945,CTGAGAACTTTGGG,cell_109026,31
67958,CTGCCAACTCTCCG,cell_109043,31
67964,CTGGAAACACCAGT,cell_109049,31
67980,CTTACTGAGAACCT,cell_109068,31
67981,CTTAGACTACAGTC,cell_109069,31
67995,CTTGAGGAACGTTG,cell_109092,31
68012,GAACAGCTATACCG,cell_109123,31
68013,GAACAGCTCTGAGT,cell_109124,31
68026,GAAGTCACACGGAG,cell_109152,31
68037,GACACTGATTGCAG,cell_109174,31
68047,GACCCTACTTGCGA,cell_109187,31
68049,GACCTAGACCGCTT,cell_109190,31
68063,GACGTCCTCGTTAG,cell_109208,31
68065,GACTCCTGAACCAC,cell_109210,31
68073,GACTGTGAATTCTC,cell_109222,31
68084,GAGCAGGATCAGAC,cell_109236,31
68094,GAGCGGCTCTTGTT,cell_109248,31
68107,GAGGCCACGCAGTT,cell_109265,31
68129,GAGTCTGAGTCACA,cell_109294,31
68150,GATATAACGGTTAC,cell_109322,31
68152,GATATCCTGACGGA,cell_109326,31
68153,GATATTGATGATGC,cell_109327,31
68157,GATCCCTGCTTACT,cell_109332,31
68177,GATGCAACAACTGC,cell_109361,31
68178,GATGCATGGTGAGG,cell_109364,31
68183,GATGCCCTCTATGG,cell_109370,31
68186,GATTCGGAGTTGAC,cell_109374,31
68187,GATTCTACAACGAA,cell_109375,31
68191,GATTGGACACGCAT,cell_109381,31
68196,GATTTGCTTGTAGC,cell_109391,31
68197,GCAAACTGGCTTCC,cell_109392,31
68200,GCAACTGAGCTGAT,cell_109400,31
68212,GCACGGACCCTGTC,cell_109417,31
68213,GCACGGACGAGGGT,cell_109418,31
68226,GCAGCGTGTCAGGT,cell_109435,31
68240,GCATGTGATGTAGC,cell_109458,31
68251,GCCCAACTCGGAGA,cell_109474,31
68261,GCCGGAACATCAGC,cell_109489,31
68265,GCCTCAACGCCAAT,cell_109496,31
68279,GCGATATGGCTGTA,cell_109517,31
68281,GCGCACGAACCAGT,cell_109519,31
68285,GCGCGATGCCTCAC,cell_109524,31
68290,GCGGGACTATCAGC,cell_109532,31
68297,GCTACAGACAGAGG,cell_109543,31
68326,GGAAGGACGCTCCT,cell_109591,31
68334,GGACCCGAACGGTT,cell_109602,31
68345,GGACGAGATCAGTG,cell_109616,31
68349,GGACGCTGGGTAAA,cell_109622,31
68372,GGAGTTTGCGATAC,cell_109657,31
68381,GGATTTCTCCAAGT,cell_109670,31
68385,GGCAAGGAATGCCA,cell_109675,31
68387,GGCAATACAGTCTG,cell_109677,31
68398,GGCCACGAGAGCTT,cell_109691,31
68411,GGCTAAACGCGTTA,cell_109708,31
68416,GGCTAATGTTTCGT,cell_109713,31
68445,GGGTTAACACTTTC,cell_109749,31
68448,GGTACAACCCTTGC,cell_109754,31
68456,GGTCAAACTAAAGG,cell_109772,31
68471,GTAAGCACAGTACC,cell_109788,31
68476,GTAATAACCTCGCT,cell_109794,31
68485,GTACTACTCTCATT,cell_109804,31
68487,GTAGACTGACCTAG,cell_109806,31
68489,GTAGACTGGCCAAT,cell_109809,31
68497,GTAGGTACAGTCGT,cell_109818,31
68519,GTCAACGATGAAGA,cell_109846,31
68537,GTCGAATGATGGTC,cell_109870,31
68557,GTGAGGGAAACAGA,cell_109892,31
68562,GTGATTCTAGTTCG,cell_109901,31
68563,GTGCAAACAAAAGC,cell_109902,31
68564,GTGCAAACCGTAGT,cell_109903,31
68565,GTGCAAACTCTCGC,cell_109904,31
68574,GTGTACGACTGATG,cell_109920,31
68595,GTTATCTGCCGCTT,cell_109948,31
68635,TAAGAACTCGTACA,cell_110005,31
68643,TAAGCTCTCCCAAA,cell_110018,31
68645,TAAGGCTGAGTCGT,cell_110020,31
68650,TAAGTAACCTTCGC,cell_110025,31
68692,TACGAGTGGTATGC,cell_110081,31
68696,TACGATCTTCCTGC,cell_110085,31
68702,TACGGAACGTTTGG,cell_110094,31
68726,TACTTTCTCTCATT,cell_110126,31
68727,TACTTTCTCTTATC,cell_110127,31
68758,TAGGGACTTCTCTA,cell_110174,31
68761,TAGGTGTGCACACA,cell_110179,31
68765,TAGGTTCTGAATCC,cell_110184,31
68769,TAGTACCTACTGTG,cell_110190,31
68772,TAGTCACTGGAACG,cell_110195,31
68777,TAGTCTTGGGTAGG,cell_110204,31
68790,TATACAGATCTTTG,cell_110222,31
68792,TATAGATGTAAAGG,cell_110226,31
68796,TATCACTGACCAAC,cell_110230,31
68809,TATCTTCTAAGGGC,cell_110248,31
68818,TATGGTCTATCGAC,cell_110259,31
68824,TATTGCTGAGAATG,cell_110266,31
68840,TCACCGTGTAGACC,cell_110293,31
68842,TCACGAGAGACTAC,cell_110297,31
68854,TCAGTACTAGAAGT,cell_110313,31
68855,TCAGTACTCGCAAT,cell_110314,31
68872,TCCCGATGTCCGTC,cell_110345,31
68880,TCCGAGCTCAACTG,cell_110353,31
68894,TCGATACTATGTCG,cell_110379,31
68897,TCGATTTGGAACTC,cell_110385,31
68905,TCGCACTGGCCCTT,cell_110396,31
68909,TCGCCATGATGGTC,cell_110403,31
68911,TCGGACCTGAGAGC,cell_110405,31
68917,TCGTGAGAGGACTT,cell_110414,31
68919,TCGTTATGTCCCGT,cell_110417,31
68928,TCTATGTGCTGACA,cell_110429,31
68935,TCTTACGACCTACC,cell_110438,31
68936,TCTTACGAGAATAG,cell_110439,31
68947,TGAACCGACACTCC,cell_110455,31
68955,TGACACGAAAGCCT,cell_110466,31
68960,TGACGATGAGAAGT,cell_110475,31
68966,TGACTGGAATCGAC,cell_110482,31
68975,TGAGGTACTTTCAC,cell_110497,31
68983,TGATACCTTATGGC,cell_110508,31
68990,TGATCACTTCTCAT,cell_110517,31
68994,TGATTAGAGATAGA,cell_110522,31
68996,TGATTCACTCTTCA,cell_110524,31
68997,TGATTCTGTAACGC,cell_110525,31
69000,TGCAATCTTTTCGT,cell_110531,31
69003,TGCACAGAGACAGG,cell_110534,31
69004,TGCACAGAGCCCTT,cell_110535,31
69005,TGCACAGATTGCAG,cell_110536,31
69025,TGCGATGAACGCTA,cell_110568,31
69045,TGGACCCTAAGATG,cell_110591,31
69048,TGGAGACTCCCGTT,cell_110595,31
69050,TGGAGGGAAGTAGA,cell_110598,31
69055,TGGATGACCGCTAA,cell_110604,31
69057,TGGATGACTGGTCA,cell_110607,31
69066,TGGTAGACAGCTCA,cell_110619,31
69076,TGTAAAACGACAGG,cell_110634,31
69078,TGTAACCTCGTTAG,cell_110636,31
69088,TGTATGCTTTCGGA,cell_110650,31
69095,TGTGAGACTTGAGC,cell_110657,31
69102,TGTGGATGTTGGTG,cell_110666,31
69113,TTACGACTGCGAGA,cell_110685,31
69133,TTATGAGATAACCG,cell_110719,31
69137,TTATGCACGATACC,cell_110723,31
69138,TTATGGCTCGTTGA,cell_110724,31
69142,TTCAAGCTCCTCAC,cell_110733,31
69154,TTCATTCTTGGCAT,cell_110753,31
69163,TTCCTAGAAAGGGC,cell_110765,31
69176,TTCTTACTTCTCAT,cell_110789,31
69179,TTGACACTTTTCTG,cell_110797,31
69186,TTGCTATGGAGCTT,cell_110808,31
69190,TTGGAGTGCTGAAC,cell_110813,31
69196,TTGTCATGTTGACG,cell_110823,31
69199,TTTAGCTGGGACAG,cell_110826,31
69231,AAAGGCCTACCAGT,cell_110881,32
69237,AAATCATGGATAGA,cell_110888,32
69273,AACCTTACTAAGCC,cell_110936,32
69276,AACGCATGTCTTAC,cell_110942,32
69277,AACGGTACTAGTCG,cell_110943,32
69280,AACGGTTGTATCTC,cell_110946,32
69282,AACGTCGAGAGCTT,cell_110948,32
69293,AACTCTTGTGCTCC,cell_110963,32
69298,AAGAAGACGTCTAG,cell_110970,32
69302,AAGACAGACGTCTC,cell_110976,32
69303,AAGACAGAGAAAGT,cell_110977,32
69312,AAGATTACCCGCTT,cell_110988,32
69328,AAGCGACTGATACC,cell_111009,32
69337,AAGGCTTGGTTCTT,cell_111020,32
69339,AAGGTCACCTCGCT,cell_111022,32
69361,AATAACACAAAACG,cell_111058,32
69363,AATACCCTGTCCTC,cell_111061,32
69387,AATGATACTATCTC,cell_111095,32
69391,AATGCGTGTTGGCA,cell_111099,32
69392,AATGGAGAGTGTCA,cell_111101,32
69395,AATGTCCTGAGGGT,cell_111106,32
69397,AATGTTGACATTCT,cell_111109,32
69401,AATTCCTGCGAGAG,cell_111115,32
69402,AATTCCTGTGACAC,cell_111116,32
69412,ACAATAACCACTTT,cell_111133,32
69417,ACACCAGATAGACC,cell_111145,32
69421,ACACGATGTGTTTC,cell_111151,32
69445,ACCACCTGTTCTGT,cell_111183,32
69448,ACCAGCCTAGTCTG,cell_111187,32
69458,ACCCGTTGCGCATA,cell_111200,32
69464,ACCGTGCTAAACAG,cell_111208,32
69469,ACCTATTGTTCACT,cell_111215,32
69470,ACCTCCGAAAGAAC,cell_111216,32
69472,ACCTCGTGTCAGAC,cell_111223,32
69495,ACGATTCTAGACTC,cell_111256,32
69503,ACGCTCACCACTTT,cell_111269,32
69511,ACGGATTGTGACTG,cell_111279,32
69513,ACGGCGTGCAACCA,cell_111281,32
69525,ACGTAGACAATCGC,cell_111295,32
69536,ACGTGCCTTTGCAG,cell_111308,32
69548,ACTCAGGAAAGCAA,cell_111324,32
69549,ACTCAGGACCCTAC,cell_111325,32
69550,ACTCAGGAGCGAGA,cell_111327,32
69552,ACTCCTCTCCTGAA,cell_111333,32
69557,ACTCTATGAAGCCT,cell_111342,32
69569,ACTGCCACTACGAC,cell_111356,32
69570,ACTGCCTGTCTACT,cell_111357,32
69573,ACTGTGGAGCCATA,cell_111362,32
69588,AGAACAGAATGTCG,cell_111383,32
69599,AGACACTGTCTACT,cell_111397,32
69607,AGACTCGAAACTGC,cell_111407,32
69615,AGAGCGGAATTGGC,cell_111419,32
69619,AGAGGTCTGGTGAG,cell_111425,32
69630,AGATATTGGCCCTT,cell_111439,32
69636,AGATTCCTAACGTC,cell_111445,32
69649,AGCATGACCGTAAC,cell_111461,32
69662,AGCGCCGAAACAGA,cell_111483,32
69670,AGCGGGCTTGAACC,cell_111496,32
69678,AGCTTACTTACAGC,cell_111510,32
69684,AGGAATGACAAGCT,cell_111517,32
69693,AGGCAGGATTGCGA,cell_111534,32
69695,AGGCCTCTCGAATC,cell_111536,32
69701,AGGGACGAGTCGTA,cell_111545,32
69704,AGGGACGATGGGAG,cell_111548,32
69718,AGGTCTGAATACCG,cell_111569,32
69726,AGTAATTGTTTCGT,cell_111581,32
69727,AGTACGTGCGTTGA,cell_111584,32
69729,AGTAGGCTTGGGAG,cell_111589,32
69737,AGTCACGACTATGG,cell_111600,32
69752,AGTGTGACTCACGA,cell_111619,32
69772,ATAACAACTTTGTC,cell_111647,32
69779,ATACAATGGGATCT,cell_111658,32
69786,ATACCACTCTCTTA,cell_111666,32
69797,ATAGAACTGTTCTT,cell_111681,32
69798,ATAGATACCGGGAA,cell_111682,32
69802,ATAGCCGAATCACG,cell_111689,32
69819,ATCAAATGAAGAGT,cell_111719,32
69820,ATCAAATGACGGAG,cell_111720,32
69827,ATCACGGATTCTGT,cell_111727,32
69849,ATCGCAGAACTCAG,cell_111754,32
69855,ATCGGTGACGTTGA,cell_111763,32
69857,ATCGTTTGTCCTGC,cell_111765,32
69877,ATGAAACTACACGT,cell_111789,32
69878,ATGAAGGAATTTCC,cell_111790,32
69908,ATGTAAACTTACCT,cell_111827,32
69920,ATTACCACAAAGCA,cell_111844,32
69947,ATTGATGATAAGCC,cell_111878,32
69964,ATTTCTCTAAGTGA,cell_111907,32
69972,CAACAGACGAAAGT,cell_111919,32
69989,CAAGACACTCCTAT,cell_111944,32
70005,CAATATGATCCGTC,cell_111971,32
70021,CACAATCTTTCTCA,cell_111988,32
70025,CACAGTGAGCTTCC,cell_111997,32
70037,CACTAACTAGAACA,cell_112020,32
70045,CACTGAGAACGGGA,cell_112029,32
70046,CACTGAGAACTACG,cell_112030,32
70060,CAGACCCTCTCTTA,cell_112048,32
70062,CAGACTGAGCGTAT,cell_112053,32
70065,CAGAGGGATAACCG,cell_112057,32
70074,CAGCTAGACCAGTA,cell_112082,32
70095,CAGTGATGTGTGCA,cell_112113,32
70096,CAGTGTGACCTCCA,cell_112114,32
70104,CATAAAACAGAGAT,cell_112124,32
70116,CATAGTCTAAAACG,cell_112139,32
70117,CATATAGAATGTCG,cell_112142,32
70118,CATCAACTCGTCTC,cell_112144,32
70130,CATGAGACACAGCT,cell_112162,32
70133,CATGAGACTTGCTT,cell_112167,32
70138,CATGCCACTTGTCT,cell_112172,32
70156,CATTACACCTTGTT,cell_112199,32
70157,CATTACACTATTCC,cell_112200,32
70190,CCAAGTGAACCGAT,cell_112239,32
70196,CCACTGACACGGAG,cell_112250,32
70201,CCAGATGAGCCCTT,cell_112258,32
70218,CCATCCGAGTATGC,cell_112281,32
70222,CCATGCTGCGGGAA,cell_112288,32
70223,CCATGCTGGGAACG,cell_112289,32
70226,CCCAACACGCGTAT,cell_112297,32
70230,CCCACATGACCTGA,cell_112301,32
70231,CCCACATGCAGGAG,cell_112302,32
70232,CCCACATGTCCAGA,cell_112303,32
70233,CCCAGACTAGAACA,cell_112304,32
70236,CCCAGTTGTACGCA,cell_112307,32
70244,CCCGAACTCTACCC,cell_112316,32
70264,CCGATAGACAAAGA,cell_112345,32
70268,CCGCGAGAAGACTC,cell_112350,32
70274,CCGCTATGCACACA,cell_112357,32
70278,CCGGAGTGAACTGC,cell_112361,32
70293,CCTCATCTTCCTGC,cell_112383,32
70306,CCTGAGCTGAACCT,cell_112398,32
70326,CGACCGGAATGCTG,cell_112427,32
70329,CGACCGGATAGAAG,cell_112430,32
70339,CGACGTCTAGACTC,cell_112441,32
70363,CGAGTATGAGCGGA,cell_112470,32
70364,CGATACGACAGTTG,cell_112473,32
70365,CGATAGACAAGCAA,cell_112475,32
70368,CGATCAGAAAACGA,cell_112479,32
70376,CGCACGGAGGGTGA,cell_112490,32
70389,CGCCTAACTTCCCG,cell_112508,32
70405,CGGAGGCTTTGCGA,cell_112535,32
70433,CGTCGACTAAACAG,cell_112574,32
70436,CGTGAAACCCGTAA,cell_112579,32
70437,CGTGAAACCGTGTA,cell_112580,32
70447,CGTTTAACCAACTG,cell_112597,32
70448,CGTTTAACGAAACA,cell_112598,32
70450,CTAACACTCAGAAA,cell_112604,32
70452,CTAACTACTGCGTA,cell_112608,32
70453,CTAAGGTGACCTGA,cell_112609,32
70455,CTAATGCTTGATGC,cell_112612,32
70473,CTAGAGACGGTCAT,cell_112636,32
70474,CTAGAGACTCGCAA,cell_112637,32
70483,CTAGGTGATCATTC,cell_112651,32
70489,CTATACTGGAGCTT,cell_112660,32
70490,CTATACTGGTTTCT,cell_112661,32
70492,CTATAGCTCGCTAA,cell_112665,32
70497,CTATCAACTGTCCC,cell_112673,32
70513,CTCAGAGACATTCT,cell_112695,32
70517,CTCAGCACAGCAAA,cell_112700,32
70523,CTCAGGCTTCCTCG,cell_112706,32
70526,CTCATTGATCTTAC,cell_112711,32
70534,CTCCGAACCCCTTG,cell_112720,32
70535,CTCGAAGAAGATCC,cell_112724,32
70540,CTCGACTGTAGAGA,cell_112731,32
70541,CTCGAGCTCGCATA,cell_112733,32
70544,CTCTAAACATTCGG,cell_112738,32
70546,CTCTAATGGAATAG,cell_112742,32
70552,CTGAACGATGGATC,cell_112748,32
70565,CTGAGAACTTTGGG,cell_112766,32
70572,CTGTGAGACTCCAC,cell_112779,32
70573,CTTAAAGAGTGCAT,cell_112781,32
70577,CTTAACACATCGGT,cell_112785,32
70580,CTTACATGATCACG,cell_112790,32
70594,CTTCTAGATACAGC,cell_112810,32
70619,GAAAGATGCCTCGT,cell_112846,32
70630,GAACAGCTGCATAC,cell_112860,32
70631,GAACCAACAAGAAC,cell_112861,32
70633,GAACGGGATGTGCA,cell_112865,32
70645,GAAGATGATAGACC,cell_112879,32
70654,GAAGCTTGTAAGGA,cell_112888,32
70663,GAAGTGCTACCTAG,cell_112904,32
70701,GACGATTGGCAGAG,cell_112957,32
70719,GACTGTGATCAGAC,cell_112981,32
70722,GACTTTACTCTTTG,cell_112986,32
70726,GAGAGGTGAGCCAT,cell_112990,32
70738,GAGCGCACGTCACA,cell_113008,32
70767,GAGTACTGAATCGC,cell_113052,32
70774,GAGTCTGAGGACAG,cell_113059,32
70778,GAGTGACTGTGTAC,cell_113064,32
70791,GATAGAGAAGCACT,cell_113087,32
70800,GATATCCTGGATCT,cell_113100,32
70801,GATATTGACTAAGC,cell_113101,32
70802,GATATTGAGGGTGA,cell_113102,32
70824,GATTCTACCGTCTC,cell_113132,32
70832,GATTTAGAGAAAGT,cell_113145,32
70838,GCAAACTGTTTGTC,cell_113155,32
70839,GCAACTGACCTCAC,cell_113157,32
70848,GCACAATGTTCTAC,cell_113171,32
70858,GCACTGCTATCTTC,cell_113187,32
70871,GCAGTCCTACGTTG,cell_113207,32
70892,GCCCAACTAGAACA,cell_113237,32
70903,GCCTAGCTGGATTC,cell_113255,32
70917,GCGCATCTAGCACT,cell_113273,32
70924,GCGGAGCTTGTTCT,cell_113286,32
70927,GCGTAAACAAGGGC,cell_113291,32
70932,GCGTACCTCCATGA,cell_113298,32
70939,GCTACGCTGTGCTA,cell_113311,32
70950,GCTTGAGATCCTGC,cell_113332,32
70957,GGAAGGACGCTCCT,cell_113339,32
70986,GGAGAGACGGGCAA,cell_113377,32
70993,GGAGGCCTATACCG,cell_113388,32
71004,GGATACTGCGCCTT,cell_113399,32
71017,GGCAAGGAGCTATG,cell_113414,32
71022,GGCAATACTTCAGG,cell_113420,32
71041,GGCGCATGCACAAC,cell_113446,32
71051,GGGAACGAAAAACG,cell_113458,32
71054,GGGAACGAGCAGTT,cell_113461,32
71069,GGGCAGCTGTATGC,cell_113480,32
71075,GGGTAACTTCTTTG,cell_113490,32
71087,GGTCAAACTAAAGG,cell_113511,32
71096,GTAACGTGAGAATG,cell_113524,32
71098,GTAAGCACCCCGTT,cell_113527,32
71099,GTAAGCACGATAGA,cell_113528,32
71105,GTACGAACATACCG,cell_113541,32
71120,GTAGTGTGCACTTT,cell_113566,32
71129,GTCCACACCAACTG,cell_113583,32
71130,GTCCACTGGCAAGG,cell_113585,32
71147,GTGATCGACCTACC,cell_113613,32
71149,GTGATGACATTCTC,cell_113617,32
71154,GTGCTAGATCTCGC,cell_113623,32
71170,GTTAAAACACCAAC,cell_113642,32
71178,GTTACGGACTATTC,cell_113652,32
71181,GTTAGGTGTTACTC,cell_113656,32
71188,GTTATGCTCCTTAT,cell_113665,32
71195,GTTGACGATGAGCT,cell_113675,32
71204,GTTGGATGTGATGC,cell_113690,32
71219,TAAGAACTTACGCA,cell_113714,32
71231,TAAGGCTGCTACGA,cell_113733,32
71232,TAAGGGCTCTCGAA,cell_113735,32
71233,TAAGTAACCCTACC,cell_113738,32
71243,TACAATGAACCGAT,cell_113756,32
71249,TACATAGATCTTCA,cell_113763,32
71252,TACCATTGGGGACA,cell_113767,32
71297,TAGATTGAAACGTC,cell_113842,32
71300,TAGCATCTGCCTTC,cell_113846,32
71302,TAGCCCTGTGGTCA,cell_113849,32
71308,TAGCCGCTGTGTAC,cell_113855,32
71312,TAGCTACTGCTAAC,cell_113861,32
71313,TAGCTACTGTTGCA,cell_113863,32
71331,TAGGTGACCAACCA,cell_113889,32
71344,TAGTATGAGATAGA,cell_113908,32
71345,TAGTATGAGGAACG,cell_113909,32
71356,TAGTTCACAGTGTC,cell_113924,32
71363,TATACAGATTCGTT,cell_113934,32
71365,TATACCACGTTACG,cell_113937,32
71378,TATCCAACGCGTAT,cell_113954,32
71382,TATCTCGAACGGAG,cell_113960,32
71384,TATCTCGATGGTAC,cell_113962,32
71389,TATCTTCTTTCTGT,cell_113970,32
71390,TATGCGGAGGTGTT,cell_113972,32
71395,TATGGGTGCGGTAT,cell_113978,32
71401,TATGTCTGTGAGCT,cell_113985,32
71402,TATGTGCTGTTTGG,cell_113988,32
71432,TCAGACGACTGAGT,cell_114024,32
71433,TCAGAGACAAGATG,cell_114025,32
71434,TCAGCGCTCTTCGC,cell_114029,32
71436,TCAGGATGCGGTAT,cell_114031,32
71440,TCAGTGGACTGAAC,cell_114036,32
71444,TCAGTTACGAACTC,cell_114041,32
71448,TCATCATGCCTACC,cell_114046,32
71458,TCCACTCTGTTCAG,cell_114061,32
71463,TCCATCCTCTGAGT,cell_114066,32
71480,TCCTATGACCGATA,cell_114094,32
71482,TCCTATGATAACGC,cell_114096,32
71492,TCGATTTGTGACAC,cell_114117,32
71503,TCGCAGCTGCTTCC,cell_114128,32
71511,TCGGTAGATGCCAA,cell_114140,32
71532,TCTAGTTGGTTGGT,cell_114170,32
71535,TCTCAAACATAAGG,cell_114174,32
71544,TCTTACGACATTCT,cell_114184,32
71579,TGATAAACGGAGCA,cell_114237,32
71584,TGATACCTTATGGC,cell_114245,32
71587,TGATATGACGCAAT,cell_114248,32
71597,TGCAAGACACCTCC,cell_114266,32
71612,TGCCCAACCTTGGA,cell_114290,32
71629,TGCTGAGATCCAGA,cell_114318,32
71630,TGCTTAACCATTGG,cell_114319,32
71631,TGCTTAACTTACCT,cell_114321,32
71636,TGGAACACTTTGCT,cell_114328,32
71640,TGGAAGCTCTCATT,cell_114332,32
71649,TGGATCGACGTTGA,cell_114344,32
71655,TGGATTCTGTTCTT,cell_114352,32
71665,TGGTAGACTTGACG,cell_114366,32
71666,TGGTAGTGGAGCTT,cell_114367,32
71667,TGGTATCTAGTACC,cell_114368,32
71675,TGTACTTGCTTAGG,cell_114380,32
71682,TGTATCTGTCGTTT,cell_114389,32
71692,TGTGAGACGAGATA,cell_114405,32
71709,TTAACCACCAACTG,cell_114428,32
71710,TTAACCACGAGAGC,cell_114429,32
71717,TTACCATGTCGCTC,cell_114440,32
71734,TTAGGTCTGACAAA,cell_114463,32
71736,TTAGTCTGCATTCT,cell_114465,32
71737,TTATCCGAGCTTAG,cell_114466,32
71740,TTATGAGATGAGAA,cell_114469,32
71745,TTCAAAGACTGTCC,cell_114475,32
71748,TTCAAGCTCCTCAC,cell_114478,32
71766,TTCGAGGAATTTCC,cell_114507,32
71779,TTGACACTAAGATG,cell_114524,32
71781,TTGACACTTTCTGT,cell_114527,32
71788,TTGCTATGAAGGGC,cell_114537,32
71790,TTGGAGTGCTGAAC,cell_114541,32
71793,TTGGTACTAAGCCT,cell_114546,32
71796,TTGTACACCGCATA,cell_114549,32
71827,AAACATACTCGTTT,cell_114585,33
71833,AAACCGTGCTTTAC,cell_114592,33
71851,AAAGAGACTGCCCT,cell_114616,33
71861,AAAGTTTGAGCTCA,cell_114629,33
71873,AAATCCCTTCCTGC,cell_114651,33
71923,AACGCCCTAGGTCT,cell_114730,33
71936,AACGTTCTTGGTGT,cell_114751,33
71948,AACTCGGACTAGTG,cell_114765,33
71961,AAGAATCTAGATGA,cell_114780,33
71966,AAGACAGATACAGC,cell_114786,33
71968,AAGAGATGGCTTCC,cell_114788,33
71976,AAGCACTGTTGGTG,cell_114803,33
71980,AAGCCATGCTAGAC,cell_114808,33
71987,AAGCGTACCTGTAG,cell_114819,33
71999,AAGGCTTGTATCTC,cell_114836,33
72008,AAGTCCGAAGTCAC,cell_114854,33
72016,AAGTTATGGTCACA,cell_114863,33
72018,AAGTTATGTGTCCC,cell_114865,33
72024,AATAAGCTGCTGAT,cell_114876,33
72025,AATAAGCTGCTGTA,cell_114877,33
72026,AATACCCTCAATCG,cell_114878,33
72058,AATCTCTGCTACTT,cell_114927,33
72063,AATCTCTGTGCAGT,cell_114932,33
72068,AATGATACATCTTC,cell_114940,33
72070,AATGATACTTCCGC,cell_114942,33
72074,AATGGAGATCGCCT,cell_114950,33
72076,AATGGCTGCCATGA,cell_114953,33
72087,AATTCCTGTTCATC,cell_114969,33
72093,AATTGATGTTTCTG,cell_114976,33
72106,ACAAGCACTGCAAC,cell_114994,33
72109,ACAATAACGAACCT,cell_114998,33
72126,ACACCAGATGGTCA,cell_115021,33
72131,ACACCCTGGTACAC,cell_115027,33
72146,ACAGTCGACTCAAG,cell_115047,33
72178,ACCAGCCTTCGACA,cell_115091,33
72185,ACCATTTGCCCACT,cell_115101,33
72192,ACCCAAGAAAGAGT,cell_115108,33
72194,ACCCAAGATGCCTC,cell_115110,33
72201,ACCCTCGAAAGCAA,cell_115124,33
72209,ACCGCGGATTTCAC,cell_115133,33
72215,ACCTCGTGGGACGA,cell_115141,33
72222,ACGAACACGTTCGA,cell_115158,33
72233,ACGACCCTATGCTG,cell_115173,33
72243,ACGATCGACTATTC,cell_115183,33
72272,ACGGCGTGTGCAGT,cell_115229,33
72276,ACGGGAGATTTCAC,cell_115233,33
72294,ACGTGCCTCGTTGA,cell_115261,33
72305,ACGTTTACCTAGCA,cell_115274,33
72310,ACTACTACCTGCAA,cell_115284,33
72321,ACTCCCGATGTTTC,cell_115300,33
72324,ACTCGAGAACCGAT,cell_115305,33
72334,ACTGAGACTCTACT,cell_115322,33
72346,ACTGTGGACCCACT,cell_115338,33
72351,ACTGTTACGTGTAC,cell_115344,33
72364,ACTTCCCTGATACC,cell_115360,33
72366,ACTTCCCTGGTAAA,cell_115362,33
72374,ACTTGGGAGAACTC,cell_115371,33
72377,ACTTGTACACGGGA,cell_115375,33
72380,ACTTGTACGTCAAC,cell_115379,33
72385,AGAAACGATGGTGT,cell_115384,33
72394,AGAACGCTGTTTGG,cell_115396,33
72398,AGAATACTGAATCC,cell_115401,33
72407,AGACCTGAATCACG,cell_115414,33
72413,AGACTCGAAAGTAG,cell_115422,33
72414,AGACTCGAGAATGA,cell_115423,33
72419,AGACTTCTGCAGTT,cell_115429,33
72429,AGAGGTCTCGAGAG,cell_115443,33
72448,AGATTCCTACGGTT,cell_115467,33
72449,AGATTCCTGGTACT,cell_115468,33
72474,AGCATGACCGTAAC,cell_115502,33
72477,AGCATTCTCACTAG,cell_115510,33
72491,AGCCGGTGATCAGC,cell_115528,33
72498,AGCCTCTGCCAATG,cell_115537,33
72517,AGCGGGCTTGAACC,cell_115563,33
72520,AGCTCGCTAACTGC,cell_115567,33
72522,AGCTCGCTCCCTAC,cell_115569,33
72533,AGCTGTGATCCTGC,cell_115583,33
72537,AGCTTTACCCGATA,cell_115588,33
72552,AGGAGTCTAATCGC,cell_115606,33
72556,AGGATAGATTGCAG,cell_115612,33
72567,AGGCTAACTTGCGA,cell_115626,33
72576,AGGGCCACGACGAG,cell_115641,33
72604,AGGTTGTGACCTCC,cell_115683,33
72643,AGTGAAGAGGATTC,cell_115737,33
72644,AGTGAAGAGTGTCA,cell_115738,33
72645,AGTGAAGATGCCAA,cell_115739,33
72668,AGTTGTCTTAGACC,cell_115771,33
72675,ATAAACACCAACCA,cell_115781,33
72678,ATAAACACGACAAA,cell_115784,33
72682,ATAACAACGAAACA,cell_115789,33
72688,ATAAGTTGCCCTAC,cell_115801,33
72689,ATAAGTTGGGTCTA,cell_115802,33
72698,ATACAATGTTTCAC,cell_115819,33
72712,ATACGTCTACGGGA,cell_115839,33
72720,ATAGATACCCAAGT,cell_115850,33
72738,ATCAAATGTCTGGA,cell_115877,33
72740,ATCACACTGAGGAC,cell_115880,33
72741,ATCACGGACGTTAG,cell_115883,33
72747,ATCACTTGCACTGA,cell_115894,33
72758,ATCATCTGTTCTCA,cell_115909,33
72777,ATCGACGAGTGCTA,cell_115935,33
72779,ATCGAGTGACTCAG,cell_115937,33
72780,ATCGAGTGCGGTAT,cell_115939,33
72787,ATCGCCTGAGCAAA,cell_115949,33
72792,ATCGCGCTACTGTG,cell_115955,33
72806,ATCTACACCATCAG,cell_115971,33
72808,ATCTACACGCCTTC,cell_115973,33
72816,ATCTACTGTTACTC,cell_115984,33
72818,ATCTCAACTAGAGA,cell_115986,33
72824,ATCTTTCTACCTTT,cell_115995,33
72828,ATGAAGGATTCCAT,cell_116002,33
72829,ATGACGTGTACGAC,cell_116005,33
72830,ATGACGTGTTTACC,cell_116008,33
72834,ATGAGAGATGCATG,cell_116013,33
72837,ATGATAACTTGAGC,cell_116018,33
72838,ATGATATGAGCACT,cell_116019,33
72843,ATGCACGATATGCG,cell_116025,33
72867,ATGCTTTGTTTGGG,cell_116055,33
72873,ATGGTGACTCTCTA,cell_116067,33
72879,ATGTCACTTCGACA,cell_116077,33
72886,ATGTTAGATGTGCA,cell_116090,33
72888,ATGTTGCTCTCCAC,cell_116093,33
72903,ATTAGTGACCTGAA,cell_116114,33
72911,ATTCAAGATGTGCA,cell_116124,33
72923,ATTCGACTAGCGTT,cell_116137,33
72947,ATTGCTTGGGAAGC,cell_116177,33
72950,ATTGTAGACCATGA,cell_116181,33
72954,ATTTAGGACTGTTT,cell_116187,33
72958,ATTTCGTGCACTCC,cell_116193,33
72961,CAAACTCTAAGAGT,cell_116198,33
72979,CAACAGACGAGGCA,cell_116226,33
72983,CAACCAGACTCAGA,cell_116232,33
73023,CAATCGGAGTTGGT,cell_116291,33
73030,CACAACGACTTATC,cell_116303,33
73036,CACAGAACCGGGAA,cell_116314,33
73052,CACCCATGACGGTT,cell_116338,33
73069,CACGATGAACGGTT,cell_116364,33
73089,CACTCCGATCCTCG,cell_116389,33
73092,CACTCTCTACGACT,cell_116392,33
73109,CAGACAACATTTCC,cell_116420,33
73124,CAGATCGATTCGGA,cell_116437,33
73140,CAGCTAGACCAGTA,cell_116467,33
73142,CAGCTCACTGGTGT,cell_116470,33
73144,CAGCTCTGACGTTG,cell_116472,33
73150,CAGCTCTGGTGTCA,cell_116478,33
73161,CAGGGCACCCTTAT,cell_116491,33
73164,CAGGTAACGAGAGC,cell_116494,33
73165,CAGGTAACGCGTAT,cell_116495,33
73166,CAGGTAACGTTGTG,cell_116496,33
73169,CAGGTTGACCGCTT,cell_116501,33
73186,CATAAATGACACGT,cell_116527,33
73202,CATATAGACACAAC,cell_116547,33
73223,CATCTCCTACCAAC,cell_116582,33
73259,CATTAGCTAGCAAA,cell_116631,33
73260,CATTAGCTATCGTG,cell_116632,33
73271,CATTGTACCGCCTT,cell_116649,33
73274,CATTGTTGCCCGTT,cell_116653,33
73293,CCAAGATGTAGCCA,cell_116681,33
73303,CCACCATGGGTTCA,cell_116696,33
73320,CCAGCTACAGCACT,cell_116727,33
73334,CCATCCGAGTGTTG,cell_116745,33
73337,CCATGCTGATCTCT,cell_116750,33
73355,CCCACATGTCCAGA,cell_116773,33
73360,CCCATCGAAACCGT,cell_116780,33
73364,CCCGAACTCTATTC,cell_116786,33
73378,CCCTCAGATGCCTC,cell_116810,33
73382,CCCTGAACAAAGTG,cell_116814,33
73417,CCTATAACGTGTAC,cell_116863,33
73418,CCTATTGATCCAGA,cell_116864,33
73420,CCTCATCTTTCTTG,cell_116868,33
73425,CCTGACTGAGGAGC,cell_116877,33
73463,CGACCTACCTCAAG,cell_116943,33
73473,CGACTCTGAGATGA,cell_116956,33
73478,CGACTGCTTGCAGT,cell_116964,33
73491,CGAGGAGAATGCCA,cell_116982,33
73511,CGCAAATGCTGTAG,cell_117006,33
73523,CGCAACCTTCAGAC,cell_117019,33
73547,CGCCTAACTGAGAA,cell_117052,33
73548,CGCCTAACTTGACG,cell_117053,33
73567,CGGAATTGTAGAAG,cell_117080,33
73569,CGGACCGAAGACTC,cell_117084,33
73584,CGGCATCTCTGAAC,cell_117106,33
73600,CGTAACGATTTCTG,cell_117134,33
73614,CGTCAAGATCTCAT,cell_117156,33
73633,CGTTAACTCCAGTA,cell_117186,33
73641,CTAACACTCAGAAA,cell_117200,33
73647,CTAACTACCGCAAT,cell_117206,33
73653,CTAAGGACCGGGAA,cell_117214,33
73661,CTACAACTGCTACA,cell_117226,33
73674,CTACTCCTATAAGG,cell_117242,33
73679,CTAGATCTGGTTAC,cell_117248,33
73691,CTAGGTGATAGAGA,cell_117267,33
73702,CTATCAACGGCGAA,cell_117282,33
73715,CTATGTTGCACTGA,cell_117303,33
73717,CTATTGACTATCGG,cell_117306,33
73741,CTCCGAACCCCTTG,cell_117339,33
73745,CTCGACACAACGGG,cell_117349,33
73749,CTCGACTGTAGAGA,cell_117355,33
73750,CTCGAGCTCCTTTA,cell_117357,33
73753,CTCGCATGGGTAAA,cell_117363,33
73767,CTGACCACCAAGCT,cell_117388,33
73770,CTGATTTGTCTCAT,cell_117398,33
73787,CTGTGAGATCCCGT,cell_117423,33
73791,CTTAAAGATGCCTC,cell_117429,33
73793,CTTAACACCTGACA,cell_117431,33
73804,CTTACATGTGAAGA,cell_117446,33
73828,CTTGAACTTCCTGC,cell_117481,33
73834,CTTTACGACCCGTT,cell_117491,33
73842,GAAACAGAAGCGGA,cell_117507,33
73847,GAAAGATGTGATGC,cell_117515,33
73853,GAAAGTGATACAGC,cell_117523,33
73858,GAACAGCTGAGGTG,cell_117533,33
73859,GAACAGCTGCATAC,cell_117535,33
73868,GAAGAATGCAGCTA,cell_117549,33
73875,GAAGCGGATCCAGA,cell_117559,33
73880,GAAGGGTGAAGTAG,cell_117571,33
73887,GAAGTCACGGTAGG,cell_117579,33
73894,GAATGCACATTCTC,cell_117591,33
73911,GACACTGAATGACC,cell_117620,33
73918,GACAGTACCAGTTG,cell_117631,33
73926,GACCATGATCAGTG,cell_117648,33
73931,GACGAACTCGATAC,cell_117659,33
73936,GACGATTGCTCAGA,cell_117665,33
73940,GACGCTCTAGAGAT,cell_117670,33
73942,GACGCTCTTTCTCA,cell_117673,33
73945,GACGTAACGCATCA,cell_117678,33
73969,GAGATAGACATTGG,cell_117710,33
73974,GAGATCACAAGGTA,cell_117715,33
73979,GAGATGCTAACGAA,cell_117721,33
73994,GAGCGAGATTTCGT,cell_117749,33
74025,GAGGTTACGAACTC,cell_117792,33
74027,GAGGTTTGTGTGCA,cell_117797,33
74037,GAGTCTGAAAGATG,cell_117811,33
74051,GATAGAGAGGTGGA,cell_117835,33
74052,GATAGAGATTGCGA,cell_117836,33
74081,GATCTTTGCGTAGT,cell_117877,33
74085,GATGCAACACTGTG,cell_117883,33
74088,GATGCATGGTCTAG,cell_117887,33
74114,GCAATCGAGTGTTG,cell_117928,33
74120,GCACAAACGTCGAT,cell_117938,33
74123,GCACAATGCTCAGA,cell_117941,33
74126,GCACACCTACCAAC,cell_117945,33
74133,GCACCACTTCAAGC,cell_117954,33
74135,GCACCTACGGAGGT,cell_117957,33
74143,GCACGTCTCATTGG,cell_117968,33
74156,GCAGCCGAGTGTTG,cell_117989,33
74159,GCAGCGTGGCGTTA,cell_117993,33
74161,GCAGCTCTCGTCTC,cell_117995,33
74184,GCCAACCTTCGCTC,cell_118026,33
74199,GCCGACGACTATTC,cell_118052,33
74226,GCGATATGGCTGTA,cell_118098,33
74242,GCGGGACTATCAGC,cell_118117,33
74249,GCGTATGAGTAGCT,cell_118132,33
74254,GCTACAGAGGAGGT,cell_118139,33
74267,GCTAGATGGAATAG,cell_118157,33
74293,GGAACTACAGGTTC,cell_118189,33
74316,GGACCGTGGCGTTA,cell_118225,33
74326,GGACGCTGCCACAA,cell_118236,33
74336,GGAGAGACGGGCAA,cell_118250,33
74356,GGATGTACCTGAAC,cell_118288,33
74381,GGCATATGACGGAG,cell_118324,33
74383,GGCCACGAGAGCTT,cell_118328,33
74397,GGCGACACGTTGAC,cell_118345,33
74398,GGCGACACTTGACG,cell_118346,33
74405,GGCGGACTGAGACG,cell_118356,33
74421,GGGAAGTGGTTCTT,cell_118378,33
74442,GGGTAACTGCTTCC,cell_118414,33
74444,GGGTTAACCGAGTT,cell_118416,33
74456,GGGTTATGGGTTCA,cell_118430,33
74458,GGTACAACAACTGC,cell_118433,33
74468,GGTATGACGTAAGA,cell_118447,33
74489,GTAACGTGGCCCTT,cell_118475,33
74497,GTAATAACCCATAG,cell_118485,33
74498,GTAATAACCGCATA,cell_118486,33
74511,GTACTTTGCAATCG,cell_118506,33
74517,GTAGACTGCCAAGT,cell_118512,33
74533,GTAGTGTGCAAAGA,cell_118540,33
74540,GTATTCACGCAAGG,cell_118553,33
74545,GTCAATCTAACCAC,cell_118562,33
74546,GTCAATCTCTACTT,cell_118563,33
74567,GTCTAACTAAAGCA,cell_118592,33
74584,GTGATCGAACCAAC,cell_118623,33
74587,GTGATCGACCTACC,cell_118626,33
74591,GTGATGACATTCTC,cell_118633,33
74605,GTGGTAACAGGCGA,cell_118656,33
74618,GTGTGATGTCGACA,cell_118674,33
74624,GTTAAATGTGGATC,cell_118682,33
74626,GTTAACCTACGTAC,cell_118685,33
74629,GTTACTACGCGTAT,cell_118690,33
74650,GTTGTACTATCACG,cell_118734,33
74656,TAAACAACGAACCT,cell_118744,33
74672,TAACAATGGGCATT,cell_118767,33
74681,TAACTAGATCCAAG,cell_118782,33
74683,TAAGAACTCCACCT,cell_118787,33
74692,TAAGCGTGACCCTC,cell_118799,33
74701,TAAGCTCTTTGCAG,cell_118811,33
74720,TAATGATGATTCTC,cell_118833,33
74728,TACAAATGGGTCTA,cell_118848,33
74741,TACCATTGCCGAAT,cell_118864,33
74755,TACGATCTTCCTGC,cell_118887,33
74758,TACGCCACGTCGAT,cell_118892,33
74784,TACTCTGACTAGTG,cell_118929,33
74793,TACTTTCTATGACC,cell_118942,33
74794,TACTTTCTCTTATC,cell_118943,33
74795,TACTTTCTGAGCTT,cell_118944,33
74799,TAGAATACTACGAC,cell_118952,33
74802,TAGAATTGCTGTTT,cell_118956,33
74811,TAGATTGAAACGTC,cell_118969,33
74815,TAGCATCTAGTACC,cell_118973,33
74817,TAGCATCTCTCCCA,cell_118975,33
74818,TAGCATCTGCCTTC,cell_118976,33
74819,TAGCATCTGCGGAA,cell_118977,33
74822,TAGCCCACCCTCAC,cell_118981,33
74825,TAGCCCACGGTCTA,cell_118985,33
74830,TAGCCGCTCTGCTC,cell_118993,33
74834,TAGGAGCTGGTTCA,cell_119004,33
74853,TAGGTTCTTCCTTA,cell_119033,33
74860,TAGTATGAGGAACG,cell_119044,33
74862,TAGTCACTAGCAAA,cell_119047,33
74863,TAGTCACTGGAACG,cell_119049,33
74865,TAGTCACTTTGGCA,cell_119051,33
74886,TATAGATGGTTTGG,cell_119086,33
74889,TATAGCCTTAAAGG,cell_119089,33
74909,TATCTGACTTAGGC,cell_119118,33
74914,TATGCGGAAACGTC,cell_119126,33
74917,TATGCGGATGTCCC,cell_119130,33
74927,TATGGTCTGGACTT,cell_119145,33
74943,TCAAGGACGAGGCA,cell_119172,33
74958,TCACATACACTCAG,cell_119196,33
74965,TCACCTCTTATCTC,cell_119207,33
74967,TCACGAGATGTCAG,cell_119209,33
74970,TCACTATGCCTATT,cell_119212,33
74983,TCAGCGCTGGTCTA,cell_119232,33
74990,TCAGTACTAGAAGT,cell_119240,33
74999,TCATTCGATTGTGG,cell_119257,33
75009,TCCATAACTTAGGC,cell_119273,33
75028,TCCCTACTAAGGTA,cell_119301,33
75034,TCCTAAACAAGTAG,cell_119310,33
75035,TCCTAAACGTAAAG,cell_119312,33
75053,TCGAGCCTGGTCAT,cell_119338,33
75055,TCGATACTATGTCG,cell_119340,33
75058,TCGATTTGACACTG,cell_119343,33
75061,TCGATTTGGAACTC,cell_119346,33
75070,TCGCAGCTACTCTT,cell_119358,33
75072,TCGCCATGCCTATT,cell_119361,33
75077,TCGGACCTATGACC,cell_119367,33
75093,TCTACAACACGGGA,cell_119393,33
75094,TCTAGACTATGTCG,cell_119394,33
75095,TCTAGACTCATCAG,cell_119395,33
75098,TCTAGTTGACAGCT,cell_119399,33
75112,TCTTGATGTGGGAG,cell_119421,33
75113,TGAAATTGGCGATT,cell_119423,33
75147,TGACTTTGTTGTGG,cell_119472,33
75155,TGAGCTGATCTTTG,cell_119489,33
75161,TGAGTCGATCGCAA,cell_119501,33
75165,TGATACCTAGCCTA,cell_119506,33
75167,TGATATGACGGAGA,cell_119509,33
75189,TGCAAGTGGTACCA,cell_119541,33
75191,TGCAATCTCCTGAA,cell_119543,33
75194,TGCACGCTGTAAAG,cell_119549,33
75210,TGCCAGCTGAGACG,cell_119569,33
75216,TGCGATGACTTACT,cell_119580,33
75229,TGCTTAACCTTGAG,cell_119603,33
75244,TGGAACTGCCTTGC,cell_119623,33
75254,TGGAGGGAATCGGT,cell_119633,33
75260,TGGATGACTGGTCA,cell_119641,33
75284,TGGTATCTCAATCG,cell_119678,33
75287,TGGTCAGATAGTCG,cell_119682,33
75295,TGTAATGATTGTGG,cell_119696,33
75298,TGTACTTGCCAACA,cell_119699,33
75299,TGTACTTGTTCGCC,cell_119702,33
75301,TGTAGGTGCTGTGA,cell_119704,33
75304,TGTATCTGCCACCT,cell_119709,33
75313,TGTCAGGAGGAGCA,cell_119720,33
75315,TGTCTAACCTGCTC,cell_119723,33
75318,TGTGACGACGAATC,cell_119727,33
75349,TTACCATGCCCACT,cell_119767,33
75367,TTAGGGACGCTTCC,cell_119793,33
75388,TTATGCACCCATAG,cell_119822,33
75389,TTATGGCTATGGTC,cell_119824,33
75405,TTCAGACTTGCCAA,cell_119847,33
75408,TTCAGTTGGGGCAA,cell_119852,33
75410,TTCATCGATCAGGT,cell_119855,33
75415,TTCATGTGCGGGAA,cell_119863,33
75422,TTCCATGATCCAGA,cell_119876,33
75434,TTCGGAGATCCAGA,cell_119899,33
75444,TTCTCAGATCTTCA,cell_119917,33
75448,TTCTGATGTTTGTC,cell_119923,33
75454,TTGAGGACCTCAAG,cell_119934,33
75460,TTGCTAACTATCGG,cell_119947,33
75472,TTGGGAACGACACT,cell_119963,33
75477,TTGTCATGATCGAC,cell_119971,33
75484,TTTAGCTGGCTGAT,cell_119980,33
75486,TTTAGGCTATCAGC,cell_119982,33
75506,TTTGCATGTACTGG,cell_120019,33
75508,AAACATACTCGTTT,cell_120021,34
75522,AAACTTGACAGTCA,cell_120041,34
75524,AAACTTGACCACCT,cell_120043,34
75527,AAACTTGAGGGAGT,cell_120046,34
75536,AAAGATCTGCTGAT,cell_120058,34
75539,AAAGCAGACAAGCT,cell_120063,34
75541,AAAGCCTGAACAGA,cell_120065,34
75556,AAATGTTGACGTTG,cell_120085,34
75562,AAATTCGAGTCACA,cell_120093,34
75567,AACAAACTCGCCTT,cell_120100,34
75573,AACAGAGACATTTC,cell_120111,34
75578,AACAGCACCTGGTA,cell_120118,34
75584,AACATATGTAACCG,cell_120124,34
75596,AACCTTACCTCGAA,cell_120146,34
75601,AACGCCCTACACGT,cell_120154,34
75604,AACGGTTGGAATCC,cell_120159,34
75605,AACGTCGAGGCATT,cell_120160,34
75626,AAGAAGACTAAGGA,cell_120193,34
75631,AAGACAGATGGTCA,cell_120199,34
75632,AAGAGATGAAGCCT,cell_120200,34
75637,AAGATGGATCGTTT,cell_120209,34
75676,AAGGTGCTCCTACC,cell_120263,34
75679,AAGGTGCTTCTCAT,cell_120267,34
75689,AAGTCTCTAGTAGA,cell_120283,34
75695,AAGTGGCTACGCAT,cell_120292,34
75701,AATAACACTAAGGA,cell_120300,34
75703,AATAAGCTCCCAAA,cell_120302,34
75709,AATACCCTGGAACG,cell_120309,34
75727,AATCTCACTACAGC,cell_120340,34
75728,AATCTCACTTTGGG,cell_120342,34
75740,AATGGCTGCCATGA,cell_120361,34
75741,AATGGCTGCTCAAG,cell_120362,34
75749,AATTACGATGACTG,cell_120374,34
75771,ACACATCTAGAATG,cell_120406,34
75773,ACACATCTCCTGTC,cell_120408,34
75775,ACACCAGACTTATC,cell_120411,34
75776,ACACCAGAGGTTTG,cell_120413,34
75779,ACACCCTGACCTAG,cell_120416,34
75795,ACAGACACCAGTCA,cell_120437,34
75801,ACAGTCGACCACCT,cell_120447,34
75802,ACAGTCGATCCAGA,cell_120448,34
75846,ACCCACTGTTCTGT,cell_120505,34
75850,ACCCAGCTTTACTC,cell_120510,34
75871,ACCTCGTGGCGTTA,cell_120538,34
75875,ACCTTTGAGACTAC,cell_120546,34
75881,ACGAACTGCAGAAA,cell_120553,34
75889,ACGACCCTTATTCC,cell_120562,34
75901,ACGCACCTCATGGT,cell_120580,34
75922,ACGGATTGATGCTG,cell_120614,34
75926,ACGGCTCTCGTGAT,cell_120619,34
75929,ACGGCTCTTTTCAC,cell_120623,34
75935,ACGGTAACAGAGAT,cell_120630,34
75952,ACGTCCTGAAAGCA,cell_120648,34
75955,ACGTCCTGCTCCCA,cell_120652,34
75965,ACGTGCCTAATGCC,cell_120664,34
75966,ACGTGCCTCGTTGA,cell_120666,34
75970,ACGTTGGACTTCTA,cell_120674,34
76000,ACTCTCCTGCAGTT,cell_120719,34
76004,ACTGAGACTCTACT,cell_120724,34
76011,ACTGGCCTAACTGC,cell_120733,34
76033,ACTTGGGATTACTC,cell_120765,34
76038,ACTTTGTGGCTGTA,cell_120771,34
76040,ACTTTGTGGTCGTA,cell_120773,34
76041,AGAAACGATGACCA,cell_120775,34
76042,AGAAACGATGCAGT,cell_120776,34
76058,AGAATGGACGTACA,cell_120804,34
76062,AGACCTGAGATAAG,cell_120810,34
76069,AGACTCGAAACTGC,cell_120818,34
76079,AGAGATGAGGTATC,cell_120836,34
76081,AGAGCGGACTGACA,cell_120838,34
76086,AGAGCTACTCGTTT,cell_120844,34
76090,AGAGTCACGATAGA,cell_120850,34
76092,AGAGTCACTGCATG,cell_120852,34
76107,AGATCGTGTGCTCC,cell_120876,34
76116,AGCAACACCATTGG,cell_120892,34
76122,AGCACAACTTCCGC,cell_120900,34
76128,AGCATCGAATCTTC,cell_120907,34
76133,AGCATTCTCACTAG,cell_120913,34
76139,AGCCGGACAGAATG,cell_120920,34
76144,AGCCGTCTTGGTAC,cell_120928,34
76150,AGCGAACTGGCGAA,cell_120936,34
76153,AGCGATACGGACGA,cell_120939,34
76162,AGCGGCACTTGTGG,cell_120950,34
76167,AGCGTAACAGAGGC,cell_120957,34
76200,AGGAGTCTTGTCAG,cell_121006,34
76204,AGGATAGATTGCAG,cell_121012,34
76215,AGGGACGAGTAGCT,cell_121031,34
76225,AGGGTGGATGCCAA,cell_121046,34
76253,AGTAGAGATCCCAC,cell_121086,34
76262,AGTCAGACGTACAC,cell_121099,34
76274,AGTGACACAAGAGT,cell_121121,34
76294,AGTTCTACGGAGTG,cell_121145,34
76295,AGTTCTACTACTTC,cell_121147,34
76304,AGTTTCACGGACTT,cell_121159,34
76305,AGTTTCACTCCAGA,cell_121160,34
76312,ATAACAACATCACG,cell_121172,34
76315,ATAACATGCTATGG,cell_121175,34
76317,ATAACATGTTTCAC,cell_121178,34
76320,ATAAGTTGTTGGTG,cell_121185,34
76328,ATACCACTGTTGGT,cell_121195,34
76334,ATACCTTGTGTCCC,cell_121207,34
76336,ATACGTCTCCTCAC,cell_121211,34
76347,ATAGATACCCAAGT,cell_121224,34
76367,ATAGTCCTCTAAGC,cell_121253,34
76381,ATCAAATGCGCATA,cell_121273,34
76382,ATCAAATGTCTGGA,cell_121274,34
76384,ATCACACTAACGAA,cell_121276,34
76392,ATCACTTGCACTGA,cell_121287,34
76417,ATCGACGAGGTTTG,cell_121325,34
76429,ATCGTTTGGGTAAA,cell_121343,34
76431,ATCTACTGTCACGA,cell_121346,34
76464,ATGATATGCCTGAA,cell_121397,34
76488,ATGCTTTGCTTGTT,cell_121430,34
76492,ATGGACACTCGCTC,cell_121434,34
76502,ATGTCGGACGCAAT,cell_121450,34
76504,ATGTTCACTGACTG,cell_121452,34
76521,ATTAGTGAATCTCT,cell_121471,34
76524,ATTATGGATAAGGA,cell_121478,34
76528,ATTCAGCTGTAGCT,cell_121485,34
76550,ATTGGGTGAGAGGC,cell_121525,34
76554,ATTGGGTGTCAGTG,cell_121529,34
76556,ATTGGGTGTGTGAC,cell_121531,34
76576,CAAAGCACAAGCAA,cell_121562,34
76599,CAACGTGATGACAC,cell_121598,34
76608,CAAGACTGAATGCC,cell_121608,34
76624,CAAGGTTGCAAGCT,cell_121631,34
76647,CAATGGACACGTTG,cell_121661,34
76655,CAATTCTGGCATAC,cell_121671,34
76658,CACAACGACGACAT,cell_121675,34
76670,CACAGATGGGGACA,cell_121689,34
76676,CACATACTCACTAG,cell_121696,34
76683,CACCCATGTAAGCC,cell_121704,34
76690,CACCGTACTGCCAA,cell_121711,34
76705,CACGGGACCAAGCT,cell_121733,34
76720,CACTCCGAGACGGA,cell_121753,34
76729,CACTGCTGGCTCCT,cell_121768,34
76749,CAGAGGGACCCGTT,cell_121798,34
76754,CAGATCGACATCAG,cell_121804,34
76756,CAGATGACAGCTAC,cell_121807,34
76757,CAGATGACGTAAGA,cell_121809,34
76775,CAGCGGACACTTTC,cell_121828,34
76781,CAGCTAGAGGACTT,cell_121837,34
76799,CAGGGCACTGGATC,cell_121856,34
76800,CAGGTAACCCATAG,cell_121857,34
76805,CAGGTATGTTCTGT,cell_121862,34
76812,CAGTGTGAGATGAA,cell_121871,34
76827,CATATAGAGTCTTT,cell_121900,34
76851,CATGGATGGTTTCT,cell_121935,34
76860,CATGTACTGAACCT,cell_121945,34
76869,CATGTTTGCTGTAG,cell_121956,34
76870,CATTACACCTGGAT,cell_121957,34
76872,CATTAGCTTTTCAC,cell_121965,34
76887,CCAAAGTGATGTGC,cell_121989,34
76895,CCAAGATGGGATTC,cell_122000,34
76906,CCAATTTGTCTAGG,cell_122012,34
76907,CCACCATGAAGCAA,cell_122013,34
76916,CCACGGGATCCTTA,cell_122024,34
76946,CCAGTGCTACGTAC,cell_122065,34
76953,CCATATACCAGTCA,cell_122076,34
76963,CCCAGTTGACCTGA,cell_122099,34
76974,CCCGGAGATCTTCA,cell_122117,34
76976,CCCTACGACTACTT,cell_122120,34
76980,CCCTACGAGGTACT,cell_122124,34
76982,CCCTAGTGCCTCCA,cell_122126,34
76986,CCCTCAGACTGTAG,cell_122130,34
76994,CCGAAAACGTGTCA,cell_122140,34
77008,CCGCTATGTGACTG,cell_122159,34
77012,CCGGAGACTCTCCG,cell_122166,34
77015,CCGGTACTAGAGAT,cell_122171,34
77017,CCGTAAGAGTGTAC,cell_122175,34
77026,CCTACCGATCTCCG,cell_122197,34
77041,CCTCGAACACACCA,cell_122217,34
77045,CCTCTACTGAATAG,cell_122227,34
77078,CGACTCACAAGCCT,cell_122279,34
77080,CGACTCACGACGAG,cell_122281,34
77082,CGACTCTGAAGCAA,cell_122284,34
77099,CGAGGCACGGGTGA,cell_122308,34
77121,CGCAAATGAGAAGT,cell_122339,34
77129,CGCACTACAAGGTA,cell_122350,34
77156,CGCCTAACCACTTT,cell_122384,34
77168,CGCGGATGCTTTAC,cell_122400,34
77169,CGCGGATGGCTCCT,cell_122401,34
77194,CGGACTCTGAGGTG,cell_122439,34
77198,CGGAGGCTGTGTTG,cell_122450,34
77208,CGGCACGAGGACAG,cell_122463,34
77217,CGGGACTGCAGGAG,cell_122476,34
77219,CGGGCATGTGCAGT,cell_122478,34
77221,CGGTAAACACTAGC,cell_122480,34
77228,CGGTCACTTTCTGT,cell_122492,34
77250,CGTGAAACTATGGC,cell_122522,34
77254,CGTGCACTGACGAG,cell_122530,34
77255,CGTGCACTTGACCA,cell_122531,34
77259,CGTTAACTCCAGTA,cell_122537,34
77279,CTAACTACCTGATG,cell_122566,34
77281,CTAAGGACGTAAGA,cell_122568,34
77290,CTAAGGTGTGGATC,cell_122579,34
77297,CTACCTCTGAGAGC,cell_122589,34
77320,CTATAGCTCATACG,cell_122630,34
77325,CTATCCCTCTGTCC,cell_122641,34
77332,CTATGTTGCACTGA,cell_122651,34
77336,CTATTGTGAGCACT,cell_122659,34
77342,CTCAATTGTTTGCT,cell_122667,34
77343,CTCAGAGACATTCT,cell_122668,34
77349,CTCAGGCTGTCATG,cell_122678,34
77353,CTCATTGAGCAGTT,cell_122683,34
77354,CTCCACGAATGCTG,cell_122684,34
77358,CTCCATCTGTGCAT,cell_122691,34
77370,CTCGCATGTTTCAC,cell_122714,34
77373,CTCTAATGTGTTCT,cell_122719,34
77381,CTGACAGAACCTGA,cell_122729,34
77383,CTGACCACCAAGCT,cell_122733,34
77386,CTGAGCCTAAGCCT,cell_122738,34
77394,CTGCAGCTAAGCAA,cell_122750,34
77404,CTGGATGATGCCTC,cell_122762,34
77413,CTGTATACGGTATC,cell_122775,34
77432,CTTACTGAGAACCT,cell_122802,34
77434,CTTAGACTAGGGTG,cell_122804,34
77436,CTTAGACTGTCCTC,cell_122807,34
77452,CTTGAACTTCCTGC,cell_122829,34
77455,CTTGATTGGCATAC,cell_122833,34
77466,CTTTCAGATAGCGT,cell_122852,34
77493,GAAGAATGCTTTAC,cell_122895,34
77509,GAAGGGTGAAGTAG,cell_122914,34
77520,GAAGTCACCATTTC,cell_122930,34
77539,GACACTGATTCTCA,cell_122968,34
77560,GACGAACTCGATAC,cell_123006,34
77561,GACGAACTGCCAAT,cell_123007,34
77570,GACGGCACTACGCA,cell_123019,34
77620,GAGGGATGACCCAA,cell_123103,34
77631,GAGGTTACGAACTC,cell_123119,34
77644,GAGTACTGGCCCTT,cell_123136,34
77658,GAGTTGTGGTCCTC,cell_123158,34
77668,GATATAACCTGTAG,cell_123176,34
77669,GATATAACGAGGTG,cell_123177,34
77672,GATATTGACATGAC,cell_123181,34
77675,GATCCCTGCCAAGT,cell_123185,34
77700,GATTCGGAAGAAGT,cell_123230,34
77702,GATTCGGACTTGGA,cell_123233,34
77703,GATTCGGAGCAAGG,cell_123234,34
77710,GATTGGACAAACGA,cell_123244,34
77720,GATTTAGATCGTGA,cell_123259,34
77726,GCAAACTGTTCACT,cell_123266,34
77753,GCACGGACGAGGGT,cell_123301,34
77771,GCAGCTCTACACGT,cell_123328,34
77773,GCAGCTCTTAGCCA,cell_123331,34
77782,GCAGTTGATCCCGT,cell_123345,34
77794,GCATGTGATGTAGC,cell_123363,34
77811,GCCATGCTAACCTG,cell_123387,34
77888,GCTCAAGAGAGGTG,cell_123511,34
77912,GGAACTACCCTCGT,cell_123542,34
77913,GGAACTACGTCTGA,cell_123543,34
77920,GGAAGGACTCGCCT,cell_123553,34
77931,GGACCGTGGAACCT,cell_123572,34
77941,GGACGCACCTGTAG,cell_123589,34
77943,GGACGCTGGGTTAC,cell_123592,34
77948,GGAGCAGAACGTTG,cell_123598,34
77950,GGAGCAGAGGAGCA,cell_123601,34
77971,GGAGTTTGGATAAG,cell_123632,34
77974,GGATAGCTCTACTT,cell_123636,34
77975,GGATGTACCCGTAA,cell_123638,34
77978,GGATGTTGAGAACA,cell_123643,34
77980,GGATGTTGCATTTC,cell_123645,34
77993,GGCATATGACGGAG,cell_123669,34
78009,GGCGACACGTGTAC,cell_123693,34
78011,GGCGCATGAGCGTT,cell_123695,34
78015,GGCGCATGGGCATT,cell_123699,34
78037,GGGACCTGCCCTCA,cell_123732,34
78045,GGGATTACACCCTC,cell_123743,34
78051,GGGCACACTAGTCG,cell_123751,34
78068,GGGTTATGAGAAGT,cell_123775,34
78074,GGTACATGAAGGCG,cell_123783,34
78080,GGTATGACCTGGTA,cell_123792,34
78104,GTACCCTGTTCCCG,cell_123826,34
78107,GTACGAACCTTATC,cell_123829,34
78109,GTACGTGACGATAC,cell_123831,34
78140,GTATGGTGACGCTA,cell_123876,34
78141,GTATGGTGGGATCT,cell_123878,34
78148,GTATTCACTTCTGT,cell_123888,34
78157,GTCACAGATGGTAC,cell_123898,34
78158,GTCACCTGAAGCCT,cell_123899,34
78166,GTCCAAGATGAACC,cell_123913,34
78170,GTCCCATGGATACC,cell_123921,34
78177,GTCGCACTTAAGCC,cell_123931,34
78187,GTGACAACCAAGCT,cell_123951,34
78205,GTGCCACTGTCTTT,cell_123971,34
78240,GTTACGGAGTCTAG,cell_124025,34
78250,GTTATGCTAAGAAC,cell_124039,34
78260,GTTGATCTACGTGT,cell_124058,34
78261,GTTGATCTAGGAGC,cell_124059,34
78267,GTTGTACTCCGTTC,cell_124066,34
78270,GTTTAAGATCGTTT,cell_124070,34
78273,TAAACAACCACTAG,cell_124075,34
78282,TAAATCGATTGCAG,cell_124092,34
78283,TAAATGTGCCAACA,cell_124094,34
78295,TAACCGGACCGTTC,cell_124111,34
78301,TAACGTCTAGTGTC,cell_124118,34
78305,TAAGAACTAAGCAA,cell_124124,34
78306,TAAGAACTGTTGGT,cell_124125,34
78309,TAAGATACACCAAC,cell_124128,34
78315,TAAGCTCTGCTGAT,cell_124136,34
78330,TAATGCCTACACCA,cell_124161,34
78339,TACAATGAGGACTT,cell_124174,34
78351,TACATCACGATGAA,cell_124186,34
78357,TACCGAGAGACAGG,cell_124193,34
78358,TACCGAGAGTCGAT,cell_124194,34
78365,TACCGGCTTGCTCC,cell_124205,34
78382,TACGCGCTTATTCC,cell_124232,34
78395,TACTGGGAACGTAC,cell_124255,34
78403,TACTTTCTACGACT,cell_124264,34
78404,TACTTTCTCTTGGA,cell_124265,34
78429,TAGCCGCTTTTGCT,cell_124300,34
78437,TAGGACTGTGCTTT,cell_124313,34
78457,TAGTACCTAGTTCG,cell_124347,34
78463,TAGTCACTCTCGAA,cell_124355,34
78473,TAGTGGTGTACTGG,cell_124369,34
78474,TAGTTAGAACGACT,cell_124372,34
78475,TAGTTAGAGAAACA,cell_124374,34
78477,TAGTTGCTTGGTAC,cell_124378,34
78488,TATACAGATTCGTT,cell_124393,34
78490,TATACCACCTTCTA,cell_124396,34
78498,TATAGCCTGTGTAC,cell_124406,34
78499,TATAGCCTTAAAGG,cell_124407,34
78503,TATCCAACAGCCAT,cell_124413,34
78507,TATCCTGAGCCTTC,cell_124418,34
78513,TATCTTCTACAGTC,cell_124428,34
78525,TATGCGGACATTTC,cell_124441,34
78551,TCAAGGACGGATTC,cell_124477,34
78554,TCAAGGTGAGATGA,cell_124481,34
78565,TCACCCGAGTCTTT,cell_124498,34
78581,TCACTATGGGTGAG,cell_124518,34
78582,TCACTATGGTCGTA,cell_124519,34
78588,TCAGAGACAGTGTC,cell_124529,34
78590,TCAGAGACTTCTAC,cell_124532,34
78593,TCAGCGCTCGCCTT,cell_124537,34
78619,TCATTGACCCGTTC,cell_124575,34
78625,TCCACTCTATGTCG,cell_124583,34
78627,TCCAGAGACATGAC,cell_124587,34
78640,TCCCATCTTCAGGT,cell_124608,34
78656,TCCTAAACGTCGTA,cell_124631,34
78658,TCCTACCTTCTCGC,cell_124638,34
78660,TCCTATGAGCTAAC,cell_124640,34
78665,TCGACGCTCGTGTA,cell_124648,34
78668,TCGACGCTGGCATT,cell_124652,34
78683,TCGATTTGGTCACA,cell_124670,34
78684,TCGCAAGATCCTGC,cell_124674,34
78702,TCGGTAGAGCGATT,cell_124702,34
78703,TCGTAGGACCAGTA,cell_124705,34
78732,TCTTACGAACCCTC,cell_124748,34
78741,TCTTGATGGTTGTG,cell_124759,34
78743,TGAAATTGACACCA,cell_124761,34
78744,TGAAATTGCGTAAC,cell_124762,34
78753,TGAATAACTGCTCC,cell_124774,34
78760,TGACGATGGTATGC,cell_124787,34
78772,TGAGACACTTAGGC,cell_124810,34
78786,TGAGTCGACGTGAT,cell_124827,34
78792,TGATATGACGGAGA,cell_124838,34
78805,TGATTCTGTGCAAC,cell_124858,34
78815,TGCAATCTTCGCTC,cell_124874,34
78828,TGCCAGCTTGTTCT,cell_124892,34
78830,TGCCCAACCTTGGA,cell_124895,34
78835,TGCGATGACTGTAG,cell_124906,34
78849,TGGAAAGAGAAGGC,cell_124929,34
78872,TGGATCGACATTTC,cell_124961,34
78886,TGGTACGACTGGTA,cell_124987,34
78892,TGGTATCTAGTACC,cell_124995,34
78910,TGTACTTGAACCAC,cell_125019,34
78913,TGTACTTGTGGTAC,cell_125022,34
78919,TGTATCTGTCGTTT,cell_125031,34
78920,TGTATGCTACTCAG,cell_125032,34
78924,TGTATGCTTTCGGA,cell_125036,34
78947,TTAACCACCCAGTA,cell_125075,34
78948,TTAACCACCTTGCC,cell_125076,34
78952,TTACCATGCCCACT,cell_125085,34
78968,TTAGCTACCCGTTC,cell_125109,34
78974,TTAGGGACGCTTCC,cell_125122,34
78981,TTAGGTCTGAATAG,cell_125130,34
78989,TTAGTCTGGCTAAC,cell_125138,34
78998,TTATGGCTCGTTGA,cell_125150,34
79018,TTCACCCTTGCACA,cell_125174,34
79027,TTCAGTTGTGCTGA,cell_125186,34
79029,TTCATCGACATGCA,cell_125188,34
79045,TTCCTAGACTTCTA,cell_125210,34
79047,TTCGGAGAAAGTGA,cell_125218,34
79051,TTCGTATGGTAGGG,cell_125223,34
79075,TTGCTAACCACCAA,cell_125259,34
79089,TTGGAGTGGGTCAT,cell_125275,34
79090,TTGGAGTGTCTCTA,cell_125276,34
79093,TTGGGAACGCATAC,cell_125279,34
79094,TTGGGAACGGTTCA,cell_125280,34
79097,TTGGTACTCTCGAA,cell_125284,34
79111,TTTAGGCTGTTCAG,cell_125310,34
79123,TTTGCATGAAAGCA,cell_125328,34
79135,AAACGCTGCATTCT,cell_125346,35
79138,AAACGCTGCGCATA,cell_125349,35
79141,AAACTTGAGGGAGT,cell_125352,35
79146,AAAGAGACTGCCCT,cell_125359,35
79165,AAATGGGAAGTCTG,cell_125390,35
79216,AACGCAACTAAGCC,cell_125453,35
79223,AACGCCCTTGCCCT,cell_125461,35
79238,AACGTTCTTACTGG,cell_125481,35
79242,AACTCACTCAAGCT,cell_125488,35
79244,AACTCACTCTATGG,cell_125491,35
79259,AAGAAGACCTGGTA,cell_125511,35
79265,AAGACAGATACAGC,cell_125521,35
79293,AAGTAGGATAGTCG,cell_125574,35
79305,AATAACACGCTGAT,cell_125595,35
79308,AATACCCTACGTTG,cell_125598,35
79310,AATACCCTGTCCTC,cell_125600,35
79312,AATACTGATCCAAG,cell_125603,35
79320,AATCCGGAAATCGC,cell_125613,35
79339,AATGAGGAACAGTC,cell_125637,35
79345,AATGGCTGCTACGA,cell_125648,35
79352,AATGTTGACATTCT,cell_125660,35
79395,ACACATCTAGAATG,cell_125712,35
79398,ACACCCTGCTTGAG,cell_125718,35
79427,ACATGGTGAGTCAC,cell_125755,35
79432,ACATTCTGAGTTCG,cell_125761,35
79440,ACCACGCTCAAAGA,cell_125774,35
79442,ACCACGCTGCTTAG,cell_125776,35
79458,ACCCGTTGCCGAAT,cell_125806,35
79471,ACCGTGCTGGGTGA,cell_125822,35
79477,ACCTCGTGTCGTTT,cell_125829,35
79478,ACCTCGTGTGCTTT,cell_125830,35
79508,ACGCAATGCGGGAA,cell_125874,35
79510,ACGCACCTATCGGT,cell_125876,35
79534,ACGGTCCTACCAGT,cell_125914,35
79566,ACTCCCGATGGATC,cell_125963,35
79568,ACTCCTCTCTGAGT,cell_125966,35
79575,ACTCGAGATTCCGC,cell_125978,35
79590,ACTGTGGATCCCAC,cell_125999,35
79596,ACTTAAGATGCCCT,cell_126007,35
79606,ACTTCTGATTCTAC,cell_126019,35
79613,ACTTGGGATTACTC,cell_126026,35
79616,ACTTTGTGATTCCT,cell_126030,35
79626,AGAAGATGCAACTG,cell_126046,35
79632,AGAATACTAAGCAA,cell_126053,35
79662,AGAGCTACACCACA,cell_126096,35
79665,AGAGGTCTGGTGAG,cell_126099,35
79667,AGAGTCACGGTGGA,cell_126102,35
79668,AGAGTCACTACAGC,cell_126103,35
79684,AGATCGTGTTCGGA,cell_126127,35
79691,AGATTCCTACGCTA,cell_126136,35
79694,AGCAACACAAACGA,cell_126142,35
79700,AGCACTGAACCTAG,cell_126151,35
79701,AGCACTGATAAGCC,cell_126155,35
79706,AGCATGACTGTTCT,cell_126162,35
79707,AGCATTCTCTGGTA,cell_126163,35
79711,AGCCAATGTTTCAC,cell_126168,35
79713,AGCCACCTTGGATC,cell_126171,35
79716,AGCCGGACCTTATC,cell_126175,35
79719,AGCCGGTGGGTGAG,cell_126179,35
79765,AGGCAACTTGTTCT,cell_126246,35
79766,AGGCCTCTAGTGTC,cell_126249,35
79772,AGGGCCACTTCGCC,cell_126257,35
79781,AGGTACACTTCCAT,cell_126271,35
79800,AGGTGTTGCTCGCT,cell_126297,35
79802,AGGTGTTGTTTCTG,cell_126300,35
79803,AGGTTCGAGGACTT,cell_126302,35
79812,AGTAATTGTGTCAG,cell_126312,35
79831,AGTCGAACTCTCGC,cell_126342,35
79847,AGTGTGACTCACGA,cell_126363,35
79868,AGTTGTCTGGACAG,cell_126388,35
79870,AGTTTAGACCATGA,cell_126390,35
79886,ATAAGTTGGGTCTA,cell_126414,35
79892,ATACAATGTTTCAC,cell_126423,35
79911,ATAGATACAAGTGA,cell_126452,35
79912,ATAGATACACGACT,cell_126453,35
79913,ATAGATACAGATCC,cell_126454,35
79918,ATAGCCGAATCACG,cell_126461,35
79934,ATAGGAGATAGCGT,cell_126480,35
79935,ATAGGAGATCCTCG,cell_126481,35
79937,ATAGGCTGGAAAGT,cell_126483,35
79945,ATATAGTGGCTACA,cell_126495,35
79958,ATCACACTAACGAA,cell_126515,35
79959,ATCACACTGAGGAC,cell_126516,35
79978,ATCCAGGAATCACG,cell_126544,35
79984,ATCCATACTCTACT,cell_126550,35
79987,ATCCGCACTGCATG,cell_126556,35
79988,ATCCTAACGCTTCC,cell_126557,35
79991,ATCGACGAGTGCTA,cell_126563,35
79994,ATCGCAGAGCTCCT,cell_126570,35
79996,ATCGCCACACTGGT,cell_126572,35
80009,ATCTACTGGTGCTA,cell_126593,35
80020,ATCTGGGAAGGTCT,cell_126607,35
80022,ATCTGGGAGTTGTG,cell_126609,35
80042,ATGAGAGATCTTCA,cell_126639,35
80046,ATGATAACAGCTCA,cell_126644,35
80057,ATGCAGTGAAGTGA,cell_126659,35
80059,ATGCAGTGCGTGTA,cell_126661,35
80071,ATGCTTTGCTCGAA,cell_126683,35
80075,ATGCTTTGTTGTCT,cell_126687,35
80078,ATGGGTACTGTGAC,cell_126691,35
80080,ATGGTGACTCTCTA,cell_126695,35
80085,ATGTCACTGGACAG,cell_126705,35
80115,ATTCCATGAAACAG,cell_126752,35
80145,ATTGCTTGGGAAGC,cell_126797,35
80148,ATTGGGTGCTGACA,cell_126800,35
80163,ATTTCGTGGAAACA,cell_126822,35
80167,ATTTCTCTGCTCCT,cell_126827,35
80192,CAACGATGTCTGGA,cell_126866,35
80194,CAACGTGAAGTCTG,cell_126869,35
80196,CAACGTGATTGACG,cell_126871,35
80213,CAAGGTTGCAAGCT,cell_126902,35
80216,CAAGGTTGGGTCAT,cell_126906,35
80224,CAATATGATCCGTC,cell_126922,35
80248,CACAGATGGAGATA,cell_126960,35
80277,CACGACCTCCAAGT,cell_126994,35
80300,CACTCTCTAGTACC,cell_127028,35
80307,CACTGCACCGACTA,cell_127036,35
80321,CAGACATGCTGCAA,cell_127058,35
80330,CAGATCGATTCGGA,cell_127071,35
80347,CAGCGTCTGCTTAG,cell_127094,35
80355,CAGGTAACCTATGG,cell_127107,35
80359,CAGGTTGACGATAC,cell_127113,35
80380,CATACTACCTTGAG,cell_127142,35
80384,CATATAGATATCTC,cell_127148,35
80396,CATCGCTGTATCTC,cell_127166,35
80414,CATGGATGCATTGG,cell_127186,35
80425,CATTAGCTAGCAAA,cell_127204,35
80438,CATTTGACTCCTAT,cell_127225,35
80456,CCAAGATGTGACTG,cell_127247,35
80460,CCAAGTGATGGAGG,cell_127252,35
80467,CCAATTTGTCTAGG,cell_127262,35
80469,CCACCATGCCTGTC,cell_127264,35
80478,CCACTGACACGGAG,cell_127277,35
80487,CCACTTCTCGGAGA,cell_127288,35
80498,CCAGATGAGCCCTT,cell_127302,35
80510,CCAGCTACGTATCG,cell_127316,35
80512,CCAGTCACCTCCCA,cell_127319,35
80527,CCATGCTGTGTGAC,cell_127341,35
80528,CCATGCTGTTAGGC,cell_127342,35
80541,CCCAACTGTTGGCA,cell_127359,35
80558,CCCGAACTCTATTC,cell_127385,35
80570,CCCTACGATGCTTT,cell_127401,35
80573,CCCTCAGAAAAAGC,cell_127405,35
80586,CCGATAGAGATGAA,cell_127427,35
80610,CCTATAACTGTAGC,cell_127460,35
80613,CCTCATCTCCGTAA,cell_127464,35
80621,CCTGAGCTGGACGA,cell_127474,35
80626,CCTGCAACTTGCTT,cell_127481,35
80647,CGACAAACAGCTAC,cell_127513,35
80651,CGACCACTATGCTG,cell_127518,35
80656,CGACCTACCTGTGA,cell_127523,35
80677,CGAGGCACAGTGCT,cell_127553,35
80678,CGAGGCTGGCGTAT,cell_127555,35
80679,CGAGTATGAGCGGA,cell_127557,35
80687,CGATACGACTCCAC,cell_127567,35
80688,CGATACGATAACCG,cell_127568,35
80690,CGATAGACCGCAAT,cell_127572,35
80698,CGCAACCTGGAACG,cell_127587,35
80734,CGCTACACTAAGCC,cell_127639,35
80741,CGGACCGATGGATC,cell_127648,35
80751,CGGCATCTTAGTCG,cell_127663,35
80760,CGGCGAACGTAGGG,cell_127675,35
80764,CGGGACTGCGAGTT,cell_127680,35
80794,CGTGAAACAGCTCA,cell_127720,35
80803,CGTGATGACACTGA,cell_127731,35
80808,CGTGCACTGTCCTC,cell_127737,35
80827,CTAAGGACCGGGAA,cell_127766,35
80832,CTAAGGTGGGCAAG,cell_127771,35
80834,CTAATAGACCGAAT,cell_127773,35
80856,CTAGATCTCACTCC,cell_127797,35
80883,CTATCATGGTACCA,cell_127835,35
80887,CTATGACTAGAAGT,cell_127839,35
80888,CTATGACTCCGATA,cell_127840,35
80890,CTATGACTGGATTC,cell_127843,35
80898,CTCAATTGTAGTCG,cell_127853,35
80909,CTCAGCTGTCTTTG,cell_127866,35
80910,CTCAGGCTGCCATA,cell_127867,35
80914,CTCATTGATCTTAC,cell_127873,35
80923,CTCGACACGCAGAG,cell_127888,35
80936,CTGAAGTGGTCTAG,cell_127910,35
80950,CTGATTTGTAAGGA,cell_127933,35
80961,CTGTGAGATCAAGC,cell_127954,35
80967,CTTAACACCCTATT,cell_127962,35
80982,CTTATCGACTTGCC,cell_127988,35
80984,CTTCACCTCGAGTT,cell_127991,35
81004,CTTGTATGTCGTTT,cell_128019,35
81034,GAACACACGTACCA,cell_128064,35
81036,GAACACACTAACCG,cell_128067,35
81039,GAACAGCTCACCAA,cell_128070,35
81045,GAACGGGAATGCCA,cell_128080,35
81050,GAACTGTGGTTCGA,cell_128090,35
81067,GAAGGTCTTGAGCT,cell_128110,35
81068,GAAGGTCTTTCTTG,cell_128111,35
81072,GAAGTCACACGGAG,cell_128116,35
81102,GACCAAACGAACCT,cell_128161,35
81103,GACCAAACTTACTC,cell_128162,35
81115,GACGATTGATCAGC,cell_128180,35
81119,GACGATTGTGTGCA,cell_128186,35
81122,GACGGCACTCCTCG,cell_128190,35
81132,GACTGAACTTCACT,cell_128208,35
81136,GACTGTGATCAGAC,cell_128212,35
81146,GAGATAGACACAAC,cell_128226,35
81156,GAGCATACAAGCCT,cell_128245,35
81158,GAGCGAGAACCTTT,cell_128248,35
81163,GAGCGCACGTCACA,cell_128254,35
81169,GAGCTCCTCGCATA,cell_128262,35
81177,GAGGATCTGGACTT,cell_128271,35
81219,GAGTTGTGTCATTC,cell_128326,35
81231,GATATAACGGTTAC,cell_128344,35
81236,GATATTGAGGCAAG,cell_128350,35
81261,GATCTTTGCAGAGG,cell_128383,35
81263,GATCTTTGTTCAGG,cell_128385,35
81275,GATTCGGACCACCT,cell_128402,35
81284,GATTCTTGTTCGTT,cell_128413,35
81307,GCACACCTACCAAC,cell_128445,35
81338,GCAGTTGAACCTTT,cell_128494,35
81354,GCCACTACACCAAC,cell_128514,35
81355,GCCACTACCCGCTT,cell_128516,35
81358,GCCACTACTAACGC,cell_128519,35
81366,GCCGAGTGAGGTCT,cell_128539,35
81375,GCCGTACTTCGCCT,cell_128552,35
81386,GCCTGACTGGTACT,cell_128567,35
81389,GCGACTCTGGACAG,cell_128573,35
81395,GCGATATGACCCTC,cell_128582,35
81418,GCGTAATGTGAGAA,cell_128617,35
81421,GCGTACCTTCTCGC,cell_128622,35
81422,GCGTATGACCAACA,cell_128624,35
81431,GCTAGATGCGACTA,cell_128635,35
81441,GCTCCATGAGAACA,cell_128650,35
81443,GCTCCATGGGATCT,cell_128653,35
81449,GGAACACTTTACCT,cell_128663,35
81450,GGAACTACAGAATG,cell_128664,35
81456,GGAAGGACACTTTC,cell_128674,35
81462,GGAATCTGCTGGTA,cell_128681,35
81467,GGACAGGAGGTTCA,cell_128689,35
81472,GGACCTCTCAGAAA,cell_128699,35
81474,GGACGAGAGTCTAG,cell_128701,35
81475,GGACGAGATCAAGC,cell_128702,35
81490,GGAGAGACAACCGT,cell_128723,35
81492,GGAGCAGAAGAAGT,cell_128726,35
81503,GGAGGTGATCGCCT,cell_128743,35
81507,GGATACTGGTAGGG,cell_128749,35
81512,GGATGTTGGGTTTG,cell_128756,35
81531,GGCACGTGCTTTAC,cell_128780,35
81550,GGCGACACGTCGTA,cell_128806,35
81551,GGCGACACGTTGCA,cell_128807,35
81557,GGCGCATGACGCTA,cell_128814,35
81560,GGCGGACTATTCTC,cell_128822,35
81565,GGCTAAACCCTACC,cell_128830,35
81573,GGGAAGTGCTCGCT,cell_128843,35
81575,GGGAAGTGGTTCTT,cell_128845,35
81576,GGGACCACTCCTTA,cell_128848,35
81580,GGGACCTGTTCGCC,cell_128855,35
81583,GGGATTACAAGCCT,cell_128859,35
81602,GGTAAAGAAGCAAA,cell_128886,35
81611,GGTACTGATGGAAA,cell_128896,35
81615,GGTATCGAAAGAGT,cell_128900,35
81622,GGTCTAGAGCCCTT,cell_128910,35
81626,GGTTGAACGGGACA,cell_128918,35
81630,GGTTTACTAGAACA,cell_128924,35
81639,GTAATAACGGAAGC,cell_128933,35
81640,GTAATAACGGTGAG,cell_128934,35
81668,GTAGTCGAGTACGT,cell_128982,35
81671,GTAGTGTGAGGAGC,cell_128986,35
81674,GTATCACTCACACA,cell_128989,35
81680,GTATCTACGAAGGC,cell_128996,35
81681,GTATCTACGTCGTA,cell_128997,35
81690,GTCAACGATTGAGC,cell_129012,35
81721,GTCGCACTAGAAGT,cell_129058,35
81728,GTGAACACAGAGAT,cell_129067,35
81741,GTGAGGGATGTGAC,cell_129081,35
81748,GTGATGACGGGATG,cell_129092,35
81749,GTGATTCTTCTCAT,cell_129095,35
81757,GTGCTAGAGAACTC,cell_129105,35
81759,GTGCTAGATCTCGC,cell_129107,35
81779,GTTAAATGTGGATC,cell_129132,35
81790,GTTAGTCTGGTATC,cell_129153,35
81793,GTTATAGACCTTGC,cell_129156,35
81826,TAAACAACGAACCT,cell_129200,35
81828,TAAAGACTACGTGT,cell_129202,35
81829,TAAAGACTTTCTCA,cell_129203,35
81842,TAACATGAGTTCTT,cell_129226,35
81871,TAATGAACGGTAGG,cell_129278,35
81896,TACCGCTGTCCGAA,cell_129320,35
81909,TACGCGCTGATAAG,cell_129340,35
81912,TACGGAACTCGCCT,cell_129344,35
81922,TACGTTACTTCATC,cell_129357,35
81924,TACTAAGAGGCGAA,cell_129361,35
81959,TAGCCCACTGTTTC,cell_129412,35
81981,TAGGCATGTAACCG,cell_129440,35
81994,TAGGTTCTGAATCC,cell_129458,35
82025,TATAAGTGTCACCC,cell_129501,35
82030,TATACCACGCCTTC,cell_129508,35
82032,TATACCACGTTACG,cell_129510,35
82041,TATCAAGATTCCGC,cell_129525,35
82046,TATCCAACAGGGTG,cell_129534,35
82057,TATGCGGAAACCAC,cell_129551,35
82077,TATGTGCTTGAACC,cell_129584,35
82084,TATTTCCTCACACA,cell_129592,35
82110,TCACTATGGACTAC,cell_129632,35
82115,TCAGACGACTGATG,cell_129639,35
82127,TCAGTGGACAAGCT,cell_129657,35
82136,TCATCCCTGTTTGG,cell_129674,35
82139,TCATTCGACCTACC,cell_129677,35
82141,TCATTGACAGTCAC,cell_129681,35
82145,TCCACGTGCTTGAG,cell_129688,35
82156,TCCCAGACCCCAAA,cell_129702,35
82157,TCCCAGACCTTGAG,cell_129703,35
82164,TCCCATCTGGAACG,cell_129711,35
82181,TCCGGACTGAAACA,cell_129735,35
82190,TCCTATGACGAATC,cell_129749,35
82198,TCGACCTGGGGACA,cell_129761,35
82208,TCGATACTAGTCGT,cell_129774,35
82210,TCGATTTGCGAACT,cell_129779,35
82225,TCGCACTGTTTGTC,cell_129796,35
82233,TCGGACCTACTCAG,cell_129807,35
82260,TCTAGACTAACGAA,cell_129840,35
82266,TCTAGTTGTAACCG,cell_129846,35
82268,TCTATGTGCTGACA,cell_129848,35
82270,TCTATGTGTATCGG,cell_129850,35
82277,TCTTACGAAGGCGA,cell_129865,35
82304,TGACGATGAGAAGT,cell_129903,35
82329,TGATAAACGGTCTA,cell_129936,35
82339,TGATCACTTCTCAT,cell_129947,35
82346,TGATTAGATGGATC,cell_129958,35
82366,TGCACAGACGACAT,cell_129981,35
82372,TGCCACTGAAGAGT,cell_129989,35
82376,TGCCGACTGTCATG,cell_130003,35
82379,TGCGATGACTGTAG,cell_130008,35
82401,TGGAAAGAACCTTT,cell_130036,35
82406,TGGAACTGCCTTGC,cell_130046,35
82409,TGGACCCTAAGATG,cell_130051,35
82418,TGGATCGACATTTC,cell_130064,35
82419,TGGATCGACGTTGA,cell_130065,35
82434,TGGTACGACTGGTA,cell_130089,35
82462,TGTATGCTCAACCA,cell_130129,35
82471,TGTGAGACAGTGTC,cell_130141,35
82480,TGTTACACCGTGAT,cell_130156,35
82485,TTACACACCTCCCA,cell_130163,35
82494,TTACGTACAGGTCT,cell_130176,35
82519,TTATGGCTAGGTCT,cell_130220,35
82525,TTCAAAGAAACGAA,cell_130227,35
82526,TTCAACACTGGTGT,cell_130234,35
82536,TTCAGTTGCATTGG,cell_130249,35
82539,TTCATGACCCGCTT,cell_130255,35
82540,TTCATGACGGTGTT,cell_130256,35
82543,TTCATGTGGGTAGG,cell_130259,35
82552,TTCCATGAGTTCAG,cell_130269,35
82558,TTCGAGGAGCTCCT,cell_130277,35
82559,TTCGAGGATAAGGA,cell_130279,35
82561,TTCGATTGGGAAGC,cell_130282,35
82570,TTCTCAGAGTCACA,cell_130299,35
82573,TTCTGATGTACTTC,cell_130303,35
82590,TTGAGGTGCGTCTC,cell_130326,35
82595,TTGCTATGAAGGGC,cell_130333,35
82603,TTGGTACTGCGTTA,cell_130349,35
82607,TTGTCATGGAATCC,cell_130359,35
82623,TTTCAGTGGGTACT,cell_130381,35
82646,AAACCGTGCGAACT,cell_130412,36
82649,AAACCGTGTGTGAC,cell_130416,36
82650,AAACGCTGACCGAT,cell_130417,36
82652,AAACGGCTAGTCGT,cell_130421,36
82657,AAAGACGAAGCCTA,cell_130428,36
82675,AAATCAACTGGTTG,cell_130451,36
82682,AAATGGGAAGTCTG,cell_130460,36
82701,AACAGCACCAGATC,cell_130490,36
82702,AACATATGACTGTG,cell_130491,36
82709,AACCACGAAACGAA,cell_130500,36
82723,AACCTTACCTCGAA,cell_130524,36
82728,AACGCAACACGTAC,cell_130529,36
82729,AACGCAACGAACTC,cell_130531,36
82732,AACGGTTGAACCAC,cell_130537,36
82743,AACTACCTGTCACA,cell_130551,36
82754,AACTGTCTTCCCAC,cell_130564,36
82756,AACTTGCTTACTTC,cell_130567,36
82761,AAGAATCTTTCCAT,cell_130574,36
82771,AAGCACTGCGAATC,cell_130588,36
82773,AAGCCAACAAACGA,cell_130591,36
82783,AAGGCTACCTTAGG,cell_130604,36
82793,AAGGTCTGTTTGGG,cell_130618,36
82795,AAGGTGCTCCTACC,cell_130620,36
82821,AATAACACAAAACG,cell_130654,36
82823,AATAACACGCTGAT,cell_130656,36
82825,AATAAGCTCTCTTA,cell_130659,36
82834,AATAGGGACTGGTA,cell_130669,36
82839,AATCCTACAGGAGC,cell_130679,36
82842,AATCCTTGCATGAC,cell_130682,36
82843,AATCCTTGCTCCAC,cell_130683,36
82856,AATGAGGAGTTGGT,cell_130700,36
82865,AATGGAGATGACAC,cell_130712,36
82880,AATTGATGATCGAC,cell_130733,36
82902,ACAATAACGCGATT,cell_130763,36
82918,ACAGGTACTCCTCG,cell_130788,36
82922,ACAGTGTGAAGTGA,cell_130793,36
82928,ACATCACTAGAGTA,cell_130801,36
82932,ACATCACTGGCGAA,cell_130805,36
82938,ACCACAGATTTACC,cell_130815,36
82953,ACCCGTACCACTAG,cell_130838,36
82960,ACCGCGGAATGGTC,cell_130846,36
82975,ACCTGAGAGAGGAC,cell_130864,36
83009,ACGATTCTGCTATG,cell_130917,36
83018,ACGCACCTGCAAGG,cell_130930,36
83060,ACGGTCCTACCAGT,cell_130982,36
83068,ACGTAGACTCTATC,cell_130991,36
83075,ACGTCGCTTGGGAG,cell_131000,36
83078,ACGTGATGGGTCTA,cell_131005,36
83084,ACGTTACTGTCACA,cell_131011,36
83096,ACTAAAACATGGTC,cell_131023,36
83107,ACTAGGTGTTGACG,cell_131037,36
83126,ACTCTATGAAGCCT,cell_131060,36
83145,ACTTAAGATGCCCT,cell_131085,36
83148,ACTTCAACCTCGAA,cell_131091,36
83154,ACTTGACTCTGATG,cell_131099,36
83160,ACTTTGTGCTCCCA,cell_131107,36
83167,AGAACAGATGTTCT,cell_131120,36
83171,AGAAGATGTTTCAC,cell_131124,36
83172,AGAATACTACCCTC,cell_131125,36
83174,AGAATGGATTTCTG,cell_131129,36
83176,AGAATTTGCTTGCC,cell_131133,36
83182,AGACACACTCTAGG,cell_131141,36
83185,AGACCTGACTTCGC,cell_131144,36
83188,AGACCTGAGTGTAC,cell_131147,36
83204,AGAGAATGTGCGTA,cell_131173,36
83212,AGAGGTCTTGAGCT,cell_131183,36
83214,AGAGTCACTATGCG,cell_131185,36
83216,AGAGTCTGAGTGTC,cell_131190,36
83236,AGATTCCTAACGTC,cell_131218,36
83240,AGCAAGCTAAAGTG,cell_131227,36
83242,AGCAAGCTGAATAG,cell_131229,36
83254,AGCCAATGGTTCAG,cell_131247,36
83255,AGCCAATGTCATTC,cell_131248,36
83271,AGCGAACTTGGAGG,cell_131269,36
83277,AGCGCCGAAACTGC,cell_131276,36
83278,AGCGCCGACTCAAG,cell_131278,36
83293,AGCTGAACTCTGGA,cell_131296,36
83301,AGCTGTGATCCTGC,cell_131305,36
83307,AGCTTACTTACAGC,cell_131311,36
83309,AGCTTACTTTCTAC,cell_131313,36
83314,AGGAAATGTCTAGG,cell_131322,36
83333,AGGCAACTTTACCT,cell_131342,36
83343,AGGGACGAGTAGCT,cell_131353,36
83370,AGGTCTGATACGCA,cell_131392,36
83382,AGTAAGGAGGAAAT,cell_131406,36
83390,AGTACGTGCGTTGA,cell_131417,36
83397,AGTAGAGAAGCTCA,cell_131424,36
83402,AGTATAACCAAGCT,cell_131430,36
83422,AGTCTACTGTCTAG,cell_131456,36
83428,AGTGACACACTAGC,cell_131465,36
83439,AGTTAAACTCAGTG,cell_131481,36
83440,AGTTATGAATTCTC,cell_131483,36
83443,AGTTCTTGGTTCGA,cell_131489,36
83446,AGTTGTCTCTTGAG,cell_131492,36
83448,AGTTTAGAAGCTAC,cell_131495,36
83476,ATACCACTCTCTTA,cell_131535,36
83505,ATAGCGTGCAGGAG,cell_131569,36
83506,ATAGCTCTGTTCTT,cell_131571,36
83519,ATATACGACTTATC,cell_131595,36
83529,ATCAAATGGAGACG,cell_131610,36
83563,ATCCGCACATCGAC,cell_131654,36
83565,ATCCTAACTTCCAT,cell_131656,36
83572,ATCGCAGACTAGAC,cell_131666,36
83576,ATCGCCACACTGGT,cell_131671,36
83582,ATCGGAACGTAAAG,cell_131681,36
83588,ATCGTTTGGGTAAA,cell_131690,36
83590,ATCGTTTGTCCTGC,cell_131692,36
83612,ATCTTTCTAAGTAG,cell_131721,36
83615,ATCTTTCTGTTCAG,cell_131725,36
83618,ATGAAGGAAACAGA,cell_131729,36
83624,ATGACGTGTACGAC,cell_131738,36
83631,ATGATAACGCAAGG,cell_131746,36
83652,ATGCGATGACACTG,cell_131771,36
83662,ATGCTTTGTTCTGT,cell_131782,36
83666,ATGGGTACCTTGGA,cell_131786,36
83673,ATGTCACTCACTTT,cell_131796,36
83702,ATTCAGCTGTAGCT,cell_131835,36
83714,ATTCTGACCATTCT,cell_131853,36
83725,ATTGCGGACAGTTG,cell_131871,36
83747,ATTTCCGACTGACA,cell_131903,36
83759,CAAAGCTGCGAACT,cell_131917,36
83765,CAACAGACCCAAGT,cell_131924,36
83771,CAACCGCTGTTCGA,cell_131931,36
83773,CAACGATGCTGAAC,cell_131934,36
83781,CAACGTGATGGTTG,cell_131945,36
83784,CAAGAAGACTCTCG,cell_131949,36
83794,CAAGGACTAAGTGA,cell_131964,36
83798,CAAGGTTGAGCCAT,cell_131970,36
83801,CAAGGTTGGGCAAG,cell_131973,36
83810,CAATAATGATCGGT,cell_131983,36
83816,CAATATGATAGAGA,cell_131990,36
83839,CACACCTGCTAGTG,cell_132022,36
83844,CACAGCCTACGCTA,cell_132029,36
83848,CACATACTATCGTG,cell_132034,36
83867,CACGATGAGTCCTC,cell_132060,36
83873,CACGGGACTGGAAA,cell_132066,36
83876,CACTATACACAGCT,cell_132074,36
83877,CACTATACCCAAGT,cell_132075,36
83878,CACTATACCGCTAA,cell_132076,36
83881,CACTCTCTACGACT,cell_132079,36
83889,CACTGCACTCTATC,cell_132090,36
83890,CACTGCACTTATCC,cell_132091,36
83891,CACTGCACTTGACG,cell_132092,36
83911,CAGATGACACGTGT,cell_132118,36
83920,CAGCCTACTTGTCT,cell_132129,36
83929,CAGCTAGAGGACTT,cell_132141,36
83935,CAGGTAACGCGTAT,cell_132151,36
83938,CAGGTATGAAGTAG,cell_132154,36
83942,CAGTCAGACCTACC,cell_132162,36
83958,CAGTTTACACTCAG,cell_132183,36
83974,CATAGTCTTGACTG,cell_132209,36
84005,CATGCCACTTGTCT,cell_132253,36
84008,CATGGATGCACTAG,cell_132256,36
84013,CATGTACTGCGTAT,cell_132262,36
84014,CATGTACTGTTGTG,cell_132263,36
84017,CATGTTTGCATTCT,cell_132268,36
84020,CATTACACCGTACA,cell_132272,36
84022,CATTACACCTGGAT,cell_132274,36
84032,CATTGTACCTACCC,cell_132287,36
84045,CCAAGATGAAAGCA,cell_132307,36
84054,CCACCATGGGTTCA,cell_132320,36
84061,CCACTGTGATCACG,cell_132328,36
84064,CCAGAAACAAGAGT,cell_132333,36
84066,CCAGAAACGTTCAG,cell_132335,36
84071,CCAGCGGAAGAAGT,cell_132342,36
84081,CCAGGTCTGTTTGG,cell_132353,36
84085,CCAGTCACGGACGA,cell_132357,36
84107,CCCAACACAAGCCT,cell_132388,36
84120,CCCGAACTCTACCC,cell_132406,36
84121,CCCGAACTGATAGA,cell_132407,36
84122,CCCGAACTTCTCAT,cell_132408,36
84129,CCCTCAGACTGTCC,cell_132418,36
84150,CCGGAGACGAGGGT,cell_132444,36
84152,CCGGAGTGCATGCA,cell_132446,36
84156,CCGGTACTCCGCTT,cell_132451,36
84161,CCGTACACGAAGGC,cell_132457,36
84164,CCTAAGGAGACGTT,cell_132462,36
84171,CCTATAACGTGTAC,cell_132470,36
84190,CCTGCAACTTGCTT,cell_132493,36
84207,CGAATCGAACTAGC,cell_132519,36
84211,CGACCACTATGCTG,cell_132525,36
84216,CGACCGGAATGCTG,cell_132534,36
84237,CGAGCGTGCGATAC,cell_132562,36
84242,CGAGGCTGCGATAC,cell_132569,36
84243,CGAGGCTGGATGAA,cell_132570,36
84270,CGCACGGATGCTGA,cell_132603,36
84277,CGCCATTGCTGACA,cell_132618,36
84280,CGCCGAGACGTGAT,cell_132621,36
84286,CGCGGATGCTTTAC,cell_132629,36
84289,CGCTAAGAACCTAG,cell_132633,36
84292,CGCTAAGATTTCAC,cell_132636,36
84301,CGGAATTGTAGAAG,cell_132647,36
84310,CGGAGGCTGTGTTG,cell_132658,36
84323,CGGCGATGCTTAGG,cell_132674,36
84340,CGTACCACAGACTC,cell_132700,36
84353,CGTCCATGCATGCA,cell_132719,36
84363,CGTGAATGGAGGCA,cell_132732,36
84367,CGTGATGATCGCTC,cell_132740,36
84368,CGTGATGATGGAAA,cell_132741,36
84373,CGTGTAGAAACGTC,cell_132747,36
84375,CGTTAACTTCAGAC,cell_132752,36
84398,CTAAGGTGTTCGTT,cell_132791,36
84408,CTACCTCTACACCA,cell_132803,36
84419,CTACTCCTATAAGG,cell_132817,36
84436,CTAGGTGATCATTC,cell_132837,36
84439,CTAGTTTGCTAGAC,cell_132842,36
84441,CTAGTTTGGTCATG,cell_132845,36
84456,CTATCAACTGTCCC,cell_132862,36
84459,CTATCCCTGTGTTG,cell_132865,36
84467,CTATTGACGCGTAT,cell_132877,36
84480,CTCAGCTGAGCCTA,cell_132893,36
84488,CTCCATCTCGACAT,cell_132907,36
84490,CTCCATCTGTGCAT,cell_132910,36
84491,CTCCATCTTCCTTA,cell_132911,36
84500,CTCGACACTCGATG,cell_132923,36
84505,CTCTAAACATTCGG,cell_132929,36
84511,CTGAACGATTCACT,cell_132936,36
84532,CTGATTTGTCTCAT,cell_132964,36
84551,CTGTGAGACTCCAC,cell_132991,36
84563,CTTAGACTACACCA,cell_133007,36
84593,GAAACAGATGTAGC,cell_133049,36
84594,GAAACCTGCTGAAC,cell_133050,36
84602,GAAATACTGGAAGC,cell_133060,36
84607,GAACACACTGGATC,cell_133067,36
84612,GAACGGGAATGCCA,cell_133077,36
84613,GAACGGGACAGAGG,cell_133078,36
84615,GAACGGGACTTGTT,cell_133080,36
84631,GAAGCTACTAAGGA,cell_133099,36
84665,GACAGTTGAGCAAA,cell_133143,36
84669,GACCAAACTTACTC,cell_133149,36
84679,GACCTCACGGAGCA,cell_133163,36
84697,GACGGCACAGGAGC,cell_133186,36
84712,GACTGTGAGTATGC,cell_133208,36
84737,GAGCGAGAACCAGT,cell_133242,36
84747,GAGCTCCTTGAAGA,cell_133255,36
84751,GAGGCAGAGTCGAT,cell_133261,36
84752,GAGGCCACGCAGTT,cell_133265,36
84755,GAGGGAACTGAACC,cell_133271,36
84777,GAGTCAACTTCTCA,cell_133305,36
84787,GAGTGTTGTACTCT,cell_133317,36
84798,GATATCCTGACGGA,cell_133334,36
84814,GATCTTTGTAAGGA,cell_133362,36
84818,GATGCAACCACTTT,cell_133367,36
84826,GATGCCCTTGCATG,cell_133375,36
84830,GATTCGGACCACCT,cell_133379,36
84881,GCACTGCTATCTTC,cell_133456,36
84883,GCAGATACAGTGCT,cell_133460,36
84887,GCAGCTCTCGTCTC,cell_133469,36
84888,GCAGCTCTTAGCCA,cell_133472,36
84892,GCAGGGCTCAGCTA,cell_133477,36
84894,GCAGTCCTACCAGT,cell_133479,36
84900,GCATCAGACTGTGA,cell_133488,36
84904,GCATGTGATACTGG,cell_133493,36
84906,GCATTGGAGGGCAA,cell_133495,36
84941,GCCTAGCTTTTACC,cell_133548,36
84951,GCGAAGGACACACA,cell_133564,36
84972,GCGCGATGCTGACA,cell_133594,36
84978,GCGGGACTTGGAAA,cell_133602,36
84992,GCTACCTGATCTTC,cell_133621,36
85016,GCTATACTTCGCTC,cell_133652,36
85036,GCTCCATGGGATCT,cell_133677,36
85037,GCTCCATGTAACCG,cell_133678,36
85048,GCTTGAGAGTGAGG,cell_133690,36
85067,GGAATCTGCCTGTC,cell_133715,36
85084,GGACCGTGGCGTTA,cell_133736,36
85085,GGACCGTGGGTAGG,cell_133737,36
85094,GGACTATGGGTCAT,cell_133747,36
85111,GGAGGATGACGGAG,cell_133769,36
85114,GGAGGCCTAGCCAT,cell_133773,36
85133,GGATGTACCCGTAA,cell_133798,36
85136,GGATGTTGAGAACA,cell_133802,36
85140,GGATTGTGGTTGAC,cell_133808,36
85145,GGCAAGGAGTGTAC,cell_133815,36
85151,GGCACTCTGGGACA,cell_133823,36
85153,GGCCACGAAGGTTC,cell_133827,36
85161,GGCGACACGTCGTA,cell_133838,36
85162,GGCGACACGTCTAG,cell_133839,36
85177,GGCTCACTTAAAGG,cell_133861,36
85184,GGGACCACAGCTCA,cell_133872,36
85193,GGGATTACACCCTC,cell_133883,36
85199,GGGCACACTTAGGC,cell_133891,36
85204,GGGCCATGGTCTTT,cell_133896,36
85208,GGGTTATGGCGAGA,cell_133902,36
85209,GGGTTATGGTAAGA,cell_133903,36
85216,GGTACAACAACTGC,cell_133912,36
85225,GGTATCGACCTGTC,cell_133926,36
85230,GGTATGACTAGTCG,cell_133931,36
85232,GGTATGACTGGTTG,cell_133933,36
85286,GTAGTGTGAGGAGC,cell_134012,36
85287,GTAGTGTGGGTCAT,cell_134013,36
85294,GTATGGTGTGCATG,cell_134027,36
85295,GTATTCACGATACC,cell_134028,36
85311,GTCCAAGATGACAC,cell_134056,36
85332,GTCTAGGAGGTGGA,cell_134087,36
85345,GTGATGACAAGAAC,cell_134103,36
85361,GTGGAGGAAACAGA,cell_134121,36
85365,GTGGTAACTCCGTC,cell_134128,36
85368,GTGTACGATACTGG,cell_134133,36
85371,GTGTATCTTGCCTC,cell_134138,36
85382,GTTACGGAGTCTAG,cell_134157,36
85387,GTTATCTGCGCATA,cell_134165,36
85402,GTTTAAGACGTGAT,cell_134185,36
85407,TAAAGACTCATGAC,cell_134192,36
85427,TAACATGATCTAGG,cell_134222,36
85434,TAACTCACTGCGTA,cell_134232,36
85440,TAAGATACACCAAC,cell_134242,36
85442,TAAGATTGTGCACA,cell_134245,36
85444,TAAGCTCTCCCAAA,cell_134247,36
85446,TAAGCTCTTTGCAG,cell_134249,36
85473,TAATGTGATGCCTC,cell_134280,36
85479,TACAATGATTGACG,cell_134287,36
85485,TACCATTGGGGACA,cell_134295,36
85503,TACGAGTGGTACCA,cell_134316,36
85513,TACGCCACCTCATT,cell_134327,36
85517,TACGGCCTGTGCTA,cell_134336,36
85528,TACTCCCTACGTTG,cell_134351,36
85540,TACTTTCTGAGCTT,cell_134366,36
85545,TACTTTCTTCACCC,cell_134371,36
85554,TAGAATTGATGACC,cell_134383,36
85562,TAGAGAGACCTTCG,cell_134391,36
85563,TAGAGAGAGTGTTG,cell_134392,36
85568,TAGCATCTACCTAG,cell_134401,36
85570,TAGCATCTTGAAGA,cell_134406,36
85573,TAGCCCACCCTCAC,cell_134409,36
85582,TAGGCTGAGTCTGA,cell_134434,36
85584,TAGGGACTAATCGC,cell_134436,36
85609,TAGTCGGATCCCAC,cell_134472,36
85614,TAGTTAGAAAGGCG,cell_134478,36
85620,TATAAGACATTGGC,cell_134485,36
85624,TATAAGTGTGAGCT,cell_134491,36
85626,TATACCACGCCCTT,cell_134493,36
85628,TATACCACTTGTGG,cell_134496,36
85629,TATACGCTACACAC,cell_134497,36
85643,TATCCTGACTACTT,cell_134516,36
85646,TATCGACTTGTCAG,cell_134521,36
85673,TATGTCTGCATGAC,cell_134555,36
85685,TCAAGTCTTGTCCC,cell_134573,36
85699,TCACTATGCCTATT,cell_134594,36
85704,TCAGAGACAGTGTC,cell_134599,36
85709,TCAGCAGAACGTAC,cell_134604,36
85723,TCAGTGGACATGCA,cell_134621,36
85745,TCCACGTGCTTGAG,cell_134646,36
85747,TCCACTCTAACCTG,cell_134649,36
85752,TCCACTCTTTTGTC,cell_134656,36
85760,TCCATCCTCTGAGT,cell_134668,36
85768,TCCCATCTGACGTT,cell_134678,36
85773,TCCCTACTAATGCC,cell_134683,36
85791,TCGAATCTGACTAC,cell_134709,36
85802,TCGAGCCTAAAGTG,cell_134722,36
85814,TCGCAAGAGTCATG,cell_134736,36
85855,TCTACAACCAGATC,cell_134786,36
85861,TCTATGTGTATCGG,cell_134797,36
85870,TCTGATACGAAGGC,cell_134809,36
85881,TGAAGCACAGTGCT,cell_134822,36
85882,TGACACGAAAGCCT,cell_134824,36
85895,TGACTGGAATCGAC,cell_134843,36
85905,TGAGCTGAAATCGC,cell_134856,36
85909,TGAGGTACCTTGCC,cell_134861,36
85916,TGAGTCGATGTCAG,cell_134871,36
85920,TGATAAACGGAGCA,cell_134878,36
85932,TGATCGGACGGAGA,cell_134893,36
85934,TGATCGGAGTAGCT,cell_134895,36
85980,TGCGCACTTCCAAG,cell_134956,36
85990,TGCTTAACTACGCA,cell_134971,36
85991,TGCTTAACTCTACT,cell_134972,36
86006,TGGAGGGAAGTCAC,cell_134994,36
86017,TGGCAATGGTACAC,cell_135011,36
86026,TGGTAGACGTCATG,cell_135029,36
86035,TGTAGGTGAGCTCA,cell_135050,36
86041,TGTAGGTGTGACCA,cell_135058,36
86045,TGTATCTGAGGGTG,cell_135063,36
86060,TGTGAGACCGTAGT,cell_135083,36
86061,TGTGAGACGGAGCA,cell_135084,36
86066,TGTGATCTGTGTCA,cell_135091,36
86068,TGTGGATGCTCAAG,cell_135094,36
86069,TGTGGATGTTGGTG,cell_135095,36
86078,TTAACCACGTTGGT,cell_135106,36
86091,TTACGACTTGGTCA,cell_135122,36
86124,TTCAAAGAGCGATT,cell_135173,36
86143,TTCAGTTGCGGGAA,cell_135198,36
86164,TTCTGATGTTTGTC,cell_135241,36
86166,TTCTTACTTGAGGG,cell_135244,36
86177,TTGATCTGTCCTTA,cell_135259,36
86185,TTGCTAACTGCTCC,cell_135268,36
86190,TTGGAGACTCGATG,cell_135275,36
86195,TTGGGAACACTAGC,cell_135282,36
86196,TTGGTACTGCGTTA,cell_135283,36
86212,TTTATCCTACACTG,cell_135302,36
86219,TTTCGAACGGTAGG,cell_135312,36
86230,AAACCGTGTGTGAC,cell_135327,37
86232,AAACGCTGCATTCT,cell_135329,37
86233,AAACGCTGGGTTTG,cell_135330,37
86237,AAACGGCTAAGCCT,cell_135334,37
86240,AAACGGCTGTTGGT,cell_135337,37
86248,AAAGGCCTAGGAGC,cell_135345,37
86252,AAATACTGTACTCT,cell_135350,37
86255,AAATCATGAGATGA,cell_135353,37
86258,AAATCTGACTATGG,cell_135358,37
86273,AACAAACTCTTTAC,cell_135379,37
86278,AACACTCTTCGCAA,cell_135384,37
86281,AACATATGATCACG,cell_135388,37
86306,AACCTTTGTTTCTG,cell_135424,37
86324,AACGTTCTTACTGG,cell_135448,37
86329,AACTCACTCAAGCT,cell_135453,37
86342,AAGAATCTCAATCG,cell_135473,37
86359,AAGCCATGCTAGAC,cell_135493,37
86365,AAGGCTTGTATCTC,cell_135503,37
86366,AAGGCTTGTCCGTC,cell_135504,37
86369,AAGGTCTGTCCTAT,cell_135509,37
86377,AAGTAGGATTTCTG,cell_135520,37
86385,AAGTCTCTCTTTAC,cell_135529,37
86391,AAGTGGCTAGATGA,cell_135535,37
86397,AATAACACGAATCC,cell_135545,37
86407,AATACTGATGAGGG,cell_135559,37
86420,AATCGGTGACCAAC,cell_135578,37
86437,AATGTCCTGAATCC,cell_135599,37
86444,AATTGTGAAAGCAA,cell_135609,37
86451,ACAAGAGAGCGAGA,cell_135620,37
86458,ACACATCTAACCTG,cell_135628,37
86459,ACACATCTCCTGTC,cell_135629,37
86464,ACACCAGATAGACC,cell_135635,37
86465,ACACCCTGAAGTGA,cell_135636,37
86475,ACACGATGTAGACC,cell_135648,37
86492,ACAGTGTGTCTTAC,cell_135668,37
86505,ACCAACGAGGGAGT,cell_135686,37
86507,ACCACAGAGGATCT,cell_135689,37
86514,ACCACGCTTAGACC,cell_135697,37
86517,ACCAGCCTTCGTAG,cell_135701,37
86521,ACCATTACTGAACC,cell_135706,37
86522,ACCATTTGCCCACT,cell_135708,37
86544,ACCTCGTGTCAGAC,cell_135739,37
86551,ACGAACTGCTTATC,cell_135752,37
86563,ACGCACCTCCGCTT,cell_135771,37
86569,ACGCCGGAGGTCAT,cell_135779,37
86581,ACGGATTGATGCTG,cell_135794,37
86599,ACGTCGCTTGGGAG,cell_135815,37
86613,ACTAAAACATGGTC,cell_135831,37
86616,ACTACGGAGGTACT,cell_135834,37
86619,ACTAGGTGCTTGTT,cell_135839,37
86636,ACTCGAGACTCCCA,cell_135858,37
86637,ACTCGAGAGAGACG,cell_135859,37
86638,ACTCGAGATAGACC,cell_135860,37
86644,ACTCTCCTGTCGAT,cell_135872,37
86651,ACTTAAGAACAGTC,cell_135884,37
86655,ACTTCCCTCCTGAA,cell_135891,37
86660,ACTTGACTAACTGC,cell_135897,37
86666,ACTTTGTGAAGGGC,cell_135904,37
86668,ACTTTGTGCTCCCA,cell_135907,37
86680,AGAACGCTTGTCTT,cell_135921,37
86692,AGACACTGCGAACT,cell_135935,37
86693,AGACCTGAGATAAG,cell_135936,37
86715,AGAGGTCTGGTGAG,cell_135967,37
86722,AGATCGTGAACCGT,cell_135974,37
86728,AGATTAACTATGGC,cell_135982,37
86736,AGCACAACAGCACT,cell_135992,37
86737,AGCACTGAGGATCT,cell_135993,37
86740,AGCACTGATGCCTC,cell_135996,37
86741,AGCATGACAGCAAA,cell_135997,37
86751,AGCCACCTTCAGAC,cell_136009,37
86758,AGCGAACTGTTGTG,cell_136021,37
86771,AGCGGCACTTGTGG,cell_136037,37
86790,AGGACACTCTCGAA,cell_136064,37
86791,AGGACACTGGAAGC,cell_136065,37
86799,AGGATGCTCTTGCC,cell_136074,37
86800,AGGCAACTCCGATA,cell_136075,37
86813,AGGGCCACGACGAG,cell_136091,37
86814,AGGGCCACGAGGGT,cell_136092,37
86820,AGGGTGGATGCCAA,cell_136099,37
86821,AGGTACACATGACC,cell_136101,37
86823,AGGTACTGTCTACT,cell_136107,37
86830,AGGTGTTGCTCGCT,cell_136115,37
86833,AGGTGTTGTTTCTG,cell_136118,37
86854,AGTAGAGAAGCTCA,cell_136142,37
86857,AGTAGGCTTTGACG,cell_136148,37
86862,AGTATCCTTGCGTA,cell_136153,37
86900,AGTTTCACTCAGAC,cell_136210,37
86905,ATAAACACGACAAA,cell_136216,37
86915,ATAAGTTGAGCACT,cell_136230,37
86927,ATACAATGAGTCAC,cell_136243,37
86930,ATACCACTACCATG,cell_136246,37
86931,ATACCACTCTTGCC,cell_136247,37
86934,ATACCGGAGTACAC,cell_136250,37
86938,ATACCTACTAGAGA,cell_136255,37
86946,ATAGCCGACGCAAT,cell_136265,37
86960,ATATAGTGCTCGCT,cell_136285,37
86974,ATCACTTGGGGTGA,cell_136300,37
86977,ATCAGGTGTCTTCA,cell_136304,37
86979,ATCATGCTATGTCG,cell_136306,37
86996,ATCGACGAGGTTTG,cell_136328,37
87000,ATCGCCACTAGCGT,cell_136334,37
87004,ATCGCGCTACTGTG,cell_136338,37
87007,ATCGCGCTGTTCTT,cell_136341,37
87016,ATCTCAACACCTTT,cell_136351,37
87019,ATCTGACTACTCTT,cell_136355,37
87061,ATGTTGCTCGCTAA,cell_136416,37
87063,ATGTTGCTGTAGGG,cell_136419,37
87065,ATTAAGACAGATGA,cell_136422,37
87074,ATTAGATGGCAAGG,cell_136434,37
87076,ATTAGTGATTTGTC,cell_136436,37
87078,ATTCAAGATGGATC,cell_136440,37
87085,ATTCCATGGACGTT,cell_136448,37
87092,ATTCGGGAGGATTC,cell_136458,37
87099,ATTGAAACGCGAGA,cell_136466,37
87106,ATTGCGGATGTTTC,cell_136475,37
87111,ATTGGTCTCCTAAG,cell_136482,37
87121,ATTTGCACTGACCA,cell_136492,37
87123,CAAAGCACACGGGA,cell_136494,37
87124,CAAAGCACGAGGGT,cell_136495,37
87125,CAAAGCACTCCAGA,cell_136496,37
87136,CAACAGACGAGGCA,cell_136511,37
87149,CAACGTGAGACGTT,cell_136525,37
87160,CAAGCCCTAGCATC,cell_136538,37
87192,CACACCTGGTTGCA,cell_136580,37
87195,CACAGAACCGGGAA,cell_136583,37
87200,CACATACTTGTCTT,cell_136590,37
87206,CACCGGGAACGGGA,cell_136596,37
87209,CACCGGGATTAGGC,cell_136600,37
87210,CACCGTACAATCGC,cell_136601,37
87227,CACGGGACCGACTA,cell_136624,37
87236,CACTCCGAGAAAGT,cell_136634,37
87243,CACTCTCTTGCAAC,cell_136643,37
87248,CACTGCTGACTACG,cell_136650,37
87252,CACTGCTGTGCGTA,cell_136655,37
87263,CAGACAACTACTCT,cell_136669,37
87285,CAGCGTCTCCCGTT,cell_136699,37
87286,CAGCGTCTGGATCT,cell_136701,37
87305,CAGGTATGGCGGAA,cell_136726,37
87306,CAGGTATGTAGAGA,cell_136727,37
87307,CAGGTTGACCATGA,cell_136728,37
87315,CAGTGATGACCGAT,cell_136736,37
87316,CAGTGATGCACTCC,cell_136737,37
87327,CATACTACTCAGAC,cell_136754,37
87330,CATATAGAGACACT,cell_136761,37
87338,CATCCCGATCAGGT,cell_136770,37
87339,CATCGCTGCCAGTA,cell_136771,37
87341,CATCGGCTGCAAGG,cell_136773,37
87362,CATTAGCTATCGTG,cell_136802,37
87371,CATTGACTAGTCTG,cell_136814,37
87374,CATTGACTGTTCAG,cell_136817,37
87378,CATTTCGACCCTAC,cell_136822,37
87382,CATTTGTGTTGACG,cell_136829,37
87404,CCACCTGATCTTAC,cell_136854,37
87419,CCAGATGACCACCT,cell_136873,37
87428,CCAGCTACGTATCG,cell_136884,37
87435,CCATAGGAGGTGAG,cell_136894,37
87440,CCATGCTGATCTCT,cell_136900,37
87444,CCCAAAGAGTTGAC,cell_136905,37
87448,CCCAACTGACAGTC,cell_136909,37
87462,CCCATCGATCCGTC,cell_136926,37
87463,CCCGATTGGTACCA,cell_136929,37
87468,CCCTGAACAAGGTA,cell_136939,37
87471,CCCTTACTTTGACG,cell_136945,37
87489,CCGGAGACGTCAAC,cell_136970,37
87490,CCGGAGTGTGGTAC,cell_136974,37
87495,CCTAAACTATGGTC,cell_136981,37
87496,CCTAAACTTAAAGG,cell_136982,37
87511,CCTCGAACACGTAC,cell_137002,37
87526,CGAATCGAGAGGGT,cell_137020,37
87532,CGACCGGATCAAGC,cell_137027,37
87537,CGACCTACTCGTTT,cell_137035,37
87538,CGACGTCTGTAAGA,cell_137036,37
87546,CGACTGCTTGCAGT,cell_137046,37
87553,CGAGCCGACGATAC,cell_137053,37
87560,CGAGGCTGGGCAAG,cell_137061,37
87582,CGCACTACCATTTC,cell_137094,37
87585,CGCACTTGTTGCGA,cell_137098,37
87602,CGCGGATGGGTACT,cell_137123,37
87604,CGCGGATGTTCTCA,cell_137125,37
87611,CGCTACACGGTCAT,cell_137132,37
87631,CGGATATGCTCATT,cell_137156,37
87639,CGGGACTGCAGGAG,cell_137170,37
87645,CGGTAAACACTAGC,cell_137178,37
87666,CGTCCATGCATGCA,cell_137205,37
87675,CGTGAAACTGTGGT,cell_137218,37
87676,CGTGAAACTTGGCA,cell_137219,37
87684,CGTGCACTCTTATC,cell_137227,37
87699,CTAACTACTCGCTC,cell_137253,37
87705,CTAAGGTGTGGATC,cell_137260,37
87706,CTAATAGACAGGAG,cell_137263,37
87717,CTACCTCTTCGATG,cell_137276,37
87719,CTACGCACACCAAC,cell_137278,37
87727,CTAGAGACGGTCAT,cell_137287,37
87732,CTAGATCTGATACC,cell_137292,37
87740,CTAGGTGATAGAGA,cell_137302,37
87748,CTATAAGATACGCA,cell_137312,37
87750,CTATAAGATTCTGT,cell_137314,37
87762,CTATGACTGGATTC,cell_137328,37
87766,CTATGTTGTGTCGA,cell_137333,37
87768,CTCAATTGTAACCG,cell_137336,37
87771,CTCAGCACGTCAAC,cell_137341,37
87773,CTCAGCTGAGCCTA,cell_137343,37
87786,CTCGAGCTGGTGTT,cell_137364,37
87788,CTCGCATGCCTTTA,cell_137366,37
87796,CTGAAGTGAGCATC,cell_137376,37
87805,CTGATACTGTGTTG,cell_137387,37
87818,CTGGAAACACCAGT,cell_137404,37
87834,CTTAAGCTCAACTG,cell_137427,37
87844,CTTAGACTCTCAAG,cell_137438,37
87866,GAAAGCCTCCTTGC,cell_137466,37
87871,GAACACACTAACCG,cell_137474,37
87872,GAACAGCTGCTGAT,cell_137476,37
87885,GAAGCGGAGTTCTT,cell_137492,37
87894,GAAGGGTGAAGTAG,cell_137502,37
87898,GAAGGGTGGGTCAT,cell_137506,37
87902,GAAGGTCTTTCTTG,cell_137510,37
87908,GAATGCTGGTTCGA,cell_137520,37
87917,GACACTGATTGCAG,cell_137532,37
87937,GACCTCACTGGTCA,cell_137564,37
87938,GACCTCTGACGTGT,cell_137565,37
87939,GACCTCTGCTAAGC,cell_137566,37
87942,GACGAACTGCCTTC,cell_137569,37
87950,GACGGCACACGACT,cell_137582,37
87960,GACGTCCTGAATGA,cell_137594,37
87965,GACTCCTGAAGATG,cell_137599,37
87967,GACTCCTGGGTAGG,cell_137601,37
87973,GAGATAGAGAGACG,cell_137612,37
87978,GAGCAACTGGAAGC,cell_137620,37
87990,GAGCTCCTCGCATA,cell_137633,37
87993,GAGGATCTTCCAAG,cell_137637,37
88002,GAGGGATGGAGCTT,cell_137649,37
88012,GAGGTTTGTGTGCA,cell_137661,37
88023,GAGTCTGAGGACAG,cell_137675,37
88025,GAGTCTGATACTCT,cell_137678,37
88051,GATATCCTAGTCGT,cell_137712,37
88053,GATATCCTGTTCAG,cell_137714,37
88069,GATGCCCTAAGATG,cell_137738,37
88072,GATTACCTGCCTTC,cell_137741,37
88087,GCAAACTGGTTCAG,cell_137761,37
88100,GCAATTCTCGTGAT,cell_137776,37
88114,GCACGTCTTCGTAG,cell_137799,37
88118,GCACTGCTTTGTCT,cell_137803,37
88128,GCAGCGTGTCCCGT,cell_137815,37
88135,GCAGTCCTGGACGA,cell_137824,37
88144,GCATGTGAAAGATG,cell_137835,37
88152,GCCAAATGGTTGAC,cell_137846,37
88159,GCCACTACTGTCAG,cell_137855,37
88177,GCCGTACTTTCCGC,cell_137876,37
88204,GCGCATCTGACACT,cell_137910,37
88205,GCGCGAACCCATAG,cell_137912,37
88206,GCGCGAACCGCATA,cell_137913,37
88207,GCGCGAACTGTCGA,cell_137914,37
88217,GCGGCAACTCACCC,cell_137925,37
88230,GCTAGAACGAGCTT,cell_137943,37
88250,GCTTAACTGTTCTT,cell_137970,37
88261,GGAAGGACTCGCCT,cell_137983,37
88307,GGCACGTGAAGAAC,cell_138054,37
88320,GGCCAGACTGCCTC,cell_138068,37
88337,GGCGGACTATTCTC,cell_138088,37
88344,GGCTACCTTCGTTT,cell_138096,37
88355,GGGAAGTGGCGAGA,cell_138110,37
88358,GGGACCTGGTGAGG,cell_138114,37
88366,GGGCCAACGTCTTT,cell_138125,37
88379,GGTACAACTGAACC,cell_138142,37
88381,GGTACTGATCCTCG,cell_138144,37
88383,GGTAGTACCTGTCC,cell_138146,37
88387,GGTCAAACCGGTAT,cell_138151,37
88398,GTAATAACTGTGGT,cell_138167,37
88401,GTACAGTGAACGTC,cell_138171,37
88420,GTAGCTGATTCTGT,cell_138196,37
88426,GTAGTGTGCCTAAG,cell_138204,37
88429,GTATCACTTGTCTT,cell_138207,37
88430,GTATCTACACCTGA,cell_138208,37
88437,GTATTCACCTCAAG,cell_138220,37
88447,GTCCAAGAACAGTC,cell_138233,37
88449,GTCCAAGATGGTGT,cell_138236,37
88457,GTCGAATGTCACGA,cell_138247,37
88458,GTCGACCTTATGGC,cell_138249,37
88461,GTCTAACTAAAGCA,cell_138252,37
88462,GTCTAACTGTAAGA,cell_138254,37
88475,GTGAGGGATTTCGT,cell_138272,37
88476,GTGATCGAACCAAC,cell_138273,37
88486,GTGCTAGAGAACTC,cell_138288,37
88489,GTGGATTGGACACT,cell_138292,37
88510,GTTAGGTGGTACGT,cell_138317,37
88511,GTTAGTCTGGAAGC,cell_138319,37
88516,GTTATCTGGGAGGT,cell_138325,37
88520,GTTCATACGGTAGG,cell_138333,37
88522,GTTCATACTACGCA,cell_138335,37
88530,GTTGATCTACGTGT,cell_138345,37
88533,GTTGGATGAGCTCA,cell_138348,37
88534,GTTGGATGCGTCTC,cell_138349,37
88537,GTTTAAGATCGTTT,cell_138355,37
88543,TAAAGACTCAAGCT,cell_138363,37
88570,TAACTCACCGAATC,cell_138395,37
88572,TAAGAACTGTTGGT,cell_138399,37
88579,TAAGCGTGAACTGC,cell_138409,37
88580,TAAGCTCTCCTCCA,cell_138410,37
88596,TAATCGCTGGAAGC,cell_138428,37
88605,TAATGCCTACACCA,cell_138439,37
88606,TAATGCCTACCGAT,cell_138440,37
88616,TACATCACCCTCGT,cell_138453,37
88624,TACGACGACCTTCG,cell_138464,37
88626,TACGAGTGCTCATT,cell_138467,37
88689,TAGGAGCTGGTTCA,cell_138561,37
88694,TAGGCTGAGGTCTA,cell_138567,37
88709,TAGTCGGATGTCAG,cell_138594,37
88718,TATAAGTGACGACT,cell_138607,37
88741,TATCACTGGTCATG,cell_138637,37
88759,TATGAATGAAGGTA,cell_138664,37
88770,TATGTGCTGTTTGG,cell_138681,37
88773,TATTTCCTGGTCAT,cell_138686,37
88799,TCACTATGGAATCC,cell_138719,37
88811,TCAGTGGAAACCGT,cell_138734,37
88816,TCAGTTACGGTCTA,cell_138739,37
88831,TCCATCCTCCACCT,cell_138764,37
88834,TCCCATCTCCACAA,cell_138770,37
88840,TCCCGATGATGTCG,cell_138778,37
88843,TCCCGATGTGCCAA,cell_138781,37
88850,TCCGGACTGGTTAC,cell_138788,37
88854,TCCTAATGGCTTCC,cell_138793,37
88856,TCCTACCTACACTG,cell_138795,37
88863,TCGACGCTAATGCC,cell_138804,37
88878,TCGCAGCTAGGTCT,cell_138822,37
88917,TCTTACGACATTCT,cell_138880,37
88918,TCTTACGAGAATAG,cell_138881,37
88925,TCTTGATGTGGGAG,cell_138890,37
88952,TGAGACACTTCTCA,cell_138925,37
88961,TGAGTCGAAACGAA,cell_138938,37
88970,TGATCGGACGGAGA,cell_138953,37
88975,TGATTCTGTCAGGT,cell_138960,37
88984,TGCAAGTGGTACCA,cell_138970,37
88986,TGCAATCTACCAGT,cell_138972,37
88995,TGCCAAGAACCGAT,cell_138984,37
88998,TGCCACTGAAGAGT,cell_138989,37
89002,TGCCAGCTAAGCAA,cell_138995,37
89011,TGCGAAACAAAGCA,cell_139006,37
89015,TGCGCACTACAGTC,cell_139012,37
89016,TGCGCACTATGGTC,cell_139013,37
89022,TGCTAGGATCACCC,cell_139023,37
89030,TGCTGAGACTGACA,cell_139032,37
89063,TGGATGACCAGAGG,cell_139072,37
89084,TGGTACGAGTGTCA,cell_139093,37
89087,TGGTAGTGGGAACG,cell_139097,37
89090,TGGTATCTCTTCTA,cell_139100,37
89100,TGTAATGAAGCTAC,cell_139111,37
89101,TGTAATGACCCTCA,cell_139112,37
89127,TTACGACTGCGAGA,cell_139153,37
89133,TTAGACCTCTGAGT,cell_139164,37
89139,TTAGGTCTCGACAT,cell_139172,37
89140,TTAGGTCTGTCTTT,cell_139173,37
89142,TTAGTCACTGTGCA,cell_139176,37
89149,TTATGAGAGTCGAT,cell_139186,37
89154,TTATTCCTAAACGA,cell_139192,37
89159,TTCAACACTGGTGT,cell_139198,37
89183,TTCCATGATCCAGA,cell_139226,37
89189,TTCCTAGATACGCA,cell_139232,37
89193,TTCGAGGATGGTCA,cell_139238,37
89204,TTCTCAGATAAGCC,cell_139253,37
89213,TTGACACTAAGATG,cell_139264,37
89231,TTGCTATGGAGCTT,cell_139285,37
89242,TTGTAGCTGGCATT,cell_139298,37
89246,TTGTCATGGGTTAC,cell_139303,37
89249,TTTAGGCTATCAGC,cell_139312,37
89266,TTTGCATGCTGATG,cell_139331,37
