barcode,sample,cells
AAACATACCATGCA,19,1
AAACATACCATGCA,24,1
AAACATACTACAGC,24,1
AAACATACTACAGC,8,1
AAACATACTCGATG,24,1
AAACATACTCGATG,25,1
AAACATACTCGTTT,33,1
AAACATACTCGTTT,34,1
AAACATTGCAACTG,15,1
AAACATTGCAACTG,17,1
AAACATTGCTAAGC,28,1
AAACATTGCTAAGC,29,1
AAACATTGGCCAAT,13,1
AAACATTGGCCAAT,5,1
AAACATTGTATCTC,5,1
AAACATTGTATCTC,6,1
AAACCGTGCGAACT,13,1
AAACCGTGCGAACT,36,1
AAACCGTGCTTGGA,13,1
AAACCGTGCTTGGA,28,1
AAACCGTGCTTTAC,29,1
AAACCGTGCTTTAC,33,1
AAACCGTGTACAGC,19,1
AAACCGTGTACAGC,27,1
AAACCGTGTGTGAC,36,1
AAACCGTGTGTGAC,37,1
AAACGCACTGAACC,10,1
AAACGCACTGAACC,9,1
AAACGCACTTATCC,27,1
AAACGCACTTATCC,31,1
AAACGCTGACCGAT,16,1
AAACGCTGACCGAT,36,1
AAACGCTGCATTCT,35,1
AAACGCTGCATTCT,37,1
AAACGCTGCGCATA,19,1
AAACGCTGCGCATA,35,1
AAACGCTGGCAGAG,26,1
AAACGCTGGCAGAG,9,1
AAACGCTGGGAAAT,29,1
AAACGCTGGGAAAT,9,1
AAACGCTGGGTTTG,37,1
AAACGCTGGGTTTG,8,1
AAACGGCTAAGCCT,29,1
AAACGGCTAAGCCT,37,1
AAACGGCTAAGGGC,29,1
AAACGGCTAAGGGC,31,1
AAACGGCTAGTCGT,19,1
AAACGGCTAGTCGT,36,1
AAACGGCTCAAGCT,12,1
AAACGGCTCAAGCT,19,1
AAACGGCTCTAGAC,13,1
AAACGGCTCTAGAC,29,1
AAACGGCTGTTGGT,17,1
AAACGGCTGTTGGT,37,1
AAACGGCTTCTATC,31,1
AAACGGCTTCTATC,7,1
AAACTTGACAGTCA,13,1
AAACTTGACAGTCA,34,1
AAACTTGACCACCT,17,1
AAACTTGACCACCT,34,1
AAACTTGAGGGAGT,34,1
AAACTTGAGGGAGT,35,1
AAAGACGAAGCACT,20,1
AAAGACGAAGCACT,27,1
AAAGACGAAGCCTA,17,1
AAAGACGAAGCCTA,36,1
AAAGACGAAGCCTA,7,1
AAAGAGACCCCTAC,26,1
AAAGAGACCCCTAC,29,1
AAAGAGACTGCCCT,33,1
AAAGAGACTGCCCT,35,1
AAAGATCTCGTTGA,27,1
AAAGATCTCGTTGA,30,1
AAAGATCTGCTGAT,29,1
AAAGATCTGCTGAT,34,1
AAAGATCTTCGCAA,15,1
AAAGATCTTCGCAA,29,1
AAAGCAGACAAGCT,12,1
AAAGCAGACAAGCT,34,1
AAAGCAGATACGCA,29,1
AAAGCAGATACGCA,6,1
AAAGCAGATTCGGA,24,1
AAAGCAGATTCGGA,29,1
AAAGCCTGAACAGA,10,1
AAAGCCTGAACAGA,34,1
AAAGCCTGACCTGA,27,1
AAAGCCTGACCTGA,28,1
AAAGGCCTACCAGT,27,1
AAAGGCCTACCAGT,32,1
AAAGGCCTAGGAGC,13,1
AAAGGCCTAGGAGC,37,1
AAAGGCCTCCACAA,1,1
AAAGGCCTCCACAA,25,1
AAAGTTTGAGCTCA,25,1
AAAGTTTGAGCTCA,33,1
AAAGTTTGGACTAC,13,1
AAAGTTTGGACTAC,30,1
AAAGTTTGGGTCAT,24,1
AAAGTTTGGGTCAT,25,1
AAAGTTTGTCTACT,10,1
AAAGTTTGTCTACT,28,1
AAATACTGCCGATA,14,1
AAATACTGCCGATA,24,1
AAATACTGCGTACA,18,1
AAATACTGCGTACA,23,1
AAATACTGTACTCT,27,1
AAATACTGTACTCT,37,1
AAATCAACAGCACT,16,1
AAATCAACAGCACT,26,1
AAATCAACGAATCC,26,1
AAATCAACGAATCC,6,1
AAATCAACTCGCTC,29,1
AAATCAACTCGCTC,31,1
AAATCAACTGGTTG,28,1
AAATCAACTGGTTG,36,1
AAATCATGAGATGA,18,1
AAATCATGAGATGA,37,1
AAATCATGCCCGTT,13,1
AAATCATGCCCGTT,25,1
AAATCATGCTAGAC,6,1
AAATCATGCTAGAC,9,1
AAATCATGGATAGA,27,1
AAATCATGGATAGA,32,1
AAATCATGGTCTGA,13,1
AAATCATGGTCTGA,18,1
AAATCATGTGGTAC,29,1
AAATCATGTGGTAC,9,1
AAATCCCTTCCTGC,33,1
AAATCCCTTCCTGC,6,1
AAATCTGACTATGG,27,1
AAATCTGACTATGG,37,1
AAATCTGACTGTTT,15,1
AAATCTGACTGTTT,17,1
AAATGGGAAGCGGA,12,1
AAATGGGAAGCGGA,16,1
AAATGGGAAGTCTG,35,1
AAATGGGAAGTCTG,36,1
AAATGTTGACGTTG,30,1
AAATGTTGACGTTG,34,1
AAATTCGAAGGCGA,12,1
AAATTCGAAGGCGA,29,1
AAATTCGAGTCACA,27,1
AAATTCGAGTCACA,34,1
AAATTGACACCTCC,10,1
AAATTGACACCTCC,29,1
AACAAACTCCGTTC,18,1
AACAAACTCCGTTC,9,1
AACAAACTCGCCTT,1,1
AACAAACTCGCCTT,34,1
AACAAACTCTTTAC,16,1
AACAAACTCTTTAC,37,1
AACAAACTTGTTCT,24,1
AACAAACTTGTTCT,29,1
AACACGTGGCAAGG,17,1
AACACGTGGCAAGG,31,1
AACACTCTATGCCA,12,1
AACACTCTATGCCA,25,1
AACACTCTCTGAGT,16,1
AACACTCTCTGAGT,24,1
AACACTCTGGAGTG,25,1
AACACTCTGGAGTG,6,1
AACACTCTTCGCAA,37,1
AACACTCTTCGCAA,8,1
AACACTCTTGTTCT,27,1
AACACTCTTGTTCT,5,1
AACACTCTTTCTCA,27,1
AACACTCTTTCTCA,30,1
AACAGAGACATTTC,20,1
AACAGAGACATTTC,26,1
AACAGAGACATTTC,34,1
AACAGAGACTATGG,27,1
AACAGAGACTATGG,8,1
AACAGAGAGGGAGT,10,1
AACAGAGAGGGAGT,25,1
AACAGAGAGGTTCA,10,1
AACAGAGAGGTTCA,26,1
AACAGAGAGTAGCT,25,1
AACAGAGAGTAGCT,30,1
AACAGAGATAACGC,25,1
AACAGAGATAACGC,31,1
AACAGCACAACGTC,15,1
AACAGCACAACGTC,17,1
AACAGCACCAGATC,24,1
AACAGCACCAGATC,36,1
AACAGCACCTGGTA,14,1
AACAGCACCTGGTA,28,1
AACAGCACCTGGTA,34,1
AACATATGACTGTG,30,1
AACATATGACTGTG,36,1
AACATATGATCACG,27,1
AACATATGATCACG,37,1
AACATATGTAACCG,29,1
AACATATGTAACCG,34,1
AACATTGACACTAG,23,1
AACATTGACACTAG,29,1
AACATTGAGTCTTT,10,1
AACATTGAGTCTTT,25,1
AACCACGAAACGAA,36,1
AACCACGAAACGAA,7,1
AACCACGATTGCTT,17,1
AACCACGATTGCTT,29,1
AACCAGTGGACAGG,18,1
AACCAGTGGACAGG,6,1
AACCGATGAGAATG,16,1
AACCGATGAGAATG,28,1
AACCGATGAGAGGC,16,1
AACCGATGAGAGGC,25,1
AACCGATGATAAGG,13,1
AACCGATGATAAGG,16,1
AACCGCCTACTACG,24,1
AACCGCCTACTACG,25,1
AACCGCCTATGGTC,14,1
AACCGCCTATGGTC,29,1
AACCGCCTTGATGC,25,1
AACCGCCTTGATGC,26,1
AACCTACTACTGTG,12,1
AACCTACTACTGTG,26,1
AACCTACTATGCTG,24,1
AACCTACTATGCTG,30,1
AACCTACTCGGTAT,12,1
AACCTACTCGGTAT,30,1
AACCTTACCGAACT,12,1
AACCTTACCGAACT,24,1
AACCTTACCTCGAA,34,1
AACCTTACCTCGAA,36,1
AACCTTACTAAGCC,14,1
AACCTTACTAAGCC,32,1
AACCTTACTGAGAA,12,1
AACCTTACTGAGAA,17,1
AACCTTTGGGACTT,14,1
AACCTTTGGGACTT,26,1
AACCTTTGTTTCTG,25,1
AACCTTTGTTTCTG,37,1
AACGCAACACGTAC,18,1
AACGCAACACGTAC,36,1
AACGCAACAGTACC,12,1
AACGCAACAGTACC,15,1
AACGCAACGAACTC,18,1
AACGCAACGAACTC,36,1
AACGCAACGGGACA,17,1
AACGCAACGGGACA,24,1
AACGCAACGTTGGT,7,1
AACGCAACGTTGGT,9,1
AACGCAACTAAGCC,20,1
AACGCAACTAAGCC,35,1
AACGCATGTCTTAC,29,1
AACGCATGTCTTAC,32,1
AACGCCCTACACGT,34,1
AACGCCCTACACGT,6,1
AACGCCCTAGGTCT,33,1
AACGCCCTAGGTCT,9,1
AACGCCCTCACTCC,23,1
AACGCCCTCACTCC,8,1
AACGCCCTCTCTCG,24,1
AACGCCCTCTCTCG,28,1
AACGCCCTGGAGGT,12,1
AACGCCCTGGAGGT,13,1
AACGCCCTTGCCCT,29,1
AACGCCCTTGCCCT,35,1
AACGCCCTTGCCCT,9,1
AACGGTACACCAGT,24,1
AACGGTACACCAGT,7,1
AACGGTACTAGTCG,14,1
AACGGTACTAGTCG,32,1
AACGGTACTGATGC,15,1
AACGGTACTGATGC,26,1
AACGGTTGAACCAC,25,1
AACGGTTGAACCAC,36,1
AACGGTTGATTTCC,15,1
AACGGTTGATTTCC,17,1
AACGGTTGATTTCC,24,1
AACGGTTGCCCACT,12,1
AACGGTTGCCCACT,20,1
AACGGTTGCCCACT,25,1
AACGGTTGGAATCC,25,1
AACGGTTGGAATCC,34,1
AACGGTTGTATCGG,27,1
AACGGTTGTATCGG,29,1
AACGGTTGTATCTC,26,1
AACGGTTGTATCTC,32,1
AACGTCGAGAGCTT,26,1
AACGTCGAGAGCTT,32,1
AACGTCGAGGCATT,34,1
AACGTCGAGGCATT,9,1
AACGTCGAGTCACA,15,1
AACGTCGAGTCACA,27,1
AACGTGTGAACGTC,26,1
AACGTGTGAACGTC,9,1
AACGTGTGAGATGA,24,1
AACGTGTGAGATGA,29,1
AACGTGTGTAGACC,16,1
AACGTGTGTAGACC,28,1
AACGTGTGTATCGG,13,1
AACGTGTGTATCGG,29,1
AACGTTCTACCTCC,12,1
AACGTTCTACCTCC,27,1
AACGTTCTACCTCC,30,1
AACGTTCTTACTGG,35,1
AACGTTCTTACTGG,37,1
AACGTTCTTGGTGT,16,1
AACGTTCTTGGTGT,24,1
AACGTTCTTGGTGT,33,1
AACTACCTGGCATT,16,1
AACTACCTGGCATT,29,1
AACTACCTGTCACA,36,1
AACTACCTGTCACA,7,1
AACTCACTCAAGCT,35,1
AACTCACTCAAGCT,37,1
AACTCACTCTATGG,13,1
AACTCACTCTATGG,35,1
AACTCGGAATTTCC,13,1
AACTCGGAATTTCC,29,1
AACTCGGACTAGTG,17,1
AACTCGGACTAGTG,25,1
AACTCGGACTAGTG,33,1
AACTCTTGCCGCTT,17,1
AACTCTTGCCGCTT,19,1
AACTCTTGCTTAGG,26,1
AACTCTTGCTTAGG,7,1
AACTCTTGTATTCC,25,1
AACTCTTGTATTCC,27,1
AACTCTTGTGCTCC,31,1
AACTCTTGTGCTCC,32,1
AACTCTTGTGGTCA,17,1
AACTCTTGTGGTCA,24,1
AACTGTCTTCCCAC,28,1
AACTGTCTTCCCAC,36,1
AACTTGCTCCTCGT,26,1
AACTTGCTCCTCGT,31,1
AACTTGCTTACTTC,13,1
AACTTGCTTACTTC,36,1
AAGAAGACCTGGTA,16,1
AAGAAGACCTGGTA,35,1
AAGAAGACGTCTAG,17,1
AAGAAGACGTCTAG,32,1
AAGAAGACTAAGGA,10,1
AAGAAGACTAAGGA,34,1
AAGAATCTAGATGA,13,1
AAGAATCTAGATGA,33,1
AAGAATCTCAATCG,37,1
AAGAATCTCAATCG,6,1
AAGAATCTTTCCAT,19,1
AAGAATCTTTCCAT,36,1
AAGACAGACGTCTC,24,1
AAGACAGACGTCTC,32,1
AAGACAGAGAAAGT,28,1
AAGACAGAGAAAGT,32,1
AAGACAGATACAGC,33,1
AAGACAGATACAGC,35,1
AAGACAGATACAGC,8,1
AAGACAGATCGACA,18,1
AAGACAGATCGACA,30,1
AAGACAGATGGTCA,26,1
AAGACAGATGGTCA,34,1
AAGAGATGAAGCCT,34,1
AAGAGATGAAGCCT,9,1
AAGAGATGCTTTAC,19,1
AAGAGATGCTTTAC,30,1
AAGAGATGGCTTCC,17,1
AAGAGATGGCTTCC,33,1
AAGAGATGTGGGAG,13,1
AAGAGATGTGGGAG,28,1
AAGATGGAGGTGTT,17,1
AAGATGGAGGTGTT,25,1
AAGATGGATCGTTT,26,1
AAGATGGATCGTTT,34,1
AAGATTACCCGCTT,31,1
AAGATTACCCGCTT,32,1
AAGCAAGACTGTCC,29,1
AAGCAAGACTGTCC,8,1
AAGCACTGAAACGA,10,1
AAGCACTGAAACGA,30,1
AAGCACTGCGAATC,13,1
AAGCACTGCGAATC,36,1
AAGCACTGTTGGTG,33,1
AAGCACTGTTGGTG,8,1
AAGCCAACAAACGA,16,1
AAGCCAACAAACGA,36,1
AAGCCAACAAAGTG,26,1
AAGCCAACAAAGTG,28,1
AAGCCAACTGTGAC,27,1
AAGCCAACTGTGAC,29,1
AAGCCATGATGTGC,12,1
AAGCCATGATGTGC,25,1
AAGCCATGCTAGAC,33,1
AAGCCATGCTAGAC,37,1
AAGCGACTAAGAGT,12,1
AAGCGACTAAGAGT,24,1
AAGCGACTAGTCTG,25,1
AAGCGACTAGTCTG,29,1
AAGCGACTGATACC,24,1
AAGCGACTGATACC,32,1
AAGCGTACCTGTAG,33,1
AAGCGTACCTGTAG,7,1
AAGGCTACCTTAGG,36,1
AAGGCTACCTTAGG,9,1
AAGGCTACTGATGC,19,1
AAGGCTACTGATGC,28,1
AAGGCTACTTCGTT,26,1
AAGGCTACTTCGTT,29,1
AAGGCTTGCCGTTC,17,1
AAGGCTTGCCGTTC,27,1
AAGGCTTGGTCGAT,28,1
AAGGCTTGGTCGAT,9,1
AAGGCTTGGTTCTT,17,1
AAGGCTTGGTTCTT,32,1
AAGGCTTGTATCTC,33,1
AAGGCTTGTATCTC,37,1
AAGGCTTGTCCGTC,37,1
AAGGCTTGTCCGTC,6,1
AAGGTCACAGCCAT,24,1
AAGGTCACAGCCAT,30,1
AAGGTCACCACTAG,12,1
AAGGTCACCACTAG,29,1
AAGGTCACCTCGCT,28,1
AAGGTCACCTCGCT,32,1
AAGGTCACCTCGCT,7,1
AAGGTCACGGTTCA,13,1
AAGGTCACGGTTCA,25,1
AAGGTCTGTAACCG,19,1
AAGGTCTGTAACCG,28,1
AAGGTCTGTCAGAC,17,1
AAGGTCTGTCAGAC,26,1
AAGGTCTGTCCTAT,30,1
AAGGTCTGTCCTAT,37,1
AAGGTCTGTTTGGG,24,1
AAGGTCTGTTTGGG,36,1
AAGGTGCTCCTACC,16,1
AAGGTGCTCCTACC,34,1
AAGGTGCTCCTACC,36,1
AAGGTGCTTCTCAT,13,1
AAGGTGCTTCTCAT,34,1
AAGTAACTAGGGTG,19,1
AAGTAACTAGGGTG,25,1
AAGTAACTCGCCTT,20,1
AAGTAACTCGCCTT,26,1
AAGTAACTCGCCTT,7,1
AAGTAGGAAGGTTC,18,1
AAGTAGGAAGGTTC,27,1
AAGTAGGACCTACC,20,1
AAGTAGGACCTACC,24,1
AAGTAGGACGGAGA,19,1
AAGTAGGACGGAGA,27,1
AAGTAGGAGGTGGA,17,1
AAGTAGGAGGTGGA,25,1
AAGTAGGATAGTCG,24,1
AAGTAGGATAGTCG,35,1
AAGTAGGATTTCTG,16,1
AAGTAGGATTTCTG,37,1
AAGTATACGGTCAT,28,1
AAGTATACGGTCAT,6,1
AAGTCCGAAGTCAC,13,1
AAGTCCGAAGTCAC,33,1
AAGTCCGACCATAG,25,1
AAGTCCGACCATAG,30,1
AAGTCCGATGAACC,12,1
AAGTCCGATGAACC,24,1
AAGTCTCTAGTAGA,17,1
AAGTCTCTAGTAGA,34,1
AAGTCTCTCTTTAC,19,1
AAGTCTCTCTTTAC,37,1
AAGTCTCTTCTTTG,12,1
AAGTCTCTTCTTTG,24,1
AAGTGGCTACGCAT,25,1
AAGTGGCTACGCAT,34,1
AAGTGGCTAGATGA,30,1
AAGTGGCTAGATGA,37,1
AAGTGGCTAGTACC,12,1
AAGTGGCTAGTACC,27,1
AAGTTATGGTCACA,26,1
AAGTTATGGTCACA,33,1
AAGTTATGTGTCCC,33,1
AAGTTATGTGTCCC,6,1
AAGTTATGTGTCTT,30,1
AAGTTATGTGTCTT,6,1
AAGTTCCTTACTTC,20,1
AAGTTCCTTACTTC,30,1
AATAACACAAAACG,32,1
AATAACACAAAACG,36,1
AATAACACGAATCC,19,1
AATAACACGAATCC,37,1
AATAACACGCTGAT,35,1
AATAACACGCTGAT,36,1
AATAACACTAAGGA,19,1
AATAACACTAAGGA,34,1
AATAAGCTCCCAAA,15,1
AATAAGCTCCCAAA,34,1
AATAAGCTCTCCCA,18,1
AATAAGCTCTCCCA,26,1
AATAAGCTCTCTTA,12,1
AATAAGCTCTCTTA,36,1
AATAAGCTGAGCAG,24,1
AATAAGCTGAGCAG,25,1
AATAAGCTGCTGAT,16,1
AATAAGCTGCTGAT,33,1
AATAAGCTGCTGTA,27,1
AATAAGCTGCTGTA,33,1
AATACCCTACGTTG,30,1
AATACCCTACGTTG,35,1
AATACCCTAGTCGT,20,1
AATACCCTAGTCGT,25,1
AATACCCTCAATCG,33,1
AATACCCTCAATCG,9,1
AATACCCTGGAACG,26,1
AATACCCTGGAACG,34,1
AATACCCTGTCCTC,32,1
AATACCCTGTCCTC,35,1
AATACTGACTGCAA,19,1
AATACTGACTGCAA,31,1
AATACTGAGAGCAG,26,1
AATACTGAGAGCAG,31,1
AATACTGATCCAAG,24,1
AATACTGATCCAAG,35,1
AATACTGATGAGGG,28,1
AATACTGATGAGGG,37,1
AATAGGGACGAGAG,12,1
AATAGGGACGAGAG,27,1
AATAGGGACTGGTA,36,1
AATAGGGACTGGTA,5,1
AATAGGGATTGCGA,26,1
AATAGGGATTGCGA,29,1
AATATCGATGACAC,27,1
AATATCGATGACAC,6,1
AATCAAACCGACTA,23,1
AATCAAACCGACTA,7,1
AATCCGGAAAAGTG,28,1
AATCCGGAAAAGTG,9,1
AATCCGGAAATCGC,25,1
AATCCGGAAATCGC,35,1
AATCCGGAGCGTAT,20,1
AATCCGGAGCGTAT,29,1
AATCCTACACCAAC,19,1
AATCCTACACCAAC,30,1
AATCCTACACTTTC,27,1
AATCCTACACTTTC,30,1
AATCCTACAGGAGC,20,1
AATCCTACAGGAGC,24,1
AATCCTACAGGAGC,36,1
AATCCTACCTCTTA,13,1
AATCCTACCTCTTA,29,1
AATCCTACGGGATG,17,1
AATCCTACGGGATG,31,1
AATCCTTGCATGAC,25,1
AATCCTTGCATGAC,36,1
AATCCTTGCTCCAC,25,1
AATCCTTGCTCCAC,36,1
AATCCTTGGCTACA,12,1
AATCCTTGGCTACA,19,1
AATCCTTGTTCGGA,19,1
AATCCTTGTTCGGA,31,1
AATCGGTGACCAAC,30,1
AATCGGTGACCAAC,37,1
AATCTAGATTACCT,15,1
AATCTAGATTACCT,16,1
AATCTCACCTCTAT,17,1
AATCTCACCTCTAT,28,1
AATCTCACGAGGTG,19,1
AATCTCACGAGGTG,26,1
AATCTCACGTGCAT,27,1
AATCTCACGTGCAT,29,1
AATCTCACTACAGC,25,1
AATCTCACTACAGC,34,1
AATCTCACTCTATC,26,1
AATCTCACTCTATC,31,1
AATCTCACTTTGGG,19,1
AATCTCACTTTGGG,34,1
AATCTCTGCTACTT,13,1
AATCTCTGCTACTT,33,1
AATCTCTGGAACCT,13,1
AATCTCTGGAACCT,7,1
AATCTCTGTCCTTA,25,1
AATCTCTGTCCTTA,29,1
AATCTCTGTGCAGT,33,1
AATCTCTGTGCAGT,5,1
AATGAGGAACAGTC,10,1
AATGAGGAACAGTC,35,1
AATGAGGAGTTGGT,12,1
AATGAGGAGTTGGT,36,1
AATGATACATCTTC,28,1
AATGATACATCTTC,33,1
AATGATACCCCTTG,16,1
AATGATACCCCTTG,31,1
AATGATACTATCTC,32,1
AATGATACTATCTC,9,1
AATGATACTGACCA,28,1
AATGATACTGACCA,29,1
AATGATACTTCCGC,29,1
AATGATACTTCCGC,33,1
AATGATACTTGCTT,29,1
AATGATACTTGCTT,31,1
AATGCGTGAACCTG,12,1
AATGCGTGAACCTG,29,1
AATGCGTGAGGCGA,30,1
AATGCGTGAGGCGA,8,1
AATGCGTGGTCTTT,10,1
AATGCGTGGTCTTT,20,1
AATGCGTGTTGGCA,32,1
AATGCGTGTTGGCA,9,1
AATGGAGAACCGAT,28,1
AATGGAGAACCGAT,30,1
AATGGAGAGTGTCA,17,1
AATGGAGAGTGTCA,32,1
AATGGAGATAACCG,28,1
AATGGAGATAACCG,31,1
AATGGAGATCGCCT,23,1
AATGGAGATCGCCT,33,1
AATGGAGATGACAC,25,1
AATGGAGATGACAC,36,1
AATGGCTGCCATGA,33,1
AATGGCTGCCATGA,34,1
AATGGCTGCTACGA,14,1
AATGGCTGCTACGA,35,1
AATGGCTGCTCAAG,25,1
AATGGCTGCTCAAG,34,1
AATGGCTGGCTAAC,13,1
AATGGCTGGCTAAC,29,1
AATGGCTGGGAACG,24,1
AATGGCTGGGAACG,27,1
AATGTAACCCTGTC,13,1
AATGTAACCCTGTC,20,1
AATGTAACCTCCCA,13,1
AATGTAACCTCCCA,15,1
AATGTAACTACTCT,15,1
AATGTAACTACTCT,9,1
AATGTCCTGAATCC,19,1
AATGTCCTGAATCC,37,1
AATGTCCTGAGGGT,12,1
AATGTCCTGAGGGT,32,1
AATGTCCTTTCAGG,26,1
AATGTCCTTTCAGG,27,1
AATGTCCTTTCATC,10,1
AATGTCCTTTCATC,29,1
AATGTTGACATTCT,19,1
AATGTTGACATTCT,32,1
AATGTTGACATTCT,35,1
AATGTTGAGAATAG,15,1
AATGTTGAGAATAG,6,1
AATGTTGATCAAGC,27,1
AATGTTGATCAAGC,28,1
AATGTTGATCAAGC,30,1
AATTACGAACTGTG,13,1
AATTACGAACTGTG,19,1
AATTACGACCATAG,25,1
AATTACGACCATAG,28,1
AATTACGATGACTG,24,1
AATTACGATGACTG,34,1
AATTCCTGCGACAT,30,1
AATTCCTGCGACAT,8,1
AATTCCTGCGAGAG,32,1
AATTCCTGCGAGAG,7,1
AATTCCTGTGACAC,13,1
AATTCCTGTGACAC,32,1
AATTCCTGTTCATC,27,1
AATTCCTGTTCATC,33,1
AATTGATGACCTTT,19,1
AATTGATGACCTTT,25,1
AATTGATGATCGAC,29,1
AATTGATGATCGAC,36,1
AATTGATGATCGAC,9,1
AATTGATGCCTTGC,17,1
AATTGATGCCTTGC,25,1
AATTGATGCGCTAA,17,1
AATTGATGCGCTAA,3,1
AATTGATGGTTCTT,30,1
AATTGATGGTTCTT,9,1
AATTGATGTTTCTG,17,1
AATTGATGTTTCTG,33,1
AATTGTGAAAGCAA,26,1
AATTGTGAAAGCAA,37,1
AATTGTGACATTTC,24,1
AATTGTGACATTTC,29,1
ACAAAGGACCATGA,12,1
ACAAAGGACCATGA,16,1
ACAAATTGACACTG,23,1
ACAAATTGACACTG,8,1
ACAAATTGGTCAAC,16,1
ACAAATTGGTCAAC,19,1
ACAACCGATGAGCT,24,1
ACAACCGATGAGCT,25,1
ACAAGAGACATTCT,10,1
ACAAGAGACATTCT,24,1
ACAAGAGAGATAAG,29,1
ACAAGAGAGATAAG,31,1
ACAAGAGAGCGAGA,1,1
ACAAGAGAGCGAGA,37,1
ACAAGAGATCGTTT,12,1
ACAAGAGATCGTTT,26,1
ACAAGCACATGCCA,29,1
ACAAGCACATGCCA,9,1
ACAAGCACGTAGCT,24,1
ACAAGCACGTAGCT,6,1
ACAAGCACTATCGG,15,1
ACAAGCACTATCGG,29,1
ACAAGCACTATGCG,16,1
ACAAGCACTATGCG,30,1
ACAAGCACTGCAAC,33,1
ACAAGCACTGCAAC,9,1
ACAATAACCACTTT,19,1
ACAATAACCACTTT,32,1
ACAATAACGAACCT,24,1
ACAATAACGAACCT,33,1
ACAATAACGCGATT,36,1
ACAATAACGCGATT,7,1
ACAATAACTATGCG,25,1
ACAATAACTATGCG,5,1
ACAATCCTGGTGAG,19,1
ACAATCCTGGTGAG,27,1
ACAATTGACCTAAG,27,1
ACAATTGACCTAAG,28,1
ACACAGACCTTATC,29,1
ACACAGACCTTATC,6,1
ACACAGACTGTGGT,12,1
ACACAGACTGTGGT,6,1
ACACATCTAACCTG,16,1
ACACATCTAACCTG,37,1
ACACATCTAGAATG,34,1
ACACATCTAGAATG,35,1
ACACATCTCCTGTC,34,1
ACACATCTCCTGTC,37,1
ACACATCTCTGTAG,19,1
ACACATCTCTGTAG,2,1
ACACCAGACCACCT,15,1
ACACCAGACCACCT,25,1
ACACCAGACTTATC,20,1
ACACCAGACTTATC,34,1
ACACCAGAGGTTTG,34,1
ACACCAGAGGTTTG,6,1
ACACCAGATAGACC,32,1
ACACCAGATAGACC,37,1
ACACCAGATGGTCA,26,1
ACACCAGATGGTCA,33,1
ACACCCTGAACGGG,13,1
ACACCCTGAACGGG,9,1
ACACCCTGAAGTGA,1,1
ACACCCTGAAGTGA,37,1
ACACCCTGACCTAG,27,1
ACACCCTGACCTAG,34,1
ACACCCTGACCTGA,16,1
ACACCCTGACCTGA,26,1
ACACCCTGACTGTG,13,1
ACACCCTGACTGTG,29,1
ACACCCTGCAAAGA,12,1
ACACCCTGCAAAGA,8,1
ACACCCTGCTTGAG,26,1
ACACCCTGCTTGAG,35,1
ACACCCTGGTACAC,12,1
ACACCCTGGTACAC,33,1
ACACCCTGTGTGCA,13,1
ACACCCTGTGTGCA,27,1
ACACGAACGTGCAT,12,1
ACACGAACGTGCAT,27,1
ACACGATGCTTCGC,15,1
ACACGATGCTTCGC,24,1
ACACGATGCTTCGC,31,1
ACACGATGTAGACC,13,1
ACACGATGTAGACC,37,1
ACACGATGTGTTTC,29,1
ACACGATGTGTTTC,32,1
ACACGATGTTCGGA,16,1
ACACGATGTTCGGA,26,1
ACACGTGACACTGA,25,1
ACACGTGACACTGA,31,1
ACACGTGAGGTGGA,10,1
ACACGTGAGGTGGA,28,1
ACACGTGATCCCAC,26,1
ACACGTGATCCCAC,27,1
ACAGACACACGCAT,13,1
ACAGACACACGCAT,19,1
ACAGACACCAGTCA,16,1
ACAGACACCAGTCA,34,1
ACAGACACCTCGCT,16,1
ACAGACACCTCGCT,18,1
ACAGCAACAAGTGA,12,1
ACAGCAACAAGTGA,19,1
ACAGCAACCAGAGG,16,1
ACAGCAACCAGAGG,26,1
ACAGCAACCCCAAA,15,1
ACAGCAACCCCAAA,23,1
ACAGCAACCCCAAA,26,1
ACAGGTACTCCTCG,36,1
ACAGGTACTCCTCG,5,1
ACAGGTACTGGTAC,17,1
ACAGGTACTGGTAC,31,1
ACAGTCGACCACCT,17,1
ACAGTCGACCACCT,34,1
ACAGTCGACCTTCG,17,1
ACAGTCGACCTTCG,31,1
ACAGTCGACTCAAG,25,1
ACAGTCGACTCAAG,33,1
ACAGTCGATCCAGA,13,1
ACAGTCGATCCAGA,34,1
ACAGTCGATGAGGG,12,1
ACAGTCGATGAGGG,17,1
ACAGTCGATTTGGG,16,1
ACAGTCGATTTGGG,25,1
ACAGTGACTCTCGC,17,1
ACAGTGACTCTCGC,29,1
ACAGTGTGAAGTGA,25,1
ACAGTGTGAAGTGA,36,1
ACAGTGTGTCTTAC,30,1
ACAGTGTGTCTTAC,37,1
ACAGTGTGTTGCTT,17,1
ACAGTGTGTTGCTT,8,1
ACAGTTCTCATCAG,27,1
ACAGTTCTCATCAG,7,1
ACAGTTCTCTGGAT,24,1
ACAGTTCTCTGGAT,25,1
ACAGTTCTTCCGTC,28,1
ACAGTTCTTCCGTC,29,1
ACATACCTTGATGC,16,1
ACATACCTTGATGC,23,1
ACATCACTAACCGT,26,1
ACATCACTAACCGT,28,1
ACATCACTAGAGTA,27,1
ACATCACTAGAGTA,36,1
ACATCACTGGCGAA,16,1
ACATCACTGGCGAA,36,1
ACATGGTGAGTCAC,25,1
ACATGGTGAGTCAC,35,1
ACATGGTGAGTCAC,6,1
ACATGGTGCTGTCC,25,1
ACATGGTGCTGTCC,29,1
ACATGGTGTGACCA,19,1
ACATGGTGTGACCA,29,1
ACATTCTGAGTTCG,25,1
ACATTCTGAGTTCG,35,1
ACCAACGAGCGATT,17,1
ACCAACGAGCGATT,28,1
ACCAACGAGGGAGT,25,1
ACCAACGAGGGAGT,37,1
ACCAACGATCAAGC,29,1
ACCAACGATCAAGC,5,1
ACCAACGATTTCTG,24,1
ACCAACGATTTCTG,30,1
ACCACAGACATTCT,12,1
ACCACAGACATTCT,15,1
ACCACAGAGGATCT,29,1
ACCACAGAGGATCT,37,1
ACCACAGAGTCGAT,5,1
ACCACAGAGTCGAT,7,1
ACCACAGATTTACC,29,1
ACCACAGATTTACC,36,1
ACCACCTGGTCACA,24,1
ACCACCTGGTCACA,30,1
ACCACCTGTCGACA,17,1
ACCACCTGTCGACA,29,1
ACCACCTGTTCTGT,30,1
ACCACCTGTTCTGT,32,1
ACCACGCTCAAAGA,26,1
ACCACGCTCAAAGA,35,1
ACCACGCTGCTTAG,35,1
ACCACGCTGCTTAG,9,1
ACCACGCTGGTAGG,25,1
ACCACGCTGGTAGG,26,1
ACCACGCTTAGACC,27,1
ACCACGCTTAGACC,37,1
ACCAGCCTAGAGGC,16,1
ACCAGCCTAGAGGC,17,1
ACCAGCCTAGGAGC,14,1
ACCAGCCTAGGAGC,28,1
ACCAGCCTAGTCTG,16,1
ACCAGCCTAGTCTG,32,1
ACCAGCCTTCGACA,27,1
ACCAGCCTTCGACA,33,1
ACCAGCCTTCGTAG,37,1
ACCAGCCTTCGTAG,7,1
ACCATTACCGCAAT,20,1
ACCATTACCGCAAT,24,1
ACCATTACCGTTGA,19,1
ACCATTACCGTTGA,31,1
ACCATTACTGAACC,37,1
ACCATTACTGAACC,6,1
ACCATTTGCCCACT,33,1
ACCATTTGCCCACT,37,1
ACCATTTGGACAGG,19,1
ACCATTTGGACAGG,27,1
ACCCAAGAAAGAGT,28,1
ACCCAAGAAAGAGT,33,1
ACCCAAGACATCAG,19,1
ACCCAAGACATCAG,25,1
ACCCAAGATCGTGA,12,1
ACCCAAGATCGTGA,24,1
ACCCAAGATGCCTC,10,1
ACCCAAGATGCCTC,33,1
ACCCACTGCGATAC,18,1
ACCCACTGCGATAC,27,1
ACCCACTGTTCTGT,13,1
ACCCACTGTTCTGT,34,1
ACCCAGCTATGGTC,16,1
ACCCAGCTATGGTC,30,1
ACCCAGCTTTACTC,1,1
ACCCAGCTTTACTC,34,1
ACCCGTACATCTCT,20,1
ACCCGTACATCTCT,29,1
ACCCGTACCACTAG,27,1
ACCCGTACCACTAG,36,1
ACCCGTACGTTGTG,13,1
ACCCGTACGTTGTG,16,1
ACCCGTACTATCTC,17,1
ACCCGTACTATCTC,28,1
ACCCGTACTGCGTA,26,1
ACCCGTACTGCGTA,30,1
ACCCGTTGCCGAAT,24,1
ACCCGTTGCCGAAT,35,1
ACCCGTTGCGCATA,29,1
ACCCGTTGCGCATA,32,1
ACCCTCGAAAGCAA,31,1
ACCCTCGAAAGCAA,33,1
ACCCTCGAAGTACC,16,1
ACCCTCGAAGTACC,25,1
ACCCTCGAAGTACC,27,1
ACCCTCGACAGAAA,24,1
ACCCTCGACAGAAA,8,1
ACCCTCGACTATGG,25,1
ACCCTCGACTATGG,27,1
ACCGCGGAATGGTC,13,1
ACCGCGGAATGGTC,36,1
ACCGCGGACCTTAT,19,1
ACCGCGGACCTTAT,24,1
ACCGCGGATTTCAC,14,1
ACCGCGGATTTCAC,33,1
ACCGTGCTAAACAG,13,1
ACCGTGCTAAACAG,32,1
ACCGTGCTGCCCTT,16,1
ACCGTGCTGCCCTT,30,1
ACCGTGCTGGGTGA,26,1
ACCGTGCTGGGTGA,35,1
ACCTATTGTTCACT,26,1
ACCTATTGTTCACT,32,1
ACCTATTGTTCCAT,20,1
ACCTATTGTTCCAT,30,1
ACCTATTGTTTCAC,19,1
ACCTATTGTTTCAC,28,1
ACCTCCGAAAGAAC,26,1
ACCTCCGAAAGAAC,32,1
ACCTCGTGGCGTTA,29,1
ACCTCGTGGCGTTA,34,1
ACCTCGTGGGACGA,28,1
ACCTCGTGGGACGA,33,1
ACCTCGTGTCAGAC,28,1
ACCTCGTGTCAGAC,32,1
ACCTCGTGTCAGAC,37,1
ACCTCGTGTCGTTT,29,1
ACCTCGTGTCGTTT,35,1
ACCTCGTGTGCTTT,25,1
ACCTCGTGTGCTTT,35,1
ACCTGAGAATTGGC,16,1
ACCTGAGAATTGGC,28,1
ACCTGAGACCCTCA,28,1
ACCTGAGACCCTCA,30,1
ACCTGAGACGCAAT,25,1
ACCTGAGACGCAAT,29,1
ACCTGAGAGAGGAC,24,1
ACCTGAGAGAGGAC,36,1
ACCTGAGATTCATC,24,1
ACCTGAGATTCATC,29,1
ACCTGGCTTATTCC,14,1
ACCTGGCTTATTCC,27,1
ACCTTTGAGACTAC,24,1
ACCTTTGAGACTAC,34,1
ACGAACACGTTCGA,25,1
ACGAACACGTTCGA,33,1
ACGAACTGCAGAAA,34,1
ACGAACTGCAGAAA,7,1
ACGAACTGCTTATC,19,1
ACGAACTGCTTATC,37,1
ACGACAACAAGTAG,10,1
ACGACAACAAGTAG,25,1
ACGACCCTATGCTG,29,1
ACGACCCTATGCTG,33,1
ACGACCCTGAGGTG,17,1
ACGACCCTGAGGTG,27,1
ACGACCCTTATTCC,12,1
ACGACCCTTATTCC,34,1
ACGACCCTTCAGTG,19,1
ACGACCCTTCAGTG,31,1
ACGACCCTTGTCCC,16,1
ACGACCCTTGTCCC,29,1
ACGAGTACCCTACC,13,1
ACGAGTACCCTACC,17,1
ACGATCGAAACCAC,16,1
ACGATCGAAACCAC,29,1
ACGATCGAAGTGTC,29,1
ACGATCGAAGTGTC,6,1
ACGATCGACTATTC,26,1
ACGATCGACTATTC,33,1
ACGATCGACTGCTC,24,1
ACGATCGACTGCTC,25,1
ACGATCGACTGGTA,10,1
ACGATCGACTGGTA,25,1
ACGATCGACTGTAG,25,1
ACGATCGACTGTAG,6,1
ACGATCGAGGAGGT,29,1
ACGATCGAGGAGGT,6,1
ACGATGACAACGTC,19,1
ACGATGACAACGTC,26,1
ACGATGACCTGTAG,13,1
ACGATGACCTGTAG,8,1
ACGATGACGGTTTG,24,1
ACGATGACGGTTTG,28,1
ACGATGACTAAGCC,12,1
ACGATGACTAAGCC,25,1
ACGATGACTAAGCC,30,1
ACGATGACTGGTAC,15,1
ACGATGACTGGTAC,23,1
ACGATTCTAGACTC,25,1
ACGATTCTAGACTC,32,1
ACGATTCTCACTCC,26,1
ACGATTCTCACTCC,9,1
ACGATTCTGCTATG,27,1
ACGATTCTGCTATG,36,1
ACGATTCTGGGCAA,12,1
ACGATTCTGGGCAA,29,1
ACGCAATGCAACTG,17,1
ACGCAATGCAACTG,8,1
ACGCAATGCATGCA,13,1
ACGCAATGCATGCA,24,1
ACGCAATGCGGGAA,12,1
ACGCAATGCGGGAA,35,1
ACGCACCTATCGGT,3,1
ACGCACCTATCGGT,35,1
ACGCACCTCATGGT,13,1
ACGCACCTCATGGT,34,1
ACGCACCTCCGCTT,24,1
ACGCACCTCCGCTT,37,1
ACGCACCTGCAAGG,36,1
ACGCACCTGCAAGG,8,1
ACGCCACTTACTTC,17,1
ACGCCACTTACTTC,6,1
ACGCCGGAACCGAT,8,1
ACGCCGGAACCGAT,9,1
ACGCCGGAAGCGTT,13,1
ACGCCGGAAGCGTT,8,1
ACGCCGGACCTTCG,25,1
ACGCCGGACCTTCG,29,1
ACGCCGGAGGTCAT,37,1
ACGCCGGAGGTCAT,6,1
ACGCCGGAGTACGT,2,1
ACGCCGGAGTACGT,29,1
ACGCCGGATGACCA,23,1
ACGCCGGATGACCA,25,1
ACGCCTTGAGACTC,6,1
ACGCCTTGAGACTC,8,1
ACGCCTTGTACGCA,31,1
ACGCCTTGTACGCA,9,1
ACGCCTTGTCACCC,25,1
ACGCCTTGTCACCC,29,1
ACGCGGTGAGCACT,24,1
ACGCGGTGAGCACT,25,1
ACGCGGTGCTGGTA,18,1
ACGCGGTGCTGGTA,9,1
ACGCGGTGTCCGTC,27,1
ACGCGGTGTCCGTC,6,1
ACGCTCACACAGTC,14,1
ACGCTCACACAGTC,16,1
ACGCTCACCACTTT,25,1
ACGCTCACCACTTT,32,1
ACGCTGCTAACGAA,13,1
ACGCTGCTAACGAA,28,1
ACGGAGGAAGCGTT,24,1
ACGGAGGAAGCGTT,25,1
ACGGATTGATGCTG,34,1
ACGGATTGATGCTG,37,1
ACGGATTGGTTTCT,23,1
ACGGATTGGTTTCT,26,1
ACGGATTGTCCTTA,25,1
ACGGATTGTCCTTA,26,1
ACGGATTGTGACTG,28,1
ACGGATTGTGACTG,32,1
ACGGCGTGCAACCA,16,1
ACGGCGTGCAACCA,32,1
ACGGCGTGGCGAAG,15,1
ACGGCGTGGCGAAG,17,1
ACGGCGTGGGGAGT,18,1
ACGGCGTGGGGAGT,19,1
ACGGCGTGGGGAGT,25,1
ACGGCGTGGTCGAT,14,1
ACGGCGTGGTCGAT,25,1
ACGGCGTGTGCAGT,24,1
ACGGCGTGTGCAGT,33,1
ACGGCGTGTTCTAC,14,1
ACGGCGTGTTCTAC,23,1
ACGGCGTGTTGGCA,20,1
ACGGCGTGTTGGCA,29,1
ACGGCTCTCGTGAT,27,1
ACGGCTCTCGTGAT,34,1
ACGGCTCTTTTCAC,17,1
ACGGCTCTTTTCAC,34,1
ACGGGAGAAACTGC,23,1
ACGGGAGAAACTGC,26,1
ACGGGAGAGGTCAT,19,1
ACGGGAGAGGTCAT,24,1
ACGGGAGAGTCTAG,25,1
ACGGGAGAGTCTAG,29,1
ACGGGAGATTTCAC,19,1
ACGGGAGATTTCAC,33,1
ACGGTAACAGAGAT,25,1
ACGGTAACAGAGAT,34,1
ACGGTAACGTATGC,12,1
ACGGTAACGTATGC,16,1
ACGGTATGCCGCTT,28,1
ACGGTATGCCGCTT,29,1
ACGGTATGTAACGC,13,1
ACGGTATGTAACGC,7,1
ACGGTCCTACCAGT,35,1
ACGGTCCTACCAGT,36,1
ACGGTCCTAGCCAT,25,1
ACGGTCCTAGCCAT,5,1
ACGGTCCTATCACG,25,1
ACGGTCCTATCACG,28,1
ACGGTCCTGTTCAG,19,1
ACGGTCCTGTTCAG,27,1
ACGGTCCTTCAGGT,28,1
ACGGTCCTTCAGGT,5,1
ACGGTCCTTGGATC,13,1
ACGGTCCTTGGATC,19,1
ACGTAGACAAGAGT,23,1
ACGTAGACAAGAGT,26,1
ACGTAGACAATCGC,12,1
ACGTAGACAATCGC,32,1
ACGTAGACCAGATC,12,1
ACGTAGACCAGATC,26,1
ACGTAGACTCTATC,10,1
ACGTAGACTCTATC,36,1
ACGTCAGACACCAA,19,1
ACGTCAGACACCAA,25,1
ACGTCCTGAAAGCA,25,1
ACGTCCTGAAAGCA,34,1
ACGTCCTGCATGAC,14,1
ACGTCCTGCATGAC,26,1
ACGTCCTGCGGAGA,18,1
ACGTCCTGCGGAGA,25,1
ACGTCCTGCTCAGA,13,1
ACGTCCTGCTCAGA,24,1
ACGTCCTGCTCCCA,27,1
ACGTCCTGCTCCCA,34,1
ACGTCCTGTCTTTG,16,1
ACGTCCTGTCTTTG,31,1
ACGTCGCTTGGAAA,31,1
ACGTCGCTTGGAAA,5,1
ACGTCGCTTGGGAG,36,1
ACGTCGCTTGGGAG,37,1
ACGTGATGGGTCTA,18,1
ACGTGATGGGTCTA,36,1
ACGTGATGTTTGTC,16,1
ACGTGATGTTTGTC,25,1
ACGTGCCTAACCAC,25,1
ACGTGCCTAACCAC,26,1
ACGTGCCTAAGGCG,1,1
ACGTGCCTAAGGCG,16,1
ACGTGCCTAAGGGC,24,1
ACGTGCCTAAGGGC,26,1
ACGTGCCTAATGCC,12,1
ACGTGCCTAATGCC,34,1
ACGTGCCTCGGAGA,29,1
ACGTGCCTCGGAGA,7,1
ACGTGCCTCGTTGA,33,1
ACGTGCCTCGTTGA,34,1
ACGTGCCTGCAGTT,18,1
ACGTGCCTGCAGTT,7,1
ACGTGCCTGGGCAA,25,1
ACGTGCCTGGGCAA,29,1
ACGTGCCTTCAGGT,25,1
ACGTGCCTTCAGGT,8,1
ACGTGCCTTTGCAG,27,1
ACGTGCCTTTGCAG,32,1
ACGTTACTGACGTT,24,1
ACGTTACTGACGTT,29,1
ACGTTACTGTCACA,15,1
ACGTTACTGTCACA,36,1
ACGTTGGACCACCT,16,1
ACGTTGGACCACCT,24,1
ACGTTGGACTTCTA,27,1
ACGTTGGACTTCTA,28,1
ACGTTGGACTTCTA,34,1
ACGTTGGACTTTAC,19,1
ACGTTGGACTTTAC,31,1
ACGTTTACCTAGCA,13,1
ACGTTTACCTAGCA,33,1
ACGTTTACGACGTT,23,1
ACGTTTACGACGTT,26,1
ACGTTTACGCATAC,24,1
ACGTTTACGCATAC,25,1
ACTAAAACACGCTA,13,1
ACTAAAACACGCTA,27,1
ACTAAAACATGGTC,36,1
ACTAAAACATGGTC,37,1
ACTACGGAAACAGA,25,1
ACTACGGAAACAGA,29,1
ACTACGGACGTTAG,18,1
ACTACGGACGTTAG,25,1
ACTACGGACTGTCC,14,1
ACTACGGACTGTCC,25,1
ACTACGGAGGTACT,12,1
ACTACGGAGGTACT,37,1
ACTACGGATTTCTG,27,1
ACTACGGATTTCTG,6,1
ACTACTACCCCGTT,10,1
ACTACTACCCCGTT,6,1
ACTACTACCTGCAA,24,1
ACTACTACCTGCAA,33,1
ACTAGGTGCTTGTT,24,1
ACTAGGTGCTTGTT,37,1
ACTAGGTGTTCATC,29,1
ACTAGGTGTTCATC,31,1
ACTAGGTGTTCTAC,12,1
ACTAGGTGTTCTAC,25,1
ACTAGGTGTTGACG,15,1
ACTAGGTGTTGACG,36,1
ACTATCACGAATCC,26,1
ACTATCACGAATCC,30,1
ACTATCACTCCAGA,12,1
ACTATCACTCCAGA,27,1
ACTATCACTTGAGC,12,1
ACTATCACTTGAGC,4,1
ACTCAGGAAAGCAA,29,1
ACTCAGGAAAGCAA,32,1
ACTCAGGAAAGCCT,13,1
ACTCAGGAAAGCCT,26,1
ACTCAGGACCCTAC,17,1
ACTCAGGACCCTAC,32,1
ACTCAGGACTTGGA,12,1
ACTCAGGACTTGGA,7,1
ACTCAGGAGCCAAT,25,1
ACTCAGGAGCCAAT,26,1
ACTCAGGAGCGAGA,17,1
ACTCAGGAGCGAGA,32,1
ACTCCCGAATCTCT,12,1
ACTCCCGAATCTCT,23,1
ACTCCCGACAAGCT,27,1
ACTCCCGACAAGCT,28,1
ACTCCCGATGGATC,17,1
ACTCCCGATGGATC,30,1
ACTCCCGATGGATC,35,1
ACTCCCGATGTTTC,13,1
ACTCCCGATGTTTC,33,1
ACTCCTCTCCTGAA,17,1
ACTCCTCTCCTGAA,32,1
ACTCCTCTCCTGAA,6,1
ACTCCTCTCGAATC,24,1
ACTCCTCTCGAATC,27,1
ACTCCTCTCTGAGT,10,1
ACTCCTCTCTGAGT,19,1
ACTCCTCTCTGAGT,35,1
ACTCGAGAAACCGT,24,1
ACTCGAGAAACCGT,30,1
ACTCGAGAACCGAT,29,1
ACTCGAGAACCGAT,33,1
ACTCGAGACTCCCA,19,1
ACTCGAGACTCCCA,37,1
ACTCGAGAGAGACG,18,1
ACTCGAGAGAGACG,37,1
ACTCGAGAGTTGAC,13,1
ACTCGAGAGTTGAC,19,1
ACTCGAGATAGACC,24,1
ACTCGAGATAGACC,37,1
ACTCGAGATCAGAC,16,1
ACTCGAGATCAGAC,25,1
ACTCGAGATCGATG,31,1
ACTCGAGATCGATG,6,1
ACTCGAGATCTCTA,24,1
ACTCGAGATCTCTA,29,1
ACTCGAGATTCATC,19,1
ACTCGAGATTCATC,29,1
ACTCGAGATTCCGC,26,1
ACTCGAGATTCCGC,35,1
ACTCGAGATTCGGA,24,1
ACTCGAGATTCGGA,25,1
ACTCGCACTGAAGA,24,1
ACTCGCACTGAAGA,5,1
ACTCTATGAAGCCT,32,1
ACTCTATGAAGCCT,36,1
ACTCTATGCCACAA,29,1
ACTCTATGCCACAA,3,1
ACTCTATGGGATTC,18,1
ACTCTATGGGATTC,25,1
ACTCTATGGGATTC,27,1
ACTCTATGGGTTAC,19,1
ACTCTATGGGTTAC,24,1
ACTCTCCTACCCAA,25,1
ACTCTCCTACCCAA,7,1
ACTCTCCTAGGAGC,13,1
ACTCTCCTAGGAGC,29,1
ACTCTCCTCAGTCA,13,1
ACTCTCCTCAGTCA,8,1
ACTCTCCTGCAGTT,10,1
ACTCTCCTGCAGTT,34,1
ACTCTCCTGTCGAT,25,1
ACTCTCCTGTCGAT,37,1
ACTGAGACCTGAGT,12,1
ACTGAGACCTGAGT,16,1
ACTGAGACCTGTAG,26,1
ACTGAGACCTGTAG,8,1
ACTGAGACTCTACT,33,1
ACTGAGACTCTACT,34,1
ACTGCCACAGCGTT,30,1
ACTGCCACAGCGTT,7,1
ACTGCCACTACGAC,31,1
ACTGCCACTACGAC,32,1
ACTGCCACTGACTG,17,1
ACTGCCACTGACTG,6,1
ACTGCCTGCTGCTC,10,1
ACTGCCTGCTGCTC,31,1
ACTGCCTGTAGACC,10,1
ACTGCCTGTAGACC,17,1
ACTGCCTGTCTACT,24,1
ACTGCCTGTCTACT,32,1
ACTGCCTGTTTACC,8,1
ACTGCCTGTTTACC,9,1
ACTGGCCTAACTGC,26,1
ACTGGCCTAACTGC,34,1
ACTGTGGACCCACT,29,1
ACTGTGGACCCACT,33,1
ACTGTGGACCGTAA,13,1
ACTGTGGACCGTAA,29,1
ACTGTGGAGAGCAG,24,1
ACTGTGGAGAGCAG,25,1
ACTGTGGAGCCATA,14,1
ACTGTGGAGCCATA,32,1
ACTGTGGATCCCAC,19,1
ACTGTGGATCCCAC,35,1
ACTGTTACGGAGTG,6,1
ACTGTTACGGAGTG,7,1
ACTGTTACGTGTAC,17,1
ACTGTTACGTGTAC,33,1
ACTGTTACTCTTAC,20,1
ACTGTTACTCTTAC,25,1
ACTGTTACTGCTAG,29,1
ACTGTTACTGCTAG,30,1
ACTTAAGAACAGTC,37,1
ACTTAAGAACAGTC,6,1
ACTTAAGAGAAACA,27,1
ACTTAAGAGAAACA,31,1
ACTTAAGATCCTGC,13,1
ACTTAAGATCCTGC,28,1
ACTTAAGATGCCCT,35,1
ACTTAAGATGCCCT,36,1
ACTTAGCTCCAATG,25,1
ACTTAGCTCCAATG,27,1
ACTTCAACCTCGAA,24,1
ACTTCAACCTCGAA,36,1
ACTTCAACTCAGGT,16,1
ACTTCAACTCAGGT,25,1
ACTTCCCTAGGGTG,20,1
ACTTCCCTAGGGTG,25,1
ACTTCCCTCCTGAA,27,1
ACTTCCCTCCTGAA,37,1
ACTTCCCTGATACC,33,1
ACTTCCCTGATACC,5,1
ACTTCCCTGGTAAA,31,1
ACTTCCCTGGTAAA,33,1
ACTTCTGACCCGTT,25,1
ACTTCTGACCCGTT,30,1
ACTTCTGATTCTAC,12,1
ACTTCTGATTCTAC,35,1
ACTTGACTAACTGC,12,1
ACTTGACTAACTGC,37,1
ACTTGACTATCGGT,31,1
ACTTGACTATCGGT,8,1
ACTTGACTCTGATG,23,1
ACTTGACTCTGATG,36,1
ACTTGACTTCAGGT,13,1
ACTTGACTTCAGGT,9,1
ACTTGACTTGGCAT,17,1
ACTTGACTTGGCAT,7,1
ACTTGGGAGAACTC,14,1
ACTTGGGAGAACTC,33,1
ACTTGGGAGGACGA,19,1
ACTTGGGAGGACGA,25,1
ACTTGGGATTACTC,34,1
ACTTGGGATTACTC,35,1
ACTTGTACACGGGA,27,1
ACTTGTACACGGGA,33,1
ACTTGTACGTCAAC,25,1
ACTTGTACGTCAAC,33,1
ACTTTGTGAAGGGC,31,1
ACTTTGTGAAGGGC,37,1
ACTTTGTGATTCCT,31,1
ACTTTGTGATTCCT,35,1
ACTTTGTGCTATTC,23,1
ACTTTGTGCTATTC,26,1
ACTTTGTGCTCCCA,36,1
ACTTTGTGCTCCCA,37,1
ACTTTGTGGCTGTA,26,1
ACTTTGTGGCTGTA,34,1
ACTTTGTGGTCGTA,27,1
ACTTTGTGGTCGTA,34,1
AGAAACGACGGAGA,19,1
AGAAACGACGGAGA,31,1
AGAAACGAGTACGT,23,1
AGAAACGAGTACGT,31,1
AGAAACGATGACCA,25,1
AGAAACGATGACCA,34,1
AGAAACGATGCAGT,30,1
AGAAACGATGCAGT,34,1
AGAAACGATGGTGT,26,1
AGAAACGATGGTGT,33,1
AGAAAGTGCCTTTA,19,1
AGAAAGTGCCTTTA,26,1
AGAACAGAAACGTC,15,1
AGAACAGAAACGTC,8,1
AGAACAGAATGTCG,19,1
AGAACAGAATGTCG,32,1
AGAACAGATGTTCT,19,1
AGAACAGATGTTCT,36,1
AGAACGCTATCTTC,23,1
AGAACGCTATCTTC,30,1
AGAACGCTCGAACT,18,1
AGAACGCTCGAACT,19,1
AGAACGCTGTTTGG,12,1
AGAACGCTGTTTGG,33,1
AGAACGCTTGGTCA,19,1
AGAACGCTTGGTCA,26,1
AGAACGCTTGTCTT,25,1
AGAACGCTTGTCTT,37,1
AGAAGATGAGTTCG,25,1
AGAAGATGAGTTCG,7,1
AGAAGATGCAACTG,17,1
AGAAGATGCAACTG,35,1
AGAAGATGTTTCAC,24,1
AGAAGATGTTTCAC,36,1
AGAATACTAAGCAA,12,1
AGAATACTAAGCAA,35,1
AGAATACTACCCTC,12,1
AGAATACTACCCTC,36,1
AGAATACTCTTGAG,16,1
AGAATACTCTTGAG,24,1
AGAATACTGAATCC,19,1
AGAATACTGAATCC,33,1
AGAATACTGACGTT,24,1
AGAATACTGACGTT,25,1
AGAATACTTCTTCA,10,1
AGAATACTTCTTCA,16,1
AGAATACTTCTTCA,27,1
AGAATGGAAATCGC,29,1
AGAATGGAAATCGC,5,1
AGAATGGACGTACA,31,1
AGAATGGACGTACA,34,1
AGAATGGAGTTACG,19,1
AGAATGGAGTTACG,29,1
AGAATGGATTTCTG,27,1
AGAATGGATTTCTG,36,1
AGAATTTGACGCAT,24,1
AGAATTTGACGCAT,30,1
AGAATTTGCGTAGT,16,1
AGAATTTGCGTAGT,26,1
AGAATTTGCTTGCC,12,1
AGAATTTGCTTGCC,36,1
AGACACACTCTAGG,36,1
AGACACACTCTAGG,6,1
AGACACTGCCTTTA,29,1
AGACACTGCCTTTA,30,1
AGACACTGCGAACT,12,1
AGACACTGCGAACT,37,1
AGACACTGTCTACT,26,1
AGACACTGTCTACT,32,1
AGACCTGAATCACG,26,1
AGACCTGAATCACG,33,1
AGACCTGACTTCGC,36,1
AGACCTGACTTCGC,6,1
AGACCTGAGATAAG,34,1
AGACCTGAGATAAG,37,1
AGACCTGAGTGTAC,29,1
AGACCTGAGTGTAC,36,1
AGACCTGATCTGGA,27,1
AGACCTGATCTGGA,28,1
AGACTCGAAACTGC,32,1
AGACTCGAAACTGC,34,1
AGACTCGAAAGTAG,29,1
AGACTCGAAAGTAG,33,1
AGACTCGAGAATGA,24,1
AGACTCGAGAATGA,33,1
AGACTCGAGAGACG,19,1
AGACTCGAGAGACG,27,1
AGACTCGATTGCAG,2,1
AGACTCGATTGCAG,24,1
AGACTGACGCTTCC,13,1
AGACTGACGCTTCC,8,1
AGACTTCTACTCAG,17,1
AGACTTCTACTCAG,25,1
AGACTTCTCTGTAG,16,1
AGACTTCTCTGTAG,29,1
AGACTTCTGCAGTT,18,1
AGACTTCTGCAGTT,31,1
AGACTTCTGCAGTT,33,1
AGAGAATGCGTTAG,26,1
AGAGAATGCGTTAG,29,1
AGAGAATGCTCAAG,26,1
AGAGAATGCTCAAG,29,1
AGAGAATGCTTGAG,26,1
AGAGAATGCTTGAG,29,1
AGAGAATGTAAGGA,24,1
AGAGAATGTAAGGA,7,1
AGAGAATGTGCGTA,13,1
AGAGAATGTGCGTA,36,1
AGAGATGACGTGAT,25,1
AGAGATGACGTGAT,28,1
AGAGATGAGACGAG,16,1
AGAGATGAGACGAG,29,1
AGAGATGAGGTATC,28,1
AGAGATGAGGTATC,34,1
AGAGATGAGGTTCA,25,1
AGAGATGAGGTTCA,31,1
AGAGATGATGCTTT,14,1
AGAGATGATGCTTT,26,1
AGAGCGGAATTGGC,29,1
AGAGCGGAATTGGC,32,1
AGAGCGGACTGACA,31,1
AGAGCGGACTGACA,34,1
AGAGCGGATTCTCA,17,1
AGAGCGGATTCTCA,23,1
AGAGCTACACAGCT,31,1
AGAGCTACACAGCT,7,1
AGAGCTACACCACA,35,1
AGAGCTACACCACA,5,1
AGAGCTACCACTTT,26,1
AGAGCTACCACTTT,28,1
AGAGCTACGGAAAT,27,1
AGAGCTACGGAAAT,29,1
AGAGCTACTCGTTT,28,1
AGAGCTACTCGTTT,34,1
AGAGCTACTTCACT,28,1
AGAGCTACTTCACT,29,1
AGAGGTCTCCAATG,23,1
AGAGGTCTCCAATG,26,1
AGAGGTCTCGAGAG,19,1
AGAGGTCTCGAGAG,33,1
AGAGGTCTGAACCT,29,1
AGAGGTCTGAACCT,30,1
AGAGGTCTGGTGAG,32,1
AGAGGTCTGGTGAG,35,1
AGAGGTCTGGTGAG,37,1
AGAGGTCTGTTCTT,12,1
AGAGGTCTGTTCTT,28,1
AGAGGTCTTGAGCT,30,1
AGAGGTCTTGAGCT,36,1
AGAGTCACCCTGTC,12,1
AGAGTCACCCTGTC,25,1
AGAGTCACGATACC,13,1
AGAGTCACGATACC,19,1
AGAGTCACGATAGA,34,1
AGAGTCACGATAGA,6,1
AGAGTCACGGTGGA,26,1
AGAGTCACGGTGGA,35,1
AGAGTCACTACAGC,30,1
AGAGTCACTACAGC,35,1
AGAGTCACTATGCG,15,1
AGAGTCACTATGCG,36,1
AGAGTCACTCAGTG,15,1
AGAGTCACTCAGTG,29,1
AGAGTCACTGCATG,25,1
AGAGTCACTGCATG,34,1
AGAGTCTGAGTGTC,25,1
AGAGTCTGAGTGTC,36,1
AGAGTCTGATCTTC,26,1
AGAGTCTGATCTTC,29,1
AGAGTCTGGCTAAC,26,1
AGAGTCTGGCTAAC,29,1
AGAGTGCTGTGCTA,10,1
AGAGTGCTGTGCTA,19,1
AGAGTGCTTACGCA,10,1
AGAGTGCTTACGCA,28,1
AGATATACACTACG,13,1
AGATATACACTACG,24,1
AGATATACCGACTA,25,1
AGATATACCGACTA,27,1
AGATATTGCCATAG,17,1
AGATATTGCCATAG,8,1
AGATATTGCTCTAT,10,1
AGATATTGCTCTAT,29,1
AGATATTGGCCCTT,25,1
AGATATTGGCCCTT,32,1
AGATATTGTAGACC,12,1
AGATATTGTAGACC,13,1
AGATCGTGAACCGT,16,1
AGATCGTGAACCGT,37,1
AGATCGTGTGCTCC,16,1
AGATCGTGTGCTCC,34,1
AGATCGTGTTCGGA,18,1
AGATCGTGTTCGGA,35,1
AGATCTCTCGTTAG,19,1
AGATCTCTCGTTAG,29,1
AGATCTCTGGTTCA,6,1
AGATCTCTGGTTCA,7,1
AGATCTCTGTCATG,24,1
AGATCTCTGTCATG,28,1
AGATTAACTATGGC,19,1
AGATTAACTATGGC,37,1
AGATTCCTAACGTC,32,1
AGATTCCTAACGTC,36,1
AGATTCCTACGCTA,19,1
AGATTCCTACGCTA,35,1
AGATTCCTACGGTT,25,1
AGATTCCTACGGTT,33,1
AGATTCCTACTCTT,13,1
AGATTCCTACTCTT,29,1
AGATTCCTGGTACT,24,1
AGATTCCTGGTACT,33,1
AGCAAAGAAACTGC,20,1
AGCAAAGAAACTGC,25,1
AGCAAAGACATACG,25,1
AGCAAAGACATACG,26,1
AGCAAAGAGGGAGT,23,1
AGCAAAGAGGGAGT,26,1
AGCAACACAAACGA,19,1
AGCAACACAAACGA,35,1
AGCAACACACACCA,25,1
AGCAACACACACCA,31,1
AGCAACACCATTGG,27,1
AGCAACACCATTGG,34,1
AGCAACACCTAAGC,12,1
AGCAACACCTAAGC,25,1
AGCAAGCTAAAGTG,15,1
AGCAAGCTAAAGTG,36,1
AGCAAGCTGAATAG,25,1
AGCAAGCTGAATAG,36,1
AGCACAACAGCACT,17,1
AGCACAACAGCACT,37,1
AGCACAACTCTACT,15,1
AGCACAACTCTACT,24,1
AGCACAACTTCCGC,28,1
AGCACAACTTCCGC,34,1
AGCACTGAACCTAG,19,1
AGCACTGAACCTAG,35,1
AGCACTGACTACCC,25,1
AGCACTGACTACCC,28,1
AGCACTGAGAAACA,25,1
AGCACTGAGAAACA,29,1
AGCACTGAGGATCT,28,1
AGCACTGAGGATCT,37,1
AGCACTGATAAGCC,23,1
AGCACTGATAAGCC,35,1
AGCACTGATGCCTC,13,1
AGCACTGATGCCTC,37,1
AGCATCGAATCTTC,18,1
AGCATCGAATCTTC,34,1
AGCATCGACTGAAC,16,1
AGCATCGACTGAAC,27,1
AGCATCGATCTAGG,19,1
AGCATCGATCTAGG,25,1
AGCATGACAGCAAA,37,1
AGCATGACAGCAAA,8,1
AGCATGACCCTGAA,23,1
AGCATGACCCTGAA,27,1
AGCATGACCGTAAC,32,1
AGCATGACCGTAAC,33,1
AGCATGACGCTGAT,23,1
AGCATGACGCTGAT,27,1
AGCATGACTCGTTT,23,1
AGCATGACTCGTTT,7,1
AGCATGACTGTTCT,16,1
AGCATGACTGTTCT,35,1
AGCATTCTACTAGC,29,1
AGCATTCTACTAGC,5,1
AGCATTCTCACTAG,33,1
AGCATTCTCACTAG,34,1
AGCATTCTCAGAGG,16,1
AGCATTCTCAGAGG,26,1
AGCATTCTCAGTCA,19,1
AGCATTCTCAGTCA,27,1
AGCATTCTCTGGTA,13,1
AGCATTCTCTGGTA,35,1
AGCCAATGGTCTAG,10,1
AGCCAATGGTCTAG,30,1
AGCCAATGGTTCAG,25,1
AGCCAATGGTTCAG,36,1
AGCCAATGTAGAGA,29,1
AGCCAATGTAGAGA,8,1
AGCCAATGTCATTC,36,1
AGCCAATGTCATTC,7,1
AGCCAATGTTTCAC,18,1
AGCCAATGTTTCAC,19,1
AGCCAATGTTTCAC,35,1
AGCCACCTTAGAGA,16,1
AGCCACCTTAGAGA,26,1
AGCCACCTTCAGAC,25,1
AGCCACCTTCAGAC,37,1
AGCCACCTTCTCGC,19,1
AGCCACCTTCTCGC,8,1
AGCCACCTTGGATC,27,1
AGCCACCTTGGATC,35,1
AGCCGGACAAGCCT,18,1
AGCCGGACAAGCCT,26,1
AGCCGGACAGAATG,29,1
AGCCGGACAGAATG,34,1
AGCCGGACCTTATC,16,1
AGCCGGACCTTATC,35,1
AGCCGGTGATCAGC,27,1
AGCCGGTGATCAGC,33,1
AGCCGGTGATGACC,12,1
AGCCGGTGATGACC,19,1
AGCCGGTGCTGGTA,19,1
AGCCGGTGCTGGTA,20,1
AGCCGGTGGGTGAG,25,1
AGCCGGTGGGTGAG,35,1
AGCCGGTGTCTTTG,12,1
AGCCGGTGTCTTTG,28,1
AGCCGTCTTGGTAC,25,1
AGCCGTCTTGGTAC,34,1
AGCCTCTGCCAATG,27,1
AGCCTCTGCCAATG,33,1
AGCGAACTGGCGAA,27,1
AGCGAACTGGCGAA,34,1
AGCGAACTGGTATC,16,1
AGCGAACTGGTATC,28,1
AGCGAACTGTTGTG,17,1
AGCGAACTGTTGTG,37,1
AGCGAACTTGATGC,17,1
AGCGAACTTGATGC,29,1
AGCGAACTTGGAGG,17,1
AGCGAACTTGGAGG,36,1
AGCGATACCTTCTA,12,1
AGCGATACCTTCTA,19,1
AGCGATACGGACGA,26,1
AGCGATACGGACGA,34,1
AGCGCCGAAACAGA,27,1
AGCGCCGAAACAGA,32,1
AGCGCCGAAACTGC,16,1
AGCGCCGAAACTGC,36,1
AGCGCCGACTCAAG,26,1
AGCGCCGACTCAAG,36,1
AGCGCCGATCCTGC,14,1
AGCGCCGATCCTGC,19,1
AGCGCCGATTCTGT,25,1
AGCGCCGATTCTGT,8,1
AGCGCTCTTAACCG,24,1
AGCGCTCTTAACCG,29,1
AGCGGCACCTTTAC,16,1
AGCGGCACCTTTAC,9,1
AGCGGCACTTGTGG,34,1
AGCGGCACTTGTGG,37,1
AGCGGGCTTCTCCG,26,1
AGCGGGCTTCTCCG,29,1
AGCGGGCTTGAACC,32,1
AGCGGGCTTGAACC,33,1
AGCGTAACAGAGGC,16,1
AGCGTAACAGAGGC,34,1
AGCGTAACAGTGCT,25,1
AGCGTAACAGTGCT,30,1
AGCGTAACTCCTCG,12,1
AGCGTAACTCCTCG,19,1
AGCTCGCTAACTGC,12,1
AGCTCGCTAACTGC,33,1
AGCTCGCTCCCTAC,29,1
AGCTCGCTCCCTAC,33,1
AGCTCGCTCCTAAG,25,1
AGCTCGCTCCTAAG,9,1
AGCTGAACGAGAGC,13,1
AGCTGAACGAGAGC,26,1
AGCTGAACTCTGGA,30,1
AGCTGAACTCTGGA,36,1
AGCTGCCTTCCCGT,17,1
AGCTGCCTTCCCGT,24,1
AGCTGCCTTGCACA,19,1
AGCTGCCTTGCACA,28,1
AGCTGCCTTTGTCT,23,1
AGCTGCCTTTGTCT,6,1
AGCTGCCTTTTGCT,17,1
AGCTGCCTTTTGCT,19,1
AGCTGTGACGTTGA,25,1
AGCTGTGACGTTGA,28,1
AGCTGTGATCACCC,16,1
AGCTGTGATCACCC,17,1
AGCTGTGATCCTGC,33,1
AGCTGTGATCCTGC,36,1
AGCTGTGATTTCTG,13,1
AGCTGTGATTTCTG,9,1
AGCTTACTATGTGC,25,1
AGCTTACTATGTGC,26,1
AGCTTACTCCGTTC,20,1
AGCTTACTCCGTTC,29,1
AGCTTACTGGAGCA,19,1
AGCTTACTGGAGCA,24,1
AGCTTACTTACAGC,32,1
AGCTTACTTACAGC,36,1
AGCTTACTTGGGAG,25,1
AGCTTACTTGGGAG,28,1
AGCTTACTTTCTAC,19,1
AGCTTACTTTCTAC,36,1
AGCTTTACAGCGTT,19,1
AGCTTTACAGCGTT,8,1
AGCTTTACAGGGTG,14,1
AGCTTTACAGGGTG,29,1
AGCTTTACATCGAC,25,1
AGCTTTACATCGAC,29,1
AGCTTTACCCGATA,27,1
AGCTTTACCCGATA,33,1
AGCTTTACCGATAC,12,1
AGCTTTACCGATAC,7,1
AGGAAATGAAAGCA,27,1
AGGAAATGAAAGCA,28,1
AGGAAATGGCATCA,12,1
AGGAAATGGCATCA,29,1
AGGAAATGTCTAGG,36,1
AGGAAATGTCTAGG,9,1
AGGAACCTTGCATG,19,1
AGGAACCTTGCATG,29,1
AGGAATGAACCCAA,13,1
AGGAATGAACCCAA,18,1
AGGAATGAACCCAA,25,1
AGGAATGAAGAACA,30,1
AGGAATGAAGAACA,6,1
AGGAATGACAAGCT,31,1
AGGAATGACAAGCT,32,1
AGGACACTCTCGAA,29,1
AGGACACTCTCGAA,37,1
AGGACACTGGAAGC,16,1
AGGACACTGGAAGC,37,1
AGGACTTGATTCGG,17,1
AGGACTTGATTCGG,9,1
AGGACTTGCCCTCA,19,1
AGGACTTGCCCTCA,25,1
AGGACTTGCTCAAG,12,1
AGGACTTGCTCAAG,25,1
AGGAGTCTAATCGC,14,1
AGGAGTCTAATCGC,33,1
AGGAGTCTCCTAAG,16,1
AGGAGTCTCCTAAG,29,1
AGGAGTCTCGATAC,16,1
AGGAGTCTCGATAC,27,1
AGGAGTCTCTGCAA,26,1
AGGAGTCTCTGCAA,28,1
AGGAGTCTTGTCAG,24,1
AGGAGTCTTGTCAG,34,1
AGGATAGAAAAAGC,24,1
AGGATAGAAAAAGC,26,1
AGGATAGAAAAAGC,30,1
AGGATAGATACTCT,24,1
AGGATAGATACTCT,31,1
AGGATAGATTGCAG,33,1
AGGATAGATTGCAG,34,1
AGGATGCTCTTGCC,25,1
AGGATGCTCTTGCC,37,1
AGGATGCTGGGTGA,29,1
AGGATGCTGGGTGA,8,1
AGGCAACTCCGATA,18,1
AGGCAACTCCGATA,37,1
AGGCAACTGTCCTC,23,1
AGGCAACTGTCCTC,24,1
AGGCAACTTGTTCT,30,1
AGGCAACTTGTTCT,35,1
AGGCAACTTTACCT,29,1
AGGCAACTTTACCT,36,1
AGGCAACTTTGGCA,14,1
AGGCAACTTTGGCA,30,1
AGGCAGGACGAGAG,12,1
AGGCAGGACGAGAG,28,1
AGGCAGGATTCCCG,12,1
AGGCAGGATTCCCG,28,1
AGGCAGGATTGCGA,30,1
AGGCAGGATTGCGA,32,1
AGGCCTCTAGCGGA,30,1
AGGCCTCTAGCGGA,7,1
AGGCCTCTAGTGTC,13,1
AGGCCTCTAGTGTC,35,1
AGGCCTCTCATGAC,10,1
AGGCCTCTCATGAC,15,1
AGGCCTCTCCTGTC,16,1
AGGCCTCTCCTGTC,30,1
AGGCCTCTCGAATC,12,1
AGGCCTCTCGAATC,32,1
AGGCTAACAAGGTA,29,1
AGGCTAACAAGGTA,30,1
AGGCTAACAGCATC,17,1
AGGCTAACAGCATC,27,1
AGGCTAACTCGCTC,29,1
AGGCTAACTCGCTC,7,1
AGGCTAACTTGCGA,12,1
AGGCTAACTTGCGA,33,1
AGGGACGACACTCC,28,1
AGGGACGACACTCC,29,1
AGGGACGACGACTA,10,1
AGGGACGACGACTA,29,1
AGGGACGAGTAGCT,34,1
AGGGACGAGTAGCT,36,1
AGGGACGAGTCACA,15,1
AGGGACGAGTCACA,25,1
AGGGACGAGTCGTA,18,1
AGGGACGAGTCGTA,32,1
AGGGACGATGGGAG,17,1
AGGGACGATGGGAG,32,1
AGGGAGTGGTCGAT,13,1
AGGGAGTGGTCGAT,17,1
AGGGCCACCACCAA,24,1
AGGGCCACCACCAA,27,1
AGGGCCACCATTCT,19,1
AGGGCCACCATTCT,24,1
AGGGCCACGACGAG,19,1
AGGGCCACGACGAG,33,1
AGGGCCACGACGAG,37,1
AGGGCCACGAGGGT,19,1
AGGGCCACGAGGGT,37,1
AGGGCCACTTCGCC,16,1
AGGGCCACTTCGCC,35,1
AGGGCCTGAAGAGT,24,1
AGGGCCTGAAGAGT,26,1
AGGGCCTGGTCACA,12,1
AGGGCCTGGTCACA,26,1
AGGGCGCTCATTTC,19,1
AGGGCGCTCATTTC,29,1
AGGGCGCTCCTTGC,1,1
AGGGCGCTCCTTGC,30,1
AGGGCGCTTGAGCT,16,1
AGGGCGCTTGAGCT,29,1
AGGGCGCTTTCGCC,27,1
AGGGCGCTTTCGCC,28,1
AGGGTGGACACTGA,16,1
AGGGTGGACACTGA,27,1
AGGGTGGAGGTAGG,12,1
AGGGTGGAGGTAGG,30,1
AGGGTGGATAGCCA,17,1
AGGGTGGATAGCCA,31,1
AGGGTGGATGCCAA,34,1
AGGGTGGATGCCAA,37,1
AGGGTTTGCTCGCT,12,1
AGGGTTTGCTCGCT,27,1
AGGGTTTGGGATTC,31,1
AGGGTTTGGGATTC,8,1
AGGGTTTGGGTAAA,16,1
AGGGTTTGGGTAAA,28,1
AGGGTTTGTTGACG,13,1
AGGGTTTGTTGACG,25,1
AGGGTTTGTTTGGG,13,1
AGGGTTTGTTTGGG,30,1
AGGTACACATGACC,17,1
AGGTACACATGACC,37,1
AGGTACACGAAACA,2,1
AGGTACACGAAACA,27,1
AGGTACACGAGGAC,16,1
AGGTACACGAGGAC,25,1
AGGTACACTTCCAT,13,1
AGGTACACTTCCAT,35,1
AGGTACACTTCGCC,26,1
AGGTACACTTCGCC,9,1
AGGTACTGACCATG,17,1
AGGTACTGACCATG,25,1
AGGTACTGTCTACT,25,1
AGGTACTGTCTACT,37,1
AGGTACTGTGGGAG,17,1
AGGTACTGTGGGAG,29,1
AGGTCATGGTTGTG,16,1
AGGTCATGGTTGTG,26,1
AGGTCATGTCCTAT,31,1
AGGTCATGTCCTAT,9,1
AGGTCTGAATACCG,12,1
AGGTCTGAATACCG,32,1
AGGTCTGACACTGA,30,1
AGGTCTGACACTGA,31,1
AGGTCTGAGTGTCA,16,1
AGGTCTGAGTGTCA,24,1
AGGTCTGATACGCA,30,1
AGGTCTGATACGCA,36,1
AGGTCTGATATCTC,19,1
AGGTCTGATATCTC,24,1
AGGTGGGAAGATGA,27,1
AGGTGGGAAGATGA,7,1
AGGTGGGACCAAGT,25,1
AGGTGGGACCAAGT,31,1
AGGTGGGATACTCT,13,1
AGGTGGGATACTCT,19,1
AGGTGTTGAGCAAA,16,1
AGGTGTTGAGCAAA,26,1
AGGTGTTGCTCGCT,35,1
AGGTGTTGCTCGCT,37,1
AGGTGTTGTTCCAT,12,1
AGGTGTTGTTCCAT,27,1
AGGTGTTGTTTCTG,35,1
AGGTGTTGTTTCTG,37,1
AGGTTCGAGGACTT,25,1
AGGTTCGAGGACTT,35,1
AGGTTCGAGTATCG,20,1
AGGTTCGAGTATCG,24,1
AGGTTCGATTCAGG,26,1
AGGTTCGATTCAGG,29,1
AGGTTGTGACCTCC,16,1
AGGTTGTGACCTCC,33,1
AGGTTGTGCCAATG,12,1
AGGTTGTGCCAATG,26,1
AGGTTGTGCTTGCC,13,1
AGGTTGTGCTTGCC,17,1
AGGTTGTGTTGCTT,13,1
AGGTTGTGTTGCTT,28,1
AGGTTGTGTTGCTT,29,1
AGTAAGGAGGAAAT,36,1
AGTAAGGAGGAAAT,7,1
AGTAAGGATGCCCT,30,1
AGTAAGGATGCCCT,8,1
AGTAATACCCATGA,17,1
AGTAATACCCATGA,19,1
AGTAATTGCGCAAT,29,1
AGTAATTGCGCAAT,30,1
AGTAATTGGCGTAT,17,1
AGTAATTGGCGTAT,7,1
AGTAATTGTGTCAG,19,1
AGTAATTGTGTCAG,35,1
AGTAATTGTTTCGT,30,1
AGTAATTGTTTCGT,32,1
AGTACGTGCGTTGA,32,1
AGTACGTGCGTTGA,36,1
AGTACGTGCGTTGA,7,1
AGTACGTGTTACCT,24,1
AGTACGTGTTACCT,28,1
AGTACTCTTCGCAA,15,1
AGTACTCTTCGCAA,31,1
AGTAGAGAAGCTCA,36,1
AGTAGAGAAGCTCA,37,1
AGTAGAGAAGCTCA,9,1
AGTAGAGACCATAG,10,1
AGTAGAGACCATAG,8,1
AGTAGAGATCCCAC,24,1
AGTAGAGATCCCAC,34,1
AGTAGAGATGTCTT,20,1
AGTAGAGATGTCTT,26,1
AGTAGAGATTCATC,19,1
AGTAGAGATTCATC,28,1
AGTAGGCTAACTGC,24,1
AGTAGGCTAACTGC,7,1
AGTAGGCTAGCTAC,17,1
AGTAGGCTAGCTAC,28,1
AGTAGGCTCTCAAG,13,1
AGTAGGCTCTCAAG,30,1
AGTAGGCTGAGGAC,25,1
AGTAGGCTGAGGAC,6,1
AGTAGGCTGTGAGG,18,1
AGTAGGCTGTGAGG,26,1
AGTAGGCTTGCAAC,19,1
AGTAGGCTTGCAAC,26,1
AGTAGGCTTGGGAG,12,1
AGTAGGCTTGGGAG,32,1
AGTAGGCTTTGACG,13,1
AGTAGGCTTTGACG,17,1
AGTAGGCTTTGACG,37,1
AGTATAACCAAGCT,27,1
AGTATAACCAAGCT,36,1
AGTATAACGATACC,12,1
AGTATAACGATACC,26,1
AGTATCCTTGCGTA,30,1
AGTATCCTTGCGTA,37,1
AGTCACGACTATGG,28,1
AGTCACGACTATGG,32,1
AGTCACGACTCCCA,25,1
AGTCACGACTCCCA,6,1
AGTCAGACGTACAC,26,1
AGTCAGACGTACAC,34,1
AGTCAGACGTCATG,16,1
AGTCAGACGTCATG,26,1
AGTCAGACGTCTAG,13,1
AGTCAGACGTCTAG,24,1
AGTCCAGAACCTAG,29,1
AGTCCAGAACCTAG,30,1
AGTCCAGACTGACA,14,1
AGTCCAGACTGACA,19,1
AGTCCAGAGAAACA,1,1
AGTCCAGAGAAACA,28,1
AGTCGAACGTATGC,16,1
AGTCGAACGTATGC,19,1
AGTCGAACTCTCGC,30,1
AGTCGAACTCTCGC,35,1
AGTCGCCTCGAACT,12,1
AGTCGCCTCGAACT,14,1
AGTCGCCTGGCGAA,25,1
AGTCGCCTGGCGAA,8,1
AGTCGCCTTGCGTA,18,1
AGTCGCCTTGCGTA,19,1
AGTCTACTGTCTAG,13,1
AGTCTACTGTCTAG,36,1
AGTCTTACAGTCGT,12,1
AGTCTTACAGTCGT,17,1
AGTCTTACGTCGTA,13,1
AGTCTTACGTCGTA,16,1
AGTCTTACTCAGTG,27,1
AGTCTTACTCAGTG,9,1
AGTCTTACTTGGTG,16,1
AGTCTTACTTGGTG,24,1
AGTCTTACTTGGTG,25,1
AGTGAAGACTGCAA,15,1
AGTGAAGACTGCAA,16,1
AGTGAAGAGGATTC,33,1
AGTGAAGAGGATTC,7,1
AGTGAAGAGTGTCA,24,1
AGTGAAGAGTGTCA,33,1
AGTGAAGATGCCAA,33,1
AGTGAAGATGCCAA,8,1
AGTGAAGATTTCTG,17,1
AGTGAAGATTTCTG,18,1
AGTGACACAAGAGT,27,1
AGTGACACAAGAGT,34,1
AGTGACACACTAGC,18,1
AGTGACACACTAGC,36,1
AGTGACACCCCACT,24,1
AGTGACACCCCACT,29,1
AGTGACTGCCATGA,24,1
AGTGACTGCCATGA,9,1
AGTGACTGCCTCCA,24,1
AGTGACTGCCTCCA,25,1
AGTGCAACCCCTAC,25,1
AGTGCAACCCCTAC,8,1
AGTGTGACTCACGA,32,1
AGTGTGACTCACGA,35,1
AGTGTTCTAGAGGC,26,1
AGTGTTCTAGAGGC,27,1
AGTGTTCTCTTCGC,28,1
AGTGTTCTCTTCGC,7,1
AGTGTTCTTGGTTG,13,1
AGTGTTCTTGGTTG,17,1
AGTTAAACGAAGGC,13,1
AGTTAAACGAAGGC,25,1
AGTTAAACTCAGTG,16,1
AGTTAAACTCAGTG,36,1
AGTTAAACTCTCGC,25,1
AGTTAAACTCTCGC,29,1
AGTTATGAATTCTC,24,1
AGTTATGAATTCTC,36,1
AGTTCTACCATCAG,16,1
AGTTCTACCATCAG,29,1
AGTTCTACCCCTTG,23,1
AGTTCTACCCCTTG,6,1
AGTTCTACCTACGA,18,1
AGTTCTACCTACGA,20,1
AGTTCTACGGAGTG,12,1
AGTTCTACGGAGTG,34,1
AGTTCTACTACTTC,29,1
AGTTCTACTACTTC,34,1
AGTTCTACTGCCCT,13,1
AGTTCTACTGCCCT,25,1
AGTTCTTGGTTCGA,27,1
AGTTCTTGGTTCGA,36,1
AGTTGTCTCTTGAG,25,1
AGTTGTCTCTTGAG,36,1
AGTTGTCTGGACAG,30,1
AGTTGTCTGGACAG,35,1
AGTTGTCTTAGACC,25,1
AGTTGTCTTAGACC,33,1
AGTTTAGAACCTGA,13,1
AGTTTAGAACCTGA,30,1
AGTTTAGAACTGGT,24,1
AGTTTAGAACTGGT,28,1
AGTTTAGAAGCTAC,14,1
AGTTTAGAAGCTAC,36,1
AGTTTAGAATCTTC,25,1
AGTTTAGAATCTTC,31,1
AGTTTAGACCATGA,28,1
AGTTTAGACCATGA,35,1
AGTTTAGACTGTCC,24,1
AGTTTAGACTGTCC,30,1
AGTTTCACCAAGCT,12,1
AGTTTCACCAAGCT,14,1
AGTTTCACGGACTT,17,1
AGTTTCACGGACTT,34,1
AGTTTCACTCAGAC,12,1
AGTTTCACTCAGAC,19,1
AGTTTCACTCAGAC,37,1
AGTTTCACTCCAGA,12,1
AGTTTCACTCCAGA,34,1
AGTTTCACTGAGAA,25,1
AGTTTCACTGAGAA,30,1
ATAAACACACGACT,17,1
ATAAACACACGACT,26,1
ATAAACACCAACCA,29,1
ATAAACACCAACCA,33,1
ATAAACACGACAAA,33,1
ATAAACACGACAAA,37,1
ATAACAACATCACG,25,1
ATAACAACATCACG,34,1
ATAACAACGAAACA,12,1
ATAACAACGAAACA,33,1
ATAACAACGAGGCA,24,1
ATAACAACGAGGCA,25,1
ATAACAACGAGGCA,29,1
ATAACAACTAAAGG,12,1
ATAACAACTAAAGG,27,1
ATAACAACTTTGTC,19,1
ATAACAACTTTGTC,32,1
ATAACATGCTATGG,31,1
ATAACATGCTATGG,34,1
ATAACATGTTTCAC,26,1
ATAACATGTTTCAC,34,1
ATAACCCTCAAGCT,27,1
ATAACCCTCAAGCT,29,1
ATAACCCTGGGCAA,13,1
ATAACCCTGGGCAA,24,1
ATAACCCTTATGCG,12,1
ATAACCCTTATGCG,27,1
ATAACCCTTGTTCT,16,1
ATAACCCTTGTTCT,25,1
ATAAGTACACTAGC,13,1
ATAAGTACACTAGC,28,1
ATAAGTTGAGCACT,13,1
ATAAGTTGAGCACT,30,1
ATAAGTTGAGCACT,37,1
ATAAGTTGCAGAAA,16,1
ATAAGTTGCAGAAA,31,1
ATAAGTTGCCCTAC,27,1
ATAAGTTGCCCTAC,28,1
ATAAGTTGCCCTAC,33,1
ATAAGTTGGGTCTA,33,1
ATAAGTTGGGTCTA,35,1
ATAAGTTGTTGGTG,34,1
ATAAGTTGTTGGTG,7,1
ATAATCGACGTAGT,23,1
ATAATCGACGTAGT,6,1
ATAATGACCTTGGA,16,1
ATAATGACCTTGGA,28,1
ATACAATGAAGTAG,19,1
ATACAATGAAGTAG,29,1
ATACAATGAGTCAC,28,1
ATACAATGAGTCAC,37,1
ATACAATGAGTGCT,13,1
ATACAATGAGTGCT,25,1
ATACAATGCGTACA,10,1
ATACAATGCGTACA,25,1
ATACAATGGAGATA,23,1
ATACAATGGAGATA,29,1
ATACAATGGGATCT,26,1
ATACAATGGGATCT,32,1
ATACAATGTTTCAC,33,1
ATACAATGTTTCAC,35,1
ATACACCTACCGAT,13,1
ATACACCTACCGAT,14,1
ATACACCTCCTTAT,16,1
ATACACCTCCTTAT,29,1
ATACACCTCTAGAC,25,1
ATACACCTCTAGAC,29,1
ATACACCTTCTCGC,27,1
ATACACCTTCTCGC,6,1
ATACACCTTTGCTT,13,1
ATACACCTTTGCTT,8,1
ATACCACTACCATG,25,1
ATACCACTACCATG,37,1
ATACCACTCTCTTA,32,1
ATACCACTCTCTTA,36,1
ATACCACTCTTGCC,19,1
ATACCACTCTTGCC,37,1
ATACCACTGTGTAC,12,1
ATACCACTGTGTAC,19,1
ATACCACTGTTGGT,27,1
ATACCACTGTTGGT,34,1
ATACCACTGTTGGT,7,1
ATACCGGAACTGTG,19,1
ATACCGGAACTGTG,25,1
ATACCGGAACTGTG,26,1
ATACCGGACACTAG,24,1
ATACCGGACACTAG,28,1
ATACCGGAGTACAC,29,1
ATACCGGAGTACAC,37,1
ATACCTACCCTATT,12,1
ATACCTACCCTATT,29,1
ATACCTACTAGAGA,19,1
ATACCTACTAGAGA,37,1
ATACCTTGAGTCGT,27,1
ATACCTTGAGTCGT,7,1
ATACCTTGTCGTTT,25,1
ATACCTTGTCGTTT,27,1
ATACCTTGTGTCCC,30,1
ATACCTTGTGTCCC,34,1
ATACCTTGTTCAGG,17,1
ATACCTTGTTCAGG,29,1
ATACGTCTACGGGA,33,1
ATACGTCTACGGGA,5,1
ATACGTCTCCTCAC,34,1
ATACGTCTCCTCAC,8,1
ATACGTCTCTCCAC,19,1
ATACGTCTCTCCAC,27,1
ATACTCTGGTAGGG,25,1
ATACTCTGGTAGGG,28,1
ATACTCTGTGGATC,16,1
ATACTCTGTGGATC,7,1
ATAGAACTGACGGA,5,1
ATAGAACTGACGGA,9,1
ATAGAACTGTTCTT,26,1
ATAGAACTGTTCTT,32,1
ATAGAACTTTCGCC,13,1
ATAGAACTTTCGCC,28,1
ATAGATACAAGTGA,35,1
ATAGATACAAGTGA,7,1
ATAGATACACGACT,19,1
ATAGATACACGACT,35,1
ATAGATACAGATCC,20,1
ATAGATACAGATCC,26,1
ATAGATACAGATCC,35,1
ATAGATACCCAAGT,33,1
ATAGATACCCAAGT,34,1
ATAGATACCGGGAA,19,1
ATAGATACCGGGAA,32,1
ATAGATTGCACTGA,27,1
ATAGATTGCACTGA,29,1
ATAGATTGCTCATT,19,1
ATAGATTGCTCATT,30,1
ATAGATTGGCCTTC,2,1
ATAGATTGGCCTTC,26,1
ATAGCCGAATCACG,32,1
ATAGCCGAATCACG,35,1
ATAGCCGACGCAAT,12,1
ATAGCCGACGCAAT,37,1
ATAGCCGATCGATG,17,1
ATAGCCGATCGATG,7,1
ATAGCCGATTTCTG,13,1
ATAGCCGATTTCTG,31,1
ATAGCGTGCAGGAG,29,1
ATAGCGTGCAGGAG,36,1
ATAGCGTGCGAGTT,19,1
ATAGCGTGCGAGTT,27,1
ATAGCGTGTTGGCA,20,1
ATAGCGTGTTGGCA,30,1
ATAGCTCTGTTCTT,25,1
ATAGCTCTGTTCTT,36,1
ATAGCTCTTCCTCG,18,1
ATAGCTCTTCCTCG,24,1
ATAGGAGAAACCAC,30,1
ATAGGAGAAACCAC,7,1
ATAGGAGACAATCG,12,1
ATAGGAGACAATCG,5,1
ATAGGAGATAGCGT,19,1
ATAGGAGATAGCGT,35,1
ATAGGAGATCCTCG,10,1
ATAGGAGATCCTCG,35,1
ATAGGCTGGAAAGT,35,1
ATAGGCTGGAAAGT,8,1
ATAGGCTGTCGATG,25,1
ATAGGCTGTCGATG,30,1
ATAGGCTGTGGAAA,12,1
ATAGGCTGTGGAAA,19,1
ATAGTCCTCTAAGC,29,1
ATAGTCCTCTAAGC,34,1
ATAGTCCTGTTCAG,12,1
ATAGTCCTGTTCAG,24,1
ATAGTTGAAGCTCA,19,1
ATAGTTGAAGCTCA,30,1
ATAGTTGAATACCG,19,1
ATAGTTGAATACCG,27,1
ATAGTTGATTTCTG,10,1
ATAGTTGATTTCTG,9,1
ATATACGACTTATC,17,1
ATATACGACTTATC,27,1
ATATACGACTTATC,36,1
ATATACGAGAATAG,13,1
ATATACGAGAATAG,25,1
ATATACGATGCACA,13,1
ATATACGATGCACA,16,1
ATATAGTGACCATG,13,1
ATATAGTGACCATG,3,1
ATATAGTGCTCGCT,17,1
ATATAGTGCTCGCT,37,1
ATATAGTGGCTACA,25,1
ATATAGTGGCTACA,35,1
ATATAGTGGCTATG,23,1
ATATAGTGGCTATG,29,1
ATATAGTGGTCACA,13,1
ATATAGTGGTCACA,25,1
ATATGAACGCATCA,25,1
ATATGAACGCATCA,28,1
ATATGAACGTACCA,25,1
ATATGAACGTACCA,30,1
ATATGCCTGAGAGC,26,1
ATATGCCTGAGAGC,27,1
ATATGCCTGGGCAA,16,1
ATATGCCTGGGCAA,28,1
ATCAAATGAAGAGT,29,1
ATCAAATGAAGAGT,32,1
ATCAAATGACGGAG,24,1
ATCAAATGACGGAG,32,1
ATCAAATGCGCAAT,28,1
ATCAAATGCGCAAT,31,1
ATCAAATGCGCATA,31,1
ATCAAATGCGCATA,34,1
ATCAAATGGAGACG,24,1
ATCAAATGGAGACG,36,1
ATCAAATGTCTGGA,33,1
ATCAAATGTCTGGA,34,1
ATCAAATGTTCCAT,16,1
ATCAAATGTTCCAT,19,1
ATCAAATGTTGTGG,13,1
ATCAAATGTTGTGG,15,1
ATCAACCTGAATGA,17,1
ATCAACCTGAATGA,8,1
ATCAACCTGGTAGG,25,1
ATCAACCTGGTAGG,29,1
ATCACACTAACGAA,34,1
ATCACACTAACGAA,35,1
ATCACACTCTTGAG,19,1
ATCACACTCTTGAG,25,1
ATCACACTGACTAC,24,1
ATCACACTGACTAC,25,1
ATCACACTGAGGAC,33,1
ATCACACTGAGGAC,35,1
ATCACGGACGTTAG,33,1
ATCACGGACGTTAG,7,1
ATCACGGATTCTGT,25,1
ATCACGGATTCTGT,32,1
ATCACGGATTCTTG,1,1
ATCACGGATTCTTG,19,1
ATCACTACCTGATG,28,1
ATCACTACCTGATG,7,1
ATCACTACTGAGAA,10,1
ATCACTACTGAGAA,31,1
ATCACTACTTGACG,19,1
ATCACTACTTGACG,25,1
ATCACTTGATGTGC,23,1
ATCACTTGATGTGC,27,1
ATCACTTGCACTGA,33,1
ATCACTTGCACTGA,34,1
ATCACTTGCTTGCC,26,1
ATCACTTGCTTGCC,29,1
ATCACTTGGACGAG,13,1
ATCACTTGGACGAG,29,1
ATCACTTGGGGTGA,24,1
ATCACTTGGGGTGA,37,1
ATCAGGTGAGTGTC,16,1
ATCAGGTGAGTGTC,17,1
ATCAGGTGTCTTCA,19,1
ATCAGGTGTCTTCA,37,1
ATCATCTGGAACTC,13,1
ATCATCTGGAACTC,26,1
ATCATCTGGTCGAT,28,1
ATCATCTGGTCGAT,29,1
ATCATCTGTTCTCA,25,1
ATCATCTGTTCTCA,33,1
ATCATGCTAGATGA,13,1
ATCATGCTAGATGA,29,1
ATCATGCTATGCTG,27,1
ATCATGCTATGCTG,30,1
ATCATGCTATGCTG,6,1
ATCATGCTATGTCG,23,1
ATCATGCTATGTCG,37,1
ATCATGCTTGGTGT,17,1
ATCATGCTTGGTGT,25,1
ATCCAGGAATCACG,18,1
ATCCAGGAATCACG,35,1
ATCCAGGACTGGAT,23,1
ATCCAGGACTGGAT,24,1
ATCCATACAAGTAG,16,1
ATCCATACAAGTAG,19,1
ATCCATACTCTACT,24,1
ATCCATACTCTACT,35,1
ATCCATACTCTCGC,13,1
ATCCATACTCTCGC,26,1
ATCCATACTGCTGA,26,1
ATCCATACTGCTGA,29,1
ATCCCGTGAACCAC,26,1
ATCCCGTGAACCAC,6,1
ATCCCGTGCCGTTC,25,1
ATCCCGTGCCGTTC,6,1
ATCCCGTGGAAGGC,17,1
ATCCCGTGGAAGGC,25,1
ATCCCGTGGTAAAG,27,1
ATCCCGTGGTAAAG,31,1
ATCCGCACATCGAC,26,1
ATCCGCACATCGAC,36,1
ATCCGCACTGCATG,26,1
ATCCGCACTGCATG,35,1
ATCCTAACATTCTC,16,1
ATCCTAACATTCTC,31,1
ATCCTAACCATACG,16,1
ATCCTAACCATACG,25,1
ATCCTAACGCAAGG,17,1
ATCCTAACGCAAGG,26,1
ATCCTAACGCTTCC,16,1
ATCCTAACGCTTCC,35,1
ATCCTAACTTCCAT,27,1
ATCCTAACTTCCAT,36,1
ATCCTAACTTGCGA,25,1
ATCCTAACTTGCGA,26,1
ATCGACGAGGTTTG,34,1
ATCGACGAGGTTTG,37,1
ATCGACGAGTGCTA,25,1
ATCGACGAGTGCTA,33,1
ATCGACGAGTGCTA,35,1
ATCGAGTGACTCAG,30,1
ATCGAGTGACTCAG,33,1
ATCGAGTGCGGTAT,30,1
ATCGAGTGCGGTAT,33,1
ATCGAGTGTGGAGG,25,1
ATCGAGTGTGGAGG,27,1
ATCGCAGAACTCAG,26,1
ATCGCAGAACTCAG,32,1
ATCGCAGACACACA,18,1
ATCGCAGACACACA,27,1
ATCGCAGACTAGAC,18,1
ATCGCAGACTAGAC,36,1
ATCGCAGAGCTCCT,17,1
ATCGCAGAGCTCCT,30,1
ATCGCAGAGCTCCT,35,1
ATCGCAGAGGTTCA,13,1
ATCGCAGAGGTTCA,25,1
ATCGCCACACTGGT,35,1
ATCGCCACACTGGT,36,1
ATCGCCACTAGCGT,24,1
ATCGCCACTAGCGT,37,1
ATCGCCTGACACGT,27,1
ATCGCCTGACACGT,28,1
ATCGCCTGAGCAAA,29,1
ATCGCCTGAGCAAA,33,1
ATCGCCTGAGCATC,27,1
ATCGCCTGAGCATC,31,1
ATCGCCTGGGTAAA,23,1
ATCGCCTGGGTAAA,28,1
ATCGCCTGTGTCTT,17,1
ATCGCCTGTGTCTT,27,1
ATCGCGCTACTGTG,33,1
ATCGCGCTACTGTG,37,1
ATCGCGCTGATAAG,26,1
ATCGCGCTGATAAG,27,1
ATCGCGCTGTTCTT,29,1
ATCGCGCTGTTCTT,37,1
ATCGCGCTTACGAC,10,1
ATCGCGCTTACGAC,24,1
ATCGCGCTTCTATC,17,1
ATCGCGCTTCTATC,29,1
ATCGGAACGTAAAG,19,1
ATCGGAACGTAAAG,36,1
ATCGGTGACGTTGA,32,1
ATCGGTGACGTTGA,5,1
ATCGGTGAGAACTC,26,1
ATCGGTGAGAACTC,31,1
ATCGGTGATTGCGA,17,1
ATCGGTGATTGCGA,25,1
ATCGGTGATTGCGA,27,1
ATCGGTGATTTGTC,15,1
ATCGGTGATTTGTC,18,1
ATCGTTTGAAAACG,25,1
ATCGTTTGAAAACG,6,1
ATCGTTTGCCGTTC,25,1
ATCGTTTGCCGTTC,26,1
ATCGTTTGCCGTTC,3,1
ATCGTTTGGGTAAA,34,1
ATCGTTTGGGTAAA,36,1
ATCGTTTGTCCTGC,32,1
ATCGTTTGTCCTGC,36,1
ATCGTTTGTCTTTG,19,1
ATCGTTTGTCTTTG,30,1
ATCGTTTGTTCGCC,14,1
ATCGTTTGTTCGCC,19,1
ATCTACACCATCAG,19,1
ATCTACACCATCAG,33,1
ATCTACACGCCTTC,33,1
ATCTACACGCCTTC,9,1
ATCTACTGCTAGTG,18,1
ATCTACTGCTAGTG,23,1
ATCTACTGGTGCTA,20,1
ATCTACTGGTGCTA,35,1
ATCTACTGTCACGA,25,1
ATCTACTGTCACGA,34,1
ATCTACTGTTACTC,17,1
ATCTACTGTTACTC,33,1
ATCTCAACACCTTT,28,1
ATCTCAACACCTTT,37,1
ATCTCAACCGCATA,13,1
ATCTCAACCGCATA,25,1
ATCTCAACTAGAGA,12,1
ATCTCAACTAGAGA,33,1
ATCTGACTACTCTT,10,1
ATCTGACTACTCTT,37,1
ATCTGACTGAAACA,16,1
ATCTGACTGAAACA,17,1
ATCTGACTGATAAG,12,1
ATCTGACTGATAAG,29,1
ATCTGACTGCATCA,17,1
ATCTGACTGCATCA,8,1
ATCTGGGAAGGTCT,35,1
ATCTGGGAAGGTCT,5,1
ATCTGGGAGGGACA,24,1
ATCTGGGAGGGACA,28,1
ATCTGGGAGTTGTG,20,1
ATCTGGGAGTTGTG,35,1
ATCTTGACCCATAG,19,1
ATCTTGACCCATAG,8,1
ATCTTGACGACTAC,25,1
ATCTTGACGACTAC,5,1
ATCTTGACTAAGCC,17,1
ATCTTGACTAAGCC,20,1
ATCTTGACTAAGCC,27,1
ATCTTGACTACTTC,12,1
ATCTTGACTACTTC,16,1
ATCTTTCTAAGTAG,13,1
ATCTTTCTAAGTAG,36,1
ATCTTTCTACCTTT,33,1
ATCTTTCTACCTTT,8,1
ATCTTTCTGGCAAG,13,1
ATCTTTCTGGCAAG,24,1
ATCTTTCTGTTCAG,28,1
ATCTTTCTGTTCAG,36,1
ATGAAACTAATGCC,18,1
ATGAAACTAATGCC,26,1
ATGAAACTACACGT,31,1
ATGAAACTACACGT,32,1
ATGAAGGAAACAGA,18,1
ATGAAGGAAACAGA,36,1
ATGAAGGAATTTCC,25,1
ATGAAGGAATTTCC,32,1
ATGAAGGACTGAAC,29,1
ATGAAGGACTGAAC,9,1
ATGAAGGAGTCTAG,16,1
ATGAAGGAGTCTAG,26,1
ATGAAGGATTCCAT,25,1
ATGAAGGATTCCAT,33,1
ATGACGTGAAGTGA,13,1
ATGACGTGAAGTGA,20,1
ATGACGTGGGGCAA,12,1
ATGACGTGGGGCAA,27,1
ATGACGTGTACGAC,33,1
ATGACGTGTACGAC,36,1
ATGACGTGTTTACC,29,1
ATGACGTGTTTACC,33,1
ATGAGAGAGACGAG,14,1
ATGAGAGAGACGAG,29,1
ATGAGAGATCTTCA,13,1
ATGAGAGATCTTCA,35,1
ATGAGAGATGCATG,13,1
ATGAGAGATGCATG,33,1
ATGAGCACAGGTCT,17,1
ATGAGCACAGGTCT,31,1
ATGAGCACGACGGA,13,1
ATGAGCACGACGGA,19,1
ATGATAACAGCTCA,25,1
ATGATAACAGCTCA,35,1
ATGATAACGCAAGG,29,1
ATGATAACGCAAGG,36,1
ATGATAACTTGAGC,25,1
ATGATAACTTGAGC,33,1
ATGATATGAGCACT,26,1
ATGATATGAGCACT,33,1
ATGATATGATTGGC,16,1
ATGATATGATTGGC,26,1
ATGATATGCCTGAA,13,1
ATGATATGCCTGAA,34,1
ATGATATGGTTCGA,18,1
ATGATATGGTTCGA,30,1
ATGATATGTGAGCT,25,1
ATGATATGTGAGCT,9,1
ATGCACGACTTGCC,17,1
ATGCACGACTTGCC,29,1
ATGCACGAGGTGAG,26,1
ATGCACGAGGTGAG,27,1
ATGCACGATATGCG,26,1
ATGCACGATATGCG,33,1
ATGCAGTGAAGTGA,30,1
ATGCAGTGAAGTGA,35,1
ATGCAGTGATTGGC,28,1
ATGCAGTGATTGGC,29,1
ATGCAGTGCGTGTA,24,1
ATGCAGTGCGTGTA,29,1
ATGCAGTGCGTGTA,35,1
ATGCAGTGGGAACG,13,1
ATGCAGTGGGAACG,25,1
ATGCAGTGGGATTC,24,1
ATGCAGTGGGATTC,29,1
ATGCCAGATACGCA,12,1
ATGCCAGATACGCA,25,1
ATGCCAGATGAGGG,13,1
ATGCCAGATGAGGG,23,1
ATGCCGCTCTACCC,17,1
ATGCCGCTCTACCC,18,1
ATGCCGCTGCCTTC,31,1
ATGCCGCTGCCTTC,6,1
ATGCCGCTGGACTT,20,1
ATGCCGCTGGACTT,24,1
ATGCCGCTGTTCAG,17,1
ATGCCGCTGTTCAG,5,1
ATGCGATGACACTG,24,1
ATGCGATGACACTG,36,1
ATGCGATGCGCCTT,13,1
ATGCGATGCGCCTT,29,1
ATGCGCCTCTTCGC,19,1
ATGCGCCTCTTCGC,25,1
ATGCTTTGCTCGAA,25,1
ATGCTTTGCTCGAA,35,1
ATGCTTTGCTTGTT,24,1
ATGCTTTGCTTGTT,28,1
ATGCTTTGCTTGTT,34,1
ATGCTTTGTTCTGT,23,1
ATGCTTTGTTCTGT,36,1
ATGCTTTGTTGTCT,13,1
ATGCTTTGTTGTCT,24,1
ATGCTTTGTTGTCT,35,1
ATGCTTTGTTTGGG,33,1
ATGCTTTGTTTGGG,6,1
ATGGACACAAACGA,12,1
ATGGACACAAACGA,15,1
ATGGACACTCGCTC,19,1
ATGGACACTCGCTC,34,1
ATGGGTACCTTGGA,15,1
ATGGGTACCTTGGA,36,1
ATGGGTACGAGGTG,29,1
ATGGGTACGAGGTG,30,1
ATGGGTACGGCGAA,26,1
ATGGGTACGGCGAA,9,1
ATGGGTACTGTGAC,35,1
ATGGGTACTGTGAC,7,1
ATGGTGACTCTCTA,33,1
ATGGTGACTCTCTA,35,1
ATGTAAACCTCCCA,26,1
ATGTAAACCTCCCA,28,1
ATGTAAACTTACCT,32,1
ATGTAAACTTACCT,6,1
ATGTACCTCTGACA,13,1
ATGTACCTCTGACA,27,1
ATGTACCTGAGAGC,17,1
ATGTACCTGAGAGC,7,1
ATGTACCTGGTAGG,24,1
ATGTACCTGGTAGG,27,1
ATGTACCTTGTAGC,19,1
ATGTACCTTGTAGC,30,1
ATGTCACTAGAACA,12,1
ATGTCACTAGAACA,26,1
ATGTCACTAGCTCA,28,1
ATGTCACTAGCTCA,31,1
ATGTCACTCACTTT,15,1
ATGTCACTCACTTT,36,1
ATGTCACTGGACAG,17,1
ATGTCACTGGACAG,35,1
ATGTCACTTATCTC,13,1
ATGTCACTTATCTC,16,1
ATGTCACTTCGACA,33,1
ATGTCACTTCGACA,9,1
ATGTCGGAACTCAG,16,1
ATGTCGGAACTCAG,9,1
ATGTCGGACGCAAT,26,1
ATGTCGGACGCAAT,34,1
ATGTTAGAAAGAAC,24,1
ATGTTAGAAAGAAC,6,1
ATGTTAGACATTCT,18,1
ATGTTAGACATTCT,31,1
ATGTTAGAGAATCC,12,1
ATGTTAGAGAATCC,18,1
ATGTTAGATGTGCA,23,1
ATGTTAGATGTGCA,33,1
ATGTTCACCGAGAG,25,1
ATGTTCACCGAGAG,26,1
ATGTTCACTGACTG,28,1
ATGTTCACTGACTG,34,1
ATGTTGCTCCACAA,19,1
ATGTTGCTCCACAA,30,1
ATGTTGCTCGCTAA,10,1
ATGTTGCTCGCTAA,37,1
ATGTTGCTCTCCAC,25,1
ATGTTGCTCTCCAC,33,1
ATGTTGCTGTAGGG,3,1
ATGTTGCTGTAGGG,37,1
ATTAACGAGAGGCA,28,1
ATTAACGAGAGGCA,30,1
ATTAAGACAGATGA,31,1
ATTAAGACAGATGA,37,1
ATTAAGACGTTCGA,25,1
ATTAAGACGTTCGA,26,1
ATTACCACAAAGCA,25,1
ATTACCACAAAGCA,32,1
ATTACCACTAAGGA,19,1
ATTACCACTAAGGA,26,1
ATTACCACTATGGC,19,1
ATTACCACTATGGC,31,1
ATTACCACTCTCGC,16,1
ATTACCACTCTCGC,25,1
ATTACCACTGTCTT,16,1
ATTACCACTGTCTT,24,1
ATTACCTGCTAGTG,16,1
ATTACCTGCTAGTG,9,1
ATTAGATGAGCCAT,19,1
ATTAGATGAGCCAT,30,1
ATTAGATGCTCGAA,10,1
ATTAGATGCTCGAA,19,1
ATTAGATGGCAAGG,25,1
ATTAGATGGCAAGG,37,1
ATTAGATGTTCCAT,10,1
ATTAGATGTTCCAT,17,1
ATTAGTGAAGCTAC,10,1
ATTAGTGAAGCTAC,7,1
ATTAGTGAATCTCT,10,1
ATTAGTGAATCTCT,34,1
ATTAGTGACCTGAA,17,1
ATTAGTGACCTGAA,33,1
ATTAGTGACGTTGA,27,1
ATTAGTGACGTTGA,29,1
ATTAGTGAGTAAGA,13,1
ATTAGTGAGTAAGA,19,1
ATTAGTGATTTGTC,17,1
ATTAGTGATTTGTC,37,1
ATTATGGATAAGGA,16,1
ATTATGGATAAGGA,34,1
ATTCAAGAATCGAC,24,1
ATTCAAGAATCGAC,27,1
ATTCAAGATGGATC,37,1
ATTCAAGATGGATC,5,1
ATTCAAGATGTGCA,23,1
ATTCAAGATGTGCA,33,1
ATTCAGCTACCTAG,13,1
ATTCAGCTACCTAG,16,1
ATTCAGCTCTACTT,27,1
ATTCAGCTCTACTT,28,1
ATTCAGCTGTACGT,19,1
ATTCAGCTGTACGT,29,1
ATTCAGCTGTAGCT,24,1
ATTCAGCTGTAGCT,34,1
ATTCAGCTGTAGCT,36,1
ATTCAGCTTGATGC,23,1
ATTCAGCTTGATGC,31,1
ATTCCATGAAACAG,25,1
ATTCCATGAAACAG,35,1
ATTCCATGGACGTT,30,1
ATTCCATGGACGTT,37,1
ATTCCATGTGGTTG,12,1
ATTCCATGTGGTTG,13,1
ATTCGACTACTTTC,16,1
ATTCGACTACTTTC,4,1
ATTCGACTAGCGTT,28,1
ATTCGACTAGCGTT,33,1
ATTCGACTGAGCTT,17,1
ATTCGACTGAGCTT,20,1
ATTCGACTGAGGAC,19,1
ATTCGACTGAGGAC,30,1
ATTCGACTGGAAGC,13,1
ATTCGACTGGAAGC,17,1
ATTCGGGACACTTT,25,1
ATTCGGGACACTTT,27,1
ATTCGGGACACTTT,31,1
ATTCGGGAGGATTC,13,1
ATTCGGGAGGATTC,37,1
ATTCTGACCATTCT,29,1
ATTCTGACCATTCT,36,1
ATTCTGACGCGGAA,23,1
ATTCTGACGCGGAA,29,1
ATTCTGACTCCCAC,29,1
ATTCTGACTCCCAC,30,1
ATTCTGACTCCTAT,13,1
ATTCTGACTCCTAT,16,1
ATTCTGACTGCCTC,12,1
ATTCTGACTGCCTC,29,1
ATTCTTCTACCGAT,28,1
ATTCTTCTACCGAT,6,1
ATTGAAACGCGAGA,25,1
ATTGAAACGCGAGA,37,1
ATTGATGAACAGTC,12,1
ATTGATGAACAGTC,17,1
ATTGATGAGTTACG,25,1
ATTGATGAGTTACG,7,1
ATTGATGATAAGCC,30,1
ATTGATGATAAGCC,32,1
ATTGATGATCAGAC,12,1
ATTGATGATCAGAC,25,1
ATTGCACTGGGCAA,17,1
ATTGCACTGGGCAA,7,1
ATTGCGGACAGTTG,24,1
ATTGCGGACAGTTG,36,1
ATTGCGGAGGAGTG,26,1
ATTGCGGAGGAGTG,27,1
ATTGCGGATGTTTC,25,1
ATTGCGGATGTTTC,37,1
ATTGCTTGGGAAGC,33,1
ATTGCTTGGGAAGC,35,1
ATTGCTTGGTAAAG,12,1
ATTGCTTGGTAAAG,29,1
ATTGGGTGAGAGGC,10,1
ATTGGGTGAGAGGC,34,1
ATTGGGTGCTGACA,19,1
ATTGGGTGCTGACA,35,1
ATTGGGTGTCAGTG,10,1
ATTGGGTGTCAGTG,34,1
ATTGGGTGTGTGAC,18,1
ATTGGGTGTGTGAC,34,1
ATTGGTCTCCTAAG,12,1
ATTGGTCTCCTAAG,37,1
ATTGGTCTGGTTTG,10,1
ATTGGTCTGGTTTG,17,1
ATTGGTCTTGGAGG,16,1
ATTGGTCTTGGAGG,26,1
ATTGTAGACCATGA,13,1
ATTGTAGACCATGA,27,1
ATTGTAGACCATGA,33,1
ATTGTAGACGCTAA,19,1
ATTGTAGACGCTAA,30,1
ATTGTAGATTCTTG,16,1
ATTGTAGATTCTTG,24,1
ATTGTCTGACCAAC,25,1
ATTGTCTGACCAAC,28,1
ATTGTCTGCATGCA,27,1
ATTGTCTGCATGCA,31,1
ATTGTCTGGAATGA,16,1
ATTGTCTGGAATGA,19,1
ATTGTCTGGAGCAG,16,1
ATTGTCTGGAGCAG,25,1
ATTGTCTGTTACCT,27,1
ATTGTCTGTTACCT,31,1
ATTTAGGAACCGAT,18,1
ATTTAGGAACCGAT,19,1
ATTTAGGACTGTTT,18,1
ATTTAGGACTGTTT,33,1
ATTTAGGAGAGGTG,20,1
ATTTAGGAGAGGTG,6,1
ATTTCCGACTGACA,27,1
ATTTCCGACTGACA,36,1
ATTTCGTGCACTCC,12,1
ATTTCGTGCACTCC,33,1
ATTTCGTGCTTCTA,26,1
ATTTCGTGCTTCTA,27,1
ATTTCGTGGAAACA,19,1
ATTTCGTGGAAACA,35,1
ATTTCGTGGGTAGG,17,1
ATTTCGTGGGTAGG,18,1
ATTTCTCTAAGTGA,29,1
ATTTCTCTAAGTGA,32,1
ATTTCTCTGCTCCT,12,1
ATTTCTCTGCTCCT,35,1
ATTTGCACACTGGT,18,1
ATTTGCACACTGGT,28,1
ATTTGCACTGACCA,16,1
ATTTGCACTGACCA,17,1
ATTTGCACTGACCA,37,1
CAAACTCTAAGAGT,29,1
CAAACTCTAAGAGT,33,1
CAAACTCTAGTCTG,17,1
CAAACTCTAGTCTG,23,1
CAAACTCTCGCAAT,12,1
CAAACTCTCGCAAT,15,1
CAAAGCACAAGCAA,13,1
CAAAGCACAAGCAA,34,1
CAAAGCACACGGGA,37,1
CAAAGCACACGGGA,9,1
CAAAGCACGAGGGT,17,1
CAAAGCACGAGGGT,37,1
CAAAGCACTCCAGA,19,1
CAAAGCACTCCAGA,37,1
CAAAGCTGACTTTC,17,1
CAAAGCTGACTTTC,18,1
CAAAGCTGCGAACT,36,1
CAAAGCTGCGAACT,9,1
CAAAGCTGCTTATC,13,1
CAAAGCTGCTTATC,26,1
CAAATATGGTTACG,12,1
CAAATATGGTTACG,31,1
CAAATTGACTAGTG,16,1
CAAATTGACTAGTG,24,1
CAAATTGAGATACC,24,1
CAAATTGAGATACC,25,1
CAACAGACCCAAGT,30,1
CAACAGACCCAAGT,36,1
CAACAGACGAAAGT,13,1
CAACAGACGAAAGT,32,1
CAACAGACGAGGCA,33,1
CAACAGACGAGGCA,37,1
CAACAGACGCGAGA,13,1
CAACAGACGCGAGA,26,1
CAACCAGACATCAG,13,1
CAACCAGACATCAG,28,1
CAACCAGACTCAGA,29,1
CAACCAGACTCAGA,33,1
CAACCGCTAGCCAT,16,1
CAACCGCTAGCCAT,26,1
CAACCGCTCCACCT,19,1
CAACCGCTCCACCT,26,1
CAACCGCTCCTTGC,10,1
CAACCGCTCCTTGC,26,1
CAACCGCTGTTCGA,29,1
CAACCGCTGTTCGA,36,1
CAACGATGCTGAAC,26,1
CAACGATGCTGAAC,36,1
CAACGATGTATCGG,10,1
CAACGATGTATCGG,19,1
CAACGATGTCTGGA,19,1
CAACGATGTCTGGA,35,1
CAACGATGTTTGGG,26,1
CAACGATGTTTGGG,31,1
CAACGTGAAAGTGA,15,1
CAACGTGAAAGTGA,20,1
CAACGTGAAGTCTG,24,1
CAACGTGAAGTCTG,35,1
CAACGTGAATGCCA,24,1
CAACGTGAATGCCA,25,1
CAACGTGAGACGTT,12,1
CAACGTGAGACGTT,37,1
CAACGTGATGACAC,34,1
CAACGTGATGACAC,9,1
CAACGTGATGCATG,6,1
CAACGTGATGCATG,8,1
CAACGTGATGCTGA,25,1
CAACGTGATGCTGA,8,1
CAACGTGATGGTTG,26,1
CAACGTGATGGTTG,36,1
CAACGTGATTGACG,19,1
CAACGTGATTGACG,35,1
CAACGTGATTGTGG,12,1
CAACGTGATTGTGG,13,1
CAACTTTGCCAATG,12,1
CAACTTTGCCAATG,19,1
CAACTTTGTACTCT,12,1
CAACTTTGTACTCT,19,1
CAACTTTGTGCAGT,14,1
CAACTTTGTGCAGT,18,1
CAAGAAGAAACCTG,24,1
CAAGAAGAAACCTG,9,1
CAAGAAGACTCTCG,29,1
CAAGAAGACTCTCG,36,1
CAAGAAGACTGTTT,24,1
CAAGAAGACTGTTT,26,1
CAAGAAGATGACTG,23,1
CAAGAAGATGACTG,29,1
CAAGAAGATGACTG,9,1
CAAGACACGCTACA,26,1
CAAGACACGCTACA,29,1
CAAGACACTCCTAT,29,1
CAAGACACTCCTAT,32,1
CAAGACACTCTTTG,19,1
CAAGACACTCTTTG,27,1
CAAGACTGAATGCC,34,1
CAAGACTGAATGCC,8,1
CAAGACTGCGTACA,27,1
CAAGACTGCGTACA,29,1
CAAGACTGTGCTGA,26,1
CAAGACTGTGCTGA,29,1
CAAGACTGTGTGAC,26,1
CAAGACTGTGTGAC,27,1
CAAGCATGAGCGTT,26,1
CAAGCATGAGCGTT,3,1
CAAGCATGCATCAG,26,1
CAAGCATGCATCAG,27,1
CAAGCATGCGCCTT,13,1
CAAGCATGCGCCTT,19,1
CAAGCCCTAGCATC,26,1
CAAGCCCTAGCATC,37,1
CAAGCCCTCGTAAC,24,1
CAAGCCCTCGTAAC,31,1
CAAGCTGACGTGAT,25,1
CAAGCTGACGTGAT,6,1
CAAGGACTAAGTGA,17,1
CAAGGACTAAGTGA,36,1
CAAGGACTGCATAC,12,1
CAAGGACTGCATAC,29,1
CAAGGTTGAGCCAT,36,1
CAAGGTTGAGCCAT,9,1
CAAGGTTGCAAGCT,34,1
CAAGGTTGCAAGCT,35,1
CAAGGTTGGGCAAG,24,1
CAAGGTTGGGCAAG,36,1
CAAGGTTGGGTCAT,31,1
CAAGGTTGGGTCAT,35,1
CAATAAACTGCATG,12,1
CAATAAACTGCATG,19,1
CAATAATGATCGGT,19,1
CAATAATGATCGGT,28,1
CAATAATGATCGGT,36,1
CAATATGATAGAGA,10,1
CAATATGATAGAGA,36,1
CAATATGATCCGTC,32,1
CAATATGATCCGTC,35,1
CAATCGGACTGTTT,17,1
CAATCGGACTGTTT,26,1
CAATCGGAGACAAA,16,1
CAATCGGAGACAAA,28,1
CAATCGGAGGAAAT,25,1
CAATCGGAGGAAAT,30,1
CAATCGGAGGTTAC,19,1
CAATCGGAGGTTAC,26,1
CAATCGGAGTTGGT,33,1
CAATCGGAGTTGGT,7,1
CAATCGGATCTCTA,10,1
CAATCGGATCTCTA,18,1
CAATCTACAAGGCG,16,1
CAATCTACAAGGCG,27,1
CAATGGACACGTTG,16,1
CAATGGACACGTTG,34,1
CAATGGACACTTTC,12,1
CAATGGACACTTTC,17,1
CAATGGACGGTTAC,27,1
CAATGGACGGTTAC,29,1
CAATGGACTGTGAC,12,1
CAATGGACTGTGAC,28,1
CAATTCACCTCTTA,26,1
CAATTCACCTCTTA,28,1
CAATTCTGACCCTC,13,1
CAATTCTGACCCTC,16,1
CAATTCTGCCCAAA,29,1
CAATTCTGCCCAAA,6,1
CAATTCTGCTACGA,26,1
CAATTCTGCTACGA,30,1
CAATTCTGGCATAC,13,1
CAATTCTGGCATAC,29,1
CAATTCTGGCATAC,34,1
CAATTCTGTAAGGA,25,1
CAATTCTGTAAGGA,29,1
CAATTCTGTATGCG,17,1
CAATTCTGTATGCG,26,1
CAATTCTGTCTTAC,25,1
CAATTCTGTCTTAC,30,1
CACAACGACGACAT,16,1
CACAACGACGACAT,30,1
CACAACGACGACAT,34,1
CACAACGACTTATC,15,1
CACAACGACTTATC,33,1
CACAACGAGACGGA,26,1
CACAACGAGACGGA,27,1
CACAACGAGTCGAT,24,1
CACAACGAGTCGAT,29,1
CACAATCTTTCTCA,10,1
CACAATCTTTCTCA,32,1
CACACCTGCTAGTG,31,1
CACACCTGCTAGTG,36,1
CACACCTGCTTGCC,12,1
CACACCTGCTTGCC,27,1
CACACCTGGTTGCA,13,1
CACACCTGGTTGCA,37,1
CACACCTGTGCAGT,26,1
CACACCTGTGCAGT,29,1
CACAGAACCGGGAA,33,1
CACAGAACCGGGAA,37,1
CACAGAACTAGAGA,12,1
CACAGAACTAGAGA,20,1
CACAGATGCTGATG,27,1
CACAGATGCTGATG,29,1
CACAGATGGAGATA,12,1
CACAGATGGAGATA,35,1
CACAGATGGGACAG,13,1
CACAGATGGGACAG,16,1
CACAGATGGGGACA,1,1
CACAGATGGGGACA,34,1
CACAGCCTACGCTA,24,1
CACAGCCTACGCTA,36,1
CACAGCCTGATGAA,26,1
CACAGCCTGATGAA,31,1
CACAGTGAAGTAGA,23,1
CACAGTGAAGTAGA,28,1
CACAGTGACCGTTC,18,1
CACAGTGACCGTTC,24,1
CACAGTGACTTATC,19,1
CACAGTGACTTATC,26,1
CACAGTGAGCTTCC,27,1
CACAGTGAGCTTCC,32,1
CACAGTGATCGCTC,29,1
CACAGTGATCGCTC,30,1
CACAGTGATGCAAC,19,1
CACAGTGATGCAAC,24,1
CACATACTATCGTG,28,1
CACATACTATCGTG,36,1
CACATACTCACTAG,19,1
CACATACTCACTAG,34,1
CACATACTTGTCTT,25,1
CACATACTTGTCTT,37,1
CACATGGACATTTC,20,1
CACATGGACATTTC,7,1
CACATGGAGCCATA,25,1
CACATGGAGCCATA,29,1
CACATGGAGTGCAT,16,1
CACATGGAGTGCAT,19,1
CACCCATGACAGTC,31,1
CACCCATGACAGTC,6,1
CACCCATGACGGTT,31,1
CACCCATGACGGTT,33,1
CACCCATGTAAGCC,34,1
CACCCATGTAAGCC,8,1
CACCGGGAACGGGA,27,1
CACCGGGAACGGGA,37,1
CACCGGGACACTTT,27,1
CACCGGGACACTTT,6,1
CACCGGGAGGTCTA,10,1
CACCGGGAGGTCTA,27,1
CACCGGGAGGTTAC,17,1
CACCGGGAGGTTAC,27,1
CACCGGGATCCTAT,17,1
CACCGGGATCCTAT,29,1
CACCGGGATTAGGC,37,1
CACCGGGATTAGGC,8,1
CACCGGGATTCTGT,1,1
CACCGGGATTCTGT,12,1
CACCGTACAATCGC,16,1
CACCGTACAATCGC,37,1
CACCGTACCACAAC,28,1
CACCGTACCACAAC,30,1
CACCGTACGGAACG,27,1
CACCGTACGGAACG,29,1
CACCGTACTCTTAC,12,1
CACCGTACTCTTAC,8,1
CACCGTACTGCCAA,27,1
CACCGTACTGCCAA,34,1
CACCGTTGCCTAAG,14,1
CACCGTTGCCTAAG,24,1
CACCGTTGGTTGGT,26,1
CACCGTTGGTTGGT,28,1
CACCTGACGCAGAG,24,1
CACCTGACGCAGAG,30,1
CACGAAACGCGATT,19,1
CACGAAACGCGATT,8,1
CACGACCTCCAAGT,35,1
CACGACCTCCAAGT,5,1
CACGACCTGAGGAC,23,1
CACGACCTGAGGAC,27,1
CACGATGAACGGTT,16,1
CACGATGAACGGTT,33,1
CACGATGACTGTAG,19,1
CACGATGACTGTAG,24,1
CACGATGAGAGGAC,12,1
CACGATGAGAGGAC,28,1
CACGATGAGGTCAT,18,1
CACGATGAGGTCAT,26,1
CACGATGAGTCCTC,10,1
CACGATGAGTCCTC,36,1
CACGCTACGTGCTA,13,1
CACGCTACGTGCTA,20,1
CACGCTACGTTGTG,24,1
CACGCTACGTTGTG,28,1
CACGGGACCAAGCT,25,1
CACGGGACCAAGCT,34,1
CACGGGACCGACTA,30,1
CACGGGACCGACTA,37,1
CACGGGACTCAGGT,24,1
CACGGGACTCAGGT,28,1
CACGGGACTGGAAA,26,1
CACGGGACTGGAAA,36,1
CACGGGTGTATTCC,14,1
CACGGGTGTATTCC,30,1
CACTAACTAGAACA,31,1
CACTAACTAGAACA,32,1
CACTAACTCCCTCA,27,1
CACTAACTCCCTCA,30,1
CACTAACTCCTTTA,29,1
CACTAACTCCTTTA,5,1
CACTAACTCTTCGC,29,1
CACTAACTCTTCGC,30,1
CACTAACTGGACAG,26,1
CACTAACTGGACAG,31,1
CACTAACTTGTCGA,16,1
CACTAACTTGTCGA,27,1
CACTAGGAGCTGTA,18,1
CACTAGGAGCTGTA,29,1
CACTAGGATCTATC,13,1
CACTAGGATCTATC,31,1
CACTAGGATTCTAC,12,1
CACTAGGATTCTAC,17,1
CACTATACACAGCT,31,1
CACTATACACAGCT,36,1
CACTATACCCAAGT,10,1
CACTATACCCAAGT,36,1
CACTATACCGAGTT,26,1
CACTATACCGAGTT,28,1
CACTATACCGCTAA,29,1
CACTATACCGCTAA,36,1
CACTCCGAGAAAGT,10,1
CACTCCGAGAAAGT,37,1
CACTCCGAGACGGA,24,1
CACTCCGAGACGGA,34,1
CACTCCGAGGCGAA,10,1
CACTCCGAGGCGAA,25,1
CACTCCGAGGTATC,10,1
CACTCCGAGGTATC,30,1
CACTCCGATCCTCG,18,1
CACTCCGATCCTCG,33,1
CACTCTCTACGACT,33,1
CACTCTCTACGACT,36,1
CACTCTCTAGTACC,19,1
CACTCTCTAGTACC,35,1
CACTCTCTCTGTTT,19,1
CACTCTCTCTGTTT,29,1
CACTCTCTTGCAAC,12,1
CACTCTCTTGCAAC,37,1
CACTCTCTTTCTTG,19,1
CACTCTCTTTCTTG,24,1
CACTGAGAACGGGA,31,1
CACTGAGAACGGGA,32,1
CACTGAGAACTACG,16,1
CACTGAGAACTACG,32,1
CACTGAGAGGAAGC,24,1
CACTGAGAGGAAGC,8,1
CACTGCACCCGATA,25,1
CACTGCACCCGATA,7,1
CACTGCACCGACTA,16,1
CACTGCACCGACTA,35,1
CACTGCACGACACT,13,1
CACTGCACGACACT,23,1
CACTGCACTCTATC,13,1
CACTGCACTCTATC,36,1
CACTGCACTTATCC,13,1
CACTGCACTTATCC,36,1
CACTGCACTTGACG,16,1
CACTGCACTTGACG,36,1
CACTGCTGACCTTT,24,1
CACTGCTGACCTTT,30,1
CACTGCTGACTACG,12,1
CACTGCTGACTACG,37,1
CACTGCTGGCTCCT,34,1
CACTGCTGGCTCCT,9,1
CACTGCTGTGCGTA,24,1
CACTGCTGTGCGTA,37,1
CACTTAACACCCTC,13,1
CACTTAACACCCTC,16,1
CACTTAACACGACT,25,1
CACTTAACACGACT,31,1
CACTTAACTACTGG,13,1
CACTTAACTACTGG,24,1
CACTTAACTTCTAC,2,1
CACTTAACTTCTAC,24,1
CACTTATGCCTTAT,16,1
CACTTATGCCTTAT,27,1
CACTTATGTGTGGT,27,1
CACTTATGTGTGGT,29,1
CACTTTGAAGTCGT,20,1
CACTTTGAAGTCGT,7,1
CACTTTGAGGTTAC,13,1
CACTTTGAGGTTAC,25,1
CACTTTGATCTCTA,10,1
CACTTTGATCTCTA,29,1
CAGAAGCTCCACCT,16,1
CAGAAGCTCCACCT,27,1
CAGAAGCTCTGAAC,26,1
CAGAAGCTCTGAAC,29,1
CAGAAGCTTTCTGT,16,1
CAGAAGCTTTCTGT,17,1
CAGACAACATTTCC,33,1
CAGACAACATTTCC,8,1
CAGACAACCACACA,16,1
CAGACAACCACACA,25,1
CAGACAACCAGGAG,16,1
CAGACAACCAGGAG,29,1
CAGACAACCCTCCA,23,1
CAGACAACCCTCCA,24,1
CAGACAACTACTCT,24,1
CAGACAACTACTCT,37,1
CAGACATGCTGCAA,25,1
CAGACATGCTGCAA,35,1
CAGACATGGCTAAC,24,1
CAGACATGGCTAAC,29,1
CAGACATGGTTCTT,17,1
CAGACATGGTTCTT,25,1
CAGACCCTCCTGTC,16,1
CAGACCCTCCTGTC,8,1
CAGACCCTCTCTTA,27,1
CAGACCCTCTCTTA,32,1
CAGACCCTTGTCAG,13,1
CAGACCCTTGTCAG,17,1
CAGACTGAGCGTAT,32,1
CAGACTGAGCGTAT,9,1
CAGAGGGACCCGTT,25,1
CAGAGGGACCCGTT,34,1
CAGAGGGAGGACGA,17,1
CAGAGGGAGGACGA,29,1
CAGAGGGAGTGAGG,29,1
CAGAGGGAGTGAGG,8,1
CAGAGGGATAACCG,14,1
CAGAGGGATAACCG,32,1
CAGAGGGATGGTGT,25,1
CAGAGGGATGGTGT,8,1
CAGATCGACATCAG,26,1
CAGATCGACATCAG,34,1
CAGATCGATTCGGA,33,1
CAGATCGATTCGGA,35,1
CAGATGACACGTAC,28,1
CAGATGACACGTAC,30,1
CAGATGACACGTGT,17,1
CAGATGACACGTGT,36,1
CAGATGACAGCTAC,24,1
CAGATGACAGCTAC,34,1
CAGATGACCTGTTT,27,1
CAGATGACCTGTTT,28,1
CAGATGACGTAAGA,24,1
CAGATGACGTAAGA,34,1
CAGATGACGTTGAC,12,1
CAGATGACGTTGAC,19,1
CAGCAATGCATGCA,19,1
CAGCAATGCATGCA,3,1
CAGCAATGGAGACG,16,1
CAGCAATGGAGACG,17,1
CAGCAATGTAAGCC,13,1
CAGCAATGTAAGCC,26,1
CAGCACCTTTCTCA,19,1
CAGCACCTTTCTCA,29,1
CAGCATGAACGTGT,14,1
CAGCATGAACGTGT,27,1
CAGCATGAATGTCG,16,1
CAGCATGAATGTCG,24,1
CAGCATGAATGTCG,30,1
CAGCATGACAGGAG,12,1
CAGCATGACAGGAG,28,1
CAGCATGACTTAGG,26,1
CAGCATGACTTAGG,29,1
CAGCATGAGTTAGC,24,1
CAGCATGAGTTAGC,25,1
CAGCCTACGGCAAG,25,1
CAGCCTACGGCAAG,29,1
CAGCCTACGGCAAG,7,1
CAGCCTACGTAAGA,17,1
CAGCCTACGTAAGA,25,1
CAGCCTACTTGTCT,13,1
CAGCCTACTTGTCT,36,1
CAGCCTTGAACGTC,30,1
CAGCCTTGAACGTC,9,1
CAGCCTTGAGTCTG,26,1
CAGCCTTGAGTCTG,9,1
CAGCCTTGATTCCT,13,1
CAGCCTTGATTCCT,18,1
CAGCCTTGTAGAAG,19,1
CAGCCTTGTAGAAG,28,1
CAGCCTTGTCGTAG,12,1
CAGCCTTGTCGTAG,8,1
CAGCCTTGTGTCCC,24,1
CAGCCTTGTGTCCC,26,1
CAGCCTTGTGTCCC,29,1
CAGCGGACACGGAG,13,1
CAGCGGACACGGAG,6,1
CAGCGGACACTTTC,19,1
CAGCGGACACTTTC,34,1
CAGCGGACAGCAAA,2,1
CAGCGGACAGCAAA,25,1
CAGCGGACTTTCAC,10,1
CAGCGGACTTTCAC,29,1
CAGCGTCTCCCGTT,27,1
CAGCGTCTCCCGTT,37,1
CAGCGTCTGAGCTT,16,1
CAGCGTCTGAGCTT,25,1
CAGCGTCTGCTTAG,16,1
CAGCGTCTGCTTAG,26,1
CAGCGTCTGCTTAG,35,1
CAGCGTCTGGATCT,13,1
CAGCGTCTGGATCT,37,1
CAGCGTCTTAAGCC,19,1
CAGCGTCTTAAGCC,31,1
CAGCTAGAAGGAGC,12,1
CAGCTAGAAGGAGC,27,1
CAGCTAGAAGTCGT,18,1
CAGCTAGAAGTCGT,24,1
CAGCTAGAATCGTG,19,1
CAGCTAGAATCGTG,2,1
CAGCTAGAATGCTG,12,1
CAGCTAGAATGCTG,17,1
CAGCTAGACCAGTA,32,1
CAGCTAGACCAGTA,33,1
CAGCTAGACTAGCA,25,1
CAGCTAGACTAGCA,8,1
CAGCTAGAGGACTT,34,1
CAGCTAGAGGACTT,36,1
CAGCTCACGACAAA,12,1
CAGCTCACGACAAA,23,1
CAGCTCACTCTCCG,31,1
CAGCTCACTCTCCG,9,1
CAGCTCACTGAGGG,29,1
CAGCTCACTGAGGG,8,1
CAGCTCACTGGTGT,31,1
CAGCTCACTGGTGT,33,1
CAGCTCTGACGTTG,13,1
CAGCTCTGACGTTG,33,1
CAGCTCTGGTGTCA,12,1
CAGCTCTGGTGTCA,33,1
CAGGAACTAGCAAA,24,1
CAGGAACTAGCAAA,29,1
CAGGAACTGGTACT,25,1
CAGGAACTGGTACT,28,1
CAGGCCGAACGCTA,10,1
CAGGCCGAACGCTA,7,1
CAGGCCGACTCAGA,25,1
CAGGCCGACTCAGA,28,1
CAGGGCACATGGTC,27,1
CAGGGCACATGGTC,30,1
CAGGGCACCCTTAT,29,1
CAGGGCACCCTTAT,33,1
CAGGGCACCTTATC,24,1
CAGGGCACCTTATC,31,1
CAGGGCACTCGATG,18,1
CAGGGCACTCGATG,30,1
CAGGGCACTGGATC,16,1
CAGGGCACTGGATC,34,1
CAGGGCACTGTCGA,17,1
CAGGGCACTGTCGA,25,1
CAGGTAACCCATAG,27,1
CAGGTAACCCATAG,34,1
CAGGTAACCTATGG,29,1
CAGGTAACCTATGG,35,1
CAGGTAACGAGAGC,23,1
CAGGTAACGAGAGC,33,1
CAGGTAACGCGTAT,33,1
CAGGTAACGCGTAT,36,1
CAGGTAACGTTGTG,12,1
CAGGTAACGTTGTG,33,1
CAGGTATGAAGTAG,25,1
CAGGTATGAAGTAG,36,1
CAGGTATGGCCAAT,20,1
CAGGTATGGCCAAT,23,1
CAGGTATGGCGGAA,24,1
CAGGTATGGCGGAA,37,1
CAGGTATGGGACAG,17,1
CAGGTATGGGACAG,24,1
CAGGTATGGGACAG,30,1
CAGGTATGGGGCAA,30,1
CAGGTATGGGGCAA,7,1
CAGGTATGTAGAGA,26,1
CAGGTATGTAGAGA,37,1
CAGGTATGTTCTGT,12,1
CAGGTATGTTCTGT,34,1
CAGGTTGAATGTGC,28,1
CAGGTTGAATGTGC,29,1
CAGGTTGACCATGA,18,1
CAGGTTGACCATGA,37,1
CAGGTTGACCGCTT,27,1
CAGGTTGACCGCTT,33,1
CAGGTTGACGATAC,26,1
CAGGTTGACGATAC,35,1
CAGGTTGATCTAGG,8,1
CAGGTTGATCTAGG,9,1
CAGTCAGACATACG,25,1
CAGTCAGACATACG,8,1
CAGTCAGACCTACC,27,1
CAGTCAGACCTACC,36,1
CAGTCAGATTTGCT,10,1
CAGTCAGATTTGCT,6,1
CAGTGATGAAGAGT,13,1
CAGTGATGAAGAGT,24,1
CAGTGATGACCGAT,12,1
CAGTGATGACCGAT,37,1
CAGTGATGCACTCC,24,1
CAGTGATGCACTCC,37,1
CAGTGATGGAATGA,24,1
CAGTGATGGAATGA,30,1
CAGTGATGTGAAGA,24,1
CAGTGATGTGAAGA,29,1
CAGTGATGTGTGCA,27,1
CAGTGATGTGTGCA,32,1
CAGTGTGACCTCCA,12,1
CAGTGTGACCTCCA,32,1
CAGTGTGAGATGAA,34,1
CAGTGTGAGATGAA,8,1
CAGTGTGATGCACA,16,1
CAGTGTGATGCACA,29,1
CAGTGTGATTGTGG,27,1
CAGTGTGATTGTGG,29,1
CAGTTACTGGTTCA,29,1
CAGTTACTGGTTCA,31,1
CAGTTGGAGATACC,24,1
CAGTTGGAGATACC,27,1
CAGTTGGAGGAGGT,17,1
CAGTTGGAGGAGGT,25,1
CAGTTGGATAGCCA,16,1
CAGTTGGATAGCCA,2,1
CAGTTTACACTCAG,24,1
CAGTTTACACTCAG,36,1
CAGTTTACCGCAAT,3,1
CAGTTTACCGCAAT,6,1
CAGTTTACGAGGAC,17,1
CAGTTTACGAGGAC,26,1
CAGTTTACTTACCT,1,1
CAGTTTACTTACCT,28,1
CATAAAACAGAGAT,25,1
CATAAAACAGAGAT,32,1
CATAAAACCTTACT,16,1
CATAAAACCTTACT,8,1
CATAAATGACACGT,24,1
CATAAATGACACGT,33,1
CATAAATGATCGGT,17,1
CATAAATGATCGGT,25,1
CATAAATGTCACCC,2,1
CATAAATGTCACCC,23,1
CATAAATGTCACCC,29,1
CATAAATGTGCTAG,28,1
CATAAATGTGCTAG,31,1
CATACTACCTTGAG,25,1
CATACTACCTTGAG,35,1
CATACTACTCAGAC,28,1
CATACTACTCAGAC,37,1
CATACTACTGTTCT,10,1
CATACTACTGTTCT,18,1
CATACTACTGTTCT,2,1
CATACTTGATTCTC,17,1
CATACTTGATTCTC,24,1
CATACTTGGGAGGT,27,1
CATACTTGGGAGGT,29,1
CATACTTGTGCAAC,12,1
CATACTTGTGCAAC,26,1
CATACTTGTGCTCC,27,1
CATACTTGTGCTCC,31,1
CATAGTCTAAAACG,29,1
CATAGTCTAAAACG,32,1
CATAGTCTTGACTG,36,1
CATAGTCTTGACTG,7,1
CATAGTCTTGAGCT,24,1
CATAGTCTTGAGCT,8,1
CATATAGAATGTCG,31,1
CATATAGAATGTCG,32,1
CATATAGACACAAC,28,1
CATATAGACACAAC,33,1
CATATAGAGACACT,31,1
CATATAGAGACACT,37,1
CATATAGAGTCTTT,34,1
CATATAGAGTCTTT,9,1
CATATAGATATCTC,27,1
CATATAGATATCTC,35,1
CATATAGATTCGTT,24,1
CATATAGATTCGTT,27,1
CATCAACTCGTCTC,16,1
CATCAACTCGTCTC,32,1
CATCAACTGGTGTT,25,1
CATCAACTGGTGTT,30,1
CATCAACTGTGTTG,26,1
CATCAACTGTGTTG,30,1
CATCATACTCCCGT,29,1
CATCATACTCCCGT,30,1
CATCATACTGCTCC,25,1
CATCATACTGCTCC,8,1
CATCATACTGCTTT,30,1
CATCATACTGCTTT,31,1
CATCATACTGTGCA,27,1
CATCATACTGTGCA,29,1
CATCCCGAACTAGC,18,1
CATCCCGAACTAGC,30,1
CATCCCGAATGCCA,15,1
CATCCCGAATGCCA,17,1
CATCCCGACCCTAC,10,1
CATCCCGACCCTAC,26,1
CATCCCGATCAGGT,27,1
CATCCCGATCAGGT,37,1
CATCGCTGAGACTC,12,1
CATCGCTGAGACTC,26,1
CATCGCTGCCAGTA,15,1
CATCGCTGCCAGTA,37,1
CATCGCTGTATCTC,28,1
CATCGCTGTATCTC,35,1
CATCGCTGTGGCAT,19,1
CATCGCTGTGGCAT,24,1
CATCGGCTCCAATG,24,1
CATCGGCTCCAATG,30,1
CATCGGCTGCAAGG,25,1
CATCGGCTGCAAGG,37,1
CATCGGCTTCGTTT,19,1
CATCGGCTTCGTTT,24,1
CATCGGCTTGCCAA,13,1
CATCGGCTTGCCAA,19,1
CATCTCCTACCAAC,31,1
CATCTCCTACCAAC,33,1
CATCTCCTTTGTCT,13,1
CATCTCCTTTGTCT,29,1
CATCTTGAATCGAC,24,1
CATCTTGAATCGAC,27,1
CATCTTGACGACTA,12,1
CATCTTGACGACTA,29,1
CATGAGACACAGCT,12,1
CATGAGACACAGCT,32,1
CATGAGACTTGCTT,29,1
CATGAGACTTGCTT,32,1
CATGCCACTTGTCT,32,1
CATGCCACTTGTCT,36,1
CATGCCACTTTGGG,28,1
CATGCCACTTTGGG,7,1
CATGCGCTGGTGAG,17,1
CATGCGCTGGTGAG,6,1
CATGCGCTTCTGGA,18,1
CATGCGCTTCTGGA,27,1
CATGGATGCACTAG,25,1
CATGGATGCACTAG,36,1
CATGGATGCATTGG,12,1
CATGGATGCATTGG,35,1
CATGGATGGTTTCT,24,1
CATGGATGGTTTCT,34,1
CATGGATGTAAGGA,25,1
CATGGATGTAAGGA,29,1
CATGGATGTCGATG,26,1
CATGGATGTCGATG,28,1
CATGGATGTTTCGT,25,1
CATGGATGTTTCGT,3,1
CATGGCCTAAAACG,27,1
CATGGCCTAAAACG,7,1
CATGGCCTACCAGT,12,1
CATGGCCTACCAGT,13,1
CATGGCCTCTGTCC,23,1
CATGGCCTCTGTCC,8,1
CATGGCCTGACAGG,12,1
CATGGCCTGACAGG,26,1
CATGGCCTTAGAAG,19,1
CATGGCCTTAGAAG,7,1
CATGGCCTTGTCGA,12,1
CATGGCCTTGTCGA,29,1
CATGGCCTTTCTGT,15,1
CATGGCCTTTCTGT,26,1
CATGTACTCCTAAG,17,1
CATGTACTCCTAAG,18,1
CATGTACTGAACCT,34,1
CATGTACTGAACCT,9,1
CATGTACTGCGTAT,29,1
CATGTACTGCGTAT,36,1
CATGTACTGGTAGG,1,1
CATGTACTGGTAGG,25,1
CATGTACTGTTGTG,27,1
CATGTACTGTTGTG,36,1
CATGTACTTACTTC,17,1
CATGTACTTACTTC,19,1
CATGTTACATCGGT,24,1
CATGTTACATCGGT,8,1
CATGTTACTGTCTT,12,1
CATGTTACTGTCTT,25,1
CATGTTTGATTGGC,12,1
CATGTTTGATTGGC,19,1
CATGTTTGCATTCT,27,1
CATGTTTGCATTCT,36,1
CATGTTTGCCTTGC,18,1
CATGTTTGCCTTGC,27,1
CATGTTTGCTGTAG,28,1
CATGTTTGCTGTAG,34,1
CATTACACACACGT,29,1
CATTACACACACGT,9,1
CATTACACCGTACA,30,1
CATTACACCGTACA,36,1
CATTACACCTGGAT,34,1
CATTACACCTGGAT,36,1
CATTACACCTTGTT,26,1
CATTACACCTTGTT,32,1
CATTACACTATTCC,28,1
CATTACACTATTCC,32,1
CATTAGCTAAGATG,29,1
CATTAGCTAAGATG,8,1
CATTAGCTAGCAAA,33,1
CATTAGCTAGCAAA,35,1
CATTAGCTATCGTG,33,1
CATTAGCTATCGTG,37,1
CATTAGCTCTGTTT,19,1
CATTAGCTCTGTTT,8,1
CATTAGCTTTTCAC,24,1
CATTAGCTTTTCAC,34,1
CATTCCCTAGCATC,18,1
CATTCCCTAGCATC,19,1
CATTCCCTATGTGC,18,1
CATTCCCTATGTGC,28,1
CATTCCCTGTCACA,16,1
CATTCCCTGTCACA,31,1
CATTGACTAGTCTG,13,1
CATTGACTAGTCTG,37,1
CATTGACTCTGTCC,13,1
CATTGACTCTGTCC,24,1
CATTGACTGTTCAG,17,1
CATTGACTGTTCAG,37,1
CATTGGGAGTTTCT,24,1
CATTGGGAGTTTCT,7,1
CATTGGGATACAGC,16,1
CATTGGGATACAGC,24,1
CATTGTACACCTCC,18,1
CATTGTACACCTCC,25,1
CATTGTACACGGTT,20,1
CATTGTACACGGTT,25,1
CATTGTACCGCCTT,17,1
CATTGTACCGCCTT,33,1
CATTGTACCGTACA,25,1
CATTGTACCGTACA,28,1
CATTGTACCTACCC,27,1
CATTGTACCTACCC,36,1
CATTGTTGAAGTAG,16,1
CATTGTTGAAGTAG,29,1
CATTGTTGCCCGTT,10,1
CATTGTTGCCCGTT,33,1
CATTGTTGGAGACG,13,1
CATTGTTGGAGACG,19,1
CATTTCGACCCTAC,28,1
CATTTCGACCCTAC,37,1
CATTTCGATTCACT,10,1
CATTTCGATTCACT,25,1
CATTTGACCAGAAA,18,1
CATTTGACCAGAAA,19,1
CATTTGACTCCTAT,24,1
CATTTGACTCCTAT,35,1
CATTTGACTTCTTG,16,1
CATTTGACTTCTTG,19,1
CATTTGTGTTGACG,37,1
CATTTGTGTTGACG,7,1
CCAAAGTGATCAGC,24,1
CCAAAGTGATCAGC,26,1
CCAAAGTGATGTGC,13,1
CCAAAGTGATGTGC,34,1
CCAACCTGTATGCG,13,1
CCAACCTGTATGCG,24,1
CCAACCTGTCCAAG,24,1
CCAACCTGTCCAAG,27,1
CCAACCTGTGATGC,17,1
CCAACCTGTGATGC,25,1
CCAACCTGTTCGGA,24,1
CCAACCTGTTCGGA,29,1
CCAAGATGAAAGCA,13,1
CCAAGATGAAAGCA,36,1
CCAAGATGCAGGAG,12,1
CCAAGATGCAGGAG,27,1
CCAAGATGCCCGTT,19,1
CCAAGATGCCCGTT,27,1
CCAAGATGGGAAGC,12,1
CCAAGATGGGAAGC,28,1
CCAAGATGGGATTC,34,1
CCAAGATGGGATTC,8,1
CCAAGATGTAGCCA,19,1
CCAAGATGTAGCCA,33,1
CCAAGATGTCTATC,13,1
CCAAGATGTCTATC,27,1
CCAAGATGTGACTG,14,1
CCAAGATGTGACTG,35,1
CCAAGATGTGCCTC,26,1
CCAAGATGTGCCTC,31,1
CCAAGTGAACCGAT,32,1
CCAAGTGAACCGAT,6,1
CCAAGTGAGACTAC,13,1
CCAAGTGAGACTAC,18,1
CCAAGTGATGGAGG,27,1
CCAAGTGATGGAGG,35,1
CCAATGGACTCGCT,20,1
CCAATGGACTCGCT,27,1
CCAATGGAGGTATC,12,1
CCAATGGAGGTATC,25,1
CCAATTTGGACACT,17,1
CCAATTTGGACACT,19,1
CCAATTTGGTTCTT,12,1
CCAATTTGGTTCTT,8,1
CCAATTTGTCTAGG,34,1
CCAATTTGTCTAGG,35,1
CCACCATGAAGCAA,12,1
CCACCATGAAGCAA,34,1
CCACCATGAGCACT,28,1
CCACCATGAGCACT,30,1
CCACCATGCCTGTC,29,1
CCACCATGCCTGTC,35,1
CCACCATGGGTTCA,33,1
CCACCATGGGTTCA,36,1
CCACCATGGTATGC,28,1
CCACCATGGTATGC,31,1
CCACCATGTTGAGC,27,1
CCACCATGTTGAGC,8,1
CCACCTGAGCCCTT,13,1
CCACCTGAGCCCTT,14,1
CCACCTGAGTTGTG,12,1
CCACCTGAGTTGTG,24,1
CCACCTGATCTTAC,10,1
CCACCTGATCTTAC,37,1
CCACCTGATTCTTG,19,1
CCACCTGATTCTTG,28,1
CCACGGGAAAAAGC,25,1
CCACGGGAAAAAGC,29,1
CCACGGGAGGTGAG,13,1
CCACGGGAGGTGAG,26,1
CCACGGGATCCTTA,27,1
CCACGGGATCCTTA,34,1
CCACTGACACGGAG,32,1
CCACTGACACGGAG,35,1
CCACTGACCTATGG,25,1
CCACTGACCTATGG,26,1
CCACTGTGATCACG,17,1
CCACTGTGATCACG,36,1
CCACTGTGCACCAA,25,1
CCACTGTGCACCAA,30,1
CCACTGTGGCAAGG,24,1
CCACTGTGGCAAGG,26,1
CCACTGTGGCTACA,16,1
CCACTGTGGCTACA,27,1
CCACTTCTCGGAGA,19,1
CCACTTCTCGGAGA,35,1
CCACTTCTGTGTCA,13,1
CCACTTCTGTGTCA,25,1
CCAGAAACAAGAGT,13,1
CCAGAAACAAGAGT,36,1
CCAGAAACGAGATA,24,1
CCAGAAACGAGATA,29,1
CCAGAAACGTTCAG,31,1
CCAGAAACGTTCAG,36,1
CCAGACCTCTCAAG,20,1
CCAGACCTCTCAAG,26,1
CCAGATGACAAGCT,25,1
CCAGATGACAAGCT,29,1
CCAGATGACCACCT,16,1
CCAGATGACCACCT,37,1
CCAGATGAGAGCTT,13,1
CCAGATGAGAGCTT,26,1
CCAGATGAGCCCTT,32,1
CCAGATGAGCCCTT,35,1
CCAGCACTCTTACT,24,1
CCAGCACTCTTACT,27,1
CCAGCGGAAAACGA,15,1
CCAGCGGAAAACGA,24,1
CCAGCGGAACCTCC,23,1
CCAGCGGAACCTCC,24,1
CCAGCGGAACTCAG,13,1
CCAGCGGAACTCAG,18,1
CCAGCGGAACTCAG,6,1
CCAGCGGAAGAAGT,24,1
CCAGCGGAAGAAGT,36,1
CCAGCGGATTCACT,26,1
CCAGCGGATTCACT,29,1
CCAGCGGATTTCGT,17,1
CCAGCGGATTTCGT,8,1
CCAGCTACAGCACT,25,1
CCAGCTACAGCACT,33,1
CCAGCTACCTATTC,12,1
CCAGCTACCTATTC,26,1
CCAGCTACGGAAGC,16,1
CCAGCTACGGAAGC,24,1
CCAGCTACGTATCG,35,1
CCAGCTACGTATCG,37,1
CCAGCTACTACTGG,19,1
CCAGCTACTACTGG,25,1
CCAGGTCTAGATCC,12,1
CCAGGTCTAGATCC,28,1
CCAGGTCTCTATTC,15,1
CCAGGTCTCTATTC,16,1
CCAGGTCTGTTTGG,17,1
CCAGGTCTGTTTGG,36,1
CCAGTCACACACAC,13,1
CCAGTCACACACAC,25,1
CCAGTCACCTCCCA,19,1
CCAGTCACCTCCCA,35,1
CCAGTCACGGACGA,25,1
CCAGTCACGGACGA,36,1
CCAGTCACTCGTGA,20,1
CCAGTCACTCGTGA,27,1
CCAGTCTGGCTAAC,16,1
CCAGTCTGGCTAAC,24,1
CCAGTGCTACGTAC,25,1
CCAGTGCTACGTAC,34,1
CCAGTGCTGGACAG,29,1
CCAGTGCTGGACAG,31,1
CCAGTGCTGGCATT,19,1
CCAGTGCTGGCATT,23,1
CCAGTGCTTTCATC,25,1
CCAGTGCTTTCATC,28,1
CCATAGGAAACAGA,30,1
CCATAGGAAACAGA,7,1
CCATAGGACAACCA,18,1
CCATAGGACAACCA,19,1
CCATAGGAGGTGAG,30,1
CCATAGGAGGTGAG,37,1
CCATATACCAGTCA,13,1
CCATATACCAGTCA,34,1
CCATCCGAGTATGC,27,1
CCATCCGAGTATGC,32,1
CCATCCGAGTGTTG,28,1
CCATCCGAGTGTTG,33,1
CCATCGTGTCTCCG,12,1
CCATCGTGTCTCCG,16,1
CCATCGTGTGCTCC,19,1
CCATCGTGTGCTCC,26,1
CCATGCTGATCTCT,33,1
CCATGCTGATCTCT,37,1
CCATGCTGCGGGAA,32,1
CCATGCTGCGGGAA,5,1
CCATGCTGCGTAGT,30,1
CCATGCTGCGTAGT,31,1
CCATGCTGGAGCTT,10,1
CCATGCTGGAGCTT,26,1
CCATGCTGGGAACG,27,1
CCATGCTGGGAACG,32,1
CCATGCTGGGCATT,16,1
CCATGCTGGGCATT,24,1
CCATGCTGTGTGAC,13,1
CCATGCTGTGTGAC,35,1
CCATGCTGTTAGGC,24,1
CCATGCTGTTAGGC,35,1
CCCAAAGAGTTGAC,27,1
CCCAAAGAGTTGAC,37,1
CCCAAAGATGCTTT,25,1
CCCAAAGATGCTTT,7,1
CCCAACACAAGCCT,30,1
CCCAACACAAGCCT,36,1
CCCAACACACTCAG,26,1
CCCAACACACTCAG,8,1
CCCAACACGCGTAT,19,1
CCCAACACGCGTAT,32,1
CCCAACACTCTTCA,17,1
CCCAACACTCTTCA,23,1
CCCAACTGAACGGG,19,1
CCCAACTGAACGGG,28,1
CCCAACTGACAGTC,25,1
CCCAACTGACAGTC,37,1
CCCAACTGCATGCA,26,1
CCCAACTGCATGCA,27,1
CCCAACTGCCATGA,13,1
CCCAACTGCCATGA,30,1
CCCAACTGTACTCT,24,1
CCCAACTGTACTCT,25,1
CCCAACTGTGCCAA,19,1
CCCAACTGTGCCAA,29,1
CCCAACTGTTGGCA,28,1
CCCAACTGTTGGCA,35,1
CCCACATGACCTGA,23,1
CCCACATGACCTGA,32,1
CCCACATGCAGGAG,10,1
CCCACATGCAGGAG,32,1
CCCACATGGCGTTA,17,1
CCCACATGGCGTTA,30,1
CCCACATGTCCAGA,32,1
CCCACATGTCCAGA,33,1
CCCAGACTAGAACA,16,1
CCCAGACTAGAACA,32,1
CCCAGTTGACCTGA,17,1
CCCAGTTGACCTGA,34,1
CCCAGTTGCCTTCG,28,1
CCCAGTTGCCTTCG,31,1
CCCAGTTGGAATCC,16,1
CCCAGTTGGAATCC,2,1
CCCAGTTGTACGCA,23,1
CCCAGTTGTACGCA,29,1
CCCAGTTGTACGCA,32,1
CCCAGTTGTCACCC,13,1
CCCAGTTGTCACCC,24,1
CCCAGTTGTGCTGA,26,1
CCCAGTTGTGCTGA,27,1
CCCATCGAAACCGT,19,1
CCCATCGAAACCGT,33,1
CCCATCGATCCGTC,18,1
CCCATCGATCCGTC,37,1
CCCATGTGACGGTT,25,1
CCCATGTGACGGTT,26,1
CCCATGTGCGTGAT,29,1
CCCATGTGCGTGAT,7,1
CCCATGTGGATACC,12,1
CCCATGTGGATACC,24,1
CCCATGTGTGAGAA,20,1
CCCATGTGTGAGAA,29,1
CCCATGTGTGGGAG,25,1
CCCATGTGTGGGAG,29,1
CCCGAACTCAGAGG,12,1
CCCGAACTCAGAGG,29,1
CCCGAACTCTACCC,32,1
CCCGAACTCTACCC,36,1
CCCGAACTCTATTC,33,1
CCCGAACTCTATTC,35,1
CCCGAACTGATAGA,16,1
CCCGAACTGATAGA,36,1
CCCGAACTGCAAGG,18,1
CCCGAACTGCAAGG,19,1
CCCGAACTTCTCAT,25,1
CCCGAACTTCTCAT,36,1
CCCGATTGCCCAAA,16,1
CCCGATTGCCCAAA,27,1
CCCGATTGGGAGGT,13,1
CCCGATTGGGAGGT,19,1
CCCGATTGGGAGGT,23,1
CCCGATTGGTACCA,20,1
CCCGATTGGTACCA,37,1
CCCGGAGAGCCATA,17,1
CCCGGAGAGCCATA,19,1
CCCGGAGAGCTCCT,23,1
CCCGGAGAGCTCCT,29,1
CCCGGAGATCTTCA,27,1
CCCGGAGATCTTCA,34,1
CCCTACGACTACTT,34,1
CCCTACGACTACTT,9,1
CCCTACGAGGTACT,18,1
CCCTACGAGGTACT,34,1
CCCTACGATCTAGG,19,1
CCCTACGATCTAGG,28,1
CCCTACGATGCTTT,16,1
CCCTACGATGCTTT,35,1
CCCTAGTGCCTCCA,24,1
CCCTAGTGCCTCCA,34,1
CCCTAGTGGAAAGT,25,1
CCCTAGTGGAAAGT,28,1
CCCTAGTGGCGAGA,26,1
CCCTAGTGGCGAGA,29,1
CCCTCAGAAAAAGC,24,1
CCCTCAGAAAAAGC,35,1
CCCTCAGAAGTGCT,30,1
CCCTCAGAAGTGCT,6,1
CCCTCAGACTGTAG,16,1
CCCTCAGACTGTAG,34,1
CCCTCAGACTGTCC,19,1
CCCTCAGACTGTCC,36,1
CCCTCAGATGCCTC,28,1
CCCTCAGATGCCTC,33,1
CCCTCAGATTACTC,17,1
CCCTCAGATTACTC,8,1
CCCTGAACAAAGTG,33,1
CCCTGAACAAAGTG,7,1
CCCTGAACAAGGTA,26,1
CCCTGAACAAGGTA,37,1
CCCTGATGTCGCAA,16,1
CCCTGATGTCGCAA,9,1
CCCTTACTCTCCAC,12,1
CCCTTACTCTCCAC,30,1
CCCTTACTTTGACG,37,1
CCCTTACTTTGACG,7,1
CCGAAAACGTGTCA,15,1
CCGAAAACGTGTCA,34,1
CCGAAAACTCCTGC,24,1
CCGAAAACTCCTGC,26,1
CCGACACTGTACCA,19,1
CCGACACTGTACCA,31,1
CCGACTACAGCATC,17,1
CCGACTACAGCATC,27,1
CCGACTACGCGAGA,13,1
CCGACTACGCGAGA,8,1
CCGACTACGGTAAA,19,1
CCGACTACGGTAAA,26,1
CCGATAGAAGCCAT,17,1
CCGATAGAAGCCAT,31,1
CCGATAGACAAAGA,26,1
CCGATAGACAAAGA,32,1
CCGATAGACAGTCA,14,1
CCGATAGACAGTCA,30,1
CCGATAGAGATGAA,18,1
CCGATAGAGATGAA,35,1
CCGATAGAGCTGAT,25,1
CCGATAGAGCTGAT,29,1
CCGCGAGAAGACTC,25,1
CCGCGAGAAGACTC,32,1
CCGCGAGACCTACC,26,1
CCGCGAGACCTACC,31,1
CCGCGAGATTTCGT,19,1
CCGCGAGATTTCGT,26,1
CCGCTATGCACACA,32,1
CCGCTATGCACACA,5,1
CCGCTATGGTAAAG,25,1
CCGCTATGGTAAAG,29,1
CCGCTATGTGACTG,16,1
CCGCTATGTGACTG,34,1
CCGCTATGTTCACT,25,1
CCGCTATGTTCACT,29,1
CCGGAGACGAGGGT,26,1
CCGGAGACGAGGGT,36,1
CCGGAGACGGCGAA,27,1
CCGGAGACGGCGAA,9,1
CCGGAGACGTCAAC,10,1
CCGGAGACGTCAAC,37,1
CCGGAGACTCTCCG,24,1
CCGGAGACTCTCCG,34,1
CCGGAGTGAACTGC,24,1
CCGGAGTGAACTGC,32,1
CCGGAGTGCATGCA,36,1
CCGGAGTGCATGCA,5,1
CCGGAGTGGCAAGG,14,1
CCGGAGTGGCAAGG,18,1
CCGGAGTGTGGTAC,17,1
CCGGAGTGTGGTAC,23,1
CCGGAGTGTGGTAC,37,1
CCGGTACTAGAGAT,24,1
CCGGTACTAGAGAT,34,1
CCGGTACTCCGCTT,25,1
CCGGTACTCCGCTT,30,1
CCGGTACTCCGCTT,36,1
CCGTAAGAACACCA,17,1
CCGTAAGAACACCA,23,1
CCGTAAGAGAGATA,27,1
CCGTAAGAGAGATA,8,1
CCGTAAGAGGTACT,13,1
CCGTAAGAGGTACT,17,1
CCGTAAGAGTGTAC,34,1
CCGTAAGAGTGTAC,9,1
CCGTACACAGGCGA,10,1
CCGTACACAGGCGA,18,1
CCGTACACGAAGGC,12,1
CCGTACACGAAGGC,36,1
CCGTACACGAAGGC,5,1
CCGTACACGTTGAC,17,1
CCGTACACGTTGAC,9,1
CCTAAACTATGGTC,12,1
CCTAAACTATGGTC,37,1
CCTAAACTCTGGTA,16,1
CCTAAACTCTGGTA,20,1
CCTAAACTTAAAGG,24,1
CCTAAACTTAAAGG,37,1
CCTAAACTTACGAC,29,1
CCTAAACTTACGAC,31,1
CCTAAGGAGACGTT,24,1
CCTAAGGAGACGTT,36,1
CCTACCGAGACGAG,25,1
CCTACCGAGACGAG,29,1
CCTACCGAGAGGGT,27,1
CCTACCGAGAGGGT,29,1
CCTACCGATCTCCG,27,1
CCTACCGATCTCCG,34,1
CCTACCGATGCAAC,25,1
CCTACCGATGCAAC,27,1
CCTAGAGAAATCGC,26,1
CCTAGAGAAATCGC,4,1
CCTAGAGAAGGTTC,10,1
CCTAGAGAAGGTTC,29,1
CCTAGAGACTTACT,13,1
CCTAGAGACTTACT,2,1
CCTAGAGAGTGTAC,17,1
CCTAGAGAGTGTAC,18,1
CCTAGAGATTTGCT,16,1
CCTAGAGATTTGCT,29,1
CCTATAACAACGGG,12,1
CCTATAACAACGGG,17,1
CCTATAACATCGAC,17,1
CCTATAACATCGAC,9,1
CCTATAACCCACAA,13,1
CCTATAACCCACAA,24,1
CCTATAACGGAAGC,24,1
CCTATAACGGAAGC,28,1
CCTATAACGTGTAC,33,1
CCTATAACGTGTAC,36,1
CCTATAACTGCACA,18,1
CCTATAACTGCACA,7,1
CCTATAACTGTAGC,28,1
CCTATAACTGTAGC,35,1
CCTATTGACGATAC,29,1
CCTATTGACGATAC,3,1
CCTATTGAGGAACG,28,1
CCTATTGAGGAACG,29,1
CCTATTGATCCAGA,24,1
CCTATTGATCCAGA,33,1
CCTCATCTCCGTAA,19,1
CCTCATCTCCGTAA,35,1
CCTCATCTTCCTGC,19,1
CCTCATCTTCCTGC,32,1
CCTCATCTTGGTAC,12,1
CCTCATCTTGGTAC,25,1
CCTCATCTTTCTTG,29,1
CCTCATCTTTCTTG,33,1
CCTCGAACACACCA,13,1
CCTCGAACACACCA,34,1
CCTCGAACACGTAC,37,1
CCTCGAACACGTAC,6,1
CCTCGAACAGAACA,19,1
CCTCGAACAGAACA,30,1
CCTCGAACCACTAG,18,1
CCTCGAACCACTAG,27,1
CCTCGAACTGAGGG,19,1
CCTCGAACTGAGGG,28,1
CCTCTACTGAATAG,12,1
CCTCTACTGAATAG,34,1
CCTCTACTTGCAGT,18,1
CCTCTACTTGCAGT,25,1
CCTGACTGAGGAGC,24,1
CCTGACTGAGGAGC,33,1
CCTGAGCTAACAGA,12,1
CCTGAGCTAACAGA,2,1
CCTGAGCTCTCTCG,12,1
CCTGAGCTCTCTCG,7,1
CCTGAGCTGAACCT,32,1
CCTGAGCTGAACCT,5,1
CCTGAGCTGGACGA,27,1
CCTGAGCTGGACGA,35,1
CCTGCAACTGGCAT,12,1
CCTGCAACTGGCAT,28,1
CCTGCAACTTGCTT,35,1
CCTGCAACTTGCTT,36,1
CCTGGACTAATCGC,16,1
CCTGGACTAATCGC,17,1
CCTGGACTTTTACC,12,1
CCTGGACTTTTACC,27,1
CCTTAATGTAAGGA,19,1
CCTTAATGTAAGGA,25,1
CCTTAATGTGGCAT,19,1
CCTTAATGTGGCAT,23,1
CCTTCACTGCCATA,17,1
CCTTCACTGCCATA,24,1
CCTTTAGACACTAG,18,1
CCTTTAGACACTAG,6,1
CCTTTAGAGATAAG,24,1
CCTTTAGAGATAAG,8,1
CCTTTAGATAACGC,10,1
CCTTTAGATAACGC,30,1
CGAACATGACACTG,26,1
CGAACATGACACTG,30,1
CGAACATGACTACG,24,1
CGAACATGACTACG,25,1
CGAACATGAGAGAT,24,1
CGAACATGAGAGAT,25,1
CGAAGACTCACTCC,26,1
CGAAGACTCACTCC,31,1
CGAAGACTCGAGAG,16,1
CGAAGACTCGAGAG,29,1
CGAAGACTCTAGCA,27,1
CGAAGACTCTAGCA,29,1
CGAAGGGAGTACAC,25,1
CGAAGGGAGTACAC,29,1
CGAAGGGAGTCTGA,16,1
CGAAGGGAGTCTGA,29,1
CGAAGTACATCTCT,16,1
CGAAGTACATCTCT,6,1
CGAAGTACTGTGGT,19,1
CGAAGTACTGTGGT,9,1
CGAATCGAACTAGC,36,1
CGAATCGAACTAGC,6,1
CGAATCGAGAGGGT,20,1
CGAATCGAGAGGGT,37,1
CGACAAACAACAGA,13,1
CGACAAACAACAGA,29,1
CGACAAACAGCTAC,16,1
CGACAAACAGCTAC,35,1
CGACCACTATGCTG,35,1
CGACCACTATGCTG,36,1
CGACCACTCCCTTG,28,1
CGACCACTCCCTTG,30,1
CGACCGGAACACGT,25,1
CGACCGGAACACGT,5,1
CGACCGGAATGCTG,32,1
CGACCGGAATGCTG,36,1
CGACCGGATAGAAG,24,1
CGACCGGATAGAAG,32,1
CGACCGGATCAAGC,19,1
CGACCGGATCAAGC,37,1
CGACCTACCTCAAG,27,1
CGACCTACCTCAAG,33,1
CGACCTACCTGTGA,26,1
CGACCTACCTGTGA,35,1
CGACCTACTCGTTT,16,1
CGACCTACTCGTTT,37,1
CGACCTTGCTGCAA,14,1
CGACCTTGCTGCAA,29,1
CGACCTTGGACGGA,18,1
CGACCTTGGACGGA,27,1
CGACCTTGTACGAC,29,1
CGACCTTGTACGAC,7,1
CGACCTTGTGCAGT,19,1
CGACCTTGTGCAGT,29,1
CGACGTCTAGACTC,27,1
CGACGTCTAGACTC,32,1
CGACGTCTCCTGTC,25,1
CGACGTCTCCTGTC,26,1
CGACGTCTCGACAT,24,1
CGACGTCTCGACAT,25,1
CGACGTCTGTAAGA,29,1
CGACGTCTGTAAGA,37,1
CGACTCACAAGCCT,29,1
CGACTCACAAGCCT,34,1
CGACTCACACGTTG,29,1
CGACTCACACGTTG,8,1
CGACTCACATCGAC,15,1
CGACTCACATCGAC,31,1
CGACTCACGACGAG,10,1
CGACTCACGACGAG,34,1
CGACTCACGTGTCA,24,1
CGACTCACGTGTCA,29,1
CGACTCTGAACAGA,19,1
CGACTCTGAACAGA,25,1
CGACTCTGAAGCAA,31,1
CGACTCTGAAGCAA,34,1
CGACTCTGAGATGA,31,1
CGACTCTGAGATGA,33,1
CGACTCTGTCGCTC,13,1
CGACTCTGTCGCTC,24,1
CGACTCTGTGTCCC,19,1
CGACTCTGTGTCCC,24,1
CGACTGCTACACCA,24,1
CGACTGCTACACCA,30,1
CGACTGCTCTGAGT,17,1
CGACTGCTCTGAGT,9,1
CGACTGCTGTCAAC,14,1
CGACTGCTGTCAAC,5,1
CGACTGCTTGCAGT,26,1
CGACTGCTTGCAGT,33,1
CGACTGCTTGCAGT,37,1
CGAGAACTCCAGTA,28,1
CGAGAACTCCAGTA,30,1
CGAGAACTCTGAAC,13,1
CGAGAACTCTGAAC,24,1
CGAGAACTGGGTGA,19,1
CGAGAACTGGGTGA,26,1
CGAGATTGAACCGT,19,1
CGAGATTGAACCGT,25,1
CGAGATTGAACCGT,29,1
CGAGATTGGACGAG,16,1
CGAGATTGGACGAG,29,1
CGAGCCGACGATAC,28,1
CGAGCCGACGATAC,37,1
CGAGCCGATTCCAT,27,1
CGAGCCGATTCCAT,29,1
CGAGCGTGAAGGGC,26,1
CGAGCGTGAAGGGC,7,1
CGAGCGTGCGATAC,18,1
CGAGCGTGCGATAC,36,1
CGAGCGTGGGCATT,27,1
CGAGCGTGGGCATT,29,1
CGAGCGTGTCCCGT,1,1
CGAGCGTGTCCCGT,24,1
CGAGGAGAATGCCA,13,1
CGAGGAGAATGCCA,33,1
CGAGGAGACATTTC,13,1
CGAGGAGACATTTC,7,1
CGAGGAGACGCAAT,10,1
CGAGGAGACGCAAT,25,1
CGAGGAGACTAGTG,26,1
CGAGGAGACTAGTG,28,1
CGAGGAGAGTTCTT,16,1
CGAGGAGAGTTCTT,29,1
CGAGGAGATCATTC,19,1
CGAGGAGATCATTC,25,1
CGAGGAGATCATTC,6,1
CGAGGCACAGTGCT,26,1
CGAGGCACAGTGCT,35,1
CGAGGCACATAAGG,12,1
CGAGGCACATAAGG,25,1
CGAGGCACCTTCGC,29,1
CGAGGCACCTTCGC,30,1
CGAGGCACGGGTGA,17,1
CGAGGCACGGGTGA,34,1
CGAGGCTGAGCGGA,27,1
CGAGGCTGAGCGGA,9,1
CGAGGCTGATCGAC,28,1
CGAGGCTGATCGAC,29,1
CGAGGCTGCGATAC,25,1
CGAGGCTGCGATAC,36,1
CGAGGCTGGATGAA,24,1
CGAGGCTGGATGAA,36,1
CGAGGCTGGCGTAT,27,1
CGAGGCTGGCGTAT,35,1
CGAGGCTGGGCAAG,29,1
CGAGGCTGGGCAAG,37,1
CGAGTATGACCATG,12,1
CGAGTATGACCATG,28,1
CGAGTATGAGCACT,12,1
CGAGTATGAGCACT,28,1
CGAGTATGAGCACT,30,1
CGAGTATGAGCGGA,32,1
CGAGTATGAGCGGA,35,1
CGAGTATGCTGTGA,29,1
CGAGTATGCTGTGA,6,1
CGATACGACAGTTG,13,1
CGATACGACAGTTG,32,1
CGATACGACTCCAC,27,1
CGATACGACTCCAC,35,1
CGATACGAGCCCTT,25,1
CGATACGAGCCCTT,8,1
CGATACGATAACCG,15,1
CGATACGATAACCG,35,1
CGATACGATCGACA,26,1
CGATACGATCGACA,29,1
CGATACGATTAGGC,27,1
CGATACGATTAGGC,31,1
CGATAGACAAGCAA,32,1
CGATAGACAAGCAA,7,1
CGATAGACCGCAAT,13,1
CGATAGACCGCAAT,24,1
CGATAGACCGCAAT,35,1
CGATAGACGAGGGT,1,1
CGATAGACGAGGGT,27,1
CGATCAGAAAACGA,19,1
CGATCAGAAAACGA,32,1
CGATCCACAAGTAG,26,1
CGATCCACAAGTAG,29,1
CGATCCACCGTGAT,10,1
CGATCCACCGTGAT,17,1
CGATCCACCTAAGC,24,1
CGATCCACCTAAGC,30,1
CGATCCACGAGGCA,17,1
CGATCCACGAGGCA,28,1
CGATCCACGTCTGA,29,1
CGATCCACGTCTGA,5,1
CGATCCACTTCCAT,17,1
CGATCCACTTCCAT,19,1
CGCAAATGAGAAGT,29,1
CGCAAATGAGAAGT,34,1
CGCAAATGCGATAC,28,1
CGCAAATGCGATAC,29,1
CGCAAATGCTGTAG,24,1
CGCAAATGCTGTAG,33,1
CGCAAATGTGTGAC,17,1
CGCAAATGTGTGAC,24,1
CGCAACCTCGACAT,17,1
CGCAACCTCGACAT,29,1
CGCAACCTCTACCC,14,1
CGCAACCTCTACCC,25,1
CGCAACCTGGAACG,25,1
CGCAACCTGGAACG,35,1
CGCAACCTTCAGAC,19,1
CGCAACCTTCAGAC,33,1
CGCACGGAAAACGA,25,1
CGCACGGAAAACGA,27,1
CGCACGGAGGGTGA,20,1
CGCACGGAGGGTGA,32,1
CGCACGGATCGATG,27,1
CGCACGGATCGATG,29,1
CGCACGGATGCAAC,24,1
CGCACGGATGCAAC,30,1
CGCACGGATGCAAC,9,1
CGCACGGATGCTGA,25,1
CGCACGGATGCTGA,36,1
CGCACTACAAGGTA,31,1
CGCACTACAAGGTA,34,1
CGCACTACCATTTC,31,1
CGCACTACCATTTC,37,1
CGCACTTGAGGAGC,10,1
CGCACTTGAGGAGC,19,1
CGCACTTGTTGCGA,20,1
CGCACTTGTTGCGA,37,1
CGCAGGACAGGTCT,26,1
CGCAGGACAGGTCT,7,1
CGCAGGACAGTCAC,12,1
CGCAGGACAGTCAC,18,1
CGCAGGACAGTCAC,8,1
CGCAGGTGACCACA,24,1
CGCAGGTGACCACA,26,1
CGCAGGTGCCACAA,19,1
CGCAGGTGCCACAA,24,1
CGCAGGTGTCCAGA,13,1
CGCAGGTGTCCAGA,25,1
CGCAGGTGTCCGAA,12,1
CGCAGGTGTCCGAA,29,1
CGCAGGTGTGTAGC,27,1
CGCAGGTGTGTAGC,29,1
CGCATAGACTTCCG,24,1
CGCATAGACTTCCG,31,1
CGCATAGAGCGTAT,10,1
CGCATAGAGCGTAT,13,1
CGCATAGAGCGTAT,27,1
CGCATAGATTGTGG,13,1
CGCATAGATTGTGG,16,1
CGCCATACAAGAAC,15,1
CGCCATACAAGAAC,20,1
CGCCATTGCTGACA,14,1
CGCCATTGCTGACA,36,1
CGCCATTGGAACTC,12,1
CGCCATTGGAACTC,30,1
CGCCATTGGCCCTT,17,1
CGCCATTGGCCCTT,19,1
CGCCGAGACGTGAT,29,1
CGCCGAGACGTGAT,36,1
CGCCGAGACTGACA,16,1
CGCCGAGACTGACA,9,1
CGCCGAGATCACCC,17,1
CGCCGAGATCACCC,24,1
CGCCGAGATCCCAC,28,1
CGCCGAGATCCCAC,7,1
CGCCTAACCACTTT,20,1
CGCCTAACCACTTT,34,1
CGCCTAACCTACGA,25,1
CGCCTAACCTACGA,30,1
CGCCTAACCTACGA,5,1
CGCCTAACCTCTTA,24,1
CGCCTAACCTCTTA,25,1
CGCCTAACGCTTCC,28,1
CGCCTAACGCTTCC,29,1
CGCCTAACTGAGAA,12,1
CGCCTAACTGAGAA,33,1
CGCCTAACTTCCCG,28,1
CGCCTAACTTCCCG,32,1
CGCCTAACTTCGTT,17,1
CGCCTAACTTCGTT,19,1
CGCCTAACTTGACG,33,1
CGCCTAACTTGACG,8,1
CGCGAGACTCGCAA,13,1
CGCGAGACTCGCAA,14,1
CGCGGATGCAATCG,29,1
CGCGGATGCAATCG,6,1
CGCGGATGCTTTAC,34,1
CGCGGATGCTTTAC,36,1
CGCGGATGGCTCCT,29,1
CGCGGATGGCTCCT,34,1
CGCGGATGGGTACT,19,1
CGCGGATGGGTACT,37,1
CGCGGATGTTCTCA,12,1
CGCGGATGTTCTCA,37,1
CGCTAAGAACCTAG,26,1
CGCTAAGAACCTAG,36,1
CGCTAAGATTGTGG,25,1
CGCTAAGATTGTGG,29,1
CGCTAAGATTTCAC,24,1
CGCTAAGATTTCAC,36,1
CGCTACACGCGAGA,16,1
CGCTACACGCGAGA,31,1
CGCTACACGGTCAT,29,1
CGCTACACGGTCAT,37,1
CGCTACACTAAGCC,29,1
CGCTACACTAAGCC,35,1
CGCTACTGACCAAC,25,1
CGCTACTGACCAAC,28,1
CGGAATTGAGGGTG,13,1
CGGAATTGAGGGTG,18,1
CGGAATTGTAGAAG,33,1
CGGAATTGTAGAAG,36,1
CGGAATTGTAGAAG,8,1
CGGACCGAAGACTC,25,1
CGGACCGAAGACTC,33,1
CGGACCGACAGATC,16,1
CGGACCGACAGATC,25,1
CGGACCGATGGATC,26,1
CGGACCGATGGATC,35,1
CGGACTCTGAGGTG,29,1
CGGACTCTGAGGTG,34,1
CGGACTCTGGACTT,25,1
CGGACTCTGGACTT,6,1
CGGAGGCTGTGTTG,34,1
CGGAGGCTGTGTTG,36,1
CGGAGGCTTTGCGA,32,1
CGGAGGCTTTGCGA,6,1
CGGATATGACGTAC,25,1
CGGATATGACGTAC,30,1
CGGATATGCTCATT,10,1
CGGATATGCTCATT,37,1
CGGATATGTGTGCA,17,1
CGGATATGTGTGCA,25,1
CGGCACGAAGTGCT,16,1
CGGCACGAAGTGCT,23,1
CGGCACGAGGACAG,24,1
CGGCACGAGGACAG,34,1
CGGCACGATACGAC,18,1
CGGCACGATACGAC,27,1
CGGCATCTCATGCA,16,1
CGGCATCTCATGCA,7,1
CGGCATCTCTGAAC,26,1
CGGCATCTCTGAAC,33,1
CGGCATCTTAGTCG,25,1
CGGCATCTTAGTCG,35,1
CGGCCAGAATCGGT,18,1
CGGCCAGAATCGGT,9,1
CGGCCAGAATTGGC,26,1
CGGCCAGAATTGGC,6,1
CGGCCAGACAAAGA,15,1
CGGCCAGACAAAGA,17,1
CGGCCAGAGTTTCT,16,1
CGGCCAGAGTTTCT,29,1
CGGCCAGATAAGGA,13,1
CGGCCAGATAAGGA,17,1
CGGCCAGATTCAGG,8,1
CGGCCAGATTCAGG,9,1
CGGCGAACCTAGAC,12,1
CGGCGAACCTAGAC,27,1
CGGCGAACCTCCAC,29,1
CGGCGAACCTCCAC,6,1
CGGCGAACGAAGGC,29,1
CGGCGAACGAAGGC,7,1
CGGCGAACGTAGGG,35,1
CGGCGAACGTAGGG,7,1
CGGCGATGCTTAGG,24,1
CGGCGATGCTTAGG,36,1
CGGGACTGATGCCA,16,1
CGGGACTGATGCCA,26,1
CGGGACTGCAGGAG,34,1
CGGGACTGCAGGAG,37,1
CGGGACTGCGAGTT,29,1
CGGGACTGCGAGTT,35,1
CGGGACTGGGGCAA,18,1
CGGGACTGGGGCAA,26,1
CGGGCATGTGCAGT,29,1
CGGGCATGTGCAGT,34,1
CGGTAAACACTAGC,34,1
CGGTAAACACTAGC,37,1
CGGTAAACGGACGA,15,1
CGGTAAACGGACGA,16,1
CGGTAAACGGCGAA,14,1
CGGTAAACGGCGAA,9,1
CGGTAAACGTATGC,17,1
CGGTAAACGTATGC,26,1
CGGTAAACTGCAGT,17,1
CGGTAAACTGCAGT,29,1
CGGTCACTTTCTGT,18,1
CGGTCACTTTCTGT,34,1
CGTAACGAGCTACA,25,1
CGTAACGAGCTACA,26,1
CGTAACGAGGTAAA,16,1
CGTAACGAGGTAAA,5,1
CGTAACGATGTGAC,12,1
CGTAACGATGTGAC,14,1
CGTAACGATTCTGT,13,1
CGTAACGATTCTGT,27,1
CGTAACGATTTCTG,33,1
CGTAACGATTTCTG,9,1
CGTACAGATAGCCA,10,1
CGTACAGATAGCCA,16,1
CGTACCACAGACTC,19,1
CGTACCACAGACTC,36,1
CGTACCACCCTTGC,16,1
CGTACCACCCTTGC,5,1
CGTACCTGCCACCT,19,1
CGTACCTGCCACCT,27,1
CGTACCTGGTCGAT,26,1
CGTACCTGGTCGAT,29,1
CGTACCTGTTCAGG,13,1
CGTACCTGTTCAGG,26,1
CGTAGCCTAGTCGT,12,1
CGTAGCCTAGTCGT,17,1
CGTAGCCTATGTCG,12,1
CGTAGCCTATGTCG,27,1
CGTAGCCTCACCAA,13,1
CGTAGCCTCACCAA,20,1
CGTAGCCTCTGGTA,17,1
CGTAGCCTCTGGTA,20,1
CGTCAAGATCTCAT,13,1
CGTCAAGATCTCAT,33,1
CGTCCAACCGTCTC,16,1
CGTCCAACCGTCTC,19,1
CGTCCAACTCCGTC,14,1
CGTCCAACTCCGTC,28,1
CGTCCAACTTTCAC,13,1
CGTCCAACTTTCAC,24,1
CGTCCAACTTTCGT,16,1
CGTCCAACTTTCGT,29,1
CGTCCATGCATGCA,36,1
CGTCCATGCATGCA,37,1
CGTCCATGCTCGCT,16,1
CGTCCATGCTCGCT,29,1
CGTCCATGTCGTAG,20,1
CGTCCATGTCGTAG,25,1
CGTCGACTAAACAG,30,1
CGTCGACTAAACAG,32,1
CGTCGACTGGGACA,12,1
CGTCGACTGGGACA,17,1
CGTGAAACAACCGT,25,1
CGTGAAACAACCGT,27,1
CGTGAAACAGCTCA,27,1
CGTGAAACAGCTCA,35,1
CGTGAAACCCGTAA,16,1
CGTGAAACCCGTAA,24,1
CGTGAAACCCGTAA,32,1
CGTGAAACCGTGTA,29,1
CGTGAAACCGTGTA,32,1
CGTGAAACTATGGC,34,1
CGTGAAACTATGGC,7,1
CGTGAAACTGTGGT,16,1
CGTGAAACTGTGGT,37,1
CGTGAAACTTGGCA,19,1
CGTGAAACTTGGCA,37,1
CGTGAATGGAGGCA,26,1
CGTGAATGGAGGCA,36,1
CGTGAATGTTTCGT,10,1
CGTGAATGTTTCGT,31,1
CGTGATGACACTGA,25,1
CGTGATGACACTGA,35,1
CGTGATGATCGCTC,18,1
CGTGATGATCGCTC,36,1
CGTGATGATGGAAA,18,1
CGTGATGATGGAAA,36,1
CGTGCACTAGGGTG,19,1
CGTGCACTAGGGTG,8,1
CGTGCACTCTTATC,28,1
CGTGCACTCTTATC,37,1
CGTGCACTGACGAG,13,1
CGTGCACTGACGAG,34,1
CGTGCACTGTCCTC,26,1
CGTGCACTGTCCTC,35,1
CGTGCACTTGACCA,28,1
CGTGCACTTGACCA,34,1
CGTGCACTTGCATG,12,1
CGTGCACTTGCATG,14,1
CGTGTAGAAACGTC,27,1
CGTGTAGAAACGTC,36,1
CGTGTAGAATGACC,25,1
CGTGTAGAATGACC,29,1
CGTGTAGAATTGGC,19,1
CGTGTAGAATTGGC,27,1
CGTGTAGACCCACT,24,1
CGTGTAGACCCACT,28,1
CGTGTAGACCTCAC,27,1
CGTGTAGACCTCAC,29,1
CGTGTAGACGAATC,23,1
CGTGTAGACGAATC,26,1
CGTGTAGATCAGGT,17,1
CGTGTAGATCAGGT,29,1
CGTGTAGATCTGGA,10,1
CGTGTAGATCTGGA,25,1
CGTGTAGATCTGGA,7,1
CGTTAACTCCAGTA,33,1
CGTTAACTCCAGTA,34,1
CGTTAACTTCAGAC,25,1
CGTTAACTTCAGAC,36,1
CGTTATACCTTGCC,17,1
CGTTATACCTTGCC,29,1
CGTTATACGAGAGC,18,1
CGTTATACGAGAGC,31,1
CGTTATACTTCCCG,16,1
CGTTATACTTCCCG,25,1
CGTTTAACCAACTG,32,1
CGTTTAACCAACTG,9,1
CGTTTAACCCTGTC,24,1
CGTTTAACCCTGTC,28,1
CGTTTAACCGTGAT,17,1
CGTTTAACCGTGAT,29,1
CGTTTAACGAAACA,13,1
CGTTTAACGAAACA,26,1
CGTTTAACGAAACA,32,1
CGTTTAACTGTTTC,18,1
CGTTTAACTGTTTC,7,1
CTAAACCTAGCGGA,26,1
CTAAACCTAGCGGA,30,1
CTAAACCTCACACA,17,1
CTAAACCTCACACA,27,1
CTAAACCTGAATGA,17,1
CTAAACCTGAATGA,28,1
CTAACACTCAGAAA,32,1
CTAACACTCAGAAA,33,1
CTAACTACCGCAAT,28,1
CTAACTACCGCAAT,33,1
CTAACTACCTGATG,18,1
CTAACTACCTGATG,34,1
CTAACTACGGACGA,19,1
CTAACTACGGACGA,27,1
CTAACTACTCGCTC,12,1
CTAACTACTCGCTC,37,1
CTAACTACTGCGTA,26,1
CTAACTACTGCGTA,32,1
CTAAGGACCGGGAA,33,1
CTAAGGACCGGGAA,35,1
CTAAGGACGTAAGA,34,1
CTAAGGACGTAAGA,7,1
CTAAGGTGACACGT,24,1
CTAAGGTGACACGT,28,1
CTAAGGTGACCTGA,26,1
CTAAGGTGACCTGA,32,1
CTAAGGTGGGCAAG,15,1
CTAAGGTGGGCAAG,35,1
CTAAGGTGTGGATC,34,1
CTAAGGTGTGGATC,37,1
CTAAGGTGTTCGTT,36,1
CTAAGGTGTTCGTT,9,1
CTAATAGAAAACGA,17,1
CTAATAGAAAACGA,29,1
CTAATAGAATGACC,13,1
CTAATAGAATGACC,29,1
CTAATAGAATTCCT,12,1
CTAATAGAATTCCT,13,1
CTAATAGACAGGAG,24,1
CTAATAGACAGGAG,37,1
CTAATAGACCGAAT,17,1
CTAATAGACCGAAT,35,1
CTAATAGACCGCTT,27,1
CTAATAGACCGCTT,29,1
CTAATAGATGCAAC,14,1
CTAATAGATGCAAC,29,1
CTAATGCTAGAAGT,20,1
CTAATGCTAGAAGT,29,1
CTAATGCTCAGTCA,26,1
CTAATGCTCAGTCA,27,1
CTAATGCTCGATAC,13,1
CTAATGCTCGATAC,27,1
CTAATGCTGTACGT,17,1
CTAATGCTGTACGT,24,1
CTAATGCTTGATGC,32,1
CTAATGCTTGATGC,4,1
CTACAACTCTTGAG,19,1
CTACAACTCTTGAG,29,1
CTACAACTGCTACA,29,1
CTACAACTGCTACA,33,1
CTACCTCTACACCA,17,1
CTACCTCTACACCA,36,1
CTACCTCTCATTGG,12,1
CTACCTCTCATTGG,29,1
CTACCTCTGAGAGC,13,1
CTACCTCTGAGAGC,34,1
CTACCTCTTCGATG,25,1
CTACCTCTTCGATG,37,1
CTACGCACACCAAC,27,1
CTACGCACACCAAC,37,1
CTACTCCTATAAGG,33,1
CTACTCCTATAAGG,36,1
CTACTCCTGAGGTG,12,1
CTACTCCTGAGGTG,30,1
CTACTCCTTACTCT,26,1
CTACTCCTTACTCT,31,1
CTACTCCTTCCTAT,25,1
CTACTCCTTCCTAT,29,1
CTAGAGACAAAACG,17,1
CTAGAGACAAAACG,8,1
CTAGAGACCCTGAA,12,1
CTAGAGACCCTGAA,14,1
CTAGAGACCTCAAG,5,1
CTAGAGACCTCAAG,7,1
CTAGAGACGGTCAT,28,1
CTAGAGACGGTCAT,32,1
CTAGAGACGGTCAT,37,1
CTAGAGACTCGCAA,24,1
CTAGAGACTCGCAA,32,1
CTAGAGACTGAGGG,12,1
CTAGAGACTGAGGG,18,1
CTAGAGACTTCGTT,16,1
CTAGAGACTTCGTT,25,1
CTAGATCTCACTCC,12,1
CTAGATCTCACTCC,35,1
CTAGATCTGATACC,13,1
CTAGATCTGATACC,37,1
CTAGATCTGGTTAC,31,1
CTAGATCTGGTTAC,33,1
CTAGGATGAGAGGC,19,1
CTAGGATGAGAGGC,26,1
CTAGGATGCCTCAC,18,1
CTAGGATGCCTCAC,5,1
CTAGGCCTCCTGAA,10,1
CTAGGCCTCCTGAA,26,1
CTAGGTGAAGATGA,17,1
CTAGGTGAAGATGA,8,1
CTAGGTGAGACGAG,13,1
CTAGGTGAGACGAG,19,1
CTAGGTGAGTGCTA,13,1
CTAGGTGAGTGCTA,16,1
CTAGGTGATAGAGA,33,1
CTAGGTGATAGAGA,37,1
CTAGGTGATCATTC,32,1
CTAGGTGATCATTC,36,1
CTAGTTTGATAAGG,12,1
CTAGTTTGATAAGG,25,1
CTAGTTTGCTAGAC,27,1
CTAGTTTGCTAGAC,36,1
CTAGTTTGCTCCCA,12,1
CTAGTTTGCTCCCA,27,1
CTAGTTTGGTCATG,14,1
CTAGTTTGGTCATG,36,1
CTAGTTTGTAGCGT,25,1
CTAGTTTGTAGCGT,29,1
CTATAAGACAACCA,27,1
CTATAAGACAACCA,30,1
CTATAAGACAACCA,6,1
CTATAAGAGTGAGG,12,1
CTATAAGAGTGAGG,30,1
CTATAAGATACGCA,37,1
CTATAAGATACGCA,9,1
CTATAAGATTCTGT,30,1
CTATAAGATTCTGT,37,1
CTATACTGGAGCTT,13,1
CTATACTGGAGCTT,32,1
CTATACTGGTTTCT,27,1
CTATACTGGTTTCT,32,1
CTATAGCTATCGGT,24,1
CTATAGCTATCGGT,28,1
CTATAGCTCATACG,29,1
CTATAGCTCATACG,34,1
CTATAGCTCGCTAA,14,1
CTATAGCTCGCTAA,32,1
CTATAGCTGGGAGT,16,1
CTATAGCTGGGAGT,7,1
CTATAGCTTGTTCT,24,1
CTATAGCTTGTTCT,27,1
CTATCAACATCTCT,16,1
CTATCAACATCTCT,29,1
CTATCAACATCTTC,26,1
CTATCAACATCTTC,27,1
CTATCAACGGAGTG,16,1
CTATCAACGGAGTG,5,1
CTATCAACGGCGAA,26,1
CTATCAACGGCGAA,33,1
CTATCAACTCCCAC,29,1
CTATCAACTCCCAC,30,1
CTATCAACTGTCCC,32,1
CTATCAACTGTCCC,36,1
CTATCAACTTGACG,18,1
CTATCAACTTGACG,26,1
CTATCAACTTGCGA,16,1
CTATCAACTTGCGA,25,1
CTATCATGGTACCA,35,1
CTATCATGGTACCA,9,1
CTATCATGGTAGCT,26,1
CTATCATGGTAGCT,27,1
CTATCATGTTGTGG,15,1
CTATCATGTTGTGG,29,1
CTATCCCTCTGTCC,30,1
CTATCCCTCTGTCC,34,1
CTATCCCTGGAGCA,17,1
CTATCCCTGGAGCA,25,1
CTATCCCTGTACAC,25,1
CTATCCCTGTACAC,29,1
CTATCCCTGTGTTG,28,1
CTATCCCTGTGTTG,36,1
CTATCCCTTTAGGC,16,1
CTATCCCTTTAGGC,6,1
CTATCCCTTTCTGT,12,1
CTATCCCTTTCTGT,9,1
CTATGACTACGCAT,19,1
CTATGACTACGCAT,6,1
CTATGACTAGAAGT,24,1
CTATGACTAGAAGT,35,1
CTATGACTCCGATA,19,1
CTATGACTCCGATA,35,1
CTATGACTGGATTC,35,1
CTATGACTGGATTC,37,1
CTATGACTTGCGTA,13,1
CTATGACTTGCGTA,31,1
CTATGTACGCCATA,25,1
CTATGTACGCCATA,7,1
CTATGTTGACGGTT,26,1
CTATGTTGACGGTT,29,1
CTATGTTGAGTCTG,13,1
CTATGTTGAGTCTG,29,1
CTATGTTGCACTGA,33,1
CTATGTTGCACTGA,34,1
CTATGTTGCCCAAA,12,1
CTATGTTGCCCAAA,30,1
CTATGTTGCTCATT,24,1
CTATGTTGCTCATT,26,1
CTATGTTGTAGAAG,24,1
CTATGTTGTAGAAG,8,1
CTATGTTGTGTCGA,19,1
CTATGTTGTGTCGA,37,1
CTATTGACCGGTAT,16,1
CTATTGACCGGTAT,29,1
CTATTGACGCGTAT,28,1
CTATTGACGCGTAT,36,1
CTATTGACTATCGG,16,1
CTATTGACTATCGG,33,1
CTATTGACTCTTTG,10,1
CTATTGACTCTTTG,12,1
CTATTGTGAGCACT,29,1
CTATTGTGAGCACT,34,1
CTATTGTGCTACTT,24,1
CTATTGTGCTACTT,29,1
CTATTGTGGAGGAC,24,1
CTATTGTGGAGGAC,25,1
CTATTGTGGTACCA,23,1
CTATTGTGGTACCA,25,1
CTATTGTGTGCCTC,19,1
CTATTGTGTGCCTC,8,1
CTCAATTGAACAGA,25,1
CTCAATTGAACAGA,31,1
CTCAATTGTAACCG,10,1
CTCAATTGTAACCG,37,1
CTCAATTGTACAGC,18,1
CTCAATTGTACAGC,26,1
CTCAATTGTAGTCG,13,1
CTCAATTGTAGTCG,35,1
CTCAATTGTGGCAT,24,1
CTCAATTGTGGCAT,27,1
CTCAATTGTTTGCT,29,1
CTCAATTGTTTGCT,34,1
CTCAGAGAAGCCTA,29,1
CTCAGAGAAGCCTA,6,1
CTCAGAGACATTCT,32,1
CTCAGAGACATTCT,34,1
CTCAGCACAGCAAA,3,1
CTCAGCACAGCAAA,32,1
CTCAGCACCTCATT,23,1
CTCAGCACCTCATT,25,1
CTCAGCACCTGGAT,26,1
CTCAGCACCTGGAT,31,1
CTCAGCACGTCAAC,12,1
CTCAGCACGTCAAC,37,1
CTCAGCTGAGCCTA,36,1
CTCAGCTGAGCCTA,37,1
CTCAGCTGTCTTTG,25,1
CTCAGCTGTCTTTG,35,1
CTCAGGCTACTACG,12,1
CTCAGGCTACTACG,19,1
CTCAGGCTGAGGTG,17,1
CTCAGGCTGAGGTG,24,1
CTCAGGCTGCCATA,25,1
CTCAGGCTGCCATA,35,1
CTCAGGCTGCGATT,29,1
CTCAGGCTGCGATT,6,1
CTCAGGCTGTCATG,18,1
CTCAGGCTGTCATG,34,1
CTCAGGCTTCCTCG,13,1
CTCAGGCTTCCTCG,32,1
CTCATTGAGCAGTT,17,1
CTCATTGAGCAGTT,34,1
CTCATTGATCTTAC,32,1
CTCATTGATCTTAC,35,1
CTCCACGAATGCTG,29,1
CTCCACGAATGCTG,34,1
CTCCACGACGAACT,19,1
CTCCACGACGAACT,29,1
CTCCACGATAAGGA,19,1
CTCCACGATAAGGA,27,1
CTCCACGATCCAAG,15,1
CTCCACGATCCAAG,20,1
CTCCATCTCGACAT,24,1
CTCCATCTCGACAT,36,1
CTCCATCTGCTTAG,16,1
CTCCATCTGCTTAG,29,1
CTCCATCTGTGCAT,34,1
CTCCATCTGTGCAT,36,1
CTCCATCTTAGCCA,27,1
CTCCATCTTAGCCA,29,1
CTCCATCTTCCTTA,26,1
CTCCATCTTCCTTA,36,1
CTCCGAACCCCTTG,32,1
CTCCGAACCCCTTG,33,1
CTCCTACTGAACCT,19,1
CTCCTACTGAACCT,29,1
CTCCTACTGAGCTT,10,1
CTCCTACTGAGCTT,25,1
CTCCTACTGCGTAT,12,1
CTCCTACTGCGTAT,7,1
CTCCTACTGGGATG,25,1
CTCCTACTGGGATG,29,1
CTCGAAGAAGATCC,16,1
CTCGAAGAAGATCC,26,1
CTCGAAGAAGATCC,32,1
CTCGAAGACTGAAC,28,1
CTCGAAGACTGAAC,6,1
CTCGAAGAGTTTCT,19,1
CTCGAAGAGTTTCT,28,1
CTCGACACAACGGG,33,1
CTCGACACAACGGG,7,1
CTCGACACCGTGTA,18,1
CTCGACACCGTGTA,20,1
CTCGACACGCAGAG,13,1
CTCGACACGCAGAG,35,1
CTCGACACGGCAAG,17,1
CTCGACACGGCAAG,19,1
CTCGACACGGGACA,13,1
CTCGACACGGGACA,28,1
CTCGACACTCGATG,26,1
CTCGACACTCGATG,36,1
CTCGACTGCAGCTA,12,1
CTCGACTGCAGCTA,30,1
CTCGACTGTAGAGA,32,1
CTCGACTGTAGAGA,33,1
CTCGACTGTAGCGT,19,1
CTCGACTGTAGCGT,26,1
CTCGACTGTCCTTA,10,1
CTCGACTGTCCTTA,31,1
CTCGAGCTCCGTTC,26,1
CTCGAGCTCCGTTC,5,1
CTCGAGCTCCTTTA,33,1
CTCGAGCTCCTTTA,8,1
CTCGAGCTCGATAC,12,1
CTCGAGCTCGATAC,25,1
CTCGAGCTCGATAC,9,1
CTCGAGCTCGCATA,27,1
CTCGAGCTCGCATA,32,1
CTCGAGCTGAATAG,25,1
CTCGAGCTGAATAG,28,1
CTCGAGCTGGTGTT,27,1
CTCGAGCTGGTGTT,37,1
CTCGAGCTTCTCCG,13,1
CTCGAGCTTCTCCG,27,1
CTCGAGCTTTTCTG,16,1
CTCGAGCTTTTCTG,26,1
CTCGCATGAGTGTC,26,1
CTCGCATGAGTGTC,6,1
CTCGCATGCCTTTA,30,1
CTCGCATGCCTTTA,37,1
CTCGCATGGGTAAA,25,1
CTCGCATGGGTAAA,33,1
CTCGCATGTTTCAC,3,1
CTCGCATGTTTCAC,34,1
CTCGCATGTTTCAC,7,1
CTCTAAACAAAGTG,12,1
CTCTAAACAAAGTG,6,1
CTCTAAACATTCGG,32,1
CTCTAAACATTCGG,36,1
CTCTAAACCTGACA,13,1
CTCTAAACCTGACA,19,1
CTCTAAACGTGCTA,4,1
CTCTAAACGTGCTA,6,1
CTCTAATGGAATAG,32,1
CTCTAATGGAATAG,8,1
CTCTAATGTAGAAG,30,1
CTCTAATGTAGAAG,8,1
CTCTAATGTAGAGA,13,1
CTCTAATGTAGAGA,14,1
CTCTAATGTGTTCT,16,1
CTCTAATGTGTTCT,34,1
CTCTAATGTTTGTC,25,1
CTCTAATGTTTGTC,8,1
CTGAACGAAGCCAT,12,1
CTGAACGAAGCCAT,17,1
CTGAACGATAACGC,26,1
CTGAACGATAACGC,31,1
CTGAACGATGGATC,24,1
CTGAACGATGGATC,32,1
CTGAACGATTCACT,30,1
CTGAACGATTCACT,36,1
CTGAAGTGACACAC,15,1
CTGAAGTGACACAC,24,1
CTGAAGTGAGCATC,28,1
CTGAAGTGAGCATC,37,1
CTGAAGTGAGCATC,8,1
CTGAAGTGCTTCTA,10,1
CTGAAGTGCTTCTA,26,1
CTGAAGTGGACAGG,16,1
CTGAAGTGGACAGG,29,1
CTGAAGTGGTCTAG,28,1
CTGAAGTGGTCTAG,35,1
CTGAAGTGTGTCTT,16,1
CTGAAGTGTGTCTT,25,1
CTGAAGTGTTCACT,27,1
CTGAAGTGTTCACT,28,1
CTGAATCTTCAAGC,16,1
CTGAATCTTCAAGC,8,1
CTGAATCTTGGTCA,13,1
CTGAATCTTGGTCA,28,1
CTGACAGAACCTGA,34,1
CTGACAGAACCTGA,7,1
CTGACCACCAAGCT,33,1
CTGACCACCAAGCT,34,1
CTGACCACTTCGCC,14,1
CTGACCACTTCGCC,26,1
CTGAGAACAGCAAA,18,1
CTGAGAACAGCAAA,28,1
CTGAGAACAGTCAC,12,1
CTGAGAACAGTCAC,8,1
CTGAGAACTGACAC,16,1
CTGAGAACTGACAC,25,1
CTGAGAACTTTGGG,31,1
CTGAGAACTTTGGG,32,1
CTGAGCCTAAGCCT,17,1
CTGAGCCTAAGCCT,34,1
CTGAGCCTACCCTC,12,1
CTGAGCCTACCCTC,25,1
CTGATACTACCATG,17,1
CTGATACTACCATG,28,1
CTGATACTGTGTTG,18,1
CTGATACTGTGTTG,24,1
CTGATACTGTGTTG,37,1
CTGATACTTTGCAG,13,1
CTGATACTTTGCAG,23,1
CTGATGGACCCTCA,16,1
CTGATGGACCCTCA,25,1
CTGATGGATGGGAG,12,1
CTGATGGATGGGAG,24,1
CTGATTTGTAAGGA,24,1
CTGATTTGTAAGGA,35,1
CTGATTTGTCTCAT,33,1
CTGATTTGTCTCAT,36,1
CTGATTTGTGTTTC,10,1
CTGATTTGTGTTTC,19,1
CTGCAGCTAACAGA,10,1
CTGCAGCTAACAGA,24,1
CTGCAGCTAAGCAA,17,1
CTGCAGCTAAGCAA,28,1
CTGCAGCTAAGCAA,34,1
CTGCAGCTTTATCC,25,1
CTGCAGCTTTATCC,7,1
CTGCAGCTTTCACT,15,1
CTGCAGCTTTCACT,16,1
CTGCCAACTCTCCG,16,1
CTGCCAACTCTCCG,31,1
CTGCCAACTGCTAG,19,1
CTGCCAACTGCTAG,25,1
CTGCGACTGGAAGC,25,1
CTGCGACTGGAAGC,29,1
CTGGAAACACCAGT,31,1
CTGGAAACACCAGT,37,1
CTGGAAACTCGTTT,19,1
CTGGAAACTCGTTT,24,1
CTGGATGACATTGG,26,1
CTGGATGACATTGG,6,1
CTGGATGAGTCGAT,12,1
CTGGATGAGTCGAT,28,1
CTGGATGATGCCTC,24,1
CTGGATGATGCCTC,34,1
CTGGATGATGTCCC,12,1
CTGGATGATGTCCC,28,1
CTGGCACTTGCATG,27,1
CTGGCACTTGCATG,8,1
CTGTAACTCCAGTA,13,1
CTGTAACTCCAGTA,24,1
CTGTAACTCCTTAT,18,1
CTGTAACTCCTTAT,30,1
CTGTATACAATCGC,24,1
CTGTATACAATCGC,26,1
CTGTATACCTTGTT,19,1
CTGTATACCTTGTT,5,1
CTGTATACGGTATC,13,1
CTGTATACGGTATC,34,1
CTGTGAGAAGAAGT,26,1
CTGTGAGAAGAAGT,27,1
CTGTGAGACCGCTT,24,1
CTGTGAGACCGCTT,28,1
CTGTGAGACGTTAG,16,1
CTGTGAGACGTTAG,19,1
CTGTGAGACTCCAC,32,1
CTGTGAGACTCCAC,36,1
CTGTGAGATCAAGC,27,1
CTGTGAGATCAAGC,35,1
CTGTGAGATCCCGT,25,1
CTGTGAGATCCCGT,33,1
CTTAAAGAGTGCAT,28,1
CTTAAAGAGTGCAT,32,1
CTTAAAGATGCCTC,27,1
CTTAAAGATGCCTC,33,1
CTTAAAGATGCCTC,5,1
CTTAAAGATTCATC,8,1
CTTAAAGATTCATC,9,1
CTTAACACATCGGT,18,1
CTTAACACATCGGT,32,1
CTTAACACCCTATT,17,1
CTTAACACCCTATT,35,1
CTTAACACCTGACA,24,1
CTTAACACCTGACA,33,1
CTTAACACCTGTTT,19,1
CTTAACACCTGTTT,29,1
CTTAAGCTCAACTG,12,1
CTTAAGCTCAACTG,37,1
CTTAAGCTGCGAGA,27,1
CTTAAGCTGCGAGA,29,1
CTTACAACGTTAGC,23,1
CTTACAACGTTAGC,24,1
CTTACATGATCACG,24,1
CTTACATGATCACG,32,1
CTTACATGTGAAGA,18,1
CTTACATGTGAAGA,30,1
CTTACATGTGAAGA,33,1
CTTACATGTTCTCA,19,1
CTTACATGTTCTCA,30,1
CTTACTGAGAACCT,31,1
CTTACTGAGAACCT,34,1
CTTACTGAGAACCT,7,1
CTTAGACTACACCA,29,1
CTTAGACTACACCA,36,1
CTTAGACTACAGTC,12,1
CTTAGACTACAGTC,31,1
CTTAGACTAGGGTG,25,1
CTTAGACTAGGGTG,34,1
CTTAGACTCCCTTG,16,1
CTTAGACTCCCTTG,19,1
CTTAGACTCTCAAG,13,1
CTTAGACTCTCAAG,37,1
CTTAGACTGTCCTC,14,1
CTTAGACTGTCCTC,34,1
CTTAGACTGTGAGG,12,1
CTTAGACTGTGAGG,4,1
CTTAGACTTTGTGG,19,1
CTTAGACTTTGTGG,27,1
CTTAGGGATCAGAC,1,1
CTTAGGGATCAGAC,19,1
CTTATCGAAGCACT,24,1
CTTATCGAAGCACT,29,1
CTTATCGACTTGCC,26,1
CTTATCGACTTGCC,35,1
CTTATCGATACAGC,10,1
CTTATCGATACAGC,13,1
CTTATCGATTACCT,29,1
CTTATCGATTACCT,7,1
CTTCACCTCGAGTT,12,1
CTTCACCTCGAGTT,35,1
CTTCACCTGTTAGC,12,1
CTTCACCTGTTAGC,20,1
CTTCATGAACACGT,13,1
CTTCATGAACACGT,28,1
CTTCATGAATGTGC,19,1
CTTCATGAATGTGC,29,1
CTTCATGACAGAAA,12,1
CTTCATGACAGAAA,16,1
CTTCATGACATCAG,17,1
CTTCATGACATCAG,19,1
CTTCATGACGTGTA,29,1
CTTCATGACGTGTA,9,1
CTTCATGAGCGTTA,13,1
CTTCATGAGCGTTA,28,1
CTTCATGATATGCG,12,1
CTTCATGATATGCG,17,1
CTTCATGATATGGC,27,1
CTTCATGATATGGC,6,1
CTTCATGATCGTGA,5,1
CTTCATGATCGTGA,7,1
CTTCATGATGGTAC,13,1
CTTCATGATGGTAC,27,1
CTTCTAGATACAGC,26,1
CTTCTAGATACAGC,27,1
CTTCTAGATACAGC,32,1
CTTGAACTAACGGG,24,1
CTTGAACTAACGGG,27,1
CTTGAACTCCGCTT,23,1
CTTGAACTCCGCTT,27,1
CTTGAACTGTCACA,12,1
CTTGAACTGTCACA,17,1
CTTGAACTTCCTGC,33,1
CTTGAACTTCCTGC,34,1
CTTGAGGAACGTTG,12,1
CTTGAGGAACGTTG,31,1
CTTGAGGACATGCA,15,1
CTTGAGGACATGCA,25,1
CTTGAGGATAACCG,13,1
CTTGAGGATAACCG,17,1
CTTGATTGCTCCAC,23,1
CTTGATTGCTCCAC,9,1
CTTGATTGGCATAC,12,1
CTTGATTGGCATAC,34,1
CTTGTATGTCGTTT,30,1
CTTGTATGTCGTTT,35,1
CTTTACGACCATAG,16,1
CTTTACGACCATAG,17,1
CTTTACGACCCGTT,2,1
CTTTACGACCCGTT,33,1
CTTTACGATCCAAG,19,1
CTTTACGATCCAAG,28,1
CTTTAGACTGCATG,26,1
CTTTAGACTGCATG,9,1
CTTTAGTGACAGCT,17,1
CTTTAGTGACAGCT,23,1
CTTTAGTGACGCTA,18,1
CTTTAGTGACGCTA,19,1
CTTTAGTGATTTCC,10,1
CTTTAGTGATTTCC,20,1
CTTTCAGAGTCGTA,16,1
CTTTCAGAGTCGTA,17,1
CTTTCAGATAGCGT,29,1
CTTTCAGATAGCGT,34,1
CTTTCAGATGTCGA,12,1
CTTTCAGATGTCGA,28,1
CTTTGATGACGCAT,10,1
CTTTGATGACGCAT,27,1
CTTTGATGGCGAGA,29,1
CTTTGATGGCGAGA,8,1
CTTTGATGGGCGAA,17,1
CTTTGATGGGCGAA,29,1
CTTTGATGGGCGAA,9,1
CTTTGATGTCGCCT,26,1
CTTTGATGTCGCCT,29,1
GAAACAGAAAACAG,13,1
GAAACAGAAAACAG,30,1
GAAACAGAAGCGGA,12,1
GAAACAGAAGCGGA,27,1
GAAACAGAAGCGGA,33,1
GAAACAGACCTCGT,13,1
GAAACAGACCTCGT,24,1
GAAACAGAGTCGAT,19,1
GAAACAGAGTCGAT,28,1
GAAACAGAGTCGAT,7,1
GAAACAGATCGTTT,24,1
GAAACAGATCGTTT,25,1
GAAACAGATGTAGC,36,1
GAAACAGATGTAGC,7,1
GAAACCTGCTGAAC,15,1
GAAACCTGCTGAAC,36,1
GAAACCTGGTTGTG,12,1
GAAACCTGGTTGTG,14,1
GAAACCTGTCCCAC,17,1
GAAACCTGTCCCAC,8,1
GAAAGATGACGTAC,29,1
GAAAGATGACGTAC,8,1
GAAAGATGCCTCGT,23,1
GAAAGATGCCTCGT,32,1
GAAAGATGGGTAGG,15,1
GAAAGATGGGTAGG,18,1
GAAAGATGTGATGC,12,1
GAAAGATGTGATGC,33,1
GAAAGCCTCCTTGC,37,1
GAAAGCCTCCTTGC,6,1
GAAAGCCTGGTGAG,26,1
GAAAGCCTGGTGAG,29,1
GAAAGTGAACGTGT,27,1
GAAAGTGAACGTGT,30,1
GAAAGTGATACAGC,25,1
GAAAGTGATACAGC,33,1
GAAAGTGATTCGTT,17,1
GAAAGTGATTCGTT,27,1
GAAATACTATGGTC,25,1
GAAATACTATGGTC,27,1
GAAATACTGGAAGC,36,1
GAAATACTGGAAGC,7,1
GAACACACGTACCA,16,1
GAACACACGTACCA,35,1
GAACACACTAACCG,35,1
GAACACACTAACCG,37,1
GAACACACTATTCC,17,1
GAACACACTATTCC,29,1
GAACACACTGGATC,27,1
GAACACACTGGATC,36,1
GAACAGCTATACCG,25,1
GAACAGCTATACCG,31,1
GAACAGCTATGACC,17,1
GAACAGCTATGACC,26,1
GAACAGCTCACCAA,30,1
GAACAGCTCACCAA,35,1
GAACAGCTCTGAGT,17,1
GAACAGCTCTGAGT,31,1
GAACAGCTGAGGTG,28,1
GAACAGCTGAGGTG,33,1
GAACAGCTGCATAC,17,1
GAACAGCTGCATAC,32,1
GAACAGCTGCATAC,33,1
GAACAGCTGCTGAT,29,1
GAACAGCTGCTGAT,37,1
GAACAGCTGGGACA,13,1
GAACAGCTGGGACA,27,1
GAACCAACAAGAAC,32,1
GAACCAACAAGAAC,9,1
GAACCAACACAGCT,19,1
GAACCAACACAGCT,26,1
GAACCAACCTGCAA,14,1
GAACCAACCTGCAA,19,1
GAACCAACGACAAA,24,1
GAACCAACGACAAA,27,1
GAACCTGACACTCC,24,1
GAACCTGACACTCC,29,1
GAACGGGAATGCCA,35,1
GAACGGGAATGCCA,36,1
GAACGGGACAGAGG,36,1
GAACGGGACAGAGG,6,1
GAACGGGACTTGTT,30,1
GAACGGGACTTGTT,36,1
GAACGGGATGTGCA,25,1
GAACGGGATGTGCA,32,1
GAACGGGATTCCAT,26,1
GAACGGGATTCCAT,29,1
GAACGTTGTTCGCC,13,1
GAACGTTGTTCGCC,27,1
GAACTGTGATGCTG,19,1
GAACTGTGATGCTG,24,1
GAACTGTGATGCTG,25,1
GAACTGTGCGACAT,27,1
GAACTGTGCGACAT,7,1
GAACTGTGGAGGCA,12,1
GAACTGTGGAGGCA,28,1
GAACTGTGGGATCT,15,1
GAACTGTGGGATCT,26,1
GAACTGTGGGTGTT,19,1
GAACTGTGGGTGTT,28,1
GAACTGTGGTTCGA,27,1
GAACTGTGGTTCGA,35,1
GAAGAATGCAGCTA,27,1
GAAGAATGCAGCTA,33,1
GAAGAATGCTTTAC,30,1
GAAGAATGCTTTAC,34,1
GAAGATGATAGACC,16,1
GAAGATGATAGACC,32,1
GAAGCGGAGTTCTT,12,1
GAAGCGGAGTTCTT,37,1
GAAGCGGATCCAGA,24,1
GAAGCGGATCCAGA,33,1
GAAGCTACAAAACG,25,1
GAAGCTACAAAACG,26,1
GAAGCTACTAAGGA,19,1
GAAGCTACTAAGGA,36,1
GAAGCTTGAGACTC,24,1
GAAGCTTGAGACTC,29,1
GAAGCTTGAGGAGC,19,1
GAAGCTTGAGGAGC,27,1
GAAGCTTGCAGTCA,16,1
GAAGCTTGCAGTCA,27,1
GAAGCTTGCTCGAA,17,1
GAAGCTTGCTCGAA,18,1
GAAGCTTGTAAGGA,13,1
GAAGCTTGTAAGGA,32,1
GAAGGGTGAAGTAG,33,1
GAAGGGTGAAGTAG,34,1
GAAGGGTGAAGTAG,37,1
GAAGGGTGCCACCT,30,1
GAAGGGTGCCACCT,8,1
GAAGGGTGGATGAA,19,1
GAAGGGTGGATGAA,25,1
GAAGGGTGGGTCAT,29,1
GAAGGGTGGGTCAT,37,1
GAAGGGTGTCGATG,26,1
GAAGGGTGTCGATG,29,1
GAAGGTCTCCGAAT,26,1
GAAGGTCTCCGAAT,29,1
GAAGGTCTTGAGCT,29,1
GAAGGTCTTGAGCT,35,1
GAAGGTCTTTAGGC,20,1
GAAGGTCTTTAGGC,9,1
GAAGGTCTTTCTTG,24,1
GAAGGTCTTTCTTG,35,1
GAAGGTCTTTCTTG,37,1
GAAGTAGACTTGCC,29,1
GAAGTAGACTTGCC,6,1
GAAGTCACACGGAG,31,1
GAAGTCACACGGAG,35,1
GAAGTCACACTCTT,26,1
GAAGTCACACTCTT,27,1
GAAGTCACCATTTC,34,1
GAAGTCACCATTTC,8,1
GAAGTCACGGTAGG,24,1
GAAGTCACGGTAGG,33,1
GAAGTCTGCGTAAC,24,1
GAAGTCTGCGTAAC,25,1
GAAGTCTGGTAAGA,12,1
GAAGTCTGGTAAGA,25,1
GAAGTGCTACCTAG,13,1
GAAGTGCTACCTAG,32,1
GAAGTGCTGTGTTG,19,1
GAAGTGCTGTGTTG,9,1
GAATGCACATTCTC,30,1
GAATGCACATTCTC,33,1
GAATGCACATTCTC,8,1
GAATGCACCCTCGT,24,1
GAATGCACCCTCGT,8,1
GAATGCTGCACCAA,19,1
GAATGCTGCACCAA,9,1
GAATGCTGGTTCGA,19,1
GAATGCTGGTTCGA,37,1
GAATGCTGTTCCGC,24,1
GAATGCTGTTCCGC,29,1
GAATGGCTCCCACT,16,1
GAATGGCTCCCACT,17,1
GAATGGCTTGTTTC,24,1
GAATGGCTTGTTTC,26,1
GAATTAACAAGAGT,16,1
GAATTAACAAGAGT,19,1
GAATTAACGAATGA,16,1
GAATTAACGAATGA,6,1
GAATTAACGCCATA,24,1
GAATTAACGCCATA,28,1
GACAACACATCGTG,27,1
GACAACACATCGTG,6,1
GACACTGAATGACC,33,1
GACACTGAATGACC,8,1
GACACTGATTCTCA,19,1
GACACTGATTCTCA,34,1
GACACTGATTGCAG,31,1
GACACTGATTGCAG,37,1
GACAGGGAGAACTC,13,1
GACAGGGAGAACTC,24,1
GACAGTACACCCAA,28,1
GACAGTACACCCAA,29,1
GACAGTACCAGTTG,27,1
GACAGTACCAGTTG,33,1
GACAGTTGAGCAAA,25,1
GACAGTTGAGCAAA,36,1
GACAGTTGCTCGAA,16,1
GACAGTTGCTCGAA,7,1
GACAGTTGGAAGGC,19,1
GACAGTTGGAAGGC,26,1
GACAGTTGTTCACT,29,1
GACAGTTGTTCACT,6,1
GACAGTTGTTCAGG,26,1
GACAGTTGTTCAGG,29,1
GACAGTTGTTGGTG,26,1
GACAGTTGTTGGTG,5,1
GACATTCTATTCCT,25,1
GACATTCTATTCCT,30,1
GACATTCTGAGATA,27,1
GACATTCTGAGATA,29,1
GACCAAACGAACCT,29,1
GACCAAACGAACCT,35,1
GACCAAACTCTTTG,15,1
GACCAAACTCTTTG,25,1
GACCAAACTTACTC,35,1
GACCAAACTTACTC,36,1
GACCATGACGTAAC,19,1
GACCATGACGTAAC,5,1
GACCATGATCAGTG,29,1
GACCATGATCAGTG,33,1
GACCCTACGACAGG,27,1
GACCCTACGACAGG,28,1
GACCCTACGCCAAT,26,1
GACCCTACGCCAAT,28,1
GACCCTACGTGAGG,27,1
GACCCTACGTGAGG,9,1
GACCCTACTTGCGA,10,1
GACCCTACTTGCGA,31,1
GACCTAGACCGCTT,17,1
GACCTAGACCGCTT,31,1
GACCTAGAGTTTGG,19,1
GACCTAGAGTTTGG,24,1
GACCTCACGGAGCA,13,1
GACCTCACGGAGCA,36,1
GACCTCACGTCGAT,17,1
GACCTCACGTCGAT,7,1
GACCTCACTGGTCA,13,1
GACCTCACTGGTCA,37,1
GACCTCTGACGTGT,13,1
GACCTCTGACGTGT,37,1
GACCTCTGCGTTGA,19,1
GACCTCTGCGTTGA,28,1
GACCTCTGCTAAGC,27,1
GACCTCTGCTAAGC,37,1
GACCTCTGTTCGGA,10,1
GACCTCTGTTCGGA,8,1
GACGAACTCGAACT,24,1
GACGAACTCGAACT,29,1
GACGAACTCGATAC,33,1
GACGAACTCGATAC,34,1
GACGAACTGCCAAT,28,1
GACGAACTGCCAAT,34,1
GACGAACTGCCTTC,12,1
GACGAACTGCCTTC,37,1
GACGAACTTTGACG,12,1
GACGAACTTTGACG,29,1
GACGAGGAAAAGTG,13,1
GACGAGGAAAAGTG,29,1
GACGAGGAAGCCAT,19,1
GACGAGGAAGCCAT,25,1
GACGATTGATCAGC,25,1
GACGATTGATCAGC,35,1
GACGATTGCTCAGA,13,1
GACGATTGCTCAGA,33,1
GACGATTGGAGCAG,16,1
GACGATTGGAGCAG,30,1
GACGATTGGCAGAG,25,1
GACGATTGGCAGAG,32,1
GACGATTGTGTGCA,25,1
GACGATTGTGTGCA,35,1
GACGCTCTAGAGAT,29,1
GACGCTCTAGAGAT,33,1
GACGCTCTTTCTCA,25,1
GACGCTCTTTCTCA,33,1
GACGGCACACGACT,24,1
GACGGCACACGACT,37,1
GACGGCACAGCAAA,25,1
GACGGCACAGCAAA,9,1
GACGGCACAGGAGC,29,1
GACGGCACAGGAGC,36,1
GACGGCACTACGCA,15,1
GACGGCACTACGCA,34,1
GACGGCACTCCTCG,27,1
GACGGCACTCCTCG,35,1
GACGTAACAACAGA,28,1
GACGTAACAACAGA,29,1
GACGTAACGCATCA,19,1
GACGTAACGCATCA,33,1
GACGTAACGGATCT,13,1
GACGTAACGGATCT,20,1
GACGTATGTCAGTG,17,1
GACGTATGTCAGTG,19,1
GACGTATGTGGTGT,13,1
GACGTATGTGGTGT,17,1
GACGTCCTACCGAT,24,1
GACGTCCTACCGAT,27,1
GACGTCCTAGTGTC,16,1
GACGTCCTAGTGTC,27,1
GACGTCCTCGTTAG,31,1
GACGTCCTCGTTAG,8,1
GACGTCCTGAATGA,10,1
GACGTCCTGAATGA,37,1
GACGTCCTGGACAG,16,1
GACGTCCTGGACAG,28,1
GACGTCCTTTCATC,29,1
GACGTCCTTTCATC,3,1
GACTACGACGTTGA,15,1
GACTACGACGTTGA,24,1
GACTCCTGAACCAC,30,1
GACTCCTGAACCAC,31,1
GACTCCTGAAGATG,10,1
GACTCCTGAAGATG,37,1
GACTCCTGCCATGA,27,1
GACTCCTGCCATGA,8,1
GACTCCTGCGAATC,24,1
GACTCCTGCGAATC,27,1
GACTCCTGGCCTTC,24,1
GACTCCTGGCCTTC,26,1
GACTCCTGGCGATT,24,1
GACTCCTGGCGATT,29,1
GACTCCTGGGTAGG,37,1
GACTCCTGGGTAGG,9,1
GACTCCTGTCGCAA,17,1
GACTCCTGTCGCAA,19,1
GACTGAACCCCTAC,19,1
GACTGAACCCCTAC,29,1
GACTGAACTTCACT,27,1
GACTGAACTTCACT,35,1
GACTGATGGCTGTA,24,1
GACTGATGGCTGTA,26,1
GACTGATGGCTGTA,28,1
GACTGATGGTCGAT,13,1
GACTGATGGTCGAT,30,1
GACTGATGTCCAGA,24,1
GACTGATGTCCAGA,28,1
GACTGTGAACCTAG,12,1
GACTGTGAACCTAG,25,1
GACTGTGAATTCTC,17,1
GACTGTGAATTCTC,31,1
GACTGTGAGTATGC,24,1
GACTGTGAGTATGC,36,1
GACTGTGATCAGAC,32,1
GACTGTGATCAGAC,35,1
GACTTTACTCTTTG,10,1
GACTTTACTCTTTG,32,1
GAGAAATGATGCTG,27,1
GAGAAATGATGCTG,29,1
GAGAAATGGGGAGT,14,1
GAGAAATGGGGAGT,30,1
GAGAGGTGAGCCAT,15,1
GAGAGGTGAGCCAT,32,1
GAGAGGTGGCGTTA,24,1
GAGAGGTGGCGTTA,27,1
GAGAGGTGTGTAGC,16,1
GAGAGGTGTGTAGC,26,1
GAGAGGTGTGTAGC,27,1
GAGATAGACACAAC,16,1
GAGATAGACACAAC,35,1
GAGATAGACATTGG,24,1
GAGATAGACATTGG,33,1
GAGATAGAGAGACG,24,1
GAGATAGAGAGACG,37,1
GAGATAGAGTAGCT,14,1
GAGATAGAGTAGCT,17,1
GAGATAGATGCATG,25,1
GAGATAGATGCATG,26,1
GAGATCACAAGGTA,12,1
GAGATCACAAGGTA,33,1
GAGATCACTCCTCG,19,1
GAGATCACTCCTCG,24,1
GAGATGCTAACGAA,12,1
GAGATGCTAACGAA,33,1
GAGATGCTATTCCT,13,1
GAGATGCTATTCCT,14,1
GAGATGCTATTCCT,26,1
GAGCAACTACACGT,14,1
GAGCAACTACACGT,19,1
GAGCAACTCTACTT,27,1
GAGCAACTCTACTT,7,1
GAGCAACTGGAAGC,12,1
GAGCAACTGGAAGC,37,1
GAGCAACTTCAGTG,16,1
GAGCAACTTCAGTG,19,1
GAGCAACTTCTCAT,15,1
GAGCAACTTCTCAT,27,1
GAGCAGGACTTATC,25,1
GAGCAGGACTTATC,27,1
GAGCAGGATCAGAC,27,1
GAGCAGGATCAGAC,31,1
GAGCAGGATTCCCG,20,1
GAGCAGGATTCCCG,27,1
GAGCATACAAGCCT,14,1
GAGCATACAAGCCT,35,1
GAGCATACCTATGG,20,1
GAGCATACCTATGG,6,1
GAGCGAGAACCAGT,20,1
GAGCGAGAACCAGT,36,1
GAGCGAGAACCTTT,13,1
GAGCGAGAACCTTT,35,1
GAGCGAGATTTCGT,28,1
GAGCGAGATTTCGT,33,1
GAGCGCACGTCACA,32,1
GAGCGCACGTCACA,35,1
GAGCGCTGAATCGC,23,1
GAGCGCTGAATCGC,28,1
GAGCGCTGGACACT,12,1
GAGCGCTGGACACT,26,1
GAGCGCTGGGGCAA,12,1
GAGCGCTGGGGCAA,25,1
GAGCGGCTAGGCGA,24,1
GAGCGGCTAGGCGA,29,1
GAGCGGCTATTTCC,12,1
GAGCGGCTATTTCC,5,1
GAGCGGCTCTTGTT,10,1
GAGCGGCTCTTGTT,31,1
GAGCTCCTCGCATA,35,1
GAGCTCCTCGCATA,37,1
GAGCTCCTTGAAGA,26,1
GAGCTCCTTGAAGA,36,1
GAGGACGAACCGAT,12,1
GAGGACGAACCGAT,24,1
GAGGACGATGGTAC,17,1
GAGGACGATGGTAC,18,1
GAGGATCTAAACGA,13,1
GAGGATCTAAACGA,28,1
GAGGATCTCCGTTC,15,1
GAGGATCTCCGTTC,18,1
GAGGATCTGGAAAT,10,1
GAGGATCTGGAAAT,12,1
GAGGATCTGGACTT,27,1
GAGGATCTGGACTT,35,1
GAGGATCTTCCAAG,12,1
GAGGATCTTCCAAG,37,1
GAGGCAGACATTGG,25,1
GAGGCAGACATTGG,26,1
GAGGCAGACTACCC,16,1
GAGGCAGACTACCC,25,1
GAGGCAGAGACGAG,25,1
GAGGCAGAGACGAG,29,1
GAGGCAGAGTCGAT,24,1
GAGGCAGAGTCGAT,36,1
GAGGCAGATATCGG,16,1
GAGGCAGATATCGG,17,1
GAGGCCACAGTGTC,13,1
GAGGCCACAGTGTC,30,1
GAGGCCACGCAGTT,31,1
GAGGCCACGCAGTT,36,1
GAGGGAACGCCAAT,24,1
GAGGGAACGCCAAT,6,1
GAGGGAACTGAACC,24,1
GAGGGAACTGAACC,36,1
GAGGGATGACCCAA,26,1
GAGGGATGACCCAA,34,1
GAGGGATGACGTGT,25,1
GAGGGATGACGTGT,30,1
GAGGGATGCCAGTA,26,1
GAGGGATGCCAGTA,27,1
GAGGGATGGAGCTT,17,1
GAGGGATGGAGCTT,37,1
GAGGGATGTAGAGA,12,1
GAGGGATGTAGAGA,26,1
GAGGGTGAGTATCG,13,1
GAGGGTGAGTATCG,16,1
GAGGGTGAGTATCG,28,1
GAGGGTGAGTTGGT,26,1
GAGGGTGAGTTGGT,5,1
GAGGTACTACGCAT,24,1
GAGGTACTACGCAT,26,1
GAGGTACTCGTACA,24,1
GAGGTACTCGTACA,27,1
GAGGTACTTTTACC,26,1
GAGGTACTTTTACC,29,1
GAGGTGGATGCATG,16,1
GAGGTGGATGCATG,19,1
GAGGTGGATGTTTC,27,1
GAGGTGGATGTTTC,6,1
GAGGTTACGAACTC,16,1
GAGGTTACGAACTC,33,1
GAGGTTACGAACTC,34,1
GAGGTTTGTGTGCA,33,1
GAGGTTTGTGTGCA,37,1
GAGTAAGAAACGGG,24,1
GAGTAAGAAACGGG,30,1
GAGTAAGACTGAGT,13,1
GAGTAAGACTGAGT,16,1
GAGTAAGAGTTCGA,17,1
GAGTAAGAGTTCGA,19,1
GAGTACACCCTACC,29,1
GAGTACACCCTACC,9,1
GAGTACACTCTACT,26,1
GAGTACACTCTACT,27,1
GAGTACTGAAGATG,26,1
GAGTACTGAAGATG,28,1
GAGTACTGAATCGC,27,1
GAGTACTGAATCGC,32,1
GAGTACTGCACTAG,30,1
GAGTACTGCACTAG,9,1
GAGTACTGGCCCTT,29,1
GAGTACTGGCCCTT,34,1
GAGTACTGTCGCCT,12,1
GAGTACTGTCGCCT,20,1
GAGTCAACTACTGG,25,1
GAGTCAACTACTGG,8,1
GAGTCAACTCTAGG,17,1
GAGTCAACTCTAGG,20,1
GAGTCAACTTCTCA,36,1
GAGTCAACTTCTCA,7,1
GAGTCTGAAAGATG,19,1
GAGTCTGAAAGATG,33,1
GAGTCTGAGGACAG,32,1
GAGTCTGAGGACAG,37,1
GAGTCTGAGTCACA,28,1
GAGTCTGAGTCACA,31,1
GAGTCTGATACTCT,37,1
GAGTCTGATACTCT,7,1
GAGTGACTAACGGG,19,1
GAGTGACTAACGGG,28,1
GAGTGACTGTGTAC,29,1
GAGTGACTGTGTAC,32,1
GAGTGACTGTTCGA,19,1
GAGTGACTGTTCGA,25,1
GAGTGACTTGCCCT,27,1
GAGTGACTTGCCCT,30,1
GAGTGGGAAGTCGT,26,1
GAGTGGGAAGTCGT,29,1
GAGTGGGACCCAAA,19,1
GAGTGGGACCCAAA,8,1
GAGTGGGACTTGCC,26,1
GAGTGGGACTTGCC,29,1
GAGTGTTGAGAACA,17,1
GAGTGTTGAGAACA,8,1
GAGTGTTGAGCAAA,15,1
GAGTGTTGAGCAAA,6,1
GAGTGTTGTACTCT,24,1
GAGTGTTGTACTCT,36,1
GAGTTGTGAGTCGT,13,1
GAGTTGTGAGTCGT,27,1
GAGTTGTGCATGGT,17,1
GAGTTGTGCATGGT,19,1
GAGTTGTGCGTGAT,26,1
GAGTTGTGCGTGAT,6,1
GAGTTGTGGAACCT,15,1
GAGTTGTGGAACCT,26,1
GAGTTGTGGTCCTC,12,1
GAGTTGTGGTCCTC,34,1
GAGTTGTGTATCGG,25,1
GAGTTGTGTATCGG,28,1
GAGTTGTGTCATTC,35,1
GAGTTGTGTCATTC,8,1
GATAAGGAGGAAGC,15,1
GATAAGGAGGAAGC,17,1
GATAAGGATATTCC,29,1
GATAAGGATATTCC,30,1
GATAATACCAATCG,7,1
GATAATACCAATCG,8,1
GATAATACCATTTC,16,1
GATAATACCATTTC,30,1
GATACTCTTTTACC,12,1
GATACTCTTTTACC,28,1
GATAGAGAAGCACT,25,1
GATAGAGAAGCACT,32,1
GATAGAGAGATAAG,10,1
GATAGAGAGATAAG,15,1
GATAGAGAGGTGGA,13,1
GATAGAGAGGTGGA,33,1
GATAGAGATTGCGA,33,1
GATAGAGATTGCGA,5,1
GATAGAGATTGCGA,8,1
GATAGCACCCTAAG,28,1
GATAGCACCCTAAG,29,1
GATATAACCTGTAG,27,1
GATATAACCTGTAG,34,1
GATATAACGAGGTG,12,1
GATATAACGAGGTG,34,1
GATATAACGGTTAC,31,1
GATATAACGGTTAC,35,1
GATATCCTAGTCGT,24,1
GATATCCTAGTCGT,37,1
GATATCCTGACGGA,31,1
GATATCCTGACGGA,36,1
GATATCCTGGATCT,12,1
GATATCCTGGATCT,32,1
GATATCCTGTTCAG,19,1
GATATCCTGTTCAG,37,1
GATATTGACATGAC,26,1
GATATTGACATGAC,34,1
GATATTGACTAAGC,29,1
GATATTGACTAAGC,32,1
GATATTGAGGCAAG,35,1
GATATTGAGGCAAG,9,1
GATATTGAGGGTGA,12,1
GATATTGAGGGTGA,32,1
GATATTGATAGACC,17,1
GATATTGATAGACC,25,1
GATATTGATGATGC,23,1
GATATTGATGATGC,31,1
GATCCCTGCCAAGT,17,1
GATCCCTGCCAAGT,34,1
GATCCCTGCTTACT,27,1
GATCCCTGCTTACT,31,1
GATCCGCTAGAATG,26,1
GATCCGCTAGAATG,30,1
GATCGAACTGCCAA,18,1
GATCGAACTGCCAA,5,1
GATCGATGCAGAAA,13,1
GATCGATGCAGAAA,17,1
GATCGATGGATAAG,12,1
GATCGATGGATAAG,16,1
GATCGATGGATAGA,13,1
GATCGATGGATAGA,24,1
GATCGATGTCTATC,17,1
GATCGATGTCTATC,27,1
GATCGATGTGAGCT,14,1
GATCGATGTGAGCT,20,1
GATCGTGAACCCTC,24,1
GATCGTGAACCCTC,29,1
GATCGTGAACTGGT,29,1
GATCGTGAACTGGT,4,1
GATCGTGAGCGAGA,13,1
GATCGTGAGCGAGA,29,1
GATCTACTAAAGTG,24,1
GATCTACTAAAGTG,30,1
GATCTACTACCTCC,12,1
GATCTACTACCTCC,28,1
GATCTACTTATCTC,16,1
GATCTACTTATCTC,19,1
GATCTACTTGAACC,14,1
GATCTACTTGAACC,26,1
GATCTTACCCACCT,25,1
GATCTTACCCACCT,28,1
GATCTTTGACCAAC,10,1
GATCTTTGACCAAC,17,1
GATCTTTGCAGAGG,29,1
GATCTTTGCAGAGG,35,1
GATCTTTGCGTAGT,26,1
GATCTTTGCGTAGT,33,1
GATCTTTGTAAGGA,18,1
GATCTTTGTAAGGA,36,1
GATCTTTGTCTACT,16,1
GATCTTTGTCTACT,19,1
GATCTTTGTCTTTG,24,1
GATCTTTGTCTTTG,26,1
GATCTTTGTTCAGG,29,1
GATCTTTGTTCAGG,35,1
GATGACACGAGGGT,25,1
GATGACACGAGGGT,27,1
GATGCAACAACTGC,29,1
GATGCAACAACTGC,31,1
GATGCAACACTGTG,24,1
GATGCAACACTGTG,33,1
GATGCAACCACTTT,16,1
GATGCAACCACTTT,36,1
GATGCATGATCAGC,16,1
GATGCATGATCAGC,29,1
GATGCATGCAGTTG,18,1
GATGCATGCAGTTG,6,1
GATGCATGCTCTCG,26,1
GATGCATGCTCTCG,29,1
GATGCATGGTCTAG,29,1
GATGCATGGTCTAG,33,1
GATGCATGGTGAGG,24,1
GATGCATGGTGAGG,31,1
GATGCATGTTTCAC,13,1
GATGCATGTTTCAC,25,1
GATGCCCTAAGATG,12,1
GATGCCCTAAGATG,37,1
GATGCCCTATCTTC,17,1
GATGCCCTATCTTC,18,1
GATGCCCTCTATGG,29,1
GATGCCCTCTATGG,31,1
GATGCCCTGCCCTT,13,1
GATGCCCTGCCCTT,29,1
GATGCCCTTGCATG,19,1
GATGCCCTTGCATG,36,1
GATTACCTGCCTTC,12,1
GATTACCTGCCTTC,37,1
GATTACCTGGTTTG,18,1
GATTACCTGGTTTG,7,1
GATTACCTTGCCAA,12,1
GATTACCTTGCCAA,29,1
GATTCGGAAGAAGT,25,1
GATTCGGAAGAAGT,34,1
GATTCGGACCACCT,35,1
GATTCGGACCACCT,36,1
GATTCGGACTTGGA,34,1
GATTCGGACTTGGA,6,1
GATTCGGAGCAAGG,24,1
GATTCGGAGCAAGG,34,1
GATTCGGAGTTGAC,31,1
GATTCGGAGTTGAC,8,1
GATTCTACAACGAA,27,1
GATTCTACAACGAA,28,1
GATTCTACAACGAA,31,1
GATTCTACACCACA,18,1
GATTCTACACCACA,29,1
GATTCTACCGTCTC,17,1
GATTCTACCGTCTC,32,1
GATTCTTGTTCGTT,28,1
GATTCTTGTTCGTT,35,1
GATTCTTGTTCTGT,13,1
GATTCTTGTTCTGT,16,1
GATTCTTGTTCTGT,8,1
GATTGGACAAACGA,19,1
GATTGGACAAACGA,34,1
GATTGGACACGCAT,15,1
GATTGGACACGCAT,31,1
GATTGGACGGAGGT,24,1
GATTGGACGGAGGT,8,1
GATTGGACGTTGTG,25,1
GATTGGACGTTGTG,27,1
GATTGGACTGAAGA,16,1
GATTGGACTGAAGA,24,1
GATTGGTGGTTACG,16,1
GATTGGTGGTTACG,26,1
GATTGGTGTCGCCT,24,1
GATTGGTGTCGCCT,25,1
GATTGGTGTGCAAC,16,1
GATTGGTGTGCAAC,18,1
GATTTAGAATCAGC,13,1
GATTTAGAATCAGC,28,1
GATTTAGAGAAAGT,16,1
GATTTAGAGAAAGT,32,1
GATTTAGATCCCGT,27,1
GATTTAGATCCCGT,28,1
GATTTAGATCGTGA,25,1
GATTTAGATCGTGA,34,1
GATTTAGATCTATC,19,1
GATTTAGATCTATC,24,1
GATTTAGATCTCAT,13,1
GATTTAGATCTCAT,29,1
GATTTGCTTGTAGC,24,1
GATTTGCTTGTAGC,31,1
GCAAACTGACTGTG,16,1
GCAAACTGACTGTG,30,1
GCAAACTGGCTTCC,16,1
GCAAACTGGCTTCC,31,1
GCAAACTGGTTCAG,19,1
GCAAACTGGTTCAG,37,1
GCAAACTGTTCACT,16,1
GCAAACTGTTCACT,34,1
GCAAACTGTTTGTC,18,1
GCAAACTGTTTGTC,32,1
GCAACCCTACGGTT,16,1
GCAACCCTACGGTT,26,1
GCAACCCTATCAGC,18,1
GCAACCCTATCAGC,30,1
GCAACTGAAGCTAC,16,1
GCAACTGAAGCTAC,30,1
GCAACTGACCTCAC,24,1
GCAACTGACCTCAC,32,1
GCAACTGAGCTGAT,31,1
GCAACTGAGCTGAT,8,1
GCAACTGATCAGAC,10,1
GCAACTGATCAGAC,16,1
GCAAGACTATCGGT,13,1
GCAAGACTATCGGT,26,1
GCAATCGAGCGAGA,12,1
GCAATCGAGCGAGA,16,1
GCAATCGAGCTATG,20,1
GCAATCGAGCTATG,25,1
GCAATCGAGGAAAT,18,1
GCAATCGAGGAAAT,19,1
GCAATCGAGTGTTG,10,1
GCAATCGAGTGTTG,33,1
GCAATTCTCATTTC,17,1
GCAATTCTCATTTC,24,1
GCAATTCTCCTTAT,25,1
GCAATTCTCCTTAT,27,1
GCAATTCTCCTTAT,29,1
GCAATTCTCGTGAT,29,1
GCAATTCTCGTGAT,37,1
GCAATTCTTCAGTG,12,1
GCAATTCTTCAGTG,17,1
GCACAAACATTTCC,23,1
GCACAAACATTTCC,25,1
GCACAAACCGTAGT,16,1
GCACAAACCGTAGT,29,1
GCACAAACGCCAAT,25,1
GCACAAACGCCAAT,9,1
GCACAAACGGTAAA,15,1
GCACAAACGGTAAA,27,1
GCACAAACGTCGAT,18,1
GCACAAACGTCGAT,33,1
GCACAATGAGAGTA,25,1
GCACAATGAGAGTA,26,1
GCACAATGCCCTCA,24,1
GCACAATGCCCTCA,29,1
GCACAATGCTCAGA,33,1
GCACAATGCTCAGA,7,1
GCACAATGTTCTAC,28,1
GCACAATGTTCTAC,32,1
GCACACCTACCAAC,33,1
GCACACCTACCAAC,35,1
GCACACCTCGTGTA,23,1
GCACACCTCGTGTA,28,1
GCACACCTGCTCCT,25,1
GCACACCTGCTCCT,29,1
GCACCACTTACTTC,24,1
GCACCACTTACTTC,26,1
GCACCACTTCAAGC,13,1
GCACCACTTCAAGC,33,1
GCACCTACGGAGGT,24,1
GCACCTACGGAGGT,33,1
GCACCTTGCCATGA,28,1
GCACCTTGCCATGA,29,1
GCACCTTGCCCAAA,16,1
GCACCTTGCCCAAA,19,1
GCACCTTGTTAGGC,17,1
GCACCTTGTTAGGC,29,1
GCACGGACAAGAGT,29,1
GCACGGACAAGAGT,8,1
GCACGGACCCTGTC,27,1
GCACGGACCCTGTC,31,1
GCACGGACGAGGGT,31,1
GCACGGACGAGGGT,34,1
GCACGGACGTGTCA,18,1
GCACGGACGTGTCA,9,1
GCACGGTGACGCAT,13,1
GCACGGTGACGCAT,17,1
GCACGGTGCTTGAG,27,1
GCACGGTGCTTGAG,29,1
GCACGGTGGCCTTC,16,1
GCACGGTGGCCTTC,5,1
GCACGTCTAAGAAC,25,1
GCACGTCTAAGAAC,28,1
GCACGTCTCATTGG,25,1
GCACGTCTCATTGG,33,1
GCACGTCTTCAGAC,25,1
GCACGTCTTCAGAC,6,1
GCACGTCTTCGTAG,15,1
GCACGTCTTCGTAG,37,1
GCACTAGATGTCCC,12,1
GCACTAGATGTCCC,20,1
GCACTGCTATCTTC,32,1
GCACTGCTATCTTC,36,1
GCACTGCTGCTGAT,12,1
GCACTGCTGCTGAT,27,1
GCACTGCTTTGTCT,28,1
GCACTGCTTTGTCT,37,1
GCACTGCTTTGTCT,7,1
GCAGATACAGTGCT,13,1
GCAGATACAGTGCT,36,1
GCAGCCGAACGCAT,20,1
GCAGCCGAACGCAT,24,1
GCAGCCGAGTGTTG,20,1
GCAGCCGAGTGTTG,33,1
GCAGCGTGCCTGAA,19,1
GCAGCGTGCCTGAA,29,1
GCAGCGTGGCGTTA,33,1
GCAGCGTGGCGTTA,8,1
GCAGCGTGTCAGGT,27,1
GCAGCGTGTCAGGT,31,1
GCAGCGTGTCCCGT,24,1
GCAGCGTGTCCCGT,37,1
GCAGCGTGTCTTAC,12,1
GCAGCGTGTCTTAC,15,1
GCAGCGTGTTTCTG,16,1
GCAGCGTGTTTCTG,2,1
GCAGCTCTACACGT,30,1
GCAGCTCTACACGT,34,1
GCAGCTCTCGTCTC,33,1
GCAGCTCTCGTCTC,36,1
GCAGCTCTTAGCCA,34,1
GCAGCTCTTAGCCA,36,1
GCAGGGCTCAGCTA,26,1
GCAGGGCTCAGCTA,36,1
GCAGTCCTACCAGT,17,1
GCAGTCCTACCAGT,36,1
GCAGTCCTACGTTG,10,1
GCAGTCCTACGTTG,32,1
GCAGTCCTGGACGA,13,1
GCAGTCCTGGACGA,37,1
GCAGTTGAACCTTT,24,1
GCAGTTGAACCTTT,35,1
GCAGTTGATCCCGT,34,1
GCAGTTGATCCCGT,9,1
GCAGTTGATTGGTG,24,1
GCAGTTGATTGGTG,27,1
GCATCAGACTGTGA,25,1
GCATCAGACTGTGA,36,1
GCATGTGAAAGATG,19,1
GCATGTGAAAGATG,37,1
GCATGTGACCAATG,12,1
GCATGTGACCAATG,16,1
GCATGTGATACTGG,27,1
GCATGTGATACTGG,36,1
GCATGTGATGTAGC,31,1
GCATGTGATGTAGC,34,1
GCATTGGACACTCC,18,1
GCATTGGACACTCC,29,1
GCATTGGAGGGCAA,17,1
GCATTGGAGGGCAA,36,1
GCATTGGATGCCCT,16,1
GCATTGGATGCCCT,18,1
GCCAAAACCCTTGC,17,1
GCCAAAACCCTTGC,24,1
GCCAAAACTTCGTT,27,1
GCCAAAACTTCGTT,29,1
GCCAAATGCTTATC,26,1
GCCAAATGCTTATC,9,1
GCCAAATGGTTGAC,17,1
GCCAAATGGTTGAC,37,1
GCCAACCTACACCA,12,1
GCCAACCTACACCA,27,1
GCCAACCTGCATCA,19,1
GCCAACCTGCATCA,24,1
GCCAACCTTCGCTC,28,1
GCCAACCTTCGCTC,33,1
GCCACGGACCCAAA,27,1
GCCACGGACCCAAA,29,1
GCCACGGAGTTCTT,16,1
GCCACGGAGTTCTT,29,1
GCCACGGATCGCAA,13,1
GCCACGGATCGCAA,24,1
GCCACTACACCAAC,29,1
GCCACTACACCAAC,35,1
GCCACTACCCGCTT,3,1
GCCACTACCCGCTT,35,1
GCCACTACTAACGC,1,1
GCCACTACTAACGC,35,1
GCCACTACTACTGG,26,1
GCCACTACTACTGG,29,1
GCCACTACTGCGTA,26,1
GCCACTACTGCGTA,30,1
GCCACTACTGTCAG,29,1
GCCACTACTGTCAG,37,1
GCCATCACAAACGA,25,1
GCCATCACAAACGA,5,1
GCCATCACCGTACA,16,1
GCCATCACCGTACA,25,1
GCCATCACGCATAC,12,1
GCCATCACGCATAC,19,1
GCCATCACGTTGAC,13,1
GCCATCACGTTGAC,17,1
GCCATGCTAACCTG,12,1
GCCATGCTAACCTG,34,1
GCCATGCTAGCACT,23,1
GCCATGCTAGCACT,24,1
GCCATGCTGTGTTG,24,1
GCCATGCTGTGTTG,25,1
GCCATGCTTGTCAG,17,1
GCCATGCTTGTCAG,28,1
GCCCAACTAGAACA,24,1
GCCCAACTAGAACA,32,1
GCCCAACTCGGAGA,29,1
GCCCAACTCGGAGA,31,1
GCCGACGACTATTC,3,1
GCCGACGACTATTC,33,1
GCCGACGAGCAAGG,17,1
GCCGACGAGCAAGG,6,1
GCCGAGTGAGGTCT,17,1
GCCGAGTGAGGTCT,35,1
GCCGAGTGGGTCAT,25,1
GCCGAGTGGGTCAT,27,1
GCCGAGTGGTGAGG,10,1
GCCGAGTGGTGAGG,25,1
GCCGAGTGTGTCGA,26,1
GCCGAGTGTGTCGA,6,1
GCCGGAACATCAGC,12,1
GCCGGAACATCAGC,31,1
GCCGTACTTCGCCT,17,1
GCCGTACTTCGCCT,35,1
GCCGTACTTTCCGC,25,1
GCCGTACTTTCCGC,37,1
GCCTAGCTGACGTT,12,1
GCCTAGCTGACGTT,17,1
GCCTAGCTGGATTC,24,1
GCCTAGCTGGATTC,32,1
GCCTAGCTTGCAAC,13,1
GCCTAGCTTGCAAC,16,1
GCCTAGCTTTTACC,26,1
GCCTAGCTTTTACC,36,1
GCCTCAACGAAGGC,16,1
GCCTCAACGAAGGC,19,1
GCCTCAACGCCAAT,25,1
GCCTCAACGCCAAT,31,1
GCCTCATGGCTAAC,14,1
GCCTCATGGCTAAC,25,1
GCCTGACTATGTGC,27,1
GCCTGACTATGTGC,29,1
GCCTGACTGGTACT,29,1
GCCTGACTGGTACT,35,1
GCGAAGGACACACA,16,1
GCGAAGGACACACA,36,1
GCGAAGGACTGACA,12,1
GCGAAGGACTGACA,27,1
GCGACTCTGGACAG,14,1
GCGACTCTGGACAG,35,1
GCGACTCTTTCCCG,18,1
GCGACTCTTTCCCG,7,1
GCGAGAGAGTTGCA,16,1
GCGAGAGAGTTGCA,19,1
GCGAGAGATGGGAG,18,1
GCGAGAGATGGGAG,29,1
GCGAGCACATGACC,17,1
GCGAGCACATGACC,7,1
GCGAGCACGAATGA,16,1
GCGAGCACGAATGA,24,1
GCGAGCACTCGATG,23,1
GCGAGCACTCGATG,6,1
GCGAGCACTCGATG,8,1
GCGATATGACCCTC,10,1
GCGATATGACCCTC,35,1
GCGATATGCTCGCT,25,1
GCGATATGCTCGCT,6,1
GCGATATGCTTGTT,15,1
GCGATATGCTTGTT,7,1
GCGATATGGCTGTA,31,1
GCGATATGGCTGTA,33,1
GCGCACGAAACGAA,23,1
GCGCACGAAACGAA,28,1
GCGCACGAACCAGT,31,1
GCGCACGAACCAGT,9,1
GCGCACGAGGTTTG,25,1
GCGCACGAGGTTTG,29,1
GCGCACGATAGAAG,13,1
GCGCACGATAGAAG,19,1
GCGCATCTAGCACT,24,1
GCGCATCTAGCACT,32,1
GCGCATCTGACACT,18,1
GCGCATCTGACACT,37,1
GCGCGAACACCATG,10,1
GCGCGAACACCATG,24,1
GCGCGAACCCATAG,28,1
GCGCGAACCCATAG,37,1
GCGCGAACCCTTAT,13,1
GCGCGAACCCTTAT,16,1
GCGCGAACCGCATA,12,1
GCGCGAACCGCATA,37,1
GCGCGAACTGTCGA,10,1
GCGCGAACTGTCGA,37,1
GCGCGAACTTCGGA,13,1
GCGCGAACTTCGGA,28,1
GCGCGATGCCTCAC,24,1
GCGCGATGCCTCAC,31,1
GCGCGATGCTGACA,29,1
GCGCGATGCTGACA,36,1
GCGGACTGTAGTCG,25,1
GCGGACTGTAGTCG,26,1
GCGGAGCTGGGCAA,25,1
GCGGAGCTGGGCAA,29,1
GCGGAGCTTGTTCT,17,1
GCGGAGCTTGTTCT,32,1
GCGGCAACCGTTAG,16,1
GCGGCAACCGTTAG,25,1
GCGGCAACGGGAGT,24,1
GCGGCAACGGGAGT,25,1
GCGGCAACTCACCC,20,1
GCGGCAACTCACCC,37,1
GCGGGACTAAACGA,13,1
GCGGGACTAAACGA,25,1
GCGGGACTATCAGC,31,1
GCGGGACTATCAGC,33,1
GCGGGACTGGTTTG,13,1
GCGGGACTGGTTTG,8,1
GCGGGACTTAAGGA,13,1
GCGGGACTTAAGGA,29,1
GCGGGACTTGGAAA,13,1
GCGGGACTTGGAAA,36,1
GCGTAAACAAGGGC,29,1
GCGTAAACAAGGGC,32,1
GCGTAAACACACGT,10,1
GCGTAAACACACGT,12,1
GCGTAAACGGTAGG,19,1
GCGTAAACGGTAGG,23,1
GCGTAAACTGTAGC,25,1
GCGTAAACTGTAGC,30,1
GCGTAATGACCCTC,28,1
GCGTAATGACCCTC,7,1
GCGTAATGAGAGAT,20,1
GCGTAATGAGAGAT,24,1
GCGTAATGGCAGAG,23,1
GCGTAATGGCAGAG,7,1
GCGTAATGTGAGAA,20,1
GCGTAATGTGAGAA,35,1
GCGTACCTCCATGA,26,1
GCGTACCTCCATGA,32,1
GCGTACCTCCTGTC,26,1
GCGTACCTCCTGTC,28,1
GCGTACCTTCTCGC,17,1
GCGTACCTTCTCGC,35,1
GCGTATGACCAACA,17,1
GCGTATGACCAACA,35,1
GCGTATGAGTAGCT,29,1
GCGTATGAGTAGCT,33,1
GCGTATGAGTCGTA,30,1
GCGTATGAGTCGTA,8,1
GCGTATGATGGAGG,24,1
GCGTATGATGGAGG,28,1
GCTACAGACAGAGG,17,1
GCTACAGACAGAGG,31,1
GCTACAGACTTGTT,20,1
GCTACAGACTTGTT,8,1
GCTACAGAGGAGGT,13,1
GCTACAGAGGAGGT,33,1
GCTACAGAGTATCG,12,1
GCTACAGAGTATCG,25,1
GCTACAGATCCTAT,23,1
GCTACAGATCCTAT,6,1
GCTACCTGATCTTC,12,1
GCTACCTGATCTTC,36,1
GCTACCTGGATGAA,13,1
GCTACCTGGATGAA,19,1
GCTACGCTAGCATC,12,1
GCTACGCTAGCATC,17,1
GCTACGCTGGGTGA,13,1
GCTACGCTGGGTGA,29,1
GCTACGCTGTGCTA,26,1
GCTACGCTGTGCTA,32,1
GCTAGAACGAGCTT,14,1
GCTAGAACGAGCTT,37,1
GCTAGATGCGACTA,26,1
GCTAGATGCGACTA,35,1
GCTAGATGCGAGAG,12,1
GCTAGATGCGAGAG,29,1
GCTAGATGGAATAG,29,1
GCTAGATGGAATAG,33,1
GCTAGATGTCTTCA,24,1
GCTAGATGTCTTCA,27,1
GCTATACTAGCAAA,24,1
GCTATACTAGCAAA,26,1
GCTATACTTCGCTC,30,1
GCTATACTTCGCTC,36,1
GCTCAAGAGAGGTG,27,1
GCTCAAGAGAGGTG,34,1
GCTCACTGCTGTAG,15,1
GCTCACTGCTGTAG,7,1
GCTCACTGGAAAGT,13,1
GCTCACTGGAAAGT,25,1
GCTCACTGTGCAGT,12,1
GCTCACTGTGCAGT,23,1
GCTCACTGTTCTAC,27,1
GCTCACTGTTCTAC,28,1
GCTCAGCTCTATGG,12,1
GCTCAGCTCTATGG,16,1
GCTCCATGAGAACA,16,1
GCTCCATGAGAACA,35,1
GCTCCATGATGCTG,29,1
GCTCCATGATGCTG,9,1
GCTCCATGGACAGG,27,1
GCTCCATGGACAGG,29,1
GCTCCATGGGATCT,17,1
GCTCCATGGGATCT,35,1
GCTCCATGGGATCT,36,1
GCTCCATGTAACCG,20,1
GCTCCATGTAACCG,36,1
GCTCGACTATTCGG,12,1
GCTCGACTATTCGG,30,1
GCTGATGACAAGCT,29,1
GCTGATGACAAGCT,8,1
GCTGATGAGAGGCA,17,1
GCTGATGAGAGGCA,9,1
GCTTAACTACCACA,12,1
GCTTAACTACCACA,17,1
GCTTAACTCGTACA,15,1
GCTTAACTCGTACA,24,1
GCTTAACTGTTCTT,37,1
GCTTAACTGTTCTT,8,1
GCTTAACTTGACCA,29,1
GCTTAACTTGACCA,30,1
GCTTGAGACTTGCC,29,1
GCTTGAGACTTGCC,9,1
GCTTGAGAGAGCTT,23,1
GCTTGAGAGAGCTT,28,1
GCTTGAGAGTAAGA,13,1
GCTTGAGAGTAAGA,24,1
GCTTGAGAGTGAGG,24,1
GCTTGAGAGTGAGG,36,1
GCTTGAGATCCTGC,12,1
GCTTGAGATCCTGC,32,1
GGAACACTAGCAAA,13,1
GGAACACTAGCAAA,9,1
GGAACACTTTACCT,30,1
GGAACACTTTACCT,35,1
GGAACTACAAAACG,16,1
GGAACTACAAAACG,30,1
GGAACTACAGAATG,24,1
GGAACTACAGAATG,35,1
GGAACTACAGGTTC,24,1
GGAACTACAGGTTC,33,1
GGAACTACCCTCGT,27,1
GGAACTACCCTCGT,34,1
GGAACTACCTGGAT,27,1
GGAACTACCTGGAT,29,1
GGAACTACGACAAA,29,1
GGAACTACGACAAA,5,1
GGAACTACGATAAG,19,1
GGAACTACGATAAG,27,1
GGAACTACGTCTGA,19,1
GGAACTACGTCTGA,34,1
GGAACTTGCACTCC,17,1
GGAACTTGCACTCC,24,1
GGAACTTGCTGAGT,18,1
GGAACTTGCTGAGT,27,1
GGAACTTGGTCGTA,16,1
GGAACTTGGTCGTA,19,1
GGAAGGACACGGAG,30,1
GGAAGGACACGGAG,9,1
GGAAGGACACTTTC,16,1
GGAAGGACACTTTC,35,1
GGAAGGACGCTCCT,31,1
GGAAGGACGCTCCT,32,1
GGAAGGACTCGCCT,34,1
GGAAGGACTCGCCT,37,1
GGAAGGACTGTCCC,23,1
GGAAGGACTGTCCC,24,1
GGAATCTGCCTGTC,19,1
GGAATCTGCCTGTC,36,1
GGAATCTGCTGCTC,24,1
GGAATCTGCTGCTC,27,1
GGAATCTGCTGGTA,24,1
GGAATCTGCTGGTA,35,1
GGAATCTGTCGCAA,25,1
GGAATCTGTCGCAA,26,1
GGAATGCTAGGTTC,24,1
GGAATGCTAGGTTC,26,1
GGAATGCTCGACAT,16,1
GGAATGCTCGACAT,25,1
GGAATGCTTGGTAC,13,1
GGAATGCTTGGTAC,28,1
GGACAGGAGGTTCA,13,1
GGACAGGAGGTTCA,35,1
GGACAGGATAGAAG,12,1
GGACAGGATAGAAG,8,1
GGACATTGGGTACT,18,1
GGACATTGGGTACT,24,1
GGACCCGAACGGTT,24,1
GGACCCGAACGGTT,31,1
GGACCCGACCTACC,24,1
GGACCCGACCTACC,29,1
GGACCCGACCTGTC,23,1
GGACCCGACCTGTC,27,1
GGACCCGACTAAGC,13,1
GGACCCGACTAAGC,25,1
GGACCCGAGGTTAC,19,1
GGACCCGAGGTTAC,28,1
GGACCCGATTATCC,16,1
GGACCCGATTATCC,17,1
GGACCGTGACTACG,27,1
GGACCGTGACTACG,5,1
GGACCGTGGAACCT,29,1
GGACCGTGGAACCT,34,1
GGACCGTGGCGTTA,33,1
GGACCGTGGCGTTA,36,1
GGACCGTGGGTAGG,28,1
GGACCGTGGGTAGG,36,1
GGACCGTGTGAAGA,13,1
GGACCGTGTGAAGA,7,1
GGACCTCTATGCTG,17,1
GGACCTCTATGCTG,25,1
GGACCTCTCAGAAA,24,1
GGACCTCTCAGAAA,35,1
GGACCTCTCGCTAA,25,1
GGACCTCTCGCTAA,29,1
GGACGAGAGTCTAG,30,1
GGACGAGAGTCTAG,35,1
GGACGAGATCAAGC,17,1
GGACGAGATCAAGC,35,1
GGACGAGATCAGTG,30,1
GGACGAGATCAGTG,31,1
GGACGAGATGATGC,24,1
GGACGAGATGATGC,9,1
GGACGAGATTCCGC,24,1
GGACGAGATTCCGC,4,1
GGACGCACCTGTAG,26,1
GGACGCACCTGTAG,34,1
GGACGCTGCCACAA,29,1
GGACGCTGCCACAA,33,1
GGACGCTGCCCTAC,28,1
GGACGCTGCCCTAC,29,1
GGACGCTGGGTAAA,17,1
GGACGCTGGGTAAA,31,1
GGACGCTGGGTTAC,14,1
GGACGCTGGGTTAC,34,1
GGACTATGAAAGTG,20,1
GGACTATGAAAGTG,29,1
GGACTATGGGTCAT,24,1
GGACTATGGGTCAT,36,1
GGACTATGGTGAGG,28,1
GGACTATGGTGAGG,29,1
GGAGACGAAAGTAG,17,1
GGAGACGAAAGTAG,6,1
GGAGACGACCAACA,10,1
GGAGACGACCAACA,17,1
GGAGAGACAACCGT,16,1
GGAGAGACAACCGT,35,1
GGAGAGACAACCGT,7,1
GGAGAGACACTTTC,17,1
GGAGAGACACTTTC,8,1
GGAGAGACGGGCAA,32,1
GGAGAGACGGGCAA,33,1
GGAGCAGAACGTTG,24,1
GGAGCAGAACGTTG,34,1
GGAGCAGAAGAAGT,24,1
GGAGCAGAAGAAGT,35,1
GGAGCAGACTTTAC,24,1
GGAGCAGACTTTAC,26,1
GGAGCAGAGGAGCA,27,1
GGAGCAGAGGAGCA,34,1
GGAGCAGATAAGGA,24,1
GGAGCAGATAAGGA,30,1
GGAGCCACGTACGT,28,1
GGAGCCACGTACGT,6,1
GGAGGATGACGGAG,36,1
GGAGGATGACGGAG,7,1
GGAGGCCTAGCCAT,13,1
GGAGGCCTAGCCAT,36,1
GGAGGCCTATACCG,32,1
GGAGGCCTATACCG,9,1
GGAGGTGATCGCCT,24,1
GGAGGTGATCGCCT,35,1
GGAGTTACCAGAAA,16,1
GGAGTTACCAGAAA,25,1
GGAGTTACGCCTTC,17,1
GGAGTTACGCCTTC,26,1
GGAGTTACGCCTTC,29,1
GGAGTTTGAATGCC,15,1
GGAGTTTGAATGCC,17,1
GGAGTTTGCGATAC,27,1
GGAGTTTGCGATAC,31,1
GGAGTTTGGATAAG,25,1
GGAGTTTGGATAAG,34,1
GGAGTTTGGGCATT,30,1
GGAGTTTGGGCATT,8,1
GGATACTGATCACG,19,1
GGATACTGATCACG,29,1
GGATACTGCCTTGC,25,1
GGATACTGCCTTGC,27,1
GGATACTGCGCCTT,19,1
GGATACTGCGCCTT,32,1
GGATACTGGAATCC,17,1
GGATACTGGAATCC,5,1
GGATACTGGTAGGG,26,1
GGATACTGGTAGGG,35,1
GGATAGCTCTACTT,16,1
GGATAGCTCTACTT,34,1
GGATAGCTCTAGTG,15,1
GGATAGCTCTAGTG,19,1
GGATAGCTGGATTC,13,1
GGATAGCTGGATTC,26,1
GGATAGCTTCGCAA,13,1
GGATAGCTTCGCAA,26,1
GGATGTACCCAGTA,19,1
GGATGTACCCAGTA,4,1
GGATGTACCCGTAA,34,1
GGATGTACCCGTAA,36,1
GGATGTACCTGAAC,16,1
GGATGTACCTGAAC,33,1
GGATGTACTGCGTA,16,1
GGATGTACTGCGTA,26,1
GGATGTTGAGAACA,34,1
GGATGTTGAGAACA,36,1
GGATGTTGAGTGTC,27,1
GGATGTTGAGTGTC,7,1
GGATGTTGCATTTC,24,1
GGATGTTGCATTTC,34,1
GGATGTTGGGTTTG,19,1
GGATGTTGGGTTTG,35,1
GGATGTTGGGTTTG,6,1
GGATGTTGGTAAGA,16,1
GGATGTTGGTAAGA,24,1
GGATGTTGGTACGT,12,1
GGATGTTGGTACGT,16,1
GGATGTTGGTACGT,26,1
GGATGTTGGTATCG,28,1
GGATGTTGGTATCG,29,1
GGATTGTGCTTATC,12,1
GGATTGTGCTTATC,13,1
GGATTGTGGTGCAT,13,1
GGATTGTGGTGCAT,16,1
GGATTGTGGTTGAC,26,1
GGATTGTGGTTGAC,36,1
GGATTGTGTCCTAT,3,1
GGATTGTGTCCTAT,7,1
GGATTGTGTGTAGC,18,1
GGATTGTGTGTAGC,26,1
GGATTTCTCCAAGT,16,1
GGATTTCTCCAAGT,31,1
GGCAAGGAACCGAT,13,1
GGCAAGGAACCGAT,29,1
GGCAAGGAATGCCA,23,1
GGCAAGGAATGCCA,31,1
GGCAAGGAGCTATG,32,1
GGCAAGGAGCTATG,6,1
GGCAAGGAGTGTAC,19,1
GGCAAGGAGTGTAC,36,1
GGCAAGGATAAAGG,24,1
GGCAAGGATAAAGG,26,1
GGCAAGGATCTATC,24,1
GGCAAGGATCTATC,25,1
GGCAATACAGAAGT,10,1
GGCAATACAGAAGT,26,1
GGCAATACAGTCTG,25,1
GGCAATACAGTCTG,31,1
GGCAATACTTCAGG,32,1
GGCAATACTTCAGG,7,1
GGCACGTGAAGAAC,19,1
GGCACGTGAAGAAC,37,1
GGCACGTGCTTTAC,17,1
GGCACGTGCTTTAC,35,1
GGCACGTGTGCAGT,16,1
GGCACGTGTGCAGT,25,1
GGCACTCTAAGGGC,16,1
GGCACTCTAAGGGC,25,1
GGCACTCTGGGACA,36,1
GGCACTCTGGGACA,8,1
GGCATATGACGGAG,33,1
GGCATATGACGGAG,34,1
GGCATATGCACCAA,13,1
GGCATATGCACCAA,24,1
GGCATATGCACCAA,27,1
GGCATATGCCTAAG,17,1
GGCATATGCCTAAG,29,1
GGCATATGTCACGA,24,1
GGCATATGTCACGA,25,1
GGCATATGTGAAGA,20,1
GGCATATGTGAAGA,27,1
GGCCACGAAGATCC,23,1
GGCCACGAAGATCC,9,1
GGCCACGAAGGTTC,16,1
GGCCACGAAGGTTC,36,1
GGCCACGACTTACT,27,1
GGCCACGACTTACT,29,1
GGCCACGAGAGCTT,17,1
GGCCACGAGAGCTT,31,1
GGCCACGAGAGCTT,33,1
GGCCACGAGGTCTA,24,1
GGCCACGAGGTCTA,29,1
GGCCACGAGTTGGT,23,1
GGCCACGAGTTGGT,8,1
GGCCACGATAGAGA,24,1
GGCCACGATAGAGA,29,1
GGCCACGATCTTTG,26,1
GGCCACGATCTTTG,27,1
GGCCACGATTGGCA,24,1
GGCCACGATTGGCA,25,1
GGCCACGATTGGCA,29,1
GGCCAGACAGATCC,12,1
GGCCAGACAGATCC,29,1
GGCCAGACGGAAAT,17,1
GGCCAGACGGAAAT,30,1
GGCCAGACTGCCTC,25,1
GGCCAGACTGCCTC,37,1
GGCCCAGAAAGAAC,19,1
GGCCCAGAAAGAAC,24,1
GGCCCAGATGCTCC,12,1
GGCCCAGATGCTCC,26,1
GGCCGAACGTACGT,25,1
GGCCGAACGTACGT,28,1
GGCCGAACTGCCCT,25,1
GGCCGAACTGCCCT,27,1
GGCCGAACTTATCC,10,1
GGCCGAACTTATCC,27,1
GGCCGATGCTGCTC,25,1
GGCCGATGCTGCTC,29,1
GGCCGATGCTTCTA,12,1
GGCCGATGCTTCTA,7,1
GGCCGATGGCATAC,28,1
GGCCGATGGCATAC,30,1
GGCCGATGGTTGTG,16,1
GGCCGATGGTTGTG,24,1
GGCGACACGGGTGA,18,1
GGCGACACGGGTGA,27,1
GGCGACACGTCGTA,35,1
GGCGACACGTCGTA,36,1
GGCGACACGTCTAG,10,1
GGCGACACGTCTAG,36,1
GGCGACACGTGTAC,29,1
GGCGACACGTGTAC,34,1
GGCGACACGTTGAC,14,1
GGCGACACGTTGAC,33,1
GGCGACACGTTGCA,1,1
GGCGACACGTTGCA,35,1
GGCGACACTTGACG,17,1
GGCGACACTTGACG,33,1
GGCGCATGACGCTA,35,1
GGCGCATGACGCTA,9,1
GGCGCATGAGCACT,12,1
GGCGCATGAGCACT,27,1
GGCGCATGAGCGTT,34,1
GGCGCATGAGCGTT,8,1
GGCGCATGCACAAC,29,1
GGCGCATGCACAAC,32,1
GGCGCATGGGCATT,14,1
GGCGCATGGGCATT,34,1
GGCGGACTATTCTC,35,1
GGCGGACTATTCTC,37,1
GGCGGACTCTATGG,15,1
GGCGGACTCTATGG,19,1
GGCGGACTGAGACG,17,1
GGCGGACTGAGACG,33,1
GGCGGACTTAGCGT,17,1
GGCGGACTTAGCGT,25,1
GGCTAAACCCTACC,24,1
GGCTAAACCCTACC,35,1
GGCTAAACGCGTTA,31,1
GGCTAAACGCGTTA,6,1
GGCTAAACTCGTTT,17,1
GGCTAAACTCGTTT,6,1
GGCTAATGGAGACG,25,1
GGCTAATGGAGACG,29,1
GGCTAATGGTCGTA,17,1
GGCTAATGGTCGTA,20,1
GGCTAATGTGGAAA,19,1
GGCTAATGTGGAAA,30,1
GGCTAATGTTTCGT,27,1
GGCTAATGTTTCGT,31,1
GGCTACCTGTTGGT,24,1
GGCTACCTGTTGGT,26,1
GGCTACCTTCGTTT,26,1
GGCTACCTTCGTTT,37,1
GGCTCACTAATGCC,17,1
GGCTCACTAATGCC,25,1
GGCTCACTCTGTAG,24,1
GGCTCACTCTGTAG,27,1
GGCTCACTCTTACT,17,1
GGCTCACTCTTACT,27,1
GGCTCACTTAAAGG,15,1
GGCTCACTTAAAGG,36,1
GGGAACGAAAAACG,32,1
GGGAACGAAAAACG,7,1
GGGAACGAACTTTC,24,1
GGGAACGAACTTTC,29,1
GGGAACGAGCAGTT,28,1
GGGAACGAGCAGTT,32,1
GGGAAGACAACCTG,26,1
GGGAAGACAACCTG,30,1
GGGAAGACAGTGCT,25,1
GGGAAGACAGTGCT,29,1
GGGAAGACATGTGC,24,1
GGGAAGACATGTGC,29,1
GGGAAGACCCTCGT,16,1
GGGAAGACCCTCGT,25,1
GGGAAGTGCTCGCT,29,1
GGGAAGTGCTCGCT,35,1
GGGAAGTGGCATCA,26,1
GGGAAGTGGCATCA,28,1
GGGAAGTGGCGAGA,24,1
GGGAAGTGGCGAGA,37,1
GGGAAGTGGTTCTT,33,1
GGGAAGTGGTTCTT,35,1
GGGACCACAGCTCA,24,1
GGGACCACAGCTCA,36,1
GGGACCACGTCATG,12,1
GGGACCACGTCATG,27,1
GGGACCACGTTGAC,12,1
GGGACCACGTTGAC,17,1
GGGACCACTAAGCC,13,1
GGGACCACTAAGCC,25,1
GGGACCACTCCGTC,12,1
GGGACCACTCCGTC,24,1
GGGACCACTCCTTA,29,1
GGGACCACTCCTTA,35,1
GGGACCTGAGTACC,26,1
GGGACCTGAGTACC,27,1
GGGACCTGCCCTCA,12,1
GGGACCTGCCCTCA,34,1
GGGACCTGGTGAGG,37,1
GGGACCTGGTGAGG,7,1
GGGACCTGTTCGCC,23,1
GGGACCTGTTCGCC,35,1
GGGATGGAAGAGTA,25,1
GGGATGGAAGAGTA,30,1
GGGATGGACACTCC,27,1
GGGATGGACACTCC,7,1
GGGATGGACCTACC,12,1
GGGATGGACCTACC,27,1
GGGATTACAAGCCT,17,1
GGGATTACAAGCCT,35,1
GGGATTACACCCTC,34,1
GGGATTACACCCTC,36,1
GGGATTACCCAATG,23,1
GGGATTACCCAATG,25,1
GGGATTACGGTGGA,18,1
GGGATTACGGTGGA,25,1
GGGATTACTCACGA,17,1
GGGATTACTCACGA,25,1
GGGCAAGAAGGCGA,10,1
GGGCAAGAAGGCGA,12,1
GGGCAAGAGGATCT,19,1
GGGCAAGAGGATCT,27,1
GGGCACACAGGCGA,25,1
GGGCACACAGGCGA,29,1
GGGCACACGACGGA,13,1
GGGCACACGACGGA,25,1
GGGCACACGACGGA,27,1
GGGCACACTAGTCG,28,1
GGGCACACTAGTCG,34,1
GGGCACACTTAGGC,27,1
GGGCACACTTAGGC,29,1
GGGCACACTTAGGC,36,1
GGGCAGCTCATGAC,10,1
GGGCAGCTCATGAC,19,1
GGGCAGCTGAGATA,19,1
GGGCAGCTGAGATA,29,1
GGGCAGCTGTATGC,28,1
GGGCAGCTGTATGC,32,1
GGGCCAACGTCTTT,10,1
GGGCCAACGTCTTT,37,1
GGGCCATGGATAGA,13,1
GGGCCATGGATAGA,25,1
GGGCCATGGTCTTT,24,1
GGGCCATGGTCTTT,36,1
GGGTAACTAAGCAA,10,1
GGGTAACTAAGCAA,16,1
GGGTAACTGCTTCC,26,1
GGGTAACTGCTTCC,33,1
GGGTAACTTCTTTG,12,1
GGGTAACTTCTTTG,32,1
GGGTTAACACTTTC,27,1
GGGTTAACACTTTC,31,1
GGGTTAACCGAGTT,12,1
GGGTTAACCGAGTT,33,1
GGGTTAACTTGAGC,6,1
GGGTTAACTTGAGC,7,1
GGGTTATGAGAAGT,17,1
GGGTTATGAGAAGT,34,1
GGGTTATGGCATCA,25,1
GGGTTATGGCATCA,27,1
GGGTTATGGCGAGA,36,1
GGGTTATGGCGAGA,7,1
GGGTTATGGGTTCA,24,1
GGGTTATGGGTTCA,33,1
GGGTTATGGTAAGA,25,1
GGGTTATGGTAAGA,26,1
GGGTTATGGTAAGA,36,1
GGTAAAGAAGCAAA,19,1
GGTAAAGAAGCAAA,35,1
GGTACAACAACTGC,33,1
GGTACAACAACTGC,36,1
GGTACAACCCTTGC,31,1
GGTACAACCCTTGC,7,1
GGTACAACGGCGAA,15,1
GGTACAACGGCGAA,24,1
GGTACAACTGAACC,27,1
GGTACAACTGAACC,37,1
GGTACATGAAGGCG,34,1
GGTACATGAAGGCG,5,1
GGTACTGAGCATCA,24,1
GGTACTGAGCATCA,25,1
GGTACTGATCCTCG,26,1
GGTACTGATCCTCG,37,1
GGTACTGATGGAAA,26,1
GGTACTGATGGAAA,35,1
GGTAGTACAAAGTG,28,1
GGTAGTACAAAGTG,29,1
GGTAGTACCATTCT,19,1
GGTAGTACCATTCT,30,1
GGTAGTACCTGTCC,24,1
GGTAGTACCTGTCC,37,1
GGTATCGAAACGTC,27,1
GGTATCGAAACGTC,6,1
GGTATCGAAAGAGT,26,1
GGTATCGAAAGAGT,35,1
GGTATCGACCTGTC,36,1
GGTATCGACCTGTC,7,1
GGTATGACACACGT,26,1
GGTATGACACACGT,8,1
GGTATGACCTGGTA,29,1
GGTATGACCTGGTA,34,1
GGTATGACGTAAGA,12,1
GGTATGACGTAAGA,33,1
GGTATGACTAGTCG,28,1
GGTATGACTAGTCG,36,1
GGTATGACTGGTTG,28,1
GGTATGACTGGTTG,36,1
GGTATGACTTGGCA,12,1
GGTATGACTTGGCA,18,1
GGTCAAACCGGTAT,19,1
GGTCAAACCGGTAT,37,1
GGTCAAACTAAAGG,31,1
GGTCAAACTAAAGG,32,1
GGTCTAGAAATGCC,20,1
GGTCTAGAAATGCC,29,1
GGTCTAGACAACCA,29,1
GGTCTAGACAACCA,8,1
GGTCTAGACACCAA,17,1
GGTCTAGACACCAA,7,1
GGTCTAGAGCCCTT,35,1
GGTCTAGAGCCCTT,9,1
GGTCTAGATCCTCG,26,1
GGTCTAGATCCTCG,29,1
GGTGATACCACTTT,23,1
GGTGATACCACTTT,29,1
GGTGATACCTACGA,13,1
GGTGATACCTACGA,27,1
GGTGATACTATGGC,29,1
GGTGATACTATGGC,9,1
GGTGGAGACGCAAT,20,1
GGTGGAGACGCAAT,30,1
GGTGGAGAGAGGGT,7,1
GGTGGAGAGAGGGT,9,1
GGTTGAACAGTGCT,12,1
GGTTGAACAGTGCT,29,1
GGTTGAACGGGACA,10,1
GGTTGAACGGGACA,35,1
GGTTTACTAAGAGT,27,1
GGTTTACTAAGAGT,29,1
GGTTTACTAGAACA,19,1
GGTTTACTAGAACA,35,1
GGTTTACTATCGTG,13,1
GGTTTACTATCGTG,7,1
GGTTTACTCCGTTC,28,1
GGTTTACTCCGTTC,29,1
GTAACGTGAAGCCT,24,1
GTAACGTGAAGCCT,25,1
GTAACGTGAGAATG,12,1
GTAACGTGAGAATG,32,1
GTAACGTGGCCCTT,23,1
GTAACGTGGCCCTT,33,1
GTAAGCACAATGCC,12,1
GTAAGCACAATGCC,9,1
GTAAGCACACAGTC,24,1
GTAAGCACACAGTC,30,1
GTAAGCACAGTACC,31,1
GTAAGCACAGTACC,5,1
GTAAGCACCAACCA,17,1
GTAAGCACCAACCA,29,1
GTAAGCACCCCGTT,19,1
GTAAGCACCCCGTT,32,1
GTAAGCACGATAGA,16,1
GTAAGCACGATAGA,32,1
GTAAGCTGACAGCT,14,1
GTAAGCTGACAGCT,28,1
GTAAGCTGTCAGGT,15,1
GTAAGCTGTCAGGT,16,1
GTAAGCTGTCAGGT,25,1
GTAATAACCCATAG,12,1
GTAATAACCCATAG,33,1
GTAATAACCGCATA,28,1
GTAATAACCGCATA,33,1
GTAATAACCTCGCT,26,1
GTAATAACCTCGCT,31,1
GTAATAACGGAAGC,12,1
GTAATAACGGAAGC,35,1
GTAATAACGGTGAG,12,1
GTAATAACGGTGAG,35,1
GTAATAACTGTGGT,30,1
GTAATAACTGTGGT,37,1
GTAATATGCCTATT,24,1
GTAATATGCCTATT,29,1
GTAATATGGACAGG,26,1
GTAATATGGACAGG,7,1
GTACAGTGAACGTC,27,1
GTACAGTGAACGTC,37,1
GTACAGTGACACAC,26,1
GTACAGTGACACAC,30,1
GTACAGTGGAATGA,16,1
GTACAGTGGAATGA,29,1
GTACAGTGGAGGTG,24,1
GTACAGTGGAGGTG,27,1
GTACAGTGGAGGTG,6,1
GTACAGTGGGAACG,12,1
GTACAGTGGGAACG,9,1
GTACCCTGGGAAAT,25,1
GTACCCTGGGAAAT,26,1
GTACCCTGTTCCCG,34,1
GTACCCTGTTCCCG,9,1
GTACCCTGTTTCTG,25,1
GTACCCTGTTTCTG,29,1
GTACGAACATACCG,18,1
GTACGAACATACCG,32,1
GTACGAACCGTTGA,12,1
GTACGAACCGTTGA,29,1
GTACGAACCTGTGA,13,1
GTACGAACCTGTGA,27,1
GTACGAACCTTATC,24,1
GTACGAACCTTATC,34,1
GTACGTGACCCTTG,12,1
GTACGTGACCCTTG,19,1
GTACGTGACGATAC,12,1
GTACGTGACGATAC,34,1
GTACGTGATCTTCA,13,1
GTACGTGATCTTCA,24,1
GTACTACTATTCGG,12,1
GTACTACTATTCGG,25,1
GTACTACTCGTTGA,17,1
GTACTACTCGTTGA,7,1
GTACTACTCTCATT,29,1
GTACTACTCTCATT,31,1
GTACTACTGCTGAT,12,1
GTACTACTGCTGAT,25,1
GTACTACTTCAGTG,16,1
GTACTACTTCAGTG,26,1
GTACTTTGCAATCG,16,1
GTACTTTGCAATCG,33,1
GTACTTTGTGATGC,17,1
GTACTTTGTGATGC,27,1
GTACTTTGTGTCAG,13,1
GTACTTTGTGTCAG,25,1
GTACTTTGTTGACG,16,1
GTACTTTGTTGACG,24,1
GTAGACTGACCTAG,16,1
GTAGACTGACCTAG,31,1
GTAGACTGCCAAGT,30,1
GTAGACTGCCAAGT,33,1
GTAGACTGGCCAAT,27,1
GTAGACTGGCCAAT,31,1
GTAGACTGTGTAGC,17,1
GTAGACTGTGTAGC,27,1
GTAGCAACAGAGAT,2,1
GTAGCAACAGAGAT,24,1
GTAGCAACTGCACA,26,1
GTAGCAACTGCACA,27,1
GTAGCATGCTAAGC,13,1
GTAGCATGCTAAGC,20,1
GTAGCCCTCATGCA,1,1
GTAGCCCTCATGCA,16,1
GTAGCCCTCGGTAT,10,1
GTAGCCCTCGGTAT,26,1
GTAGCCCTTCCAAG,19,1
GTAGCCCTTCCAAG,2,1
GTAGCTGAATGCTG,12,1
GTAGCTGAATGCTG,16,1
GTAGCTGACAGAGG,25,1
GTAGCTGACAGAGG,8,1
GTAGCTGAGCTCCT,17,1
GTAGCTGAGCTCCT,25,1
GTAGCTGATGGAAA,10,1
GTAGCTGATGGAAA,16,1
GTAGCTGATTCTGT,12,1
GTAGCTGATTCTGT,37,1
GTAGGTACAGTCGT,31,1
GTAGGTACAGTCGT,5,1
GTAGTCGAGGACGA,13,1
GTAGTCGAGGACGA,29,1
GTAGTCGAGTACGT,26,1
GTAGTCGAGTACGT,35,1
GTAGTCGAGTTGAC,16,1
GTAGTCGAGTTGAC,6,1
GTAGTGACCCACAA,17,1
GTAGTGACCCACAA,30,1
GTAGTGACTGGTGT,17,1
GTAGTGACTGGTGT,25,1
GTAGTGTGAGGAGC,19,1
GTAGTGTGAGGAGC,35,1
GTAGTGTGAGGAGC,36,1
GTAGTGTGCAAAGA,24,1
GTAGTGTGCAAAGA,26,1
GTAGTGTGCAAAGA,33,1
GTAGTGTGCACTTT,26,1
GTAGTGTGCACTTT,32,1
GTAGTGTGCCTAAG,19,1
GTAGTGTGCCTAAG,37,1
GTAGTGTGGCCCTT,17,1
GTAGTGTGGCCCTT,26,1
GTAGTGTGGGTCAT,36,1
GTAGTGTGGGTCAT,5,1
GTAGTGTGTGCGTA,19,1
GTAGTGTGTGCGTA,30,1
GTAGTGTGTGCGTA,6,1
GTATCACTCACACA,12,1
GTATCACTCACACA,35,1
GTATCACTGTTAGC,17,1
GTATCACTGTTAGC,24,1
GTATCACTGTTGAC,25,1
GTATCACTGTTGAC,6,1
GTATCACTTGTCTT,13,1
GTATCACTTGTCTT,37,1
GTATCTACACCTGA,37,1
GTATCTACACCTGA,5,1
GTATCTACACGGTT,20,1
GTATCTACACGGTT,28,1
GTATCTACGAAGGC,29,1
GTATCTACGAAGGC,35,1
GTATCTACGTCGTA,25,1
GTATCTACGTCGTA,35,1
GTATGGTGACGCTA,29,1
GTATGGTGACGCTA,34,1
GTATGGTGGGATCT,12,1
GTATGGTGGGATCT,34,1
GTATGGTGGGTTTG,10,1
GTATGGTGGGTTTG,24,1
GTATGGTGTGCATG,36,1
GTATGGTGTGCATG,7,1
GTATTAGATAGAAG,25,1
GTATTAGATAGAAG,27,1
GTATTCACCGCCTT,28,1
GTATTCACCGCCTT,29,1
GTATTCACCTCAAG,23,1
GTATTCACCTCAAG,37,1
GTATTCACGATACC,16,1
GTATTCACGATACC,36,1
GTATTCACGCAAGG,25,1
GTATTCACGCAAGG,33,1
GTATTCACTTCTGT,12,1
GTATTCACTTCTGT,34,1
GTCAACGAATCTCT,12,1
GTCAACGAATCTCT,25,1
GTCAACGAGCCATA,14,1
GTCAACGAGCCATA,15,1
GTCAACGAGTCTTT,18,1
GTCAACGAGTCTTT,27,1
GTCAACGATGAAGA,28,1
GTCAACGATGAAGA,31,1
GTCAACGATTGAGC,24,1
GTCAACGATTGAGC,35,1
GTCAATCTAACCAC,17,1
GTCAATCTAACCAC,33,1
GTCAATCTACACCA,24,1
GTCAATCTACACCA,30,1
GTCAATCTATCGAC,1,1
GTCAATCTATCGAC,27,1
GTCAATCTCACCAA,18,1
GTCAATCTCACCAA,20,1
GTCAATCTCTACTT,13,1
GTCAATCTCTACTT,29,1
GTCAATCTCTACTT,33,1
GTCAATCTCTCGAA,17,1
GTCAATCTCTCGAA,27,1
GTCACAGATGGTAC,30,1
GTCACAGATGGTAC,34,1
GTCACCTGAAGCCT,20,1
GTCACCTGAAGCCT,34,1
GTCACCTGAAGGCG,17,1
GTCACCTGAAGGCG,29,1
GTCACCTGCTAGCA,24,1
GTCACCTGCTAGCA,26,1
GTCACCTGCTTCCG,19,1
GTCACCTGCTTCCG,24,1
GTCATACTTGTAGC,13,1
GTCATACTTGTAGC,29,1
GTCATACTTTGTGG,24,1
GTCATACTTTGTGG,5,1
GTCCAAGAACAGTC,28,1
GTCCAAGAACAGTC,37,1
GTCCAAGACATCAG,29,1
GTCCAAGACATCAG,30,1
GTCCAAGACCCACT,16,1
GTCCAAGACCCACT,8,1
GTCCAAGATGAACC,25,1
GTCCAAGATGAACC,34,1
GTCCAAGATGACAC,25,1
GTCCAAGATGACAC,36,1
GTCCAAGATGGTGT,29,1
GTCCAAGATGGTGT,37,1
GTCCACACCAACTG,29,1
GTCCACACCAACTG,32,1
GTCCACACTACAGC,13,1
GTCCACACTACAGC,26,1
GTCCACTGGCAAGG,32,1
GTCCACTGGCAAGG,4,1
GTCCACTGGCTAAC,26,1
GTCCACTGGCTAAC,5,1
GTCCACTGTCCTAT,10,1
GTCCACTGTCCTAT,30,1
GTCCACTGTGAGGG,25,1
GTCCACTGTGAGGG,27,1
GTCCAGCTGCGGAA,15,1
GTCCAGCTGCGGAA,24,1
GTCCAGCTTCCTGC,23,1
GTCCAGCTTCCTGC,26,1
GTCCCATGACCCAA,24,1
GTCCCATGACCCAA,28,1
GTCCCATGCTCTTA,12,1
GTCCCATGCTCTTA,26,1
GTCCCATGGATACC,10,1
GTCCCATGGATACC,34,1
GTCGAATGAAAAGC,19,1
GTCGAATGAAAAGC,29,1
GTCGAATGATGGTC,25,1
GTCGAATGATGGTC,31,1
GTCGAATGGATACC,12,1
GTCGAATGGATACC,24,1
GTCGAATGGTCAAC,13,1
GTCGAATGGTCAAC,6,1
GTCGAATGTCACGA,16,1
GTCGAATGTCACGA,37,1
GTCGACCTGTGCTA,16,1
GTCGACCTGTGCTA,25,1
GTCGACCTTATGGC,29,1
GTCGACCTTATGGC,37,1
GTCGCACTAGAAGT,24,1
GTCGCACTAGAAGT,35,1
GTCGCACTCCCAAA,13,1
GTCGCACTCCCAAA,16,1
GTCGCACTGTAAGA,16,1
GTCGCACTGTAAGA,6,1
GTCGCACTTAAGCC,34,1
GTCGCACTTAAGCC,6,1
GTCGCACTTACTCT,28,1
GTCGCACTTACTCT,30,1
GTCTAACTAAAGCA,25,1
GTCTAACTAAAGCA,33,1
GTCTAACTAAAGCA,37,1
GTCTAACTACCAAC,12,1
GTCTAACTACCAAC,6,1
GTCTAACTCGCAAT,24,1
GTCTAACTCGCAAT,25,1
GTCTAACTCTCCAC,26,1
GTCTAACTCTCCAC,27,1
GTCTAACTGAATGA,12,1
GTCTAACTGAATGA,3,1
GTCTAACTGTAAGA,37,1
GTCTAACTGTAAGA,7,1
GTCTAGGAGGACAG,19,1
GTCTAGGAGGACAG,20,1
GTCTAGGAGGACAG,25,1
GTCTAGGAGGTGGA,25,1
GTCTAGGAGGTGGA,36,1
GTCTGAGATCCCAC,12,1
GTCTGAGATCCCAC,13,1
GTGAACACAGAGAT,28,1
GTGAACACAGAGAT,35,1
GTGAACACTCAGAC,13,1
GTGAACACTCAGAC,9,1
GTGACAACCAAGCT,15,1
GTGACAACCAAGCT,34,1
GTGACAACCATCAG,26,1
GTGACAACCATCAG,30,1
GTGACAACTAGACC,13,1
GTGACAACTAGACC,26,1
GTGACCCTACCTCC,15,1
GTGACCCTACCTCC,19,1
GTGACCCTTCGTTT,25,1
GTGACCCTTCGTTT,29,1
GTGAGGGAAACAGA,25,1
GTGAGGGAAACAGA,31,1
GTGAGGGAGCCCTT,16,1
GTGAGGGAGCCCTT,25,1
GTGAGGGATGTCAG,12,1
GTGAGGGATGTCAG,17,1
GTGAGGGATGTGAC,26,1
GTGAGGGATGTGAC,35,1
GTGAGGGATTTCGT,29,1
GTGAGGGATTTCGT,37,1
GTGATCGAACCAAC,33,1
GTGATCGAACCAAC,37,1
GTGATCGACCCGTT,23,1
GTGATCGACCCGTT,29,1
GTGATCGACCTACC,32,1
GTGATCGACCTACC,33,1
GTGATCGACCTACC,9,1
GTGATCGATCAGTG,17,1
GTGATCGATCAGTG,29,1
GTGATGACAAGAAC,12,1
GTGATGACAAGAAC,36,1
GTGATGACATTCTC,32,1
GTGATGACATTCTC,33,1
GTGATGACCTCTCG,12,1
GTGATGACCTCTCG,27,1
GTGATGACGAACCT,12,1
GTGATGACGAACCT,29,1
GTGATGACGAGGGT,27,1
GTGATGACGAGGGT,30,1
GTGATGACGGGATG,24,1
GTGATGACGGGATG,35,1
GTGATGACTACAGC,19,1
GTGATGACTACAGC,24,1
GTGATTCTAGTTCG,13,1
GTGATTCTAGTTCG,31,1
GTGATTCTGGGAGT,28,1
GTGATTCTGGGAGT,29,1
GTGATTCTGTGTAC,20,1
GTGATTCTGTGTAC,25,1
GTGATTCTTCTCAT,35,1
GTGATTCTTCTCAT,8,1
GTGCAAACAAAAGC,13,1
GTGCAAACAAAAGC,31,1
GTGCAAACCGTAGT,26,1
GTGCAAACCGTAGT,31,1
GTGCAAACTCTCGC,17,1
GTGCAAACTCTCGC,31,1
GTGCCACTGTCTTT,34,1
GTGCCACTGTCTTT,8,1
GTGCCACTTACGAC,19,1
GTGCCACTTACGAC,28,1
GTGCCACTTAGCCA,24,1
GTGCCACTTAGCCA,27,1
GTGCTAGAACGGGA,24,1
GTGCTAGAACGGGA,27,1
GTGCTAGACCTGAA,25,1
GTGCTAGACCTGAA,27,1
GTGCTAGACGTAGT,24,1
GTGCTAGACGTAGT,8,1
GTGCTAGAGAACTC,35,1
GTGCTAGAGAACTC,37,1
GTGCTAGAGTGTTG,17,1
GTGCTAGAGTGTTG,26,1
GTGCTAGATCTCGC,32,1
GTGCTAGATCTCGC,35,1
GTGGAGGAAACAGA,12,1
GTGGAGGAAACAGA,36,1
GTGGATTGACGTGT,16,1
GTGGATTGACGTGT,7,1
GTGGATTGGACACT,37,1
GTGGATTGGACACT,9,1
GTGGATTGGTGTCA,10,1
GTGGATTGGTGTCA,26,1
GTGGTAACAGGCGA,26,1
GTGGTAACAGGCGA,33,1
GTGGTAACTCCGTC,29,1
GTGGTAACTCCGTC,36,1
GTGGTAACTGCGTA,20,1
GTGGTAACTGCGTA,3,1
GTGTACGACTGATG,17,1
GTGTACGACTGATG,31,1
GTGTACGAGGACTT,13,1
GTGTACGAGGACTT,30,1
GTGTACGATACTGG,19,1
GTGTACGATACTGG,36,1
GTGTACGATGGTGT,26,1
GTGTACGATGGTGT,27,1
GTGTAGTGCACTCC,16,1
GTGTAGTGCACTCC,27,1
GTGTAGTGTACGAC,16,1
GTGTAGTGTACGAC,28,1
GTGTAGTGTCGTGA,15,1
GTGTAGTGTCGTGA,25,1
GTGTATCTGTCTAG,24,1
GTGTATCTGTCTAG,29,1
GTGTATCTTGCCTC,36,1
GTGTATCTTGCCTC,9,1
GTGTGATGCCAATG,17,1
GTGTGATGCCAATG,25,1
GTGTGATGCGACTA,19,1
GTGTGATGCGACTA,20,1
GTGTGATGCTACTT,18,1
GTGTGATGCTACTT,28,1
GTGTGATGTCGACA,25,1
GTGTGATGTCGACA,33,1
GTTAAAACACCAAC,25,1
GTTAAAACACCAAC,32,1
GTTAAAACGCGTTA,16,1
GTTAAAACGCGTTA,19,1
GTTAAAACTGGCAT,16,1
GTTAAAACTGGCAT,28,1
GTTAAATGATTGGC,13,1
GTTAAATGATTGGC,19,1
GTTAAATGCCCTTG,24,1
GTTAAATGCCCTTG,25,1
GTTAAATGTCCCAC,14,1
GTTAAATGTCCCAC,29,1
GTTAAATGTGGATC,33,1
GTTAAATGTGGATC,35,1
GTTAACCTACGTAC,15,1
GTTAACCTACGTAC,33,1
GTTAACCTCCATAG,19,1
GTTAACCTCCATAG,29,1
GTTAACCTGGATTC,29,1
GTTAACCTGGATTC,9,1
GTTAACCTTTGGTG,28,1
GTTAACCTTTGGTG,6,1
GTTACGGAAAACAG,19,1
GTTACGGAAAACAG,26,1
GTTACGGACTATTC,32,1
GTTACGGACTATTC,9,1
GTTACGGAGTCTAG,34,1
GTTACGGAGTCTAG,36,1
GTTACTACCCGCTT,25,1
GTTACTACCCGCTT,27,1
GTTACTACGCGTAT,25,1
GTTACTACGCGTAT,33,1
GTTACTACTTCCGC,16,1
GTTACTACTTCCGC,29,1
GTTAGGTGAAGAGT,10,1
GTTAGGTGAAGAGT,15,1
GTTAGGTGGTACGT,28,1
GTTAGGTGGTACGT,37,1
GTTAGGTGTGCATG,16,1
GTTAGGTGTGCATG,19,1
GTTAGGTGTTACTC,27,1
GTTAGGTGTTACTC,32,1
GTTAGTCTACACGT,24,1
GTTAGTCTACACGT,29,1
GTTAGTCTACCCAA,17,1
GTTAGTCTACCCAA,24,1
GTTAGTCTCCACAA,15,1
GTTAGTCTCCACAA,24,1
GTTAGTCTGGAAGC,12,1
GTTAGTCTGGAAGC,37,1
GTTAGTCTGGTATC,13,1
GTTAGTCTGGTATC,35,1
GTTAGTCTGTTGGT,20,1
GTTAGTCTGTTGGT,30,1
GTTAGTCTTGAGAA,12,1
GTTAGTCTTGAGAA,24,1
GTTATAGACCTTGC,17,1
GTTATAGACCTTGC,35,1
GTTATAGAGTGAGG,19,1
GTTATAGAGTGAGG,27,1
GTTATAGATTCCAT,19,1
GTTATAGATTCCAT,25,1
GTTATAGATTTCTG,16,1
GTTATAGATTTCTG,26,1
GTTATCTGCCGCTT,24,1
GTTATCTGCCGCTT,31,1
GTTATCTGCGCATA,16,1
GTTATCTGCGCATA,36,1
GTTATCTGGAGATA,24,1
GTTATCTGGAGATA,29,1
GTTATCTGGGAGGT,27,1
GTTATCTGGGAGGT,37,1
GTTATCTGTGTTTC,16,1
GTTATCTGTGTTTC,7,1
GTTATCTGTTCGGA,16,1
GTTATCTGTTCGGA,7,1
GTTATGCTAAGAAC,26,1
GTTATGCTAAGAAC,34,1
GTTATGCTAGAGGC,19,1
GTTATGCTAGAGGC,24,1
GTTATGCTCCTTAT,26,1
GTTATGCTCCTTAT,32,1
GTTCAACTACGACT,24,1
GTTCAACTACGACT,25,1
GTTCAACTAGCTAC,27,1
GTTCAACTAGCTAC,7,1
GTTCAACTATGTCG,16,1
GTTCAACTATGTCG,29,1
GTTCAACTTAAGGA,12,1
GTTCAACTTAAGGA,29,1
GTTCAGGAGTGCAT,16,1
GTTCAGGAGTGCAT,17,1
GTTCATACAGAGAT,17,1
GTTCATACAGAGAT,28,1
GTTCATACGGAGGT,26,1
GTTCATACGGAGGT,28,1
GTTCATACGGTAGG,37,1
GTTCATACGGTAGG,6,1
GTTCATACTACGCA,26,1
GTTCATACTACGCA,37,1
GTTCATACTTTGCT,17,1
GTTCATACTTTGCT,30,1
GTTGACGACCAATG,14,1
GTTGACGACCAATG,24,1
GTTGACGATACTGG,25,1
GTTGACGATACTGG,29,1
GTTGACGATGAGCT,32,1
GTTGACGATGAGCT,8,1
GTTGAGTGAGGTTC,18,1
GTTGAGTGAGGTTC,28,1
GTTGAGTGATGCTG,10,1
GTTGAGTGATGCTG,7,1
GTTGAGTGTCCAAG,1,1
GTTGAGTGTCCAAG,19,1
GTTGATCTACGTGT,34,1
GTTGATCTACGTGT,37,1
GTTGATCTAGGAGC,25,1
GTTGATCTAGGAGC,34,1
GTTGATCTCGTAAC,15,1
GTTGATCTCGTAAC,30,1
GTTGGATGAGCTCA,17,1
GTTGGATGAGCTCA,37,1
GTTGGATGATGGTC,29,1
GTTGGATGATGGTC,4,1
GTTGGATGCGTCTC,37,1
GTTGGATGCGTCTC,6,1
GTTGGATGGAATAG,24,1
GTTGGATGGAATAG,27,1
GTTGGATGTAGCCA,24,1
GTTGGATGTAGCCA,26,1
GTTGGATGTCAGTG,20,1
GTTGGATGTCAGTG,26,1
GTTGGATGTGATGC,27,1
GTTGGATGTGATGC,32,1
GTTGTACTAAAGTG,12,1
GTTGTACTAAAGTG,16,1
GTTGTACTAGAACA,19,1
GTTGTACTAGAACA,26,1
GTTGTACTATCACG,24,1
GTTGTACTATCACG,33,1
GTTGTACTCCGTTC,25,1
GTTGTACTCCGTTC,34,1
GTTGTACTCTTTAC,30,1
GTTGTACTCTTTAC,7,1
GTTGTACTTAACCG,24,1
GTTGTACTTAACCG,26,1
GTTTAAGAAGGAGC,12,1
GTTTAAGAAGGAGC,17,1
GTTTAAGACAATCG,25,1
GTTTAAGACAATCG,8,1
GTTTAAGACGTGAT,36,1
GTTTAAGACGTGAT,9,1
GTTTAAGATCGTTT,34,1
GTTTAAGATCGTTT,37,1
TAAACAACCACTAG,13,1
TAAACAACCACTAG,34,1
TAAACAACGAACCT,33,1
TAAACAACGAACCT,35,1
TAAAGACTACGTGT,18,1
TAAAGACTACGTGT,35,1
TAAAGACTCAAGCT,17,1
TAAAGACTCAAGCT,37,1
TAAAGACTCATGAC,29,1
TAAAGACTCATGAC,36,1
TAAAGACTTTCTCA,24,1
TAAAGACTTTCTCA,35,1
TAAAGTTGGATGAA,25,1
TAAAGTTGGATGAA,26,1
TAAAGTTGGTAAAG,25,1
TAAAGTTGGTAAAG,7,1
TAAATCGAACAGTC,24,1
TAAATCGAACAGTC,30,1
TAAATCGATTGCAG,16,1
TAAATCGATTGCAG,34,1
TAAATGTGAGCCAT,25,1
TAAATGTGAGCCAT,9,1
TAAATGTGCCAACA,30,1
TAAATGTGCCAACA,34,1
TAACAATGATGCTG,18,1
TAACAATGATGCTG,26,1
TAACAATGCTGGAT,12,1
TAACAATGCTGGAT,27,1
TAACAATGGGCATT,24,1
TAACAATGGGCATT,33,1
TAACAATGTGCCAA,13,1
TAACAATGTGCCAA,25,1
TAACACCTTTATCC,29,1
TAACACCTTTATCC,5,1
TAACATGAGTTCTT,18,1
TAACATGAGTTCTT,35,1
TAACATGATACTCT,28,1
TAACATGATACTCT,29,1
TAACATGATCTAGG,28,1
TAACATGATCTAGG,36,1
TAACCGGACCGTTC,20,1
TAACCGGACCGTTC,34,1
TAACCGGAGGTGGA,12,1
TAACCGGAGGTGGA,14,1
TAACGTCTAGTGTC,16,1
TAACGTCTAGTGTC,34,1
TAACTAGAAGTCGT,12,1
TAACTAGAAGTCGT,18,1
TAACTAGATCCAAG,19,1
TAACTAGATCCAAG,33,1
TAACTCACACTCAG,23,1
TAACTCACACTCAG,24,1
TAACTCACAGCTCA,17,1
TAACTCACAGCTCA,24,1
TAACTCACCGAATC,37,1
TAACTCACCGAATC,7,1
TAACTCACGAGCTT,24,1
TAACTCACGAGCTT,27,1
TAACTCACGGCGAA,25,1
TAACTCACGGCGAA,27,1
TAACTCACTGCGTA,28,1
TAACTCACTGCGTA,36,1
TAACTCACTTGACG,24,1
TAACTCACTTGACG,25,1
TAAGAACTAAGCAA,17,1
TAAGAACTAAGCAA,34,1
TAAGAACTCCACCT,12,1
TAAGAACTCCACCT,29,1
TAAGAACTCCACCT,33,1
TAAGAACTCGTACA,30,1
TAAGAACTCGTACA,31,1
TAAGAACTGTTGGT,34,1
TAAGAACTGTTGGT,37,1
TAAGAACTTACGCA,19,1
TAAGAACTTACGCA,32,1
TAAGAACTTCTCCG,13,1
TAAGAACTTCTCCG,18,1
TAAGAACTTGACCA,18,1
TAAGAACTTGACCA,28,1
TAAGAGGAACCAGT,24,1
TAAGAGGAACCAGT,25,1
TAAGAGGAACCATG,12,1
TAAGAGGAACCATG,25,1
TAAGAGGATCGCTC,27,1
TAAGAGGATCGCTC,29,1
TAAGATACACCAAC,34,1
TAAGATACACCAAC,36,1
TAAGATACAGCGTT,19,1
TAAGATACAGCGTT,9,1
TAAGATACCGACTA,13,1
TAAGATACCGACTA,29,1
TAAGATTGATGCCA,16,1
TAAGATTGATGCCA,27,1
TAAGATTGTGCACA,26,1
TAAGATTGTGCACA,36,1
TAAGCGTGAACTGC,24,1
TAAGCGTGAACTGC,37,1
TAAGCGTGACCCTC,13,1
TAAGCGTGACCCTC,33,1
TAAGCGTGATCGAC,13,1
TAAGCGTGATCGAC,6,1
TAAGCTCTACACTG,13,1
TAAGCTCTACACTG,20,1
TAAGCTCTCCCAAA,31,1
TAAGCTCTCCCAAA,36,1
TAAGCTCTCCTCCA,10,1
TAAGCTCTCCTCCA,37,1
TAAGCTCTGCTGAT,13,1
TAAGCTCTGCTGAT,34,1
TAAGCTCTGTACAC,17,1
TAAGCTCTGTACAC,25,1
TAAGCTCTTTGCAG,33,1
TAAGCTCTTTGCAG,36,1
TAAGGCTGAGTCGT,30,1
TAAGGCTGAGTCGT,31,1
TAAGGCTGCTACGA,13,1
TAAGGCTGCTACGA,32,1
TAAGGGCTACGCAT,13,1
TAAGGGCTACGCAT,7,1
TAAGGGCTCTCGAA,24,1
TAAGGGCTCTCGAA,32,1
TAAGGGCTTTTACC,23,1
TAAGGGCTTTTACC,30,1
TAAGTAACCCTACC,18,1
TAAGTAACCCTACC,32,1
TAAGTAACCTTCGC,29,1
TAAGTAACCTTCGC,31,1
TAAGTAACTAACGC,13,1
TAAGTAACTAACGC,26,1
TAAGTAACTTCCCG,19,1
TAAGTAACTTCCCG,3,1
TAATCGCTAGTTCG,19,1
TAATCGCTAGTTCG,9,1
TAATCGCTGGAAGC,19,1
TAATCGCTGGAAGC,37,1
TAATCGCTTACTTC,19,1
TAATCGCTTACTTC,24,1
TAATGAACAAAGCA,12,1
TAATGAACAAAGCA,18,1
TAATGAACACGTAC,12,1
TAATGAACACGTAC,17,1
TAATGAACGGTAGG,12,1
TAATGAACGGTAGG,35,1
TAATGAACTGTAGC,20,1
TAATGAACTGTAGC,26,1
TAATGATGATTCTC,28,1
TAATGATGATTCTC,33,1
TAATGATGCACTAG,16,1
TAATGATGCACTAG,17,1
TAATGATGCACTAG,19,1
TAATGCCTACACCA,34,1
TAATGCCTACACCA,37,1
TAATGCCTACCGAT,16,1
TAATGCCTACCGAT,37,1
TAATGCCTTGGAGG,25,1
TAATGCCTTGGAGG,7,1
TAATGTGAGGATTC,24,1
TAATGTGAGGATTC,25,1
TAATGTGATGCCTC,26,1
TAATGTGATGCCTC,36,1
TACAAATGGGTCTA,27,1
TACAAATGGGTCTA,33,1
TACAATGAAAGCAA,15,1
TACAATGAAAGCAA,19,1
TACAATGAACCGAT,19,1
TACAATGAACCGAT,32,1
TACAATGAGGACTT,13,1
TACAATGAGGACTT,34,1
TACAATGAGGGTGA,25,1
TACAATGAGGGTGA,26,1
TACAATGATGAAGA,12,1
TACAATGATGAAGA,30,1
TACAATGATTATCC,16,1
TACAATGATTATCC,29,1
TACAATGATTGACG,29,1
TACAATGATTGACG,36,1
TACACACTACCATG,12,1
TACACACTACCATG,13,1
TACACACTCGTAGT,19,1
TACACACTCGTAGT,26,1
TACACACTTAAAGG,16,1
TACACACTTAAAGG,18,1
TACATAGACGAACT,12,1
TACATAGACGAACT,29,1
TACATAGACTAGTG,16,1
TACATAGACTAGTG,28,1
TACATAGATCTTCA,32,1
TACATAGATCTTCA,7,1
TACATCACCCTCGT,26,1
TACATCACCCTCGT,37,1
TACATCACCTGTCC,13,1
TACATCACCTGTCC,16,1
TACATCACGATGAA,23,1
TACATCACGATGAA,34,1
TACATCACTTTGCT,26,1
TACATCACTTTGCT,9,1
TACCATTGCCGAAT,28,1
TACCATTGCCGAAT,33,1
TACCATTGGGGACA,32,1
TACCATTGGGGACA,36,1
TACCATTGTGAACC,29,1
TACCATTGTGAACC,9,1
TACCATTGTGATGC,29,1
TACCATTGTGATGC,7,1
TACCATTGTTGCTT,15,1
TACCATTGTTGCTT,28,1
TACCGAGAAGAAGT,13,1
TACCGAGAAGAAGT,25,1
TACCGAGAGACAGG,34,1
TACCGAGAGACAGG,8,1
TACCGAGAGTCGAT,24,1
TACCGAGAGTCGAT,34,1
TACCGCTGACACAC,12,1
TACCGCTGACACAC,7,1
TACCGCTGGGAACG,17,1
TACCGCTGGGAACG,19,1
TACCGCTGTCCGAA,13,1
TACCGCTGTCCGAA,35,1
TACCGCTGTGCTAG,17,1
TACCGCTGTGCTAG,7,1
TACCGGCTCCGTAA,26,1
TACCGGCTCCGTAA,7,1
TACCGGCTGCTACA,25,1
TACCGGCTGCTACA,27,1
TACCGGCTGTCACA,25,1
TACCGGCTGTCACA,27,1
TACCGGCTTGCTCC,25,1
TACCGGCTTGCTCC,34,1
TACCGGCTTTCTAC,19,1
TACCGGCTTTCTAC,30,1
TACGACGACCTTCG,29,1
TACGACGACCTTCG,37,1
TACGAGACGTGTAC,19,1
TACGAGACGTGTAC,27,1
TACGAGTGCTCATT,26,1
TACGAGTGCTCATT,37,1
TACGAGTGGTACCA,27,1
TACGAGTGGTACCA,36,1
TACGAGTGGTATGC,31,1
TACGAGTGGTATGC,9,1
TACGATCTGGCAAG,30,1
TACGATCTGGCAAG,6,1
TACGATCTTCCTGC,31,1
TACGATCTTCCTGC,33,1
TACGCAGAAAGAGT,12,1
TACGCAGAAAGAGT,25,1
TACGCAGACGAGTT,10,1
TACGCAGACGAGTT,27,1
TACGCAGACTGGAT,24,1
TACGCAGACTGGAT,27,1
TACGCAGAGAGCTT,27,1
TACGCAGAGAGCTT,8,1
TACGCCACAGATCC,28,1
TACGCCACAGATCC,29,1
TACGCCACCTCATT,23,1
TACGCCACCTCATT,36,1
TACGCCACCTCATT,7,1
TACGCCACGTCGAT,19,1
TACGCCACGTCGAT,33,1
TACGCCACTCCTCG,10,1
TACGCCACTCCTCG,24,1
TACGCGCTGATAAG,30,1
TACGCGCTGATAAG,35,1
TACGCGCTTATTCC,24,1
TACGCGCTTATTCC,34,1
TACGGAACCACTCC,12,1
TACGGAACCACTCC,17,1
TACGGAACGTTCGA,12,1
TACGGAACGTTCGA,28,1
TACGGAACGTTTGG,16,1
TACGGAACGTTTGG,31,1
TACGGAACTCGCCT,13,1
TACGGAACTCGCCT,35,1
TACGGCCTGTGCTA,16,1
TACGGCCTGTGCTA,36,1
TACGTACTCACCAA,25,1
TACGTACTCACCAA,26,1
TACGTACTTGCACA,17,1
TACGTACTTGCACA,9,1
TACGTTACCTCGAA,12,1
TACGTTACCTCGAA,24,1
TACGTTACCTTAGG,2,1
TACGTTACCTTAGG,25,1
TACGTTACTTCATC,35,1
TACGTTACTTCATC,5,1
TACTAAGAGGCGAA,28,1
TACTAAGAGGCGAA,35,1
TACTACACAGATGA,15,1
TACTACACAGATGA,24,1
TACTACACTAGACC,19,1
TACTACACTAGACC,26,1
TACTACACTGTCAG,10,1
TACTACACTGTCAG,16,1
TACTCAACACTCTT,5,1
TACTCAACACTCTT,9,1
TACTCAACGAGGGT,2,1
TACTCAACGAGGGT,27,1
TACTCAACGCCAAT,25,1
TACTCAACGCCAAT,3,1
TACTCAACGTCGAT,27,1
TACTCAACGTCGAT,8,1
TACTCCCTACGTTG,27,1
TACTCCCTACGTTG,36,1
TACTCCCTCAGCTA,17,1
TACTCCCTCAGCTA,25,1
TACTCCCTCAGCTA,29,1
TACTCTGACCACCT,25,1
TACTCTGACCACCT,7,1
TACTCTGACTAGTG,29,1
TACTCTGACTAGTG,33,1
TACTCTGATGGTAC,19,1
TACTCTGATGGTAC,27,1
TACTGGGAACGTAC,13,1
TACTGGGAACGTAC,34,1
TACTGGGACCTAAG,25,1
TACTGGGACCTAAG,28,1
TACTGGGACTCTAT,26,1
TACTGGGACTCTAT,9,1
TACTGGGAGCCTTC,25,1
TACTGGGAGCCTTC,7,1
TACTGTTGACACCA,10,1
TACTGTTGACACCA,20,1
TACTGTTGGGCATT,25,1
TACTGTTGGGCATT,28,1
TACTGTTGTGGTTG,28,1
TACTGTTGTGGTTG,7,1
TACTTGACCAACCA,13,1
TACTTGACCAACCA,5,1
TACTTTCTACGACT,17,1
TACTTTCTACGACT,34,1
TACTTTCTATGACC,20,1
TACTTTCTATGACC,33,1
TACTTTCTCGTTAG,15,1
TACTTTCTCGTTAG,24,1
TACTTTCTCTCATT,27,1
TACTTTCTCTCATT,31,1
TACTTTCTCTTATC,31,1
TACTTTCTCTTATC,33,1
TACTTTCTCTTGGA,27,1
TACTTTCTCTTGGA,34,1
TACTTTCTGAGCTT,33,1
TACTTTCTGAGCTT,36,1
TACTTTCTGGTGAG,16,1
TACTTTCTGGTGAG,25,1
TACTTTCTGTTGCA,12,1
TACTTTCTGTTGCA,15,1
TACTTTCTGTTGCA,7,1
TACTTTCTTCACCC,36,1
TACTTTCTTCACCC,7,1
TAGAAACTAACAGA,14,1
TAGAAACTAACAGA,18,1
TAGAATACCCTGTC,16,1
TAGAATACCCTGTC,24,1
TAGAATACTACGAC,17,1
TAGAATACTACGAC,33,1
TAGAATTGATGACC,23,1
TAGAATTGATGACC,36,1
TAGAATTGCAACTG,16,1
TAGAATTGCAACTG,9,1
TAGAATTGCTGTTT,24,1
TAGAATTGCTGTTT,33,1
TAGACGTGCAGTTG,25,1
TAGACGTGCAGTTG,29,1
TAGAGAGAAATCGC,12,1
TAGAGAGAAATCGC,17,1
TAGAGAGACCTTCG,29,1
TAGAGAGACCTTCG,36,1
TAGAGAGACTGTTT,13,1
TAGAGAGACTGTTT,27,1
TAGAGAGAGTGTTG,36,1
TAGAGAGAGTGTTG,7,1
TAGAGCACGAAGGC,13,1
TAGAGCACGAAGGC,8,1
TAGATCCTATCTCT,10,1
TAGATCCTATCTCT,15,1
TAGATCCTTTCGTT,13,1
TAGATCCTTTCGTT,28,1
TAGATCCTTTCTTG,18,1
TAGATCCTTTCTTG,25,1
TAGATTGAAACGTC,32,1
TAGATTGAAACGTC,33,1
TAGCATCTACCTAG,28,1
TAGCATCTACCTAG,36,1
TAGCATCTAGTACC,25,1
TAGCATCTAGTACC,33,1
TAGCATCTCGACAT,16,1
TAGCATCTCGACAT,5,1
TAGCATCTCTCCCA,19,1
TAGCATCTCTCCCA,33,1
TAGCATCTCTGGAT,16,1
TAGCATCTCTGGAT,25,1
TAGCATCTGCCTTC,32,1
TAGCATCTGCCTTC,33,1
TAGCATCTGCGGAA,30,1
TAGCATCTGCGGAA,33,1
TAGCATCTTGAAGA,12,1
TAGCATCTTGAAGA,30,1
TAGCATCTTGAAGA,36,1
TAGCCCACCCTCAC,33,1
TAGCCCACCCTCAC,36,1
TAGCCCACCTAGTG,12,1
TAGCCCACCTAGTG,8,1
TAGCCCACGGTCTA,27,1
TAGCCCACGGTCTA,33,1
TAGCCCACTGTTTC,12,1
TAGCCCACTGTTTC,35,1
TAGCCCTGCTCCCA,12,1
TAGCCCTGCTCCCA,9,1
TAGCCCTGCTGAGT,25,1
TAGCCCTGCTGAGT,30,1
TAGCCCTGTGGTCA,25,1
TAGCCCTGTGGTCA,32,1
TAGCCGCTCAACCA,24,1
TAGCCGCTCAACCA,7,1
TAGCCGCTCTGCTC,10,1
TAGCCGCTCTGCTC,33,1
TAGCCGCTGTGTAC,13,1
TAGCCGCTGTGTAC,32,1
TAGCCGCTGTGTAC,8,1
TAGCCGCTTTTGCT,1,1
TAGCCGCTTTTGCT,34,1
TAGCTACTGCTAAC,30,1
TAGCTACTGCTAAC,32,1
TAGCTACTGTTGCA,15,1
TAGCTACTGTTGCA,32,1
TAGGACTGCTTCCG,26,1
TAGGACTGCTTCCG,28,1
TAGGACTGTGCTTT,34,1
TAGGACTGTGCTTT,4,1
TAGGAGCTAGGCGA,17,1
TAGGAGCTAGGCGA,7,1
TAGGAGCTGGTTCA,33,1
TAGGAGCTGGTTCA,37,1
TAGGCAACCTTCTA,10,1
TAGGCAACCTTCTA,16,1
TAGGCAACGCCCTT,16,1
TAGGCAACGCCCTT,6,1
TAGGCAACTCGCTC,24,1
TAGGCAACTCGCTC,28,1
TAGGCATGAACTGC,13,1
TAGGCATGAACTGC,18,1
TAGGCATGTAACCG,35,1
TAGGCATGTAACCG,8,1
TAGGCATGTCTTAC,16,1
TAGGCATGTCTTAC,7,1
TAGGCTGAGGTCTA,28,1
TAGGCTGAGGTCTA,37,1
TAGGCTGAGTCTGA,25,1
TAGGCTGAGTCTGA,36,1
TAGGCTGATGCCAA,24,1
TAGGCTGATGCCAA,27,1
TAGGGACTAATCGC,26,1
TAGGGACTAATCGC,36,1
TAGGGACTTCTCTA,29,1
TAGGGACTTCTCTA,31,1
TAGGGACTTTACTC,19,1
TAGGGACTTTACTC,30,1
TAGGTCGAAGCGTT,25,1
TAGGTCGAAGCGTT,29,1
TAGGTCGAGTTTCT,26,1
TAGGTCGAGTTTCT,7,1
TAGGTGACCAACCA,32,1
TAGGTGACCAACCA,8,1
TAGGTGTGCACACA,31,1
TAGGTGTGCACACA,7,1
TAGGTGTGTGGAAA,13,1
TAGGTGTGTGGAAA,28,1
TAGGTTCTGAATCC,31,1
TAGGTTCTGAATCC,35,1
TAGGTTCTTCCTTA,28,1
TAGGTTCTTCCTTA,33,1
TAGTAAACAGTAGA,17,1
TAGTAAACAGTAGA,23,1
TAGTAAACCATGCA,12,1
TAGTAAACCATGCA,16,1
TAGTAAACTTCCGC,16,1
TAGTAAACTTCCGC,23,1
TAGTAATGTTGTGG,27,1
TAGTAATGTTGTGG,28,1
TAGTAATGTTGTGG,7,1
TAGTAATGTTTCAC,16,1
TAGTAATGTTTCAC,9,1
TAGTACCTACTGTG,16,1
TAGTACCTACTGTG,31,1
TAGTACCTAGGTCT,10,1
TAGTACCTAGGTCT,29,1
TAGTACCTAGTCTG,14,1
TAGTACCTAGTCTG,29,1
TAGTACCTAGTTCG,17,1
TAGTACCTAGTTCG,34,1
TAGTACCTTTGGTG,16,1
TAGTACCTTTGGTG,19,1
TAGTATGAACGGAG,13,1
TAGTATGAACGGAG,26,1
TAGTATGAACGTAC,24,1
TAGTATGAACGTAC,29,1
TAGTATGAGAGCAG,13,1
TAGTATGAGAGCAG,25,1
TAGTATGAGATAGA,13,1
TAGTATGAGATAGA,16,1
TAGTATGAGATAGA,32,1
TAGTATGAGGAACG,32,1
TAGTATGAGGAACG,33,1
TAGTATGATGGTGT,15,1
TAGTATGATGGTGT,24,1
TAGTCACTAGCAAA,30,1
TAGTCACTAGCAAA,33,1
TAGTCACTCTCGAA,28,1
TAGTCACTCTCGAA,34,1
TAGTCACTGGAACG,31,1
TAGTCACTGGAACG,33,1
TAGTCACTTGCCTC,20,1
TAGTCACTTGCCTC,25,1
TAGTCACTTTGGCA,33,1
TAGTCACTTTGGCA,8,1
TAGTCGGAATAAGG,17,1
TAGTCGGAATAAGG,25,1
TAGTCGGACTCGCT,27,1
TAGTCGGACTCGCT,29,1
TAGTCGGATCCCAC,27,1
TAGTCGGATCCCAC,36,1
TAGTCGGATGTCAG,16,1
TAGTCGGATGTCAG,37,1
TAGTCGGATTCCCG,15,1
TAGTCGGATTCCCG,29,1
TAGTCTTGCTCTCG,12,1
TAGTCTTGCTCTCG,24,1
TAGTCTTGGGTAGG,2,1
TAGTCTTGGGTAGG,31,1
TAGTGGTGTACTGG,27,1
TAGTGGTGTACTGG,34,1
TAGTGGTGTCCGAA,19,1
TAGTGGTGTCCGAA,24,1
TAGTGGTGTTGGCA,14,1
TAGTGGTGTTGGCA,17,1
TAGTTAGAAAGGCG,25,1
TAGTTAGAAAGGCG,36,1
TAGTTAGAACGACT,24,1
TAGTTAGAACGACT,34,1
TAGTTAGAAGCTCA,20,1
TAGTTAGAAGCTCA,25,1
TAGTTAGACTTTAC,16,1
TAGTTAGACTTTAC,28,1
TAGTTAGAGAAACA,15,1
TAGTTAGAGAAACA,34,1
TAGTTAGAGTGTTG,16,1
TAGTTAGAGTGTTG,28,1
TAGTTCACAGTGTC,28,1
TAGTTCACAGTGTC,32,1
TAGTTCACGTCTAG,10,1
TAGTTCACGTCTAG,25,1
TAGTTCACTTGGTG,23,1
TAGTTCACTTGGTG,29,1
TAGTTGCTACACTG,12,1
TAGTTGCTACACTG,3,1
TAGTTGCTCTGTCC,7,1
TAGTTGCTCTGTCC,8,1
TAGTTGCTGTAGGG,10,1
TAGTTGCTGTAGGG,12,1
TAGTTGCTTGGTAC,26,1
TAGTTGCTTGGTAC,34,1
TATAAGACAAAGCA,12,1
TATAAGACAAAGCA,17,1
TATAAGACAGGGTG,26,1
TATAAGACAGGGTG,28,1
TATAAGACATTGGC,19,1
TATAAGACATTGGC,36,1
TATAAGTGAAGCCT,13,1
TATAAGTGAAGCCT,27,1
TATAAGTGACGACT,14,1
TATAAGTGACGACT,37,1
TATAAGTGGGTGGA,23,1
TATAAGTGGGTGGA,24,1
TATAAGTGTAGCCA,24,1
TATAAGTGTAGCCA,30,1
TATAAGTGTCACCC,24,1
TATAAGTGTCACCC,35,1
TATAAGTGTGAGCT,13,1
TATAAGTGTGAGCT,36,1
TATACAGAGACAGG,19,1
TATACAGAGACAGG,7,1
TATACAGAGAGACG,19,1
TATACAGAGAGACG,5,1
TATACAGATCTTTG,19,1
TATACAGATCTTTG,31,1
TATACAGATTCGTT,25,1
TATACAGATTCGTT,32,1
TATACAGATTCGTT,34,1
TATACCACAAAACG,24,1
TATACCACAAAACG,7,1
TATACCACCGGTAT,25,1
TATACCACCGGTAT,9,1
TATACCACCTTCTA,12,1
TATACCACCTTCTA,16,1
TATACCACCTTCTA,34,1
TATACCACGCCCTT,19,1
TATACCACGCCCTT,36,1
TATACCACGCCTTC,19,1
TATACCACGCCTTC,35,1
TATACCACGTTACG,32,1
TATACCACGTTACG,35,1
TATACCACTTGTGG,15,1
TATACCACTTGTGG,36,1
TATACGCTACACAC,19,1
TATACGCTACACAC,36,1
TATAGATGCCTACC,29,1
TATAGATGCCTACC,7,1
TATAGATGCGTAGT,17,1
TATAGATGCGTAGT,19,1
TATAGATGGTTTGG,18,1
TATAGATGGTTTGG,33,1
TATAGATGGTTTGG,6,1
TATAGATGTAAAGG,31,1
TATAGATGTAAAGG,8,1
TATAGCCTAGTCAC,16,1
TATAGCCTAGTCAC,28,1
TATAGCCTGAGCTT,20,1
TATAGCCTGAGCTT,6,1
TATAGCCTGTGTAC,25,1
TATAGCCTGTGTAC,34,1
TATAGCCTTAAAGG,33,1
TATAGCCTTAAAGG,34,1
TATCAAGAAGCGGA,26,1
TATCAAGAAGCGGA,27,1
TATCAAGATAGCGT,19,1
TATCAAGATAGCGT,8,1
TATCAAGATTCCGC,35,1
TATCAAGATTCCGC,6,1
TATCACTGACCAAC,24,1
TATCACTGACCAAC,31,1
TATCACTGCTACCC,10,1
TATCACTGCTACCC,18,1
TATCACTGGCGTAT,27,1
TATCACTGGCGTAT,8,1
TATCACTGGTCATG,37,1
TATCACTGGTCATG,7,1
TATCACTGTGGTCA,29,1
TATCACTGTGGTCA,30,1
TATCACTGTTGACG,25,1
TATCACTGTTGACG,28,1
TATCAGCTGGGCAA,20,1
TATCAGCTGGGCAA,29,1
TATCAGCTTAGTCG,24,1
TATCAGCTTAGTCG,29,1
TATCAGCTTGAGCT,12,1
TATCAGCTTGAGCT,25,1
TATCCAACAGCCAT,24,1
TATCCAACAGCCAT,34,1
TATCCAACAGGGTG,24,1
TATCCAACAGGGTG,35,1
TATCCAACGCGTAT,19,1
TATCCAACGCGTAT,32,1
TATCCTGAACGGTT,23,1
TATCCTGAACGGTT,6,1
TATCCTGACCCGTT,24,1
TATCCTGACCCGTT,29,1
TATCCTGACTACTT,13,1
TATCCTGACTACTT,36,1
TATCCTGAGCCTTC,25,1
TATCCTGAGCCTTC,34,1
TATCCTGAGCCTTC,6,1
TATCCTGATGTGCA,26,1
TATCCTGATGTGCA,29,1
TATCCTGATTTACC,14,1
TATCCTGATTTACC,29,1
TATCGACTCTTACT,16,1
TATCGACTCTTACT,19,1
TATCGACTTGTCAG,36,1
TATCGACTTGTCAG,9,1
TATCGTACTCGATG,25,1
TATCGTACTCGATG,29,1
TATCTCGAACGGAG,13,1
TATCTCGAACGGAG,32,1
TATCTCGACAGCTA,19,1
TATCTCGACAGCTA,26,1
TATCTCGATGGTAC,24,1
TATCTCGATGGTAC,32,1
TATCTGACTTAGGC,20,1
TATCTGACTTAGGC,33,1
TATCTTCTAAGGGC,28,1
TATCTTCTAAGGGC,31,1
TATCTTCTACAGTC,27,1
TATCTTCTACAGTC,34,1
TATCTTCTGTAAAG,25,1
TATCTTCTGTAAAG,6,1
TATCTTCTTTCTGT,30,1
TATCTTCTTTCTGT,32,1
TATCTTCTTTGAGC,1,1
TATCTTCTTTGAGC,27,1
TATGAATGAAGGTA,37,1
TATGAATGAAGGTA,7,1
TATGAATGCCTTGC,15,1
TATGAATGCCTTGC,8,1
TATGAATGCTGTGA,13,1
TATGAATGCTGTGA,9,1
TATGAATGGGAGTG,13,1
TATGAATGGGAGTG,27,1
TATGCGGAAACCAC,16,1
TATGCGGAAACCAC,24,1
TATGCGGAAACCAC,35,1
TATGCGGAAACGTC,33,1
TATGCGGAAACGTC,6,1
TATGCGGAATGCTG,17,1
TATGCGGAATGCTG,25,1
TATGCGGACATTTC,27,1
TATGCGGACATTTC,34,1
TATGCGGACGTAAC,12,1
TATGCGGACGTAAC,24,1
TATGCGGAGGTGTT,32,1
TATGCGGAGGTGTT,6,1
TATGCGGATGTCCC,33,1
TATGCGGATGTCCC,8,1
TATGGGACGTTGTG,17,1
TATGGGACGTTGTG,27,1
TATGGGTGAACGTC,24,1
TATGGGTGAACGTC,25,1
TATGGGTGCGGTAT,19,1
TATGGGTGCGGTAT,32,1
TATGGTCTATCGAC,24,1
TATGGTCTATCGAC,31,1
TATGGTCTATCGTG,16,1
TATGGTCTATCGTG,30,1
TATGGTCTGGACTT,25,1
TATGGTCTGGACTT,33,1
TATGGTCTTACAGC,16,1
TATGGTCTTACAGC,5,1
TATGTCACAGATGA,16,1
TATGTCACAGATGA,26,1
TATGTCACGGAGGT,25,1
TATGTCACGGAGGT,29,1
TATGTCTGCATGAC,18,1
TATGTCTGCATGAC,29,1
TATGTCTGCATGAC,36,1
TATGTCTGTCGCCT,13,1
TATGTCTGTCGCCT,18,1
TATGTCTGTGAGCT,17,1
TATGTCTGTGAGCT,32,1
TATGTGCTCTCCCA,18,1
TATGTGCTCTCCCA,24,1
TATGTGCTGCATAC,25,1
TATGTGCTGCATAC,26,1
TATGTGCTGTTTGG,32,1
TATGTGCTGTTTGG,37,1
TATGTGCTTGAACC,19,1
TATGTGCTTGAACC,35,1
TATTGCTGACCTGA,20,1
TATTGCTGACCTGA,27,1
TATTGCTGAGAATG,20,1
TATTGCTGAGAATG,31,1
TATTGCTGGTCTTT,24,1
TATTGCTGGTCTTT,25,1
TATTGCTGTATCGG,12,1
TATTGCTGTATCGG,26,1
TATTTCCTCACACA,25,1
TATTTCCTCACACA,35,1
TATTTCCTCGCTAA,12,1
TATTTCCTCGCTAA,13,1
TATTTCCTGGTCAT,25,1
TATTTCCTGGTCAT,37,1
TATTTCCTGGTCAT,9,1
TATTTCCTTTCCCG,16,1
TATTTCCTTTCCCG,29,1
TATTTCCTTTCCCG,7,1
TCAAGGACACTTTC,25,1
TCAAGGACACTTTC,8,1
TCAAGGACCATTTC,20,1
TCAAGGACCATTTC,27,1
TCAAGGACGAGGCA,27,1
TCAAGGACGAGGCA,33,1
TCAAGGACGGATTC,26,1
TCAAGGACGGATTC,34,1
TCAAGGACGGTATC,24,1
TCAAGGACGGTATC,26,1
TCAAGGTGAAAGCA,26,1
TCAAGGTGAAAGCA,7,1
TCAAGGTGAGATGA,13,1
TCAAGGTGAGATGA,34,1
TCAAGGTGAGATGA,6,1
TCAAGGTGTGCAAC,19,1
TCAAGGTGTGCAAC,25,1
TCAAGTCTATCGGT,17,1
TCAAGTCTATCGGT,26,1
TCAAGTCTCCGATA,28,1
TCAAGTCTCCGATA,30,1
TCAAGTCTCCGCTT,10,1
TCAAGTCTCCGCTT,24,1
TCAAGTCTTGTCCC,12,1
TCAAGTCTTGTCCC,36,1
TCAATCACTGAGAA,18,1
TCAATCACTGAGAA,5,1
TCACAACTAAAGTG,12,1
TCACAACTAAAGTG,19,1
TCACAACTGAGGCA,17,1
TCACAACTGAGGCA,19,1
TCACAACTTAGTCG,12,1
TCACAACTTAGTCG,16,1
TCACAACTTTGTCT,27,1
TCACAACTTTGTCT,7,1
TCACATACACTCAG,24,1
TCACATACACTCAG,33,1
TCACCCGAGTCTTT,34,1
TCACCCGAGTCTTT,8,1
TCACCCGATTCATC,12,1
TCACCCGATTCATC,16,1
TCACCGTGAACGGG,16,1
TCACCGTGAACGGG,27,1
TCACCGTGTAGACC,17,1
TCACCGTGTAGACC,31,1
TCACCTCTTATCTC,33,1
TCACCTCTTATCTC,5,1
TCACCTCTTCCGAA,13,1
TCACCTCTTCCGAA,27,1
TCACCTCTTTTCTG,17,1
TCACCTCTTTTCTG,18,1
TCACGAGAACTCTT,16,1
TCACGAGAACTCTT,29,1
TCACGAGAGACTAC,18,1
TCACGAGAGACTAC,31,1
TCACGAGATGTCAG,24,1
TCACGAGATGTCAG,33,1
TCACTATGAGTCAC,12,1
TCACTATGAGTCAC,5,1
TCACTATGCAGTCA,17,1
TCACTATGCAGTCA,27,1
TCACTATGCCTATT,33,1
TCACTATGCCTATT,36,1
TCACTATGGAATCC,19,1
TCACTATGGAATCC,37,1
TCACTATGGACTAC,18,1
TCACTATGGACTAC,35,1
TCACTATGGGTGAG,17,1
TCACTATGGGTGAG,34,1
TCACTATGGTCGTA,34,1
TCACTATGGTCGTA,9,1
TCACTATGTCCGTC,16,1
TCACTATGTCCGTC,17,1
TCAGACGAAAGGCG,12,1
TCAGACGAAAGGCG,28,1
TCAGACGACTGAGT,26,1
TCAGACGACTGAGT,32,1
TCAGACGACTGATG,14,1
TCAGACGACTGATG,35,1
TCAGACGATGCTAG,13,1
TCAGACGATGCTAG,29,1
TCAGAGACAAGATG,25,1
TCAGAGACAAGATG,32,1
TCAGAGACAGTGTC,19,1
TCAGAGACAGTGTC,34,1
TCAGAGACAGTGTC,36,1
TCAGAGACTAAAGG,28,1
TCAGAGACTAAAGG,29,1
TCAGAGACTCTGGA,17,1
TCAGAGACTCTGGA,19,1
TCAGAGACTTCTAC,34,1
TCAGAGACTTCTAC,9,1
TCAGCAGAACGTAC,25,1
TCAGCAGAACGTAC,36,1
TCAGCAGATCACGA,18,1
TCAGCAGATCACGA,29,1
TCAGCGCTCGCCTT,26,1
TCAGCGCTCGCCTT,34,1
TCAGCGCTCTTCGC,25,1
TCAGCGCTCTTCGC,32,1
TCAGCGCTGGTCTA,33,1
TCAGCGCTGGTCTA,7,1
TCAGCGCTTAAAGG,27,1
TCAGCGCTTAAAGG,9,1
TCAGGATGCATTCT,25,1
TCAGGATGCATTCT,28,1
TCAGGATGCGGTAT,25,1
TCAGGATGCGGTAT,32,1
TCAGGATGGAAACA,24,1
TCAGGATGGAAACA,26,1
TCAGGATGGAATAG,13,1
TCAGGATGGAATAG,17,1
TCAGTACTAAACGA,16,1
TCAGTACTAAACGA,26,1
TCAGTACTACTTTC,17,1
TCAGTACTACTTTC,24,1
TCAGTACTACTTTC,26,1
TCAGTACTAGAAGT,31,1
TCAGTACTAGAAGT,33,1
TCAGTACTCGCAAT,28,1
TCAGTACTCGCAAT,31,1
TCAGTGGAAACCGT,10,1
TCAGTGGAAACCGT,37,1
TCAGTGGACAAGCT,10,1
TCAGTGGACAAGCT,35,1
TCAGTGGACATGCA,13,1
TCAGTGGACATGCA,36,1
TCAGTGGACTGAAC,26,1
TCAGTGGACTGAAC,32,1
TCAGTGGACTTGAG,12,1
TCAGTGGACTTGAG,28,1
TCAGTGGATCGACA,27,1
TCAGTGGATCGACA,5,1
TCAGTTACAAGCAA,25,1
TCAGTTACAAGCAA,29,1
TCAGTTACAAGGGC,10,1
TCAGTTACAAGGGC,13,1
TCAGTTACAAGGGC,25,1
TCAGTTACGAACTC,15,1
TCAGTTACGAACTC,32,1
TCAGTTACGGTCTA,14,1
TCAGTTACGGTCTA,37,1
TCATCAACAAGGTA,19,1
TCATCAACAAGGTA,24,1
TCATCAACAGCTCA,17,1
TCATCAACAGCTCA,19,1
TCATCAACCTGATG,12,1
TCATCAACCTGATG,13,1
TCATCATGACGACT,14,1
TCATCATGACGACT,6,1
TCATCATGCCTACC,29,1
TCATCATGCCTACC,32,1
TCATCATGTCGTTT,24,1
TCATCATGTCGTTT,25,1
TCATCATGTGGTCA,24,1
TCATCATGTGGTCA,30,1
TCATCCCTGGTTCA,26,1
TCATCCCTGGTTCA,27,1
TCATCCCTGTTTGG,18,1
TCATCCCTGTTTGG,35,1
TCATTCGACCTACC,12,1
TCATTCGACCTACC,35,1
TCATTCGATTCCAT,12,1
TCATTCGATTCCAT,8,1
TCATTCGATTGTGG,17,1
TCATTCGATTGTGG,24,1
TCATTCGATTGTGG,33,1
TCATTGACAGTCAC,17,1
TCATTGACAGTCAC,35,1
TCATTGACCCGTTC,25,1
TCATTGACCCGTTC,34,1
TCCACGTGCTTGAG,35,1
TCCACGTGCTTGAG,36,1
TCCACGTGTCAGGT,17,1
TCCACGTGTCAGGT,24,1
TCCACTCTAACCTG,36,1
TCCACTCTAACCTG,7,1
TCCACTCTACAGTC,13,1
TCCACTCTACAGTC,24,1
TCCACTCTACAGTC,27,1
TCCACTCTATGTCG,13,1
TCCACTCTATGTCG,34,1
TCCACTCTGTTCAG,32,1
TCCACTCTGTTCAG,7,1
TCCACTCTTCGTAG,12,1
TCCACTCTTCGTAG,16,1
TCCACTCTTTTGTC,24,1
TCCACTCTTTTGTC,36,1
TCCAGAGACATGAC,12,1
TCCAGAGACATGAC,34,1
TCCATAACTTAGGC,16,1
TCCATAACTTAGGC,33,1
TCCATCCTATTGGC,13,1
TCCATCCTATTGGC,19,1
TCCATCCTCCACCT,19,1
TCCATCCTCCACCT,37,1
TCCATCCTCTGAGT,32,1
TCCATCCTCTGAGT,36,1
TCCATCCTTAGCCA,13,1
TCCATCCTTAGCCA,29,1
TCCATCCTTCTGGA,15,1
TCCATCCTTCTGGA,6,1
TCCCACGAACGTTG,14,1
TCCCACGAACGTTG,19,1
TCCCAGACCCCAAA,14,1
TCCCAGACCCCAAA,35,1
TCCCAGACCTTGAG,35,1
TCCCAGACCTTGAG,8,1
TCCCATCTAACTGC,24,1
TCCCATCTAACTGC,9,1
TCCCATCTCCACAA,19,1
TCCCATCTCCACAA,37,1
TCCCATCTGACGTT,23,1
TCCCATCTGACGTT,36,1
TCCCATCTGGAACG,13,1
TCCCATCTGGAACG,35,1
TCCCATCTGTCGTA,13,1
TCCCATCTGTCGTA,30,1
TCCCATCTGTGCTA,13,1
TCCCATCTGTGCTA,26,1
TCCCATCTTCAGGT,10,1
TCCCATCTTCAGGT,34,1
TCCCATCTTCAGTG,19,1
TCCCATCTTCAGTG,29,1
TCCCGATGATGTCG,37,1
TCCCGATGATGTCG,5,1
TCCCGATGTCCGTC,13,1
TCCCGATGTCCGTC,31,1
TCCCGATGTCTTCA,19,1
TCCCGATGTCTTCA,28,1
TCCCGATGTGCCAA,37,1
TCCCGATGTGCCAA,7,1
TCCCTACTAAGGTA,25,1
TCCCTACTAAGGTA,33,1
TCCCTACTAATGCC,23,1
TCCCTACTAATGCC,36,1
TCCGAAGACCCGTT,16,1
TCCGAAGACCCGTT,17,1
TCCGAAGACTCCAC,19,1
TCCGAAGACTCCAC,2,1
TCCGAAGATGTGGT,10,1
TCCGAAGATGTGGT,13,1
TCCGAGCTCAACTG,24,1
TCCGAGCTCAACTG,31,1
TCCGAGCTCATCAG,29,1
TCCGAGCTCATCAG,7,1
TCCGAGCTCCTCCA,16,1
TCCGAGCTCCTCCA,26,1
TCCGGACTACCTCC,27,1
TCCGGACTACCTCC,29,1
TCCGGACTGAAACA,35,1
TCCGGACTGAAACA,7,1
TCCGGACTGGTTAC,25,1
TCCGGACTGGTTAC,27,1
TCCGGACTGGTTAC,37,1
TCCTAAACAAGTAG,25,1
TCCTAAACAAGTAG,33,1
TCCTAAACGTAAAG,12,1
TCCTAAACGTAAAG,33,1
TCCTAAACGTCGTA,27,1
TCCTAAACGTCGTA,34,1
TCCTAATGAGCGGA,24,1
TCCTAATGAGCGGA,26,1
TCCTAATGGCTTCC,17,1
TCCTAATGGCTTCC,37,1
TCCTAATGTCTCCG,26,1
TCCTAATGTCTCCG,8,1
TCCTACCTACACTG,19,1
TCCTACCTACACTG,37,1
TCCTACCTACCTGA,25,1
TCCTACCTACCTGA,27,1
TCCTACCTTCTCGC,30,1
TCCTACCTTCTCGC,34,1
TCCTACCTTGTGCA,19,1
TCCTACCTTGTGCA,7,1
TCCTATGAACCTAG,12,1
TCCTATGAACCTAG,5,1
TCCTATGACCGATA,19,1
TCCTATGACCGATA,32,1
TCCTATGACCTCAC,25,1
TCCTATGACCTCAC,29,1
TCCTATGACGAATC,25,1
TCCTATGACGAATC,35,1
TCCTATGACTGGAT,19,1
TCCTATGACTGGAT,26,1
TCCTATGAGCTAAC,27,1
TCCTATGAGCTAAC,34,1
TCCTATGATAACGC,32,1
TCCTATGATAACGC,7,1
TCCTATGATAAGGA,15,1
TCCTATGATAAGGA,8,1
TCCTATGATCTCAT,10,1
TCCTATGATCTCAT,25,1
TCGAATCTGACTAC,19,1
TCGAATCTGACTAC,36,1
TCGAATCTGCGTTA,26,1
TCGAATCTGCGTTA,27,1
TCGAATCTTCTCCG,13,1
TCGAATCTTCTCCG,23,1
TCGACCTGGGGACA,1,1
TCGACCTGGGGACA,35,1
TCGACCTGTAACGC,13,1
TCGACCTGTAACGC,6,1
TCGACCTGTCAAGC,25,1
TCGACCTGTCAAGC,27,1
TCGACGCTAATGCC,13,1
TCGACGCTAATGCC,37,1
TCGACGCTCGTGTA,13,1
TCGACGCTCGTGTA,34,1
TCGACGCTGGCATT,29,1
TCGACGCTGGCATT,34,1
TCGACGCTTGTTCT,16,1
TCGACGCTTGTTCT,25,1
TCGAGCCTAAAGTG,25,1
TCGAGCCTAAAGTG,36,1
TCGAGCCTGATGAA,10,1
TCGAGCCTGATGAA,25,1
TCGAGCCTGGTACT,28,1
TCGAGCCTGGTACT,7,1
TCGAGCCTGGTCAT,10,1
TCGAGCCTGGTCAT,33,1
TCGAGCCTGTTCGA,26,1
TCGAGCCTGTTCGA,29,1
TCGATACTAGTCGT,30,1
TCGATACTAGTCGT,35,1
TCGATACTATGTCG,31,1
TCGATACTATGTCG,33,1
TCGATACTCCCAAA,12,1
TCGATACTCCCAAA,23,1
TCGATTTGACACTG,16,1
TCGATTTGACACTG,33,1
TCGATTTGACTAGC,3,1
TCGATTTGACTAGC,30,1
TCGATTTGCGAACT,25,1
TCGATTTGCGAACT,35,1
TCGATTTGGAACTC,31,1
TCGATTTGGAACTC,33,1
TCGATTTGGCGATT,25,1
TCGATTTGGCGATT,28,1
TCGATTTGGTCACA,30,1
TCGATTTGGTCACA,34,1
TCGATTTGTGACAC,29,1
TCGATTTGTGACAC,32,1
TCGCAAGAGTCATG,27,1
TCGCAAGAGTCATG,36,1
TCGCAAGATCCTGC,34,1
TCGCAAGATCCTGC,7,1
TCGCACACACTAGC,19,1
TCGCACACACTAGC,7,1
TCGCACACGCCTTC,26,1
TCGCACACGCCTTC,29,1
TCGCACACTTGTGG,24,1
TCGCACACTTGTGG,26,1
TCGCACTGGCCCTT,29,1
TCGCACTGGCCCTT,31,1
TCGCACTGTTTGTC,13,1
TCGCACTGTTTGTC,35,1
TCGCAGCTACTCTT,18,1
TCGCAGCTACTCTT,33,1
TCGCAGCTAGGTCT,19,1
TCGCAGCTAGGTCT,37,1
TCGCAGCTATACCG,13,1
TCGCAGCTATACCG,18,1
TCGCAGCTGCTTCC,32,1
TCGCAGCTGCTTCC,9,1
TCGCAGCTTTCTAC,16,1
TCGCAGCTTTCTAC,8,1
TCGCCATGATGGTC,13,1
TCGCCATGATGGTC,31,1
TCGCCATGCCTATT,33,1
TCGCCATGCCTATT,6,1
TCGCCATGGACACT,18,1
TCGCCATGGACACT,29,1
TCGCCATGGGGCAA,12,1
TCGCCATGGGGCAA,24,1
TCGGACCTACTCAG,26,1
TCGGACCTACTCAG,35,1
TCGGACCTATGACC,17,1
TCGGACCTATGACC,33,1
TCGGACCTGAGAGC,29,1
TCGGACCTGAGAGC,31,1
TCGGTAGAGCCATA,19,1
TCGGTAGAGCCATA,25,1
TCGGTAGAGCGATT,26,1
TCGGTAGAGCGATT,34,1
TCGGTAGATGCCAA,27,1
TCGGTAGATGCCAA,32,1
TCGTAGGAAGTCGT,13,1
TCGTAGGAAGTCGT,20,1
TCGTAGGACCAGTA,28,1
TCGTAGGACCAGTA,34,1
TCGTAGGAGGTACT,25,1
TCGTAGGAGGTACT,29,1
TCGTGAGAAGTGTC,1,1
TCGTGAGAAGTGTC,9,1
TCGTGAGACAATCG,10,1
TCGTGAGACAATCG,28,1
TCGTGAGAGGAAAT,16,1
TCGTGAGAGGAAAT,24,1
TCGTGAGAGGACTT,26,1
TCGTGAGAGGACTT,31,1
TCGTGAGATCCTCG,10,1
TCGTGAGATCCTCG,27,1
TCGTGAGATGTAGC,20,1
TCGTGAGATGTAGC,27,1
TCGTTATGACCTGA,13,1
TCGTTATGACCTGA,24,1
TCGTTATGGATAGA,12,1
TCGTTATGGATAGA,16,1
TCGTTATGTCCCGT,16,1
TCGTTATGTCCCGT,31,1
TCTAACACACCCTC,29,1
TCTAACACACCCTC,6,1
TCTAACTGAAAAGC,12,1
TCTAACTGAAAAGC,30,1
TCTAACTGGCGAAG,25,1
TCTAACTGGCGAAG,29,1
TCTAACTGGTCGAT,16,1
TCTAACTGGTCGAT,29,1
TCTAAGCTCGAACT,27,1
TCTAAGCTCGAACT,29,1
TCTAAGCTTTCTCA,16,1
TCTAAGCTTTCTCA,30,1
TCTACAACACGGGA,33,1
TCTACAACACGGGA,9,1
TCTACAACATGTGC,28,1
TCTACAACATGTGC,30,1
TCTACAACCAGATC,14,1
TCTACAACCAGATC,36,1
TCTACAACGGTAAA,13,1
TCTACAACGGTAAA,25,1
TCTAGACTAACGAA,13,1
TCTAGACTAACGAA,35,1
TCTAGACTATGTCG,13,1
TCTAGACTATGTCG,33,1
TCTAGACTCATCAG,26,1
TCTAGACTCATCAG,33,1
TCTAGACTCTGTAG,12,1
TCTAGACTCTGTAG,23,1
TCTAGACTTGGAGG,18,1
TCTAGACTTGGAGG,24,1
TCTAGACTTGGAGG,5,1
TCTAGTTGACAGCT,27,1
TCTAGTTGACAGCT,33,1
TCTAGTTGACGTGT,23,1
TCTAGTTGACGTGT,28,1
TCTAGTTGGCGTTA,15,1
TCTAGTTGGCGTTA,29,1
TCTAGTTGGTTGGT,29,1
TCTAGTTGGTTGGT,32,1
TCTAGTTGTAACCG,28,1
TCTAGTTGTAACCG,35,1
TCTAGTTGTCTCGC,13,1
TCTAGTTGTCTCGC,6,1
TCTATGTGCGTAAC,25,1
TCTATGTGCGTAAC,27,1
TCTATGTGCTGACA,31,1
TCTATGTGCTGACA,35,1
TCTATGTGGCTAAC,24,1
TCTATGTGGCTAAC,25,1
TCTATGTGTATCGG,35,1
TCTATGTGTATCGG,36,1
TCTATGTGTCCCGT,28,1
TCTATGTGTCCCGT,29,1
TCTCAAACAGCATC,18,1
TCTCAAACAGCATC,26,1
TCTCAAACATAAGG,29,1
TCTCAAACATAAGG,32,1
TCTCAAACTGCAAC,27,1
TCTCAAACTGCAAC,7,1
TCTCCACTGAATGA,12,1
TCTCCACTGAATGA,16,1
TCTCTAGATAGCCA,28,1
TCTCTAGATAGCCA,29,1
TCTGATACGAAGGC,24,1
TCTGATACGAAGGC,36,1
TCTGATACGCAGAG,24,1
TCTGATACGCAGAG,25,1
TCTTACGAAACCTG,12,1
TCTTACGAAACCTG,16,1
TCTTACGAACCCTC,26,1
TCTTACGAACCCTC,34,1
TCTTACGAACTCTT,17,1
TCTTACGAACTCTT,28,1
TCTTACGAAGGCGA,30,1
TCTTACGAAGGCGA,35,1
TCTTACGACATTCT,16,1
TCTTACGACATTCT,32,1
TCTTACGACATTCT,37,1
TCTTACGACCTACC,19,1
TCTTACGACCTACC,31,1
TCTTACGACGACAT,17,1
TCTTACGACGACAT,25,1
TCTTACGAGAATAG,31,1
TCTTACGAGAATAG,37,1
TCTTACGAGGTACT,25,1
TCTTACGAGGTACT,3,1
TCTTACGATCATTC,12,1
TCTTACGATCATTC,29,1
TCTTACGATCTATC,24,1
TCTTACGATCTATC,25,1
TCTTCAGAAACCGT,14,1
TCTTCAGAAACCGT,19,1
TCTTCAGAGCGGAA,26,1
TCTTCAGAGCGGAA,8,1
TCTTGATGGTTGTG,24,1
TCTTGATGGTTGTG,34,1
TCTTGATGTGGGAG,33,1
TCTTGATGTGGGAG,37,1
TGAAATTGACACCA,29,1
TGAAATTGACACCA,34,1
TGAAATTGCGTAAC,10,1
TGAAATTGCGTAAC,34,1
TGAAATTGGCGATT,26,1
TGAAATTGGCGATT,33,1
TGAAATTGTCTAGG,23,1
TGAAATTGTCTAGG,27,1
TGAACCGACACTCC,29,1
TGAACCGACACTCC,31,1
TGAACCGAGGTGTT,20,1
TGAACCGAGGTGTT,30,1
TGAACCGATGTTTC,19,1
TGAACCGATGTTTC,24,1
TGAAGCACAGTGCT,36,1
TGAAGCACAGTGCT,9,1
TGAAGCACGCAGTT,25,1
TGAAGCACGCAGTT,8,1
TGAATAACACTACG,20,1
TGAATAACACTACG,27,1
TGAATAACTGCTCC,28,1
TGAATAACTGCTCC,34,1
TGACACGAAAGCCT,31,1
TGACACGAAAGCCT,36,1
TGACACGAAGAGTA,19,1
TGACACGAAGAGTA,26,1
TGACACGACTGGTA,19,1
TGACACGACTGGTA,26,1
TGACCAGAAAAACG,29,1
TGACCAGAAAAACG,30,1
TGACCAGAGGACGA,16,1
TGACCAGAGGACGA,8,1
TGACCAGATTCTCA,18,1
TGACCAGATTCTCA,25,1
TGACCGCTGTCATG,25,1
TGACCGCTGTCATG,8,1
TGACCGCTTTTGTC,27,1
TGACCGCTTTTGTC,6,1
TGACGAACCCAATG,17,1
TGACGAACCCAATG,6,1
TGACGATGAGAAGT,31,1
TGACGATGAGAAGT,35,1
TGACGATGGGTTAC,13,1
TGACGATGGGTTAC,17,1
TGACGATGGGTTAC,19,1
TGACGATGGTATGC,24,1
TGACGATGGTATGC,34,1
TGACGATGGTCGAT,19,1
TGACGATGGTCGAT,29,1
TGACGATGTGTGGT,19,1
TGACGATGTGTGGT,24,1
TGACGCCTACCTAG,30,1
TGACGCCTACCTAG,9,1
TGACTGGAATCGAC,31,1
TGACTGGAATCGAC,36,1
TGACTGGACGTTAG,28,1
TGACTGGACGTTAG,29,1
TGACTGGAGGTCTA,17,1
TGACTGGAGGTCTA,25,1
TGACTGGATCGTTT,17,1
TGACTGGATCGTTT,25,1
TGACTTTGGGGCAA,29,1
TGACTTTGGGGCAA,8,1
TGACTTTGTTGTGG,33,1
TGACTTTGTTGTGG,7,1
TGAGACACTTAGGC,19,1
TGAGACACTTAGGC,34,1
TGAGACACTTCTCA,13,1
TGAGACACTTCTCA,37,1
TGAGCAACCCCTAC,12,1
TGAGCAACCCCTAC,16,1
TGAGCTGAAATCGC,28,1
TGAGCTGAAATCGC,36,1
TGAGCTGAGGTATC,24,1
TGAGCTGAGGTATC,25,1
TGAGCTGATCTTTG,26,1
TGAGCTGATCTTTG,33,1
TGAGGTACCTTGCC,25,1
TGAGGTACCTTGCC,36,1
TGAGGTACGTAAGA,25,1
TGAGGTACGTAAGA,28,1
TGAGGTACTTTCAC,27,1
TGAGGTACTTTCAC,31,1
TGAGTCGAAACGAA,12,1
TGAGTCGAAACGAA,37,1
TGAGTCGACCCTAC,24,1
TGAGTCGACCCTAC,27,1
TGAGTCGACGTGAT,13,1
TGAGTCGACGTGAT,34,1
TGAGTCGATCGCAA,26,1
TGAGTCGATCGCAA,33,1
TGAGTCGATGTCAG,19,1
TGAGTCGATGTCAG,36,1
TGAGTGACGGTTTG,27,1
TGAGTGACGGTTTG,29,1
TGAGTGACTCTACT,24,1
TGAGTGACTCTACT,26,1
TGATAAACGGAGCA,32,1
TGATAAACGGAGCA,36,1
TGATAAACGGTCTA,17,1
TGATAAACGGTCTA,35,1
TGATACCTAGCCTA,30,1
TGATACCTAGCCTA,33,1
TGATACCTTATGGC,31,1
TGATACCTTATGGC,32,1
TGATATGAATGCCA,26,1
TGATATGAATGCCA,8,1
TGATATGACGCAAT,19,1
TGATATGACGCAAT,32,1
TGATATGACGGAGA,14,1
TGATATGACGGAGA,33,1
TGATATGACGGAGA,34,1
TGATCACTAGGAGC,29,1
TGATCACTAGGAGC,8,1
TGATCACTATAAGG,25,1
TGATCACTATAAGG,26,1
TGATCACTGTAAAG,12,1
TGATCACTGTAAAG,26,1
TGATCACTTCTCAT,31,1
TGATCACTTCTCAT,35,1
TGATCGGACGGAGA,23,1
TGATCGGACGGAGA,29,1
TGATCGGACGGAGA,36,1
TGATCGGACGGAGA,37,1
TGATCGGACTTGAG,16,1
TGATCGGACTTGAG,19,1
TGATCGGAGTAGCT,25,1
TGATCGGAGTAGCT,36,1
TGATTAGAGAAACA,13,1
TGATTAGAGAAACA,15,1
TGATTAGAGATAGA,23,1
TGATTAGAGATAGA,31,1
TGATTAGATGGATC,25,1
TGATTAGATGGATC,35,1
TGATTAGATTCTTG,10,1
TGATTAGATTCTTG,25,1
TGATTCACAGTAGA,16,1
TGATTCACAGTAGA,28,1
TGATTCACTCTTCA,25,1
TGATTCACTCTTCA,31,1
TGATTCTGCTCATT,24,1
TGATTCTGCTCATT,26,1
TGATTCTGTAACGC,15,1
TGATTCTGTAACGC,31,1
TGATTCTGTCAGGT,37,1
TGATTCTGTCAGGT,9,1
TGATTCTGTGCAAC,27,1
TGATTCTGTGCAAC,34,1
TGCAACGACATGGT,16,1
TGCAACGACATGGT,30,1
TGCAAGACACCTCC,19,1
TGCAAGACACCTCC,32,1
TGCAAGTGGTACCA,33,1
TGCAAGTGGTACCA,37,1
TGCAATCTACCAGT,25,1
TGCAATCTACCAGT,37,1
TGCAATCTATGCCA,28,1
TGCAATCTATGCCA,8,1
TGCAATCTCCTGAA,26,1
TGCAATCTCCTGAA,33,1
TGCAATCTTCGCTC,30,1
TGCAATCTTCGCTC,34,1
TGCAATCTTTTCGT,12,1
TGCAATCTTTTCGT,31,1
TGCACAGAAGAACA,17,1
TGCACAGAAGAACA,19,1
TGCACAGACGACAT,19,1
TGCACAGACGACAT,35,1
TGCACAGAGACAGG,13,1
TGCACAGAGACAGG,31,1
TGCACAGAGCCCTT,25,1
TGCACAGAGCCCTT,31,1
TGCACAGATTGCAG,24,1
TGCACAGATTGCAG,31,1
TGCACGCTACGTTG,20,1
TGCACGCTACGTTG,27,1
TGCACGCTGCCAAT,19,1
TGCACGCTGCCAAT,28,1
TGCACGCTGTAAAG,17,1
TGCACGCTGTAAAG,33,1
TGCACGCTTTGCGA,30,1
TGCACGCTTTGCGA,8,1
TGCAGATGCTGACA,13,1
TGCAGATGCTGACA,17,1
TGCAGATGGGTACT,24,1
TGCAGATGGGTACT,29,1
TGCATGGACTCCCA,18,1
TGCATGGACTCCCA,28,1
TGCATGGAGTAGGG,19,1
TGCATGGAGTAGGG,29,1
TGCATGGATTAGGC,26,1
TGCATGGATTAGGC,8,1
TGCCAAGAACCGAT,24,1
TGCCAAGAACCGAT,37,1
TGCCAAGATCTACT,26,1
TGCCAAGATCTACT,28,1
TGCCACTGAAGAGT,35,1
TGCCACTGAAGAGT,37,1
TGCCACTGACACCA,20,1
TGCCACTGACACCA,9,1
TGCCACTGTGGTGT,29,1
TGCCACTGTGGTGT,5,1
TGCCAGCTAAGCAA,26,1
TGCCAGCTAAGCAA,37,1
TGCCAGCTGAGACG,16,1
TGCCAGCTGAGACG,18,1
TGCCAGCTGAGACG,33,1
TGCCAGCTTCAGGT,16,1
TGCCAGCTTCAGGT,17,1
TGCCAGCTTGTTCT,29,1
TGCCAGCTTGTTCT,34,1
TGCCCAACCTTGGA,26,1
TGCCCAACCTTGGA,32,1
TGCCCAACCTTGGA,34,1
TGCCGACTACCACA,24,1
TGCCGACTACCACA,27,1
TGCCGACTGAGAGC,23,1
TGCCGACTGAGAGC,8,1
TGCCGACTGCGAAG,15,1
TGCCGACTGCGAAG,24,1
TGCCGACTGTCATG,12,1
TGCCGACTGTCATG,35,1
TGCCGACTTGACCA,28,1
TGCCGACTTGACCA,29,1
TGCGAAACAAAGCA,18,1
TGCGAAACAAAGCA,37,1
TGCGATGAACGCTA,1,1
TGCGATGAACGCTA,17,1
TGCGATGAACGCTA,31,1
TGCGATGACCAACA,16,1
TGCGATGACCAACA,25,1
TGCGATGACTGTAG,34,1
TGCGATGACTGTAG,35,1
TGCGATGACTTACT,29,1
TGCGATGACTTACT,33,1
TGCGATGAGCGATT,16,1
TGCGATGAGCGATT,9,1
TGCGATGATAGAGA,17,1
TGCGATGATAGAGA,29,1
TGCGATGATGGCAT,19,1
TGCGATGATGGCAT,26,1
TGCGATGATGGCAT,30,1
TGCGCACTAACGGG,24,1
TGCGCACTAACGGG,25,1
TGCGCACTACAGTC,25,1
TGCGCACTACAGTC,37,1
TGCGCACTATGGTC,16,1
TGCGCACTATGGTC,37,1
TGCGCACTCAACCA,16,1
TGCGCACTCAACCA,27,1
TGCGCACTCCCTTG,12,1
TGCGCACTCCCTTG,19,1
TGCGCACTGAGACG,24,1
TGCGCACTGAGACG,28,1
TGCGCACTTCCAAG,29,1
TGCGCACTTCCAAG,36,1
TGCTAGGACTGTAG,30,1
TGCTAGGACTGTAG,8,1
TGCTAGGAGAATAG,13,1
TGCTAGGAGAATAG,26,1
TGCTAGGATCACCC,25,1
TGCTAGGATCACCC,37,1
TGCTATACACTACG,16,1
TGCTATACACTACG,26,1
TGCTGAGACTGACA,24,1
TGCTGAGACTGACA,37,1
TGCTGAGACTTATC,12,1
TGCTGAGACTTATC,16,1
TGCTGAGATCCAGA,16,1
TGCTGAGATCCAGA,32,1
TGCTTAACACGGAG,16,1
TGCTTAACACGGAG,26,1
TGCTTAACACTTTC,1,1
TGCTTAACACTTTC,25,1
TGCTTAACATGTGC,25,1
TGCTTAACATGTGC,28,1
TGCTTAACCATTGG,32,1
TGCTTAACCATTGG,8,1
TGCTTAACCGAGTT,25,1
TGCTTAACCGAGTT,27,1
TGCTTAACCTTGAG,25,1
TGCTTAACCTTGAG,33,1
TGCTTAACTACGCA,29,1
TGCTTAACTACGCA,36,1
TGCTTAACTCTACT,26,1
TGCTTAACTCTACT,36,1
TGCTTAACTTACCT,27,1
TGCTTAACTTACCT,32,1
TGGAAAGAACCTTT,26,1
TGGAAAGAACCTTT,35,1
TGGAAAGAACTTTC,29,1
TGGAAAGAACTTTC,5,1
TGGAAAGAGAAGGC,29,1
TGGAAAGAGAAGGC,34,1
TGGAAAGATTGGCA,17,1
TGGAAAGATTGGCA,7,1
TGGAACACACGGTT,15,1
TGGAACACACGGTT,16,1
TGGAACACTTTGCT,20,1
TGGAACACTTTGCT,32,1
TGGAACTGCCTTGC,33,1
TGGAACTGCCTTGC,35,1
TGGAACTGTACTCT,19,1
TGGAACTGTACTCT,8,1
TGGAAGCTCTCATT,28,1
TGGAAGCTCTCATT,32,1
TGGAAGCTGGGATG,17,1
TGGAAGCTGGGATG,27,1
TGGACCCTAAGATG,31,1
TGGACCCTAAGATG,35,1
TGGACTGACCATGA,10,1
TGGACTGACCATGA,25,1
TGGACTGACCATGA,29,1
TGGACTGACCGCTT,24,1
TGGACTGACCGCTT,27,1
TGGACTGAGTATGC,24,1
TGGACTGAGTATGC,9,1
TGGACTGATGTGAC,30,1
TGGACTGATGTGAC,6,1
TGGACTGATTCGTT,19,1
TGGACTGATTCGTT,29,1
TGGAGACTCCCGTT,25,1
TGGAGACTCCCGTT,31,1
TGGAGGGAAAGGCG,12,1
TGGAGGGAAAGGCG,17,1
TGGAGGGAAGTAGA,29,1
TGGAGGGAAGTAGA,31,1
TGGAGGGAAGTCAC,13,1
TGGAGGGAAGTCAC,36,1
TGGAGGGAATCGGT,29,1
TGGAGGGAATCGGT,33,1
TGGATCGACATTTC,34,1
TGGATCGACATTTC,35,1
TGGATCGACGTTGA,32,1
TGGATCGACGTTGA,35,1
TGGATCGACTGACA,12,1
TGGATCGACTGACA,9,1
TGGATCGACTTACT,13,1
TGGATCGACTTACT,16,1
TGGATGACCAGAGG,29,1
TGGATGACCAGAGG,37,1
TGGATGACCGCTAA,23,1
TGGATGACCGCTAA,31,1
TGGATGACGGGCAA,25,1
TGGATGACGGGCAA,4,1
TGGATGACTGGTCA,31,1
TGGATGACTGGTCA,33,1
TGGATGTGAGAATG,12,1
TGGATGTGAGAATG,24,1
TGGATGTGTTTCTG,12,1
TGGATGTGTTTCTG,27,1
TGGATTCTGTTCTT,26,1
TGGATTCTGTTCTT,32,1
TGGATTCTTACGAC,24,1
TGGATTCTTACGAC,28,1
TGGATTCTTGGAAA,13,1
TGGATTCTTGGAAA,19,1
TGGCAATGCGTACA,25,1
TGGCAATGCGTACA,27,1
TGGCAATGGCGGAA,10,1
TGGCAATGGCGGAA,26,1
TGGCAATGGTACAC,25,1
TGGCAATGGTACAC,36,1
TGGCACCTTGCATG,25,1
TGGCACCTTGCATG,27,1
TGGGTATGCCTCCA,17,1
TGGGTATGCCTCCA,24,1
TGGGTATGCCTCGT,13,1
TGGGTATGCCTCGT,25,1
TGGTACGACAGGAG,13,1
TGGTACGACAGGAG,27,1
TGGTACGACCTCAC,12,1
TGGTACGACCTCAC,19,1
TGGTACGACTGGTA,34,1
TGGTACGACTGGTA,35,1
TGGTACGAGCGATT,19,1
TGGTACGAGCGATT,29,1
TGGTACGAGTGTCA,16,1
TGGTACGAGTGTCA,24,1
TGGTACGAGTGTCA,37,1
TGGTAGACAAGGGC,24,1
TGGTAGACAAGGGC,26,1
TGGTAGACAGCTCA,27,1
TGGTAGACAGCTCA,31,1
TGGTAGACCCTGTC,29,1
TGGTAGACCCTGTC,7,1
TGGTAGACGTCATG,29,1
TGGTAGACGTCATG,36,1
TGGTAGACTTGACG,25,1
TGGTAGACTTGACG,32,1
TGGTAGTGCATTGG,29,1
TGGTAGTGCATTGG,5,1
TGGTAGTGGAGCTT,28,1
TGGTAGTGGAGCTT,32,1
TGGTAGTGGGAACG,30,1
TGGTAGTGGGAACG,37,1
TGGTAGTGTGCATG,30,1
TGGTAGTGTGCATG,7,1
TGGTATCTACCAAC,19,1
TGGTATCTACCAAC,6,1
TGGTATCTAGTACC,32,1
TGGTATCTAGTACC,34,1
TGGTATCTCAATCG,13,1
TGGTATCTCAATCG,33,1
TGGTATCTCCAGTA,25,1
TGGTATCTCCAGTA,26,1
TGGTATCTCTTCTA,25,1
TGGTATCTCTTCTA,37,1
TGGTATCTTGCTTT,29,1
TGGTATCTTGCTTT,8,1
TGGTCAGAATTGGC,24,1
TGGTCAGAATTGGC,9,1
TGGTCAGACACACA,12,1
TGGTCAGACACACA,19,1
TGGTCAGACGATAC,1,1
TGGTCAGACGATAC,24,1
TGGTCAGACTAAGC,25,1
TGGTCAGACTAAGC,7,1
TGGTCAGATAGTCG,13,1
TGGTCAGATAGTCG,33,1
TGGTCAGATGTTCT,6,1
TGGTCAGATGTTCT,7,1
TGGTTACTACCTAG,19,1
TGGTTACTACCTAG,30,1
TGGTTACTATAAGG,26,1
TGGTTACTATAAGG,27,1
TGGTTACTGCGTTA,10,1
TGGTTACTGCGTTA,19,1
TGGTTACTTTTCGT,7,1
TGGTTACTTTTCGT,8,1
TGTAAAACGACAGG,16,1
TGTAAAACGACAGG,31,1
TGTAAAACGCGAGA,18,1
TGTAAAACGCGAGA,5,1
TGTAAAACTGCCCT,19,1
TGTAAAACTGCCCT,30,1
TGTAAAACTTTCAC,13,1
TGTAAAACTTTCAC,25,1
TGTAACCTCGAATC,10,1
TGTAACCTCGAATC,24,1
TGTAACCTCGTTAG,24,1
TGTAACCTCGTTAG,31,1
TGTAATGAAGCTAC,25,1
TGTAATGAAGCTAC,37,1
TGTAATGACCCTCA,10,1
TGTAATGACCCTCA,37,1
TGTAATGATTGTGG,28,1
TGTAATGATTGTGG,33,1
TGTACTTGAACCAC,26,1
TGTACTTGAACCAC,34,1
TGTACTTGACACCA,24,1
TGTACTTGACACCA,29,1
TGTACTTGCCAACA,26,1
TGTACTTGCCAACA,33,1
TGTACTTGCTTAGG,27,1
TGTACTTGCTTAGG,32,1
TGTACTTGTGGTAC,26,1
TGTACTTGTGGTAC,34,1
TGTACTTGTTCGCC,19,1
TGTACTTGTTCGCC,33,1
TGTAGGTGACAGCT,14,1
TGTAGGTGACAGCT,27,1
TGTAGGTGAGCTCA,36,1
TGTAGGTGAGCTCA,9,1
TGTAGGTGAGTCTG,25,1
TGTAGGTGAGTCTG,26,1
TGTAGGTGCTGTGA,24,1
TGTAGGTGCTGTGA,33,1
TGTAGGTGGTAAAG,23,1
TGTAGGTGGTAAAG,7,1
TGTAGGTGTGACCA,18,1
TGTAGGTGTGACCA,36,1
TGTAGTCTAACCTG,12,1
TGTAGTCTAACCTG,6,1
TGTAGTCTAATGCC,14,1
TGTAGTCTAATGCC,19,1
TGTAGTCTTTCATC,20,1
TGTAGTCTTTCATC,5,1
TGTATCTGAGGGTG,24,1
TGTATCTGAGGGTG,36,1
TGTATCTGCCACCT,33,1
TGTATCTGCCACCT,9,1
TGTATCTGTCGCTC,15,1
TGTATCTGTCGCTC,5,1
TGTATCTGTCGTTT,32,1
TGTATCTGTCGTTT,34,1
TGTATGCTACACAC,19,1
TGTATGCTACACAC,25,1
TGTATGCTACTCAG,16,1
TGTATGCTACTCAG,34,1
TGTATGCTCAACCA,10,1
TGTATGCTCAACCA,35,1
TGTATGCTCTGCTC,18,1
TGTATGCTCTGCTC,29,1
TGTATGCTGTTAGC,13,1
TGTATGCTGTTAGC,8,1
TGTATGCTTTCGGA,31,1
TGTATGCTTTCGGA,34,1
TGTCAGGAACTTTC,12,1
TGTCAGGAACTTTC,29,1
TGTCAGGAGGAGCA,33,1
TGTCAGGAGGAGCA,7,1
TGTCTAACACTGTG,20,1
TGTCTAACACTGTG,30,1
TGTCTAACCTATTC,24,1
TGTCTAACCTATTC,25,1
TGTCTAACCTGCTC,13,1
TGTCTAACCTGCTC,33,1
TGTCTAACGTTACG,20,1
TGTCTAACGTTACG,29,1
TGTCTAACGTTCGA,13,1
TGTCTAACGTTCGA,4,1
TGTCTAACTTGGCA,14,1
TGTCTAACTTGGCA,25,1
TGTGACGACGAATC,19,1
TGTGACGACGAATC,33,1
TGTGAGACAGTGTC,29,1
TGTGAGACAGTGTC,35,1
TGTGAGACCGTAGT,17,1
TGTGAGACCGTAGT,36,1
TGTGAGACGAGATA,23,1
TGTGAGACGAGATA,32,1
TGTGAGACGGAGCA,26,1
TGTGAGACGGAGCA,36,1
TGTGAGACTTGAGC,19,1
TGTGAGACTTGAGC,31,1
TGTGAGTGACACCA,13,1
TGTGAGTGACACCA,24,1
TGTGAGTGATGACC,13,1
TGTGAGTGATGACC,29,1
TGTGAGTGATGACC,6,1
TGTGAGTGCATGAC,12,1
TGTGAGTGCATGAC,25,1
TGTGAGTGTGCATG,18,1
TGTGAGTGTGCATG,28,1
TGTGATCTAATCGC,13,1
TGTGATCTAATCGC,25,1
TGTGATCTGTGTCA,13,1
TGTGATCTGTGTCA,36,1
TGTGATCTTTGGTG,24,1
TGTGATCTTTGGTG,25,1
TGTGGATGACCTAG,26,1
TGTGGATGACCTAG,7,1
TGTGGATGACTCAG,24,1
TGTGGATGACTCAG,25,1
TGTGGATGCTCAAG,19,1
TGTGGATGCTCAAG,36,1
TGTGGATGTTGGTG,31,1
TGTGGATGTTGGTG,36,1
TGTTAAGACGTGTA,14,1
TGTTAAGACGTGTA,19,1
TGTTAAGACTCAGA,13,1
TGTTAAGACTCAGA,9,1
TGTTAAGATGCATG,20,1
TGTTAAGATGCATG,30,1
TGTTAAGATGGAGG,17,1
TGTTAAGATGGAGG,30,1
TGTTACACAAACAG,13,1
TGTTACACAAACAG,28,1
TGTTACACCGTGAT,25,1
TGTTACACCGTGAT,35,1
TGTTACACTTTGGG,10,1
TGTTACACTTTGGG,24,1
TGTTACTGCCATGA,19,1
TGTTACTGCCATGA,5,1
TGTTACTGCCGAAT,10,1
TGTTACTGCCGAAT,30,1
TGTTACTGTACAGC,19,1
TGTTACTGTACAGC,5,1
TTAACCACCAACTG,25,1
TTAACCACCAACTG,32,1
TTAACCACCCAGTA,29,1
TTAACCACCCAGTA,34,1
TTAACCACCTTGCC,19,1
TTAACCACCTTGCC,34,1
TTAACCACGAGAGC,12,1
TTAACCACGAGAGC,18,1
TTAACCACGAGAGC,32,1
TTAACCACGTCAAC,13,1
TTAACCACGTCAAC,6,1
TTAACCACGTTGGT,19,1
TTAACCACGTTGGT,24,1
TTAACCACGTTGGT,25,1
TTAACCACGTTGGT,36,1
TTACACACCCTCCA,25,1
TTACACACCCTCCA,29,1
TTACACACCTCCCA,27,1
TTACACACCTCCCA,35,1
TTACACACGGAGTG,13,1
TTACACACGGAGTG,16,1
TTACAGCTAAAACG,17,1
TTACAGCTAAAACG,23,1
TTACAGCTACCAAC,24,1
TTACAGCTACCAAC,29,1
TTACAGCTTAGCGT,17,1
TTACAGCTTAGCGT,28,1
TTACAGCTTCGTAG,24,1
TTACAGCTTCGTAG,27,1
TTACAGCTTGCTCC,15,1
TTACAGCTTGCTCC,26,1
TTACCATGCCAAGT,18,1
TTACCATGCCAAGT,26,1
TTACCATGCCCACT,33,1
TTACCATGCCCACT,34,1
TTACCATGCTCTCG,12,1
TTACCATGCTCTCG,16,1
TTACCATGCTCTCG,29,1
TTACCATGTACTCT,24,1
TTACCATGTACTCT,25,1
TTACCATGTCGCTC,18,1
TTACCATGTCGCTC,29,1
TTACCATGTCGCTC,32,1
TTACCATGTCTACT,25,1
TTACCATGTCTACT,27,1
TTACGACTCCAGTA,13,1
TTACGACTCCAGTA,24,1
TTACGACTGCGAGA,12,1
TTACGACTGCGAGA,31,1
TTACGACTGCGAGA,37,1
TTACGACTTCAAGC,24,1
TTACGACTTCAAGC,25,1
TTACGACTTGGTCA,19,1
TTACGACTTGGTCA,36,1
TTACGTACAGGTCT,19,1
TTACGTACAGGTCT,35,1
TTACGTACGAATAG,16,1
TTACGTACGAATAG,24,1
TTACTCGAACCCTC,24,1
TTACTCGAACCCTC,7,1
TTAGAATGACTACG,18,1
TTAGAATGACTACG,19,1
TTAGAATGCGCCTT,17,1
TTAGAATGCGCCTT,25,1
TTAGAATGCTTAGG,29,1
TTAGAATGCTTAGG,9,1
TTAGAATGCTTCCG,10,1
TTAGAATGCTTCCG,20,1
TTAGAATGCTTCCG,25,1
TTAGAATGTCCTCG,17,1
TTAGAATGTCCTCG,9,1
TTAGACCTCCTCGT,13,1
TTAGACCTCCTCGT,19,1
TTAGACCTCGACAT,20,1
TTAGACCTCGACAT,24,1
TTAGACCTCTCAAG,12,1
TTAGACCTCTCAAG,29,1
TTAGACCTCTGAGT,16,1
TTAGACCTCTGAGT,37,1
TTAGACCTGTGTCA,25,1
TTAGACCTGTGTCA,28,1
TTAGCTACAGAGAT,20,1
TTAGCTACAGAGAT,9,1
TTAGCTACCCGTTC,25,1
TTAGCTACCCGTTC,34,1
TTAGGGACAGCTCA,13,1
TTAGGGACAGCTCA,7,1
TTAGGGACGCTTCC,33,1
TTAGGGACGCTTCC,34,1
TTAGGGTGACACAC,14,1
TTAGGGTGACACAC,18,1
TTAGGGTGTCTAGG,24,1
TTAGGGTGTCTAGG,28,1
TTAGGGTGTCTAGG,5,1
TTAGGGTGTCTCTA,12,1
TTAGGGTGTCTCTA,23,1
TTAGGTCTAGCCTA,17,1
TTAGGTCTAGCCTA,24,1
TTAGGTCTAGTACC,24,1
TTAGGTCTAGTACC,25,1
TTAGGTCTCGACAT,19,1
TTAGGTCTCGACAT,37,1
TTAGGTCTCTCGCT,25,1
TTAGGTCTCTCGCT,29,1
TTAGGTCTGAATAG,26,1
TTAGGTCTGAATAG,34,1
TTAGGTCTGACAAA,24,1
TTAGGTCTGACAAA,32,1
TTAGGTCTGTCTTT,29,1
TTAGGTCTGTCTTT,37,1
TTAGTCACAACTGC,19,1
TTAGTCACAACTGC,29,1
TTAGTCACCCCTCA,12,1
TTAGTCACCCCTCA,18,1
TTAGTCACTGTGCA,17,1
TTAGTCACTGTGCA,37,1
TTAGTCACTTCATC,10,1
TTAGTCACTTCATC,3,1
TTAGTCTGAAGTAG,16,1
TTAGTCTGAAGTAG,17,1
TTAGTCTGCATTCT,32,1
TTAGTCTGCATTCT,4,1
TTAGTCTGCTGTAG,19,1
TTAGTCTGCTGTAG,25,1
TTAGTCTGGCTAAC,24,1
TTAGTCTGGCTAAC,34,1
TTAGTCTGTGTTTC,17,1
TTAGTCTGTGTTTC,29,1
TTAGTCTGTTCTAC,24,1
TTAGTCTGTTCTAC,26,1
TTATCCGAAACCGT,27,1
TTATCCGAAACCGT,28,1
TTATCCGAGCTTAG,27,1
TTATCCGAGCTTAG,32,1
TTATGAGAGTCGAT,16,1
TTATGAGAGTCGAT,37,1
TTATGAGATAACCG,29,1
TTATGAGATAACCG,31,1
TTATGAGATGAGAA,24,1
TTATGAGATGAGAA,32,1
TTATGAGATGCAAC,14,1
TTATGAGATGCAAC,25,1
TTATGCACAAGGTA,19,1
TTATGCACAAGGTA,25,1
TTATGCACCCATAG,29,1
TTATGCACCCATAG,33,1
TTATGCACCTAGCA,13,1
TTATGCACCTAGCA,7,1
TTATGCACGATACC,27,1
TTATGCACGATACC,31,1
TTATGGCTAGGTCT,23,1
TTATGGCTAGGTCT,35,1
TTATGGCTATGGTC,25,1
TTATGGCTATGGTC,33,1
TTATGGCTCCTCAC,18,1
TTATGGCTCCTCAC,28,1
TTATGGCTCGTTGA,31,1
TTATGGCTCGTTGA,34,1
TTATGGCTTCTATC,4,1
TTATGGCTTCTATC,8,1
TTATTCCTAAACGA,27,1
TTATTCCTAAACGA,37,1
TTCAAAGAAACGAA,13,1
TTCAAAGAAACGAA,35,1
TTCAAAGACTGTCC,12,1
TTCAAAGACTGTCC,32,1
TTCAAAGAGCGATT,36,1
TTCAAAGAGCGATT,8,1
TTCAACACAGATCC,13,1
TTCAACACAGATCC,28,1
TTCAACACATCAGC,27,1
TTCAACACATCAGC,28,1
TTCAACACTGGTGT,35,1
TTCAACACTGGTGT,37,1
TTCAACACTGTTCT,25,1
TTCAACACTGTTCT,27,1
TTCAAGCTCCTCAC,17,1
TTCAAGCTCCTCAC,31,1
TTCAAGCTCCTCAC,32,1
TTCACCCTACTGTG,25,1
TTCACCCTACTGTG,6,1
TTCACCCTCGTGTA,19,1
TTCACCCTCGTGTA,6,1
TTCACCCTCTCTCG,29,1
TTCACCCTCTCTCG,30,1
TTCACCCTGATAGA,25,1
TTCACCCTGATAGA,29,1
TTCACCCTGGGCAA,15,1
TTCACCCTGGGCAA,19,1
TTCACCCTTACTGG,17,1
TTCACCCTTACTGG,5,1
TTCACCCTTGCACA,28,1
TTCACCCTTGCACA,34,1
TTCAGACTTGCCAA,29,1
TTCAGACTTGCCAA,33,1
TTCAGTACCTGAAC,13,1
TTCAGTACCTGAAC,24,1
TTCAGTTGCATTGG,17,1
TTCAGTTGCATTGG,35,1
TTCAGTTGCGGGAA,24,1
TTCAGTTGCGGGAA,36,1
TTCAGTTGGGGCAA,10,1
TTCAGTTGGGGCAA,33,1
TTCAGTTGTAGAGA,18,1
TTCAGTTGTAGAGA,27,1
TTCAGTTGTGCTGA,25,1
TTCAGTTGTGCTGA,34,1
TTCATCGACATGCA,16,1
TTCATCGACATGCA,34,1
TTCATCGACTTGCC,17,1
TTCATCGACTTGCC,19,1
TTCATCGATCAGGT,13,1
TTCATCGATCAGGT,33,1
TTCATGACCCGCTT,35,1
TTCATGACCCGCTT,9,1
TTCATGACGGTGTT,16,1
TTCATGACGGTGTT,35,1
TTCATGACGTACGT,16,1
TTCATGACGTACGT,27,1
TTCATGTGCCCTAC,16,1
TTCATGTGCCCTAC,24,1
TTCATGTGCGGGAA,17,1
TTCATGTGCGGGAA,33,1
TTCATGTGCTAAGC,13,1
TTCATGTGCTAAGC,6,1
TTCATGTGCTCTCG,16,1
TTCATGTGCTCTCG,25,1
TTCATGTGGGTAGG,10,1
TTCATGTGGGTAGG,35,1
TTCATTCTGAATCC,25,1
TTCATTCTGAATCC,27,1
TTCATTCTTGGCAT,29,1
TTCATTCTTGGCAT,31,1
TTCCAAACACCCTC,15,1
TTCCAAACACCCTC,30,1
TTCCATGAACCATG,13,1
TTCCATGAACCATG,23,1
TTCCATGAGTTCAG,30,1
TTCCATGAGTTCAG,35,1
TTCCATGATCCAGA,33,1
TTCCATGATCCAGA,37,1
TTCCATGATTCCAT,16,1
TTCCATGATTCCAT,27,1
TTCCCACTCACTTT,24,1
TTCCCACTCACTTT,30,1
TTCCCACTCTGAAC,25,1
TTCCCACTCTGAAC,28,1
TTCCCACTGAGCTT,26,1
TTCCCACTGAGCTT,29,1
TTCCTAGAAAGCAA,10,1
TTCCTAGAAAGCAA,24,1
TTCCTAGAAAGGGC,30,1
TTCCTAGAAAGGGC,31,1
TTCCTAGAAGCACT,19,1
TTCCTAGAAGCACT,29,1
TTCCTAGACTTCTA,24,1
TTCCTAGACTTCTA,34,1
TTCCTAGATACGCA,24,1
TTCCTAGATACGCA,37,1
TTCGAGGAACAGTC,12,1
TTCGAGGAACAGTC,27,1
TTCGAGGAATTTCC,10,1
TTCGAGGAATTTCC,32,1
TTCGAGGACACTCC,12,1
TTCGAGGACACTCC,29,1
TTCGAGGAGCTCCT,17,1
TTCGAGGAGCTCCT,35,1
TTCGAGGATAAGGA,25,1
TTCGAGGATAAGGA,35,1
TTCGAGGATCCTAT,12,1
TTCGAGGATCCTAT,24,1
TTCGAGGATGGTCA,37,1
TTCGAGGATGGTCA,8,1
TTCGATTGGACACT,26,1
TTCGATTGGACACT,28,1
TTCGATTGGGAAGC,27,1
TTCGATTGGGAAGC,35,1
TTCGATTGGGATCT,16,1
TTCGATTGGGATCT,25,1
TTCGGAGAAAGTGA,13,1
TTCGGAGAAAGTGA,34,1
TTCGGAGATCCAGA,25,1
TTCGGAGATCCAGA,33,1
TTCGTATGGTAGGG,13,1
TTCGTATGGTAGGG,34,1
TTCGTATGGTCCTC,13,1
TTCGTATGGTCCTC,16,1
TTCGTATGTCCAAG,26,1
TTCGTATGTCCAAG,8,1
TTCTACGACACTAG,17,1
TTCTACGACACTAG,25,1
TTCTAGTGACACGT,10,1
TTCTAGTGACACGT,24,1
TTCTAGTGACGGAG,16,1
TTCTAGTGACGGAG,30,1
TTCTAGTGCCTATT,30,1
TTCTAGTGCCTATT,8,1
TTCTAGTGCTGGAT,18,1
TTCTAGTGCTGGAT,19,1
TTCTAGTGGCCCTT,19,1
TTCTAGTGGCCCTT,29,1
TTCTCAGAAAAAGC,28,1
TTCTCAGAAAAAGC,29,1
TTCTCAGAGTCACA,19,1
TTCTCAGAGTCACA,35,1
TTCTCAGATAAGCC,27,1
TTCTCAGATAAGCC,37,1
TTCTCAGATCTTCA,33,1
TTCTCAGATCTTCA,7,1
TTCTCAGATGATGC,28,1
TTCTCAGATGATGC,29,1
TTCTGATGGGGCAA,10,1
TTCTGATGGGGCAA,24,1
TTCTGATGGGGCAA,29,1
TTCTGATGGGTCAT,29,1
TTCTGATGGGTCAT,5,1
TTCTGATGTACTTC,15,1
TTCTGATGTACTTC,35,1
TTCTGATGTTTGTC,33,1
TTCTGATGTTTGTC,36,1
TTCTTACTCAGGAG,13,1
TTCTTACTCAGGAG,26,1
TTCTTACTTCTCAT,25,1
TTCTTACTTCTCAT,31,1
TTCTTACTTGAGGG,13,1
TTCTTACTTGAGGG,36,1
TTGAATGAAAGAAC,2,1
TTGAATGAAAGAAC,23,1
TTGAATGATGCACA,27,1
TTGAATGATGCACA,8,1
TTGACACTAAAACG,24,1
TTGACACTAAAACG,25,1
TTGACACTAAGATG,32,1
TTGACACTAAGATG,37,1
TTGACACTCCTCAC,15,1
TTGACACTCCTCAC,24,1
TTGACACTTTCTGT,13,1
TTGACACTTTCTGT,25,1
TTGACACTTTCTGT,32,1
TTGACACTTTTCTG,25,1
TTGACACTTTTCTG,31,1
TTGAGGACAAGAAC,12,1
TTGAGGACAAGAAC,8,1
TTGAGGACCACTGA,27,1
TTGAGGACCACTGA,30,1
TTGAGGACCTCAAG,24,1
TTGAGGACCTCAAG,33,1
TTGAGGACTGACCA,24,1
TTGAGGACTGACCA,25,1
TTGAGGTGCCGTAA,16,1
TTGAGGTGCCGTAA,26,1
TTGAGGTGCGTCTC,16,1
TTGAGGTGCGTCTC,35,1
TTGAGGTGGGTATC,12,1
TTGAGGTGGGTATC,27,1
TTGAGGTGGTTGGT,24,1
TTGAGGTGGTTGGT,26,1
TTGAGGTGTCGATG,24,1
TTGAGGTGTCGATG,30,1
TTGATCTGAACCTG,20,1
TTGATCTGAACCTG,24,1
TTGATCTGTCCTTA,25,1
TTGATCTGTCCTTA,36,1
TTGCATTGCCTCGT,16,1
TTGCATTGCCTCGT,23,1
TTGCTAACCACCAA,16,1
TTGCTAACCACCAA,34,1
TTGCTAACGTTGTG,16,1
TTGCTAACGTTGTG,29,1
TTGCTAACTATCGG,15,1
TTGCTAACTATCGG,33,1
TTGCTAACTGCTCC,27,1
TTGCTAACTGCTCC,36,1
TTGCTATGAAGGGC,32,1
TTGCTATGAAGGGC,35,1
TTGCTATGCAACCA,24,1
TTGCTATGCAACCA,27,1
TTGCTATGCGGAGA,25,1
TTGCTATGCGGAGA,26,1
TTGCTATGGAGCTT,31,1
TTGCTATGGAGCTT,37,1
TTGCTATGGGTGAG,13,1
TTGCTATGGGTGAG,29,1
TTGCTATGGTACCA,17,1
TTGCTATGGTACCA,25,1
TTGCTATGGTACCA,9,1
TTGCTATGGTAGGG,12,1
TTGCTATGGTAGGG,27,1
TTGCTATGGTCTAG,23,1
TTGCTATGGTCTAG,9,1
TTGCTATGTACTGG,13,1
TTGCTATGTACTGG,23,1
TTGGAGACAACAGA,13,1
TTGGAGACAACAGA,24,1
TTGGAGACACCCTC,12,1
TTGGAGACACCCTC,24,1
TTGGAGACATTCCT,28,1
TTGGAGACATTCCT,8,1
TTGGAGACCACAAC,13,1
TTGGAGACCACAAC,24,1
TTGGAGACCACAAC,26,1
TTGGAGACGAACCT,16,1
TTGGAGACGAACCT,19,1
TTGGAGACTCGATG,29,1
TTGGAGACTCGATG,36,1
TTGGAGTGCTGAAC,31,1
TTGGAGTGCTGAAC,32,1
TTGGAGTGGGTCAT,24,1
TTGGAGTGGGTCAT,34,1
TTGGAGTGTCTCTA,34,1
TTGGAGTGTCTCTA,8,1
TTGGGAACAAAAGC,19,1
TTGGGAACAAAAGC,29,1
TTGGGAACACTAGC,36,1
TTGGGAACACTAGC,9,1
TTGGGAACGACACT,19,1
TTGGGAACGACACT,33,1
TTGGGAACGCATAC,28,1
TTGGGAACGCATAC,34,1
TTGGGAACGGTTAC,12,1
TTGGGAACGGTTAC,25,1
TTGGGAACGGTTCA,29,1
TTGGGAACGGTTCA,34,1
TTGGTACTAAGCCT,17,1
TTGGTACTAAGCCT,30,1
TTGGTACTAAGCCT,32,1
TTGGTACTACGGGA,14,1
TTGGTACTACGGGA,19,1
TTGGTACTAGAGTA,14,1
TTGGTACTAGAGTA,29,1
TTGGTACTCTCGAA,17,1
TTGGTACTCTCGAA,34,1
TTGGTACTGCGTTA,35,1
TTGGTACTGCGTTA,36,1
TTGTACACACGGAG,23,1
TTGTACACACGGAG,29,1
TTGTACACAGAACA,13,1
TTGTACACAGAACA,18,1
TTGTACACCGCATA,27,1
TTGTACACCGCATA,32,1
TTGTAGCTGGCATT,13,1
TTGTAGCTGGCATT,37,1
TTGTCATGATCGAC,26,1
TTGTCATGATCGAC,33,1
TTGTCATGGAATCC,35,1
TTGTCATGGAATCC,7,1
TTGTCATGGGTTAC,13,1
TTGTCATGGGTTAC,37,1
TTGTCATGTCTCGC,12,1
TTGTCATGTCTCGC,6,1
TTGTCATGTTGACG,13,1
TTGTCATGTTGACG,31,1
TTTAGCTGGCTGAT,12,1
TTTAGCTGGCTGAT,33,1
TTTAGCTGGCTGAT,9,1
TTTAGCTGGGACAG,10,1
TTTAGCTGGGACAG,31,1
TTTAGCTGGTCTGA,17,1
TTTAGCTGGTCTGA,5,1
TTTAGGCTATCAGC,33,1
TTTAGGCTATCAGC,37,1
TTTAGGCTGTTCAG,20,1
TTTAGGCTGTTCAG,34,1
TTTATCCTACACTG,24,1
TTTATCCTACACTG,36,1
TTTATCCTACACTG,9,1
TTTCACGAAGTCGT,24,1
TTTCACGAAGTCGT,25,1
TTTCACGAATTCTC,29,1
TTTCACGAATTCTC,9,1
TTTCACGACGCCTT,13,1
TTTCACGACGCCTT,29,1
TTTCACGACGCCTT,9,1
TTTCACGAGTCTAG,26,1
TTTCACGAGTCTAG,27,1
TTTCAGTGACACGT,16,1
TTTCAGTGACACGT,29,1
TTTCAGTGCGTAGT,25,1
TTTCAGTGCGTAGT,28,1
TTTCAGTGGGTACT,27,1
TTTCAGTGGGTACT,35,1
TTTCAGTGTTGGCA,10,1
TTTCAGTGTTGGCA,6,1
TTTCCAGACCGCTT,17,1
TTTCCAGACCGCTT,29,1
TTTCGAACGGTAGG,27,1
TTTCGAACGGTAGG,36,1
TTTGACTGCGTGAT,16,1
TTTGACTGCGTGAT,30,1
TTTGACTGCTTACT,19,1
TTTGACTGCTTACT,24,1
TTTGACTGTGAGCT,17,1
TTTGACTGTGAGCT,24,1
TTTGACTGTGTGAC,12,1
TTTGACTGTGTGAC,8,1
TTTGCATGAAAGCA,26,1
TTTGCATGAAAGCA,34,1
TTTGCATGCTGAGT,16,1
TTTGCATGCTGAGT,29,1
TTTGCATGCTGATG,27,1
TTTGCATGCTGATG,37,1
TTTGCATGTACTGG,13,1
TTTGCATGTACTGG,33,1
