ery_pos,full_pos,ery_id,full_id,genes_verified,matrices_verified
0,245,AAAGATCTCTCGAA,cell_363,53801,"X,spliced,unspliced"
1,256,AATCTCACTGCTTT,cell_382,53801,"X,spliced,unspliced"
2,258,AATGGCTGAAGATG,cell_385,53801,"X,spliced,unspliced"
3,261,ACACATCTGTCAAC,cell_393,53801,"X,spliced,unspliced"
4,265,ACGACAACTGGAGG,cell_398,53801,"X,spliced,unspliced"
5,273,ACTCCCGAGTCACA,cell_410,53801,"X,spliced,unspliced"
6,293,ATCCAGGATGCATG,cell_447,53801,"X,spliced,unspliced"
7,300,CAACAGACGGTACT,cell_464,53801,"X,spliced,unspliced"
8,313,CAGCTAGAATCGTG,cell_484,53801,"X,spliced,unspliced"
9,320,CATTTGTGTGAGGG,cell_495,53801,"X,spliced,unspliced"
10,321,CCAGACCTGACAGG,cell_498,53801,"X,spliced,unspliced"
11,331,CCTATTGAGACGTT,cell_512,53801,"X,spliced,unspliced"
12,335,CGAGAACTGATAAG,cell_519,53801,"X,spliced,unspliced"
13,339,CGCTCATGTATCTC,cell_525,53801,"X,spliced,unspliced"
14,349,CTGAGAACGTTGCA,cell_539,53801,"X,spliced,unspliced"
15,381,GGAAGGACTCTTCA,cell_592,53801,"X,spliced,unspliced"
16,393,GGTCAAACCTAGCA,cell_609,53801,"X,spliced,unspliced"
17,420,TACTAAGAATCACG,cell_642,53801,"X,spliced,unspliced"
18,451,TGGACTGAGAATCC,cell_691,53801,"X,spliced,unspliced"
19,456,TGTGAGACCGTCTC,cell_698,53801,"X,spliced,unspliced"
20,462,TTGCTATGCTAAGC,cell_709,53801,"X,spliced,unspliced"
21,463,TTGGAGTGTCTCAT,cell_710,53801,"X,spliced,unspliced"
22,465,TTTAGGCTGCAGAG,cell_712,53801,"X,spliced,unspliced"
23,469,TTTCTACTGGTAGG,cell_716,53801,"X,spliced,unspliced"
24,480,AATATCGAGTGAGG,cell_737,53801,"X,spliced,unspliced"
25,487,ACACAGACTCCAAG,cell_750,53801,"X,spliced,unspliced"
26,493,ACGATCGACCTTCG,cell_761,53801,"X,spliced,unspliced"
27,499,ACTCCTCTAAGTAG,cell_771,53801,"X,spliced,unspliced"
28,519,ATAATGACCTCTTA,cell_811,53801,"X,spliced,unspliced"
29,526,ATCAACCTACAGCT,cell_821,53801,"X,spliced,unspliced"
30,540,ATTGCTACAGAGGC,cell_846,53801,"X,spliced,unspliced"
31,564,CATTTCGATCCTAT,cell_890,53801,"X,spliced,unspliced"
32,568,CCATTAACGAATAG,cell_896,53801,"X,spliced,unspliced"
33,585,CGCCGAGATGGAGG,cell_923,53801,"X,spliced,unspliced"
34,632,GCAGTCCTATCTTC,cell_994,53801,"X,spliced,unspliced"
35,658,GTACTACTCAGTTG,cell_1039,53801,"X,spliced,unspliced"
36,707,TCTTCAGATGGAAA,cell_1129,53801,"X,spliced,unspliced"
37,711,TGAGTGACCATCAG,cell_1138,53801,"X,spliced,unspliced"
38,728,TTGAACCTACGACT,cell_1167,53801,"X,spliced,unspliced"
39,730,TTTATCCTGAATAG,cell_1171,53801,"X,spliced,unspliced"
40,758,ATCACTACCAGTCA,cell_1240,53801,"X,spliced,unspliced"
41,767,ATTGTCTGCAGGAG,cell_1254,53801,"X,spliced,unspliced"
42,789,CTAATGCTTTCTAC,cell_1302,53801,"X,spliced,unspliced"
43,801,CTTTACGAAGACTC,cell_1319,53801,"X,spliced,unspliced"
44,825,GGATGTACCCAGTA,cell_1363,53801,"X,spliced,unspliced"
45,848,TCATCAACGCAAGG,cell_1409,53801,"X,spliced,unspliced"
46,1667,AAATCATGCTAGAC,cell_2687,53801,"X,spliced,unspliced"
47,1674,AACAAACTGTTCTT,cell_2699,53801,"X,spliced,unspliced"
48,1688,AACCCAGAACCACA,cell_2719,53801,"X,spliced,unspliced"
49,1696,AACCTACTTCGTAG,cell_2731,53801,"X,spliced,unspliced"
50,1700,AACCTTTGTCATTC,cell_2739,53801,"X,spliced,unspliced"
51,1713,AACGTGTGACTTTC,cell_2755,53801,"X,spliced,unspliced"
52,1727,AAGCAAGAACGGGA,cell_2784,53801,"X,spliced,unspliced"
53,1763,AATACTGACCACAA,cell_2838,53801,"X,spliced,unspliced"
54,1781,AATGTCCTTCTGGA,cell_2880,53801,"X,spliced,unspliced"
55,1788,ACAAGCACTTCCAT,cell_2896,53801,"X,spliced,unspliced"
56,1800,ACACCAGAGGTTTG,cell_2909,53801,"X,spliced,unspliced"
57,1846,ACGCCGGAGGTCAT,cell_3014,53801,"X,spliced,unspliced"
58,1852,ACGGATTGATACCG,cell_3027,53801,"X,spliced,unspliced"
59,1860,ACGTCCTGAAGAAC,cell_3042,53801,"X,spliced,unspliced"
60,1861,ACGTCCTGCATTTC,cell_3044,53801,"X,spliced,unspliced"
61,1895,AGAAACGAATGCTG,cell_3099,53801,"X,spliced,unspliced"
62,1896,AGAAAGTGCATGAC,cell_3102,53801,"X,spliced,unspliced"
63,1922,AGATCTCTGGTTCA,cell_3155,53801,"X,spliced,unspliced"
64,1927,AGCAACACTGCCCT,cell_3164,53801,"X,spliced,unspliced"
65,1936,AGCGATTGCCGATA,cell_3186,53801,"X,spliced,unspliced"
66,1939,AGCGCCGAGTGTTG,cell_3190,53801,"X,spliced,unspliced"
67,1985,AGTCACGACTCCCA,cell_3273,53801,"X,spliced,unspliced"
68,1990,AGTCTACTGAGAGC,cell_3286,53801,"X,spliced,unspliced"
69,2024,ATAGATTGGGTACT,cell_3358,53801,"X,spliced,unspliced"
70,2040,ATCACGGAAAGGTA,cell_3386,53801,"X,spliced,unspliced"
71,2065,ATCTCAACTCGCCT,cell_3424,53801,"X,spliced,unspliced"
72,2066,ATCTCAACTTCGGA,cell_3425,53801,"X,spliced,unspliced"
73,2092,ATGTTGCTGGTCAT,cell_3480,53801,"X,spliced,unspliced"
74,2107,ATTGCACTAGAAGT,cell_3508,53801,"X,spliced,unspliced"
75,2152,CACAGATGCCTGTC,cell_3601,53801,"X,spliced,unspliced"
76,2176,CAGATGACCACTTT,cell_3654,53801,"X,spliced,unspliced"
77,2187,CAGGCCGACAGATC,cell_3672,53801,"X,spliced,unspliced"
78,2219,CATGGCCTAGTCTG,cell_3741,53801,"X,spliced,unspliced"
79,2230,CATTTGACAGAATG,cell_3764,53801,"X,spliced,unspliced"
80,2262,CCCATCGATATGCG,cell_3834,53801,"X,spliced,unspliced"
81,2273,CCGACACTATCGGT,cell_3855,53801,"X,spliced,unspliced"
82,2293,CGAACATGCTGCAA,cell_3887,53801,"X,spliced,unspliced"
83,2296,CGAAGTACATCTCT,cell_3891,53801,"X,spliced,unspliced"
84,2306,CGACTCTGTGGATC,cell_3915,53801,"X,spliced,unspliced"
85,2324,CGCAGGTGTGTCGA,cell_3948,53801,"X,spliced,unspliced"
86,2352,CGTACAGATCCGAA,cell_3994,53801,"X,spliced,unspliced"
87,2356,CGTACCTGCGTACA,cell_3999,53801,"X,spliced,unspliced"
88,2395,CTATCCCTTTAGGC,cell_4074,53801,"X,spliced,unspliced"
89,2407,CTCCGAACATGTGC,cell_4097,53801,"X,spliced,unspliced"
90,2423,CTGATTTGGAACCT,cell_4128,53801,"X,spliced,unspliced"
91,2436,CTTACATGCATGCA,cell_4151,53801,"X,spliced,unspliced"
92,2443,CTTCTAGACGCAAT,cell_4165,53801,"X,spliced,unspliced"
93,2535,GATATTGAGGATTC,cell_4344,53801,"X,spliced,unspliced"
94,2536,GATATTGATGCAGT,cell_4346,53801,"X,spliced,unspliced"
95,2573,GCAGGCACGCTCCT,cell_4419,53801,"X,spliced,unspliced"
96,2574,GCAGGGCTCGAATC,cell_4420,53801,"X,spliced,unspliced"
97,2582,GCCAACCTACCCTC,cell_4433,53801,"X,spliced,unspliced"
98,2619,GCGTATGATGTGGT,cell_4505,53801,"X,spliced,unspliced"
99,2633,GGAACTACCCGCTT,cell_4531,53801,"X,spliced,unspliced"
100,2673,GGGACCTGCGCTAA,cell_4625,53801,"X,spliced,unspliced"
101,2904,TCCCATCTCGGGAA,cell_5089,53801,"X,spliced,unspliced"
102,2911,TCCTACCTTGTCGA,cell_5102,53801,"X,spliced,unspliced"
103,2932,TCTAACACACCCTC,cell_5137,53801,"X,spliced,unspliced"
104,3007,TGTACTTGGTGTCA,cell_5287,53801,"X,spliced,unspliced"
105,3011,TGTCAGGATCGCTC,cell_5298,53801,"X,spliced,unspliced"
106,3038,TTAGACCTCGTTGA,cell_5340,53801,"X,spliced,unspliced"
107,3039,TTAGCTACGTTGTG,cell_5341,53801,"X,spliced,unspliced"
108,3063,TTGCATTGGGATTC,cell_5411,53801,"X,spliced,unspliced"
109,4563,AAACATACTACAGC,cell_7626,53801,"X,spliced,unspliced"
110,4564,AAACATTGAAAGCA,cell_7627,53801,"X,spliced,unspliced"
111,4568,AAACGCTGGGTTTG,cell_7632,53801,"X,spliced,unspliced"
112,4572,AAAGATCTTTCTAC,cell_7640,53801,"X,spliced,unspliced"
113,4574,AAAGGCCTCTAGCA,cell_7644,53801,"X,spliced,unspliced"
114,4583,AACAGAGACCTGAA,cell_7675,53801,"X,spliced,unspliced"
115,4585,AACAGAGAGTACAC,cell_7677,53801,"X,spliced,unspliced"
116,4589,AACCACGAGGCGAA,cell_7685,53801,"X,spliced,unspliced"
117,4596,AACGCATGTGGCAT,cell_7702,53801,"X,spliced,unspliced"
118,4602,AACTACCTAGTTCG,cell_7715,53801,"X,spliced,unspliced"
119,4609,AAGAATCTTCCTCG,cell_7734,53801,"X,spliced,unspliced"
120,4613,AAGATGGATTTGGG,cell_7739,53801,"X,spliced,unspliced"
121,4619,AAGCCTGAACCTGA,cell_7749,53801,"X,spliced,unspliced"
122,4624,AAGGCTTGCTCAGA,cell_7758,53801,"X,spliced,unspliced"
123,4626,AAGGTCACCGATAC,cell_7760,53801,"X,spliced,unspliced"
124,4639,AATAAGCTACCTAG,cell_7790,53801,"X,spliced,unspliced"
125,4650,AATCTAGAGATAAG,cell_7813,53801,"X,spliced,unspliced"
126,4653,AATGCGTGAGCGGA,cell_7820,53801,"X,spliced,unspliced"
127,4654,AATGCGTGAGGCGA,cell_7821,53801,"X,spliced,unspliced"
128,4660,AATTCCTGGAAACA,cell_7833,53801,"X,spliced,unspliced"
129,4680,ACCACAGACCTTTA,cell_7891,53801,"X,spliced,unspliced"
130,4688,ACCCAGCTTCAGTG,cell_7909,53801,"X,spliced,unspliced"
131,4689,ACCCAGCTTGCATG,cell_7911,53801,"X,spliced,unspliced"
132,4695,ACCGAAACCCAATG,cell_7922,53801,"X,spliced,unspliced"
133,4701,ACCTCCGAAAGATG,cell_7931,53801,"X,spliced,unspliced"
134,4703,ACCTCGTGGACAGG,cell_7935,53801,"X,spliced,unspliced"
135,4704,ACGACCCTCGACTA,cell_7941,53801,"X,spliced,unspliced"
136,4706,ACGAGTACGATACC,cell_7945,53801,"X,spliced,unspliced"
137,4708,ACGATGACCTGTAG,cell_7948,53801,"X,spliced,unspliced"
138,4715,ACGCCGGAAGCGTT,cell_7963,53801,"X,spliced,unspliced"
139,4719,ACGGAACTAGGTCT,cell_7976,53801,"X,spliced,unspliced"
140,4722,ACGGATTGCTGTTT,cell_7980,53801,"X,spliced,unspliced"
141,4725,ACGGCTCTGGATTC,cell_7986,53801,"X,spliced,unspliced"
142,4726,ACGGCTCTTGGCAT,cell_7987,53801,"X,spliced,unspliced"
143,4733,ACGTGATGCCCAAA,cell_8000,53801,"X,spliced,unspliced"
144,4735,ACGTGCCTTCAGGT,cell_8006,53801,"X,spliced,unspliced"
145,4753,ACTGCCTGGCTCCT,cell_8048,53801,"X,spliced,unspliced"
146,4763,ACTTCCCTTTCATC,cell_8063,53801,"X,spliced,unspliced"
147,4767,ACTTTGTGTCTCCG,cell_8070,53801,"X,spliced,unspliced"
148,4769,AGAATGGAACCTCC,cell_8080,53801,"X,spliced,unspliced"
149,4777,AGACTCGAGTTTGG,cell_8091,53801,"X,spliced,unspliced"
150,4792,AGCATCGATCACGA,cell_8127,53801,"X,spliced,unspliced"
151,4800,AGCCGGTGATGCCA,cell_8142,53801,"X,spliced,unspliced"
152,4806,AGCCTCACCTGGTA,cell_8151,53801,"X,spliced,unspliced"
153,4807,AGCCTCTGCTAGTG,cell_8155,53801,"X,spliced,unspliced"
154,4812,AGCGCTCTCCTGAA,cell_8162,53801,"X,spliced,unspliced"
155,4820,AGCTGCCTACAGCT,cell_8185,53801,"X,spliced,unspliced"
156,4824,AGCTGTGAGATACC,cell_8191,53801,"X,spliced,unspliced"
157,4828,AGGAACCTACGCAT,cell_8203,53801,"X,spliced,unspliced"
158,4829,AGGAATGAGTACGT,cell_8205,53801,"X,spliced,unspliced"
159,4833,AGGATAGACTTTAC,cell_8216,53801,"X,spliced,unspliced"
160,4834,AGGATGCTGGGTGA,cell_8218,53801,"X,spliced,unspliced"
161,4837,AGGCAGGAATTTCC,cell_8221,53801,"X,spliced,unspliced"
162,4838,AGGCCTCTACAGTC,cell_8226,53801,"X,spliced,unspliced"
163,4841,AGGGCCTGCCACAA,cell_8235,53801,"X,spliced,unspliced"
164,4843,AGGGCGCTCTGTCC,cell_8239,53801,"X,spliced,unspliced"
165,4873,AGTGAAGAACGTAC,cell_8295,53801,"X,spliced,unspliced"
166,4877,AGTGACTGGGTTCA,cell_8300,53801,"X,spliced,unspliced"
167,4882,AGTTCTACAAACAG,cell_8310,53801,"X,spliced,unspliced"
168,4902,ATACCTTGTTCATC,cell_8351,53801,"X,spliced,unspliced"
169,4919,ATAGTCCTCTGAGT,cell_8382,53801,"X,spliced,unspliced"
170,4925,ATCAACCTGAATGA,cell_8397,53801,"X,spliced,unspliced"
171,4947,ATCGCGCTGTGTCA,cell_8448,53801,"X,spliced,unspliced"
172,4948,ATCGGAACCCTGAA,cell_8449,53801,"X,spliced,unspliced"
173,4956,ATCTGGGAGTGTTG,cell_8464,53801,"X,spliced,unspliced"
174,4957,ATCTTGACCCATAG,cell_8469,53801,"X,spliced,unspliced"
175,4965,ATGACGTGCTTGAG,cell_8479,53801,"X,spliced,unspliced"
176,4968,ATGAGAGATTCAGG,cell_8483,53801,"X,spliced,unspliced"
177,4969,ATGATAACTGCTCC,cell_8486,53801,"X,spliced,unspliced"
178,4975,ATGCGATGGTACAC,cell_8501,53801,"X,spliced,unspliced"
179,4976,ATGGTGACTCCAAG,cell_8506,53801,"X,spliced,unspliced"
180,4978,ATGTAAACGAGGTG,cell_8510,53801,"X,spliced,unspliced"
181,4981,ATGTCGGAACCATG,cell_8518,53801,"X,spliced,unspliced"
182,4984,ATGTTAGAGAGCAG,cell_8522,53801,"X,spliced,unspliced"
183,4985,ATGTTAGAGGACGA,cell_8523,53801,"X,spliced,unspliced"
184,4997,ATTCCAACGGCATT,cell_8551,53801,"X,spliced,unspliced"
185,5003,ATTGAAACTAGACC,cell_8561,53801,"X,spliced,unspliced"
186,5005,ATTGCGGAGCATCA,cell_8564,53801,"X,spliced,unspliced"
187,5007,ATTGCTACACCTCC,cell_8567,53801,"X,spliced,unspliced"
188,5012,ATTGTCTGACCCTC,cell_8575,53801,"X,spliced,unspliced"
189,5017,CAAATTGACCACAA,cell_8587,53801,"X,spliced,unspliced"
190,5018,CAACAGACGTAAGA,cell_8589,53801,"X,spliced,unspliced"
191,5020,CAACGAACCTTTAC,cell_8594,53801,"X,spliced,unspliced"
192,5027,CAAGACTGAATGCC,cell_8607,53801,"X,spliced,unspliced"
193,5034,CAATTCTGACGACT,cell_8626,53801,"X,spliced,unspliced"
194,5057,CACTAACTTACTCT,cell_8673,53801,"X,spliced,unspliced"
195,5060,CACTCCGACTGCAA,cell_8679,53801,"X,spliced,unspliced"
196,5067,CACTTATGCCAAGT,cell_8699,53801,"X,spliced,unspliced"
197,5070,CAGACAACGTTAGC,cell_8705,53801,"X,spliced,unspliced"
198,5071,CAGACATGAGGAGC,cell_8707,53801,"X,spliced,unspliced"
199,5074,CAGACCCTCCTGTC,cell_8710,53801,"X,spliced,unspliced"
200,5081,CAGCATGAGGTCAT,cell_8727,53801,"X,spliced,unspliced"
201,5083,CAGCCTACGTGAGG,cell_8730,53801,"X,spliced,unspliced"
202,5087,CAGCTAGACTAGCA,cell_8734,53801,"X,spliced,unspliced"
203,5093,CAGGTATGAGACTC,cell_8746,53801,"X,spliced,unspliced"
204,5103,CATACTACCATACG,cell_8764,53801,"X,spliced,unspliced"
205,5109,CATCAACTGCAGAG,cell_8777,53801,"X,spliced,unspliced"
206,5116,CATCTTGAGCTTAG,cell_8793,53801,"X,spliced,unspliced"
207,5125,CATGTTACATCGGT,cell_8813,53801,"X,spliced,unspliced"
208,5126,CATGTTTGCTTTAC,cell_8815,53801,"X,spliced,unspliced"
209,5134,CATTTGTGTCTCAT,cell_8833,53801,"X,spliced,unspliced"
210,5137,CCAATGGACTGTCC,cell_8843,53801,"X,spliced,unspliced"
211,5140,CCACCATGCCTTTA,cell_8849,53801,"X,spliced,unspliced"
212,5151,CCAGACCTGAGCAG,cell_8864,53801,"X,spliced,unspliced"
213,5161,CCAGTCTGAGGCGA,cell_8883,53801,"X,spliced,unspliced"
214,5163,CCATAGGAACTCTT,cell_8887,53801,"X,spliced,unspliced"
215,5170,CCATCCGATCTACT,cell_8896,53801,"X,spliced,unspliced"
216,5171,CCATCGTGACGACT,cell_8898,53801,"X,spliced,unspliced"
217,5191,CCCTCAGATTACTC,cell_8936,53801,"X,spliced,unspliced"
218,5194,CCGACACTTCGTTT,cell_8946,53801,"X,spliced,unspliced"
219,5200,CCGGAGTGCACTCC,cell_8955,53801,"X,spliced,unspliced"
220,5201,CCGGTACTGAGAGC,cell_8957,53801,"X,spliced,unspliced"
221,5202,CCGGTACTTTCACT,cell_8959,53801,"X,spliced,unspliced"
222,5209,CCTATTGATTATCC,cell_8980,53801,"X,spliced,unspliced"
223,5223,CCTTCACTTTCCAT,cell_9004,53801,"X,spliced,unspliced"
224,5227,CGAAGACTTTCCAT,cell_9009,53801,"X,spliced,unspliced"
225,5231,CGACCTTGATCTCT,cell_9023,53801,"X,spliced,unspliced"
226,5233,CGACTCACCCCTCA,cell_9026,53801,"X,spliced,unspliced"
227,5245,CGAGATTGGGTTCA,cell_9040,53801,"X,spliced,unspliced"
228,5251,CGAGTATGCTTCCG,cell_9052,53801,"X,spliced,unspliced"
229,5252,CGAGTATGTGCAAC,cell_9053,53801,"X,spliced,unspliced"
230,5268,CGCGAGACGAGGGT,cell_9092,53801,"X,spliced,unspliced"
231,5271,CGCGGATGAACAGA,cell_9096,53801,"X,spliced,unspliced"
232,5275,CGCTCATGACAGCT,cell_9103,53801,"X,spliced,unspliced"
233,5278,CGGAATTGGTTCTT,cell_9106,53801,"X,spliced,unspliced"
234,5282,CGGCATCTCAGAGG,cell_9116,53801,"X,spliced,unspliced"
235,5295,CGTCCAACTTGCGA,cell_9142,53801,"X,spliced,unspliced"
236,5308,CTAACACTATTTCC,cell_9167,53801,"X,spliced,unspliced"
237,5320,CTACGGCTTGCTTT,cell_9194,53801,"X,spliced,unspliced"
238,5323,CTACTATGGACTAC,cell_9198,53801,"X,spliced,unspliced"
239,5331,CTAGTTACGAAACA,cell_9215,53801,"X,spliced,unspliced"
240,5334,CTATAAGAAGGGTG,cell_9220,53801,"X,spliced,unspliced"
241,5337,CTATCATGAGCACT,cell_9230,53801,"X,spliced,unspliced"
242,5349,CTATTGTGTGCCTC,cell_9251,53801,"X,spliced,unspliced"
243,5354,CTCAGGCTTCGCCT,cell_9265,53801,"X,spliced,unspliced"
244,5356,CTCCGAACATTCGG,cell_9275,53801,"X,spliced,unspliced"
245,5361,CTCGAGCTCGAGAG,cell_9285,53801,"X,spliced,unspliced"
246,5367,CTGAACGAATCACG,cell_9295,53801,"X,spliced,unspliced"
247,5372,CTGACAGACATGCA,cell_9304,53801,"X,spliced,unspliced"
248,5374,CTGACAGATTCAGG,cell_9306,53801,"X,spliced,unspliced"
249,5375,CTGAGAACAGTCAC,cell_9308,53801,"X,spliced,unspliced"
250,5377,CTGATACTGACAAA,cell_9312,53801,"X,spliced,unspliced"
251,5378,CTGATTTGGAGGAC,cell_9314,53801,"X,spliced,unspliced"
252,5397,CTTCACCTATCGGT,cell_9346,53801,"X,spliced,unspliced"
253,5400,CTTCTAGAAGAAGT,cell_9350,53801,"X,spliced,unspliced"
254,5402,CTTGATTGTTACTC,cell_9356,53801,"X,spliced,unspliced"
255,5407,CTTTAGACGAGCAG,cell_9363,53801,"X,spliced,unspliced"
256,5410,CTTTCAGAGAGGGT,cell_9368,53801,"X,spliced,unspliced"
257,5415,GAAAGATGCAACCA,cell_9376,53801,"X,spliced,unspliced"
258,5429,GAAGCTTGGGGCAA,cell_9401,53801,"X,spliced,unspliced"
259,5436,GAATGCTGCTGACA,cell_9417,53801,"X,spliced,unspliced"
260,5440,GACAGTTGTCATTC,cell_9427,53801,"X,spliced,unspliced"
261,5442,GACATTCTGTAGCT,cell_9430,53801,"X,spliced,unspliced"
262,5444,GACCTAGAAGCCAT,cell_9438,53801,"X,spliced,unspliced"
263,5447,GACGAGGACCATGA,cell_9445,53801,"X,spliced,unspliced"
264,5452,GACGCCGATCTAGG,cell_9456,53801,"X,spliced,unspliced"
265,5454,GACGTAACAACCAC,cell_9463,53801,"X,spliced,unspliced"
266,5462,GACTTTACCCGAAT,cell_9485,53801,"X,spliced,unspliced"
267,5465,GAGATAGATAGCGT,cell_9494,53801,"X,spliced,unspliced"
268,5467,GAGCAGGACCTGTC,cell_9499,53801,"X,spliced,unspliced"
269,5478,GAGTACACTCGCCT,cell_9541,53801,"X,spliced,unspliced"
270,5482,GAGTCAACTACTGG,cell_9547,53801,"X,spliced,unspliced"
271,5489,GAGTGTTGAGAACA,cell_9560,53801,"X,spliced,unspliced"
272,5495,GATACTCTATCTCT,cell_9575,53801,"X,spliced,unspliced"
273,5503,GATATATGATGTCG,cell_9585,53801,"X,spliced,unspliced"
274,5506,GATCCGCTGGATTC,cell_9592,53801,"X,spliced,unspliced"
275,5507,GATCCGCTTGCCAA,cell_9594,53801,"X,spliced,unspliced"
276,5509,GATCGATGATCGAC,cell_9599,53801,"X,spliced,unspliced"
277,5519,GATTACCTCTGCTC,cell_9616,53801,"X,spliced,unspliced"
278,5523,GATTCTTGGATAAG,cell_9622,53801,"X,spliced,unspliced"
279,5527,GATTGGACGGAGGT,cell_9627,53801,"X,spliced,unspliced"
280,5533,GCAACTGAGCTGAT,cell_9637,53801,"X,spliced,unspliced"
281,5536,GCAATCGAGTTTCT,cell_9643,53801,"X,spliced,unspliced"
282,5539,GCAATTCTTTGAGC,cell_9647,53801,"X,spliced,unspliced"
283,5541,GCACCTACGAGGTG,cell_9652,53801,"X,spliced,unspliced"
284,5544,GCACGGACAAGAGT,cell_9657,53801,"X,spliced,unspliced"
285,5546,GCACTAGATACGAC,cell_9659,53801,"X,spliced,unspliced"
286,5555,GCAGTCCTCTCAGA,cell_9677,53801,"X,spliced,unspliced"
287,5563,GCATTGGACCTGAA,cell_9688,53801,"X,spliced,unspliced"
288,5565,GCCAAAACCGTAGT,cell_9692,53801,"X,spliced,unspliced"
289,5570,GCCAACCTCCACCT,cell_9700,53801,"X,spliced,unspliced"
290,5573,GCCATCACGTCTAG,cell_9708,53801,"X,spliced,unspliced"
291,5587,GCGCATCTAGTTCG,cell_9742,53801,"X,spliced,unspliced"
292,5593,GCGGGACTACCTAG,cell_9753,53801,"X,spliced,unspliced"
293,5596,GCGGGACTCTAGCA,cell_9757,53801,"X,spliced,unspliced"
294,5597,GCGGGACTGGTTTG,cell_9758,53801,"X,spliced,unspliced"
295,5599,GCGTAAACTGGTGT,cell_9760,53801,"X,spliced,unspliced"
296,5600,GCGTAATGCGTACA,cell_9761,53801,"X,spliced,unspliced"
297,5602,GCGTACCTTCTTCA,cell_9763,53801,"X,spliced,unspliced"
298,5607,GCTCAGCTCTTCTA,cell_9781,53801,"X,spliced,unspliced"
299,5608,GCTCCATGGTACAC,cell_9783,53801,"X,spliced,unspliced"
300,5627,GGACATTGAGCAAA,cell_9820,53801,"X,spliced,unspliced"
301,5628,GGACATTGAGTTCG,cell_9821,53801,"X,spliced,unspliced"
302,5648,GGATAGCTGAACTC,cell_9855,53801,"X,spliced,unspliced"
303,5657,GGCAATACGAAAGT,cell_9871,53801,"X,spliced,unspliced"
304,5664,GGCGCATGAGCGTT,cell_9890,53801,"X,spliced,unspliced"
305,5666,GGCTAATGCAGGAG,cell_9896,53801,"X,spliced,unspliced"
306,5677,GGGACCTGTAAGGA,cell_9914,53801,"X,spliced,unspliced"
307,5685,GGTACATGCCCAAA,cell_9934,53801,"X,spliced,unspliced"
308,5698,GTAATATGCAGTCA,cell_9972,53801,"X,spliced,unspliced"
309,5706,GTAGACTGCAGATC,cell_9990,53801,"X,spliced,unspliced"
310,5712,GTAGCTGACTTATC,cell_9998,53801,"X,spliced,unspliced"
311,5721,GTCCACACTGGCAT,cell_10019,53801,"X,spliced,unspliced"
312,5726,GTCTAACTTCTCGC,cell_10034,53801,"X,spliced,unspliced"
313,5728,GTCTGAGACCTTTA,cell_10038,53801,"X,spliced,unspliced"
314,5732,GTGATCGAGACAGG,cell_10048,53801,"X,spliced,unspliced"
315,5733,GTGATCGAGTTAGC,cell_10049,53801,"X,spliced,unspliced"
316,5742,GTGTACGAACCACA,cell_10065,53801,"X,spliced,unspliced"
317,5750,GTTATGCTATGGTC,cell_10089,53801,"X,spliced,unspliced"
318,5751,GTTATGCTATTCCT,cell_10090,53801,"X,spliced,unspliced"
319,5753,GTTCAACTCGGAGA,cell_10093,53801,"X,spliced,unspliced"
320,5757,GTTGAGTGCTTGTT,cell_10105,53801,"X,spliced,unspliced"
321,5762,GTTTAAGACACAAC,cell_10111,53801,"X,spliced,unspliced"
322,5769,TAAGATACGCTGTA,cell_10143,53801,"X,spliced,unspliced"
323,5777,TAAGTAACTCGATG,cell_10155,53801,"X,spliced,unspliced"
324,5781,TACAAATGACGTTG,cell_10167,53801,"X,spliced,unspliced"
325,5795,TACGAGACAGTAGA,cell_10192,53801,"X,spliced,unspliced"
326,5812,TACTCTGAACTGTG,cell_10230,53801,"X,spliced,unspliced"
327,5814,TACTGGGAACCAAC,cell_10233,53801,"X,spliced,unspliced"
328,5815,TACTGTTGTGCTAG,cell_10236,53801,"X,spliced,unspliced"
329,5817,TAGAAACTCGTGAT,cell_10239,53801,"X,spliced,unspliced"
330,5819,TAGAATTGGAAAGT,cell_10242,53801,"X,spliced,unspliced"
331,5820,TAGAATTGTGGCAT,cell_10245,53801,"X,spliced,unspliced"
332,5828,TAGCCCACGAGCAG,cell_10259,53801,"X,spliced,unspliced"
333,5830,TAGCCCTGGCCAAT,cell_10263,53801,"X,spliced,unspliced"
334,5837,TAGGAGCTCCAACA,cell_10277,53801,"X,spliced,unspliced"
335,5849,TAGTATGACGTAAC,cell_10304,53801,"X,spliced,unspliced"
336,5851,TAGTCGGAGATAGA,cell_10309,53801,"X,spliced,unspliced"
337,5861,TATAAGACCGATAC,cell_10324,53801,"X,spliced,unspliced"
338,5863,TATAAGACTCTTTG,cell_10326,53801,"X,spliced,unspliced"
339,5864,TATAAGTGCAGAGG,cell_10327,53801,"X,spliced,unspliced"
340,5873,TATAGCCTCAAGCT,cell_10342,53801,"X,spliced,unspliced"
341,5892,TATGGGTGGAGGCA,cell_10379,53801,"X,spliced,unspliced"
342,5894,TATGTCACAAAACG,cell_10384,53801,"X,spliced,unspliced"
343,5898,TCAACACTATCGTG,cell_10391,53801,"X,spliced,unspliced"
344,5903,TCAATAGAGCGATT,cell_10401,53801,"X,spliced,unspliced"
345,5907,TCACCCGAGTCTTT,cell_10409,53801,"X,spliced,unspliced"
346,5913,TCAGGATGGAATGA,cell_10427,53801,"X,spliced,unspliced"
347,5922,TCCCAGACACGGGA,cell_10451,53801,"X,spliced,unspliced"
348,5932,TCCGAGCTGTTCGA,cell_10467,53801,"X,spliced,unspliced"
349,5933,TCCGAGCTTCTCTA,cell_10468,53801,"X,spliced,unspliced"
350,5945,TCGATACTATCAGC,cell_10487,53801,"X,spliced,unspliced"
351,5946,TCGCAGCTAGTGCT,cell_10493,53801,"X,spliced,unspliced"
352,5953,TCGGCACTCTCTAT,cell_10502,53801,"X,spliced,unspliced"
353,5959,TCTAACTGGATGAA,cell_10518,53801,"X,spliced,unspliced"
354,5961,TCTACAACGTAAAG,cell_10524,53801,"X,spliced,unspliced"
355,5962,TCTATGTGCACTAG,cell_10531,53801,"X,spliced,unspliced"
356,5966,TCTTCAGAGCGGAA,cell_10540,53801,"X,spliced,unspliced"
357,5967,TCTTCAGAGTTAGC,cell_10541,53801,"X,spliced,unspliced"
358,5979,TGACCAGAGTTAGC,cell_10560,53801,"X,spliced,unspliced"
359,5994,TGAGTGACTGCTAG,cell_10597,53801,"X,spliced,unspliced"
360,5999,TGATTCACCCTATT,cell_10605,53801,"X,spliced,unspliced"
361,6001,TGCAAGTGCAACTG,cell_10611,53801,"X,spliced,unspliced"
362,6010,TGCCAGCTAACTGC,cell_10629,53801,"X,spliced,unspliced"
363,6024,TGCTGAGAGGAACG,cell_10656,53801,"X,spliced,unspliced"
364,6033,TGGACTGAAACCGT,cell_10669,53801,"X,spliced,unspliced"
365,6044,TGGTATCTATTGGC,cell_10688,53801,"X,spliced,unspliced"
366,6050,TGTAATGATGACTG,cell_10697,53801,"X,spliced,unspliced"
367,6053,TGTACTTGTCTGGA,cell_10701,53801,"X,spliced,unspliced"
368,6057,TGTATGCTGTTAGC,cell_10709,53801,"X,spliced,unspliced"
369,6059,TGTCAGGAGCGAGA,cell_10712,53801,"X,spliced,unspliced"
370,6072,TTACAGCTATGCTG,cell_10737,53801,"X,spliced,unspliced"
371,6073,TTACAGCTGTTGGT,cell_10738,53801,"X,spliced,unspliced"
372,6085,TTAGTCACGCTACA,cell_10763,53801,"X,spliced,unspliced"
373,6086,TTAGTCTGGGGAGT,cell_10765,53801,"X,spliced,unspliced"
374,6089,TTATGCACGCTAAC,cell_10770,53801,"X,spliced,unspliced"
375,6113,TTCGTATGTCCAAG,cell_10813,53801,"X,spliced,unspliced"
376,6115,TTCTAGTGCACTGA,cell_10818,53801,"X,spliced,unspliced"
377,6118,TTCTGATGCCTAAG,cell_10825,53801,"X,spliced,unspliced"
378,6125,TTGCTATGGCGAAG,cell_10842,53801,"X,spliced,unspliced"
379,6132,TTGGTACTAGAGAT,cell_10853,53801,"X,spliced,unspliced"
380,6134,TTGGTACTGGTCTA,cell_10856,53801,"X,spliced,unspliced"
381,6138,TTGTCATGTCACGA,cell_10863,53801,"X,spliced,unspliced"
382,6142,TTTCTACTACCCAA,cell_10875,53801,"X,spliced,unspliced"
383,6149,AAACGCTGGCAGAG,cell_10887,53801,"X,spliced,unspliced"
384,6150,AAACGCTGGGAAAT,cell_10888,53801,"X,spliced,unspliced"
385,6152,AAACGGCTGTACAC,cell_10890,53801,"X,spliced,unspliced"
386,6162,AAATACTGCTTCGC,cell_10914,53801,"X,spliced,unspliced"
387,6163,AAATCAACTGGTCA,cell_10916,53801,"X,spliced,unspliced"
388,6166,AAATCATGTGGTAC,cell_10920,53801,"X,spliced,unspliced"
389,6171,AACAATACAGAGGC,cell_10934,53801,"X,spliced,unspliced"
390,6172,AACAGAGAACCACA,cell_10936,53801,"X,spliced,unspliced"
391,6173,AACAGAGAGTTTGG,cell_10939,53801,"X,spliced,unspliced"
392,6176,AACCACGATGGATC,cell_10945,53801,"X,spliced,unspliced"
393,6183,AACGGTACCCGTTC,cell_10965,53801,"X,spliced,unspliced"
394,6188,AAGAACGACCCACT,cell_10981,53801,"X,spliced,unspliced"
395,6196,AAGCCAACGGCAAG,cell_10995,53801,"X,spliced,unspliced"
396,6199,AAGGCTACCTTTAC,cell_11002,53801,"X,spliced,unspliced"
397,6204,AAGTATACCTGGTA,cell_11014,53801,"X,spliced,unspliced"
398,6207,AAGTCTCTACTGGT,cell_11021,53801,"X,spliced,unspliced"
399,6210,AAGTTATGCTGATG,cell_11028,53801,"X,spliced,unspliced"
400,6211,AATAACACTCACGA,cell_11030,53801,"X,spliced,unspliced"
401,6213,AATAAGCTAGGCGA,cell_11032,53801,"X,spliced,unspliced"
402,6214,AATAAGCTCGAGTT,cell_11033,53801,"X,spliced,unspliced"
403,6221,AATCAAACCCCTAC,cell_11047,53801,"X,spliced,unspliced"
404,6225,AATCGGTGCCTTAT,cell_11055,53801,"X,spliced,unspliced"
405,6230,AATGATACTATCTC,cell_11069,53801,"X,spliced,unspliced"
406,6233,AATGCGTGTTGGCA,cell_11074,53801,"X,spliced,unspliced"
407,6234,AATGGAGAGCGTAT,cell_11075,53801,"X,spliced,unspliced"
408,6240,AATGTAACTACTCT,cell_11082,53801,"X,spliced,unspliced"
409,6244,AATTCCTGCCAGTA,cell_11088,53801,"X,spliced,unspliced"
410,6245,AATTCCTGGGGTGA,cell_11089,53801,"X,spliced,unspliced"
411,6248,AATTGATGGTTCTT,cell_11093,53801,"X,spliced,unspliced"
412,6249,ACAAAGGACTCTTA,cell_11096,53801,"X,spliced,unspliced"
413,6252,ACAAATTGTGTAGC,cell_11102,53801,"X,spliced,unspliced"
414,6254,ACAAGCACGACGAG,cell_11106,53801,"X,spliced,unspliced"
415,6256,ACAATTGATTGGTG,cell_11108,53801,"X,spliced,unspliced"
416,6260,ACACCCTGAACGGG,cell_11113,53801,"X,spliced,unspliced"
417,6262,ACACCCTGGTTGGT,cell_11115,53801,"X,spliced,unspliced"
418,6263,ACACGTGAGGGTGA,cell_11121,53801,"X,spliced,unspliced"
419,6271,ACAGTGACTGAAGA,cell_11132,53801,"X,spliced,unspliced"
420,6274,ACATCACTCTACCC,cell_11140,53801,"X,spliced,unspliced"
421,6279,ACATTCTGCCTACC,cell_11147,53801,"X,spliced,unspliced"
422,6282,ACCACCTGGAACTC,cell_11152,53801,"X,spliced,unspliced"
423,6285,ACCATTACGCATCA,cell_11160,53801,"X,spliced,unspliced"
424,6286,ACCATTACTGTAGC,cell_11163,53801,"X,spliced,unspliced"
425,6295,ACCGTGCTCAGGAG,cell_11184,53801,"X,spliced,unspliced"
426,6306,ACGACAACTGCTCC,cell_11202,53801,"X,spliced,unspliced"
427,6310,ACGATCGAGGTTCA,cell_11215,53801,"X,spliced,unspliced"
428,6311,ACGATGACTAGAGA,cell_11216,53801,"X,spliced,unspliced"
429,6330,ACGGCTCTCCTGAA,cell_11248,53801,"X,spliced,unspliced"
430,6337,ACGTTTACTACTGG,cell_11270,53801,"X,spliced,unspliced"
431,6338,ACTACTACTCTCGC,cell_11273,53801,"X,spliced,unspliced"
432,6343,ACTGAGACACGTGT,cell_11291,53801,"X,spliced,unspliced"
433,6344,ACTGAGACAGCCTA,cell_11292,53801,"X,spliced,unspliced"
434,6347,ACTGCCTGAGTCTG,cell_11295,53801,"X,spliced,unspliced"
435,6348,ACTGCCTGTTTACC,cell_11296,53801,"X,spliced,unspliced"
436,6350,ACTGTGGATGCTTT,cell_11301,53801,"X,spliced,unspliced"
437,6354,ACTTAGCTTGCATG,cell_11310,53801,"X,spliced,unspliced"
438,6357,ACTTCTGATAGCGT,cell_11315,53801,"X,spliced,unspliced"
439,6359,ACTTCTGATTACTC,cell_11317,53801,"X,spliced,unspliced"
440,6365,AGAAACGATTTCAC,cell_11329,53801,"X,spliced,unspliced"
441,6367,AGAACAGAACGGGA,cell_11332,53801,"X,spliced,unspliced"
442,6368,AGAACGCTTCCGTC,cell_11335,53801,"X,spliced,unspliced"
443,6369,AGAACGCTTGGTTG,cell_11336,53801,"X,spliced,unspliced"
444,6382,AGAGTCTGGCCCTT,cell_11365,53801,"X,spliced,unspliced"
445,6385,AGATATACCGAACT,cell_11372,53801,"X,spliced,unspliced"
446,6388,AGATTAACCTAAGC,cell_11379,53801,"X,spliced,unspliced"
447,6391,AGCAAGCTAGCTCA,cell_11386,53801,"X,spliced,unspliced"
448,6394,AGCATCGATGGTTG,cell_11391,53801,"X,spliced,unspliced"
449,6407,AGCGATACGTCCTC,cell_11413,53801,"X,spliced,unspliced"
450,6409,AGCGGCACCTTTAC,cell_11417,53801,"X,spliced,unspliced"
451,6411,AGCGTAACGTATGC,cell_11426,53801,"X,spliced,unspliced"
452,6413,AGCTCGCTTCTCAT,cell_11429,53801,"X,spliced,unspliced"
453,6415,AGCTGTGAGAGGAC,cell_11437,53801,"X,spliced,unspliced"
454,6418,AGCTTACTGCTTAG,cell_11440,53801,"X,spliced,unspliced"
455,6421,AGGAACCTACCTCC,cell_11443,53801,"X,spliced,unspliced"
456,6423,AGGACTTGATTCGG,cell_11446,53801,"X,spliced,unspliced"
457,6425,AGGACTTGGGAAGC,cell_11448,53801,"X,spliced,unspliced"
458,6427,AGGATGCTGCTACA,cell_11452,53801,"X,spliced,unspliced"
459,6429,AGGCAGGACTCCAC,cell_11456,53801,"X,spliced,unspliced"
460,6433,AGGGACGACCATAG,cell_11464,53801,"X,spliced,unspliced"
461,6436,AGGTACACTTCGCC,cell_11474,53801,"X,spliced,unspliced"
462,6444,AGTAATTGGTCACA,cell_11495,53801,"X,spliced,unspliced"
463,6446,AGTACTCTCACACA,cell_11499,53801,"X,spliced,unspliced"
464,6452,AGTAGGCTTCCCAC,cell_11509,53801,"X,spliced,unspliced"
465,6454,AGTATAACTGACAC,cell_11512,53801,"X,spliced,unspliced"
466,6457,AGTCAGACGTCGTA,cell_11518,53801,"X,spliced,unspliced"
467,6472,AGTGTTCTGAAAGT,cell_11545,53801,"X,spliced,unspliced"
468,6485,ATAACAACGCTGTA,cell_11570,53801,"X,spliced,unspliced"
469,6488,ATAACCCTTTCGGA,cell_11576,53801,"X,spliced,unspliced"
470,6494,ATACGGACCTTGTT,cell_11592,53801,"X,spliced,unspliced"
471,6495,ATACGTCTACGCTA,cell_11593,53801,"X,spliced,unspliced"
472,6506,ATCAAATGATTCCT,cell_11623,53801,"X,spliced,unspliced"
473,6507,ATCACACTCGTAGT,cell_11628,53801,"X,spliced,unspliced"
474,6515,ATCGCCTGGACAGG,cell_11657,53801,"X,spliced,unspliced"
475,6519,ATCTACACGCCTTC,cell_11667,53801,"X,spliced,unspliced"
476,6521,ATCTCAACTGAACC,cell_11672,53801,"X,spliced,unspliced"
477,6525,ATCTTTCTGAGATA,cell_11680,53801,"X,spliced,unspliced"
478,6526,ATGAAGGACTGAAC,cell_11682,53801,"X,spliced,unspliced"
479,6529,ATGATATGCTGGAT,cell_11685,53801,"X,spliced,unspliced"
480,6547,ATGTCGGAACTCAG,cell_11723,53801,"X,spliced,unspliced"
481,6548,ATGTCGGACAGAAA,cell_11724,53801,"X,spliced,unspliced"
482,6553,ATTACCTGAAGTGA,cell_11736,53801,"X,spliced,unspliced"
483,6554,ATTACCTGACCAGT,cell_11737,53801,"X,spliced,unspliced"
484,6555,ATTACCTGCTAGTG,cell_11739,53801,"X,spliced,unspliced"
485,6561,ATTCAGCTCCCTTG,cell_11751,53801,"X,spliced,unspliced"
486,6570,ATTGGGTGCCACCT,cell_11776,53801,"X,spliced,unspliced"
487,6571,ATTGGTCTGCCCTT,cell_11780,53801,"X,spliced,unspliced"
488,6574,ATTGTCTGCGTTAG,cell_11783,53801,"X,spliced,unspliced"
489,6577,ATTTAGGAGGAAGC,cell_11788,53801,"X,spliced,unspliced"
490,6580,ATTTGCACAAGCAA,cell_11796,53801,"X,spliced,unspliced"
491,6581,CAAACTCTCAATCG,cell_11799,53801,"X,spliced,unspliced"
492,6582,CAAACTCTTGAACC,cell_11800,53801,"X,spliced,unspliced"
493,6583,CAAAGCACACGGGA,cell_11801,53801,"X,spliced,unspliced"
494,6584,CAAAGCACCACTTT,cell_11802,53801,"X,spliced,unspliced"
495,6592,CAAATTGATGCTCC,cell_11813,53801,"X,spliced,unspliced"
496,6593,CAACCAGATCTCTA,cell_11816,53801,"X,spliced,unspliced"
497,6597,CAACGAACCTTGGA,cell_11821,53801,"X,spliced,unspliced"
498,6599,CAACGTGATGACAC,cell_11824,53801,"X,spliced,unspliced"
499,6601,CAAGAAGATGACTG,cell_11829,53801,"X,spliced,unspliced"
500,6602,CAAGACACAAGATG,cell_11830,53801,"X,spliced,unspliced"
501,6607,CAAGACTGTCCTCG,cell_11835,53801,"X,spliced,unspliced"
502,6609,CAAGGACTCTAGTG,cell_11841,53801,"X,spliced,unspliced"
503,6613,CAATAAACTCCGTC,cell_11851,53801,"X,spliced,unspliced"
504,6617,CAATGGACGCTACA,cell_11865,53801,"X,spliced,unspliced"
505,6626,CACAGTGAGGTCTA,cell_11885,53801,"X,spliced,unspliced"
506,6628,CACATGGATCCAAG,cell_11889,53801,"X,spliced,unspliced"
507,6632,CACCCATGTCCCAC,cell_11896,53801,"X,spliced,unspliced"
508,6634,CACCGGGATAGTCG,cell_11900,53801,"X,spliced,unspliced"
509,6635,CACCGTACTGCTTT,cell_11903,53801,"X,spliced,unspliced"
510,6640,CACGGGACTTAGGC,cell_11914,53801,"X,spliced,unspliced"
511,6644,CACTATACACCAAC,cell_11920,53801,"X,spliced,unspliced"
512,6645,CACTCCGAGAACTC,cell_11921,53801,"X,spliced,unspliced"
513,6649,CACTGCACCGTACA,cell_11928,53801,"X,spliced,unspliced"
514,6652,CACTGCTGGTTAGC,cell_11932,53801,"X,spliced,unspliced"
515,6653,CACTTATGACCATG,cell_11933,53801,"X,spliced,unspliced"
516,6655,CAGACAACAAGAAC,cell_11942,53801,"X,spliced,unspliced"
517,6660,CAGCAATGCGACAT,cell_11955,53801,"X,spliced,unspliced"
518,6661,CAGCCTTGAACGTC,cell_11959,53801,"X,spliced,unspliced"
519,6665,CAGCTAGATTCCGC,cell_11969,53801,"X,spliced,unspliced"
520,6666,CAGCTCACCTAGAC,cell_11970,53801,"X,spliced,unspliced"
521,6669,CAGGAACTGTGTTG,cell_11976,53801,"X,spliced,unspliced"
522,6683,CATGGCCTACACCA,cell_12032,53801,"X,spliced,unspliced"
523,6684,CATGGCCTTGAGAA,cell_12033,53801,"X,spliced,unspliced"
524,6688,CATTACACACACGT,cell_12038,53801,"X,spliced,unspliced"
525,6692,CATTGTTGCCGATA,cell_12051,53801,"X,spliced,unspliced"
526,6697,CCAAGATGATGACC,cell_12066,53801,"X,spliced,unspliced"
527,6703,CCAATGGATTGCAG,cell_12076,53801,"X,spliced,unspliced"
528,6705,CCACCATGTGCTGA,cell_12079,53801,"X,spliced,unspliced"
529,6706,CCACGGGAACTGTG,cell_12081,53801,"X,spliced,unspliced"
530,6707,CCACGGGAGCGTAT,cell_12083,53801,"X,spliced,unspliced"
531,6708,CCACTGTGGACACT,cell_12085,53801,"X,spliced,unspliced"
532,6710,CCAGAAACTGTCGA,cell_12087,53801,"X,spliced,unspliced"
533,6712,CCAGATGACCAATG,cell_12090,53801,"X,spliced,unspliced"
534,6716,CCAGCTACGGACGA,cell_12096,53801,"X,spliced,unspliced"
535,6718,CCAGTCTGCTAGCA,cell_12098,53801,"X,spliced,unspliced"
536,6721,CCATATACCCTACC,cell_12101,53801,"X,spliced,unspliced"
537,6723,CCATGCTGAACAGA,cell_12105,53801,"X,spliced,unspliced"
538,6725,CCATTAACCCAACA,cell_12108,53801,"X,spliced,unspliced"
539,6727,CCCAACACAGCTCA,cell_12112,53801,"X,spliced,unspliced"
540,6735,CCCTACGAGGTGTT,cell_12135,53801,"X,spliced,unspliced"
541,6741,CCGACACTGCCAAT,cell_12145,53801,"X,spliced,unspliced"
542,6747,CCGGTACTGTCTAG,cell_12157,53801,"X,spliced,unspliced"
543,6750,CCGTACACGTTGAC,cell_12165,53801,"X,spliced,unspliced"
544,6756,CCTATAACCTCTCG,cell_12175,53801,"X,spliced,unspliced"
545,6758,CCTATTGAGTATCG,cell_12177,53801,"X,spliced,unspliced"
546,6759,CCTCATCTAGAGTA,cell_12178,53801,"X,spliced,unspliced"
547,6761,CCTCGAACGAGCAG,cell_12182,53801,"X,spliced,unspliced"
548,6762,CCTCTACTAACCTG,cell_12185,53801,"X,spliced,unspliced"
549,6767,CCTGGACTCTCAGA,cell_12191,53801,"X,spliced,unspliced"
550,6769,CCTTCACTCTGTGA,cell_12194,53801,"X,spliced,unspliced"
551,6774,CGAAGACTCCGATA,cell_12199,53801,"X,spliced,unspliced"
552,6775,CGAAGACTGAATCC,cell_12200,53801,"X,spliced,unspliced"
553,6778,CGACCACTGAACTC,cell_12208,53801,"X,spliced,unspliced"
554,6780,CGACCTTGACGTGT,cell_12211,53801,"X,spliced,unspliced"
555,6786,CGAGGAGAATTCCT,cell_12234,53801,"X,spliced,unspliced"
556,6787,CGAGGAGACAATCG,cell_12235,53801,"X,spliced,unspliced"
557,6791,CGAGGCTGAGGAGC,cell_12241,53801,"X,spliced,unspliced"
558,6800,CGCAAATGAGGGTG,cell_12259,53801,"X,spliced,unspliced"
559,6802,CGCAACCTATCAGC,cell_12263,53801,"X,spliced,unspliced"
560,6803,CGCAACCTTCGTAG,cell_12265,53801,"X,spliced,unspliced"
561,6810,CGCCATACACACCA,cell_12276,53801,"X,spliced,unspliced"
562,6816,CGCGATCTAGAACA,cell_12287,53801,"X,spliced,unspliced"
563,6818,CGCGATCTTGGTGT,cell_12289,53801,"X,spliced,unspliced"
564,6823,CGGAATTGGATGAA,cell_12299,53801,"X,spliced,unspliced"
565,6828,CGGCCAGAATCGGT,cell_12313,53801,"X,spliced,unspliced"
566,6832,CGGCGAACAGTCAC,cell_12318,53801,"X,spliced,unspliced"
567,6836,CGGCGATGGCGAAG,cell_12322,53801,"X,spliced,unspliced"
568,6840,CGGTAAACGGCGAA,cell_12332,53801,"X,spliced,unspliced"
569,6842,CGGTAAACTCTCAT,cell_12334,53801,"X,spliced,unspliced"
570,6845,CGGTCACTTATCGG,cell_12337,53801,"X,spliced,unspliced"
571,6846,CGGTCACTTCACGA,cell_12338,53801,"X,spliced,unspliced"
572,6847,CGTAACGATTTCTG,cell_12340,53801,"X,spliced,unspliced"
573,6848,CGTAGCCTAGTACC,cell_12345,53801,"X,spliced,unspliced"
574,6852,CGTGAAACACCCTC,cell_12352,53801,"X,spliced,unspliced"
575,6853,CGTGAATGCACTGA,cell_12354,53801,"X,spliced,unspliced"
576,6856,CGTTAACTAGAACA,cell_12361,53801,"X,spliced,unspliced"
577,6857,CGTTATACCTTACT,cell_12366,53801,"X,spliced,unspliced"
578,6860,CTAACTACCCGCTT,cell_12374,53801,"X,spliced,unspliced"
579,6865,CTAAGGTGTTCGTT,cell_12382,53801,"X,spliced,unspliced"
580,6866,CTAATAGAACCTGA,cell_12383,53801,"X,spliced,unspliced"
581,6872,CTACTATGCATGAC,cell_12395,53801,"X,spliced,unspliced"
582,6878,CTAGTTACCCAACA,cell_12410,53801,"X,spliced,unspliced"
583,6885,CTATAGCTTGTCGA,cell_12422,53801,"X,spliced,unspliced"
584,6886,CTATCAACAAAAGC,cell_12423,53801,"X,spliced,unspliced"
585,6887,CTATCAACACTACG,cell_12424,53801,"X,spliced,unspliced"
586,6888,CTATCAACCCATAG,cell_12425,53801,"X,spliced,unspliced"
587,6897,CTCAGAGATCGTGA,cell_12441,53801,"X,spliced,unspliced"
588,6899,CTCAGCACTTATCC,cell_12443,53801,"X,spliced,unspliced"
589,6901,CTCAGGCTAGCTCA,cell_12445,53801,"X,spliced,unspliced"
590,6902,CTCAGGCTCGTAAC,cell_12446,53801,"X,spliced,unspliced"
591,6907,CTCCATCTTCCGAA,cell_12454,53801,"X,spliced,unspliced"
592,6914,CTCCTACTTAACCG,cell_12464,53801,"X,spliced,unspliced"
593,6915,CTCGACACACTCAG,cell_12465,53801,"X,spliced,unspliced"
594,6918,CTCGAGCTATTCGG,cell_12469,53801,"X,spliced,unspliced"
595,6924,CTCGCATGGACAAA,cell_12475,53801,"X,spliced,unspliced"
596,6933,CTGCCAACACTCAG,cell_12500,53801,"X,spliced,unspliced"
597,6937,CTGTAACTCTTTAC,cell_12511,53801,"X,spliced,unspliced"
598,6948,CTTCTAGAGTTCTT,cell_12536,53801,"X,spliced,unspliced"
599,6949,CTTGAACTGAGATA,cell_12537,53801,"X,spliced,unspliced"
600,6953,CTTGATTGGAAAGT,cell_12544,53801,"X,spliced,unspliced"
601,6959,CTTTAGACTGCATG,cell_12555,53801,"X,spliced,unspliced"
602,6963,CTTTGATGGGCGAA,cell_12560,53801,"X,spliced,unspliced"
603,6964,CTTTGATGTAGTCG,cell_12561,53801,"X,spliced,unspliced"
604,6968,GAACCAACAAGAAC,cell_12567,53801,"X,spliced,unspliced"
605,6974,GAAGCTACACGTAC,cell_12581,53801,"X,spliced,unspliced"
606,6975,GAAGCTTGCATGGT,cell_12583,53801,"X,spliced,unspliced"
607,6977,GAAGGTCTTTAGGC,cell_12587,53801,"X,spliced,unspliced"
608,6980,GAAGTCTGCGGAGA,cell_12594,53801,"X,spliced,unspliced"
609,6983,GAAGTGCTGTGTTG,cell_12598,53801,"X,spliced,unspliced"
610,6985,GAATGCACTCGCTC,cell_12601,53801,"X,spliced,unspliced"
611,6986,GAATGCTGCACCAA,cell_12602,53801,"X,spliced,unspliced"
612,6987,GAATGGCTAGTAGA,cell_12605,53801,"X,spliced,unspliced"
613,6990,GACAACTGGGACGA,cell_12612,53801,"X,spliced,unspliced"
614,6995,GACCCTACACGTTG,cell_12622,53801,"X,spliced,unspliced"
615,6996,GACCCTACAGCTCA,cell_12623,53801,"X,spliced,unspliced"
616,6997,GACCCTACCGATAC,cell_12624,53801,"X,spliced,unspliced"
617,7001,GACCTCACCTAGTG,cell_12630,53801,"X,spliced,unspliced"
618,7004,GACGAACTGTATCG,cell_12638,53801,"X,spliced,unspliced"
619,7006,GACGCCGAGCCTTC,cell_12644,53801,"X,spliced,unspliced"
620,7011,GACTACGAACCATG,cell_12657,53801,"X,spliced,unspliced"
621,7012,GACTACGAAGAGTA,cell_12658,53801,"X,spliced,unspliced"
622,7013,GACTCCTGGGTAGG,cell_12659,53801,"X,spliced,unspliced"
623,7016,GACTGAACTACGCA,cell_12662,53801,"X,spliced,unspliced"
624,7017,GACTGAACTAGAAG,cell_12663,53801,"X,spliced,unspliced"
625,7026,GAGCTCCTGAGGGT,cell_12688,53801,"X,spliced,unspliced"
626,7029,GAGGACGAACGACT,cell_12691,53801,"X,spliced,unspliced"
627,7031,GAGGACGACAGATC,cell_12693,53801,"X,spliced,unspliced"
628,7044,GAGTCAACTGGTGT,cell_12717,53801,"X,spliced,unspliced"
629,7049,GAGTGTTGATTCGG,cell_12724,53801,"X,spliced,unspliced"
630,7053,GATAATACACGTGT,cell_12732,53801,"X,spliced,unspliced"
631,7057,GATAGCACACAGTC,cell_12739,53801,"X,spliced,unspliced"
632,7058,GATATAACCGTGAT,cell_12740,53801,"X,spliced,unspliced"
633,7061,GATATCCTCCAGTA,cell_12747,53801,"X,spliced,unspliced"
634,7075,GATGCCCTAGATGA,cell_12773,53801,"X,spliced,unspliced"
635,7077,GATTCTTGGAATGA,cell_12778,53801,"X,spliced,unspliced"
636,7081,GATTTGCTGGGAGT,cell_12785,53801,"X,spliced,unspliced"
637,7082,GATTTGCTTCTCCG,cell_12786,53801,"X,spliced,unspliced"
638,7091,GCACCTACGTTTGG,cell_12800,53801,"X,spliced,unspliced"
639,7094,GCACGGACAGTACC,cell_12804,53801,"X,spliced,unspliced"
640,7105,GCAGTTGATCCCGT,cell_12824,53801,"X,spliced,unspliced"
641,7108,GCATGTGAGTCCTC,cell_12829,53801,"X,spliced,unspliced"
642,7116,GCCCAACTTCAGAC,cell_12846,53801,"X,spliced,unspliced"
643,7120,GCCGGAACACTAGC,cell_12853,53801,"X,spliced,unspliced"
644,7123,GCCGTACTAGTTCG,cell_12857,53801,"X,spliced,unspliced"
645,7138,GCGCGATGCCCTCA,cell_12883,53801,"X,spliced,unspliced"
646,7140,GCGGGACTTGCATG,cell_12894,53801,"X,spliced,unspliced"
647,7144,GCGTATGACGGGAA,cell_12900,53801,"X,spliced,unspliced"
648,7146,GCTACAGACCATAG,cell_12903,53801,"X,spliced,unspliced"
649,7150,GCTACGCTTGGAGG,cell_12909,53801,"X,spliced,unspliced"
650,7156,GCTCCATGATGCTG,cell_12919,53801,"X,spliced,unspliced"
651,7157,GCTCGACTAAGATG,cell_12920,53801,"X,spliced,unspliced"
652,7158,GCTGATGAGAGGCA,cell_12924,53801,"X,spliced,unspliced"
653,7159,GCTTAACTTTGCGA,cell_12927,53801,"X,spliced,unspliced"
654,7160,GCTTGAGAATGCTG,cell_12928,53801,"X,spliced,unspliced"
655,7162,GCTTGAGAGTCGAT,cell_12932,53801,"X,spliced,unspliced"
656,7165,GGAACACTTATGGC,cell_12936,53801,"X,spliced,unspliced"
657,7171,GGACATTGGTATGC,cell_12952,53801,"X,spliced,unspliced"
658,7174,GGACCTCTAATCGC,cell_12958,53801,"X,spliced,unspliced"
659,7175,GGACGAGATGATGC,cell_12962,53801,"X,spliced,unspliced"
660,7182,GGAGGATGCGTTAG,cell_12979,53801,"X,spliced,unspliced"
661,7184,GGAGGATGTCCTTA,cell_12981,53801,"X,spliced,unspliced"
662,7188,GGAGGCCTGACAAA,cell_12985,53801,"X,spliced,unspliced"
663,7190,GGAGGTGATTCGTT,cell_12988,53801,"X,spliced,unspliced"
664,7194,GGAGTTTGTCTACT,cell_12994,53801,"X,spliced,unspliced"
665,7199,GGATGTTGTGAACC,cell_13004,53801,"X,spliced,unspliced"
666,7205,GGCCACGAAGATCC,cell_13015,53801,"X,spliced,unspliced"
667,7206,GGCCGATGAGGCGA,cell_13020,53801,"X,spliced,unspliced"
668,7215,GGCGGACTCATACG,cell_13033,53801,"X,spliced,unspliced"
669,7217,GGCTAAACGAAGGC,cell_13039,53801,"X,spliced,unspliced"
670,7221,GGGCAAGATTCCAT,cell_13054,53801,"X,spliced,unspliced"
671,7233,GGTACATGCGCTAA,cell_13077,53801,"X,spliced,unspliced"
672,7235,GGTAGTACAGGGTG,cell_13081,53801,"X,spliced,unspliced"
673,7236,GGTAGTACCCAGTA,cell_13083,53801,"X,spliced,unspliced"
674,7241,GGTGGAGAACGTGT,cell_13093,53801,"X,spliced,unspliced"
675,7242,GGTGGAGACGGGAA,cell_13094,53801,"X,spliced,unspliced"
676,7243,GGTGGAGAGAGGGT,cell_13096,53801,"X,spliced,unspliced"
677,7250,GTAAGCACGTACGT,cell_13106,53801,"X,spliced,unspliced"
678,7252,GTAATATGGGAAGC,cell_13110,53801,"X,spliced,unspliced"
679,7254,GTAATATGTCCGAA,cell_13112,53801,"X,spliced,unspliced"
680,7255,GTACAGTGGGAACG,cell_13113,53801,"X,spliced,unspliced"
681,7256,GTACCCTGTTCCCG,cell_13114,53801,"X,spliced,unspliced"
682,7262,GTAGCAACCACTAG,cell_13131,53801,"X,spliced,unspliced"
683,7265,GTAGTGACACTACG,cell_13142,53801,"X,spliced,unspliced"
684,7274,GTCCAAGACCGCTT,cell_13161,53801,"X,spliced,unspliced"
685,7283,GTCTAGGATGTAGC,cell_13182,53801,"X,spliced,unspliced"
686,7285,GTCTGAGATTGACG,cell_13184,53801,"X,spliced,unspliced"
687,7291,GTGATTCTTTCGGA,cell_13199,53801,"X,spliced,unspliced"
688,7298,GTGTATCTTGCCTC,cell_13217,53801,"X,spliced,unspliced"
689,7299,GTGTCAGAAAGATG,cell_13218,53801,"X,spliced,unspliced"
690,7301,GTTAAATGCATTGG,cell_13222,53801,"X,spliced,unspliced"
691,7302,GTTAAATGTCCTGC,cell_13224,53801,"X,spliced,unspliced"
692,7303,GTTAACCTGGATTC,cell_13225,53801,"X,spliced,unspliced"
693,7304,GTTAACCTTGTCTT,cell_13226,53801,"X,spliced,unspliced"
694,7306,GTTACGGACTTCCG,cell_13228,53801,"X,spliced,unspliced"
695,7307,GTTACGGATAACGC,cell_13229,53801,"X,spliced,unspliced"
696,7309,GTTAGGTGTCACCC,cell_13231,53801,"X,spliced,unspliced"
697,7312,GTTATCTGGTCATG,cell_13235,53801,"X,spliced,unspliced"
698,7318,GTTGACGATGAGGG,cell_13242,53801,"X,spliced,unspliced"
699,7324,TAAAGTTGATGCTG,cell_13255,53801,"X,spliced,unspliced"
700,7326,TAAAGTTGTAGACC,cell_13257,53801,"X,spliced,unspliced"
701,7336,TAAGATACAGCGTT,cell_13282,53801,"X,spliced,unspliced"
702,7339,TAATCCACTCATTC,cell_13290,53801,"X,spliced,unspliced"
703,7346,TAATGTGACAATCG,cell_13300,53801,"X,spliced,unspliced"
704,7350,TACACACTTGGTCA,cell_13310,53801,"X,spliced,unspliced"
705,7354,TACCGCTGCTACGA,cell_13321,53801,"X,spliced,unspliced"
706,7356,TACGAGTGGTATGC,cell_13327,53801,"X,spliced,unspliced"
707,7358,TACGATCTGTATGC,cell_13330,53801,"X,spliced,unspliced"
708,7362,TACGGAACAATCGC,cell_13337,53801,"X,spliced,unspliced"
709,7364,TACGTACTTGCACA,cell_13341,53801,"X,spliced,unspliced"
710,7366,TACTACACATAAGG,cell_13345,53801,"X,spliced,unspliced"
711,7375,TAGAATTGCAACTG,cell_13364,53801,"X,spliced,unspliced"
712,7378,TAGAGCACCCCTAC,cell_13371,53801,"X,spliced,unspliced"
713,7387,TAGCGATGCGCCTT,cell_13387,53801,"X,spliced,unspliced"
714,7390,TAGGCATGGCCAAT,cell_13394,53801,"X,spliced,unspliced"
715,7396,TAGGTGTGCTTCTA,cell_13405,53801,"X,spliced,unspliced"
716,7398,TAGGTTCTTGTCCC,cell_13408,53801,"X,spliced,unspliced"
717,7403,TAGTATGACACTGA,cell_13413,53801,"X,spliced,unspliced"
718,7404,TAGTCGGAAGTAGA,cell_13415,53801,"X,spliced,unspliced"
719,7408,TAGTTAGAGCTATG,cell_13422,53801,"X,spliced,unspliced"
720,7411,TATAAGTGAGTCAC,cell_13427,53801,"X,spliced,unspliced"
721,7414,TATACCACCGGTAT,cell_13434,53801,"X,spliced,unspliced"
722,7417,TATCAAGAACCCAA,cell_13438,53801,"X,spliced,unspliced"
723,7419,TATCACTGATCGGT,cell_13440,53801,"X,spliced,unspliced"
724,7425,TATCGACTGTTTGG,cell_13453,53801,"X,spliced,unspliced"
725,7426,TATCGACTTGTCAG,cell_13454,53801,"X,spliced,unspliced"
726,7428,TATCTTCTAGAAGT,cell_13462,53801,"X,spliced,unspliced"
727,7439,TATGTCTGTTGTGG,cell_13481,53801,"X,spliced,unspliced"
728,7443,TCAATCACACTAGC,cell_13493,53801,"X,spliced,unspliced"
729,7444,TCAATCACCCTAAG,cell_13494,53801,"X,spliced,unspliced"
730,7453,TCACTATGGTTGGT,cell_13513,53801,"X,spliced,unspliced"
731,7455,TCAGAGACTTCTAC,cell_13516,53801,"X,spliced,unspliced"
732,7456,TCAGCAGAAGAAGT,cell_13517,53801,"X,spliced,unspliced"
733,7458,TCAGCGCTTAAAGG,cell_13519,53801,"X,spliced,unspliced"
734,7460,TCAGTTACGGATCT,cell_13522,53801,"X,spliced,unspliced"
735,7474,TCCGGACTGGACAG,cell_13557,53801,"X,spliced,unspliced"
736,7479,TCGACCTGCTGCAA,cell_13565,53801,"X,spliced,unspliced"
737,7486,TCGCAAGAGGTATC,cell_13574,53801,"X,spliced,unspliced"
738,7488,TCGGACCTAGATGA,cell_13578,53801,"X,spliced,unspliced"
739,7490,TCGTGAGAAGTGTC,cell_13586,53801,"X,spliced,unspliced"
740,7497,TCTACAACGGTGGA,cell_13599,53801,"X,spliced,unspliced"
741,7502,TCTAGACTGACGGA,cell_13604,53801,"X,spliced,unspliced"
742,7508,TCTCTAGATTTGTC,cell_13614,53801,"X,spliced,unspliced"
743,7515,TGAAGCACCCTAAG,cell_13629,53801,"X,spliced,unspliced"
744,7520,TGACACGAGTCGTA,cell_13638,53801,"X,spliced,unspliced"
745,7521,TGACGAACGGTCAT,cell_13641,53801,"X,spliced,unspliced"
746,7526,TGACTGGAAGGGTG,cell_13651,53801,"X,spliced,unspliced"
747,7538,TGATTAGAATCTCT,cell_13679,53801,"X,spliced,unspliced"
748,7541,TGCAACGAGGTGTT,cell_13686,53801,"X,spliced,unspliced"
749,7546,TGCAGATGATTCTC,cell_13698,53801,"X,spliced,unspliced"
750,7557,TGCGATGAGTGCTA,cell_13724,53801,"X,spliced,unspliced"
751,7561,TGCTTAACGGACTT,cell_13734,53801,"X,spliced,unspliced"
752,7563,TGGAACACATGGTC,cell_13737,53801,"X,spliced,unspliced"
753,7564,TGGAACACGACAGG,cell_13740,53801,"X,spliced,unspliced"
754,7573,TGGATCGACTGACA,cell_13759,53801,"X,spliced,unspliced"
755,7585,TGGTATCTTGTCCC,cell_13782,53801,"X,spliced,unspliced"
756,7588,TGGTCAGAATTGGC,cell_13785,53801,"X,spliced,unspliced"
757,7590,TGGTTACTTCTAGG,cell_13789,53801,"X,spliced,unspliced"
758,7591,TGTAAAACTCTCTA,cell_13790,53801,"X,spliced,unspliced"
759,7593,TGTACTTGTGTGCA,cell_13797,53801,"X,spliced,unspliced"
760,7598,TGTAGTCTGACGGA,cell_13803,53801,"X,spliced,unspliced"
761,7600,TGTATCTGCCACCT,cell_13805,53801,"X,spliced,unspliced"
762,7612,TTACACACAAGTGA,cell_13829,53801,"X,spliced,unspliced"
763,7614,TTACGACTAAGATG,cell_13834,53801,"X,spliced,unspliced"
764,7615,TTACGACTCACACA,cell_13835,53801,"X,spliced,unspliced"
765,7618,TTACTCGAGTATGC,cell_13840,53801,"X,spliced,unspliced"
766,7623,TTAGACCTTCTTAC,cell_13847,53801,"X,spliced,unspliced"
767,7640,TTCATCGATCACCC,cell_13886,53801,"X,spliced,unspliced"
768,7649,TTCGATTGGGTATC,cell_13905,53801,"X,spliced,unspliced"
769,7655,TTCTCAGAAAGTAG,cell_13914,53801,"X,spliced,unspliced"
770,7656,TTCTCAGAGGGTGA,cell_13915,53801,"X,spliced,unspliced"
771,7660,TTGAATGAGAGCAG,cell_13922,53801,"X,spliced,unspliced"
772,7664,TTGATCTGACGCAT,cell_13929,53801,"X,spliced,unspliced"
773,7666,TTGCTAACGAGCAG,cell_13931,53801,"X,spliced,unspliced"
774,7673,TTGTACACATTGGC,cell_13942,53801,"X,spliced,unspliced"
775,7674,TTGTCATGGGAAGC,cell_13947,53801,"X,spliced,unspliced"
776,7679,TTTATCCTACACTG,cell_13958,53801,"X,spliced,unspliced"
777,7685,TTTGACTGAAGAAC,cell_13969,53801,"X,spliced,unspliced"
778,9171,AAACATACGTGTTG,cell_16331,53801,"X,spliced,unspliced"
779,9176,AAACGCACTCACGA,cell_16341,53801,"X,spliced,unspliced"
780,9181,AAACTTGATTCTAC,cell_16349,53801,"X,spliced,unspliced"
781,9185,AAAGAGACCGTTAG,cell_16354,53801,"X,spliced,unspliced"
782,9192,AAAGGCCTCAGAGG,cell_16367,53801,"X,spliced,unspliced"
783,9203,AAATCCCTTCAAGC,cell_16389,53801,"X,spliced,unspliced"
784,9206,AAATGGGACTCCCA,cell_16394,53801,"X,spliced,unspliced"
785,9211,AAATGTTGGTATGC,cell_16400,53801,"X,spliced,unspliced"
786,9212,AAATGTTGTGAGGG,cell_16401,53801,"X,spliced,unspliced"
787,9219,AACAAACTCCAATG,cell_16409,53801,"X,spliced,unspliced"
788,9231,AACCACGAAACGTC,cell_16430,53801,"X,spliced,unspliced"
789,9234,AACCACGACTTCTA,cell_16433,53801,"X,spliced,unspliced"
790,9235,AACCACGAGGACTT,cell_16434,53801,"X,spliced,unspliced"
791,9246,AACCGCCTGGAGTG,cell_16447,53801,"X,spliced,unspliced"
792,9251,AACCTACTTATTCC,cell_16453,53801,"X,spliced,unspliced"
793,9259,AACGCAACCACACA,cell_16464,53801,"X,spliced,unspliced"
794,9261,AACGCCCTGGAGGT,cell_16467,53801,"X,spliced,unspliced"
795,9263,AACGCCCTTTGTGG,cell_16470,53801,"X,spliced,unspliced"
796,9265,AACGGTTGCCCACT,cell_16475,53801,"X,spliced,unspliced"
797,9281,AACTGTCTCTATGG,cell_16503,53801,"X,spliced,unspliced"
798,9282,AACTGTCTGACAGG,cell_16504,53801,"X,spliced,unspliced"
799,9284,AACTGTCTTCCTCG,cell_16506,53801,"X,spliced,unspliced"
800,9291,AAGAACGATGACTG,cell_16514,53801,"X,spliced,unspliced"
801,9294,AAGAAGACACACTG,cell_16518,53801,"X,spliced,unspliced"
802,9298,AAGACAGAGGTGGA,cell_16522,53801,"X,spliced,unspliced"
803,9314,AAGCCATGTCCTGC,cell_16552,53801,"X,spliced,unspliced"
804,9315,AAGCCTGACCTCAC,cell_16553,53801,"X,spliced,unspliced"
805,9316,AAGCCTGAGTATGC,cell_16554,53801,"X,spliced,unspliced"
806,9318,AAGCGACTCTTGTT,cell_16557,53801,"X,spliced,unspliced"
807,9320,AAGCGTACAAGGCG,cell_16561,53801,"X,spliced,unspliced"
808,9321,AAGCGTACACCTAG,cell_16562,53801,"X,spliced,unspliced"
809,9325,AAGGCTTGCCGCTT,cell_16570,53801,"X,spliced,unspliced"
810,9326,AAGGCTTGTCCAGA,cell_16571,53801,"X,spliced,unspliced"
811,9354,AATAAGCTTTGGTG,cell_16616,53801,"X,spliced,unspliced"
812,9355,AATACCCTGCTCCT,cell_16618,53801,"X,spliced,unspliced"
813,9360,AATAGGGACGAGAG,cell_16627,53801,"X,spliced,unspliced"
814,9364,AATCCGGACTTGTT,cell_16632,53801,"X,spliced,unspliced"
815,9365,AATCCTACCTGTAG,cell_16633,53801,"X,spliced,unspliced"
816,9366,AATCCTACGTCTAG,cell_16634,53801,"X,spliced,unspliced"
817,9372,AATCTAGATTTGTC,cell_16645,53801,"X,spliced,unspliced"
818,9373,AATCTCACACCCAA,cell_16646,53801,"X,spliced,unspliced"
819,9379,AATGATACGGAGTG,cell_16655,53801,"X,spliced,unspliced"
820,9380,AATGATACTAGCGT,cell_16656,53801,"X,spliced,unspliced"
821,9384,AATGGCTGCCTGAA,cell_16663,53801,"X,spliced,unspliced"
822,9391,AATTACGACTTGAG,cell_16677,53801,"X,spliced,unspliced"
823,9419,ACACATCTAGCTAC,cell_16725,53801,"X,spliced,unspliced"
824,9435,ACACGATGGGGATG,cell_16748,53801,"X,spliced,unspliced"
825,9455,ACATACCTTTTCGT,cell_16783,53801,"X,spliced,unspliced"
826,9465,ACCACCTGGCATAC,cell_16798,53801,"X,spliced,unspliced"
827,9467,ACCACGCTCTTTAC,cell_16801,53801,"X,spliced,unspliced"
828,9473,ACCAGCCTTTACCT,cell_16808,53801,"X,spliced,unspliced"
829,9474,ACCAGTGATGTCTT,cell_16810,53801,"X,spliced,unspliced"
830,9479,ACCATTTGGACGAG,cell_16817,53801,"X,spliced,unspliced"
831,9481,ACCCAAGACCCTAC,cell_16820,53801,"X,spliced,unspliced"
832,9482,ACCCAAGACTTACT,cell_16821,53801,"X,spliced,unspliced"
833,9487,ACCCTCGACGGAGA,cell_16830,53801,"X,spliced,unspliced"
834,9488,ACCGAAACACCTAG,cell_16833,53801,"X,spliced,unspliced"
835,9507,ACCTCGTGCACACA,cell_16860,53801,"X,spliced,unspliced"
836,9510,ACCTGAGACTGTCC,cell_16863,53801,"X,spliced,unspliced"
837,9514,ACCTTTGACTGAGT,cell_16872,53801,"X,spliced,unspliced"
838,9515,ACCTTTGAGTGAGG,cell_16873,53801,"X,spliced,unspliced"
839,9539,ACGCAATGAACTGC,cell_16912,53801,"X,spliced,unspliced"
840,9545,ACGCACCTGGACAG,cell_16920,53801,"X,spliced,unspliced"
841,9560,ACGGAGGATAAGGA,cell_16945,53801,"X,spliced,unspliced"
842,9566,ACGGCTCTCAAAGA,cell_16954,53801,"X,spliced,unspliced"
843,9567,ACGGCTCTGGTGAG,cell_16955,53801,"X,spliced,unspliced"
844,9574,ACGGTATGGGGACA,cell_16968,53801,"X,spliced,unspliced"
845,9579,ACGTAGACCAGATC,cell_16973,53801,"X,spliced,unspliced"
846,9583,ACGTCAGAGACGGA,cell_16978,53801,"X,spliced,unspliced"
847,9595,ACGTTACTCCGATA,cell_16994,53801,"X,spliced,unspliced"
848,9597,ACGTTGGACCCTTG,cell_16996,53801,"X,spliced,unspliced"
849,9605,ACTACGGAGGTACT,cell_17007,53801,"X,spliced,unspliced"
850,9611,ACTATCACCAACTG,cell_17017,53801,"X,spliced,unspliced"
851,9615,ACTCAGGAAGCCTA,cell_17022,53801,"X,spliced,unspliced"
852,9621,ACTCAGGAGTTTCT,cell_17028,53801,"X,spliced,unspliced"
853,9634,ACTCTATGTTCTAC,cell_17045,53801,"X,spliced,unspliced"
854,9639,ACTGCCTGAACGGG,cell_17055,53801,"X,spliced,unspliced"
855,9642,ACTGGCCTTTCTAC,cell_17061,53801,"X,spliced,unspliced"
856,9650,ACTTAGCTACCCAA,cell_17077,53801,"X,spliced,unspliced"
857,9652,ACTTAGCTGCTATG,cell_17080,53801,"X,spliced,unspliced"
858,9659,ACTTCCCTCGTTAG,cell_17088,53801,"X,spliced,unspliced"
859,9662,ACTTCTGATTCTAC,cell_17092,53801,"X,spliced,unspliced"
860,9671,AGAAACGACACAAC,cell_17105,53801,"X,spliced,unspliced"
861,9682,AGAACGCTGAACCT,cell_17116,53801,"X,spliced,unspliced"
862,9683,AGAACGCTGTTGGT,cell_17118,53801,"X,spliced,unspliced"
863,9688,AGAATACTACGTTG,cell_17125,53801,"X,spliced,unspliced"
864,9691,AGAATGGAGGTACT,cell_17128,53801,"X,spliced,unspliced"
865,9693,AGAATTTGCTTGCC,cell_17130,53801,"X,spliced,unspliced"
866,9699,AGACCTGATATTCC,cell_17140,53801,"X,spliced,unspliced"
867,9701,AGACCTGATTGCAG,cell_17142,53801,"X,spliced,unspliced"
868,9704,AGACGTACGAATGA,cell_17147,53801,"X,spliced,unspliced"
869,9705,AGACGTACTTCAGG,cell_17148,53801,"X,spliced,unspliced"
870,9709,AGACTTCTCCTTTA,cell_17157,53801,"X,spliced,unspliced"
871,9710,AGAGAAACAAGCCT,cell_17158,53801,"X,spliced,unspliced"
872,9718,AGAGGTCTAACAGA,cell_17169,53801,"X,spliced,unspliced"
873,9731,AGATATTGTTCATC,cell_17187,53801,"X,spliced,unspliced"
874,9738,AGCAAAGACGGAGA,cell_17198,53801,"X,spliced,unspliced"
875,9747,AGCAAGCTTCCTAT,cell_17210,53801,"X,spliced,unspliced"
876,9755,AGCATCGACCGCTT,cell_17220,53801,"X,spliced,unspliced"
877,9758,AGCCACCTGCCCTT,cell_17230,53801,"X,spliced,unspliced"
878,9763,AGCCGGTGGGAAAT,cell_17237,53801,"X,spliced,unspliced"
879,9769,AGCCTCTGCGCTAA,cell_17245,53801,"X,spliced,unspliced"
880,9778,AGCGCCGACGGGAA,cell_17262,53801,"X,spliced,unspliced"
881,9779,AGCGCTCTCAGTCA,cell_17265,53801,"X,spliced,unspliced"
882,9784,AGCGGGCTCGCAAT,cell_17273,53801,"X,spliced,unspliced"
883,9789,AGCGTAACGGAAAT,cell_17280,53801,"X,spliced,unspliced"
884,9797,AGCTTACTCTGGAT,cell_17292,53801,"X,spliced,unspliced"
885,9806,AGGAATGAAAGCCT,cell_17308,53801,"X,spliced,unspliced"
886,9816,AGGATAGACTTCCG,cell_17320,53801,"X,spliced,unspliced"
887,9819,AGGATGCTGTCACA,cell_17326,53801,"X,spliced,unspliced"
888,9837,AGGGCCACAAGATG,cell_17353,53801,"X,spliced,unspliced"
889,9842,AGGGTGGAGGGTGA,cell_17362,53801,"X,spliced,unspliced"
890,9856,AGGTGGGACGTAGT,cell_17381,53801,"X,spliced,unspliced"
891,9859,AGGTGGGATGCTCC,cell_17386,53801,"X,spliced,unspliced"
892,9864,AGGTTCGAAGCGGA,cell_17394,53801,"X,spliced,unspliced"
893,9879,AGTACGTGCTCGCT,cell_17421,53801,"X,spliced,unspliced"
894,9881,AGTACGTGTAGCCA,cell_17423,53801,"X,spliced,unspliced"
895,9884,AGTACTCTGGGTGA,cell_17426,53801,"X,spliced,unspliced"
896,9899,AGTCACGAACTTTC,cell_17443,53801,"X,spliced,unspliced"
897,9931,AGTTAAACTTCACT,cell_17494,53801,"X,spliced,unspliced"
898,9939,AGTTGTCTAAAAGC,cell_17509,53801,"X,spliced,unspliced"
899,9940,AGTTGTCTCTAGTG,cell_17510,53801,"X,spliced,unspliced"
900,9943,AGTTTCACAAAACG,cell_17516,53801,"X,spliced,unspliced"
901,9949,AGTTTCACTCCAGA,cell_17522,53801,"X,spliced,unspliced"
902,9950,AGTTTGCTGTTCAG,cell_17527,53801,"X,spliced,unspliced"
903,9952,ATAACAACCAACCA,cell_17531,53801,"X,spliced,unspliced"
904,9959,ATAACATGCGTAGT,cell_17540,53801,"X,spliced,unspliced"
905,9961,ATAACCCTAGAATG,cell_17543,53801,"X,spliced,unspliced"
906,9972,ATAATCGACTAAGC,cell_17560,53801,"X,spliced,unspliced"
907,9985,ATACCGGAACTACG,cell_17583,53801,"X,spliced,unspliced"
908,9987,ATACCGGACCCTCA,cell_17585,53801,"X,spliced,unspliced"
909,9988,ATACCTACCCTATT,cell_17587,53801,"X,spliced,unspliced"
910,9995,ATAGATACTCTAGG,cell_17600,53801,"X,spliced,unspliced"
911,10016,ATAGTCCTACGGGA,cell_17629,53801,"X,spliced,unspliced"
912,10024,ATCAAATGTTACCT,cell_17642,53801,"X,spliced,unspliced"
913,10026,ATCAACCTGTTCGA,cell_17647,53801,"X,spliced,unspliced"
914,10032,ATCACGGACCTGAA,cell_17655,53801,"X,spliced,unspliced"
915,10035,ATCACTTGCGACAT,cell_17659,53801,"X,spliced,unspliced"
916,10038,ATCACTTGGTAAAG,cell_17662,53801,"X,spliced,unspliced"
917,10044,ATCCAGGAAGATGA,cell_17676,53801,"X,spliced,unspliced"
918,10049,ATCCATACATTCTC,cell_17682,53801,"X,spliced,unspliced"
919,10051,ATCCCGTGACAGCT,cell_17684,53801,"X,spliced,unspliced"
920,10057,ATCGAGTGCTGTGA,cell_17691,53801,"X,spliced,unspliced"
921,10062,ATCGCCACGCTATG,cell_17701,53801,"X,spliced,unspliced"
922,10072,ATCGGTGAGTCGAT,cell_17713,53801,"X,spliced,unspliced"
923,10089,ATCTGGGAGAGCTT,cell_17735,53801,"X,spliced,unspliced"
924,10095,ATCTTTCTGCTTAG,cell_17745,53801,"X,spliced,unspliced"
925,10104,ATGAAGGATTGACG,cell_17758,53801,"X,spliced,unspliced"
926,10107,ATGACGTGGGGCAA,cell_17761,53801,"X,spliced,unspliced"
927,10120,ATGCAGACACCTAG,cell_17785,53801,"X,spliced,unspliced"
928,10123,ATGCAGTGCAGCTA,cell_17788,53801,"X,spliced,unspliced"
929,10128,ATGCCAGATACGCA,cell_17794,53801,"X,spliced,unspliced"
930,10130,ATGCCAGATGCCTC,cell_17796,53801,"X,spliced,unspliced"
931,10131,ATGCGATGCAACTG,cell_17798,53801,"X,spliced,unspliced"
932,10132,ATGCGATGTGCAAC,cell_17802,53801,"X,spliced,unspliced"
933,10134,ATGGACACAAACGA,cell_17807,53801,"X,spliced,unspliced"
934,10136,ATGGGTACAGGTCT,cell_17810,53801,"X,spliced,unspliced"
935,10149,ATGTCGGAACACCA,cell_17827,53801,"X,spliced,unspliced"
936,10150,ATGTCGGAACCGAT,cell_17828,53801,"X,spliced,unspliced"
937,10151,ATGTCGGACTGGTA,cell_17830,53801,"X,spliced,unspliced"
938,10153,ATGTTAGACACTGA,cell_17834,53801,"X,spliced,unspliced"
939,10163,ATTAACGATGTGCA,cell_17852,53801,"X,spliced,unspliced"
940,10166,ATTACCTGACACCA,cell_17857,53801,"X,spliced,unspliced"
941,10172,ATTAGTGAGTTTGG,cell_17867,53801,"X,spliced,unspliced"
942,10182,ATTCCATGTGCCAA,cell_17882,53801,"X,spliced,unspliced"
943,10190,ATTCTGACACCACA,cell_17892,53801,"X,spliced,unspliced"
944,10211,ATTGGTCTCTAGAC,cell_17923,53801,"X,spliced,unspliced"
945,10231,CAAAGCACTCCAAG,cell_17956,53801,"X,spliced,unspliced"
946,10234,CAAATATGACACGT,cell_17960,53801,"X,spliced,unspliced"
947,10242,CAACCGCTGCGAAG,cell_17972,53801,"X,spliced,unspliced"
948,10253,CAAGAAGAGCTGTA,cell_17991,53801,"X,spliced,unspliced"
949,10260,CAAGCCCTTCACCC,cell_18003,53801,"X,spliced,unspliced"
950,10271,CAATAAACTGCATG,cell_18020,53801,"X,spliced,unspliced"
951,10301,CACCACTGCCCTCA,cell_18071,53801,"X,spliced,unspliced"
952,10305,CACCGGGACTAGCA,cell_18078,53801,"X,spliced,unspliced"
953,10314,CACGACCTAGCACT,cell_18097,53801,"X,spliced,unspliced"
954,10330,CACTAGGAACCATG,cell_18115,53801,"X,spliced,unspliced"
955,10338,CACTCCGATCGTGA,cell_18129,53801,"X,spliced,unspliced"
956,10339,CACTCTCTCAGAGG,cell_18130,53801,"X,spliced,unspliced"
957,10341,CACTCTCTTGCAAC,cell_18135,53801,"X,spliced,unspliced"
958,10345,CACTGCTGACTACG,cell_18140,53801,"X,spliced,unspliced"
959,10353,CAGACATGCTCCAC,cell_18157,53801,"X,spliced,unspliced"
960,10356,CAGACCCTGTCCTC,cell_18162,53801,"X,spliced,unspliced"
961,10364,CAGATGACACCCTC,cell_18174,53801,"X,spliced,unspliced"
962,10380,CAGCGTCTATTGGC,cell_18202,53801,"X,spliced,unspliced"
963,10381,CAGCGTCTTAGCCA,cell_18203,53801,"X,spliced,unspliced"
964,10389,CAGCTCTGTTCGTT,cell_18217,53801,"X,spliced,unspliced"
965,10391,CAGGCCGATGTGAC,cell_18221,53801,"X,spliced,unspliced"
966,10412,CAGTTGGAGACGGA,cell_18244,53801,"X,spliced,unspliced"
967,10429,CATCATACCTGTAG,cell_18266,53801,"X,spliced,unspliced"
968,10430,CATCATACTCGTTT,cell_18267,53801,"X,spliced,unspliced"
969,10434,CATCCCGATGAGCT,cell_18273,53801,"X,spliced,unspliced"
970,10436,CATCGCTGCAGAAA,cell_18275,53801,"X,spliced,unspliced"
971,10447,CATGCGCTAAAGTG,cell_18293,53801,"X,spliced,unspliced"
972,10460,CATGTTACTGTCTT,cell_18315,53801,"X,spliced,unspliced"
973,10471,CATTGACTAAAGCA,cell_18334,53801,"X,spliced,unspliced"
974,10478,CATTTGTGGGCGAA,cell_18344,53801,"X,spliced,unspliced"
975,10484,CCAAGATGTATCGG,cell_18357,53801,"X,spliced,unspliced"
976,10489,CCAATTTGCTGCAA,cell_18366,53801,"X,spliced,unspliced"
977,10501,CCACTGACTTCTAC,cell_18383,53801,"X,spliced,unspliced"
978,10506,CCAGAAACGATAGA,cell_18390,53801,"X,spliced,unspliced"
979,10512,CCAGCTACCTATTC,cell_18402,53801,"X,spliced,unspliced"
980,10516,CCAGGTCTCGCCTT,cell_18407,53801,"X,spliced,unspliced"
981,10527,CCATGCTGTACGAC,cell_18430,53801,"X,spliced,unspliced"
982,10530,CCATTAACGAATGA,cell_18433,53801,"X,spliced,unspliced"
983,10532,CCCAACACTGTCGA,cell_18436,53801,"X,spliced,unspliced"
984,10536,CCCAGTTGGTGTAC,cell_18446,53801,"X,spliced,unspliced"
985,10540,CCCATGTGGATACC,cell_18452,53801,"X,spliced,unspliced"
986,10553,CCCTCAGATGGATC,cell_18480,53801,"X,spliced,unspliced"
987,10558,CCCTTACTCTCTTA,cell_18491,53801,"X,spliced,unspliced"
988,10559,CCCTTACTTTGAGC,cell_18492,53801,"X,spliced,unspliced"
989,10572,CCGCTATGTGCTAG,cell_18511,53801,"X,spliced,unspliced"
990,10575,CCGGAGTGAGCTCA,cell_18514,53801,"X,spliced,unspliced"
991,10578,CCGTACACTGCCCT,cell_18520,53801,"X,spliced,unspliced"
992,10595,CCTCATCTCTAAGC,cell_18546,53801,"X,spliced,unspliced"
993,10599,CCTCTACTGGTTAC,cell_18551,53801,"X,spliced,unspliced"
994,10604,CCTGAGCTCTCTCG,cell_18557,53801,"X,spliced,unspliced"
995,10605,CCTGCAACAGTCTG,cell_18559,53801,"X,spliced,unspliced"
996,10608,CCTGGACTTGACAC,cell_18563,53801,"X,spliced,unspliced"
997,10611,CCTTCACTTGCCCT,cell_18567,53801,"X,spliced,unspliced"
998,10612,CCTTCACTTTCTGT,cell_18568,53801,"X,spliced,unspliced"
999,10618,CGAAGGGAACGGAG,cell_18580,53801,"X,spliced,unspliced"
1000,10619,CGAAGTACGCTGAT,cell_18582,53801,"X,spliced,unspliced"
1001,10630,CGACCGGATTCTTG,cell_18598,53801,"X,spliced,unspliced"
1002,10632,CGACCTTGTGAAGA,cell_18601,53801,"X,spliced,unspliced"
1003,10636,CGACTGCTTGCCAA,cell_18610,53801,"X,spliced,unspliced"
1004,10637,CGACTGCTTGGTGT,cell_18611,53801,"X,spliced,unspliced"
1005,10643,CGAGGCACGATAAG,cell_18622,53801,"X,spliced,unspliced"
1006,10652,CGAGTATGCTCTTA,cell_18634,53801,"X,spliced,unspliced"
1007,10657,CGATACGATCCTGC,cell_18645,53801,"X,spliced,unspliced"
1008,10675,CGCACTTGAAACGA,cell_18674,53801,"X,spliced,unspliced"
1009,10677,CGCAGGACAGTCAC,cell_18678,53801,"X,spliced,unspliced"
1010,10679,CGCAGGACTGCTGA,cell_18681,53801,"X,spliced,unspliced"
1011,10683,CGCAGGTGTGGCAT,cell_18686,53801,"X,spliced,unspliced"
1012,10695,CGCCGAGAGACGAG,cell_18703,53801,"X,spliced,unspliced"
1013,10698,CGCCTAACTGAGAA,cell_18707,53801,"X,spliced,unspliced"
1014,10708,CGCTACACGTGTAC,cell_18719,53801,"X,spliced,unspliced"
1015,10709,CGCTACACTATGGC,cell_18720,53801,"X,spliced,unspliced"
1016,10718,CGGAGGCTCCTTGC,cell_18736,53801,"X,spliced,unspliced"
1017,10720,CGGAGGCTGCAGTT,cell_18738,53801,"X,spliced,unspliced"
1018,10721,CGGAGGCTGTCTGA,cell_18739,53801,"X,spliced,unspliced"
1019,10723,CGGATATGGTCCTC,cell_18744,53801,"X,spliced,unspliced"
1020,10733,CGGCGATGTAAGCC,cell_18761,53801,"X,spliced,unspliced"
1021,10745,CGTACAGAAAGCAA,cell_18780,53801,"X,spliced,unspliced"
1022,10748,CGTACCACGCGTTA,cell_18784,53801,"X,spliced,unspliced"
1023,10766,CGTGCACTGCTGTA,cell_18814,53801,"X,spliced,unspliced"
1024,10770,CGTTAGGACCTACC,cell_18827,53801,"X,spliced,unspliced"
1025,10783,CTAACACTCCCAAA,cell_18847,53801,"X,spliced,unspliced"
1026,10789,CTAAGGACGACACT,cell_18857,53801,"X,spliced,unspliced"
1027,10797,CTACCTCTCATTGG,cell_18874,53801,"X,spliced,unspliced"
1028,10807,CTACTATGCAGAGG,cell_18892,53801,"X,spliced,unspliced"
1029,10811,CTACTCCTAGTGTC,cell_18896,53801,"X,spliced,unspliced"
1030,10819,CTAGGATGGACGTT,cell_18910,53801,"X,spliced,unspliced"
1031,10827,CTAGTTTGGGCATT,cell_18924,53801,"X,spliced,unspliced"
1032,10833,CTATCATGCAGTTG,cell_18935,53801,"X,spliced,unspliced"
1033,10837,CTATCATGGGAGCA,cell_18939,53801,"X,spliced,unspliced"
1034,10841,CTATCCCTCTTCCG,cell_18946,53801,"X,spliced,unspliced"
1035,10851,CTATTGTGTCACCC,cell_18962,53801,"X,spliced,unspliced"
1036,10861,CTCCATCTACAGCT,cell_18981,53801,"X,spliced,unspliced"
1037,10862,CTCCATCTCCATGA,cell_18983,53801,"X,spliced,unspliced"
1038,10863,CTCCGAACACCTAG,cell_18984,53801,"X,spliced,unspliced"
1039,10869,CTCCTACTGCTTCC,cell_18991,53801,"X,spliced,unspliced"
1040,10872,CTCGACTGCAGCTA,cell_18999,53801,"X,spliced,unspliced"
1041,10886,CTGAACGAGGTAGG,cell_19017,53801,"X,spliced,unspliced"
1042,10889,CTGAAGTGGAGGCA,cell_19020,53801,"X,spliced,unspliced"
1043,10906,CTGATACTTGACAC,cell_19045,53801,"X,spliced,unspliced"
1044,10929,CTGTGAGACTTACT,cell_19085,53801,"X,spliced,unspliced"
1045,10934,CTTAAAGATTTGGG,cell_19090,53801,"X,spliced,unspliced"
1046,10935,CTTAACACGTACAC,cell_19092,53801,"X,spliced,unspliced"
1047,10945,CTTACTGAACACAC,cell_19108,53801,"X,spliced,unspliced"
1048,10967,CTTGATTGCGCCTT,cell_19142,53801,"X,spliced,unspliced"
1049,10993,GAAAGATGGCATAC,cell_19177,53801,"X,spliced,unspliced"
1050,10999,GAACACACTGAGCT,cell_19189,53801,"X,spliced,unspliced"
1051,11008,GAACGGGAATGACC,cell_19201,53801,"X,spliced,unspliced"
1052,11009,GAACGGGACGGAGA,cell_19202,53801,"X,spliced,unspliced"
1053,11010,GAACGTTGCGCATA,cell_19207,53801,"X,spliced,unspliced"
1054,11021,GAAGGGTGAAGGGC,cell_19225,53801,"X,spliced,unspliced"
1055,11024,GAAGGTCTTACTCT,cell_19231,53801,"X,spliced,unspliced"
1056,11029,GAAGTAGAGTAGGG,cell_19236,53801,"X,spliced,unspliced"
1057,11037,GAAGTGCTCAGCTA,cell_19247,53801,"X,spliced,unspliced"
1058,11040,GAATGCACTCCCAC,cell_19251,53801,"X,spliced,unspliced"
1059,11044,GACAACACCTTATC,cell_19260,53801,"X,spliced,unspliced"
1060,11046,GACAACTGGTATGC,cell_19263,53801,"X,spliced,unspliced"
1061,11053,GACAGGGATGACAC,cell_19275,53801,"X,spliced,unspliced"
1062,11062,GACCCTACGCTGTA,cell_19290,53801,"X,spliced,unspliced"
1063,11068,GACGAACTCAGAGG,cell_19303,53801,"X,spliced,unspliced"
1064,11076,GACGATTGTGGCAT,cell_19316,53801,"X,spliced,unspliced"
1065,11077,GACGCCGAAAAGTG,cell_19317,53801,"X,spliced,unspliced"
1066,11083,GACGGCACGCAGTT,cell_19329,53801,"X,spliced,unspliced"
1067,11089,GACGTCCTTACAGC,cell_19339,53801,"X,spliced,unspliced"
1068,11091,GACGTCCTTCCCGT,cell_19341,53801,"X,spliced,unspliced"
1069,11096,GACTGAACGGAGGT,cell_19348,53801,"X,spliced,unspliced"
1070,11098,GACTGAACTGTCGA,cell_19350,53801,"X,spliced,unspliced"
1071,11108,GAGATAGAAGTCAC,cell_19368,53801,"X,spliced,unspliced"
1072,11119,GAGCAGGAGGTCTA,cell_19382,53801,"X,spliced,unspliced"
1073,11120,GAGCATACAACAGA,cell_19384,53801,"X,spliced,unspliced"
1074,11122,GAGCATACGAGGCA,cell_19389,53801,"X,spliced,unspliced"
1075,11124,GAGCGAGAAAAGCA,cell_19391,53801,"X,spliced,unspliced"
1076,11125,GAGCGCACTTCATC,cell_19394,53801,"X,spliced,unspliced"
1077,11139,GAGGATCTTCCAAG,cell_19416,53801,"X,spliced,unspliced"
1078,11143,GAGGCAGAGGTGAG,cell_19420,53801,"X,spliced,unspliced"
1079,11146,GAGGGATGAGCAAA,cell_19426,53801,"X,spliced,unspliced"
1080,11167,GAGTCTGAGCAAGG,cell_19462,53801,"X,spliced,unspliced"
1081,11179,GAGTTGTGGTCCTC,cell_19479,53801,"X,spliced,unspliced"
1082,11181,GATAATACTGTCCC,cell_19485,53801,"X,spliced,unspliced"
1083,11193,GATATCCTTAGCCA,cell_19511,53801,"X,spliced,unspliced"
1084,11204,GATCGTGAGTCGTA,cell_19533,53801,"X,spliced,unspliced"
1085,11218,GATTCTACAGCATC,cell_19563,53801,"X,spliced,unspliced"
1086,11220,GATTCTTGGAGCTT,cell_19565,53801,"X,spliced,unspliced"
1087,11227,GCAAACTGGCTACA,cell_19580,53801,"X,spliced,unspliced"
1088,11229,GCAACTGACCAATG,cell_19585,53801,"X,spliced,unspliced"
1089,11233,GCAATTCTGAGACG,cell_19594,53801,"X,spliced,unspliced"
1090,11242,GCACCACTAGCAAA,cell_19605,53801,"X,spliced,unspliced"
1091,11243,GCACCACTGGGTGA,cell_19606,53801,"X,spliced,unspliced"
1092,11246,GCACCTTGGTCACA,cell_19610,53801,"X,spliced,unspliced"
1093,11247,GCACGGACGTTGAC,cell_19611,53801,"X,spliced,unspliced"
1094,11248,GCACGGTGCTCGCT,cell_19613,53801,"X,spliced,unspliced"
1095,11251,GCACGTCTTTGTGG,cell_19617,53801,"X,spliced,unspliced"
1096,11254,GCACTGCTGCTGAT,cell_19621,53801,"X,spliced,unspliced"
1097,11255,GCAGATACAGAAGT,cell_19622,53801,"X,spliced,unspliced"
1098,11260,GCAGCGTGTCTTAC,cell_19629,53801,"X,spliced,unspliced"
1099,11262,GCAGCTCTCCTTGC,cell_19632,53801,"X,spliced,unspliced"
1100,11263,GCAGGCACTGCTTT,cell_19635,53801,"X,spliced,unspliced"
1101,11265,GCAGTCCTGAGGAC,cell_19640,53801,"X,spliced,unspliced"
1102,11268,GCAGTTGATGGCAT,cell_19644,53801,"X,spliced,unspliced"
1103,11271,GCATCAGATATTCC,cell_19647,53801,"X,spliced,unspliced"
1104,11299,GCCGACGACGCATA,cell_19698,53801,"X,spliced,unspliced"
1105,11300,GCCGACGAGTTGGT,cell_19699,53801,"X,spliced,unspliced"
1106,11309,GCCGTACTGAGGTG,cell_19714,53801,"X,spliced,unspliced"
1107,11315,GCCTAGCTGACGTT,cell_19724,53801,"X,spliced,unspliced"
1108,11328,GCGAGAGAATGGTC,cell_19742,53801,"X,spliced,unspliced"
1109,11331,GCGCACGAAAGCCT,cell_19748,53801,"X,spliced,unspliced"
1110,11334,GCGCATCTCTTGTT,cell_19757,53801,"X,spliced,unspliced"
1111,11340,GCGCGAACGCTTCC,cell_19763,53801,"X,spliced,unspliced"
1112,11344,GCGGCAACTCCTTA,cell_19772,53801,"X,spliced,unspliced"
1113,11346,GCGTAAACACACGT,cell_19777,53801,"X,spliced,unspliced"
1114,11347,GCGTAATGCTTGTT,cell_19780,53801,"X,spliced,unspliced"
1115,11365,GCTAGAACAAGCCT,cell_19804,53801,"X,spliced,unspliced"
1116,11381,GCTCGACTTTCAGG,cell_19825,53801,"X,spliced,unspliced"
1117,11392,GGAACTTGTTGTCT,cell_19844,53801,"X,spliced,unspliced"
1118,11403,GGACATTGAGCCTA,cell_19861,53801,"X,spliced,unspliced"
1119,11409,GGACCTCTATGGTC,cell_19872,53801,"X,spliced,unspliced"
1120,11412,GGACGAGATTACCT,cell_19880,53801,"X,spliced,unspliced"
1121,11416,GGACGCTGGCTGAT,cell_19884,53801,"X,spliced,unspliced"
1122,11417,GGACGCTGTGACAC,cell_19885,53801,"X,spliced,unspliced"
1123,11437,GGAGGTGATCTCTA,cell_19915,53801,"X,spliced,unspliced"
1124,11441,GGAGTTTGGTTACG,cell_19920,53801,"X,spliced,unspliced"
1125,11447,GGATTTCTGCAGAG,cell_19935,53801,"X,spliced,unspliced"
1126,11451,GGCAAGGAGGATTC,cell_19940,53801,"X,spliced,unspliced"
1127,11457,GGCACGTGTGGCAT,cell_19949,53801,"X,spliced,unspliced"
1128,11464,GGCCAGACAGATCC,cell_19965,53801,"X,spliced,unspliced"
1129,11470,GGCCCAGATGTCTT,cell_19972,53801,"X,spliced,unspliced"
1130,11472,GGCCGATGAGTCAC,cell_19977,53801,"X,spliced,unspliced"
1131,11486,GGGAAGACATCTTC,cell_20006,53801,"X,spliced,unspliced"
1132,11500,GGGATGGACCTACC,cell_20025,53801,"X,spliced,unspliced"
1133,11511,GGGCCATGCGTAAC,cell_20042,53801,"X,spliced,unspliced"
1134,11518,GGGTAACTGCATCA,cell_20049,53801,"X,spliced,unspliced"
1135,11523,GGGTTATGGGAACG,cell_20054,53801,"X,spliced,unspliced"
1136,11547,GGTCTAGATGACTG,cell_20088,53801,"X,spliced,unspliced"
1137,11566,GTAATATGTCGCAA,cell_20117,53801,"X,spliced,unspliced"
1138,11577,GTACGTGACGATAC,cell_20131,53801,"X,spliced,unspliced"
1139,11585,GTACTTTGGTGTCA,cell_20141,53801,"X,spliced,unspliced"
1140,11586,GTAGACTGCTTCCG,cell_20143,53801,"X,spliced,unspliced"
1141,11610,GTATCTACTGGTAC,cell_20180,53801,"X,spliced,unspliced"
1142,11612,GTATTAGACGTAAC,cell_20183,53801,"X,spliced,unspliced"
1143,11618,GTCAACGACACAAC,cell_20191,53801,"X,spliced,unspliced"
1144,11628,GTCACCTGTAGTCG,cell_20206,53801,"X,spliced,unspliced"
1145,11629,GTCATACTAGTGTC,cell_20207,53801,"X,spliced,unspliced"
1146,11630,GTCATACTTCGTGA,cell_20208,53801,"X,spliced,unspliced"
1147,11640,GTCCCATGACTCAG,cell_20221,53801,"X,spliced,unspliced"
1148,11644,GTCCCATGGGTTAC,cell_20226,53801,"X,spliced,unspliced"
1149,11649,GTCGACCTATGACC,cell_20232,53801,"X,spliced,unspliced"
1150,11650,GTCGACCTTTCACT,cell_20234,53801,"X,spliced,unspliced"
1151,11653,GTCGCACTTACGAC,cell_20240,53801,"X,spliced,unspliced"
1152,11672,GTGAGGGATGTCAG,cell_20270,53801,"X,spliced,unspliced"
1153,11682,GTGATGACGAACCT,cell_20287,53801,"X,spliced,unspliced"
1154,11690,GTGCCACTATGGTC,cell_20297,53801,"X,spliced,unspliced"
1155,11707,GTGTGATGCGTTAG,cell_20322,53801,"X,spliced,unspliced"
1156,11709,GTTAAAACATGTCG,cell_20326,53801,"X,spliced,unspliced"
1157,11711,GTTAAATGGCTGAT,cell_20331,53801,"X,spliced,unspliced"
1158,11715,GTTACGGAATGCCA,cell_20338,53801,"X,spliced,unspliced"
1159,11720,GTTACTACGTAAAG,cell_20344,53801,"X,spliced,unspliced"
1160,11721,GTTACTACTGAGGG,cell_20345,53801,"X,spliced,unspliced"
1161,11722,GTTAGGTGTGACTG,cell_20346,53801,"X,spliced,unspliced"
1162,11732,GTTCAACTCAGATC,cell_20364,53801,"X,spliced,unspliced"
1163,11733,GTTCAACTTAAGGA,cell_20365,53801,"X,spliced,unspliced"
1164,11734,GTTCAACTTACAGC,cell_20366,53801,"X,spliced,unspliced"
1165,11738,GTTCATACTTGCTT,cell_20375,53801,"X,spliced,unspliced"
1166,11741,GTTGAGTGCCACAA,cell_20378,53801,"X,spliced,unspliced"
1167,11742,GTTGATCTTATGCG,cell_20381,53801,"X,spliced,unspliced"
1168,11760,TAAAGTTGTTTACC,cell_20403,53801,"X,spliced,unspliced"
1169,11767,TAACACCTAACCTG,cell_20414,53801,"X,spliced,unspliced"
1170,11779,TAACTCACCCGTTC,cell_20435,53801,"X,spliced,unspliced"
1171,11782,TAAGAACTCCACCT,cell_20439,53801,"X,spliced,unspliced"
1172,11786,TAAGATACGGAAAT,cell_20446,53801,"X,spliced,unspliced"
1173,11797,TAAGTAACGTTGCA,cell_20465,53801,"X,spliced,unspliced"
1174,11808,TAATGAACGGTAGG,cell_20477,53801,"X,spliced,unspliced"
1175,11823,TACATAGACGAACT,cell_20501,53801,"X,spliced,unspliced"
1176,11825,TACCATTGAAGGCG,cell_20503,53801,"X,spliced,unspliced"
1177,11848,TACGATCTCCGATA,cell_20538,53801,"X,spliced,unspliced"
1178,11852,TACGCAGATTCCGC,cell_20546,53801,"X,spliced,unspliced"
1179,11853,TACGCGCTATTCTC,cell_20547,53801,"X,spliced,unspliced"
1180,11859,TACGGAACGTTCGA,cell_20556,53801,"X,spliced,unspliced"
1181,11867,TACGTTACGTCTAG,cell_20567,53801,"X,spliced,unspliced"
1182,11875,TACTACTGCTTCGC,cell_20577,53801,"X,spliced,unspliced"
1183,11884,TAGAAACTCGGAGA,cell_20597,53801,"X,spliced,unspliced"
1184,11887,TAGAATTGACACTG,cell_20601,53801,"X,spliced,unspliced"
1185,11888,TAGAATTGATTTCC,cell_20602,53801,"X,spliced,unspliced"
1186,11896,TAGATCCTCTGTGA,cell_20617,53801,"X,spliced,unspliced"
1187,11897,TAGATCCTTTACCT,cell_20620,53801,"X,spliced,unspliced"
1188,11903,TAGCCCACCTAGTG,cell_20629,53801,"X,spliced,unspliced"
1189,11909,TAGCCGCTACCTGA,cell_20636,53801,"X,spliced,unspliced"
1190,11941,TAGTAATGGTTAGC,cell_20685,53801,"X,spliced,unspliced"
1191,11959,TAGTTGCTAACGTC,cell_20718,53801,"X,spliced,unspliced"
1192,11969,TATAAGTGCCAAGT,cell_20730,53801,"X,spliced,unspliced"
1193,11973,TATACCACCCTTCG,cell_20736,53801,"X,spliced,unspliced"
1194,11988,TATCAGCTCTTGCC,cell_20756,53801,"X,spliced,unspliced"
1195,11991,TATCCTGAAAGGGC,cell_20761,53801,"X,spliced,unspliced"
1196,12000,TATCGTACTCCAGA,cell_20773,53801,"X,spliced,unspliced"
1197,12002,TATCTGACGGCGAA,cell_20775,53801,"X,spliced,unspliced"
1198,12012,TATGGGTGATGCTG,cell_20793,53801,"X,spliced,unspliced"
1199,12015,TATGTCACAAGAGT,cell_20800,53801,"X,spliced,unspliced"
1200,12016,TATGTCACATTCCT,cell_20801,53801,"X,spliced,unspliced"
1201,12019,TATGTCTGACCAGT,cell_20805,53801,"X,spliced,unspliced"
1202,12020,TATGTCTGATACCG,cell_20807,53801,"X,spliced,unspliced"
1203,12033,TCAAGTCTTCCTAT,cell_20828,53801,"X,spliced,unspliced"
1204,12034,TCAAGTCTTGCATG,cell_20829,53801,"X,spliced,unspliced"
1205,12039,TCAATCACATGACC,cell_20835,53801,"X,spliced,unspliced"
1206,12041,TCACAACTGTCCTC,cell_20839,53801,"X,spliced,unspliced"
1207,12045,TCACATACGCATAC,cell_20845,53801,"X,spliced,unspliced"
1208,12049,TCACCCGACCAGTA,cell_20851,53801,"X,spliced,unspliced"
1209,12051,TCACCCGATTCATC,cell_20853,53801,"X,spliced,unspliced"
1210,12053,TCACCGTGCTGTGA,cell_20855,53801,"X,spliced,unspliced"
1211,12054,TCACCGTGGGTAGG,cell_20856,53801,"X,spliced,unspliced"
1212,12058,TCACGAGAGGATTC,cell_20861,53801,"X,spliced,unspliced"
1213,12061,TCAGACGACATTGG,cell_20867,53801,"X,spliced,unspliced"
1214,12079,TCATTCGACCTACC,cell_20902,53801,"X,spliced,unspliced"
1215,12091,TCCAGAGAGAATCC,cell_20919,53801,"X,spliced,unspliced"
1216,12092,TCCAGAGATGACCA,cell_20921,53801,"X,spliced,unspliced"
1217,12108,TCCCTACTGGGCAA,cell_20946,53801,"X,spliced,unspliced"
1218,12110,TCCGAGCTACTCTT,cell_20950,53801,"X,spliced,unspliced"
1219,12118,TCCGGACTTGCGTA,cell_20961,53801,"X,spliced,unspliced"
1220,12119,TCCTAAACGTAAAG,cell_20963,53801,"X,spliced,unspliced"
1221,12121,TCCTATGAACCTAG,cell_20969,53801,"X,spliced,unspliced"
1222,12130,TCGATACTCCCAAA,cell_20983,53801,"X,spliced,unspliced"
1223,12141,TCGGACCTAGGTTC,cell_21000,53801,"X,spliced,unspliced"
1224,12146,TCGTAGGAGGTTCA,cell_21009,53801,"X,spliced,unspliced"
1225,12154,TCTAACACGGATTC,cell_21022,53801,"X,spliced,unspliced"
1226,12157,TCTAAGCTCTTCTA,cell_21025,53801,"X,spliced,unspliced"
1227,12158,TCTAAGCTGCAGAG,cell_21026,53801,"X,spliced,unspliced"
1228,12168,TCTCAAACAGTAGA,cell_21040,53801,"X,spliced,unspliced"
1229,12182,TCTTACGAAACCTG,cell_21060,53801,"X,spliced,unspliced"
1230,12187,TGAAATTGAGAATG,cell_21068,53801,"X,spliced,unspliced"
1231,12195,TGAAGCTGACACCA,cell_21078,53801,"X,spliced,unspliced"
1232,12196,TGAAGCTGGATAGA,cell_21079,53801,"X,spliced,unspliced"
1233,12198,TGACACGAACTAGC,cell_21084,53801,"X,spliced,unspliced"
1234,12211,TGAGACACCTAGCA,cell_21106,53801,"X,spliced,unspliced"
1235,12212,TGAGACACGCCCTT,cell_21107,53801,"X,spliced,unspliced"
1236,12214,TGAGCAACACCTGA,cell_21110,53801,"X,spliced,unspliced"
1237,12215,TGAGCAACACGGAG,cell_21111,53801,"X,spliced,unspliced"
1238,12222,TGAGGACTCCCACT,cell_21120,53801,"X,spliced,unspliced"
1239,12226,TGAGGTACAGTGCT,cell_21125,53801,"X,spliced,unspliced"
1240,12229,TGAGGTACTGTTTC,cell_21128,53801,"X,spliced,unspliced"
1241,12233,TGAGTCGATCCTTA,cell_21132,53801,"X,spliced,unspliced"
1242,12235,TGAGTGACTCTCGC,cell_21135,53801,"X,spliced,unspliced"
1243,12238,TGATAAACAATGCC,cell_21138,53801,"X,spliced,unspliced"
1244,12245,TGATTAGACATGAC,cell_21149,53801,"X,spliced,unspliced"
1245,12249,TGATTCACTAACCG,cell_21155,53801,"X,spliced,unspliced"
1246,12262,TGCAAGACCGGGAA,cell_21169,53801,"X,spliced,unspliced"
1247,12263,TGCAAGACGTATGC,cell_21170,53801,"X,spliced,unspliced"
1248,12269,TGCAGATGCTCCCA,cell_21186,53801,"X,spliced,unspliced"
1249,12273,TGCATGGATTCCGC,cell_21193,53801,"X,spliced,unspliced"
1250,12277,TGCCAGCTCTCTCG,cell_21203,53801,"X,spliced,unspliced"
1251,12288,TGCGCACTCCCTTG,cell_21222,53801,"X,spliced,unspliced"
1252,12294,TGCTGAGACTTATC,cell_21232,53801,"X,spliced,unspliced"
1253,12297,TGGAAAGAAGTTCG,cell_21237,53801,"X,spliced,unspliced"
1254,12312,TGGACTGAATAAGG,cell_21259,53801,"X,spliced,unspliced"
1255,12317,TGGAGGGACAGAGG,cell_21264,53801,"X,spliced,unspliced"
1256,12323,TGGATGACGAGACG,cell_21270,53801,"X,spliced,unspliced"
1257,12325,TGGATGTGAGAATG,cell_21273,53801,"X,spliced,unspliced"
1258,12331,TGGTACGACCTCAC,cell_21284,53801,"X,spliced,unspliced"
1259,12350,TGTATCTGGCGATT,cell_21327,53801,"X,spliced,unspliced"
1260,12361,TGTGAGTGCATGAC,cell_21345,53801,"X,spliced,unspliced"
1261,12366,TGTGATCTGTACAC,cell_21351,53801,"X,spliced,unspliced"
1262,12371,TTAACCACCCTCAC,cell_21361,53801,"X,spliced,unspliced"
1263,12372,TTAACCACCTCTTA,cell_21362,53801,"X,spliced,unspliced"
1264,12374,TTACACACGTACAC,cell_21366,53801,"X,spliced,unspliced"
1265,12375,TTACACACTCCTAT,cell_21367,53801,"X,spliced,unspliced"
1266,12387,TTACTCGAAGCTAC,cell_21386,53801,"X,spliced,unspliced"
1267,12391,TTAGAATGGGTATC,cell_21390,53801,"X,spliced,unspliced"
1268,12404,TTAGTCTGACACCA,cell_21409,53801,"X,spliced,unspliced"
1269,12407,TTATCCGACTTGGA,cell_21415,53801,"X,spliced,unspliced"
1270,12426,TTCACAACTTGCTT,cell_21444,53801,"X,spliced,unspliced"
1271,12434,TTCAGTACGGTAAA,cell_21457,53801,"X,spliced,unspliced"
1272,12439,TTCATCGACCTACC,cell_21462,53801,"X,spliced,unspliced"
1273,12440,TTCATGACCCATGA,cell_21464,53801,"X,spliced,unspliced"
1274,12445,TTCATGTGGACGAG,cell_21473,53801,"X,spliced,unspliced"
1275,12446,TTCATGTGTTCGCC,cell_21474,53801,"X,spliced,unspliced"
1276,12452,TTCCATGATCGTAG,cell_21486,53801,"X,spliced,unspliced"
1277,12460,TTCGAGGATCCTAT,cell_21500,53801,"X,spliced,unspliced"
1278,12463,TTCGGAGACATGCA,cell_21510,53801,"X,spliced,unspliced"
1279,12472,TTCTACGAGCTCCT,cell_21520,53801,"X,spliced,unspliced"
1280,12477,TTCTGATGAACGAA,cell_21530,53801,"X,spliced,unspliced"
1281,12489,TTGAGGTGACCCTC,cell_21544,53801,"X,spliced,unspliced"
1282,12504,TTGCTATGTAGCGT,cell_21562,53801,"X,spliced,unspliced"
1283,12507,TTGGAGACAGAGAT,cell_21567,53801,"X,spliced,unspliced"
1284,12514,TTGGGAACCGAGTT,cell_21576,53801,"X,spliced,unspliced"
1285,12515,TTGGGAACGGTTAC,cell_21577,53801,"X,spliced,unspliced"
1286,12516,TTGGTACTAGCCTA,cell_21578,53801,"X,spliced,unspliced"
1287,12519,TTGTCATGAGCGTT,cell_21583,53801,"X,spliced,unspliced"
1288,12529,TTTCACGAGGCATT,cell_21602,53801,"X,spliced,unspliced"
1289,12536,TTTCCAGACAGTTG,cell_21611,53801,"X,spliced,unspliced"
1290,12542,TTTCTACTACACGT,cell_21622,53801,"X,spliced,unspliced"
1291,12543,TTTCTACTCACTAG,cell_21623,53801,"X,spliced,unspliced"
1292,12552,AAACATTGGCCAAT,cell_21640,53801,"X,spliced,unspliced"
1293,12561,AAACGGCTTACAGC,cell_21657,53801,"X,spliced,unspliced"
1294,12567,AAAGAGACGTCTTT,cell_21668,53801,"X,spliced,unspliced"
1295,12573,AAAGCAGACGCATA,cell_21675,53801,"X,spliced,unspliced"
1296,12574,AAAGCAGACTAGAC,cell_21676,53801,"X,spliced,unspliced"
1297,12575,AAAGCAGAGGTTTG,cell_21677,53801,"X,spliced,unspliced"
1298,12587,AAATCCCTTCACCC,cell_21698,53801,"X,spliced,unspliced"
1299,12594,AAATTCGATGCTGA,cell_21709,53801,"X,spliced,unspliced"
1300,12595,AAATTCGATTCTCA,cell_21710,53801,"X,spliced,unspliced"
1301,12596,AAATTGACAGGGTG,cell_21711,53801,"X,spliced,unspliced"
1302,12601,AACAAACTTACAGC,cell_21718,53801,"X,spliced,unspliced"
1303,12616,AACATTGAACTCAG,cell_21741,53801,"X,spliced,unspliced"
1304,12627,AACCGCCTAAGTAG,cell_21762,53801,"X,spliced,unspliced"
1305,12629,AACCTTACGAGAGC,cell_21765,53801,"X,spliced,unspliced"
1306,12630,AACCTTACGCCATA,cell_21766,53801,"X,spliced,unspliced"
1307,12632,AACCTTTGGAGCAG,cell_21770,53801,"X,spliced,unspliced"
1308,12634,AACGCAACTGACCA,cell_21773,53801,"X,spliced,unspliced"
1309,12641,AACGCCCTTTAGGC,cell_21780,53801,"X,spliced,unspliced"
1310,12646,AACGTGTGCCTCGT,cell_21791,53801,"X,spliced,unspliced"
1311,12648,AACGTTCTTATCGG,cell_21794,53801,"X,spliced,unspliced"
1312,12673,AAGAATCTCTGATG,cell_21827,53801,"X,spliced,unspliced"
1313,12675,AAGACAGAGGACTT,cell_21833,53801,"X,spliced,unspliced"
1314,12678,AAGAGATGTCGCTC,cell_21838,53801,"X,spliced,unspliced"
1315,12695,AAGCGACTAGAGGC,cell_21869,53801,"X,spliced,unspliced"
1316,12703,AAGGTCACGGTTCA,cell_21883,53801,"X,spliced,unspliced"
1317,12705,AAGGTGCTAGCGTT,cell_21886,53801,"X,spliced,unspliced"
1318,12709,AAGGTGCTTTCTCA,cell_21891,53801,"X,spliced,unspliced"
1319,12716,AAGTCTCTAGCGGA,cell_21906,53801,"X,spliced,unspliced"
1320,12724,AAGTTCCTAAAGTG,cell_21920,53801,"X,spliced,unspliced"
1321,12730,AATACCCTGAAACA,cell_21933,53801,"X,spliced,unspliced"
1322,12731,AATACTGACATGGT,cell_21937,53801,"X,spliced,unspliced"
1323,12743,AATCCTTGCTTGGA,cell_21962,53801,"X,spliced,unspliced"
1324,12750,AATCGGTGTTCTAC,cell_21971,53801,"X,spliced,unspliced"
1325,12760,AATCTCTGTTCCCG,cell_21992,53801,"X,spliced,unspliced"
1326,12763,AATGATACCCTGTC,cell_21997,53801,"X,spliced,unspliced"
1327,12765,AATGCGTGCCCTAC,cell_22002,53801,"X,spliced,unspliced"
1328,12772,AATGGCTGCTTAGG,cell_22013,53801,"X,spliced,unspliced"
1329,12773,AATGGCTGGCTAAC,cell_22014,53801,"X,spliced,unspliced"
1330,12774,AATGGCTGGGTTAC,cell_22015,53801,"X,spliced,unspliced"
1331,12775,AATGGCTGTCAAGC,cell_22016,53801,"X,spliced,unspliced"
1332,12780,AATGTAACGGAGCA,cell_22021,53801,"X,spliced,unspliced"
1333,12798,AATTCCTGTGCCTC,cell_22044,53801,"X,spliced,unspliced"
1334,12799,AATTCCTGTGTGCA,cell_22045,53801,"X,spliced,unspliced"
1335,12803,AATTGATGTTCTGT,cell_22052,53801,"X,spliced,unspliced"
1336,12805,AATTGTGACGAGAG,cell_22054,53801,"X,spliced,unspliced"
1337,12810,ACAAAGGACACACA,cell_22059,53801,"X,spliced,unspliced"
1338,12815,ACAACCGACTATGG,cell_22067,53801,"X,spliced,unspliced"
1339,12820,ACAAGAGAGAATCC,cell_22072,53801,"X,spliced,unspliced"
1340,12826,ACACAGACAAGTAG,cell_22079,53801,"X,spliced,unspliced"
1341,12828,ACACAGACCTGACA,cell_22081,53801,"X,spliced,unspliced"
1342,12840,ACACCCTGTGTGCA,cell_22099,53801,"X,spliced,unspliced"
1343,12841,ACACGAACAGTTCG,cell_22100,53801,"X,spliced,unspliced"
1344,12849,ACAGACACACGCAT,cell_22111,53801,"X,spliced,unspliced"
1345,12852,ACAGCAACGAGCAG,cell_22117,53801,"X,spliced,unspliced"
1346,12853,ACAGGTACACGACT,cell_22121,53801,"X,spliced,unspliced"
1347,12865,ACAGTGTGGTTCTT,cell_22138,53801,"X,spliced,unspliced"
1348,12872,ACATCACTCATGAC,cell_22153,53801,"X,spliced,unspliced"
1349,12883,ACCACGCTCATTGG,cell_22172,53801,"X,spliced,unspliced"
1350,12888,ACCAGTGACCAATG,cell_22180,53801,"X,spliced,unspliced"
1351,12910,ACCCTCGATGTGCA,cell_22215,53801,"X,spliced,unspliced"
1352,12920,ACCGTGCTAAACAG,cell_22227,53801,"X,spliced,unspliced"
1353,12925,ACCTCCGAAGGTCT,cell_22237,53801,"X,spliced,unspliced"
1354,12928,ACCTCCGAGCCATA,cell_22241,53801,"X,spliced,unspliced"
1355,12931,ACCTCGTGATGGTC,cell_22244,53801,"X,spliced,unspliced"
1356,12945,ACCTTTGAGCTATG,cell_22260,53801,"X,spliced,unspliced"
1357,12949,ACGAACTGGCCAAT,cell_22268,53801,"X,spliced,unspliced"
1358,12956,ACGACCCTACCTCC,cell_22277,53801,"X,spliced,unspliced"
1359,12957,ACGACCCTCACACA,cell_22278,53801,"X,spliced,unspliced"
1360,12964,ACGAGTACCTTCCG,cell_22291,53801,"X,spliced,unspliced"
1361,12968,ACGATCGACTCATT,cell_22297,53801,"X,spliced,unspliced"
1363,12980,ACGCCACTATGTCG,cell_22323,53801,"X,spliced,unspliced"
1364,13000,ACGGAGGATTCCAT,cell_22351,53801,"X,spliced,unspliced"
1365,13002,ACGGCGTGCCAACA,cell_22354,53801,"X,spliced,unspliced"
1366,13010,ACGGTAACTGAGGG,cell_22364,53801,"X,spliced,unspliced"
1367,13019,ACGTCAGAACTCTT,cell_22378,53801,"X,spliced,unspliced"
1368,13022,ACGTCCTGCTCAGA,cell_22384,53801,"X,spliced,unspliced"
1369,13029,ACGTTGGAAACAGA,cell_22395,53801,"X,spliced,unspliced"
1370,13032,ACGTTTACCTATGG,cell_22404,53801,"X,spliced,unspliced"
1371,13046,ACTCCCGATGTTTC,cell_22432,53801,"X,spliced,unspliced"
1372,13049,ACTCCTCTTACGCA,cell_22437,53801,"X,spliced,unspliced"
1373,13055,ACTCGCACGAGAGC,cell_22449,53801,"X,spliced,unspliced"
1374,13057,ACTCTATGTAGCGT,cell_22451,53801,"X,spliced,unspliced"
1375,13058,ACTCTATGTCGTTT,cell_22452,53801,"X,spliced,unspliced"
1376,13068,ACTGAGACGGATCT,cell_22466,53801,"X,spliced,unspliced"
1377,13072,ACTGGCCTGTTTGG,cell_22472,53801,"X,spliced,unspliced"
1378,13081,ACTTAAGAAAGCCT,cell_22482,53801,"X,spliced,unspliced"
1379,13096,ACTTCCCTGGTGGA,cell_22507,53801,"X,spliced,unspliced"
1380,13106,AGAAACGATAACGC,cell_22530,53801,"X,spliced,unspliced"
1381,13110,AGAAAGTGGTCATG,cell_22534,53801,"X,spliced,unspliced"
1382,13121,AGAATACTGTGTAC,cell_22553,53801,"X,spliced,unspliced"
1383,13128,AGACACACTCGCAA,cell_22564,53801,"X,spliced,unspliced"
1384,13138,AGACTGACCTAGCA,cell_22584,53801,"X,spliced,unspliced"
1385,13140,AGACTGACTTCCGC,cell_22587,53801,"X,spliced,unspliced"
1386,13141,AGACTTCTATTGGC,cell_22588,53801,"X,spliced,unspliced"
1387,13143,AGACTTCTTGCTTT,cell_22591,53801,"X,spliced,unspliced"
1388,13158,AGAGTCTGAACGTC,cell_22618,53801,"X,spliced,unspliced"
1389,13166,AGATCTCTCCTTGC,cell_22632,53801,"X,spliced,unspliced"
1390,13181,AGCACAACCGAGAG,cell_22656,53801,"X,spliced,unspliced"
1391,13186,AGCATCGAAAGTGA,cell_22662,53801,"X,spliced,unspliced"
1392,13196,AGCATTCTGAGGTG,cell_22674,53801,"X,spliced,unspliced"
1393,13203,AGCCGGACGTCTTT,cell_22685,53801,"X,spliced,unspliced"
1394,13206,AGCCGGTGTAACCG,cell_22689,53801,"X,spliced,unspliced"
1395,13213,AGCCTCACGAGGGT,cell_22699,53801,"X,spliced,unspliced"
1396,13215,AGCCTCTGAGTCGT,cell_22702,53801,"X,spliced,unspliced"
1397,13229,AGCGGGCTTTTCGT,cell_22729,53801,"X,spliced,unspliced"
1398,13232,AGCGTAACGTGTAC,cell_22732,53801,"X,spliced,unspliced"
1399,13233,AGCTCGCTGAGGTG,cell_22735,53801,"X,spliced,unspliced"
1400,13250,AGGAACCTCCACCT,cell_22762,53801,"X,spliced,unspliced"
1401,13251,AGGAATGAACCCAA,cell_22764,53801,"X,spliced,unspliced"
1402,13258,AGGACTTGCTATGG,cell_22773,53801,"X,spliced,unspliced"
1403,13262,AGGAGTCTCTTGGA,cell_22780,53801,"X,spliced,unspliced"
1404,13263,AGGAGTCTGGTGAG,cell_22781,53801,"X,spliced,unspliced"
1405,13264,AGGAGTCTTTATCC,cell_22782,53801,"X,spliced,unspliced"
1406,13265,AGGATAGAAGTGCT,cell_22783,53801,"X,spliced,unspliced"
1407,13273,AGGCCTCTAGTGTC,cell_22796,53801,"X,spliced,unspliced"
1408,13274,AGGCTAACGAATAG,cell_22799,53801,"X,spliced,unspliced"
1409,13284,AGGGCCACGCGAGA,cell_22814,53801,"X,spliced,unspliced"
1410,13290,AGGGCGCTAGGAGC,cell_22821,53801,"X,spliced,unspliced"
1411,13295,AGGGTTTGAGTGCT,cell_22829,53801,"X,spliced,unspliced"
1412,13297,AGGGTTTGTTGACG,cell_22833,53801,"X,spliced,unspliced"
1413,13328,AGTAATACCGGGAA,cell_22880,53801,"X,spliced,unspliced"
1414,13330,AGTAATACTAAGCC,cell_22884,53801,"X,spliced,unspliced"
1415,13356,AGTCGAACCAGAAA,cell_22922,53801,"X,spliced,unspliced"
1416,13357,AGTCGAACCGCATA,cell_22923,53801,"X,spliced,unspliced"
1417,13358,AGTCGAACCGGTAT,cell_22924,53801,"X,spliced,unspliced"
1418,13361,AGTCGAACTGCCTC,cell_22928,53801,"X,spliced,unspliced"
1419,13365,AGTCTTACGCGAAG,cell_22936,53801,"X,spliced,unspliced"
1420,13369,AGTGACACCTTCGC,cell_22942,53801,"X,spliced,unspliced"
1421,13372,AGTGACTGTCGCCT,cell_22950,53801,"X,spliced,unspliced"
1422,13384,AGTTATGAAAGGGC,cell_22968,53801,"X,spliced,unspliced"
1423,13386,AGTTCTACGAGCTT,cell_22975,53801,"X,spliced,unspliced"
1424,13395,AGTTTAGACACCAA,cell_22987,53801,"X,spliced,unspliced"
1425,13398,ATAACAACAGGTTC,cell_22999,53801,"X,spliced,unspliced"
1426,13400,ATAAGTACACTAGC,cell_23004,53801,"X,spliced,unspliced"
1427,13404,ATAATCGAGGACGA,cell_23009,53801,"X,spliced,unspliced"
1428,13406,ATAATGACCTCGCT,cell_23011,53801,"X,spliced,unspliced"
1429,13408,ATAATGACGCTTAG,cell_23014,53801,"X,spliced,unspliced"
1430,13412,ATACAATGTGACAC,cell_23018,53801,"X,spliced,unspliced"
1431,13414,ATACACCTCAGTTG,cell_23020,53801,"X,spliced,unspliced"
1432,13429,ATAGATACCCTTCG,cell_23052,53801,"X,spliced,unspliced"
1433,13443,ATAGTTGATGGTGT,cell_23083,53801,"X,spliced,unspliced"
1434,13447,ATATACGATGCACA,cell_23088,53801,"X,spliced,unspliced"
1435,13474,ATCAGGTGCTTTAC,cell_23130,53801,"X,spliced,unspliced"
1436,13475,ATCAGGTGGAGGGT,cell_23131,53801,"X,spliced,unspliced"
1437,13476,ATCAGGTGGCAGAG,cell_23132,53801,"X,spliced,unspliced"
1438,13477,ATCAGGTGGCATAC,cell_23133,53801,"X,spliced,unspliced"
1439,13489,ATCCATACTACTCT,cell_23156,53801,"X,spliced,unspliced"
1440,13507,ATCGGTGATTGAGC,cell_23191,53801,"X,spliced,unspliced"
1441,13512,ATCTCAACCGCATA,cell_23201,53801,"X,spliced,unspliced"
1442,13521,ATCTTTCTAAGTAG,cell_23220,53801,"X,spliced,unspliced"
1443,13522,ATCTTTCTCTACCC,cell_23221,53801,"X,spliced,unspliced"
1444,13551,ATGCGCCTGCTACA,cell_23276,53801,"X,spliced,unspliced"
1445,13560,ATGGTGACGCGAAG,cell_23290,53801,"X,spliced,unspliced"
1446,13573,ATGTTCACGTGCAT,cell_23308,53801,"X,spliced,unspliced"
1447,13582,ATTACCACCATCAG,cell_23322,53801,"X,spliced,unspliced"
1448,13587,ATTACCTGGAAGGC,cell_23327,53801,"X,spliced,unspliced"
1449,13589,ATTAGATGACCCAA,cell_23330,53801,"X,spliced,unspliced"
1450,13590,ATTAGATGACCCTC,cell_23331,53801,"X,spliced,unspliced"
1451,13592,ATTAGATGGCATAC,cell_23333,53801,"X,spliced,unspliced"
1452,13594,ATTAGTGAGGACAG,cell_23337,53801,"X,spliced,unspliced"
1453,13595,ATTAGTGAGTAAGA,cell_23338,53801,"X,spliced,unspliced"
1454,13605,ATTCAGCTAAGGGC,cell_23356,53801,"X,spliced,unspliced"
1455,13615,ATTCTGACAGCACT,cell_23373,53801,"X,spliced,unspliced"
1456,13616,ATTCTGACCATGGT,cell_23374,53801,"X,spliced,unspliced"
1457,13627,ATTGCTACGGGTGA,cell_23391,53801,"X,spliced,unspliced"
1458,13633,ATTGTAGAATCACG,cell_23401,53801,"X,spliced,unspliced"
1459,13635,ATTGTAGACTGAAC,cell_23403,53801,"X,spliced,unspliced"
1460,13641,ATTTCCGATTATCC,cell_23414,53801,"X,spliced,unspliced"
1461,13652,CAAAGCACCGTTGA,cell_23429,53801,"X,spliced,unspliced"
1462,13653,CAAAGCACTCCGAA,cell_23430,53801,"X,spliced,unspliced"
1463,13664,CAACGAACGTCTTT,cell_23450,53801,"X,spliced,unspliced"
1464,13668,CAACGTGATTCGTT,cell_23462,53801,"X,spliced,unspliced"
1465,13676,CAAGACTGCATGGT,cell_23475,53801,"X,spliced,unspliced"
1466,13680,CAAGCATGACCAAC,cell_23479,53801,"X,spliced,unspliced"
1467,13689,CAAGGACTACCATG,cell_23493,53801,"X,spliced,unspliced"
1468,13695,CAAGTCGATACGCA,cell_23508,53801,"X,spliced,unspliced"
1469,13696,CAAGTCGATCTTCA,cell_23511,53801,"X,spliced,unspliced"
1470,13701,CAAGTTCTTCCAGA,cell_23519,53801,"X,spliced,unspliced"
1471,13709,CAATAATGTATGCG,cell_23529,53801,"X,spliced,unspliced"
1472,13730,CACAATCTGACGGA,cell_23561,53801,"X,spliced,unspliced"
1473,13745,CACAGCCTACTGTG,cell_23578,53801,"X,spliced,unspliced"
1474,13747,CACAGTGAACCTAG,cell_23582,53801,"X,spliced,unspliced"
1475,13749,CACATGGAACGCAT,cell_23585,53801,"X,spliced,unspliced"
1476,13754,CACCGGGAGAGACG,cell_23597,53801,"X,spliced,unspliced"
1477,13760,CACCGTTGACGACT,cell_23603,53801,"X,spliced,unspliced"
1478,13768,CACGACCTGGCATT,cell_23622,53801,"X,spliced,unspliced"
1479,13769,CACGATGACTGAGT,cell_23623,53801,"X,spliced,unspliced"
1480,13771,CACGCTACGTGCTA,cell_23625,53801,"X,spliced,unspliced"
1481,13781,CACGGGTGTGCTCC,cell_23641,53801,"X,spliced,unspliced"
1482,13791,CACTCTCTCTGTCC,cell_23658,53801,"X,spliced,unspliced"
1483,13808,CACTTATGACGGAG,cell_23681,53801,"X,spliced,unspliced"
1484,13825,CAGACCCTTGCCCT,cell_23708,53801,"X,spliced,unspliced"
1485,13855,CAGCGTCTCTTCCG,cell_23750,53801,"X,spliced,unspliced"
1486,13856,CAGCGTCTGGATCT,cell_23751,53801,"X,spliced,unspliced"
1487,13861,CAGCTCTGCTGACA,cell_23759,53801,"X,spliced,unspliced"
1488,13878,CAGTTGGACGAACT,cell_23790,53801,"X,spliced,unspliced"
1489,13882,CAGTTTACTGCTTT,cell_23798,53801,"X,spliced,unspliced"
1490,13885,CATAAATGACACCA,cell_23802,53801,"X,spliced,unspliced"
1491,13886,CATAACCTAGAGTA,cell_23806,53801,"X,spliced,unspliced"
1492,13916,CATGAGACCACTCC,cell_23856,53801,"X,spliced,unspliced"
1493,13918,CATGAGACCTACGA,cell_23858,53801,"X,spliced,unspliced"
1494,13919,CATGAGACGTTAGC,cell_23859,53801,"X,spliced,unspliced"
1495,13929,CATGTTTGTCTAGG,cell_23879,53801,"X,spliced,unspliced"
1496,13930,CATTACACGCTGAT,cell_23882,53801,"X,spliced,unspliced"
1497,13931,CATTAGCTAAACGA,cell_23884,53801,"X,spliced,unspliced"
1498,13934,CATTAGCTCTGCAA,cell_23887,53801,"X,spliced,unspliced"
1499,13944,CATTGTACCCGTTC,cell_23902,53801,"X,spliced,unspliced"
1500,13945,CATTGTACTGTGCA,cell_23905,53801,"X,spliced,unspliced"
1501,13955,CATTTGACCTTGTT,cell_23920,53801,"X,spliced,unspliced"
1502,13965,CCAAGATGTCTATC,cell_23936,53801,"X,spliced,unspliced"
1503,13970,CCAATGGAACGTGT,cell_23942,53801,"X,spliced,unspliced"
1504,13971,CCAATGGACCAACA,cell_23944,53801,"X,spliced,unspliced"
1505,13976,CCACCATGTACTCT,cell_23953,53801,"X,spliced,unspliced"
1506,13993,CCAGAAACGAACCT,cell_23981,53801,"X,spliced,unspliced"
1507,13999,CCAGATGAGTTAGC,cell_23993,53801,"X,spliced,unspliced"
1508,14004,CCAGCGGAACTCAG,cell_24001,53801,"X,spliced,unspliced"
1509,14014,CCAGGTCTCAAAGA,cell_24012,53801,"X,spliced,unspliced"
1510,14034,CCATGCTGACTCAG,cell_24044,53801,"X,spliced,unspliced"
1511,14036,CCATGCTGCTTATC,cell_24046,53801,"X,spliced,unspliced"
1512,14038,CCATTAACTAGCCA,cell_24049,53801,"X,spliced,unspliced"
1513,14044,CCCAACACTTCTGT,cell_24056,53801,"X,spliced,unspliced"
1514,14045,CCCAACTGCCATGA,cell_24057,53801,"X,spliced,unspliced"
1515,14050,CCCAGACTGGGAGT,cell_24069,53801,"X,spliced,unspliced"
1516,14051,CCCAGTTGTCACCC,cell_24071,53801,"X,spliced,unspliced"
1517,14056,CCCATCGAGTACGT,cell_24076,53801,"X,spliced,unspliced"
1518,14060,CCCGAACTCAAGCT,cell_24084,53801,"X,spliced,unspliced"
1519,14065,CCCGATTGATCTCT,cell_24092,53801,"X,spliced,unspliced"
1520,14073,CCCTGATGTTACTC,cell_24114,53801,"X,spliced,unspliced"
1521,14080,CCGACTACGCAGTT,cell_24129,53801,"X,spliced,unspliced"
1522,14097,CCTAAACTAGCGGA,cell_24157,53801,"X,spliced,unspliced"
1523,14100,CCTAAGGAACGGTT,cell_24162,53801,"X,spliced,unspliced"
1524,14101,CCTAAGGATGCCTC,cell_24163,53801,"X,spliced,unspliced"
1525,14109,CCTATAACTTCGTT,cell_24171,53801,"X,spliced,unspliced"
1526,14112,CCTCATCTACTGGT,cell_24176,53801,"X,spliced,unspliced"
1527,14140,CGAAGTACCTATGG,cell_24225,53801,"X,spliced,unspliced"
1528,14158,CGACCGGAGCGTAT,cell_24248,53801,"X,spliced,unspliced"
1529,14163,CGACTCTGTCAGTG,cell_24264,53801,"X,spliced,unspliced"
1530,14170,CGAGCCGAGGTGGA,cell_24281,53801,"X,spliced,unspliced"
1531,14180,CGAGGAGAGTTTCT,cell_24294,53801,"X,spliced,unspliced"
1532,14183,CGAGGCTGCATCAG,cell_24301,53801,"X,spliced,unspliced"
1533,14195,CGATCAGACTGCAA,cell_24327,53801,"X,spliced,unspliced"
1534,14204,CGCAACCTGTCGTA,cell_24341,53801,"X,spliced,unspliced"
1535,14206,CGCACGGATCCGAA,cell_24343,53801,"X,spliced,unspliced"
1536,14213,CGCACTTGCGTAAC,cell_24353,53801,"X,spliced,unspliced"
1537,14220,CGCATAGATTGTGG,cell_24368,53801,"X,spliced,unspliced"
1538,14232,CGCTACACGCCAAT,cell_24395,53801,"X,spliced,unspliced"
1539,14234,CGCTACTGCTGGTA,cell_24397,53801,"X,spliced,unspliced"
1540,14247,CGGAGGCTTCAGAC,cell_24419,53801,"X,spliced,unspliced"
1541,14256,CGGCACGACCGTTC,cell_24432,53801,"X,spliced,unspliced"
1542,14257,CGGCACGAGGTAAA,cell_24433,53801,"X,spliced,unspliced"
1543,14262,CGGCATCTGGTAAA,cell_24440,53801,"X,spliced,unspliced"
1544,14268,CGGCGAACACGGGA,cell_24449,53801,"X,spliced,unspliced"
1545,14276,CGGTACCTTCGTGA,cell_24469,53801,"X,spliced,unspliced"
1546,14280,CGTACAGATTCACT,cell_24481,53801,"X,spliced,unspliced"
1547,14282,CGTACCACGAGACG,cell_24483,53801,"X,spliced,unspliced"
1548,14293,CGTCAAGAGTCTTT,cell_24497,53801,"X,spliced,unspliced"
1549,14297,CGTCCAACCCACCT,cell_24501,53801,"X,spliced,unspliced"
1550,14302,CGTGAAACGATACC,cell_24509,53801,"X,spliced,unspliced"
1551,14305,CGTGAATGGGTAAA,cell_24515,53801,"X,spliced,unspliced"
1552,14307,CGTGATGACTCGAA,cell_24517,53801,"X,spliced,unspliced"
1553,14315,CGTTAGGACGCATA,cell_24530,53801,"X,spliced,unspliced"
1554,14317,CGTTATACTTTGGG,cell_24534,53801,"X,spliced,unspliced"
1555,14318,CGTTTAACATCGAC,cell_24535,53801,"X,spliced,unspliced"
1556,14319,CGTTTAACGAAACA,cell_24537,53801,"X,spliced,unspliced"
1557,14325,CTAACGGAAGAGGC,cell_24548,53801,"X,spliced,unspliced"
1558,14332,CTAATAGATGGTGT,cell_24562,53801,"X,spliced,unspliced"
1559,14339,CTACCTCTGAGAGC,cell_24569,53801,"X,spliced,unspliced"
1560,14340,CTACGCACACGGAG,cell_24570,53801,"X,spliced,unspliced"
1561,14341,CTACGCACCTCCAC,cell_24572,53801,"X,spliced,unspliced"
1562,14356,CTAGGATGCCTGTC,cell_24594,53801,"X,spliced,unspliced"
1563,14375,CTATCAACAGGTCT,cell_24628,53801,"X,spliced,unspliced"
1564,14378,CTATCAACTCGCCT,cell_24632,53801,"X,spliced,unspliced"
1565,14381,CTATCCCTAACGTC,cell_24635,53801,"X,spliced,unspliced"
1566,14393,CTATGTTGCCAACA,cell_24648,53801,"X,spliced,unspliced"
1567,14394,CTATGTTGTCTTAC,cell_24649,53801,"X,spliced,unspliced"
1568,14404,CTCAGAGACTGCTC,cell_24666,53801,"X,spliced,unspliced"
1569,14406,CTCAGCACAGAGTA,cell_24668,53801,"X,spliced,unspliced"
1570,14411,CTCAGGCTCTAGAC,cell_24675,53801,"X,spliced,unspliced"
1571,14414,CTCCACGACGGTAT,cell_24681,53801,"X,spliced,unspliced"
1572,14433,CTCGACTGGACAAA,cell_24711,53801,"X,spliced,unspliced"
1573,14440,CTCGAGCTCTGTAG,cell_24719,53801,"X,spliced,unspliced"
1574,14447,CTCTAAACCCGCTT,cell_24727,53801,"X,spliced,unspliced"
1575,14456,CTGAATCTTGGTCA,cell_24745,53801,"X,spliced,unspliced"
1576,14458,CTGACCACCCTTGC,cell_24752,53801,"X,spliced,unspliced"
1577,14468,CTGATACTTTGCAG,cell_24769,53801,"X,spliced,unspliced"
1578,14494,CTGGCACTTATCGG,cell_24808,53801,"X,spliced,unspliced"
1579,14508,CTTACAACGACGGA,cell_24830,53801,"X,spliced,unspliced"
1580,14512,CTTACATGTGCTTT,cell_24834,53801,"X,spliced,unspliced"
1581,14516,CTTAGACTGCTAAC,cell_24842,53801,"X,spliced,unspliced"
1582,14519,CTTAGGGAGGTGAG,cell_24846,53801,"X,spliced,unspliced"
1583,14534,CTTGAGGAATCGAC,cell_24870,53801,"X,spliced,unspliced"
1584,14546,CTTTAGTGGTTCTT,cell_24889,53801,"X,spliced,unspliced"
1585,14555,GAAAGATGAAGAAC,cell_24904,53801,"X,spliced,unspliced"
1586,14566,GAACAGCTGGGACA,cell_24924,53801,"X,spliced,unspliced"
1587,14567,GAACAGCTTCTCGC,cell_24925,53801,"X,spliced,unspliced"
1588,14576,GAACGTTGGTGTAC,cell_24939,53801,"X,spliced,unspliced"
1589,14607,GAATGCTGGCTGAT,cell_24994,53801,"X,spliced,unspliced"
1590,14613,GAATTAACTGCCCT,cell_25003,53801,"X,spliced,unspliced"
1591,14625,GACATTCTGGAACG,cell_25024,53801,"X,spliced,unspliced"
1592,14639,GACGATTGCTAAGC,cell_25048,53801,"X,spliced,unspliced"
1593,14646,GACGCTCTTTGCAG,cell_25057,53801,"X,spliced,unspliced"
1594,14651,GACGTAACGGATCT,cell_25065,53801,"X,spliced,unspliced"
1595,14654,GACGTATGCCCACT,cell_25068,53801,"X,spliced,unspliced"
1596,14662,GACTACGAAATCGC,cell_25078,53801,"X,spliced,unspliced"
1597,14670,GACTGTGAGCAGTT,cell_25091,53801,"X,spliced,unspliced"
1598,14673,GACTTTACGGCAAG,cell_25096,53801,"X,spliced,unspliced"
1599,14684,GAGATGCTATACCG,cell_25114,53801,"X,spliced,unspliced"
1600,14690,GAGCGAGAACCTTT,cell_25130,53801,"X,spliced,unspliced"
1601,14697,GAGCGCTGTCTACT,cell_25144,53801,"X,spliced,unspliced"
1602,14698,GAGCGGCTCTGACA,cell_25146,53801,"X,spliced,unspliced"
1603,14710,GAGGGAACCCTTCG,cell_25168,53801,"X,spliced,unspliced"
1604,14714,GAGGGCCTTGCCAA,cell_25175,53801,"X,spliced,unspliced"
1605,14726,GAGTAAGACTGAGT,cell_25196,53801,"X,spliced,unspliced"
1606,14727,GAGTAAGACTGCTC,cell_25197,53801,"X,spliced,unspliced"
1607,14730,GAGTCAACGAGGGT,cell_25207,53801,"X,spliced,unspliced"
1608,14734,GAGTCTGATGAGGG,cell_25211,53801,"X,spliced,unspliced"
1609,14738,GAGTGACTGTCTGA,cell_25219,53801,"X,spliced,unspliced"
1610,14740,GAGTGGGACGACAT,cell_25222,53801,"X,spliced,unspliced"
1611,14741,GAGTGGGAGGACTT,cell_25223,53801,"X,spliced,unspliced"
1612,14748,GATAAGGAACGTGT,cell_25233,53801,"X,spliced,unspliced"
1613,14753,GATAATACGACGAG,cell_25239,53801,"X,spliced,unspliced"
1614,14768,GATCCCTGCCGATA,cell_25267,53801,"X,spliced,unspliced"
1615,14769,GATCCCTGGAGGGT,cell_25268,53801,"X,spliced,unspliced"
1616,14778,GATCGTGAGGGAGT,cell_25282,53801,"X,spliced,unspliced"
1617,14781,GATCTACTTAACGC,cell_25287,53801,"X,spliced,unspliced"
1618,14796,GATGCCCTGCCCTT,cell_25311,53801,"X,spliced,unspliced"
1619,14800,GATTCTTGGATAGA,cell_25322,53801,"X,spliced,unspliced"
1620,14807,GATTTAGATCTCAT,cell_25338,53801,"X,spliced,unspliced"
1621,14819,GCAATTCTCACACA,cell_25366,53801,"X,spliced,unspliced"
1622,14837,GCACGGACCTCATT,cell_25390,53801,"X,spliced,unspliced"
1623,14838,GCACGGACGCGTAT,cell_25392,53801,"X,spliced,unspliced"
1624,14843,GCACGTCTCCCTTG,cell_25401,53801,"X,spliced,unspliced"
1625,14857,GCAGCTCTAGCGGA,cell_25418,53801,"X,spliced,unspliced"
1626,14860,GCAGGCACCTACTT,cell_25425,53801,"X,spliced,unspliced"
1627,14862,GCAGGGCTATCTCT,cell_25429,53801,"X,spliced,unspliced"
1628,14867,GCATTGGAAGAGGC,cell_25449,53801,"X,spliced,unspliced"
1629,14872,GCCAACCTGCTGAT,cell_25465,53801,"X,spliced,unspliced"
1630,14879,GCCATCACAGCACT,cell_25473,53801,"X,spliced,unspliced"
1631,14881,GCCATCACTCCCAC,cell_25476,53801,"X,spliced,unspliced"
1632,14889,GCCCAACTGCGTTA,cell_25488,53801,"X,spliced,unspliced"
1633,14899,GCCGGAACATCACG,cell_25500,53801,"X,spliced,unspliced"
1634,14901,GCCGGAACTTTGTC,cell_25505,53801,"X,spliced,unspliced"
1635,14904,GCCTACACGCTGAT,cell_25511,53801,"X,spliced,unspliced"
1636,14907,GCCTAGCTTAACGC,cell_25514,53801,"X,spliced,unspliced"
1637,14909,GCCTCAACAAAGTG,cell_25516,53801,"X,spliced,unspliced"
1638,14914,GCCTCATGGTGCAT,cell_25524,53801,"X,spliced,unspliced"
1639,14915,GCCTGACTCACTAG,cell_25527,53801,"X,spliced,unspliced"
1640,14922,GCGAGAGACCTCAC,cell_25540,53801,"X,spliced,unspliced"
1641,14927,GCGATATGCAAGCT,cell_25551,53801,"X,spliced,unspliced"
1642,14935,GCGCGAACTTCGGA,cell_25566,53801,"X,spliced,unspliced"
1643,14941,GCGGCAACGGTGTT,cell_25579,53801,"X,spliced,unspliced"
1644,14944,GCGGGACTTAAGGA,cell_25584,53801,"X,spliced,unspliced"
1645,14945,GCGGGACTTGGAAA,cell_25586,53801,"X,spliced,unspliced"
1646,14946,GCGGGACTTTACTC,cell_25587,53801,"X,spliced,unspliced"
1647,14949,GCGTAATGGGGACA,cell_25595,53801,"X,spliced,unspliced"
1648,14951,GCGTAATGGTAGCT,cell_25597,53801,"X,spliced,unspliced"
1649,14959,GCTACCTGTGCCCT,cell_25613,53801,"X,spliced,unspliced"
1650,14960,GCTACGCTGGGTGA,cell_25614,53801,"X,spliced,unspliced"
1651,14970,GCTCACTGCGCATA,cell_25633,53801,"X,spliced,unspliced"
1652,14974,GCTCGACTACTTTC,cell_25641,53801,"X,spliced,unspliced"
1653,14995,GGAAGGACGGTACT,cell_25677,53801,"X,spliced,unspliced"
1654,15014,GGACCGTGGAAAGT,cell_25709,53801,"X,spliced,unspliced"
1655,15015,GGACCGTGTGAAGA,cell_25710,53801,"X,spliced,unspliced"
1656,15018,GGACGCACCAGATC,cell_25719,53801,"X,spliced,unspliced"
1657,15027,GGAGACGAGCTAAC,cell_25734,53801,"X,spliced,unspliced"
1658,15029,GGAGACGATTGCAG,cell_25737,53801,"X,spliced,unspliced"
1659,15056,GGATACTGTGATGC,cell_25777,53801,"X,spliced,unspliced"
1660,15067,GGATTGTGGCGAAG,cell_25795,53801,"X,spliced,unspliced"
1661,15069,GGATTGTGTCTTCA,cell_25797,53801,"X,spliced,unspliced"
1662,15070,GGATTTCTGCGAGA,cell_25799,53801,"X,spliced,unspliced"
1663,15088,GGCATATGTCCCGT,cell_25828,53801,"X,spliced,unspliced"
1664,15096,GGCCAGACGCCTTC,cell_25841,53801,"X,spliced,unspliced"
1665,15100,GGCCCAGAGGTACT,cell_25848,53801,"X,spliced,unspliced"
1666,15119,GGCTACCTATGGTC,cell_25880,53801,"X,spliced,unspliced"
1667,15124,GGGAAGTGGCCCTT,cell_25891,53801,"X,spliced,unspliced"
1668,15132,GGGATTACAGTAGA,cell_25904,53801,"X,spliced,unspliced"
1669,15146,GGGCCATGTGGTGT,cell_25932,53801,"X,spliced,unspliced"
1670,15152,GGTAAAGACATGGT,cell_25939,53801,"X,spliced,unspliced"
1671,15153,GGTAAAGAGCTAAC,cell_25940,53801,"X,spliced,unspliced"
1672,15158,GGTACATGCTACCC,cell_25952,53801,"X,spliced,unspliced"
1673,15159,GGTACATGTCCCAC,cell_25954,53801,"X,spliced,unspliced"
1674,15170,GGTATGACAGTCGT,cell_25970,53801,"X,spliced,unspliced"
1675,15177,GGTTGAACACGCTA,cell_25979,53801,"X,spliced,unspliced"
1676,15179,GGTTGAACCTCAAG,cell_25981,53801,"X,spliced,unspliced"
1677,15180,GGTTTACTAGAAGT,cell_25985,53801,"X,spliced,unspliced"
1678,15181,GGTTTACTAGCAAA,cell_25986,53801,"X,spliced,unspliced"
1679,15182,GGTTTACTATCGTG,cell_25987,53801,"X,spliced,unspliced"
1680,15187,GTAAGCTGATCGGT,cell_25998,53801,"X,spliced,unspliced"
1681,15191,GTAATAACAGATCC,cell_26002,53801,"X,spliced,unspliced"
1682,15192,GTAATAACCCTCAC,cell_26003,53801,"X,spliced,unspliced"
1683,15198,GTACAGTGGCAGTT,cell_26013,53801,"X,spliced,unspliced"
1684,15208,GTACTTTGTGCTTT,cell_26030,53801,"X,spliced,unspliced"
1685,15214,GTAGCATGCTAAGC,cell_26040,53801,"X,spliced,unspliced"
1686,15217,GTAGCCCTATTCGG,cell_26044,53801,"X,spliced,unspliced"
1687,15219,GTAGCCCTTAACGC,cell_26047,53801,"X,spliced,unspliced"
1688,15221,GTAGCTGAGAACTC,cell_26051,53801,"X,spliced,unspliced"
1689,15225,GTAGTCGATCGTTT,cell_26060,53801,"X,spliced,unspliced"
1690,15227,GTAGTGTGGTATGC,cell_26063,53801,"X,spliced,unspliced"
1691,15234,GTATGGTGAGTCGT,cell_26077,53801,"X,spliced,unspliced"
1692,15237,GTATTAGATTCTCA,cell_26081,53801,"X,spliced,unspliced"
1693,15249,GTCAATCTTCACCC,cell_26098,53801,"X,spliced,unspliced"
1694,15257,GTCACCTGGTTGCA,cell_26108,53801,"X,spliced,unspliced"
1695,15258,GTCACCTGTGTTTC,cell_26109,53801,"X,spliced,unspliced"
1696,15271,GTCCCATGCCCTAC,cell_26134,53801,"X,spliced,unspliced"
1697,15274,GTCGAATGAGGTTC,cell_26137,53801,"X,spliced,unspliced"
1698,15286,GTCTGAGATCGCCT,cell_26160,53801,"X,spliced,unspliced"
1699,15289,GTGAACACGACGAG,cell_26163,53801,"X,spliced,unspliced"
1700,15291,GTGAACACTGCCCT,cell_26165,53801,"X,spliced,unspliced"
1701,15293,GTGACAACGAGATA,cell_26170,53801,"X,spliced,unspliced"
1702,15296,GTGACCCTGTCTGA,cell_26175,53801,"X,spliced,unspliced"
1703,15297,GTGAGGGAGCTGTA,cell_26177,53801,"X,spliced,unspliced"
1704,15298,GTGATCGACCCTTG,cell_26178,53801,"X,spliced,unspliced"
1705,15299,GTGATCGATAACCG,cell_26179,53801,"X,spliced,unspliced"
1706,15304,GTGCAAACACGTTG,cell_26188,53801,"X,spliced,unspliced"
1707,15306,GTGCCACTCTCCCA,cell_26194,53801,"X,spliced,unspliced"
1708,15311,GTGGATTGGCGGAA,cell_26205,53801,"X,spliced,unspliced"
1709,15314,GTGTACGAGGACTT,cell_26210,53801,"X,spliced,unspliced"
1710,15320,GTGTCAGAAAGCCT,cell_26219,53801,"X,spliced,unspliced"
1711,15321,GTGTCAGAGTTGCA,cell_26221,53801,"X,spliced,unspliced"
1712,15322,GTGTCAGATTACTC,cell_26223,53801,"X,spliced,unspliced"
1713,15374,TAAATCGACCTATT,cell_26314,53801,"X,spliced,unspliced"
1714,15384,TAACGTCTATGGTC,cell_26335,53801,"X,spliced,unspliced"
1715,15388,TAACTCACCATTGG,cell_26342,53801,"X,spliced,unspliced"
1716,15389,TAACTCACGGGAGT,cell_26344,53801,"X,spliced,unspliced"
1717,15390,TAACTCACGTGAGG,cell_26345,53801,"X,spliced,unspliced"
1718,15401,TAAGCGTGATCGAC,cell_26364,53801,"X,spliced,unspliced"
1719,15411,TAAGGGCTACCAGT,cell_26379,53801,"X,spliced,unspliced"
1720,15423,TAATCGCTCTCATT,cell_26395,53801,"X,spliced,unspliced"
1721,15427,TAATGAACGCTGTA,cell_26400,53801,"X,spliced,unspliced"
1722,15430,TAATGTGATGCACA,cell_26407,53801,"X,spliced,unspliced"
1723,15439,TACACACTACTACG,cell_26420,53801,"X,spliced,unspliced"
1724,15441,TACATCACCTGTCC,cell_26427,53801,"X,spliced,unspliced"
1725,15444,TACATCACTGTGGT,cell_26430,53801,"X,spliced,unspliced"
1726,15451,TACCGCTGTCCGAA,cell_26442,53801,"X,spliced,unspliced"
1727,15458,TACGATCTAGCACT,cell_26455,53801,"X,spliced,unspliced"
1728,15464,TACGCCACTAGAGA,cell_26467,53801,"X,spliced,unspliced"
1729,15478,TACTACTGGCCTTC,cell_26495,53801,"X,spliced,unspliced"
1730,15493,TACTTGACAGCGTT,cell_26522,53801,"X,spliced,unspliced"
1731,15501,TAGAATTGCCAGTA,cell_26534,53801,"X,spliced,unspliced"
1732,15504,TAGAGCACAAGCAA,cell_26545,53801,"X,spliced,unspliced"
1733,15511,TAGCATCTACCTTT,cell_26557,53801,"X,spliced,unspliced"
1734,15516,TAGCCCACCTCGAA,cell_26565,53801,"X,spliced,unspliced"
1735,15517,TAGCCCTGACACCA,cell_26568,53801,"X,spliced,unspliced"
1736,15525,TAGGAGCTGCGTAT,cell_26582,53801,"X,spliced,unspliced"
1737,15534,TAGGCTGACTACTT,cell_26594,53801,"X,spliced,unspliced"
1738,15536,TAGGCTGACTATGG,cell_26596,53801,"X,spliced,unspliced"
1739,15542,TAGGTCGAATGACC,cell_26603,53801,"X,spliced,unspliced"
1740,15543,TAGGTCGACGTAAC,cell_26604,53801,"X,spliced,unspliced"
1741,15544,TAGGTCGAGATAAG,cell_26605,53801,"X,spliced,unspliced"
1742,15566,TAGTATGACCTACC,cell_26637,53801,"X,spliced,unspliced"
1743,15569,TAGTATGAGTCCTC,cell_26640,53801,"X,spliced,unspliced"
1744,15579,TAGTTCACTTTGTC,cell_26658,53801,"X,spliced,unspliced"
1745,15585,TATAAGTGCACTTT,cell_26667,53801,"X,spliced,unspliced"
1746,15604,TATCAGCTTGCTCC,cell_26697,53801,"X,spliced,unspliced"
1747,15607,TATCCTGACGAGAG,cell_26702,53801,"X,spliced,unspliced"
1748,15608,TATCCTGACTACTT,cell_26703,53801,"X,spliced,unspliced"
1749,15631,TATGGGTGTGACCA,cell_26737,53801,"X,spliced,unspliced"
1750,15632,TATGGTCTACTACG,cell_26738,53801,"X,spliced,unspliced"
1751,15641,TATGTCTGTCGCCT,cell_26752,53801,"X,spliced,unspliced"
1752,15653,TCAAGGTGCTCAGA,cell_26775,53801,"X,spliced,unspliced"
1753,15660,TCAATCACCTGTGA,cell_26787,53801,"X,spliced,unspliced"
1754,15666,TCACCCGACGATAC,cell_26795,53801,"X,spliced,unspliced"
1755,15679,TCACTATGGTTCGA,cell_26811,53801,"X,spliced,unspliced"
1756,15697,TCAGTGGACTGCAA,cell_26836,53801,"X,spliced,unspliced"
1757,15698,TCAGTGGAGAGCAG,cell_26837,53801,"X,spliced,unspliced"
1758,15708,TCATCATGTTCGTT,cell_26857,53801,"X,spliced,unspliced"
1759,15716,TCATTCGATCTAGG,cell_26870,53801,"X,spliced,unspliced"
1760,15724,TCCAGAGACCCACT,cell_26885,53801,"X,spliced,unspliced"
1761,15726,TCCATCCTATTGGC,cell_26890,53801,"X,spliced,unspliced"
1762,15732,TCCCACGAGCAGTT,cell_26898,53801,"X,spliced,unspliced"
1763,15740,TCCCGATGTAAGGA,cell_26916,53801,"X,spliced,unspliced"
1764,15758,TCCTAAACCTTGGA,cell_26939,53801,"X,spliced,unspliced"
1765,15763,TCCTATGATCCCGT,cell_26948,53801,"X,spliced,unspliced"
1766,15774,TCGAGAACGGACGA,cell_26964,53801,"X,spliced,unspliced"
1767,15776,TCGAGCCTACTACG,cell_26967,53801,"X,spliced,unspliced"
1768,15784,TCGCACTGTCTCGC,cell_26988,53801,"X,spliced,unspliced"
1769,15831,TCTGATACCTGAAC,cell_27062,53801,"X,spliced,unspliced"
1770,15836,TCTTGATGGTCTTT,cell_27070,53801,"X,spliced,unspliced"
1771,15838,TGAAATTGTGTCCC,cell_27073,53801,"X,spliced,unspliced"
1772,15840,TGAAGCTGGTAAAG,cell_27080,53801,"X,spliced,unspliced"
1773,15842,TGAATAACCTGGTA,cell_27085,53801,"X,spliced,unspliced"
1774,15843,TGAATAACCTTATC,cell_27086,53801,"X,spliced,unspliced"
1775,15857,TGACCGCTTAAAGG,cell_27103,53801,"X,spliced,unspliced"
1776,15864,TGACTTACGTATGC,cell_27117,53801,"X,spliced,unspliced"
1777,15866,TGAGACACTTCTCA,cell_27123,53801,"X,spliced,unspliced"
1778,15885,TGATCGGAACCATG,cell_27160,53801,"X,spliced,unspliced"
1779,15888,TGATTAGAAACGTC,cell_27164,53801,"X,spliced,unspliced"
1780,15889,TGATTAGAGAAACA,cell_27168,53801,"X,spliced,unspliced"
1781,15892,TGATTCTGGCTCCT,cell_27175,53801,"X,spliced,unspliced"
1782,15902,TGCACAGATTGAGC,cell_27192,53801,"X,spliced,unspliced"
1783,15916,TGCCCAACCTAGAC,cell_27215,53801,"X,spliced,unspliced"
1784,15923,TGCGAAACAGACTC,cell_27222,53801,"X,spliced,unspliced"
1785,15928,TGCGTAGAAACAGA,cell_27227,53801,"X,spliced,unspliced"
1786,15951,TGGAGGGAAGTCAC,cell_27274,53801,"X,spliced,unspliced"
1787,15964,TGGTACGACAGGAG,cell_27300,53801,"X,spliced,unspliced"
1788,15976,TGGTTACTTCCTTA,cell_27320,53801,"X,spliced,unspliced"
1789,15982,TGTAACCTCTGGTA,cell_27328,53801,"X,spliced,unspliced"
1790,15984,TGTAATGATGAGCT,cell_27332,53801,"X,spliced,unspliced"
1791,15990,TGTAGGTGATACCG,cell_27342,53801,"X,spliced,unspliced"
1792,15998,TGTATGCTAGTGTC,cell_27354,53801,"X,spliced,unspliced"
1793,16012,TGTGAGTGAGGTTC,cell_27373,53801,"X,spliced,unspliced"
1794,16029,TTAACCACTTAGGC,cell_27403,53801,"X,spliced,unspliced"
1795,16039,TTACTCGAAGGAGC,cell_27418,53801,"X,spliced,unspliced"
1796,16047,TTAGGGACGTCTAG,cell_27433,53801,"X,spliced,unspliced"
1797,16064,TTATTCCTTCCTCG,cell_27468,53801,"X,spliced,unspliced"
1798,16067,TTCAAAGACTCGAA,cell_27474,53801,"X,spliced,unspliced"
1799,16088,TTCATGTGCTAAGC,cell_27514,53801,"X,spliced,unspliced"
1800,16089,TTCATGTGCTACTT,cell_27515,53801,"X,spliced,unspliced"
1801,16090,TTCATGTGGCGTAT,cell_27517,53801,"X,spliced,unspliced"
1802,16100,TTCCTAGATACGAC,cell_27534,53801,"X,spliced,unspliced"
1803,16101,TTCGAGGATCTGGA,cell_27540,53801,"X,spliced,unspliced"
1804,16104,TTCGATTGCCGTTC,cell_27544,53801,"X,spliced,unspliced"
1805,16113,TTCTAGTGAGATGA,cell_27563,53801,"X,spliced,unspliced"
1806,16119,TTCTTACTCCAGTA,cell_27576,53801,"X,spliced,unspliced"
1807,16143,TTGCTAACCACTGA,cell_27613,53801,"X,spliced,unspliced"
1808,16146,TTGCTATGTACTGG,cell_27618,53801,"X,spliced,unspliced"
1809,16150,TTGGAGACGTGCTA,cell_27623,53801,"X,spliced,unspliced"
1810,16158,TTGGGAACCTTACT,cell_27634,53801,"X,spliced,unspliced"
1811,16161,TTGTACACGTGAGG,cell_27642,53801,"X,spliced,unspliced"
1812,16166,TTGTCATGAGTAGA,cell_27649,53801,"X,spliced,unspliced"
1813,16169,TTGTCATGGGTTAC,cell_27654,53801,"X,spliced,unspliced"
1814,16176,TTTAGCTGGGTTAC,cell_27663,53801,"X,spliced,unspliced"
1815,16184,TTTCAGTGACTCAG,cell_27678,53801,"X,spliced,unspliced"
1816,16192,TTTCTACTGACGGA,cell_27689,53801,"X,spliced,unspliced"
1817,16199,TTTGCATGTCCAGA,cell_27703,53801,"X,spliced,unspliced"
1818,16247,ACACAGACCGCAAT,cell_27786,53801,"X,spliced,unspliced"
1819,16265,ACCTGGCTTATTCC,cell_27813,53801,"X,spliced,unspliced"
1820,16301,ACTGCCTGGCATAC,cell_27862,53801,"X,spliced,unspliced"
1821,16370,AGTCCAGACTGACA,cell_27969,53801,"X,spliced,unspliced"
1822,16431,ATGGGTACAGCGTT,cell_28051,53801,"X,spliced,unspliced"
1823,16439,ATTACCTGCCTACC,cell_28062,53801,"X,spliced,unspliced"
1824,16486,CACTAACTTCTTCA,cell_28141,53801,"X,spliced,unspliced"
1825,16544,CCAGACCTCACACA,cell_28220,53801,"X,spliced,unspliced"
1826,16567,CCGACTACCAGAGG,cell_28248,53801,"X,spliced,unspliced"
1827,16733,GCAACTGATGCTGA,cell_28530,53801,"X,spliced,unspliced"
1828,16833,GTATGGTGCGAGAG,cell_28684,53801,"X,spliced,unspliced"
1829,16837,GTCAACGAGCCATA,cell_28692,53801,"X,spliced,unspliced"
1830,16900,TAGTCTTGCGGGAA,cell_28796,53801,"X,spliced,unspliced"
1831,16939,TCGAATCTCTCGCT,cell_28859,53801,"X,spliced,unspliced"
1832,17026,TTGATCTGGGGTGA,cell_28992,53801,"X,spliced,unspliced"
1833,17028,TTGCTAACAACCAC,cell_28996,53801,"X,spliced,unspliced"
1834,17057,AACCCAGAACAGTC,cell_29049,53801,"X,spliced,unspliced"
1835,17090,AATAAGCTCCCAAA,cell_29094,53801,"X,spliced,unspliced"
1836,17128,ACACGATGTGACCA,cell_29140,53801,"X,spliced,unspliced"
1837,17144,ACCACAGACATTCT,cell_29163,53801,"X,spliced,unspliced"
1838,17209,AGAGTCTGGGTGGA,cell_29268,53801,"X,spliced,unspliced"
1839,17247,AGGGACGAGAGAGC,cell_29320,53801,"X,spliced,unspliced"
1840,17303,ATATGAACCTTACT,cell_29401,53801,"X,spliced,unspliced"
1841,17356,ATTTCCGAGTCTAG,cell_29480,53801,"X,spliced,unspliced"
1842,17406,CAGCCTACCCAGTA,cell_29562,53801,"X,spliced,unspliced"
1843,17447,CCAAAGTGTACTCT,cell_29624,53801,"X,spliced,unspliced"
1844,17560,CTAGAGACACCCTC,cell_29800,53801,"X,spliced,unspliced"
1845,17598,CTGGCACTTCAGGT,cell_29857,53801,"X,spliced,unspliced"
1846,17665,GAGGTGGAAGCATC,cell_29967,53801,"X,spliced,unspliced"
1847,17688,GATCCGCTTGAGAA,cell_30001,53801,"X,spliced,unspliced"
1848,17706,GCACAATGCTGGTA,cell_30024,53801,"X,spliced,unspliced"
1849,17729,GCCCATACCGTCTC,cell_30052,53801,"X,spliced,unspliced"
1850,17778,GGAGTTTGCCACCT,cell_30117,53801,"X,spliced,unspliced"
1851,17780,GGAGTTTGGCATCA,cell_30119,53801,"X,spliced,unspliced"
1852,17803,GGGCAAGAGGGATG,cell_30152,53801,"X,spliced,unspliced"
1853,17839,GTCGAATGCAGAGG,cell_30202,53801,"X,spliced,unspliced"
1854,17871,GTTGACGAGGGATG,cell_30249,53801,"X,spliced,unspliced"
1855,17872,GTTGATCTCGTAAC,cell_30252,53801,"X,spliced,unspliced"
1856,17929,TAGATCCTGTCATG,cell_30342,53801,"X,spliced,unspliced"
1857,17992,TCCTATGATAAGGA,cell_30429,53801,"X,spliced,unspliced"
1858,18011,TCTAGACTCGTTAG,cell_30452,53801,"X,spliced,unspliced"
1859,18095,TTCGTATGATGTGC,cell_30596,53801,"X,spliced,unspliced"
1860,18120,AAACATTGTGCTCC,cell_30643,53801,"X,spliced,unspliced"
1861,18122,AAACCGTGGGTAGG,cell_30648,53801,"X,spliced,unspliced"
1862,18127,AAAGACGAGCATCA,cell_30657,53801,"X,spliced,unspliced"
1863,18128,AAAGAGACAACCAC,cell_30663,53801,"X,spliced,unspliced"
1864,18130,AAAGAGACCAGCTA,cell_30665,53801,"X,spliced,unspliced"
1865,18134,AAAGCAGATTGGTG,cell_30675,53801,"X,spliced,unspliced"
1866,18137,AAAGTTTGCCTTAT,cell_30684,53801,"X,spliced,unspliced"
1867,18141,AAATACTGTCCAGA,cell_30692,53801,"X,spliced,unspliced"
1868,18142,AAATACTGTGAGCT,cell_30693,53801,"X,spliced,unspliced"
1869,18153,AACAAACTCTTTAC,cell_30726,53801,"X,spliced,unspliced"
1870,18157,AACACGTGCCTTTA,cell_30732,53801,"X,spliced,unspliced"
1871,18158,AACACGTGTCCGTC,cell_30734,53801,"X,spliced,unspliced"
1872,18176,AACCAGTGGCGAAG,cell_30765,53801,"X,spliced,unspliced"
1873,18179,AACCAGTGTGGTAC,cell_30768,53801,"X,spliced,unspliced"
1874,18180,AACCAGTGTTGCAG,cell_30769,53801,"X,spliced,unspliced"
1875,18182,AACCCAGAGAGGGT,cell_30772,53801,"X,spliced,unspliced"
1876,18189,AACCGATGTAGCGT,cell_30781,53801,"X,spliced,unspliced"
1877,18192,AACCGCCTTAGAGA,cell_30786,53801,"X,spliced,unspliced"
1878,18193,AACCGCCTTGTTTC,cell_30787,53801,"X,spliced,unspliced"
1879,18204,AACGCAACTTTGGG,cell_30809,53801,"X,spliced,unspliced"
1880,18205,AACGCATGGAGATA,cell_30810,53801,"X,spliced,unspliced"
1881,18206,AACGCATGGGCAAG,cell_30811,53801,"X,spliced,unspliced"
1882,18208,AACGCATGTAACCG,cell_30813,53801,"X,spliced,unspliced"
1883,18209,AACGCCCTACACCA,cell_30816,53801,"X,spliced,unspliced"
1884,18218,AACGTTCTCTAGAC,cell_30835,53801,"X,spliced,unspliced"
1885,18221,AACGTTCTTCTCCG,cell_30841,53801,"X,spliced,unspliced"
1886,18227,AACTACCTTTTCTG,cell_30848,53801,"X,spliced,unspliced"
1887,18228,AACTCACTGAGAGC,cell_30849,53801,"X,spliced,unspliced"
1888,18233,AACTCTTGGGAAGC,cell_30859,53801,"X,spliced,unspliced"
1889,18236,AACTTGCTGCTGAT,cell_30865,53801,"X,spliced,unspliced"
1890,18237,AAGAACGAACCTGA,cell_30867,53801,"X,spliced,unspliced"
1891,18238,AAGAAGACCGTAGT,cell_30872,53801,"X,spliced,unspliced"
1892,18239,AAGAAGACCTGGTA,cell_30874,53801,"X,spliced,unspliced"
1893,18243,AAGACAGACCCGTT,cell_30880,53801,"X,spliced,unspliced"
1894,18245,AAGAGATGAAGGTA,cell_30882,53801,"X,spliced,unspliced"
1895,18246,AAGAGATGGAGGCA,cell_30883,53801,"X,spliced,unspliced"
1896,18250,AAGCCAACAAACGA,cell_30895,53801,"X,spliced,unspliced"
1897,18253,AAGCCATGGTAAAG,cell_30901,53801,"X,spliced,unspliced"
1898,18256,AAGCCTGATGCTAG,cell_30905,53801,"X,spliced,unspliced"
1899,18258,AAGCGACTACCACA,cell_30907,53801,"X,spliced,unspliced"
1900,18259,AAGCGACTGAGGTG,cell_30908,53801,"X,spliced,unspliced"
1901,18261,AAGCGTACAGTGCT,cell_30910,53801,"X,spliced,unspliced"
1902,18266,AAGGCTACCTCGAA,cell_30916,53801,"X,spliced,unspliced"
1903,18276,AAGGTGCTACTTTC,cell_30928,53801,"X,spliced,unspliced"
1904,18277,AAGGTGCTAGTAGA,cell_30929,53801,"X,spliced,unspliced"
1905,18278,AAGGTGCTATGACC,cell_30930,53801,"X,spliced,unspliced"
1906,18280,AAGGTGCTCGCCTT,cell_30932,53801,"X,spliced,unspliced"
1907,18283,AAGTAACTGCTCCT,cell_30936,53801,"X,spliced,unspliced"
1908,18286,AAGTAGGAAAGTGA,cell_30939,53801,"X,spliced,unspliced"
1909,18287,AAGTAGGAACCTCC,cell_30940,53801,"X,spliced,unspliced"
1910,18288,AAGTAGGATCCGAA,cell_30942,53801,"X,spliced,unspliced"
1911,18291,AAGTATACACCCAA,cell_30945,53801,"X,spliced,unspliced"
1912,18295,AAGTGCACAGGCGA,cell_30950,53801,"X,spliced,unspliced"
1913,18297,AAGTGCACCTGCTC,cell_30953,53801,"X,spliced,unspliced"
1914,18299,AAGTGCACTGGTAC,cell_30957,53801,"X,spliced,unspliced"
1915,18301,AAGTGGCTTAAAGG,cell_30961,53801,"X,spliced,unspliced"
1916,18303,AAGTTCCTACGGAG,cell_30964,53801,"X,spliced,unspliced"
1917,18305,AATAACACAACCTG,cell_30966,53801,"X,spliced,unspliced"
1918,18312,AATAAGCTGCTGAT,cell_30974,53801,"X,spliced,unspliced"
1919,18313,AATAAGCTTCCGTC,cell_30975,53801,"X,spliced,unspliced"
1920,18314,AATACCCTCTAAGC,cell_30977,53801,"X,spliced,unspliced"
1921,18317,AATACCCTTTTACC,cell_30981,53801,"X,spliced,unspliced"
1922,18318,AATACTGAGAATCC,cell_30982,53801,"X,spliced,unspliced"
1923,18320,AATAGGGAACCAGT,cell_30986,53801,"X,spliced,unspliced"
1924,18322,AATAGGGAGGCGAA,cell_30989,53801,"X,spliced,unspliced"
1925,18325,AATATCGATAGCCA,cell_30992,53801,"X,spliced,unspliced"
1926,18326,AATATCGATTCGGA,cell_30993,53801,"X,spliced,unspliced"
1927,18328,AATCAAACCGGAGA,cell_30995,53801,"X,spliced,unspliced"
1928,18333,AATCAAACTTCCAT,cell_31004,53801,"X,spliced,unspliced"
1929,18341,AATCTAGATAGAAG,cell_31023,53801,"X,spliced,unspliced"
1930,18343,AATCTCACGTTGTG,cell_31027,53801,"X,spliced,unspliced"
1931,18345,AATCTCTGCGGGAA,cell_31030,53801,"X,spliced,unspliced"
1932,18347,AATCTCTGTCTATC,cell_31033,53801,"X,spliced,unspliced"
1933,18349,AATGAGGACCCGTT,cell_31036,53801,"X,spliced,unspliced"
1934,18351,AATGAGGAGCGTAT,cell_31039,53801,"X,spliced,unspliced"
1935,18352,AATGATACCCCTTG,cell_31040,53801,"X,spliced,unspliced"
1936,18353,AATGATACGGTGTT,cell_31042,53801,"X,spliced,unspliced"
1937,18356,AATGGAGAACGTAC,cell_31048,53801,"X,spliced,unspliced"
1938,18362,AATGGCTGGTTTCT,cell_31055,53801,"X,spliced,unspliced"
1939,18363,AATGTAACTAGTCG,cell_31056,53801,"X,spliced,unspliced"
1940,18367,AATTACGAGAAAGT,cell_31067,53801,"X,spliced,unspliced"
1941,18372,AATTGATGCAACTG,cell_31075,53801,"X,spliced,unspliced"
1942,18386,ACAAGCACCGCCTT,cell_31097,53801,"X,spliced,unspliced"
1943,18387,ACAAGCACTATGCG,cell_31099,53801,"X,spliced,unspliced"
1944,18389,ACAATCCTGGTCAT,cell_31102,53801,"X,spliced,unspliced"
1945,18391,ACAATTGACTTCTA,cell_31104,53801,"X,spliced,unspliced"
1946,18395,ACACAGACGCCTTC,cell_31110,53801,"X,spliced,unspliced"
1947,18396,ACACATCTAACCTG,cell_31111,53801,"X,spliced,unspliced"
1948,18400,ACACCAGATGACCA,cell_31117,53801,"X,spliced,unspliced"
1949,18405,ACACCCTGGGTCAT,cell_31122,53801,"X,spliced,unspliced"
1950,18410,ACACGTGAAAGGTA,cell_31130,53801,"X,spliced,unspliced"
1951,18412,ACAGACACCAGTCA,cell_31133,53801,"X,spliced,unspliced"
1952,18413,ACAGACACCTCGCT,cell_31134,53801,"X,spliced,unspliced"
1953,18414,ACAGACACGGGAGT,cell_31136,53801,"X,spliced,unspliced"
1954,18416,ACAGCAACAAAAGC,cell_31139,53801,"X,spliced,unspliced"
1955,18421,ACAGTCGAACAGTC,cell_31148,53801,"X,spliced,unspliced"
1956,18422,ACAGTCGAATTTCC,cell_31149,53801,"X,spliced,unspliced"
1957,18423,ACAGTCGACGAGTT,cell_31150,53801,"X,spliced,unspliced"
1958,18426,ACAGTCGATAGAAG,cell_31154,53801,"X,spliced,unspliced"
1959,18427,ACAGTCGATCACCC,cell_31155,53801,"X,spliced,unspliced"
1960,18429,ACAGTCGATTTGGG,cell_31158,53801,"X,spliced,unspliced"
1961,18433,ACATACCTTGATGC,cell_31170,53801,"X,spliced,unspliced"
1962,18434,ACATCACTGGCGAA,cell_31171,53801,"X,spliced,unspliced"
1963,18439,ACATTCTGGGCATT,cell_31181,53801,"X,spliced,unspliced"
1964,18443,ACCAACGAAGTGTC,cell_31185,53801,"X,spliced,unspliced"
1965,18446,ACCACCTGGAACCT,cell_31191,53801,"X,spliced,unspliced"
1966,18448,ACCAGCCTAGAGGC,cell_31194,53801,"X,spliced,unspliced"
1967,18450,ACCAGCCTCTTGTT,cell_31196,53801,"X,spliced,unspliced"
1968,18459,ACCATTACGGACAG,cell_31212,53801,"X,spliced,unspliced"
1969,18460,ACCATTTGAGCTCA,cell_31214,53801,"X,spliced,unspliced"
1970,18462,ACCATTTGGGCATT,cell_31218,53801,"X,spliced,unspliced"
1971,18463,ACCATTTGGTACAC,cell_31219,53801,"X,spliced,unspliced"
1972,18464,ACCCAAGAAGATGA,cell_31220,53801,"X,spliced,unspliced"
1973,18467,ACCCACTGCCAACA,cell_31224,53801,"X,spliced,unspliced"
1974,18468,ACCCACTGGACAAA,cell_31226,53801,"X,spliced,unspliced"
1975,18474,ACCCAGCTGTACGT,cell_31234,53801,"X,spliced,unspliced"
1976,18477,ACCCGTACCTCTTA,cell_31238,53801,"X,spliced,unspliced"
1977,18479,ACCCGTACGTCTTT,cell_31241,53801,"X,spliced,unspliced"
1978,18480,ACCCGTACGTTGTG,cell_31243,53801,"X,spliced,unspliced"
1979,18482,ACCCGTTGTATTCC,cell_31246,53801,"X,spliced,unspliced"
1980,18491,ACCGTGCTTCCAGA,cell_31259,53801,"X,spliced,unspliced"
1981,18494,ACCTATTGGCATCA,cell_31263,53801,"X,spliced,unspliced"
1982,18495,ACCTCCGACGTAGT,cell_31266,53801,"X,spliced,unspliced"
1983,18497,ACCTCCGATCAGAC,cell_31268,53801,"X,spliced,unspliced"
1984,18501,ACCTGGCTGAATAG,cell_31276,53801,"X,spliced,unspliced"
1985,18505,ACGAACACTTCAGG,cell_31282,53801,"X,spliced,unspliced"
1986,18507,ACGAAGCTTCCTGC,cell_31288,53801,"X,spliced,unspliced"
1987,18511,ACGACCCTAAGCCT,cell_31295,53801,"X,spliced,unspliced"
1988,18512,ACGACCCTAGCGTT,cell_31296,53801,"X,spliced,unspliced"
1989,18514,ACGAGTACTACTCT,cell_31302,53801,"X,spliced,unspliced"
1990,18515,ACGATCGAAACCAC,cell_31304,53801,"X,spliced,unspliced"
1991,18516,ACGATCGAATGTGC,cell_31305,53801,"X,spliced,unspliced"
1992,18517,ACGATCGACCTAAG,cell_31306,53801,"X,spliced,unspliced"
1993,18522,ACGATGACTCCTCG,cell_31312,53801,"X,spliced,unspliced"
1994,18524,ACGATTCTTGTAGC,cell_31318,53801,"X,spliced,unspliced"
1995,18529,ACGCAATGGTTTCT,cell_31324,53801,"X,spliced,unspliced"
1996,18535,ACGCCTTGTCGTAG,cell_31336,53801,"X,spliced,unspliced"
1997,18540,ACGCTGCTAACAGA,cell_31344,53801,"X,spliced,unspliced"
1998,18545,ACGGAGGAGGAAGC,cell_31352,53801,"X,spliced,unspliced"
1999,18548,ACGGCTCTGAACCT,cell_31362,53801,"X,spliced,unspliced"
2000,18559,ACGTAGACCGTGTA,cell_31381,53801,"X,spliced,unspliced"
2001,18563,ACGTCCTGCTCTAT,cell_31390,53801,"X,spliced,unspliced"
2002,18573,ACGTTACTGGTAAA,cell_31404,53801,"X,spliced,unspliced"
2003,18574,ACGTTGGAAGAGTA,cell_31407,53801,"X,spliced,unspliced"
2004,18575,ACGTTGGACCACCT,cell_31408,53801,"X,spliced,unspliced"
2005,18576,ACGTTGGAGTGTAC,cell_31409,53801,"X,spliced,unspliced"
2006,18580,ACTACGGATCCTAT,cell_31415,53801,"X,spliced,unspliced"
2007,18585,ACTAGGTGTTGTCT,cell_31422,53801,"X,spliced,unspliced"
2008,18586,ACTATCACCAGATC,cell_31423,53801,"X,spliced,unspliced"
2009,18587,ACTATCACCCTGTC,cell_31424,53801,"X,spliced,unspliced"
2010,18588,ACTATCACCGTAAC,cell_31425,53801,"X,spliced,unspliced"
2011,18590,ACTCAGGATTCGCC,cell_31429,53801,"X,spliced,unspliced"
2012,18592,ACTCCCGACCTACC,cell_31431,53801,"X,spliced,unspliced"
2013,18596,ACTCGAGATCAGAC,cell_31440,53801,"X,spliced,unspliced"
2014,18599,ACTCTCCTCTCCAC,cell_31445,53801,"X,spliced,unspliced"
2015,18607,ACTGTGGAACACGT,cell_31460,53801,"X,spliced,unspliced"
2016,18609,ACTGTTACAGTCGT,cell_31463,53801,"X,spliced,unspliced"
2017,18612,ACTGTTACTGCAAC,cell_31467,53801,"X,spliced,unspliced"
2018,18618,ACTTAGCTGCGAGA,cell_31477,53801,"X,spliced,unspliced"
2019,18620,ACTTCAACACCACA,cell_31479,53801,"X,spliced,unspliced"
2020,18621,ACTTCAACCATGAC,cell_31481,53801,"X,spliced,unspliced"
2021,18629,ACTTGTACACCACA,cell_31497,53801,"X,spliced,unspliced"
2022,18635,ACTTTGTGATTCTC,cell_31504,53801,"X,spliced,unspliced"
2023,18636,ACTTTGTGCATGGT,cell_31505,53801,"X,spliced,unspliced"
2024,18638,ACTTTGTGGAGGTG,cell_31507,53801,"X,spliced,unspliced"
2025,18639,ACTTTGTGGGAACG,cell_31508,53801,"X,spliced,unspliced"
2026,18640,AGAAACGAAAGGTA,cell_31509,53801,"X,spliced,unspliced"
2027,18641,AGAAACGAGCAAGG,cell_31510,53801,"X,spliced,unspliced"
2028,18642,AGAACAGAAGAGGC,cell_31515,53801,"X,spliced,unspliced"
2029,18646,AGAAGATGAAAACG,cell_31525,53801,"X,spliced,unspliced"
2030,18647,AGAAGATGATCGGT,cell_31526,53801,"X,spliced,unspliced"
2031,18649,AGAAGATGTTTCTG,cell_31530,53801,"X,spliced,unspliced"
2032,18654,AGAATGGAGGAAAT,cell_31539,53801,"X,spliced,unspliced"
2033,18657,AGAATTTGCAAAGA,cell_31544,53801,"X,spliced,unspliced"
2034,18658,AGAATTTGCGTAGT,cell_31546,53801,"X,spliced,unspliced"
2035,18660,AGACACTGAACGAA,cell_31549,53801,"X,spliced,unspliced"
2036,18662,AGACCTGATGACCA,cell_31552,53801,"X,spliced,unspliced"
2037,18665,AGACTCGATGCCAA,cell_31559,53801,"X,spliced,unspliced"
2038,18666,AGACTCGATTACTC,cell_31560,53801,"X,spliced,unspliced"
2039,18672,AGAGAAACCAGTCA,cell_31569,53801,"X,spliced,unspliced"
2040,18674,AGAGAATGAGAATG,cell_31573,53801,"X,spliced,unspliced"
2041,18678,AGAGATGAGACGAG,cell_31578,53801,"X,spliced,unspliced"
2042,18682,AGAGTCTGGTCACA,cell_31590,53801,"X,spliced,unspliced"
2043,18685,AGATATACATTCCT,cell_31600,53801,"X,spliced,unspliced"
2044,18686,AGATATACGCTATG,cell_31601,53801,"X,spliced,unspliced"
2045,18691,AGATCGTGATCTTC,cell_31607,53801,"X,spliced,unspliced"
2046,18696,AGATCGTGTGGATC,cell_31614,53801,"X,spliced,unspliced"
2047,18698,AGATTAACAGACTC,cell_31620,53801,"X,spliced,unspliced"
2048,18701,AGCAAAGATACGCA,cell_31625,53801,"X,spliced,unspliced"
2049,18704,AGCAACACGGGATG,cell_31628,53801,"X,spliced,unspliced"
2050,18706,AGCAAGCTTAAGGA,cell_31631,53801,"X,spliced,unspliced"
2051,18709,AGCACTGAGTTCTT,cell_31639,53801,"X,spliced,unspliced"
2052,18710,AGCATCGAAAGCAA,cell_31641,53801,"X,spliced,unspliced"
2053,18711,AGCATCGAACTCTT,cell_31642,53801,"X,spliced,unspliced"
2054,18712,AGCATCGACTGAAC,cell_31644,53801,"X,spliced,unspliced"
2055,18714,AGCATCGAGTCGTA,cell_31646,53801,"X,spliced,unspliced"
2056,18715,AGCATCGAGTTTCT,cell_31647,53801,"X,spliced,unspliced"
2057,18716,AGCATCGATGACAC,cell_31648,53801,"X,spliced,unspliced"
2058,18728,AGCCACCTCACCAA,cell_31666,53801,"X,spliced,unspliced"
2059,18729,AGCCACCTTAGAGA,cell_31667,53801,"X,spliced,unspliced"
2060,18731,AGCCGGTGCGGGAA,cell_31669,53801,"X,spliced,unspliced"
2061,18732,AGCCGGTGGTCACA,cell_31672,53801,"X,spliced,unspliced"
2062,18744,AGCGAACTTTTGGG,cell_31690,53801,"X,spliced,unspliced"
2063,18749,AGCGCCGAAACTGC,cell_31700,53801,"X,spliced,unspliced"
2064,18754,AGCGCTCTGTATCG,cell_31710,53801,"X,spliced,unspliced"
2065,18757,AGCGGCACTCTCTA,cell_31715,53801,"X,spliced,unspliced"
2066,18759,AGCGGCTGAGTCTG,cell_31718,53801,"X,spliced,unspliced"
2067,18761,AGCGGCTGGACTAC,cell_31722,53801,"X,spliced,unspliced"
2068,18764,AGCGGGCTTTGCAG,cell_31725,53801,"X,spliced,unspliced"
2069,18768,AGCTCGCTGAGGCA,cell_31732,53801,"X,spliced,unspliced"
2070,18770,AGCTGAACTGTCTT,cell_31735,53801,"X,spliced,unspliced"
2071,18771,AGCTGCCTACACCA,cell_31736,53801,"X,spliced,unspliced"
2072,18773,AGCTGTGACGCAAT,cell_31743,53801,"X,spliced,unspliced"
2073,18779,AGGAAATGACGGAG,cell_31753,53801,"X,spliced,unspliced"
2074,18781,AGGAAATGGACTAC,cell_31756,53801,"X,spliced,unspliced"
2075,18783,AGGAAATGTGTAGC,cell_31758,53801,"X,spliced,unspliced"
2076,18784,AGGAACCTAATCGC,cell_31759,53801,"X,spliced,unspliced"
2077,18789,AGGACACTCCAATG,cell_31773,53801,"X,spliced,unspliced"
2078,18792,AGGACTTGTAACGC,cell_31777,53801,"X,spliced,unspliced"
2079,18806,AGGCAACTAATCGC,cell_31797,53801,"X,spliced,unspliced"
2080,18809,AGGCAGGACTCAGA,cell_31802,53801,"X,spliced,unspliced"
2081,18811,AGGCAGGATGTTCT,cell_31807,53801,"X,spliced,unspliced"
2082,18815,AGGCCTCTGCTTAG,cell_31813,53801,"X,spliced,unspliced"
2083,18824,AGGGCGCTCCTTAT,cell_31830,53801,"X,spliced,unspliced"
2084,18828,AGGGTGGACACTGA,cell_31836,53801,"X,spliced,unspliced"
2085,18832,AGGGTTTGATACCG,cell_31840,53801,"X,spliced,unspliced"
2086,18833,AGGGTTTGCCCACT,cell_31841,53801,"X,spliced,unspliced"
2087,18834,AGGGTTTGGAGCAG,cell_31844,53801,"X,spliced,unspliced"
2088,18837,AGGGTTTGTGACTG,cell_31848,53801,"X,spliced,unspliced"
2089,18840,AGGTACACGGAGCA,cell_31851,53801,"X,spliced,unspliced"
2090,18842,AGGTACACTGCAGT,cell_31853,53801,"X,spliced,unspliced"
2091,18843,AGGTACACTTTGCT,cell_31854,53801,"X,spliced,unspliced"
2092,18844,AGGTACTGGATAGA,cell_31855,53801,"X,spliced,unspliced"
2093,18850,AGGTCATGCTCTTA,cell_31863,53801,"X,spliced,unspliced"
2094,18852,AGGTCATGGTTGTG,cell_31865,53801,"X,spliced,unspliced"
2095,18862,AGGTTGTGCCGCTT,cell_31883,53801,"X,spliced,unspliced"
2096,18863,AGTAATACGCAGAG,cell_31890,53801,"X,spliced,unspliced"
2097,18864,AGTAATTGCAGTTG,cell_31894,53801,"X,spliced,unspliced"
2098,18865,AGTACGTGCTGGTA,cell_31898,53801,"X,spliced,unspliced"
2099,18866,AGTACGTGGAATAG,cell_31899,53801,"X,spliced,unspliced"
2100,18867,AGTACGTGGTTGTG,cell_31901,53801,"X,spliced,unspliced"
2101,18874,AGTAGAGACTGTGA,cell_31910,53801,"X,spliced,unspliced"
2102,18875,AGTAGGCTATACCG,cell_31913,53801,"X,spliced,unspliced"
2103,18880,AGTCACGAAGTCTG,cell_31926,53801,"X,spliced,unspliced"
2104,18881,AGTCACGAATCTCT,cell_31927,53801,"X,spliced,unspliced"
2105,18882,AGTCAGACCCTCGT,cell_31928,53801,"X,spliced,unspliced"
2106,18883,AGTCAGACGTCATG,cell_31930,53801,"X,spliced,unspliced"
2107,18889,AGTCGAACGTATGC,cell_31938,53801,"X,spliced,unspliced"
2108,18894,AGTCTTACACCCTC,cell_31947,53801,"X,spliced,unspliced"
2109,18895,AGTCTTACGTCGTA,cell_31950,53801,"X,spliced,unspliced"
2110,18897,AGTGAAGACGCTAA,cell_31953,53801,"X,spliced,unspliced"
2111,18899,AGTGACACGGAAAT,cell_31959,53801,"X,spliced,unspliced"
2112,18902,AGTGACTGGGTGTT,cell_31963,53801,"X,spliced,unspliced"
2113,18905,AGTGTTCTACCTCC,cell_31971,53801,"X,spliced,unspliced"
2114,18906,AGTGTTCTGCTATG,cell_31972,53801,"X,spliced,unspliced"
2115,18910,AGTTAAACGCTCCT,cell_31977,53801,"X,spliced,unspliced"
2116,18912,AGTTAAACTAAGCC,cell_31979,53801,"X,spliced,unspliced"
2117,18915,AGTTAAACTTCGCC,cell_31982,53801,"X,spliced,unspliced"
2118,18916,AGTTATGACCAGTA,cell_31984,53801,"X,spliced,unspliced"
2119,18922,AGTTCTACGTCATG,cell_31991,53801,"X,spliced,unspliced"
2120,18925,AGTTCTTGGGTGGA,cell_31995,53801,"X,spliced,unspliced"
2121,18926,AGTTGTCTACCCAA,cell_31999,53801,"X,spliced,unspliced"
2122,18931,AGTTTGCTAGGTTC,cell_32007,53801,"X,spliced,unspliced"
2123,18938,ATAACAACGACGTT,cell_32021,53801,"X,spliced,unspliced"
2124,18939,ATAACAACTCGTTT,cell_32022,53801,"X,spliced,unspliced"
2125,18941,ATAACATGGTAAGA,cell_32025,53801,"X,spliced,unspliced"
2126,18945,ATAAGTTGAAGAGT,cell_32030,53801,"X,spliced,unspliced"
2127,18947,ATAAGTTGCATGAC,cell_32033,53801,"X,spliced,unspliced"
2128,18948,ATAAGTTGGGTTCA,cell_32034,53801,"X,spliced,unspliced"
2129,18951,ATAAGTTGTGAGGG,cell_32037,53801,"X,spliced,unspliced"
2130,18953,ATAAGTTGTTCGCC,cell_32039,53801,"X,spliced,unspliced"
2131,18957,ATAATGACGCATCA,cell_32047,53801,"X,spliced,unspliced"
2132,18960,ATACAATGGTTTGG,cell_32052,53801,"X,spliced,unspliced"
2133,18964,ATACCACTAGCGTT,cell_32060,53801,"X,spliced,unspliced"
2134,18976,ATACGTCTACTGTG,cell_32081,53801,"X,spliced,unspliced"
2135,18978,ATACGTCTTGTTCT,cell_32084,53801,"X,spliced,unspliced"
2136,18979,ATACTCTGATCTCT,cell_32085,53801,"X,spliced,unspliced"
2137,18991,ATAGCCGAATACCG,cell_32101,53801,"X,spliced,unspliced"
2138,18997,ATAGCGTGCCAAGT,cell_32108,53801,"X,spliced,unspliced"
2139,18998,ATAGCGTGCCAGTA,cell_32109,53801,"X,spliced,unspliced"
2140,18999,ATAGCGTGCCCTAC,cell_32110,53801,"X,spliced,unspliced"
2141,19003,ATAGCTCTTCCCGT,cell_32115,53801,"X,spliced,unspliced"
2142,19004,ATAGCTCTTCGACA,cell_32116,53801,"X,spliced,unspliced"
2144,19019,ATATGCCTTTCTAC,cell_32148,53801,"X,spliced,unspliced"
2145,19020,ATCAAATGAGTAGA,cell_32150,53801,"X,spliced,unspliced"
2146,19021,ATCAAATGCATGCA,cell_32151,53801,"X,spliced,unspliced"
2147,19023,ATCAAATGTTCCAT,cell_32155,53801,"X,spliced,unspliced"
2148,19026,ATCAACCTCTAAGC,cell_32160,53801,"X,spliced,unspliced"
2149,19027,ATCAACCTGAGGTG,cell_32162,53801,"X,spliced,unspliced"
2150,19030,ATCACACTTTGGTG,cell_32167,53801,"X,spliced,unspliced"
2151,19032,ATCACTTGGGGCAA,cell_32172,53801,"X,spliced,unspliced"
2152,19034,ATCAGGTGAGTGTC,cell_32174,53801,"X,spliced,unspliced"
2153,19038,ATCAGGTGTTTACC,cell_32178,53801,"X,spliced,unspliced"
2154,19040,ATCATCTGTGCAGT,cell_32182,53801,"X,spliced,unspliced"
2155,19043,ATCATGCTGAAGGC,cell_32187,53801,"X,spliced,unspliced"
2156,19045,ATCCAGGAATCAGC,cell_32190,53801,"X,spliced,unspliced"
2157,19046,ATCCAGGAATTTCC,cell_32191,53801,"X,spliced,unspliced"
2158,19048,ATCCAGGATCTGGA,cell_32194,53801,"X,spliced,unspliced"
2159,19053,ATCCGCACCATGGT,cell_32201,53801,"X,spliced,unspliced"
2160,19056,ATCCTAACCATACG,cell_32210,53801,"X,spliced,unspliced"
2161,19057,ATCCTAACGCTTCC,cell_32211,53801,"X,spliced,unspliced"
2162,19058,ATCCTAACTTCACT,cell_32214,53801,"X,spliced,unspliced"
2163,19060,ATCGACGAGGAGCA,cell_32217,53801,"X,spliced,unspliced"
2164,19062,ATCGAGTGGAGATA,cell_32220,53801,"X,spliced,unspliced"
2165,19063,ATCGAGTGGTCCTC,cell_32221,53801,"X,spliced,unspliced"
2166,19064,ATCGCAGAGCTGAT,cell_32225,53801,"X,spliced,unspliced"
2167,19066,ATCGCCACGCTGTA,cell_32230,53801,"X,spliced,unspliced"
2168,19068,ATCGCCTGACAGTC,cell_32234,53801,"X,spliced,unspliced"
2169,19071,ATCGCCTGCAGCTA,cell_32237,53801,"X,spliced,unspliced"
2170,19074,ATCGCCTGTAACGC,cell_32240,53801,"X,spliced,unspliced"
2171,19075,ATCGCGCTAATGCC,cell_32242,53801,"X,spliced,unspliced"
2172,19080,ATCGGAACAAGAGT,cell_32249,53801,"X,spliced,unspliced"
2173,19082,ATCGGAACCATCAG,cell_32251,53801,"X,spliced,unspliced"
2174,19083,ATCGGTGAGAGCAG,cell_32254,53801,"X,spliced,unspliced"
2175,19084,ATCGGTGAGTTCGA,cell_32255,53801,"X,spliced,unspliced"
2176,19088,ATCTACTGTCTAGG,cell_32261,53801,"X,spliced,unspliced"
2177,19094,ATCTGACTCTTTAC,cell_32269,53801,"X,spliced,unspliced"
2178,19096,ATCTGACTTGAGAA,cell_32272,53801,"X,spliced,unspliced"
2179,19101,ATCTGTTGTTGTGG,cell_32281,53801,"X,spliced,unspliced"
2180,19103,ATCTTGACTACTTC,cell_32284,53801,"X,spliced,unspliced"
2181,19108,ATGAAGGAGTCTAG,cell_32296,53801,"X,spliced,unspliced"
2182,19117,ATGATATGATAAGG,cell_32311,53801,"X,spliced,unspliced"
2183,19118,ATGATATGATTGGC,cell_32312,53801,"X,spliced,unspliced"
2184,19119,ATGATATGCATTCT,cell_32313,53801,"X,spliced,unspliced"
2185,19120,ATGCACGAGGACTT,cell_32315,53801,"X,spliced,unspliced"
2186,19122,ATGCAGACACGGTT,cell_32319,53801,"X,spliced,unspliced"
2187,19125,ATGCCAGAAGCGTT,cell_32324,53801,"X,spliced,unspliced"
2188,19128,ATGCCGCTCTGACA,cell_32328,53801,"X,spliced,unspliced"
2189,19130,ATGCGATGTGTGAC,cell_32331,53801,"X,spliced,unspliced"
2190,19133,ATGCGCCTTGAAGA,cell_32337,53801,"X,spliced,unspliced"
2191,19136,ATGGACACAGGTTC,cell_32343,53801,"X,spliced,unspliced"
2192,19140,ATGGGTACGTCCTC,cell_32353,53801,"X,spliced,unspliced"
2193,19141,ATGGTGACATAAGG,cell_32354,53801,"X,spliced,unspliced"
2194,19152,ATGTCACTTATCTC,cell_32373,53801,"X,spliced,unspliced"
2196,19156,ATGTCGGACGCCTT,cell_32378,53801,"X,spliced,unspliced"
2197,19157,ATGTCGGATCCAGA,cell_32379,53801,"X,spliced,unspliced"
2198,19159,ATGTTAGAGTCGAT,cell_32383,53801,"X,spliced,unspliced"
2199,19161,ATGTTCACCCGAAT,cell_32386,53801,"X,spliced,unspliced"
2200,19163,ATGTTCACTACGCA,cell_32389,53801,"X,spliced,unspliced"
2201,19164,ATGTTGCTCCCGTT,cell_32391,53801,"X,spliced,unspliced"
2202,19168,ATTACCACATACCG,cell_32400,53801,"X,spliced,unspliced"
2203,19170,ATTACCACTCTCGC,cell_32402,53801,"X,spliced,unspliced"
2204,19171,ATTACCACTGTCTT,cell_32403,53801,"X,spliced,unspliced"
2205,19177,ATTAGATGGCTTAG,cell_32412,53801,"X,spliced,unspliced"
2206,19180,ATTAGTGACCTAAG,cell_32419,53801,"X,spliced,unspliced"
2207,19183,ATTATGGACAAGCT,cell_32423,53801,"X,spliced,unspliced"
2208,19186,ATTATGGATCAGAC,cell_32426,53801,"X,spliced,unspliced"
2209,19187,ATTCAAGAGCTTAG,cell_32427,53801,"X,spliced,unspliced"
2210,19192,ATTCAGCTCGCAAT,cell_32433,53801,"X,spliced,unspliced"
2211,19195,ATTCCAACTTGACG,cell_32441,53801,"X,spliced,unspliced"
2212,19196,ATTCCATGTGTCCC,cell_32442,53801,"X,spliced,unspliced"
2213,19201,ATTCTTCTAACAGA,cell_32450,53801,"X,spliced,unspliced"
2214,19204,ATTCTTCTGGCAAG,cell_32454,53801,"X,spliced,unspliced"
2215,19209,ATTGAATGCTCGCT,cell_32459,53801,"X,spliced,unspliced"
2216,19212,ATTGATGATTCAGG,cell_32469,53801,"X,spliced,unspliced"
2217,19219,ATTGCTACTCTCCG,cell_32483,53801,"X,spliced,unspliced"
2218,19225,ATTGGTCTACCTTT,cell_32494,53801,"X,spliced,unspliced"
2219,19226,ATTGGTCTATGTCG,cell_32495,53801,"X,spliced,unspliced"
2220,19227,ATTGGTCTTGGAGG,cell_32497,53801,"X,spliced,unspliced"
2221,19229,ATTGTAGACATTCT,cell_32499,53801,"X,spliced,unspliced"
2222,19230,ATTGTAGACCCTCA,cell_32500,53801,"X,spliced,unspliced"
2223,19231,ATTGTAGAGGAGTG,cell_32501,53801,"X,spliced,unspliced"
2224,19232,ATTGTAGATAGAAG,cell_32502,53801,"X,spliced,unspliced"
2225,19234,ATTGTAGATTCTTG,cell_32504,53801,"X,spliced,unspliced"
2226,19235,ATTGTCTGACAGCT,cell_32505,53801,"X,spliced,unspliced"
2227,19239,ATTGTCTGGAGCAG,cell_32509,53801,"X,spliced,unspliced"
2228,19240,ATTGTCTGTCCTGC,cell_32511,53801,"X,spliced,unspliced"
2229,19241,ATTGTCTGTTTCAC,cell_32512,53801,"X,spliced,unspliced"
2230,19242,ATTTAGGACTCAAG,cell_32514,53801,"X,spliced,unspliced"
2231,19243,ATTTAGGAGTCGAT,cell_32515,53801,"X,spliced,unspliced"
2232,19247,ATTTCCGATTCGGA,cell_32522,53801,"X,spliced,unspliced"
2233,19248,ATTTCGTGACAGTC,cell_32523,53801,"X,spliced,unspliced"
2234,19251,ATTTCGTGGCCAAT,cell_32527,53801,"X,spliced,unspliced"
2235,19253,ATTTCTCTATTCGG,cell_32531,53801,"X,spliced,unspliced"
2236,19254,ATTTGCACAAGATG,cell_32533,53801,"X,spliced,unspliced"
2237,19255,ATTTGCACAGCACT,cell_32534,53801,"X,spliced,unspliced"
2238,19256,ATTTGCACTCGCCT,cell_32536,53801,"X,spliced,unspliced"
2239,19258,ATTTGCACTTTCTG,cell_32538,53801,"X,spliced,unspliced"
2240,19261,CAAAGCACACACTG,cell_32542,53801,"X,spliced,unspliced"
2241,19265,CAAATTGACTAGTG,cell_32553,53801,"X,spliced,unspliced"
2242,19266,CAAATTGACTGCAA,cell_32554,53801,"X,spliced,unspliced"
2243,19269,CAAATTGATGCCTC,cell_32558,53801,"X,spliced,unspliced"
2244,19272,CAACCGCTACGTAC,cell_32565,53801,"X,spliced,unspliced"
2245,19273,CAACCGCTAGCAAA,cell_32566,53801,"X,spliced,unspliced"
2246,19281,CAACGTGACATGCA,cell_32580,53801,"X,spliced,unspliced"
2247,19292,CAAGACACTTCCAT,cell_32596,53801,"X,spliced,unspliced"
2248,19294,CAAGACTGCAGAGG,cell_32598,53801,"X,spliced,unspliced"
2249,19295,CAAGACTGGGGCAA,cell_32599,53801,"X,spliced,unspliced"
2250,19300,CAAGCTGATACTCT,cell_32610,53801,"X,spliced,unspliced"
2251,19303,CAAGGACTCTGAAC,cell_32613,53801,"X,spliced,unspliced"
2252,19306,CAAGGTTGCTGCTC,cell_32617,53801,"X,spliced,unspliced"
2253,19310,CAATAAACACTGTG,cell_32628,53801,"X,spliced,unspliced"
2254,19311,CAATAAACAGCCTA,cell_32629,53801,"X,spliced,unspliced"
2255,19314,CAATATGAGCATCA,cell_32637,53801,"X,spliced,unspliced"
2256,19315,CAATATGATGGAAA,cell_32640,53801,"X,spliced,unspliced"
2257,19327,CAATTCTGGCTAAC,cell_32662,53801,"X,spliced,unspliced"
2258,19329,CACAACGAAACCGT,cell_32665,53801,"X,spliced,unspliced"
2259,19332,CACAACGAGGAGCA,cell_32670,53801,"X,spliced,unspliced"
2260,19337,CACAGATGGAACTC,cell_32684,53801,"X,spliced,unspliced"
2261,19339,CACAGATGGGACAG,cell_32686,53801,"X,spliced,unspliced"
2262,19342,CACATACTAGGCGA,cell_32694,53801,"X,spliced,unspliced"
2263,19344,CACATACTTTGAGC,cell_32697,53801,"X,spliced,unspliced"
2264,19347,CACATGGATCCGAA,cell_32702,53801,"X,spliced,unspliced"
2265,19356,CACCGTACCTTGTT,cell_32716,53801,"X,spliced,unspliced"
2266,19359,CACGAAACACTGGT,cell_32723,53801,"X,spliced,unspliced"
2267,19363,CACGATGAACGGTT,cell_32731,53801,"X,spliced,unspliced"
2268,19366,CACGATGACGTAAC,cell_32734,53801,"X,spliced,unspliced"
2269,19367,CACGCTACAGTCTG,cell_32735,53801,"X,spliced,unspliced"
2270,19368,CACGCTACCTGTCC,cell_32737,53801,"X,spliced,unspliced"
2271,19370,CACGGGACCCCTTG,cell_32739,53801,"X,spliced,unspliced"
2272,19380,CACTCTCTGCTTCC,cell_32760,53801,"X,spliced,unspliced"
2273,19383,CACTGCACATCACG,cell_32764,53801,"X,spliced,unspliced"
2274,19389,CACTTAACTGGTGT,cell_32776,53801,"X,spliced,unspliced"
2275,19391,CACTTATGACGTAC,cell_32778,53801,"X,spliced,unspliced"
2276,19396,CAGAAGCTAACCTG,cell_32786,53801,"X,spliced,unspliced"
2277,19398,CAGAAGCTAGCATC,cell_32788,53801,"X,spliced,unspliced"
2278,19399,CAGAAGCTCACCAA,cell_32790,53801,"X,spliced,unspliced"
2279,19403,CAGACAACCAGGAG,cell_32795,53801,"X,spliced,unspliced"
2280,19404,CAGACATGCAATCG,cell_32796,53801,"X,spliced,unspliced"
2281,19405,CAGACATGTGGTGT,cell_32797,53801,"X,spliced,unspliced"
2282,19411,CAGAGGGATGCTAG,cell_32807,53801,"X,spliced,unspliced"
2283,19412,CAGATCGATGTTCT,cell_32811,53801,"X,spliced,unspliced"
2284,19414,CAGATGACGTCAAC,cell_32813,53801,"X,spliced,unspliced"
2285,19417,CAGCAATGGACGAG,cell_32818,53801,"X,spliced,unspliced"
2286,19418,CAGCAATGGAGACG,cell_32819,53801,"X,spliced,unspliced"
2287,19420,CAGCACCTTGCAAC,cell_32822,53801,"X,spliced,unspliced"
2288,19423,CAGCATGATGTCAG,cell_32826,53801,"X,spliced,unspliced"
2289,19427,CAGCCTACCACTAG,cell_32833,53801,"X,spliced,unspliced"
2290,19428,CAGCCTACCGGGAA,cell_32834,53801,"X,spliced,unspliced"
2291,19430,CAGCCTACTTACCT,cell_32838,53801,"X,spliced,unspliced"
2292,19431,CAGCCTACTTAGGC,cell_32839,53801,"X,spliced,unspliced"
2293,19432,CAGCCTACTTGAGC,cell_32840,53801,"X,spliced,unspliced"
2294,19434,CAGCGGACTGCCAA,cell_32844,53801,"X,spliced,unspliced"
2295,19436,CAGCGTCTAAGATG,cell_32847,53801,"X,spliced,unspliced"
2296,19440,CAGCGTCTTATGCG,cell_32851,53801,"X,spliced,unspliced"
2297,19447,CAGCTCACTAGACC,cell_32861,53801,"X,spliced,unspliced"
2298,19450,CAGGAACTGGAGGT,cell_32865,53801,"X,spliced,unspliced"
2299,19452,CAGGAACTTAAGCC,cell_32867,53801,"X,spliced,unspliced"
2300,19453,CAGGAACTTGGCAT,cell_32868,53801,"X,spliced,unspliced"
2301,19455,CAGGGCACCTCTCG,cell_32873,53801,"X,spliced,unspliced"
2302,19463,CAGTGATGATCGGT,cell_32888,53801,"X,spliced,unspliced"
2303,19466,CAGTGATGTGAGGG,cell_32894,53801,"X,spliced,unspliced"
2304,19467,CAGTGTGATCGTTT,cell_32897,53801,"X,spliced,unspliced"
2305,19481,CATAAATGTATGCG,cell_32917,53801,"X,spliced,unspliced"
2306,19482,CATAACCTTGATGC,cell_32918,53801,"X,spliced,unspliced"
2307,19485,CATACTTGTTGAGC,cell_32923,53801,"X,spliced,unspliced"
2308,19488,CATATAGAGTACAC,cell_32926,53801,"X,spliced,unspliced"
2309,19489,CATCAACTCGTCTC,cell_32928,53801,"X,spliced,unspliced"
2310,19492,CATCAGGAAAACGA,cell_32931,53801,"X,spliced,unspliced"
2311,19493,CATCAGGAACACAC,cell_32932,53801,"X,spliced,unspliced"
2312,19496,CATCAGGATTGAGC,cell_32935,53801,"X,spliced,unspliced"
2313,19502,CATCGCTGAGTGTC,cell_32950,53801,"X,spliced,unspliced"
2314,19504,CATCGCTGTTCCGC,cell_32952,53801,"X,spliced,unspliced"
2315,19506,CATCTCCTAGGTTC,cell_32955,53801,"X,spliced,unspliced"
2316,19512,CATCTTGACATGGT,cell_32964,53801,"X,spliced,unspliced"
2317,19515,CATGCGCTACTGGT,cell_32969,53801,"X,spliced,unspliced"
2318,19520,CATGGCCTTAGCGT,cell_32980,53801,"X,spliced,unspliced"
2319,19523,CATGTTACGGGAGT,cell_32985,53801,"X,spliced,unspliced"
2320,19526,CATTCCCTGTCACA,cell_32994,53801,"X,spliced,unspliced"
2321,19528,CATTGTACAAAGCA,cell_33000,53801,"X,spliced,unspliced"
2322,19529,CATTGTACATTCTC,cell_33003,53801,"X,spliced,unspliced"
2323,19534,CATTTCGAACCACA,cell_33011,53801,"X,spliced,unspliced"
2324,19538,CATTTGTGTAAAGG,cell_33022,53801,"X,spliced,unspliced"
2325,19546,CCAAGTGAGATAGA,cell_33036,53801,"X,spliced,unspliced"
2326,19550,CCAATTTGAAACGA,cell_33041,53801,"X,spliced,unspliced"
2327,19553,CCACCATGGGCAAG,cell_33047,53801,"X,spliced,unspliced"
2328,19554,CCACTGACAAACGA,cell_33051,53801,"X,spliced,unspliced"
2329,19559,CCACTTCTACACCA,cell_33058,53801,"X,spliced,unspliced"
2330,19561,CCACTTCTGTACGT,cell_33061,53801,"X,spliced,unspliced"
2331,19562,CCACTTCTTGTCTT,cell_33062,53801,"X,spliced,unspliced"
2332,19563,CCAGACCTAGAGAT,cell_33064,53801,"X,spliced,unspliced"
2333,19564,CCAGACCTCACCAA,cell_33065,53801,"X,spliced,unspliced"
2334,19566,CCAGATGAGTTTCT,cell_33073,53801,"X,spliced,unspliced"
2335,19567,CCAGATGATGAGCT,cell_33074,53801,"X,spliced,unspliced"
2336,19570,CCAGCGGACATGGT,cell_33079,53801,"X,spliced,unspliced"
2337,19571,CCAGCGGAGGTATC,cell_33080,53801,"X,spliced,unspliced"
2338,19572,CCAGCTACCATTGG,cell_33082,53801,"X,spliced,unspliced"
2339,19573,CCAGCTACGGAAGC,cell_33084,53801,"X,spliced,unspliced"
2340,19575,CCAGGTCTCTATTC,cell_33087,53801,"X,spliced,unspliced"
2341,19576,CCAGTCACATTCTC,cell_33088,53801,"X,spliced,unspliced"
2342,19577,CCAGTCACTGGAAA,cell_33089,53801,"X,spliced,unspliced"
2343,19585,CCATAGGATGGATC,cell_33102,53801,"X,spliced,unspliced"
2344,19586,CCATATACAAGTAG,cell_33104,53801,"X,spliced,unspliced"
2345,19587,CCATATACGCAGTT,cell_33109,53801,"X,spliced,unspliced"
2346,19590,CCATCCGAACGACT,cell_33113,53801,"X,spliced,unspliced"
2347,19591,CCATCCGATCCAAG,cell_33114,53801,"X,spliced,unspliced"
2348,19597,CCATGCTGATCAGC,cell_33125,53801,"X,spliced,unspliced"
2349,19604,CCCAACACACCTAG,cell_33136,53801,"X,spliced,unspliced"
2350,19612,CCCAGACTTATCTC,cell_33154,53801,"X,spliced,unspliced"
2351,19615,CCCATCGAACACAC,cell_33160,53801,"X,spliced,unspliced"
2352,19623,CCCGATTGAACGTC,cell_33170,53801,"X,spliced,unspliced"
2353,19626,CCCGATTGTATCGG,cell_33175,53801,"X,spliced,unspliced"
2354,19627,CCCGATTGTGCGTA,cell_33176,53801,"X,spliced,unspliced"
2355,19629,CCCTACGACTATTC,cell_33182,53801,"X,spliced,unspliced"
2356,19631,CCCTACGATGCTTT,cell_33184,53801,"X,spliced,unspliced"
2357,19635,CCCTCAGAGTGCTA,cell_33192,53801,"X,spliced,unspliced"
2358,19639,CCCTGATGTGTGCA,cell_33199,53801,"X,spliced,unspliced"
2359,19640,CCCTGATGTTTGGG,cell_33201,53801,"X,spliced,unspliced"
2360,19643,CCCTTACTTTCATC,cell_33204,53801,"X,spliced,unspliced"
2361,19649,CCGACTACGGTGAG,cell_33210,53801,"X,spliced,unspliced"
2362,19651,CCGATAGAACGTTG,cell_33213,53801,"X,spliced,unspliced"
2363,19657,CCGCGAGATGCCAA,cell_33219,53801,"X,spliced,unspliced"
2364,19659,CCGCTATGTGACTG,cell_33222,53801,"X,spliced,unspliced"
2365,19660,CCGGAGTGACTTTC,cell_33225,53801,"X,spliced,unspliced"
2366,19661,CCGGTACTCTCATT,cell_33230,53801,"X,spliced,unspliced"
2367,19662,CCGTAAGAATGTGC,cell_33231,53801,"X,spliced,unspliced"
2368,19666,CCTAAACTTGTGCA,cell_33236,53801,"X,spliced,unspliced"
2369,19671,CCTACCGATGCTAG,cell_33244,53801,"X,spliced,unspliced"
2370,19672,CCTAGAGAAGAATG,cell_33245,53801,"X,spliced,unspliced"
2371,19673,CCTAGAGAAGCATC,cell_33246,53801,"X,spliced,unspliced"
2372,19674,CCTAGAGACAGAAA,cell_33247,53801,"X,spliced,unspliced"
2373,19675,CCTAGAGACGAGAG,cell_33248,53801,"X,spliced,unspliced"
2374,19680,CCTCATCTGTTGAC,cell_33257,53801,"X,spliced,unspliced"
2375,19681,CCTCGAACTCTGGA,cell_33259,53801,"X,spliced,unspliced"
2376,19682,CCTCTACTAGTTCG,cell_33260,53801,"X,spliced,unspliced"
2377,19683,CCTCTACTTCCCGT,cell_33263,53801,"X,spliced,unspliced"
2378,19684,CCTGACTGAGCATC,cell_33264,53801,"X,spliced,unspliced"
2379,19685,CCTGACTGGCAGTT,cell_33266,53801,"X,spliced,unspliced"
2380,19687,CCTGACTGTGGAAA,cell_33268,53801,"X,spliced,unspliced"
2381,19689,CCTGAGCTAGCTCA,cell_33270,53801,"X,spliced,unspliced"
2382,19690,CCTGCAACCGATAC,cell_33272,53801,"X,spliced,unspliced"
2383,19697,CCTTAATGTGCACA,cell_33281,53801,"X,spliced,unspliced"
2384,19698,CCTTCACTAGTCGT,cell_33282,53801,"X,spliced,unspliced"
2385,19702,CCTTTAGAATCAGC,cell_33287,53801,"X,spliced,unspliced"
2386,19704,CCTTTAGAGGTATC,cell_33291,53801,"X,spliced,unspliced"
2387,19705,CGAACATGATTCTC,cell_33293,53801,"X,spliced,unspliced"
2388,19709,CGAAGACTCTTCCG,cell_33301,53801,"X,spliced,unspliced"
2389,19713,CGAAGGGAGCTATG,cell_33305,53801,"X,spliced,unspliced"
2390,19714,CGAAGGGAGTCTGA,cell_33306,53801,"X,spliced,unspliced"
2391,19715,CGAAGGGATCGCAA,cell_33307,53801,"X,spliced,unspliced"
2392,19720,CGAAGTACTTTACC,cell_33312,53801,"X,spliced,unspliced"
2393,19722,CGACAAACACTCAG,cell_33315,53801,"X,spliced,unspliced"
2394,19726,CGACAAACTGCGTA,cell_33322,53801,"X,spliced,unspliced"
2395,19728,CGACCACTCCGAAT,cell_33324,53801,"X,spliced,unspliced"
2396,19732,CGACCTTGACTACG,cell_33330,53801,"X,spliced,unspliced"
2397,19733,CGACGTCTATCAGC,cell_33332,53801,"X,spliced,unspliced"
2398,19740,CGACTCTGTGTTCT,cell_33344,53801,"X,spliced,unspliced"
2399,19741,CGACTGCTCGAATC,cell_33347,53801,"X,spliced,unspliced"
2400,19742,CGAGAACTTCCCGT,cell_33351,53801,"X,spliced,unspliced"
2401,19743,CGAGATTGAAGGTA,cell_33352,53801,"X,spliced,unspliced"
2402,19748,CGAGGAGACATACG,cell_33362,53801,"X,spliced,unspliced"
2403,19752,CGAGGCTGCCTTGC,cell_33373,53801,"X,spliced,unspliced"
2404,19757,CGATACGACTCATT,cell_33381,53801,"X,spliced,unspliced"
2405,19758,CGATACGAGCTACA,cell_33382,53801,"X,spliced,unspliced"
2406,19759,CGATACGAGGACGA,cell_33383,53801,"X,spliced,unspliced"
2407,19761,CGATAGACCTACGA,cell_33385,53801,"X,spliced,unspliced"
2408,19764,CGCAAATGCATGGT,cell_33394,53801,"X,spliced,unspliced"
2409,19766,CGCAACCTGGACAG,cell_33399,53801,"X,spliced,unspliced"
2410,19770,CGCACTACGGTAAA,cell_33408,53801,"X,spliced,unspliced"
2411,19772,CGCACTTGCCTTGC,cell_33410,53801,"X,spliced,unspliced"
2412,19775,CGCAGGACGTTACG,cell_33414,53801,"X,spliced,unspliced"
2413,19776,CGCAGGACGTTCTT,cell_33415,53801,"X,spliced,unspliced"
2414,19778,CGCATAGATGCCAA,cell_33424,53801,"X,spliced,unspliced"
2415,19786,CGCCTAACAGTTCG,cell_33435,53801,"X,spliced,unspliced"
2416,19789,CGCGAGACGAATAG,cell_33439,53801,"X,spliced,unspliced"
2417,19794,CGCGGATGCCGAAT,cell_33447,53801,"X,spliced,unspliced"
2418,19800,CGCTACACTTCCCG,cell_33453,53801,"X,spliced,unspliced"
2419,19802,CGCTACTGAGCAAA,cell_33456,53801,"X,spliced,unspliced"
2420,19806,CGCTCATGATCGGT,cell_33461,53801,"X,spliced,unspliced"
2421,19807,CGCTCATGCCTAAG,cell_33462,53801,"X,spliced,unspliced"
2422,19811,CGGAATTGGTATGC,cell_33469,53801,"X,spliced,unspliced"
2423,19812,CGGACCGAAACTGC,cell_33470,53801,"X,spliced,unspliced"
2424,19813,CGGACCGAAAGTGA,cell_33471,53801,"X,spliced,unspliced"
2425,19823,CGGCACGAGCGTTA,cell_33490,53801,"X,spliced,unspliced"
2426,19826,CGGCCAGACCTATT,cell_33496,53801,"X,spliced,unspliced"
2427,19834,CGGGACTGTAAGGA,cell_33508,53801,"X,spliced,unspliced"
2428,19835,CGGGCATGGCGTAT,cell_33510,53801,"X,spliced,unspliced"
2429,19836,CGGGCATGGCTAAC,cell_33511,53801,"X,spliced,unspliced"
2430,19837,CGGGCATGTAGCGT,cell_33513,53801,"X,spliced,unspliced"
2431,19839,CGGTAAACCACTGA,cell_33515,53801,"X,spliced,unspliced"
2432,19848,CGTAACGAACTCTT,cell_33527,53801,"X,spliced,unspliced"
2433,19854,CGTACAGATAGCCA,cell_33538,53801,"X,spliced,unspliced"
2434,19855,CGTACAGATTTCAC,cell_33540,53801,"X,spliced,unspliced"
2435,19858,CGTACCACCCTCGT,cell_33544,53801,"X,spliced,unspliced"
2436,19869,CGTCAAGAACCTTT,cell_33560,53801,"X,spliced,unspliced"
2437,19871,CGTCAAGACTTGTT,cell_33563,53801,"X,spliced,unspliced"
2438,19872,CGTCCAACATCGGT,cell_33564,53801,"X,spliced,unspliced"
2439,19874,CGTCCAACCGTCTC,cell_33567,53801,"X,spliced,unspliced"
2440,19876,CGTCCAACTTTCGT,cell_33569,53801,"X,spliced,unspliced"
2441,19877,CGTCCATGAGCAAA,cell_33570,53801,"X,spliced,unspliced"
2442,19882,CGTCGACTGGATCT,cell_33575,53801,"X,spliced,unspliced"
2443,19885,CGTGAAACCCGTAA,cell_33580,53801,"X,spliced,unspliced"
2444,19886,CGTGAAACCGCATA,cell_33581,53801,"X,spliced,unspliced"
2445,19887,CGTGAAACTGTGGT,cell_33582,53801,"X,spliced,unspliced"
2446,19888,CGTGATGACAGAAA,cell_33584,53801,"X,spliced,unspliced"
2447,19890,CGTGCACTCACTAG,cell_33588,53801,"X,spliced,unspliced"
2448,19894,CGTTAACTGCCAAT,cell_33593,53801,"X,spliced,unspliced"
2449,19897,CGTTAGGATCTTCA,cell_33600,53801,"X,spliced,unspliced"
2450,19900,CGTTTAACGAAGGC,cell_33607,53801,"X,spliced,unspliced"
2451,19907,CTAACGGATTTGTC,cell_33620,53801,"X,spliced,unspliced"
2452,19911,CTAAGGACCGAACT,cell_33626,53801,"X,spliced,unspliced"
2453,19912,CTAAGGACTTCCGC,cell_33627,53801,"X,spliced,unspliced"
2454,19914,CTAAGGTGCCGAAT,cell_33630,53801,"X,spliced,unspliced"
2455,19915,CTAAGGTGGGTCAT,cell_33631,53801,"X,spliced,unspliced"
2456,19918,CTAATAGAAACGAA,cell_33635,53801,"X,spliced,unspliced"
2457,19920,CTAATAGACCTGTC,cell_33638,53801,"X,spliced,unspliced"
2458,19932,CTACCTCTTCTATC,cell_33654,53801,"X,spliced,unspliced"
2459,19935,CTACGGCTGCCAAT,cell_33664,53801,"X,spliced,unspliced"
2460,19936,CTACTATGAGAAGT,cell_33665,53801,"X,spliced,unspliced"
2461,19938,CTACTATGTGGAGG,cell_33669,53801,"X,spliced,unspliced"
2462,19940,CTAGAGACTACAGC,cell_33674,53801,"X,spliced,unspliced"
2463,19943,CTAGATCTGTTTGG,cell_33678,53801,"X,spliced,unspliced"
2464,19945,CTAGGATGAGGTTC,cell_33681,53801,"X,spliced,unspliced"
2465,19950,CTAGGCCTTGCCCT,cell_33689,53801,"X,spliced,unspliced"
2466,19952,CTAGTTACACGGTT,cell_33691,53801,"X,spliced,unspliced"
2467,19964,CTATCAACATCTCT,cell_33711,53801,"X,spliced,unspliced"
2468,19967,CTATCAACTTGCGA,cell_33714,53801,"X,spliced,unspliced"
2469,19972,CTATGACTAAAAGC,cell_33722,53801,"X,spliced,unspliced"
2470,19980,CTATTGACCAGAGG,cell_33732,53801,"X,spliced,unspliced"
2471,19982,CTATTGACCGGTAT,cell_33734,53801,"X,spliced,unspliced"
2472,19988,CTATTGTGTAGCGT,cell_33744,53801,"X,spliced,unspliced"
2473,19990,CTCAGCTGGAGCTT,cell_33751,53801,"X,spliced,unspliced"
2474,19999,CTCCACGAGGAAAT,cell_33764,53801,"X,spliced,unspliced"
2475,20000,CTCCATCTAGAGTA,cell_33765,53801,"X,spliced,unspliced"
2476,20001,CTCCATCTGCTTAG,cell_33768,53801,"X,spliced,unspliced"
2477,20002,CTCCGAACACTCAG,cell_33769,53801,"X,spliced,unspliced"
2478,20004,CTCCGAACGTAAAG,cell_33773,53801,"X,spliced,unspliced"
2479,20008,CTCCTACTCCGCTT,cell_33778,53801,"X,spliced,unspliced"
2480,20009,CTCCTACTCTTCTA,cell_33779,53801,"X,spliced,unspliced"
2481,20014,CTCGAAGAATCGAC,cell_33784,53801,"X,spliced,unspliced"
2482,20016,CTCGAAGAGGACAG,cell_33786,53801,"X,spliced,unspliced"
2483,20020,CTCGACTGGGAAGC,cell_33793,53801,"X,spliced,unspliced"
2484,20025,CTCGCATGTGGAAA,cell_33801,53801,"X,spliced,unspliced"
2485,20028,CTCTAAACTTCGTT,cell_33807,53801,"X,spliced,unspliced"
2486,20033,CTGAAGTGAAGAAC,cell_33816,53801,"X,spliced,unspliced"
2487,20039,CTGAATCTTCAAGC,cell_33825,53801,"X,spliced,unspliced"
2488,20045,CTGAGAACTGACAC,cell_33835,53801,"X,spliced,unspliced"
2489,20051,CTGATGGATAGCGT,cell_33849,53801,"X,spliced,unspliced"
2490,20053,CTGATTTGCCTCGT,cell_33854,53801,"X,spliced,unspliced"
2491,20059,CTGCCAACTCTCCG,cell_33864,53801,"X,spliced,unspliced"
2492,20061,CTGGATGACCCGTT,cell_33875,53801,"X,spliced,unspliced"
2493,20062,CTGGATGATCAGTG,cell_33876,53801,"X,spliced,unspliced"
2494,20064,CTGTAACTCTCTTA,cell_33881,53801,"X,spliced,unspliced"
2495,20067,CTGTATACTCAGAC,cell_33887,53801,"X,spliced,unspliced"
2496,20070,CTGTGAGACGCTAA,cell_33890,53801,"X,spliced,unspliced"
2497,20073,CTGTGAGAGTGTTG,cell_33893,53801,"X,spliced,unspliced"
2498,20076,CTTAACACATGACC,cell_33899,53801,"X,spliced,unspliced"
2499,20077,CTTAACACCGTAAC,cell_33900,53801,"X,spliced,unspliced"
2500,20081,CTTACAACACCTCC,cell_33904,53801,"X,spliced,unspliced"
2501,20086,CTTACATGTAGACC,cell_33911,53801,"X,spliced,unspliced"
2502,20087,CTTAGACTATACCG,cell_33914,53801,"X,spliced,unspliced"
2503,20088,CTTAGACTCCCTTG,cell_33915,53801,"X,spliced,unspliced"
2504,20090,CTTAGACTTGGTTG,cell_33917,53801,"X,spliced,unspliced"
2505,20093,CTTAGGGAGCTTCC,cell_33922,53801,"X,spliced,unspliced"
2506,20096,CTTATCGATCAAGC,cell_33927,53801,"X,spliced,unspliced"
2507,20102,CTTGAGGAAAAGCA,cell_33940,53801,"X,spliced,unspliced"
2508,20107,CTTGTATGAACGTC,cell_33949,53801,"X,spliced,unspliced"
2509,20112,CTTTACGATGTGCA,cell_33957,53801,"X,spliced,unspliced"
2510,20116,CTTTCAGAACTGGT,cell_33965,53801,"X,spliced,unspliced"
2511,20119,CTTTCAGAGTCGTA,cell_33969,53801,"X,spliced,unspliced"
2512,20120,CTTTCAGAGTGTAC,cell_33970,53801,"X,spliced,unspliced"
2513,20125,CTTTCAGATGCCAA,cell_33976,53801,"X,spliced,unspliced"
2514,20129,GAAACCTGAGCATC,cell_33984,53801,"X,spliced,unspliced"
2515,20136,GAAAGTGACCAATG,cell_33998,53801,"X,spliced,unspliced"
2516,20137,GAAAGTGATGGAGG,cell_34001,53801,"X,spliced,unspliced"
2517,20138,GAAAGTGATTGAGC,cell_34002,53801,"X,spliced,unspliced"
2518,20141,GAAATACTGTATGC,cell_34006,53801,"X,spliced,unspliced"
2519,20142,GAACACACCCCTCA,cell_34007,53801,"X,spliced,unspliced"
2520,20143,GAACACACCTGGTA,cell_34008,53801,"X,spliced,unspliced"
2521,20146,GAACAGCTGTGCAT,cell_34013,53801,"X,spliced,unspliced"
2522,20154,GAACGTTGAAGCAA,cell_34030,53801,"X,spliced,unspliced"
2523,20156,GAACGTTGCTTACT,cell_34032,53801,"X,spliced,unspliced"
2524,20161,GAACTGTGGGTGGA,cell_34038,53801,"X,spliced,unspliced"
2525,20165,GAAGAATGCCAATG,cell_34045,53801,"X,spliced,unspliced"
2526,20169,GAAGATGATAGACC,cell_34051,53801,"X,spliced,unspliced"
2527,20173,GAAGCGGACGGAGA,cell_34056,53801,"X,spliced,unspliced"
2528,20174,GAAGCGGAGTTGAC,cell_34057,53801,"X,spliced,unspliced"
2529,20175,GAAGCGGATGTCCC,cell_34058,53801,"X,spliced,unspliced"
2530,20177,GAAGCTTGGTACAC,cell_34061,53801,"X,spliced,unspliced"
2531,20178,GAAGCTTGTTAGGC,cell_34062,53801,"X,spliced,unspliced"
2532,20181,GAAGTAGAGAGCAG,cell_34069,53801,"X,spliced,unspliced"
2533,20182,GAAGTAGAGCAGAG,cell_34070,53801,"X,spliced,unspliced"
2534,20184,GAAGTCTGAGACTC,cell_34075,53801,"X,spliced,unspliced"
2535,20190,GAATGCACTGATGC,cell_34082,53801,"X,spliced,unspliced"
2536,20191,GAATGCTGTCAGAC,cell_34084,53801,"X,spliced,unspliced"
2537,20192,GAATGCTGTTACTC,cell_34086,53801,"X,spliced,unspliced"
2538,20194,GAATGGCTCCTAAG,cell_34088,53801,"X,spliced,unspliced"
2539,20197,GAATTAACAACTGC,cell_34093,53801,"X,spliced,unspliced"
2540,20202,GACAACACCCGATA,cell_34101,53801,"X,spliced,unspliced"
2541,20210,GACAGTTGACGGGA,cell_34119,53801,"X,spliced,unspliced"
2542,20213,GACATTCTGTCTGA,cell_34123,53801,"X,spliced,unspliced"
2543,20218,GACCATGAGCTGTA,cell_34130,53801,"X,spliced,unspliced"
2544,20224,GACCCTACTGACAC,cell_34136,53801,"X,spliced,unspliced"
2545,20225,GACCTAGACCCGTT,cell_34137,53801,"X,spliced,unspliced"
2546,20227,GACCTCACACGGAG,cell_34139,53801,"X,spliced,unspliced"
2547,20229,GACCTCACGGGATG,cell_34142,53801,"X,spliced,unspliced"
2548,20231,GACGAACTCGACAT,cell_34144,53801,"X,spliced,unspliced"
2549,20232,GACGAGGACATGCA,cell_34146,53801,"X,spliced,unspliced"
2550,20240,GACGCTCTTCGACA,cell_34160,53801,"X,spliced,unspliced"
2551,20241,GACGGCACGTAGCT,cell_34163,53801,"X,spliced,unspliced"
2552,20242,GACGTATGACGGTT,cell_34167,53801,"X,spliced,unspliced"
2553,20247,GACGTCCTAGTGTC,cell_34174,53801,"X,spliced,unspliced"
2554,20250,GACGTCCTTATGCG,cell_34177,53801,"X,spliced,unspliced"
2555,20252,GACGTCCTTGTAGC,cell_34179,53801,"X,spliced,unspliced"
2556,20258,GACTGATGATACCG,cell_34189,53801,"X,spliced,unspliced"
2557,20264,GACTTTACTCGTGA,cell_34199,53801,"X,spliced,unspliced"
2558,20266,GAGAGGTGGAGCTT,cell_34206,53801,"X,spliced,unspliced"
2559,20271,GAGATAGAAACGTC,cell_34213,53801,"X,spliced,unspliced"
2560,20276,GAGATCACTGCTAG,cell_34220,53801,"X,spliced,unspliced"
2561,20279,GAGCAGGAAAAACG,cell_34223,53801,"X,spliced,unspliced"
2562,20280,GAGCAGGATAACGC,cell_34227,53801,"X,spliced,unspliced"
2563,20283,GAGCGAGAGGCATT,cell_34235,53801,"X,spliced,unspliced"
2564,20284,GAGCGCACGGGATG,cell_34236,53801,"X,spliced,unspliced"
2565,20292,GAGGACGATCGTAG,cell_34248,53801,"X,spliced,unspliced"
2566,20293,GAGGATCTGCCAAT,cell_34249,53801,"X,spliced,unspliced"
2567,20299,GAGGCAGATATCGG,cell_34255,53801,"X,spliced,unspliced"
2568,20305,GAGGGATGCGCATA,cell_34265,53801,"X,spliced,unspliced"
2569,20306,GAGGGATGGAGGGT,cell_34266,53801,"X,spliced,unspliced"
2570,20307,GAGGGATGGTTGGT,cell_34267,53801,"X,spliced,unspliced"
2571,20308,GAGGGATGGTTTGG,cell_34268,53801,"X,spliced,unspliced"
2572,20309,GAGGGCCTCGTGAT,cell_34269,53801,"X,spliced,unspliced"
2573,20312,GAGGGTGAGCCAAT,cell_34273,53801,"X,spliced,unspliced"
2574,20313,GAGGGTGAGTATCG,cell_34274,53801,"X,spliced,unspliced"
2575,20315,GAGGTACTGAAAGT,cell_34277,53801,"X,spliced,unspliced"
2576,20319,GAGGTGGATGCTCC,cell_34283,53801,"X,spliced,unspliced"
2577,20320,GAGGTTACCCTCGT,cell_34284,53801,"X,spliced,unspliced"
2578,20323,GAGGTTTGTGCACA,cell_34288,53801,"X,spliced,unspliced"
2580,20328,GAGTACACCAAGCT,cell_34295,53801,"X,spliced,unspliced"
2581,20334,GAGTACTGGTAAGA,cell_34303,53801,"X,spliced,unspliced"
2582,20335,GAGTCTGAGCGGAA,cell_34307,53801,"X,spliced,unspliced"
2583,20337,GAGTGACTTCACGA,cell_34311,53801,"X,spliced,unspliced"
2584,20343,GATACTCTCCATAG,cell_34326,53801,"X,spliced,unspliced"
2585,20344,GATACTCTCTTTAC,cell_34327,53801,"X,spliced,unspliced"
2586,20346,GATAGAGAGGCATT,cell_34330,53801,"X,spliced,unspliced"
2587,20348,GATATAACACTCTT,cell_34334,53801,"X,spliced,unspliced"
2588,20349,GATATAACCTTGAG,cell_34337,53801,"X,spliced,unspliced"
2589,20353,GATATTGAGAGACG,cell_34344,53801,"X,spliced,unspliced"
2590,20356,GATCCCTGTTATCC,cell_34351,53801,"X,spliced,unspliced"
2591,20360,GATCGATGAGATCC,cell_34358,53801,"X,spliced,unspliced"
2592,20366,GATCGATGTCCGAA,cell_34367,53801,"X,spliced,unspliced"
2593,20367,GATCGTGACCCTAC,cell_34369,53801,"X,spliced,unspliced"
2594,20368,GATCGTGAGGTAAA,cell_34371,53801,"X,spliced,unspliced"
2595,20373,GATCTTACTGGAGG,cell_34380,53801,"X,spliced,unspliced"
2596,20375,GATCTTTGTCTACT,cell_34384,53801,"X,spliced,unspliced"
2597,20376,GATGACACACACTG,cell_34385,53801,"X,spliced,unspliced"
2598,20378,GATGCAACCACTTT,cell_34389,53801,"X,spliced,unspliced"
2599,20380,GATGCATGATCAGC,cell_34395,53801,"X,spliced,unspliced"
2600,20383,GATGCCCTGTGTCA,cell_34402,53801,"X,spliced,unspliced"
2601,20384,GATGCCCTTAGACC,cell_34403,53801,"X,spliced,unspliced"
2602,20385,GATTACCTGGAGGT,cell_34405,53801,"X,spliced,unspliced"
2603,20388,GATTCGGATCGACA,cell_34409,53801,"X,spliced,unspliced"
2604,20389,GATTCTACAGAAGT,cell_34411,53801,"X,spliced,unspliced"
2605,20390,GATTCTTGTTCTGT,cell_34413,53801,"X,spliced,unspliced"
2606,20392,GATTGGACGATGAA,cell_34416,53801,"X,spliced,unspliced"
2607,20395,GATTGGTGACCAAC,cell_34419,53801,"X,spliced,unspliced"
2608,20396,GATTGGTGCACTAG,cell_34420,53801,"X,spliced,unspliced"
2609,20405,GATTTGCTCAGATC,cell_34430,53801,"X,spliced,unspliced"
2610,20413,GCAAACTGGTTGCA,cell_34444,53801,"X,spliced,unspliced"
2611,20416,GCAAACTGTGGTCA,cell_34448,53801,"X,spliced,unspliced"
2612,20417,GCAAACTGTTCACT,cell_34449,53801,"X,spliced,unspliced"
2613,20424,GCAATCGAGCTCCT,cell_34464,53801,"X,spliced,unspliced"
2614,20425,GCAATTCTAGTCAC,cell_34467,53801,"X,spliced,unspliced"
2615,20426,GCAATTCTATACCG,cell_34468,53801,"X,spliced,unspliced"
2616,20428,GCACAAACCTCGCT,cell_34471,53801,"X,spliced,unspliced"
2617,20429,GCACAAACGCGTAT,cell_34472,53801,"X,spliced,unspliced"
2618,20431,GCACAATGGCTCCT,cell_34477,53801,"X,spliced,unspliced"
2619,20433,GCACCTACAGGTCT,cell_34482,53801,"X,spliced,unspliced"
2620,20438,GCACCTTGTTCGGA,cell_34490,53801,"X,spliced,unspliced"
2621,20439,GCACGGACATCACG,cell_34491,53801,"X,spliced,unspliced"
2622,20441,GCACGGTGCCTTAT,cell_34495,53801,"X,spliced,unspliced"
2623,20442,GCACGGTGGCCTTC,cell_34496,53801,"X,spliced,unspliced"
2624,20444,GCACGTCTTTTACC,cell_34502,53801,"X,spliced,unspliced"
2625,20445,GCACTAGAGCCATA,cell_34503,53801,"X,spliced,unspliced"
2626,20447,GCACTAGATAGCCA,cell_34505,53801,"X,spliced,unspliced"
2627,20448,GCACTGCTGTTGGT,cell_34506,53801,"X,spliced,unspliced"
2628,20452,GCAGCGTGGAATAG,cell_34515,53801,"X,spliced,unspliced"
2629,20453,GCAGCGTGTTTCTG,cell_34517,53801,"X,spliced,unspliced"
2630,20457,GCAGCTCTTGCTTT,cell_34522,53801,"X,spliced,unspliced"
2631,20462,GCAGGGCTGCTAAC,cell_34532,53801,"X,spliced,unspliced"
2632,20466,GCAGTTGAGGTTAC,cell_34539,53801,"X,spliced,unspliced"
2633,20468,GCATCAGAGTGTAC,cell_34542,53801,"X,spliced,unspliced"
2634,20483,GCCACGGAGTTCTT,cell_34574,53801,"X,spliced,unspliced"
2635,20487,GCCACTACCAGAGG,cell_34578,53801,"X,spliced,unspliced"
2636,20496,GCCCAACTGAAACA,cell_34590,53801,"X,spliced,unspliced"
2637,20507,GCCGTACTGACAAA,cell_34612,53801,"X,spliced,unspliced"
2638,20519,GCCTCATGTCGTGA,cell_34632,53801,"X,spliced,unspliced"
2639,20520,GCCTCATGTTTCGT,cell_34633,53801,"X,spliced,unspliced"
2640,20526,GCGAGAGATATTCC,cell_34648,53801,"X,spliced,unspliced"
2641,20527,GCGAGCACGAATGA,cell_34651,53801,"X,spliced,unspliced"
2642,20529,GCGAGCACTGTTTC,cell_34654,53801,"X,spliced,unspliced"
2643,20532,GCGCATCTGTTCGA,cell_34662,53801,"X,spliced,unspliced"
2644,20534,GCGCGAACCCTTAT,cell_34665,53801,"X,spliced,unspliced"
2645,20537,GCGCGATGAACGAA,cell_34668,53801,"X,spliced,unspliced"
2646,20540,GCGGACTGAGGAGC,cell_34672,53801,"X,spliced,unspliced"
2647,20542,GCGGACTGGTTTGG,cell_34675,53801,"X,spliced,unspliced"
2648,20543,GCGGAGCTATTCCT,cell_34677,53801,"X,spliced,unspliced"
2649,20544,GCGGAGCTGAGGCA,cell_34678,53801,"X,spliced,unspliced"
2650,20547,GCGGCAACTCTCCG,cell_34686,53801,"X,spliced,unspliced"
2651,20548,GCGTAAACAAGTGA,cell_34689,53801,"X,spliced,unspliced"
2652,20552,GCGTAATGGAAACA,cell_34695,53801,"X,spliced,unspliced"
2653,20553,GCGTAATGGGGTGA,cell_34696,53801,"X,spliced,unspliced"
2654,20554,GCGTACCTATGTGC,cell_34697,53801,"X,spliced,unspliced"
2655,20556,GCGTACCTCTACGA,cell_34699,53801,"X,spliced,unspliced"
2656,20558,GCGTACCTTCCTGC,cell_34703,53801,"X,spliced,unspliced"
2657,20562,GCTACAGAGGACTT,cell_34712,53801,"X,spliced,unspliced"
2658,20564,GCTACCTGAAGGCG,cell_34714,53801,"X,spliced,unspliced"
2659,20568,GCTAGATGGTTACG,cell_34722,53801,"X,spliced,unspliced"
2660,20570,GCTCACTGGGATTC,cell_34730,53801,"X,spliced,unspliced"
2661,20572,GCTCAGCTCTATGG,cell_34735,53801,"X,spliced,unspliced"
2662,20573,GCTCAGCTGAAGGC,cell_34736,53801,"X,spliced,unspliced"
2663,20578,GCTCGACTAGCACT,cell_34742,53801,"X,spliced,unspliced"
2664,20583,GCTTGAGAAGGAGC,cell_34753,53801,"X,spliced,unspliced"
2665,20584,GGAACTACAAAACG,cell_34757,53801,"X,spliced,unspliced"
2666,20587,GGAACTTGGTCGTA,cell_34763,53801,"X,spliced,unspliced"
2667,20592,GGAAGGTGCGAGAG,cell_34772,53801,"X,spliced,unspliced"
2668,20593,GGAAGGTGGTGAGG,cell_34773,53801,"X,spliced,unspliced"
2669,20595,GGAATCTGCATGAC,cell_34777,53801,"X,spliced,unspliced"
2670,20597,GGAATGCTCGACAT,cell_34781,53801,"X,spliced,unspliced"
2671,20598,GGACAACTACGGAG,cell_34782,53801,"X,spliced,unspliced"
2672,20599,GGACAACTTAAGCC,cell_34784,53801,"X,spliced,unspliced"
2673,20601,GGACATTGACTGGT,cell_34786,53801,"X,spliced,unspliced"
2674,20603,GGACCCGACCCAAA,cell_34792,53801,"X,spliced,unspliced"
2675,20609,GGACGAGAACCAAC,cell_34802,53801,"X,spliced,unspliced"
2676,20611,GGACGCACGCATCA,cell_34806,53801,"X,spliced,unspliced"
2677,20614,GGACGCTGTTCTGT,cell_34813,53801,"X,spliced,unspliced"
2678,20617,GGACTATGGGTATC,cell_34816,53801,"X,spliced,unspliced"
2679,20621,GGAGACGAGTTTCT,cell_34821,53801,"X,spliced,unspliced"
2680,20623,GGAGAGACCCACCT,cell_34824,53801,"X,spliced,unspliced"
2681,20624,GGAGAGACCTCAAG,cell_34825,53801,"X,spliced,unspliced"
2682,20625,GGAGCAGAAGGTCT,cell_34826,53801,"X,spliced,unspliced"
2683,20628,GGAGCCACACCTCC,cell_34830,53801,"X,spliced,unspliced"
2684,20630,GGAGCCACCTTCCG,cell_34832,53801,"X,spliced,unspliced"
2685,20631,GGAGCCACGGATCT,cell_34833,53801,"X,spliced,unspliced"
2686,20632,GGAGCGCTAAACGA,cell_34834,53801,"X,spliced,unspliced"
2687,20634,GGAGGTGAATGTCG,cell_34840,53801,"X,spliced,unspliced"
2688,20637,GGAGTTACCCTATT,cell_34844,53801,"X,spliced,unspliced"
2689,20638,GGAGTTACCGATAC,cell_34845,53801,"X,spliced,unspliced"
2690,20646,GGATGTACCTGAAC,cell_34858,53801,"X,spliced,unspliced"
2691,20656,GGATTTCTCCAAGT,cell_34870,53801,"X,spliced,unspliced"
2692,20658,GGATTTCTTTACCT,cell_34872,53801,"X,spliced,unspliced"
2693,20671,GGCCACGATCAAGC,cell_34895,53801,"X,spliced,unspliced"
2694,20672,GGCCCAGAACGTGT,cell_34897,53801,"X,spliced,unspliced"
2695,20673,GGCCCAGACCTTGC,cell_34898,53801,"X,spliced,unspliced"
2696,20674,GGCCCAGATAGCCA,cell_34899,53801,"X,spliced,unspliced"
2697,20680,GGCCGATGGTTGTG,cell_34908,53801,"X,spliced,unspliced"
2698,20681,GGCGACACTCTCGC,cell_34913,53801,"X,spliced,unspliced"
2699,20688,GGCGGACTATTTCC,cell_34922,53801,"X,spliced,unspliced"
2700,20690,GGCTAAACTTACCT,cell_34925,53801,"X,spliced,unspliced"
2701,20694,GGCTAATGCAGAGG,cell_34929,53801,"X,spliced,unspliced"
2702,20697,GGCTCACTAGCGGA,cell_34935,53801,"X,spliced,unspliced"
2703,20702,GGGAAGACTTCATC,cell_34949,53801,"X,spliced,unspliced"
2704,20705,GGGAAGTGTAACCG,cell_34954,53801,"X,spliced,unspliced"
2705,20707,GGGACCACGAGGCA,cell_34957,53801,"X,spliced,unspliced"
2706,20709,GGGACCTGTTATCC,cell_34962,53801,"X,spliced,unspliced"
2707,20713,GGGATTACAGCGTT,cell_34966,53801,"X,spliced,unspliced"
2708,20715,GGGATTACTAGCCA,cell_34970,53801,"X,spliced,unspliced"
2709,20720,GGGCAGCTGTTACG,cell_34978,53801,"X,spliced,unspliced"
2710,20722,GGGCCAACATGGTC,cell_34981,53801,"X,spliced,unspliced"
2711,20724,GGGCCAACTGCCAA,cell_34984,53801,"X,spliced,unspliced"
2712,20725,GGGCCAACTGGTTG,cell_34985,53801,"X,spliced,unspliced"
2713,20727,GGGCCATGAGTCTG,cell_34987,53801,"X,spliced,unspliced"
2714,20729,GGGTAACTAAGCAA,cell_34989,53801,"X,spliced,unspliced"
2715,20730,GGGTTAACACCATG,cell_34992,53801,"X,spliced,unspliced"
2716,20731,GGGTTAACCACACA,cell_34993,53801,"X,spliced,unspliced"
2717,20735,GGTACAACATTCGG,cell_35002,53801,"X,spliced,unspliced"
2718,20741,GGTAGTACGGCATT,cell_35014,53801,"X,spliced,unspliced"
2719,20744,GGTATCGAGAGACG,cell_35018,53801,"X,spliced,unspliced"
2720,20748,GGTATGACTCAGAC,cell_35024,53801,"X,spliced,unspliced"
2721,20751,GGTCAAACCGTGTA,cell_35028,53801,"X,spliced,unspliced"
2722,20752,GGTCTAGACCATAG,cell_35030,53801,"X,spliced,unspliced"
2723,20756,GGTGGAGAGTTAGC,cell_35038,53801,"X,spliced,unspliced"
2724,20762,GTAACGTGACAGTC,cell_35048,53801,"X,spliced,unspliced"
2725,20769,GTAATAACCGTGTA,cell_35062,53801,"X,spliced,unspliced"
2726,20774,GTACCCTGGGATCT,cell_35073,53801,"X,spliced,unspliced"
2727,20779,GTACTACTTCAGTG,cell_35083,53801,"X,spliced,unspliced"
2728,20785,GTAGACTGACCTAG,cell_35092,53801,"X,spliced,unspliced"
2729,20788,GTAGCAACTAAGCC,cell_35102,53801,"X,spliced,unspliced"
2730,20790,GTAGCATGGCTAAC,cell_35107,53801,"X,spliced,unspliced"
2731,20792,GTAGCATGTACTGG,cell_35109,53801,"X,spliced,unspliced"
2732,20796,GTAGCCCTCATGCA,cell_35115,53801,"X,spliced,unspliced"
2733,20798,GTAGCCCTTGTGAC,cell_35119,53801,"X,spliced,unspliced"
2734,20800,GTAGCTGAATGCTG,cell_35121,53801,"X,spliced,unspliced"
2735,20801,GTAGCTGAGCTTAG,cell_35123,53801,"X,spliced,unspliced"
2736,20802,GTAGCTGAGGGCAA,cell_35124,53801,"X,spliced,unspliced"
2737,20809,GTAGTGTGGATACC,cell_35134,53801,"X,spliced,unspliced"
2738,20812,GTATCACTTTAGGC,cell_35142,53801,"X,spliced,unspliced"
2739,20813,GTATCTACATTGGC,cell_35144,53801,"X,spliced,unspliced"
2740,20814,GTATGGTGCTTCCG,cell_35145,53801,"X,spliced,unspliced"
2741,20817,GTATTCACGATACC,cell_35149,53801,"X,spliced,unspliced"
2742,20821,GTCAACGAGTATGC,cell_35157,53801,"X,spliced,unspliced"
2743,20824,GTCACAGAGTTGAC,cell_35161,53801,"X,spliced,unspliced"
2744,20825,GTCACCTGGTACGT,cell_35163,53801,"X,spliced,unspliced"
2745,20826,GTCACCTGTACGCA,cell_35165,53801,"X,spliced,unspliced"
2746,20832,GTCCAAGATCCAGA,cell_35173,53801,"X,spliced,unspliced"
2747,20834,GTCCACTGCTCAAG,cell_35176,53801,"X,spliced,unspliced"
2748,20842,GTCCCATGGTACGT,cell_35186,53801,"X,spliced,unspliced"
2749,20850,GTCGCACTCCCAAA,cell_35195,53801,"X,spliced,unspliced"
2750,20854,GTCGCACTTGACAC,cell_35199,53801,"X,spliced,unspliced"
2751,20858,GTCTAGGAAGGTCT,cell_35206,53801,"X,spliced,unspliced"
2752,20861,GTCTAGGAGGAACG,cell_35209,53801,"X,spliced,unspliced"
2753,20871,GTGACAACTCCGAA,cell_35224,53801,"X,spliced,unspliced"
2754,20873,GTGACCCTGGGACA,cell_35228,53801,"X,spliced,unspliced"
2755,20875,GTGACCCTTCAGAC,cell_35230,53801,"X,spliced,unspliced"
2756,20878,GTGAGGGATGCGTA,cell_35236,53801,"X,spliced,unspliced"
2757,20903,GTGGAGGATTGCTT,cell_35272,53801,"X,spliced,unspliced"
2758,20905,GTGGTAACTGTCGA,cell_35278,53801,"X,spliced,unspliced"
2759,20906,GTGGTAACTTCTAC,cell_35279,53801,"X,spliced,unspliced"
2760,20909,GTGTAGTGTACGAC,cell_35287,53801,"X,spliced,unspliced"
2761,20913,GTGTATCTTACTTC,cell_35294,53801,"X,spliced,unspliced"
2762,20914,GTGTATCTTAGCGT,cell_35295,53801,"X,spliced,unspliced"
2763,20915,GTGTCAGACACACA,cell_35296,53801,"X,spliced,unspliced"
2764,20917,GTGTGATGAGAGAT,cell_35300,53801,"X,spliced,unspliced"
2765,20918,GTGTGATGCGGAGA,cell_35302,53801,"X,spliced,unspliced"
2766,20919,GTGTGATGCTCCCA,cell_35303,53801,"X,spliced,unspliced"
2767,20920,GTGTGATGGTTACG,cell_35304,53801,"X,spliced,unspliced"
2768,20922,GTTAAAACGCGTTA,cell_35308,53801,"X,spliced,unspliced"
2769,20924,GTTAAAACTGGCAT,cell_35311,53801,"X,spliced,unspliced"
2770,20925,GTTAAATGTCGCTC,cell_35318,53801,"X,spliced,unspliced"
2771,20926,GTTAACCTGTGCTA,cell_35320,53801,"X,spliced,unspliced"
2772,20928,GTTACGGAGCCCTT,cell_35322,53801,"X,spliced,unspliced"
2773,20934,GTTAGGTGGAGGCA,cell_35331,53801,"X,spliced,unspliced"
2774,20936,GTTAGTCTACGTTG,cell_35333,53801,"X,spliced,unspliced"
2775,20940,GTTATAGATTCTTG,cell_35341,53801,"X,spliced,unspliced"
2776,20950,GTTCAACTATGTCG,cell_35354,53801,"X,spliced,unspliced"
2777,20954,GTTCAGGAGTGCAT,cell_35360,53801,"X,spliced,unspliced"
2778,20956,GTTGACGACAACTG,cell_35363,53801,"X,spliced,unspliced"
2779,20957,GTTGACGATGCGTA,cell_35365,53801,"X,spliced,unspliced"
2780,20959,GTTGGATGATGTCG,cell_35374,53801,"X,spliced,unspliced"
2781,20960,GTTGTACTAAAGTG,cell_35378,53801,"X,spliced,unspliced"
2782,20961,GTTGTACTCAGTTG,cell_35381,53801,"X,spliced,unspliced"
2783,20967,TAAACAACGCCTTC,cell_35390,53801,"X,spliced,unspliced"
2784,20973,TAAAGTTGCGTCTC,cell_35399,53801,"X,spliced,unspliced"
2785,20974,TAAAGTTGTTCCAT,cell_35400,53801,"X,spliced,unspliced"
2786,20976,TAAATCGAGTATGC,cell_35404,53801,"X,spliced,unspliced"
2787,20977,TAAATCGATTGCAG,cell_35405,53801,"X,spliced,unspliced"
2788,20986,TAACCGGAGCTCCT,cell_35422,53801,"X,spliced,unspliced"
2789,20990,TAACGTCTTTCTAC,cell_35428,53801,"X,spliced,unspliced"
2790,20992,TAACTCACCTACCC,cell_35431,53801,"X,spliced,unspliced"
2791,20997,TAAGATACCCAATG,cell_35442,53801,"X,spliced,unspliced"
2792,20998,TAAGATACGTAGCT,cell_35443,53801,"X,spliced,unspliced"
2793,20999,TAAGATACTAAAGG,cell_35444,53801,"X,spliced,unspliced"
2794,21002,TAAGCGTGACACCA,cell_35449,53801,"X,spliced,unspliced"
2795,21004,TAAGCTCTCCACCT,cell_35453,53801,"X,spliced,unspliced"
2796,21005,TAAGCTCTGGGATG,cell_35454,53801,"X,spliced,unspliced"
2797,21009,TAAGGCTGTACAGC,cell_35459,53801,"X,spliced,unspliced"
2798,21011,TAAGGCTGTGACTG,cell_35462,53801,"X,spliced,unspliced"
2799,21012,TAAGGGCTAGGTCT,cell_35464,53801,"X,spliced,unspliced"
2800,21013,TAAGGGCTCAAAGA,cell_35465,53801,"X,spliced,unspliced"
2801,21015,TAAGTAACAGGCGA,cell_35468,53801,"X,spliced,unspliced"
2802,21033,TACAATGATGTCTT,cell_35507,53801,"X,spliced,unspliced"
2803,21034,TACAATGATTATCC,cell_35508,53801,"X,spliced,unspliced"
2804,21035,TACACACTAGGAGC,cell_35510,53801,"X,spliced,unspliced"
2805,21039,TACATAGAACGGTT,cell_35514,53801,"X,spliced,unspliced"
2806,21041,TACATCACAGGTTC,cell_35518,53801,"X,spliced,unspliced"
2808,21045,TACCGCTGCGTAAC,cell_35525,53801,"X,spliced,unspliced"
2809,21048,TACCGGCTGTGTCA,cell_35529,53801,"X,spliced,unspliced"
2810,21055,TACGAGTGTGACCA,cell_35541,53801,"X,spliced,unspliced"
2811,21056,TACGAGTGTGGTTG,cell_35542,53801,"X,spliced,unspliced"
2812,21058,TACGATCTGAGAGC,cell_35546,53801,"X,spliced,unspliced"
2813,21062,TACGCAGAGCCTTC,cell_35551,53801,"X,spliced,unspliced"
2814,21067,TACGCGCTGCGATT,cell_35559,53801,"X,spliced,unspliced"
2815,21070,TACGGAACCTGGAT,cell_35564,53801,"X,spliced,unspliced"
2816,21072,TACGGAACTCGCAA,cell_35568,53801,"X,spliced,unspliced"
2817,21085,TACTACACTGTCAG,cell_35592,53801,"X,spliced,unspliced"
2818,21086,TACTACTGACAGCT,cell_35593,53801,"X,spliced,unspliced"
2819,21088,TACTACTGGCGGAA,cell_35595,53801,"X,spliced,unspliced"
2820,21090,TACTCAACTGTCTT,cell_35598,53801,"X,spliced,unspliced"
2821,21093,TACTCTGAGGACGA,cell_35606,53801,"X,spliced,unspliced"
2822,21096,TACTGGGATGGTAC,cell_35610,53801,"X,spliced,unspliced"
2823,21100,TACTTGACACACCA,cell_35614,53801,"X,spliced,unspliced"
2824,21101,TACTTGACATCTCT,cell_35616,53801,"X,spliced,unspliced"
2825,21102,TACTTTCTACGGTT,cell_35619,53801,"X,spliced,unspliced"
2826,21103,TACTTTCTGGTGAG,cell_35621,53801,"X,spliced,unspliced"
2827,21104,TAGAATACCCTGTC,cell_35624,53801,"X,spliced,unspliced"
2828,21109,TAGACGTGATCTTC,cell_35631,53801,"X,spliced,unspliced"
2829,21112,TAGACGTGGCTGAT,cell_35634,53801,"X,spliced,unspliced"
2830,21114,TAGACGTGGTATCG,cell_35636,53801,"X,spliced,unspliced"
2831,21115,TAGAGAGAACACGT,cell_35637,53801,"X,spliced,unspliced"
2832,21120,TAGATTGAACGTAC,cell_35644,53801,"X,spliced,unspliced"
2833,21121,TAGATTGACTCGCT,cell_35645,53801,"X,spliced,unspliced"
2834,21124,TAGCATCTCGACAT,cell_35650,53801,"X,spliced,unspliced"
2835,21128,TAGCCCTGCCTACC,cell_35658,53801,"X,spliced,unspliced"
2836,21129,TAGCCCTGCTTATC,cell_35659,53801,"X,spliced,unspliced"
2837,21130,TAGCCGCTAGTGCT,cell_35662,53801,"X,spliced,unspliced"
2838,21131,TAGCCGCTGGTACT,cell_35666,53801,"X,spliced,unspliced"
2839,21132,TAGCCGCTGTACGT,cell_35667,53801,"X,spliced,unspliced"
2840,21134,TAGCTACTCCCGTT,cell_35674,53801,"X,spliced,unspliced"
2841,21135,TAGCTACTGAACTC,cell_35675,53801,"X,spliced,unspliced"
2842,21136,TAGGACTGACACCA,cell_35676,53801,"X,spliced,unspliced"
2843,21138,TAGGAGCTGCCTTC,cell_35681,53801,"X,spliced,unspliced"
2844,21141,TAGGCATGCGAGTT,cell_35685,53801,"X,spliced,unspliced"
2845,21142,TAGGCATGTCTTAC,cell_35687,53801,"X,spliced,unspliced"
2846,21143,TAGGCTGAATGTCG,cell_35689,53801,"X,spliced,unspliced"
2847,21149,TAGGGACTGTCATG,cell_35698,53801,"X,spliced,unspliced"
2848,21151,TAGGTCGACCTCAC,cell_35703,53801,"X,spliced,unspliced"
2849,21152,TAGGTCGAGGCGAA,cell_35704,53801,"X,spliced,unspliced"
2850,21154,TAGGTGACTTGAGC,cell_35707,53801,"X,spliced,unspliced"
2851,21158,TAGGTTCTCGACAT,cell_35712,53801,"X,spliced,unspliced"
2852,21159,TAGTAAACCATGCA,cell_35714,53801,"X,spliced,unspliced"
2853,21161,TAGTAATGGACGTT,cell_35717,53801,"X,spliced,unspliced"
2854,21163,TAGTAATGTTTCAC,cell_35720,53801,"X,spliced,unspliced"
2855,21164,TAGTACCTACTGTG,cell_35721,53801,"X,spliced,unspliced"
2856,21168,TAGTACCTTTGGTG,cell_35726,53801,"X,spliced,unspliced"
2857,21171,TAGTATGAGATAGA,cell_35730,53801,"X,spliced,unspliced"
2858,21174,TAGTCACTGTGTCA,cell_35735,53801,"X,spliced,unspliced"
2859,21182,TAGTTAGATACGAC,cell_35746,53801,"X,spliced,unspliced"
2860,21183,TAGTTAGATGCACA,cell_35747,53801,"X,spliced,unspliced"
2861,21186,TATAAGACACACGT,cell_35754,53801,"X,spliced,unspliced"
2862,21187,TATAAGACGAGGAC,cell_35757,53801,"X,spliced,unspliced"
2863,21189,TATAAGACTACTTC,cell_35760,53801,"X,spliced,unspliced"
2864,21201,TATAGATGCTACGA,cell_35777,53801,"X,spliced,unspliced"
2865,21204,TATAGCCTAGTCAC,cell_35780,53801,"X,spliced,unspliced"
2866,21213,TATCCAACACGCAT,cell_35798,53801,"X,spliced,unspliced"
2867,21214,TATCCAACTGCTTT,cell_35801,53801,"X,spliced,unspliced"
2868,21215,TATCCTGAAGCATC,cell_35803,53801,"X,spliced,unspliced"
2869,21220,TATCTCGACTTGGA,cell_35811,53801,"X,spliced,unspliced"
2870,21225,TATCTGACTGCAGT,cell_35818,53801,"X,spliced,unspliced"
2871,21227,TATCTTCTCGCCTT,cell_35821,53801,"X,spliced,unspliced"
2872,21234,TATGCGGAAACCAC,cell_35828,53801,"X,spliced,unspliced"
2873,21237,TATGGGACCCCAAA,cell_35831,53801,"X,spliced,unspliced"
2874,21239,TATGGGTGCCGAAT,cell_35836,53801,"X,spliced,unspliced"
2875,21240,TATGGGTGGCTTCC,cell_35838,53801,"X,spliced,unspliced"
2876,21243,TATGGTCTATCGTG,cell_35841,53801,"X,spliced,unspliced"
2877,21244,TATGGTCTTACAGC,cell_35843,53801,"X,spliced,unspliced"
2878,21245,TATGTCACAGATGA,cell_35845,53801,"X,spliced,unspliced"
2879,21247,TATGTCTGAAGGCG,cell_35849,53801,"X,spliced,unspliced"
2880,21250,TATTGCTGCTCCCA,cell_35856,53801,"X,spliced,unspliced"
2881,21255,TCAACACTTATTCC,cell_35866,53801,"X,spliced,unspliced"
2882,21256,TCAACACTTCACCC,cell_35867,53801,"X,spliced,unspliced"
2883,21259,TCAAGGTGCTTGGA,cell_35873,53801,"X,spliced,unspliced"
2884,21260,TCAAGGTGGGTTAC,cell_35874,53801,"X,spliced,unspliced"
2885,21262,TCAAGGTGTCAAGC,cell_35876,53801,"X,spliced,unspliced"
2886,21266,TCACAACTAGAATG,cell_35887,53801,"X,spliced,unspliced"
2887,21272,TCACCCGATGTCCC,cell_35901,53801,"X,spliced,unspliced"
2889,21278,TCACCTCTTACTTC,cell_35910,53801,"X,spliced,unspliced"
2890,21279,TCACGAGAACTCTT,cell_35913,53801,"X,spliced,unspliced"
2891,21281,TCACGAGAGATAAG,cell_35915,53801,"X,spliced,unspliced"
2892,21288,TCAGAGACCTCGAA,cell_35927,53801,"X,spliced,unspliced"
2893,21289,TCAGAGACGTTGTG,cell_35929,53801,"X,spliced,unspliced"
2894,21291,TCAGCAGAATCGTG,cell_35931,53801,"X,spliced,unspliced"
2895,21292,TCAGCAGAATGCTG,cell_35932,53801,"X,spliced,unspliced"
2896,21294,TCAGCAGATTAGGC,cell_35935,53801,"X,spliced,unspliced"
2897,21297,TCAGGATGCACTCC,cell_35940,53801,"X,spliced,unspliced"
2898,21301,TCAGTGGATGCCTC,cell_35945,53801,"X,spliced,unspliced"
2899,21305,TCAGTTACGACGTT,cell_35949,53801,"X,spliced,unspliced"
2900,21306,TCAGTTACGACTAC,cell_35950,53801,"X,spliced,unspliced"
2901,21309,TCATCAACGATAAG,cell_35954,53801,"X,spliced,unspliced"
2902,21312,TCATCATGGGCGAA,cell_35960,53801,"X,spliced,unspliced"
2903,21313,TCATCCCTCTTGTT,cell_35962,53801,"X,spliced,unspliced"
2904,21316,TCATCCCTTGATGC,cell_35967,53801,"X,spliced,unspliced"
2905,21317,TCATGTACATAAGG,cell_35969,53801,"X,spliced,unspliced"
2906,21321,TCATGTACTTTGTC,cell_35974,53801,"X,spliced,unspliced"
2907,21326,TCCACGTGGTTCGA,cell_35981,53801,"X,spliced,unspliced"
2908,21327,TCCACGTGTATCTC,cell_35982,53801,"X,spliced,unspliced"
2909,21328,TCCACTCTACCAAC,cell_35983,53801,"X,spliced,unspliced"
2910,21332,TCCAGAGATCGCTC,cell_35989,53801,"X,spliced,unspliced"
2911,21336,TCCCACGAGGGTGA,cell_35998,53801,"X,spliced,unspliced"
2912,21338,TCCCACGATCTGGA,cell_36000,53801,"X,spliced,unspliced"
2913,21340,TCCCAGACGAGGAC,cell_36004,53801,"X,spliced,unspliced"
2914,21341,TCCCAGACGGTCTA,cell_36005,53801,"X,spliced,unspliced"
2915,21342,TCCCATCTAAGTGA,cell_36006,53801,"X,spliced,unspliced"
2916,21346,TCCCGAACTCGCTC,cell_36014,53801,"X,spliced,unspliced"
2917,21351,TCCGAAGACCCGTT,cell_36025,53801,"X,spliced,unspliced"
2918,21355,TCCGAGCTCAAGCT,cell_36031,53801,"X,spliced,unspliced"
2919,21358,TCCGAGCTGGTATC,cell_36036,53801,"X,spliced,unspliced"
2920,21360,TCCTAAACAGGGTG,cell_36040,53801,"X,spliced,unspliced"
2921,21367,TCCTAATGTACTTC,cell_36050,53801,"X,spliced,unspliced"
2922,21370,TCGAATCTGGATCT,cell_36059,53801,"X,spliced,unspliced"
2923,21371,TCGAATCTGTTGTG,cell_36060,53801,"X,spliced,unspliced"
2924,21373,TCGACCTGCTATTC,cell_36065,53801,"X,spliced,unspliced"
2925,21385,TCGATTTGACACTG,cell_36084,53801,"X,spliced,unspliced"
2926,21387,TCGCAAGAGATAAG,cell_36089,53801,"X,spliced,unspliced"
2927,21390,TCGCAGCTTTCTAC,cell_36097,53801,"X,spliced,unspliced"
2928,21392,TCGCCATGCCGTTC,cell_36099,53801,"X,spliced,unspliced"
2929,21397,TCGGTAGAAACGGG,cell_36109,53801,"X,spliced,unspliced"
2930,21398,TCGGTAGACGTAAC,cell_36110,53801,"X,spliced,unspliced"
2931,21399,TCGGTAGACGTACA,cell_36111,53801,"X,spliced,unspliced"
2932,21403,TCGTAGGATGAGCT,cell_36119,53801,"X,spliced,unspliced"
2933,21405,TCGTGAGACTCGAA,cell_36124,53801,"X,spliced,unspliced"
2934,21411,TCGTTATGGATAGA,cell_36131,53801,"X,spliced,unspliced"
2935,21420,TCTAAGCTCACAAC,cell_36144,53801,"X,spliced,unspliced"
2936,21421,TCTAAGCTCTTTAC,cell_36145,53801,"X,spliced,unspliced"
2937,21423,TCTAAGCTGTTCTT,cell_36147,53801,"X,spliced,unspliced"
2938,21426,TCTAAGCTTTCTCA,cell_36150,53801,"X,spliced,unspliced"
2939,21431,TCTAGACTAAGGCG,cell_36156,53801,"X,spliced,unspliced"
2940,21433,TCTAGACTGTGTCA,cell_36160,53801,"X,spliced,unspliced"
2941,21436,TCTATGTGAGAATG,cell_36166,53801,"X,spliced,unspliced"
2942,21440,TCTCAAACGCATAC,cell_36172,53801,"X,spliced,unspliced"
2943,21441,TCTCCACTCTTCTA,cell_36176,53801,"X,spliced,unspliced"
2945,21448,TCTTACGACATTCT,cell_36189,53801,"X,spliced,unspliced"
2946,21451,TCTTGATGAAAGTG,cell_36192,53801,"X,spliced,unspliced"
2947,21455,TGAAATTGATAAGG,cell_36198,53801,"X,spliced,unspliced"
2948,21457,TGAACCGAAGGTCT,cell_36202,53801,"X,spliced,unspliced"
2949,21458,TGAACCGAGTTGTG,cell_36203,53801,"X,spliced,unspliced"
2950,21461,TGAAGCTGTTCATC,cell_36212,53801,"X,spliced,unspliced"
2951,21469,TGACCGCTATCAGC,cell_36228,53801,"X,spliced,unspliced"
2952,21480,TGACTTACGTGTAC,cell_36252,53801,"X,spliced,unspliced"
2953,21481,TGACTTTGATCGTG,cell_36253,53801,"X,spliced,unspliced"
2954,21486,TGAGACACCGGAGA,cell_36260,53801,"X,spliced,unspliced"
2955,21491,TGAGCTGAGGTGAG,cell_36270,53801,"X,spliced,unspliced"
2956,21497,TGAGGTACCTAGAC,cell_36279,53801,"X,spliced,unspliced"
2957,21508,TGATCGGAACCAAC,cell_36302,53801,"X,spliced,unspliced"
2958,21509,TGATCGGACTTGAG,cell_36304,53801,"X,spliced,unspliced"
2959,21511,TGATCGGATCCTTA,cell_36306,53801,"X,spliced,unspliced"
2960,21512,TGATTAGAAAAGCA,cell_36309,53801,"X,spliced,unspliced"
2961,21514,TGATTCACAGTAGA,cell_36313,53801,"X,spliced,unspliced"
2962,21515,TGATTCTGTTGAGC,cell_36318,53801,"X,spliced,unspliced"
2963,21518,TGCAACGAATTTCC,cell_36321,53801,"X,spliced,unspliced"
2964,21521,TGCAACGATGTGCA,cell_36327,53801,"X,spliced,unspliced"
2965,21534,TGCATGGACATGAC,cell_36350,53801,"X,spliced,unspliced"
2966,21537,TGCATGGATGACCA,cell_36353,53801,"X,spliced,unspliced"
2967,21539,TGCCAAGAGTGCTA,cell_36356,53801,"X,spliced,unspliced"
2968,21541,TGCCAGCTGATGAA,cell_36361,53801,"X,spliced,unspliced"
2969,21543,TGCCAGCTGTTGAC,cell_36363,53801,"X,spliced,unspliced"
2970,21544,TGCCAGCTTCAGGT,cell_36365,53801,"X,spliced,unspliced"
2971,21547,TGCCCAACCCTGAA,cell_36369,53801,"X,spliced,unspliced"
2972,21549,TGCCCAACTACGAC,cell_36371,53801,"X,spliced,unspliced"
2973,21552,TGCCGACTACAGTC,cell_36374,53801,"X,spliced,unspliced"
2974,21557,TGCGATGACCAGTA,cell_36385,53801,"X,spliced,unspliced"
2975,21560,TGCGCACTATGGTC,cell_36388,53801,"X,spliced,unspliced"
2976,21561,TGCGCACTCAACCA,cell_36389,53801,"X,spliced,unspliced"
2977,21562,TGCGCACTCCCGTT,cell_36390,53801,"X,spliced,unspliced"
2978,21564,TGCGTAGAGTTGCA,cell_36393,53801,"X,spliced,unspliced"
2979,21567,TGCTAGGATCATTC,cell_36399,53801,"X,spliced,unspliced"
2980,21568,TGCTATACACTACG,cell_36400,53801,"X,spliced,unspliced"
2981,21571,TGCTATACGGGCAA,cell_36404,53801,"X,spliced,unspliced"
2982,21576,TGCTTAACGAAGGC,cell_36410,53801,"X,spliced,unspliced"
2983,21581,TGGAAGCTCCTTAT,cell_36418,53801,"X,spliced,unspliced"
2984,21583,TGGACCCTTACTCT,cell_36423,53801,"X,spliced,unspliced"
2985,21584,TGGAGACTATTGGC,cell_36426,53801,"X,spliced,unspliced"
2986,21586,TGGAGGGAAGAAGT,cell_36431,53801,"X,spliced,unspliced"
2987,21592,TGGATGACAACGGG,cell_36438,53801,"X,spliced,unspliced"
2988,21593,TGGATGTGAACGTC,cell_36440,53801,"X,spliced,unspliced"
2989,21595,TGGGTATGCTATTC,cell_36448,53801,"X,spliced,unspliced"
2990,21598,TGGTACGACCTATT,cell_36453,53801,"X,spliced,unspliced"
2991,21599,TGGTACGAGTGTCA,cell_36456,53801,"X,spliced,unspliced"
2992,21602,TGGTAGTGTCCCAC,cell_36463,53801,"X,spliced,unspliced"
2993,21603,TGGTCAGAGATGAA,cell_36465,53801,"X,spliced,unspliced"
2994,21607,TGTAAAACGGTTAC,cell_36473,53801,"X,spliced,unspliced"
2995,21608,TGTAAAACGTATGC,cell_36474,53801,"X,spliced,unspliced"
2996,21610,TGTAACCTTAGTCG,cell_36478,53801,"X,spliced,unspliced"
2997,21611,TGTAATGAACGACT,cell_36479,53801,"X,spliced,unspliced"
2998,21613,TGTAATGATTACTC,cell_36483,53801,"X,spliced,unspliced"
2999,21616,TGTAGGTGTGGAAA,cell_36490,53801,"X,spliced,unspliced"
3000,21619,TGTATCTGTCATTC,cell_36500,53801,"X,spliced,unspliced"
3001,21620,TGTATGCTACGACT,cell_36501,53801,"X,spliced,unspliced"
3002,21622,TGTATGCTGGTACT,cell_36504,53801,"X,spliced,unspliced"
3003,21628,TGTCTAACTCCTAT,cell_36512,53801,"X,spliced,unspliced"
3004,21631,TGTGACGACTTACT,cell_36515,53801,"X,spliced,unspliced"
3005,21639,TGTTACACTTCCGC,cell_36535,53801,"X,spliced,unspliced"
3006,21640,TGTTACTGTGTCTT,cell_36540,53801,"X,spliced,unspliced"
3007,21644,TTACACACGGAGTG,cell_36546,53801,"X,spliced,unspliced"
3008,21650,TTACCATGCTCTCG,cell_36555,53801,"X,spliced,unspliced"
3009,21652,TTACCATGGTAAAG,cell_36557,53801,"X,spliced,unspliced"
3010,21655,TTACGACTCGAGTT,cell_36562,53801,"X,spliced,unspliced"
3011,21658,TTACGACTTGTGAC,cell_36565,53801,"X,spliced,unspliced"
3012,21662,TTACGTACTGCTTT,cell_36570,53801,"X,spliced,unspliced"
3013,21663,TTACTCGACTCAGA,cell_36572,53801,"X,spliced,unspliced"
3014,21664,TTAGAATGGGTGTT,cell_36576,53801,"X,spliced,unspliced"
3015,21667,TTAGACCTCTGAGT,cell_36579,53801,"X,spliced,unspliced"
3016,21673,TTAGCTACGAATAG,cell_36587,53801,"X,spliced,unspliced"
3017,21680,TTAGGGTGCTTGGA,cell_36596,53801,"X,spliced,unspliced"
3018,21685,TTAGGTCTCGATAC,cell_36601,53801,"X,spliced,unspliced"
3019,21687,TTAGGTCTTTCAGG,cell_36604,53801,"X,spliced,unspliced"
3020,21689,TTAGTCACTCATTC,cell_36607,53801,"X,spliced,unspliced"
3021,21690,TTAGTCTGAAGTAG,cell_36608,53801,"X,spliced,unspliced"
3022,21694,TTATGAGAAGGCGA,cell_36617,53801,"X,spliced,unspliced"
3023,21695,TTATGAGACCCGTT,cell_36618,53801,"X,spliced,unspliced"
3024,21696,TTATGAGACCCTCA,cell_36619,53801,"X,spliced,unspliced"
3025,21701,TTCAACACATAAGG,cell_36634,53801,"X,spliced,unspliced"
3026,21702,TTCAACACTATGGC,cell_36636,53801,"X,spliced,unspliced"
3027,21707,TTCACAACCTCAGA,cell_36646,53801,"X,spliced,unspliced"
3028,21709,TTCACAACGTGCTA,cell_36648,53801,"X,spliced,unspliced"
3029,21710,TTCACAACTTTGCT,cell_36649,53801,"X,spliced,unspliced"
3030,21712,TTCAGTACGGTCAT,cell_36658,53801,"X,spliced,unspliced"
3031,21713,TTCAGTTGACCAAC,cell_36659,53801,"X,spliced,unspliced"
3032,21714,TTCAGTTGACGACT,cell_36660,53801,"X,spliced,unspliced"
3033,21718,TTCATCGACATGCA,cell_36668,53801,"X,spliced,unspliced"
3034,21720,TTCATCGATTAGGC,cell_36672,53801,"X,spliced,unspliced"
3035,21726,TTCATGTGCCCTAC,cell_36680,53801,"X,spliced,unspliced"
3036,21731,TTCCAAACAGCAAA,cell_36689,53801,"X,spliced,unspliced"
3037,21732,TTCCAAACCATGAC,cell_36690,53801,"X,spliced,unspliced"
3038,21733,TTCCAAACGGTGTT,cell_36693,53801,"X,spliced,unspliced"
3039,21736,TTCCATGAAGTTCG,cell_36697,53801,"X,spliced,unspliced"
3040,21738,TTCCATGAATGCCA,cell_36699,53801,"X,spliced,unspliced"
3041,21742,TTCCCACTCTTCCG,cell_36706,53801,"X,spliced,unspliced"
3042,21745,TTCGAGGAGAATCC,cell_36711,53801,"X,spliced,unspliced"
3043,21747,TTCGATTGGGATCT,cell_36717,53801,"X,spliced,unspliced"
3044,21749,TTCGATTGTCCTAT,cell_36719,53801,"X,spliced,unspliced"
3045,21750,TTCGGAGACTCCAC,cell_36724,53801,"X,spliced,unspliced"
3046,21752,TTCGGAGATGGGAG,cell_36727,53801,"X,spliced,unspliced"
3047,21757,TTCTACGAGACTAC,cell_36735,53801,"X,spliced,unspliced"
3048,21762,TTCTCAGAAGATCC,cell_36743,53801,"X,spliced,unspliced"
3049,21763,TTCTCAGATCCTCG,cell_36746,53801,"X,spliced,unspliced"
3050,21765,TTCTGATGAGAATG,cell_36748,53801,"X,spliced,unspliced"
3051,21769,TTGAACCTTGTTTC,cell_36758,53801,"X,spliced,unspliced"
3052,21773,TTGACACTGTGCAT,cell_36766,53801,"X,spliced,unspliced"
3053,21775,TTGAGGTGACACGT,cell_36770,53801,"X,spliced,unspliced"
3054,21777,TTGAGGTGCCTAAG,cell_36774,53801,"X,spliced,unspliced"
3055,21785,TTGCTAACGTTGTG,cell_36792,53801,"X,spliced,unspliced"
3056,21789,TTGCTATGTCTTTG,cell_36797,53801,"X,spliced,unspliced"
3057,21793,TTGGTACTATTCCT,cell_36805,53801,"X,spliced,unspliced"
3058,21796,TTGTACACCTTTAC,cell_36811,53801,"X,spliced,unspliced"
3059,21797,TTGTACACTATCTC,cell_36812,53801,"X,spliced,unspliced"
3060,21803,TTTAGCTGTATGGC,cell_36825,53801,"X,spliced,unspliced"
3061,21805,TTTATCCTACTCTT,cell_36829,53801,"X,spliced,unspliced"
3062,21807,TTTATCCTTAGACC,cell_36831,53801,"X,spliced,unspliced"
3063,21810,TTTCAGTGACACGT,cell_36840,53801,"X,spliced,unspliced"
3064,21813,TTTCAGTGGGTAAA,cell_36843,53801,"X,spliced,unspliced"
3065,21815,TTTCCAGACTTCGC,cell_36847,53801,"X,spliced,unspliced"
3066,21816,TTTCCAGATTAGGC,cell_36848,53801,"X,spliced,unspliced"
3067,21823,TTTGACTGCGTGAT,cell_36859,53801,"X,spliced,unspliced"
3068,21826,TTTGCATGCTGAGT,cell_36863,53801,"X,spliced,unspliced"
3069,21827,TTTGCATGTCAAGC,cell_36864,53801,"X,spliced,unspliced"
3070,21830,AAACATTGGACGAG,cell_36867,53801,"X,spliced,unspliced"
3071,21837,AAACGCTGCCGAAT,cell_36875,53801,"X,spliced,unspliced"
3072,21844,AAAGACGAAGACTC,cell_36882,53801,"X,spliced,unspliced"
3073,21846,AAAGACGATACTGG,cell_36885,53801,"X,spliced,unspliced"
3074,21849,AAAGCAGACCGATA,cell_36888,53801,"X,spliced,unspliced"
3075,21852,AAAGGCCTGAATGA,cell_36892,53801,"X,spliced,unspliced"
3076,21864,AAATCTGAGCCATA,cell_36904,53801,"X,spliced,unspliced"
3077,21865,AAATGGGACAACCA,cell_36905,53801,"X,spliced,unspliced"
3078,21867,AAATGGGAGACAAA,cell_36907,53801,"X,spliced,unspliced"
3079,21871,AAATTCGATTTGCT,cell_36911,53801,"X,spliced,unspliced"
3080,21880,AACACGTGGCAAGG,cell_36922,53801,"X,spliced,unspliced"
3081,21886,AACAGAGAGAAGGC,cell_36930,53801,"X,spliced,unspliced"
3082,21890,AACATATGCTGTCC,cell_36934,53801,"X,spliced,unspliced"
3083,21906,AACCCAGATCTTCA,cell_36951,53801,"X,spliced,unspliced"
3084,21907,AACCGCCTTTCCGC,cell_36953,53801,"X,spliced,unspliced"
3085,21911,AACCTTTGTACGAC,cell_36959,53801,"X,spliced,unspliced"
3086,21924,AACGGTTGCGCTAA,cell_36975,53801,"X,spliced,unspliced"
3087,21925,AACGTCGAATTGGC,cell_36977,53801,"X,spliced,unspliced"
3088,21931,AACGTTCTGCAGAG,cell_36983,53801,"X,spliced,unspliced"
3089,21938,AACTCGGAAGCGTT,cell_36990,53801,"X,spliced,unspliced"
3090,21940,AACTCGGACTAGTG,cell_36992,53801,"X,spliced,unspliced"
3091,21951,AAGAACGAAGAACA,cell_37004,53801,"X,spliced,unspliced"
3092,21954,AAGAAGACAAGAAC,cell_37008,53801,"X,spliced,unspliced"
3093,21961,AAGAGATGGCTTCC,cell_37019,53801,"X,spliced,unspliced"
3094,21976,AAGCGACTTTGACG,cell_37040,53801,"X,spliced,unspliced"
3095,21995,AAGTATACTGTCCC,cell_37063,53801,"X,spliced,unspliced"
3096,22000,AAGTCTCTATCAGC,cell_37070,53801,"X,spliced,unspliced"
3097,22010,AATACCCTAGATCC,cell_37084,53801,"X,spliced,unspliced"
3098,22013,AATACTGAAAGGCG,cell_37087,53801,"X,spliced,unspliced"
3099,22025,AATCAAACCACCAA,cell_37101,53801,"X,spliced,unspliced"
3100,22027,AATCCGGACTGGAT,cell_37104,53801,"X,spliced,unspliced"
3101,22039,AATCTCACCTCTAT,cell_37118,53801,"X,spliced,unspliced"
3102,22041,AATCTCACGTTTGG,cell_37120,53801,"X,spliced,unspliced"
3103,22045,AATCTCTGCGGAGA,cell_37128,53801,"X,spliced,unspliced"
3104,22048,AATGAGGACTCCCA,cell_37131,53801,"X,spliced,unspliced"
3105,22062,AATGTCCTATTCGG,cell_37149,53801,"X,spliced,unspliced"
3106,22065,AATTACGACCGAAT,cell_37153,53801,"X,spliced,unspliced"
3107,22089,ACAATTGAGACGTT,cell_37181,53801,"X,spliced,unspliced"
3108,22092,ACAATTGATTGAGC,cell_37184,53801,"X,spliced,unspliced"
3109,22096,ACACATCTTGTGCA,cell_37188,53801,"X,spliced,unspliced"
3110,22099,ACACCCTGTTGCAG,cell_37191,53801,"X,spliced,unspliced"
3111,22101,ACACGAACGAGGCA,cell_37193,53801,"X,spliced,unspliced"
3112,22106,ACACGTGAATTCCT,cell_37199,53801,"X,spliced,unspliced"
3113,22108,ACACGTGAGGTTAC,cell_37201,53801,"X,spliced,unspliced"
3114,22115,ACAGGTACACGGGA,cell_37209,53801,"X,spliced,unspliced"
3115,22116,ACAGGTACCCTTTA,cell_37210,53801,"X,spliced,unspliced"
3116,22135,ACAGTGTGTGAGAA,cell_37229,53801,"X,spliced,unspliced"
3117,22139,ACATACCTACCTTT,cell_37233,53801,"X,spliced,unspliced"
3118,22150,ACCACAGAGGCGAA,cell_37250,53801,"X,spliced,unspliced"
3119,22151,ACCACCTGACGACT,cell_37251,53801,"X,spliced,unspliced"
3120,22154,ACCACCTGTCGACA,cell_37254,53801,"X,spliced,unspliced"
3121,22176,ACCATTTGTAACGC,cell_37277,53801,"X,spliced,unspliced"
3122,22180,ACCCAAGATTTCTG,cell_37283,53801,"X,spliced,unspliced"
3123,22185,ACCCGTACCATGGT,cell_37290,53801,"X,spliced,unspliced"
3124,22186,ACCCGTACGAGCAG,cell_37291,53801,"X,spliced,unspliced"
3125,22188,ACCCGTACTATCTC,cell_37293,53801,"X,spliced,unspliced"
3126,22190,ACCCGTTGTCAGAC,cell_37295,53801,"X,spliced,unspliced"
3127,22193,ACCGTGCTACACAC,cell_37302,53801,"X,spliced,unspliced"
3128,22199,ACCTCCGATGTCGA,cell_37310,53801,"X,spliced,unspliced"
3129,22200,ACCTCGTGCGAGTT,cell_37312,53801,"X,spliced,unspliced"
3130,22205,ACCTGGCTCCAAGT,cell_37320,53801,"X,spliced,unspliced"
3131,22207,ACCTGGCTTCCTTA,cell_37322,53801,"X,spliced,unspliced"
3132,22209,ACCTTTGATGAACC,cell_37325,53801,"X,spliced,unspliced"
3133,22218,ACGAAGCTCAAAGA,cell_37334,53801,"X,spliced,unspliced"
3134,22222,ACGACCCTACCAAC,cell_37340,53801,"X,spliced,unspliced"
3135,22230,ACGATCGATCATTC,cell_37350,53801,"X,spliced,unspliced"
3136,22233,ACGATGACACTGTG,cell_37354,53801,"X,spliced,unspliced"
3137,22235,ACGATGACCGTTGA,cell_37356,53801,"X,spliced,unspliced"
3138,22237,ACGATTCTAGTACC,cell_37358,53801,"X,spliced,unspliced"
3139,22245,ACGCACCTGGTAGG,cell_37368,53801,"X,spliced,unspliced"
3140,22246,ACGCACCTTCTGGA,cell_37369,53801,"X,spliced,unspliced"
3141,22249,ACGCCACTCTAGAC,cell_37372,53801,"X,spliced,unspliced"
3142,22251,ACGCCACTTACTTC,cell_37374,53801,"X,spliced,unspliced"
3143,22252,ACGCCACTTGAACC,cell_37375,53801,"X,spliced,unspliced"
3144,22255,ACGCCTTGTAAAGG,cell_37378,53801,"X,spliced,unspliced"
3145,22260,ACGCTGCTACCATG,cell_37384,53801,"X,spliced,unspliced"
3146,22263,ACGGAACTCATGCA,cell_37387,53801,"X,spliced,unspliced"
3147,22266,ACGGAACTTTGGTG,cell_37390,53801,"X,spliced,unspliced"
3148,22269,ACGGAGGACCTTTA,cell_37393,53801,"X,spliced,unspliced"
3149,22273,ACGGATTGTGGAAA,cell_37399,53801,"X,spliced,unspliced"
3150,22280,ACGGGAGAGGTGAG,cell_37407,53801,"X,spliced,unspliced"
3151,22285,ACGGTCCTACAGCT,cell_37414,53801,"X,spliced,unspliced"
3152,22290,ACGTCAGAGGTTTG,cell_37421,53801,"X,spliced,unspliced"
3153,22293,ACGTCAGAGTTTGG,cell_37424,53801,"X,spliced,unspliced"
3154,22305,ACTACTACACACCA,cell_37440,53801,"X,spliced,unspliced"
3155,22330,ACTCGCACTGCTAG,cell_37467,53801,"X,spliced,unspliced"
3156,22332,ACTCTATGCTAGTG,cell_37469,53801,"X,spliced,unspliced"
3157,22334,ACTCTCCTAACGAA,cell_37471,53801,"X,spliced,unspliced"
3158,22336,ACTCTCCTTAAAGG,cell_37474,53801,"X,spliced,unspliced"
3159,22345,ACTGCCTGTAAAGG,cell_37485,53801,"X,spliced,unspliced"
3160,22348,ACTGGCCTCCAATG,cell_37489,53801,"X,spliced,unspliced"
3161,22356,ACTTCAACTTTGGG,cell_37499,53801,"X,spliced,unspliced"
3162,22373,AGAACAGAACGTAC,cell_37523,53801,"X,spliced,unspliced"
3163,22378,AGAAGATGCTAAGC,cell_37530,53801,"X,spliced,unspliced"
3164,22380,AGAATACTAGTAGA,cell_37532,53801,"X,spliced,unspliced"
3165,22392,AGACTCGATCCTAT,cell_37548,53801,"X,spliced,unspliced"
3166,22395,AGACTGACGTTCAG,cell_37551,53801,"X,spliced,unspliced"
3167,22396,AGACTTCTACTCAG,cell_37552,53801,"X,spliced,unspliced"
3168,22402,AGAGAATGATCGTG,cell_37558,53801,"X,spliced,unspliced"
3169,22407,AGAGCGGATTCTCA,cell_37564,53801,"X,spliced,unspliced"
3170,22409,AGAGCTACGAGGTG,cell_37566,53801,"X,spliced,unspliced"
3171,22415,AGAGTCTGCCAAGT,cell_37573,53801,"X,spliced,unspliced"
3172,22419,AGATATACTGTAGC,cell_37580,53801,"X,spliced,unspliced"
3173,22420,AGATATACTTCTGT,cell_37581,53801,"X,spliced,unspliced"
3174,22422,AGATATTGCTTGGA,cell_37584,53801,"X,spliced,unspliced"
3175,22429,AGATTAACCTTCTA,cell_37592,53801,"X,spliced,unspliced"
3176,22430,AGATTAACGAAAGT,cell_37593,53801,"X,spliced,unspliced"
3177,22432,AGATTCCTGTTCAG,cell_37595,53801,"X,spliced,unspliced"
3178,22438,AGCACAACTCTCTA,cell_37603,53801,"X,spliced,unspliced"
3179,22446,AGCATTCTCAACCA,cell_37614,53801,"X,spliced,unspliced"
3180,22451,AGCCACCTATGGTC,cell_37619,53801,"X,spliced,unspliced"
3181,22454,AGCCACCTTAGTCG,cell_37622,53801,"X,spliced,unspliced"
3182,22468,AGCGATACTGCTCC,cell_37641,53801,"X,spliced,unspliced"
3183,22479,AGCGTAACCAACCA,cell_37655,53801,"X,spliced,unspliced"
3184,22482,AGCGTAACGGTAGG,cell_37658,53801,"X,spliced,unspliced"
3185,22489,AGCTGAACATGTCG,cell_37665,53801,"X,spliced,unspliced"
3186,22495,AGCTGCCTGTAAGA,cell_37672,53801,"X,spliced,unspliced"
3187,22500,AGCTGTGATCACCC,cell_37678,53801,"X,spliced,unspliced"
3188,22501,AGCTTACTCGAATC,cell_37680,53801,"X,spliced,unspliced"
3189,22503,AGCTTTACCCTTCG,cell_37682,53801,"X,spliced,unspliced"
3191,22544,AGGTACTGCGACTA,cell_37733,53801,"X,spliced,unspliced"
3192,22556,AGGTTCGAGCAGAG,cell_37749,53801,"X,spliced,unspliced"
3193,22558,AGGTTGTGCATTGG,cell_37751,53801,"X,spliced,unspliced"
3194,22560,AGGTTGTGGTCGAT,cell_37753,53801,"X,spliced,unspliced"
3195,22565,AGTAATTGGCGTAT,cell_37759,53801,"X,spliced,unspliced"
3196,22569,AGTAGAGAATCAGC,cell_37764,53801,"X,spliced,unspliced"
3197,22575,AGTATAACTTTGGG,cell_37772,53801,"X,spliced,unspliced"
3198,22578,AGTCAGACGAGGGT,cell_37776,53801,"X,spliced,unspliced"
3199,22580,AGTCAGACTCTTTG,cell_37778,53801,"X,spliced,unspliced"
3200,22587,AGTCGCCTGTTTCT,cell_37786,53801,"X,spliced,unspliced"
3201,22588,AGTCTACTGTGTAC,cell_37787,53801,"X,spliced,unspliced"
3202,22598,AGTGACTGTTTCGT,cell_37801,53801,"X,spliced,unspliced"
3203,22609,AGTGTTCTTGGTTG,cell_37814,53801,"X,spliced,unspliced"
3204,22618,AGTTGTCTTCAGTG,cell_37829,53801,"X,spliced,unspliced"
3205,22623,AGTTTCACGGACTT,cell_37835,53801,"X,spliced,unspliced"
3206,22631,ATAACATGTGTTTC,cell_37849,53801,"X,spliced,unspliced"
3207,22648,ATACAATGCCTCGT,cell_37871,53801,"X,spliced,unspliced"
3208,22651,ATACCACTCTGCTC,cell_37878,53801,"X,spliced,unspliced"
3209,22658,ATACCTTGGCAGAG,cell_37889,53801,"X,spliced,unspliced"
3210,22661,ATACCTTGTTCCGC,cell_37893,53801,"X,spliced,unspliced"
3211,22668,ATACTCTGCACTAG,cell_37900,53801,"X,spliced,unspliced"
3212,22670,ATACTCTGCTGAGT,cell_37902,53801,"X,spliced,unspliced"
3213,22671,ATACTCTGGGACTT,cell_37903,53801,"X,spliced,unspliced"
3214,22677,ATAGATTGAGCCAT,cell_37911,53801,"X,spliced,unspliced"
3215,22686,ATAGTCCTGTTCTT,cell_37922,53801,"X,spliced,unspliced"
3216,22690,ATATGAACCTTATC,cell_37927,53801,"X,spliced,unspliced"
3217,22694,ATCAAATGAGGAGC,cell_37932,53801,"X,spliced,unspliced"
3218,22695,ATCAACCTCCTGAA,cell_37933,53801,"X,spliced,unspliced"
3219,22704,ATCAGGTGCTGAAC,cell_37945,53801,"X,spliced,unspliced"
3220,22709,ATCCAGGAACGGGA,cell_37950,53801,"X,spliced,unspliced"
3221,22711,ATCCATACCCCTTG,cell_37953,53801,"X,spliced,unspliced"
3222,22713,ATCCCGTGACGTGT,cell_37956,53801,"X,spliced,unspliced"
3223,22724,ATCGAGTGGTCTGA,cell_37973,53801,"X,spliced,unspliced"
3224,22726,ATCGCAGAAAACAG,cell_37975,53801,"X,spliced,unspliced"
3225,22728,ATCGCAGAGCTCCT,cell_37978,53801,"X,spliced,unspliced"
3226,22732,ATCGCCTGTGTCTT,cell_37987,53801,"X,spliced,unspliced"
3227,22734,ATCGGAACGGGTGA,cell_37991,53801,"X,spliced,unspliced"
3228,22739,ATCGTTTGACGTTG,cell_37996,53801,"X,spliced,unspliced"
3229,22755,ATCTTGACGGACGA,cell_38016,53801,"X,spliced,unspliced"
3230,22779,ATGCAGACCCAAGT,cell_38044,53801,"X,spliced,unspliced"
3231,22783,ATGCCAGAGGCAAG,cell_38051,53801,"X,spliced,unspliced"
3232,22792,ATGCGCCTCTTGCC,cell_38063,53801,"X,spliced,unspliced"
3233,22810,ATGTTAGACTCGCT,cell_38088,53801,"X,spliced,unspliced"
3234,22812,ATGTTCACACGGGA,cell_38090,53801,"X,spliced,unspliced"
3235,22819,ATTAACGATAAAGG,cell_38098,53801,"X,spliced,unspliced"
3236,22820,ATTAACGATACAGC,cell_38099,53801,"X,spliced,unspliced"
3237,22822,ATTAAGACTTCGGA,cell_38101,53801,"X,spliced,unspliced"
3238,22825,ATTACCACATTTCC,cell_38104,53801,"X,spliced,unspliced"
3239,22849,ATTCCAACTGGTCA,cell_38135,53801,"X,spliced,unspliced"
3240,22850,ATTCCAACTTCGCC,cell_38136,53801,"X,spliced,unspliced"
3241,22853,ATTCCATGTTTCAC,cell_38140,53801,"X,spliced,unspliced"
3242,22861,ATTGAATGACGTAC,cell_38152,53801,"X,spliced,unspliced"
3243,22869,ATTGCACTGGGCAA,cell_38161,53801,"X,spliced,unspliced"
3244,22876,ATTGGTCTTCATTC,cell_38172,53801,"X,spliced,unspliced"
3245,22880,ATTTAGGACCAAGT,cell_38179,53801,"X,spliced,unspliced"
3246,22890,ATTTCGTGTCAGTG,cell_38189,53801,"X,spliced,unspliced"
3247,22893,ATTTGCACTGACCA,cell_38193,53801,"X,spliced,unspliced"
3248,22903,CAAAGCTGGCATCA,cell_38204,53801,"X,spliced,unspliced"
3249,22910,CAACAGACAGATCC,cell_38212,53801,"X,spliced,unspliced"
3250,22914,CAACCGCTCGCATA,cell_38216,53801,"X,spliced,unspliced"
3251,22924,CAAGAAGAGTAGCT,cell_38229,53801,"X,spliced,unspliced"
3252,22928,CAAGACTGATGACC,cell_38234,53801,"X,spliced,unspliced"
3253,22932,CAAGACTGGTTCTT,cell_38238,53801,"X,spliced,unspliced"
3254,22934,CAAGCATGCAAAGA,cell_38242,53801,"X,spliced,unspliced"
3255,22936,CAAGCATGGGGAGT,cell_38244,53801,"X,spliced,unspliced"
3256,22940,CAAGCTGAACGTTG,cell_38248,53801,"X,spliced,unspliced"
3257,22960,CAATCGGAACGTAC,cell_38273,53801,"X,spliced,unspliced"
3258,22969,CAATTCACCGAGAG,cell_38287,53801,"X,spliced,unspliced"
3259,22989,CACCCATGAATCGC,cell_38314,53801,"X,spliced,unspliced"
3260,22991,CACCCATGTCAGGT,cell_38316,53801,"X,spliced,unspliced"
3261,22993,CACCGGGAGGTTAC,cell_38318,53801,"X,spliced,unspliced"
3262,23015,CACTAGGAAGGCGA,cell_38345,53801,"X,spliced,unspliced"
3263,23020,CACTAGGAGTCTAG,cell_38350,53801,"X,spliced,unspliced"
3264,23024,CACTCCGAGGCATT,cell_38356,53801,"X,spliced,unspliced"
3265,23025,CACTCTCTCGACTA,cell_38357,53801,"X,spliced,unspliced"
3266,23039,CACTTTGATTATCC,cell_38376,53801,"X,spliced,unspliced"
3267,23041,CAGACAACAAGAGT,cell_38378,53801,"X,spliced,unspliced"
3268,23051,CAGACTGAGGGAGT,cell_38389,53801,"X,spliced,unspliced"
3269,23055,CAGATCGAATTGGC,cell_38396,53801,"X,spliced,unspliced"
3270,23057,CAGATCGATCTGGA,cell_38398,53801,"X,spliced,unspliced"
3271,23069,CAGCATGAACCCAA,cell_38415,53801,"X,spliced,unspliced"
3272,23071,CAGCATGACTGCAA,cell_38417,53801,"X,spliced,unspliced"
3273,23086,CAGGAACTTCTCAT,cell_38437,53801,"X,spliced,unspliced"
3274,23123,CATCAGGAACTACG,cell_38482,53801,"X,spliced,unspliced"
3275,23129,CATCGCTGGAAAGT,cell_38488,53801,"X,spliced,unspliced"
3276,23140,CATGCCACTAAGGA,cell_38503,53801,"X,spliced,unspliced"
3277,23143,CATGCGCTGGTGAG,cell_38508,53801,"X,spliced,unspliced"
3278,23144,CATGGATGCATTTC,cell_38510,53801,"X,spliced,unspliced"
3279,23149,CATGTACTTACTTC,cell_38517,53801,"X,spliced,unspliced"
3280,23160,CATTGACTGTTCAG,cell_38537,53801,"X,spliced,unspliced"
3281,23166,CATTGGGATGTTTC,cell_38546,53801,"X,spliced,unspliced"
3282,23167,CATTGTACAAACGA,cell_38548,53801,"X,spliced,unspliced"
3283,23175,CATTTGTGGAACTC,cell_38560,53801,"X,spliced,unspliced"
3284,23176,CATTTGTGGGGAGT,cell_38561,53801,"X,spliced,unspliced"
3285,23184,CCAACCTGTGCCTC,cell_38571,53801,"X,spliced,unspliced"
3286,23197,CCACCATGGTCGAT,cell_38587,53801,"X,spliced,unspliced"
3287,23200,CCACCTGAGTTTCT,cell_38590,53801,"X,spliced,unspliced"
3288,23204,CCACGGGACGACTA,cell_38594,53801,"X,spliced,unspliced"
3289,23208,CCACTGTGTTTGTC,cell_38601,53801,"X,spliced,unspliced"
3290,23209,CCACTTCTATCGTG,cell_38602,53801,"X,spliced,unspliced"
3291,23214,CCAGACCTTGACTG,cell_38609,53801,"X,spliced,unspliced"
3292,23219,CCAGCGGAGTAGGG,cell_38616,53801,"X,spliced,unspliced"
3293,23224,CCAGGTCTCAGAGG,cell_38622,53801,"X,spliced,unspliced"
3294,23232,CCAGTGCTGCAAGG,cell_38631,53801,"X,spliced,unspliced"
3295,23247,CCATGCTGTGCTTT,cell_38648,53801,"X,spliced,unspliced"
3296,23251,CCCAACACTCTTCA,cell_38654,53801,"X,spliced,unspliced"
3297,23252,CCCACATGGCGTTA,cell_38655,53801,"X,spliced,unspliced"
3298,23256,CCCATCGAAGGTCT,cell_38661,53801,"X,spliced,unspliced"
3299,23257,CCCATCGAGAATAG,cell_38662,53801,"X,spliced,unspliced"
3300,23258,CCCATCGATGCAGT,cell_38663,53801,"X,spliced,unspliced"
3301,23260,CCCATGTGGTCACA,cell_38666,53801,"X,spliced,unspliced"
3302,23269,CCCGGAGAACCTGA,cell_38676,53801,"X,spliced,unspliced"
3303,23274,CCCTAGTGACAGCT,cell_38682,53801,"X,spliced,unspliced"
3304,23275,CCCTAGTGGAGACG,cell_38683,53801,"X,spliced,unspliced"
3306,23283,CCCTTACTGCAAGG,cell_38693,53801,"X,spliced,unspliced"
3307,23285,CCGACACTAACCGT,cell_38697,53801,"X,spliced,unspliced"
3308,23298,CCGCTATGTGGTAC,cell_38712,53801,"X,spliced,unspliced"
3309,23304,CCGTAAGAACCAGT,cell_38720,53801,"X,spliced,unspliced"
3310,23306,CCGTAAGACTTCCG,cell_38722,53801,"X,spliced,unspliced"
3311,23308,CCGTACACGGAAAT,cell_38725,53801,"X,spliced,unspliced"
3312,23313,CCTACCGACACTGA,cell_38730,53801,"X,spliced,unspliced"
3313,23316,CCTAGAGACCAATG,cell_38733,53801,"X,spliced,unspliced"
3314,23319,CCTATAACAACGGG,cell_38736,53801,"X,spliced,unspliced"
3315,23326,CCTCATCTCATGGT,cell_38744,53801,"X,spliced,unspliced"
3316,23331,CCTCGAACGGGATG,cell_38750,53801,"X,spliced,unspliced"
3317,23336,CCTGACTGACCTCC,cell_38756,53801,"X,spliced,unspliced"
3318,23344,CCTTAATGCTATTC,cell_38766,53801,"X,spliced,unspliced"
3319,23347,CCTTTAGAACTGTG,cell_38769,53801,"X,spliced,unspliced"
3320,23348,CCTTTAGAGCTTCC,cell_38771,53801,"X,spliced,unspliced"
3321,23349,CCTTTAGAGTAAAG,cell_38772,53801,"X,spliced,unspliced"
3322,23352,CCTTTAGATGGAGG,cell_38775,53801,"X,spliced,unspliced"
3323,23363,CGAAGTACTTCAGG,cell_38786,53801,"X,spliced,unspliced"
3324,23373,CGACCACTACTAGC,cell_38797,53801,"X,spliced,unspliced"
3325,23382,CGACTCACCAACCA,cell_38810,53801,"X,spliced,unspliced"
3326,23389,CGACTGCTTGATGC,cell_38817,53801,"X,spliced,unspliced"
3327,23390,CGACTGCTTGTTCT,cell_38818,53801,"X,spliced,unspliced"
3328,23393,CGAGATTGCCTCCA,cell_38823,53801,"X,spliced,unspliced"
3329,23395,CGAGATTGGACGGA,cell_38825,53801,"X,spliced,unspliced"
3330,23397,CGAGATTGTCCTTA,cell_38827,53801,"X,spliced,unspliced"
3331,23414,CGATAGACTGTAGC,cell_38853,53801,"X,spliced,unspliced"
3332,23418,CGATCCACGAGGCA,cell_38858,53801,"X,spliced,unspliced"
3333,23420,CGATCCACTTCCAT,cell_38860,53801,"X,spliced,unspliced"
3334,23425,CGCAAATGCTGCAA,cell_38865,53801,"X,spliced,unspliced"
3335,23426,CGCAAATGGGTCAT,cell_38866,53801,"X,spliced,unspliced"
3336,23441,CGCAGGACCTTCTA,cell_38883,53801,"X,spliced,unspliced"
3337,23447,CGCCATACGCGGAA,cell_38893,53801,"X,spliced,unspliced"
3338,23449,CGCCATTGCAGTCA,cell_38896,53801,"X,spliced,unspliced"
3339,23455,CGCCTAACGACTAC,cell_38906,53801,"X,spliced,unspliced"
3340,23456,CGCCTAACTTCGTT,cell_38909,53801,"X,spliced,unspliced"
3341,23465,CGGAATTGTTAGGC,cell_38925,53801,"X,spliced,unspliced"
3342,23471,CGGATATGTCACCC,cell_38931,53801,"X,spliced,unspliced"
3343,23474,CGGCCAGAACACAC,cell_38935,53801,"X,spliced,unspliced"
3344,23476,CGGCCAGACATTCT,cell_38937,53801,"X,spliced,unspliced"
3345,23480,CGGCGAACGGTGTT,cell_38941,53801,"X,spliced,unspliced"
3346,23499,CGTAACGAACGCAT,cell_38965,53801,"X,spliced,unspliced"
3347,23510,CGTAGCCTCCGAAT,cell_38977,53801,"X,spliced,unspliced"
3348,23520,CGTGAATGTGCTCC,cell_38989,53801,"X,spliced,unspliced"
3349,23521,CGTGATGAAGGTTC,cell_38990,53801,"X,spliced,unspliced"
3350,23525,CGTGTAGAACTACG,cell_38994,53801,"X,spliced,unspliced"
3351,23538,CTAAACCTGAATGA,cell_39010,53801,"X,spliced,unspliced"
3352,23539,CTAACACTAGGTTC,cell_39011,53801,"X,spliced,unspliced"
3353,23542,CTAACGGAACCTAG,cell_39015,53801,"X,spliced,unspliced"
3354,23544,CTAACGGATGTCCC,cell_39020,53801,"X,spliced,unspliced"
3355,23546,CTAACTACCGCTAA,cell_39022,53801,"X,spliced,unspliced"
3356,23557,CTACCTCTTAGCCA,cell_39037,53801,"X,spliced,unspliced"
3357,23563,CTAGATCTCCCACT,cell_39046,53801,"X,spliced,unspliced"
3358,23571,CTAGTTACCAACTG,cell_39058,53801,"X,spliced,unspliced"
3359,23585,CTATGACTCCAAGT,cell_39074,53801,"X,spliced,unspliced"
3360,23587,CTATGACTTGAAGA,cell_39078,53801,"X,spliced,unspliced"
3361,23590,CTCAATTGTAAGGA,cell_39085,53801,"X,spliced,unspliced"
3362,23598,CTCAGGCTTAGCGT,cell_39096,53801,"X,spliced,unspliced"
3363,23601,CTCCACGACTTCCG,cell_39101,53801,"X,spliced,unspliced"
3364,23614,CTCGACTGGGTAGG,cell_39117,53801,"X,spliced,unspliced"
3365,23618,CTCGCATGCCAACA,cell_39123,53801,"X,spliced,unspliced"
3366,23625,CTGAACGAGGTTAC,cell_39130,53801,"X,spliced,unspliced"
3367,23626,CTGAACGATTCATC,cell_39131,53801,"X,spliced,unspliced"
3368,23629,CTGAAGACTGAAGA,cell_39134,53801,"X,spliced,unspliced"
3369,23638,CTGAGAACCTTGCC,cell_39147,53801,"X,spliced,unspliced"
3370,23640,CTGAGCCTCGGAGA,cell_39150,53801,"X,spliced,unspliced"
3371,23641,CTGAGCCTGTAGGG,cell_39151,53801,"X,spliced,unspliced"
3372,23644,CTGATGGAACCTGA,cell_39154,53801,"X,spliced,unspliced"
3373,23647,CTGATTTGTATGGC,cell_39158,53801,"X,spliced,unspliced"
3374,23649,CTGCAGCTAAGCAA,cell_39160,53801,"X,spliced,unspliced"
3375,23658,CTGTATACACTGTG,cell_39176,53801,"X,spliced,unspliced"
3376,23659,CTGTATACCTAGCA,cell_39177,53801,"X,spliced,unspliced"
3377,23660,CTGTGAGAGCCAAT,cell_39180,53801,"X,spliced,unspliced"
3378,23661,CTTAAAGAATCTCT,cell_39182,53801,"X,spliced,unspliced"
3379,23665,CTTAAGCTAGCTCA,cell_39188,53801,"X,spliced,unspliced"
3380,23667,CTTACAACGTCATG,cell_39190,53801,"X,spliced,unspliced"
3381,23670,CTTACATGCCGTTC,cell_39194,53801,"X,spliced,unspliced"
3382,23676,CTTAGACTTGAACC,cell_39201,53801,"X,spliced,unspliced"
3383,23679,CTTATCGAAGGTTC,cell_39206,53801,"X,spliced,unspliced"
3384,23687,CTTCTAGAGAACCT,cell_39215,53801,"X,spliced,unspliced"
3385,23705,CTTGTATGTGCCAA,cell_39235,53801,"X,spliced,unspliced"
3386,23723,GAAAGCCTGTACCA,cell_39261,53801,"X,spliced,unspliced"
3387,23732,GAACACACTATTCC,cell_39270,53801,"X,spliced,unspliced"
3388,23739,GAACAGCTTCTACT,cell_39278,53801,"X,spliced,unspliced"
3389,23741,GAACCAACGGTTTG,cell_39280,53801,"X,spliced,unspliced"
3390,23742,GAACCTGACCTTCG,cell_39281,53801,"X,spliced,unspliced"
3391,23751,GAAGAATGCCACAA,cell_39292,53801,"X,spliced,unspliced"
3392,23752,GAAGAATGTTCCAT,cell_39293,53801,"X,spliced,unspliced"
3393,23762,GAAGGGTGGTCCTC,cell_39304,53801,"X,spliced,unspliced"
3394,23766,GAAGTGCTGAACTC,cell_39312,53801,"X,spliced,unspliced"
3395,23768,GAATGCACGTGCAT,cell_39314,53801,"X,spliced,unspliced"
3396,23780,GACAGGGACAGCTA,cell_39328,53801,"X,spliced,unspliced"
3397,23793,GACCTCACTCGTGA,cell_39349,53801,"X,spliced,unspliced"
3398,23807,GACGGCACAGAGTA,cell_39368,53801,"X,spliced,unspliced"
3399,23813,GACGTATGTAAAGG,cell_39378,53801,"X,spliced,unspliced"
3400,23814,GACGTATGTCAGTG,cell_39379,53801,"X,spliced,unspliced"
3401,23818,GACGTCCTGTTAGC,cell_39384,53801,"X,spliced,unspliced"
3402,23820,GACTACGAGACTAC,cell_39386,53801,"X,spliced,unspliced"
3403,23833,GAGAAATGTTGCAG,cell_39402,53801,"X,spliced,unspliced"
3404,23840,GAGATAGAGTAGCT,cell_39409,53801,"X,spliced,unspliced"
3405,23841,GAGATCACCCTTGC,cell_39410,53801,"X,spliced,unspliced"
3406,23844,GAGATGCTTGCCAA,cell_39414,53801,"X,spliced,unspliced"
3407,23846,GAGATGCTTTGCAG,cell_39416,53801,"X,spliced,unspliced"
3408,23853,GAGCGAGATGCCAA,cell_39425,53801,"X,spliced,unspliced"
3409,23863,GAGCTCCTTTCGTT,cell_39435,53801,"X,spliced,unspliced"
3410,23882,GAGGGTGAAACAGA,cell_39460,53801,"X,spliced,unspliced"
3411,23884,GAGGTACTATCTTC,cell_39462,53801,"X,spliced,unspliced"
3412,23908,GAGTGACTAACCTG,cell_39487,53801,"X,spliced,unspliced"
3413,23915,GAGTTGTGCATGGT,cell_39497,53801,"X,spliced,unspliced"
3414,23922,GATAGAGATTTCGT,cell_39505,53801,"X,spliced,unspliced"
3415,23925,GATAGCACGGACAG,cell_39508,53801,"X,spliced,unspliced"
3416,23926,GATATAACCATTCT,cell_39509,53801,"X,spliced,unspliced"
3417,23932,GATATCCTGCATCA,cell_39515,53801,"X,spliced,unspliced"
3418,23934,GATATTGAATCTTC,cell_39517,53801,"X,spliced,unspliced"
3419,23961,GATCTTACTGAGCT,cell_39549,53801,"X,spliced,unspliced"
3420,23968,GATGCCCTTGGGAG,cell_39557,53801,"X,spliced,unspliced"
3421,23972,GATTCGGAGGACGA,cell_39563,53801,"X,spliced,unspliced"
3422,23973,GATTCGGAGGTGTT,cell_39564,53801,"X,spliced,unspliced"
3423,23987,GATTTGCTAAGCCT,cell_39583,53801,"X,spliced,unspliced"
3424,23989,GCAAACTGAACCAC,cell_39585,53801,"X,spliced,unspliced"
3425,23991,GCAAACTGGTACCA,cell_39587,53801,"X,spliced,unspliced"
3426,23994,GCAACTGAGACGAG,cell_39592,53801,"X,spliced,unspliced"
3427,23997,GCAATCGAAACTGC,cell_39597,53801,"X,spliced,unspliced"
3428,24001,GCAATCGACTTGAG,cell_39601,53801,"X,spliced,unspliced"
3429,24019,GCACCTTGCCTATT,cell_39625,53801,"X,spliced,unspliced"
3430,24020,GCACCTTGTGACCA,cell_39627,53801,"X,spliced,unspliced"
3431,24025,GCACGGTGACGGTT,cell_39634,53801,"X,spliced,unspliced"
3432,24026,GCACGTCTGGTACT,cell_39636,53801,"X,spliced,unspliced"
3433,24029,GCACTAGACTCATT,cell_39639,53801,"X,spliced,unspliced"
3434,24033,GCAGATACCCTCGT,cell_39645,53801,"X,spliced,unspliced"
3435,24040,GCAGGGCTCCCTCA,cell_39654,53801,"X,spliced,unspliced"
3436,24045,GCAGTTGACATGGT,cell_39659,53801,"X,spliced,unspliced"
3437,24049,GCATCAGAGGGACA,cell_39664,53801,"X,spliced,unspliced"
3438,24050,GCATCAGATATCTC,cell_39665,53801,"X,spliced,unspliced"
3439,24057,GCATGTGATGTCCC,cell_39675,53801,"X,spliced,unspliced"
3440,24061,GCATTGGATTCTTG,cell_39680,53801,"X,spliced,unspliced"
3441,24066,GCCAAATGCTCCCA,cell_39686,53801,"X,spliced,unspliced"
3442,24077,GCCACTACGTGCTA,cell_39698,53801,"X,spliced,unspliced"
3443,24080,GCCATCACAGTGTC,cell_39701,53801,"X,spliced,unspliced"
3444,24083,GCCATCACTTCCAT,cell_39704,53801,"X,spliced,unspliced"
3445,24084,GCCATGCTATGTCG,cell_39706,53801,"X,spliced,unspliced"
3446,24099,GCCGTACTGACAGG,cell_39725,53801,"X,spliced,unspliced"
3447,24107,GCCTCAACAGGAGC,cell_39735,53801,"X,spliced,unspliced"
3448,24109,GCCTCAACTTCGCC,cell_39737,53801,"X,spliced,unspliced"
3449,24111,GCCTCATGAACCGT,cell_39739,53801,"X,spliced,unspliced"
3450,24119,GCGACTCTTAGAAG,cell_39749,53801,"X,spliced,unspliced"
3451,24138,GCGTAATGCTCTAT,cell_39774,53801,"X,spliced,unspliced"
3452,24157,GCTATACTCTGTGA,cell_39797,53801,"X,spliced,unspliced"
3453,24171,GCTCGACTTTTCGT,cell_39815,53801,"X,spliced,unspliced"
3454,24174,GCTTAACTACCACA,cell_39819,53801,"X,spliced,unspliced"
3455,24175,GCTTGAGACTTACT,cell_39823,53801,"X,spliced,unspliced"
3456,24189,GGAATGCTCTCCCA,cell_39841,53801,"X,spliced,unspliced"
3457,24191,GGAATGCTGTAGCT,cell_39843,53801,"X,spliced,unspliced"
3458,24202,GGACCGTGGTAAGA,cell_39859,53801,"X,spliced,unspliced"
3459,24205,GGACGAGACATTTC,cell_39864,53801,"X,spliced,unspliced"
3460,24207,GGACGCACCCTTGC,cell_39867,53801,"X,spliced,unspliced"
3461,24217,GGACTATGTCTTTG,cell_39880,53801,"X,spliced,unspliced"
3462,24231,GGAGCCACTTATCC,cell_39898,53801,"X,spliced,unspliced"
3463,24240,GGAGTTTGATGTGC,cell_39907,53801,"X,spliced,unspliced"
3464,24244,GGATACTGTGAGCT,cell_39913,53801,"X,spliced,unspliced"
3465,24253,GGATTTCTGTACGT,cell_39929,53801,"X,spliced,unspliced"
3466,24271,GGCCAGACGGAAAT,cell_39950,53801,"X,spliced,unspliced"
3467,24274,GGCCCAGAGCTACA,cell_39954,53801,"X,spliced,unspliced"
3468,24280,GGCCGAACTGGTCA,cell_39960,53801,"X,spliced,unspliced"
3469,24288,GGCGACTGGTGCTA,cell_39969,53801,"X,spliced,unspliced"
3470,24295,GGCGGACTGATGAA,cell_39977,53801,"X,spliced,unspliced"
3471,24313,GGGAACGATGATGC,cell_39999,53801,"X,spliced,unspliced"
3472,24320,GGGACCACTCTTTG,cell_40006,53801,"X,spliced,unspliced"
3473,24323,GGGACCTGGTATCG,cell_40009,53801,"X,spliced,unspliced"
3474,24328,GGGATTACCCTCCA,cell_40014,53801,"X,spliced,unspliced"
3475,24336,GGGCCAACCTGCAA,cell_40024,53801,"X,spliced,unspliced"
3476,24342,GGGTTAACCTGTAG,cell_40030,53801,"X,spliced,unspliced"
3477,24350,GGTACATGTGTCCC,cell_40039,53801,"X,spliced,unspliced"
3478,24360,GGTCAAACAATCGC,cell_40051,53801,"X,spliced,unspliced"
3479,24363,GGTGATACCTTGCC,cell_40055,53801,"X,spliced,unspliced"
3480,24374,GTAAGCACAGAGAT,cell_40068,53801,"X,spliced,unspliced"
3481,24376,GTAAGCACCAACCA,cell_40070,53801,"X,spliced,unspliced"
3482,24377,GTAAGCACCTGAGT,cell_40071,53801,"X,spliced,unspliced"
3483,24394,GTACTACTCGTGAT,cell_40089,53801,"X,spliced,unspliced"
3484,24397,GTACTTTGCAGAGG,cell_40092,53801,"X,spliced,unspliced"
3485,24434,GTATTCACTGCCCT,cell_40138,53801,"X,spliced,unspliced"
3486,24443,GTCACAGATCAAGC,cell_40150,53801,"X,spliced,unspliced"
3487,24446,GTCACCTGAAGGCG,cell_40154,53801,"X,spliced,unspliced"
3488,24449,GTCATACTTAGAAG,cell_40157,53801,"X,spliced,unspliced"
3489,24456,GTCCACACAAGTAG,cell_40165,53801,"X,spliced,unspliced"
3490,24458,GTCCACACTTGTCT,cell_40167,53801,"X,spliced,unspliced"
3491,24460,GTCCACTGTTGGCA,cell_40169,53801,"X,spliced,unspliced"
3492,24462,GTCCAGCTTTGCAG,cell_40171,53801,"X,spliced,unspliced"
3493,24463,GTCCAGCTTTGGCA,cell_40172,53801,"X,spliced,unspliced"
3494,24472,GTCGCACTATCGGT,cell_40182,53801,"X,spliced,unspliced"
3495,24483,GTCTGAGAAACCTG,cell_40195,53801,"X,spliced,unspliced"
3496,24495,GTGAGGGAGTTAGC,cell_40209,53801,"X,spliced,unspliced"
3497,24496,GTGAGGGATGCATG,cell_40210,53801,"X,spliced,unspliced"
3498,24509,GTGCTAGAGTGTTG,cell_40227,53801,"X,spliced,unspliced"
3499,24511,GTGGAGGAGGTAGG,cell_40229,53801,"X,spliced,unspliced"
3500,24512,GTGGATTGAACCAC,cell_40230,53801,"X,spliced,unspliced"
3501,24513,GTGGATTGAATGCC,cell_40231,53801,"X,spliced,unspliced"
3502,24527,GTGTATCTTCGTAG,cell_40248,53801,"X,spliced,unspliced"
3503,24529,GTGTCAGATGAGCT,cell_40251,53801,"X,spliced,unspliced"
3504,24534,GTGTGATGGATAAG,cell_40256,53801,"X,spliced,unspliced"
3505,24543,GTTACGGAACCCTC,cell_40266,53801,"X,spliced,unspliced"
3506,24550,GTTAGGTGTAAGCC,cell_40278,53801,"X,spliced,unspliced"
3507,24551,GTTAGGTGTCTTCA,cell_40279,53801,"X,spliced,unspliced"
3508,24577,GTTGACGATCTCAT,cell_40308,53801,"X,spliced,unspliced"
3509,24588,TAAACAACAGAGAT,cell_40326,53801,"X,spliced,unspliced"
3510,24592,TAAAGACTCAAGCT,cell_40332,53801,"X,spliced,unspliced"
3511,24610,TAACCGGAAACGTC,cell_40356,53801,"X,spliced,unspliced"
3512,24615,TAACGTCTGCAAGG,cell_40364,53801,"X,spliced,unspliced"
3513,24620,TAACTCACAGCTCA,cell_40370,53801,"X,spliced,unspliced"
3514,24629,TAAGATTGTAAGCC,cell_40382,53801,"X,spliced,unspliced"
3515,24631,TAAGCGTGTCGCCT,cell_40384,53801,"X,spliced,unspliced"
3516,24632,TAAGCTCTCCTCAC,cell_40385,53801,"X,spliced,unspliced"
3517,24634,TAAGCTCTGTACGT,cell_40387,53801,"X,spliced,unspliced"
3518,24635,TAAGCTCTTGCGTA,cell_40388,53801,"X,spliced,unspliced"
3519,24637,TAAGTAACAAGAAC,cell_40391,53801,"X,spliced,unspliced"
3520,24654,TACAAATGAGAGGC,cell_40412,53801,"X,spliced,unspliced"
3521,24660,TACACACTACCAGT,cell_40418,53801,"X,spliced,unspliced"
3522,24666,TACCATTGGGAACG,cell_40427,53801,"X,spliced,unspliced"
3523,24667,TACCATTGTCTGGA,cell_40428,53801,"X,spliced,unspliced"
3524,24672,TACCGCTGGGAACG,cell_40433,53801,"X,spliced,unspliced"
3525,24674,TACCGGCTCTAGAC,cell_40436,53801,"X,spliced,unspliced"
3526,24681,TACGAGTGCGATAC,cell_40447,53801,"X,spliced,unspliced"
3527,24690,TACGCGCTGTCACA,cell_40459,53801,"X,spliced,unspliced"
3528,24704,TACTACTGCAGAGG,cell_40477,53801,"X,spliced,unspliced"
3529,24707,TACTCAACGTCAAC,cell_40481,53801,"X,spliced,unspliced"
3530,24716,TACTTGACGAACCT,cell_40495,53801,"X,spliced,unspliced"
3531,24717,TACTTGACGGTATC,cell_40496,53801,"X,spliced,unspliced"
3532,24731,TAGACGTGTGCAGT,cell_40511,53801,"X,spliced,unspliced"
3533,24742,TAGATCCTTGCTTT,cell_40524,53801,"X,spliced,unspliced"
3534,24744,TAGCATCTACTAGC,cell_40526,53801,"X,spliced,unspliced"
3535,24745,TAGCATCTTTTGTC,cell_40527,53801,"X,spliced,unspliced"
3536,24746,TAGCCCTGGCTATG,cell_40529,53801,"X,spliced,unspliced"
3537,24748,TAGCCGCTACCTTT,cell_40531,53801,"X,spliced,unspliced"
3538,24751,TAGCCGCTTGCATG,cell_40534,53801,"X,spliced,unspliced"
3539,24758,TAGGACTGTATGGC,cell_40541,53801,"X,spliced,unspliced"
3540,24768,TAGGGACTCTTCGC,cell_40552,53801,"X,spliced,unspliced"
3541,24771,TAGGTCGAACCAAC,cell_40556,53801,"X,spliced,unspliced"
3542,24782,TAGTAATGACAGTC,cell_40569,53801,"X,spliced,unspliced"
3543,24783,TAGTAATGACCTGA,cell_40570,53801,"X,spliced,unspliced"
3544,24784,TAGTAATGTGGTCA,cell_40571,53801,"X,spliced,unspliced"
3545,24787,TAGTACCTGGTGTT,cell_40574,53801,"X,spliced,unspliced"
3546,24791,TAGTCACTCAGTTG,cell_40579,53801,"X,spliced,unspliced"
3547,24792,TAGTCACTGACTAC,cell_40580,53801,"X,spliced,unspliced"
3548,24798,TAGTGGTGTCTACT,cell_40588,53801,"X,spliced,unspliced"
3549,24813,TATACAGATCCAAG,cell_40608,53801,"X,spliced,unspliced"
3550,24821,TATAGATGCCGTAA,cell_40619,53801,"X,spliced,unspliced"
3551,24831,TATCACTGCAGCTA,cell_40634,53801,"X,spliced,unspliced"
3552,24838,TATCTCGAGGGATG,cell_40643,53801,"X,spliced,unspliced"
3553,24844,TATGAATGGCGAAG,cell_40651,53801,"X,spliced,unspliced"
3554,24872,TATTTCCTATCACG,cell_40685,53801,"X,spliced,unspliced"
3555,24886,TCACAACTGAGGCA,cell_40704,53801,"X,spliced,unspliced"
3556,24889,TCACCGTGAGTCTG,cell_40709,53801,"X,spliced,unspliced"
3557,24892,TCACCGTGGGATTC,cell_40713,53801,"X,spliced,unspliced"
3558,24905,TCAGCAGACCCACT,cell_40731,53801,"X,spliced,unspliced"
3559,24908,TCAGCGCTATGGTC,cell_40734,53801,"X,spliced,unspliced"
3560,24919,TCATGTACACCATG,cell_40751,53801,"X,spliced,unspliced"
3561,24924,TCATTCGAGGAACG,cell_40757,53801,"X,spliced,unspliced"
3562,24929,TCCACGTGTCAGGT,cell_40764,53801,"X,spliced,unspliced"
3563,24944,TCCCTACTGAGGAC,cell_40785,53801,"X,spliced,unspliced"
3564,24966,TCGATTTGTCTTAC,cell_40818,53801,"X,spliced,unspliced"
3565,24967,TCGCAAGAAACCAC,cell_40819,53801,"X,spliced,unspliced"
3566,24972,TCGCACTGCGTCTC,cell_40826,53801,"X,spliced,unspliced"
3567,24977,TCGGACCTATCAGC,cell_40833,53801,"X,spliced,unspliced"
3568,24983,TCGTAGGATGGATC,cell_40840,53801,"X,spliced,unspliced"
3569,24984,TCGTGAGACCTCCA,cell_40841,53801,"X,spliced,unspliced"
3570,24990,TCTAACTGACGGAG,cell_40849,53801,"X,spliced,unspliced"
3571,24993,TCTAAGCTGCTATG,cell_40852,53801,"X,spliced,unspliced"
3572,25000,TCTAGTTGGCTACA,cell_40862,53801,"X,spliced,unspliced"
3573,25003,TCTCAAACCAGATC,cell_40865,53801,"X,spliced,unspliced"
3574,25009,TCTGATACGGATTC,cell_40873,53801,"X,spliced,unspliced"
3575,25014,TCTTACGAGCAGAG,cell_40878,53801,"X,spliced,unspliced"
3576,25015,TCTTACGATAGTCG,cell_40880,53801,"X,spliced,unspliced"
3577,25018,TCTTGATGCCTCGT,cell_40883,53801,"X,spliced,unspliced"
3578,25031,TGACACGATTCTAC,cell_40899,53801,"X,spliced,unspliced"
3579,25032,TGACCAGAGAAAGT,cell_40901,53801,"X,spliced,unspliced"
3580,25034,TGACCGCTTGTGAC,cell_40904,53801,"X,spliced,unspliced"
3581,25045,TGACTTACCCTTGC,cell_40916,53801,"X,spliced,unspliced"
3582,25048,TGAGACACCCGAAT,cell_40919,53801,"X,spliced,unspliced"
3583,25064,TGAGTGACTAGTCG,cell_40937,53801,"X,spliced,unspliced"
3584,25066,TGATAAACGGTCTA,cell_40941,53801,"X,spliced,unspliced"
3585,25069,TGATACCTGCGGAA,cell_40944,53801,"X,spliced,unspliced"
3586,25076,TGATCGGAATGCTG,cell_40954,53801,"X,spliced,unspliced"
3587,25079,TGATTAGATATGGC,cell_40957,53801,"X,spliced,unspliced"
3588,25098,TGCCACTGTTTGTC,cell_40982,53801,"X,spliced,unspliced"
3590,25106,TGCCGACTCTGGAT,cell_40990,53801,"X,spliced,unspliced"
3591,25116,TGCGTAGATCTACT,cell_41000,53801,"X,spliced,unspliced"
3592,25127,TGGAACACTCACGA,cell_41014,53801,"X,spliced,unspliced"
3593,25152,TGGATGTGGAGACG,cell_41049,53801,"X,spliced,unspliced"
3594,25153,TGGATGTGGTAAGA,cell_41050,53801,"X,spliced,unspliced"
3595,25184,TGTAATGAGGCAAG,cell_41086,53801,"X,spliced,unspliced"
3596,25187,TGTACTTGGGTACT,cell_41089,53801,"X,spliced,unspliced"
3597,25191,TGTAGTCTAGTGTC,cell_41095,53801,"X,spliced,unspliced"
3598,25193,TGTATCTGACTCTT,cell_41099,53801,"X,spliced,unspliced"
3599,25195,TGTATCTGGAGGTG,cell_41101,53801,"X,spliced,unspliced"
3600,25210,TGTGATCTGAAAGT,cell_41116,53801,"X,spliced,unspliced"
3601,25219,TTACACACCAACTG,cell_41126,53801,"X,spliced,unspliced"
3602,25227,TTACCATGCTTCGC,cell_41134,53801,"X,spliced,unspliced"
3603,25228,TTACCATGGAGGCA,cell_41137,53801,"X,spliced,unspliced"
3604,25236,TTACTCGAGGACGA,cell_41147,53801,"X,spliced,unspliced"
3605,25240,TTAGAATGTGGAAA,cell_41151,53801,"X,spliced,unspliced"
3606,25255,TTAGGTCTTCCTTA,cell_41172,53801,"X,spliced,unspliced"
3607,25261,TTAGTCTGATCGAC,cell_41179,53801,"X,spliced,unspliced"
3608,25286,TTCACCCTAGCTAC,cell_41213,53801,"X,spliced,unspliced"
3609,25290,TTCACCCTTCGCAA,cell_41218,53801,"X,spliced,unspliced"
3610,25299,TTCATCGAAGGTTC,cell_41228,53801,"X,spliced,unspliced"
3611,25300,TTCATCGACGAGAG,cell_41229,53801,"X,spliced,unspliced"
3612,25302,TTCATCGACTTGCC,cell_41231,53801,"X,spliced,unspliced"
3613,25311,TTCATTCTGAGGAC,cell_41241,53801,"X,spliced,unspliced"
3614,25319,TTCCATGACTTGCC,cell_41249,53801,"X,spliced,unspliced"
3615,25323,TTCCCACTCTGTCC,cell_41253,53801,"X,spliced,unspliced"
3616,25325,TTCCCACTTTTGTC,cell_41255,53801,"X,spliced,unspliced"
3617,25328,TTCGAGGATTATCC,cell_41259,53801,"X,spliced,unspliced"
3618,25338,TTCTGATGTGGAAA,cell_41273,53801,"X,spliced,unspliced"
3619,25343,TTCTTACTTCCGAA,cell_41278,53801,"X,spliced,unspliced"
3620,25348,TTGACACTCACTAG,cell_41284,53801,"X,spliced,unspliced"
3621,25352,TTGAGGTGCAAGCT,cell_41289,53801,"X,spliced,unspliced"
3622,25364,TTGCTATGGTACCA,cell_41303,53801,"X,spliced,unspliced"
3623,25380,TTGTCATGTCTCCG,cell_41321,53801,"X,spliced,unspliced"
3624,25381,TTTAGAGATCATTC,cell_41322,53801,"X,spliced,unspliced"
3625,25388,TTTATCCTTAGCGT,cell_41333,53801,"X,spliced,unspliced"
3626,25390,TTTCCAGACTGGAT,cell_41338,53801,"X,spliced,unspliced"
3627,27104,AAACGCTGGTCTTT,cell_43501,53801,"X,spliced,unspliced"
3628,27116,AAAGATCTCCAGTA,cell_43520,53801,"X,spliced,unspliced"
3629,27118,AAAGCCTGACTGGT,cell_43523,53801,"X,spliced,unspliced"
3630,27129,AAAGTTTGTTTGCT,cell_43538,53801,"X,spliced,unspliced"
3631,27145,AAATTCGAAGCCTA,cell_43567,53801,"X,spliced,unspliced"
3632,27146,AAATTCGACATACG,cell_43569,53801,"X,spliced,unspliced"
3633,27161,AACACTCTAGTAGA,cell_43603,53801,"X,spliced,unspliced"
3634,27168,AACATATGCACTAG,cell_43615,53801,"X,spliced,unspliced"
3635,27175,AACCAGTGCGCTAA,cell_43630,53801,"X,spliced,unspliced"
3636,27178,AACCCAGACTGCAA,cell_43635,53801,"X,spliced,unspliced"
3637,27235,AAGAAGACCGATAC,cell_43725,53801,"X,spliced,unspliced"
3638,27267,AAGCCATGTATGGC,cell_43778,53801,"X,spliced,unspliced"
3639,27294,AAGTCCGATATCTC,cell_43830,53801,"X,spliced,unspliced"
3640,27295,AAGTCTCTCTTTAC,cell_43832,53801,"X,spliced,unspliced"
3641,27297,AAGTGCACAGGAGC,cell_43838,53801,"X,spliced,unspliced"
3642,27315,AATAGGGACCCTCA,cell_43869,53801,"X,spliced,unspliced"
3643,27325,AATCCTACACCAAC,cell_43885,53801,"X,spliced,unspliced"
3644,27378,ACAAGAGACACTGA,cell_43976,53801,"X,spliced,unspliced"
3645,27384,ACAATAACCACTTT,cell_43985,53801,"X,spliced,unspliced"
3646,27397,ACACCAGAAAGTAG,cell_44003,53801,"X,spliced,unspliced"
3647,27399,ACACCAGAGAAACA,cell_44005,53801,"X,spliced,unspliced"
3648,27414,ACAGACACCATGGT,cell_44030,53801,"X,spliced,unspliced"
3649,27454,ACCAGTGATTTGTC,cell_44098,53801,"X,spliced,unspliced"
3650,27477,ACCGCGGACCTTAT,cell_44140,53801,"X,spliced,unspliced"
3651,27486,ACCTCCGAGTATCG,cell_44157,53801,"X,spliced,unspliced"
3652,27487,ACCTCCGATCAGTG,cell_44158,53801,"X,spliced,unspliced"
3653,27506,ACGACAACAAAAGC,cell_44192,53801,"X,spliced,unspliced"
3654,27512,ACGACCCTTGGAAA,cell_44201,53801,"X,spliced,unspliced"
3655,27545,ACGCCTTGGTTACG,cell_44259,53801,"X,spliced,unspliced"
3656,27578,ACGGTCCTTGGATC,cell_44322,53801,"X,spliced,unspliced"
3657,27586,ACGTCCTGCTCCAC,cell_44337,53801,"X,spliced,unspliced"
3658,27587,ACGTCCTGTTCAGG,cell_44338,53801,"X,spliced,unspliced"
3659,27589,ACGTCGCTGTTACG,cell_44340,53801,"X,spliced,unspliced"
3660,27590,ACGTGATGAAGTAG,cell_44342,53801,"X,spliced,unspliced"
3661,27636,ACTGCCTGCTCCCA,cell_44423,53801,"X,spliced,unspliced"
3662,27646,ACTGTGGAGTGTCA,cell_44434,53801,"X,spliced,unspliced"
3663,27648,ACTGTTACTGGCAT,cell_44439,53801,"X,spliced,unspliced"
3664,27653,ACTTAGCTCTGTAG,cell_44449,53801,"X,spliced,unspliced"
3665,27654,ACTTAGCTGAATCC,cell_44450,53801,"X,spliced,unspliced"
3666,27660,ACTTCTGAGTGTTG,cell_44461,53801,"X,spliced,unspliced"
3667,27683,AGAACAGAATGTCG,cell_44497,53801,"X,spliced,unspliced"
3668,27729,AGAGTGCTTTTGGG,cell_44585,53801,"X,spliced,unspliced"
3669,27733,AGATCGTGAAAAGC,cell_44595,53801,"X,spliced,unspliced"
3670,27736,AGATCTCTAACGTC,cell_44600,53801,"X,spliced,unspliced"
3671,27762,AGCCAATGCCATGA,cell_44651,53801,"X,spliced,unspliced"
3672,27769,AGCCGGACTGTGCA,cell_44661,53801,"X,spliced,unspliced"
3673,27775,AGCCGTCTGGAGTG,cell_44669,53801,"X,spliced,unspliced"
3674,27779,AGCCTCACCGCCTT,cell_44676,53801,"X,spliced,unspliced"
3675,27780,AGCCTCACCTATGG,cell_44677,53801,"X,spliced,unspliced"
3676,27802,AGCGCCGATGGCAT,cell_44715,53801,"X,spliced,unspliced"
3677,27825,AGCTGAACCTTCTA,cell_44754,53801,"X,spliced,unspliced"
3678,27844,AGGACACTAGAGGC,cell_44785,53801,"X,spliced,unspliced"
3679,27857,AGGCAACTCTTGAG,cell_44811,53801,"X,spliced,unspliced"
3680,27860,AGGCAGGATTCACT,cell_44819,53801,"X,spliced,unspliced"
3681,27863,AGGCCTCTCAACCA,cell_44823,53801,"X,spliced,unspliced"
3682,27874,AGGGAGTGTCAAGC,cell_44842,53801,"X,spliced,unspliced"
3683,27881,AGGGCGCTAAGAAC,cell_44852,53801,"X,spliced,unspliced"
3684,27885,AGGGCGCTGTCGAT,cell_44856,53801,"X,spliced,unspliced"
3685,27894,AGGTCTGAAGTAGA,cell_44872,53801,"X,spliced,unspliced"
3686,27933,AGTATCCTGTACGT,cell_44933,53801,"X,spliced,unspliced"
3687,27948,AGTCGCCTTGTCGA,cell_44960,53801,"X,spliced,unspliced"
3688,27951,AGTCTACTGCTGTA,cell_44965,53801,"X,spliced,unspliced"
3689,27971,AGTTATGAAGCTAC,cell_44999,53801,"X,spliced,unspliced"
3690,27983,AGTTTCACTCAGAC,cell_45025,53801,"X,spliced,unspliced"
3691,27985,AGTTTGCTGGTTTG,cell_45028,53801,"X,spliced,unspliced"
3692,28016,ATACCGGATGGGAG,cell_45086,53801,"X,spliced,unspliced"
3693,28017,ATACCGGATTTCAC,cell_45087,53801,"X,spliced,unspliced"
3694,28045,ATAGCGTGCGTAGT,cell_45132,53801,"X,spliced,unspliced"
3695,28052,ATAGGAGATAGCGT,cell_45139,53801,"X,spliced,unspliced"
3696,28054,ATAGGCTGCTAAGC,cell_45142,53801,"X,spliced,unspliced"
3697,28071,ATATAGTGGTTCTT,cell_45167,53801,"X,spliced,unspliced"
3698,28078,ATCAAATGGTTACG,cell_45182,53801,"X,spliced,unspliced"
3699,28082,ATCAACCTCAGATC,cell_45186,53801,"X,spliced,unspliced"
3700,28092,ATCACGGAGTTTCT,cell_45200,53801,"X,spliced,unspliced"
3701,28097,ATCAGGTGCTATTC,cell_45210,53801,"X,spliced,unspliced"
3702,28116,ATCGCCACGGAGTG,cell_45251,53801,"X,spliced,unspliced"
3703,28117,ATCGCCTGCCCAAA,cell_45252,53801,"X,spliced,unspliced"
3704,28169,ATGATATGATTCCT,cell_45333,53801,"X,spliced,unspliced"
3705,28196,ATGGTGACCACAAC,cell_45382,53801,"X,spliced,unspliced"
3706,28214,ATTACCACCCTAAG,cell_45418,53801,"X,spliced,unspliced"
3707,28219,ATTACCTGGTAGGG,cell_45424,53801,"X,spliced,unspliced"
3708,28226,ATTATGGACTTGCC,cell_45435,53801,"X,spliced,unspliced"
3709,28267,ATTGCTTGTTGAGC,cell_45512,53801,"X,spliced,unspliced"
3710,28288,ATTTCCGATAACGC,cell_45549,53801,"X,spliced,unspliced"
3711,28293,ATTTGCACTCAGGT,cell_45561,53801,"X,spliced,unspliced"
3712,28304,CAACAGACCCGTTC,cell_45585,53801,"X,spliced,unspliced"
3713,28308,CAACGAACTCCGAA,cell_45594,53801,"X,spliced,unspliced"
3714,28315,CAACGTGAGGTGGA,cell_45605,53801,"X,spliced,unspliced"
3715,28320,CAAGACACGATGAA,cell_45614,53801,"X,spliced,unspliced"
3716,28323,CAAGACACTTCTGT,cell_45617,53801,"X,spliced,unspliced"
3717,28341,CAAGTCGATCTCCG,cell_45649,53801,"X,spliced,unspliced"
3718,28360,CAATGGACGGTGAG,cell_45681,53801,"X,spliced,unspliced"
3719,28372,CACACCTGGGTATC,cell_45704,53801,"X,spliced,unspliced"
3720,28387,CACCACTGCTGACA,cell_45742,53801,"X,spliced,unspliced"
3721,28406,CACCTGACAGAAGT,cell_45767,53801,"X,spliced,unspliced"
3722,28407,CACCTGACGAGCAG,cell_45768,53801,"X,spliced,unspliced"
3723,28414,CACGACCTCTGAGT,cell_45787,53801,"X,spliced,unspliced"
3724,28418,CACGATGAGTCATG,cell_45791,53801,"X,spliced,unspliced"
3725,28419,CACGCTACACGGTT,cell_45794,53801,"X,spliced,unspliced"
3726,28437,CACTATACGGACTT,cell_45820,53801,"X,spliced,unspliced"
3727,28470,CAGATCGAACCATG,cell_45880,53801,"X,spliced,unspliced"
3728,28477,CAGCACCTACCAAC,cell_45891,53801,"X,spliced,unspliced"
3729,28554,CATATAGAACCACA,cell_46023,53801,"X,spliced,unspliced"
3730,28561,CATCAGGAGCGAAG,cell_46039,53801,"X,spliced,unspliced"
3731,28565,CATCCCGAGTCATG,cell_46047,53801,"X,spliced,unspliced"
3732,28578,CATCTCCTACCACA,cell_46064,53801,"X,spliced,unspliced"
3733,28581,CATCTCCTGCTTCC,cell_46070,53801,"X,spliced,unspliced"
3734,28592,CATGCGCTTGGTAC,cell_46090,53801,"X,spliced,unspliced"
3735,28623,CATTCCCTGCTATG,cell_46139,53801,"X,spliced,unspliced"
3736,28639,CATTTGACCTCAGA,cell_46159,53801,"X,spliced,unspliced"
3737,28644,CATTTGTGGGCAAG,cell_46167,53801,"X,spliced,unspliced"
3738,28646,CATTTGTGTGCACA,cell_46170,53801,"X,spliced,unspliced"
3739,28660,CCAAGTGAGGTTCA,cell_46196,53801,"X,spliced,unspliced"
3740,28686,CCAGACCTATTCCT,cell_46243,53801,"X,spliced,unspliced"
3741,28695,CCAGCTACTGGATC,cell_46258,53801,"X,spliced,unspliced"
3742,28696,CCAGTCACCTCCCA,cell_46261,53801,"X,spliced,unspliced"
3743,28729,CCCAGTTGTGCACA,cell_46316,53801,"X,spliced,unspliced"
3744,28732,CCCATCGATAGACC,cell_46321,53801,"X,spliced,unspliced"
3745,28738,CCCGAACTGTCTGA,cell_46337,53801,"X,spliced,unspliced"
3746,28784,CCGATAGACCATAG,cell_46412,53801,"X,spliced,unspliced"
3747,28785,CCGCGAGACTGGTA,cell_46415,53801,"X,spliced,unspliced"
3748,28796,CCGTAAGACTTTAC,cell_46434,53801,"X,spliced,unspliced"
3749,28798,CCGTACACGGTTAC,cell_46436,53801,"X,spliced,unspliced"
3750,28801,CCTAAGGAACAGTC,cell_46443,53801,"X,spliced,unspliced"
3751,28809,CCTATAACATTTCC,cell_46453,53801,"X,spliced,unspliced"
3752,28813,CCTATTGATGAGGG,cell_46460,53801,"X,spliced,unspliced"
3753,28860,CGACCTACAGATGA,cell_46542,53801,"X,spliced,unspliced"
3754,28878,CGACTGCTTTGGTG,cell_46568,53801,"X,spliced,unspliced"
3755,28885,CGAGCCGAGTTGCA,cell_46579,53801,"X,spliced,unspliced"
3756,28918,CGCCATACAGCTCA,cell_46640,53801,"X,spliced,unspliced"
3757,28930,CGCCTAACCGTAGT,cell_46662,53801,"X,spliced,unspliced"
3758,28943,CGCTAAGAAGAGAT,cell_46681,53801,"X,spliced,unspliced"
3759,28965,CGGCATCTACGTTG,cell_46724,53801,"X,spliced,unspliced"
3760,28974,CGGCGATGTCATTC,cell_46742,53801,"X,spliced,unspliced"
3761,28982,CGGTAAACTTGGCA,cell_46753,53801,"X,spliced,unspliced"
3762,28989,CGTACCACAAAAGC,cell_46765,53801,"X,spliced,unspliced"
3763,29009,CGTGCACTAGGGTG,cell_46806,53801,"X,spliced,unspliced"
3764,29021,CTAAACCTTTGTCT,cell_46828,53801,"X,spliced,unspliced"
3765,29025,CTAACTACACACTG,cell_46839,53801,"X,spliced,unspliced"
3766,29032,CTAATAGAGTACAC,cell_46848,53801,"X,spliced,unspliced"
3767,29044,CTACTATGAGTGTC,cell_46868,53801,"X,spliced,unspliced"
3768,29068,CTATCATGATCTTC,cell_46918,53801,"X,spliced,unspliced"
3769,29075,CTATGACTTGCACA,cell_46932,53801,"X,spliced,unspliced"
3770,29077,CTATGTTGTACAGC,cell_46939,53801,"X,spliced,unspliced"
3771,29085,CTCAATTGCATTCT,cell_46949,53801,"X,spliced,unspliced"
3772,29086,CTCAATTGCCCTCA,cell_46951,53801,"X,spliced,unspliced"
3773,29103,CTCATTGACTGGAT,cell_46979,53801,"X,spliced,unspliced"
3774,29120,CTCGAAGAGGTGAG,cell_47003,53801,"X,spliced,unspliced"
3775,29127,CTCGACTGCTTCTA,cell_47012,53801,"X,spliced,unspliced"
3776,29141,CTGAAGACGAGGCA,cell_47039,53801,"X,spliced,unspliced"
3777,29147,CTGACAGACCCTTG,cell_47051,53801,"X,spliced,unspliced"
3778,29164,CTGCGACTTGTCTT,cell_47093,53801,"X,spliced,unspliced"
3779,29185,CTTAACACCTGTTT,cell_47128,53801,"X,spliced,unspliced"
3780,29200,CTTACATGTTGCGA,cell_47151,53801,"X,spliced,unspliced"
3781,29208,CTTAGACTTTGTGG,cell_47162,53801,"X,spliced,unspliced"
3782,29218,CTTCATGAGCTTCC,cell_47180,53801,"X,spliced,unspliced"
3783,29232,CTTGTATGTAGAAG,cell_47203,53801,"X,spliced,unspliced"
3784,29233,CTTTACGACACCAA,cell_47205,53801,"X,spliced,unspliced"
3785,29242,CTTTGATGACCGAT,cell_47222,53801,"X,spliced,unspliced"
3786,29250,GAAACCTGCGAACT,cell_47236,53801,"X,spliced,unspliced"
3787,29261,GAAATACTTTGGCA,cell_47254,53801,"X,spliced,unspliced"
3788,29269,GAACCAACCTGCAA,cell_47268,53801,"X,spliced,unspliced"
3789,29272,GAACCTGAGGAAGC,cell_47273,53801,"X,spliced,unspliced"
3790,29289,GAAGAATGCGGGAA,cell_47293,53801,"X,spliced,unspliced"
3791,29325,GACACTGAAGAATG,cell_47361,53801,"X,spliced,unspliced"
3792,29331,GACAGGGAAAGAGT,cell_47368,53801,"X,spliced,unspliced"
3793,29333,GACAGTACCCTCCA,cell_47374,53801,"X,spliced,unspliced"
3794,29334,GACAGTACCTCCAC,cell_47376,53801,"X,spliced,unspliced"
3795,29337,GACAGTTGCTTGGA,cell_47380,53801,"X,spliced,unspliced"
3796,29338,GACAGTTGGAAGGC,cell_47381,53801,"X,spliced,unspliced"
3797,29354,GACCTAGATGGTGT,cell_47404,53801,"X,spliced,unspliced"
3798,29356,GACCTCACGAGGCA,cell_47409,53801,"X,spliced,unspliced"
3799,29370,GACGATTGGGACAG,cell_47430,53801,"X,spliced,unspliced"
3800,29394,GACTCCTGTACGAC,cell_47465,53801,"X,spliced,unspliced"
3801,29419,GAGATCACGTATCG,cell_47508,53801,"X,spliced,unspliced"
3802,29420,GAGATCACGTCAAC,cell_47509,53801,"X,spliced,unspliced"
3803,29427,GAGCAGGAGAGGAC,cell_47522,53801,"X,spliced,unspliced"
3804,29459,GAGGGAACAGAAGT,cell_47579,53801,"X,spliced,unspliced"
3805,29466,GAGGGCCTCTGAGT,cell_47592,53801,"X,spliced,unspliced"
3806,29477,GAGGTTACGTCACA,cell_47609,53801,"X,spliced,unspliced"
3807,29485,GAGTAAGATGTTTC,cell_47621,53801,"X,spliced,unspliced"
3808,29494,GAGTGACTTGCAAC,cell_47642,53801,"X,spliced,unspliced"
3809,29495,GAGTGGGAAGGTCT,cell_47643,53801,"X,spliced,unspliced"
3810,29498,GAGTGGGACTGAGT,cell_47646,53801,"X,spliced,unspliced"
3811,29510,GATACTCTGTAGGG,cell_47669,53801,"X,spliced,unspliced"
3812,29513,GATAGAGAGATACC,cell_47675,53801,"X,spliced,unspliced"
3813,29517,GATATAACCTTTAC,cell_47683,53801,"X,spliced,unspliced"
3814,29539,GATCCCTGCGTAAC,cell_47713,53801,"X,spliced,unspliced"
3815,29545,GATCGAACTAAGCC,cell_47725,53801,"X,spliced,unspliced"
3816,29553,GATCTACTCAGCTA,cell_47738,53801,"X,spliced,unspliced"
3817,29557,GATCTACTTAGCGT,cell_47743,53801,"X,spliced,unspliced"
3818,29565,GATGACACGGTATC,cell_47757,53801,"X,spliced,unspliced"
3819,29595,GATTGGTGAACTGC,cell_47809,53801,"X,spliced,unspliced"
3820,29623,GCACACCTGAATAG,cell_47853,53801,"X,spliced,unspliced"
3821,29629,GCACCTTGATCGAC,cell_47866,53801,"X,spliced,unspliced"
3822,29635,GCACGGTGCGAATC,cell_47877,53801,"X,spliced,unspliced"
3823,29649,GCAGCGTGCCTGAA,cell_47908,53801,"X,spliced,unspliced"
3824,29651,GCAGCTCTAAGGTA,cell_47913,53801,"X,spliced,unspliced"
3825,29664,GCATGTGAAAGATG,cell_47932,53801,"X,spliced,unspliced"
3826,29669,GCCAAATGCGTACA,cell_47940,53801,"X,spliced,unspliced"
3827,29692,GCCCAGGATGTGGT,cell_47975,53801,"X,spliced,unspliced"
3828,29746,GCGCACGATAGAAG,cell_48057,53801,"X,spliced,unspliced"
3829,29748,GCGCATCTATTGGC,cell_48060,53801,"X,spliced,unspliced"
3830,29753,GCGGACTGCGTGAT,cell_48070,53801,"X,spliced,unspliced"
3831,29792,GCTCACTGGACAGG,cell_48135,53801,"X,spliced,unspliced"
3832,29799,GCTGATGATCGATG,cell_48158,53801,"X,spliced,unspliced"
3833,29800,GCTTAACTAAAGCA,cell_48160,53801,"X,spliced,unspliced"
3834,29827,GGAATCTGCCTGTC,cell_48200,53801,"X,spliced,unspliced"
3835,29828,GGAATCTGGTAAGA,cell_48202,53801,"X,spliced,unspliced"
3836,29831,GGACAGGAGTTGAC,cell_48211,53801,"X,spliced,unspliced"
3837,29848,GGACGCACGTAGGG,cell_48238,53801,"X,spliced,unspliced"
3838,29854,GGAGACGAAGAGAT,cell_48248,53801,"X,spliced,unspliced"
3839,29869,GGAGGCCTGGACAG,cell_48271,53801,"X,spliced,unspliced"
3840,29872,GGAGGTGACAAGCT,cell_48275,53801,"X,spliced,unspliced"
3841,29890,GGATTTCTAGAGTA,cell_48305,53801,"X,spliced,unspliced"
3842,29920,GGCCCAGATTTCTG,cell_48351,53801,"X,spliced,unspliced"
3843,29938,GGCTCACTGTACCA,cell_48388,53801,"X,spliced,unspliced"
3844,29950,GGGAAGTGGCTGAT,cell_48405,53801,"X,spliced,unspliced"
3845,29956,GGGCAAGAGTTTGG,cell_48421,53801,"X,spliced,unspliced"
3846,29961,GGGCAGCTGAGATA,cell_48429,53801,"X,spliced,unspliced"
3847,29963,GGGCCAACACCATG,cell_48432,53801,"X,spliced,unspliced"
3848,29993,GGTATCGAGGGCAA,cell_48489,53801,"X,spliced,unspliced"
3849,29999,GGTCAAACCGGTAT,cell_48499,53801,"X,spliced,unspliced"
3850,30001,GGTCTAGACCAAGT,cell_48504,53801,"X,spliced,unspliced"
3851,30024,GTAAGCTGTAGAGA,cell_48542,53801,"X,spliced,unspliced"
3852,30028,GTAATATGAAGAAC,cell_48550,53801,"X,spliced,unspliced"
3853,30033,GTACAGTGGTTAGC,cell_48556,53801,"X,spliced,unspliced"
3854,30067,GTAGTGACTTCCGC,cell_48616,53801,"X,spliced,unspliced"
3855,30071,GTAGTGTGTCGACA,cell_48621,53801,"X,spliced,unspliced"
3856,30100,GTCCACTGCCATGA,cell_48683,53801,"X,spliced,unspliced"
3857,30111,GTCGAATGGGCATT,cell_48702,53801,"X,spliced,unspliced"
3858,30126,GTGAACACAAAGTG,cell_48731,53801,"X,spliced,unspliced"
3859,30135,GTGATGACTACAGC,cell_48754,53801,"X,spliced,unspliced"
3860,30157,GTGTAGTGACACGT,cell_48786,53801,"X,spliced,unspliced"
3861,30177,GTTAACCTTGACAC,cell_48817,53801,"X,spliced,unspliced"
3862,30216,GTTGTACTTCATTC,cell_48882,53801,"X,spliced,unspliced"
3863,30217,GTTTAAGAGGTTAC,cell_48887,53801,"X,spliced,unspliced"
3864,30218,GTTTAAGATGTGCA,cell_48888,53801,"X,spliced,unspliced"
3865,30231,TAAATGTGCGGGAA,cell_48912,53801,"X,spliced,unspliced"
3866,30236,TAACAATGACCATG,cell_48918,53801,"X,spliced,unspliced"
3867,30237,TAACAATGGGTAGG,cell_48922,53801,"X,spliced,unspliced"
3868,30266,TAAGATTGCCACAA,cell_48969,53801,"X,spliced,unspliced"
3869,30280,TAAGTAACTTCCCG,cell_48993,53801,"X,spliced,unspliced"
3870,30288,TAATGAACGGTATC,cell_49003,53801,"X,spliced,unspliced"
3871,30303,TACAAATGTCTATC,cell_49025,53801,"X,spliced,unspliced"
3872,30309,TACACACTCCACAA,cell_49033,53801,"X,spliced,unspliced"
3873,30329,TACCGGCTCGTGAT,cell_49061,53801,"X,spliced,unspliced"
3874,30368,TACTGGGATTTGCT,cell_49138,53801,"X,spliced,unspliced"
3875,30369,TACTGTTGAGCTAC,cell_49139,53801,"X,spliced,unspliced"
3876,30376,TAGAATACGGCGAA,cell_49152,53801,"X,spliced,unspliced"
3877,30416,TAGGCTGAGAGACG,cell_49222,53801,"X,spliced,unspliced"
3878,30425,TAGTAAACTTGGTG,cell_49243,53801,"X,spliced,unspliced"
3879,30441,TAGTGGTGTCCGAA,cell_49272,53801,"X,spliced,unspliced"
3880,30455,TATAAGACCAGAAA,cell_49289,53801,"X,spliced,unspliced"
3881,30458,TATAAGACTCGCAA,cell_49292,53801,"X,spliced,unspliced"
3882,30482,TATCAGCTAAGGTA,cell_49330,53801,"X,spliced,unspliced"
3883,30500,TATGAATGCTCAAG,cell_49361,53801,"X,spliced,unspliced"
3884,30530,TCACAACTAAAGTG,cell_49419,53801,"X,spliced,unspliced"
3885,30559,TCAGCAGACAGAGG,cell_49471,53801,"X,spliced,unspliced"
3886,30609,TCCCGATGTTGCTT,cell_49560,53801,"X,spliced,unspliced"
3887,30618,TCCGAGCTACCCAA,cell_49576,53801,"X,spliced,unspliced"
3888,30635,TCGACCTGGCTACA,cell_49603,53801,"X,spliced,unspliced"
3889,30637,TCGAGAACAAGGGC,cell_49606,53801,"X,spliced,unspliced"
3890,30646,TCGCACACAGAATG,cell_49622,53801,"X,spliced,unspliced"
3891,30650,TCGCACTGGGGATG,cell_49630,53801,"X,spliced,unspliced"
3892,30662,TCGGACCTACTACG,cell_49647,53801,"X,spliced,unspliced"
3893,30700,TCTCTAGATGGTCA,cell_49710,53801,"X,spliced,unspliced"
3894,30713,TGAAATTGTCGTTT,cell_49733,53801,"X,spliced,unspliced"
3895,30777,TGATATGATATTCC,cell_49837,53801,"X,spliced,unspliced"
3896,30782,TGATCGGAGCATAC,cell_49846,53801,"X,spliced,unspliced"
3897,30783,TGATCGGATGGTGT,cell_49848,53801,"X,spliced,unspliced"
3898,30786,TGATTCACAACCGT,cell_49855,53801,"X,spliced,unspliced"
3899,30801,TGCACAGAAGTTCG,cell_49882,53801,"X,spliced,unspliced"
3900,30809,TGCATGGAGTAGGG,cell_49897,53801,"X,spliced,unspliced"
3901,30815,TGCCAAGACTCCAC,cell_49903,53801,"X,spliced,unspliced"
3902,30896,TGGTACGAGCTACA,cell_50031,53801,"X,spliced,unspliced"
3903,30937,TGTCTAACGAGAGC,cell_50098,53801,"X,spliced,unspliced"
3904,30949,TGTGGATGCCAGTA,cell_50115,53801,"X,spliced,unspliced"
3905,30962,TGTTACTGTACAGC,cell_50133,53801,"X,spliced,unspliced"
3906,30981,TTACGTACAGGTCT,cell_50162,53801,"X,spliced,unspliced"
3907,30992,TTAGACCTGATAAG,cell_50185,53801,"X,spliced,unspliced"
3908,30995,TTAGCTACCGAGAG,cell_50188,53801,"X,spliced,unspliced"
3909,31004,TTAGGTCTCGACAT,cell_50204,53801,"X,spliced,unspliced"
3910,31026,TTATGGCTTATCGG,cell_50240,53801,"X,spliced,unspliced"
3911,31040,TTCACCCTCGTGTA,cell_50266,53801,"X,spliced,unspliced"
3912,31047,TTCAGTTGACTGTG,cell_50277,53801,"X,spliced,unspliced"
3914,31093,TTCTTACTATGTGC,cell_50363,53801,"X,spliced,unspliced"
3915,31116,TTGGAGTGCTACGA,cell_50407,53801,"X,spliced,unspliced"
3916,31124,TTGTAGCTATTGGC,cell_50421,53801,"X,spliced,unspliced"
3917,31158,AAAGATCTGATAGA,cell_50486,53801,"X,spliced,unspliced"
3918,31165,AAATGTTGAAAGTG,cell_50499,53801,"X,spliced,unspliced"
3919,31171,AACAGAGACATTTC,cell_50510,53801,"X,spliced,unspliced"
3920,31179,AACCGCCTGGCAAG,cell_50520,53801,"X,spliced,unspliced"
3922,31195,AAGATGGATTCTAC,cell_50550,53801,"X,spliced,unspliced"
3923,31198,AAGCCAACTCGCCT,cell_50556,53801,"X,spliced,unspliced"
3924,31200,AAGGTGCTTTTCAC,cell_50564,53801,"X,spliced,unspliced"
3925,31202,AAGTAACTCTTATC,cell_50567,53801,"X,spliced,unspliced"
3926,31205,AAGTAGGACCTACC,cell_50570,53801,"X,spliced,unspliced"
3927,31207,AAGTGGCTGTAGGG,cell_50575,53801,"X,spliced,unspliced"
3928,31252,ACCCGTACATCTCT,cell_50658,53801,"X,spliced,unspliced"
3929,31258,ACCTCGTGGAGAGC,cell_50669,53801,"X,spliced,unspliced"
3930,31292,ACTACGGAGACGGA,cell_50726,53801,"X,spliced,unspliced"
3931,31307,ACTTCAACGGACAG,cell_50753,53801,"X,spliced,unspliced"
3932,31312,AGAACAGACATGCA,cell_50768,53801,"X,spliced,unspliced"
3933,31345,AGCGATACTCTAGG,cell_50824,53801,"X,spliced,unspliced"
3934,31348,AGCGTAACAGTAGA,cell_50828,53801,"X,spliced,unspliced"
3935,31358,AGGCTAACCTGTGA,cell_50855,53801,"X,spliced,unspliced"
3936,31366,AGGTTCGAGTATCG,cell_50869,53801,"X,spliced,unspliced"
3937,31376,AGTCAGACTGGTTG,cell_50887,53801,"X,spliced,unspliced"
3938,31412,ATCCATACCACCAA,cell_50964,53801,"X,spliced,unspliced"
3939,31420,ATCGGTGACTGGTA,cell_50981,53801,"X,spliced,unspliced"
3940,31424,ATCTACTGTTGCGA,cell_50987,53801,"X,spliced,unspliced"
3941,31426,ATCTGGGAGTTGTG,cell_50990,53801,"X,spliced,unspliced"
3942,31436,ATGCAGACAGAACA,cell_51005,53801,"X,spliced,unspliced"
3943,31481,CAATTCTGCCTCGT,cell_51096,53801,"X,spliced,unspliced"
3944,31498,CACGCTACGAGATA,cell_51124,53801,"X,spliced,unspliced"
3945,31501,CACGGGACGTGTCA,cell_51128,53801,"X,spliced,unspliced"
3946,31506,CACTGCTGAACGAA,cell_51135,53801,"X,spliced,unspliced"
3947,31560,CCAGTGCTCTGGAT,cell_51246,53801,"X,spliced,unspliced"
3948,31580,CCGAAAACACCTCC,cell_51280,53801,"X,spliced,unspliced"
3949,31588,CCGGAGTGGCCAAT,cell_51291,53801,"X,spliced,unspliced"
3950,31591,CCTAAACTCTGGTA,cell_51295,53801,"X,spliced,unspliced"
3951,31598,CCTGACTGAACCTG,cell_51309,53801,"X,spliced,unspliced"
3952,31633,CGCCATACTTCTCA,cell_51371,53801,"X,spliced,unspliced"
3953,31651,CGTAGCCTTCTTCA,cell_51410,53801,"X,spliced,unspliced"
3954,31680,CTATTGTGCGTTGA,cell_51465,53801,"X,spliced,unspliced"
3955,31752,GACTCCTGCGAGAG,cell_51605,53801,"X,spliced,unspliced"
3956,31781,GAGTCAACTAACGC,cell_51648,53801,"X,spliced,unspliced"
3957,31791,GATCATCTGGTGGA,cell_51668,53801,"X,spliced,unspliced"
3958,31792,GATCGAACGAGGTG,cell_51672,53801,"X,spliced,unspliced"
3959,31794,GATCGATGTTTCTG,cell_51675,53801,"X,spliced,unspliced"
3960,31812,GCACGGTGGTACGT,cell_51707,53801,"X,spliced,unspliced"
3961,31816,GCACTGCTCTGGAT,cell_51712,53801,"X,spliced,unspliced"
3962,31819,GCAGCCGAGTGTTG,cell_51717,53801,"X,spliced,unspliced"
3963,31857,GCGTAATGGAGGTG,cell_51780,53801,"X,spliced,unspliced"
3964,31884,GGAGCAGACACAAC,cell_51832,53801,"X,spliced,unspliced"
3965,31895,GGCATATGTTAGGC,cell_51853,53801,"X,spliced,unspliced"
3966,31901,GGCTAATGGTCGTA,cell_51870,53801,"X,spliced,unspliced"
3967,31934,GTATCACTCTCTCG,cell_51928,53801,"X,spliced,unspliced"
3968,31949,GTCTAACTAGTCGT,cell_51958,53801,"X,spliced,unspliced"
3969,31955,GTGATCGATCGTGA,cell_51972,53801,"X,spliced,unspliced"
3970,31960,GTGGATTGAAGCAA,cell_51982,53801,"X,spliced,unspliced"
3971,31961,GTGGTAACTGCGTA,cell_51985,53801,"X,spliced,unspliced"
3972,31969,GTTACGGAAAGAGT,cell_51998,53801,"X,spliced,unspliced"
3973,31972,GTTAGTCTGTTGGT,cell_52004,53801,"X,spliced,unspliced"
3974,31985,TAAAGACTGCCCTT,cell_52023,53801,"X,spliced,unspliced"
3975,31991,TAACATGAACACAC,cell_52038,53801,"X,spliced,unspliced"
3976,31994,TAACTAGATGCAGT,cell_52044,53801,"X,spliced,unspliced"
3977,32024,TACTTTCTATGACC,cell_52093,53801,"X,spliced,unspliced"
3978,32039,TAGTAATGGCGATT,cell_52120,53801,"X,spliced,unspliced"
3979,32067,TATGTCACGTCGAT,cell_52163,53801,"X,spliced,unspliced"
3980,32070,TATTTCCTCGTAAC,cell_52167,53801,"X,spliced,unspliced"
3981,32084,TCATCCCTGCGGAA,cell_52197,53801,"X,spliced,unspliced"
3982,32097,TCGCAAGATTGCAG,cell_52223,53801,"X,spliced,unspliced"
3983,32130,TGATTAGACGAATC,cell_52290,53801,"X,spliced,unspliced"
3984,32136,TGCACGCTACGTTG,cell_52300,53801,"X,spliced,unspliced"
3985,32171,TGTTAAGATCAGAC,cell_52369,53801,"X,spliced,unspliced"
3986,32190,TTCAAAGAAACGGG,cell_52398,53801,"X,spliced,unspliced"
3987,32213,TTGCATTGTCATTC,cell_52436,53801,"X,spliced,unspliced"
3988,32218,TTGGTACTGGGATG,cell_52444,53801,"X,spliced,unspliced"
3989,32510,ATGTCGGATTTCAC,cell_62173,53801,"X,spliced,unspliced"
3990,32892,GCGCATCTATCACG,cell_62701,53801,"X,spliced,unspliced"
3991,33280,AAACATTGGAGACG,cell_63228,53801,"X,spliced,unspliced"
3992,33293,AAACTTGACCACAA,cell_63244,53801,"X,spliced,unspliced"
3993,33325,AAATACTGCCGATA,cell_63281,53801,"X,spliced,unspliced"
3994,33341,AAATCTGATCGCAA,cell_63299,53801,"X,spliced,unspliced"
3995,33347,AAATGTTGCTAGAC,cell_63307,53801,"X,spliced,unspliced"
3996,33348,AAATGTTGCTATGG,cell_63308,53801,"X,spliced,unspliced"
3997,33351,AAATGTTGTTCCGC,cell_63312,53801,"X,spliced,unspliced"
3998,33376,AACAGAGAATCACG,cell_63340,53801,"X,spliced,unspliced"
3999,33381,AACAGCACTTCACT,cell_63346,53801,"X,spliced,unspliced"
4000,33387,AACCACGAAGCCTA,cell_63353,53801,"X,spliced,unspliced"
4001,33393,AACCAGTGCTAGTG,cell_63360,53801,"X,spliced,unspliced"
4002,33397,AACCCAGACCTACC,cell_63364,53801,"X,spliced,unspliced"
4003,33404,AACCGATGTCCAGA,cell_63372,53801,"X,spliced,unspliced"
4004,33415,AACCTTTGCGCAAT,cell_63384,53801,"X,spliced,unspliced"
4005,33438,AACGTGTGTCCTTA,cell_63412,53801,"X,spliced,unspliced"
4006,33440,AACGTTCTACACCA,cell_63414,53801,"X,spliced,unspliced"
4007,33445,AACTCACTACCATG,cell_63419,53801,"X,spliced,unspliced"
4008,33449,AACTCGGAACGACT,cell_63424,53801,"X,spliced,unspliced"
4009,33450,AACTCGGACCTCAC,cell_63425,53801,"X,spliced,unspliced"
4010,33455,AACTCGGAGTTGTG,cell_63431,53801,"X,spliced,unspliced"
4011,33464,AACTGTCTAGATGA,cell_63441,53801,"X,spliced,unspliced"
4012,33468,AACTTGCTACGACT,cell_63446,53801,"X,spliced,unspliced"
4013,33488,AAGACAGATGTCAG,cell_63468,53801,"X,spliced,unspliced"
4014,33492,AAGAGATGTCCTCG,cell_63474,53801,"X,spliced,unspliced"
4015,33496,AAGATTACAGAATG,cell_63479,53801,"X,spliced,unspliced"
4016,33514,AAGCGACTAAGAGT,cell_63504,53801,"X,spliced,unspliced"
4017,33516,AAGCGACTCCATGA,cell_63506,53801,"X,spliced,unspliced"
4018,33534,AAGGTCTGGGTGAG,cell_63527,53801,"X,spliced,unspliced"
4019,33535,AAGGTCTGTAGCCA,cell_63528,53801,"X,spliced,unspliced"
4020,33538,AAGGTGCTGCGAGA,cell_63531,53801,"X,spliced,unspliced"
4021,33544,AAGTAGGATAGTCG,cell_63538,53801,"X,spliced,unspliced"
4022,33547,AAGTATACTTTCAC,cell_63542,53801,"X,spliced,unspliced"
4023,33548,AAGTCCGAAACGAA,cell_63543,53801,"X,spliced,unspliced"
4024,33549,AAGTCCGAAAGGGC,cell_63544,53801,"X,spliced,unspliced"
4025,33561,AAGTTATGAGCTCA,cell_63558,53801,"X,spliced,unspliced"
4026,33564,AAGTTCCTTCGACA,cell_63561,53801,"X,spliced,unspliced"
4027,33566,AAGTTCCTTTCGGA,cell_63563,53801,"X,spliced,unspliced"
4028,33575,AATACTGAGGAAAT,cell_63576,53801,"X,spliced,unspliced"
4029,33592,AATCCTACCTTGGA,cell_63597,53801,"X,spliced,unspliced"
4030,33603,AATCGGTGTCTCCG,cell_63612,53801,"X,spliced,unspliced"
4031,33629,AATGTAACGACGAG,cell_63646,53801,"X,spliced,unspliced"
4032,33635,AATGTTGACTACTT,cell_63654,53801,"X,spliced,unspliced"
4033,33667,ACAACCGATAACGC,cell_63690,53801,"X,spliced,unspliced"
4034,33668,ACAACCGATACAGC,cell_63691,53801,"X,spliced,unspliced"
4035,33683,ACAATAACGTTGAC,cell_63709,53801,"X,spliced,unspliced"
4036,33689,ACAATCCTTGACAC,cell_63717,53801,"X,spliced,unspliced"
4037,33702,ACACATCTGCGTAT,cell_63731,53801,"X,spliced,unspliced"
4038,33747,ACAGTGTGCCCTCA,cell_63786,53801,"X,spliced,unspliced"
4039,33750,ACAGTGTGTGGCAT,cell_63789,53801,"X,spliced,unspliced"
4040,33757,ACATACCTGCGAAG,cell_63799,53801,"X,spliced,unspliced"
4041,33761,ACATCACTGGCATT,cell_63803,53801,"X,spliced,unspliced"
4042,33763,ACATGGTGCAGATC,cell_63806,53801,"X,spliced,unspliced"
4043,33771,ACCAACGAGACGTT,cell_63821,53801,"X,spliced,unspliced"
4044,33798,ACCCACTGCGGGAA,cell_63863,53801,"X,spliced,unspliced"
4045,33806,ACCCGTTGCAAAGA,cell_63872,53801,"X,spliced,unspliced"
4046,33814,ACCGAAACGCTTCC,cell_63881,53801,"X,spliced,unspliced"
4047,33819,ACCGCGGATTGCGA,cell_63887,53801,"X,spliced,unspliced"
4048,33844,ACGAACTGCCAAGT,cell_63917,53801,"X,spliced,unspliced"
4049,33860,ACGAGTACTTCTGT,cell_63936,53801,"X,spliced,unspliced"
4050,33865,ACGATGACGGTTTG,cell_63941,53801,"X,spliced,unspliced"
4051,33866,ACGATGACGTTCAG,cell_63942,53801,"X,spliced,unspliced"
4052,33868,ACGCAATGCAGCTA,cell_63944,53801,"X,spliced,unspliced"
4053,33869,ACGCAATGCATGCA,cell_63945,53801,"X,spliced,unspliced"
4054,33871,ACGCAATGCTTGTT,cell_63948,53801,"X,spliced,unspliced"
4055,33878,ACGCCGGACTCGCT,cell_63956,53801,"X,spliced,unspliced"
4056,33887,ACGCGGTGAAAACG,cell_63967,53801,"X,spliced,unspliced"
4057,33908,ACGGATTGAAGATG,cell_63992,53801,"X,spliced,unspliced"
4058,33925,ACGTAGACACTCTT,cell_64011,53801,"X,spliced,unspliced"
4059,33937,ACGTCCTGGATACC,cell_64023,53801,"X,spliced,unspliced"
4060,33939,ACGTCCTGGCTTAG,cell_64025,53801,"X,spliced,unspliced"
4061,33941,ACGTCCTGGGCGAA,cell_64027,53801,"X,spliced,unspliced"
4062,33952,ACGTGATGTAGTCG,cell_64039,53801,"X,spliced,unspliced"
4063,33957,ACGTGCCTGCGAGA,cell_64045,53801,"X,spliced,unspliced"
4064,33964,ACGTTTACCAGCTA,cell_64057,53801,"X,spliced,unspliced"
4065,33971,ACTACGGAGATACC,cell_64066,53801,"X,spliced,unspliced"
4066,33985,ACTCAGGAAGCAAA,cell_64083,53801,"X,spliced,unspliced"
4067,33996,ACTCCTCTCTGATG,cell_64097,53801,"X,spliced,unspliced"
4068,33999,ACTCGAGAAACGGG,cell_64100,53801,"X,spliced,unspliced"
4069,34002,ACTCGAGATAGACC,cell_64103,53801,"X,spliced,unspliced"
4070,34012,ACTCTATGGGTTAC,cell_64114,53801,"X,spliced,unspliced"
4071,34033,ACTGGCCTCTACCC,cell_64141,53801,"X,spliced,unspliced"
4072,34035,ACTGGCCTTATGGC,cell_64143,53801,"X,spliced,unspliced"
4073,34036,ACTGGCCTTGACAC,cell_64144,53801,"X,spliced,unspliced"
4074,34043,ACTTAAGAAACGTC,cell_64153,53801,"X,spliced,unspliced"
4075,34044,ACTTAAGAAGCTCA,cell_64154,53801,"X,spliced,unspliced"
4076,34054,ACTTCAACTGAACC,cell_64168,53801,"X,spliced,unspliced"
4077,34063,ACTTGACTACCCAA,cell_64182,53801,"X,spliced,unspliced"
4078,34073,AGAACAGACACAAC,cell_64197,53801,"X,spliced,unspliced"
4079,34074,AGAACAGACCAATG,cell_64198,53801,"X,spliced,unspliced"
4080,34076,AGAACAGACTACCC,cell_64200,53801,"X,spliced,unspliced"
4081,34091,AGAATTTGAGGAGC,cell_64216,53801,"X,spliced,unspliced"
4082,34095,AGACACACGTAAAG,cell_64221,53801,"X,spliced,unspliced"
4083,34098,AGACCTGAAGAATG,cell_64226,53801,"X,spliced,unspliced"
4084,34107,AGACTTCTACCCTC,cell_64239,53801,"X,spliced,unspliced"
4085,34117,AGAGAAACGGCGAA,cell_64249,53801,"X,spliced,unspliced"
4086,34118,AGAGAAACGTGCTA,cell_64250,53801,"X,spliced,unspliced"
4087,34141,AGAGGTCTCTTGTT,cell_64277,53801,"X,spliced,unspliced"
4088,34145,AGAGGTCTTGTGAC,cell_64281,53801,"X,spliced,unspliced"
4089,34149,AGAGTCTGCAAGCT,cell_64286,53801,"X,spliced,unspliced"
4090,34150,AGAGTCTGGAGCTT,cell_64287,53801,"X,spliced,unspliced"
4091,34156,AGATATACAAGTGA,cell_64294,53801,"X,spliced,unspliced"
4092,34157,AGATATACACCCTC,cell_64295,53801,"X,spliced,unspliced"
4093,34170,AGATTCCTCAGGAG,cell_64311,53801,"X,spliced,unspliced"
4094,34174,AGATTCCTGGTACT,cell_64315,53801,"X,spliced,unspliced"
4095,34178,AGATTCCTTGCTCC,cell_64320,53801,"X,spliced,unspliced"
4096,34189,AGCACAACAAGAAC,cell_64334,53801,"X,spliced,unspliced"
4097,34193,AGCACTGACTAGTG,cell_64338,53801,"X,spliced,unspliced"
4098,34204,AGCCACCTCACTTT,cell_64353,53801,"X,spliced,unspliced"
4099,34217,AGCCGGACGGAGTG,cell_64368,53801,"X,spliced,unspliced"
4100,34221,AGCCGGTGTAGAAG,cell_64375,53801,"X,spliced,unspliced"
4101,34225,AGCCTCACAAAGTG,cell_64380,53801,"X,spliced,unspliced"
4102,34239,AGCGAACTTTATCC,cell_64398,53801,"X,spliced,unspliced"
4103,34242,AGCGATACCCGTAA,cell_64401,53801,"X,spliced,unspliced"
4104,34243,AGCGATACTACAGC,cell_64403,53801,"X,spliced,unspliced"
4105,34287,AGCTTACTACCACA,cell_64453,53801,"X,spliced,unspliced"
4106,34292,AGCTTACTTGGTCA,cell_64460,53801,"X,spliced,unspliced"
4107,34307,AGGACACTAGAAGT,cell_64478,53801,"X,spliced,unspliced"
4108,34330,AGGCAACTGTCCTC,cell_64505,53801,"X,spliced,unspliced"
4109,34332,AGGCAGGACATTCT,cell_64507,53801,"X,spliced,unspliced"
4110,34337,AGGCTAACACACTG,cell_64513,53801,"X,spliced,unspliced"
4111,34341,AGGCTAACCTGACA,cell_64517,53801,"X,spliced,unspliced"
4112,34343,AGGCTAACGCGTTA,cell_64519,53801,"X,spliced,unspliced"
4113,34348,AGGGAGTGACTAGC,cell_64525,53801,"X,spliced,unspliced"
4114,34360,AGGGCCTGTCCAGA,cell_64538,53801,"X,spliced,unspliced"
4115,34364,AGGGTTTGACACTG,cell_64545,53801,"X,spliced,unspliced"
4116,34376,AGGTCATGGCAAGG,cell_64559,53801,"X,spliced,unspliced"
4117,34377,AGGTCATGTCCAAG,cell_64560,53801,"X,spliced,unspliced"
4118,34382,AGGTCTGAGTGTCA,cell_64565,53801,"X,spliced,unspliced"
4119,34387,AGGTGTTGGAGATA,cell_64571,53801,"X,spliced,unspliced"
4120,34397,AGGTTGTGGCGAGA,cell_64582,53801,"X,spliced,unspliced"
4121,34399,AGGTTGTGGTCGTA,cell_64584,53801,"X,spliced,unspliced"
4122,34403,AGTAAGGACGGAGA,cell_64588,53801,"X,spliced,unspliced"
4123,34414,AGTACTCTTGTCCC,cell_64603,53801,"X,spliced,unspliced"
4124,34417,AGTAGAGACAACTG,cell_64606,53801,"X,spliced,unspliced"
4125,34437,AGTCAGACGAGACG,cell_64629,53801,"X,spliced,unspliced"
4126,34455,AGTCGCCTTCTCCG,cell_64649,53801,"X,spliced,unspliced"
4127,34460,AGTGAAGAAAGCAA,cell_64657,53801,"X,spliced,unspliced"
4128,34465,AGTGAAGAGTGTCA,cell_64662,53801,"X,spliced,unspliced"
4129,34468,AGTGACACCCCACT,cell_64665,53801,"X,spliced,unspliced"
4130,34474,AGTGCAACTCTCTA,cell_64672,53801,"X,spliced,unspliced"
4131,34484,AGTTATGAATTCTC,cell_64684,53801,"X,spliced,unspliced"
4132,34499,AGTTTAGAAAAGCA,cell_64702,53801,"X,spliced,unspliced"
4133,34501,AGTTTAGACGTAGT,cell_64705,53801,"X,spliced,unspliced"
4134,34515,ATAACATGCTACCC,cell_64723,53801,"X,spliced,unspliced"
4135,34516,ATAACCCTGGGCAA,cell_64725,53801,"X,spliced,unspliced"
4136,34519,ATAAGTTGGATGAA,cell_64729,53801,"X,spliced,unspliced"
4137,34524,ATAATGACATCGAC,cell_64734,53801,"X,spliced,unspliced"
4138,34525,ATAATGACTCCTAT,cell_64736,53801,"X,spliced,unspliced"
4139,34528,ATACAATGCAGATC,cell_64739,53801,"X,spliced,unspliced"
4140,34532,ATACACCTTTGGTG,cell_64744,53801,"X,spliced,unspliced"
4141,34544,ATACCTACTTATCC,cell_64757,53801,"X,spliced,unspliced"
4142,34582,ATAGGAGACGTGAT,cell_64807,53801,"X,spliced,unspliced"
4143,34585,ATAGGCTGTCTCGC,cell_64812,53801,"X,spliced,unspliced"
4144,34595,ATATACGAATCACG,cell_64824,53801,"X,spliced,unspliced"
4145,34603,ATATGAACACGTTG,cell_64833,53801,"X,spliced,unspliced"
4146,34604,ATATGAACATCTCT,cell_64834,53801,"X,spliced,unspliced"
4147,34612,ATCAAATGGAGACG,cell_64842,53801,"X,spliced,unspliced"
4148,34621,ATCACGGACTGGAT,cell_64853,53801,"X,spliced,unspliced"
4149,34629,ATCACTTGGGGTGA,cell_64863,53801,"X,spliced,unspliced"
4150,34632,ATCACTTGTCCTTA,cell_64866,53801,"X,spliced,unspliced"
4151,34633,ATCACTTGTGCCCT,cell_64867,53801,"X,spliced,unspliced"
4152,34650,ATCCAGGAGTTGAC,cell_64890,53801,"X,spliced,unspliced"
4153,34654,ATCCCGTGCATGGT,cell_64895,53801,"X,spliced,unspliced"
4154,34668,ATCGCAGAAGTGCT,cell_64912,53801,"X,spliced,unspliced"
4155,34675,ATCGCGCTCGACTA,cell_64919,53801,"X,spliced,unspliced"
4156,34676,ATCGCGCTTACGAC,cell_64920,53801,"X,spliced,unspliced"
4157,34679,ATCGGAACCGCTAA,cell_64924,53801,"X,spliced,unspliced"
4158,34685,ATCTACACGAATCC,cell_64933,53801,"X,spliced,unspliced"
4159,34694,ATCTGACTACCCTC,cell_64942,53801,"X,spliced,unspliced"
4160,34704,ATCTTGACTGGTCA,cell_64952,53801,"X,spliced,unspliced"
4161,34710,ATCTTTCTGGCAAG,cell_64958,53801,"X,spliced,unspliced"
4162,34727,ATGAGCACCGGAGA,cell_64979,53801,"X,spliced,unspliced"
4163,34741,ATGATATGGGTGTT,cell_64994,53801,"X,spliced,unspliced"
4164,34746,ATGCACGATAGACC,cell_65000,53801,"X,spliced,unspliced"
4165,34750,ATGCAGACGGGCAA,cell_65004,53801,"X,spliced,unspliced"
4166,34765,ATGCCGCTGTAGCT,cell_65023,53801,"X,spliced,unspliced"
4167,34769,ATGCGCCTACTCAG,cell_65027,53801,"X,spliced,unspliced"
4168,34772,ATGCGCCTGGAGCA,cell_65031,53801,"X,spliced,unspliced"
4169,34783,ATGGGTACTCTAGG,cell_65044,53801,"X,spliced,unspliced"
4170,34805,ATGTTCACGAGGGT,cell_65069,53801,"X,spliced,unspliced"
4171,34806,ATGTTGCTCCCACT,cell_65070,53801,"X,spliced,unspliced"
4172,34812,ATTAAGACAGAACA,cell_65076,53801,"X,spliced,unspliced"
4173,34813,ATTAAGACAGCCTA,cell_65077,53801,"X,spliced,unspliced"
4174,34817,ATTACCACCAGATC,cell_65081,53801,"X,spliced,unspliced"
4175,34833,ATTATGGACCTTTA,cell_65100,53801,"X,spliced,unspliced"
4176,34839,ATTCAAGAATCGAC,cell_65106,53801,"X,spliced,unspliced"
4177,34843,ATTCAGCTGTAGCT,cell_65112,53801,"X,spliced,unspliced"
4178,34861,ATTGAATGTCTCCG,cell_65134,53801,"X,spliced,unspliced"
4179,34864,ATTGATGAGGAGCA,cell_65138,53801,"X,spliced,unspliced"
4180,34868,ATTGCGGACTTGCC,cell_65144,53801,"X,spliced,unspliced"
4181,34870,ATTGCGGAGTTAGC,cell_65146,53801,"X,spliced,unspliced"
4182,34913,ATTTGCACTTCGCC,cell_65192,53801,"X,spliced,unspliced"
4183,34925,CAACAGACGGTGTT,cell_65206,53801,"X,spliced,unspliced"
4184,34926,CAACCAGAACCAAC,cell_65207,53801,"X,spliced,unspliced"
4185,34928,CAACCAGATCTTTG,cell_65210,53801,"X,spliced,unspliced"
4186,34936,CAACGATGAGAGAT,cell_65221,53801,"X,spliced,unspliced"
4187,34944,CAACTTTGGGTTCA,cell_65231,53801,"X,spliced,unspliced"
4188,34955,CAAGACTGAAAAGC,cell_65246,53801,"X,spliced,unspliced"
4189,34966,CAAGCTGAGCTCCT,cell_65259,53801,"X,spliced,unspliced"
4190,34971,CAAGGTTGCACACA,cell_65265,53801,"X,spliced,unspliced"
4191,34978,CAATAATGGAACCT,cell_65275,53801,"X,spliced,unspliced"
4192,34979,CAATAATGGGTTAC,cell_65277,53801,"X,spliced,unspliced"
4193,34987,CAATCTACACTGTG,cell_65288,53801,"X,spliced,unspliced"
4194,34996,CAATTCTGAGAACA,cell_65299,53801,"X,spliced,unspliced"
4195,34999,CACAACGAAACTGC,cell_65302,53801,"X,spliced,unspliced"
4196,35007,CACACCTGAAACGA,cell_65311,53801,"X,spliced,unspliced"
4197,35029,CACATGGATCGTTT,cell_65342,53801,"X,spliced,unspliced"
4198,35032,CACCACTGTCCGAA,cell_65345,53801,"X,spliced,unspliced"
4199,35046,CACGAAACATCTCT,cell_65367,53801,"X,spliced,unspliced"
4200,35052,CACGATGAATTCGG,cell_65373,53801,"X,spliced,unspliced"
4201,35056,CACGCTACGTTGTG,cell_65378,53801,"X,spliced,unspliced"
4202,35062,CACTAACTTGTGGT,cell_65386,53801,"X,spliced,unspliced"
4203,35065,CACTAGGATCCTCG,cell_65391,53801,"X,spliced,unspliced"
4204,35068,CACTATACTGGAAA,cell_65396,53801,"X,spliced,unspliced"
4205,35074,CACTCTCTAACCAC,cell_65403,53801,"X,spliced,unspliced"
4206,35081,CACTGAGAGTCAAC,cell_65412,53801,"X,spliced,unspliced"
4207,35084,CACTGCACGGATCT,cell_65415,53801,"X,spliced,unspliced"
4208,35121,CAGATGACAAACAG,cell_65460,53801,"X,spliced,unspliced"
4209,35127,CAGCAATGCTCTCG,cell_65467,53801,"X,spliced,unspliced"
4210,35130,CAGCACCTGGAAGC,cell_65471,53801,"X,spliced,unspliced"
4211,35141,CAGCCTACAGAGGC,cell_65483,53801,"X,spliced,unspliced"
4212,35142,CAGCCTACAGTACC,cell_65484,53801,"X,spliced,unspliced"
4213,35145,CAGCCTTGACCATG,cell_65489,53801,"X,spliced,unspliced"
4214,35161,CAGCTCACCATACG,cell_65509,53801,"X,spliced,unspliced"
4215,35172,CAGGGCACCTTATC,cell_65522,53801,"X,spliced,unspliced"
4216,35173,CAGGGCACGAATGA,cell_65523,53801,"X,spliced,unspliced"
4217,35182,CAGTCAGAAACCTG,cell_65537,53801,"X,spliced,unspliced"
4218,35188,CAGTGATGTGAAGA,cell_65543,53801,"X,spliced,unspliced"
4219,35189,CAGTGTGAGAATGA,cell_65545,53801,"X,spliced,unspliced"
4220,35191,CAGTGTGATCCAGA,cell_65547,53801,"X,spliced,unspliced"
4221,35192,CAGTTACTATCGTG,cell_65548,53801,"X,spliced,unspliced"
4222,35205,CATAAAACAGCACT,cell_65563,53801,"X,spliced,unspliced"
4223,35213,CATAAATGGGCATT,cell_65571,53801,"X,spliced,unspliced"
4224,35215,CATAAATGTTCCAT,cell_65573,53801,"X,spliced,unspliced"
4225,35231,CATATAGACAGAGG,cell_65593,53801,"X,spliced,unspliced"
4226,35249,CATCGCTGATGTGC,cell_65613,53801,"X,spliced,unspliced"
4227,35273,CATGGATGAGTGTC,cell_65646,53801,"X,spliced,unspliced"
4228,35317,CATTTGACCCTTGC,cell_65703,53801,"X,spliced,unspliced"
4229,35318,CATTTGACCGTGAT,cell_65704,53801,"X,spliced,unspliced"
4230,35320,CATTTGACTCCTAT,cell_65707,53801,"X,spliced,unspliced"
4231,35323,CCAAAGTGATCAGC,cell_65711,53801,"X,spliced,unspliced"
4232,35325,CCAAAGTGCCAACA,cell_65713,53801,"X,spliced,unspliced"
4233,35334,CCAACCTGTTCGGA,cell_65726,53801,"X,spliced,unspliced"
4234,35338,CCAAGTGACCTACC,cell_65733,53801,"X,spliced,unspliced"
4235,35345,CCAATGGAATTCCT,cell_65741,53801,"X,spliced,unspliced"
4236,35357,CCACCTGAGTTGTG,cell_65754,53801,"X,spliced,unspliced"
4237,35362,CCACTGTGACGGAG,cell_65761,53801,"X,spliced,unspliced"
4238,35366,CCACTTCTCGTCTC,cell_65767,53801,"X,spliced,unspliced"
4239,35373,CCAGAAACTCTTTG,cell_65774,53801,"X,spliced,unspliced"
4240,35383,CCAGCACTCCTGTC,cell_65785,53801,"X,spliced,unspliced"
4241,35395,CCAGGTCTGTATCG,cell_65798,53801,"X,spliced,unspliced"
4242,35408,CCAGTGCTACGTGT,cell_65813,53801,"X,spliced,unspliced"
4243,35410,CCAGTGCTTCTCTA,cell_65815,53801,"X,spliced,unspliced"
4244,35411,CCAGTGCTTCTTCA,cell_65816,53801,"X,spliced,unspliced"
4245,35413,CCAGTGCTTTCGTT,cell_65819,53801,"X,spliced,unspliced"
4246,35417,CCATAGGAGGACAG,cell_65825,53801,"X,spliced,unspliced"
4247,35419,CCATAGGATCCAGA,cell_65827,53801,"X,spliced,unspliced"
4248,35427,CCATCGTGTCAGTG,cell_65836,53801,"X,spliced,unspliced"
4249,35429,CCATGCTGCCCTTG,cell_65838,53801,"X,spliced,unspliced"
4250,35435,CCATTAACAACCTG,cell_65844,53801,"X,spliced,unspliced"
4251,35463,CCCAGTTGACACCA,cell_65879,53801,"X,spliced,unspliced"
4253,35471,CCCATGTGGTGAGG,cell_65890,53801,"X,spliced,unspliced"
4254,35482,CCCGGAGAAGACTC,cell_65903,53801,"X,spliced,unspliced"
4255,35499,CCCTGATGACGGAG,cell_65926,53801,"X,spliced,unspliced"
4256,35500,CCCTGATGCATACG,cell_65927,53801,"X,spliced,unspliced"
4257,35512,CCGAAAACTCCTGC,cell_65941,53801,"X,spliced,unspliced"
4258,35515,CCGACTACACTGTG,cell_65946,53801,"X,spliced,unspliced"
4259,35528,CCGCTATGCCAGTA,cell_65961,53801,"X,spliced,unspliced"
4260,35531,CCGCTATGGAAGGC,cell_65964,53801,"X,spliced,unspliced"
4261,35534,CCGGAGACACAGTC,cell_65967,53801,"X,spliced,unspliced"
4262,35568,CCTATAACGGAAGC,cell_66006,53801,"X,spliced,unspliced"
4263,35582,CCTCTACTCTTTAC,cell_66021,53801,"X,spliced,unspliced"
4264,35586,CCTGACTGGAACCT,cell_66027,53801,"X,spliced,unspliced"
4265,35591,CCTGCAACCATGCA,cell_66033,53801,"X,spliced,unspliced"
4266,35609,CGAACATGACTACG,cell_66053,53801,"X,spliced,unspliced"
4267,35612,CGAACATGCCTTTA,cell_66056,53801,"X,spliced,unspliced"
4268,35615,CGAAGACTTGTCGA,cell_66059,53801,"X,spliced,unspliced"
4269,35619,CGAAGTACCCACAA,cell_66064,53801,"X,spliced,unspliced"
4270,35621,CGAAGTACTGCAGT,cell_66068,53801,"X,spliced,unspliced"
4271,35628,CGACCACTGGAAAT,cell_66078,53801,"X,spliced,unspliced"
4272,35630,CGACCGGAAGCCAT,cell_66081,53801,"X,spliced,unspliced"
4273,35642,CGACGTCTCGACAT,cell_66094,53801,"X,spliced,unspliced"
4274,35646,CGACTCACGTGTCA,cell_66098,53801,"X,spliced,unspliced"
4275,35659,CGAGAACTGGAGCA,cell_66112,53801,"X,spliced,unspliced"
4276,35661,CGAGAACTTCGTGA,cell_66114,53801,"X,spliced,unspliced"
4277,35716,CGCACGGAGGACAG,cell_66175,53801,"X,spliced,unspliced"
4278,35717,CGCACGGATCCTTA,cell_66176,53801,"X,spliced,unspliced"
4279,35738,CGCCATTGAACTGC,cell_66202,53801,"X,spliced,unspliced"
4280,35739,CGCCATTGAGAAGT,cell_66203,53801,"X,spliced,unspliced"
4281,35755,CGCGATCTGCTATG,cell_66220,53801,"X,spliced,unspliced"
4282,35765,CGCTAAGATTTCAC,cell_66234,53801,"X,spliced,unspliced"
4283,35775,CGCTCATGTGGTTG,cell_66244,53801,"X,spliced,unspliced"
4284,35806,CGGCCAGATTCCAT,cell_66280,53801,"X,spliced,unspliced"
4285,35821,CGGGCATGGAGGCA,cell_66300,53801,"X,spliced,unspliced"
4286,35826,CGGTACCTGAACTC,cell_66305,53801,"X,spliced,unspliced"
4287,35838,CGTACCACTGTCGA,cell_66319,53801,"X,spliced,unspliced"
4288,35854,CGTCGACTAACCGT,cell_66338,53801,"X,spliced,unspliced"
4289,35855,CGTCGACTACCCAA,cell_66339,53801,"X,spliced,unspliced"
4290,35865,CGTGAATGCACACA,cell_66349,53801,"X,spliced,unspliced"
4291,35871,CGTGATGATTGGTG,cell_66357,53801,"X,spliced,unspliced"
4292,35873,CGTGCACTAGTCTG,cell_66359,53801,"X,spliced,unspliced"
4293,35881,CGTGTAGACCCACT,cell_66370,53801,"X,spliced,unspliced"
4294,35887,CGTTAGGAGTTAGC,cell_66377,53801,"X,spliced,unspliced"
4295,35889,CGTTATACTGTTCT,cell_66380,53801,"X,spliced,unspliced"
4296,35901,CTAAACCTGATGAA,cell_66392,53801,"X,spliced,unspliced"
4297,35903,CTAAACCTTAGCCA,cell_66395,53801,"X,spliced,unspliced"
4298,35913,CTAAGGACGGATCT,cell_66407,53801,"X,spliced,unspliced"
4299,35914,CTAAGGTGACACGT,cell_66409,53801,"X,spliced,unspliced"
4300,35920,CTAATAGACTTATC,cell_66416,53801,"X,spliced,unspliced"
4301,35925,CTAATAGATTGCAG,cell_66421,53801,"X,spliced,unspliced"
4302,35931,CTACCTCTGACGGA,cell_66429,53801,"X,spliced,unspliced"
4303,35939,CTACTATGTTCAGG,cell_66438,53801,"X,spliced,unspliced"
4304,35945,CTAGAGACTCGCAA,cell_66445,53801,"X,spliced,unspliced"
4305,35948,CTAGGATGGTTCGA,cell_66452,53801,"X,spliced,unspliced"
4306,35953,CTAGGTGAACCATG,cell_66457,53801,"X,spliced,unspliced"
4307,35956,CTAGTTTGCGTTAG,cell_66460,53801,"X,spliced,unspliced"
4308,35958,CTATAAGAACCTCC,cell_66463,53801,"X,spliced,unspliced"
4309,35964,CTATAGCTAGGTTC,cell_66475,53801,"X,spliced,unspliced"
4310,35972,CTATCAACTAAAGG,cell_66484,53801,"X,spliced,unspliced"
4311,35978,CTATCATGTCAGTG,cell_66492,53801,"X,spliced,unspliced"
4312,35981,CTATCCCTGAGAGC,cell_66495,53801,"X,spliced,unspliced"
4313,35985,CTATGACTCGACAT,cell_66499,53801,"X,spliced,unspliced"
4314,35994,CTATGTTGCTCATT,cell_66509,53801,"X,spliced,unspliced"
4315,36008,CTCAATTGGAGAGC,cell_66530,53801,"X,spliced,unspliced"
4316,36018,CTCAGCTGATACCG,cell_66541,53801,"X,spliced,unspliced"
4317,36030,CTCCACGAAATCGC,cell_66554,53801,"X,spliced,unspliced"
4318,36045,CTCGACACTCTCGC,cell_66575,53801,"X,spliced,unspliced"
4319,36054,CTCGAGCTGTTACG,cell_66587,53801,"X,spliced,unspliced"
4320,36063,CTCTAAACCTACGA,cell_66598,53801,"X,spliced,unspliced"
4321,36067,CTCTAATGAAGGTA,cell_66603,53801,"X,spliced,unspliced"
4322,36068,CTCTAATGATCTCT,cell_66604,53801,"X,spliced,unspliced"
4323,36075,CTGAAGTGAACTGC,cell_66611,53801,"X,spliced,unspliced"
4324,36102,CTGATGGACTTGGA,cell_66646,53801,"X,spliced,unspliced"
4325,36103,CTGATGGAGGTCTA,cell_66647,53801,"X,spliced,unspliced"
4326,36110,CTGCAGCTAGATCC,cell_66655,53801,"X,spliced,unspliced"
4327,36130,CTGTATACATCACG,cell_66681,53801,"X,spliced,unspliced"
4328,36132,CTGTATACGGTGTT,cell_66684,53801,"X,spliced,unspliced"
4329,36138,CTTAACACCTGACA,cell_66694,53801,"X,spliced,unspliced"
4330,36146,CTTACAACGTTAGC,cell_66703,53801,"X,spliced,unspliced"
4331,36147,CTTACAACTACTTC,cell_66704,53801,"X,spliced,unspliced"
4332,36155,CTTACATGTTTCAC,cell_66713,53801,"X,spliced,unspliced"
4333,36156,CTTACTGACGATAC,cell_66714,53801,"X,spliced,unspliced"
4334,36157,CTTACTGAGACAAA,cell_66715,53801,"X,spliced,unspliced"
4335,36174,CTTCACCTCAAAGA,cell_66737,53801,"X,spliced,unspliced"
4336,36188,CTTGAACTAAGGGC,cell_66753,53801,"X,spliced,unspliced"
4337,36189,CTTGAACTAGTCGT,cell_66754,53801,"X,spliced,unspliced"
4338,36190,CTTGAACTTGAGGG,cell_66757,53801,"X,spliced,unspliced"
4339,36191,CTTGAGGAATTCGG,cell_66758,53801,"X,spliced,unspliced"
4340,36206,CTTTAGTGTCCGAA,cell_66777,53801,"X,spliced,unspliced"
4341,36213,GAAACAGACTACTT,cell_66787,53801,"X,spliced,unspliced"
4342,36222,GAAAGATGGCTGAT,cell_66799,53801,"X,spliced,unspliced"
4343,36233,GAACACACCATGCA,cell_66811,53801,"X,spliced,unspliced"
4344,36253,GAACCTGATGCGTA,cell_66834,53801,"X,spliced,unspliced"
4345,36256,GAACGTTGTCTACT,cell_66838,53801,"X,spliced,unspliced"
4346,36262,GAAGATGAACTGTG,cell_66846,53801,"X,spliced,unspliced"
4347,36280,GAAGGGTGTCGCTC,cell_66871,53801,"X,spliced,unspliced"
4348,36283,GAAGGTCTCTCCAC,cell_66874,53801,"X,spliced,unspliced"
4349,36306,GAAGTGCTCGTTGA,cell_66902,53801,"X,spliced,unspliced"
4350,36308,GAAGTGCTGTCACA,cell_66904,53801,"X,spliced,unspliced"
4351,36324,GACAACACCGGAGA,cell_66925,53801,"X,spliced,unspliced"
4352,36332,GACACTGACAACCA,cell_66934,53801,"X,spliced,unspliced"
4353,36345,GACAGTTGAACCAC,cell_66952,53801,"X,spliced,unspliced"
4354,36346,GACAGTTGTCGCTC,cell_66954,53801,"X,spliced,unspliced"
4355,36348,GACCAAACGGACGA,cell_66956,53801,"X,spliced,unspliced"
4356,36355,GACCTAGACTATTC,cell_66966,53801,"X,spliced,unspliced"
4357,36362,GACCTCACTTCGGA,cell_66974,53801,"X,spliced,unspliced"
4358,36368,GACGAACTTGGTCA,cell_66981,53801,"X,spliced,unspliced"
4359,36387,GACGTAACGTTCAG,cell_67005,53801,"X,spliced,unspliced"
4360,36392,GACGTCCTCGCATA,cell_67012,53801,"X,spliced,unspliced"
4361,36409,GACTGATGATCTTC,cell_67032,53801,"X,spliced,unspliced"
4362,36418,GACTGTGATAGACC,cell_67044,53801,"X,spliced,unspliced"
4363,36419,GACTTTACAAGAAC,cell_67045,53801,"X,spliced,unspliced"
4364,36439,GAGATCACGATAGA,cell_67071,53801,"X,spliced,unspliced"
4365,36447,GAGCATACGAGGTG,cell_67082,53801,"X,spliced,unspliced"
4366,36452,GAGCGCACGAATGA,cell_67090,53801,"X,spliced,unspliced"
4367,36473,GAGGCAGACTTAGG,cell_67120,53801,"X,spliced,unspliced"
4368,36481,GAGGCCACGCTGAT,cell_67128,53801,"X,spliced,unspliced"
4369,36487,GAGGGAACTGAACC,cell_67135,53801,"X,spliced,unspliced"
4370,36491,GAGGGATGTCCTAT,cell_67139,53801,"X,spliced,unspliced"
4371,36499,GAGGGTGATCGACA,cell_67147,53801,"X,spliced,unspliced"
4372,36501,GAGGTACTACGCAT,cell_67149,53801,"X,spliced,unspliced"
4373,36504,GAGGTACTTGGAGG,cell_67152,53801,"X,spliced,unspliced"
4374,36511,GAGGTTTGCGAGTT,cell_67159,53801,"X,spliced,unspliced"
4375,36518,GAGTACACACGTAC,cell_67168,53801,"X,spliced,unspliced"
4376,36523,GAGTACTGGAGCAG,cell_67175,53801,"X,spliced,unspliced"
4377,36528,GAGTGGGACAACTG,cell_67184,53801,"X,spliced,unspliced"
4378,36536,GATAAGGAACCTGA,cell_67192,53801,"X,spliced,unspliced"
4379,36544,GATAGAGAAAGAGT,cell_67204,53801,"X,spliced,unspliced"
4380,36551,GATAGCACAACGTC,cell_67212,53801,"X,spliced,unspliced"
4381,36559,GATATATGCTTATC,cell_67222,53801,"X,spliced,unspliced"
4382,36568,GATATTGACACTGA,cell_67232,53801,"X,spliced,unspliced"
4383,36570,GATCATCTCCTCAC,cell_67236,53801,"X,spliced,unspliced"
4384,36574,GATCCCTGCAGAAA,cell_67240,53801,"X,spliced,unspliced"
4385,36585,GATCGATGCGTGAT,cell_67254,53801,"X,spliced,unspliced"
4386,36591,GATCGTGAAAGATG,cell_67260,53801,"X,spliced,unspliced"
4387,36607,GATCTTACGAGGAC,cell_67277,53801,"X,spliced,unspliced"
4388,36616,GATGCAACACTGTG,cell_67289,53801,"X,spliced,unspliced"
4389,36631,GATTACCTCGCATA,cell_67309,53801,"X,spliced,unspliced"
4390,36639,GATTCGGATGCCTC,cell_67317,53801,"X,spliced,unspliced"
4391,36641,GATTCTACGTAAGA,cell_67319,53801,"X,spliced,unspliced"
4392,36656,GATTTAGAGTAAAG,cell_67335,53801,"X,spliced,unspliced"
4393,36667,GCAAACTGTCGCTC,cell_67348,53801,"X,spliced,unspliced"
4394,36672,GCAACTGACCTCAC,cell_67354,53801,"X,spliced,unspliced"
4395,36679,GCAATTCTCATTTC,cell_67362,53801,"X,spliced,unspliced"
4396,36680,GCAATTCTGTATCG,cell_67363,53801,"X,spliced,unspliced"
4397,36686,GCACAAACGACAAA,cell_67369,53801,"X,spliced,unspliced"
4398,36720,GCACTGCTCGAGAG,cell_67407,53801,"X,spliced,unspliced"
4399,36738,GCAGCGTGTCATTC,cell_67428,53801,"X,spliced,unspliced"
4400,36744,GCAGCTCTGCATCA,cell_67434,53801,"X,spliced,unspliced"
4401,36749,GCAGGCACCATACG,cell_67439,53801,"X,spliced,unspliced"
4402,36768,GCATGATGAAGAGT,cell_67461,53801,"X,spliced,unspliced"
4403,36774,GCATGTGAGCTATG,cell_67470,53801,"X,spliced,unspliced"
4404,36775,GCATGTGAGGTATC,cell_67471,53801,"X,spliced,unspliced"
4405,36802,GCCATCACCCACCT,cell_67501,53801,"X,spliced,unspliced"
4406,36804,GCCATCACTTCTAC,cell_67503,53801,"X,spliced,unspliced"
4407,36806,GCCATGCTCGTGTA,cell_67505,53801,"X,spliced,unspliced"
4408,36808,GCCCAACTAGAACA,cell_67508,53801,"X,spliced,unspliced"
4409,36809,GCCCAACTTGGTCA,cell_67511,53801,"X,spliced,unspliced"
4410,36816,GCCGACGACGTAAC,cell_67521,53801,"X,spliced,unspliced"
4411,36819,GCCGACGATACGAC,cell_67524,53801,"X,spliced,unspliced"
4412,36833,GCCTCAACCATCAG,cell_67540,53801,"X,spliced,unspliced"
4413,36839,GCCTGACTAACGGG,cell_67547,53801,"X,spliced,unspliced"
4414,36844,GCGAAGGAGGGCAA,cell_67552,53801,"X,spliced,unspliced"
4415,36855,GCGATATGCTTATC,cell_67566,53801,"X,spliced,unspliced"
4416,36864,GCGCGAACACCATG,cell_67579,53801,"X,spliced,unspliced"
4417,36868,GCGCGAACTCATTC,cell_67583,53801,"X,spliced,unspliced"
4418,36886,GCGTAAACTCCAGA,cell_67603,53801,"X,spliced,unspliced"
4419,36890,GCGTAATGTCCCAC,cell_67607,53801,"X,spliced,unspliced"
4420,36896,GCGTATGATGCACA,cell_67615,53801,"X,spliced,unspliced"
4421,36908,GCTACCTGGTGTTG,cell_67629,53801,"X,spliced,unspliced"
4422,36925,GCTATACTTCCTTA,cell_67648,53801,"X,spliced,unspliced"
4423,36928,GCTCAAGAGGATCT,cell_67652,53801,"X,spliced,unspliced"
4424,36941,GCTCGACTGCGGAA,cell_67667,53801,"X,spliced,unspliced"
4425,36948,GCTTAACTCAACTG,cell_67675,53801,"X,spliced,unspliced"
4426,36956,GCTTGAGAGAGACG,cell_67685,53801,"X,spliced,unspliced"
4427,36958,GCTTGAGAGTGAGG,cell_67687,53801,"X,spliced,unspliced"
4428,36970,GGAACTTGCACTCC,cell_67704,53801,"X,spliced,unspliced"
4429,36984,GGAATGCTCATTCT,cell_67724,53801,"X,spliced,unspliced"
4430,36985,GGAATGCTCCCTCA,cell_67725,53801,"X,spliced,unspliced"
4431,36995,GGACAGGACTTCTA,cell_67736,53801,"X,spliced,unspliced"
4432,37010,GGACCTCTCAGAAA,cell_67754,53801,"X,spliced,unspliced"
4433,37020,GGACGAGAGCGATT,cell_67764,53801,"X,spliced,unspliced"
4434,37030,GGACTATGGCCAAT,cell_67775,53801,"X,spliced,unspliced"
4435,37048,GGAGCGCTATCTCT,cell_67796,53801,"X,spliced,unspliced"
4436,37064,GGAGTTTGGCCAAT,cell_67815,53801,"X,spliced,unspliced"
4437,37077,GGATTGTGACCGAT,cell_67830,53801,"X,spliced,unspliced"
4438,37080,GGATTGTGTCCTGC,cell_67833,53801,"X,spliced,unspliced"
4439,37088,GGCAATACAAGATG,cell_67842,53801,"X,spliced,unspliced"
4440,37120,GGCCGAACGTGCAT,cell_67879,53801,"X,spliced,unspliced"
4441,37131,GGCGACACTTCCAT,cell_67891,53801,"X,spliced,unspliced"
4442,37152,GGGAACGAACCTCC,cell_67921,53801,"X,spliced,unspliced"
4443,37201,GGGCCATGATGCCA,cell_67977,53801,"X,spliced,unspliced"
4444,37203,GGGCCATGGTACCA,cell_67980,53801,"X,spliced,unspliced"
4445,37215,GGGTTATGGGTTCA,cell_67993,53801,"X,spliced,unspliced"
4446,37226,GGTACATGTGGGAG,cell_68005,53801,"X,spliced,unspliced"
4447,37229,GGTAGTACCTGTCC,cell_68010,53801,"X,spliced,unspliced"
4448,37230,GGTATCGACAAAGA,cell_68011,53801,"X,spliced,unspliced"
4449,37232,GGTATCGAGGAAAT,cell_68013,53801,"X,spliced,unspliced"
4450,37241,GGTCAAACTGCCAA,cell_68024,53801,"X,spliced,unspliced"
4451,37242,GGTCTAGAGTGTCA,cell_68025,53801,"X,spliced,unspliced"
4452,37250,GTAACGTGCCTTAT,cell_68037,53801,"X,spliced,unspliced"
4453,37254,GTAAGCACACAGTC,cell_68042,53801,"X,spliced,unspliced"
4454,37262,GTAAGCTGTTCATC,cell_68052,53801,"X,spliced,unspliced"
4455,37265,GTAATATGCCTATT,cell_68055,53801,"X,spliced,unspliced"
4456,37287,GTACTACTAAAGTG,cell_68083,53801,"X,spliced,unspliced"
4457,37295,GTACTTTGTGTGCA,cell_68093,53801,"X,spliced,unspliced"
4458,37306,GTAGCAACGGAAGC,cell_68104,53801,"X,spliced,unspliced"
4459,37309,GTAGCCCTCCCTTG,cell_68109,53801,"X,spliced,unspliced"
4460,37311,GTAGCCCTGTTCTT,cell_68111,53801,"X,spliced,unspliced"
4461,37317,GTAGTCGATCAGAC,cell_68120,53801,"X,spliced,unspliced"
4462,37330,GTATCTACGGTCTA,cell_68136,53801,"X,spliced,unspliced"
4463,37343,GTATTCACTACGCA,cell_68152,53801,"X,spliced,unspliced"
4464,37356,GTCACAGAACAGCT,cell_68166,53801,"X,spliced,unspliced"
4465,37357,GTCACAGAACTGTG,cell_68167,53801,"X,spliced,unspliced"
4466,37368,GTCATACTCGGAGA,cell_68181,53801,"X,spliced,unspliced"
4467,37385,GTCGAATGACAGTC,cell_68206,53801,"X,spliced,unspliced"
4468,37394,GTCGCACTTCTCGC,cell_68216,53801,"X,spliced,unspliced"
4469,37397,GTCTAACTATCGGT,cell_68219,53801,"X,spliced,unspliced"
4470,37398,GTCTAACTCGATAC,cell_68220,53801,"X,spliced,unspliced"
4471,37400,GTCTAACTTCAGAC,cell_68223,53801,"X,spliced,unspliced"
4472,37402,GTCTAGGACCGCTT,cell_68226,53801,"X,spliced,unspliced"
4473,37408,GTGAACACACGCTA,cell_68233,53801,"X,spliced,unspliced"
4474,37414,GTGACAACCAAAGA,cell_68242,53801,"X,spliced,unspliced"
4476,37433,GTGATTCTGTTTGG,cell_68263,53801,"X,spliced,unspliced"
4477,37436,GTGCAAACATCTTC,cell_68266,53801,"X,spliced,unspliced"
4478,37438,GTGCAAACGAATAG,cell_68268,53801,"X,spliced,unspliced"
4479,37448,GTGCTAGACTGAAC,cell_68280,53801,"X,spliced,unspliced"
4480,37454,GTGGATTGCCTAAG,cell_68286,53801,"X,spliced,unspliced"
4481,37463,GTGTATCTACGTTG,cell_68297,53801,"X,spliced,unspliced"
4482,37475,GTTAAAACAGTCAC,cell_68313,53801,"X,spliced,unspliced"
4483,37486,GTTAACCTAGAGGC,cell_68324,53801,"X,spliced,unspliced"
4484,37505,GTTAGTCTCCACAA,cell_68346,53801,"X,spliced,unspliced"
4485,37513,GTTATCTGACGCTA,cell_68355,53801,"X,spliced,unspliced"
4486,37515,GTTATCTGGACAAA,cell_68357,53801,"X,spliced,unspliced"
4487,37526,GTTCAACTCTATGG,cell_68370,53801,"X,spliced,unspliced"
4488,37546,GTTGATCTTGTCAG,cell_68394,53801,"X,spliced,unspliced"
4489,37550,GTTGGATGTAGCCA,cell_68399,53801,"X,spliced,unspliced"
4490,37591,TAACTAGAAGCTAC,cell_68455,53801,"X,spliced,unspliced"
4492,37600,TAACTCACCGTGTA,cell_68466,53801,"X,spliced,unspliced"
4493,37604,TAACTCACTTGACG,cell_68471,53801,"X,spliced,unspliced"
4494,37611,TAAGAGGAATTCCT,cell_68479,53801,"X,spliced,unspliced"
4495,37616,TAAGATACGTTGCA,cell_68484,53801,"X,spliced,unspliced"
4496,37636,TAATCCACTCTACT,cell_68509,53801,"X,spliced,unspliced"
4497,37638,TAATCGCTAAGGTA,cell_68512,53801,"X,spliced,unspliced"
4498,37644,TAATGAACCCATAG,cell_68518,53801,"X,spliced,unspliced"
4499,37651,TAATGATGTGCACA,cell_68528,53801,"X,spliced,unspliced"
4500,37674,TACACACTATAAGG,cell_68556,53801,"X,spliced,unspliced"
4501,37675,TACACACTTACAGC,cell_68557,53801,"X,spliced,unspliced"
4502,37676,TACACACTTGAGAA,cell_68558,53801,"X,spliced,unspliced"
4503,37701,TACGAGACGTTTGG,cell_68584,53801,"X,spliced,unspliced"
4504,37705,TACGCAGACTCCAC,cell_68589,53801,"X,spliced,unspliced"
4505,37709,TACGCCACGGTAAA,cell_68594,53801,"X,spliced,unspliced"
4506,37716,TACGGAACCAATCG,cell_68601,53801,"X,spliced,unspliced"
4507,37719,TACGGCCTATCACG,cell_68604,53801,"X,spliced,unspliced"
4508,37721,TACGGCCTCTATTC,cell_68606,53801,"X,spliced,unspliced"
4509,37724,TACGTTACCTCGAA,cell_68610,53801,"X,spliced,unspliced"
4510,37730,TACTACACAGATGA,cell_68616,53801,"X,spliced,unspliced"
4511,37741,TACTCTGAAAAGCA,cell_68632,53801,"X,spliced,unspliced"
4512,37769,TAGAATACCTTCGC,cell_68662,53801,"X,spliced,unspliced"
4513,37793,TAGCATCTGAGCAG,cell_68690,53801,"X,spliced,unspliced"
4514,37804,TAGCCGCTGAGACG,cell_68702,53801,"X,spliced,unspliced"
4515,37809,TAGCTACTCTTCCG,cell_68707,53801,"X,spliced,unspliced"
4516,37820,TAGGCAACTCGCTC,cell_68720,53801,"X,spliced,unspliced"
4517,37821,TAGGCATGACCAAC,cell_68721,53801,"X,spliced,unspliced"
4518,37830,TAGGTCGAATTCGG,cell_68732,53801,"X,spliced,unspliced"
4519,37844,TAGTAATGGCATCA,cell_68750,53801,"X,spliced,unspliced"
4520,37857,TAGTATGATTCAGG,cell_68763,53801,"X,spliced,unspliced"
4521,37863,TAGTCTTGTAGCGT,cell_68771,53801,"X,spliced,unspliced"
4522,37889,TATAAGTGCTGTCC,cell_68797,53801,"X,spliced,unspliced"
4523,37890,TATAAGTGGGTGGA,cell_68798,53801,"X,spliced,unspliced"
4524,37892,TATAAGTGTCACCC,cell_68800,53801,"X,spliced,unspliced"
4525,37907,TATAGCCTCCTTCG,cell_68821,53801,"X,spliced,unspliced"
4526,37908,TATAGCCTCTACCC,cell_68822,53801,"X,spliced,unspliced"
4527,37915,TATCAAGAGTCGTA,cell_68831,53801,"X,spliced,unspliced"
4528,37928,TATCCTGACCCGTT,cell_68845,53801,"X,spliced,unspliced"
4529,37945,TATCTTCTCCTAAG,cell_68863,53801,"X,spliced,unspliced"
4530,37950,TATGAATGAGCTCA,cell_68869,53801,"X,spliced,unspliced"
4531,37957,TATGCGGACTTCCG,cell_68876,53801,"X,spliced,unspliced"
4532,37969,TATGTCACAGGCGA,cell_68890,53801,"X,spliced,unspliced"
4533,37978,TATGTCACTTCACT,cell_68900,53801,"X,spliced,unspliced"
4534,37982,TATGTGCTCTCCCA,cell_68905,53801,"X,spliced,unspliced"
4535,37992,TATTTCCTTTGGCA,cell_68915,53801,"X,spliced,unspliced"
4536,38009,TCAATCACTGCACA,cell_68936,53801,"X,spliced,unspliced"
4537,38021,TCACCGTGGGGATG,cell_68950,53801,"X,spliced,unspliced"
4538,38026,TCACTATGATTGGC,cell_68960,53801,"X,spliced,unspliced"
4539,38030,TCAGACGAAGAATG,cell_68965,53801,"X,spliced,unspliced"
4540,38038,TCAGAGACTGGGAG,cell_68976,53801,"X,spliced,unspliced"
4541,38049,TCAGGATGGAAACA,cell_68987,53801,"X,spliced,unspliced"
4542,38066,TCATCAACTGTTCT,cell_69005,53801,"X,spliced,unspliced"
4543,38072,TCATCCCTACCACA,cell_69012,53801,"X,spliced,unspliced"
4544,38083,TCATTGACTGGCAT,cell_69027,53801,"X,spliced,unspliced"
4545,38088,TCCACTCTAGAAGT,cell_69033,53801,"X,spliced,unspliced"
4546,38090,TCCACTCTTTTGTC,cell_69035,53801,"X,spliced,unspliced"
4547,38095,TCCATAACACTACG,cell_69042,53801,"X,spliced,unspliced"
4548,38097,TCCATAACGCTACA,cell_69044,53801,"X,spliced,unspliced"
4549,38102,TCCATCCTGAACTC,cell_69051,53801,"X,spliced,unspliced"
4550,38106,TCCCACGAGAGACG,cell_69056,53801,"X,spliced,unspliced"
4551,38110,TCCCAGACTGCCTC,cell_69062,53801,"X,spliced,unspliced"
4552,38122,TCCCGATGGGTAAA,cell_69075,53801,"X,spliced,unspliced"
4553,38127,TCCGAGCTCAGCTA,cell_69081,53801,"X,spliced,unspliced"
4554,38132,TCCGGACTCATCAG,cell_69086,53801,"X,spliced,unspliced"
4555,38137,TCCTAAACGTCATG,cell_69092,53801,"X,spliced,unspliced"
4556,38142,TCCTACCTCCATAG,cell_69097,53801,"X,spliced,unspliced"
4557,38147,TCCTATGAATGGTC,cell_69103,53801,"X,spliced,unspliced"
4558,38152,TCGAATCTTTAGGC,cell_69109,53801,"X,spliced,unspliced"
4559,38153,TCGACCTGAGAATG,cell_69110,53801,"X,spliced,unspliced"
4560,38156,TCGACGCTAAGCCT,cell_69113,53801,"X,spliced,unspliced"
4561,38157,TCGACGCTGTTCTT,cell_69115,53801,"X,spliced,unspliced"
4562,38167,TCGATTTGTCTCGC,cell_69127,53801,"X,spliced,unspliced"
4563,38177,TCGCACACTTGTGG,cell_69139,53801,"X,spliced,unspliced"
4564,38203,TCTAACTGGAAGGC,cell_69173,53801,"X,spliced,unspliced"
4565,38207,TCTAAGCTCCCGTT,cell_69177,53801,"X,spliced,unspliced"
4566,38213,TCTAGACTAGGTTC,cell_69184,53801,"X,spliced,unspliced"
4567,38228,TCTATGTGGGAGTG,cell_69199,53801,"X,spliced,unspliced"
4568,38244,TCTGATACCTCGCT,cell_69217,53801,"X,spliced,unspliced"
4569,38263,TGAAATTGGCATAC,cell_69239,53801,"X,spliced,unspliced"
4570,38266,TGAAATTGGTCTGA,cell_69243,53801,"X,spliced,unspliced"
4571,38290,TGACGAACTTACCT,cell_69275,53801,"X,spliced,unspliced"
4572,38299,TGACTGGAGTAAAG,cell_69289,53801,"X,spliced,unspliced"
4573,38310,TGAGCAACGAGGGT,cell_69304,53801,"X,spliced,unspliced"
4574,38319,TGAGGTACATTCCT,cell_69315,53801,"X,spliced,unspliced"
4575,38328,TGAGTCGATGCTGA,cell_69324,53801,"X,spliced,unspliced"
4576,38345,TGATTCACCATTTC,cell_69347,53801,"X,spliced,unspliced"
4577,38354,TGATTCTGGCATCA,cell_69356,53801,"X,spliced,unspliced"
4578,38364,TGCAATCTGGGACA,cell_69370,53801,"X,spliced,unspliced"
4579,38366,TGCAATCTTCCAGA,cell_69372,53801,"X,spliced,unspliced"
4580,38377,TGCAGATGTCCTAT,cell_69388,53801,"X,spliced,unspliced"
4581,38387,TGCCCAACACCAGT,cell_69402,53801,"X,spliced,unspliced"
4582,38401,TGCGCACTGTAGGG,cell_69422,53801,"X,spliced,unspliced"
4583,38403,TGCTAGGATGACTG,cell_69425,53801,"X,spliced,unspliced"
4584,38424,TGGAAGCTGATACC,cell_69452,53801,"X,spliced,unspliced"
4585,38429,TGGACTGACCTTCG,cell_69460,53801,"X,spliced,unspliced"
4586,38431,TGGACTGACTGTTT,cell_69462,53801,"X,spliced,unspliced"
4587,38439,TGGAGGGACGGTAT,cell_69470,53801,"X,spliced,unspliced"
4588,38459,TGGGTATGGCGGAA,cell_69493,53801,"X,spliced,unspliced"
4589,38463,TGGTAGACAGATGA,cell_69497,53801,"X,spliced,unspliced"
4590,38466,TGGTAGTGGCAAGG,cell_69500,53801,"X,spliced,unspliced"
4591,38474,TGGTCAGAGGTGGA,cell_69508,53801,"X,spliced,unspliced"
4592,38477,TGTAAAACTCCTTA,cell_69512,53801,"X,spliced,unspliced"
4593,38492,TGTACTTGCCATAG,cell_69527,53801,"X,spliced,unspliced"
4594,38495,TGTAGGTGGGTACT,cell_69531,53801,"X,spliced,unspliced"
4595,38500,TGTAGTCTTCCCGT,cell_69536,53801,"X,spliced,unspliced"
4596,38508,TGTCAGGAAACCGT,cell_69545,53801,"X,spliced,unspliced"
4597,38516,TGTCTAACGTCGAT,cell_69555,53801,"X,spliced,unspliced"
4598,38534,TGTGGATGACTCAG,cell_69577,53801,"X,spliced,unspliced"
4599,38540,TGTTACACAGTGTC,cell_69583,53801,"X,spliced,unspliced"
4600,38550,TTAACCACGTTGGT,cell_69593,53801,"X,spliced,unspliced"
4601,38556,TTACAGCTCAAAGA,cell_69600,53801,"X,spliced,unspliced"
4602,38557,TTACAGCTGGAACG,cell_69601,53801,"X,spliced,unspliced"
4603,38563,TTACCATGATTTCC,cell_69607,53801,"X,spliced,unspliced"
4604,38583,TTAGACCTCGACAT,cell_69632,53801,"X,spliced,unspliced"
4605,38591,TTAGGGTGTCTAGG,cell_69644,53801,"X,spliced,unspliced"
4606,38598,TTAGGTCTTCAGTG,cell_69651,53801,"X,spliced,unspliced"
4607,38600,TTAGTCACACCATG,cell_69653,53801,"X,spliced,unspliced"
4608,38608,TTATCCGACGACAT,cell_69664,53801,"X,spliced,unspliced"
4609,38629,TTCAAAGACTCCAC,cell_69692,53801,"X,spliced,unspliced"
4610,38655,TTCAGTACCTCGAA,cell_69723,53801,"X,spliced,unspliced"
4611,38659,TTCATCGAACTTTC,cell_69727,53801,"X,spliced,unspliced"
4612,38663,TTCATGTGACGGAG,cell_69733,53801,"X,spliced,unspliced"
4613,38671,TTCATTCTGTCTTT,cell_69742,53801,"X,spliced,unspliced"
4614,38690,TTCCTAGATACGCA,cell_69764,53801,"X,spliced,unspliced"
4615,38704,TTCGTATGAGCTAC,cell_69782,53801,"X,spliced,unspliced"
4616,38720,TTCTGATGTTCGCC,cell_69802,53801,"X,spliced,unspliced"
4617,38725,TTGAACCTCTCGCT,cell_69807,53801,"X,spliced,unspliced"
4618,38730,TTGACACTAAAACG,cell_69812,53801,"X,spliced,unspliced"
4619,38734,TTGACACTGGATCT,cell_69817,53801,"X,spliced,unspliced"
4620,38762,TTGGAGACCTCGCT,cell_69851,53801,"X,spliced,unspliced"
4621,38765,TTGGAGTGCTGTGA,cell_69854,53801,"X,spliced,unspliced"
4622,38767,TTGGAGTGGGTCAT,cell_69856,53801,"X,spliced,unspliced"
4623,38784,TTGTCATGCGTAGT,cell_69874,53801,"X,spliced,unspliced"
4624,38788,TTTAGAGATGTCTT,cell_69879,53801,"X,spliced,unspliced"
4625,38792,TTTAGCTGCCTCGT,cell_69883,53801,"X,spliced,unspliced"
4626,38796,TTTAGGCTATTCTC,cell_69887,53801,"X,spliced,unspliced"
4627,38805,TTTCACGATCGTAG,cell_69900,53801,"X,spliced,unspliced"
4628,38823,TTTGCATGGACGGA,cell_69922,53801,"X,spliced,unspliced"
4629,38826,TTTGCATGTCTCCG,cell_69926,53801,"X,spliced,unspliced"
4630,38841,AAACGCACTGAGGG,cell_69945,53801,"X,spliced,unspliced"
4631,38843,AAACGGCTACTGGT,cell_69947,53801,"X,spliced,unspliced"
4632,38862,AAAGCAGAACGTTG,cell_69973,53801,"X,spliced,unspliced"
4633,38887,AAATCAACTTACTC,cell_70003,53801,"X,spliced,unspliced"
4634,38907,AAATTCGATCTCGC,cell_70027,53801,"X,spliced,unspliced"
4635,38916,AACAATACACCAAC,cell_70038,53801,"X,spliced,unspliced"
4636,38931,AACAGAGAGAATCC,cell_70057,53801,"X,spliced,unspliced"
4637,38957,AACCGATGGGATTC,cell_70092,53801,"X,spliced,unspliced"
4638,38958,AACCGATGGTACAC,cell_70093,53801,"X,spliced,unspliced"
4639,38965,AACCGCCTCGTGTA,cell_70101,53801,"X,spliced,unspliced"
4640,38975,AACCTTACGCTCCT,cell_70112,53801,"X,spliced,unspliced"
4641,38980,AACCTTTGGTCTTT,cell_70117,53801,"X,spliced,unspliced"
4642,38985,AACGCATGAACCTG,cell_70123,53801,"X,spliced,unspliced"
4643,38997,AACGGTACGAATCC,cell_70136,53801,"X,spliced,unspliced"
4644,39000,AACGGTACTCAGTG,cell_70140,53801,"X,spliced,unspliced"
4645,39002,AACGGTTGACGCAT,cell_70142,53801,"X,spliced,unspliced"
4646,39006,AACGTCGAAGCGTT,cell_70147,53801,"X,spliced,unspliced"
4647,39012,AACGTGTGCCCACT,cell_70153,53801,"X,spliced,unspliced"
4648,39013,AACGTGTGTGCATG,cell_70156,53801,"X,spliced,unspliced"
4649,39017,AACGTTCTTCCCAC,cell_70160,53801,"X,spliced,unspliced"
4650,39019,AACTACCTTGCCTC,cell_70163,53801,"X,spliced,unspliced"
4652,39027,AACTCTTGGAGGAC,cell_70174,53801,"X,spliced,unspliced"
4653,39030,AACTGTCTCACCAA,cell_70177,53801,"X,spliced,unspliced"
4654,39031,AACTGTCTCCACCT,cell_70178,53801,"X,spliced,unspliced"
4655,39033,AACTGTCTTTTACC,cell_70183,53801,"X,spliced,unspliced"
4656,39045,AAGAATCTAGAATG,cell_70196,53801,"X,spliced,unspliced"
4657,39046,AAGAATCTTAAAGG,cell_70198,53801,"X,spliced,unspliced"
4658,39053,AAGAGATGGTTAGC,cell_70205,53801,"X,spliced,unspliced"
4659,39063,AAGATTACGTTTCT,cell_70217,53801,"X,spliced,unspliced"
4660,39064,AAGATTACTGCAAC,cell_70218,53801,"X,spliced,unspliced"
4661,39075,AAGCCATGATGTGC,cell_70234,53801,"X,spliced,unspliced"
4662,39076,AAGCCATGCTGCAA,cell_70235,53801,"X,spliced,unspliced"
4663,39094,AAGGTCACTCCGTC,cell_70258,53801,"X,spliced,unspliced"
4664,39116,AAGTCCGATTAGGC,cell_70287,53801,"X,spliced,unspliced"
4665,39143,AATACTGAAAGATG,cell_70323,53801,"X,spliced,unspliced"
4666,39151,AATATCGACTGATG,cell_70331,53801,"X,spliced,unspliced"
4667,39153,AATATCGAGTGTAC,cell_70333,53801,"X,spliced,unspliced"
4668,39161,AATCCGGAGTCATG,cell_70341,53801,"X,spliced,unspliced"
4669,39165,AATCCTACGCGTTA,cell_70346,53801,"X,spliced,unspliced"
4670,39173,AATCTCACAGCGGA,cell_70356,53801,"X,spliced,unspliced"
4671,39179,AATCTCTGTGCTGA,cell_70366,53801,"X,spliced,unspliced"
4672,39181,AATGAGGACTGTTT,cell_70369,53801,"X,spliced,unspliced"
4673,39182,AATGAGGAGGAAAT,cell_70371,53801,"X,spliced,unspliced"
4674,39185,AATGAGGATGTCTT,cell_70374,53801,"X,spliced,unspliced"
4675,39205,AATTACGAAACCGT,cell_70398,53801,"X,spliced,unspliced"
4676,39217,AATTGTGAGAATAG,cell_70414,53801,"X,spliced,unspliced"
4677,39230,ACAACCGAGGACAG,cell_70432,53801,"X,spliced,unspliced"
4678,39231,ACAACCGATCCAAG,cell_70434,53801,"X,spliced,unspliced"
4679,39272,ACACGTGACACTGA,cell_70481,53801,"X,spliced,unspliced"
4680,39281,ACAGACACTTGGTG,cell_70490,53801,"X,spliced,unspliced"
4681,39283,ACAGGTACAACAGA,cell_70492,53801,"X,spliced,unspliced"
4682,39286,ACAGGTACCTATGG,cell_70495,53801,"X,spliced,unspliced"
4683,39289,ACAGGTACGCCAAT,cell_70498,53801,"X,spliced,unspliced"
4684,39299,ACAGTGTGGGATCT,cell_70513,53801,"X,spliced,unspliced"
4685,39312,ACATGGTGTGTCCC,cell_70530,53801,"X,spliced,unspliced"
4686,39317,ACCAACGAGTGCAT,cell_70537,53801,"X,spliced,unspliced"
4687,39322,ACCACCTGGACAAA,cell_70542,53801,"X,spliced,unspliced"
4688,39325,ACCACCTGTATCGG,cell_70545,53801,"X,spliced,unspliced"
4689,39333,ACCAGTGAAGTACC,cell_70554,53801,"X,spliced,unspliced"
4690,39344,ACCCAAGACATCAG,cell_70567,53801,"X,spliced,unspliced"
4691,39345,ACCCAAGACATGAC,cell_70568,53801,"X,spliced,unspliced"
4692,39349,ACCCACTGGTATCG,cell_70574,53801,"X,spliced,unspliced"
4693,39354,ACCCGTACGGTGTT,cell_70582,53801,"X,spliced,unspliced"
4694,39374,ACCTATTGTTCTCA,cell_70610,53801,"X,spliced,unspliced"
4695,39382,ACCTCGTGCTTGCC,cell_70620,53801,"X,spliced,unspliced"
4696,39389,ACCTGAGAGTGTAC,cell_70628,53801,"X,spliced,unspliced"
4697,39396,ACCTGGCTGCTAAC,cell_70636,53801,"X,spliced,unspliced"
4698,39418,ACGAGGGAGACGGA,cell_70662,53801,"X,spliced,unspliced"
4699,39435,ACGATGACGGATTC,cell_70683,53801,"X,spliced,unspliced"
4700,39439,ACGATGACTTCACT,cell_70687,53801,"X,spliced,unspliced"
4701,39448,ACGCAATGCAAAGA,cell_70696,53801,"X,spliced,unspliced"
4702,39449,ACGCAATGGCCAAT,cell_70697,53801,"X,spliced,unspliced"
4703,39454,ACGCACCTCGAGAG,cell_70702,53801,"X,spliced,unspliced"
4704,39462,ACGCCACTTTACTC,cell_70713,53801,"X,spliced,unspliced"
4705,39464,ACGCCGGACCTTCG,cell_70715,53801,"X,spliced,unspliced"
4706,39470,ACGCCGGATGACCA,cell_70721,53801,"X,spliced,unspliced"
4707,39483,ACGCGGTGGATAAG,cell_70734,53801,"X,spliced,unspliced"
4708,39486,ACGCTCACACGGTT,cell_70738,53801,"X,spliced,unspliced"
4709,39489,ACGCTCACCGTTGA,cell_70741,53801,"X,spliced,unspliced"
4710,39492,ACGCTGCTGTTCGA,cell_70745,53801,"X,spliced,unspliced"
4711,39494,ACGGAACTCACTCC,cell_70751,53801,"X,spliced,unspliced"
4712,39523,ACGTAGACAGGAGC,cell_70788,53801,"X,spliced,unspliced"
4713,39526,ACGTAGACGCTGAT,cell_70791,53801,"X,spliced,unspliced"
4714,39528,ACGTAGACTCGCTC,cell_70793,53801,"X,spliced,unspliced"
4715,39548,ACGTGCCTGGGCAA,cell_70817,53801,"X,spliced,unspliced"
4716,39558,ACGTTGGAGCTACA,cell_70828,53801,"X,spliced,unspliced"
4717,39564,ACTAAAACACCTCC,cell_70834,53801,"X,spliced,unspliced"
4718,39589,ACTCCCGAATGCCA,cell_70861,53801,"X,spliced,unspliced"
4719,39604,ACTCTATGGGATTC,cell_70878,53801,"X,spliced,unspliced"
4720,39610,ACTCTCCTGTCGAT,cell_70884,53801,"X,spliced,unspliced"
4721,39624,ACTGTGGACCCGTT,cell_70901,53801,"X,spliced,unspliced"
4722,39627,ACTGTGGATGAGGG,cell_70906,53801,"X,spliced,unspliced"
4723,39652,ACTTGGGAGTTGGT,cell_70935,53801,"X,spliced,unspliced"
4724,39658,ACTTTGTGGAATCC,cell_70943,53801,"X,spliced,unspliced"
4725,39673,AGAACGCTGGATCT,cell_70961,53801,"X,spliced,unspliced"
4726,39674,AGAACGCTTAGAAG,cell_70962,53801,"X,spliced,unspliced"
4727,39678,AGAAGATGCTACCC,cell_70967,53801,"X,spliced,unspliced"
4728,39684,AGACACACACGGTT,cell_70976,53801,"X,spliced,unspliced"
4729,39686,AGACACACCTTGCC,cell_70979,53801,"X,spliced,unspliced"
4730,39696,AGACGTACCATACG,cell_70991,53801,"X,spliced,unspliced"
4731,39716,AGAGAATGATAAGG,cell_71012,53801,"X,spliced,unspliced"
4732,39731,AGAGCTACCAGAAA,cell_71029,53801,"X,spliced,unspliced"
4733,39732,AGAGCTACCCATGA,cell_71030,53801,"X,spliced,unspliced"
4734,39741,AGAGTCTGTCAGGT,cell_71046,53801,"X,spliced,unspliced"
4735,39755,AGATATTGCAGGAG,cell_71061,53801,"X,spliced,unspliced"
4736,39770,AGATTAACGTACGT,cell_71078,53801,"X,spliced,unspliced"
4737,39777,AGCAAAGAACGGTT,cell_71086,53801,"X,spliced,unspliced"
4738,39800,AGCACTGACAATCG,cell_71111,53801,"X,spliced,unspliced"
4739,39802,AGCACTGAGAAACA,cell_71113,53801,"X,spliced,unspliced"
4740,39807,AGCATCGACAAGCT,cell_71119,53801,"X,spliced,unspliced"
4741,39823,AGCCGGACGGGTGA,cell_71137,53801,"X,spliced,unspliced"
4742,39836,AGCCGTCTTGGTAC,cell_71151,53801,"X,spliced,unspliced"
4743,39838,AGCCTCACATCGGT,cell_71153,53801,"X,spliced,unspliced"
4744,39842,AGCCTCTGATTTCC,cell_71159,53801,"X,spliced,unspliced"
4745,39853,AGCGATTGTAGCCA,cell_71176,53801,"X,spliced,unspliced"
4746,39872,AGCGTAACACAGTC,cell_71199,53801,"X,spliced,unspliced"
4747,39879,AGCGTAACTGTTCT,cell_71206,53801,"X,spliced,unspliced"
4748,39889,AGCTGTGAATGACC,cell_71220,53801,"X,spliced,unspliced"
4749,39908,AGGAACCTCACAAC,cell_71241,53801,"X,spliced,unspliced"
4750,39917,AGGACACTTGGATC,cell_71250,53801,"X,spliced,unspliced"
4751,39922,AGGACTTGCTTTAC,cell_71255,53801,"X,spliced,unspliced"
4752,39931,AGGAGTCTCTGAGT,cell_71265,53801,"X,spliced,unspliced"
4753,39936,AGGATAGAGACACT,cell_71273,53801,"X,spliced,unspliced"
4754,39943,AGGATGCTGGTAAA,cell_71281,53801,"X,spliced,unspliced"
4755,39947,AGGCAACTGCAAGG,cell_71287,53801,"X,spliced,unspliced"
4756,39950,AGGCAGGACACTTT,cell_71291,53801,"X,spliced,unspliced"
4757,39980,AGGGCGCTGAATGA,cell_71326,53801,"X,spliced,unspliced"
4758,39995,AGGTACTGACCAAC,cell_71344,53801,"X,spliced,unspliced"
4759,40001,AGGTACTGTCTGGA,cell_71351,53801,"X,spliced,unspliced"
4760,40008,AGGTCTGACGTACA,cell_71358,53801,"X,spliced,unspliced"
4761,40014,AGGTGGGAGGAGGT,cell_71364,53801,"X,spliced,unspliced"
4762,40015,AGGTGGGAGTATCG,cell_71365,53801,"X,spliced,unspliced"
4763,40024,AGTAATACCCTAAG,cell_71377,53801,"X,spliced,unspliced"
4764,40025,AGTAATACTGAGCT,cell_71378,53801,"X,spliced,unspliced"
4765,40047,AGTATCCTCAATCG,cell_71406,53801,"X,spliced,unspliced"
4766,40048,AGTCACGAACGCTA,cell_71407,53801,"X,spliced,unspliced"
4767,40053,AGTCAGACACCACA,cell_71414,53801,"X,spliced,unspliced"
4768,40059,AGTCCAGAACACCA,cell_71420,53801,"X,spliced,unspliced"
4769,40068,AGTCGCCTATTCTC,cell_71430,53801,"X,spliced,unspliced"
4770,40086,AGTGACACACCACA,cell_71453,53801,"X,spliced,unspliced"
4771,40087,AGTGACACCCTGAA,cell_71454,53801,"X,spliced,unspliced"
4772,40089,AGTGACTGTCTTCA,cell_71458,53801,"X,spliced,unspliced"
4773,40097,AGTGTGACTCAGAC,cell_71468,53801,"X,spliced,unspliced"
4774,40103,AGTTAAACTCTATC,cell_71475,53801,"X,spliced,unspliced"
4775,40109,AGTTATGAGAAAGT,cell_71481,53801,"X,spliced,unspliced"
4776,40125,AGTTTAGACCCGTT,cell_71499,53801,"X,spliced,unspliced"
4777,40128,AGTTTCACCTGCAA,cell_71504,53801,"X,spliced,unspliced"
4778,40135,ATAAACACTAAGGA,cell_71512,53801,"X,spliced,unspliced"
4779,40140,ATAACAACTGTAGC,cell_71517,53801,"X,spliced,unspliced"
4780,40149,ATAACCCTCTCCCA,cell_71527,53801,"X,spliced,unspliced"
4781,40153,ATAAGTACAGCGGA,cell_71532,53801,"X,spliced,unspliced"
4782,40154,ATAAGTACCCTGAA,cell_71533,53801,"X,spliced,unspliced"
4783,40156,ATAAGTACGACACT,cell_71535,53801,"X,spliced,unspliced"
4784,40157,ATAAGTACGGACGA,cell_71536,53801,"X,spliced,unspliced"
4785,40159,ATAAGTACTCCTTA,cell_71539,53801,"X,spliced,unspliced"
4786,40160,ATAAGTTGAGTGCT,cell_71540,53801,"X,spliced,unspliced"
4787,40162,ATAATCGAAAAAGC,cell_71544,53801,"X,spliced,unspliced"
4788,40177,ATACCACTACCATG,cell_71560,53801,"X,spliced,unspliced"
4789,40183,ATACCGGAACAGCT,cell_71566,53801,"X,spliced,unspliced"
4790,40193,ATACCTTGTGAGCT,cell_71580,53801,"X,spliced,unspliced"
4791,40220,ATAGATACGTGAGG,cell_71613,53801,"X,spliced,unspliced"
4792,40224,ATAGCCGAACCTAG,cell_71618,53801,"X,spliced,unspliced"
4793,40245,ATAGTTGAAAACGA,cell_71642,53801,"X,spliced,unspliced"
4794,40252,ATATACGACCGTTC,cell_71649,53801,"X,spliced,unspliced"
4795,40263,ATATGAACCTGAGT,cell_71663,53801,"X,spliced,unspliced"
4796,40272,ATATGCCTTACAGC,cell_71674,53801,"X,spliced,unspliced"
4797,40280,ATCAACCTTGCGTA,cell_71683,53801,"X,spliced,unspliced"
4798,40284,ATCACACTGACTAC,cell_71688,53801,"X,spliced,unspliced"
4799,40300,ATCAGGTGAAGAAC,cell_71705,53801,"X,spliced,unspliced"
4800,40311,ATCATGCTCTAGCA,cell_71718,53801,"X,spliced,unspliced"
4801,40314,ATCCAGGAAGCGGA,cell_71721,53801,"X,spliced,unspliced"
4802,40315,ATCCAGGACAGTCA,cell_71722,53801,"X,spliced,unspliced"
4803,40333,ATCCTAACGTAGGG,cell_71741,53801,"X,spliced,unspliced"
4804,40345,ATCGCAGAGGTTCA,cell_71754,53801,"X,spliced,unspliced"
4805,40353,ATCGCCTGGGAAAT,cell_71763,53801,"X,spliced,unspliced"
4806,40362,ATCGGAACTGCACA,cell_71772,53801,"X,spliced,unspliced"
4807,40367,ATCGGTGATTGCGA,cell_71777,53801,"X,spliced,unspliced"
4808,40370,ATCGTTTGTACTCT,cell_71781,53801,"X,spliced,unspliced"
4809,40372,ATCTACACTTGACG,cell_71784,53801,"X,spliced,unspliced"
4810,40374,ATCTACTGATCGGT,cell_71786,53801,"X,spliced,unspliced"
4811,40396,ATCTTTCTCTCGCT,cell_71812,53801,"X,spliced,unspliced"
4812,40397,ATCTTTCTCTGAAC,cell_71813,53801,"X,spliced,unspliced"
4813,40404,ATGAAGGAAGAACA,cell_71820,53801,"X,spliced,unspliced"
4814,40407,ATGAAGGAGCCTTC,cell_71823,53801,"X,spliced,unspliced"
4815,40409,ATGAAGGATTCCAT,cell_71825,53801,"X,spliced,unspliced"
4816,40420,ATGAGCACGGAAGC,cell_71837,53801,"X,spliced,unspliced"
4817,40425,ATGATAACGGAGGT,cell_71844,53801,"X,spliced,unspliced"
4818,40426,ATGATAACTGAGAA,cell_71845,53801,"X,spliced,unspliced"
4819,40462,ATGGACACCCTCCA,cell_71887,53801,"X,spliced,unspliced"
4820,40463,ATGGACACCTGACA,cell_71888,53801,"X,spliced,unspliced"
4821,40466,ATGGACACGGGATG,cell_71891,53801,"X,spliced,unspliced"
4822,40482,ATGTAAACATTCGG,cell_71909,53801,"X,spliced,unspliced"
4823,40490,ATGTCACTTTCGCC,cell_71917,53801,"X,spliced,unspliced"
4824,40501,ATGTTGCTAGCGGA,cell_71933,53801,"X,spliced,unspliced"
4825,40517,ATTAAGACGTTCGA,cell_71952,53801,"X,spliced,unspliced"
4826,40531,ATTAGTGACGTGTA,cell_71967,53801,"X,spliced,unspliced"
4827,40557,ATTGAATGAATGCC,cell_72001,53801,"X,spliced,unspliced"
4828,40567,ATTGCGGAACTAGC,cell_72012,53801,"X,spliced,unspliced"
4829,40576,ATTGCTACTGCCAA,cell_72025,53801,"X,spliced,unspliced"
4830,40593,ATTGTAGATGGATC,cell_72046,53801,"X,spliced,unspliced"
4831,40596,ATTGTAGATTCGCC,cell_72049,53801,"X,spliced,unspliced"
4832,40597,ATTGTCTGACCAAC,cell_72051,53801,"X,spliced,unspliced"
4833,40605,ATTTAGGATACTTC,cell_72059,53801,"X,spliced,unspliced"
4834,40612,ATTTCCGAGAGAGC,cell_72067,53801,"X,spliced,unspliced"
4835,40630,CAAACTCTCCATGA,cell_72087,53801,"X,spliced,unspliced"
4836,40632,CAAAGCACGATGAA,cell_72089,53801,"X,spliced,unspliced"
4837,40669,CAACGTGATCACGA,cell_72134,53801,"X,spliced,unspliced"
4838,40671,CAACTTTGACGACT,cell_72136,53801,"X,spliced,unspliced"
4839,40681,CAAGAAGAGTCGAT,cell_72148,53801,"X,spliced,unspliced"
4840,40707,CAAGGTTGTGCATG,cell_72179,53801,"X,spliced,unspliced"
4841,40714,CAAGTTCTTCGATG,cell_72188,53801,"X,spliced,unspliced"
4842,40719,CAATAAACTAGTCG,cell_72193,53801,"X,spliced,unspliced"
4843,40723,CAATAATGGGAAGC,cell_72197,53801,"X,spliced,unspliced"
4844,40732,CAATCTACATGACC,cell_72208,53801,"X,spliced,unspliced"
4845,40759,CACACCTGGGCATT,cell_72241,53801,"X,spliced,unspliced"
4846,40761,CACACCTGTGTAGC,cell_72243,53801,"X,spliced,unspliced"
4847,40767,CACAGATGGGTGGA,cell_72252,53801,"X,spliced,unspliced"
4848,40782,CACATGGAGCAGAG,cell_72272,53801,"X,spliced,unspliced"
4849,40783,CACATGGAGCCATA,cell_72273,53801,"X,spliced,unspliced"
4850,40791,CACCGGGAAGGGTG,cell_72282,53801,"X,spliced,unspliced"
4851,40795,CACCGTACCGGAGA,cell_72288,53801,"X,spliced,unspliced"
4852,40797,CACCGTACTTGTGG,cell_72290,53801,"X,spliced,unspliced"
4853,40821,CACGATGAGGGCAA,cell_72320,53801,"X,spliced,unspliced"
4854,40828,CACGCTACGCGTAT,cell_72327,53801,"X,spliced,unspliced"
4855,40839,CACGGGACTGGAGG,cell_72340,53801,"X,spliced,unspliced"
4856,40847,CACTATACACGACT,cell_72351,53801,"X,spliced,unspliced"
4857,40848,CACTATACTAGACC,cell_72352,53801,"X,spliced,unspliced"
4858,40854,CACTCTCTGACAGG,cell_72359,53801,"X,spliced,unspliced"
4859,40856,CACTCTCTGCTGTA,cell_72361,53801,"X,spliced,unspliced"
4860,40866,CACTGCACTACGCA,cell_72371,53801,"X,spliced,unspliced"
4861,40871,CACTTATGATCGAC,cell_72378,53801,"X,spliced,unspliced"
4862,40876,CACTTTGAGGAAAT,cell_72383,53801,"X,spliced,unspliced"
4863,40877,CACTTTGAGGTTAC,cell_72384,53801,"X,spliced,unspliced"
4864,40889,CAGACAACCTGTTT,cell_72398,53801,"X,spliced,unspliced"
4865,40902,CAGAGGGAAGGCGA,cell_72414,53801,"X,spliced,unspliced"
4866,40903,CAGAGGGACAGTCA,cell_72415,53801,"X,spliced,unspliced"
4867,40904,CAGAGGGACCCGTT,cell_72416,53801,"X,spliced,unspliced"
4868,40907,CAGATCGATAAAGG,cell_72419,53801,"X,spliced,unspliced"
4869,40913,CAGCAATGACGTGT,cell_72425,53801,"X,spliced,unspliced"
4870,40917,CAGCACCTTCTGGA,cell_72430,53801,"X,spliced,unspliced"
4871,40926,CAGCCTACGTTGCA,cell_72440,53801,"X,spliced,unspliced"
4872,40934,CAGCGGACGGAGTG,cell_72449,53801,"X,spliced,unspliced"
4873,40947,CAGCTAGATCGCTC,cell_72462,53801,"X,spliced,unspliced"
4874,40948,CAGCTAGATGTTTC,cell_72463,53801,"X,spliced,unspliced"
4875,40953,CAGCTCTGCCCACT,cell_72473,53801,"X,spliced,unspliced"
4876,40960,CAGGAACTGGATCT,cell_72480,53801,"X,spliced,unspliced"
4877,40975,CAGGTATGTCACCC,cell_72495,53801,"X,spliced,unspliced"
4878,40982,CAGTCAGAGGAGCA,cell_72508,53801,"X,spliced,unspliced"
4879,40987,CAGTGATGCCTACC,cell_72514,53801,"X,spliced,unspliced"
4880,40994,CAGTGTGACCAAGT,cell_72521,53801,"X,spliced,unspliced"
4881,41003,CAGTTGGAGGAACG,cell_72534,53801,"X,spliced,unspliced"
4882,41013,CATAAAACTTACCT,cell_72547,53801,"X,spliced,unspliced"
4883,41024,CATAGTCTGCGGAA,cell_72561,53801,"X,spliced,unspliced"
4884,41027,CATATAGAGGAGCA,cell_72565,53801,"X,spliced,unspliced"
4885,41033,CATCAACTGTATGC,cell_72573,53801,"X,spliced,unspliced"
4886,41035,CATCAGGAAGATCC,cell_72575,53801,"X,spliced,unspliced"
4887,41039,CATCATACCGTGAT,cell_72579,53801,"X,spliced,unspliced"
4888,41055,CATCTTGAAAGAGT,cell_72599,53801,"X,spliced,unspliced"
4889,41056,CATCTTGAACTAGC,cell_72600,53801,"X,spliced,unspliced"
4890,41058,CATCTTGAAGTGTC,cell_72603,53801,"X,spliced,unspliced"
4891,41062,CATGAGACACAGTC,cell_72608,53801,"X,spliced,unspliced"
4892,41073,CATGCGCTAGGTCT,cell_72619,53801,"X,spliced,unspliced"
4893,41103,CATTCCCTCCGTAA,cell_72656,53801,"X,spliced,unspliced"
4894,41118,CATTGTACTGACTG,cell_72671,53801,"X,spliced,unspliced"
4895,41127,CATTTGTGCAGATC,cell_72680,53801,"X,spliced,unspliced"
4896,41128,CATTTGTGCCGTTC,cell_72682,53801,"X,spliced,unspliced"
4897,41145,CCAAGATGGCAGTT,cell_72705,53801,"X,spliced,unspliced"
4898,41153,CCAATTTGGACGGA,cell_72716,53801,"X,spliced,unspliced"
4899,41169,CCACTGACAGCCAT,cell_72734,53801,"X,spliced,unspliced"
4900,41178,CCACTGTGTCTCCG,cell_72744,53801,"X,spliced,unspliced"
4901,41192,CCAGATGAAGCTCA,cell_72765,53801,"X,spliced,unspliced"
4902,41195,CCAGATGATAGTCG,cell_72768,53801,"X,spliced,unspliced"
4903,41207,CCAGCGGACCTTGC,cell_72780,53801,"X,spliced,unspliced"
4904,41213,CCAGCTACAGCACT,cell_72786,53801,"X,spliced,unspliced"
4905,41217,CCAGGTCTGCATAC,cell_72791,53801,"X,spliced,unspliced"
4906,41222,CCAGTCACCCTGAA,cell_72799,53801,"X,spliced,unspliced"
4907,41233,CCATAGGAACCTAG,cell_72815,53801,"X,spliced,unspliced"
4908,41242,CCATCGTGCAGAGG,cell_72827,53801,"X,spliced,unspliced"
4909,41244,CCATGCTGCAAGCT,cell_72830,53801,"X,spliced,unspliced"
4910,41256,CCCAACTGAGTGCT,cell_72844,53801,"X,spliced,unspliced"
4911,41268,CCCAGTTGAGTCAC,cell_72858,53801,"X,spliced,unspliced"
4912,41269,CCCAGTTGAGTGCT,cell_72859,53801,"X,spliced,unspliced"
4913,41283,CCCATGTGTGGGAG,cell_72877,53801,"X,spliced,unspliced"
4914,41287,CCCGAACTGGGACA,cell_72881,53801,"X,spliced,unspliced"
4915,41319,CCCTTACTCCCTCA,cell_72922,53801,"X,spliced,unspliced"
4916,41325,CCGAAAACTCCTTA,cell_72929,53801,"X,spliced,unspliced"
4917,41352,CCGGTACTCCTATT,cell_72967,53801,"X,spliced,unspliced"
4918,41368,CCTAAACTTGACCA,cell_72989,53801,"X,spliced,unspliced"
4919,41390,CCTCATCTGTCTAG,cell_73014,53801,"X,spliced,unspliced"
4920,41394,CCTCGAACCGAATC,cell_73018,53801,"X,spliced,unspliced"
4921,41399,CCTCTACTTGCAGT,cell_73025,53801,"X,spliced,unspliced"
4922,41406,CCTGCAACCTGGAT,cell_73032,53801,"X,spliced,unspliced"
4923,41413,CCTTAATGTCGACA,cell_73040,53801,"X,spliced,unspliced"
4924,41418,CCTTCACTGGGCAA,cell_73046,53801,"X,spliced,unspliced"
4925,41425,CGAAGACTCTTATC,cell_73053,53801,"X,spliced,unspliced"
4926,41431,CGAAGGGAGAGCAG,cell_73059,53801,"X,spliced,unspliced"
4927,41435,CGAAGTACAAACGA,cell_73065,53801,"X,spliced,unspliced"
4928,41439,CGAAGTACGATACC,cell_73070,53801,"X,spliced,unspliced"
4929,41443,CGAATCGATTCATC,cell_73077,53801,"X,spliced,unspliced"
4930,41465,CGACGTCTTCCTAT,cell_73109,53801,"X,spliced,unspliced"
4931,41470,CGACTCTGAAGCCT,cell_73114,53801,"X,spliced,unspliced"
4932,41475,CGAGAACTGTTACG,cell_73122,53801,"X,spliced,unspliced"
4933,41486,CGAGGAGAAGAAGT,cell_73135,53801,"X,spliced,unspliced"
4934,41491,CGAGGAGACTGAAC,cell_73141,53801,"X,spliced,unspliced"
4935,41492,CGAGGAGACTGCAA,cell_73142,53801,"X,spliced,unspliced"
4936,41503,CGAGGGCTCGACTA,cell_73156,53801,"X,spliced,unspliced"
4937,41511,CGATACGAGCTTCC,cell_73168,53801,"X,spliced,unspliced"
4938,41520,CGATCCACGTACGT,cell_73179,53801,"X,spliced,unspliced"
4939,41522,CGCAAATGCGCTAA,cell_73181,53801,"X,spliced,unspliced"
4940,41539,CGCACTACATCTCT,cell_73200,53801,"X,spliced,unspliced"
4941,41557,CGCATAGATTCTTG,cell_73225,53801,"X,spliced,unspliced"
4942,41561,CGCCATTGACCACA,cell_73231,53801,"X,spliced,unspliced"
4943,41572,CGCCTAACTCTTAC,cell_73245,53801,"X,spliced,unspliced"
4944,41586,CGCTACACCAGAGG,cell_73262,53801,"X,spliced,unspliced"
4945,41588,CGCTACACGCTGAT,cell_73264,53801,"X,spliced,unspliced"
4946,41594,CGCTACTGCAGTCA,cell_73270,53801,"X,spliced,unspliced"
4947,41606,CGGACCGAACCTAG,cell_73284,53801,"X,spliced,unspliced"
4948,41608,CGGACCGACAGATC,cell_73287,53801,"X,spliced,unspliced"
4949,41622,CGGCACGACGGAGA,cell_73306,53801,"X,spliced,unspliced"
4950,41633,CGGCCAGAGGCATT,cell_73317,53801,"X,spliced,unspliced"
4951,41635,CGGCGAACACACGT,cell_73321,53801,"X,spliced,unspliced"
4952,41662,CGTAACGACAAAGA,cell_73353,53801,"X,spliced,unspliced"
4953,41678,CGTCAAGACATTGG,cell_73371,53801,"X,spliced,unspliced"
4954,41679,CGTCAAGATGCGTA,cell_73372,53801,"X,spliced,unspliced"
4955,41692,CGTCGACTGCGGAA,cell_73387,53801,"X,spliced,unspliced"
4956,41700,CGTGATGACACTGA,cell_73399,53801,"X,spliced,unspliced"
4957,41718,CGTTAACTTATGGC,cell_73424,53801,"X,spliced,unspliced"
4958,41724,CGTTAGGATCCTTA,cell_73430,53801,"X,spliced,unspliced"
4959,41725,CGTTAGGATTTGGG,cell_73431,53801,"X,spliced,unspliced"
4960,41729,CGTTTAACACGTTG,cell_73436,53801,"X,spliced,unspliced"
4961,41733,CTAAACCTCTACGA,cell_73442,53801,"X,spliced,unspliced"
4962,41741,CTAACGGACTGGAT,cell_73452,53801,"X,spliced,unspliced"
4963,41745,CTAACTACATGTCG,cell_73456,53801,"X,spliced,unspliced"
4964,41758,CTAATAGAAGACTC,cell_73473,53801,"X,spliced,unspliced"
4965,41778,CTACTATGGTATCG,cell_73498,53801,"X,spliced,unspliced"
4966,41782,CTACTCCTTCCTAT,cell_73505,53801,"X,spliced,unspliced"
4967,41787,CTAGATCTACGTGT,cell_73511,53801,"X,spliced,unspliced"
4968,41794,CTAGGATGTCCTAT,cell_73520,53801,"X,spliced,unspliced"
4969,41803,CTAGGTGAGGACTT,cell_73529,53801,"X,spliced,unspliced"
4970,41826,CTATACTGTCCGAA,cell_73555,53801,"X,spliced,unspliced"
4971,41840,CTATGTACACGGTT,cell_73578,53801,"X,spliced,unspliced"
4972,41866,CTCAGCACTCTATC,cell_73606,53801,"X,spliced,unspliced"
4973,41876,CTCAGGCTGACGTT,cell_73619,53801,"X,spliced,unspliced"
4974,41878,CTCATTGAAGGAGC,cell_73621,53801,"X,spliced,unspliced"
4975,41889,CTCCTACTGGGATG,cell_73639,53801,"X,spliced,unspliced"
4976,41895,CTCGACACCTCTTA,cell_73646,53801,"X,spliced,unspliced"
4977,41907,CTCGCATGCTGGAT,cell_73662,53801,"X,spliced,unspliced"
4978,41908,CTCGCATGCTGGTA,cell_73663,53801,"X,spliced,unspliced"
4979,41909,CTCGCATGGCTCCT,cell_73664,53801,"X,spliced,unspliced"
4980,41933,CTGACCACAGAGGC,cell_73694,53801,"X,spliced,unspliced"
4981,41947,CTGAGCCTACCCTC,cell_73709,53801,"X,spliced,unspliced"
4982,41950,CTGATACTCCGTTC,cell_73712,53801,"X,spliced,unspliced"
4983,41953,CTGATTTGATAAGG,cell_73716,53801,"X,spliced,unspliced"
4984,41978,CTGGCACTCCGATA,cell_73745,53801,"X,spliced,unspliced"
4985,41980,CTGGCACTTTACTC,cell_73747,53801,"X,spliced,unspliced"
4986,41997,CTTAAGCTCTGTAG,cell_73770,53801,"X,spliced,unspliced"
4987,42011,CTTACTGATCCAAG,cell_73786,53801,"X,spliced,unspliced"
4988,42012,CTTAGACTAAAAGC,cell_73787,53801,"X,spliced,unspliced"
4989,42029,CTTCATGACATTGG,cell_73806,53801,"X,spliced,unspliced"
4990,42033,CTTCATGATCGTAG,cell_73810,53801,"X,spliced,unspliced"
4991,42034,CTTCTAGAAGAACA,cell_73811,53801,"X,spliced,unspliced"
4992,42036,CTTCTAGATCCTAT,cell_73813,53801,"X,spliced,unspliced"
4993,42045,CTTGATTGGAATAG,cell_73824,53801,"X,spliced,unspliced"
4994,42047,CTTGTATGACCGAT,cell_73827,53801,"X,spliced,unspliced"
4995,42062,CTTTCAGAGGACGA,cell_73846,53801,"X,spliced,unspliced"
4996,42065,CTTTGATGCCGTTC,cell_73850,53801,"X,spliced,unspliced"
4997,42068,GAAACAGAATGACC,cell_73854,53801,"X,spliced,unspliced"
4998,42070,GAAACAGATCGTTT,cell_73857,53801,"X,spliced,unspliced"
4999,42087,GAAATACTCTATTC,cell_73875,53801,"X,spliced,unspliced"
5000,42091,GAACACACAAAGTG,cell_73879,53801,"X,spliced,unspliced"
5001,42094,GAACACACGCTCCT,cell_73882,53801,"X,spliced,unspliced"
5002,42107,GAACGGGAGCTGAT,cell_73898,53801,"X,spliced,unspliced"
5003,42130,GAAGCTACGTTCAG,cell_73923,53801,"X,spliced,unspliced"
5004,42146,GAAGTAGATTTGGG,cell_73943,53801,"X,spliced,unspliced"
5005,42162,GAAGTGCTTAACGC,cell_73960,53801,"X,spliced,unspliced"
5006,42167,GAATGCTGCAGATC,cell_73965,53801,"X,spliced,unspliced"
5007,42171,GAATGCTGTTCCCG,cell_73969,53801,"X,spliced,unspliced"
5008,42174,GAATGGCTGTATGC,cell_73972,53801,"X,spliced,unspliced"
5009,42178,GAATTAACTGTCTT,cell_73978,53801,"X,spliced,unspliced"
5010,42180,GACAACACGTAGCT,cell_73981,53801,"X,spliced,unspliced"
5011,42188,GACACTGATCTTCA,cell_73990,53801,"X,spliced,unspliced"
5012,42201,GACATTCTGTTACG,cell_74008,53801,"X,spliced,unspliced"
5013,42219,GACCTCACTCATTC,cell_74031,53801,"X,spliced,unspliced"
5014,42231,GACGAGGAAGCCAT,cell_74044,53801,"X,spliced,unspliced"
5015,42235,GACGATTGATCAGC,cell_74048,53801,"X,spliced,unspliced"
5016,42236,GACGATTGCTGTAG,cell_74049,53801,"X,spliced,unspliced"
5017,42259,GACGTATGCTTAGG,cell_74076,53801,"X,spliced,unspliced"
5018,42269,GACTCCTGTAGCGT,cell_74089,53801,"X,spliced,unspliced"
5019,42271,GACTGAACCTCTAT,cell_74091,53801,"X,spliced,unspliced"
5020,42300,GAGATAGATGCATG,cell_74122,53801,"X,spliced,unspliced"
5021,42306,GAGATCACGTTTGG,cell_74128,53801,"X,spliced,unspliced"
5022,42307,GAGATGCTAAGCCT,cell_74129,53801,"X,spliced,unspliced"
5023,42314,GAGCAACTATGTGC,cell_74138,53801,"X,spliced,unspliced"
5024,42331,GAGCGAGACGTTGA,cell_74158,53801,"X,spliced,unspliced"
5025,42335,GAGCGCACCCATAG,cell_74162,53801,"X,spliced,unspliced"
5026,42337,GAGCGCACGTTAGC,cell_74166,53801,"X,spliced,unspliced"
5027,42346,GAGCGGCTTGAGCT,cell_74175,53801,"X,spliced,unspliced"
5028,42348,GAGCTCCTTGAACC,cell_74179,53801,"X,spliced,unspliced"
5029,42352,GAGGATCTCCACCT,cell_74183,53801,"X,spliced,unspliced"
5030,42355,GAGGCAGACTACCC,cell_74186,53801,"X,spliced,unspliced"
5031,42356,GAGGCAGAGACGAG,cell_74187,53801,"X,spliced,unspliced"
5032,42368,GAGGGATGCCTATT,cell_74201,53801,"X,spliced,unspliced"
5033,42369,GAGGGATGTAAGGA,cell_74203,53801,"X,spliced,unspliced"
5034,42382,GAGGTGGAAGAGAT,cell_74217,53801,"X,spliced,unspliced"
5035,42393,GAGGTTTGGACAGG,cell_74229,53801,"X,spliced,unspliced"
5036,42397,GAGTAAGAGACTAC,cell_74234,53801,"X,spliced,unspliced"
5037,42399,GAGTAAGATGAGCT,cell_74236,53801,"X,spliced,unspliced"
5038,42407,GAGTACTGGAAGGC,cell_74245,53801,"X,spliced,unspliced"
5039,42425,GAGTGGGACTGGTA,cell_74268,53801,"X,spliced,unspliced"
5040,42437,GATAAGGAAGTGCT,cell_74285,53801,"X,spliced,unspliced"
5041,42445,GATACTCTGTGCTA,cell_74298,53801,"X,spliced,unspliced"
5042,42454,GATATAACTCATTC,cell_74308,53801,"X,spliced,unspliced"
5043,42476,GATCGAACAGAGTA,cell_74332,53801,"X,spliced,unspliced"
5044,42485,GATCGTGACAGTTG,cell_74343,53801,"X,spliced,unspliced"
5045,42490,GATCTACTCAGAAA,cell_74349,53801,"X,spliced,unspliced"
5046,42507,GATGCATGCGGGAA,cell_74370,53801,"X,spliced,unspliced"
5047,42512,GATTACCTTGCAGT,cell_74376,53801,"X,spliced,unspliced"
5048,42516,GATTCGGAGAGGAC,cell_74380,53801,"X,spliced,unspliced"
5049,42520,GATTCTACTAGAAG,cell_74385,53801,"X,spliced,unspliced"
5050,42524,GATTCTTGTGAGAA,cell_74389,53801,"X,spliced,unspliced"
5051,42527,GATTGGACCTCCAC,cell_74393,53801,"X,spliced,unspliced"
5052,42548,GCAACTGAACGTAC,cell_74418,53801,"X,spliced,unspliced"
5053,42564,GCAATTCTAGCGGA,cell_74436,53801,"X,spliced,unspliced"
5054,42565,GCAATTCTCCTTAT,cell_74437,53801,"X,spliced,unspliced"
5055,42571,GCACAATGAGAGTA,cell_74446,53801,"X,spliced,unspliced"
5056,42579,GCACCTACAACGTC,cell_74457,53801,"X,spliced,unspliced"
5057,42599,GCACGTCTTCAGAC,cell_74482,53801,"X,spliced,unspliced"
5058,42610,GCACTGCTGAATAG,cell_74494,53801,"X,spliced,unspliced"
5059,42613,GCAGATACGGAAAT,cell_74499,53801,"X,spliced,unspliced"
5060,42625,GCAGCTCTACTCTT,cell_74513,53801,"X,spliced,unspliced"
5061,42630,GCAGCTCTTGATGC,cell_74518,53801,"X,spliced,unspliced"
5062,42645,GCAGTTGACAGATC,cell_74539,53801,"X,spliced,unspliced"
5063,42650,GCAGTTGATTGCGA,cell_74544,53801,"X,spliced,unspliced"
5064,42653,GCATCAGAGCGGAA,cell_74548,53801,"X,spliced,unspliced"
5065,42660,GCATGTGACTGCAA,cell_74556,53801,"X,spliced,unspliced"
5066,42679,GCCACTACAGCTCA,cell_74578,53801,"X,spliced,unspliced"
5067,42681,GCCATCACAAACGA,cell_74580,53801,"X,spliced,unspliced"
5068,42686,GCCATCACGCGAGA,cell_74586,53801,"X,spliced,unspliced"
5069,42687,GCCATCACGGAGGT,cell_74587,53801,"X,spliced,unspliced"
5070,42709,GCCGAGTGACTGGT,cell_74615,53801,"X,spliced,unspliced"
5071,42710,GCCGAGTGGGTCAT,cell_74616,53801,"X,spliced,unspliced"
5072,42723,GCCTAGCTCCGATA,cell_74631,53801,"X,spliced,unspliced"
5073,42737,GCGACTCTTCAGGT,cell_74654,53801,"X,spliced,unspliced"
5074,42738,GCGACTCTTTCGCC,cell_74655,53801,"X,spliced,unspliced"
5075,42743,GCGAGCACGTCGAT,cell_74661,53801,"X,spliced,unspliced"
5076,42764,GCGCATCTTTGTCT,cell_74683,53801,"X,spliced,unspliced"
5077,42768,GCGCGATGACGGGA,cell_74688,53801,"X,spliced,unspliced"
5078,42772,GCGGACTGGATACC,cell_74692,53801,"X,spliced,unspliced"
5079,42784,GCGTAAACGTTCGA,cell_74708,53801,"X,spliced,unspliced"
5080,42788,GCGTAAACTGTGGT,cell_74712,53801,"X,spliced,unspliced"
5081,42789,GCGTAAACTTCTAC,cell_74713,53801,"X,spliced,unspliced"
5082,42800,GCTACAGATACTCT,cell_74726,53801,"X,spliced,unspliced"
5083,42813,GCTAGATGAGAACA,cell_74744,53801,"X,spliced,unspliced"
5084,42814,GCTAGATGGGACTT,cell_74745,53801,"X,spliced,unspliced"
5085,42816,GCTATACTCACACA,cell_74747,53801,"X,spliced,unspliced"
5086,42819,GCTCACTGAAAACG,cell_74751,53801,"X,spliced,unspliced"
5087,42824,GCTCACTGGAGGAC,cell_74756,53801,"X,spliced,unspliced"
5088,42830,GCTCGACTCATTGG,cell_74765,53801,"X,spliced,unspliced"
5089,42835,GCTTAACTACTAGC,cell_74771,53801,"X,spliced,unspliced"
5090,42854,GGAAGGTGGGTGGA,cell_74799,53801,"X,spliced,unspliced"
5091,42863,GGACAGGAGCGTAT,cell_74810,53801,"X,spliced,unspliced"
5092,42874,GGACCGTGGCCAAT,cell_74824,53801,"X,spliced,unspliced"
5093,42894,GGACGCTGCCGTTC,cell_74848,53801,"X,spliced,unspliced"
5094,42899,GGACTATGAAACAG,cell_74854,53801,"X,spliced,unspliced"
5095,42910,GGAGCAGATCGATG,cell_74868,53801,"X,spliced,unspliced"
5096,42941,GGAGTTTGGGCGAA,cell_74903,53801,"X,spliced,unspliced"
5097,42946,GGATACTGGCTAAC,cell_74909,53801,"X,spliced,unspliced"
5098,42958,GGATGTTGAGAATG,cell_74923,53801,"X,spliced,unspliced"
5099,42963,GGATTGTGTGCTAG,cell_74929,53801,"X,spliced,unspliced"
5100,42966,GGATTTCTGTTCTT,cell_74933,53801,"X,spliced,unspliced"
5101,42967,GGATTTCTGTTGAC,cell_74934,53801,"X,spliced,unspliced"
5102,42978,GGCAATACTAGTCG,cell_74946,53801,"X,spliced,unspliced"
5103,42986,GGCACTCTAAGGGC,cell_74955,53801,"X,spliced,unspliced"
5104,42988,GGCACTCTCCCTTG,cell_74957,53801,"X,spliced,unspliced"
5105,43003,GGCCAGACTTCATC,cell_74976,53801,"X,spliced,unspliced"
5106,43006,GGCCGAACCTACTT,cell_74979,53801,"X,spliced,unspliced"
5107,43009,GGCCGATGCTGCTC,cell_74983,53801,"X,spliced,unspliced"
5108,43019,GGCGACTGCTGGAT,cell_74995,53801,"X,spliced,unspliced"
5109,43023,GGCGACTGTTGGCA,cell_75000,53801,"X,spliced,unspliced"
5110,43024,GGCGACTGTTTCGT,cell_75001,53801,"X,spliced,unspliced"
5111,43037,GGCTACCTACACAC,cell_75016,53801,"X,spliced,unspliced"
5112,43041,GGCTACCTTGTTCT,cell_75021,53801,"X,spliced,unspliced"
5113,43042,GGCTCACTAATGCC,cell_75022,53801,"X,spliced,unspliced"
5114,43045,GGGAACGAAAGCAA,cell_75025,53801,"X,spliced,unspliced"
5115,43054,GGGAAGTGCTGTGA,cell_75036,53801,"X,spliced,unspliced"
5116,43056,GGGAAGTGGTGTTG,cell_75038,53801,"X,spliced,unspliced"
5117,43057,GGGACCACACCATG,cell_75039,53801,"X,spliced,unspliced"
5118,43068,GGGATGGAGGCAAG,cell_75053,53801,"X,spliced,unspliced"
5119,43071,GGGATTACCCAATG,cell_75057,53801,"X,spliced,unspliced"
5120,43081,GGGCACACAGGCGA,cell_75068,53801,"X,spliced,unspliced"
5121,43095,GGGTAACTGAGAGC,cell_75086,53801,"X,spliced,unspliced"
5122,43102,GGGTTAACGTTGAC,cell_75095,53801,"X,spliced,unspliced"
5123,43108,GGGTTATGGCATCA,cell_75102,53801,"X,spliced,unspliced"
5124,43119,GGTACATGTTCGTT,cell_75117,53801,"X,spliced,unspliced"
5125,43128,GGTAGTACGTTTGG,cell_75128,53801,"X,spliced,unspliced"
5126,43164,GTAACGTGTGCCTC,cell_75170,53801,"X,spliced,unspliced"
5127,43166,GTAAGCACGAGACG,cell_75172,53801,"X,spliced,unspliced"
5128,43186,GTACGAACGCTATG,cell_75201,53801,"X,spliced,unspliced"
5129,43192,GTACTACTATTCGG,cell_75209,53801,"X,spliced,unspliced"
5130,43206,GTAGACTGTAAGCC,cell_75226,53801,"X,spliced,unspliced"
5131,43233,GTAGTGACCCCACT,cell_75259,53801,"X,spliced,unspliced"
5132,43238,GTAGTGTGCCCAAA,cell_75265,53801,"X,spliced,unspliced"
5133,43243,GTATCACTGCATCA,cell_75270,53801,"X,spliced,unspliced"
5134,43254,GTATTAGACAACTG,cell_75283,53801,"X,spliced,unspliced"
5135,43272,GTCACAGAGTTACG,cell_75305,53801,"X,spliced,unspliced"
5136,43275,GTCACCTGAACGTC,cell_75308,53801,"X,spliced,unspliced"
5137,43279,GTCATACTCTGGAT,cell_75313,53801,"X,spliced,unspliced"
5138,43293,GTCCAGCTAAAAGC,cell_75328,53801,"X,spliced,unspliced"
5139,43298,GTCCCATGGAATCC,cell_75334,53801,"X,spliced,unspliced"
5140,43308,GTCGAATGGCTATG,cell_75345,53801,"X,spliced,unspliced"
5141,43316,GTCGACCTTCATTC,cell_75353,53801,"X,spliced,unspliced"
5142,43317,GTCGCACTCTCTTA,cell_75356,53801,"X,spliced,unspliced"
5143,43324,GTCTAGGACTCTTA,cell_75363,53801,"X,spliced,unspliced"
5144,43334,GTGACAACTAAGGA,cell_75375,53801,"X,spliced,unspliced"
5145,43336,GTGACCCTGAAACA,cell_75377,53801,"X,spliced,unspliced"
5146,43340,GTGAGGGAGCCCTT,cell_75385,53801,"X,spliced,unspliced"
5147,43346,GTGATCGATTCTTG,cell_75391,53801,"X,spliced,unspliced"
5148,43347,GTGATGACACTCTT,cell_75392,53801,"X,spliced,unspliced"
5149,43349,GTGATGACGGGCAA,cell_75394,53801,"X,spliced,unspliced"
5150,43370,GTGGAGGACCTTCG,cell_75419,53801,"X,spliced,unspliced"
5151,43373,GTGGATTGCGTAAC,cell_75423,53801,"X,spliced,unspliced"
5152,43391,GTGTGATGCCAATG,cell_75444,53801,"X,spliced,unspliced"
5153,43409,GTTACTACACAGTC,cell_75466,53801,"X,spliced,unspliced"
5154,43420,GTTAGTCTTTCCGC,cell_75478,53801,"X,spliced,unspliced"
5155,43421,GTTATAGACGTAGT,cell_75479,53801,"X,spliced,unspliced"
5156,43449,GTTGATCTAGGAGC,cell_75509,53801,"X,spliced,unspliced"
5157,43451,GTTGATCTCAGGAG,cell_75512,53801,"X,spliced,unspliced"
5158,43453,GTTGGATGAACCGT,cell_75515,53801,"X,spliced,unspliced"
5159,43465,GTTTAAGATCCTCG,cell_75529,53801,"X,spliced,unspliced"
5160,43478,TAAATGTGAGAGTA,cell_75551,53801,"X,spliced,unspliced"
5161,43480,TAAATGTGAGCCAT,cell_75553,53801,"X,spliced,unspliced"
5162,43482,TAAATGTGCCTTTA,cell_75555,53801,"X,spliced,unspliced"
5163,43489,TAACAATGCCACAA,cell_75562,53801,"X,spliced,unspliced"
5164,43494,TAACACCTAAGGCG,cell_75567,53801,"X,spliced,unspliced"
5165,43501,TAACGTCTGGAGCA,cell_75576,53801,"X,spliced,unspliced"
5166,43541,TAAGGGCTACGGTT,cell_75630,53801,"X,spliced,unspliced"
5167,43546,TAAGTAACGAATGA,cell_75635,53801,"X,spliced,unspliced"
5168,43548,TAAGTCCTGTTCAG,cell_75637,53801,"X,spliced,unspliced"
5169,43550,TAATCCACACGTTG,cell_75639,53801,"X,spliced,unspliced"
5170,43551,TAATCCACCTGTTT,cell_75640,53801,"X,spliced,unspliced"
5171,43559,TAATGAACCGACAT,cell_75651,53801,"X,spliced,unspliced"
5172,43561,TAATGAACGTCACA,cell_75653,53801,"X,spliced,unspliced"
5173,43573,TAATGCCTTACAGC,cell_75667,53801,"X,spliced,unspliced"
5174,43575,TAATGCCTTGTAGC,cell_75669,53801,"X,spliced,unspliced"
5175,43577,TAATGTGACACCAA,cell_75671,53801,"X,spliced,unspliced"
5176,43589,TACACACTGTGCTA,cell_75685,53801,"X,spliced,unspliced"
5177,43592,TACATAGACTAGCA,cell_75689,53801,"X,spliced,unspliced"
5178,43594,TACATCACACTTTC,cell_75692,53801,"X,spliced,unspliced"
5179,43597,TACATCACTTCCAT,cell_75695,53801,"X,spliced,unspliced"
5180,43602,TACCGAGACCCGTT,cell_75701,53801,"X,spliced,unspliced"
5181,43603,TACCGAGACTCCCA,cell_75702,53801,"X,spliced,unspliced"
5182,43605,TACCGCTGGGAAAT,cell_75704,53801,"X,spliced,unspliced"
5183,43608,TACCGGCTCCCGTT,cell_75708,53801,"X,spliced,unspliced"
5184,43609,TACCGGCTGCTACA,cell_75710,53801,"X,spliced,unspliced"
5185,43613,TACGACGAATGTGC,cell_75714,53801,"X,spliced,unspliced"
5186,43639,TACGTACTCACCAA,cell_75742,53801,"X,spliced,unspliced"
5187,43649,TACGTTACCGAACT,cell_75752,53801,"X,spliced,unspliced"
5188,43652,TACGTTACTCGACA,cell_75755,53801,"X,spliced,unspliced"
5189,43680,TACTCCCTTCTGGA,cell_75790,53801,"X,spliced,unspliced"
5190,43682,TACTCTGACCACCT,cell_75793,53801,"X,spliced,unspliced"
5191,43710,TAGAGAGAGTACAC,cell_75827,53801,"X,spliced,unspliced"
5192,43723,TAGATTGAAGTAGA,cell_75843,53801,"X,spliced,unspliced"
5193,43750,TAGGACTGGGTAGG,cell_75880,53801,"X,spliced,unspliced"
5194,43751,TAGGACTGGTCACA,cell_75881,53801,"X,spliced,unspliced"
5195,43764,TAGGCTGAGAGGGT,cell_75897,53801,"X,spliced,unspliced"
5196,43769,TAGGGACTCCTCCA,cell_75902,53801,"X,spliced,unspliced"
5197,43780,TAGGTGACGTCAAC,cell_75915,53801,"X,spliced,unspliced"
5198,43782,TAGGTGTGCCGAAT,cell_75918,53801,"X,spliced,unspliced"
5199,43790,TAGTAAACCGTTAG,cell_75930,53801,"X,spliced,unspliced"
5200,43793,TAGTAATGCGCTAA,cell_75936,53801,"X,spliced,unspliced"
5201,43799,TAGTATGAGACAAA,cell_75944,53801,"X,spliced,unspliced"
5202,43804,TAGTCACTCATTCT,cell_75949,53801,"X,spliced,unspliced"
5203,43806,TAGTCACTGAAAGT,cell_75951,53801,"X,spliced,unspliced"
5204,43818,TAGTGGTGAAGCAA,cell_75963,53801,"X,spliced,unspliced"
5205,43820,TAGTGGTGTTACTC,cell_75966,53801,"X,spliced,unspliced"
5206,43830,TAGTTCACTGCTTT,cell_75976,53801,"X,spliced,unspliced"
5207,43837,TATAAGACAAACGA,cell_75985,53801,"X,spliced,unspliced"
5208,43846,TATACAGAGGTGAG,cell_75997,53801,"X,spliced,unspliced"
5209,43854,TATACGCTGGAGTG,cell_76007,53801,"X,spliced,unspliced"
5210,43859,TATAGATGCCGTTC,cell_76013,53801,"X,spliced,unspliced"
5211,43863,TATAGCCTGTAGGG,cell_76018,53801,"X,spliced,unspliced"
5212,43864,TATAGCCTGTGTAC,cell_76019,53801,"X,spliced,unspliced"
5213,43866,TATCAAGAAAGAGT,cell_76021,53801,"X,spliced,unspliced"
5214,43881,TATCCAACGACGAG,cell_76039,53801,"X,spliced,unspliced"
5215,43888,TATCGACTACGACT,cell_76046,53801,"X,spliced,unspliced"
5216,43901,TATCTTCTAGTCAC,cell_76064,53801,"X,spliced,unspliced"
5217,43916,TATGGGTGGAACCT,cell_76082,53801,"X,spliced,unspliced"
5218,43917,TATGGGTGGCGGAA,cell_76084,53801,"X,spliced,unspliced"
5219,43918,TATGGGTGTCGTAG,cell_76086,53801,"X,spliced,unspliced"
5220,43951,TCAAGGTGAGTTCG,cell_76123,53801,"X,spliced,unspliced"
5221,43953,TCAAGGTGGGTGTT,cell_76125,53801,"X,spliced,unspliced"
5222,43957,TCAAGTCTCATGGT,cell_76129,53801,"X,spliced,unspliced"
5223,43971,TCACAACTGAAACA,cell_76144,53801,"X,spliced,unspliced"
5224,43982,TCACGAGAGGAGGT,cell_76160,53801,"X,spliced,unspliced"
5225,43985,TCACTATGGCCTTC,cell_76164,53801,"X,spliced,unspliced"
5226,43987,TCACTATGTTGTGG,cell_76167,53801,"X,spliced,unspliced"
5227,43996,TCAGCAGACTGCTC,cell_76176,53801,"X,spliced,unspliced"
5228,43998,TCAGCAGATTCATC,cell_76179,53801,"X,spliced,unspliced"
5229,44004,TCAGGATGCGGTAT,cell_76188,53801,"X,spliced,unspliced"
5230,44024,TCAGTTACGGTTAC,cell_76210,53801,"X,spliced,unspliced"
5231,44025,TCAGTTACTACGAC,cell_76211,53801,"X,spliced,unspliced"
5232,44043,TCATGTACCTGATG,cell_76232,53801,"X,spliced,unspliced"
5233,44072,TCCATCCTTTCTTG,cell_76264,53801,"X,spliced,unspliced"
5234,44077,TCCCAGACTGTCCC,cell_76269,53801,"X,spliced,unspliced"
5235,44098,TCCGGACTTTGGCA,cell_76296,53801,"X,spliced,unspliced"
5236,44099,TCCTAAACAAGTAG,cell_76297,53801,"X,spliced,unspliced"
5237,44113,TCCTATGATCTCAT,cell_76313,53801,"X,spliced,unspliced"
5238,44114,TCGAATCTGAGATA,cell_76316,53801,"X,spliced,unspliced"
5239,44147,TCGATTTGCGAACT,cell_76352,53801,"X,spliced,unspliced"
5240,44152,TCGATTTGTTCTAC,cell_76357,53801,"X,spliced,unspliced"
5241,44157,TCGCACACGTTTGG,cell_76362,53801,"X,spliced,unspliced"
5242,44163,TCGCCATGCAGATC,cell_76372,53801,"X,spliced,unspliced"
5243,44177,TCGGTAGAGCCATA,cell_76390,53801,"X,spliced,unspliced"
5244,44185,TCGTGAGATGAAGA,cell_76398,53801,"X,spliced,unspliced"
5245,44204,TCTACAACGGTAAA,cell_76422,53801,"X,spliced,unspliced"
5246,44225,TCTCTAGAGGGATG,cell_76445,53801,"X,spliced,unspliced"
5247,44242,TCTTCAGATGGTTG,cell_76465,53801,"X,spliced,unspliced"
5248,44258,TGAAGCTGTCAGGT,cell_76487,53801,"X,spliced,unspliced"
5249,44259,TGAATAACACGTGT,cell_76488,53801,"X,spliced,unspliced"
5250,44260,TGAATAACGGTGTT,cell_76489,53801,"X,spliced,unspliced"
5251,44264,TGACCAGAGGGCAA,cell_76494,53801,"X,spliced,unspliced"
5252,44270,TGACGAACAGCCAT,cell_76502,53801,"X,spliced,unspliced"
5253,44273,TGACGAACTCACGA,cell_76505,53801,"X,spliced,unspliced"
5254,44276,TGACGATGCCCACT,cell_76508,53801,"X,spliced,unspliced"
5255,44284,TGACTGGATCGTTT,cell_76518,53801,"X,spliced,unspliced"
5256,44286,TGACTTACACGGGA,cell_76521,53801,"X,spliced,unspliced"
5257,44292,TGAGCTGAGAGCAG,cell_76531,53801,"X,spliced,unspliced"
5258,44308,TGATAAACAGAAGT,cell_76548,53801,"X,spliced,unspliced"
5259,44317,TGATATGACCGAAT,cell_76558,53801,"X,spliced,unspliced"
5260,44336,TGATTCACCCGTAA,cell_76578,53801,"X,spliced,unspliced"
5261,44353,TGCACAGAATGTCG,cell_76599,53801,"X,spliced,unspliced"
5262,44358,TGCACGCTAGATGA,cell_76604,53801,"X,spliced,unspliced"
5263,44371,TGCCAAGATCGCTC,cell_76618,53801,"X,spliced,unspliced"
5264,44379,TGCGATGAATGGTC,cell_76630,53801,"X,spliced,unspliced"
5265,44390,TGCGCACTTTCCGC,cell_76644,53801,"X,spliced,unspliced"
5266,44391,TGCGTAGAACTCTT,cell_76645,53801,"X,spliced,unspliced"
5267,44392,TGCGTAGAATCACG,cell_76646,53801,"X,spliced,unspliced"
5268,44397,TGCTAGGATCACCC,cell_76651,53801,"X,spliced,unspliced"
5269,44408,TGCTTAACATGTGC,cell_76662,53801,"X,spliced,unspliced"
5270,44425,TGGAACTGTTCGGA,cell_76682,53801,"X,spliced,unspliced"
5271,44432,TGGACCCTTCAGGT,cell_76693,53801,"X,spliced,unspliced"
5272,44467,TGGCACCTTCGCTC,cell_76738,53801,"X,spliced,unspliced"
5273,44469,TGGGTATGCCTCGT,cell_76740,53801,"X,spliced,unspliced"
5274,44473,TGGTACGAACGCTA,cell_76746,53801,"X,spliced,unspliced"
5275,44481,TGGTAGTGAACAGA,cell_76756,53801,"X,spliced,unspliced"
5276,44513,TGTAGGTGTCCGAA,cell_76795,53801,"X,spliced,unspliced"
5277,44515,TGTAGTCTACGCTA,cell_76797,53801,"X,spliced,unspliced"
5278,44520,TGTAGTCTGAGGTG,cell_76805,53801,"X,spliced,unspliced"
5279,44521,TGTAGTCTGGGCAA,cell_76806,53801,"X,spliced,unspliced"
5280,44522,TGTAGTCTTGCCTC,cell_76807,53801,"X,spliced,unspliced"
5281,44534,TGTATGCTGGACGA,cell_76822,53801,"X,spliced,unspliced"
5282,44535,TGTATGCTGTTCTT,cell_76823,53801,"X,spliced,unspliced"
5283,44546,TGTGAGACCCACAA,cell_76839,53801,"X,spliced,unspliced"
5284,44550,TGTGAGTGCTGTGA,cell_76843,53801,"X,spliced,unspliced"
5285,44563,TGTTAAGAGGTCTA,cell_76859,53801,"X,spliced,unspliced"
5286,44598,TTACGACTGTTACG,cell_76901,53801,"X,spliced,unspliced"
5287,44601,TTACGTACATTTCC,cell_76905,53801,"X,spliced,unspliced"
5288,44621,TTAGCTACCGAATC,cell_76930,53801,"X,spliced,unspliced"
5289,44629,TTAGGTCTCTCGCT,cell_76941,53801,"X,spliced,unspliced"
5290,44643,TTATGAGACTGTGA,cell_76961,53801,"X,spliced,unspliced"
5291,44663,TTCAACACTGTTCT,cell_76988,53801,"X,spliced,unspliced"
5292,44668,TTCAAGCTCTAAGC,cell_76993,53801,"X,spliced,unspliced"
5293,44676,TTCACCCTACTGTG,cell_77002,53801,"X,spliced,unspliced"
5294,44686,TTCAGTTGCTACGA,cell_77015,53801,"X,spliced,unspliced"
5295,44691,TTCATCGACTACGA,cell_77020,53801,"X,spliced,unspliced"
5296,44714,TTCCCACTCTGAAC,cell_77045,53801,"X,spliced,unspliced"
5297,44718,TTCCTAGATACTTC,cell_77049,53801,"X,spliced,unspliced"
5298,44722,TTCGAGGATAAGGA,cell_77053,53801,"X,spliced,unspliced"
5299,44726,TTCGATTGTCACGA,cell_77059,53801,"X,spliced,unspliced"
5300,44730,TTCGGAGATGGAGG,cell_77063,53801,"X,spliced,unspliced"
5301,44734,TTCGTATGGCTGTA,cell_77068,53801,"X,spliced,unspliced"
5302,44738,TTCTAGTGCCGTTC,cell_77078,53801,"X,spliced,unspliced"
5303,44743,TTCTCAGAGCATAC,cell_77083,53801,"X,spliced,unspliced"
5304,44751,TTCTTACTTCTCAT,cell_77095,53801,"X,spliced,unspliced"
5305,44780,TTGCATTGTGTTTC,cell_77128,53801,"X,spliced,unspliced"
5306,44797,TTGTACACAAAGTG,cell_77151,53801,"X,spliced,unspliced"
5307,44799,TTGTAGCTAATGCC,cell_77153,53801,"X,spliced,unspliced"
5308,44809,TTTAGCTGGGTTTG,cell_77164,53801,"X,spliced,unspliced"
5309,44815,TTTATCCTTATGGC,cell_77172,53801,"X,spliced,unspliced"
5310,44848,TTTGACTGCTTCCG,cell_77209,53801,"X,spliced,unspliced"
5311,44886,AAAGCCTGTACGAC,cell_77265,53801,"X,spliced,unspliced"
5312,45348,ACGCCTTGTTGTCT,cell_77951,53801,"X,spliced,unspliced"
5313,45541,AGACGTACTCTAGG,cell_78218,53801,"X,spliced,unspliced"
5314,45723,AGGGACGATTCAGG,cell_78486,53801,"X,spliced,unspliced"
5315,45831,AGTGTTCTAGAGGC,cell_78639,53801,"X,spliced,unspliced"
5316,45948,ATATGAACTACTTC,cell_78816,53801,"X,spliced,unspliced"
5317,46054,ATGATAACTCGCAA,cell_78965,53801,"X,spliced,unspliced"
5318,46195,ATTGTCTGGGAGTG,cell_79165,53801,"X,spliced,unspliced"
5319,46378,CACTAACTATAAGG,cell_79439,53801,"X,spliced,unspliced"
5320,46477,CAGTGTGAAAGTAG,cell_79588,53801,"X,spliced,unspliced"
5321,46518,CATCAGGAATGACC,cell_79645,53801,"X,spliced,unspliced"
5322,46526,CATCGCTGAGACTC,cell_79658,53801,"X,spliced,unspliced"
5323,46787,CCTGAGCTGCTCCT,cell_80049,53801,"X,spliced,unspliced"
5324,46813,CGAAGACTTCGCAA,cell_80083,53801,"X,spliced,unspliced"
5325,46885,CGCAAATGATTTCC,cell_80193,53801,"X,spliced,unspliced"
5326,46966,CGGCCAGATTGCGA,cell_80313,53801,"X,spliced,unspliced"
5327,47138,CTATTGACCTGCAA,cell_80557,53801,"X,spliced,unspliced"
5328,47216,CTGATTTGCCTTGC,cell_80670,53801,"X,spliced,unspliced"
5329,47387,GAAGGTCTTTATCC,cell_80910,53801,"X,spliced,unspliced"
5330,47433,GACAGTTGGGTAAA,cell_80982,53801,"X,spliced,unspliced"
5331,47563,GAGGTACTTTTACC,cell_81182,53801,"X,spliced,unspliced"
5332,47658,GATTCTTGTGACAC,cell_81330,53801,"X,spliced,unspliced"
5333,47771,GCCACTACTACTGG,cell_81494,53801,"X,spliced,unspliced"
5334,47851,GCGGGACTCCAGTA,cell_81593,53801,"X,spliced,unspliced"
5335,47866,GCTACGCTGTGCTA,cell_81612,53801,"X,spliced,unspliced"
5336,47921,GGACGAGAGCCATA,cell_81696,53801,"X,spliced,unspliced"
5337,47970,GGATGTTGCTGTGA,cell_81764,53801,"X,spliced,unspliced"
5338,48313,GTTAACCTCGAGTT,cell_82240,53801,"X,spliced,unspliced"
5339,48688,TATCGACTCTTATC,cell_82746,53801,"X,spliced,unspliced"
5340,48742,TCAAGTCTTAAGGA,cell_82820,53801,"X,spliced,unspliced"
5341,49142,TGGACTGAACCCTC,cell_83392,53801,"X,spliced,unspliced"
5342,49232,TGTGATCTCAGAGG,cell_83535,53801,"X,spliced,unspliced"
5343,49839,ACACGTGATCCCAC,cell_84432,53801,"X,spliced,unspliced"
5344,49846,ACAGGTACTGACAC,cell_84444,53801,"X,spliced,unspliced"
5345,49877,ACCAGCCTCAGTTG,cell_84497,53801,"X,spliced,unspliced"
5346,49894,ACCCAAGAGTGCAT,cell_84523,53801,"X,spliced,unspliced"
5347,50001,ACGGTAACTGTCTT,cell_84701,53801,"X,spliced,unspliced"
5348,50145,AGAGAAACAGAACA,cell_84947,53801,"X,spliced,unspliced"
5349,50209,AGCACAACTGCTAG,cell_85041,53801,"X,spliced,unspliced"
5350,50483,ATAATCGAGTTCTT,cell_85461,53801,"X,spliced,unspliced"
5351,50717,ATGTCGGACGAATC,cell_85820,53801,"X,spliced,unspliced"
5352,50732,ATTACCACACCAGT,cell_85842,53801,"X,spliced,unspliced"
5353,50871,CAAGCATGGATGAA,cell_86064,53801,"X,spliced,unspliced"
5354,51001,CACTATACCGCAAT,cell_86259,53801,"X,spliced,unspliced"
5355,51424,CCGTAAGACCGTTC,cell_86888,53801,"X,spliced,unspliced"
5356,51672,CGGTCACTGAGGTG,cell_87243,53801,"X,spliced,unspliced"
5357,51906,CTGACCACACGTGT,cell_87587,53801,"X,spliced,unspliced"
5358,51944,CTTAAAGATGAGCT,cell_87642,53801,"X,spliced,unspliced"
5359,51960,CTTACATGAGTCGT,cell_87662,53801,"X,spliced,unspliced"
5360,52058,GAAAGTGATTCGTT,cell_87788,53801,"X,spliced,unspliced"
5361,52100,GAAGCGGACATTTC,cell_87847,53801,"X,spliced,unspliced"
5362,52593,GCGCATCTGTAGCT,cell_88576,53801,"X,spliced,unspliced"
5363,52816,GGCGCATGTTGCGA,cell_88897,53801,"X,spliced,unspliced"
5364,52827,GGCTAAACTCGTGA,cell_88910,53801,"X,spliced,unspliced"
5365,53172,GTTGTACTTCCTAT,cell_89427,53801,"X,spliced,unspliced"
5366,53175,TAAACAACCCTGTC,cell_89434,53801,"X,spliced,unspliced"
5367,53270,TACATCACACAGCT,cell_89568,53801,"X,spliced,unspliced"
5368,53707,TCGATACTTCGCAA,cell_90204,53801,"X,spliced,unspliced"
5369,53955,TGGAACTGAGATCC,cell_90546,53801,"X,spliced,unspliced"
5370,54080,TGTTAAGAAGCCTA,cell_90716,53801,"X,spliced,unspliced"
5371,54155,TTCAAAGATTGACG,cell_90833,53801,"X,spliced,unspliced"
5372,54211,TTCGGAGAGGTGGA,cell_90914,53801,"X,spliced,unspliced"
5373,54272,TTGGTACTCATCAG,cell_91017,53801,"X,spliced,unspliced"
5374,54320,AAACCGTGCTGTTT,cell_91088,53801,"X,spliced,unspliced"
5375,54330,AAAGATCTAGGGTG,cell_91104,53801,"X,spliced,unspliced"
5376,54334,AAAGATCTTTCATC,cell_91108,53801,"X,spliced,unspliced"
5377,54346,AAATACTGCTCGCT,cell_91121,53801,"X,spliced,unspliced"
5378,54355,AAATCCCTCCCTTG,cell_91132,53801,"X,spliced,unspliced"
5379,54372,AACAATACAACTGC,cell_91159,53801,"X,spliced,unspliced"
5380,54393,AACCCAGAAGTGCT,cell_91191,53801,"X,spliced,unspliced"
5381,54415,AACTACCTAACTGC,cell_91224,53801,"X,spliced,unspliced"
5382,54416,AACTCACTCATTGG,cell_91227,53801,"X,spliced,unspliced"
5383,54463,AAGGCTTGGTAAGA,cell_91302,53801,"X,spliced,unspliced"
5384,54473,AAGTATACACGCAT,cell_91319,53801,"X,spliced,unspliced"
5385,54481,AAGTCCGATAAAGG,cell_91329,53801,"X,spliced,unspliced"
5386,54493,AATAACACTCCCAC,cell_91344,53801,"X,spliced,unspliced"
5387,54522,AATGATACGTCACA,cell_91382,53801,"X,spliced,unspliced"
5388,54544,AATTGATGAAGGTA,cell_91416,53801,"X,spliced,unspliced"
5389,54550,AATTGTGAGTTACG,cell_91423,53801,"X,spliced,unspliced"
5390,54556,ACAAATTGTTCGCC,cell_91430,53801,"X,spliced,unspliced"
5391,54558,ACAAGAGAGTCACA,cell_91432,53801,"X,spliced,unspliced"
5392,54559,ACAAGAGATCGTGA,cell_91434,53801,"X,spliced,unspliced"
5393,54573,ACACGAACTTTACC,cell_91456,53801,"X,spliced,unspliced"
5394,54578,ACAGACACAGGAGC,cell_91463,53801,"X,spliced,unspliced"
5395,54579,ACAGACACGAGCTT,cell_91464,53801,"X,spliced,unspliced"
5396,54594,ACATCACTAACCGT,cell_91486,53801,"X,spliced,unspliced"
5397,54604,ACCAACGAAAACGA,cell_91497,53801,"X,spliced,unspliced"
5398,54607,ACCACAGACCAAGT,cell_91501,53801,"X,spliced,unspliced"
5399,54610,ACCACCTGACACGT,cell_91504,53801,"X,spliced,unspliced"
5400,54635,ACCCGTTGTGCTAG,cell_91539,53801,"X,spliced,unspliced"
5401,54637,ACCCTCGAACGACT,cell_91541,53801,"X,spliced,unspliced"
5402,54655,ACCTCGTGGGACGA,cell_91567,53801,"X,spliced,unspliced"
5403,54689,ACGCCTTGCAACCA,cell_91617,53801,"X,spliced,unspliced"
5404,54702,ACGGCGTGAACCAC,cell_91638,53801,"X,spliced,unspliced"
5405,54713,ACGGTAACGAATAG,cell_91653,53801,"X,spliced,unspliced"
5406,54722,ACGGTCCTTTTCAC,cell_91664,53801,"X,spliced,unspliced"
5407,54726,ACGTAGACGAACCT,cell_91668,53801,"X,spliced,unspliced"
5408,54728,ACGTCAGATCGTAG,cell_91671,53801,"X,spliced,unspliced"
5409,54729,ACGTCCTGAAGATG,cell_91672,53801,"X,spliced,unspliced"
5410,54741,ACGTTACTCTGCAA,cell_91690,53801,"X,spliced,unspliced"
5411,54745,ACGTTTACCACTTT,cell_91695,53801,"X,spliced,unspliced"
5412,54746,ACGTTTACTAGAAG,cell_91696,53801,"X,spliced,unspliced"
5413,54747,ACTAAAACCAGTTG,cell_91697,53801,"X,spliced,unspliced"
5414,54771,ACTGCCTGACTCAG,cell_91737,53801,"X,spliced,unspliced"
5415,54772,ACTGGCCTGATAGA,cell_91739,53801,"X,spliced,unspliced"
5416,54781,ACTTAGCTTGGTTG,cell_91752,53801,"X,spliced,unspliced"
5417,54785,ACTTCCCTCTGGAT,cell_91758,53801,"X,spliced,unspliced"
5418,54796,AGAAAGTGACCAGT,cell_91775,53801,"X,spliced,unspliced"
5419,54818,AGACCTGAGTTCAG,cell_91806,53801,"X,spliced,unspliced"
5420,54832,AGAGAATGACACTG,cell_91826,53801,"X,spliced,unspliced"
5421,54878,AGCATTCTTCGTAG,cell_91883,53801,"X,spliced,unspliced"
5422,54907,AGCGGCACAGTTCG,cell_91918,53801,"X,spliced,unspliced"
5423,54937,AGGAGTCTTTCAGG,cell_91958,53801,"X,spliced,unspliced"
5424,54949,AGGCAGGATTCCCG,cell_91977,53801,"X,spliced,unspliced"
5425,54965,AGGGCGCTTTCTAC,cell_92002,53801,"X,spliced,unspliced"
5426,54970,AGGGTTTGGGTAAA,cell_92008,53801,"X,spliced,unspliced"
5427,54988,AGGTTGTGGGAGGT,cell_92035,53801,"X,spliced,unspliced"
5428,54997,AGTAATTGACACAC,cell_92045,53801,"X,spliced,unspliced"
5429,55009,AGTATAACTGAGCT,cell_92062,53801,"X,spliced,unspliced"
5430,55020,AGTCCAGATATCGG,cell_92075,53801,"X,spliced,unspliced"
5431,55026,AGTCGCCTCCATGA,cell_92083,53801,"X,spliced,unspliced"
5432,55043,AGTGCAACGCGAGA,cell_92108,53801,"X,spliced,unspliced"
5433,55046,AGTGTTCTCAGTCA,cell_92114,53801,"X,spliced,unspliced"
5434,55048,AGTGTTCTCTTCGC,cell_92116,53801,"X,spliced,unspliced"
5435,55058,AGTTTAGAACTGGT,cell_92130,53801,"X,spliced,unspliced"
5436,55075,ATAACCCTGACGAG,cell_92153,53801,"X,spliced,unspliced"
5437,55082,ATAAGTTGTGTCTT,cell_92161,53801,"X,spliced,unspliced"
5438,55087,ATAATGACCTTGGA,cell_92167,53801,"X,spliced,unspliced"
5439,55101,ATAGAACTTTCGCC,cell_92191,53801,"X,spliced,unspliced"
5440,55105,ATAGATACGTTCTT,cell_92196,53801,"X,spliced,unspliced"
5441,55110,ATAGCCGAAAAGCA,cell_92201,53801,"X,spliced,unspliced"
5442,55111,ATAGCCGACTACCC,cell_92203,53801,"X,spliced,unspliced"
5443,55118,ATAGGAGAGTACCA,cell_92214,53801,"X,spliced,unspliced"
5444,55119,ATAGGCTGCCTGTC,cell_92215,53801,"X,spliced,unspliced"
5445,55122,ATAGTCCTCTATGG,cell_92218,53801,"X,spliced,unspliced"
5446,55126,ATAGTTGATTGTCT,cell_92223,53801,"X,spliced,unspliced"
5447,55130,ATATACGATAAGCC,cell_92230,53801,"X,spliced,unspliced"
5448,55132,ATATAGTGGGTCAT,cell_92232,53801,"X,spliced,unspliced"
5449,55134,ATATAGTGTCCTAT,cell_92235,53801,"X,spliced,unspliced"
5450,55135,ATATGAACGCATCA,cell_92237,53801,"X,spliced,unspliced"
5451,55139,ATCAAATGCCTACC,cell_92244,53801,"X,spliced,unspliced"
5452,55143,ATCAAATGTTCTGT,cell_92248,53801,"X,spliced,unspliced"
5453,55144,ATCAACCTTCAAGC,cell_92253,53801,"X,spliced,unspliced"
5454,55147,ATCACACTCAAGCT,cell_92258,53801,"X,spliced,unspliced"
5455,55149,ATCACGGAACCTGA,cell_92262,53801,"X,spliced,unspliced"
5456,55152,ATCACTACATCTTC,cell_92266,53801,"X,spliced,unspliced"
5457,55156,ATCACTTGTTCGCC,cell_92272,53801,"X,spliced,unspliced"
5458,55160,ATCAGGTGCGCATA,cell_92276,53801,"X,spliced,unspliced"
5459,55183,ATCGCCTGGGTAAA,cell_92307,53801,"X,spliced,unspliced"
5460,55190,ATCTACTGTGGTCA,cell_92322,53801,"X,spliced,unspliced"
5461,55192,ATCTCAACCGTACA,cell_92324,53801,"X,spliced,unspliced"
5462,55195,ATCTGGGAAGGTTC,cell_92328,53801,"X,spliced,unspliced"
5463,55198,ATCTTGACACAGCT,cell_92331,53801,"X,spliced,unspliced"
5464,55203,ATCTTTCTGTTCAG,cell_92340,53801,"X,spliced,unspliced"
5465,55206,ATGAAGGATGACAC,cell_92344,53801,"X,spliced,unspliced"
5466,55220,ATGCACGATGACAC,cell_92361,53801,"X,spliced,unspliced"
5467,55226,ATGCCAGAAGCGGA,cell_92370,53801,"X,spliced,unspliced"
5468,55244,ATGGGTACTTCCCG,cell_92395,53801,"X,spliced,unspliced"
5469,55269,ATGTTGCTGCCAAT,cell_92427,53801,"X,spliced,unspliced"
5470,55287,ATTCCATGGTGTAC,cell_92451,53801,"X,spliced,unspliced"
5471,55296,ATTGAAACTGGTGT,cell_92463,53801,"X,spliced,unspliced"
5472,55299,ATTGATGACTCCCA,cell_92469,53801,"X,spliced,unspliced"
5473,55311,ATTGTAGATGCGTA,cell_92486,53801,"X,spliced,unspliced"
5474,55316,ATTTCGTGAAGCCT,cell_92492,53801,"X,spliced,unspliced"
5475,55331,CAACCAGACATCAG,cell_92518,53801,"X,spliced,unspliced"
5476,55342,CAACGTGAACGGGA,cell_92530,53801,"X,spliced,unspliced"
5477,55345,CAACTTTGTGAGAA,cell_92534,53801,"X,spliced,unspliced"
5478,55352,CAAGCTGAACGCAT,cell_92542,53801,"X,spliced,unspliced"
5479,55366,CAAGTTCTGTACAC,cell_92558,53801,"X,spliced,unspliced"
5480,55368,CAATAATGATCGGT,cell_92560,53801,"X,spliced,unspliced"
5481,55371,CAATAATGTCTACT,cell_92563,53801,"X,spliced,unspliced"
5482,55380,CAATGGACTGTGAC,cell_92576,53801,"X,spliced,unspliced"
5483,55383,CAATTCTGACCTAG,cell_92580,53801,"X,spliced,unspliced"
5484,55389,CACACCTGCATTGG,cell_92589,53801,"X,spliced,unspliced"
5485,55394,CACAGATGGAAGGC,cell_92596,53801,"X,spliced,unspliced"
5486,55401,CACAGTGAGGAGGT,cell_92605,53801,"X,spliced,unspliced"
5487,55409,CACCACTGCCATAG,cell_92615,53801,"X,spliced,unspliced"
5488,55421,CACCTGACTCATTC,cell_92630,53801,"X,spliced,unspliced"
5489,55429,CACGATGAGAGGAC,cell_92641,53801,"X,spliced,unspliced"
5491,55433,CACGCTACTTGTGG,cell_92647,53801,"X,spliced,unspliced"
5492,55456,CAGACAACTGCAAC,cell_92681,53801,"X,spliced,unspliced"
5493,55461,CAGATCGAGGTATC,cell_92693,53801,"X,spliced,unspliced"
5494,55469,CAGCCTACCGAGAG,cell_92704,53801,"X,spliced,unspliced"
5495,55475,CAGCGTCTACGTAC,cell_92711,53801,"X,spliced,unspliced"
5496,55480,CAGCTAGAAAGCCT,cell_92716,53801,"X,spliced,unspliced"
5497,55483,CAGCTCACTGAGCT,cell_92720,53801,"X,spliced,unspliced"
5498,55493,CAGGTAACTGGCAT,cell_92735,53801,"X,spliced,unspliced"
5499,55506,CAGTTGGAGTGAGG,cell_92750,53801,"X,spliced,unspliced"
5500,55507,CAGTTGGATACTTC,cell_92751,53801,"X,spliced,unspliced"
5501,55510,CAGTTTACTCACGA,cell_92755,53801,"X,spliced,unspliced"
5502,55519,CATACTTGACCTGA,cell_92767,53801,"X,spliced,unspliced"
5503,55534,CATCAGGAGAGCTT,cell_92788,53801,"X,spliced,unspliced"
5504,55544,CATCTCCTAACGAA,cell_92802,53801,"X,spliced,unspliced"
5505,55549,CATGCCACGACTAC,cell_92810,53801,"X,spliced,unspliced"
5506,55565,CATTACACACCTGA,cell_92832,53801,"X,spliced,unspliced"
5507,55572,CATTCCCTATGTGC,cell_92839,53801,"X,spliced,unspliced"
5508,55574,CATTCCCTTTTCGT,cell_92841,53801,"X,spliced,unspliced"
5509,55575,CATTGACTACGGAG,cell_92842,53801,"X,spliced,unspliced"
5510,55587,CATTTCGAAACCTG,cell_92856,53801,"X,spliced,unspliced"
5511,55625,CCACTGACCTTCCG,cell_92900,53801,"X,spliced,unspliced"
5512,55628,CCACTGTGTAGAGA,cell_92905,53801,"X,spliced,unspliced"
5513,55632,CCAGAAACCATACG,cell_92909,53801,"X,spliced,unspliced"
5514,55637,CCAGCACTTGCAGT,cell_92915,53801,"X,spliced,unspliced"
5515,55644,CCAGTCACGCTGTA,cell_92926,53801,"X,spliced,unspliced"
5516,55646,CCAGTCTGCGTCTC,cell_92928,53801,"X,spliced,unspliced"
5517,55651,CCATCCGACATTTC,cell_92939,53801,"X,spliced,unspliced"
5518,55652,CCATCCGAGTGTTG,cell_92940,53801,"X,spliced,unspliced"
5519,55661,CCCAACTGTTGGCA,cell_92950,53801,"X,spliced,unspliced"
5520,55698,CCGACACTTGGGAG,cell_93000,53801,"X,spliced,unspliced"
5521,55702,CCGCGAGATGACTG,cell_93007,53801,"X,spliced,unspliced"
5522,55712,CCGGTACTTTACTC,cell_93018,53801,"X,spliced,unspliced"
5523,55716,CCGTACACCCGAAT,cell_93023,53801,"X,spliced,unspliced"
5524,55730,CCTATAACTGTAGC,cell_93043,53801,"X,spliced,unspliced"
5525,55737,CCTCGAACCCTTAT,cell_93051,53801,"X,spliced,unspliced"
5526,55738,CCTCGAACCTTCCG,cell_93052,53801,"X,spliced,unspliced"
5527,55741,CCTCTACTCTCAGA,cell_93055,53801,"X,spliced,unspliced"
5528,55749,CCTGCAACGCAGTT,cell_93066,53801,"X,spliced,unspliced"
5529,55750,CCTGCAACGTGTTG,cell_93067,53801,"X,spliced,unspliced"
5530,55756,CGAACATGCAATCG,cell_93079,53801,"X,spliced,unspliced"
5531,55758,CGAAGACTAAACAG,cell_93081,53801,"X,spliced,unspliced"
5532,55763,CGAAGGGATTTGCT,cell_93086,53801,"X,spliced,unspliced"
5533,55774,CGACTCACCCCTAC,cell_93103,53801,"X,spliced,unspliced"
5534,55776,CGACTCACGCTATG,cell_93105,53801,"X,spliced,unspliced"
5535,55795,CGAGCGTGGAGCAG,cell_93126,53801,"X,spliced,unspliced"
5536,55801,CGAGGCACCGCCTT,cell_93132,53801,"X,spliced,unspliced"
5537,55815,CGATCAGAGCTACA,cell_93152,53801,"X,spliced,unspliced"
5538,55829,CGCAGGACCAGGAG,cell_93168,53801,"X,spliced,unspliced"
5539,55835,CGCCGAGAACCATG,cell_93178,53801,"X,spliced,unspliced"
5540,55841,CGCGATCTCTGATG,cell_93187,53801,"X,spliced,unspliced"
5541,55850,CGGAATTGGCGATT,cell_93201,53801,"X,spliced,unspliced"
5542,55851,CGGAATTGGCTACA,cell_93202,53801,"X,spliced,unspliced"
5543,55862,CGGAGGCTGTACAC,cell_93213,53801,"X,spliced,unspliced"
5544,55863,CGGAGGCTTCGTAG,cell_93214,53801,"X,spliced,unspliced"
5545,55871,CGGCCAGATCTACT,cell_93226,53801,"X,spliced,unspliced"
5546,55873,CGGCGAACTGGTAC,cell_93228,53801,"X,spliced,unspliced"
5547,55879,CGGGCATGCCATAG,cell_93237,53801,"X,spliced,unspliced"
5548,55886,CGGTACCTCTCGCT,cell_93245,53801,"X,spliced,unspliced"
5549,55891,CGTACAGAAAAGCA,cell_93252,53801,"X,spliced,unspliced"
5550,55904,CGTCCATGAGACTC,cell_93269,53801,"X,spliced,unspliced"
5551,55912,CGTGATGATCTAGG,cell_93283,53801,"X,spliced,unspliced"
5552,55925,CGTTAGGATGGAAA,cell_93299,53801,"X,spliced,unspliced"
5553,55952,CTACCTCTGGACTT,cell_93338,53801,"X,spliced,unspliced"
5554,55955,CTACGCACCTGTTT,cell_93342,53801,"X,spliced,unspliced"
5555,55970,CTAGGTGAACGGGA,cell_93357,53801,"X,spliced,unspliced"
5556,55971,CTAGGTGAGCGTTA,cell_93358,53801,"X,spliced,unspliced"
5557,55977,CTAGTTTGTCCCGT,cell_93366,53801,"X,spliced,unspliced"
5558,55979,CTATAAGATCCCAC,cell_93369,53801,"X,spliced,unspliced"
5559,56005,CTCAGCACGGTTCA,cell_93397,53801,"X,spliced,unspliced"
5560,56020,CTCCTACTAGCGGA,cell_93426,53801,"X,spliced,unspliced"
5561,56024,CTCGAAGACTGAAC,cell_93430,53801,"X,spliced,unspliced"
5562,56028,CTCGACACGAGGCA,cell_93434,53801,"X,spliced,unspliced"
5563,56047,CTGAAGTGAGCATC,cell_93457,53801,"X,spliced,unspliced"
5564,56050,CTGAAGTGGTCTAG,cell_93460,53801,"X,spliced,unspliced"
5565,56051,CTGAAGTGTTCACT,cell_93461,53801,"X,spliced,unspliced"
5566,56066,CTGATTTGTCGATG,cell_93479,53801,"X,spliced,unspliced"
5567,56073,CTGCCAACTGACCA,cell_93487,53801,"X,spliced,unspliced"
5568,56077,CTGCGACTGAATGA,cell_93493,53801,"X,spliced,unspliced"
5569,56082,CTGGATGAAGACTC,cell_93499,53801,"X,spliced,unspliced"
5570,56085,CTGGATGATGTCAG,cell_93502,53801,"X,spliced,unspliced"
5571,56109,CTTCATGATGCTCC,cell_93539,53801,"X,spliced,unspliced"
5572,56116,CTTGATTGACTTTC,cell_93548,53801,"X,spliced,unspliced"
5573,56156,GAACTGTGAGCGGA,cell_93602,53801,"X,spliced,unspliced"
5574,56177,GAAGTCTGAGGAGC,cell_93629,53801,"X,spliced,unspliced"
5575,56188,GAATTAACGCCATA,cell_93646,53801,"X,spliced,unspliced"
5576,56198,GACAGGGAACAGTC,cell_93657,53801,"X,spliced,unspliced"
5577,56206,GACAGTTGTATGGC,cell_93665,53801,"X,spliced,unspliced"
5578,56214,GACCTAGACAAGCT,cell_93675,53801,"X,spliced,unspliced"
5579,56217,GACCTCACGACGAG,cell_93678,53801,"X,spliced,unspliced"
5580,56221,GACCTCTGCCGTTC,cell_93682,53801,"X,spliced,unspliced"
5581,56224,GACGAACTTGCAAC,cell_93685,53801,"X,spliced,unspliced"
5582,56229,GACGCTCTTAAGGA,cell_93694,53801,"X,spliced,unspliced"
5583,56249,GACTGATGTCCAGA,cell_93722,53801,"X,spliced,unspliced"
5584,56257,GAGATAGAGCGTTA,cell_93730,53801,"X,spliced,unspliced"
5585,56274,GAGCGCACTGCATG,cell_93753,53801,"X,spliced,unspliced"
5586,56280,GAGCTCCTAACAGA,cell_93760,53801,"X,spliced,unspliced"
5587,56305,GAGGTTACTCCTAT,cell_93791,53801,"X,spliced,unspliced"
5588,56333,GATAATACATCTTC,cell_93828,53801,"X,spliced,unspliced"
5589,56344,GATATAACTAAGCC,cell_93843,53801,"X,spliced,unspliced"
5590,56346,GATATATGTGGCAT,cell_93847,53801,"X,spliced,unspliced"
5591,56350,GATATCCTTGAACC,cell_93852,53801,"X,spliced,unspliced"
5592,56386,GATTCGGACCGCTT,cell_93897,53801,"X,spliced,unspliced"
5593,56387,GATTCGGATTATCC,cell_93898,53801,"X,spliced,unspliced"
5594,56418,GCAATCGATATTCC,cell_93942,53801,"X,spliced,unspliced"
5595,56426,GCACAATGTTCTAC,cell_93951,53801,"X,spliced,unspliced"
5596,56437,GCACCTTGACGCAT,cell_93963,53801,"X,spliced,unspliced"
5597,56438,GCACCTTGAGATGA,cell_93964,53801,"X,spliced,unspliced"
5598,56453,GCACTGCTGAAAGT,cell_93983,53801,"X,spliced,unspliced"
5599,56463,GCAGCTCTCCGTTC,cell_93998,53801,"X,spliced,unspliced"
5600,56478,GCCAACCTTCGCTC,cell_94019,53801,"X,spliced,unspliced"
5601,56504,GCCTAGCTCCTAAG,cell_94053,53801,"X,spliced,unspliced"
5602,56507,GCCTAGCTTGACAC,cell_94058,53801,"X,spliced,unspliced"
5603,56515,GCCTGACTTCGATG,cell_94067,53801,"X,spliced,unspliced"
5604,56517,GCGAAGGACATTGG,cell_94069,53801,"X,spliced,unspliced"
5605,56525,GCGATATGATCTTC,cell_94081,53801,"X,spliced,unspliced"
5606,56535,GCGGACTGTGGTGT,cell_94097,53801,"X,spliced,unspliced"
5607,56550,GCGTATGATGCATG,cell_94116,53801,"X,spliced,unspliced"
5608,56574,GCTCACTGTGTGAC,cell_94144,53801,"X,spliced,unspliced"
5609,56578,GCTCAGCTCTTACT,cell_94148,53801,"X,spliced,unspliced"
5610,56583,GCTCCATGCTTCCG,cell_94153,53801,"X,spliced,unspliced"
5611,56586,GCTGATGAAAGAGT,cell_94157,53801,"X,spliced,unspliced"
5612,56592,GCTTGAGAGAGGAC,cell_94164,53801,"X,spliced,unspliced"
5613,56600,GGAAGGACAGGCGA,cell_94174,53801,"X,spliced,unspliced"
5614,56602,GGAAGGACTGCTAG,cell_94176,53801,"X,spliced,unspliced"
5615,56606,GGAATCTGGTTGAC,cell_94182,53801,"X,spliced,unspliced"
5616,56611,GGACAGGAAGCCAT,cell_94188,53801,"X,spliced,unspliced"
5617,56647,GGATACTGACTCTT,cell_94242,53801,"X,spliced,unspliced"
5618,56660,GGATTGTGCTTTAC,cell_94258,53801,"X,spliced,unspliced"
5619,56671,GGCCACGAGTACCA,cell_94273,53801,"X,spliced,unspliced"
5620,56673,GGCCAGACGATAGA,cell_94276,53801,"X,spliced,unspliced"
5621,56678,GGCCGAACGTACGT,cell_94282,53801,"X,spliced,unspliced"
5622,56693,GGCGCATGGTAAGA,cell_94302,53801,"X,spliced,unspliced"
5623,56705,GGCTCACTGTGTAC,cell_94318,53801,"X,spliced,unspliced"
5624,56708,GGGAACGATCCCAC,cell_94321,53801,"X,spliced,unspliced"
5625,56717,GGGATGGAACTAGC,cell_94333,53801,"X,spliced,unspliced"
5626,56726,GGGCAGCTAGATCC,cell_94345,53801,"X,spliced,unspliced"
5627,56727,GGGCAGCTGTATCG,cell_94346,53801,"X,spliced,unspliced"
5628,56728,GGGCAGCTGTATGC,cell_94347,53801,"X,spliced,unspliced"
5629,56731,GGGTAACTTGCACA,cell_94351,53801,"X,spliced,unspliced"
5630,56733,GGGTTAACTGTGGT,cell_94354,53801,"X,spliced,unspliced"
5631,56734,GGGTTAACTTTACC,cell_94355,53801,"X,spliced,unspliced"
5632,56750,GGTATCGATCTTCA,cell_94378,53801,"X,spliced,unspliced"
5633,56758,GGTTGAACGTCTGA,cell_94389,53801,"X,spliced,unspliced"
5634,56764,GTAAGCACGTCAAC,cell_94396,53801,"X,spliced,unspliced"
5635,56769,GTAATAACGTTAGC,cell_94402,53801,"X,spliced,unspliced"
5636,56784,GTAGACTGCTCGCT,cell_94420,53801,"X,spliced,unspliced"
5637,56791,GTAGCCCTGGTGGA,cell_94428,53801,"X,spliced,unspliced"
5638,56810,GTATCTACTGCTAG,cell_94452,53801,"X,spliced,unspliced"
5639,56815,GTATTAGAGAAGGC,cell_94458,53801,"X,spliced,unspliced"
5640,56821,GTCAACGATGAAGA,cell_94467,53801,"X,spliced,unspliced"
5641,56823,GTCACAGAGACAGG,cell_94469,53801,"X,spliced,unspliced"
5642,56824,GTCACAGATCGCTC,cell_94470,53801,"X,spliced,unspliced"
5643,56825,GTCACCTGACGGAG,cell_94472,53801,"X,spliced,unspliced"
5644,56836,GTCCACACGACTAC,cell_94487,53801,"X,spliced,unspliced"
5645,56839,GTCCACACGGGTGA,cell_94490,53801,"X,spliced,unspliced"
5646,56843,GTCCAGCTTCTCTA,cell_94495,53801,"X,spliced,unspliced"
5647,56845,GTCCCATGACGGGA,cell_94497,53801,"X,spliced,unspliced"
5648,56851,GTCGACCTTCTTAC,cell_94505,53801,"X,spliced,unspliced"
5649,56854,GTCGCACTCAACCA,cell_94509,53801,"X,spliced,unspliced"
5650,56856,GTCTAACTCACCAA,cell_94512,53801,"X,spliced,unspliced"
5651,56886,GTGCCACTCTTTAC,cell_94550,53801,"X,spliced,unspliced"
5652,56897,GTGGTAACAGCATC,cell_94563,53801,"X,spliced,unspliced"
5653,56916,GTTAACCTCCTTTA,cell_94588,53801,"X,spliced,unspliced"
5654,56923,GTTAGGTGAAGGGC,cell_94599,53801,"X,spliced,unspliced"
5655,56936,GTTCAGGAGATAAG,cell_94618,53801,"X,spliced,unspliced"
5656,56961,GTTTAAGAACACTG,cell_94645,53801,"X,spliced,unspliced"
5657,56972,TAACAATGAACCTG,cell_94664,53801,"X,spliced,unspliced"
5658,56974,TAACAATGCATGCA,cell_94666,53801,"X,spliced,unspliced"
5659,56979,TAACATGATACTCT,cell_94672,53801,"X,spliced,unspliced"
5660,56982,TAACCGGACATGCA,cell_94675,53801,"X,spliced,unspliced"
5661,56986,TAACGTCTGTCCTC,cell_94680,53801,"X,spliced,unspliced"
5662,56987,TAACTCACTCACGA,cell_94683,53801,"X,spliced,unspliced"
5663,56988,TAACTCACTGCGTA,cell_94684,53801,"X,spliced,unspliced"
5664,56989,TAAGAACTGGGATG,cell_94685,53801,"X,spliced,unspliced"
5665,56995,TAAGCTCTAGGAGC,cell_94694,53801,"X,spliced,unspliced"
5666,57034,TACGAGACTTTACC,cell_94741,53801,"X,spliced,unspliced"
5667,57044,TACGCGCTTCCGAA,cell_94754,53801,"X,spliced,unspliced"
5668,57048,TACGGAACAGCAAA,cell_94758,53801,"X,spliced,unspliced"
5669,57054,TACGTTACGGTTAC,cell_94768,53801,"X,spliced,unspliced"
5670,57060,TACTACACTTGACG,cell_94776,53801,"X,spliced,unspliced"
5671,57064,TACTCTGAAATCGC,cell_94785,53801,"X,spliced,unspliced"
5672,57077,TACTTTCTATTCCT,cell_94802,53801,"X,spliced,unspliced"
5673,57085,TAGACGTGGTACGT,cell_94814,53801,"X,spliced,unspliced"
5674,57090,TAGAGCACATCTTC,cell_94819,53801,"X,spliced,unspliced"
5675,57108,TAGCTACTCGAATC,cell_94846,53801,"X,spliced,unspliced"
5676,57109,TAGCTACTGCTTAG,cell_94847,53801,"X,spliced,unspliced"
5678,57118,TAGGCATGTCCCGT,cell_94863,53801,"X,spliced,unspliced"
5679,57119,TAGGCATGTGTTTC,cell_94865,53801,"X,spliced,unspliced"
5680,57120,TAGGCTGAGGTCTA,cell_94867,53801,"X,spliced,unspliced"
5681,57155,TAGTCGGATCCCGT,cell_94909,53801,"X,spliced,unspliced"
5682,57181,TATCAAGACTGGAT,cell_94947,53801,"X,spliced,unspliced"
5683,57191,TATCGACTGTTCGA,cell_94961,53801,"X,spliced,unspliced"
5684,57194,TATCTCGAAAGCAA,cell_94967,53801,"X,spliced,unspliced"
5685,57196,TATCTCGATATTCC,cell_94969,53801,"X,spliced,unspliced"
5686,57207,TATGGGACCGTAGT,cell_94983,53801,"X,spliced,unspliced"
5687,57208,TATGGGACTAAGCC,cell_94985,53801,"X,spliced,unspliced"
5688,57215,TATGTCACCAGAAA,cell_94995,53801,"X,spliced,unspliced"
5689,57239,TCACCCGACGGAGA,cell_95035,53801,"X,spliced,unspliced"
5690,57241,TCACCGTGGCGTTA,cell_95037,53801,"X,spliced,unspliced"
5691,57242,TCACCGTGTCGCAA,cell_95038,53801,"X,spliced,unspliced"
5692,57243,TCACCTCTTATGCG,cell_95040,53801,"X,spliced,unspliced"
5693,57257,TCAGCGCTTAAGGA,cell_95059,53801,"X,spliced,unspliced"
5694,57262,TCAGGATGTAGCGT,cell_95064,53801,"X,spliced,unspliced"
5695,57264,TCAGGATGTGCTTT,cell_95066,53801,"X,spliced,unspliced"
5696,57267,TCAGTGGACTTGAG,cell_95074,53801,"X,spliced,unspliced"
5697,57268,TCAGTTACAACAGA,cell_95075,53801,"X,spliced,unspliced"
5698,57272,TCATCAACAGGTTC,cell_95079,53801,"X,spliced,unspliced"
5699,57277,TCATCCCTCCTACC,cell_95085,53801,"X,spliced,unspliced"
5700,57297,TCCCATCTGTCTGA,cell_95115,53801,"X,spliced,unspliced"
5701,57301,TCCCGATGAAGATG,cell_95120,53801,"X,spliced,unspliced"
5702,57308,TCCGAAGAGAATAG,cell_95129,53801,"X,spliced,unspliced"
5703,57338,TCGCAAGACCGCTT,cell_95167,53801,"X,spliced,unspliced"
5704,57370,TCTACAACTTGAGC,cell_95205,53801,"X,spliced,unspliced"
5705,57374,TCTAGACTCTTGCC,cell_95210,53801,"X,spliced,unspliced"
5706,57382,TCTATGTGGTCTAG,cell_95221,53801,"X,spliced,unspliced"
5707,57386,TCTCAAACTGTTTC,cell_95227,53801,"X,spliced,unspliced"
5708,57402,TCTTCAGAGAAACA,cell_95245,53801,"X,spliced,unspliced"
5709,57414,TGAAGCACGAACCT,cell_95261,53801,"X,spliced,unspliced"
5710,57443,TGAGCAACTAAAGG,cell_95297,53801,"X,spliced,unspliced"
5711,57453,TGAGTGACACCCTC,cell_95310,53801,"X,spliced,unspliced"
5712,57461,TGATCACTGGATTC,cell_95324,53801,"X,spliced,unspliced"
5713,57485,TGCATGGATGTTCT,cell_95359,53801,"X,spliced,unspliced"
5714,57507,TGCGTAGAAGCTCA,cell_95385,53801,"X,spliced,unspliced"
5715,57513,TGCTAGGAGTGCTA,cell_95393,53801,"X,spliced,unspliced"
5716,57520,TGGAACTGACGTTG,cell_95402,53801,"X,spliced,unspliced"
5717,57527,TGGAAGCTGTCCTC,cell_95409,53801,"X,spliced,unspliced"
5718,57528,TGGAAGCTTCCTCG,cell_95410,53801,"X,spliced,unspliced"
5719,57542,TGGATTCTAAACAG,cell_95427,53801,"X,spliced,unspliced"
5720,57545,TGGATTCTTAGCCA,cell_95430,53801,"X,spliced,unspliced"
5721,57557,TGGTCAGAATGCCA,cell_95447,53801,"X,spliced,unspliced"
5722,57568,TGTAACCTGCTGAT,cell_95460,53801,"X,spliced,unspliced"
5723,57577,TGTATCTGACCCTC,cell_95473,53801,"X,spliced,unspliced"
5724,57585,TGTCAGGAGATAGA,cell_95481,53801,"X,spliced,unspliced"
5725,57591,TGTGAGTGTGCATG,cell_95489,53801,"X,spliced,unspliced"
5726,57592,TGTGAGTGTTTCGT,cell_95490,53801,"X,spliced,unspliced"
5727,57593,TGTGATCTTAGAAG,cell_95492,53801,"X,spliced,unspliced"
5728,57597,TGTTACACAAACAG,cell_95497,53801,"X,spliced,unspliced"
5729,57604,TTACAGCTTAGCGT,cell_95505,53801,"X,spliced,unspliced"
5730,57605,TTACCATGAGGGTG,cell_95506,53801,"X,spliced,unspliced"
5731,57606,TTACCATGGGAACG,cell_95507,53801,"X,spliced,unspliced"
5732,57607,TTACCATGTATGGC,cell_95508,53801,"X,spliced,unspliced"
5733,57618,TTAGAATGTGTGGT,cell_95523,53801,"X,spliced,unspliced"
5734,57623,TTAGACCTTCGTTT,cell_95530,53801,"X,spliced,unspliced"
5736,57636,TTAGTCACCCCACT,cell_95547,53801,"X,spliced,unspliced"
5737,57642,TTATCCGACTGTGA,cell_95557,53801,"X,spliced,unspliced"
5738,57664,TTCACAACCTCAAG,cell_95585,53801,"X,spliced,unspliced"
5739,57696,TTCCCACTTTGCGA,cell_95619,53801,"X,spliced,unspliced"
5740,57705,TTCGTATGGGAGTG,cell_95631,53801,"X,spliced,unspliced"
5741,57707,TTCTAGTGCGTTAG,cell_95633,53801,"X,spliced,unspliced"
5742,57708,TTCTCAGAAAAAGC,cell_95634,53801,"X,spliced,unspliced"
5743,57735,TTGGAGTGCTGATG,cell_95672,53801,"X,spliced,unspliced"
5744,57747,TTTAGCTGCACTTT,cell_95693,53801,"X,spliced,unspliced"
5745,57749,TTTAGCTGTGTCGA,cell_95695,53801,"X,spliced,unspliced"
5746,57764,TTTCCAGAGTTGCA,cell_95712,53801,"X,spliced,unspliced"
5747,57766,TTTCGAACGGACGA,cell_95714,53801,"X,spliced,unspliced"
5748,57776,TTTGCATGTTATCC,cell_95726,53801,"X,spliced,unspliced"
5749,57789,AAACGCACTCAGGT,cell_95744,53801,"X,spliced,unspliced"
5750,57801,AAACTTGACACTAG,cell_95758,53801,"X,spliced,unspliced"
5751,57803,AAAGACGAGAGCTT,cell_95760,53801,"X,spliced,unspliced"
5752,57817,AAAGCCTGGTGCAT,cell_95777,53801,"X,spliced,unspliced"
5753,57841,AAATCATGTGTGAC,cell_95806,53801,"X,spliced,unspliced"
5754,57849,AAATCTGATGCGTA,cell_95815,53801,"X,spliced,unspliced"
5755,57856,AAATTCGAAGGCGA,cell_95822,53801,"X,spliced,unspliced"
5756,57857,AAATTCGAATTCCT,cell_95823,53801,"X,spliced,unspliced"
5757,57863,AAATTGACACCTCC,cell_95830,53801,"X,spliced,unspliced"
5758,57868,AACAAACTCCTAAG,cell_95836,53801,"X,spliced,unspliced"
5759,57877,AACACGTGCCGTAA,cell_95847,53801,"X,spliced,unspliced"
5760,57882,AACACTCTCTTCGC,cell_95852,53801,"X,spliced,unspliced"
5761,57883,AACACTCTGGAGCA,cell_95853,53801,"X,spliced,unspliced"
5762,57901,AACATTGACACTAG,cell_95873,53801,"X,spliced,unspliced"
5763,57907,AACCACGACTGGAT,cell_95879,53801,"X,spliced,unspliced"
5764,57916,AACCAGTGTTTCGT,cell_95888,53801,"X,spliced,unspliced"
5765,57924,AACCGCCTCCAACA,cell_95898,53801,"X,spliced,unspliced"
5766,57943,AACGCATGTGACTG,cell_95921,53801,"X,spliced,unspliced"
5767,57957,AACGTCGACATGGT,cell_95937,53801,"X,spliced,unspliced"
5768,57958,AACGTCGACCTTGC,cell_95938,53801,"X,spliced,unspliced"
5769,57959,AACGTCGACTTGAG,cell_95939,53801,"X,spliced,unspliced"
5770,57972,AACTCACTTCATTC,cell_95957,53801,"X,spliced,unspliced"
5771,57989,AAGAAGACCCCTAC,cell_95981,53801,"X,spliced,unspliced"
5772,57994,AAGAATCTCTATTC,cell_95987,53801,"X,spliced,unspliced"
5773,57998,AAGACAGAGGAGGT,cell_95991,53801,"X,spliced,unspliced"
5774,58011,AAGATTACTTTGGG,cell_96005,53801,"X,spliced,unspliced"
5775,58019,AAGCCAACCTAAGC,cell_96016,53801,"X,spliced,unspliced"
5776,58035,AAGCGACTTTGCAG,cell_96037,53801,"X,spliced,unspliced"
5777,58052,AAGGTCACAGGTTC,cell_96057,53801,"X,spliced,unspliced"
5778,58059,AAGTAACTAGATGA,cell_96067,53801,"X,spliced,unspliced"
5779,58078,AAGTGCACGAGGGT,cell_96090,53801,"X,spliced,unspliced"
5780,58090,AATAAGCTACCAGT,cell_96104,53801,"X,spliced,unspliced"
5781,58127,AATCGGTGCTCCCA,cell_96152,53801,"X,spliced,unspliced"
5782,58136,AATCTCACAGAATG,cell_96164,53801,"X,spliced,unspliced"
5783,58139,AATCTCTGCCTGAA,cell_96169,53801,"X,spliced,unspliced"
5784,58147,AATGATACCAACCA,cell_96179,53801,"X,spliced,unspliced"
5785,58153,AATGCGTGAACCTG,cell_96185,53801,"X,spliced,unspliced"
5786,58166,AATGGCTGGTCTGA,cell_96201,53801,"X,spliced,unspliced"
5787,58185,AATTCCTGCTAAGC,cell_96226,53801,"X,spliced,unspliced"
5788,58186,AATTCCTGGCTCCT,cell_96227,53801,"X,spliced,unspliced"
5789,58205,ACAAATTGTTACTC,cell_96251,53801,"X,spliced,unspliced"
5790,58209,ACAACCGACTTAGG,cell_96255,53801,"X,spliced,unspliced"
5791,58234,ACACAGACGTTCGA,cell_96287,53801,"X,spliced,unspliced"
5792,58235,ACACATCTAACAGA,cell_96288,53801,"X,spliced,unspliced"
5793,58252,ACAGACACCTACGA,cell_96308,53801,"X,spliced,unspliced"
5794,58259,ACAGGTACACTCTT,cell_96315,53801,"X,spliced,unspliced"
5795,58264,ACAGTCGATAGCCA,cell_96321,53801,"X,spliced,unspliced"
5796,58272,ACAGTGTGGTTCGA,cell_96330,53801,"X,spliced,unspliced"
5797,58274,ACAGTTCTAACCAC,cell_96332,53801,"X,spliced,unspliced"
5798,58287,ACATGGTGCTCGCT,cell_96345,53801,"X,spliced,unspliced"
5799,58292,ACATTCTGCCCACT,cell_96350,53801,"X,spliced,unspliced"
5800,58307,ACCACCTGCGGGAA,cell_96367,53801,"X,spliced,unspliced"
5801,58324,ACCAGTGATAGTCG,cell_96387,53801,"X,spliced,unspliced"
5802,58332,ACCATTTGGAGCAG,cell_96398,53801,"X,spliced,unspliced"
5804,58348,ACCCGTTGCGCATA,cell_96415,53801,"X,spliced,unspliced"
5805,58349,ACCCGTTGGTCTGA,cell_96416,53801,"X,spliced,unspliced"
5806,58357,ACCGCGGAGATAGA,cell_96427,53801,"X,spliced,unspliced"
5807,58377,ACCTGAGATAACGC,cell_96452,53801,"X,spliced,unspliced"
5808,58379,ACCTGAGATTCGTT,cell_96454,53801,"X,spliced,unspliced"
5809,58383,ACCTGGCTTGAACC,cell_96459,53801,"X,spliced,unspliced"
5810,58396,ACGAAGCTCCTTCG,cell_96475,53801,"X,spliced,unspliced"
5811,58399,ACGACAACCGTTAG,cell_96480,53801,"X,spliced,unspliced"
5812,58405,ACGACCCTTGTCCC,cell_96487,53801,"X,spliced,unspliced"
5813,58407,ACGAGGGATCTTAC,cell_96489,53801,"X,spliced,unspliced"
5814,58435,ACGCCGGACCCTTG,cell_96522,53801,"X,spliced,unspliced"
5815,58436,ACGCCGGACCTAAG,cell_96523,53801,"X,spliced,unspliced"
5816,58441,ACGCCGGAGGTGTT,cell_96528,53801,"X,spliced,unspliced"
5817,58460,ACGGAACTACCCAA,cell_96549,53801,"X,spliced,unspliced"
5818,58465,ACGGAGGAGGAGGT,cell_96554,53801,"X,spliced,unspliced"
5819,58468,ACGGATTGCGTAGT,cell_96558,53801,"X,spliced,unspliced"
5820,58483,ACGGTAACGTTACG,cell_96578,53801,"X,spliced,unspliced"
5821,58494,ACGGTCCTGTTAGC,cell_96592,53801,"X,spliced,unspliced"
5822,58499,ACGTCAGACCGCTT,cell_96598,53801,"X,spliced,unspliced"
5823,58519,ACGTTGGATGTCTT,cell_96627,53801,"X,spliced,unspliced"
5824,58520,ACTAAAACGAATGA,cell_96628,53801,"X,spliced,unspliced"
5825,58527,ACTACTACAACCAC,cell_96636,53801,"X,spliced,unspliced"
5826,58528,ACTACTACAGCTAC,cell_96637,53801,"X,spliced,unspliced"
5827,58529,ACTACTACCTCAAG,cell_96638,53801,"X,spliced,unspliced"
5828,58538,ACTATCACCTTACT,cell_96649,53801,"X,spliced,unspliced"
5829,58542,ACTCAGGAATCTTC,cell_96653,53801,"X,spliced,unspliced"
5830,58554,ACTCGAGACATACG,cell_96668,53801,"X,spliced,unspliced"
5831,58562,ACTCGCACCTTGAG,cell_96676,53801,"X,spliced,unspliced"
5832,58570,ACTCTATGGGCGAA,cell_96684,53801,"X,spliced,unspliced"
5833,58573,ACTCTATGTGATGC,cell_96687,53801,"X,spliced,unspliced"
5834,58601,ACTTAAGACATTCT,cell_96720,53801,"X,spliced,unspliced"
5835,58608,ACTTCCCTGTAGCT,cell_96729,53801,"X,spliced,unspliced"
5836,58622,ACTTGGGAATACCG,cell_96746,53801,"X,spliced,unspliced"
5837,58625,ACTTGGGAGTAAAG,cell_96750,53801,"X,spliced,unspliced"
5838,58630,AGAAACGACCGCTT,cell_96759,53801,"X,spliced,unspliced"
5839,58635,AGAACGCTGTGTCA,cell_96765,53801,"X,spliced,unspliced"
5840,58642,AGAATGGACTGCTC,cell_96776,53801,"X,spliced,unspliced"
5841,58647,AGAATGGATGTTCT,cell_96781,53801,"X,spliced,unspliced"
5842,58649,AGAATTTGCCTTTA,cell_96783,53801,"X,spliced,unspliced"
5843,58654,AGACACTGTTTCAC,cell_96790,53801,"X,spliced,unspliced"
5844,58673,AGACTGACCGCATA,cell_96816,53801,"X,spliced,unspliced"
5845,58675,AGACTTCTAAAACG,cell_96818,53801,"X,spliced,unspliced"
5846,58678,AGACTTCTCTGTAG,cell_96822,53801,"X,spliced,unspliced"
5847,58680,AGAGAAACCTGCAA,cell_96826,53801,"X,spliced,unspliced"
5848,58690,AGAGAATGTAGAAG,cell_96836,53801,"X,spliced,unspliced"
5849,58691,AGAGAATGTCTCTA,cell_96837,53801,"X,spliced,unspliced"
5851,58696,AGAGATGAGTAAAG,cell_96845,53801,"X,spliced,unspliced"
5852,58698,AGAGATGATTCCCG,cell_96847,53801,"X,spliced,unspliced"
5853,58709,AGAGGTCTACCTGA,cell_96860,53801,"X,spliced,unspliced"
5854,58725,AGAGTCTGATCTTC,cell_96880,53801,"X,spliced,unspliced"
5855,58744,AGATCTCTCGTTAG,cell_96906,53801,"X,spliced,unspliced"
5856,58758,AGCAACACCCTTTA,cell_96923,53801,"X,spliced,unspliced"
5857,58765,AGCACAACAGGTTC,cell_96930,53801,"X,spliced,unspliced"
5858,58769,AGCACAACCTGCAA,cell_96935,53801,"X,spliced,unspliced"
5859,58783,AGCATCGATCGTAG,cell_96952,53801,"X,spliced,unspliced"
5860,58813,AGCCTCTGACCTCC,cell_96990,53801,"X,spliced,unspliced"
5861,58816,AGCCTCTGTCTCAT,cell_96993,53801,"X,spliced,unspliced"
5862,58820,AGCGAACTCTTCTA,cell_96997,53801,"X,spliced,unspliced"
5863,58824,AGCGATACGCTGTA,cell_97002,53801,"X,spliced,unspliced"
5864,58828,AGCGATTGGTTTCT,cell_97006,53801,"X,spliced,unspliced"
5865,58851,AGCGGGCTTCTCCG,cell_97035,53801,"X,spliced,unspliced"
5866,58870,AGCTTTACCCGAAT,cell_97059,53801,"X,spliced,unspliced"
5867,58907,AGGCAGGATTTCTG,cell_97109,53801,"X,spliced,unspliced"
5868,58915,AGGCTAACTCGCTC,cell_97121,53801,"X,spliced,unspliced"
5869,58917,AGGCTAACTGGAAA,cell_97123,53801,"X,spliced,unspliced"
5870,58925,AGGGCCTGTCTATC,cell_97135,53801,"X,spliced,unspliced"
5871,58940,AGGTACACCGTTGA,cell_97153,53801,"X,spliced,unspliced"
5872,58945,AGGTACTGAGCTCA,cell_97159,53801,"X,spliced,unspliced"
5873,58946,AGGTACTGCATTGG,cell_97160,53801,"X,spliced,unspliced"
5874,58976,AGGTTCGACTCCCA,cell_97192,53801,"X,spliced,unspliced"
5875,58977,AGGTTCGAGACGTT,cell_97193,53801,"X,spliced,unspliced"
5876,58978,AGGTTCGATTCAGG,cell_97194,53801,"X,spliced,unspliced"
5877,58983,AGGTTGTGGACGAG,cell_97199,53801,"X,spliced,unspliced"
5878,58985,AGGTTGTGTGTGGT,cell_97201,53801,"X,spliced,unspliced"
5879,58986,AGGTTGTGTTGCTT,cell_97202,53801,"X,spliced,unspliced"
5880,58994,AGTAATTGATCGAC,cell_97212,53801,"X,spliced,unspliced"
5881,59006,AGTACTCTTATCTC,cell_97228,53801,"X,spliced,unspliced"
5882,59012,AGTATAACAAGGCG,cell_97237,53801,"X,spliced,unspliced"
5883,59014,AGTATAACGGGAGT,cell_97240,53801,"X,spliced,unspliced"
5884,59028,AGTCAGACTTCCGC,cell_97256,53801,"X,spliced,unspliced"
5885,59034,AGTCGCCTCTACCC,cell_97264,53801,"X,spliced,unspliced"
5886,59036,AGTCTACTGTGTCA,cell_97266,53801,"X,spliced,unspliced"
5887,59039,AGTCTTACATGTCG,cell_97269,53801,"X,spliced,unspliced"
5888,59062,AGTTAAACTCGTGA,cell_97298,53801,"X,spliced,unspliced"
5889,59070,AGTTCTTGACACAC,cell_97309,53801,"X,spliced,unspliced"
5890,59093,ATAAACACCTCTAT,cell_97337,53801,"X,spliced,unspliced"
5891,59119,ATAATGACACGGGA,cell_97373,53801,"X,spliced,unspliced"
5892,59131,ATACACCTCCTTCG,cell_97389,53801,"X,spliced,unspliced"
5893,59151,ATACGTCTTCCGAA,cell_97410,53801,"X,spliced,unspliced"
5894,59152,ATACGTCTTTTGGG,cell_97411,53801,"X,spliced,unspliced"
5895,59153,ATACTCTGAAGATG,cell_97412,53801,"X,spliced,unspliced"
5896,59156,ATACTCTGGTGTCA,cell_97416,53801,"X,spliced,unspliced"
5897,59164,ATAGATTGCCATAG,cell_97425,53801,"X,spliced,unspliced"
5898,59173,ATAGCGTGGAGCTT,cell_97435,53801,"X,spliced,unspliced"
5899,59195,ATAGTTGACTGACA,cell_97463,53801,"X,spliced,unspliced"
5900,59204,ATATAGTGGTATGC,cell_97476,53801,"X,spliced,unspliced"
5901,59207,ATATGAACGAACTC,cell_97479,53801,"X,spliced,unspliced"
5902,59219,ATCAACCTGCTAAC,cell_97492,53801,"X,spliced,unspliced"
5903,59223,ATCACACTTAAAGG,cell_97498,53801,"X,spliced,unspliced"
5904,59227,ATCACTACTCCAGA,cell_97504,53801,"X,spliced,unspliced"
5905,59238,ATCATCTGGGAAGC,cell_97519,53801,"X,spliced,unspliced"
5906,59243,ATCATGCTAGTCTG,cell_97524,53801,"X,spliced,unspliced"
5907,59255,ATCCAGGAGTGCTA,cell_97536,53801,"X,spliced,unspliced"
5908,59256,ATCCAGGATAACCG,cell_97537,53801,"X,spliced,unspliced"
5909,59258,ATCCATACAGCAAA,cell_97539,53801,"X,spliced,unspliced"
5910,59266,ATCCCGTGTTGTCT,cell_97551,53801,"X,spliced,unspliced"
5911,59269,ATCCTAACCCTACC,cell_97556,53801,"X,spliced,unspliced"
5912,59271,ATCGACGACTTGGA,cell_97559,53801,"X,spliced,unspliced"
5913,59286,ATCGCCTGTCCTCG,cell_97577,53801,"X,spliced,unspliced"
5914,59291,ATCGCGCTGCATCA,cell_97582,53801,"X,spliced,unspliced"
5915,59307,ATCTACACTGGTCA,cell_97603,53801,"X,spliced,unspliced"
5916,59308,ATCTACTGAAAGTG,cell_97604,53801,"X,spliced,unspliced"
5917,59315,ATCTGACTGATAAG,cell_97614,53801,"X,spliced,unspliced"
5918,59344,ATGAAGGAGTTGGT,cell_97649,53801,"X,spliced,unspliced"
5919,59364,ATGCACGATCTCGC,cell_97673,53801,"X,spliced,unspliced"
5920,59366,ATGCAGACGTAAGA,cell_97675,53801,"X,spliced,unspliced"
5921,59367,ATGCAGACTCTCGC,cell_97676,53801,"X,spliced,unspliced"
5922,59368,ATGCAGACTTGCGA,cell_97677,53801,"X,spliced,unspliced"
5923,59369,ATGCAGTGATTGGC,cell_97679,53801,"X,spliced,unspliced"
5924,59383,ATGCGATGTCTTTG,cell_97698,53801,"X,spliced,unspliced"
5925,59391,ATGGGTACCTGTGA,cell_97710,53801,"X,spliced,unspliced"
5926,59392,ATGGGTACGAGGTG,cell_97711,53801,"X,spliced,unspliced"
5927,59401,ATGTAAACGAGATA,cell_97722,53801,"X,spliced,unspliced"
5928,59405,ATGTACCTTGCCAA,cell_97726,53801,"X,spliced,unspliced"
5929,59409,ATGTCGGATCGTGA,cell_97730,53801,"X,spliced,unspliced"
5930,59410,ATGTCGGATCGTTT,cell_97731,53801,"X,spliced,unspliced"
5931,59411,ATGTTAGAACTGGT,cell_97733,53801,"X,spliced,unspliced"
5932,59412,ATGTTAGACCACCT,cell_97734,53801,"X,spliced,unspliced"
5933,59417,ATGTTCACTCCTCG,cell_97741,53801,"X,spliced,unspliced"
5934,59419,ATGTTGCTACACAC,cell_97743,53801,"X,spliced,unspliced"
5935,59433,ATTACCTGTATGCG,cell_97759,53801,"X,spliced,unspliced"
5936,59440,ATTAGTGAATCGAC,cell_97767,53801,"X,spliced,unspliced"
5937,59450,ATTCCAACGATAGA,cell_97781,53801,"X,spliced,unspliced"
5938,59461,ATTCGGGACTTACT,cell_97793,53801,"X,spliced,unspliced"
5939,59462,ATTCGGGACTTCTA,cell_97794,53801,"X,spliced,unspliced"
5940,59485,ATTGCGGATCGCCT,cell_97826,53801,"X,spliced,unspliced"
5941,59492,ATTGCTTGGCGTAT,cell_97833,53801,"X,spliced,unspliced"
5942,59501,ATTGGTCTGCTACA,cell_97842,53801,"X,spliced,unspliced"
5943,59513,ATTTAGGACCCACT,cell_97860,53801,"X,spliced,unspliced"
5944,59521,ATTTCGTGTGATGC,cell_97871,53801,"X,spliced,unspliced"
5945,59544,CAACAGACGTTGTG,cell_97898,53801,"X,spliced,unspliced"
5946,59547,CAACCAGAACTAGC,cell_97902,53801,"X,spliced,unspliced"
5947,59571,CAAGAAGAAAGTGA,cell_97933,53801,"X,spliced,unspliced"
5948,59581,CAAGACTGACTACG,cell_97945,53801,"X,spliced,unspliced"
5949,59582,CAAGACTGCGGGAA,cell_97946,53801,"X,spliced,unspliced"
5950,59589,CAAGCATGTAAAGG,cell_97955,53801,"X,spliced,unspliced"
5951,59591,CAAGCCCTATGCTG,cell_97957,53801,"X,spliced,unspliced"
5952,59633,CAATGGACACACAC,cell_98009,53801,"X,spliced,unspliced"
5953,59645,CAATTCTGTGCGTA,cell_98021,53801,"X,spliced,unspliced"
5954,59651,CACAACGATGTCCC,cell_98028,53801,"X,spliced,unspliced"
5955,59661,CACAGATGAAGCAA,cell_98039,53801,"X,spliced,unspliced"
5956,59669,CACAGCCTAAAACG,cell_98047,53801,"X,spliced,unspliced"
5957,59692,CACCCATGACCGAT,cell_98073,53801,"X,spliced,unspliced"
5958,59693,CACCCATGCCAGTA,cell_98074,53801,"X,spliced,unspliced"
5959,59718,CACGCTACCACTAG,cell_98113,53801,"X,spliced,unspliced"
5960,59727,CACTAACTAAAACG,cell_98126,53801,"X,spliced,unspliced"
5961,59738,CACTATACAAGGGC,cell_98140,53801,"X,spliced,unspliced"
5962,59749,CACTCTCTGGTCAT,cell_98152,53801,"X,spliced,unspliced"
5963,59757,CACTGCTGTAGCGT,cell_98163,53801,"X,spliced,unspliced"
5964,59768,CACTTTGATGCAAC,cell_98177,53801,"X,spliced,unspliced"
5965,59769,CACTTTGATTCCAT,cell_98178,53801,"X,spliced,unspliced"
5966,59772,CAGAAGCTCTGAAC,cell_98182,53801,"X,spliced,unspliced"
5968,59788,CAGAGGGACCGAAT,cell_98200,53801,"X,spliced,unspliced"
5969,59789,CAGAGGGAGGACGA,cell_98201,53801,"X,spliced,unspliced"
5970,59798,CAGATCGATAACCG,cell_98213,53801,"X,spliced,unspliced"
5971,59803,CAGATGACCCTGTC,cell_98218,53801,"X,spliced,unspliced"
5972,59848,CAGCTAGAGGTAAA,cell_98269,53801,"X,spliced,unspliced"
5973,59851,CAGCTCACGGCGAA,cell_98272,53801,"X,spliced,unspliced"
5974,59861,CAGGAACTTCTGGA,cell_98283,53801,"X,spliced,unspliced"
5975,59892,CAGTGTGAGAATCC,cell_98323,53801,"X,spliced,unspliced"
5976,59894,CAGTGTGATTGTGG,cell_98325,53801,"X,spliced,unspliced"
5977,59895,CAGTTACTAGAGTA,cell_98326,53801,"X,spliced,unspliced"
5978,59904,CAGTTTACAAAGCA,cell_98338,53801,"X,spliced,unspliced"
5979,59912,CATAAATGCTCGCT,cell_98351,53801,"X,spliced,unspliced"
5980,59928,CATAGTCTCGCAAT,cell_98369,53801,"X,spliced,unspliced"
5981,59930,CATAGTCTTGTCCC,cell_98373,53801,"X,spliced,unspliced"
5982,59931,CATAGTCTTTCCGC,cell_98374,53801,"X,spliced,unspliced"
5983,59952,CATCGGCTAGTGTC,cell_98401,53801,"X,spliced,unspliced"
5984,59964,CATGAGACAAGATG,cell_98415,53801,"X,spliced,unspliced"
5985,59965,CATGAGACGCAGAG,cell_98416,53801,"X,spliced,unspliced"
5986,59991,CATGTTACGCTGTA,cell_98445,53801,"X,spliced,unspliced"
5988,60015,CATTCCCTTCTTAC,cell_98471,53801,"X,spliced,unspliced"
5989,60017,CATTGACTGTCGTA,cell_98473,53801,"X,spliced,unspliced"
5990,60029,CATTTCGATTATCC,cell_98491,53801,"X,spliced,unspliced"
5991,60031,CATTTGACAGCGTT,cell_98493,53801,"X,spliced,unspliced"
5992,60037,CCAAAGTGAACGAA,cell_98501,53801,"X,spliced,unspliced"
5993,60049,CCAAGTGAGGTCTA,cell_98516,53801,"X,spliced,unspliced"
5994,60051,CCAATGGAATCTCT,cell_98518,53801,"X,spliced,unspliced"
5995,60053,CCAATGGAGAAACA,cell_98520,53801,"X,spliced,unspliced"
5996,60066,CCACCTGATGAAGA,cell_98537,53801,"X,spliced,unspliced"
5997,60077,CCACTGACAGAGGC,cell_98548,53801,"X,spliced,unspliced"
5998,60078,CCACTGACCTCTAT,cell_98551,53801,"X,spliced,unspliced"
5999,60079,CCACTGACGAACCT,cell_98552,53801,"X,spliced,unspliced"
6000,60085,CCAGAAACACAGTC,cell_98559,53801,"X,spliced,unspliced"
6001,60095,CCAGACCTAGAATG,cell_98569,53801,"X,spliced,unspliced"
6002,60110,CCAGCACTGTTTCT,cell_98589,53801,"X,spliced,unspliced"
6003,60113,CCAGCGGAGCAGTT,cell_98592,53801,"X,spliced,unspliced"
6004,60121,CCAGTCACTCACGA,cell_98606,53801,"X,spliced,unspliced"
6005,60124,CCAGTCTGGCAGTT,cell_98609,53801,"X,spliced,unspliced"
6006,60145,CCATCCGAGTGTAC,cell_98636,53801,"X,spliced,unspliced"
6007,60153,CCATGCTGCTGCAA,cell_98645,53801,"X,spliced,unspliced"
6008,60161,CCCAAAGAACGGGA,cell_98655,53801,"X,spliced,unspliced"
6009,60177,CCCAGACTATGCTG,cell_98674,53801,"X,spliced,unspliced"
6010,60178,CCCAGACTGCCATA,cell_98676,53801,"X,spliced,unspliced"
6011,60188,CCCATCGACAGTCA,cell_98686,53801,"X,spliced,unspliced"
6012,60189,CCCATCGACCACCT,cell_98687,53801,"X,spliced,unspliced"
6013,60205,CCCGGAGAGCTCCT,cell_98706,53801,"X,spliced,unspliced"
6014,60207,CCCTACGAGATGAA,cell_98708,53801,"X,spliced,unspliced"
6015,60215,CCCTAGTGTGCAAC,cell_98717,53801,"X,spliced,unspliced"
6016,60225,CCCTGATGAGGAGC,cell_98727,53801,"X,spliced,unspliced"
6017,60237,CCGAAAACTAGCGT,cell_98742,53801,"X,spliced,unspliced"
6018,60244,CCGACTACAATCGC,cell_98749,53801,"X,spliced,unspliced"
6019,60254,CCGATAGAGCTGAT,cell_98762,53801,"X,spliced,unspliced"
6020,60259,CCGCTATGACCTAG,cell_98768,53801,"X,spliced,unspliced"
6021,60271,CCGGAGTGATCAGC,cell_98782,53801,"X,spliced,unspliced"
6022,60275,CCGTAAGAAACAGA,cell_98787,53801,"X,spliced,unspliced"
6023,60278,CCGTAAGACTGCAA,cell_98790,53801,"X,spliced,unspliced"
6024,60280,CCGTAAGATGACAC,cell_98793,53801,"X,spliced,unspliced"
6025,60302,CCTAGAGACATGCA,cell_98820,53801,"X,spliced,unspliced"
6026,60304,CCTAGAGATTTGCT,cell_98822,53801,"X,spliced,unspliced"
6027,60306,CCTATAACCTCTTA,cell_98825,53801,"X,spliced,unspliced"
6028,60310,CCTATTGACGTTGA,cell_98831,53801,"X,spliced,unspliced"
6029,60321,CCTCTACTATTCGG,cell_98846,53801,"X,spliced,unspliced"
6030,60328,CCTGAGCTGTTACG,cell_98855,53801,"X,spliced,unspliced"
6031,60331,CCTGCAACAGAGAT,cell_98858,53801,"X,spliced,unspliced"
6032,60344,CCTTAATGTCGTGA,cell_98871,53801,"X,spliced,unspliced"
6033,60351,CGAAGACTAGTAGA,cell_98883,53801,"X,spliced,unspliced"
6034,60352,CGAAGACTCGAGAG,cell_98884,53801,"X,spliced,unspliced"
6035,60364,CGAATCGATGCCTC,cell_98900,53801,"X,spliced,unspliced"
6036,60365,CGACAAACAACAGA,cell_98901,53801,"X,spliced,unspliced"
6037,60374,CGACCGGAAGTGTC,cell_98911,53801,"X,spliced,unspliced"
6038,60377,CGACCTACATCGAC,cell_98915,53801,"X,spliced,unspliced"
6039,60379,CGACCTTGCGTTGA,cell_98917,53801,"X,spliced,unspliced"
6040,60392,CGACTCACACGTTG,cell_98931,53801,"X,spliced,unspliced"
6041,60396,CGACTCACGATGAA,cell_98935,53801,"X,spliced,unspliced"
6042,60399,CGACTCACTCGTTT,cell_98938,53801,"X,spliced,unspliced"
6043,60401,CGACTCTGAGGAGC,cell_98940,53801,"X,spliced,unspliced"
6044,60402,CGACTCTGCTGAGT,cell_98941,53801,"X,spliced,unspliced"
6045,60408,CGAGAACTTCTCGC,cell_98948,53801,"X,spliced,unspliced"
6046,60416,CGAGCCGATTGCTT,cell_98957,53801,"X,spliced,unspliced"
6047,60424,CGAGGAGAGTTGGT,cell_98967,53801,"X,spliced,unspliced"
6048,60428,CGAGGCACCTTCGC,cell_98971,53801,"X,spliced,unspliced"
6049,60447,CGATACGAGCGAGA,cell_98991,53801,"X,spliced,unspliced"
6050,60448,CGATACGAGTGTTG,cell_98993,53801,"X,spliced,unspliced"
6051,60450,CGATAGACATGACC,cell_98995,53801,"X,spliced,unspliced"
6052,60454,CGATAGACGTCATG,cell_98999,53801,"X,spliced,unspliced"
6053,60455,CGATAGACTACTCT,cell_99000,53801,"X,spliced,unspliced"
6054,60456,CGATAGACTGTGAC,cell_99002,53801,"X,spliced,unspliced"
6055,60459,CGATCAGAGAACTC,cell_99006,53801,"X,spliced,unspliced"
6056,60484,CGCACTACCTGTTT,cell_99034,53801,"X,spliced,unspliced"
6057,60489,CGCACTTGTCCTCG,cell_99039,53801,"X,spliced,unspliced"
6058,60499,CGCATAGACTGGAT,cell_99051,53801,"X,spliced,unspliced"
6059,60502,CGCATAGATCTGGA,cell_99054,53801,"X,spliced,unspliced"
6060,60529,CGCGGATGCATGAC,cell_99087,53801,"X,spliced,unspliced"
6061,60530,CGCGGATGCCATAG,cell_99088,53801,"X,spliced,unspliced"
6062,60534,CGCTAAGAGCTGTA,cell_99092,53801,"X,spliced,unspliced"
6063,60536,CGCTAAGATCAGGT,cell_99094,53801,"X,spliced,unspliced"
6064,60541,CGCTACACGGTACT,cell_99101,53801,"X,spliced,unspliced"
6065,60542,CGCTACACGGTCAT,cell_99102,53801,"X,spliced,unspliced"
6066,60550,CGCTCATGCGCATA,cell_99112,53801,"X,spliced,unspliced"
6067,60554,CGGAATTGTAGAGA,cell_99118,53801,"X,spliced,unspliced"
6068,60555,CGGAATTGTTGGTG,cell_99119,53801,"X,spliced,unspliced"
6069,60560,CGGACCGATCCAAG,cell_99126,53801,"X,spliced,unspliced"
6070,60574,CGGCACGAGGGAGT,cell_99146,53801,"X,spliced,unspliced"
6071,60579,CGGCCAGAGTTTCT,cell_99151,53801,"X,spliced,unspliced"
6072,60582,CGGCGAACAGTTCG,cell_99155,53801,"X,spliced,unspliced"
6073,60584,CGGCGAACCTCCAC,cell_99157,53801,"X,spliced,unspliced"
6074,60611,CGTACAGACTTAGG,cell_99192,53801,"X,spliced,unspliced"
6075,60613,CGTACAGATGTCTT,cell_99195,53801,"X,spliced,unspliced"
6076,60630,CGTCAAGATGACTG,cell_99214,53801,"X,spliced,unspliced"
6077,60635,CGTCCAACGCAGAG,cell_99221,53801,"X,spliced,unspliced"
6078,60639,CGTCCATGCTCGCT,cell_99225,53801,"X,spliced,unspliced"
6079,60651,CGTGAATGTAGCCA,cell_99240,53801,"X,spliced,unspliced"
6080,60659,CGTGCACTTGTCGA,cell_99251,53801,"X,spliced,unspliced"
6081,60674,CGTTATACCTTGCC,cell_99272,53801,"X,spliced,unspliced"
6082,60686,CTAACGGATGCACA,cell_99285,53801,"X,spliced,unspliced"
6083,60692,CTAACTACGCAAGG,cell_99292,53801,"X,spliced,unspliced"
6084,60696,CTAAGGACGCGATT,cell_99296,53801,"X,spliced,unspliced"
6085,60715,CTAATGCTTGAGCT,cell_99317,53801,"X,spliced,unspliced"
6086,60735,CTACTATGTCCTGC,cell_99341,53801,"X,spliced,unspliced"
6087,60741,CTAGAGACAGAAGT,cell_99348,53801,"X,spliced,unspliced"
6088,60757,CTAGGTGACTCATT,cell_99370,53801,"X,spliced,unspliced"
6089,60762,CTAGTTACGGTATC,cell_99376,53801,"X,spliced,unspliced"
6090,60775,CTATAAGAAGTCAC,cell_99392,53801,"X,spliced,unspliced"
6091,60778,CTATAAGAGTTGGT,cell_99395,53801,"X,spliced,unspliced"
6092,60783,CTATACTGGTTGTG,cell_99401,53801,"X,spliced,unspliced"
6093,60785,CTATAGCTACTGGT,cell_99403,53801,"X,spliced,unspliced"
6094,60800,CTATCCCTCTCTTA,cell_99421,53801,"X,spliced,unspliced"
6095,60820,CTATTGTGCACCAA,cell_99445,53801,"X,spliced,unspliced"
6096,60859,CTCCATCTTAGCCA,cell_99487,53801,"X,spliced,unspliced"
6097,60864,CTCCGAACTACAGC,cell_99494,53801,"X,spliced,unspliced"
6098,60865,CTCCTACTACCCTC,cell_99496,53801,"X,spliced,unspliced"
6099,60870,CTCCTACTTAGACC,cell_99503,53801,"X,spliced,unspliced"
6100,60887,CTCTAATGTGGTCA,cell_99533,53801,"X,spliced,unspliced"
6101,60891,CTGAACGATCTTCA,cell_99538,53801,"X,spliced,unspliced"
6102,60901,CTGAAGTGTACGCA,cell_99549,53801,"X,spliced,unspliced"
6103,60911,CTGACCACCACTTT,cell_99560,53801,"X,spliced,unspliced"
6104,60942,CTGCCAACTGTCGA,cell_99601,53801,"X,spliced,unspliced"
6105,60969,CTTAAGCTCTGAAC,cell_99636,53801,"X,spliced,unspliced"
6106,60985,CTTACTGACTGCTC,cell_99654,53801,"X,spliced,unspliced"
6107,61007,CTTCACCTTTCGTT,cell_99682,53801,"X,spliced,unspliced"
6108,61010,CTTCATGAGAATGA,cell_99685,53801,"X,spliced,unspliced"
6109,61015,CTTGAACTACACGT,cell_99692,53801,"X,spliced,unspliced"
6110,61018,CTTGAACTAGAGGC,cell_99695,53801,"X,spliced,unspliced"
6111,61040,CTTTAGACAAGGGC,cell_99721,53801,"X,spliced,unspliced"
6112,61043,CTTTAGACTGTCTT,cell_99724,53801,"X,spliced,unspliced"
6113,61044,CTTTAGTGCACTGA,cell_99725,53801,"X,spliced,unspliced"
6114,61048,CTTTCAGATACTTC,cell_99731,53801,"X,spliced,unspliced"
6115,61056,GAAACAGACCAGTA,cell_99742,53801,"X,spliced,unspliced"
6116,61058,GAAACAGACTCCAC,cell_99744,53801,"X,spliced,unspliced"
6117,61059,GAAACCTGCCGTAA,cell_99746,53801,"X,spliced,unspliced"
6118,61080,GAACCTGACACTCC,cell_99772,53801,"X,spliced,unspliced"
6119,61113,GAAGCTTGACTACG,cell_99809,53801,"X,spliced,unspliced"
6120,61115,GAAGCTTGGGTGTT,cell_99812,53801,"X,spliced,unspliced"
6121,61116,GAAGCTTGGTTGTG,cell_99813,53801,"X,spliced,unspliced"
6122,61120,GAAGGGTGCCGCTT,cell_99817,53801,"X,spliced,unspliced"
6123,61122,GAAGGGTGGGTCAT,cell_99819,53801,"X,spliced,unspliced"
6124,61125,GAAGGTCTCACACA,cell_99822,53801,"X,spliced,unspliced"
6125,61126,GAAGGTCTCCGAAT,cell_99823,53801,"X,spliced,unspliced"
6126,61131,GAAGGTCTTGGATC,cell_99829,53801,"X,spliced,unspliced"
6127,61154,GAATGGCTGCCTTC,cell_99860,53801,"X,spliced,unspliced"
6128,61171,GACAGGGATACTCT,cell_99884,53801,"X,spliced,unspliced"
6129,61178,GACAGTTGTTCACT,cell_99894,53801,"X,spliced,unspliced"
6130,61208,GACCTCTGAGCTAC,cell_99927,53801,"X,spliced,unspliced"
6131,61229,GACGGCACCCATAG,cell_99956,53801,"X,spliced,unspliced"
6132,61230,GACGGCACGACAAA,cell_99957,53801,"X,spliced,unspliced"
6133,61236,GACGTAACTATTCC,cell_99964,53801,"X,spliced,unspliced"
6134,61252,GACTACGAGCTCCT,cell_99983,53801,"X,spliced,unspliced"
6135,61265,GACTGAACTCCCGT,cell_99997,53801,"X,spliced,unspliced"
6136,61273,GACTGTGAGGACAG,cell_100006,53801,"X,spliced,unspliced"
6137,61281,GACTTTACTGGATC,cell_100015,53801,"X,spliced,unspliced"
6138,61286,GAGAAATGCCACAA,cell_100020,53801,"X,spliced,unspliced"
6139,61303,GAGATGCTCTGTAG,cell_100040,53801,"X,spliced,unspliced"
6140,61310,GAGCATACCCATAG,cell_100052,53801,"X,spliced,unspliced"
6141,61333,GAGGACGAACGTGT,cell_100082,53801,"X,spliced,unspliced"
6142,61337,GAGGATCTGTAAAG,cell_100090,53801,"X,spliced,unspliced"
6143,61338,GAGGATCTTACGAC,cell_100092,53801,"X,spliced,unspliced"
6144,61341,GAGGCAGAACGTGT,cell_100095,53801,"X,spliced,unspliced"
6146,61351,GAGGCCACTAGAGA,cell_100105,53801,"X,spliced,unspliced"
6147,61362,GAGGGTGACCGATA,cell_100119,53801,"X,spliced,unspliced"
6148,61368,GAGGTACTAGAGAT,cell_100126,53801,"X,spliced,unspliced"
6149,61394,GAGTCAACCTCCAC,cell_100157,53801,"X,spliced,unspliced"
6150,61408,GAGTGGGAAAGGTA,cell_100171,53801,"X,spliced,unspliced"
6151,61423,GATAAGGATATTCC,cell_100190,53801,"X,spliced,unspliced"
6152,61435,GATAGAGAGTGTAC,cell_100204,53801,"X,spliced,unspliced"
6153,61442,GATATAACGCCATA,cell_100212,53801,"X,spliced,unspliced"
6154,61451,GATATCCTCGCTAA,cell_100224,53801,"X,spliced,unspliced"
6155,61452,GATATCCTCGTGTA,cell_100225,53801,"X,spliced,unspliced"
6156,61457,GATATTGACTCTCG,cell_100232,53801,"X,spliced,unspliced"
6157,61473,GATCGATGAGAGAT,cell_100253,53801,"X,spliced,unspliced"
6158,61474,GATCGATGATCGTG,cell_100254,53801,"X,spliced,unspliced"
6159,61478,GATCGATGTGCTCC,cell_100258,53801,"X,spliced,unspliced"
6160,61479,GATCGATGTGTCGA,cell_100259,53801,"X,spliced,unspliced"
6161,61492,GATCTTTGCAGAGG,cell_100276,53801,"X,spliced,unspliced"
6162,61495,GATGACACAAAAGC,cell_100279,53801,"X,spliced,unspliced"
6163,61498,GATGACACGTTACG,cell_100282,53801,"X,spliced,unspliced"
6164,61502,GATGCATGACAGTC,cell_100287,53801,"X,spliced,unspliced"
6165,61507,GATGCCCTAGGAGC,cell_100294,53801,"X,spliced,unspliced"
6166,61511,GATTACCTAAGCCT,cell_100298,53801,"X,spliced,unspliced"
6167,61534,GATTGGTGAAAAGC,cell_100327,53801,"X,spliced,unspliced"
6168,61538,GATTGGTGCTGACA,cell_100331,53801,"X,spliced,unspliced"
6169,61561,GCACAAACAGCAAA,cell_100361,53801,"X,spliced,unspliced"
6170,61563,GCACAAACCGTAGT,cell_100363,53801,"X,spliced,unspliced"
6171,61565,GCACAAACTCCGAA,cell_100366,53801,"X,spliced,unspliced"
6172,61579,GCACCACTGTCACA,cell_100382,53801,"X,spliced,unspliced"
6173,61580,GCACCTACAACCTG,cell_100383,53801,"X,spliced,unspliced"
6175,61593,GCACGGTGATTGGC,cell_100399,53801,"X,spliced,unspliced"
6176,61606,GCACTGCTCCTCAC,cell_100417,53801,"X,spliced,unspliced"
6177,61610,GCAGATACACGGGA,cell_100422,53801,"X,spliced,unspliced"
6178,61611,GCAGATACAGTAGA,cell_100423,53801,"X,spliced,unspliced"
6179,61621,GCAGCGTGCTCAAG,cell_100434,53801,"X,spliced,unspliced"
6180,61633,GCAGTCCTTATGGC,cell_100449,53801,"X,spliced,unspliced"
6181,61665,GCCAACCTTACTGG,cell_100486,53801,"X,spliced,unspliced"
6182,61680,GCCACTACTTGAGC,cell_100506,53801,"X,spliced,unspliced"
6183,61686,GCCCAACTCGGAGA,cell_100513,53801,"X,spliced,unspliced"
6184,61691,GCCCAGGACCAGTA,cell_100519,53801,"X,spliced,unspliced"
6185,61701,GCCGACGATCAGTG,cell_100532,53801,"X,spliced,unspliced"
6186,61702,GCCGAGTGGCGAGA,cell_100534,53801,"X,spliced,unspliced"
6187,61703,GCCGAGTGTCACCC,cell_100535,53801,"X,spliced,unspliced"
6188,61706,GCCGGAACGTTACG,cell_100538,53801,"X,spliced,unspliced"
6189,61732,GCCTGACTATGTGC,cell_100572,53801,"X,spliced,unspliced"
6190,61757,GCGCACGAACACGT,cell_100597,53801,"X,spliced,unspliced"
6191,61758,GCGCACGACAGCTA,cell_100598,53801,"X,spliced,unspliced"
6192,61769,GCGCGATGGATACC,cell_100612,53801,"X,spliced,unspliced"
6193,61787,GCGTAAACAAGGGC,cell_100639,53801,"X,spliced,unspliced"
6194,61799,GCGTATGAACCTCC,cell_100654,53801,"X,spliced,unspliced"
6195,61804,GCTACAGAGTTGTG,cell_100663,53801,"X,spliced,unspliced"
6196,61806,GCTACCTGCACTTT,cell_100666,53801,"X,spliced,unspliced"
6197,61822,GCTAGATGTGAGAA,cell_100684,53801,"X,spliced,unspliced"
6198,61823,GCTATACTAAACGA,cell_100685,53801,"X,spliced,unspliced"
6199,61830,GCTCAAGAGGATTC,cell_100693,53801,"X,spliced,unspliced"
6200,61855,GGAACACTGGAAAT,cell_100726,53801,"X,spliced,unspliced"
6201,61856,GGAACTACAACCAC,cell_100728,53801,"X,spliced,unspliced"
6202,61875,GGAATCTGGTCTAG,cell_100750,53801,"X,spliced,unspliced"
6203,61878,GGAATGCTCTTGGA,cell_100755,53801,"X,spliced,unspliced"
6204,61881,GGACAACTGCAAGG,cell_100760,53801,"X,spliced,unspliced"
6205,61896,GGACCCGACACTCC,cell_100780,53801,"X,spliced,unspliced"
6206,61902,GGACCGTGTCAGGT,cell_100786,53801,"X,spliced,unspliced"
6207,61906,GGACCTCTCTTAGG,cell_100790,53801,"X,spliced,unspliced"
6208,61913,GGACGAGATGTTTC,cell_100797,53801,"X,spliced,unspliced"
6209,61921,GGACTATGCTGGAT,cell_100807,53801,"X,spliced,unspliced"
6210,61925,GGAGACGACGAACT,cell_100812,53801,"X,spliced,unspliced"
6211,61933,GGAGGATGCCTTGC,cell_100825,53801,"X,spliced,unspliced"
6212,61943,GGAGTTACGTTGAC,cell_100838,53801,"X,spliced,unspliced"
6213,61954,GGATGTTGGTATCG,cell_100854,53801,"X,spliced,unspliced"
6214,61956,GGATGTTGTTGCGA,cell_100856,53801,"X,spliced,unspliced"
6215,61962,GGATTGTGTCATTC,cell_100863,53801,"X,spliced,unspliced"
6216,61965,GGATTTCTAATCGC,cell_100866,53801,"X,spliced,unspliced"
6217,61966,GGATTTCTACGTAC,cell_100867,53801,"X,spliced,unspliced"
6218,61975,GGCAAGGATTAGGC,cell_100880,53801,"X,spliced,unspliced"
6219,61982,GGCACGTGCGACTA,cell_100889,53801,"X,spliced,unspliced"
6220,61985,GGCACGTGTTCGGA,cell_100894,53801,"X,spliced,unspliced"
6221,61990,GGCATATGCGCTAA,cell_100901,53801,"X,spliced,unspliced"
6222,61995,GGCCACGAGTCTGA,cell_100907,53801,"X,spliced,unspliced"
6223,62002,GGCCAGACGGCAAG,cell_100914,53801,"X,spliced,unspliced"
6224,62009,GGCCGATGGAGACG,cell_100922,53801,"X,spliced,unspliced"
6225,62013,GGCCGATGTGTCGA,cell_100927,53801,"X,spliced,unspliced"
6226,62014,GGCGACACGTGTAC,cell_100930,53801,"X,spliced,unspliced"
6227,62032,GGCTACCTTCGTGA,cell_100952,53801,"X,spliced,unspliced"
6228,62036,GGCTCACTCTCATT,cell_100958,53801,"X,spliced,unspliced"
6229,62045,GGGAAGACACGGGA,cell_100968,53801,"X,spliced,unspliced"
6230,62047,GGGAAGACATGTGC,cell_100971,53801,"X,spliced,unspliced"
6231,62050,GGGAAGTGAGAACA,cell_100974,53801,"X,spliced,unspliced"
6232,62059,GGGACCACCAGTCA,cell_100984,53801,"X,spliced,unspliced"
6233,62088,GGGCAGCTAACCTG,cell_101019,53801,"X,spliced,unspliced"
6234,62091,GGGCAGCTTTTGCT,cell_101023,53801,"X,spliced,unspliced"
6235,62092,GGGCCAACAGTACC,cell_101024,53801,"X,spliced,unspliced"
6236,62094,GGGCCAACGAGACG,cell_101027,53801,"X,spliced,unspliced"
6237,62100,GGGCCATGTTGGTG,cell_101036,53801,"X,spliced,unspliced"
6238,62109,GGGTTATGATGTCG,cell_101047,53801,"X,spliced,unspliced"
6239,62111,GGGTTATGGTATGC,cell_101049,53801,"X,spliced,unspliced"
6240,62117,GGTACAACACCTGA,cell_101057,53801,"X,spliced,unspliced"
6241,62131,GGTAGTACCGAGTT,cell_101075,53801,"X,spliced,unspliced"
6242,62133,GGTAGTACCTGGAT,cell_101077,53801,"X,spliced,unspliced"
6243,62142,GGTCTAGAAATGCC,cell_101086,53801,"X,spliced,unspliced"
6244,62146,GGTCTAGAGGGCAA,cell_101091,53801,"X,spliced,unspliced"
6245,62156,GGTGATACCCAATG,cell_101102,53801,"X,spliced,unspliced"
6246,62158,GGTTGAACAGTGCT,cell_101106,53801,"X,spliced,unspliced"
6247,62176,GTAAGCTGTGACTG,cell_101126,53801,"X,spliced,unspliced"
6248,62182,GTAATATGTACGCA,cell_101134,53801,"X,spliced,unspliced"
6249,62194,GTACCCTGGAGCTT,cell_101148,53801,"X,spliced,unspliced"
6250,62200,GTACGAACCCTCAC,cell_101156,53801,"X,spliced,unspliced"
6251,62210,GTACTACTAGTACC,cell_101167,53801,"X,spliced,unspliced"
6252,62220,GTAGACTGGGTCAT,cell_101179,53801,"X,spliced,unspliced"
6253,62251,GTAGTGTGGGACAG,cell_101218,53801,"X,spliced,unspliced"
6254,62253,GTAGTGTGTTGTGG,cell_101220,53801,"X,spliced,unspliced"
6255,62269,GTATTAGACCTTGC,cell_101237,53801,"X,spliced,unspliced"
6256,62275,GTATTCACTGCTAG,cell_101244,53801,"X,spliced,unspliced"
6257,62279,GTCAATCTCATACG,cell_101248,53801,"X,spliced,unspliced"
6258,62280,GTCAATCTCTACTT,cell_101250,53801,"X,spliced,unspliced"
6260,62291,GTCATACTTGTAGC,cell_101263,53801,"X,spliced,unspliced"
6261,62313,GTCCAGCTTTTCAC,cell_101291,53801,"X,spliced,unspliced"
6262,62316,GTCCCATGTTTCTG,cell_101295,53801,"X,spliced,unspliced"
6263,62329,GTCGCACTCTGTGA,cell_101310,53801,"X,spliced,unspliced"
6264,62345,GTGACCCTGTGTTG,cell_101333,53801,"X,spliced,unspliced"
6265,62346,GTGACCCTTAAGCC,cell_101334,53801,"X,spliced,unspliced"
6266,62365,GTGATGACTCCTAT,cell_101356,53801,"X,spliced,unspliced"
6267,62367,GTGATTCTACTACG,cell_101358,53801,"X,spliced,unspliced"
6268,62378,GTGCCACTGAATGA,cell_101371,53801,"X,spliced,unspliced"
6269,62390,GTGGATTGCGTCTC,cell_101386,53801,"X,spliced,unspliced"
6270,62405,GTGTATCTTGCCAA,cell_101404,53801,"X,spliced,unspliced"
6271,62406,GTGTGATGTCCTCG,cell_101407,53801,"X,spliced,unspliced"
6272,62407,GTGTGATGTTGTGG,cell_101408,53801,"X,spliced,unspliced"
6273,62424,GTTACTACTTCCGC,cell_101428,53801,"X,spliced,unspliced"
6274,62468,GTTGATCTTTTACC,cell_101482,53801,"X,spliced,unspliced"
6275,62474,GTTGTACTCAACCA,cell_101488,53801,"X,spliced,unspliced"
6276,62484,GTTTAAGATTCTCA,cell_101499,53801,"X,spliced,unspliced"
6277,62495,TAAATCGATGAGAA,cell_101513,53801,"X,spliced,unspliced"
6278,62497,TAAATCGATTACTC,cell_101516,53801,"X,spliced,unspliced"
6279,62514,TAACATGAGCCATA,cell_101537,53801,"X,spliced,unspliced"
6280,62516,TAACATGATCAGAC,cell_101541,53801,"X,spliced,unspliced"
6281,62517,TAACATGATTATCC,cell_101542,53801,"X,spliced,unspliced"
6282,62518,TAACCGGAGCGGAA,cell_101543,53801,"X,spliced,unspliced"
6283,62520,TAACCGGAGTTACG,cell_101545,53801,"X,spliced,unspliced"
6284,62535,TAAGAACTTTCACT,cell_101563,53801,"X,spliced,unspliced"
6285,62556,TAAGCGTGCTTATC,cell_101589,53801,"X,spliced,unspliced"
6286,62561,TAAGGCTGACGACT,cell_101594,53801,"X,spliced,unspliced"
6287,62567,TAAGTAACCTTCGC,cell_101602,53801,"X,spliced,unspliced"
6288,62568,TAAGTAACGAAACA,cell_101603,53801,"X,spliced,unspliced"
6289,62571,TAAGTAACTGAACC,cell_101606,53801,"X,spliced,unspliced"
6290,62582,TAATGATGAAAGTG,cell_101620,53801,"X,spliced,unspliced"
6291,62588,TAATGCCTGAGACG,cell_101626,53801,"X,spliced,unspliced"
6292,62590,TAATGCCTTGACTG,cell_101628,53801,"X,spliced,unspliced"
6293,62611,TACCATTGATTTCC,cell_101654,53801,"X,spliced,unspliced"
6294,62616,TACCATTGTTTGCT,cell_101659,53801,"X,spliced,unspliced"
6295,62619,TACCGCTGACGGTT,cell_101664,53801,"X,spliced,unspliced"
6296,62620,TACCGCTGAGTGTC,cell_101665,53801,"X,spliced,unspliced"
6297,62644,TACGCAGAGCGTAT,cell_101698,53801,"X,spliced,unspliced"
6298,62654,TACGCGCTTAGCCA,cell_101710,53801,"X,spliced,unspliced"
6299,62670,TACTAAGATCCAAG,cell_101729,53801,"X,spliced,unspliced"
6300,62677,TACTACTGCCGTAA,cell_101737,53801,"X,spliced,unspliced"
6301,62685,TACTCAACAGTAGA,cell_101745,53801,"X,spliced,unspliced"
6302,62707,TAGAAACTTGCAAC,cell_101776,53801,"X,spliced,unspliced"
6303,62715,TAGACGTGCAGTTG,cell_101786,53801,"X,spliced,unspliced"
6304,62719,TAGAGAGACCTTCG,cell_101790,53801,"X,spliced,unspliced"
6305,62725,TAGATCCTGGTATC,cell_101799,53801,"X,spliced,unspliced"
6306,62734,TAGCCCACCACTGA,cell_101809,53801,"X,spliced,unspliced"
6307,62749,TAGCGATGAGCAAA,cell_101827,53801,"X,spliced,unspliced"
6308,62751,TAGCGATGGAATGA,cell_101829,53801,"X,spliced,unspliced"
6309,62758,TAGCTACTTTCAGG,cell_101836,53801,"X,spliced,unspliced"
6310,62761,TAGGACTGTGATGC,cell_101840,53801,"X,spliced,unspliced"
6311,62778,TAGGCTGAAGCCAT,cell_101859,53801,"X,spliced,unspliced"
6312,62788,TAGGTCGAGACAAA,cell_101870,53801,"X,spliced,unspliced"
6313,62797,TAGGTGTGGTTCTT,cell_101880,53801,"X,spliced,unspliced"
6314,62801,TAGTAAACATCGAC,cell_101885,53801,"X,spliced,unspliced"
6315,62807,TAGTACCTAGGTCT,cell_101893,53801,"X,spliced,unspliced"
6316,62808,TAGTACCTAGTCTG,cell_101894,53801,"X,spliced,unspliced"
6317,62828,TAGTCTTGAGCAAA,cell_101916,53801,"X,spliced,unspliced"
6318,62829,TAGTCTTGGAATAG,cell_101917,53801,"X,spliced,unspliced"
6319,62838,TAGTTAGACTTGCC,cell_101929,53801,"X,spliced,unspliced"
6320,62853,TATAAGACCCTCGT,cell_101944,53801,"X,spliced,unspliced"
6321,62854,TATAAGACGAACTC,cell_101945,53801,"X,spliced,unspliced"
6322,62882,TATAGCCTCACTCC,cell_101978,53801,"X,spliced,unspliced"
6323,62886,TATCAAGAAAGTAG,cell_101982,53801,"X,spliced,unspliced"
6324,62891,TATCACTGCAAAGA,cell_101989,53801,"X,spliced,unspliced"
6325,62892,TATCACTGCTCTAT,cell_101990,53801,"X,spliced,unspliced"
6326,62906,TATCCTGAGCTGAT,cell_102008,53801,"X,spliced,unspliced"
6327,62910,TATCGTACAGAGTA,cell_102014,53801,"X,spliced,unspliced"
6328,62912,TATCGTACCTCGCT,cell_102017,53801,"X,spliced,unspliced"
6329,62913,TATCGTACGAAACA,cell_102018,53801,"X,spliced,unspliced"
6330,62919,TATCTGACCGTACA,cell_102024,53801,"X,spliced,unspliced"
6331,62921,TATCTGACTGTTTC,cell_102026,53801,"X,spliced,unspliced"
6332,62925,TATCTTCTCTCAGA,cell_102030,53801,"X,spliced,unspliced"
6333,62927,TATCTTCTGGTAAA,cell_102032,53801,"X,spliced,unspliced"
6334,62953,TATGTCACCTACCC,cell_102066,53801,"X,spliced,unspliced"
6335,62954,TATGTCACGGAGGT,cell_102067,53801,"X,spliced,unspliced"
6336,62955,TATGTCACTGTTTC,cell_102069,53801,"X,spliced,unspliced"
6337,62993,TCAATCACCTGGTA,cell_102117,53801,"X,spliced,unspliced"
6338,63022,TCAGACGAATCTTC,cell_102154,53801,"X,spliced,unspliced"
6339,63028,TCAGACGATGCTAG,cell_102160,53801,"X,spliced,unspliced"
6340,63045,TCAGTTACAAGCAA,cell_102191,53801,"X,spliced,unspliced"
6341,63053,TCATCATGCTGTAG,cell_102201,53801,"X,spliced,unspliced"
6342,63056,TCATCCCTCTAAGC,cell_102206,53801,"X,spliced,unspliced"
6343,63063,TCATGTACTGCGTA,cell_102217,53801,"X,spliced,unspliced"
6344,63077,TCCACGTGTGGAAA,cell_102235,53801,"X,spliced,unspliced"
6345,63078,TCCACGTGTTCTTG,cell_102236,53801,"X,spliced,unspliced"
6346,63107,TCCCGAACCCTCCA,cell_102270,53801,"X,spliced,unspliced"
6347,63116,TCCCTACTGAATAG,cell_102281,53801,"X,spliced,unspliced"
6348,63117,TCCCTACTGGGATG,cell_102282,53801,"X,spliced,unspliced"
6349,63127,TCCGAGCTCTGTTT,cell_102294,53801,"X,spliced,unspliced"
6350,63132,TCCGGACTAGAATG,cell_102300,53801,"X,spliced,unspliced"
6351,63133,TCCGGACTCATTGG,cell_102301,53801,"X,spliced,unspliced"
6352,63143,TCCTACCTGTGTCA,cell_102315,53801,"X,spliced,unspliced"
6353,63160,TCGAGAACGTCGTA,cell_102338,53801,"X,spliced,unspliced"
6354,63178,TCGCACACTACTCT,cell_102363,53801,"X,spliced,unspliced"
6355,63181,TCGCACTGCACTCC,cell_102368,53801,"X,spliced,unspliced"
6356,63189,TCGCAGCTGCTTAG,cell_102379,53801,"X,spliced,unspliced"
6357,63191,TCGCCATGATTCCT,cell_102381,53801,"X,spliced,unspliced"
6358,63231,TCTAGACTGTGCAT,cell_102431,53801,"X,spliced,unspliced"
6359,63244,TCTCAAACAATGCC,cell_102446,53801,"X,spliced,unspliced"
6360,63246,TCTCAAACATAAGG,cell_102448,53801,"X,spliced,unspliced"
6361,63260,TCTGATACTAAGGA,cell_102464,53801,"X,spliced,unspliced"
6362,63271,TGAAATTGGACGTT,cell_102479,53801,"X,spliced,unspliced"
6363,63282,TGAACCGATTACCT,cell_102492,53801,"X,spliced,unspliced"
6364,63299,TGACCAGAGAATCC,cell_102512,53801,"X,spliced,unspliced"
6365,63301,TGACCAGATACTCT,cell_102515,53801,"X,spliced,unspliced"
6366,63313,TGACGATGGTCGAT,cell_102531,53801,"X,spliced,unspliced"
6367,63316,TGACGCCTAGCCTA,cell_102536,53801,"X,spliced,unspliced"
6368,63330,TGACTTTGCATTTC,cell_102554,53801,"X,spliced,unspliced"
6369,63337,TGAGACACTATGCG,cell_102563,53801,"X,spliced,unspliced"
6370,63361,TGATAAACTCTCTA,cell_102591,53801,"X,spliced,unspliced"
6371,63368,TGATATGATCCAGA,cell_102599,53801,"X,spliced,unspliced"
6372,63371,TGATCACTCCTGAA,cell_102603,53801,"X,spliced,unspliced"
6373,63379,TGATTAGAGTTCGA,cell_102614,53801,"X,spliced,unspliced"
6374,63394,TGCAAGTGTAGTCG,cell_102633,53801,"X,spliced,unspliced"
6375,63395,TGCAAGTGTCCAGA,cell_102634,53801,"X,spliced,unspliced"
6376,63405,TGCAATCTTTGTGG,cell_102646,53801,"X,spliced,unspliced"
6377,63420,TGCAGATGGTCCTC,cell_102665,53801,"X,spliced,unspliced"
6378,63427,TGCATGGATGCTGA,cell_102673,53801,"X,spliced,unspliced"
6379,63431,TGCCAAGATTACCT,cell_102677,53801,"X,spliced,unspliced"
6380,63434,TGCCACTGACACGT,cell_102680,53801,"X,spliced,unspliced"
6381,63437,TGCCACTGCCTTGC,cell_102683,53801,"X,spliced,unspliced"
6382,63447,TGCCGACTGGATCT,cell_102696,53801,"X,spliced,unspliced"
6383,63451,TGCGAAACCCTTCG,cell_102701,53801,"X,spliced,unspliced"
6384,63455,TGCGATGACCTTGC,cell_102705,53801,"X,spliced,unspliced"
6385,63480,TGCTTAACGTAGGG,cell_102737,53801,"X,spliced,unspliced"
6386,63482,TGGAAAGAACTTTC,cell_102739,53801,"X,spliced,unspliced"
6387,63486,TGGAACACTTCGGA,cell_102744,53801,"X,spliced,unspliced"
6388,63488,TGGAACTGAAGTGA,cell_102746,53801,"X,spliced,unspliced"
6389,63490,TGGAACTGGAGGGT,cell_102748,53801,"X,spliced,unspliced"
6390,63491,TGGAAGCTAGATGA,cell_102750,53801,"X,spliced,unspliced"
6391,63495,TGGAAGCTTTCTTG,cell_102756,53801,"X,spliced,unspliced"
6392,63506,TGGAGACTTGGTCA,cell_102769,53801,"X,spliced,unspliced"
6393,63544,TGGTACGAGGAACG,cell_102811,53801,"X,spliced,unspliced"
6394,63551,TGGTAGACGTCATG,cell_102819,53801,"X,spliced,unspliced"
6395,63564,TGGTCAGATTATCC,cell_102836,53801,"X,spliced,unspliced"
6396,63565,TGGTTACTCCATGA,cell_102837,53801,"X,spliced,unspliced"
6397,63567,TGTAAAACGGAGGT,cell_102841,53801,"X,spliced,unspliced"
6398,63570,TGTAACCTAAGCAA,cell_102845,53801,"X,spliced,unspliced"
6399,63611,TGTCTAACGGTTAC,cell_102893,53801,"X,spliced,unspliced"
6400,63624,TGTGAGACACTGGT,cell_102907,53801,"X,spliced,unspliced"
6401,63628,TGTGAGTGAGTACC,cell_102914,53801,"X,spliced,unspliced"
6402,63636,TGTTAAGAGAAACA,cell_102927,53801,"X,spliced,unspliced"
6403,63637,TGTTAAGAGTCTTT,cell_102929,53801,"X,spliced,unspliced"
6404,63638,TGTTAAGATTCGTT,cell_102931,53801,"X,spliced,unspliced"
6405,63640,TGTTACACCTCCCA,cell_102934,53801,"X,spliced,unspliced"
6406,63641,TGTTACACGCGATT,cell_102935,53801,"X,spliced,unspliced"
6407,63677,TTACGTACAGCCAT,cell_102975,53801,"X,spliced,unspliced"
6408,63681,TTACTCGAAGTGTC,cell_102979,53801,"X,spliced,unspliced"
6409,63696,TTAGGGACCGCCTT,cell_102996,53801,"X,spliced,unspliced"
6410,63702,TTAGGTCTAATGCC,cell_103002,53801,"X,spliced,unspliced"
6411,63708,TTAGGTCTCTGAGT,cell_103008,53801,"X,spliced,unspliced"
6412,63710,TTAGGTCTTCATTC,cell_103010,53801,"X,spliced,unspliced"
6413,63728,TTATGCACGACGAG,cell_103033,53801,"X,spliced,unspliced"
6414,63740,TTCAAAGATCCGAA,cell_103047,53801,"X,spliced,unspliced"
6415,63751,TTCACAACGTCAAC,cell_103063,53801,"X,spliced,unspliced"
6416,63754,TTCACCCTCTCTCG,cell_103066,53801,"X,spliced,unspliced"
6417,63761,TTCAGTTGATCTTC,cell_103074,53801,"X,spliced,unspliced"
6418,63786,TTCCATGATGTGGT,cell_103110,53801,"X,spliced,unspliced"
6419,63787,TTCCCACTAACGTC,cell_103111,53801,"X,spliced,unspliced"
6420,63801,TTCGATTGGTCACA,cell_103125,53801,"X,spliced,unspliced"
6422,63832,TTCTTACTCTGGAT,cell_103162,53801,"X,spliced,unspliced"
6423,63838,TTGAATGACTCTCG,cell_103172,53801,"X,spliced,unspliced"
6424,63839,TTGAATGATTGCTT,cell_103174,53801,"X,spliced,unspliced"
6425,63841,TTGACACTACCAAC,cell_103176,53801,"X,spliced,unspliced"
6426,63842,TTGACACTCTAGCA,cell_103177,53801,"X,spliced,unspliced"
6427,63855,TTGATCTGGATGAA,cell_103193,53801,"X,spliced,unspliced"
6428,63856,TTGCATTGGCGGAA,cell_103194,53801,"X,spliced,unspliced"
6430,63863,TTGCTATGAGCGTT,cell_103201,53801,"X,spliced,unspliced"
6431,63879,TTGGGAACAGTCGT,cell_103219,53801,"X,spliced,unspliced"
6432,63892,TTGTACACCCTCGT,cell_103233,53801,"X,spliced,unspliced"
6433,63894,TTGTAGCTAACGAA,cell_103235,53801,"X,spliced,unspliced"
6434,63922,TTTCAGTGCACTAG,cell_103268,53801,"X,spliced,unspliced"
6435,63931,TTTCGAACTGCCCT,cell_103280,53801,"X,spliced,unspliced"
6436,63936,TTTGCATGCACCAA,cell_103288,53801,"X,spliced,unspliced"
6437,63942,TTTGCATGTCCTCG,cell_103294,53801,"X,spliced,unspliced"
6438,68690,TACGAGTGAGAATG,cell_110079,53801,"X,spliced,unspliced"
6439,71831,AAACATTGTCCAAG,cell_114589,53801,"X,spliced,unspliced"
6440,71834,AAACCGTGGTGTTG,cell_114595,53801,"X,spliced,unspliced"
6441,71838,AAACGCTGAAGATG,cell_114600,53801,"X,spliced,unspliced"
6442,71852,AAAGAGACTTGCGA,cell_114617,53801,"X,spliced,unspliced"
6443,71860,AAAGTTTGACACGT,cell_114628,53801,"X,spliced,unspliced"
6444,71861,AAAGTTTGAGCTCA,cell_114629,53801,"X,spliced,unspliced"
6445,71867,AAATCAACGATACC,cell_114638,53801,"X,spliced,unspliced"
6446,71869,AAATCATGCTCTCG,cell_114644,53801,"X,spliced,unspliced"
6447,71873,AAATCCCTTCCTGC,cell_114651,53801,"X,spliced,unspliced"
6448,71877,AAATGTTGTTACCT,cell_114658,53801,"X,spliced,unspliced"
6449,71879,AAATTCGACAACTG,cell_114661,53801,"X,spliced,unspliced"
6450,71880,AAATTCGAGAAGGC,cell_114662,53801,"X,spliced,unspliced"
6451,71890,AACAGAGACTCTAT,cell_114679,53801,"X,spliced,unspliced"
6452,71894,AACATTGAGACGAG,cell_114689,53801,"X,spliced,unspliced"
6453,71897,AACCACGAACACCA,cell_114693,53801,"X,spliced,unspliced"
6454,71900,AACCACGATTCATC,cell_114698,53801,"X,spliced,unspliced"
6455,71909,AACCTACTCCTGTC,cell_114709,53801,"X,spliced,unspliced"
6456,71928,AACGGTTGCGTACA,cell_114738,53801,"X,spliced,unspliced"
6457,71929,AACGGTTGCTATGG,cell_114739,53801,"X,spliced,unspliced"
6458,71934,AACGTGTGCTGTCC,cell_114746,53801,"X,spliced,unspliced"
6459,71942,AACTCACTCCGATA,cell_114759,53801,"X,spliced,unspliced"
6460,71944,AACTCACTGAAGGC,cell_114761,53801,"X,spliced,unspliced"
6461,71945,AACTCGGAAGTGTC,cell_114762,53801,"X,spliced,unspliced"
6462,71947,AACTCGGACCGTTC,cell_114764,53801,"X,spliced,unspliced"
6463,71953,AACTGTCTGTTCAG,cell_114772,53801,"X,spliced,unspliced"
6464,71954,AACTGTCTTCCTAT,cell_114773,53801,"X,spliced,unspliced"
6465,71962,AAGAATCTGAGACG,cell_114781,53801,"X,spliced,unspliced"
6466,71964,AAGACAGACATTCT,cell_114784,53801,"X,spliced,unspliced"
6468,71969,AAGAGATGGGACTT,cell_114789,53801,"X,spliced,unspliced"
6469,71983,AAGCCTGACCGCTT,cell_114811,53801,"X,spliced,unspliced"
6470,71993,AAGGCTACCTGTAG,cell_114828,53801,"X,spliced,unspliced"
6471,71995,AAGGCTACGGTGGA,cell_114831,53801,"X,spliced,unspliced"
6472,72007,AAGTATACGGTAGG,cell_114853,53801,"X,spliced,unspliced"
6473,72009,AAGTCCGACTCGCT,cell_114855,53801,"X,spliced,unspliced"
6474,72014,AAGTGGCTGTACGT,cell_114861,53801,"X,spliced,unspliced"
6475,72019,AAGTTATGTTGACG,cell_114866,53801,"X,spliced,unspliced"
6476,72026,AATACCCTCAATCG,cell_114878,53801,"X,spliced,unspliced"
6477,72032,AATACTGATAACGC,cell_114887,53801,"X,spliced,unspliced"
6478,72036,AATAGGGACTCATT,cell_114891,53801,"X,spliced,unspliced"
6479,72040,AATATCGACAAGCT,cell_114897,53801,"X,spliced,unspliced"
6480,72049,AATCCTACTCCCGT,cell_114908,53801,"X,spliced,unspliced"
6481,72051,AATCCTACTTTGCT,cell_114911,53801,"X,spliced,unspliced"
6482,72060,AATCTCTGGGCAAG,cell_114929,53801,"X,spliced,unspliced"
6483,72063,AATCTCTGTGCAGT,cell_114932,53801,"X,spliced,unspliced"
6484,72065,AATGAGGAGATACC,cell_114937,53801,"X,spliced,unspliced"
6485,72067,AATGATACATACCG,cell_114939,53801,"X,spliced,unspliced"
6486,72076,AATGGCTGCCATGA,cell_114953,53801,"X,spliced,unspliced"
6487,72078,AATGTAACGGGAGT,cell_114957,53801,"X,spliced,unspliced"
6488,72079,AATGTCCTCCTAAG,cell_114958,53801,"X,spliced,unspliced"
6489,72080,AATGTCCTTAAGCC,cell_114959,53801,"X,spliced,unspliced"
6490,72084,AATTACGAGTGTCA,cell_114965,53801,"X,spliced,unspliced"
6491,72093,AATTGATGTTTCTG,cell_114976,53801,"X,spliced,unspliced"
6492,72099,ACAAATTGTGCTCC,cell_114985,53801,"X,spliced,unspliced"
6493,72105,ACAAGCACGCTACA,cell_114993,53801,"X,spliced,unspliced"
6494,72110,ACAATAACTGAACC,cell_114999,53801,"X,spliced,unspliced"
6495,72120,ACACCAGAACTGGT,cell_115014,53801,"X,spliced,unspliced"
6496,72129,ACACCCTGACTCAG,cell_115024,53801,"X,spliced,unspliced"
6497,72133,ACACGAACTTCGTT,cell_115030,53801,"X,spliced,unspliced"
6498,72135,ACACGTGACCAAGT,cell_115033,53801,"X,spliced,unspliced"
6499,72139,ACAGACACGGACGA,cell_115038,53801,"X,spliced,unspliced"
6500,72163,ACCAACGACTTACT,cell_115070,53801,"X,spliced,unspliced"
6501,72168,ACCACAGATTCGGA,cell_115076,53801,"X,spliced,unspliced"
6502,72177,ACCAGCCTGTTGAC,cell_115090,53801,"X,spliced,unspliced"
6503,72183,ACCAGTGATCCTGC,cell_115098,53801,"X,spliced,unspliced"
6504,72184,ACCATTACGATAGA,cell_115100,53801,"X,spliced,unspliced"
6505,72192,ACCCAAGAAAGAGT,cell_115108,53801,"X,spliced,unspliced"
6506,72213,ACCTCGTGACTGGT,cell_115139,53801,"X,spliced,unspliced"
6507,72214,ACCTCGTGAGCGTT,cell_115140,53801,"X,spliced,unspliced"
6508,72218,ACCTGGCTCAGAGG,cell_115148,53801,"X,spliced,unspliced"
6509,72219,ACCTGGCTCGTTGA,cell_115149,53801,"X,spliced,unspliced"
6510,72225,ACGAACTGAGGTCT,cell_115162,53801,"X,spliced,unspliced"
6511,72236,ACGAGGGAGCGTAT,cell_115176,53801,"X,spliced,unspliced"
6512,72238,ACGAGTACGGTAAA,cell_115178,53801,"X,spliced,unspliced"
6513,72242,ACGATCGACCCGTT,cell_115182,53801,"X,spliced,unspliced"
6514,72243,ACGATCGACTATTC,cell_115183,53801,"X,spliced,unspliced"
6515,72257,ACGCCACTTCGCCT,cell_115206,53801,"X,spliced,unspliced"
6516,72259,ACGCCTTGAGTTCG,cell_115213,53801,"X,spliced,unspliced"
6517,72264,ACGCTCACCTTGGA,cell_115219,53801,"X,spliced,unspliced"
6518,72273,ACGGCTCTCAAGCT,cell_115230,53801,"X,spliced,unspliced"
6519,72274,ACGGGAGAACTGGT,cell_115231,53801,"X,spliced,unspliced"
6520,72283,ACGTAGACATTTCC,cell_115242,53801,"X,spliced,unspliced"
6521,72289,ACGTCCTGCCAAGT,cell_115250,53801,"X,spliced,unspliced"
6522,72298,ACGTGCCTTACTTC,cell_115266,53801,"X,spliced,unspliced"
6523,72302,ACGTTGGAAAGGCG,cell_115271,53801,"X,spliced,unspliced"
6524,72306,ACTAAAACATAAGG,cell_115277,53801,"X,spliced,unspliced"
6525,72310,ACTACTACCTGCAA,cell_115284,53801,"X,spliced,unspliced"
6526,72316,ACTATCACCTGCTC,cell_115292,53801,"X,spliced,unspliced"
6527,72333,ACTGAGACTCGCAA,cell_115321,53801,"X,spliced,unspliced"
6528,72340,ACTGCCTGTGATGC,cell_115330,53801,"X,spliced,unspliced"
6529,72344,ACTGGCCTTCAGGT,cell_115336,53801,"X,spliced,unspliced"
6530,72355,ACTTAAGAGCCAAT,cell_115348,53801,"X,spliced,unspliced"
6531,72366,ACTTCCCTGGTAAA,cell_115362,53801,"X,spliced,unspliced"
6532,72370,ACTTCTGAATCGAC,cell_115366,53801,"X,spliced,unspliced"
6533,72374,ACTTGGGAGAACTC,cell_115371,53801,"X,spliced,unspliced"
6534,72375,ACTTGGGAGAATGA,cell_115372,53801,"X,spliced,unspliced"
6535,72380,ACTTGTACGTCAAC,cell_115379,53801,"X,spliced,unspliced"
6536,72383,AGAAACGAGGCATT,cell_115382,53801,"X,spliced,unspliced"
6537,72384,AGAAACGATGGTAC,cell_115383,53801,"X,spliced,unspliced"
6538,72386,AGAAAGTGAGCTCA,cell_115385,53801,"X,spliced,unspliced"
6539,72393,AGAACGCTGCTTCC,cell_115395,53801,"X,spliced,unspliced"
6540,72410,AGACGTACAGCACT,cell_115417,53801,"X,spliced,unspliced"
6541,72424,AGAGATGAGACGGA,cell_115435,53801,"X,spliced,unspliced"
6542,72433,AGAGTCACGTTACG,cell_115447,53801,"X,spliced,unspliced"
6543,72440,AGATCGTGCGTCTC,cell_115458,53801,"X,spliced,unspliced"
6544,72442,AGATCGTGTGCCCT,cell_115460,53801,"X,spliced,unspliced"
6545,72448,AGATTCCTACGGTT,cell_115467,53801,"X,spliced,unspliced"
6547,72451,AGCAAAGAGGGCAA,cell_115473,53801,"X,spliced,unspliced"
6548,72463,AGCACTGACTCTTA,cell_115488,53801,"X,spliced,unspliced"
6549,72464,AGCACTGATCTCCG,cell_115489,53801,"X,spliced,unspliced"
6550,72465,AGCACTGATCTCTA,cell_115490,53801,"X,spliced,unspliced"
6551,72477,AGCATTCTCACTAG,cell_115510,53801,"X,spliced,unspliced"
6552,72480,AGCCAATGAAAACG,cell_115514,53801,"X,spliced,unspliced"
6553,72488,AGCCGGACCCTGAA,cell_115525,53801,"X,spliced,unspliced"
6554,72492,AGCCGGTGGAGGAC,cell_115529,53801,"X,spliced,unspliced"
6555,72507,AGCGATTGCGAGTT,cell_115547,53801,"X,spliced,unspliced"
6556,72515,AGCGGCTGAGCGGA,cell_115560,53801,"X,spliced,unspliced"
6557,72518,AGCGGGCTTGTGCA,cell_115564,53801,"X,spliced,unspliced"
6558,72520,AGCTCGCTAACTGC,cell_115567,53801,"X,spliced,unspliced"
6559,72527,AGCTGCCTGGCAAG,cell_115577,53801,"X,spliced,unspliced"
6560,72529,AGCTGTGACCGAAT,cell_115579,53801,"X,spliced,unspliced"
6561,72533,AGCTGTGATCCTGC,cell_115583,53801,"X,spliced,unspliced"
6562,72534,AGCTGTGATTCCGC,cell_115584,53801,"X,spliced,unspliced"
6563,72545,AGGAACCTTGACCA,cell_115598,53801,"X,spliced,unspliced"
6564,72546,AGGAATGAAAGTAG,cell_115599,53801,"X,spliced,unspliced"
6565,72559,AGGCAACTAGGTCT,cell_115615,53801,"X,spliced,unspliced"
6566,72561,AGGCAACTGGAACG,cell_115618,53801,"X,spliced,unspliced"
6567,72570,AGGGACGAGAATGA,cell_115629,53801,"X,spliced,unspliced"
6568,72573,AGGGAGTGCCGTTC,cell_115636,53801,"X,spliced,unspliced"
6569,72578,AGGGCCTGGGTTAC,cell_115646,53801,"X,spliced,unspliced"
6570,72580,AGGGCCTGTGGTAC,cell_115648,53801,"X,spliced,unspliced"
6571,72588,AGGTACACTAAGCC,cell_115660,53801,"X,spliced,unspliced"
6572,72594,AGGTCATGGGATTC,cell_115670,53801,"X,spliced,unspliced"
6573,72601,AGGTTCGAACGACT,cell_115679,53801,"X,spliced,unspliced"
6574,72605,AGGTTGTGTTGCAG,cell_115684,53801,"X,spliced,unspliced"
6575,72606,AGTAAGGACTCTTA,cell_115685,53801,"X,spliced,unspliced"
6576,72614,AGTAGAGAGGACGA,cell_115698,53801,"X,spliced,unspliced"
6577,72615,AGTAGAGATACGCA,cell_115700,53801,"X,spliced,unspliced"
6578,72617,AGTAGGCTACCGAT,cell_115702,53801,"X,spliced,unspliced"
6579,72618,AGTAGGCTCCGCTT,cell_115703,53801,"X,spliced,unspliced"
6580,72626,AGTCACGAGGGAGT,cell_115713,53801,"X,spliced,unspliced"
6581,72629,AGTCCAGATAAGCC,cell_115718,53801,"X,spliced,unspliced"
6582,72643,AGTGAAGAGGATTC,cell_115737,53801,"X,spliced,unspliced"
6583,72653,AGTGCAACGACGAG,cell_115749,53801,"X,spliced,unspliced"
6584,72666,AGTTGTCTATCTCT,cell_115767,53801,"X,spliced,unspliced"
6585,72671,AGTTTGCTAACGAA,cell_115775,53801,"X,spliced,unspliced"
6586,72684,ATAACATGCCTTAT,cell_115793,53801,"X,spliced,unspliced"
6587,72686,ATAACATGTACTTC,cell_115796,53801,"X,spliced,unspliced"
6588,72687,ATAAGTACGTGTCA,cell_115800,53801,"X,spliced,unspliced"
6589,72697,ATACAATGTCGATG,cell_115818,53801,"X,spliced,unspliced"
6590,72702,ATACCACTGCGATT,cell_115824,53801,"X,spliced,unspliced"
6591,72703,ATACCGGAATGGTC,cell_115826,53801,"X,spliced,unspliced"
6592,72704,ATACCGGACATCAG,cell_115827,53801,"X,spliced,unspliced"
6593,72709,ATACCTTGGAGGTG,cell_115835,53801,"X,spliced,unspliced"
6594,72721,ATAGATACGATAAG,cell_115852,53801,"X,spliced,unspliced"
6595,72724,ATAGATTGCGAGTT,cell_115857,53801,"X,spliced,unspliced"
6596,72730,ATAGGAGACCCGTT,cell_115863,53801,"X,spliced,unspliced"
6597,72731,ATAGGAGAGTTTGG,cell_115865,53801,"X,spliced,unspliced"
6598,72746,ATCACTTGCAAAGA,cell_115892,53801,"X,spliced,unspliced"
6599,72749,ATCACTTGGTCAAC,cell_115896,53801,"X,spliced,unspliced"
6600,72752,ATCAGGTGCTGTGA,cell_115900,53801,"X,spliced,unspliced"
6601,72762,ATCATGCTGTCCTC,cell_115914,53801,"X,spliced,unspliced"
6602,72773,ATCCGCACCTAGTG,cell_115928,53801,"X,spliced,unspliced"
6603,72778,ATCGAGTGACCACA,cell_115936,53801,"X,spliced,unspliced"
6604,72779,ATCGAGTGACTCAG,cell_115937,53801,"X,spliced,unspliced"
6605,72787,ATCGCCTGAGCAAA,cell_115949,53801,"X,spliced,unspliced"
6606,72816,ATCTACTGTTACTC,cell_115984,53801,"X,spliced,unspliced"
6607,72830,ATGACGTGTTTACC,cell_116008,53801,"X,spliced,unspliced"
6608,72842,ATGCACGAGCAGAG,cell_116024,53801,"X,spliced,unspliced"
6609,72847,ATGCAGACTAGACC,cell_116031,53801,"X,spliced,unspliced"
6610,72848,ATGCAGACTGCATG,cell_116032,53801,"X,spliced,unspliced"
6611,72855,ATGCCGCTAGCGGA,cell_116040,53801,"X,spliced,unspliced"
6612,72859,ATGCGATGCGTAAC,cell_116046,53801,"X,spliced,unspliced"
6613,72861,ATGCGATGTCTAGG,cell_116048,53801,"X,spliced,unspliced"
6614,72875,ATGTAAACTATGCG,cell_116071,53801,"X,spliced,unspliced"
6615,72891,ATGTTGCTTCTTAC,cell_116098,53801,"X,spliced,unspliced"
6616,72897,ATTACCACAAGATG,cell_116106,53801,"X,spliced,unspliced"
6617,72899,ATTACCTGAACAGA,cell_116108,53801,"X,spliced,unspliced"
6618,72913,ATTCCAACAAGGCG,cell_116126,53801,"X,spliced,unspliced"
6619,72914,ATTCCAACCTACGA,cell_116128,53801,"X,spliced,unspliced"
6620,72919,ATTCCATGTGATGC,cell_116133,53801,"X,spliced,unspliced"
6621,72920,ATTCGACTAAAGTG,cell_116134,53801,"X,spliced,unspliced"
6622,72923,ATTCGACTAGCGTT,cell_116137,53801,"X,spliced,unspliced"
6623,72925,ATTCGACTATCACG,cell_116139,53801,"X,spliced,unspliced"
6624,72935,ATTGAAACAATCGC,cell_116154,53801,"X,spliced,unspliced"
6625,72936,ATTGAAACAGATGA,cell_116155,53801,"X,spliced,unspliced"
6626,72940,ATTGATGAGTCCTC,cell_116166,53801,"X,spliced,unspliced"
6627,72945,ATTGCTTGCGTTAG,cell_116175,53801,"X,spliced,unspliced"
6628,72947,ATTGCTTGGGAAGC,cell_116177,53801,"X,spliced,unspliced"
6629,72956,ATTTCCGACTGAAC,cell_116190,53801,"X,spliced,unspliced"
6630,72957,ATTTCCGATTTCTG,cell_116191,53801,"X,spliced,unspliced"
6631,72966,CAAAGCTGCGGAGA,cell_116208,53801,"X,spliced,unspliced"
6632,72974,CAAATTGAGGCATT,cell_116219,53801,"X,spliced,unspliced"
6633,72979,CAACAGACGAGGCA,cell_116226,53801,"X,spliced,unspliced"
6634,72982,CAACCAGAAAGTGA,cell_116231,53801,"X,spliced,unspliced"
6635,72983,CAACCAGACTCAGA,cell_116232,53801,"X,spliced,unspliced"
6636,73003,CAAGCCCTGCAGAG,cell_116259,53801,"X,spliced,unspliced"
6637,73008,CAAGGACTGTCGTA,cell_116264,53801,"X,spliced,unspliced"
6638,73013,CAAGTCGAGTGAGG,cell_116275,53801,"X,spliced,unspliced"
6639,73014,CAAGTTCTACGCTA,cell_116279,53801,"X,spliced,unspliced"
6640,73021,CAATCGGAGCCATA,cell_116289,53801,"X,spliced,unspliced"
6641,73044,CACATACTTCCTTA,cell_116327,53801,"X,spliced,unspliced"
6642,73054,CACCGGGAACCCAA,cell_116342,53801,"X,spliced,unspliced"
6643,73057,CACCGGGACGGAGA,cell_116345,53801,"X,spliced,unspliced"
6644,73060,CACCGTACGTGCTA,cell_116352,53801,"X,spliced,unspliced"
6645,73076,CACGGGTGACTTTC,cell_116373,53801,"X,spliced,unspliced"
6646,73078,CACTAACTAACCGT,cell_116375,53801,"X,spliced,unspliced"
6647,73095,CACTGCACCTGATG,cell_116398,53801,"X,spliced,unspliced"
6648,73098,CACTGCTGATCTCT,cell_116402,53801,"X,spliced,unspliced"
6649,73117,CAGAGGGACACACA,cell_116429,53801,"X,spliced,unspliced"
6650,73119,CAGAGGGACTGTAG,cell_116431,53801,"X,spliced,unspliced"
6651,73126,CAGATGACCTGCTC,cell_116440,53801,"X,spliced,unspliced"
6652,73139,CAGCTAGAAATGCC,cell_116466,53801,"X,spliced,unspliced"
6653,73143,CAGCTCACTTCAGG,cell_116471,53801,"X,spliced,unspliced"
6654,73144,CAGCTCTGACGTTG,cell_116472,53801,"X,spliced,unspliced"
6655,73150,CAGCTCTGGTGTCA,cell_116478,53801,"X,spliced,unspliced"
6656,73151,CAGCTCTGTGCTGA,cell_116479,53801,"X,spliced,unspliced"
6657,73153,CAGGAACTCGGGAA,cell_116481,53801,"X,spliced,unspliced"
6658,73157,CAGGCCGACTTTAC,cell_116486,53801,"X,spliced,unspliced"
6659,73165,CAGGTAACGCGTAT,cell_116495,53801,"X,spliced,unspliced"
6660,73172,CAGTCAGAGTATCG,cell_116504,53801,"X,spliced,unspliced"
6661,73173,CAGTCAGATGTTTC,cell_116506,53801,"X,spliced,unspliced"
6662,73186,CATAAATGACACGT,cell_116527,53801,"X,spliced,unspliced"
6663,73195,CATACTACGGGAGT,cell_116537,53801,"X,spliced,unspliced"
6664,73200,CATACTTGCTGTGA,cell_116542,53801,"X,spliced,unspliced"
6665,73202,CATATAGACACAAC,cell_116547,53801,"X,spliced,unspliced"
6666,73208,CATCAGGAATCGAC,cell_116556,53801,"X,spliced,unspliced"
6667,73211,CATCATACTCGCCT,cell_116562,53801,"X,spliced,unspliced"
6668,73213,CATCCCGACGTGAT,cell_116566,53801,"X,spliced,unspliced"
6669,73217,CATCGCTGCGTAGT,cell_116572,53801,"X,spliced,unspliced"
6670,73233,CATCTTGATTGTCT,cell_116595,53801,"X,spliced,unspliced"
6671,73235,CATGAGACCCCGTT,cell_116597,53801,"X,spliced,unspliced"
6672,73237,CATGAGACTGGCAT,cell_116599,53801,"X,spliced,unspliced"
6673,73239,CATGCCACCCCAAA,cell_116601,53801,"X,spliced,unspliced"
6674,73245,CATGCGCTCTCATT,cell_116609,53801,"X,spliced,unspliced"
6675,73270,CATTGTACAGCCTA,cell_116648,53801,"X,spliced,unspliced"
6676,73284,CATTTGTGGACGTT,cell_116666,53801,"X,spliced,unspliced"
6677,73288,CCAACCTGCTCGAA,cell_116671,53801,"X,spliced,unspliced"
6678,73306,CCACGGGACGCATA,cell_116700,53801,"X,spliced,unspliced"
6679,73311,CCACTTCTTTGGTG,cell_116711,53801,"X,spliced,unspliced"
6680,73325,CCAGGTCTTCGACA,cell_116732,53801,"X,spliced,unspliced"
6681,73330,CCATAGGAGCTTAG,cell_116741,53801,"X,spliced,unspliced"
6682,73333,CCATATACATTCTC,cell_116744,53801,"X,spliced,unspliced"
6683,73340,CCATTAACACGTGT,cell_116754,53801,"X,spliced,unspliced"
6684,73341,CCATTAACGGAAAT,cell_116756,53801,"X,spliced,unspliced"
6685,73343,CCCAAAGAGCTAAC,cell_116758,53801,"X,spliced,unspliced"
6686,73344,CCCAACACCCTCAC,cell_116759,53801,"X,spliced,unspliced"
6687,73351,CCCAACTGTGGTGT,cell_116768,53801,"X,spliced,unspliced"
6688,73352,CCCACATGCGAACT,cell_116770,53801,"X,spliced,unspliced"
6689,73358,CCCAGTTGAAAGTG,cell_116777,53801,"X,spliced,unspliced"
6690,73378,CCCTCAGATGCCTC,cell_116810,53801,"X,spliced,unspliced"
6691,73379,CCCTCAGATGGCAT,cell_116811,53801,"X,spliced,unspliced"
6692,73394,CCGATAGAGGTTTG,cell_116832,53801,"X,spliced,unspliced"
6693,73397,CCGCGAGACCTGTC,cell_116835,53801,"X,spliced,unspliced"
6694,73403,CCGTACACGCTGAT,cell_116844,53801,"X,spliced,unspliced"
6695,73406,CCTAAGGAAAGGGC,cell_116849,53801,"X,spliced,unspliced"
6696,73407,CCTAAGGACCGCTT,cell_116850,53801,"X,spliced,unspliced"
6697,73408,CCTAAGGACCTATT,cell_116851,53801,"X,spliced,unspliced"
6698,73414,CCTAGAGAACCTTT,cell_116859,53801,"X,spliced,unspliced"
6699,73417,CCTATAACGTGTAC,cell_116863,53801,"X,spliced,unspliced"
6700,73428,CCTGAGCTAAGAAC,cell_116880,53801,"X,spliced,unspliced"
6701,73434,CCTTCACTCTCAAG,cell_116891,53801,"X,spliced,unspliced"
6702,73437,CCTTTAGAGTAGGG,cell_116896,53801,"X,spliced,unspliced"
6703,73451,CGAATCGAGTCGTA,cell_116917,53801,"X,spliced,unspliced"
6704,73457,CGACAAACTGCCTC,cell_116928,53801,"X,spliced,unspliced"
6705,73461,CGACCGGACAGAAA,cell_116938,53801,"X,spliced,unspliced"
6706,73466,CGACCTTGGGGCAA,cell_116948,53801,"X,spliced,unspliced"
6707,73467,CGACCTTGTGTGCA,cell_116949,53801,"X,spliced,unspliced"
6708,73468,CGACGTCTCATGGT,cell_116950,53801,"X,spliced,unspliced"
6709,73471,CGACTCACCTTGCC,cell_116953,53801,"X,spliced,unspliced"
6710,73474,CGACTCTGGATAAG,cell_116958,53801,"X,spliced,unspliced"
6711,73479,CGACTGCTTTTACC,cell_116965,53801,"X,spliced,unspliced"
6712,73486,CGAGATTGGTGTAC,cell_116974,53801,"X,spliced,unspliced"
6713,73490,CGAGGAGAAAAAGC,cell_116981,53801,"X,spliced,unspliced"
6714,73495,CGAGGCACTGGTGT,cell_116987,53801,"X,spliced,unspliced"
6715,73504,CGATACGACTTCTA,cell_116996,53801,"X,spliced,unspliced"
6716,73507,CGATCAGAAAAGCA,cell_116999,53801,"X,spliced,unspliced"
6717,73513,CGCAAATGGTGAGG,cell_117008,53801,"X,spliced,unspliced"
6718,73525,CGCACGGAACACCA,cell_117021,53801,"X,spliced,unspliced"
6719,73531,CGCACTACTCTTTG,cell_117028,53801,"X,spliced,unspliced"
6720,73553,CGCTAAGACCAACA,cell_117061,53801,"X,spliced,unspliced"
6721,73556,CGCTACACATTTCC,cell_117065,53801,"X,spliced,unspliced"
6722,73560,CGCTCATGTACGCA,cell_117072,53801,"X,spliced,unspliced"
6723,73566,CGGAATTGGTCTAG,cell_117079,53801,"X,spliced,unspliced"
6724,73567,CGGAATTGTAGAAG,cell_117080,53801,"X,spliced,unspliced"
6725,73569,CGGACCGAAGACTC,cell_117084,53801,"X,spliced,unspliced"
6726,73591,CGGGACTGCCCACT,cell_117117,53801,"X,spliced,unspliced"
6727,73593,CGGTAAACCTCGCT,cell_117122,53801,"X,spliced,unspliced"
6728,73598,CGTAACGAGCATAC,cell_117131,53801,"X,spliced,unspliced"
6729,73601,CGTACAGACAGGAG,cell_117135,53801,"X,spliced,unspliced"
6730,73602,CGTACAGAGTTGTG,cell_117138,53801,"X,spliced,unspliced"
6731,73610,CGTAGCCTTATGGC,cell_117151,53801,"X,spliced,unspliced"
6732,73615,CGTCCAACGCGATT,cell_117158,53801,"X,spliced,unspliced"
6733,73616,CGTCCAACGGGATG,cell_117159,53801,"X,spliced,unspliced"
6734,73618,CGTCCATGGAAACA,cell_117161,53801,"X,spliced,unspliced"
6735,73624,CGTGATGACTTGGA,cell_117171,53801,"X,spliced,unspliced"
6736,73632,CGTTAACTCAGAAA,cell_117185,53801,"X,spliced,unspliced"
6737,73643,CTAACGGAAGAATG,cell_117202,53801,"X,spliced,unspliced"
6738,73645,CTAACGGACTCTCG,cell_117204,53801,"X,spliced,unspliced"
6739,73646,CTAACGGATTCTCA,cell_117205,53801,"X,spliced,unspliced"
6740,73655,CTAAGGACTGACCA,cell_117218,53801,"X,spliced,unspliced"
6741,73661,CTACAACTGCTACA,cell_117226,53801,"X,spliced,unspliced"
6742,73672,CTACTATGCGTGTA,cell_117238,53801,"X,spliced,unspliced"
6743,73695,CTAGTTTGTGCGTA,cell_117271,53801,"X,spliced,unspliced"
6744,73702,CTATCAACGGCGAA,cell_117282,53801,"X,spliced,unspliced"
6745,73713,CTATGTACCCTCAC,cell_117297,53801,"X,spliced,unspliced"
6746,73714,CTATGTACTTCCAT,cell_117302,53801,"X,spliced,unspliced"
6747,73728,CTCAGCTGCACTAG,cell_117323,53801,"X,spliced,unspliced"
6748,73733,CTCAGCTGTTCCAT,cell_117328,53801,"X,spliced,unspliced"
6749,73740,CTCCATCTGTTTCT,cell_117338,53801,"X,spliced,unspliced"
6750,73752,CTCGCATGCCCTCA,cell_117361,53801,"X,spliced,unspliced"
6751,73756,CTGAAGACGAGGAC,cell_117371,53801,"X,spliced,unspliced"
6752,73761,CTGAAGACTGTCCC,cell_117377,53801,"X,spliced,unspliced"
6753,73763,CTGAAGTGCACACA,cell_117379,53801,"X,spliced,unspliced"
6754,73767,CTGACCACCAAGCT,cell_117388,53801,"X,spliced,unspliced"
6755,73773,CTGCAGCTCTCTTA,cell_117401,53801,"X,spliced,unspliced"
6756,73781,CTGTAACTCTAAGC,cell_117416,53801,"X,spliced,unspliced"
6757,73796,CTTAACACTCAGGT,cell_117435,53801,"X,spliced,unspliced"
6758,73799,CTTAAGCTGGATCT,cell_117439,53801,"X,spliced,unspliced"
6759,73801,CTTACAACTTAGGC,cell_117441,53801,"X,spliced,unspliced"
6760,73804,CTTACATGTGAAGA,cell_117446,53801,"X,spliced,unspliced"
6761,73821,CTTCATGAACACCA,cell_117472,53801,"X,spliced,unspliced"
6762,73826,CTTGAACTGGAGCA,cell_117479,53801,"X,spliced,unspliced"
6763,73827,CTTGAACTGGGATG,cell_117480,53801,"X,spliced,unspliced"
6764,73829,CTTGAGGACCACCT,cell_117482,53801,"X,spliced,unspliced"
6765,73832,CTTGTATGACACGT,cell_117486,53801,"X,spliced,unspliced"
6766,73842,GAAACAGAAGCGGA,cell_117507,53801,"X,spliced,unspliced"
6767,73844,GAAACCTGCAGAGG,cell_117510,53801,"X,spliced,unspliced"
6768,73860,GAACCAACGCCCTT,cell_117536,53801,"X,spliced,unspliced"
6769,73861,GAACCTGAAGTCAC,cell_117538,53801,"X,spliced,unspliced"
6770,73865,GAACGGGATGCACA,cell_117542,53801,"X,spliced,unspliced"
6771,73870,GAAGAATGTCGATG,cell_117551,53801,"X,spliced,unspliced"
6772,73889,GAAGTCTGACTCTT,cell_117582,53801,"X,spliced,unspliced"
6773,73907,GACAACACGTAAAG,cell_117614,53801,"X,spliced,unspliced"
6774,73914,GACAGGGATTTCAC,cell_117627,53801,"X,spliced,unspliced"
6775,73917,GACAGTACATCGAC,cell_117630,53801,"X,spliced,unspliced"
6776,73918,GACAGTACCAGTTG,cell_117631,53801,"X,spliced,unspliced"
6777,73922,GACATTCTGCGTAT,cell_117642,53801,"X,spliced,unspliced"
6778,73924,GACATTCTGTTGCA,cell_117644,53801,"X,spliced,unspliced"
6779,73925,GACCAAACTGTGCA,cell_117645,53801,"X,spliced,unspliced"
6780,73929,GACCTAGAAACCGT,cell_117654,53801,"X,spliced,unspliced"
6781,73930,GACCTCACTAAGCC,cell_117656,53801,"X,spliced,unspliced"
6782,73941,GACGCTCTCTATTC,cell_117671,53801,"X,spliced,unspliced"
6783,73944,GACGTAACCTAGAC,cell_117676,53801,"X,spliced,unspliced"
6784,73948,GACGTATGCTGCTC,cell_117682,53801,"X,spliced,unspliced"
6785,73969,GAGATAGACATTGG,cell_117710,53801,"X,spliced,unspliced"
6786,73980,GAGATGCTGGTACT,cell_117725,53801,"X,spliced,unspliced"
6787,73981,GAGATGCTTACGCA,cell_117726,53801,"X,spliced,unspliced"
6788,73992,GAGCATACTCGACA,cell_117747,53801,"X,spliced,unspliced"
6789,73993,GAGCGAGATTCTGT,cell_117748,53801,"X,spliced,unspliced"
6790,73995,GAGCGCTGATGGTC,cell_117752,53801,"X,spliced,unspliced"
6791,74001,GAGCTCCTCCAATG,cell_117760,53801,"X,spliced,unspliced"
6792,74002,GAGCTCCTCCGATA,cell_117761,53801,"X,spliced,unspliced"
6793,74007,GAGGCCACAACTGC,cell_117771,53801,"X,spliced,unspliced"
6794,74014,GAGGGATGAGAGGC,cell_117778,53801,"X,spliced,unspliced"
6795,74016,GAGGGATGCTCTCG,cell_117781,53801,"X,spliced,unspliced"
6796,74019,GAGGGTGAACGTTG,cell_117784,53801,"X,spliced,unspliced"
6797,74026,GAGGTTTGATTCCT,cell_117795,53801,"X,spliced,unspliced"
6798,74031,GAGTACACGTCTAG,cell_117802,53801,"X,spliced,unspliced"
6799,74032,GAGTACTGATCACG,cell_117803,53801,"X,spliced,unspliced"
6800,74038,GAGTCTGACAATCG,cell_117812,53801,"X,spliced,unspliced"
6801,74044,GAGTGTTGCCATGA,cell_117820,53801,"X,spliced,unspliced"
6802,74052,GATAGAGATTGCGA,cell_117836,53801,"X,spliced,unspliced"
6803,74056,GATATATGGCCATA,cell_117841,53801,"X,spliced,unspliced"
6804,74057,GATATCCTACGGTT,cell_117842,53801,"X,spliced,unspliced"
6805,74062,GATCCCTGCAACTG,cell_117849,53801,"X,spliced,unspliced"
6806,74070,GATCGATGTTTCAC,cell_117863,53801,"X,spliced,unspliced"
6807,74077,GATCTTACGTTACG,cell_117872,53801,"X,spliced,unspliced"
6808,74082,GATCTTTGTCGCTC,cell_117878,53801,"X,spliced,unspliced"
6809,74084,GATGCAACACGTTG,cell_117882,53801,"X,spliced,unspliced"
6811,74087,GATGCATGGCGTTA,cell_117886,53801,"X,spliced,unspliced"
6812,74088,GATGCATGGTCTAG,cell_117887,53801,"X,spliced,unspliced"
6813,74095,GATTACCTTTGGCA,cell_117894,53801,"X,spliced,unspliced"
6814,74122,GCACAATGCACAAC,cell_117940,53801,"X,spliced,unspliced"
6815,74132,GCACCACTGCTTAG,cell_117953,53801,"X,spliced,unspliced"
6816,74133,GCACCACTTCAAGC,cell_117954,53801,"X,spliced,unspliced"
6817,74136,GCACCTACTTTCGT,cell_117958,53801,"X,spliced,unspliced"
6818,74138,GCACCTTGCAGAGG,cell_117961,53801,"X,spliced,unspliced"
6819,74142,GCACGGTGGTGTTG,cell_117967,53801,"X,spliced,unspliced"
6820,74145,GCACTAGAAAGAGT,cell_117971,53801,"X,spliced,unspliced"
6821,74150,GCAGATACTCGTAG,cell_117982,53801,"X,spliced,unspliced"
6822,74153,GCAGCCGACAAAGA,cell_117985,53801,"X,spliced,unspliced"
6823,74155,GCAGCCGAGTGTAC,cell_117988,53801,"X,spliced,unspliced"
6824,74169,GCAGTCCTCCTGAA,cell_118006,53801,"X,spliced,unspliced"
6825,74173,GCATCAGACATCAG,cell_118011,53801,"X,spliced,unspliced"
6826,74181,GCCAAATGTGCCTC,cell_118022,53801,"X,spliced,unspliced"
6827,74187,GCCACTACACACAC,cell_118031,53801,"X,spliced,unspliced"
6828,74202,GCCGACGATGCTGA,cell_118056,53801,"X,spliced,unspliced"
6829,74228,GCGCACGACGAGTT,cell_118100,53801,"X,spliced,unspliced"
6830,74238,GCGGAGCTCTCCAC,cell_118112,53801,"X,spliced,unspliced"
6831,74244,GCGGGACTGCCAAT,cell_118120,53801,"X,spliced,unspliced"
6832,74245,GCGGGACTTCGCCT,cell_118121,53801,"X,spliced,unspliced"
6833,74248,GCGTAAACGAATAG,cell_118124,53801,"X,spliced,unspliced"
6834,74252,GCTACAGAAGCATC,cell_118135,53801,"X,spliced,unspliced"
6835,74262,GCTACGCTGGACGA,cell_118151,53801,"X,spliced,unspliced"
6836,74263,GCTACGCTTCTTTG,cell_118152,53801,"X,spliced,unspliced"
6837,74267,GCTAGATGGAATAG,cell_118157,53801,"X,spliced,unspliced"
6838,74270,GCTATACTGTTCAG,cell_118160,53801,"X,spliced,unspliced"
6839,74274,GCTCACTGATCTCT,cell_118165,53801,"X,spliced,unspliced"
6840,74283,GCTGATGAGAGGTG,cell_118178,53801,"X,spliced,unspliced"
6841,74288,GCTTAACTATTGGC,cell_118183,53801,"X,spliced,unspliced"
6842,74289,GCTTAACTCCCACT,cell_118184,53801,"X,spliced,unspliced"
6843,74300,GGAAGGACTCGCTC,cell_118202,53801,"X,spliced,unspliced"
6844,74302,GGAAGGTGCATACG,cell_118204,53801,"X,spliced,unspliced"
6845,74304,GGAATCTGCTAAGC,cell_118206,53801,"X,spliced,unspliced"
6846,74306,GGAATGCTGTAGGG,cell_118208,53801,"X,spliced,unspliced"
6847,74307,GGACAACTGCGTTA,cell_118210,53801,"X,spliced,unspliced"
6848,74311,GGACCCGATGTCGA,cell_118219,53801,"X,spliced,unspliced"
6849,74320,GGACGAGAACCCAA,cell_118229,53801,"X,spliced,unspliced"
6850,74321,GGACGAGAATTGGC,cell_118230,53801,"X,spliced,unspliced"
6851,74343,GGAGCGCTTCAGTG,cell_118266,53801,"X,spliced,unspliced"
6852,74345,GGAGGATGAGCTCA,cell_118268,53801,"X,spliced,unspliced"
6853,74353,GGATACTGCCTTCG,cell_118281,53801,"X,spliced,unspliced"
6854,74369,GGCAATACATCGAC,cell_118308,53801,"X,spliced,unspliced"
6855,74370,GGCAATACGGACGA,cell_118309,53801,"X,spliced,unspliced"
6856,74382,GGCCACGAAAAACG,cell_118327,53801,"X,spliced,unspliced"
6857,74389,GGCCGAACTCGCCT,cell_118336,53801,"X,spliced,unspliced"
6858,74390,GGCCGATGAAACAG,cell_118337,53801,"X,spliced,unspliced"
6859,74391,GGCCGATGAGTACC,cell_118338,53801,"X,spliced,unspliced"
6860,74398,GGCGACACTTGACG,cell_118346,53801,"X,spliced,unspliced"
6861,74405,GGCGGACTGAGACG,cell_118356,53801,"X,spliced,unspliced"
6862,74410,GGCTACCTGCGTAT,cell_118363,53801,"X,spliced,unspliced"
6863,74415,GGGAACGAGTAAAG,cell_118368,53801,"X,spliced,unspliced"
6864,74416,GGGAACGATAGACC,cell_118369,53801,"X,spliced,unspliced"
6865,74425,GGGATGGACTGCTC,cell_118388,53801,"X,spliced,unspliced"
6866,74428,GGGATTACAACAGA,cell_118391,53801,"X,spliced,unspliced"
6867,74430,GGGATTACTCGCAA,cell_118394,53801,"X,spliced,unspliced"
6868,74433,GGGCACACACACGT,cell_118400,53801,"X,spliced,unspliced"
6869,74434,GGGCACACACTACG,cell_118401,53801,"X,spliced,unspliced"
6870,74442,GGGTAACTGCTTCC,cell_118414,53801,"X,spliced,unspliced"
6871,74463,GGTACATGTCACCC,cell_118438,53801,"X,spliced,unspliced"
6872,74467,GGTATCGATACTTC,cell_118445,53801,"X,spliced,unspliced"
6873,74468,GGTATGACGTAAGA,cell_118447,53801,"X,spliced,unspliced"
6874,74470,GGTCAAACCCTTGC,cell_118450,53801,"X,spliced,unspliced"
6875,74474,GGTCTAGAACGTTG,cell_118454,53801,"X,spliced,unspliced"
6876,74477,GGTGATACTCCCAC,cell_118458,53801,"X,spliced,unspliced"
6877,74488,GTAACGTGCAGAGG,cell_118474,53801,"X,spliced,unspliced"
6878,74490,GTAACGTGTCAGAC,cell_118477,53801,"X,spliced,unspliced"
6879,74495,GTAAGCTGTCAGAC,cell_118483,53801,"X,spliced,unspliced"
6880,74503,GTACCCTGACCAGT,cell_118496,53801,"X,spliced,unspliced"
6881,74509,GTACTACTACCAGT,cell_118504,53801,"X,spliced,unspliced"
6882,74523,GTAGCAACGTCGAT,cell_118521,53801,"X,spliced,unspliced"
6883,74530,GTAGGTACCGCTAA,cell_118533,53801,"X,spliced,unspliced"
6884,74539,GTATTCACCTGTTT,cell_118552,53801,"X,spliced,unspliced"
6885,74548,GTCACAGAAGCGTT,cell_118565,53801,"X,spliced,unspliced"
6886,74556,GTCCACTGAAACAG,cell_118577,53801,"X,spliced,unspliced"
6887,74563,GTCCCATGCCTTCG,cell_118584,53801,"X,spliced,unspliced"
6888,74564,GTCGAATGCATGGT,cell_118585,53801,"X,spliced,unspliced"
6889,74566,GTCGCACTCCACAA,cell_118590,53801,"X,spliced,unspliced"
6890,74569,GTCTAACTCTGACA,cell_118596,53801,"X,spliced,unspliced"
6891,74571,GTCTAGGAATCTTC,cell_118603,53801,"X,spliced,unspliced"
6892,74576,GTGAACACGACGTT,cell_118613,53801,"X,spliced,unspliced"
6893,74596,GTGCTAGAGCTGTA,cell_118644,53801,"X,spliced,unspliced"
6894,74597,GTGGAGGAAATCGC,cell_118645,53801,"X,spliced,unspliced"
6895,74603,GTGGATTGACCTGA,cell_118654,53801,"X,spliced,unspliced"
6896,74619,GTGTGATGTGTGAC,cell_118675,53801,"X,spliced,unspliced"
6897,74628,GTTAACCTTTCTTG,cell_118688,53801,"X,spliced,unspliced"
6898,74632,GTTAGTCTACCAGT,cell_118696,53801,"X,spliced,unspliced"
6899,74634,GTTATCTGTACTGG,cell_118704,53801,"X,spliced,unspliced"
6900,74637,GTTATGCTCCAGTA,cell_118710,53801,"X,spliced,unspliced"
6901,74643,GTTCATACAAGCAA,cell_118721,53801,"X,spliced,unspliced"
6902,74645,GTTCATACAGCATC,cell_118723,53801,"X,spliced,unspliced"
6903,74654,TAAACAACATCTTC,cell_118741,53801,"X,spliced,unspliced"
6904,74669,TAAATGTGGGACAG,cell_118762,53801,"X,spliced,unspliced"
6905,74672,TAACAATGGGCATT,cell_118767,53801,"X,spliced,unspliced"
6906,74677,TAACATGAGGTGTT,cell_118773,53801,"X,spliced,unspliced"
6907,74682,TAACTCACTGATGC,cell_118786,53801,"X,spliced,unspliced"
6908,74688,TAAGATACTACAGC,cell_118793,53801,"X,spliced,unspliced"
6909,74692,TAAGCGTGACCCTC,cell_118799,53801,"X,spliced,unspliced"
6910,74698,TAAGCTCTATCAGC,cell_118807,53801,"X,spliced,unspliced"
6911,74700,TAAGCTCTTGTTTC,cell_118810,53801,"X,spliced,unspliced"
6912,74710,TAAGTCCTCACCAA,cell_118822,53801,"X,spliced,unspliced"
6913,74713,TAATCCACAGTGCT,cell_118825,53801,"X,spliced,unspliced"
6914,74722,TAATGATGTCTAGG,cell_118836,53801,"X,spliced,unspliced"
6915,74727,TACAAATGGAGATA,cell_118845,53801,"X,spliced,unspliced"
6916,74728,TACAAATGGGTCTA,cell_118848,53801,"X,spliced,unspliced"
6917,74733,TACACACTCCCACT,cell_118854,53801,"X,spliced,unspliced"
6918,74734,TACACACTCTCATT,cell_118855,53801,"X,spliced,unspliced"
6919,74748,TACCGGCTATGCTG,cell_118876,53801,"X,spliced,unspliced"
6920,74749,TACGAGACAAAGCA,cell_118879,53801,"X,spliced,unspliced"
6921,74753,TACGATCTCAACCA,cell_118885,53801,"X,spliced,unspliced"
6922,74755,TACGATCTTCCTGC,cell_118887,53801,"X,spliced,unspliced"
6923,74758,TACGCCACGTCGAT,cell_118892,53801,"X,spliced,unspliced"
6924,74760,TACGCGCTAAAGTG,cell_118895,53801,"X,spliced,unspliced"
6925,74763,TACGGAACTGCTCC,cell_118899,53801,"X,spliced,unspliced"
6926,74781,TACTCAACGGAGTG,cell_118925,53801,"X,spliced,unspliced"
6927,74782,TACTCCCTCGAGAG,cell_118926,53801,"X,spliced,unspliced"
6928,74785,TACTCTGAGCGTAT,cell_118930,53801,"X,spliced,unspliced"
6929,74790,TACTGTTGGGACTT,cell_118936,53801,"X,spliced,unspliced"
6930,74796,TACTTTCTGGATCT,cell_118945,53801,"X,spliced,unspliced"
6931,74801,TAGAATTGCGTGTA,cell_118955,53801,"X,spliced,unspliced"
6932,74805,TAGACGTGACTCAG,cell_118960,53801,"X,spliced,unspliced"
6933,74812,TAGATTGAAAGAAC,cell_118970,53801,"X,spliced,unspliced"
6934,74828,TAGCCCTGTCTACT,cell_118989,53801,"X,spliced,unspliced"
6935,74833,TAGCTACTAGTGTC,cell_118998,53801,"X,spliced,unspliced"
6936,74839,TAGGCTGACTTAGG,cell_119012,53801,"X,spliced,unspliced"
6937,74840,TAGGCTGATGCAAC,cell_119013,53801,"X,spliced,unspliced"
6938,74843,TAGGGACTGTAGGG,cell_119017,53801,"X,spliced,unspliced"
6939,74851,TAGGTGACTCTCAT,cell_119029,53801,"X,spliced,unspliced"
6940,74875,TAGTTGCTAGTCAC,cell_119067,53801,"X,spliced,unspliced"
6941,74878,TAGTTGCTGGTGAG,cell_119070,53801,"X,spliced,unspliced"
6942,74883,TATACGCTCCTGAA,cell_119080,53801,"X,spliced,unspliced"
6943,74884,TATAGATGAAAACG,cell_119082,53801,"X,spliced,unspliced"
6944,74912,TATGAATGGAACCT,cell_119123,53801,"X,spliced,unspliced"
6945,74915,TATGCGGAGTTACG,cell_119128,53801,"X,spliced,unspliced"
6946,74916,TATGCGGATGCGTA,cell_119129,53801,"X,spliced,unspliced"
6947,74929,TATGGTCTTGAGCT,cell_119147,53801,"X,spliced,unspliced"
6948,74934,TATGTGCTTCATTC,cell_119158,53801,"X,spliced,unspliced"
6949,74942,TCAAGGACCTCCAC,cell_119171,53801,"X,spliced,unspliced"
6950,74945,TCAAGGACTTCCCG,cell_119176,53801,"X,spliced,unspliced"
6951,74947,TCAAGGTGCCATAG,cell_119181,53801,"X,spliced,unspliced"
6952,74969,TCACTATGCAACTG,cell_119211,53801,"X,spliced,unspliced"
6953,74997,TCATGTACTAGCGT,cell_119251,53801,"X,spliced,unspliced"
6954,75016,TCCCACGATCCCGT,cell_119281,53801,"X,spliced,unspliced"
6955,75018,TCCCAGACTGCTTT,cell_119284,53801,"X,spliced,unspliced"
6956,75019,TCCCATCTAACCGT,cell_119285,53801,"X,spliced,unspliced"
6957,75022,TCCCATCTTTTGTC,cell_119290,53801,"X,spliced,unspliced"
6958,75027,TCCCTACTAAGGGC,cell_119300,53801,"X,spliced,unspliced"
6959,75043,TCCTATGAAAGCAA,cell_119320,53801,"X,spliced,unspliced"
6960,75044,TCCTATGAGACTAC,cell_119322,53801,"X,spliced,unspliced"
6961,75047,TCGACGCTACACAC,cell_119326,53801,"X,spliced,unspliced"
6962,75063,TCGCAAGAAGGCGA,cell_119349,53801,"X,spliced,unspliced"
6963,75069,TCGCACTGGAGGTG,cell_119357,53801,"X,spliced,unspliced"
6964,75073,TCGCCATGCTATTC,cell_119362,53801,"X,spliced,unspliced"
6965,75076,TCGCCATGTGTAGC,cell_119365,53801,"X,spliced,unspliced"
6966,75077,TCGGACCTATGACC,cell_119367,53801,"X,spliced,unspliced"
6967,75100,TCTATGTGCAATCG,cell_119401,53801,"X,spliced,unspliced"
6968,75110,TCTTGATGAGATGA,cell_119419,53801,"X,spliced,unspliced"
6969,75111,TCTTGATGTCGACA,cell_119420,53801,"X,spliced,unspliced"
6970,75114,TGAACCGACTGTCC,cell_119426,53801,"X,spliced,unspliced"
6971,75133,TGACCGCTCTTCCG,cell_119453,53801,"X,spliced,unspliced"
6972,75146,TGACTTTGAGACTC,cell_119471,53801,"X,spliced,unspliced"
6973,75147,TGACTTTGTTGTGG,cell_119472,53801,"X,spliced,unspliced"
6974,75150,TGAGCAACACAGCT,cell_119478,53801,"X,spliced,unspliced"
6975,75151,TGAGCAACCTGAGT,cell_119479,53801,"X,spliced,unspliced"
6976,75153,TGAGCTGACTCGCT,cell_119486,53801,"X,spliced,unspliced"
6977,75167,TGATATGACGGAGA,cell_119509,53801,"X,spliced,unspliced"
6978,75178,TGATTCTGTGTCAG,cell_119528,53801,"X,spliced,unspliced"
6979,75193,TGCACAGACATCAG,cell_119548,53801,"X,spliced,unspliced"
6980,75201,TGCATGGAGCGTTA,cell_119558,53801,"X,spliced,unspliced"
6981,75217,TGCGCACTACACGT,cell_119583,53801,"X,spliced,unspliced"
6982,75218,TGCGCACTGGACGA,cell_119584,53801,"X,spliced,unspliced"
6983,75219,TGCGCACTGGTTAC,cell_119585,53801,"X,spliced,unspliced"
6984,75228,TGCTTAACAGGCGA,cell_119602,53801,"X,spliced,unspliced"
6985,75234,TGGAAAGACACCAA,cell_119609,53801,"X,spliced,unspliced"
6986,75237,TGGAAAGAGTCGAT,cell_119613,53801,"X,spliced,unspliced"
6987,75239,TGGAACACCACTGA,cell_119616,53801,"X,spliced,unspliced"
6988,75244,TGGAACTGCCTTGC,cell_119623,53801,"X,spliced,unspliced"
6989,75247,TGGAAGCTCTACCC,cell_119626,53801,"X,spliced,unspliced"
6990,75248,TGGAAGCTTAAGGA,cell_119627,53801,"X,spliced,unspliced"
6991,75280,TGGTAGACCGTGAT,cell_119673,53801,"X,spliced,unspliced"
6992,75283,TGGTAGACGTAGGG,cell_119676,53801,"X,spliced,unspliced"
6993,75297,TGTACTTGAGAGAT,cell_119698,53801,"X,spliced,unspliced"
6994,75300,TGTAGGTGAGAGGC,cell_119703,53801,"X,spliced,unspliced"
6995,75316,TGTCTAACTGTCGA,cell_119724,53801,"X,spliced,unspliced"
6996,75324,TGTGAGTGGAGGGT,cell_119734,53801,"X,spliced,unspliced"
6997,75332,TGTGGATGCCTTAT,cell_119743,53801,"X,spliced,unspliced"
6998,75335,TGTTAAGATTTGGG,cell_119749,53801,"X,spliced,unspliced"
6999,75337,TGTTACACCCAGTA,cell_119751,53801,"X,spliced,unspliced"
7000,75338,TGTTACACTAGAAG,cell_119752,53801,"X,spliced,unspliced"
7001,75354,TTACGTACGCATAC,cell_119775,53801,"X,spliced,unspliced"
7002,75356,TTACTCGAAAACAG,cell_119777,53801,"X,spliced,unspliced"
7003,75357,TTACTCGACCATAG,cell_119778,53801,"X,spliced,unspliced"
7004,75365,TTAGCTACGTCGAT,cell_119788,53801,"X,spliced,unspliced"
7005,75366,TTAGGGACCCTCCA,cell_119791,53801,"X,spliced,unspliced"
7006,75371,TTAGGGTGCCCACT,cell_119798,53801,"X,spliced,unspliced"
7007,75372,TTAGGGTGGAAGGC,cell_119800,53801,"X,spliced,unspliced"
7008,75378,TTAGTCACGGTGTT,cell_119808,53801,"X,spliced,unspliced"
7009,75380,TTAGTCTGTGTAGC,cell_119810,53801,"X,spliced,unspliced"
7010,75391,TTATTCCTAAGCAA,cell_119827,53801,"X,spliced,unspliced"
7011,75395,TTCAACACAAACAG,cell_119833,53801,"X,spliced,unspliced"
7012,75398,TTCAAGCTAGTGCT,cell_119836,53801,"X,spliced,unspliced"
7013,75399,TTCAAGCTCAACCA,cell_119837,53801,"X,spliced,unspliced"
7014,75405,TTCAGACTTGCCAA,cell_119847,53801,"X,spliced,unspliced"
7015,75420,TTCCATGACAGTCA,cell_119873,53801,"X,spliced,unspliced"
7016,75425,TTCCCACTCTAGCA,cell_119880,53801,"X,spliced,unspliced"
7017,75427,TTCCTAGACAAAGA,cell_119884,53801,"X,spliced,unspliced"
7018,75429,TTCGATTGACTGTG,cell_119890,53801,"X,spliced,unspliced"
7019,75430,TTCGATTGCCAATG,cell_119891,53801,"X,spliced,unspliced"
7020,75432,TTCGGAGAGACACT,cell_119896,53801,"X,spliced,unspliced"
7021,75436,TTCGTATGTCAGAC,cell_119903,53801,"X,spliced,unspliced"
7022,75447,TTCTGATGCGGTAT,cell_119921,53801,"X,spliced,unspliced"
7023,75459,TTGCATTGGTTGTG,cell_119945,53801,"X,spliced,unspliced"
7024,75469,TTGGAGTGGTAGCT,cell_119959,53801,"X,spliced,unspliced"
7025,75478,TTTAGAGAAGTCTG,cell_119973,53801,"X,spliced,unspliced"
7026,75480,TTTAGAGATTTACC,cell_119975,53801,"X,spliced,unspliced"
7027,75495,TTTCCAGAACCATG,cell_120000,53801,"X,spliced,unspliced"
7028,75512,AAACATTGGTGTAC,cell_120027,53801,"X,spliced,unspliced"
7029,75514,AAACATTGTGACAC,cell_120029,53801,"X,spliced,unspliced"
7030,75518,AAACGCTGCGAACT,cell_120035,53801,"X,spliced,unspliced"
7031,75541,AAAGCCTGAACAGA,cell_120065,53801,"X,spliced,unspliced"
7032,75552,AAATCCCTTGACAC,cell_120080,53801,"X,spliced,unspliced"
7033,75576,AACAGCACAGAGAT,cell_120115,53801,"X,spliced,unspliced"
7034,75580,AACAGCACGGAAAT,cell_120120,53801,"X,spliced,unspliced"
7035,75586,AACATTGATTGGTG,cell_120126,53801,"X,spliced,unspliced"
7036,75608,AACGTGTGTCATTC,cell_120166,53801,"X,spliced,unspliced"
7037,75612,AACTCGGATCCCGT,cell_120173,53801,"X,spliced,unspliced"
7038,75640,AAGATTACTCCAGA,cell_120214,53801,"X,spliced,unspliced"
7039,75655,AAGCCTGACCTCCA,cell_120234,53801,"X,spliced,unspliced"
7040,75658,AAGCGACTTGTCAG,cell_120239,53801,"X,spliced,unspliced"
7041,75665,AAGGCTACCGTAAC,cell_120248,53801,"X,spliced,unspliced"
7042,75670,AAGGCTTGGGCATT,cell_120254,53801,"X,spliced,unspliced"
7043,75672,AAGGTCACCGCTAA,cell_120258,53801,"X,spliced,unspliced"
7044,75679,AAGGTGCTTCTCAT,cell_120267,53801,"X,spliced,unspliced"
7045,75681,AAGTAGGAATAAGG,cell_120271,53801,"X,spliced,unspliced"
7046,75682,AAGTAGGACACTCC,cell_120272,53801,"X,spliced,unspliced"
7047,75683,AAGTATACAAAACG,cell_120275,53801,"X,spliced,unspliced"
7048,75699,AATAACACAAGGTA,cell_120298,53801,"X,spliced,unspliced"
7049,75705,AATAAGCTTTCGGA,cell_120305,53801,"X,spliced,unspliced"
7050,75710,AATAGGGAAAGGCG,cell_120312,53801,"X,spliced,unspliced"
7051,75713,AATAGGGATACTGG,cell_120317,53801,"X,spliced,unspliced"
7052,75714,AATAGGGATGTAGC,cell_120318,53801,"X,spliced,unspliced"
7053,75716,AATATCGAGTAGCT,cell_120321,53801,"X,spliced,unspliced"
7054,75719,AATCCGGACCATGA,cell_120325,53801,"X,spliced,unspliced"
7055,75724,AATCTCACCCGCTT,cell_120335,53801,"X,spliced,unspliced"
7056,75726,AATCTCACCTAAGC,cell_120337,53801,"X,spliced,unspliced"
7057,75736,AATGATACTATCGG,cell_120352,53801,"X,spliced,unspliced"
7058,75752,AATTGATGGAGATA,cell_120379,53801,"X,spliced,unspliced"
7059,75754,ACAAAGGAGCTACA,cell_120382,53801,"X,spliced,unspliced"
7060,75764,ACAATCCTATGTGC,cell_120399,53801,"X,spliced,unspliced"
7061,75765,ACAATCCTCACCAA,cell_120400,53801,"X,spliced,unspliced"
7062,75768,ACACAGACGGGAGT,cell_120403,53801,"X,spliced,unspliced"
7063,75769,ACACAGACTCTCGC,cell_120404,53801,"X,spliced,unspliced"
7064,75774,ACACCAGACTATGG,cell_120410,53801,"X,spliced,unspliced"
7065,75781,ACACCCTGGCTGTA,cell_120418,53801,"X,spliced,unspliced"
7066,75783,ACACGAACAGCGGA,cell_120422,53801,"X,spliced,unspliced"
7067,75785,ACACGAACCACTCC,cell_120424,53801,"X,spliced,unspliced"
7068,75802,ACAGTCGATCCAGA,cell_120448,53801,"X,spliced,unspliced"
7069,75803,ACAGTCGATTCCAT,cell_120450,53801,"X,spliced,unspliced"
7070,75809,ACAGTTCTTCTTTG,cell_120459,53801,"X,spliced,unspliced"
7071,75814,ACATCACTTTCGCC,cell_120464,53801,"X,spliced,unspliced"
7072,75824,ACCACAGATTCAGG,cell_120478,53801,"X,spliced,unspliced"
7073,75827,ACCACGCTAGTTCG,cell_120483,53801,"X,spliced,unspliced"
7074,75828,ACCACGCTCCTAAG,cell_120484,53801,"X,spliced,unspliced"
7075,75835,ACCAGCCTAGACTC,cell_120492,53801,"X,spliced,unspliced"
7076,75842,ACCCAAGATCCCAC,cell_120500,53801,"X,spliced,unspliced"
7077,75843,ACCCACTGCATCAG,cell_120502,53801,"X,spliced,unspliced"
7078,75848,ACCCAGCTCCTACC,cell_120507,53801,"X,spliced,unspliced"
7079,75855,ACCCGTTGCTTGAG,cell_120516,53801,"X,spliced,unspliced"
7080,75856,ACCCGTTGTGAGCT,cell_120518,53801,"X,spliced,unspliced"
7081,75881,ACGAACTGCAGAAA,cell_120553,53801,"X,spliced,unspliced"
7082,75885,ACGAAGCTTAAGCC,cell_120557,53801,"X,spliced,unspliced"
7083,75892,ACGAGGGATGCAAC,cell_120566,53801,"X,spliced,unspliced"
7084,75901,ACGCACCTCATGGT,cell_120580,53801,"X,spliced,unspliced"
7085,75921,ACGGAGGATCTCGC,cell_120613,53801,"X,spliced,unspliced"
7086,75930,ACGGGAGACAGCTA,cell_120624,53801,"X,spliced,unspliced"
7087,75933,ACGGGAGAGTTCTT,cell_120628,53801,"X,spliced,unspliced"
7088,75943,ACGGTATGGTTGTG,cell_120639,53801,"X,spliced,unspliced"
7089,75945,ACGGTCCTCTGCAA,cell_120641,53801,"X,spliced,unspliced"
7090,75961,ACGTCGCTGTCGAT,cell_120658,53801,"X,spliced,unspliced"
7091,75967,ACGTTACTGCAGTT,cell_120669,53801,"X,spliced,unspliced"
7092,75975,ACTACGGACCTCCA,cell_120681,53801,"X,spliced,unspliced"
7093,75977,ACTACGGAGCATAC,cell_120683,53801,"X,spliced,unspliced"
7094,75979,ACTACGGATATGGC,cell_120686,53801,"X,spliced,unspliced"
7095,75982,ACTACTACCGACAT,cell_120690,53801,"X,spliced,unspliced"
7096,75993,ACTCCCGAGGTGAG,cell_120705,53801,"X,spliced,unspliced"
7097,75995,ACTCCTCTTACAGC,cell_120709,53801,"X,spliced,unspliced"
7098,75997,ACTCGAGATTCTGT,cell_120715,53801,"X,spliced,unspliced"
7099,76011,ACTGGCCTAACTGC,cell_120733,53801,"X,spliced,unspliced"
7100,76015,ACTGTTACGGTAAA,cell_120740,53801,"X,spliced,unspliced"
7101,76029,ACTTCTGAAACCAC,cell_120757,53801,"X,spliced,unspliced"
7102,76035,ACTTGTACTCGCTC,cell_120767,53801,"X,spliced,unspliced"
7103,76044,AGAACAGAACTTTC,cell_120779,53801,"X,spliced,unspliced"
7104,76048,AGAACAGAGTTCTT,cell_120784,53801,"X,spliced,unspliced"
7105,76052,AGAACGCTTGCTAG,cell_120791,53801,"X,spliced,unspliced"
7106,76065,AGACGTACCCCTCA,cell_120814,53801,"X,spliced,unspliced"
7107,76066,AGACGTACCCTTTA,cell_120815,53801,"X,spliced,unspliced"
7108,76078,AGAGATGAATCGGT,cell_120834,53801,"X,spliced,unspliced"
7109,76089,AGAGGTCTTCAGGT,cell_120849,53801,"X,spliced,unspliced"
7110,76111,AGATTAACGCATCA,cell_120884,53801,"X,spliced,unspliced"
7111,76113,AGATTCCTTCAGTG,cell_120889,53801,"X,spliced,unspliced"
7112,76125,AGCACTGAGGAGGT,cell_120904,53801,"X,spliced,unspliced"
7113,76131,AGCATGACCCTCGT,cell_120910,53801,"X,spliced,unspliced"
7114,76137,AGCCACCTTGCTTT,cell_120918,53801,"X,spliced,unspliced"
7115,76156,AGCGCTCTAGCAAA,cell_120942,53801,"X,spliced,unspliced"
7116,76161,AGCGGCACTCGATG,cell_120949,53801,"X,spliced,unspliced"
7117,76170,AGCGTAACGTATCG,cell_120961,53801,"X,spliced,unspliced"
7118,76172,AGCTGAACCAGATC,cell_120967,53801,"X,spliced,unspliced"
7119,76189,AGGAATGACGGAGA,cell_120993,53801,"X,spliced,unspliced"
7120,76198,AGGACTTGGTTGGT,cell_121003,53801,"X,spliced,unspliced"
7121,76199,AGGAGTCTTGGTAC,cell_121005,53801,"X,spliced,unspliced"
7122,76208,AGGCAGGACCCACT,cell_121016,53801,"X,spliced,unspliced"
7123,76213,AGGCTAACGCATCA,cell_121028,53801,"X,spliced,unspliced"
7124,76214,AGGGACGAATCTCT,cell_121029,53801,"X,spliced,unspliced"
7125,76215,AGGGACGAGTAGCT,cell_121031,53801,"X,spliced,unspliced"
7126,76224,AGGGTGGACTGCAA,cell_121045,53801,"X,spliced,unspliced"
7127,76229,AGGTACTGAGTTCG,cell_121052,53801,"X,spliced,unspliced"
7128,76233,AGGTCATGGGAACG,cell_121058,53801,"X,spliced,unspliced"
7129,76234,AGGTCATGTGGAAA,cell_121059,53801,"X,spliced,unspliced"
7130,76260,AGTCAGACCATTGG,cell_121097,53801,"X,spliced,unspliced"
7131,76263,AGTCAGACTGTCGA,cell_121100,53801,"X,spliced,unspliced"
7132,76274,AGTGACACAAGAGT,cell_121121,53801,"X,spliced,unspliced"
7133,76310,ATAAACACGTCTAG,cell_121170,53801,"X,spliced,unspliced"
7134,76312,ATAACAACATCACG,cell_121172,53801,"X,spliced,unspliced"
7135,76319,ATAAGTACGCGATT,cell_121182,53801,"X,spliced,unspliced"
7136,76322,ATAATGACTACTTC,cell_121189,53801,"X,spliced,unspliced"
7137,76333,ATACCTTGACTCTT,cell_121203,53801,"X,spliced,unspliced"
7138,76336,ATACGTCTCCTCAC,cell_121211,53801,"X,spliced,unspliced"
7139,76341,ATACTCTGCATTTC,cell_121217,53801,"X,spliced,unspliced"
7140,76344,ATACTCTGTATGCG,cell_121220,53801,"X,spliced,unspliced"
7141,76347,ATAGATACCCAAGT,cell_121224,53801,"X,spliced,unspliced"
7142,76348,ATAGATACGGACTT,cell_121225,53801,"X,spliced,unspliced"
7143,76361,ATAGGAGAGACGTT,cell_121243,53801,"X,spliced,unspliced"
7144,76362,ATAGGAGAGGGCAA,cell_121244,53801,"X,spliced,unspliced"
7145,76367,ATAGTCCTCTAAGC,cell_121253,53801,"X,spliced,unspliced"
7146,76378,ATATGCCTGAAACA,cell_121270,53801,"X,spliced,unspliced"
7147,76390,ATCACTTGAAAGTG,cell_121285,53801,"X,spliced,unspliced"
7148,76391,ATCACTTGATTCCT,cell_121286,53801,"X,spliced,unspliced"
7149,76401,ATCATCTGGAGGAC,cell_121299,53801,"X,spliced,unspliced"
7150,76404,ATCCATACACGACT,cell_121305,53801,"X,spliced,unspliced"
7151,76413,ATCCGCACCGTAGT,cell_121319,53801,"X,spliced,unspliced"
7152,76422,ATCGCCTGAACCAC,cell_121332,53801,"X,spliced,unspliced"
7153,76427,ATCGGAACCAGTTG,cell_121339,53801,"X,spliced,unspliced"
7154,76428,ATCGTTTGGGGACA,cell_121342,53801,"X,spliced,unspliced"
7155,76431,ATCTACTGTCACGA,cell_121346,53801,"X,spliced,unspliced"
7156,76434,ATCTGACTATGTCG,cell_121351,53801,"X,spliced,unspliced"
7157,76436,ATCTGACTTCCGTC,cell_121354,53801,"X,spliced,unspliced"
7158,76439,ATCTGGGAGTCTGA,cell_121360,53801,"X,spliced,unspliced"
7159,76445,ATCTTGACGTGTTG,cell_121369,53801,"X,spliced,unspliced"
7160,76456,ATGACGTGCTTGTT,cell_121385,53801,"X,spliced,unspliced"
7161,76467,ATGCAGACCCTTTA,cell_121402,53801,"X,spliced,unspliced"
7162,76471,ATGCCAGAAAGCAA,cell_121408,53801,"X,spliced,unspliced"
7163,76485,ATGCTTTGAACGGG,cell_121427,53801,"X,spliced,unspliced"
7164,76486,ATGCTTTGCAGATC,cell_121428,53801,"X,spliced,unspliced"
7165,76499,ATGTCACTCCGTTC,cell_121446,53801,"X,spliced,unspliced"
7166,76501,ATGTCGGAAACCTG,cell_121449,53801,"X,spliced,unspliced"
7167,76503,ATGTTAGATTGACG,cell_121451,53801,"X,spliced,unspliced"
7168,76504,ATGTTCACTGACTG,cell_121452,53801,"X,spliced,unspliced"
7169,76507,ATTAACGAAAGGCG,cell_121455,53801,"X,spliced,unspliced"
7170,76514,ATTACCACACGTAC,cell_121463,53801,"X,spliced,unspliced"
7171,76515,ATTACCACAGCATC,cell_121464,53801,"X,spliced,unspliced"
7172,76525,ATTCAAGAACCCAA,cell_121481,53801,"X,spliced,unspliced"
7173,76548,ATTGCGGATCTTTG,cell_121518,53801,"X,spliced,unspliced"
7174,76549,ATTGCTACGGCGAA,cell_121520,53801,"X,spliced,unspliced"
7175,76550,ATTGGGTGAGAGGC,cell_121525,53801,"X,spliced,unspliced"
7176,76558,ATTGGTCTGCTATG,cell_121534,53801,"X,spliced,unspliced"
7177,76559,ATTGTAGAGAACCT,cell_121535,53801,"X,spliced,unspliced"
7178,76563,ATTGTCTGTTCCCG,cell_121542,53801,"X,spliced,unspliced"
7179,76570,ATTTCGTGGGTCAT,cell_121551,53801,"X,spliced,unspliced"
7180,76575,CAAACTCTTGCACA,cell_121560,53801,"X,spliced,unspliced"
7181,76586,CAACCAGACATGCA,cell_121580,53801,"X,spliced,unspliced"
7182,76592,CAACGAACTCTCTA,cell_121588,53801,"X,spliced,unspliced"
7183,76600,CAAGAAGACTCAAG,cell_121600,53801,"X,spliced,unspliced"
7184,76614,CAAGCCCTAACGGG,cell_121618,53801,"X,spliced,unspliced"
7185,76617,CAAGCTGAGGCAAG,cell_121622,53801,"X,spliced,unspliced"
7186,76622,CAAGGACTCAGTCA,cell_121628,53801,"X,spliced,unspliced"
7187,76635,CAAGTTCTTGTTCT,cell_121644,53801,"X,spliced,unspliced"
7188,76637,CAATAATGGAGGTG,cell_121647,53801,"X,spliced,unspliced"
7189,76639,CAATAATGTTCAGG,cell_121650,53801,"X,spliced,unspliced"
7190,76644,CAATCTACGGTAGG,cell_121658,53801,"X,spliced,unspliced"
7191,76645,CAATCTACTTCCAT,cell_121659,53801,"X,spliced,unspliced"
7192,76649,CAATGGACGTTCTT,cell_121663,53801,"X,spliced,unspliced"
7193,76651,CAATTCACACCGAT,cell_121665,53801,"X,spliced,unspliced"
7194,76658,CACAACGACGACAT,cell_121675,53801,"X,spliced,unspliced"
7195,76664,CACAATCTTCGCCT,cell_121682,53801,"X,spliced,unspliced"
7196,76671,CACAGATGTGAGAA,cell_121690,53801,"X,spliced,unspliced"
7197,76691,CACCGTTGCTTCTA,cell_121713,53801,"X,spliced,unspliced"
7198,76692,CACCGTTGGGAGCA,cell_121714,53801,"X,spliced,unspliced"
7199,76693,CACCGTTGGGTTCA,cell_121715,53801,"X,spliced,unspliced"
7200,76699,CACGACCTAAGCAA,cell_121722,53801,"X,spliced,unspliced"
7201,76700,CACGACCTAGTCAC,cell_121723,53801,"X,spliced,unspliced"
7202,76706,CACGGGACCTAAGC,cell_121734,53801,"X,spliced,unspliced"
7203,76708,CACGGGACGTTGCA,cell_121737,53801,"X,spliced,unspliced"
7204,76717,CACTAGGATTTCAC,cell_121749,53801,"X,spliced,unspliced"
7205,76718,CACTATACAGCCAT,cell_121750,53801,"X,spliced,unspliced"
7206,76733,CACTTATGTGAGGG,cell_121775,53801,"X,spliced,unspliced"
7207,76739,CAGACAACCTACTT,cell_121783,53801,"X,spliced,unspliced"
7208,76744,CAGACATGTTGGTG,cell_121791,53801,"X,spliced,unspliced"
7209,76748,CAGACCCTTGAGCT,cell_121795,53801,"X,spliced,unspliced"
7211,76753,CAGATCGAACAGTC,cell_121802,53801,"X,spliced,unspliced"
7212,76754,CAGATCGACATCAG,cell_121804,53801,"X,spliced,unspliced"
7213,76755,CAGATGACAATCGC,cell_121806,53801,"X,spliced,unspliced"
7214,76758,CAGATGACTTCGGA,cell_121810,53801,"X,spliced,unspliced"
7215,76798,CAGGGCACGCTGAT,cell_121855,53801,"X,spliced,unspliced"
7216,76801,CAGGTAACGCGAAG,cell_121858,53801,"X,spliced,unspliced"
7217,76812,CAGTGTGAGATGAA,cell_121871,53801,"X,spliced,unspliced"
7218,76820,CATAACCTTAAAGG,cell_121887,53801,"X,spliced,unspliced"
7219,76821,CATACTTGATTCGG,cell_121891,53801,"X,spliced,unspliced"
7220,76839,CATCGGCTAACCAC,cell_121916,53801,"X,spliced,unspliced"
7221,76852,CATGGATGTCCTGC,cell_121936,53801,"X,spliced,unspliced"
7222,76858,CATGTACTCCTATT,cell_121943,53801,"X,spliced,unspliced"
7223,76863,CATGTTACTCGACA,cell_121950,53801,"X,spliced,unspliced"
7224,76867,CATGTTTGAGGTTC,cell_121954,53801,"X,spliced,unspliced"
7225,76868,CATGTTTGCTAGCA,cell_121955,53801,"X,spliced,unspliced"
7226,76897,CCAAGTGAAACGAA,cell_122002,53801,"X,spliced,unspliced"
7227,76903,CCAATTTGCCGAAT,cell_122009,53801,"X,spliced,unspliced"
7228,76904,CCAATTTGTACAGC,cell_122010,53801,"X,spliced,unspliced"
7229,76906,CCAATTTGTCTAGG,cell_122012,53801,"X,spliced,unspliced"
7230,76907,CCACCATGAAGCAA,cell_122013,53801,"X,spliced,unspliced"
7231,76921,CCACTTCTCTCCCA,cell_122029,53801,"X,spliced,unspliced"
7232,76932,CCAGCACTGTTAGC,cell_122044,53801,"X,spliced,unspliced"
7233,76934,CCAGCGGAGCGATT,cell_122046,53801,"X,spliced,unspliced"
7234,76935,CCAGCTACGACAAA,cell_122048,53801,"X,spliced,unspliced"
7235,76936,CCAGCTACGCTGAT,cell_122049,53801,"X,spliced,unspliced"
7236,76939,CCAGGTCTTGGCAT,cell_122054,53801,"X,spliced,unspliced"
7237,76946,CCAGTGCTACGTAC,cell_122065,53801,"X,spliced,unspliced"
7238,76955,CCATCGTGTCCTAT,cell_122081,53801,"X,spliced,unspliced"
7239,76971,CCCGATTGCGAGAG,cell_122111,53801,"X,spliced,unspliced"
7240,76976,CCCTACGACTACTT,cell_122120,53801,"X,spliced,unspliced"
7241,76977,CCCTACGACTCATT,cell_122121,53801,"X,spliced,unspliced"
7242,76981,CCCTACGATCCGTC,cell_122125,53801,"X,spliced,unspliced"
7243,76991,CCCTGATGTAGCGT,cell_122136,53801,"X,spliced,unspliced"
7244,76993,CCGAAAACCTTAGG,cell_122139,53801,"X,spliced,unspliced"
7245,77016,CCGGTACTAGCCAT,cell_122172,53801,"X,spliced,unspliced"
7246,77023,CCTAAGGAGGTGGA,cell_122189,53801,"X,spliced,unspliced"
7247,77048,CCTGAGCTGTTGCA,cell_122233,53801,"X,spliced,unspliced"
7248,77057,CCTTCACTCCTCAC,cell_122248,53801,"X,spliced,unspliced"
7249,77066,CGAAGGGAGCTGTA,cell_122259,53801,"X,spliced,unspliced"
7250,77078,CGACTCACAAGCCT,cell_122279,53801,"X,spliced,unspliced"
7251,77080,CGACTCACGACGAG,cell_122281,53801,"X,spliced,unspliced"
7252,77081,CGACTCACGTCCTC,cell_122283,53801,"X,spliced,unspliced"
7253,77082,CGACTCTGAAGCAA,cell_122284,53801,"X,spliced,unspliced"
7254,77090,CGAGATTGTCTTCA,cell_122296,53801,"X,spliced,unspliced"
7255,77104,CGAGGGCTACGGAG,cell_122314,53801,"X,spliced,unspliced"
7256,77109,CGATAGACGTTAGC,cell_122322,53801,"X,spliced,unspliced"
7257,77110,CGATAGACGTTCTT,cell_122323,53801,"X,spliced,unspliced"
7258,77112,CGATCAGACAAAGA,cell_122326,53801,"X,spliced,unspliced"
7259,77125,CGCACGGACGCATA,cell_122345,53801,"X,spliced,unspliced"
7260,77129,CGCACTACAAGGTA,cell_122350,53801,"X,spliced,unspliced"
7261,77135,CGCACTACTCGACA,cell_122357,53801,"X,spliced,unspliced"
7262,77147,CGCCATACGGAGTG,cell_122373,53801,"X,spliced,unspliced"
7263,77153,CGCCGAGAGGATTC,cell_122380,53801,"X,spliced,unspliced"
7264,77156,CGCCTAACCACTTT,cell_122384,53801,"X,spliced,unspliced"
7265,77159,CGCGAGACAAAGTG,cell_122388,53801,"X,spliced,unspliced"
7266,77184,CGGAATTGCCTAAG,cell_122424,53801,"X,spliced,unspliced"
7267,77197,CGGAGGCTGAGGAC,cell_122448,53801,"X,spliced,unspliced"
7268,77198,CGGAGGCTGTGTTG,cell_122450,53801,"X,spliced,unspliced"
7269,77202,CGGATAACTCCGTC,cell_122456,53801,"X,spliced,unspliced"
7270,77203,CGGATAACTCGCCT,cell_122457,53801,"X,spliced,unspliced"
7271,77204,CGGATAACTCTAGG,cell_122458,53801,"X,spliced,unspliced"
7272,77208,CGGCACGAGGACAG,cell_122463,53801,"X,spliced,unspliced"
7273,77213,CGGCGAACCCTGTC,cell_122471,53801,"X,spliced,unspliced"
7274,77222,CGGTAAACGCTTAG,cell_122482,53801,"X,spliced,unspliced"
7275,77243,CGTCAAGATTTACC,cell_122513,53801,"X,spliced,unspliced"
7276,77265,CGTTATACCACTCC,cell_122547,53801,"X,spliced,unspliced"
7277,77278,CTAACGGATGTGGT,cell_122565,53801,"X,spliced,unspliced"
7278,77280,CTAAGGACATCAGC,cell_122567,53801,"X,spliced,unspliced"
7279,77284,CTAAGGACTGTTTC,cell_122571,53801,"X,spliced,unspliced"
7280,77291,CTAATAGACAGTTG,cell_122580,53801,"X,spliced,unspliced"
7281,77295,CTAATGCTTCCTCG,cell_122585,53801,"X,spliced,unspliced"
7282,77304,CTACTCCTGGACAG,cell_122602,53801,"X,spliced,unspliced"
7283,77310,CTAGGATGTCTGGA,cell_122610,53801,"X,spliced,unspliced"
7284,77319,CTATAGCTATCTCT,cell_122629,53801,"X,spliced,unspliced"
7285,77320,CTATAGCTCATACG,cell_122630,53801,"X,spliced,unspliced"
7286,77322,CTATCAACATGCCA,cell_122633,53801,"X,spliced,unspliced"
7287,77323,CTATCATGTCTTAC,cell_122639,53801,"X,spliced,unspliced"
7288,77325,CTATCCCTCTGTCC,cell_122641,53801,"X,spliced,unspliced"
7289,77342,CTCAATTGTTTGCT,cell_122667,53801,"X,spliced,unspliced"
7290,77345,CTCAGCACGTTCTT,cell_122671,53801,"X,spliced,unspliced"
7291,77352,CTCATTGAACGTAC,cell_122681,53801,"X,spliced,unspliced"
7292,77363,CTCGAAGACCGATA,cell_122699,53801,"X,spliced,unspliced"
7293,77366,CTCGACTGAGAGTA,cell_122706,53801,"X,spliced,unspliced"
7294,77370,CTCGCATGTTTCAC,cell_122714,53801,"X,spliced,unspliced"
7295,77374,CTGAACGAACGTAC,cell_122720,53801,"X,spliced,unspliced"
7296,77385,CTGAGAACGGAGTG,cell_122736,53801,"X,spliced,unspliced"
7297,77386,CTGAGCCTAAGCCT,cell_122738,53801,"X,spliced,unspliced"
7298,77396,CTGCCAACACTACG,cell_122754,53801,"X,spliced,unspliced"
7299,77397,CTGCCAACGCCATA,cell_122755,53801,"X,spliced,unspliced"
7300,77403,CTGGATGAGCGAGA,cell_122761,53801,"X,spliced,unspliced"
7301,77414,CTGTATACTGGTTG,cell_122777,53801,"X,spliced,unspliced"
7302,77431,CTTACTGACATCAG,cell_122801,53801,"X,spliced,unspliced"
7303,77435,CTTAGACTCCTAAG,cell_122805,53801,"X,spliced,unspliced"
7304,77447,CTTCTAGAAGCTCA,cell_122822,53801,"X,spliced,unspliced"
7305,77460,CTTTACGATGCAGT,cell_122841,53801,"X,spliced,unspliced"
7306,77465,CTTTCAGAAGGAGC,cell_122850,53801,"X,spliced,unspliced"
7307,77468,CTTTGATGACGGGA,cell_122854,53801,"X,spliced,unspliced"
7308,77470,CTTTGATGGCATCA,cell_122856,53801,"X,spliced,unspliced"
7309,77477,GAAACAGATCGTAG,cell_122867,53801,"X,spliced,unspliced"
7310,77484,GAAATACTGTTCGA,cell_122877,53801,"X,spliced,unspliced"
7311,77488,GAACCAACCTAGTG,cell_122883,53801,"X,spliced,unspliced"
7312,77495,GAAGAATGTATCGG,cell_122897,53801,"X,spliced,unspliced"
7313,77517,GAAGTAGAGGACGA,cell_122926,53801,"X,spliced,unspliced"
7314,77519,GAAGTCACAGTCAC,cell_122929,53801,"X,spliced,unspliced"
7315,77530,GAATGCACCAGGAG,cell_122949,53801,"X,spliced,unspliced"
7316,77532,GAATGCACTTCAGG,cell_122951,53801,"X,spliced,unspliced"
7317,77534,GAATGGCTCTCTCG,cell_122955,53801,"X,spliced,unspliced"
7318,77535,GAATTAACTGACAC,cell_122957,53801,"X,spliced,unspliced"
7319,77541,GACAGGGAAGTCGT,cell_122970,53801,"X,spliced,unspliced"
7320,77549,GACATTCTGGGCAA,cell_122984,53801,"X,spliced,unspliced"
7321,77553,GACCCTACTCCAAG,cell_122994,53801,"X,spliced,unspliced"
7322,77587,GAGAAATGCTCGCT,cell_123048,53801,"X,spliced,unspliced"
7323,77604,GAGCGAGAGAGCAG,cell_123075,53801,"X,spliced,unspliced"
7324,77612,GAGGATCTTCCGAA,cell_123092,53801,"X,spliced,unspliced"
7325,77613,GAGGCAGACGTACA,cell_123093,53801,"X,spliced,unspliced"
7326,77621,GAGGGATGAGTACC,cell_123104,53801,"X,spliced,unspliced"
7327,77640,GAGTAAGATTAGGC,cell_123131,53801,"X,spliced,unspliced"
7328,77645,GAGTACTGTATTCC,cell_123138,53801,"X,spliced,unspliced"
7329,77648,GAGTCTGAGACAAA,cell_123142,53801,"X,spliced,unspliced"
7330,77677,GATCCGCTGCGATT,cell_123187,53801,"X,spliced,unspliced"
7331,77681,GATCGATGAGCACT,cell_123194,53801,"X,spliced,unspliced"
7332,77683,GATCTACTTGACTG,cell_123201,53801,"X,spliced,unspliced"
7333,77696,GATGCCCTGAGATA,cell_123223,53801,"X,spliced,unspliced"
7334,77703,GATTCGGAGCAAGG,cell_123234,53801,"X,spliced,unspliced"
7335,77705,GATTCGGATCCTTA,cell_123237,53801,"X,spliced,unspliced"
7336,77711,GATTGGACAAGGGC,cell_123245,53801,"X,spliced,unspliced"
7337,77713,GATTGGACGGCAAG,cell_123249,53801,"X,spliced,unspliced"
7338,77719,GATTTAGAGTGTAC,cell_123257,53801,"X,spliced,unspliced"
7339,77738,GCACACCTACGGAG,cell_123281,53801,"X,spliced,unspliced"
7340,77744,GCACCACTACACTG,cell_123287,53801,"X,spliced,unspliced"
7341,77755,GCACGTCTCATCAG,cell_123304,53801,"X,spliced,unspliced"
7342,77761,GCAGATACCATGCA,cell_123314,53801,"X,spliced,unspliced"
7343,77766,GCAGCCGAGTGTCA,cell_123322,53801,"X,spliced,unspliced"
7344,77777,GCAGGCACGTAAAG,cell_123337,53801,"X,spliced,unspliced"
7345,77784,GCATCAGATCTAGG,cell_123350,53801,"X,spliced,unspliced"
7346,77786,GCATGATGGGATTC,cell_123354,53801,"X,spliced,unspliced"
7347,77794,GCATGTGATGTAGC,cell_123363,53801,"X,spliced,unspliced"
7348,77802,GCCAAATGGGTGGA,cell_123376,53801,"X,spliced,unspliced"
7349,77812,GCCATGCTTGTCGA,cell_123391,53801,"X,spliced,unspliced"
7350,77821,GCCGGAACAACGTC,cell_123403,53801,"X,spliced,unspliced"
7351,77841,GCGAGAGAAGAGGC,cell_123434,53801,"X,spliced,unspliced"
7352,77843,GCGATATGAATGCC,cell_123440,53801,"X,spliced,unspliced"
7353,77855,GCGCGAACTTCCCG,cell_123455,53801,"X,spliced,unspliced"
7354,77858,GCGGAGCTAACAGA,cell_123461,53801,"X,spliced,unspliced"
7355,77862,GCGGCAACTGCTTT,cell_123466,53801,"X,spliced,unspliced"
7356,77870,GCGTAATGGAAGGC,cell_123477,53801,"X,spliced,unspliced"
7357,77876,GCTACCTGGAGAGC,cell_123493,53801,"X,spliced,unspliced"
7358,77880,GCTACGCTTTCGTT,cell_123497,53801,"X,spliced,unspliced"
7359,77884,GCTATACTGATAAG,cell_123506,53801,"X,spliced,unspliced"
7360,77896,GCTGATGAAGAACA,cell_123524,53801,"X,spliced,unspliced"
7361,77904,GCTTGAGAACGACT,cell_123533,53801,"X,spliced,unspliced"
7362,77908,GGAACACTGAGCTT,cell_123538,53801,"X,spliced,unspliced"
7363,77912,GGAACTACCCTCGT,cell_123542,53801,"X,spliced,unspliced"
7364,77920,GGAAGGACTCGCCT,cell_123553,53801,"X,spliced,unspliced"
7365,77921,GGAAGGACTTGGTG,cell_123554,53801,"X,spliced,unspliced"
7366,77931,GGACCGTGGAACCT,cell_123572,53801,"X,spliced,unspliced"
7367,77935,GGACCGTGTCATTC,cell_123577,53801,"X,spliced,unspliced"
7368,77945,GGAGACGAGGAGTG,cell_123594,53801,"X,spliced,unspliced"
7369,77961,GGAGGTGACCACCT,cell_123619,53801,"X,spliced,unspliced"
7370,77972,GGAGTTTGTGTCCC,cell_123633,53801,"X,spliced,unspliced"
7371,77980,GGATGTTGCATTTC,cell_123645,53801,"X,spliced,unspliced"
7372,77981,GGATGTTGCTGGAT,cell_123646,53801,"X,spliced,unspliced"
7373,77983,GGATTTCTTGCCCT,cell_123652,53801,"X,spliced,unspliced"
7374,77996,GGCATATGTAGAGA,cell_123674,53801,"X,spliced,unspliced"
7375,77997,GGCATATGTCCAAG,cell_123675,53801,"X,spliced,unspliced"
7376,78007,GGCGACACAGTCGT,cell_123689,53801,"X,spliced,unspliced"
7377,78017,GGCGCATGGTTGAC,cell_123701,53801,"X,spliced,unspliced"
7378,78021,GGCGGACTGGTATC,cell_123705,53801,"X,spliced,unspliced"
7379,78023,GGCTAAACTCTCAT,cell_123711,53801,"X,spliced,unspliced"
7380,78047,GGGATTACTGTGAC,cell_123746,53801,"X,spliced,unspliced"
7381,78054,GGGCCAACTCTACT,cell_123755,53801,"X,spliced,unspliced"
7382,78055,GGGCCAACTTCGTT,cell_123756,53801,"X,spliced,unspliced"
7383,78069,GGGTTATGTTACCT,cell_123777,53801,"X,spliced,unspliced"
7384,78073,GGTACAACTGGTGT,cell_123782,53801,"X,spliced,unspliced"
7385,78074,GGTACATGAAGGCG,cell_123783,53801,"X,spliced,unspliced"
7386,78075,GGTACATGTCCTCG,cell_123784,53801,"X,spliced,unspliced"
7387,78076,GGTACATGTCGTAG,cell_123785,53801,"X,spliced,unspliced"
7388,78087,GGTTTACTACCTAG,cell_123803,53801,"X,spliced,unspliced"
7389,78088,GGTTTACTCGACAT,cell_123805,53801,"X,spliced,unspliced"
7390,78092,GTAACGTGAGAGAT,cell_123810,53801,"X,spliced,unspliced"
7391,78097,GTAATAACCATGGT,cell_123817,53801,"X,spliced,unspliced"
7392,78107,GTACGAACCTTATC,cell_123829,53801,"X,spliced,unspliced"
7393,78110,GTACGTGATCGCCT,cell_123833,53801,"X,spliced,unspliced"
7394,78120,GTAGCATGACCAGT,cell_123848,53801,"X,spliced,unspliced"
7395,78121,GTAGCATGACTCTT,cell_123849,53801,"X,spliced,unspliced"
7396,78123,GTAGCCCTAAAAGC,cell_123852,53801,"X,spliced,unspliced"
7397,78131,GTAGTCGATCCGAA,cell_123865,53801,"X,spliced,unspliced"
7398,78139,GTATGGTGACACGT,cell_123875,53801,"X,spliced,unspliced"
7399,78142,GTATGGTGGGTAGG,cell_123879,53801,"X,spliced,unspliced"
7400,78145,GTATTCACCTGTGA,cell_123885,53801,"X,spliced,unspliced"
7401,78152,GTCAACGATCTCGC,cell_123892,53801,"X,spliced,unspliced"
7402,78155,GTCACAGACTCAGA,cell_123896,53801,"X,spliced,unspliced"
7403,78157,GTCACAGATGGTAC,cell_123898,53801,"X,spliced,unspliced"
7404,78165,GTCCAAGATCCTCG,cell_123912,53801,"X,spliced,unspliced"
7405,78193,GTGAGGGAAGCATC,cell_123958,53801,"X,spliced,unspliced"
7406,78194,GTGATCGAAGTAGA,cell_123959,53801,"X,spliced,unspliced"
7407,78198,GTGATTCTAACCGT,cell_123963,53801,"X,spliced,unspliced"
7408,78210,GTGGATTGACACAC,cell_123981,53801,"X,spliced,unspliced"
7409,78211,GTGGATTGATGCTG,cell_123983,53801,"X,spliced,unspliced"
7410,78218,GTGTACGACCAAGT,cell_123990,53801,"X,spliced,unspliced"
7411,78227,GTGTGATGGACAGG,cell_124003,53801,"X,spliced,unspliced"
7412,78238,GTTAACCTTGTCCC,cell_124021,53801,"X,spliced,unspliced"
7413,78250,GTTATGCTAAGAAC,cell_124039,53801,"X,spliced,unspliced"
7415,78269,GTTTAAGAGGGATG,cell_124069,53801,"X,spliced,unspliced"
7416,78272,TAAACAACACACGT,cell_124073,53801,"X,spliced,unspliced"
7417,78279,TAAAGACTTCGCAA,cell_124086,53801,"X,spliced,unspliced"
7418,78311,TAAGCGTGCCTAAG,cell_124132,53801,"X,spliced,unspliced"
7419,78314,TAAGCTCTGAATAG,cell_124135,53801,"X,spliced,unspliced"
7420,78316,TAAGCTCTGGCATT,cell_124137,53801,"X,spliced,unspliced"
7421,78318,TAAGTAACGCCTTC,cell_124142,53801,"X,spliced,unspliced"
7422,78325,TAATCGCTCTTGTT,cell_124154,53801,"X,spliced,unspliced"
7423,78357,TACCGAGAGACAGG,cell_124193,53801,"X,spliced,unspliced"
7424,78359,TACCGAGAGTTTCT,cell_124195,53801,"X,spliced,unspliced"
7425,78369,TACGAGACCCTTCG,cell_124212,53801,"X,spliced,unspliced"
7426,78371,TACGAGACGTTGAC,cell_124215,53801,"X,spliced,unspliced"
7427,78375,TACGATCTCTCTTA,cell_124222,53801,"X,spliced,unspliced"
7428,78382,TACGCGCTTATTCC,cell_124232,53801,"X,spliced,unspliced"
7429,78411,TAGAATTGGACTAC,cell_124276,53801,"X,spliced,unspliced"
7430,78415,TAGAGAGACAAAGA,cell_124282,53801,"X,spliced,unspliced"
7431,78417,TAGAGCACCTCATT,cell_124284,53801,"X,spliced,unspliced"
7432,78426,TAGCCCACTGAGGG,cell_124296,53801,"X,spliced,unspliced"
7433,78451,TAGTAAACCCCTCA,cell_124340,53801,"X,spliced,unspliced"
7434,78453,TAGTAATGAAGGGC,cell_124342,53801,"X,spliced,unspliced"
7435,78457,TAGTACCTAGTTCG,cell_124347,53801,"X,spliced,unspliced"
7436,78466,TAGTCTTGAAAGTG,cell_124359,53801,"X,spliced,unspliced"
7437,78470,TAGTGGTGGACACT,cell_124366,53801,"X,spliced,unspliced"
7438,78480,TATAAGACGTTGTG,cell_124381,53801,"X,spliced,unspliced"
7439,78482,TATAAGTGGACACT,cell_124385,53801,"X,spliced,unspliced"
7440,78483,TATAAGTGGGTCTA,cell_124386,53801,"X,spliced,unspliced"
7441,78486,TATACAGACTTAGG,cell_124390,53801,"X,spliced,unspliced"
7442,78496,TATAGATGTCGCCT,cell_124404,53801,"X,spliced,unspliced"
7443,78502,TATCAGCTGTGCTA,cell_124412,53801,"X,spliced,unspliced"
7444,78503,TATCCAACAGCCAT,cell_124413,53801,"X,spliced,unspliced"
7445,78505,TATCCAACTTGACG,cell_124415,53801,"X,spliced,unspliced"
7446,78513,TATCTTCTACAGTC,cell_124428,53801,"X,spliced,unspliced"
7447,78528,TATGCGGATGCCTC,cell_124444,53801,"X,spliced,unspliced"
7448,78532,TATGGGACCTGAGT,cell_124448,53801,"X,spliced,unspliced"
7449,78533,TATGGGACGTTGCA,cell_124450,53801,"X,spliced,unspliced"
7450,78547,TATTTCCTGATAGA,cell_124472,53801,"X,spliced,unspliced"
7451,78566,TCACCGTGAAGAGT,cell_124500,53801,"X,spliced,unspliced"
7452,78570,TCACCGTGTTCCAT,cell_124505,53801,"X,spliced,unspliced"
7453,78582,TCACTATGGTCGTA,cell_124519,53801,"X,spliced,unspliced"
7454,78603,TCAGTTACTTCCCG,cell_124554,53801,"X,spliced,unspliced"
7455,78607,TCATCAACTTGACG,cell_124559,53801,"X,spliced,unspliced"
7456,78608,TCATCATGGGAACG,cell_124560,53801,"X,spliced,unspliced"
7457,78613,TCATGTACACGGGA,cell_124568,53801,"X,spliced,unspliced"
7458,78614,TCATTCGAATCGGT,cell_124570,53801,"X,spliced,unspliced"
7459,78621,TCATTGACGCTAAC,cell_124577,53801,"X,spliced,unspliced"
7460,78627,TCCAGAGACATGAC,cell_124587,53801,"X,spliced,unspliced"
7461,78631,TCCATAACACCACA,cell_124591,53801,"X,spliced,unspliced"
7462,78647,TCCCTACTGTTGTG,cell_124617,53801,"X,spliced,unspliced"
7463,78655,TCCTAAACGGAGTG,cell_124630,53801,"X,spliced,unspliced"
7464,78658,TCCTACCTTCTCGC,cell_124638,53801,"X,spliced,unspliced"
7465,78662,TCGAATCTGCGAAG,cell_124644,53801,"X,spliced,unspliced"
7466,78667,TCGACGCTCTTGGA,cell_124650,53801,"X,spliced,unspliced"
7467,78682,TCGATTTGGGTATC,cell_124669,53801,"X,spliced,unspliced"
7468,78685,TCGCACTGGGGTGA,cell_124678,53801,"X,spliced,unspliced"
7469,78686,TCGCAGCTGTGAGG,cell_124679,53801,"X,spliced,unspliced"
7470,78692,TCGGACCTAACGTC,cell_124689,53801,"X,spliced,unspliced"
7471,78705,TCGTGAGAATTCGG,cell_124708,53801,"X,spliced,unspliced"
7472,78706,TCGTGAGATGTCAG,cell_124709,53801,"X,spliced,unspliced"
7473,78708,TCGTTATGCTAGCA,cell_124711,53801,"X,spliced,unspliced"
7474,78729,TCTCTAGACGTTGA,cell_124744,53801,"X,spliced,unspliced"
7475,78732,TCTTACGAACCCTC,cell_124748,53801,"X,spliced,unspliced"
7476,78736,TCTTACGATCTAGG,cell_124752,53801,"X,spliced,unspliced"
7477,78739,TCTTCAGATGCCCT,cell_124756,53801,"X,spliced,unspliced"
7478,78740,TCTTGATGATTGGC,cell_124757,53801,"X,spliced,unspliced"
7479,78748,TGAACCGATTGCTT,cell_124767,53801,"X,spliced,unspliced"
7480,78756,TGACCAGATCCTCG,cell_124778,53801,"X,spliced,unspliced"
7481,78772,TGAGACACTTAGGC,cell_124810,53801,"X,spliced,unspliced"
7482,78779,TGAGCTGATGGTAC,cell_124819,53801,"X,spliced,unspliced"
7483,78785,TGAGTCGAACTGGT,cell_124825,53801,"X,spliced,unspliced"
7484,78789,TGAGTGACTCTTTG,cell_124831,53801,"X,spliced,unspliced"
7485,78790,TGATAAACGTAAGA,cell_124835,53801,"X,spliced,unspliced"
7486,78795,TGATCACTTACTGG,cell_124846,53801,"X,spliced,unspliced"
7487,78807,TGCAACGACGGGAA,cell_124861,53801,"X,spliced,unspliced"
7488,78809,TGCAAGACGTACAC,cell_124865,53801,"X,spliced,unspliced"
7489,78815,TGCAATCTTCGCTC,cell_124874,53801,"X,spliced,unspliced"
7490,78824,TGCCACTGGAATCC,cell_124888,53801,"X,spliced,unspliced"
7491,78830,TGCCCAACCTTGGA,cell_124895,53801,"X,spliced,unspliced"
7492,78833,TGCGAAACTCTCGC,cell_124903,53801,"X,spliced,unspliced"
7493,78844,TGCTATACTGCAGT,cell_124919,53801,"X,spliced,unspliced"
7494,78848,TGGAAAGACGTACA,cell_124927,53801,"X,spliced,unspliced"
7495,78873,TGGATCGACCTTGC,cell_124962,53801,"X,spliced,unspliced"
7496,78874,TGGATCGATCCTTA,cell_124964,53801,"X,spliced,unspliced"
7497,78876,TGGATGACATCGTG,cell_124967,53801,"X,spliced,unspliced"
7498,78880,TGGCAATGAGTGTC,cell_124976,53801,"X,spliced,unspliced"
7499,78890,TGGTAGTGGGACGA,cell_124992,53801,"X,spliced,unspliced"
7500,78892,TGGTATCTAGTACC,cell_124995,53801,"X,spliced,unspliced"
7501,78900,TGTAAAACGCTGTA,cell_125007,53801,"X,spliced,unspliced"
7502,78903,TGTAACCTTTGGCA,cell_125011,53801,"X,spliced,unspliced"
7503,78904,TGTAACCTTTTCTG,cell_125012,53801,"X,spliced,unspliced"
7504,78905,TGTAATGAAACCGT,cell_125013,53801,"X,spliced,unspliced"
7505,78920,TGTATGCTACTCAG,cell_125032,53801,"X,spliced,unspliced"
7506,78926,TGTCAGGAGACTAC,cell_125039,53801,"X,spliced,unspliced"
7507,78929,TGTGACGAACACCA,cell_125044,53801,"X,spliced,unspliced"
7508,78933,TGTGAGTGTGCACA,cell_125050,53801,"X,spliced,unspliced"
7509,78940,TGTGGATGCTGCTC,cell_125062,53801,"X,spliced,unspliced"
7510,78948,TTAACCACCTTGCC,cell_125076,53801,"X,spliced,unspliced"
7511,78953,TTACCATGTGACCA,cell_125087,53801,"X,spliced,unspliced"
7512,78962,TTAGAATGGCGATT,cell_125102,53801,"X,spliced,unspliced"
7513,78972,TTAGCTACTACTGG,cell_125117,53801,"X,spliced,unspliced"
7514,78983,TTAGTCACATTCCT,cell_125132,53801,"X,spliced,unspliced"
7515,78988,TTAGTCTGATTCTC,cell_125137,53801,"X,spliced,unspliced"
7516,78996,TTATGCACCTCGCT,cell_125147,53801,"X,spliced,unspliced"
7517,78998,TTATGGCTCGTTGA,cell_125150,53801,"X,spliced,unspliced"
7518,79005,TTCAAAGAGGTTTG,cell_125158,53801,"X,spliced,unspliced"
7519,79024,TTCAGTACGTGCAT,cell_125183,53801,"X,spliced,unspliced"
7520,79056,TTCTGATGACGACT,cell_125230,53801,"X,spliced,unspliced"
7521,79065,TTGACACTCTTCTA,cell_125243,53801,"X,spliced,unspliced"
7522,79085,TTGGAGACGTCTAG,cell_125271,53801,"X,spliced,unspliced"
7523,79087,TTGGAGACTTGCGA,cell_125273,53801,"X,spliced,unspliced"
7525,79092,TTGGGAACCTGGTA,cell_125278,53801,"X,spliced,unspliced"
7526,79095,TTGGTACTAACAGA,cell_125282,53801,"X,spliced,unspliced"
7527,79106,TTTAGCTGAGTTCG,cell_125303,53801,"X,spliced,unspliced"
7528,79107,TTTAGCTGTCCCAC,cell_125305,53801,"X,spliced,unspliced"
7529,79111,TTTAGGCTGTTCAG,cell_125310,53801,"X,spliced,unspliced"
7530,79117,TTTCCAGAAGGCGA,cell_125319,53801,"X,spliced,unspliced"
7531,79120,TTTCTACTCGGGAA,cell_125323,53801,"X,spliced,unspliced"
7532,79126,TTTGCATGTAAAGG,cell_125333,53801,"X,spliced,unspliced"
7533,79127,AAACATACTAAGCC,cell_125335,53801,"X,spliced,unspliced"
7534,79138,AAACGCTGCGCATA,cell_125349,53801,"X,spliced,unspliced"
7535,79141,AAACTTGAGGGAGT,cell_125352,53801,"X,spliced,unspliced"
7536,79148,AAAGCCTGCTATTC,cell_125364,53801,"X,spliced,unspliced"
7537,79162,AAATCTGATTGGCA,cell_125386,53801,"X,spliced,unspliced"
7538,79173,AACAAACTGTGTCA,cell_125399,53801,"X,spliced,unspliced"
7539,79186,AACACTCTCGTCTC,cell_125416,53801,"X,spliced,unspliced"
7540,79195,AACATTGAAGAGGC,cell_125429,53801,"X,spliced,unspliced"
7541,79209,AACCGCCTTACAGC,cell_125446,53801,"X,spliced,unspliced"
7542,79213,AACCTTTGTTCCGC,cell_125450,53801,"X,spliced,unspliced"
7543,79221,AACGCCCTAAGCAA,cell_125458,53801,"X,spliced,unspliced"
7544,79223,AACGCCCTTGCCCT,cell_125461,53801,"X,spliced,unspliced"
7545,79234,AACGTGTGTGCCCT,cell_125476,53801,"X,spliced,unspliced"
7546,79244,AACTCACTCTATGG,cell_125491,53801,"X,spliced,unspliced"
7547,79252,AACTGTCTTACAGC,cell_125501,53801,"X,spliced,unspliced"
7548,79254,AACTGTCTTTCCGC,cell_125503,53801,"X,spliced,unspliced"
7549,79278,AAGCCAACACGCTA,cell_125545,53801,"X,spliced,unspliced"
7550,79279,AAGCCAACCACTAG,cell_125546,53801,"X,spliced,unspliced"
7551,79290,AAGGTCTGTTGTGG,cell_125564,53801,"X,spliced,unspliced"
7552,79291,AAGGTGCTAGCAAA,cell_125566,53801,"X,spliced,unspliced"
7553,79298,AAGTCTCTCAGATC,cell_125581,53801,"X,spliced,unspliced"
7554,79307,AATAAGCTCCGCTT,cell_125597,53801,"X,spliced,unspliced"
7555,79314,AATAGGGACGAGTT,cell_125605,53801,"X,spliced,unspliced"
7556,79317,AATATCGATTTGCT,cell_125608,53801,"X,spliced,unspliced"
7557,79319,AATCAAACGAGGCA,cell_125611,53801,"X,spliced,unspliced"
7558,79337,AATCTCACCTTGCC,cell_125635,53801,"X,spliced,unspliced"
7559,79343,AATGGAGAACCACA,cell_125644,53801,"X,spliced,unspliced"
7560,79347,AATGTCCTCAATCG,cell_125654,53801,"X,spliced,unspliced"
7561,79359,AATTCCTGCTGTAG,cell_125668,53801,"X,spliced,unspliced"
7562,79362,AATTCCTGGACGGA,cell_125671,53801,"X,spliced,unspliced"
7563,79365,AATTGTGACGCATA,cell_125675,53801,"X,spliced,unspliced"
7564,79366,AATTGTGAGAGGAC,cell_125676,53801,"X,spliced,unspliced"
7565,79377,ACAACCGAGGACTT,cell_125690,53801,"X,spliced,unspliced"
7566,79378,ACAACCGAGGTCAT,cell_125691,53801,"X,spliced,unspliced"
7567,79389,ACAATCCTCTCCCA,cell_125706,53801,"X,spliced,unspliced"
7568,79390,ACAATCCTCTTCGC,cell_125707,53801,"X,spliced,unspliced"
7569,79395,ACACATCTAGAATG,cell_125712,53801,"X,spliced,unspliced"
7570,79399,ACACCCTGGATGAA,cell_125719,53801,"X,spliced,unspliced"
7571,79400,ACACCCTGGCAAGG,cell_125720,53801,"X,spliced,unspliced"
7572,79407,ACAGTCGACCGAAT,cell_125732,53801,"X,spliced,unspliced"
7573,79411,ACAGTCGATGTTCT,cell_125737,53801,"X,spliced,unspliced"
7574,79414,ACAGTGTGACCCAA,cell_125740,53801,"X,spliced,unspliced"
7575,79422,ACATACCTTATCTC,cell_125748,53801,"X,spliced,unspliced"
7576,79424,ACATCACTCCCACT,cell_125752,53801,"X,spliced,unspliced"
7577,79427,ACATGGTGAGTCAC,cell_125755,53801,"X,spliced,unspliced"
7578,79435,ACCAACGACCTAAG,cell_125764,53801,"X,spliced,unspliced"
7579,79437,ACCACAGAATAAGG,cell_125768,53801,"X,spliced,unspliced"
7580,79454,ACCATTTGGCTTCC,cell_125796,53801,"X,spliced,unspliced"
7581,79460,ACCCGTTGTCGCAA,cell_125809,53801,"X,spliced,unspliced"
7582,79477,ACCTCGTGTCGTTT,cell_125829,53801,"X,spliced,unspliced"
7583,79485,ACCTGGCTGAACTC,cell_125838,53801,"X,spliced,unspliced"
7584,79497,ACGACCCTGACAGG,cell_125856,53801,"X,spliced,unspliced"
7585,79500,ACGAGTACTTGCAG,cell_125861,53801,"X,spliced,unspliced"
7586,79511,ACGCACCTATGTCG,cell_125877,53801,"X,spliced,unspliced"
7587,79514,ACGCCTTGCTGGTA,cell_125880,53801,"X,spliced,unspliced"
7588,79525,ACGGCGTGCTTCTA,cell_125901,53801,"X,spliced,unspliced"
7589,79533,ACGGTATGCGTGAT,cell_125913,53801,"X,spliced,unspliced"
7590,79552,ACGTTGGACCAATG,cell_125942,53801,"X,spliced,unspliced"
7591,79565,ACTCCCGAACGTGT,cell_125962,53801,"X,spliced,unspliced"
7592,79577,ACTCTATGAAGAAC,cell_125980,53801,"X,spliced,unspliced"
7593,79582,ACTCTCCTTTCCAT,cell_125986,53801,"X,spliced,unspliced"
7594,79589,ACTGGCCTTACTGG,cell_125997,53801,"X,spliced,unspliced"
7595,79598,ACTTAGCTTACTTC,cell_126009,53801,"X,spliced,unspliced"
7596,79599,ACTTCAACGCGAGA,cell_126010,53801,"X,spliced,unspliced"
7597,79611,ACTTGGGATAACGC,cell_126024,53801,"X,spliced,unspliced"
7598,79614,ACTTGTACCTCTTA,cell_126027,53801,"X,spliced,unspliced"
7599,79617,AGAAACGAAGTGCT,cell_126032,53801,"X,spliced,unspliced"
7600,79620,AGAAAGTGGTCTTT,cell_126037,53801,"X,spliced,unspliced"
7601,79621,AGAAAGTGTCGCTC,cell_126039,53801,"X,spliced,unspliced"
7602,79623,AGAACGCTAGTACC,cell_126042,53801,"X,spliced,unspliced"
7603,79624,AGAACGCTGACGGA,cell_126043,53801,"X,spliced,unspliced"
7604,79643,AGACCTGACCTCCA,cell_126065,53801,"X,spliced,unspliced"
7605,79649,AGACTGACAGAGGC,cell_126077,53801,"X,spliced,unspliced"
7606,79656,AGAGATGAATCACG,cell_126089,53801,"X,spliced,unspliced"
7607,79657,AGAGATGAGAGGTG,cell_126091,53801,"X,spliced,unspliced"
7608,79661,AGAGCGGATGATGC,cell_126095,53801,"X,spliced,unspliced"
7609,79671,AGAGTCTGGAATAG,cell_126107,53801,"X,spliced,unspliced"
7610,79687,AGATTAACCGAACT,cell_126131,53801,"X,spliced,unspliced"
7611,79718,AGCCGGTGCTGCAA,cell_126178,53801,"X,spliced,unspliced"
7612,79728,AGCGATACATCGAC,cell_126191,53801,"X,spliced,unspliced"
7613,79732,AGCGCCGAGAGGTG,cell_126197,53801,"X,spliced,unspliced"
7614,79737,AGCGTAACTGAACC,cell_126207,53801,"X,spliced,unspliced"
7615,79740,AGCTCGCTGATGAA,cell_126210,53801,"X,spliced,unspliced"
7616,79748,AGGAACCTATTGGC,cell_126224,53801,"X,spliced,unspliced"
7617,79753,AGGAATGATCTCTA,cell_126230,53801,"X,spliced,unspliced"
7618,79760,AGGATAGATCACCC,cell_126241,53801,"X,spliced,unspliced"
7619,79761,AGGCAACTAGTGTC,cell_126242,53801,"X,spliced,unspliced"
7620,79764,AGGCAACTTCCAGA,cell_126245,53801,"X,spliced,unspliced"
7621,79780,AGGTACACCCCGTT,cell_126269,53801,"X,spliced,unspliced"
7622,79783,AGGTACTGTATTCC,cell_126274,53801,"X,spliced,unspliced"
7623,79787,AGGTCATGCTGATG,cell_126279,53801,"X,spliced,unspliced"
7624,79789,AGGTCTGAATGTGC,cell_126282,53801,"X,spliced,unspliced"
7625,79801,AGGTGTTGGGAGGT,cell_126299,53801,"X,spliced,unspliced"
7626,79810,AGTAATACTCTTAC,cell_126310,53801,"X,spliced,unspliced"
7627,79813,AGTACGTGGGCGAA,cell_126314,53801,"X,spliced,unspliced"
7628,79815,AGTAGAGAATCTTC,cell_126317,53801,"X,spliced,unspliced"
7629,79828,AGTCCAGACCTTGC,cell_126337,53801,"X,spliced,unspliced"
7630,79852,AGTTAAACACGCTA,cell_126369,53801,"X,spliced,unspliced"
7631,79853,AGTTAAACAGCACT,cell_126371,53801,"X,spliced,unspliced"
7632,79854,AGTTAAACAGCCAT,cell_126372,53801,"X,spliced,unspliced"
7633,79856,AGTTAAACCGGGAA,cell_126374,53801,"X,spliced,unspliced"
7634,79862,AGTTCTACACGACT,cell_126381,53801,"X,spliced,unspliced"
7635,79873,AGTTTCACTCTTCA,cell_126393,53801,"X,spliced,unspliced"
7636,79876,AGTTTGCTGCAGTT,cell_126397,53801,"X,spliced,unspliced"
7637,79883,ATAAGTACTCTATC,cell_126409,53801,"X,spliced,unspliced"
7638,79914,ATAGATACTGGAGG,cell_126456,53801,"X,spliced,unspliced"
7639,79915,ATAGATTGACCTTT,cell_126457,53801,"X,spliced,unspliced"
7640,79921,ATAGCGTGCCCGTT,cell_126464,53801,"X,spliced,unspliced"
7641,79924,ATAGCGTGTAAGCC,cell_126467,53801,"X,spliced,unspliced"
7642,79932,ATAGGAGAAACGTC,cell_126477,53801,"X,spliced,unspliced"
7643,79943,ATAGTTGATAAGGA,cell_126491,53801,"X,spliced,unspliced"
7644,79948,ATATGAACGGACAG,cell_126499,53801,"X,spliced,unspliced"
7645,79952,ATATGCCTCTTGGA,cell_126505,53801,"X,spliced,unspliced"
7646,79968,ATCACTTGTGCTGA,cell_126530,53801,"X,spliced,unspliced"
7647,79971,ATCAGGTGGGTGAG,cell_126534,53801,"X,spliced,unspliced"
7648,79978,ATCCAGGAATCACG,cell_126544,53801,"X,spliced,unspliced"
7649,79983,ATCCATACTAAGCC,cell_126549,53801,"X,spliced,unspliced"
7650,79992,ATCGACGATTGGTG,cell_126566,53801,"X,spliced,unspliced"
7651,80001,ATCGGAACGACAAA,cell_126580,53801,"X,spliced,unspliced"
7652,80023,ATCTGTTGCCCTTG,cell_126611,53801,"X,spliced,unspliced"
7653,80024,ATCTGTTGCCTTAT,cell_126612,53801,"X,spliced,unspliced"
7654,80031,ATGAAGGAAGGAGC,cell_126625,53801,"X,spliced,unspliced"
7655,80034,ATGAAGGACTCCCA,cell_126628,53801,"X,spliced,unspliced"
7656,80035,ATGAAGGATCTAGG,cell_126629,53801,"X,spliced,unspliced"
7657,80040,ATGAGAGAACGTTG,cell_126637,53801,"X,spliced,unspliced"
7658,80041,ATGAGAGAGTTCAG,cell_126638,53801,"X,spliced,unspliced"
7659,80049,ATGATATGATGTGC,cell_126648,53801,"X,spliced,unspliced"
7660,80065,ATGCGATGCCTATT,cell_126670,53801,"X,spliced,unspliced"
7661,80075,ATGCTTTGTTGTCT,cell_126687,53801,"X,spliced,unspliced"
7662,80081,ATGTAAACCTATTC,cell_126697,53801,"X,spliced,unspliced"
7663,80090,ATGTTAGAGGAGCA,cell_126711,53801,"X,spliced,unspliced"
7664,80092,ATGTTAGAGGGACA,cell_126713,53801,"X,spliced,unspliced"
7665,80101,ATTAAGACCGACTA,cell_126723,53801,"X,spliced,unspliced"
7666,80104,ATTACCACAGAAGT,cell_126727,53801,"X,spliced,unspliced"
7667,80123,ATTCTGACGATACC,cell_126765,53801,"X,spliced,unspliced"
7668,80146,ATTGCTTGTAAGCC,cell_126798,53801,"X,spliced,unspliced"
7669,80153,ATTGGTCTTCGTTT,cell_126806,53801,"X,spliced,unspliced"
7670,80158,ATTGTCTGTCCAGA,cell_126815,53801,"X,spliced,unspliced"
7671,80162,ATTTCCGAACCAGT,cell_126819,53801,"X,spliced,unspliced"
7672,80163,ATTTCGTGGAAACA,cell_126822,53801,"X,spliced,unspliced"
7673,80169,ATTTGCACGACGAG,cell_126831,53801,"X,spliced,unspliced"
7674,80170,ATTTGCACGGTGAG,cell_126832,53801,"X,spliced,unspliced"
7675,80179,CAAATTGATGATGC,cell_126849,53801,"X,spliced,unspliced"
7676,80182,CAACAGACGGTTAC,cell_126853,53801,"X,spliced,unspliced"
7677,80186,CAACGAACATGTCG,cell_126858,53801,"X,spliced,unspliced"
7678,80208,CAAGCTGACTTACT,cell_126892,53801,"X,spliced,unspliced"
7679,80217,CAAGTCGACTGAAC,cell_126908,53801,"X,spliced,unspliced"
7680,80225,CAATATGATGGAGG,cell_126923,53801,"X,spliced,unspliced"
7681,80252,CACAGCCTAGCACT,cell_126964,53801,"X,spliced,unspliced"
7682,80257,CACATACTGTCAAC,cell_126970,53801,"X,spliced,unspliced"
7683,80265,CACCGGGACCACAA,cell_126981,53801,"X,spliced,unspliced"
7684,80268,CACCGTACGTCTGA,cell_126984,53801,"X,spliced,unspliced"
7685,80275,CACGAAACTTGCAG,cell_126992,53801,"X,spliced,unspliced"
7686,80291,CACTAACTCTCCAC,cell_127013,53801,"X,spliced,unspliced"
7687,80292,CACTAGGACCTATT,cell_127014,53801,"X,spliced,unspliced"
7688,80294,CACTATACCTTACT,cell_127018,53801,"X,spliced,unspliced"
7689,80300,CACTCTCTAGTACC,cell_127028,53801,"X,spliced,unspliced"
7690,80301,CACTCTCTGATACC,cell_127029,53801,"X,spliced,unspliced"
7691,80306,CACTGAGATCACGA,cell_127035,53801,"X,spliced,unspliced"
7692,80315,CACTTTGAGAATCC,cell_127050,53801,"X,spliced,unspliced"
7693,80331,CAGATGACGCTACA,cell_127072,53801,"X,spliced,unspliced"
7694,80336,CAGCACCTTAAGCC,cell_127078,53801,"X,spliced,unspliced"
7695,80340,CAGCATGATTGACG,cell_127083,53801,"X,spliced,unspliced"
7696,80354,CAGGGCACTCTACT,cell_127106,53801,"X,spliced,unspliced"
7697,80361,CAGTGATGCGTGAT,cell_127118,53801,"X,spliced,unspliced"
7698,80371,CAGTTGGATTCTAC,cell_127130,53801,"X,spliced,unspliced"
7699,80372,CAGTTTACGAATCC,cell_127131,53801,"X,spliced,unspliced"
7700,80374,CATAAAACCTGTGA,cell_127133,53801,"X,spliced,unspliced"
7701,80375,CATAAATGCGTGAT,cell_127134,53801,"X,spliced,unspliced"
7702,80378,CATACTACACTACG,cell_127140,53801,"X,spliced,unspliced"
7703,80387,CATCAGGAGTTGCA,cell_127154,53801,"X,spliced,unspliced"
7704,80400,CATCTCCTGTATGC,cell_127171,53801,"X,spliced,unspliced"
7705,80433,CATTGTTGGCTATG,cell_127218,53801,"X,spliced,unspliced"
7706,80444,CCAAAGTGTCGCCT,cell_127234,53801,"X,spliced,unspliced"
7707,80446,CCAACCTGCACTCC,cell_127236,53801,"X,spliced,unspliced"
7708,80457,CCAAGATGTGTCCC,cell_127248,53801,"X,spliced,unspliced"
7709,80470,CCACCATGTGTGAC,cell_127266,53801,"X,spliced,unspliced"
7710,80475,CCACGGGACCTTCG,cell_127272,53801,"X,spliced,unspliced"
7711,80484,CCACTGTGTAGTCG,cell_127285,53801,"X,spliced,unspliced"
7712,80493,CCAGACCTCCTGAA,cell_127297,53801,"X,spliced,unspliced"
7713,80500,CCAGCACTCCACAA,cell_127305,53801,"X,spliced,unspliced"
7715,80515,CCAGTCTGACACAC,cell_127322,53801,"X,spliced,unspliced"
7716,80522,CCATATACGAGCAG,cell_127333,53801,"X,spliced,unspliced"
7717,80533,CCCAAAGACTCCAC,cell_127347,53801,"X,spliced,unspliced"
7718,80538,CCCAACTGCCTGTC,cell_127356,53801,"X,spliced,unspliced"
7719,80539,CCCAACTGCGCCTT,cell_127357,53801,"X,spliced,unspliced"
7721,80545,CCCACATGGGTTAC,cell_127364,53801,"X,spliced,unspliced"
7722,80547,CCCAGACTGGTCTA,cell_127368,53801,"X,spliced,unspliced"
7723,80550,CCCAGTTGACGGTT,cell_127372,53801,"X,spliced,unspliced"
7724,80556,CCCATGTGTTGAGC,cell_127383,53801,"X,spliced,unspliced"
7726,80571,CCCTAGTGTGAGCT,cell_127403,53801,"X,spliced,unspliced"
7727,80579,CCCTGATGCCCACT,cell_127413,53801,"X,spliced,unspliced"
7728,80580,CCCTTACTACGGTT,cell_127416,53801,"X,spliced,unspliced"
7729,80587,CCGCGAGACAACCA,cell_127429,53801,"X,spliced,unspliced"
7730,80599,CCGGTACTGGTGTT,cell_127443,53801,"X,spliced,unspliced"
7731,80603,CCTAAACTAGCAAA,cell_127449,53801,"X,spliced,unspliced"
7733,80613,CCTCATCTCCGTAA,cell_127464,53801,"X,spliced,unspliced"
7734,80623,CCTGCAACAAAGTG,cell_127477,53801,"X,spliced,unspliced"
7735,80626,CCTGCAACTTGCTT,cell_127481,53801,"X,spliced,unspliced"
7736,80627,CCTGGACTCTTTAC,cell_127483,53801,"X,spliced,unspliced"
7737,80632,CCTTAATGATGCCA,cell_127488,53801,"X,spliced,unspliced"
7738,80639,CGAACATGATCGGT,cell_127502,53801,"X,spliced,unspliced"
7739,80640,CGAACATGTGGTGT,cell_127503,53801,"X,spliced,unspliced"
7740,80647,CGACAAACAGCTAC,cell_127513,53801,"X,spliced,unspliced"
7741,80656,CGACCTACCTGTGA,cell_127523,53801,"X,spliced,unspliced"
7742,80661,CGACGTCTAGCGTT,cell_127529,53801,"X,spliced,unspliced"
7743,80662,CGACTCACCTAGAC,cell_127532,53801,"X,spliced,unspliced"
7744,80682,CGAGTATGGGTAGG,cell_127560,53801,"X,spliced,unspliced"
7745,80684,CGAGTATGTCTCAT,cell_127563,53801,"X,spliced,unspliced"
7746,80690,CGATAGACCGCAAT,cell_127572,53801,"X,spliced,unspliced"
7747,80691,CGATAGACGATGAA,cell_127573,53801,"X,spliced,unspliced"
7748,80694,CGATCAGATTCTGT,cell_127580,53801,"X,spliced,unspliced"
7749,80701,CGCACGGATTCCCG,cell_127591,53801,"X,spliced,unspliced"
7750,80706,CGCAGGACTGTGAC,cell_127600,53801,"X,spliced,unspliced"
7751,80708,CGCAGGTGTTACTC,cell_127603,53801,"X,spliced,unspliced"
7752,80711,CGCCATACACGTAC,cell_127608,53801,"X,spliced,unspliced"
7753,80734,CGCTACACTAAGCC,cell_127639,53801,"X,spliced,unspliced"
7754,80750,CGGCATCTGTGTAC,cell_127662,53801,"X,spliced,unspliced"
7755,80754,CGGCGAACACCATG,cell_127667,53801,"X,spliced,unspliced"
7756,80761,CGGCGAACTATTCC,cell_127676,53801,"X,spliced,unspliced"
7757,80768,CGGGCATGTGTGCA,cell_127685,53801,"X,spliced,unspliced"
7758,80793,CGTCGACTTTCTGT,cell_127719,53801,"X,spliced,unspliced"
7759,80800,CGTGAATGATCAGC,cell_127728,53801,"X,spliced,unspliced"
7761,80811,CGTGTAGAGAGATA,cell_127740,53801,"X,spliced,unspliced"
7762,80812,CGTGTAGAGAGGTG,cell_127741,53801,"X,spliced,unspliced"
7763,80819,CGTTAGGAGTGTTG,cell_127750,53801,"X,spliced,unspliced"
7764,80820,CGTTAGGATCAGAC,cell_127751,53801,"X,spliced,unspliced"
7765,80833,CTAATAGAAGCATC,cell_127772,53801,"X,spliced,unspliced"
7766,80834,CTAATAGACCGAAT,cell_127773,53801,"X,spliced,unspliced"
7767,80839,CTAATGCTTTATCC,cell_127778,53801,"X,spliced,unspliced"
7768,80842,CTACCTCTCCGTAA,cell_127781,53801,"X,spliced,unspliced"
7769,80847,CTACTATGCACACA,cell_127788,53801,"X,spliced,unspliced"
7770,80851,CTACTCCTTTCGCC,cell_127792,53801,"X,spliced,unspliced"
7771,80867,CTAGTTTGATGGTC,cell_127815,53801,"X,spliced,unspliced"
7772,80873,CTATAAGATACTGG,cell_127824,53801,"X,spliced,unspliced"
7773,80876,CTATACTGGTTCTT,cell_127828,53801,"X,spliced,unspliced"
7774,80877,CTATACTGTCGACA,cell_127829,53801,"X,spliced,unspliced"
7775,80890,CTATGACTGGATTC,cell_127843,53801,"X,spliced,unspliced"
7776,80905,CTCAGCACTGGAAA,cell_127861,53801,"X,spliced,unspliced"
7777,80907,CTCAGCTGGTGTAC,cell_127863,53801,"X,spliced,unspliced"
7778,80917,CTCCACGATAGTCG,cell_127877,53801,"X,spliced,unspliced"
7779,80921,CTCGAAGACTCATT,cell_127884,53801,"X,spliced,unspliced"
7780,80925,CTCGACTGGAATCC,cell_127890,53801,"X,spliced,unspliced"
7781,80926,CTCGACTGTAGAAG,cell_127892,53801,"X,spliced,unspliced"
7782,80933,CTGAAGACCAGTCA,cell_127907,53801,"X,spliced,unspliced"
7783,80945,CTGATACTAAGGGC,cell_127927,53801,"X,spliced,unspliced"
7784,80956,CTGGATGACCTCCA,cell_127942,53801,"X,spliced,unspliced"
7785,80957,CTGGCACTGTCCTC,cell_127947,53801,"X,spliced,unspliced"
7786,80961,CTGTGAGATCAAGC,cell_127954,53801,"X,spliced,unspliced"
7787,80963,CTTAAAGACCTTGC,cell_127957,53801,"X,spliced,unspliced"
7788,80970,CTTACAACAACCTG,cell_127967,53801,"X,spliced,unspliced"
7789,80973,CTTACATGTAAGGA,cell_127973,53801,"X,spliced,unspliced"
7790,80976,CTTACTGAAGCGTT,cell_127978,53801,"X,spliced,unspliced"
7791,80982,CTTATCGACTTGCC,cell_127988,53801,"X,spliced,unspliced"
7792,80986,CTTCATGAGTTGTG,cell_127994,53801,"X,spliced,unspliced"
7793,80987,CTTCATGATGCCCT,cell_127995,53801,"X,spliced,unspliced"
7794,81011,CTTTAGACTTGCTT,cell_128028,53801,"X,spliced,unspliced"
7795,81017,GAAACAGAATTCCT,cell_128037,53801,"X,spliced,unspliced"
7796,81028,GAAAGCCTTTCTAC,cell_128054,53801,"X,spliced,unspliced"
7797,81040,GAACAGCTTTCCAT,cell_128073,53801,"X,spliced,unspliced"
7798,81045,GAACGGGAATGCCA,cell_128080,53801,"X,spliced,unspliced"
7799,81046,GAACGGGACCTCGT,cell_128081,53801,"X,spliced,unspliced"
7800,81048,GAACGTTGACGACT,cell_128084,53801,"X,spliced,unspliced"
7801,81056,GAAGCGGACTACCC,cell_128096,53801,"X,spliced,unspliced"
7802,81079,GAAGTGCTGGGTGA,cell_128125,53801,"X,spliced,unspliced"
7803,81080,GAATGCACGGAGTG,cell_128128,53801,"X,spliced,unspliced"
7804,81084,GAATGGCTGCCAAT,cell_128132,53801,"X,spliced,unspliced"
7805,81091,GACACTGACCTATT,cell_128147,53801,"X,spliced,unspliced"
7806,81104,GACCCTACATCTCT,cell_128165,53801,"X,spliced,unspliced"
7808,81121,GACGGCACAACCAC,cell_128189,53801,"X,spliced,unspliced"
7809,81146,GAGATAGACACAAC,cell_128226,53801,"X,spliced,unspliced"
7810,81155,GAGCAGGATTTCTG,cell_128244,53801,"X,spliced,unspliced"
7811,81156,GAGCATACAAGCCT,cell_128245,53801,"X,spliced,unspliced"
7812,81157,GAGCGAGAAAACGA,cell_128247,53801,"X,spliced,unspliced"
7813,81159,GAGCGAGATACTTC,cell_128249,53801,"X,spliced,unspliced"
7814,81161,GAGCGCACACGTTG,cell_128251,53801,"X,spliced,unspliced"
7815,81163,GAGCGCACGTCACA,cell_128254,53801,"X,spliced,unspliced"
7816,81169,GAGCTCCTCGCATA,cell_128262,53801,"X,spliced,unspliced"
7817,81186,GAGGGAACAGCCTA,cell_128281,53801,"X,spliced,unspliced"
7818,81199,GAGGTTACCTCATT,cell_128296,53801,"X,spliced,unspliced"
7819,81200,GAGGTTACTCTCTA,cell_128298,53801,"X,spliced,unspliced"
7820,81206,GAGTACACTCCTCG,cell_128307,53801,"X,spliced,unspliced"
7821,81211,GAGTGGGAATAAGG,cell_128315,53801,"X,spliced,unspliced"
7822,81213,GAGTGGGATGTTCT,cell_128317,53801,"X,spliced,unspliced"
7823,81214,GAGTGTTGACTGTG,cell_128318,53801,"X,spliced,unspliced"
7824,81217,GAGTTGTGCTACGA,cell_128322,53801,"X,spliced,unspliced"
7825,81225,GATACTCTCGTGAT,cell_128334,53801,"X,spliced,unspliced"
7826,81226,GATACTCTTAAGGA,cell_128335,53801,"X,spliced,unspliced"
7827,81235,GATATCCTCTGTTT,cell_128348,53801,"X,spliced,unspliced"
7828,81237,GATCATCTATCTCT,cell_128351,53801,"X,spliced,unspliced"
7829,81248,GATCGAACGCCTTC,cell_128368,53801,"X,spliced,unspliced"
7830,81254,GATCGATGGCTCCT,cell_128374,53801,"X,spliced,unspliced"
7831,81267,GATGCAACGCATCA,cell_128389,53801,"X,spliced,unspliced"
7832,81269,GATGCATGCCGAAT,cell_128391,53801,"X,spliced,unspliced"
7833,81278,GATTCTACGAGGTG,cell_128406,53801,"X,spliced,unspliced"
7834,81280,GATTCTTGACCCAA,cell_128408,53801,"X,spliced,unspliced"
7835,81304,GCACAATGAGTAGA,cell_128441,53801,"X,spliced,unspliced"
7836,81305,GCACAATGCTAGCA,cell_128442,53801,"X,spliced,unspliced"
7837,81307,GCACACCTACCAAC,cell_128445,53801,"X,spliced,unspliced"
7838,81322,GCACGGTGTCTTCA,cell_128465,53801,"X,spliced,unspliced"
7839,81326,GCACTAGAGGTCTA,cell_128470,53801,"X,spliced,unspliced"
7840,81332,GCAGCTCTTAAGGA,cell_128480,53801,"X,spliced,unspliced"
7841,81335,GCAGGCACTACGAC,cell_128484,53801,"X,spliced,unspliced"
7842,81338,GCAGTTGAACCTTT,cell_128494,53801,"X,spliced,unspliced"
7843,81353,GCCACGGAGCATAC,cell_128513,53801,"X,spliced,unspliced"
7844,81372,GCCGTACTGGAACG,cell_128549,53801,"X,spliced,unspliced"
7845,81377,GCCTACACCCCTCA,cell_128554,53801,"X,spliced,unspliced"
7846,81383,GCCTCATGCCTCCA,cell_128562,53801,"X,spliced,unspliced"
7847,81389,GCGACTCTGGACAG,cell_128573,53801,"X,spliced,unspliced"
7848,81407,GCGGACTGAAGCAA,cell_128602,53801,"X,spliced,unspliced"
7849,81417,GCGTAAACTTCATC,cell_128616,53801,"X,spliced,unspliced"
7850,81425,GCTACAGAGTTGGT,cell_128627,53801,"X,spliced,unspliced"
7851,81427,GCTACCTGACCGAT,cell_128629,53801,"X,spliced,unspliced"
7852,81429,GCTACCTGTTGGTG,cell_128631,53801,"X,spliced,unspliced"
7853,81431,GCTAGATGCGACTA,cell_128635,53801,"X,spliced,unspliced"
7854,81439,GCTCAGCTCATGAC,cell_128647,53801,"X,spliced,unspliced"
7855,81454,GGAACTTGCTCATT,cell_128672,53801,"X,spliced,unspliced"
7856,81461,GGAAGGTGTATGGC,cell_128679,53801,"X,spliced,unspliced"
7857,81485,GGACTATGTCGCAA,cell_128716,53801,"X,spliced,unspliced"
7858,81489,GGAGACGAGCGGAA,cell_128722,53801,"X,spliced,unspliced"
7859,81493,GGAGCAGAGTTGAC,cell_128728,53801,"X,spliced,unspliced"
7860,81512,GGATGTTGGGTTTG,cell_128756,53801,"X,spliced,unspliced"
7861,81535,GGCCACGATAGCGT,cell_128784,53801,"X,spliced,unspliced"
7862,81542,GGCCCAGATGCTGA,cell_128795,53801,"X,spliced,unspliced"
7863,81544,GGCCGAACGGTATC,cell_128799,53801,"X,spliced,unspliced"
7864,81566,GGCTAATGACTACG,cell_128834,53801,"X,spliced,unspliced"
7865,81577,GGGACCACTCTCAT,cell_128850,53801,"X,spliced,unspliced"
7866,81588,GGGCACACCTCCAC,cell_128865,53801,"X,spliced,unspliced"
7867,81592,GGGCAGCTAAAGCA,cell_128870,53801,"X,spliced,unspliced"
7868,81598,GGGCCATGGGTGGA,cell_128879,53801,"X,spliced,unspliced"
7869,81608,GGTACAACTGTCTT,cell_128892,53801,"X,spliced,unspliced"
7870,81609,GGTACATGGGTTTG,cell_128894,53801,"X,spliced,unspliced"
7871,81617,GGTATCGAGTTAGC,cell_128902,53801,"X,spliced,unspliced"
7872,81624,GGTGGAGAGGTTCA,cell_128915,53801,"X,spliced,unspliced"
7873,81628,GGTTGAACTTGTGG,cell_128921,53801,"X,spliced,unspliced"
7874,81631,GTAACGTGACCTGA,cell_128925,53801,"X,spliced,unspliced"
7875,81637,GTAATAACAAGGGC,cell_128931,53801,"X,spliced,unspliced"
7876,81641,GTACAGTGGTACGT,cell_128936,53801,"X,spliced,unspliced"
7877,81642,GTACCCTGAACTGC,cell_128937,53801,"X,spliced,unspliced"
7878,81647,GTACTTTGACTCTT,cell_128950,53801,"X,spliced,unspliced"
7879,81697,GTCACAGAGGACGA,cell_129021,53801,"X,spliced,unspliced"
7880,81698,GTCACAGATTCAGG,cell_129022,53801,"X,spliced,unspliced"
7881,81729,GTGACAACCGTAGT,cell_129068,53801,"X,spliced,unspliced"
7882,81730,GTGACAACTTACCT,cell_129070,53801,"X,spliced,unspliced"
7883,81731,GTGACCCTACTCAG,cell_129071,53801,"X,spliced,unspliced"
7884,81735,GTGACCCTGACGTT,cell_129075,53801,"X,spliced,unspliced"
7885,81736,GTGACCCTTCTTTG,cell_129076,53801,"X,spliced,unspliced"
7886,81737,GTGAGGGAACCACA,cell_129077,53801,"X,spliced,unspliced"
7887,81744,GTGATCGATTGCAG,cell_129085,53801,"X,spliced,unspliced"
7888,81745,GTGATGACAGCAAA,cell_129086,53801,"X,spliced,unspliced"
7889,81746,GTGATGACGAATGA,cell_129089,53801,"X,spliced,unspliced"
7890,81772,GTGTCAGAGGTCTA,cell_129121,53801,"X,spliced,unspliced"
7891,81779,GTTAAATGTGGATC,cell_129132,53801,"X,spliced,unspliced"
7892,81780,GTTAAATGTGTCGA,cell_129133,53801,"X,spliced,unspliced"
7893,81794,GTTATAGACGAACT,cell_129157,53801,"X,spliced,unspliced"
7894,81799,GTTATGCTCGTAGT,cell_129162,53801,"X,spliced,unspliced"
7895,81806,GTTCAACTTGGCAT,cell_129170,53801,"X,spliced,unspliced"
7896,81810,GTTCATACGCTCCT,cell_129178,53801,"X,spliced,unspliced"
7897,81812,GTTCATACTCCAAG,cell_129181,53801,"X,spliced,unspliced"
7898,81814,GTTGACGACTTACT,cell_129184,53801,"X,spliced,unspliced"
7899,81822,GTTGTACTGAGACG,cell_129194,53801,"X,spliced,unspliced"
7900,81824,GTTTAAGACCATAG,cell_129196,53801,"X,spliced,unspliced"
7901,81832,TAAATGTGGACTAC,cell_129211,53801,"X,spliced,unspliced"
7902,81833,TAAATGTGGTACGT,cell_129212,53801,"X,spliced,unspliced"
7903,81839,TAACACCTGACGAG,cell_129221,53801,"X,spliced,unspliced"
7904,81850,TAACTCACAAGGTA,cell_129241,53801,"X,spliced,unspliced"
7905,81855,TAAGATTGTGTAGC,cell_129249,53801,"X,spliced,unspliced"
7906,81859,TAAGGCTGAGCAAA,cell_129255,53801,"X,spliced,unspliced"
7907,81868,TAATCGCTAAGAAC,cell_129271,53801,"X,spliced,unspliced"
7908,81870,TAATGAACGCCTTC,cell_129276,53801,"X,spliced,unspliced"
7909,81875,TAATGCCTCTTTAC,cell_129286,53801,"X,spliced,unspliced"
7910,81876,TAATGCCTGATGAA,cell_129287,53801,"X,spliced,unspliced"
7911,81886,TACACACTTACGAC,cell_129304,53801,"X,spliced,unspliced"
7912,81891,TACCATTGCCTCAC,cell_129311,53801,"X,spliced,unspliced"
7913,81894,TACCGAGAAAGATG,cell_129316,53801,"X,spliced,unspliced"
7914,81895,TACCGAGAGAATCC,cell_129317,53801,"X,spliced,unspliced"
7915,81897,TACCGCTGTCTCCG,cell_129321,53801,"X,spliced,unspliced"
7916,81899,TACGACGAGTTCTT,cell_129325,53801,"X,spliced,unspliced"
7917,81905,TACGCAGATGTGGT,cell_129332,53801,"X,spliced,unspliced"
7918,81911,TACGGAACGTTGAC,cell_129343,53801,"X,spliced,unspliced"
7919,81913,TACGGCCTGAAAGT,cell_129346,53801,"X,spliced,unspliced"
7920,81916,TACGTACTTACTTC,cell_129349,53801,"X,spliced,unspliced"
7921,81918,TACGTACTTTGTCT,cell_129352,53801,"X,spliced,unspliced"
7922,81921,TACGTTACTACTTC,cell_129355,53801,"X,spliced,unspliced"
7923,81929,TACTACTGTCTCCG,cell_129366,53801,"X,spliced,unspliced"
7924,81932,TACTCTGACTCCAC,cell_129374,53801,"X,spliced,unspliced"
7925,81934,TACTGGGAACAGCT,cell_129377,53801,"X,spliced,unspliced"
7926,81944,TAGAATACATTCGG,cell_129390,53801,"X,spliced,unspliced"
7927,81948,TAGACGTGTCAAGC,cell_129395,53801,"X,spliced,unspliced"
7928,81960,TAGCCCTGCCACAA,cell_129415,53801,"X,spliced,unspliced"
7929,81961,TAGCCCTGTCCGTC,cell_129416,53801,"X,spliced,unspliced"
7930,81962,TAGCCCTGTGACCA,cell_129417,53801,"X,spliced,unspliced"
7931,81989,TAGGGACTGTCGTA,cell_129451,53801,"X,spliced,unspliced"
7932,81990,TAGGGACTTCACCC,cell_129452,53801,"X,spliced,unspliced"
7933,81995,TAGTAAACAACGGG,cell_129459,53801,"X,spliced,unspliced"
7934,81996,TAGTAAACCATGGT,cell_129460,53801,"X,spliced,unspliced"
7935,82000,TAGTAATGAAACAG,cell_129465,53801,"X,spliced,unspliced"
7936,82002,TAGTAATGGAGGGT,cell_129468,53801,"X,spliced,unspliced"
7937,82020,TAGTTCACGGTTAC,cell_129496,53801,"X,spliced,unspliced"
7938,82029,TATACCACCGTACA,cell_129507,53801,"X,spliced,unspliced"
7939,82036,TATAGCCTCTCCAC,cell_129519,53801,"X,spliced,unspliced"
7940,82050,TATCCTGATTCCAT,cell_129538,53801,"X,spliced,unspliced"
7941,82051,TATCGTACATCTTC,cell_129540,53801,"X,spliced,unspliced"
7942,82052,TATCGTACCTCAGA,cell_129542,53801,"X,spliced,unspliced"
7943,82055,TATCTCGATACGCA,cell_129545,53801,"X,spliced,unspliced"
7944,82061,TATGGGACGCTAAC,cell_129557,53801,"X,spliced,unspliced"
7945,82062,TATGGGTGAGAGAT,cell_129562,53801,"X,spliced,unspliced"
7946,82066,TATGGTCTCGACAT,cell_129568,53801,"X,spliced,unspliced"
7947,82068,TATGTCACGCGAGA,cell_129571,53801,"X,spliced,unspliced"
7948,82069,TATGTCACTTCCGC,cell_129572,53801,"X,spliced,unspliced"
7949,82082,TATTGCTGACACCA,cell_129590,53801,"X,spliced,unspliced"
7950,82113,TCAGACGAACCTTT,cell_129636,53801,"X,spliced,unspliced"
7951,82118,TCAGAGACCGTTAG,cell_129645,53801,"X,spliced,unspliced"
7952,82120,TCAGCAGAACGGAG,cell_129647,53801,"X,spliced,unspliced"
7953,82121,TCAGCAGACTTAGG,cell_129648,53801,"X,spliced,unspliced"
7954,82125,TCAGCGCTTGCCTC,cell_129654,53801,"X,spliced,unspliced"
7955,82134,TCATCATGTACGAC,cell_129670,53801,"X,spliced,unspliced"
7956,82136,TCATCCCTGTTTGG,cell_129674,53801,"X,spliced,unspliced"
7957,82146,TCCACTCTACGTTG,cell_129689,53801,"X,spliced,unspliced"
7958,82149,TCCAGAGATAAAGG,cell_129694,53801,"X,spliced,unspliced"
7959,82151,TCCATAACCTTATC,cell_129696,53801,"X,spliced,unspliced"
7960,82155,TCCCACGATGACCA,cell_129701,53801,"X,spliced,unspliced"
7961,82156,TCCCAGACCCCAAA,cell_129702,53801,"X,spliced,unspliced"
7962,82163,TCCCATCTGACGAG,cell_129710,53801,"X,spliced,unspliced"
7963,82174,TCCGAAGACGTACA,cell_129725,53801,"X,spliced,unspliced"
7964,82176,TCCGAGCTCTCTCG,cell_129729,53801,"X,spliced,unspliced"
7965,82177,TCCGAGCTGTGTCA,cell_129731,53801,"X,spliced,unspliced"
7966,82184,TCCTAAACCAGGAG,cell_129738,53801,"X,spliced,unspliced"
7967,82187,TCCTACCTGTAAAG,cell_129745,53801,"X,spliced,unspliced"
7968,82206,TCGAGCCTGCTATG,cell_129771,53801,"X,spliced,unspliced"
7969,82209,TCGATACTTGGTTG,cell_129777,53801,"X,spliced,unspliced"
7970,82213,TCGCAAGACGAATC,cell_129783,53801,"X,spliced,unspliced"
7971,82228,TCGCAGCTCATGCA,cell_129799,53801,"X,spliced,unspliced"
7972,82229,TCGCCATGAAGCAA,cell_129801,53801,"X,spliced,unspliced"
7973,82241,TCGGTAGAGAGGTG,cell_129815,53801,"X,spliced,unspliced"
7974,82250,TCGTTATGACACTG,cell_129827,53801,"X,spliced,unspliced"
7975,82254,TCTAACTGATAAGG,cell_129832,53801,"X,spliced,unspliced"
7976,82260,TCTAGACTAACGAA,cell_129840,53801,"X,spliced,unspliced"
7977,82288,TGAACCGATCCCAC,cell_129881,53801,"X,spliced,unspliced"
7978,82290,TGAAGCACAGTCTG,cell_129883,53801,"X,spliced,unspliced"
7979,82297,TGACACGACTTGGA,cell_129893,53801,"X,spliced,unspliced"
7980,82298,TGACACGAGATACC,cell_129894,53801,"X,spliced,unspliced"
7981,82299,TGACACGAGTAAGA,cell_129895,53801,"X,spliced,unspliced"
7982,82323,TGAGTCGACCTCGT,cell_129927,53801,"X,spliced,unspliced"
7983,82324,TGAGTCGAGAACTC,cell_129928,53801,"X,spliced,unspliced"
7984,82328,TGATAAACCCTATT,cell_129934,53801,"X,spliced,unspliced"
7985,82336,TGATACCTTGGATC,cell_129943,53801,"X,spliced,unspliced"
7986,82337,TGATCACTTAGCCA,cell_129945,53801,"X,spliced,unspliced"
7987,82364,TGCAAGTGTTTACC,cell_129979,53801,"X,spliced,unspliced"
7988,82366,TGCACAGACGACAT,cell_129981,53801,"X,spliced,unspliced"
7989,82369,TGCATGGAGCTTAG,cell_129986,53801,"X,spliced,unspliced"
7990,82374,TGCCCAACCCAATG,cell_129998,53801,"X,spliced,unspliced"
7991,82375,TGCCCAACTGACAC,cell_130001,53801,"X,spliced,unspliced"
7992,82377,TGCCGACTTTGTGG,cell_130004,53801,"X,spliced,unspliced"
7993,82378,TGCGAAACGTTGTG,cell_130007,53801,"X,spliced,unspliced"
7994,82381,TGCGTAGACTCTCG,cell_130013,53801,"X,spliced,unspliced"
7995,82384,TGCGTAGATGCCAA,cell_130017,53801,"X,spliced,unspliced"
7996,82386,TGCTAGGAAGCATC,cell_130019,53801,"X,spliced,unspliced"
7997,82395,TGCTGAGAGCTGTA,cell_130029,53801,"X,spliced,unspliced"
7998,82398,TGCTGAGATGGAAA,cell_130033,53801,"X,spliced,unspliced"
7999,82399,TGCTGAGATGGTAC,cell_130034,53801,"X,spliced,unspliced"
8000,82400,TGGAAAGAACACTG,cell_130035,53801,"X,spliced,unspliced"
8001,82404,TGGAACTGACCTAG,cell_130044,53801,"X,spliced,unspliced"
8002,82409,TGGACCCTAAGATG,cell_130051,53801,"X,spliced,unspliced"
8003,82415,TGGAGACTTCAGGT,cell_130059,53801,"X,spliced,unspliced"
8004,82416,TGGAGGGACAGAAA,cell_130060,53801,"X,spliced,unspliced"
8005,82421,TGGATGTGCCTTGC,cell_130071,53801,"X,spliced,unspliced"
8006,82423,TGGATTCTAACGGG,cell_130074,53801,"X,spliced,unspliced"
8007,82425,TGGATTCTCTCCCA,cell_130076,53801,"X,spliced,unspliced"
8008,82430,TGGCACCTTTAGGC,cell_130085,53801,"X,spliced,unspliced"
8009,82433,TGGGTATGTTCTGT,cell_130088,53801,"X,spliced,unspliced"
8010,82439,TGGTAGTGGTCGAT,cell_130098,53801,"X,spliced,unspliced"
8011,82440,TGGTAGTGTGATGC,cell_130099,53801,"X,spliced,unspliced"
8012,82443,TGGTCAGAGTTCAG,cell_130103,53801,"X,spliced,unspliced"
8013,82448,TGTAAAACTGCCTC,cell_130109,53801,"X,spliced,unspliced"
8014,82455,TGTAGGTGCTACTT,cell_130120,53801,"X,spliced,unspliced"
8015,82460,TGTATCTGCATGAC,cell_130127,53801,"X,spliced,unspliced"
8016,82467,TGTCAGGATGGGAG,cell_130135,53801,"X,spliced,unspliced"
8017,82470,TGTGACGATCTCAT,cell_130140,53801,"X,spliced,unspliced"
8018,82481,TGTTACACTACGAC,cell_130157,53801,"X,spliced,unspliced"
8019,82483,TGTTACTGTTATCC,cell_130161,53801,"X,spliced,unspliced"
8020,82490,TTACCATGAAACAG,cell_130169,53801,"X,spliced,unspliced"
8021,82491,TTACCATGGACGTT,cell_130172,53801,"X,spliced,unspliced"
8022,82502,TTAGCTACCAGTCA,cell_130189,53801,"X,spliced,unspliced"
8023,82506,TTAGGGTGAACCAC,cell_130195,53801,"X,spliced,unspliced"
8024,82517,TTATCCGATAGAAG,cell_130213,53801,"X,spliced,unspliced"
8025,82519,TTATGGCTAGGTCT,cell_130220,53801,"X,spliced,unspliced"
8026,82524,TTATTCCTACCTAG,cell_130226,53801,"X,spliced,unspliced"
8027,82532,TTCACCCTAACGGG,cell_130241,53801,"X,spliced,unspliced"
8028,82534,TTCACCCTGGTGAG,cell_130244,53801,"X,spliced,unspliced"
8029,82553,TTCCATGATGAGGG,cell_130270,53801,"X,spliced,unspliced"
8030,82557,TTCGAGGACAAGCT,cell_130276,53801,"X,spliced,unspliced"
8031,82569,TTCTCAGAGCGAAG,cell_130298,53801,"X,spliced,unspliced"
8032,82580,TTGAATGACCTTCG,cell_130314,53801,"X,spliced,unspliced"
8033,82583,TTGAATGATTACCT,cell_130318,53801,"X,spliced,unspliced"
8034,82591,TTGATCTGCACAAC,cell_130328,53801,"X,spliced,unspliced"
8035,82598,TTGCTATGTTCTTG,cell_130339,53801,"X,spliced,unspliced"
8036,82609,TTTAGAGATGGTTG,cell_130362,53801,"X,spliced,unspliced"
8037,82611,TTTAGCTGGCAAGG,cell_130365,53801,"X,spliced,unspliced"
8038,82618,TTTATCCTGTTAGC,cell_130373,53801,"X,spliced,unspliced"
8039,82629,TTTCGAACAATCGC,cell_130389,53801,"X,spliced,unspliced"
8040,82642,AAACATTGAGCAAA,cell_130407,53801,"X,spliced,unspliced"
8041,82644,AAACATTGGTAAAG,cell_130410,53801,"X,spliced,unspliced"
8042,82646,AAACCGTGCGAACT,cell_130412,53801,"X,spliced,unspliced"
8043,82656,AAACTTGACAGCTA,cell_130427,53801,"X,spliced,unspliced"
8044,82662,AAAGCAGACGTTGA,cell_130434,53801,"X,spliced,unspliced"
8045,82668,AAAGGCCTTCCTCG,cell_130443,53801,"X,spliced,unspliced"
8046,82670,AAAGTTTGCATTGG,cell_130445,53801,"X,spliced,unspliced"
8047,82671,AAATACTGAGCACT,cell_130447,53801,"X,spliced,unspliced"
8048,82673,AAATACTGGTACCA,cell_130449,53801,"X,spliced,unspliced"
8049,82680,AAATCTGATGGGAG,cell_130458,53801,"X,spliced,unspliced"
8050,82683,AAATGGGACAAAGA,cell_130461,53801,"X,spliced,unspliced"
8051,82686,AAATGTTGTTTCTG,cell_130466,53801,"X,spliced,unspliced"
8052,82687,AAATTCGATATTCC,cell_130471,53801,"X,spliced,unspliced"
8053,82690,AAATTGACGGATCT,cell_130475,53801,"X,spliced,unspliced"
8054,82691,AACAATACAGTTCG,cell_130476,53801,"X,spliced,unspliced"
8055,82694,AACACTCTCACTCC,cell_130482,53801,"X,spliced,unspliced"
8056,82695,AACACTCTCATACG,cell_130483,53801,"X,spliced,unspliced"
8057,82698,AACAGAGATTTGGG,cell_130487,53801,"X,spliced,unspliced"
8058,82705,AACATATGGCTATG,cell_130494,53801,"X,spliced,unspliced"
8059,82706,AACATATGGGTACT,cell_130495,53801,"X,spliced,unspliced"
8060,82708,AACATTGAGGTGAG,cell_130499,53801,"X,spliced,unspliced"
8061,82712,AACCCAGACCTTGC,cell_130507,53801,"X,spliced,unspliced"
8062,82722,AACCTACTTTCGCC,cell_130521,53801,"X,spliced,unspliced"
8063,82723,AACCTTACCTCGAA,cell_130524,53801,"X,spliced,unspliced"
8064,82724,AACCTTTGATCGAC,cell_130525,53801,"X,spliced,unspliced"
8065,82728,AACGCAACACGTAC,cell_130529,53801,"X,spliced,unspliced"
8066,82729,AACGCAACGAACTC,cell_130531,53801,"X,spliced,unspliced"
8067,82733,AACGGTTGAAGTGA,cell_130538,53801,"X,spliced,unspliced"
8068,82734,AACGGTTGAGTGCT,cell_130539,53801,"X,spliced,unspliced"
8069,82739,AACGTGTGATTCGG,cell_130545,53801,"X,spliced,unspliced"
8070,82741,AACTACCTAAGCAA,cell_130549,53801,"X,spliced,unspliced"
8071,82746,AACTCACTTAAGGA,cell_130554,53801,"X,spliced,unspliced"
8072,82747,AACTCTTGACGTAC,cell_130555,53801,"X,spliced,unspliced"
8073,82763,AAGACAGATATGGC,cell_130576,53801,"X,spliced,unspliced"
8074,82767,AAGATGGATCTGGA,cell_130582,53801,"X,spliced,unspliced"
8075,82778,AAGCGACTCTCGAA,cell_130597,53801,"X,spliced,unspliced"
8076,82781,AAGCGTACGCATCA,cell_130600,53801,"X,spliced,unspliced"
8077,82784,AAGGCTACGTTACG,cell_130605,53801,"X,spliced,unspliced"
8078,82788,AAGGCTTGCGTCTC,cell_130610,53801,"X,spliced,unspliced"
8079,82790,AAGGCTTGTTTCGT,cell_130613,53801,"X,spliced,unspliced"
8080,82791,AAGGTCACGTTGGT,cell_130614,53801,"X,spliced,unspliced"
8081,82794,AAGGTGCTACCAAC,cell_130619,53801,"X,spliced,unspliced"
8082,82796,AAGGTGCTGAGAGC,cell_130621,53801,"X,spliced,unspliced"
8083,82801,AAGTAACTTGGATC,cell_130630,53801,"X,spliced,unspliced"
8084,82804,AAGTAGGAGTGCAT,cell_130634,53801,"X,spliced,unspliced"
8085,82805,AAGTATACATACCG,cell_130635,53801,"X,spliced,unspliced"
8086,82810,AAGTCTCTCTCCAC,cell_130642,53801,"X,spliced,unspliced"
8087,82811,AAGTCTCTGTTGTG,cell_130644,53801,"X,spliced,unspliced"
8088,82820,AAGTTCCTGCGATT,cell_130653,53801,"X,spliced,unspliced"
8089,82822,AATAACACAGACTC,cell_130655,53801,"X,spliced,unspliced"
8090,82825,AATAAGCTCTCTTA,cell_130659,53801,"X,spliced,unspliced"
8091,82831,AATACTGATTGCAG,cell_130666,53801,"X,spliced,unspliced"
8092,82836,AATATCGACGACAT,cell_130671,53801,"X,spliced,unspliced"
8093,82845,AATCCTTGTGTGCA,cell_130685,53801,"X,spliced,unspliced"
8094,82852,AATCTCTGGTATGC,cell_130694,53801,"X,spliced,unspliced"
8095,82855,AATGAGGAACCAAC,cell_130697,53801,"X,spliced,unspliced"
8096,82868,AATGTAACCCGCTT,cell_130718,53801,"X,spliced,unspliced"
8097,82870,AATGTCCTAGAACA,cell_130720,53801,"X,spliced,unspliced"
8098,82878,AATTACGATTGACG,cell_130730,53801,"X,spliced,unspliced"
8099,82879,AATTCCTGCCAATG,cell_130731,53801,"X,spliced,unspliced"
8100,82887,AATTGTGATCTAGG,cell_130742,53801,"X,spliced,unspliced"
8101,82891,ACAAATTGCGTGTA,cell_130747,53801,"X,spliced,unspliced"
8102,82894,ACAACCGATGGTTG,cell_130752,53801,"X,spliced,unspliced"
8103,82897,ACAAGCACCATCAG,cell_130756,53801,"X,spliced,unspliced"
8104,82898,ACAAGCACGTTCAG,cell_130757,53801,"X,spliced,unspliced"
8105,82908,ACACATCTTGTCGA,cell_130770,53801,"X,spliced,unspliced"
8106,82915,ACAGCAACCGAGAG,cell_130784,53801,"X,spliced,unspliced"
8107,82921,ACAGTGTGAAGATG,cell_130792,53801,"X,spliced,unspliced"
8108,82926,ACAGTTCTCCTACC,cell_130797,53801,"X,spliced,unspliced"
8109,82927,ACAGTTCTTCAGAC,cell_130798,53801,"X,spliced,unspliced"
8110,82928,ACATCACTAGAGTA,cell_130801,53801,"X,spliced,unspliced"
8111,82929,ACATCACTCCATAG,cell_130802,53801,"X,spliced,unspliced"
8112,82933,ACATGGTGCTGGTA,cell_130807,53801,"X,spliced,unspliced"
8113,82934,ACATGGTGGGTGGA,cell_130808,53801,"X,spliced,unspliced"
8114,82938,ACCACAGATTTACC,cell_130815,53801,"X,spliced,unspliced"
8115,82954,ACCCGTACGAATGA,cell_130839,53801,"X,spliced,unspliced"
8116,82957,ACCCTCGATTCATC,cell_130842,53801,"X,spliced,unspliced"
8117,82960,ACCGCGGAATGGTC,cell_130846,53801,"X,spliced,unspliced"
8118,82962,ACCGCGGATGTCGA,cell_130848,53801,"X,spliced,unspliced"
8119,82968,ACCTCCGAGTCACA,cell_130856,53801,"X,spliced,unspliced"
8120,82979,ACCTTTGAACCACA,cell_130870,53801,"X,spliced,unspliced"
8121,82982,ACGAACACGAACCT,cell_130874,53801,"X,spliced,unspliced"
8122,82985,ACGAACACTCCTGC,cell_130878,53801,"X,spliced,unspliced"
8123,82989,ACGAACTGTCCGAA,cell_130887,53801,"X,spliced,unspliced"
8124,82991,ACGAAGCTAAACAG,cell_130889,53801,"X,spliced,unspliced"
8125,82992,ACGAAGCTCAACTG,cell_130890,53801,"X,spliced,unspliced"
8126,82993,ACGACAACTGCTGA,cell_130892,53801,"X,spliced,unspliced"
8127,82998,ACGAGGGAGTCTAG,cell_130900,53801,"X,spliced,unspliced"
8128,83000,ACGAGGGATTTACC,cell_130902,53801,"X,spliced,unspliced"
8129,83001,ACGAGTACCCACCT,cell_130903,53801,"X,spliced,unspliced"
8130,83002,ACGATCGACGGTAT,cell_130906,53801,"X,spliced,unspliced"
8131,83004,ACGATCGATACGAC,cell_130908,53801,"X,spliced,unspliced"
8132,83009,ACGATTCTGCTATG,cell_130917,53801,"X,spliced,unspliced"
8133,83011,ACGATTCTTTGCAG,cell_130920,53801,"X,spliced,unspliced"
8134,83012,ACGCAATGCAGATC,cell_130922,53801,"X,spliced,unspliced"
8135,83015,ACGCAATGGGTGTT,cell_130926,53801,"X,spliced,unspliced"
8136,83020,ACGCCACTCCCAAA,cell_130933,53801,"X,spliced,unspliced"
8137,83021,ACGCCACTCTCGCT,cell_130934,53801,"X,spliced,unspliced"
8138,83023,ACGCCGGAAGAACA,cell_130936,53801,"X,spliced,unspliced"
8139,83024,ACGCCTTGAAGAGT,cell_130938,53801,"X,spliced,unspliced"
8140,83025,ACGCCTTGCGAACT,cell_130939,53801,"X,spliced,unspliced"
8141,83032,ACGCTCACTGGAAA,cell_130948,53801,"X,spliced,unspliced"
8142,83035,ACGCTGCTCTATTC,cell_130952,53801,"X,spliced,unspliced"
8143,83040,ACGGAGGACACCAA,cell_130958,53801,"X,spliced,unspliced"
8144,83043,ACGGATTGATGACC,cell_130962,53801,"X,spliced,unspliced"
8145,83046,ACGGATTGCGTTAG,cell_130966,53801,"X,spliced,unspliced"
8146,83048,ACGGATTGGGTTTG,cell_130968,53801,"X,spliced,unspliced"
8147,83050,ACGGCTCTCGCTAA,cell_130970,53801,"X,spliced,unspliced"
8148,83059,ACGGTATGGGAACG,cell_130980,53801,"X,spliced,unspliced"
8149,83060,ACGGTCCTACCAGT,cell_130982,53801,"X,spliced,unspliced"
8150,83063,ACGGTCCTTTTGGG,cell_130986,53801,"X,spliced,unspliced"
8151,83076,ACGTGATGATTCCT,cell_131001,53801,"X,spliced,unspliced"
8152,83082,ACGTGCCTTTTGCT,cell_131009,53801,"X,spliced,unspliced"
8153,83086,ACGTTACTTGCAGT,cell_131013,53801,"X,spliced,unspliced"
8154,83092,ACGTTTACCTCTAT,cell_131019,53801,"X,spliced,unspliced"
8155,83093,ACGTTTACGGAGGT,cell_131020,53801,"X,spliced,unspliced"
8156,83094,ACGTTTACTTACTC,cell_131021,53801,"X,spliced,unspliced"
8157,83095,ACTAAAACATCGAC,cell_131022,53801,"X,spliced,unspliced"
8158,83109,ACTATCACCTTGTT,cell_131039,53801,"X,spliced,unspliced"
8159,83116,ACTCCCGACCGCTT,cell_131046,53801,"X,spliced,unspliced"
8160,83120,ACTCCTCTCGAGTT,cell_131050,53801,"X,spliced,unspliced"
8161,83126,ACTCTATGAAGCCT,cell_131060,53801,"X,spliced,unspliced"
8162,83130,ACTCTCCTCGAGAG,cell_131065,53801,"X,spliced,unspliced"
8163,83135,ACTGAGACGCAAGG,cell_131070,53801,"X,spliced,unspliced"
8164,83143,ACTGTTACTAGAGA,cell_131082,53801,"X,spliced,unspliced"
8165,83149,ACTTCCCTAGAGGC,cell_131092,53801,"X,spliced,unspliced"
8166,83150,ACTTCCCTCCCACT,cell_131093,53801,"X,spliced,unspliced"
8167,83152,ACTTCCCTTGAGGG,cell_131095,53801,"X,spliced,unspliced"
8168,83160,ACTTTGTGCTCCCA,cell_131107,53801,"X,spliced,unspliced"
8169,83162,AGAAACGAGACTAC,cell_131110,53801,"X,spliced,unspliced"
8170,83167,AGAACAGATGTTCT,cell_131120,53801,"X,spliced,unspliced"
8171,83169,AGAACGCTCTTGGA,cell_131122,53801,"X,spliced,unspliced"
8172,83170,AGAAGATGCCTGTC,cell_131123,53801,"X,spliced,unspliced"
8173,83171,AGAAGATGTTTCAC,cell_131124,53801,"X,spliced,unspliced"
8174,83173,AGAATGGAAGTTCG,cell_131127,53801,"X,spliced,unspliced"
8175,83181,AGACACACGCCTTC,cell_131139,53801,"X,spliced,unspliced"
8176,83182,AGACACACTCTAGG,cell_131141,53801,"X,spliced,unspliced"
8177,83185,AGACCTGACTTCGC,cell_131144,53801,"X,spliced,unspliced"
8178,83187,AGACCTGAGGTTCA,cell_131146,53801,"X,spliced,unspliced"
8179,83188,AGACCTGAGTGTAC,cell_131147,53801,"X,spliced,unspliced"
8180,83193,AGACTCGACGAGTT,cell_131158,53801,"X,spliced,unspliced"
8181,83197,AGAGAAACAGCATC,cell_131163,53801,"X,spliced,unspliced"
8182,83201,AGAGAATGACTGTG,cell_131169,53801,"X,spliced,unspliced"
8183,83202,AGAGAATGCATACG,cell_131170,53801,"X,spliced,unspliced"
8184,83203,AGAGAATGGAAACA,cell_131171,53801,"X,spliced,unspliced"
8185,83209,AGAGCGGATACAGC,cell_131179,53801,"X,spliced,unspliced"
8186,83212,AGAGGTCTTGAGCT,cell_131183,53801,"X,spliced,unspliced"
8187,83224,AGATATTGATTTCC,cell_131203,53801,"X,spliced,unspliced"
8188,83228,AGATCGTGACACGT,cell_131208,53801,"X,spliced,unspliced"
8189,83229,AGATCGTGAGTGCT,cell_131209,53801,"X,spliced,unspliced"
8190,83233,AGATCTCTCTAAGC,cell_131215,53801,"X,spliced,unspliced"
8191,83235,AGATTAACTATCGG,cell_131217,53801,"X,spliced,unspliced"
8192,83237,AGATTCCTTATCTC,cell_131220,53801,"X,spliced,unspliced"
8193,83243,AGCAAGCTGCTGAT,cell_131230,53801,"X,spliced,unspliced"
8194,83253,AGCATTCTGGAGCA,cell_131241,53801,"X,spliced,unspliced"
8195,83255,AGCCAATGTCATTC,cell_131248,53801,"X,spliced,unspliced"
8196,83257,AGCCACCTCCCTCA,cell_131250,53801,"X,spliced,unspliced"
8197,83258,AGCCACCTGTAAAG,cell_131252,53801,"X,spliced,unspliced"
8198,83265,AGCCTCTGTTCGCC,cell_131263,53801,"X,spliced,unspliced"
8199,83271,AGCGAACTTGGAGG,cell_131269,53801,"X,spliced,unspliced"
8200,83274,AGCGATACCCTCCA,cell_131272,53801,"X,spliced,unspliced"
8201,83281,AGCGCTCTAACGGG,cell_131282,53801,"X,spliced,unspliced"
8202,83285,AGCGGCTGGTAGCT,cell_131287,53801,"X,spliced,unspliced"
8203,83288,AGCGTAACACGTAC,cell_131291,53801,"X,spliced,unspliced"
8204,83289,AGCTCGCTACGTGT,cell_131292,53801,"X,spliced,unspliced"
8205,83290,AGCTCGCTTCTGGA,cell_131293,53801,"X,spliced,unspliced"
8206,83293,AGCTGAACTCTGGA,cell_131296,53801,"X,spliced,unspliced"
8207,83299,AGCTGTGACTACCC,cell_131303,53801,"X,spliced,unspliced"
8208,83303,AGCTTACTATTCCT,cell_131307,53801,"X,spliced,unspliced"
8209,83309,AGCTTACTTTCTAC,cell_131313,53801,"X,spliced,unspliced"
8210,83314,AGGAAATGTCTAGG,cell_131322,53801,"X,spliced,unspliced"
8211,83323,AGGAGTCTCCCAAA,cell_131331,53801,"X,spliced,unspliced"
8212,83324,AGGAGTCTCTGTTT,cell_131332,53801,"X,spliced,unspliced"
8213,83328,AGGATGCTTATCGG,cell_131337,53801,"X,spliced,unspliced"
8214,83329,AGGCAACTCCTCAC,cell_131338,53801,"X,spliced,unspliced"
8215,83332,AGGCAACTGGTATC,cell_131341,53801,"X,spliced,unspliced"
8216,83333,AGGCAACTTTACCT,cell_131342,53801,"X,spliced,unspliced"
8217,83334,AGGCAGGAAGCTCA,cell_131343,53801,"X,spliced,unspliced"
8218,83340,AGGGACGAATCGTG,cell_131350,53801,"X,spliced,unspliced"
8219,83341,AGGGACGACACTGA,cell_131351,53801,"X,spliced,unspliced"
8220,83345,AGGGAGTGAGCAAA,cell_131355,53801,"X,spliced,unspliced"
8221,83347,AGGGAGTGCGTGTA,cell_131357,53801,"X,spliced,unspliced"
8222,83350,AGGGCCACTTGTCT,cell_131362,53801,"X,spliced,unspliced"
8223,83352,AGGGCCTGTGTAGC,cell_131364,53801,"X,spliced,unspliced"
8224,83359,AGGTACACGCCAAT,cell_131377,53801,"X,spliced,unspliced"
8225,83363,AGGTACTGTCCCGT,cell_131383,53801,"X,spliced,unspliced"
8226,83371,AGGTGGGAAGGAGC,cell_131393,53801,"X,spliced,unspliced"
8227,83375,AGGTGTTGCCCTAC,cell_131397,53801,"X,spliced,unspliced"
8228,83376,AGGTGTTGCCTTTA,cell_131398,53801,"X,spliced,unspliced"
8229,83379,AGTAAGGACAGCTA,cell_131402,53801,"X,spliced,unspliced"
8230,83383,AGTAAGGATTACCT,cell_131407,53801,"X,spliced,unspliced"
8231,83390,AGTACGTGCGTTGA,cell_131417,53801,"X,spliced,unspliced"
8232,83392,AGTACTCTATACCG,cell_131419,53801,"X,spliced,unspliced"
8233,83395,AGTAGAGAAAGAAC,cell_131422,53801,"X,spliced,unspliced"
8234,83396,AGTAGAGAAAGTGA,cell_131423,53801,"X,spliced,unspliced"
8235,83399,AGTAGAGATTTGTC,cell_131426,53801,"X,spliced,unspliced"
8236,83402,AGTATAACCAAGCT,cell_131430,53801,"X,spliced,unspliced"
8237,83408,AGTCACGATCCTCG,cell_131437,53801,"X,spliced,unspliced"
8238,83417,AGTCGAACAGCCTA,cell_131450,53801,"X,spliced,unspliced"
8239,83421,AGTCTACTGGACAG,cell_131455,53801,"X,spliced,unspliced"
8240,83429,AGTGACTGAAGCCT,cell_131466,53801,"X,spliced,unspliced"
8241,83436,AGTGTTCTCATTCT,cell_131476,53801,"X,spliced,unspliced"
8242,83452,AGTTTCACATGACC,cell_131500,53801,"X,spliced,unspliced"
8243,83454,ATAACAACTATCTC,cell_131508,53801,"X,spliced,unspliced"
8244,83456,ATAACATGGAACTC,cell_131510,53801,"X,spliced,unspliced"
8245,83457,ATAACATGTCCCGT,cell_131513,53801,"X,spliced,unspliced"
8246,83458,ATAACCCTGACGGA,cell_131514,53801,"X,spliced,unspliced"
8247,83460,ATAAGTACGGAAGC,cell_131516,53801,"X,spliced,unspliced"
8248,83466,ATAATCGACGGGAA,cell_131522,53801,"X,spliced,unspliced"
8249,83467,ATAATCGAGAACCT,cell_131523,53801,"X,spliced,unspliced"
8250,83468,ATAATCGAGCCTTC,cell_131524,53801,"X,spliced,unspliced"
8251,83471,ATAATGACGAAGGC,cell_131527,53801,"X,spliced,unspliced"
8252,83472,ATACACCTGCTGAT,cell_131530,53801,"X,spliced,unspliced"
8253,83476,ATACCACTCTCTTA,cell_131535,53801,"X,spliced,unspliced"
8254,83483,ATACGGACACGCAT,cell_131543,53801,"X,spliced,unspliced"
8255,83487,ATACTCTGGCATCA,cell_131549,53801,"X,spliced,unspliced"
8256,83488,ATACTCTGGGCGAA,cell_131550,53801,"X,spliced,unspliced"
8257,83490,ATACTCTGGTGAGG,cell_131552,53801,"X,spliced,unspliced"
8258,83493,ATAGAACTGGTGGA,cell_131555,53801,"X,spliced,unspliced"
8259,83494,ATAGAACTTCGTAG,cell_131556,53801,"X,spliced,unspliced"
8260,83495,ATAGAACTTGACAC,cell_131557,53801,"X,spliced,unspliced"
8261,83498,ATAGATACGTGTAC,cell_131560,53801,"X,spliced,unspliced"
8262,83502,ATAGCCGAACCATG,cell_131566,53801,"X,spliced,unspliced"
8263,83504,ATAGCCGATCAGAC,cell_131568,53801,"X,spliced,unspliced"
8264,83506,ATAGCTCTGTTCTT,cell_131571,53801,"X,spliced,unspliced"
8265,83511,ATAGTCCTGGGAGT,cell_131582,53801,"X,spliced,unspliced"
8266,83515,ATAGTTGATAAGCC,cell_131590,53801,"X,spliced,unspliced"
8267,83520,ATATACGATGCCAA,cell_131596,53801,"X,spliced,unspliced"
8268,83534,ATCACACTCAATCG,cell_131615,53801,"X,spliced,unspliced"
8269,83536,ATCACACTTTGCAG,cell_131617,53801,"X,spliced,unspliced"
8270,83541,ATCACTACCAGTTG,cell_131623,53801,"X,spliced,unspliced"
8271,83542,ATCACTACCGCCTT,cell_131625,53801,"X,spliced,unspliced"
8272,83545,ATCAGGTGTCGCCT,cell_131629,53801,"X,spliced,unspliced"
8273,83551,ATCATGCTGTAGCT,cell_131637,53801,"X,spliced,unspliced"
8274,83557,ATCCCGTGACAGTC,cell_131647,53801,"X,spliced,unspliced"
8275,83561,ATCCCGTGTCACGA,cell_131652,53801,"X,spliced,unspliced"
8276,83566,ATCGACGAAGTGTC,cell_131657,53801,"X,spliced,unspliced"
8277,83571,ATCGAGTGTGCCTC,cell_131665,53801,"X,spliced,unspliced"
8278,83574,ATCGCAGATGCTCC,cell_131668,53801,"X,spliced,unspliced"
8279,83580,ATCGCGCTCATACG,cell_131677,53801,"X,spliced,unspliced"
8280,83584,ATCGGTGAACCATG,cell_131683,53801,"X,spliced,unspliced"
8281,83587,ATCGTTTGGCTCCT,cell_131689,53801,"X,spliced,unspliced"
8282,83591,ATCGTTTGTCGATG,cell_131693,53801,"X,spliced,unspliced"
8283,83593,ATCTACACTTGTCT,cell_131696,53801,"X,spliced,unspliced"
8284,83598,ATCTCAACTCCCGT,cell_131702,53801,"X,spliced,unspliced"
8285,83611,ATCTTGACTTTGGG,cell_131720,53801,"X,spliced,unspliced"
8286,83634,ATGATATGGACGTT,cell_131749,53801,"X,spliced,unspliced"
8287,83636,ATGATATGGGCGAA,cell_131751,53801,"X,spliced,unspliced"
8288,83638,ATGATATGTACTGG,cell_131753,53801,"X,spliced,unspliced"
8289,83640,ATGCACGACTCTTA,cell_131755,53801,"X,spliced,unspliced"
8290,83643,ATGCAGACATCTCT,cell_131758,53801,"X,spliced,unspliced"
8291,83647,ATGCAGTGCCTCAC,cell_131762,53801,"X,spliced,unspliced"
8292,83650,ATGCCAGAACCCAA,cell_131766,53801,"X,spliced,unspliced"
8293,83655,ATGCGATGGCAGTT,cell_131774,53801,"X,spliced,unspliced"
8294,83662,ATGCTTTGTTCTGT,cell_131782,53801,"X,spliced,unspliced"
8295,83663,ATGGACACAGTCGT,cell_131783,53801,"X,spliced,unspliced"
8296,83672,ATGTACCTACCTGA,cell_131792,53801,"X,spliced,unspliced"
8297,83676,ATGTTCACTGCCTC,cell_131800,53801,"X,spliced,unspliced"
8298,83688,ATTAGATGCACCAA,cell_131818,53801,"X,spliced,unspliced"
8299,83689,ATTAGATGTGGCAT,cell_131819,53801,"X,spliced,unspliced"
8300,83693,ATTAGTGATCTTCA,cell_131824,53801,"X,spliced,unspliced"
8301,83694,ATTATGGACTTGTT,cell_131825,53801,"X,spliced,unspliced"
8302,83695,ATTATGGAGAACCT,cell_131826,53801,"X,spliced,unspliced"
8303,83696,ATTATGGATCCCGT,cell_131827,53801,"X,spliced,unspliced"
8304,83700,ATTCAGCTCTGTTT,cell_131833,53801,"X,spliced,unspliced"
8305,83705,ATTCCAACTGGTAC,cell_131839,53801,"X,spliced,unspliced"
8306,83706,ATTCCAACTGTCTT,cell_131840,53801,"X,spliced,unspliced"
8307,83707,ATTCCATGGAATCC,cell_131841,53801,"X,spliced,unspliced"
8308,83716,ATTCTTCTCTAAGC,cell_131856,53801,"X,spliced,unspliced"
8309,83717,ATTCTTCTCTTGGA,cell_131857,53801,"X,spliced,unspliced"
8310,83719,ATTGAATGGCTACA,cell_131860,53801,"X,spliced,unspliced"
8311,83720,ATTGAATGTTGACG,cell_131862,53801,"X,spliced,unspliced"
8312,83725,ATTGCGGACAGTTG,cell_131871,53801,"X,spliced,unspliced"
8313,83729,ATTGCTACGAAGGC,cell_131876,53801,"X,spliced,unspliced"
8314,83737,ATTGTAGAAGATCC,cell_131891,53801,"X,spliced,unspliced"
8315,83740,ATTGTAGACTGTGA,cell_131895,53801,"X,spliced,unspliced"
8316,83741,ATTGTCTGAGAATG,cell_131896,53801,"X,spliced,unspliced"
8317,83751,ATTTCGTGTCCCGT,cell_131908,53801,"X,spliced,unspliced"
8318,83760,CAAAGCTGTCTCGC,cell_131918,53801,"X,spliced,unspliced"
8319,83761,CAAATATGTTCTTG,cell_131919,53801,"X,spliced,unspliced"
8320,83763,CAAATTGACCAGTA,cell_131921,53801,"X,spliced,unspliced"
8321,83771,CAACCGCTGTTCGA,cell_131931,53801,"X,spliced,unspliced"
8322,83778,CAACGTGAGGTTAC,cell_131942,53801,"X,spliced,unspliced"
8323,83779,CAACGTGATGCTCC,cell_131943,53801,"X,spliced,unspliced"
8324,83780,CAACGTGATGGTCA,cell_131944,53801,"X,spliced,unspliced"
8325,83788,CAAGCATGAAAACG,cell_131955,53801,"X,spliced,unspliced"
8326,83789,CAAGCATGATGTGC,cell_131956,53801,"X,spliced,unspliced"
8327,83795,CAAGGACTCAGTTG,cell_131965,53801,"X,spliced,unspliced"
8328,83796,CAAGGACTTGCCCT,cell_131967,53801,"X,spliced,unspliced"
8329,83797,CAAGGACTTGGTCA,cell_131968,53801,"X,spliced,unspliced"
8330,83800,CAAGGTTGGACGAG,cell_131972,53801,"X,spliced,unspliced"
8331,83802,CAAGTCGAAGTAGA,cell_131974,53801,"X,spliced,unspliced"
8332,83803,CAAGTCGACCCGTT,cell_131975,53801,"X,spliced,unspliced"
8333,83805,CAAGTTCTGAACCT,cell_131977,53801,"X,spliced,unspliced"
8334,83807,CAATAAACACTTTC,cell_131980,53801,"X,spliced,unspliced"
8335,83815,CAATATGAAGCGGA,cell_131989,53801,"X,spliced,unspliced"
8336,83822,CAATGGACATGGTC,cell_131997,53801,"X,spliced,unspliced"
8337,83825,CAATTCACCTTCTA,cell_132001,53801,"X,spliced,unspliced"
8338,83828,CAATTCTGTTCACT,cell_132009,53801,"X,spliced,unspliced"
8339,83829,CACAACGAATGTCG,cell_132010,53801,"X,spliced,unspliced"
8340,83831,CACAACGACTCGCT,cell_132012,53801,"X,spliced,unspliced"
8341,83838,CACAATCTTTGTGG,cell_132021,53801,"X,spliced,unspliced"
8342,83840,CACACCTGTGGAGG,cell_132024,53801,"X,spliced,unspliced"
8343,83844,CACAGCCTACGCTA,cell_132029,53801,"X,spliced,unspliced"
8344,83850,CACATACTGGTCTA,cell_132036,53801,"X,spliced,unspliced"
8345,83853,CACCACTGTCGCTC,cell_132040,53801,"X,spliced,unspliced"
8346,83861,CACCTGACCAATCG,cell_132051,53801,"X,spliced,unspliced"
8347,83869,CACGGGACCTATTC,cell_132062,53801,"X,spliced,unspliced"
8348,83875,CACTAGGAGTATGC,cell_132072,53801,"X,spliced,unspliced"
8349,83876,CACTATACACAGCT,cell_132074,53801,"X,spliced,unspliced"
8350,83881,CACTCTCTACGACT,cell_132079,53801,"X,spliced,unspliced"
8351,83882,CACTCTCTGTCTTT,cell_132081,53801,"X,spliced,unspliced"
8352,83884,CACTGAGATGTCGA,cell_132084,53801,"X,spliced,unspliced"
8353,83886,CACTGCACACCTGA,cell_132086,53801,"X,spliced,unspliced"
8354,83891,CACTGCACTTGACG,cell_132092,53801,"X,spliced,unspliced"
8355,83894,CACTTAACCGGTAT,cell_132095,53801,"X,spliced,unspliced"
8356,83896,CACTTATGCGCAAT,cell_132097,53801,"X,spliced,unspliced"
8357,83899,CAGAAGCTGAAAGT,cell_132102,53801,"X,spliced,unspliced"
8358,83902,CAGACATGCCTATT,cell_132106,53801,"X,spliced,unspliced"
8359,83904,CAGACTGATGCATG,cell_132109,53801,"X,spliced,unspliced"
8360,83906,CAGAGGGAGGAAGC,cell_132111,53801,"X,spliced,unspliced"
8361,83910,CAGATCGATCTTTG,cell_132117,53801,"X,spliced,unspliced"
8362,83911,CAGATGACACGTGT,cell_132118,53801,"X,spliced,unspliced"
8363,83915,CAGCATGAACACAC,cell_132123,53801,"X,spliced,unspliced"
8364,83917,CAGCCTACCATGCA,cell_132125,53801,"X,spliced,unspliced"
8365,83926,CAGCGTCTCGTCTC,cell_132137,53801,"X,spliced,unspliced"
8366,83927,CAGCGTCTTTACCT,cell_132138,53801,"X,spliced,unspliced"
8367,83930,CAGCTAGATCCAAG,cell_132142,53801,"X,spliced,unspliced"
8368,83934,CAGGCCGAACAGTC,cell_132149,53801,"X,spliced,unspliced"
8369,83938,CAGGTATGAAGTAG,cell_132154,53801,"X,spliced,unspliced"
8370,83939,CAGGTATGAGCATC,cell_132155,53801,"X,spliced,unspliced"
8371,83944,CAGTGATGCCAAGT,cell_132166,53801,"X,spliced,unspliced"
8372,83945,CAGTGATGCCTTCG,cell_132167,53801,"X,spliced,unspliced"
8373,83947,CAGTGATGTTGCAG,cell_132169,53801,"X,spliced,unspliced"
8374,83954,CAGTTACTAGCGGA,cell_132176,53801,"X,spliced,unspliced"
8375,83963,CATAAAACTTGTCT,cell_132194,53801,"X,spliced,unspliced"
8376,83964,CATAAAACTTGTGG,cell_132195,53801,"X,spliced,unspliced"
8377,83966,CATAACCTGGGAGT,cell_132200,53801,"X,spliced,unspliced"
8378,83967,CATACTACAGCTCA,cell_132202,53801,"X,spliced,unspliced"
8379,83970,CATACTTGAGAGTA,cell_132205,53801,"X,spliced,unspliced"
8380,83977,CATCAACTAGTACC,cell_132213,53801,"X,spliced,unspliced"
8381,83981,CATCAGGATCCAGA,cell_132219,53801,"X,spliced,unspliced"
8382,83985,CATCATACTGAACC,cell_132224,53801,"X,spliced,unspliced"
8383,83995,CATCTCCTAGTCTG,cell_132240,53801,"X,spliced,unspliced"
8384,83998,CATCTCCTGAGGAC,cell_132243,53801,"X,spliced,unspliced"
8385,84001,CATCTTGATCACGA,cell_132248,53801,"X,spliced,unspliced"
8386,84003,CATGAGACCTATTC,cell_132251,53801,"X,spliced,unspliced"
8387,84012,CATGGCCTGGTACT,cell_132261,53801,"X,spliced,unspliced"
8388,84013,CATGTACTGCGTAT,cell_132262,53801,"X,spliced,unspliced"
8389,84017,CATGTTTGCATTCT,cell_132268,53801,"X,spliced,unspliced"
8390,84018,CATGTTTGGCGTAT,cell_132270,53801,"X,spliced,unspliced"
8391,84026,CATTAGCTGGTAGG,cell_132280,53801,"X,spliced,unspliced"
8392,84029,CATTGACTAATCGC,cell_132283,53801,"X,spliced,unspliced"
8393,84030,CATTGACTACGGGA,cell_132284,53801,"X,spliced,unspliced"
8394,84031,CATTGACTCTACTT,cell_132285,53801,"X,spliced,unspliced"
8395,84033,CATTGTACTCCGAA,cell_132289,53801,"X,spliced,unspliced"
8396,84034,CATTGTTGGCAAGG,cell_132290,53801,"X,spliced,unspliced"
8397,84038,CATTTGTGCTCGCT,cell_132297,53801,"X,spliced,unspliced"
8398,84043,CCAACCTGACCTCC,cell_132302,53801,"X,spliced,unspliced"
8399,84048,CCAAGATGGCTGAT,cell_132310,53801,"X,spliced,unspliced"
8400,84050,CCAAGTGAGTATGC,cell_132312,53801,"X,spliced,unspliced"
8401,84055,CCACCATGTCGTTT,cell_132321,53801,"X,spliced,unspliced"
8402,84056,CCACCTGAAGCCAT,cell_132322,53801,"X,spliced,unspliced"
8403,84059,CCACTGTGAAGGGC,cell_132326,53801,"X,spliced,unspliced"
8404,84061,CCACTGTGATCACG,cell_132328,53801,"X,spliced,unspliced"
8405,84062,CCACTTCTGTGTTG,cell_132331,53801,"X,spliced,unspliced"
8406,84063,CCACTTCTTGCTAG,cell_132332,53801,"X,spliced,unspliced"
8407,84065,CCAGAAACCTATGG,cell_132334,53801,"X,spliced,unspliced"
8408,84066,CCAGAAACGTTCAG,cell_132335,53801,"X,spliced,unspliced"
8409,84071,CCAGCGGAAGAAGT,cell_132342,53801,"X,spliced,unspliced"
8410,84072,CCAGCGGACAGTCA,cell_132343,53801,"X,spliced,unspliced"
8411,84080,CCAGGTCTGGAGCA,cell_132352,53801,"X,spliced,unspliced"
8412,84082,CCAGGTCTTGTGCA,cell_132354,53801,"X,spliced,unspliced"
8413,84083,CCAGGTCTTTGCGA,cell_132355,53801,"X,spliced,unspliced"
8414,84085,CCAGTCACGGACGA,cell_132357,53801,"X,spliced,unspliced"
8415,84096,CCATAGGATCCTTA,cell_132374,53801,"X,spliced,unspliced"
8416,84100,CCATCCGATCAGGT,cell_132378,53801,"X,spliced,unspliced"
8417,84102,CCATGCTGGGAAAT,cell_132380,53801,"X,spliced,unspliced"
8418,84109,CCCAACACGAGATA,cell_132390,53801,"X,spliced,unspliced"
8419,84113,CCCAGACTAGATCC,cell_132395,53801,"X,spliced,unspliced"
8420,84118,CCCATGTGAAGTGA,cell_132402,53801,"X,spliced,unspliced"
8421,84121,CCCGAACTGATAGA,cell_132407,53801,"X,spliced,unspliced"
8422,84125,CCCTACGAACCTAG,cell_132412,53801,"X,spliced,unspliced"
8423,84126,CCCTAGTGAAAAGC,cell_132413,53801,"X,spliced,unspliced"
8424,84137,CCCTTACTAAACAG,cell_132427,53801,"X,spliced,unspliced"
8425,84138,CCCTTACTCCGTTC,cell_132428,53801,"X,spliced,unspliced"
8426,84144,CCGATAGACTTATC,cell_132438,53801,"X,spliced,unspliced"
8427,84147,CCGCGAGATCTACT,cell_132441,53801,"X,spliced,unspliced"
8428,84149,CCGGAGACCATGAC,cell_132443,53801,"X,spliced,unspliced"
8429,84152,CCGGAGTGCATGCA,cell_132446,53801,"X,spliced,unspliced"
8430,84154,CCGGAGTGGACGAG,cell_132448,53801,"X,spliced,unspliced"
8431,84158,CCGGTACTTAACCG,cell_132453,53801,"X,spliced,unspliced"
8432,84165,CCTAAGGATAGACC,cell_132463,53801,"X,spliced,unspliced"
8433,84166,CCTACCGACTAGTG,cell_132465,53801,"X,spliced,unspliced"
8434,84167,CCTACCGAGAACTC,cell_132466,53801,"X,spliced,unspliced"
8435,84175,CCTCATCTGACGAG,cell_132475,53801,"X,spliced,unspliced"
8436,84176,CCTCATCTGAGACG,cell_132476,53801,"X,spliced,unspliced"
8437,84180,CCTCTACTGATGAA,cell_132480,53801,"X,spliced,unspliced"
8438,84182,CCTCTACTGTGAGG,cell_132482,53801,"X,spliced,unspliced"
8439,84184,CCTGCAACAACCTG,cell_132486,53801,"X,spliced,unspliced"
8440,84185,CCTGCAACAATGCC,cell_132487,53801,"X,spliced,unspliced"
8441,84196,CCTTCACTCAGAGG,cell_132502,53801,"X,spliced,unspliced"
8442,84197,CCTTCACTCCTTGC,cell_132503,53801,"X,spliced,unspliced"
8443,84203,CGAACATGCCACAA,cell_132513,53801,"X,spliced,unspliced"
8444,84207,CGAATCGAACTAGC,cell_132519,53801,"X,spliced,unspliced"
8445,84208,CGAATCGAACTTTC,cell_132520,53801,"X,spliced,unspliced"
8446,84210,CGACAAACTTACTC,cell_132524,53801,"X,spliced,unspliced"
8447,84212,CGACCACTGTAGGG,cell_132529,53801,"X,spliced,unspliced"
8448,84217,CGACCGGAGCAAGG,cell_132536,53801,"X,spliced,unspliced"
8449,84218,CGACCGGATTTACC,cell_132537,53801,"X,spliced,unspliced"
8450,84219,CGACCTACAGCTAC,cell_132538,53801,"X,spliced,unspliced"
8451,84222,CGACCTTGATGACC,cell_132541,53801,"X,spliced,unspliced"
8452,84225,CGACTCACCGTGAT,cell_132544,53801,"X,spliced,unspliced"
8453,84226,CGACTCTGACGCAT,cell_132546,53801,"X,spliced,unspliced"
8454,84227,CGACTCTGTCTTAC,cell_132547,53801,"X,spliced,unspliced"
8455,84229,CGAGATTGGCCTTC,cell_132551,53801,"X,spliced,unspliced"
8456,84235,CGAGCCGATCGCCT,cell_132559,53801,"X,spliced,unspliced"
8457,84237,CGAGCGTGCGATAC,cell_132562,53801,"X,spliced,unspliced"
8458,84240,CGAGGAGATTCCAT,cell_132566,53801,"X,spliced,unspliced"
8459,84241,CGAGGCACCCTGTC,cell_132567,53801,"X,spliced,unspliced"
8460,84244,CGAGGCTGTCCGTC,cell_132571,53801,"X,spliced,unspliced"
8461,84250,CGATACGAGGACTT,cell_132580,53801,"X,spliced,unspliced"
8462,84254,CGATCAGACTTGCC,cell_132585,53801,"X,spliced,unspliced"
8463,84256,CGATCAGATTAGGC,cell_132587,53801,"X,spliced,unspliced"
8464,84257,CGATCCACAAGCAA,cell_132588,53801,"X,spliced,unspliced"
8465,84258,CGCAAATGGAGGAC,cell_132590,53801,"X,spliced,unspliced"
8466,84261,CGCAAATGTTCGCC,cell_132593,53801,"X,spliced,unspliced"
8467,84262,CGCAACCTATCGAC,cell_132594,53801,"X,spliced,unspliced"
8468,84267,CGCACGGAGCAAGG,cell_132600,53801,"X,spliced,unspliced"
8469,84268,CGCACGGAGTACGT,cell_132601,53801,"X,spliced,unspliced"
8470,84274,CGCCATACGATGAA,cell_132614,53801,"X,spliced,unspliced"
8471,84280,CGCCGAGACGTGAT,cell_132621,53801,"X,spliced,unspliced"
8472,84283,CGCCTAACCGTTAG,cell_132624,53801,"X,spliced,unspliced"
8473,84291,CGCTAAGATACTTC,cell_132635,53801,"X,spliced,unspliced"
8474,84294,CGCTACACGACAGG,cell_132638,53801,"X,spliced,unspliced"
8475,84299,CGCTCATGTGGTAC,cell_132645,53801,"X,spliced,unspliced"
8476,84302,CGGAATTGTCCGAA,cell_132648,53801,"X,spliced,unspliced"
8477,84306,CGGACCGACCGCTT,cell_132652,53801,"X,spliced,unspliced"
8478,84312,CGGATAACTGACTG,cell_132660,53801,"X,spliced,unspliced"
8479,84315,CGGCATCTATACCG,cell_132664,53801,"X,spliced,unspliced"
8480,84322,CGGCGAACACCCAA,cell_132673,53801,"X,spliced,unspliced"
8481,84324,CGGCGATGGTGTCA,cell_132677,53801,"X,spliced,unspliced"
8482,84331,CGGTAAACGGAACG,cell_132687,53801,"X,spliced,unspliced"
8483,84332,CGGTACCTCCTATT,cell_132688,53801,"X,spliced,unspliced"
8484,84333,CGGTACCTTTCTTG,cell_132690,53801,"X,spliced,unspliced"
8485,84336,CGTAACGATATCGG,cell_132695,53801,"X,spliced,unspliced"
8486,84338,CGTACAGATGTGCA,cell_132698,53801,"X,spliced,unspliced"
8487,84343,CGTACCACTTACTC,cell_132704,53801,"X,spliced,unspliced"
8488,84346,CGTACCTGTCGATG,cell_132708,53801,"X,spliced,unspliced"
8489,84349,CGTCAAGATTGCGA,cell_132713,53801,"X,spliced,unspliced"
8490,84351,CGTCCAACCAAGCT,cell_132715,53801,"X,spliced,unspliced"
8491,84352,CGTCCAACCGAACT,cell_132716,53801,"X,spliced,unspliced"
8492,84357,CGTCGACTCGTAGT,cell_132725,53801,"X,spliced,unspliced"
8493,84360,CGTGAAACACGTTG,cell_132729,53801,"X,spliced,unspliced"
8494,84361,CGTGAAACAGAGGC,cell_132730,53801,"X,spliced,unspliced"
8495,84366,CGTGATGAGTTTGG,cell_132738,53801,"X,spliced,unspliced"
8496,84367,CGTGATGATCGCTC,cell_132740,53801,"X,spliced,unspliced"
8497,84368,CGTGATGATGGAAA,cell_132741,53801,"X,spliced,unspliced"
8498,84369,CGTGCACTCCACCT,cell_132742,53801,"X,spliced,unspliced"
8499,84371,CGTGCACTTTACCT,cell_132745,53801,"X,spliced,unspliced"
8500,84374,CGTTAACTAGCCTA,cell_132750,53801,"X,spliced,unspliced"
8501,84393,CTAAGGACGGGCAA,cell_132783,53801,"X,spliced,unspliced"
8502,84396,CTAAGGTGCCCGTT,cell_132788,53801,"X,spliced,unspliced"
8503,84409,CTACCTCTCATACG,cell_132804,53801,"X,spliced,unspliced"
8504,84410,CTACCTCTCCAGTA,cell_132805,53801,"X,spliced,unspliced"
8505,84411,CTACCTCTTCGCAA,cell_132806,53801,"X,spliced,unspliced"
8506,84412,CTACCTCTTGCGTA,cell_132807,53801,"X,spliced,unspliced"
8507,84416,CTACGGCTTCCTAT,cell_132812,53801,"X,spliced,unspliced"
8508,84425,CTAGGATGGTAAAG,cell_132826,53801,"X,spliced,unspliced"
8509,84427,CTAGGATGTGACTG,cell_132828,53801,"X,spliced,unspliced"
8510,84432,CTAGGTGAACACCA,cell_132833,53801,"X,spliced,unspliced"
8511,84434,CTAGGTGAATGTCG,cell_132835,53801,"X,spliced,unspliced"
8512,84438,CTAGTTTGCCGAAT,cell_132841,53801,"X,spliced,unspliced"
8513,84439,CTAGTTTGCTAGAC,cell_132842,53801,"X,spliced,unspliced"
8514,84441,CTAGTTTGGTCATG,cell_132845,53801,"X,spliced,unspliced"
8515,84442,CTAGTTTGTCCGTC,cell_132846,53801,"X,spliced,unspliced"
8516,84448,CTATAGCTAACCTG,cell_132853,53801,"X,spliced,unspliced"
8517,84449,CTATAGCTGGCAAG,cell_132855,53801,"X,spliced,unspliced"
8518,84457,CTATCATGACGGGA,cell_132863,53801,"X,spliced,unspliced"
8519,84461,CTATGACTGTTTCT,cell_132867,53801,"X,spliced,unspliced"
8520,84462,CTATGACTTTCCAT,cell_132868,53801,"X,spliced,unspliced"
8521,84465,CTATGTACCTCAAG,cell_132871,53801,"X,spliced,unspliced"
8522,84468,CTATTGTGAACGAA,cell_132878,53801,"X,spliced,unspliced"
8523,84471,CTCAATTGATTCGG,cell_132882,53801,"X,spliced,unspliced"
8524,84473,CTCAATTGGGTGGA,cell_132884,53801,"X,spliced,unspliced"
8525,84482,CTCATTGAGACAGG,cell_132898,53801,"X,spliced,unspliced"
8526,84485,CTCCACGACTCTCG,cell_132903,53801,"X,spliced,unspliced"
8527,84488,CTCCATCTCGACAT,cell_132907,53801,"X,spliced,unspliced"
8528,84490,CTCCATCTGTGCAT,cell_132910,53801,"X,spliced,unspliced"
8529,84493,CTCCTACTTTGCTT,cell_132913,53801,"X,spliced,unspliced"
8530,84494,CTCGAAGAAAGATG,cell_132914,53801,"X,spliced,unspliced"
8531,84495,CTCGAAGAGCGTTA,cell_132915,53801,"X,spliced,unspliced"
8532,84500,CTCGACACTCGATG,cell_132923,53801,"X,spliced,unspliced"
8533,84507,CTCTAATGCCGCTT,cell_132931,53801,"X,spliced,unspliced"
8534,84508,CTCTAATGGCGATT,cell_132932,53801,"X,spliced,unspliced"
8535,84519,CTGACAGATGCACA,cell_132946,53801,"X,spliced,unspliced"
8536,84521,CTGACCACCACTAG,cell_132949,53801,"X,spliced,unspliced"
8537,84522,CTGACCACCCTGAA,cell_132950,53801,"X,spliced,unspliced"
8538,84525,CTGAGAACTAACGC,cell_132954,53801,"X,spliced,unspliced"
8539,84528,CTGATACTAAGTAG,cell_132957,53801,"X,spliced,unspliced"
8540,84529,CTGATACTTCCCAC,cell_132960,53801,"X,spliced,unspliced"
8541,84531,CTGATGGAGTCGTA,cell_132963,53801,"X,spliced,unspliced"
8542,84534,CTGCAGCTGAGGCA,cell_132966,53801,"X,spliced,unspliced"
8543,84542,CTGGAAACTGTAGC,cell_132978,53801,"X,spliced,unspliced"
8544,84543,CTGGATGATCCAGA,cell_132980,53801,"X,spliced,unspliced"
8545,84550,CTGTATACTTCTAC,cell_132990,53801,"X,spliced,unspliced"
8546,84551,CTGTGAGACTCCAC,cell_132991,53801,"X,spliced,unspliced"
8547,84561,CTTACATGTCCTAT,cell_133004,53801,"X,spliced,unspliced"
8548,84565,CTTAGGGAAGCTAC,cell_133010,53801,"X,spliced,unspliced"
8549,84567,CTTATCGAGGTTCA,cell_133012,53801,"X,spliced,unspliced"
8550,84571,CTTCACCTGAGGTG,cell_133016,53801,"X,spliced,unspliced"
8551,84572,CTTCACCTGTCACA,cell_133017,53801,"X,spliced,unspliced"
8552,84574,CTTCATGAGTCGAT,cell_133021,53801,"X,spliced,unspliced"
8553,84576,CTTCATGATTGGTG,cell_133023,53801,"X,spliced,unspliced"
8554,84579,CTTGAGGAAAGCCT,cell_133028,53801,"X,spliced,unspliced"
8555,84585,CTTGATTGTTCTAC,cell_133035,53801,"X,spliced,unspliced"
8556,84590,CTTTCAGAAGTGCT,cell_133044,53801,"X,spliced,unspliced"
8557,84598,GAAAGATGCTCCCA,cell_133054,53801,"X,spliced,unspliced"
8558,84604,GAACACACCAGAAA,cell_133063,53801,"X,spliced,unspliced"
8559,84608,GAACAGCTCGGGAA,cell_133068,53801,"X,spliced,unspliced"
8561,84617,GAACGTTGAAACGA,cell_133082,53801,"X,spliced,unspliced"
8562,84622,GAAGATGAGAGGGT,cell_133090,53801,"X,spliced,unspliced"
8563,84625,GAAGCGGAGCTGTA,cell_133093,53801,"X,spliced,unspliced"
8564,84626,GAAGCGGAGGAGCA,cell_133094,53801,"X,spliced,unspliced"
8565,84627,GAAGCGGAGTGCAT,cell_133095,53801,"X,spliced,unspliced"
8566,84631,GAAGCTACTAAGGA,cell_133099,53801,"X,spliced,unspliced"
8567,84632,GAAGCTACTTCCAT,cell_133100,53801,"X,spliced,unspliced"
8568,84635,GAAGCTTGGGTGGA,cell_133103,53801,"X,spliced,unspliced"
8569,84636,GAAGGGTGATGGTC,cell_133104,53801,"X,spliced,unspliced"
8570,84639,GAAGTCACCTCAAG,cell_133109,53801,"X,spliced,unspliced"
8571,84644,GAAGTCTGTCAGGT,cell_133115,53801,"X,spliced,unspliced"
8572,84646,GAAGTGCTTGACCA,cell_133118,53801,"X,spliced,unspliced"
8573,84650,GAATGGCTAATCGC,cell_133123,53801,"X,spliced,unspliced"
8574,84653,GAATGGCTGGATCT,cell_133128,53801,"X,spliced,unspliced"
8575,84657,GACAACACCTCCCA,cell_133134,53801,"X,spliced,unspliced"
8576,84663,GACAGGGATCTTTG,cell_133141,53801,"X,spliced,unspliced"
8577,84668,GACCAAACGAAAGT,cell_133148,53801,"X,spliced,unspliced"
8578,84670,GACCATGAATGCTG,cell_133152,53801,"X,spliced,unspliced"
8579,84672,GACCATGATTCTTG,cell_133154,53801,"X,spliced,unspliced"
8580,84674,GACCCTACCTAAGC,cell_133156,53801,"X,spliced,unspliced"
8581,84680,GACCTCTGCCGAAT,cell_133164,53801,"X,spliced,unspliced"
8582,84683,GACGAACTACGGTT,cell_133168,53801,"X,spliced,unspliced"
8583,84685,GACGAACTCATACG,cell_133170,53801,"X,spliced,unspliced"
8584,84687,GACGAGGAAGTCAC,cell_133172,53801,"X,spliced,unspliced"
8585,84690,GACGATTGTGCAAC,cell_133177,53801,"X,spliced,unspliced"
8586,84691,GACGATTGTGTGAC,cell_133178,53801,"X,spliced,unspliced"
8587,84697,GACGGCACAGGAGC,cell_133186,53801,"X,spliced,unspliced"
8588,84698,GACGGCACGGAAGC,cell_133187,53801,"X,spliced,unspliced"
8589,84702,GACGTATGCCTCAC,cell_133192,53801,"X,spliced,unspliced"
8590,84707,GACTACGAGTGTCA,cell_133201,53801,"X,spliced,unspliced"
8591,84724,GAGATAGAGTTCGA,cell_133224,53801,"X,spliced,unspliced"
8592,84728,GAGATGCTTTGGCA,cell_133231,53801,"X,spliced,unspliced"
8593,84729,GAGCAACTACGTGT,cell_133232,53801,"X,spliced,unspliced"
8594,84730,GAGCAACTCGAGAG,cell_133233,53801,"X,spliced,unspliced"
8595,84731,GAGCAACTGGTCAT,cell_133234,53801,"X,spliced,unspliced"
8596,84733,GAGCAGGAGGCATT,cell_133237,53801,"X,spliced,unspliced"
8597,84735,GAGCATACCATGGT,cell_133239,53801,"X,spliced,unspliced"
8598,84736,GAGCATACGGAGCA,cell_133240,53801,"X,spliced,unspliced"
8599,84737,GAGCGAGAACCAGT,cell_133242,53801,"X,spliced,unspliced"
8600,84741,GAGCGCTGAGCATC,cell_133248,53801,"X,spliced,unspliced"
8601,84762,GAGGTACTGTGAGG,cell_133284,53801,"X,spliced,unspliced"
8602,84763,GAGGTTACAGCTAC,cell_133286,53801,"X,spliced,unspliced"
8603,84765,GAGGTTACTTCACT,cell_133288,53801,"X,spliced,unspliced"
8604,84769,GAGGTTTGCCGCTT,cell_133292,53801,"X,spliced,unspliced"
8605,84770,GAGTAAGAGTACCA,cell_133295,53801,"X,spliced,unspliced"
8606,84774,GAGTACTGTGAACC,cell_133300,53801,"X,spliced,unspliced"
8607,84776,GAGTCAACCTTGGA,cell_133304,53801,"X,spliced,unspliced"
8608,84790,GATAAGGAAGCGGA,cell_133320,53801,"X,spliced,unspliced"
8609,84793,GATACTCTGGTCAT,cell_133325,53801,"X,spliced,unspliced"
8610,84794,GATAGAGACGACAT,cell_133327,53801,"X,spliced,unspliced"
8611,84795,GATAGAGAGAATGA,cell_133328,53801,"X,spliced,unspliced"
8612,84809,GATCGTGAACTCTT,cell_133354,53801,"X,spliced,unspliced"
8613,84810,GATCTACTCTATTC,cell_133356,53801,"X,spliced,unspliced"
8614,84816,GATGACACTCAGAC,cell_133365,53801,"X,spliced,unspliced"
8615,84821,GATGCATGTGGGAG,cell_133370,53801,"X,spliced,unspliced"
8616,84823,GATGCCCTCTCGCT,cell_133372,53801,"X,spliced,unspliced"
8617,84828,GATTACCTCCTTAT,cell_133377,53801,"X,spliced,unspliced"
8618,84829,GATTCGGAAAGCAA,cell_133378,53801,"X,spliced,unspliced"
8619,84831,GATTCGGACTGACA,cell_133380,53801,"X,spliced,unspliced"
8620,84832,GATTCGGAGTAGCT,cell_133381,53801,"X,spliced,unspliced"
8621,84833,GATTCTACCTCGAA,cell_133382,53801,"X,spliced,unspliced"
8622,84834,GATTCTTGTTCCAT,cell_133384,53801,"X,spliced,unspliced"
8623,84835,GATTCTTGTTGCTT,cell_133385,53801,"X,spliced,unspliced"
8624,84837,GATTGGTGACCAGT,cell_133389,53801,"X,spliced,unspliced"
8625,84838,GATTGGTGCGACTA,cell_133392,53801,"X,spliced,unspliced"
8626,84842,GATTTGCTAACGGG,cell_133398,53801,"X,spliced,unspliced"
8627,84843,GATTTGCTTCTACT,cell_133399,53801,"X,spliced,unspliced"
8628,84848,GCAACCCTTTGCAG,cell_133407,53801,"X,spliced,unspliced"
8629,84851,GCAACTGAGCTACA,cell_133410,53801,"X,spliced,unspliced"
8630,84860,GCACAAACCTATTC,cell_133424,53801,"X,spliced,unspliced"
8631,84861,GCACAATGAAGCCT,cell_133425,53801,"X,spliced,unspliced"
8632,84865,GCACCTACCTGGAT,cell_133431,53801,"X,spliced,unspliced"
8633,84867,GCACCTTGAGCTAC,cell_133436,53801,"X,spliced,unspliced"
8634,84868,GCACCTTGAGTCTG,cell_133437,53801,"X,spliced,unspliced"
8635,84877,GCACGTCTGGTGAG,cell_133451,53801,"X,spliced,unspliced"
8636,84878,GCACTAGACACACA,cell_133453,53801,"X,spliced,unspliced"
8637,84882,GCACTGCTGTATCG,cell_133458,53801,"X,spliced,unspliced"
8638,84886,GCAGCGTGACTGGT,cell_133465,53801,"X,spliced,unspliced"
8639,84888,GCAGCTCTTAGCCA,cell_133472,53801,"X,spliced,unspliced"
8640,84890,GCAGGCACCGCCTT,cell_133475,53801,"X,spliced,unspliced"
8641,84900,GCATCAGACTGTGA,cell_133488,53801,"X,spliced,unspliced"
8642,84903,GCATGTGATACTCT,cell_133492,53801,"X,spliced,unspliced"
8643,84909,GCCAAATGCTGAGT,cell_133499,53801,"X,spliced,unspliced"
8644,84910,GCCAAATGTTGTCT,cell_133500,53801,"X,spliced,unspliced"
8645,84911,GCCAACCTACGTAC,cell_133501,53801,"X,spliced,unspliced"
8646,84919,GCCACTACCTAGCA,cell_133511,53801,"X,spliced,unspliced"
8647,84924,GCCCAACTCACCAA,cell_133519,53801,"X,spliced,unspliced"
8648,84926,GCCCATACCCTCGT,cell_133524,53801,"X,spliced,unspliced"
8649,84927,GCCCATACTGCCTC,cell_133527,53801,"X,spliced,unspliced"
8650,84928,GCCGAGTGAACAGA,cell_133529,53801,"X,spliced,unspliced"
8651,84931,GCCGGAACGGTCAT,cell_133534,53801,"X,spliced,unspliced"
8652,84936,GCCTACACCTTGGA,cell_133540,53801,"X,spliced,unspliced"
8653,84941,GCCTAGCTTTTACC,cell_133548,53801,"X,spliced,unspliced"
8654,84945,GCCTCATGCGTCTC,cell_133553,53801,"X,spliced,unspliced"
8655,84947,GCCTGACTATCAGC,cell_133557,53801,"X,spliced,unspliced"
8656,84952,GCGAAGGAGGAGTG,cell_133566,53801,"X,spliced,unspliced"
8657,84953,GCGAAGGATGGCAT,cell_133568,53801,"X,spliced,unspliced"
8658,84956,GCGACTCTATCACG,cell_133571,53801,"X,spliced,unspliced"
8659,84957,GCGACTCTTCAAGC,cell_133572,53801,"X,spliced,unspliced"
8660,84959,GCGAGAGACATCAG,cell_133574,53801,"X,spliced,unspliced"
8661,84964,GCGCACGAAAGTAG,cell_133583,53801,"X,spliced,unspliced"
8662,84973,GCGCGATGGTTTCT,cell_133595,53801,"X,spliced,unspliced"
8663,84977,GCGGGACTGAACCT,cell_133601,53801,"X,spliced,unspliced"
8665,84979,GCGTAAACGCTGTA,cell_133604,53801,"X,spliced,unspliced"
8666,84981,GCGTAATGCTAGAC,cell_133606,53801,"X,spliced,unspliced"
8667,84983,GCGTAATGTAAGCC,cell_133609,53801,"X,spliced,unspliced"
8668,84987,GCTACAGAACCATG,cell_133615,53801,"X,spliced,unspliced"
8669,84989,GCTACAGATCGCTC,cell_133618,53801,"X,spliced,unspliced"
8670,84991,GCTACCTGATCAGC,cell_133620,53801,"X,spliced,unspliced"
8671,84997,GCTACCTGTATCTC,cell_133628,53801,"X,spliced,unspliced"
8672,84999,GCTACGCTACCCAA,cell_133630,53801,"X,spliced,unspliced"
8673,85004,GCTAGAACCGCCTT,cell_133637,53801,"X,spliced,unspliced"
8674,85014,GCTATACTAGATGA,cell_133649,53801,"X,spliced,unspliced"
8675,85017,GCTATACTTCTCTA,cell_133653,53801,"X,spliced,unspliced"
8676,85022,GCTCACTGCATTGG,cell_133658,53801,"X,spliced,unspliced"
8677,85023,GCTCACTGTTCTTG,cell_133660,53801,"X,spliced,unspliced"
8678,85026,GCTCAGCTCACAAC,cell_133665,53801,"X,spliced,unspliced"
8679,85027,GCTCAGCTCGGGAA,cell_133666,53801,"X,spliced,unspliced"
8680,85030,GCTCAGCTTCCCAC,cell_133669,53801,"X,spliced,unspliced"
8681,85044,GCTTAACTTTCCCG,cell_133686,53801,"X,spliced,unspliced"
8682,85050,GGAACACTTGTTCT,cell_133693,53801,"X,spliced,unspliced"
8683,85051,GGAACACTTTCGGA,cell_133694,53801,"X,spliced,unspliced"
8684,85052,GGAACTACAGCATC,cell_133696,53801,"X,spliced,unspliced"
8685,85055,GGAACTACGACTAC,cell_133699,53801,"X,spliced,unspliced"
8686,85061,GGAAGGACCAAAGA,cell_133707,53801,"X,spliced,unspliced"
8687,85065,GGAAGGTGTGGCAT,cell_133711,53801,"X,spliced,unspliced"
8688,85070,GGAATCTGTGGTAC,cell_133718,53801,"X,spliced,unspliced"
8689,85071,GGAATCTGTTGTGG,cell_133719,53801,"X,spliced,unspliced"
8690,85072,GGAATGCTAACCTG,cell_133720,53801,"X,spliced,unspliced"
8691,85073,GGAATGCTCATTTC,cell_133721,53801,"X,spliced,unspliced"
8692,85077,GGACAGGAATCGTG,cell_133725,53801,"X,spliced,unspliced"
8693,85079,GGACATTGAGCCAT,cell_133727,53801,"X,spliced,unspliced"
8694,85080,GGACATTGGATGAA,cell_133729,53801,"X,spliced,unspliced"
8695,85085,GGACCGTGGGTAGG,cell_133737,53801,"X,spliced,unspliced"
8696,85086,GGACCGTGTAGCCA,cell_133738,53801,"X,spliced,unspliced"
8697,85087,GGACCGTGTCGCAA,cell_133739,53801,"X,spliced,unspliced"
8698,85101,GGAGAGACTAGCGT,cell_133754,53801,"X,spliced,unspliced"
8699,85103,GGAGCAGACATGCA,cell_133756,53801,"X,spliced,unspliced"
8700,85104,GGAGCAGACTTATC,cell_133757,53801,"X,spliced,unspliced"
8701,85105,GGAGCAGAGCGTAT,cell_133758,53801,"X,spliced,unspliced"
8702,85114,GGAGGCCTAGCCAT,cell_133773,53801,"X,spliced,unspliced"
8703,85120,GGAGTTTGATGGTC,cell_133782,53801,"X,spliced,unspliced"
8704,85124,GGATACTGCGCATA,cell_133787,53801,"X,spliced,unspliced"
8705,85125,GGATACTGGCGATT,cell_133788,53801,"X,spliced,unspliced"
8706,85126,GGATACTGGTCGTA,cell_133789,53801,"X,spliced,unspliced"
8707,85127,GGATACTGGTGAGG,cell_133790,53801,"X,spliced,unspliced"
8708,85129,GGATAGCTGCTCCT,cell_133793,53801,"X,spliced,unspliced"
8709,85133,GGATGTACCCGTAA,cell_133798,53801,"X,spliced,unspliced"
8710,85135,GGATGTTGACCTGA,cell_133801,53801,"X,spliced,unspliced"
8711,85139,GGATTGTGCGTGAT,cell_133807,53801,"X,spliced,unspliced"
8712,85144,GGCAAGGAGGTTTG,cell_133814,53801,"X,spliced,unspliced"
8713,85145,GGCAAGGAGTGTAC,cell_133815,53801,"X,spliced,unspliced"
8714,85156,GGCCACGATCGCTC,cell_133832,53801,"X,spliced,unspliced"
8715,85159,GGCCGAACTCACCC,cell_133836,53801,"X,spliced,unspliced"
8716,85164,GGCGACTGACCTTT,cell_133841,53801,"X,spliced,unspliced"
8717,85165,GGCGACTGGTGTAC,cell_133842,53801,"X,spliced,unspliced"
8718,85167,GGCGCATGAGTTCG,cell_133844,53801,"X,spliced,unspliced"
8719,85174,GGCTCACTAGAAGT,cell_133857,53801,"X,spliced,unspliced"
8720,85175,GGCTCACTATCACG,cell_133858,53801,"X,spliced,unspliced"
8721,85177,GGCTCACTTAAAGG,cell_133861,53801,"X,spliced,unspliced"
8722,85178,GGGAACGATGAAGA,cell_133864,53801,"X,spliced,unspliced"
8723,85181,GGGAAGTGACGCAT,cell_133869,53801,"X,spliced,unspliced"
8724,85182,GGGAAGTGCCTTGC,cell_133870,53801,"X,spliced,unspliced"
8725,85194,GGGATTACGCTACA,cell_133884,53801,"X,spliced,unspliced"
8726,85195,GGGATTACGTTAGC,cell_133885,53801,"X,spliced,unspliced"
8727,85196,GGGCAAGATCTACT,cell_133887,53801,"X,spliced,unspliced"
8728,85200,GGGCAGCTCGGAGA,cell_133892,53801,"X,spliced,unspliced"
8729,85202,GGGCAGCTTGGTCA,cell_133894,53801,"X,spliced,unspliced"
8730,85209,GGGTTATGGTAAGA,cell_133903,53801,"X,spliced,unspliced"
8731,85211,GGGTTATGTTGACG,cell_133906,53801,"X,spliced,unspliced"
8732,85212,GGTAAAGAACACTG,cell_133907,53801,"X,spliced,unspliced"
8733,85213,GGTAAAGACATGCA,cell_133908,53801,"X,spliced,unspliced"
8734,85214,GGTAAAGATCCCGT,cell_133909,53801,"X,spliced,unspliced"
8735,85216,GGTACAACAACTGC,cell_133912,53801,"X,spliced,unspliced"
8736,85219,GGTACAACGCAGTT,cell_133916,53801,"X,spliced,unspliced"
8737,85221,GGTACATGTGTCTT,cell_133920,53801,"X,spliced,unspliced"
8738,85222,GGTACATGTTGTCT,cell_133921,53801,"X,spliced,unspliced"
8739,85232,GGTATGACTGGTTG,cell_133933,53801,"X,spliced,unspliced"
8740,85234,GGTCAAACGTCTGA,cell_133935,53801,"X,spliced,unspliced"
8741,85241,GTAACGTGCATGCA,cell_133943,53801,"X,spliced,unspliced"
8742,85242,GTAACGTGGCCTTC,cell_133945,53801,"X,spliced,unspliced"
8743,85249,GTAATAACACCAAC,cell_133955,53801,"X,spliced,unspliced"
8744,85251,GTAATAACTCCTAT,cell_133957,53801,"X,spliced,unspliced"
8745,85254,GTACAGTGACGCAT,cell_133963,53801,"X,spliced,unspliced"
8746,85257,GTACGAACAGAATG,cell_133967,53801,"X,spliced,unspliced"
8747,85258,GTACGAACCTGAGT,cell_133968,53801,"X,spliced,unspliced"
8748,85263,GTACGTGATTCTAC,cell_133975,53801,"X,spliced,unspliced"
8749,85278,GTAGGTACTCTCAT,cell_134002,53801,"X,spliced,unspliced"
8750,85281,GTAGTGACCAACTG,cell_134007,53801,"X,spliced,unspliced"
8751,85282,GTAGTGACGAACTC,cell_134008,53801,"X,spliced,unspliced"
8752,85285,GTAGTGACTCCAGA,cell_134011,53801,"X,spliced,unspliced"
8753,85291,GTATCTACTTGAGC,cell_134022,53801,"X,spliced,unspliced"
8754,85292,GTATGGTGCAGTCA,cell_134023,53801,"X,spliced,unspliced"
8756,85299,GTCAATCTGTAAGA,cell_134037,53801,"X,spliced,unspliced"
8757,85306,GTCATACTAGGTTC,cell_134049,53801,"X,spliced,unspliced"
8758,85311,GTCCAAGATGACAC,cell_134056,53801,"X,spliced,unspliced"
8759,85312,GTCCACACGAAGGC,cell_134057,53801,"X,spliced,unspliced"
8760,85314,GTCCACTGCAACCA,cell_134060,53801,"X,spliced,unspliced"
8761,85315,GTCCACTGCAGAAA,cell_134061,53801,"X,spliced,unspliced"
8762,85316,GTCCACTGGCATAC,cell_134062,53801,"X,spliced,unspliced"
8763,85318,GTCCACTGTACGAC,cell_134064,53801,"X,spliced,unspliced"
8764,85323,GTCGCACTACCCAA,cell_134074,53801,"X,spliced,unspliced"
8765,85324,GTCGCACTCATGCA,cell_134075,53801,"X,spliced,unspliced"
8766,85328,GTCGCACTTCATTC,cell_134080,53801,"X,spliced,unspliced"
8767,85338,GTGACAACCCTACC,cell_134095,53801,"X,spliced,unspliced"
8768,85345,GTGATGACAAGAAC,cell_134103,53801,"X,spliced,unspliced"
8769,85349,GTGATGACGTATGC,cell_134107,53801,"X,spliced,unspliced"
8770,85370,GTGTATCTGCTTAG,cell_134137,53801,"X,spliced,unspliced"
8772,85372,GTGTATCTTTCGGA,cell_134139,53801,"X,spliced,unspliced"
8773,85373,GTGTCAGAATGCTG,cell_134140,53801,"X,spliced,unspliced"
8774,85377,GTTAAATGGCCATA,cell_134150,53801,"X,spliced,unspliced"
8775,85378,GTTAAATGGTACAC,cell_134151,53801,"X,spliced,unspliced"
8776,85381,GTTACGGAGCTATG,cell_134155,53801,"X,spliced,unspliced"
8777,85385,GTTATAGACTACTT,cell_134161,53801,"X,spliced,unspliced"
8778,85386,GTTATCTGAGAATG,cell_134164,53801,"X,spliced,unspliced"
8779,85387,GTTATCTGCGCATA,cell_134165,53801,"X,spliced,unspliced"
8780,85393,GTTCAGGATTGTCT,cell_134172,53801,"X,spliced,unspliced"
8781,85395,GTTCATACAGCGGA,cell_134174,53801,"X,spliced,unspliced"
8782,85397,GTTCATACGGTGTT,cell_134176,53801,"X,spliced,unspliced"
8783,85407,TAAAGACTCATGAC,cell_134192,53801,"X,spliced,unspliced"
8784,85411,TAAATCGAGAACTC,cell_134202,53801,"X,spliced,unspliced"
8785,85414,TAAATCGATAACGC,cell_134205,53801,"X,spliced,unspliced"
8786,85419,TAACAATGCCACCT,cell_134212,53801,"X,spliced,unspliced"
8787,85420,TAACAATGGTTGGT,cell_134214,53801,"X,spliced,unspliced"
8788,85429,TAACCGGAGTGCTA,cell_134225,53801,"X,spliced,unspliced"
8789,85432,TAACTAGAGTTCAG,cell_134229,53801,"X,spliced,unspliced"
8790,85438,TAAGAGGACTCAGA,cell_134240,53801,"X,spliced,unspliced"
8791,85440,TAAGATACACCAAC,cell_134242,53801,"X,spliced,unspliced"
8792,85451,TAAGGGCTCAGTCA,cell_134255,53801,"X,spliced,unspliced"
8793,85467,TAATGATGCAAGCT,cell_134274,53801,"X,spliced,unspliced"
8794,85468,TAATGATGCTCAAG,cell_134275,53801,"X,spliced,unspliced"
8795,85469,TAATGATGTGGTCA,cell_134276,53801,"X,spliced,unspliced"
8796,85470,TAATGCCTTATCGG,cell_134277,53801,"X,spliced,unspliced"
8797,85476,TACAATGAACGCAT,cell_134283,53801,"X,spliced,unspliced"
8798,85481,TACACACTCTTTAC,cell_134290,53801,"X,spliced,unspliced"
8799,85488,TACCGAGAATCGTG,cell_134298,53801,"X,spliced,unspliced"
8800,85491,TACCGCTGATCTCT,cell_134301,53801,"X,spliced,unspliced"
8801,85498,TACGACGAGATACC,cell_134308,53801,"X,spliced,unspliced"
8802,85499,TACGACGATCCAGA,cell_134309,53801,"X,spliced,unspliced"
8803,85503,TACGAGTGGTACCA,cell_134316,53801,"X,spliced,unspliced"
8804,85504,TACGATCTAACCTG,cell_134317,53801,"X,spliced,unspliced"
8805,85509,TACGCAGACCCTCA,cell_134322,53801,"X,spliced,unspliced"
8806,85510,TACGCAGAGGCATT,cell_134323,53801,"X,spliced,unspliced"
8807,85512,TACGCCACAGAAGT,cell_134326,53801,"X,spliced,unspliced"
8808,85516,TACGGAACTAAGCC,cell_134333,53801,"X,spliced,unspliced"
8809,85518,TACGTACTAGGTCT,cell_134337,53801,"X,spliced,unspliced"
8810,85529,TACTCCCTTGGGAG,cell_134353,53801,"X,spliced,unspliced"
8811,85530,TACTGGGATACGCA,cell_134354,53801,"X,spliced,unspliced"
8812,85536,TACTTGACTCCCAC,cell_134362,53801,"X,spliced,unspliced"
8813,85537,TACTTTCTAATGCC,cell_134363,53801,"X,spliced,unspliced"
8814,85540,TACTTTCTGAGCTT,cell_134366,53801,"X,spliced,unspliced"
8815,85543,TACTTTCTTACAGC,cell_134369,53801,"X,spliced,unspliced"
8816,85547,TACTTTCTTGGAGG,cell_134373,53801,"X,spliced,unspliced"
8817,85548,TAGAAACTCCGATA,cell_134376,53801,"X,spliced,unspliced"
8818,85549,TAGAAACTGCTAAC,cell_134377,53801,"X,spliced,unspliced"
8819,85550,TAGAAACTTTATCC,cell_134378,53801,"X,spliced,unspliced"
8820,85552,TAGAATACACGACT,cell_134380,53801,"X,spliced,unspliced"
8821,85556,TAGAATTGTTCCGC,cell_134385,53801,"X,spliced,unspliced"
8822,85557,TAGACGTGAACGGG,cell_134386,53801,"X,spliced,unspliced"
8823,85566,TAGATTGATCTCCG,cell_134399,53801,"X,spliced,unspliced"
8824,85569,TAGCATCTGTAAAG,cell_134405,53801,"X,spliced,unspliced"
8825,85571,TAGCATCTTGTGGT,cell_134407,53801,"X,spliced,unspliced"
8826,85573,TAGCCCACCCTCAC,cell_134409,53801,"X,spliced,unspliced"
8827,85574,TAGCCCTGCCTGAA,cell_134413,53801,"X,spliced,unspliced"
8828,85576,TAGCGATGATTTCC,cell_134419,53801,"X,spliced,unspliced"
8829,85577,TAGGACTGATGTGC,cell_134421,53801,"X,spliced,unspliced"
8830,85578,TAGGACTGTCGCTC,cell_134422,53801,"X,spliced,unspliced"
8831,85580,TAGGCAACCTTAGG,cell_134426,53801,"X,spliced,unspliced"
8832,85584,TAGGGACTAATCGC,cell_134436,53801,"X,spliced,unspliced"
8833,85585,TAGGGACTCTAAGC,cell_134438,53801,"X,spliced,unspliced"
8834,85586,TAGGGACTTGATGC,cell_134440,53801,"X,spliced,unspliced"
8835,85588,TAGGTCGATAGTCG,cell_134443,53801,"X,spliced,unspliced"
8836,85590,TAGGTGTGGAGACG,cell_134445,53801,"X,spliced,unspliced"
8837,85600,TAGTACCTAGAAGT,cell_134460,53801,"X,spliced,unspliced"
8838,85602,TAGTACCTCTAAGC,cell_134462,53801,"X,spliced,unspliced"
8839,85607,TAGTCGGACCTTTA,cell_134470,53801,"X,spliced,unspliced"
8840,85628,TATACCACTTGTGG,cell_134496,53801,"X,spliced,unspliced"
8841,85631,TATAGCCTAGCAAA,cell_134502,53801,"X,spliced,unspliced"
8842,85633,TATAGCCTGAAGGC,cell_134504,53801,"X,spliced,unspliced"
8843,85634,TATCAAGATCGTGA,cell_134506,53801,"X,spliced,unspliced"
8844,85638,TATCAGCTCTATGG,cell_134510,53801,"X,spliced,unspliced"
8845,85640,TATCCAACGAAAGT,cell_134512,53801,"X,spliced,unspliced"
8846,85642,TATCCTGACAGATC,cell_134515,53801,"X,spliced,unspliced"
8848,85648,TATCGTACCACTTT,cell_134523,53801,"X,spliced,unspliced"
8849,85649,TATCGTACGATAAG,cell_134524,53801,"X,spliced,unspliced"
8850,85651,TATCTCGACTGACA,cell_134526,53801,"X,spliced,unspliced"
8851,85655,TATCTGACGAGGCA,cell_134531,53801,"X,spliced,unspliced"
8852,85656,TATCTGACGATGAA,cell_134532,53801,"X,spliced,unspliced"
8853,85657,TATCTGACTTGAGC,cell_134533,53801,"X,spliced,unspliced"
8854,85661,TATGGGACCCTCAC,cell_134541,53801,"X,spliced,unspliced"
8855,85664,TATGGGACGTATCG,cell_134544,53801,"X,spliced,unspliced"
8856,85668,TATGGTCTCAGATC,cell_134549,53801,"X,spliced,unspliced"
8857,85672,TATGTCTGACGGAG,cell_134554,53801,"X,spliced,unspliced"
8858,85677,TATTGCTGATCACG,cell_134561,53801,"X,spliced,unspliced"
8859,85678,TATTGCTGGTTCGA,cell_134563,53801,"X,spliced,unspliced"
8860,85680,TCAACACTCCGCTT,cell_134566,53801,"X,spliced,unspliced"
8861,85690,TCAATCACGAATGA,cell_134578,53801,"X,spliced,unspliced"
8862,85700,TCACTATGCTGCAA,cell_134595,53801,"X,spliced,unspliced"
8863,85705,TCAGAGACTCGATG,cell_134600,53801,"X,spliced,unspliced"
8864,85707,TCAGAGACTGGAAA,cell_134602,53801,"X,spliced,unspliced"
8865,85712,TCAGCGCTTCTCGC,cell_134608,53801,"X,spliced,unspliced"
8866,85713,TCAGGATGGTGTTG,cell_134610,53801,"X,spliced,unspliced"
8867,85720,TCAGTACTTAGAGA,cell_134617,53801,"X,spliced,unspliced"
8868,85721,TCAGTACTTGTGCA,cell_134619,53801,"X,spliced,unspliced"
8869,85722,TCAGTACTTTCATC,cell_134620,53801,"X,spliced,unspliced"
8870,85725,TCAGTGGATGCAGT,cell_134623,53801,"X,spliced,unspliced"
8871,85730,TCATCATGCACTAG,cell_134629,53801,"X,spliced,unspliced"
8872,85737,TCATGTACTATGGC,cell_134638,53801,"X,spliced,unspliced"
8873,85739,TCATTCGACGTGAT,cell_134640,53801,"X,spliced,unspliced"
8874,85741,TCATTGACCGCATA,cell_134642,53801,"X,spliced,unspliced"
8875,85742,TCATTGACTCGACA,cell_134643,53801,"X,spliced,unspliced"
8876,85748,TCCACTCTCTTCGC,cell_134651,53801,"X,spliced,unspliced"
8877,85749,TCCACTCTTATGCG,cell_134653,53801,"X,spliced,unspliced"
8878,85750,TCCACTCTTCTATC,cell_134654,53801,"X,spliced,unspliced"
8880,85753,TCCAGAGAAACCGT,cell_134657,53801,"X,spliced,unspliced"
8881,85760,TCCATCCTCTGAGT,cell_134668,53801,"X,spliced,unspliced"
8882,85762,TCCATCCTTCTAGG,cell_134670,53801,"X,spliced,unspliced"
8883,85763,TCCCACGACGCATA,cell_134671,53801,"X,spliced,unspliced"
8884,85768,TCCCATCTGACGTT,cell_134678,53801,"X,spliced,unspliced"
8885,85771,TCCCGATGCTGAAC,cell_134681,53801,"X,spliced,unspliced"
8886,85773,TCCCTACTAATGCC,cell_134683,53801,"X,spliced,unspliced"
8887,85777,TCCCTACTCCGTTC,cell_134688,53801,"X,spliced,unspliced"
8888,85778,TCCGAAGACGATAC,cell_134690,53801,"X,spliced,unspliced"
8889,85789,TCCTACCTTCTATC,cell_134703,53801,"X,spliced,unspliced"
8890,85790,TCCTATGAACCACA,cell_134704,53801,"X,spliced,unspliced"
8891,85792,TCGAATCTGCAAGG,cell_134710,53801,"X,spliced,unspliced"
8892,85803,TCGAGCCTACCCTC,cell_134723,53801,"X,spliced,unspliced"
8893,85804,TCGAGCCTACGGGA,cell_134724,53801,"X,spliced,unspliced"
8894,85812,TCGCAAGAGGTAGG,cell_134734,53801,"X,spliced,unspliced"
8895,85825,TCGCCATGCCGAAT,cell_134750,53801,"X,spliced,unspliced"
8896,85830,TCGGACCTCTTGTT,cell_134755,53801,"X,spliced,unspliced"
8897,85844,TCGTTATGACGTGT,cell_134773,53801,"X,spliced,unspliced"
8898,85845,TCGTTATGATCGGT,cell_134774,53801,"X,spliced,unspliced"
8899,85848,TCTAACTGATCGAC,cell_134777,53801,"X,spliced,unspliced"
8900,85853,TCTAACTGTTACTC,cell_134782,53801,"X,spliced,unspliced"
8901,85854,TCTACAACACTCAG,cell_134785,53801,"X,spliced,unspliced"
8902,85855,TCTACAACCAGATC,cell_134786,53801,"X,spliced,unspliced"
8903,85856,TCTAGACTACGCAT,cell_134789,53801,"X,spliced,unspliced"
8904,85860,TCTATGTGGGGACA,cell_134796,53801,"X,spliced,unspliced"
8905,85862,TCTCAAACACACTG,cell_134798,53801,"X,spliced,unspliced"
8906,85865,TCTCCACTTTGACG,cell_134803,53801,"X,spliced,unspliced"
8907,85871,TCTGATACGTACAC,cell_134810,53801,"X,spliced,unspliced"
8908,85881,TGAAGCACAGTGCT,cell_134822,53801,"X,spliced,unspliced"
8909,85882,TGACACGAAAGCCT,cell_134824,53801,"X,spliced,unspliced"
8910,85883,TGACACGACATCAG,cell_134825,53801,"X,spliced,unspliced"
8911,85886,TGACCGCTCAGATC,cell_134830,53801,"X,spliced,unspliced"
8912,85888,TGACGAACAAGTAG,cell_134833,53801,"X,spliced,unspliced"
8913,85890,TGACGATGACACCA,cell_134835,53801,"X,spliced,unspliced"
8914,85891,TGACGATGGTTAGC,cell_134836,53801,"X,spliced,unspliced"
8915,85892,TGACGCCTCGATAC,cell_134838,53801,"X,spliced,unspliced"
8916,85894,TGACTGGAAGGAGC,cell_134842,53801,"X,spliced,unspliced"
8917,85897,TGACTTACGCTTCC,cell_134845,53801,"X,spliced,unspliced"
8918,85899,TGAGACACCGCATA,cell_134848,53801,"X,spliced,unspliced"
8919,85906,TGAGCTGATCCTGC,cell_134858,53801,"X,spliced,unspliced"
8920,85910,TGAGGTACTCGTAG,cell_134863,53801,"X,spliced,unspliced"
8921,85911,TGAGTCGAAAAACG,cell_134864,53801,"X,spliced,unspliced"
8922,85912,TGAGTCGAATCGGT,cell_134865,53801,"X,spliced,unspliced"
8923,85917,TGAGTGACCGACTA,cell_134873,53801,"X,spliced,unspliced"
8924,85919,TGATAAACAGTCGT,cell_134875,53801,"X,spliced,unspliced"
8925,85920,TGATAAACGGAGCA,cell_134878,53801,"X,spliced,unspliced"
8926,85921,TGATACCTAGAAGT,cell_134879,53801,"X,spliced,unspliced"
8927,85924,TGATATGAAGGTCT,cell_134882,53801,"X,spliced,unspliced"
8928,85931,TGATCGGAAAGTGA,cell_134892,53801,"X,spliced,unspliced"
8929,85933,TGATCGGAGGTCTA,cell_134894,53801,"X,spliced,unspliced"
8930,85934,TGATCGGAGTAGCT,cell_134895,53801,"X,spliced,unspliced"
8931,85936,TGATTAGATAACGC,cell_134897,53801,"X,spliced,unspliced"
8932,85946,TGCAACGAAGCGTT,cell_134907,53801,"X,spliced,unspliced"
8933,85950,TGCAAGTGACTAGC,cell_134912,53801,"X,spliced,unspliced"
8934,85965,TGCCAAGAACTGGT,cell_134932,53801,"X,spliced,unspliced"
8935,85966,TGCCAAGATTGCAG,cell_134935,53801,"X,spliced,unspliced"
8936,85967,TGCCACTGAACCAC,cell_134936,53801,"X,spliced,unspliced"
8937,85973,TGCCGACTAGAAGT,cell_134943,53801,"X,spliced,unspliced"
8938,85974,TGCCGACTCCACAA,cell_134945,53801,"X,spliced,unspliced"
8939,85975,TGCCGACTTGCTCC,cell_134947,53801,"X,spliced,unspliced"
8940,85976,TGCGAAACAGCCAT,cell_134948,53801,"X,spliced,unspliced"
8941,85977,TGCGATGACATGGT,cell_134950,53801,"X,spliced,unspliced"
8942,85980,TGCGCACTTCCAAG,cell_134956,53801,"X,spliced,unspliced"
8943,85981,TGCGCACTTTGACG,cell_134957,53801,"X,spliced,unspliced"
8944,85982,TGCGTAGATCGCAA,cell_134960,53801,"X,spliced,unspliced"
8945,85983,TGCTAGGAAACCAC,cell_134961,53801,"X,spliced,unspliced"
8946,85993,TGGAAAGAGGTTTG,cell_134975,53801,"X,spliced,unspliced"
8947,85994,TGGAACACACGACT,cell_134976,53801,"X,spliced,unspliced"
8948,85996,TGGAACTGCAGTCA,cell_134981,53801,"X,spliced,unspliced"
8949,85998,TGGAACTGTCTCAT,cell_134983,53801,"X,spliced,unspliced"
8950,86004,TGGAGACTTATCTC,cell_134992,53801,"X,spliced,unspliced"
8952,86007,TGGAGGGACGTCTC,cell_134995,53801,"X,spliced,unspliced"
8953,86009,TGGATCGAACCTCC,cell_134998,53801,"X,spliced,unspliced"
8954,86011,TGGATGACAGAGAT,cell_135003,53801,"X,spliced,unspliced"
8955,86013,TGGATGACCGAGAG,cell_135005,53801,"X,spliced,unspliced"
8956,86015,TGGCAATGACAGCT,cell_135009,53801,"X,spliced,unspliced"
8957,86019,TGGCACCTCACTAG,cell_135014,53801,"X,spliced,unspliced"
8958,86020,TGGCACCTCCACAA,cell_135015,53801,"X,spliced,unspliced"
8959,86021,TGGCACCTGAGGCA,cell_135017,53801,"X,spliced,unspliced"
8960,86027,TGGTAGACTAGTCG,cell_135030,53801,"X,spliced,unspliced"
8961,86035,TGTAGGTGAGCTCA,cell_135050,53801,"X,spliced,unspliced"
8962,86036,TGTAGGTGCACTGA,cell_135051,53801,"X,spliced,unspliced"
8963,86039,TGTAGGTGTCGCTC,cell_135056,53801,"X,spliced,unspliced"
8964,86041,TGTAGGTGTGACCA,cell_135058,53801,"X,spliced,unspliced"
8965,86047,TGTATGCTGAACCT,cell_135065,53801,"X,spliced,unspliced"
8966,86049,TGTCTAACAGTGTC,cell_135068,53801,"X,spliced,unspliced"
8967,86050,TGTCTAACATCAGC,cell_135069,53801,"X,spliced,unspliced"
8968,86054,TGTGACGAACACAC,cell_135076,53801,"X,spliced,unspliced"
8969,86056,TGTGACGAGGTCAT,cell_135078,53801,"X,spliced,unspliced"
8970,86058,TGTGAGACAGAATG,cell_135081,53801,"X,spliced,unspliced"
8971,86061,TGTGAGACGGAGCA,cell_135084,53801,"X,spliced,unspliced"
8972,86064,TGTGAGTGCGGTAT,cell_135088,53801,"X,spliced,unspliced"
8973,86068,TGTGGATGCTCAAG,cell_135094,53801,"X,spliced,unspliced"
8974,86071,TGTTAAGAGTTTGG,cell_135097,53801,"X,spliced,unspliced"
8975,86072,TGTTACACCTACTT,cell_135099,53801,"X,spliced,unspliced"
8976,86075,TGTTACTGTTCTAC,cell_135103,53801,"X,spliced,unspliced"
8977,86077,TTAACCACAAGGTA,cell_135105,53801,"X,spliced,unspliced"
8979,86083,TTACAGCTGAGACG,cell_135112,53801,"X,spliced,unspliced"
8980,86087,TTACCATGTGCAGT,cell_135117,53801,"X,spliced,unspliced"
8981,86092,TTACGTACCGAGAG,cell_135123,53801,"X,spliced,unspliced"
8982,86098,TTAGACCTGCTTCC,cell_135131,53801,"X,spliced,unspliced"
8983,86099,TTAGCTACATGTGC,cell_135132,53801,"X,spliced,unspliced"
8984,86100,TTAGCTACTTACTC,cell_135134,53801,"X,spliced,unspliced"
8985,86101,TTAGGGACATCGAC,cell_135136,53801,"X,spliced,unspliced"
8986,86111,TTAGTCACATCGTG,cell_135150,53801,"X,spliced,unspliced"
8987,86118,TTATGGCTTGACAC,cell_135167,53801,"X,spliced,unspliced"
8988,86121,TTATTCCTTAGCGT,cell_135170,53801,"X,spliced,unspliced"
8989,86123,TTCAAAGAGCAGTT,cell_135172,53801,"X,spliced,unspliced"
8990,86139,TTCAGTACGCATCA,cell_135194,53801,"X,spliced,unspliced"
8991,86140,TTCAGTACTGACTG,cell_135195,53801,"X,spliced,unspliced"
8992,86143,TTCAGTTGCGGGAA,cell_135198,53801,"X,spliced,unspliced"
8993,86150,TTCCAAACCCTCAC,cell_135211,53801,"X,spliced,unspliced"
8994,86154,TTCCTAGATGTCGA,cell_135218,53801,"X,spliced,unspliced"
8995,86156,TTCGGAGAGCAAGG,cell_135223,53801,"X,spliced,unspliced"
8996,86160,TTCTCAGAGGACAG,cell_135234,53801,"X,spliced,unspliced"
8997,86167,TTGAACCTACTGTG,cell_135245,53801,"X,spliced,unspliced"
8998,86171,TTGAATGACGATAC,cell_135250,53801,"X,spliced,unspliced"
8999,86173,TTGACACTACCACA,cell_135252,53801,"X,spliced,unspliced"
9000,86174,TTGACACTAGTTCG,cell_135253,53801,"X,spliced,unspliced"
9001,86175,TTGAGGACTCTATC,cell_135256,53801,"X,spliced,unspliced"
9002,86180,TTGCTAACAAGATG,cell_135263,53801,"X,spliced,unspliced"
9003,86181,TTGCTAACCCTACC,cell_135264,53801,"X,spliced,unspliced"
9004,86182,TTGCTAACCCTTAT,cell_135265,53801,"X,spliced,unspliced"
9005,86188,TTGGAGACGTTTGG,cell_135273,53801,"X,spliced,unspliced"
9006,86190,TTGGAGACTCGATG,cell_135275,53801,"X,spliced,unspliced"
9007,86192,TTGGAGTGCCCGTT,cell_135278,53801,"X,spliced,unspliced"
9008,86198,TTGTAGCTGCGTTA,cell_135286,53801,"X,spliced,unspliced"
9009,86202,TTGTCATGCTCTCG,cell_135290,53801,"X,spliced,unspliced"
9010,86213,TTTATCCTCCATAG,cell_135303,53801,"X,spliced,unspliced"
9011,86219,TTTCGAACGGTAGG,cell_135312,53801,"X,spliced,unspliced"
9012,86220,TTTCGAACTCCTAT,cell_135313,53801,"X,spliced,unspliced"
9013,86222,TTTCTACTAGCTAC,cell_135315,53801,"X,spliced,unspliced"
9014,86224,TTTGACTGAGCTCA,cell_135317,53801,"X,spliced,unspliced"
9015,86227,AAACATACCAGATC,cell_135321,53801,"X,spliced,unspliced"
9016,86228,AAACATACGAGCAG,cell_135323,53801,"X,spliced,unspliced"
9017,86231,AAACGCTGATAAGG,cell_135328,53801,"X,spliced,unspliced"
9018,86238,AAACGGCTACCAGT,cell_135335,53801,"X,spliced,unspliced"
9019,86244,AAAGACGAGTTCTT,cell_135341,53801,"X,spliced,unspliced"
9020,86245,AAAGAGACTGGAGG,cell_135342,53801,"X,spliced,unspliced"
9021,86250,AAAGGCCTTTCCAT,cell_135347,53801,"X,spliced,unspliced"
9022,86257,AAATCCCTGTCAAC,cell_135356,53801,"X,spliced,unspliced"
9023,86264,AAATGGGAGCTACA,cell_135366,53801,"X,spliced,unspliced"
9024,86266,AAATGTTGGCGGAA,cell_135369,53801,"X,spliced,unspliced"
9025,86268,AAATTCGATGTAGC,cell_135373,53801,"X,spliced,unspliced"
9026,86270,AAATTGACGAGCAG,cell_135376,53801,"X,spliced,unspliced"
9028,86274,AACAATACCGAGAG,cell_135380,53801,"X,spliced,unspliced"
9029,86277,AACACGTGCTTCCG,cell_135383,53801,"X,spliced,unspliced"
9030,86278,AACACTCTTCGCAA,cell_135384,53801,"X,spliced,unspliced"
9031,86279,AACACTCTTGTCGA,cell_135385,53801,"X,spliced,unspliced"
9032,86280,AACAGCACAGAACA,cell_135387,53801,"X,spliced,unspliced"
9033,86281,AACATATGATCACG,cell_135388,53801,"X,spliced,unspliced"
9034,86282,AACATATGCGCCTT,cell_135389,53801,"X,spliced,unspliced"
9035,86292,AACCGATGCATTTC,cell_135404,53801,"X,spliced,unspliced"
9036,86298,AACCTACTATGCCA,cell_135413,53801,"X,spliced,unspliced"
9037,86301,AACCTTACACACCA,cell_135417,53801,"X,spliced,unspliced"
9038,86305,AACCTTTGTGCCCT,cell_135423,53801,"X,spliced,unspliced"
9039,86310,AACGCATGAAGAGT,cell_135428,53801,"X,spliced,unspliced"
9040,86323,AACGTTCTGGATCT,cell_135447,53801,"X,spliced,unspliced"
9041,86326,AACTACCTCTTGTT,cell_135450,53801,"X,spliced,unspliced"
9042,86327,AACTACCTGCGGAA,cell_135451,53801,"X,spliced,unspliced"
9043,86331,AACTCGGAGCTATG,cell_135457,53801,"X,spliced,unspliced"
9044,86338,AAGAAGACCATTGG,cell_135468,53801,"X,spliced,unspliced"
9045,86351,AAGATTACGGAGTG,cell_135483,53801,"X,spliced,unspliced"
9046,86352,AAGATTACTAAGCC,cell_135484,53801,"X,spliced,unspliced"
9047,86355,AAGCAAGAAGGTTC,cell_135487,53801,"X,spliced,unspliced"
9048,86359,AAGCCATGCTAGAC,cell_135493,53801,"X,spliced,unspliced"
9049,86361,AAGCCTGAGGACTT,cell_135496,53801,"X,spliced,unspliced"
9050,86366,AAGGCTTGTCCGTC,cell_135504,53801,"X,spliced,unspliced"
9051,86372,AAGGTGCTTGTTCT,cell_135512,53801,"X,spliced,unspliced"
9052,86380,AAGTCCGAAACCAC,cell_135524,53801,"X,spliced,unspliced"
9053,86381,AAGTCCGAACAGCT,cell_135525,53801,"X,spliced,unspliced"
9054,86387,AAGTGCACCCTCGT,cell_135531,53801,"X,spliced,unspliced"
9055,86398,AATAAGCTAACAGA,cell_135548,53801,"X,spliced,unspliced"
9056,86401,AATAAGCTTTACTC,cell_135551,53801,"X,spliced,unspliced"
9057,86404,AATACCCTTTCGCC,cell_135556,53801,"X,spliced,unspliced"
9058,86409,AATAGGGAGCTTAG,cell_135561,53801,"X,spliced,unspliced"
9059,86414,AATATCGATAGCGT,cell_135567,53801,"X,spliced,unspliced"
9060,86416,AATCCGGACTATGG,cell_135572,53801,"X,spliced,unspliced"
9061,86417,AATCCTTGCGTAGT,cell_135575,53801,"X,spliced,unspliced"
9062,86419,AATCGGTGAACAGA,cell_135577,53801,"X,spliced,unspliced"
9063,86421,AATCGGTGTAAAGG,cell_135579,53801,"X,spliced,unspliced"
9064,86423,AATCTAGAGTGCAT,cell_135581,53801,"X,spliced,unspliced"
9065,86424,AATCTCTGAGGTTC,cell_135583,53801,"X,spliced,unspliced"
9066,86425,AATCTCTGGTTGCA,cell_135584,53801,"X,spliced,unspliced"
9067,86432,AATGCGTGCTCAAG,cell_135592,53801,"X,spliced,unspliced"
9068,86434,AATGGCTGATTGGC,cell_135596,53801,"X,spliced,unspliced"
9069,86436,AATGTCCTACGCTA,cell_135598,53801,"X,spliced,unspliced"
9070,86437,AATGTCCTGAATCC,cell_135599,53801,"X,spliced,unspliced"
9071,86439,AATTACGAACCAAC,cell_135603,53801,"X,spliced,unspliced"
9072,86441,AATTACGAGTGTAC,cell_135605,53801,"X,spliced,unspliced"
9073,86443,AATTGATGTCAGAC,cell_135608,53801,"X,spliced,unspliced"
9074,86450,ACAAGAGAAAGTGA,cell_135618,53801,"X,spliced,unspliced"
9075,86452,ACAAGCACCCCTTG,cell_135622,53801,"X,spliced,unspliced"
9076,86455,ACAATAACGTGTCA,cell_135625,53801,"X,spliced,unspliced"
9077,86460,ACACATCTCTGAGT,cell_135630,53801,"X,spliced,unspliced"
9078,86465,ACACCCTGAAGTGA,cell_135636,53801,"X,spliced,unspliced"
9079,86466,ACACCCTGCCACAA,cell_135637,53801,"X,spliced,unspliced"
9080,86468,ACACGAACAAACGA,cell_135639,53801,"X,spliced,unspliced"
9081,86470,ACACGAACATTCCT,cell_135641,53801,"X,spliced,unspliced"
9082,86471,ACACGAACTTAGGC,cell_135643,53801,"X,spliced,unspliced"
9083,86472,ACACGATGAGCGGA,cell_135644,53801,"X,spliced,unspliced"
9084,86473,ACACGATGCATTTC,cell_135645,53801,"X,spliced,unspliced"
9085,86474,ACACGATGGGGACA,cell_135647,53801,"X,spliced,unspliced"
9086,86478,ACACGTGACCCTCA,cell_135651,53801,"X,spliced,unspliced"
9087,86485,ACAGGTACGTGTAC,cell_135659,53801,"X,spliced,unspliced"
9088,86489,ACAGTGACCTTACT,cell_135665,53801,"X,spliced,unspliced"
9089,86493,ACAGTTCTAAAGCA,cell_135669,53801,"X,spliced,unspliced"
9090,86499,ACATGGTGCGATAC,cell_135676,53801,"X,spliced,unspliced"
9091,86501,ACATGGTGGATACC,cell_135678,53801,"X,spliced,unspliced"
9092,86507,ACCACAGAGGATCT,cell_135689,53801,"X,spliced,unspliced"
9093,86518,ACCAGTGACATTGG,cell_135703,53801,"X,spliced,unspliced"
9094,86527,ACCCGTACACTAGC,cell_135714,53801,"X,spliced,unspliced"
9095,86534,ACCGAAACGGCATT,cell_135724,53801,"X,spliced,unspliced"
9096,86536,ACCGCGGACGTGTA,cell_135726,53801,"X,spliced,unspliced"
9097,86545,ACCTGAGAGCTCCT,cell_135741,53801,"X,spliced,unspliced"
9098,86547,ACCTTTGACGTGTA,cell_135743,53801,"X,spliced,unspliced"
9099,86548,ACCTTTGATGTAGC,cell_135745,53801,"X,spliced,unspliced"
9100,86551,ACGAACTGCTTATC,cell_135752,53801,"X,spliced,unspliced"
9101,86554,ACGACAACACCTCC,cell_135756,53801,"X,spliced,unspliced"
9102,86557,ACGATCGAACGGGA,cell_135761,53801,"X,spliced,unspliced"
9103,86559,ACGATCGATCACGA,cell_135763,53801,"X,spliced,unspliced"
9104,86562,ACGCAATGCTGAGT,cell_135769,53801,"X,spliced,unspliced"
9106,86570,ACGCCTTGCTGCTC,cell_135780,53801,"X,spliced,unspliced"
9107,86576,ACGGAACTTGACCA,cell_135789,53801,"X,spliced,unspliced"
9108,86580,ACGGATTGAGTGCT,cell_135793,53801,"X,spliced,unspliced"
9109,86581,ACGGATTGATGCTG,cell_135794,53801,"X,spliced,unspliced"
9110,86593,ACGTAGACAGCATC,cell_135807,53801,"X,spliced,unspliced"
9111,86594,ACGTCAGAGTCTAG,cell_135809,53801,"X,spliced,unspliced"
9112,86597,ACGTCCTGCCGTTC,cell_135812,53801,"X,spliced,unspliced"
9113,86598,ACGTCCTGGTCTAG,cell_135813,53801,"X,spliced,unspliced"
9114,86602,ACGTGATGTTGACG,cell_135818,53801,"X,spliced,unspliced"
9115,86612,ACGTTTACTTTGTC,cell_135830,53801,"X,spliced,unspliced"
9116,86613,ACTAAAACATGGTC,cell_135831,53801,"X,spliced,unspliced"
9117,86618,ACTAGGTGACGGGA,cell_135838,53801,"X,spliced,unspliced"
9118,86622,ACTCAGGAAAGATG,cell_135842,53801,"X,spliced,unspliced"
9119,86623,ACTCAGGACACTAG,cell_135843,53801,"X,spliced,unspliced"
9120,86626,ACTCAGGATGCATG,cell_135846,53801,"X,spliced,unspliced"
9121,86627,ACTCAGGATTACCT,cell_135847,53801,"X,spliced,unspliced"
9122,86628,ACTCCCGAATTGGC,cell_135848,53801,"X,spliced,unspliced"
9123,86629,ACTCCCGACAGTTG,cell_135849,53801,"X,spliced,unspliced"
9124,86636,ACTCGAGACTCCCA,cell_135858,53801,"X,spliced,unspliced"
9125,86642,ACTCTATGCTGAGT,cell_135868,53801,"X,spliced,unspliced"
9126,86643,ACTCTATGTGTAGC,cell_135870,53801,"X,spliced,unspliced"
9127,86647,ACTGCCACGACGGA,cell_135877,53801,"X,spliced,unspliced"
9128,86655,ACTTCCCTCCTGAA,cell_135891,53801,"X,spliced,unspliced"
9129,86665,ACTTGTACCTCTCG,cell_135903,53801,"X,spliced,unspliced"
9130,86666,ACTTTGTGAAGGGC,cell_135904,53801,"X,spliced,unspliced"
9131,86670,ACTTTGTGTGCTGA,cell_135909,53801,"X,spliced,unspliced"
9132,86673,AGAAAGTGCCCTTG,cell_135913,53801,"X,spliced,unspliced"
9133,86674,AGAAAGTGCTGCTC,cell_135914,53801,"X,spliced,unspliced"
9134,86677,AGAACAGACAACCA,cell_135918,53801,"X,spliced,unspliced"
9135,86681,AGAAGATGAGTACC,cell_135922,53801,"X,spliced,unspliced"
9136,86682,AGAAGATGGCTGTA,cell_135923,53801,"X,spliced,unspliced"
9137,86683,AGAATACTAGTGCT,cell_135924,53801,"X,spliced,unspliced"
9138,86688,AGACACACGAGAGC,cell_135931,53801,"X,spliced,unspliced"
9139,86689,AGACACACGGATCT,cell_135932,53801,"X,spliced,unspliced"
9140,86691,AGACACTGCACCAA,cell_135934,53801,"X,spliced,unspliced"
9141,86692,AGACACTGCGAACT,cell_135935,53801,"X,spliced,unspliced"
9142,86703,AGACTGACAAGGTA,cell_135950,53801,"X,spliced,unspliced"
9143,86704,AGACTGACACAGCT,cell_135951,53801,"X,spliced,unspliced"
9144,86705,AGACTTCTTTGTGG,cell_135954,53801,"X,spliced,unspliced"
9145,86713,AGAGCTACGGTTCA,cell_135965,53801,"X,spliced,unspliced"
9146,86722,AGATCGTGAACCGT,cell_135974,53801,"X,spliced,unspliced"
9147,86731,AGCAAAGACCCTTG,cell_135986,53801,"X,spliced,unspliced"
9148,86735,AGCAAGCTGGCATT,cell_135991,53801,"X,spliced,unspliced"
9149,86744,AGCATTCTTCTATC,cell_136001,53801,"X,spliced,unspliced"
9150,86751,AGCCACCTTCAGAC,cell_136009,53801,"X,spliced,unspliced"
9151,86755,AGCCGTCTTGTTCT,cell_136017,53801,"X,spliced,unspliced"
9152,86758,AGCGAACTGTTGTG,cell_136021,53801,"X,spliced,unspliced"
9153,86763,AGCGCCGACCTAAG,cell_136027,53801,"X,spliced,unspliced"
9154,86765,AGCGCCGACTTCCG,cell_136029,53801,"X,spliced,unspliced"
9155,86766,AGCGCCGATCCAAG,cell_136030,53801,"X,spliced,unspliced"
9156,86769,AGCGGCACACGGAG,cell_136035,53801,"X,spliced,unspliced"
9157,86777,AGCGTAACACTCTT,cell_136044,53801,"X,spliced,unspliced"
9158,86778,AGCGTAACAGATCC,cell_136045,53801,"X,spliced,unspliced"
9159,86779,AGCTGTGACCATAG,cell_136050,53801,"X,spliced,unspliced"
9160,86791,AGGACACTGGAAGC,cell_136065,53801,"X,spliced,unspliced"
9161,86793,AGGACTTGAGCTAC,cell_136067,53801,"X,spliced,unspliced"
9162,86797,AGGATAGAGCTTAG,cell_136072,53801,"X,spliced,unspliced"
9163,86798,AGGATAGAGTTCAG,cell_136073,53801,"X,spliced,unspliced"
9164,86799,AGGATGCTCTTGCC,cell_136074,53801,"X,spliced,unspliced"
9165,86811,AGGGAGTGCCCTAC,cell_136088,53801,"X,spliced,unspliced"
9166,86813,AGGGCCACGACGAG,cell_136091,53801,"X,spliced,unspliced"
9167,86817,AGGGCCTGCGGGAA,cell_136095,53801,"X,spliced,unspliced"
9168,86818,AGGGCGCTGTATGC,cell_136097,53801,"X,spliced,unspliced"
9169,86838,AGTAAGGACGTCTC,cell_136123,53801,"X,spliced,unspliced"
9170,86841,AGTAATTGCAGAAA,cell_136126,53801,"X,spliced,unspliced"
9171,86844,AGTAATTGTTCCAT,cell_136129,53801,"X,spliced,unspliced"
9172,86845,AGTACGTGCCTTGC,cell_136131,53801,"X,spliced,unspliced"
9173,86850,AGTACTCTGTGTTG,cell_136138,53801,"X,spliced,unspliced"
9174,86853,AGTAGAGAACTGGT,cell_136141,53801,"X,spliced,unspliced"
9175,86856,AGTAGAGAGGACAG,cell_136144,53801,"X,spliced,unspliced"
9176,86857,AGTAGGCTTTGACG,cell_136148,53801,"X,spliced,unspliced"
9177,86858,AGTATAACGAAGGC,cell_136149,53801,"X,spliced,unspliced"
9178,86867,AGTCACGAGTGTAC,cell_136160,53801,"X,spliced,unspliced"
9179,86869,AGTCCAGAACACGT,cell_136163,53801,"X,spliced,unspliced"
9180,86873,AGTCGAACCCGAAT,cell_136168,53801,"X,spliced,unspliced"
9181,86878,AGTCGCCTTGGTGT,cell_136174,53801,"X,spliced,unspliced"
9182,86886,AGTGCAACGTTCGA,cell_136186,53801,"X,spliced,unspliced"
9183,86891,AGTTATGAGCAGTT,cell_136192,53801,"X,spliced,unspliced"
9184,86893,AGTTCTACACCGAT,cell_136195,53801,"X,spliced,unspliced"
9185,86901,AGTTTGCTGAACTC,cell_136211,53801,"X,spliced,unspliced"
9186,86904,ATAAACACCCTCAC,cell_136215,53801,"X,spliced,unspliced"
9187,86906,ATAAACACGCAGAG,cell_136217,53801,"X,spliced,unspliced"
9188,86907,ATAACAACAATCGC,cell_136219,53801,"X,spliced,unspliced"
9189,86911,ATAACAACTGGAAA,cell_136223,53801,"X,spliced,unspliced"
9190,86913,ATAACCCTGACGTT,cell_136225,53801,"X,spliced,unspliced"
9191,86914,ATAAGTACCATACG,cell_136227,53801,"X,spliced,unspliced"
9192,86916,ATAAGTTGCGAACT,cell_136231,53801,"X,spliced,unspliced"
9193,86921,ATAATCGAGTGCAT,cell_136237,53801,"X,spliced,unspliced"
9194,86922,ATAATGACAATCGC,cell_136238,53801,"X,spliced,unspliced"
9195,86926,ATACAATGAAGAAC,cell_136242,53801,"X,spliced,unspliced"
9196,86927,ATACAATGAGTCAC,cell_136243,53801,"X,spliced,unspliced"
9197,86928,ATACAATGTTATCC,cell_136244,53801,"X,spliced,unspliced"
9198,86931,ATACCACTCTTGCC,cell_136247,53801,"X,spliced,unspliced"
9199,86932,ATACCGGACCGTTC,cell_136248,53801,"X,spliced,unspliced"
9200,86935,ATACCGGATAGTCG,cell_136251,53801,"X,spliced,unspliced"
9201,86939,ATACGTCTCTCTAT,cell_136257,53801,"X,spliced,unspliced"
9202,86940,ATAGAACTATTCGG,cell_136258,53801,"X,spliced,unspliced"
9203,86942,ATAGATACGGTTAC,cell_136260,53801,"X,spliced,unspliced"
9204,86946,ATAGCCGACGCAAT,cell_136265,53801,"X,spliced,unspliced"
9205,86947,ATAGCCGAGTACCA,cell_136266,53801,"X,spliced,unspliced"
9206,86951,ATAGGAGACGAGAG,cell_136273,53801,"X,spliced,unspliced"
9207,86953,ATAGTCCTGACGAG,cell_136276,53801,"X,spliced,unspliced"
9208,86954,ATAGTCCTGGGACA,cell_136277,53801,"X,spliced,unspliced"
9209,86969,ATCACTACGCGTTA,cell_136295,53801,"X,spliced,unspliced"
9210,86978,ATCATCTGACTAGC,cell_136305,53801,"X,spliced,unspliced"
9211,86982,ATCCAGGAAGTCTG,cell_136311,53801,"X,spliced,unspliced"
9212,86988,ATCCCGTGCTCCAC,cell_136317,53801,"X,spliced,unspliced"
9213,86990,ATCCCGTGTGAGGG,cell_136319,53801,"X,spliced,unspliced"
9214,86991,ATCCGCACCCTTTA,cell_136322,53801,"X,spliced,unspliced"
9215,86994,ATCCTAACTCCGTC,cell_136325,53801,"X,spliced,unspliced"
9216,86996,ATCGACGAGGTTTG,cell_136328,53801,"X,spliced,unspliced"
9217,87002,ATCGCCTGCCTCGT,cell_136336,53801,"X,spliced,unspliced"
9218,87005,ATCGCGCTCATTCT,cell_136339,53801,"X,spliced,unspliced"
9219,87007,ATCGCGCTGTTCTT,cell_136341,53801,"X,spliced,unspliced"
9220,87008,ATCGCGCTTAGTCG,cell_136342,53801,"X,spliced,unspliced"
9221,87012,ATCGGTGAAGAATG,cell_136346,53801,"X,spliced,unspliced"
9222,87014,ATCGGTGAGGTAAA,cell_136348,53801,"X,spliced,unspliced"
9223,87018,ATCTCAACCCTCCA,cell_136354,53801,"X,spliced,unspliced"
9224,87020,ATCTGACTCTCGAA,cell_136356,53801,"X,spliced,unspliced"
9225,87021,ATCTGACTGGGCAA,cell_136357,53801,"X,spliced,unspliced"
9226,87022,ATCTGGGAGGTACT,cell_136361,53801,"X,spliced,unspliced"
9227,87024,ATCTTGACCACTGA,cell_136364,53801,"X,spliced,unspliced"
9228,87029,ATGAGAGATTTGGG,cell_136373,53801,"X,spliced,unspliced"
9229,87034,ATGATAACCTCCCA,cell_136379,53801,"X,spliced,unspliced"
9230,87037,ATGATATGCCCACT,cell_136383,53801,"X,spliced,unspliced"
9231,87038,ATGATATGCCTAAG,cell_136384,53801,"X,spliced,unspliced"
9232,87039,ATGCACGACGAGTT,cell_136385,53801,"X,spliced,unspliced"
9233,87045,ATGCGATGTCCGAA,cell_136395,53801,"X,spliced,unspliced"
9234,87047,ATGCGCCTTCGCCT,cell_136398,53801,"X,spliced,unspliced"
9235,87050,ATGCTTTGTGGTCA,cell_136401,53801,"X,spliced,unspliced"
9236,87052,ATGGGTACCATTCT,cell_136403,53801,"X,spliced,unspliced"
9237,87054,ATGTAAACCTTAGG,cell_136405,53801,"X,spliced,unspliced"
9238,87065,ATTAAGACAGATGA,cell_136422,53801,"X,spliced,unspliced"
9239,87068,ATTACCTGACCCTC,cell_136428,53801,"X,spliced,unspliced"
9240,87076,ATTAGTGATTTGTC,cell_136436,53801,"X,spliced,unspliced"
9241,87081,ATTCCAACAGCACT,cell_136443,53801,"X,spliced,unspliced"
9242,87082,ATTCCAACAGTCAC,cell_136444,53801,"X,spliced,unspliced"
9243,87085,ATTCCATGGACGTT,cell_136448,53801,"X,spliced,unspliced"
9244,87090,ATTCGGGAAGAAGT,cell_136454,53801,"X,spliced,unspliced"
9245,87092,ATTCGGGAGGATTC,cell_136458,53801,"X,spliced,unspliced"
9246,87094,ATTCTGACCAACCA,cell_136461,53801,"X,spliced,unspliced"
9247,87099,ATTGAAACGCGAGA,cell_136466,53801,"X,spliced,unspliced"
9248,87101,ATTGAATGCTTGGA,cell_136470,53801,"X,spliced,unspliced"
9249,87111,ATTGGTCTCCTAAG,cell_136482,53801,"X,spliced,unspliced"
9250,87115,ATTGTCTGCGACAT,cell_136486,53801,"X,spliced,unspliced"
9251,87119,ATTTCGTGCGTAGT,cell_136490,53801,"X,spliced,unspliced"
9252,87120,ATTTCGTGGACGAG,cell_136491,53801,"X,spliced,unspliced"
9253,87122,CAAAGCACACCAAC,cell_136493,53801,"X,spliced,unspliced"
9254,87131,CAAATATGGCGATT,cell_136504,53801,"X,spliced,unspliced"
9255,87132,CAAATTGAACACAC,cell_136506,53801,"X,spliced,unspliced"
9256,87133,CAAATTGAACGGAG,cell_136507,53801,"X,spliced,unspliced"
9257,87141,CAACCGCTCTGAGT,cell_136516,53801,"X,spliced,unspliced"
9258,87146,CAACGAACGTTCTT,cell_136521,53801,"X,spliced,unspliced"
9259,87148,CAACGATGTCCGTC,cell_136524,53801,"X,spliced,unspliced"
9260,87165,CAAGGACTCGTACA,cell_136546,53801,"X,spliced,unspliced"
9261,87170,CAAGTTCTGTTCAG,cell_136555,53801,"X,spliced,unspliced"
9262,87171,CAAGTTCTTCCAAG,cell_136556,53801,"X,spliced,unspliced"
9263,87179,CAATCTACGAAAGT,cell_136566,53801,"X,spliced,unspliced"
9264,87181,CAATGGACAACAGA,cell_136568,53801,"X,spliced,unspliced"
9265,87182,CAATTCACGGGACA,cell_136569,53801,"X,spliced,unspliced"
9266,87185,CAATTCTGGTTACG,cell_136572,53801,"X,spliced,unspliced"
9267,87188,CACAACGACATTTC,cell_136575,53801,"X,spliced,unspliced"
9268,87190,CACAATCTAAAACG,cell_136577,53801,"X,spliced,unspliced"
9269,87191,CACAATCTAGAAGT,cell_136578,53801,"X,spliced,unspliced"
9270,87193,CACACCTGTTGCTT,cell_136581,53801,"X,spliced,unspliced"
9271,87198,CACAGATGGGGAGT,cell_136586,53801,"X,spliced,unspliced"
9272,87204,CACCCATGGGAACG,cell_136594,53801,"X,spliced,unspliced"
9273,87206,CACCGGGAACGGGA,cell_136596,53801,"X,spliced,unspliced"
9274,87209,CACCGGGATTAGGC,cell_136600,53801,"X,spliced,unspliced"
9275,87220,CACGACCTTCGTAG,cell_136615,53801,"X,spliced,unspliced"
9276,87231,CACGGGTGGCAGTT,cell_136629,53801,"X,spliced,unspliced"
9277,87238,CACTCCGATTCGTT,cell_136637,53801,"X,spliced,unspliced"
9278,87241,CACTCTCTTAGCCA,cell_136641,53801,"X,spliced,unspliced"
9279,87245,CACTGAGAACCGAT,cell_136645,53801,"X,spliced,unspliced"
9280,87254,CACTTAACCCTTTA,cell_136657,53801,"X,spliced,unspliced"
9281,87264,CAGACATGAACCTG,cell_136670,53801,"X,spliced,unspliced"
9282,87274,CAGCAATGGGACTT,cell_136683,53801,"X,spliced,unspliced"
9284,87289,CAGCTAGAGTTTGG,cell_136704,53801,"X,spliced,unspliced"
9285,87302,CAGGTAACGGTCTA,cell_136722,53801,"X,spliced,unspliced"
9286,87311,CAGTCAGACAGAAA,cell_136732,53801,"X,spliced,unspliced"
9287,87320,CATAAAACGATACC,cell_136744,53801,"X,spliced,unspliced"
9288,87323,CATAAATGGATGAA,cell_136747,53801,"X,spliced,unspliced"
9289,87326,CATACTACCTTCTA,cell_136751,53801,"X,spliced,unspliced"
9290,87328,CATACTACTGACAC,cell_136755,53801,"X,spliced,unspliced"
9291,87331,CATATAGAGATAGA,cell_136762,53801,"X,spliced,unspliced"
9292,87333,CATCAACTACTCTT,cell_136764,53801,"X,spliced,unspliced"
9293,87340,CATCGGCTCTAGAC,cell_136772,53801,"X,spliced,unspliced"
9294,87346,CATGCCACCCGTTC,cell_136780,53801,"X,spliced,unspliced"
9295,87347,CATGCCACCTACGA,cell_136781,53801,"X,spliced,unspliced"
9296,87351,CATGCGCTGCATAC,cell_136786,53801,"X,spliced,unspliced"
9297,87356,CATGGCCTGATAGA,cell_136792,53801,"X,spliced,unspliced"
9298,87359,CATGTTACTAAGGA,cell_136796,53801,"X,spliced,unspliced"
9299,87360,CATGTTTGCATCAG,cell_136798,53801,"X,spliced,unspliced"
9300,87363,CATTAGCTGGTCAT,cell_136803,53801,"X,spliced,unspliced"
9301,87364,CATTAGCTTCGTGA,cell_136805,53801,"X,spliced,unspliced"
9302,87365,CATTCCCTATACCG,cell_136807,53801,"X,spliced,unspliced"
9303,87366,CATTCCCTCTGGAT,cell_136808,53801,"X,spliced,unspliced"
9304,87368,CATTCCCTTTTGCT,cell_136811,53801,"X,spliced,unspliced"
9305,87377,CATTGTTGTCGCTC,cell_136821,53801,"X,spliced,unspliced"
9306,87384,CCAAAGTGTGCACA,cell_136832,53801,"X,spliced,unspliced"
9307,87387,CCAACCTGTCAAGC,cell_136835,53801,"X,spliced,unspliced"
9308,87388,CCAAGAACAGCTAC,cell_136836,53801,"X,spliced,unspliced"
9309,87392,CCAAGTGAACACCA,cell_136840,53801,"X,spliced,unspliced"
9310,87394,CCAAGTGAATCACG,cell_136842,53801,"X,spliced,unspliced"
9311,87400,CCAATTTGTTGTGG,cell_136850,53801,"X,spliced,unspliced"
9312,87401,CCAATTTGTTTCAC,cell_136851,53801,"X,spliced,unspliced"
9313,87403,CCACCTGACTGGAT,cell_136853,53801,"X,spliced,unspliced"
9314,87405,CCACGGGAAATGCC,cell_136855,53801,"X,spliced,unspliced"
9315,87406,CCACGGGAAGTCGT,cell_136856,53801,"X,spliced,unspliced"
9316,87407,CCACTGACTAGACC,cell_136860,53801,"X,spliced,unspliced"
9317,87408,CCACTGTGAGAACA,cell_136861,53801,"X,spliced,unspliced"
9318,87411,CCAGAAACATGGTC,cell_136865,53801,"X,spliced,unspliced"
9319,87413,CCAGACCTAACAGA,cell_136867,53801,"X,spliced,unspliced"
9320,87415,CCAGACCTCACTTT,cell_136869,53801,"X,spliced,unspliced"
9321,87423,CCAGCACTGCATAC,cell_136877,53801,"X,spliced,unspliced"
9322,87424,CCAGCGGAAAGAAC,cell_136878,53801,"X,spliced,unspliced"
9323,87432,CCAGTGCTGTGTAC,cell_136891,53801,"X,spliced,unspliced"
9324,87437,CCATCCGATTTCTG,cell_136897,53801,"X,spliced,unspliced"
9325,87443,CCATTAACTGGCAT,cell_136904,53801,"X,spliced,unspliced"
9326,87448,CCCAACTGACAGTC,cell_136909,53801,"X,spliced,unspliced"
9327,87454,CCCACATGGTAGGG,cell_136915,53801,"X,spliced,unspliced"
9328,87455,CCCACATGTGGTGT,cell_136917,53801,"X,spliced,unspliced"
9329,87457,CCCAGTTGTGCCTC,cell_136919,53801,"X,spliced,unspliced"
9330,87462,CCCATCGATCCGTC,cell_136926,53801,"X,spliced,unspliced"
9331,87466,CCCTCAGACAGAGG,cell_136936,53801,"X,spliced,unspliced"
9332,87472,CCCTTACTTTGTGG,cell_136946,53801,"X,spliced,unspliced"
9333,87474,CCGAAAACATAAGG,cell_136948,53801,"X,spliced,unspliced"
9334,87476,CCGACACTCCAACA,cell_136951,53801,"X,spliced,unspliced"
9335,87480,CCGACTACTTCGTT,cell_136956,53801,"X,spliced,unspliced"
9336,87481,CCGATAGAACACGT,cell_136957,53801,"X,spliced,unspliced"
9337,87483,CCGATAGAGCAAGG,cell_136960,53801,"X,spliced,unspliced"
9338,87485,CCGATAGATCGATG,cell_136962,53801,"X,spliced,unspliced"
9339,87487,CCGCGAGATAGAAG,cell_136964,53801,"X,spliced,unspliced"
9340,87491,CCGGTACTCCAACA,cell_136975,53801,"X,spliced,unspliced"
9341,87495,CCTAAACTATGGTC,cell_136981,53801,"X,spliced,unspliced"
9342,87496,CCTAAACTTAAAGG,cell_136982,53801,"X,spliced,unspliced"
9343,87498,CCTAAGGATCTATC,cell_136985,53801,"X,spliced,unspliced"
9344,87499,CCTACCGAGGAGGT,cell_136987,53801,"X,spliced,unspliced"
9345,87504,CCTATAACGTACAC,cell_136993,53801,"X,spliced,unspliced"
9346,87507,CCTCATCTCTCGCT,cell_136997,53801,"X,spliced,unspliced"
9347,87508,CCTCATCTGCAGTT,cell_136998,53801,"X,spliced,unspliced"
9348,87510,CCTCATCTTCTCAT,cell_137000,53801,"X,spliced,unspliced"
9349,87511,CCTCGAACACGTAC,cell_137002,53801,"X,spliced,unspliced"
9350,87515,CCTGAGCTTGGAAA,cell_137006,53801,"X,spliced,unspliced"
9351,87518,CCTGGACTGTCACA,cell_137010,53801,"X,spliced,unspliced"
9352,87520,CCTTAATGTACAGC,cell_137012,53801,"X,spliced,unspliced"
9353,87529,CGACCACTACTGTG,cell_137023,53801,"X,spliced,unspliced"
9354,87530,CGACCACTGTCTAG,cell_137024,53801,"X,spliced,unspliced"
9355,87537,CGACCTACTCGTTT,cell_137035,53801,"X,spliced,unspliced"
9356,87539,CGACTCACAGGCGA,cell_137037,53801,"X,spliced,unspliced"
9357,87544,CGACTCTGTTCAGG,cell_137043,53801,"X,spliced,unspliced"
9358,87547,CGACTGCTTTATCC,cell_137047,53801,"X,spliced,unspliced"
9359,87553,CGAGCCGACGATAC,cell_137053,53801,"X,spliced,unspliced"
9360,87557,CGAGGAGAGGAAAT,cell_137058,53801,"X,spliced,unspliced"
9361,87561,CGAGGCTGTGAGCT,cell_137062,53801,"X,spliced,unspliced"
9362,87564,CGAGTATGATGTGC,cell_137065,53801,"X,spliced,unspliced"
9363,87567,CGATACGATCGTGA,cell_137072,53801,"X,spliced,unspliced"
9364,87570,CGATCAGACCATGA,cell_137077,53801,"X,spliced,unspliced"
9365,87574,CGCAAATGCGCATA,cell_137083,53801,"X,spliced,unspliced"
9366,87577,CGCAACCTTGCTAG,cell_137088,53801,"X,spliced,unspliced"
9367,87584,CGCACTTGGAAACA,cell_137097,53801,"X,spliced,unspliced"
9368,87588,CGCATAGAATCGAC,cell_137103,53801,"X,spliced,unspliced"
9369,87594,CGCCGAGATCGCCT,cell_137113,53801,"X,spliced,unspliced"
9370,87601,CGCGATCTGAGGCA,cell_137122,53801,"X,spliced,unspliced"
9371,87603,CGCGGATGGTTAGC,cell_137124,53801,"X,spliced,unspliced"
9372,87605,CGCTAAGAACCATG,cell_137126,53801,"X,spliced,unspliced"
9373,87608,CGCTAAGATGTTCT,cell_137129,53801,"X,spliced,unspliced"
9374,87609,CGCTACACAGCACT,cell_137130,53801,"X,spliced,unspliced"
9375,87610,CGCTACACGCTGTA,cell_137131,53801,"X,spliced,unspliced"
9376,87625,CGGACTCTGACACT,cell_137150,53801,"X,spliced,unspliced"
9377,87636,CGGCGAACCAGATC,cell_137165,53801,"X,spliced,unspliced"
9378,87637,CGGCGATGCCATAG,cell_137167,53801,"X,spliced,unspliced"
9379,87642,CGGGCATGCTAGTG,cell_137174,53801,"X,spliced,unspliced"
9380,87645,CGGTAAACACTAGC,cell_137178,53801,"X,spliced,unspliced"
9381,87646,CGGTACCTATGTCG,cell_137179,53801,"X,spliced,unspliced"
9382,87654,CGTACCACAATGCC,cell_137189,53801,"X,spliced,unspliced"
9383,87656,CGTACCACGTTAGC,cell_137191,53801,"X,spliced,unspliced"
9384,87671,CGTCGACTCTCATT,cell_137211,53801,"X,spliced,unspliced"
9385,87679,CGTGAATGTCGCCT,cell_137222,53801,"X,spliced,unspliced"
9386,87682,CGTGATGACTTCTA,cell_137225,53801,"X,spliced,unspliced"
9387,87687,CGTGTAGATACTCT,cell_137230,53801,"X,spliced,unspliced"
9388,87693,CGTTTAACGAACTC,cell_137245,53801,"X,spliced,unspliced"
9389,87697,CTAACGGAGCTTCC,cell_137250,53801,"X,spliced,unspliced"
9390,87698,CTAACTACGCCAAT,cell_137252,53801,"X,spliced,unspliced"
9391,87699,CTAACTACTCGCTC,cell_137253,53801,"X,spliced,unspliced"
9392,87702,CTAAGGACTGTGCA,cell_137256,53801,"X,spliced,unspliced"
9393,87707,CTAATAGAGATAGA,cell_137264,53801,"X,spliced,unspliced"
9394,87711,CTAATAGATGGAAA,cell_137268,53801,"X,spliced,unspliced"
9395,87712,CTAATGCTACACTG,cell_137269,53801,"X,spliced,unspliced"
9396,87714,CTACCTCTCGGGAA,cell_137273,53801,"X,spliced,unspliced"
9397,87719,CTACGCACACCAAC,cell_137278,53801,"X,spliced,unspliced"
9398,87722,CTACGGCTCCGCTT,cell_137281,53801,"X,spliced,unspliced"
9399,87727,CTAGAGACGGTCAT,cell_137287,53801,"X,spliced,unspliced"
9400,87732,CTAGATCTGATACC,cell_137292,53801,"X,spliced,unspliced"
9401,87738,CTAGGCCTGACAGG,cell_137299,53801,"X,spliced,unspliced"
9402,87744,CTAGTTACGCTTCC,cell_137307,53801,"X,spliced,unspliced"
9403,87750,CTATAAGATTCTGT,cell_137314,53801,"X,spliced,unspliced"
9404,87752,CTATACTGGCATAC,cell_137316,53801,"X,spliced,unspliced"
9405,87753,CTATACTGGTCGTA,cell_137317,53801,"X,spliced,unspliced"
9406,87758,CTATCATGAAGGTA,cell_137322,53801,"X,spliced,unspliced"
9407,87761,CTATCATGTGACTG,cell_137327,53801,"X,spliced,unspliced"
9409,87763,CTATGTACACACGT,cell_137329,53801,"X,spliced,unspliced"
9410,87766,CTATGTTGTGTCGA,cell_137333,53801,"X,spliced,unspliced"
9411,87770,CTCAGCACCTTCGC,cell_137340,53801,"X,spliced,unspliced"
9412,87779,CTCGAAGAGAGCTT,cell_137355,53801,"X,spliced,unspliced"
9413,87781,CTCGACACTTTCAC,cell_137357,53801,"X,spliced,unspliced"
9414,87787,CTCGCATGAGTCAC,cell_137365,53801,"X,spliced,unspliced"
9415,87790,CTCTAAACTGGTTG,cell_137368,53801,"X,spliced,unspliced"
9416,87791,CTCTAATGCTGGAT,cell_137369,53801,"X,spliced,unspliced"
9417,87792,CTCTAATGGACGTT,cell_137370,53801,"X,spliced,unspliced"
9418,87794,CTGAACGACCCAAA,cell_137372,53801,"X,spliced,unspliced"
9420,87798,CTGAATCTCTACCC,cell_137378,53801,"X,spliced,unspliced"
9421,87799,CTGACAGACGAGTT,cell_137379,53801,"X,spliced,unspliced"
9422,87802,CTGAGCCTACTCAG,cell_137382,53801,"X,spliced,unspliced"
9423,87803,CTGAGCCTCGAACT,cell_137384,53801,"X,spliced,unspliced"
9424,87805,CTGATACTGTGTTG,cell_137387,53801,"X,spliced,unspliced"
9425,87808,CTGATTTGCATACG,cell_137392,53801,"X,spliced,unspliced"
9426,87809,CTGCAGCTACTACG,cell_137393,53801,"X,spliced,unspliced"
9427,87811,CTGCAGCTTCAGTG,cell_137396,53801,"X,spliced,unspliced"
9428,87812,CTGCCAACAAAACG,cell_137398,53801,"X,spliced,unspliced"
9429,87815,CTGCGACTACCATG,cell_137401,53801,"X,spliced,unspliced"
9430,87821,CTGGATGACGCCTT,cell_137407,53801,"X,spliced,unspliced"
9431,87823,CTGGATGATCGCAA,cell_137409,53801,"X,spliced,unspliced"
9432,87829,CTGTGAGAAAGCCT,cell_137419,53801,"X,spliced,unspliced"
9433,87832,CTTAACACCGCCTT,cell_137424,53801,"X,spliced,unspliced"
9434,87834,CTTAAGCTCAACTG,cell_137427,53801,"X,spliced,unspliced"
9435,87835,CTTAAGCTGAGAGC,cell_137428,53801,"X,spliced,unspliced"
9436,87838,CTTACATGGCTCCT,cell_137432,53801,"X,spliced,unspliced"
9437,87839,CTTACATGGTTTGG,cell_137433,53801,"X,spliced,unspliced"
9438,87842,CTTACTGAGGAGTG,cell_137436,53801,"X,spliced,unspliced"
9439,87854,CTTGTATGCTAAGC,cell_137452,53801,"X,spliced,unspliced"
9440,87859,CTTTAGACAGCCAT,cell_137457,53801,"X,spliced,unspliced"
9441,87871,GAACACACTAACCG,cell_137474,53801,"X,spliced,unspliced"
9442,87882,GAAGAATGTCTCCG,cell_137487,53801,"X,spliced,unspliced"
9443,87883,GAAGATGAGACACT,cell_137488,53801,"X,spliced,unspliced"
9444,87889,GAAGCTACGGTCAT,cell_137496,53801,"X,spliced,unspliced"
9445,87894,GAAGGGTGAAGTAG,cell_137502,53801,"X,spliced,unspliced"
9446,87896,GAAGGGTGCGTTGA,cell_137504,53801,"X,spliced,unspliced"
9447,87899,GAAGGTCTACACGT,cell_137507,53801,"X,spliced,unspliced"
9448,87904,GAAGTGCTTAACCG,cell_137515,53801,"X,spliced,unspliced"
9449,87906,GAAGTGCTTTCTAC,cell_137517,53801,"X,spliced,unspliced"
9450,87907,GAATGCTGGTCTAG,cell_137519,53801,"X,spliced,unspliced"
9451,87908,GAATGCTGGTTCGA,cell_137520,53801,"X,spliced,unspliced"
9452,87916,GACACTGAGTATGC,cell_137531,53801,"X,spliced,unspliced"
9453,87918,GACAGGGAAAACAG,cell_137533,53801,"X,spliced,unspliced"
9454,87920,GACAGGGAGGAAGC,cell_137536,53801,"X,spliced,unspliced"
9455,87922,GACAGTACGTCGAT,cell_137538,53801,"X,spliced,unspliced"
9456,87923,GACAGTACTCTCGC,cell_137539,53801,"X,spliced,unspliced"
9457,87938,GACCTCTGACGTGT,cell_137565,53801,"X,spliced,unspliced"
9458,87940,GACGAACTAACGTC,cell_137567,53801,"X,spliced,unspliced"
9459,87950,GACGGCACACGACT,cell_137582,53801,"X,spliced,unspliced"
9460,87951,GACGGCACAGCTAC,cell_137583,53801,"X,spliced,unspliced"
9461,87960,GACGTCCTGAATGA,cell_137594,53801,"X,spliced,unspliced"
9462,87961,GACTACGAGTAAAG,cell_137595,53801,"X,spliced,unspliced"
9463,87962,GACTACGAGTTCAG,cell_137596,53801,"X,spliced,unspliced"
9464,87969,GACTGATGAGAGGC,cell_137603,53801,"X,spliced,unspliced"
9465,87974,GAGATAGATTGCAG,cell_137614,53801,"X,spliced,unspliced"
9466,87979,GAGCAGGAACCAGT,cell_137621,53801,"X,spliced,unspliced"
9467,87980,GAGCAGGACCATGA,cell_137622,53801,"X,spliced,unspliced"
9468,87986,GAGCGCTGCTAGCA,cell_137628,53801,"X,spliced,unspliced"
9469,87987,GAGCGGCTCTCTAT,cell_137630,53801,"X,spliced,unspliced"
9470,87988,GAGCGGCTGTAAAG,cell_137631,53801,"X,spliced,unspliced"
9471,87989,GAGCGGCTTGCTTT,cell_137632,53801,"X,spliced,unspliced"
9474,87995,GAGGGAACCCGAAT,cell_137641,53801,"X,spliced,unspliced"
9475,87998,GAGGGATGAAAGCA,cell_137644,53801,"X,spliced,unspliced"
9476,88000,GAGGGATGCCACAA,cell_137646,53801,"X,spliced,unspliced"
9477,88004,GAGGGCCTCTTTAC,cell_137651,53801,"X,spliced,unspliced"
9478,88010,GAGGTGGAGGTACT,cell_137658,53801,"X,spliced,unspliced"
9479,88013,GAGTAAGACCAGTA,cell_137662,53801,"X,spliced,unspliced"
9480,88015,GAGTAAGATAAAGG,cell_137664,53801,"X,spliced,unspliced"
9481,88017,GAGTACACCCCACT,cell_137666,53801,"X,spliced,unspliced"
9482,88020,GAGTACTGGGACGA,cell_137670,53801,"X,spliced,unspliced"
9483,88023,GAGTCTGAGGACAG,cell_137675,53801,"X,spliced,unspliced"
9484,88026,GAGTGACTCTAAGC,cell_137680,53801,"X,spliced,unspliced"
9485,88032,GAGTGTTGTGCTCC,cell_137690,53801,"X,spliced,unspliced"
9486,88036,GAGTTGTGTGGAAA,cell_137694,53801,"X,spliced,unspliced"
9487,88038,GATAATACAACTGC,cell_137696,53801,"X,spliced,unspliced"
9488,88043,GATAGCACGTGAGG,cell_137702,53801,"X,spliced,unspliced"
9489,88050,GATATCCTAAAAGC,cell_137711,53801,"X,spliced,unspliced"
9490,88055,GATCATCTTCCTTA,cell_137718,53801,"X,spliced,unspliced"
9491,88056,GATCCCTGATCGTG,cell_137719,53801,"X,spliced,unspliced"
9492,88058,GATCGAACAGCCAT,cell_137722,53801,"X,spliced,unspliced"
9493,88062,GATCGTGAACAGTC,cell_137727,53801,"X,spliced,unspliced"
9494,88066,GATGCATGAACTGC,cell_137733,53801,"X,spliced,unspliced"
9495,88069,GATGCCCTAAGATG,cell_137738,53801,"X,spliced,unspliced"
9496,88076,GATTCTACGATAAG,cell_137748,53801,"X,spliced,unspliced"
9497,88077,GATTCTACGGCAAG,cell_137749,53801,"X,spliced,unspliced"
9498,88086,GCAAACTGCCCGTT,cell_137760,53801,"X,spliced,unspliced"
9499,88093,GCAAGACTATGTCG,cell_137768,53801,"X,spliced,unspliced"
9500,88102,GCACAAACGAGACG,cell_137778,53801,"X,spliced,unspliced"
9501,88103,GCACACCTGGTATC,cell_137781,53801,"X,spliced,unspliced"
9502,88105,GCACCTACATGACC,cell_137785,53801,"X,spliced,unspliced"
9503,88106,GCACCTACGCTTAG,cell_137786,53801,"X,spliced,unspliced"
9504,88109,GCACCTTGGGCATT,cell_137790,53801,"X,spliced,unspliced"
9505,88111,GCACGGTGGGACTT,cell_137795,53801,"X,spliced,unspliced"
9506,88112,GCACGGTGTCACGA,cell_137796,53801,"X,spliced,unspliced"
9507,88116,GCACTGCTAAGGTA,cell_137801,53801,"X,spliced,unspliced"
9508,88119,GCAGATACCTACCC,cell_137804,53801,"X,spliced,unspliced"
9509,88120,GCAGATACTGGTAC,cell_137805,53801,"X,spliced,unspliced"
9510,88133,GCAGGGCTGGACTT,cell_137822,53801,"X,spliced,unspliced"
9511,88137,GCAGTTGAAATCGC,cell_137826,53801,"X,spliced,unspliced"
9512,88141,GCATCAGAGCAGAG,cell_137831,53801,"X,spliced,unspliced"
9513,88150,GCCAAAACGATAGA,cell_137843,53801,"X,spliced,unspliced"
9514,88151,GCCAAAACTAACCG,cell_137844,53801,"X,spliced,unspliced"
9515,88156,GCCACTACACGGTT,cell_137852,53801,"X,spliced,unspliced"
9516,88157,GCCACTACTCAGTG,cell_137853,53801,"X,spliced,unspliced"
9517,88159,GCCACTACTGTCAG,cell_137855,53801,"X,spliced,unspliced"
9518,88164,GCCATGCTTGTGGT,cell_137861,53801,"X,spliced,unspliced"
9519,88166,GCCCAACTTTACTC,cell_137863,53801,"X,spliced,unspliced"
9520,88171,GCCGAGTGACTGTG,cell_137868,53801,"X,spliced,unspliced"
9521,88173,GCCGGAACCTGAAC,cell_137871,53801,"X,spliced,unspliced"
9522,88174,GCCGGAACTGAGGG,cell_137872,53801,"X,spliced,unspliced"
9523,88176,GCCGTACTTCCCGT,cell_137875,53801,"X,spliced,unspliced"
9524,88188,GCCTCAACGAATAG,cell_137889,53801,"X,spliced,unspliced"
9525,88190,GCCTGACTGTACCA,cell_137893,53801,"X,spliced,unspliced"
9526,88195,GCGACTCTCAGAAA,cell_137898,53801,"X,spliced,unspliced"
9527,88200,GCGATATGGTATCG,cell_137903,53801,"X,spliced,unspliced"
9528,88201,GCGATATGGTGCAT,cell_137904,53801,"X,spliced,unspliced"
9529,88202,GCGCACGAAGGTCT,cell_137907,53801,"X,spliced,unspliced"
9530,88213,GCGGCAACAACGTC,cell_137921,53801,"X,spliced,unspliced"
9531,88216,GCGGCAACTAACGC,cell_137924,53801,"X,spliced,unspliced"
9532,88220,GCGTAAACCGAGTT,cell_137928,53801,"X,spliced,unspliced"
9533,88223,GCTACAGAATACCG,cell_137934,53801,"X,spliced,unspliced"
9534,88245,GCTCGACTTGCCTC,cell_137963,53801,"X,spliced,unspliced"
9535,88246,GCTGATGACATTGG,cell_137965,53801,"X,spliced,unspliced"
9536,88254,GCTTGAGAGCAAGG,cell_137975,53801,"X,spliced,unspliced"
9537,88258,GGAACTTGACACCA,cell_137980,53801,"X,spliced,unspliced"
9538,88263,GGAATCTGTAAGGA,cell_137986,53801,"X,spliced,unspliced"
9539,88268,GGACAGGAGTGTTG,cell_137996,53801,"X,spliced,unspliced"
9540,88271,GGACATTGACCTTT,cell_137999,53801,"X,spliced,unspliced"
9541,88275,GGACCGTGGACAAA,cell_138006,53801,"X,spliced,unspliced"
9542,88284,GGACTATGCGGTAT,cell_138018,53801,"X,spliced,unspliced"
9543,88285,GGACTATGCGTCTC,cell_138019,53801,"X,spliced,unspliced"
9544,88296,GGAGCGCTACGTAC,cell_138033,53801,"X,spliced,unspliced"
9545,88303,GGCAAGGACCTGAA,cell_138050,53801,"X,spliced,unspliced"
9546,88304,GGCAAGGACGGTAT,cell_138051,53801,"X,spliced,unspliced"
9547,88305,GGCAAGGACTCAGA,cell_138052,53801,"X,spliced,unspliced"
9548,88310,GGCACTCTGTAGCT,cell_138057,53801,"X,spliced,unspliced"
9549,88313,GGCATATGACGTTG,cell_138060,53801,"X,spliced,unspliced"
9550,88317,GGCCAGACAGTAGA,cell_138065,53801,"X,spliced,unspliced"
9551,88319,GGCCAGACGTTCGA,cell_138067,53801,"X,spliced,unspliced"
9552,88320,GGCCAGACTGCCTC,cell_138068,53801,"X,spliced,unspliced"
9553,88323,GGCCGATGTTCGTT,cell_138073,53801,"X,spliced,unspliced"
9554,88331,GGCGCATGACACTG,cell_138081,53801,"X,spliced,unspliced"
9555,88333,GGCGCATGCTTCTA,cell_138083,53801,"X,spliced,unspliced"
9556,88338,GGCGGACTGATAAG,cell_138089,53801,"X,spliced,unspliced"
9557,88340,GGCTAAACAGCCAT,cell_138091,53801,"X,spliced,unspliced"
9558,88342,GGCTAAACTAAGGA,cell_138093,53801,"X,spliced,unspliced"
9559,88343,GGCTACCTCGTAAC,cell_138095,53801,"X,spliced,unspliced"
9560,88347,GGCTCACTGTCTTT,cell_138101,53801,"X,spliced,unspliced"
9561,88351,GGGAAGTGCACTCC,cell_138106,53801,"X,spliced,unspliced"
9562,88356,GGGACCTGATTCGG,cell_138112,53801,"X,spliced,unspliced"
9563,88358,GGGACCTGGTGAGG,cell_138114,53801,"X,spliced,unspliced"
9564,88371,GGGTTAACTCTCCG,cell_138133,53801,"X,spliced,unspliced"
9565,88372,GGGTTATGGAGGGT,cell_138135,53801,"X,spliced,unspliced"
9566,88377,GGTACAACACGCAT,cell_138140,53801,"X,spliced,unspliced"
9567,88379,GGTACAACTGAACC,cell_138142,53801,"X,spliced,unspliced"
9568,88380,GGTACATGGTTTGG,cell_138143,53801,"X,spliced,unspliced"
9569,88381,GGTACTGATCCTCG,cell_138144,53801,"X,spliced,unspliced"
9571,88389,GGTGGAGACGTGAT,cell_138156,53801,"X,spliced,unspliced"
9572,88393,GTAAGCTGCCGATA,cell_138160,53801,"X,spliced,unspliced"
9573,88394,GTAATAACACCCAA,cell_138162,53801,"X,spliced,unspliced"
9574,88395,GTAATAACGCATCA,cell_138163,53801,"X,spliced,unspliced"
9575,88399,GTAATAACTGTTTC,cell_138168,53801,"X,spliced,unspliced"
9576,88401,GTACAGTGAACGTC,cell_138171,53801,"X,spliced,unspliced"
9577,88402,GTACAGTGCCTGTC,cell_138172,53801,"X,spliced,unspliced"
9578,88404,GTACCCTGGAGACG,cell_138174,53801,"X,spliced,unspliced"
9579,88415,GTAGACTGCTCTAT,cell_138186,53801,"X,spliced,unspliced"
9580,88422,GTAGGTACTGCAGT,cell_138199,53801,"X,spliced,unspliced"
9581,88431,GTATCTACCCACAA,cell_138209,53801,"X,spliced,unspliced"
9582,88439,GTCACAGACGGAGA,cell_138225,53801,"X,spliced,unspliced"
9583,88442,GTCATACTAGTTCG,cell_138228,53801,"X,spliced,unspliced"
9584,88443,GTCATACTGGTCTA,cell_138229,53801,"X,spliced,unspliced"
9585,88444,GTCATACTTACTCT,cell_138230,53801,"X,spliced,unspliced"
9586,88445,GTCATACTTTCATC,cell_138231,53801,"X,spliced,unspliced"
9587,88447,GTCCAAGAACAGTC,cell_138233,53801,"X,spliced,unspliced"
9588,88460,GTCGCACTTCTCAT,cell_138251,53801,"X,spliced,unspliced"
9589,88462,GTCTAACTGTAAGA,cell_138254,53801,"X,spliced,unspliced"
9590,88464,GTCTAGGAGGTGTT,cell_138258,53801,"X,spliced,unspliced"
9591,88471,GTGACAACGTCTGA,cell_138267,53801,"X,spliced,unspliced"
9592,88473,GTGAGGGAGGTGTT,cell_138270,53801,"X,spliced,unspliced"
9593,88474,GTGAGGGAGTAGGG,cell_138271,53801,"X,spliced,unspliced"
9594,88477,GTGATGACAACCTG,cell_138275,53801,"X,spliced,unspliced"
9595,88479,GTGATTCTCCCTCA,cell_138277,53801,"X,spliced,unspliced"
9596,88486,GTGCTAGAGAACTC,cell_138288,53801,"X,spliced,unspliced"
9597,88491,GTGGTAACAGATCC,cell_138294,53801,"X,spliced,unspliced"
9598,88495,GTGTAGTGCCATGA,cell_138299,53801,"X,spliced,unspliced"
9599,88497,GTGTATCTAGGGTG,cell_138301,53801,"X,spliced,unspliced"
9600,88498,GTGTATCTGACGTT,cell_138302,53801,"X,spliced,unspliced"
9601,88499,GTGTGATGCATTTC,cell_138304,53801,"X,spliced,unspliced"
9602,88505,GTTACGGACCTAAG,cell_138311,53801,"X,spliced,unspliced"
9603,88506,GTTACTACCACACA,cell_138312,53801,"X,spliced,unspliced"
9604,88507,GTTACTACCCTCGT,cell_138313,53801,"X,spliced,unspliced"
9605,88509,GTTAGGTGCTCTAT,cell_138315,53801,"X,spliced,unspliced"
9606,88513,GTTATCTGATGCTG,cell_138322,53801,"X,spliced,unspliced"
9607,88520,GTTCATACGGTAGG,cell_138333,53801,"X,spliced,unspliced"
9608,88522,GTTCATACTACGCA,cell_138335,53801,"X,spliced,unspliced"
9609,88524,GTTGACGAAGAATG,cell_138337,53801,"X,spliced,unspliced"
9610,88526,GTTGAGTGGGTTTG,cell_138341,53801,"X,spliced,unspliced"
9611,88536,GTTTAAGAGCCTTC,cell_138354,53801,"X,spliced,unspliced"
9612,88537,GTTTAAGATCGTTT,cell_138355,53801,"X,spliced,unspliced"
9613,88538,TAAACAACAGTGCT,cell_138357,53801,"X,spliced,unspliced"
9614,88544,TAAAGACTCTAGCA,cell_138364,53801,"X,spliced,unspliced"
9615,88548,TAAAGTTGTGACTG,cell_138369,53801,"X,spliced,unspliced"
9616,88553,TAAATCGATCCAGA,cell_138376,53801,"X,spliced,unspliced"
9617,88556,TAACAATGCGTCTC,cell_138379,53801,"X,spliced,unspliced"
9618,88562,TAACACCTGAGACG,cell_138385,53801,"X,spliced,unspliced"
9619,88564,TAACACCTTGTCAG,cell_138387,53801,"X,spliced,unspliced"
9620,88567,TAACCGGAACTCTT,cell_138391,53801,"X,spliced,unspliced"
9621,88576,TAAGATACTGTGCA,cell_138404,53801,"X,spliced,unspliced"
9622,88579,TAAGCGTGAACTGC,cell_138409,53801,"X,spliced,unspliced"
9623,88587,TAAGTAACTTTACC,cell_138418,53801,"X,spliced,unspliced"
9624,88588,TAAGTCCTCCTCCA,cell_138419,53801,"X,spliced,unspliced"
9625,88590,TAAGTCCTTGTCGA,cell_138422,53801,"X,spliced,unspliced"
9626,88595,TAATCGCTATGTGC,cell_138427,53801,"X,spliced,unspliced"
9627,88597,TAATCGCTGTCTTT,cell_138429,53801,"X,spliced,unspliced"
9628,88602,TAATGATGACTAGC,cell_138435,53801,"X,spliced,unspliced"
9629,88603,TAATGATGCCGCTT,cell_138436,53801,"X,spliced,unspliced"
9630,88604,TAATGATGTACGCA,cell_138437,53801,"X,spliced,unspliced"
9631,88605,TAATGCCTACACCA,cell_138439,53801,"X,spliced,unspliced"
9632,88607,TAATGTGACCGTAA,cell_138441,53801,"X,spliced,unspliced"
9633,88609,TAATGTGATTTGTC,cell_138443,53801,"X,spliced,unspliced"
9634,88617,TACCATTGCGAGTT,cell_138455,53801,"X,spliced,unspliced"
9635,88619,TACCGAGATCACCC,cell_138458,53801,"X,spliced,unspliced"
9636,88621,TACCGCTGGCAGTT,cell_138460,53801,"X,spliced,unspliced"
9637,88626,TACGAGTGCTCATT,cell_138467,53801,"X,spliced,unspliced"
9638,88631,TACGCAGATAGTCG,cell_138476,53801,"X,spliced,unspliced"
9639,88633,TACGGCCTACACGT,cell_138482,53801,"X,spliced,unspliced"
9640,88634,TACGGCCTCTAAGC,cell_138483,53801,"X,spliced,unspliced"
9641,88635,TACGGCCTTGTCTT,cell_138485,53801,"X,spliced,unspliced"
9642,88636,TACGTACTACCTCC,cell_138486,53801,"X,spliced,unspliced"
9643,88640,TACTACACAAGCAA,cell_138493,53801,"X,spliced,unspliced"
9644,88641,TACTACTGCCAGTA,cell_138495,53801,"X,spliced,unspliced"
9645,88645,TACTCCCTGAACTC,cell_138503,53801,"X,spliced,unspliced"
9646,88646,TACTCCCTGCGTAT,cell_138504,53801,"X,spliced,unspliced"
9647,88649,TACTGGGAGTACAC,cell_138507,53801,"X,spliced,unspliced"
9648,88654,TACTTGACCAGGAG,cell_138512,53801,"X,spliced,unspliced"
9649,88662,TAGAATACTTACCT,cell_138523,53801,"X,spliced,unspliced"
9650,88663,TAGAATACTTGTGG,cell_138524,53801,"X,spliced,unspliced"
9651,88665,TAGAATTGACAGCT,cell_138526,53801,"X,spliced,unspliced"
9652,88669,TAGAGAGAGGGTGA,cell_138530,53801,"X,spliced,unspliced"
9653,88670,TAGAGCACACACAC,cell_138533,53801,"X,spliced,unspliced"
9654,88672,TAGAGCACGAATGA,cell_138537,53801,"X,spliced,unspliced"
9655,88673,TAGATCCTTTTGCT,cell_138539,53801,"X,spliced,unspliced"
9656,88674,TAGATTGAGTTGTG,cell_138540,53801,"X,spliced,unspliced"
9657,88676,TAGCATCTCTTGGA,cell_138542,53801,"X,spliced,unspliced"
9658,88677,TAGCATCTTTGACG,cell_138543,53801,"X,spliced,unspliced"
9659,88678,TAGCCCACTACTCT,cell_138544,53801,"X,spliced,unspliced"
9660,88679,TAGCCCTGATGCCA,cell_138545,53801,"X,spliced,unspliced"
9661,88681,TAGCCGCTTGATGC,cell_138548,53801,"X,spliced,unspliced"
9662,88685,TAGCTACTTGCACA,cell_138553,53801,"X,spliced,unspliced"
9663,88687,TAGGACTGGACAGG,cell_138555,53801,"X,spliced,unspliced"
9664,88698,TAGGTCGACAGAAA,cell_138574,53801,"X,spliced,unspliced"
9665,88705,TAGTATGAAAAGTG,cell_138583,53801,"X,spliced,unspliced"
9666,88707,TAGTCACTCAATCG,cell_138588,53801,"X,spliced,unspliced"
9667,88708,TAGTCGGACTCGAA,cell_138593,53801,"X,spliced,unspliced"
9668,88710,TAGTCTTGCTGTAG,cell_138595,53801,"X,spliced,unspliced"
9669,88715,TAGTTGCTCCTGAA,cell_138603,53801,"X,spliced,unspliced"
9670,88723,TATACAGATGGATC,cell_138614,53801,"X,spliced,unspliced"
9671,88731,TATAGATGGATAAG,cell_138625,53801,"X,spliced,unspliced"
9672,88741,TATCACTGGTCATG,cell_138637,53801,"X,spliced,unspliced"
9673,88746,TATCAGCTTGTGGT,cell_138644,53801,"X,spliced,unspliced"
9674,88757,TATCTTCTAACTGC,cell_138661,53801,"X,spliced,unspliced"
9675,88758,TATCTTCTCGTAGT,cell_138662,53801,"X,spliced,unspliced"
9676,88762,TATGGGACCACAAC,cell_138669,53801,"X,spliced,unspliced"
9677,88765,TATGGTCTTCAAGC,cell_138673,53801,"X,spliced,unspliced"
9678,88767,TATGTCACGATAGA,cell_138675,53801,"X,spliced,unspliced"
9679,88770,TATGTGCTGTTTGG,cell_138681,53801,"X,spliced,unspliced"
9680,88772,TATTGCTGTCTTAC,cell_138683,53801,"X,spliced,unspliced"
9681,88776,TCAACACTCTGATG,cell_138689,53801,"X,spliced,unspliced"
9682,88777,TCAACACTGAGACG,cell_138690,53801,"X,spliced,unspliced"
9683,88779,TCAAGTCTCTTCTA,cell_138693,53801,"X,spliced,unspliced"
9684,88781,TCAATAGAAGCATC,cell_138695,53801,"X,spliced,unspliced"
9685,88791,TCACCGTGTTGGCA,cell_138709,53801,"X,spliced,unspliced"
9686,88792,TCACCTCTCATGCA,cell_138710,53801,"X,spliced,unspliced"
9687,88793,TCACCTCTCCTAAG,cell_138711,53801,"X,spliced,unspliced"
9688,88798,TCACTATGCTTCTA,cell_138718,53801,"X,spliced,unspliced"
9689,88803,TCAGCAGATGGATC,cell_138723,53801,"X,spliced,unspliced"
9690,88804,TCAGCGCTATCAGC,cell_138724,53801,"X,spliced,unspliced"
9691,88807,TCAGTACTCAAAGA,cell_138730,53801,"X,spliced,unspliced"
9692,88811,TCAGTGGAAACCGT,cell_138734,53801,"X,spliced,unspliced"
9693,88812,TCAGTGGAAACCTG,cell_138735,53801,"X,spliced,unspliced"
9694,88814,TCAGTGGAGAGACG,cell_138737,53801,"X,spliced,unspliced"
9695,88820,TCATCCCTCCGAAT,cell_138745,53801,"X,spliced,unspliced"
9696,88831,TCCATCCTCCACCT,cell_138764,53801,"X,spliced,unspliced"
9697,88833,TCCCAGACCTTAGG,cell_138769,53801,"X,spliced,unspliced"
9698,88835,TCCCATCTTCGTTT,cell_138771,53801,"X,spliced,unspliced"
9699,88837,TCCCGAACGGTAAA,cell_138774,53801,"X,spliced,unspliced"
9700,88842,TCCCGATGGAAGGC,cell_138780,53801,"X,spliced,unspliced"
9701,88843,TCCCGATGTGCCAA,cell_138781,53801,"X,spliced,unspliced"
9702,88844,TCCCTACTACGCTA,cell_138782,53801,"X,spliced,unspliced"
9703,88845,TCCCTACTAGGCGA,cell_138783,53801,"X,spliced,unspliced"
9704,88848,TCCGGACTCATGCA,cell_138786,53801,"X,spliced,unspliced"
9705,88853,TCCTAAACATCACG,cell_138791,53801,"X,spliced,unspliced"
9706,88854,TCCTAATGGCTTCC,cell_138793,53801,"X,spliced,unspliced"
9707,88855,TCCTACCTAAGAGT,cell_138794,53801,"X,spliced,unspliced"
9708,88861,TCGACCTGGTCAAC,cell_138802,53801,"X,spliced,unspliced"
9709,88866,TCGACGCTTGGATC,cell_138808,53801,"X,spliced,unspliced"
9710,88867,TCGATACTTTACTC,cell_138811,53801,"X,spliced,unspliced"
9711,88871,TCGATTTGTTCTCA,cell_138815,53801,"X,spliced,unspliced"
9712,88878,TCGCAGCTAGGTCT,cell_138822,53801,"X,spliced,unspliced"
9713,88883,TCGGACCTACTGTG,cell_138830,53801,"X,spliced,unspliced"
9714,88884,TCGGACCTAGTACC,cell_138831,53801,"X,spliced,unspliced"
9715,88885,TCGGACCTTGCAGT,cell_138833,53801,"X,spliced,unspliced"
9716,88887,TCGGTAGAGATAGA,cell_138835,53801,"X,spliced,unspliced"
9717,88892,TCGTGAGACCTAAG,cell_138842,53801,"X,spliced,unspliced"
9718,88895,TCTAACACGCTCCT,cell_138849,53801,"X,spliced,unspliced"
9719,88899,TCTAAGCTTCCTAT,cell_138855,53801,"X,spliced,unspliced"
9720,88900,TCTACAACGCTATG,cell_138857,53801,"X,spliced,unspliced"
9721,88901,TCTACAACTCCAAG,cell_138858,53801,"X,spliced,unspliced"
9722,88908,TCTATGTGTCCGTC,cell_138868,53801,"X,spliced,unspliced"
9723,88913,TCTCCACTCCTCCA,cell_138874,53801,"X,spliced,unspliced"
9724,88915,TCTCTAGATGCTCC,cell_138876,53801,"X,spliced,unspliced"
9725,88916,TCTGATACCCGTTC,cell_138877,53801,"X,spliced,unspliced"
9727,88918,TCTTACGAGAATAG,cell_138881,53801,"X,spliced,unspliced"
9728,88928,TGAAATTGCCCAAA,cell_138894,53801,"X,spliced,unspliced"
9729,88933,TGAAGCACTACTTC,cell_138899,53801,"X,spliced,unspliced"
9730,88936,TGAATAACTTACCT,cell_138904,53801,"X,spliced,unspliced"
9731,88940,TGACGAACCAAGCT,cell_138908,53801,"X,spliced,unspliced"
9732,88941,TGACGAACCCGAAT,cell_138909,53801,"X,spliced,unspliced"
9733,88942,TGACGATGCTCCCA,cell_138911,53801,"X,spliced,unspliced"
9734,88943,TGACGCCTAGATGA,cell_138912,53801,"X,spliced,unspliced"
9735,88945,TGACTTACTGTCTT,cell_138915,53801,"X,spliced,unspliced"
9736,88953,TGAGCAACCACCAA,cell_138926,53801,"X,spliced,unspliced"
9737,88957,TGAGGACTTGCAGT,cell_138934,53801,"X,spliced,unspliced"
9738,88961,TGAGTCGAAACGAA,cell_138938,53801,"X,spliced,unspliced"
9739,88962,TGAGTCGACATTCT,cell_138940,53801,"X,spliced,unspliced"
9740,88965,TGATACCTGACAGG,cell_138946,53801,"X,spliced,unspliced"
9741,88968,TGATCACTCCCACT,cell_138950,53801,"X,spliced,unspliced"
9742,88972,TGATCGGAGCTAAC,cell_138957,53801,"X,spliced,unspliced"
9743,88975,TGATTCTGTCAGGT,cell_138960,53801,"X,spliced,unspliced"
9744,88976,TGCAACGAAGCCTA,cell_138961,53801,"X,spliced,unspliced"
9745,88980,TGCAAGACGGTGTT,cell_138965,53801,"X,spliced,unspliced"
9746,88981,TGCAAGACGTTAGC,cell_138966,53801,"X,spliced,unspliced"
9747,88989,TGCACGCTAACGTC,cell_138975,53801,"X,spliced,unspliced"
9748,88992,TGCAGATGCGTACA,cell_138979,53801,"X,spliced,unspliced"
9749,88999,TGCCACTGGCCTTC,cell_138991,53801,"X,spliced,unspliced"
9750,89001,TGCCACTGTCGCCT,cell_138994,53801,"X,spliced,unspliced"
9751,89003,TGCCAGCTACCATG,cell_138996,53801,"X,spliced,unspliced"
9752,89004,TGCCAGCTACCTCC,cell_138997,53801,"X,spliced,unspliced"
9753,89005,TGCCAGCTATCGGT,cell_138998,53801,"X,spliced,unspliced"
9754,89007,TGCCAGCTGAATAG,cell_139001,53801,"X,spliced,unspliced"
9755,89008,TGCCAGCTTCAAGC,cell_139003,53801,"X,spliced,unspliced"
9757,89025,TGCTATACATCACG,cell_139026,53801,"X,spliced,unspliced"
9758,89026,TGCTATACGAGGAC,cell_139027,53801,"X,spliced,unspliced"
9759,89029,TGCTGAGACGTTAG,cell_139031,53801,"X,spliced,unspliced"
9760,89034,TGCTTAACGTCAAC,cell_139036,53801,"X,spliced,unspliced"
9761,89042,TGGAACTGAGTGTC,cell_139044,53801,"X,spliced,unspliced"
9762,89047,TGGACCCTAGTCAC,cell_139049,53801,"X,spliced,unspliced"
9763,89051,TGGACTGACTGCTC,cell_139056,53801,"X,spliced,unspliced"
9764,89054,TGGACTGATAACCG,cell_139059,53801,"X,spliced,unspliced"
9765,89056,TGGAGACTGACTAC,cell_139062,53801,"X,spliced,unspliced"
9766,89059,TGGATCGAGTATCG,cell_139068,53801,"X,spliced,unspliced"
9767,89067,TGGATTCTGATAAG,cell_139076,53801,"X,spliced,unspliced"
9768,89070,TGGCAATGACACCA,cell_139079,53801,"X,spliced,unspliced"
9769,89077,TGGCACCTTCAAGC,cell_139086,53801,"X,spliced,unspliced"
9770,89078,TGGGTATGAAGCCT,cell_139087,53801,"X,spliced,unspliced"
9771,89089,TGGTAGTGTTACCT,cell_139099,53801,"X,spliced,unspliced"
9772,89094,TGGTTACTTCCAGA,cell_139105,53801,"X,spliced,unspliced"
9773,89095,TGGTTACTTCGTTT,cell_139106,53801,"X,spliced,unspliced"
9774,89101,TGTAATGACCCTCA,cell_139112,53801,"X,spliced,unspliced"
9775,89102,TGTAATGAGTTTCT,cell_139114,53801,"X,spliced,unspliced"
9776,89103,TGTAATGATCTCCG,cell_139115,53801,"X,spliced,unspliced"
9777,89105,TGTAGGTGACCTGA,cell_139117,53801,"X,spliced,unspliced"
9778,89117,TGTTACACGAGGGT,cell_139135,53801,"X,spliced,unspliced"
9779,89122,TTACACACTGGCAT,cell_139144,53801,"X,spliced,unspliced"
9780,89131,TTACTCGATGGTTG,cell_139160,53801,"X,spliced,unspliced"
9781,89132,TTACTCGATGTGCA,cell_139161,53801,"X,spliced,unspliced"
9782,89137,TTAGGGTGGAGGCA,cell_139170,53801,"X,spliced,unspliced"
9783,89138,TTAGGTCTACTCAG,cell_139171,53801,"X,spliced,unspliced"
9785,89142,TTAGTCACTGTGCA,cell_139176,53801,"X,spliced,unspliced"
9786,89154,TTATTCCTAAACGA,cell_139192,53801,"X,spliced,unspliced"
9787,89156,TTCAACACACTAGC,cell_139195,53801,"X,spliced,unspliced"
9788,89163,TTCACAACCATGGT,cell_139202,53801,"X,spliced,unspliced"
9789,89171,TTCATGACACCTCC,cell_139212,53801,"X,spliced,unspliced"
9790,89176,TTCATGTGTCGCCT,cell_139217,53801,"X,spliced,unspliced"
9791,89177,TTCATTCTATCTCT,cell_139218,53801,"X,spliced,unspliced"
9792,89185,TTCCCACTTCGACA,cell_139228,53801,"X,spliced,unspliced"
9793,89188,TTCCTAGACTCTAT,cell_139231,53801,"X,spliced,unspliced"
9795,89198,TTCGTATGCCATGA,cell_139243,53801,"X,spliced,unspliced"
9796,89199,TTCGTATGCCGCTT,cell_139244,53801,"X,spliced,unspliced"
9797,89201,TTCGTATGGAGGAC,cell_139246,53801,"X,spliced,unspliced"
9798,89202,TTCTAGTGCAAGCT,cell_139249,53801,"X,spliced,unspliced"
9799,89203,TTCTCAGACTTTAC,cell_139252,53801,"X,spliced,unspliced"
9800,89204,TTCTCAGATAAGCC,cell_139253,53801,"X,spliced,unspliced"
9801,89216,TTGACACTTCTTAC,cell_139268,53801,"X,spliced,unspliced"
9802,89219,TTGAGGACTCGCTC,cell_139272,53801,"X,spliced,unspliced"
9803,89222,TTGAGGTGATTTCC,cell_139275,53801,"X,spliced,unspliced"
9804,89223,TTGAGGTGCGAGAG,cell_139276,53801,"X,spliced,unspliced"
9805,89231,TTGCTATGGAGCTT,cell_139285,53801,"X,spliced,unspliced"
9806,89232,TTGGAGACGTCGAT,cell_139287,53801,"X,spliced,unspliced"
9807,89233,TTGGAGTGCAACCA,cell_139288,53801,"X,spliced,unspliced"
9808,89243,TTGTAGCTTACTCT,cell_139299,53801,"X,spliced,unspliced"
9809,89252,TTTATCCTGTCACA,cell_139315,53801,"X,spliced,unspliced"
9810,89255,TTTCACGACTGGTA,cell_139318,53801,"X,spliced,unspliced"
9811,89257,TTTCAGTGCGAGTT,cell_139321,53801,"X,spliced,unspliced"
9812,89262,TTTCGAACGGTGAG,cell_139326,53801,"X,spliced,unspliced"
9813,89263,TTTCGAACTAACCG,cell_139327,53801,"X,spliced,unspliced"
9814,89265,TTTCTACTTCTCTA,cell_139330,53801,"X,spliced,unspliced"
