ery_pos,full_pos,X_exact,X_genes_checked,X_invalid,X_nonzero_evidence,spliced_exact,spliced_genes_checked,spliced_invalid,spliced_nonzero_evidence,unspliced_exact,unspliced_genes_checked,unspliced_invalid,unspliced_nonzero_evidence,joint_exact,nonzero_evidence
0,245,True,53801,False,True,True,53801,False,True,True,53801,False,True,True,True
1,256,True,53801,False,True,True,53801,False,True,True,53801,False,True,True,True
2,258,True,53801,False,True,True,53801,False,True,True,53801,False,True,True,True
3,261,True,53801,False,True,True,53801,False,True,True,53801,False,True,True,True
4,265,True,53801,False,True,True,53801,False,True,True,53801,False,True,True,True
5,273,True,53801,False,True,True,53801,False,True,True,53801,False,True,True,True
6,293,True,53801,False,True,True,53801,False,True,True,53801,False,True,True,True
7,300,True,53801,False,True,True,53801,False,True,True,53801,False,True,True,True
8,313,True,53801,False,True,True,53801,False,True,True,53801,False,True,True,True
8,28496,False,256,False,True,False,256,False,True,False,256,False,True,False,True
9,320,True,53801,False,True,True,53801,False,True,True,53801,False,True,True,True
10,321,True,53801,False,True,True,53801,False,True,True,53801,False,True,True,True
11,331,True,53801,False,True,True,53801,False,True,True,53801,False,True,True,True
12,335,True,53801,False,True,True,53801,False,True,True,53801,False,True,True,True
13,339,True,53801,False,True,True,53801,False,True,True,53801,False,True,True,True
14,349,True,53801,False,True,True,53801,False,True,True,53801,False,True,True,True
15,381,True,53801,False,True,True,53801,False,True,True,53801,False,True,True,True
16,393,True,53801,False,True,True,53801,False,True,True,53801,False,True,True,True
17,420,True,53801,False,True,True,53801,False,True,True,53801,False,True,True,True
18,451,True,53801,False,True,True,53801,False,True,True,53801,False,True,True,True
19,456,True,53801,False,True,True,53801,False,True,True,53801,False,True,True,True
20,462,True,53801,False,True,True,53801,False,True,True,53801,False,True,True,True
21,463,True,53801,False,True,True,53801,False,True,True,53801,False,True,True,True
22,465,True,53801,False,True,True,53801,False,True,True,53801,False,True,True,True
23,469,True,53801,False,True,True,53801,False,True,True,53801,False,True,True,True
24,480,True,53801,False,True,True,53801,False,True,True,53801,False,True,True,True
25,487,True,53801,False,True,True,53801,False,True,True,53801,False,True,True,True
26,493,True,53801,False,True,True,53801,False,True,True,53801,False,True,True,True
27,499,True,53801,False,True,True,53801,False,True,True,53801,False,True,True,True
28,519,True,53801,False,True,True,53801,False,True,True,53801,False,True,True,True
29,526,True,53801,False,True,True,53801,False,True,True,53801,False,True,True,True
30,540,True,53801,False,True,True,53801,False,True,True,53801,False,True,True,True
31,564,True,53801,False,True,True,53801,False,True,True,53801,False,True,True,True
32,568,True,53801,False,True,True,53801,False,True,True,53801,False,True,True,True
33,585,True,53801,False,True,True,53801,False,True,True,53801,False,True,True,True
34,632,True,53801,False,True,True,53801,False,True,True,53801,False,True,True,True
35,658,True,53801,False,True,True,53801,False,True,True,53801,False,True,True,True
36,707,True,53801,False,True,True,53801,False,True,True,53801,False,True,True,True
37,711,True,53801,False,True,True,53801,False,True,True,53801,False,True,True,True
38,728,True,53801,False,True,True,53801,False,True,True,53801,False,True,True,True
39,730,True,53801,False,True,True,53801,False,True,True,53801,False,True,True,True
40,758,True,53801,False,True,True,53801,False,True,True,53801,False,True,True,True
41,767,True,53801,False,True,True,53801,False,True,True,53801,False,True,True,True
42,789,True,53801,False,True,True,53801,False,True,True,53801,False,True,True,True
43,801,True,53801,False,True,True,53801,False,True,True,53801,False,True,True,True
44,825,True,53801,False,True,True,53801,False,True,True,53801,False,True,True,True
44,29884,False,256,False,True,False,256,False,True,False,256,False,True,False,True
45,848,True,53801,False,True,True,53801,False,True,True,53801,False,True,True,True
46,1667,True,53801,False,True,True,53801,False,True,True,53801,False,True,True,True
46,6164,False,256,False,True,False,256,False,True,False,256,False,True,False,True
47,1674,True,53801,False,True,True,53801,False,True,True,53801,False,True,True,True
48,1688,True,53801,False,True,True,53801,False,True,True,53801,False,True,True,True
49,1696,True,53801,False,True,True,53801,False,True,True,53801,False,True,True,True
50,1700,True,53801,False,True,True,53801,False,True,True,53801,False,True,True,True
51,1713,True,53801,False,True,True,53801,False,True,True,53801,False,True,True,True
52,1727,True,53801,False,True,True,53801,False,True,True,53801,False,True,True,True
53,1763,True,53801,False,True,True,53801,False,True,True,53801,False,True,True,True
54,1781,True,53801,False,True,True,53801,False,True,True,53801,False,True,True,True
55,1788,True,53801,False,True,True,53801,False,True,True,53801,False,True,True,True
56,1800,True,53801,False,True,True,53801,False,True,True,53801,False,True,True,True
56,75776,False,256,False,True,False,256,False,True,False,256,False,True,False,True
57,1846,True,53801,False,True,True,53801,False,True,True,53801,False,True,True,True
57,86569,False,256,False,True,False,256,False,True,False,256,False,True,False,True
58,1852,True,53801,False,True,True,53801,False,True,True,53801,False,True,True,True
59,1860,True,53801,False,True,True,53801,False,True,True,53801,False,True,True,True
60,1861,True,53801,False,True,True,53801,False,True,True,53801,False,True,True,True
61,1895,True,53801,False,True,True,53801,False,True,True,53801,False,True,True,True
62,1896,True,53801,False,True,True,53801,False,True,True,53801,False,True,True,True
63,1922,True,53801,False,True,True,53801,False,True,True,53801,False,True,True,True
63,3316,False,256,False,True,False,256,False,True,False,256,False,True,False,True
64,1927,True,53801,False,True,True,53801,False,True,True,53801,False,True,True,True
65,1936,True,53801,False,True,True,53801,False,True,True,53801,False,True,True,True
66,1939,True,53801,False,True,True,53801,False,True,True,53801,False,True,True,True
67,1985,True,53801,False,True,True,53801,False,True,True,53801,False,True,True,True
67,40049,False,256,False,True,False,256,False,True,False,2048,False,True,False,True
68,1990,True,53801,False,True,True,53801,False,True,True,53801,False,True,True,True
69,2024,True,53801,False,True,True,53801,False,True,True,53801,False,True,True,True
70,2040,True,53801,False,True,True,53801,False,True,True,53801,False,True,True,True
71,2065,True,53801,False,True,True,53801,False,True,True,53801,False,True,True,True
72,2066,True,53801,False,True,True,53801,False,True,True,53801,False,True,True,True
73,2092,True,53801,False,True,True,53801,False,True,True,53801,False,True,True,True
74,2107,True,53801,False,True,True,53801,False,True,True,53801,False,True,True,True
75,2152,True,53801,False,True,True,53801,False,True,True,53801,False,True,True,True
76,2176,True,53801,False,True,True,53801,False,True,True,53801,False,True,True,True
77,2187,True,53801,False,True,True,53801,False,True,True,53801,False,True,True,True
78,2219,True,53801,False,True,True,53801,False,True,True,53801,False,True,True,True
79,2230,True,53801,False,True,True,53801,False,True,True,53801,False,True,True,True
80,2262,True,53801,False,True,True,53801,False,True,True,53801,False,True,True,True
81,2273,True,53801,False,True,True,53801,False,True,True,53801,False,True,True,True
82,2293,True,53801,False,True,True,53801,False,True,True,53801,False,True,True,True
83,2296,True,53801,False,True,True,53801,False,True,True,53801,False,True,True,True
83,19718,False,256,False,True,False,256,False,True,False,256,False,True,False,True
84,2306,True,53801,False,True,True,53801,False,True,True,53801,False,True,True,True
85,2324,True,53801,False,True,True,53801,False,True,True,53801,False,True,True,True
86,2352,True,53801,False,True,True,53801,False,True,True,53801,False,True,True,True
87,2356,True,53801,False,True,True,53801,False,True,True,53801,False,True,True,True
88,2395,True,53801,False,True,True,53801,False,True,True,53801,False,True,True,True
88,19971,False,256,False,True,False,256,False,True,False,256,False,True,False,True
89,2407,True,53801,False,True,True,53801,False,True,True,53801,False,True,True,True
90,2423,True,53801,False,True,True,53801,False,True,True,53801,False,True,True,True
91,2436,True,53801,False,True,True,53801,False,True,True,53801,False,True,True,True
92,2443,True,53801,False,True,True,53801,False,True,True,53801,False,True,True,True
93,2535,True,53801,False,True,True,53801,False,True,True,53801,False,True,True,True
94,2536,True,53801,False,True,True,53801,False,True,True,53801,False,True,True,True
95,2573,True,53801,False,True,True,53801,False,True,True,53801,False,True,True,True
96,2574,True,53801,False,True,True,53801,False,True,True,53801,False,True,True,True
97,2582,True,53801,False,True,True,53801,False,True,True,53801,False,True,True,True
98,2619,True,53801,False,True,True,53801,False,True,True,53801,False,True,True,True
99,2633,True,53801,False,True,True,53801,False,True,True,53801,False,True,True,True
100,2673,True,53801,False,True,True,53801,False,True,True,53801,False,True,True,True
101,2904,True,53801,False,True,True,53801,False,True,True,53801,False,True,True,True
102,2911,True,53801,False,True,True,53801,False,True,True,53801,False,True,True,True
103,2932,True,53801,False,True,True,53801,False,True,True,53801,False,True,True,True
103,63217,False,256,False,True,False,256,False,True,False,256,False,True,False,True
104,3007,True,53801,False,True,True,53801,False,True,True,53801,False,True,True,True
105,3011,True,53801,False,True,True,53801,False,True,True,53801,False,True,True,True
106,3038,True,53801,False,True,True,53801,False,True,True,53801,False,True,True,True
107,3039,True,53801,False,True,True,53801,False,True,True,53801,False,True,True,True
108,3063,True,53801,False,True,True,53801,False,True,True,53801,False,True,True,True
109,4563,True,53801,False,True,True,53801,False,True,True,53801,False,True,True,True
109,33278,False,256,False,True,False,256,False,True,False,256,False,True,False,True
110,4564,True,53801,False,True,True,53801,False,True,True,53801,False,True,True,True
111,4568,True,53801,False,True,True,53801,False,True,True,53801,False,True,True,True
111,86233,False,256,False,True,False,256,False,True,False,256,False,True,False,True
112,4572,True,53801,False,True,True,53801,False,True,True,53801,False,True,True,True
113,4574,True,53801,False,True,True,53801,False,True,True,53801,False,True,True,True
114,4583,True,53801,False,True,True,53801,False,True,True,53801,False,True,True,True
115,4585,True,53801,False,True,True,53801,False,True,True,53801,False,True,True,True
116,4589,True,53801,False,True,True,53801,False,True,True,53801,False,True,True,True
117,4596,True,53801,False,True,True,53801,False,True,True,53801,False,True,True,True
118,4602,True,53801,False,True,True,53801,False,True,True,53801,False,True,True,True
119,4609,True,53801,False,True,True,53801,False,True,True,53801,False,True,True,True
120,4613,True,53801,False,True,True,53801,False,True,True,53801,False,True,True,True
121,4619,True,53801,False,True,True,53801,False,True,True,53801,False,True,True,True
122,4624,True,53801,False,True,True,53801,False,True,True,53801,False,True,True,True
123,4626,True,53801,False,True,True,53801,False,True,True,53801,False,True,True,True
124,4639,True,53801,False,True,True,53801,False,True,True,53801,False,True,True,True
125,4650,True,53801,False,True,True,53801,False,True,True,53801,False,True,True,True
126,4653,True,53801,False,True,True,53801,False,True,True,53801,False,True,True,True
127,4654,True,53801,False,True,True,53801,False,True,True,53801,False,True,True,True
127,64117,False,256,False,True,False,256,False,True,False,256,False,True,False,True
128,4660,True,53801,False,True,True,53801,False,True,True,53801,False,True,True,True
129,4680,True,53801,False,True,True,53801,False,True,True,53801,False,True,True,True
130,4688,True,53801,False,True,True,53801,False,True,True,53801,False,True,True,True
131,4689,True,53801,False,True,True,53801,False,True,True,53801,False,True,True,True
132,4695,True,53801,False,True,True,53801,False,True,True,53801,False,True,True,True
133,4701,True,53801,False,True,True,53801,False,True,True,53801,False,True,True,True
134,4703,True,53801,False,True,True,53801,False,True,True,53801,False,True,True,True
135,4704,True,53801,False,True,True,53801,False,True,True,53801,False,True,True,True
136,4706,True,53801,False,True,True,53801,False,True,True,53801,False,True,True,True
137,4708,True,53801,False,True,True,53801,False,True,True,53801,False,True,True,True
137,12970,False,256,False,True,False,256,False,True,False,256,False,True,False,True
138,4715,True,53801,False,True,True,53801,False,True,True,53801,False,True,True,True
138,12982,False,256,False,True,False,256,False,True,False,256,False,True,False,True
139,4719,True,53801,False,True,True,53801,False,True,True,53801,False,True,True,True
140,4722,True,53801,False,True,True,53801,False,True,True,53801,False,True,True,True
141,4725,True,53801,False,True,True,53801,False,True,True,53801,False,True,True,True
142,4726,True,53801,False,True,True,53801,False,True,True,53801,False,True,True,True
143,4733,True,53801,False,True,True,53801,False,True,True,53801,False,True,True,True
144,4735,True,53801,False,True,True,53801,False,True,True,53801,False,True,True,True
144,39549,False,256,False,True,False,256,False,True,False,256,False,True,False,True
145,4753,True,53801,False,True,True,53801,False,True,True,53801,False,True,True,True
146,4763,True,53801,False,True,True,53801,False,True,True,53801,False,True,True,True
147,4767,True,53801,False,True,True,53801,False,True,True,53801,False,True,True,True
148,4769,True,53801,False,True,True,53801,False,True,True,53801,False,True,True,True
149,4777,True,53801,False,True,True,53801,False,True,True,53801,False,True,True,True
150,4792,True,53801,False,True,True,53801,False,True,True,53801,False,True,True,True
151,4800,True,53801,False,True,True,53801,False,True,True,53801,False,True,True,True
152,4806,True,53801,False,True,True,53801,False,True,True,53801,False,True,True,True
153,4807,True,53801,False,True,True,53801,False,True,True,53801,False,True,True,True
154,4812,True,53801,False,True,True,53801,False,True,True,53801,False,True,True,True
155,4820,True,53801,False,True,True,53801,False,True,True,53801,False,True,True,True
156,4824,True,53801,False,True,True,53801,False,True,True,53801,False,True,True,True
157,4828,True,53801,False,True,True,53801,False,True,True,53801,False,True,True,True
158,4829,True,53801,False,True,True,53801,False,True,True,53801,False,True,True,True
159,4833,True,53801,False,True,True,53801,False,True,True,53801,False,True,True,True
160,4834,True,53801,False,True,True,53801,False,True,True,53801,False,True,True,True
160,58898,False,256,False,True,False,256,False,True,False,256,False,True,False,True
161,4837,True,53801,False,True,True,53801,False,True,True,53801,False,True,True,True
162,4838,True,53801,False,True,True,53801,False,True,True,53801,False,True,True,True
163,4841,True,53801,False,True,True,53801,False,True,True,53801,False,True,True,True
164,4843,True,53801,False,True,True,53801,False,True,True,53801,False,True,True,True
165,4873,True,53801,False,True,True,53801,False,True,True,53801,False,True,True,True
166,4877,True,53801,False,True,True,53801,False,True,True,53801,False,True,True,True
167,4882,True,53801,False,True,True,53801,False,True,True,53801,False,True,True,True
168,4902,True,53801,False,True,True,53801,False,True,True,53801,False,True,True,True
169,4919,True,53801,False,True,True,53801,False,True,True,53801,False,True,True,True
170,4925,True,53801,False,True,True,53801,False,True,True,53801,False,True,True,True
170,22697,False,256,False,True,False,256,False,True,False,256,False,True,False,True
171,4947,True,53801,False,True,True,53801,False,True,True,53801,False,True,True,True
172,4948,True,53801,False,True,True,53801,False,True,True,53801,False,True,True,True
173,4956,True,53801,False,True,True,53801,False,True,True,53801,False,True,True,True
174,4957,True,53801,False,True,True,53801,False,True,True,53801,False,True,True,True
174,28151,False,256,False,True,False,256,False,True,False,256,False,True,False,True
175,4965,True,53801,False,True,True,53801,False,True,True,53801,False,True,True,True
176,4968,True,53801,False,True,True,53801,False,True,True,53801,False,True,True,True
177,4969,True,53801,False,True,True,53801,False,True,True,53801,False,True,True,True
178,4975,True,53801,False,True,True,53801,False,True,True,53801,False,True,True,True
179,4976,True,53801,False,True,True,53801,False,True,True,53801,False,True,True,True
180,4978,True,53801,False,True,True,53801,False,True,True,53801,False,True,True,True
181,4981,True,53801,False,True,True,53801,False,True,True,53801,False,True,True,True
182,4984,True,53801,False,True,True,53801,False,True,True,53801,False,True,True,True
183,4985,True,53801,False,True,True,53801,False,True,True,53801,False,True,True,True
184,4997,True,53801,False,True,True,53801,False,True,True,53801,False,True,True,True
185,5003,True,53801,False,True,True,53801,False,True,True,53801,False,True,True,True
186,5005,True,53801,False,True,True,53801,False,True,True,53801,False,True,True,True
187,5007,True,53801,False,True,True,53801,False,True,True,53801,False,True,True,True
188,5012,True,53801,False,True,True,53801,False,True,True,53801,False,True,True,True
189,5017,True,53801,False,True,True,53801,False,True,True,53801,False,True,True,True
190,5018,True,53801,False,True,True,53801,False,True,True,53801,False,True,True,True
191,5020,True,53801,False,True,True,53801,False,True,True,53801,False,True,True,True
192,5027,True,53801,False,True,True,53801,False,True,True,53801,False,True,True,True
192,76608,False,256,False,True,False,256,False,True,False,256,False,True,False,True
193,5034,True,53801,False,True,True,53801,False,True,True,53801,False,True,True,True
194,5057,True,53801,False,True,True,53801,False,True,True,53801,False,True,True,True
195,5060,True,53801,False,True,True,53801,False,True,True,53801,False,True,True,True
196,5067,True,53801,False,True,True,53801,False,True,True,53801,False,True,True,True
197,5070,True,53801,False,True,True,53801,False,True,True,53801,False,True,True,True
198,5071,True,53801,False,True,True,53801,False,True,True,53801,False,True,True,True
199,5074,True,53801,False,True,True,53801,False,True,True,53801,False,True,True,True
199,19406,False,256,False,True,False,256,False,True,False,256,False,True,False,True
200,5081,True,53801,False,True,True,53801,False,True,True,53801,False,True,True,True
201,5083,True,53801,False,True,True,53801,False,True,True,53801,False,True,True,True
202,5087,True,53801,False,True,True,53801,False,True,True,53801,False,True,True,True
202,40946,False,256,False,True,False,256,False,True,False,256,False,True,False,True
203,5093,True,53801,False,True,True,53801,False,True,True,53801,False,True,True,True
204,5103,True,53801,False,True,True,53801,False,True,True,53801,False,True,True,True
205,5109,True,53801,False,True,True,53801,False,True,True,53801,False,True,True,True
206,5116,True,53801,False,True,True,53801,False,True,True,53801,False,True,True,True
207,5125,True,53801,False,True,True,53801,False,True,True,53801,False,True,True,True
207,35284,False,256,False,True,False,256,False,True,False,256,False,True,False,True
208,5126,True,53801,False,True,True,53801,False,True,True,53801,False,True,True,True
209,5134,True,53801,False,True,True,53801,False,True,True,53801,False,True,True,True
210,5137,True,53801,False,True,True,53801,False,True,True,53801,False,True,True,True
211,5140,True,53801,False,True,True,53801,False,True,True,53801,False,True,True,True
212,5151,True,53801,False,True,True,53801,False,True,True,53801,False,True,True,True
213,5161,True,53801,False,True,True,53801,False,True,True,53801,False,True,True,True
214,5163,True,53801,False,True,True,53801,False,True,True,53801,False,True,True,True
215,5170,True,53801,False,True,True,53801,False,True,True,53801,False,True,True,True
216,5171,True,53801,False,True,True,53801,False,True,True,53801,False,True,True,True
217,5191,True,53801,False,True,True,53801,False,True,True,53801,False,True,True,True
217,23278,False,256,False,True,False,256,False,True,False,256,False,True,False,True
218,5194,True,53801,False,True,True,53801,False,True,True,53801,False,True,True,True
219,5200,True,53801,False,True,True,53801,False,True,True,53801,False,True,True,True
220,5201,True,53801,False,True,True,53801,False,True,True,53801,False,True,True,True
221,5202,True,53801,False,True,True,53801,False,True,True,53801,False,True,True,True
222,5209,True,53801,False,True,True,53801,False,True,True,53801,False,True,True,True
223,5223,True,53801,False,True,True,53801,False,True,True,53801,False,True,True,True
224,5227,True,53801,False,True,True,53801,False,True,True,53801,False,True,True,True
225,5231,True,53801,False,True,True,53801,False,True,True,53801,False,True,True,True
226,5233,True,53801,False,True,True,53801,False,True,True,53801,False,True,True,True
227,5245,True,53801,False,True,True,53801,False,True,True,53801,False,True,True,True
228,5251,True,53801,False,True,True,53801,False,True,True,53801,False,True,True,True
229,5252,True,53801,False,True,True,53801,False,True,True,53801,False,True,True,True
230,5268,True,53801,False,True,True,53801,False,True,True,53801,False,True,True,True
231,5271,True,53801,False,True,True,53801,False,True,True,53801,False,True,True,True
232,5275,True,53801,False,True,True,53801,False,True,True,53801,False,True,True,True
233,5278,True,53801,False,True,True,53801,False,True,True,53801,False,True,True,True
234,5282,True,53801,False,True,True,53801,False,True,True,53801,False,True,True,True
235,5295,True,53801,False,True,True,53801,False,True,True,53801,False,True,True,True
236,5308,True,53801,False,True,True,53801,False,True,True,53801,False,True,True,True
237,5320,True,53801,False,True,True,53801,False,True,True,53801,False,True,True,True
238,5323,True,53801,False,True,True,53801,False,True,True,53801,False,True,True,True
239,5331,True,53801,False,True,True,53801,False,True,True,53801,False,True,True,True
240,5334,True,53801,False,True,True,53801,False,True,True,53801,False,True,True,True
241,5337,True,53801,False,True,True,53801,False,True,True,53801,False,True,True,True
242,5349,True,53801,False,True,True,53801,False,True,True,53801,False,True,True,True
242,29083,False,256,False,True,False,256,False,True,False,256,False,True,False,True
243,5354,True,53801,False,True,True,53801,False,True,True,53801,False,True,True,True
244,5356,True,53801,False,True,True,53801,False,True,True,53801,False,True,True,True
245,5361,True,53801,False,True,True,53801,False,True,True,53801,False,True,True,True
246,5367,True,53801,False,True,True,53801,False,True,True,53801,False,True,True,True
247,5372,True,53801,False,True,True,53801,False,True,True,53801,False,True,True,True
248,5374,True,53801,False,True,True,53801,False,True,True,53801,False,True,True,True
249,5375,True,53801,False,True,True,53801,False,True,True,53801,False,True,True,True
249,10897,False,256,False,True,False,256,False,True,False,256,False,True,False,True
250,5377,True,53801,False,True,True,53801,False,True,True,53801,False,True,True,True
251,5378,True,53801,False,True,True,53801,False,True,True,53801,False,True,True,True
252,5397,True,53801,False,True,True,53801,False,True,True,53801,False,True,True,True
253,5400,True,53801,False,True,True,53801,False,True,True,53801,False,True,True,True
254,5402,True,53801,False,True,True,53801,False,True,True,53801,False,True,True,True
255,5407,True,53801,False,True,True,53801,False,True,True,53801,False,True,True,True
256,5410,True,53801,False,True,True,53801,False,True,True,53801,False,True,True,True
257,5415,True,53801,False,True,True,53801,False,True,True,53801,False,True,True,True
258,5429,True,53801,False,True,True,53801,False,True,True,53801,False,True,True,True
259,5436,True,53801,False,True,True,53801,False,True,True,53801,False,True,True,True
260,5440,True,53801,False,True,True,53801,False,True,True,53801,False,True,True,True
261,5442,True,53801,False,True,True,53801,False,True,True,53801,False,True,True,True
262,5444,True,53801,False,True,True,53801,False,True,True,53801,False,True,True,True
263,5447,True,53801,False,True,True,53801,False,True,True,53801,False,True,True,True
264,5452,True,53801,False,True,True,53801,False,True,True,53801,False,True,True,True
265,5454,True,53801,False,True,True,53801,False,True,True,53801,False,True,True,True
266,5462,True,53801,False,True,True,53801,False,True,True,53801,False,True,True,True
267,5465,True,53801,False,True,True,53801,False,True,True,53801,False,True,True,True
268,5467,True,53801,False,True,True,53801,False,True,True,53801,False,True,True,True
269,5478,True,53801,False,True,True,53801,False,True,True,53801,False,True,True,True
270,5482,True,53801,False,True,True,53801,False,True,True,53801,False,True,True,True
270,42412,False,256,False,True,False,256,False,True,False,256,False,True,False,True
271,5489,True,53801,False,True,True,53801,False,True,True,53801,False,True,True,True
271,23912,False,256,False,True,False,256,False,True,False,256,False,True,False,True
272,5495,True,53801,False,True,True,53801,False,True,True,53801,False,True,True,True
273,5503,True,53801,False,True,True,53801,False,True,True,53801,False,True,True,True
274,5506,True,53801,False,True,True,53801,False,True,True,53801,False,True,True,True
275,5507,True,53801,False,True,True,53801,False,True,True,53801,False,True,True,True
276,5509,True,53801,False,True,True,53801,False,True,True,53801,False,True,True,True
277,5519,True,53801,False,True,True,53801,False,True,True,53801,False,True,True,True
278,5523,True,53801,False,True,True,53801,False,True,True,53801,False,True,True,True
279,5527,True,53801,False,True,True,53801,False,True,True,53801,False,True,True,True
279,36648,False,256,False,True,False,256,False,True,False,256,False,True,False,True
280,5533,True,53801,False,True,True,53801,False,True,True,53801,False,True,True,True
280,68200,False,256,False,True,False,256,False,True,False,256,False,True,False,True
281,5536,True,53801,False,True,True,53801,False,True,True,53801,False,True,True,True
282,5539,True,53801,False,True,True,53801,False,True,True,53801,False,True,True,True
283,5541,True,53801,False,True,True,53801,False,True,True,53801,False,True,True,True
284,5544,True,53801,False,True,True,53801,False,True,True,53801,False,True,True,True
284,61588,False,256,False,True,False,256,False,True,False,256,False,True,False,True
285,5546,True,53801,False,True,True,53801,False,True,True,53801,False,True,True,True
286,5555,True,53801,False,True,True,53801,False,True,True,53801,False,True,True,True
287,5563,True,53801,False,True,True,53801,False,True,True,53801,False,True,True,True
288,5565,True,53801,False,True,True,53801,False,True,True,53801,False,True,True,True
289,5570,True,53801,False,True,True,53801,False,True,True,53801,False,True,True,True
290,5573,True,53801,False,True,True,53801,False,True,True,53801,False,True,True,True
291,5587,True,53801,False,True,True,53801,False,True,True,53801,False,True,True,True
292,5593,True,53801,False,True,True,53801,False,True,True,53801,False,True,True,True
293,5596,True,53801,False,True,True,53801,False,True,True,53801,False,True,True,True
294,5597,True,53801,False,True,True,53801,False,True,True,53801,False,True,True,True
294,14943,False,256,False,True,False,256,False,True,False,256,False,True,False,True
295,5599,True,53801,False,True,True,53801,False,True,True,53801,False,True,True,True
296,5600,True,53801,False,True,True,53801,False,True,True,53801,False,True,True,True
297,5602,True,53801,False,True,True,53801,False,True,True,53801,False,True,True,True
298,5607,True,53801,False,True,True,53801,False,True,True,53801,False,True,True,True
299,5608,True,53801,False,True,True,53801,False,True,True,53801,False,True,True,True
300,5627,True,53801,False,True,True,53801,False,True,True,53801,False,True,True,True
301,5628,True,53801,False,True,True,53801,False,True,True,53801,False,True,True,True
302,5648,True,53801,False,True,True,53801,False,True,True,53801,False,True,True,True
303,5657,True,53801,False,True,True,53801,False,True,True,53801,False,True,True,True
304,5664,True,53801,False,True,True,53801,False,True,True,53801,False,True,True,True
304,78011,False,256,False,True,False,256,False,True,False,256,False,True,False,True
305,5666,True,53801,False,True,True,53801,False,True,True,53801,False,True,True,True
306,5677,True,53801,False,True,True,53801,False,True,True,53801,False,True,True,True
307,5685,True,53801,False,True,True,53801,False,True,True,53801,False,True,True,True
308,5698,True,53801,False,True,True,53801,False,True,True,53801,False,True,True,True
309,5706,True,53801,False,True,True,53801,False,True,True,53801,False,True,True,True
310,5712,True,53801,False,True,True,53801,False,True,True,53801,False,True,True,True
311,5721,True,53801,False,True,True,53801,False,True,True,53801,False,True,True,True
312,5726,True,53801,False,True,True,53801,False,True,True,53801,False,True,True,True
313,5728,True,53801,False,True,True,53801,False,True,True,53801,False,True,True,True
314,5732,True,53801,False,True,True,53801,False,True,True,53801,False,True,True,True
315,5733,True,53801,False,True,True,53801,False,True,True,53801,False,True,True,True
316,5742,True,53801,False,True,True,53801,False,True,True,53801,False,True,True,True
317,5750,True,53801,False,True,True,53801,False,True,True,53801,False,True,True,True
318,5751,True,53801,False,True,True,53801,False,True,True,53801,False,True,True,True
319,5753,True,53801,False,True,True,53801,False,True,True,53801,False,True,True,True
320,5757,True,53801,False,True,True,53801,False,True,True,53801,False,True,True,True
321,5762,True,53801,False,True,True,53801,False,True,True,53801,False,True,True,True
322,5769,True,53801,False,True,True,53801,False,True,True,53801,False,True,True,True
323,5777,True,53801,False,True,True,53801,False,True,True,53801,False,True,True,True
324,5781,True,53801,False,True,True,53801,False,True,True,53801,False,True,True,True
325,5795,True,53801,False,True,True,53801,False,True,True,53801,False,True,True,True
326,5812,True,53801,False,True,True,53801,False,True,True,53801,False,True,True,True
327,5814,True,53801,False,True,True,53801,False,True,True,53801,False,True,True,True
328,5815,True,53801,False,True,True,53801,False,True,True,53801,False,True,True,True
329,5817,True,53801,False,True,True,53801,False,True,True,53801,False,True,True,True
330,5819,True,53801,False,True,True,53801,False,True,True,53801,False,True,True,True
331,5820,True,53801,False,True,True,53801,False,True,True,53801,False,True,True,True
332,5828,True,53801,False,True,True,53801,False,True,True,53801,False,True,True,True
333,5830,True,53801,False,True,True,53801,False,True,True,53801,False,True,True,True
334,5837,True,53801,False,True,True,53801,False,True,True,53801,False,True,True,True
335,5849,True,53801,False,True,True,53801,False,True,True,53801,False,True,True,True
336,5851,True,53801,False,True,True,53801,False,True,True,53801,False,True,True,True
337,5861,True,53801,False,True,True,53801,False,True,True,53801,False,True,True,True
338,5863,True,53801,False,True,True,53801,False,True,True,53801,False,True,True,True
339,5864,True,53801,False,True,True,53801,False,True,True,53801,False,True,True,True
340,5873,True,53801,False,True,True,53801,False,True,True,53801,False,True,True,True
341,5892,True,53801,False,True,True,53801,False,True,True,53801,False,True,True,True
342,5894,True,53801,False,True,True,53801,False,True,True,53801,False,True,True,True
343,5898,True,53801,False,True,True,53801,False,True,True,53801,False,True,True,True
344,5903,True,53801,False,True,True,53801,False,True,True,53801,False,True,True,True
345,5907,True,53801,False,True,True,53801,False,True,True,53801,False,True,True,True
345,78565,False,256,False,True,False,256,False,True,False,256,False,True,False,True
346,5913,True,53801,False,True,True,53801,False,True,True,53801,False,True,True,True
347,5922,True,53801,False,True,True,53801,False,True,True,53801,False,True,True,True
348,5932,True,53801,False,True,True,53801,False,True,True,53801,False,True,True,True
349,5933,True,53801,False,True,True,53801,False,True,True,53801,False,True,True,True
350,5945,True,53801,False,True,True,53801,False,True,True,53801,False,True,True,True
351,5946,True,53801,False,True,True,53801,False,True,True,53801,False,True,True,True
352,5953,True,53801,False,True,True,53801,False,True,True,53801,False,True,True,True
353,5959,True,53801,False,True,True,53801,False,True,True,53801,False,True,True,True
354,5961,True,53801,False,True,True,53801,False,True,True,53801,False,True,True,True
355,5962,True,53801,False,True,True,53801,False,True,True,53801,False,True,True,True
356,5966,True,53801,False,True,True,53801,False,True,True,53801,False,True,True,True
356,48950,False,256,False,True,False,256,False,True,False,256,False,True,False,True
357,5967,True,53801,False,True,True,53801,False,True,True,53801,False,True,True,True
358,5979,True,53801,False,True,True,53801,False,True,True,53801,False,True,True,True
359,5994,True,53801,False,True,True,53801,False,True,True,53801,False,True,True,True
360,5999,True,53801,False,True,True,53801,False,True,True,53801,False,True,True,True
361,6001,True,53801,False,True,True,53801,False,True,True,53801,False,True,True,True
362,6010,True,53801,False,True,True,53801,False,True,True,53801,False,True,True,True
363,6024,True,53801,False,True,True,53801,False,True,True,53801,False,True,True,True
364,6033,True,53801,False,True,True,53801,False,True,True,53801,False,True,True,True
365,6044,True,53801,False,True,True,53801,False,True,True,53801,False,True,True,True
366,6050,True,53801,False,True,True,53801,False,True,True,53801,False,True,True,True
367,6053,True,53801,False,True,True,53801,False,True,True,53801,False,True,True,True
368,6057,True,53801,False,True,True,53801,False,True,True,53801,False,True,True,True
368,15999,False,256,False,True,False,256,False,True,False,256,False,True,False,True
369,6059,True,53801,False,True,True,53801,False,True,True,53801,False,True,True,True
370,6072,True,53801,False,True,True,53801,False,True,True,53801,False,True,True,True
371,6073,True,53801,False,True,True,53801,False,True,True,53801,False,True,True,True
372,6085,True,53801,False,True,True,53801,False,True,True,53801,False,True,True,True
373,6086,True,53801,False,True,True,53801,False,True,True,53801,False,True,True,True
374,6089,True,53801,False,True,True,53801,False,True,True,53801,False,True,True,True
375,6113,True,53801,False,True,True,53801,False,True,True,53801,False,True,True,True
375,49367,False,256,False,True,False,256,False,True,False,256,False,True,False,True
376,6115,True,53801,False,True,True,53801,False,True,True,53801,False,True,True,True
377,6118,True,53801,False,True,True,53801,False,True,True,53801,False,True,True,True
378,6125,True,53801,False,True,True,53801,False,True,True,53801,False,True,True,True
379,6132,True,53801,False,True,True,53801,False,True,True,53801,False,True,True,True
380,6134,True,53801,False,True,True,53801,False,True,True,53801,False,True,True,True
381,6138,True,53801,False,True,True,53801,False,True,True,53801,False,True,True,True
382,6142,True,53801,False,True,True,53801,False,True,True,53801,False,True,True,True
383,6149,True,53801,False,True,True,53801,False,True,True,53801,False,True,True,True
383,44865,False,256,False,True,False,256,False,True,False,256,False,True,False,True
384,6150,True,53801,False,True,True,53801,False,True,True,53801,False,True,True,True
384,57791,False,256,False,True,False,256,False,True,False,256,False,True,False,True
385,6152,True,53801,False,True,True,53801,False,True,True,53801,False,True,True,True
386,6162,True,53801,False,True,True,53801,False,True,True,53801,False,True,True,True
387,6163,True,53801,False,True,True,53801,False,True,True,53801,False,True,True,True
388,6166,True,53801,False,True,True,53801,False,True,True,53801,False,True,True,True
388,57840,False,256,False,True,False,256,False,True,False,256,False,True,False,True
389,6171,True,53801,False,True,True,53801,False,True,True,53801,False,True,True,True
390,6172,True,53801,False,True,True,53801,False,True,True,53801,False,True,True,True
391,6173,True,53801,False,True,True,53801,False,True,True,53801,False,True,True,True
392,6176,True,53801,False,True,True,53801,False,True,True,53801,False,True,True,True
393,6183,True,53801,False,True,True,53801,False,True,True,53801,False,True,True,True
394,6188,True,53801,False,True,True,53801,False,True,True,53801,False,True,True,True
395,6196,True,53801,False,True,True,53801,False,True,True,53801,False,True,True,True
396,6199,True,53801,False,True,True,53801,False,True,True,53801,False,True,True,True
397,6204,True,53801,False,True,True,53801,False,True,True,53801,False,True,True,True
398,6207,True,53801,False,True,True,53801,False,True,True,53801,False,True,True,True
399,6210,True,53801,False,True,True,53801,False,True,True,53801,False,True,True,True
400,6211,True,53801,False,True,True,53801,False,True,True,53801,False,True,True,True
401,6213,True,53801,False,True,True,53801,False,True,True,53801,False,True,True,True
402,6214,True,53801,False,True,True,53801,False,True,True,53801,False,True,True,True
403,6221,True,53801,False,True,True,53801,False,True,True,53801,False,True,True,True
404,6225,True,53801,False,True,True,53801,False,True,True,53801,False,True,True,True
405,6230,True,53801,False,True,True,53801,False,True,True,53801,False,True,True,True
405,69387,False,256,False,True,False,256,False,True,False,256,False,True,False,True
406,6233,True,53801,False,True,True,53801,False,True,True,53801,False,True,True,True
406,69391,False,256,False,True,False,256,False,True,False,256,False,True,False,True
407,6234,True,53801,False,True,True,53801,False,True,True,53801,False,True,True,True
408,6240,True,53801,False,True,True,53801,False,True,True,53801,False,True,True,True
408,17110,False,256,False,True,False,256,False,True,False,256,False,True,False,True
409,6244,True,53801,False,True,True,53801,False,True,True,53801,False,True,True,True
410,6245,True,53801,False,True,True,53801,False,True,True,53801,False,True,True,True
411,6248,True,53801,False,True,True,53801,False,True,True,53801,False,True,True,True
411,64136,False,256,False,True,False,256,False,True,False,256,False,True,False,True
412,6249,True,53801,False,True,True,53801,False,True,True,53801,False,True,True,True
413,6252,True,53801,False,True,True,53801,False,True,True,53801,False,True,True,True
414,6254,True,53801,False,True,True,53801,False,True,True,53801,False,True,True,True
415,6256,True,53801,False,True,True,53801,False,True,True,53801,False,True,True,True
416,6260,True,53801,False,True,True,53801,False,True,True,53801,False,True,True,True
416,12836,False,256,False,True,False,256,False,True,False,256,False,True,False,True
417,6262,True,53801,False,True,True,53801,False,True,True,53801,False,True,True,True
418,6263,True,53801,False,True,True,53801,False,True,True,53801,False,True,True,True
419,6271,True,53801,False,True,True,53801,False,True,True,53801,False,True,True,True
420,6274,True,53801,False,True,True,53801,False,True,True,53801,False,True,True,True
421,6279,True,53801,False,True,True,53801,False,True,True,53801,False,True,True,True
422,6282,True,53801,False,True,True,53801,False,True,True,53801,False,True,True,True
423,6285,True,53801,False,True,True,53801,False,True,True,53801,False,True,True,True
424,6286,True,53801,False,True,True,53801,False,True,True,53801,False,True,True,True
425,6295,True,53801,False,True,True,53801,False,True,True,53801,False,True,True,True
426,6306,True,53801,False,True,True,53801,False,True,True,53801,False,True,True,True
427,6310,True,53801,False,True,True,53801,False,True,True,53801,False,True,True,True
428,6311,True,53801,False,True,True,53801,False,True,True,53801,False,True,True,True
429,6330,True,53801,False,True,True,53801,False,True,True,53801,False,True,True,True
430,6337,True,53801,False,True,True,53801,False,True,True,53801,False,True,True,True
431,6338,True,53801,False,True,True,53801,False,True,True,53801,False,True,True,True
432,6343,True,53801,False,True,True,53801,False,True,True,53801,False,True,True,True
433,6344,True,53801,False,True,True,53801,False,True,True,53801,False,True,True,True
434,6347,True,53801,False,True,True,53801,False,True,True,53801,False,True,True,True
435,4755,False,256,False,True,False,256,False,True,False,256,False,True,False,True
435,6348,True,53801,False,True,True,53801,False,True,True,53801,False,True,True,True
436,6350,True,53801,False,True,True,53801,False,True,True,53801,False,True,True,True
437,6354,True,53801,False,True,True,53801,False,True,True,53801,False,True,True,True
438,6357,True,53801,False,True,True,53801,False,True,True,53801,False,True,True,True
439,6359,True,53801,False,True,True,53801,False,True,True,53801,False,True,True,True
440,6365,True,53801,False,True,True,53801,False,True,True,53801,False,True,True,True
441,6367,True,53801,False,True,True,53801,False,True,True,53801,False,True,True,True
442,6368,True,53801,False,True,True,53801,False,True,True,53801,False,True,True,True
443,6369,True,53801,False,True,True,53801,False,True,True,53801,False,True,True,True
444,6382,True,53801,False,True,True,53801,False,True,True,53801,False,True,True,True
445,6385,True,53801,False,True,True,53801,False,True,True,53801,False,True,True,True
446,6388,True,53801,False,True,True,53801,False,True,True,53801,False,True,True,True
447,6391,True,53801,False,True,True,53801,False,True,True,53801,False,True,True,True
448,6394,True,53801,False,True,True,53801,False,True,True,53801,False,True,True,True
449,6407,True,53801,False,True,True,53801,False,True,True,53801,False,True,True,True
450,6409,True,53801,False,True,True,53801,False,True,True,53801,False,True,True,True
450,18756,False,256,False,True,False,256,False,True,False,256,False,True,False,True
451,6411,True,53801,False,True,True,53801,False,True,True,53801,False,True,True,True
452,6413,True,53801,False,True,True,53801,False,True,True,53801,False,True,True,True
453,6415,True,53801,False,True,True,53801,False,True,True,53801,False,True,True,True
454,6418,True,53801,False,True,True,53801,False,True,True,53801,False,True,True,True
455,6421,True,53801,False,True,True,53801,False,True,True,53801,False,True,True,True
456,6423,True,53801,False,True,True,53801,False,True,True,53801,False,True,True,True
456,22509,False,256,False,True,False,256,False,True,False,256,False,True,False,True
457,6425,True,53801,False,True,True,53801,False,True,True,53801,False,True,True,True
458,6427,True,53801,False,True,True,53801,False,True,True,53801,False,True,True,True
459,6429,True,53801,False,True,True,53801,False,True,True,53801,False,True,True,True
460,6433,True,53801,False,True,True,53801,False,True,True,53801,False,True,True,True
461,6436,True,53801,False,True,True,53801,False,True,True,53801,False,True,True,True
461,45744,False,256,False,True,False,256,False,True,False,256,False,True,False,True
462,6444,True,53801,False,True,True,53801,False,True,True,53801,False,True,True,True
463,6446,True,53801,False,True,True,53801,False,True,True,53801,False,True,True,True
464,6452,True,53801,False,True,True,53801,False,True,True,53801,False,True,True,True
465,6454,True,53801,False,True,True,53801,False,True,True,53801,False,True,True,True
466,6457,True,53801,False,True,True,53801,False,True,True,53801,False,True,True,True
467,6472,True,53801,False,True,True,53801,False,True,True,53801,False,True,True,True
468,6485,True,53801,False,True,True,53801,False,True,True,53801,False,True,True,True
469,6488,True,53801,False,True,True,53801,False,True,True,53801,False,True,True,True
470,6494,True,53801,False,True,True,53801,False,True,True,53801,False,True,True,True
471,6495,True,53801,False,True,True,53801,False,True,True,53801,False,True,True,True
472,6506,True,53801,False,True,True,53801,False,True,True,53801,False,True,True,True
473,6507,True,53801,False,True,True,53801,False,True,True,53801,False,True,True,True
474,6515,True,53801,False,True,True,53801,False,True,True,53801,False,True,True,True
475,6519,True,53801,False,True,True,53801,False,True,True,53801,False,True,True,True
475,72808,False,256,False,True,False,256,False,True,False,256,False,True,False,True
476,6521,True,53801,False,True,True,53801,False,True,True,53801,False,True,True,True
477,6525,True,53801,False,True,True,53801,False,True,True,53801,False,True,True,True
478,6526,True,53801,False,True,True,53801,False,True,True,53801,False,True,True,True
478,59340,False,256,False,True,False,256,False,True,False,256,False,True,False,True
479,6529,True,53801,False,True,True,53801,False,True,True,53801,False,True,True,True
480,6547,True,53801,False,True,True,53801,False,True,True,53801,False,True,True,True
480,19155,False,256,False,True,False,256,False,True,False,256,False,True,False,True
481,6548,True,53801,False,True,True,53801,False,True,True,53801,False,True,True,True
482,6553,True,53801,False,True,True,53801,False,True,True,53801,False,True,True,True
483,6554,True,53801,False,True,True,53801,False,True,True,53801,False,True,True,True
484,6555,True,53801,False,True,True,53801,False,True,True,53801,False,True,True,True
484,19173,False,256,False,True,False,256,False,True,False,256,False,True,False,True
485,6561,True,53801,False,True,True,53801,False,True,True,53801,False,True,True,True
486,6570,True,53801,False,True,True,53801,False,True,True,53801,False,True,True,True
487,6571,True,53801,False,True,True,53801,False,True,True,53801,False,True,True,True
488,6574,True,53801,False,True,True,53801,False,True,True,53801,False,True,True,True
489,6577,True,53801,False,True,True,53801,False,True,True,53801,False,True,True,True
490,6580,True,53801,False,True,True,53801,False,True,True,53801,False,True,True,True
491,6581,True,53801,False,True,True,53801,False,True,True,53801,False,True,True,True
492,6582,True,53801,False,True,True,53801,False,True,True,53801,False,True,True,True
493,6583,True,53801,False,True,True,53801,False,True,True,53801,False,True,True,True
493,87123,False,256,False,True,False,256,False,True,False,256,False,True,False,True
494,6584,True,53801,False,True,True,53801,False,True,True,53801,False,True,True,True
495,6592,True,53801,False,True,True,53801,False,True,True,53801,False,True,True,True
496,6593,True,53801,False,True,True,53801,False,True,True,53801,False,True,True,True
497,6597,True,53801,False,True,True,53801,False,True,True,53801,False,True,True,True
498,6599,True,53801,False,True,True,53801,False,True,True,53801,False,True,True,True
498,76599,False,256,False,True,False,256,False,True,False,256,False,True,False,True
499,6601,True,53801,False,True,True,53801,False,True,True,53801,False,True,True,True
499,32542,False,256,False,True,False,256,False,True,False,256,False,True,False,True
499,59575,False,256,False,True,False,256,False,True,False,256,False,True,False,True
500,6602,True,53801,False,True,True,53801,False,True,True,53801,False,True,True,True
501,6607,True,53801,False,True,True,53801,False,True,True,53801,False,True,True,True
502,6609,True,53801,False,True,True,53801,False,True,True,53801,False,True,True,True
503,6613,True,53801,False,True,True,53801,False,True,True,53801,False,True,True,True
504,6617,True,53801,False,True,True,53801,False,True,True,53801,False,True,True,True
505,6626,True,53801,False,True,True,53801,False,True,True,53801,False,True,True,True
506,6628,True,53801,False,True,True,53801,False,True,True,53801,False,True,True,True
507,6632,True,53801,False,True,True,53801,False,True,True,53801,False,True,True,True
508,6634,True,53801,False,True,True,53801,False,True,True,53801,False,True,True,True
509,6635,True,53801,False,True,True,53801,False,True,True,53801,False,True,True,True
510,6640,True,53801,False,True,True,53801,False,True,True,53801,False,True,True,True
511,6644,True,53801,False,True,True,53801,False,True,True,53801,False,True,True,True
512,6645,True,53801,False,True,True,53801,False,True,True,53801,False,True,True,True
513,6649,True,53801,False,True,True,53801,False,True,True,53801,False,True,True,True
514,6652,True,53801,False,True,True,53801,False,True,True,53801,False,True,True,True
515,6653,True,53801,False,True,True,53801,False,True,True,53801,False,True,True,True
516,6655,True,53801,False,True,True,53801,False,True,True,53801,False,True,True,True
517,6660,True,53801,False,True,True,53801,False,True,True,53801,False,True,True,True
518,6661,True,53801,False,True,True,53801,False,True,True,53801,False,True,True,True
518,64883,False,256,False,True,False,256,False,True,False,256,False,True,False,True
519,6665,True,53801,False,True,True,53801,False,True,True,53801,False,True,True,True
520,6666,True,53801,False,True,True,53801,False,True,True,53801,False,True,True,True
521,6669,True,53801,False,True,True,53801,False,True,True,53801,False,True,True,True
522,6683,True,53801,False,True,True,53801,False,True,True,53801,False,True,True,True
523,6684,True,53801,False,True,True,53801,False,True,True,53801,False,True,True,True
524,6688,True,53801,False,True,True,53801,False,True,True,53801,False,True,True,True
524,60004,False,256,False,True,False,256,False,True,False,256,False,True,False,True
525,6692,True,53801,False,True,True,53801,False,True,True,53801,False,True,True,True
526,6697,True,53801,False,True,True,53801,False,True,True,53801,False,True,True,True
527,6703,True,53801,False,True,True,53801,False,True,True,53801,False,True,True,True
528,6705,True,53801,False,True,True,53801,False,True,True,53801,False,True,True,True
529,6706,True,53801,False,True,True,53801,False,True,True,53801,False,True,True,True
530,6707,True,53801,False,True,True,53801,False,True,True,53801,False,True,True,True
531,6708,True,53801,False,True,True,53801,False,True,True,53801,False,True,True,True
532,6710,True,53801,False,True,True,53801,False,True,True,53801,False,True,True,True
533,6712,True,53801,False,True,True,53801,False,True,True,53801,False,True,True,True
534,6716,True,53801,False,True,True,53801,False,True,True,53801,False,True,True,True
535,6718,True,53801,False,True,True,53801,False,True,True,53801,False,True,True,True
536,6721,True,53801,False,True,True,53801,False,True,True,53801,False,True,True,True
537,6723,True,53801,False,True,True,53801,False,True,True,53801,False,True,True,True
538,6725,True,53801,False,True,True,53801,False,True,True,53801,False,True,True,True
539,6727,True,53801,False,True,True,53801,False,True,True,53801,False,True,True,True
540,6735,True,53801,False,True,True,53801,False,True,True,53801,False,True,True,True
541,6741,True,53801,False,True,True,53801,False,True,True,53801,False,True,True,True
542,6747,True,53801,False,True,True,53801,False,True,True,53801,False,True,True,True
543,6750,True,53801,False,True,True,53801,False,True,True,53801,False,True,True,True
543,23309,False,256,False,True,False,256,False,True,False,256,False,True,False,True
544,6756,True,53801,False,True,True,53801,False,True,True,53801,False,True,True,True
545,6758,True,53801,False,True,True,53801,False,True,True,53801,False,True,True,True
546,6759,True,53801,False,True,True,53801,False,True,True,53801,False,True,True,True
547,6761,True,53801,False,True,True,53801,False,True,True,53801,False,True,True,True
548,6762,True,53801,False,True,True,53801,False,True,True,53801,False,True,True,True
549,6767,True,53801,False,True,True,53801,False,True,True,53801,False,True,True,True
550,6769,True,53801,False,True,True,53801,False,True,True,53801,False,True,True,True
551,6774,True,53801,False,True,True,53801,False,True,True,53801,False,True,True,True
552,6775,True,53801,False,True,True,53801,False,True,True,53801,False,True,True,True
553,6778,True,53801,False,True,True,53801,False,True,True,53801,False,True,True,True
554,6780,True,53801,False,True,True,53801,False,True,True,53801,False,True,True,True
555,6786,True,53801,False,True,True,53801,False,True,True,53801,False,True,True,True
556,6787,True,53801,False,True,True,53801,False,True,True,53801,False,True,True,True
557,6791,True,53801,False,True,True,53801,False,True,True,53801,False,True,True,True
558,6800,True,53801,False,True,True,53801,False,True,True,53801,False,True,True,True
559,6802,True,53801,False,True,True,53801,False,True,True,53801,False,True,True,True
560,6803,True,53801,False,True,True,53801,False,True,True,53801,False,True,True,True
561,6810,True,53801,False,True,True,53801,False,True,True,53801,False,True,True,True
562,6816,True,53801,False,True,True,53801,False,True,True,53801,False,True,True,True
563,6818,True,53801,False,True,True,53801,False,True,True,53801,False,True,True,True
564,6823,True,53801,False,True,True,53801,False,True,True,53801,False,True,True,True
565,6828,True,53801,False,True,True,53801,False,True,True,53801,False,True,True,True
565,26201,False,256,False,True,False,256,False,True,False,256,False,True,False,True
566,6832,True,53801,False,True,True,53801,False,True,True,53801,False,True,True,True
567,6836,True,53801,False,True,True,53801,False,True,True,53801,False,True,True,True
568,6840,True,53801,False,True,True,53801,False,True,True,53801,False,True,True,True
568,16597,False,256,False,True,False,256,False,True,False,256,False,True,False,True
569,6842,True,53801,False,True,True,53801,False,True,True,53801,False,True,True,True
570,6845,True,53801,False,True,True,53801,False,True,True,53801,False,True,True,True
571,6846,True,53801,False,True,True,53801,False,True,True,53801,False,True,True,True
572,6847,True,53801,False,True,True,53801,False,True,True,53801,False,True,True,True
572,73600,False,256,False,True,False,256,False,True,False,256,False,True,False,True
573,6848,True,53801,False,True,True,53801,False,True,True,53801,False,True,True,True
574,6852,True,53801,False,True,True,53801,False,True,True,53801,False,True,True,True
575,6853,True,53801,False,True,True,53801,False,True,True,53801,False,True,True,True
576,6856,True,53801,False,True,True,53801,False,True,True,53801,False,True,True,True
577,6857,True,53801,False,True,True,53801,False,True,True,53801,False,True,True,True
578,6860,True,53801,False,True,True,53801,False,True,True,53801,False,True,True,True
579,6865,True,53801,False,True,True,53801,False,True,True,53801,False,True,True,True
579,84398,False,256,False,True,False,256,False,True,False,256,False,True,False,True
580,6866,True,53801,False,True,True,53801,False,True,True,53801,False,True,True,True
581,6872,True,53801,False,True,True,53801,False,True,True,53801,False,True,True,True
582,6878,True,53801,False,True,True,53801,False,True,True,53801,False,True,True,True
583,6885,True,53801,False,True,True,53801,False,True,True,53801,False,True,True,True
584,6886,True,53801,False,True,True,53801,False,True,True,53801,False,True,True,True
585,6887,True,53801,False,True,True,53801,False,True,True,53801,False,True,True,True
586,6888,True,53801,False,True,True,53801,False,True,True,53801,False,True,True,True
587,6897,True,53801,False,True,True,53801,False,True,True,53801,False,True,True,True
588,6899,True,53801,False,True,True,53801,False,True,True,53801,False,True,True,True
589,6901,True,53801,False,True,True,53801,False,True,True,53801,False,True,True,True
590,6902,True,53801,False,True,True,53801,False,True,True,53801,False,True,True,True
591,6907,True,53801,False,True,True,53801,False,True,True,53801,False,True,True,True
592,6914,True,53801,False,True,True,53801,False,True,True,53801,False,True,True,True
593,6915,True,53801,False,True,True,53801,False,True,True,53801,False,True,True,True
594,6918,True,53801,False,True,True,53801,False,True,True,53801,False,True,True,True
595,6924,True,53801,False,True,True,53801,False,True,True,53801,False,True,True,True
596,6933,True,53801,False,True,True,53801,False,True,True,53801,False,True,True,True
597,6937,True,53801,False,True,True,53801,False,True,True,53801,False,True,True,True
598,6948,True,53801,False,True,True,53801,False,True,True,53801,False,True,True,True
599,6949,True,53801,False,True,True,53801,False,True,True,53801,False,True,True,True
600,6953,True,53801,False,True,True,53801,False,True,True,53801,False,True,True,True
601,6959,True,53801,False,True,True,53801,False,True,True,53801,False,True,True,True
601,47305,False,256,False,True,False,256,False,True,False,256,False,True,False,True
602,6963,True,53801,False,True,True,53801,False,True,True,53801,False,True,True,True
602,23715,False,256,False,True,False,256,False,True,False,256,False,True,False,True
602,61052,False,256,False,True,False,256,False,True,False,256,False,True,False,True
603,6964,True,53801,False,True,True,53801,False,True,True,53801,False,True,True,True
604,6968,True,53801,False,True,True,53801,False,True,True,53801,False,True,True,True
604,70631,False,256,False,True,False,256,False,True,False,256,False,True,False,True
605,6974,True,53801,False,True,True,53801,False,True,True,53801,False,True,True,True
606,6975,True,53801,False,True,True,53801,False,True,True,53801,False,True,True,True
607,6977,True,53801,False,True,True,53801,False,True,True,53801,False,True,True,True
607,31732,False,256,False,True,False,256,False,True,False,256,False,True,False,True
608,6980,True,53801,False,True,True,53801,False,True,True,53801,False,True,True,True
609,6983,True,53801,False,True,True,53801,False,True,True,53801,False,True,True,True
609,29309,False,256,False,True,False,256,False,True,False,256,False,True,False,True
610,6985,True,53801,False,True,True,53801,False,True,True,53801,False,True,True,True
611,6986,True,53801,False,True,True,53801,False,True,True,53801,False,True,True,True
611,29314,False,256,False,True,False,256,False,True,False,256,False,True,False,True
612,6987,True,53801,False,True,True,53801,False,True,True,53801,False,True,True,True
613,6990,True,53801,False,True,True,53801,False,True,True,53801,False,True,True,True
614,6995,True,53801,False,True,True,53801,False,True,True,53801,False,True,True,True
615,6996,True,53801,False,True,True,53801,False,True,True,53801,False,True,True,True
616,6997,True,53801,False,True,True,53801,False,True,True,53801,False,True,True,True
617,7001,True,53801,False,True,True,53801,False,True,True,53801,False,True,True,True
618,7004,True,53801,False,True,True,53801,False,True,True,53801,False,True,True,True
619,7006,True,53801,False,True,True,53801,False,True,True,53801,False,True,True,True
620,7011,True,53801,False,True,True,53801,False,True,True,53801,False,True,True,True
621,7012,True,53801,False,True,True,53801,False,True,True,53801,False,True,True,True
622,7013,True,53801,False,True,True,53801,False,True,True,53801,False,True,True,True
622,87967,False,256,False,True,False,256,False,True,False,256,False,True,False,True
623,7016,True,53801,False,True,True,53801,False,True,True,53801,False,True,True,True
624,7017,True,53801,False,True,True,53801,False,True,True,53801,False,True,True,True
625,7026,True,53801,False,True,True,53801,False,True,True,53801,False,True,True,True
626,7029,True,53801,False,True,True,53801,False,True,True,53801,False,True,True,True
627,7031,True,53801,False,True,True,53801,False,True,True,53801,False,True,True,True
628,7044,True,53801,False,True,True,53801,False,True,True,53801,False,True,True,True
629,7049,True,53801,False,True,True,53801,False,True,True,53801,False,True,True,True
630,7053,True,53801,False,True,True,53801,False,True,True,53801,False,True,True,True
631,7057,True,53801,False,True,True,53801,False,True,True,53801,False,True,True,True
632,7058,True,53801,False,True,True,53801,False,True,True,53801,False,True,True,True
633,7061,True,53801,False,True,True,53801,False,True,True,53801,False,True,True,True
634,7075,True,53801,False,True,True,53801,False,True,True,53801,False,True,True,True
635,7077,True,53801,False,True,True,53801,False,True,True,53801,False,True,True,True
636,7081,True,53801,False,True,True,53801,False,True,True,53801,False,True,True,True
637,7082,True,53801,False,True,True,53801,False,True,True,53801,False,True,True,True
638,7091,True,53801,False,True,True,53801,False,True,True,53801,False,True,True,True
639,7094,True,53801,False,True,True,53801,False,True,True,53801,False,True,True,True
640,7105,True,53801,False,True,True,53801,False,True,True,53801,False,True,True,True
640,77782,False,256,False,True,False,256,False,True,False,256,False,True,False,True
641,7108,True,53801,False,True,True,53801,False,True,True,53801,False,True,True,True
642,7116,True,53801,False,True,True,53801,False,True,True,53801,False,True,True,True
643,7120,True,53801,False,True,True,53801,False,True,True,53801,False,True,True,True
644,7123,True,53801,False,True,True,53801,False,True,True,53801,False,True,True,True
645,7138,True,53801,False,True,True,53801,False,True,True,53801,False,True,True,True
646,7140,True,53801,False,True,True,53801,False,True,True,53801,False,True,True,True
647,7144,True,53801,False,True,True,53801,False,True,True,53801,False,True,True,True
648,7146,True,53801,False,True,True,53801,False,True,True,53801,False,True,True,True
649,7150,True,53801,False,True,True,53801,False,True,True,53801,False,True,True,True
650,7156,True,53801,False,True,True,53801,False,True,True,53801,False,True,True,True
650,61839,False,256,False,True,False,256,False,True,False,256,False,True,False,True
651,7157,True,53801,False,True,True,53801,False,True,True,53801,False,True,True,True
652,7158,True,53801,False,True,True,53801,False,True,True,53801,False,True,True,True
652,24172,False,256,False,True,False,256,False,True,False,256,False,True,False,True
653,7159,True,53801,False,True,True,53801,False,True,True,53801,False,True,True,True
654,7160,True,53801,False,True,True,53801,False,True,True,53801,False,True,True,True
655,7162,True,53801,False,True,True,53801,False,True,True,53801,False,True,True,True
656,7165,True,53801,False,True,True,53801,False,True,True,53801,False,True,True,True
657,7171,True,53801,False,True,True,53801,False,True,True,53801,False,True,True,True
658,7174,True,53801,False,True,True,53801,False,True,True,53801,False,True,True,True
659,7175,True,53801,False,True,True,53801,False,True,True,53801,False,True,True,True
659,37022,False,256,False,True,False,256,False,True,False,256,False,True,False,True
660,7182,True,53801,False,True,True,53801,False,True,True,53801,False,True,True,True
661,7184,True,53801,False,True,True,53801,False,True,True,53801,False,True,True,True
662,7188,True,53801,False,True,True,53801,False,True,True,53801,False,True,True,True
663,7190,True,53801,False,True,True,53801,False,True,True,53801,False,True,True,True
664,7194,True,53801,False,True,True,53801,False,True,True,53801,False,True,True,True
665,7199,True,53801,False,True,True,53801,False,True,True,53801,False,True,True,True
666,7205,True,53801,False,True,True,53801,False,True,True,53801,False,True,True,True
666,32932,False,256,False,True,False,256,False,True,False,256,False,True,False,True
667,7206,True,53801,False,True,True,53801,False,True,True,53801,False,True,True,True
668,7215,True,53801,False,True,True,53801,False,True,True,53801,False,True,True,True
669,7217,True,53801,False,True,True,53801,False,True,True,53801,False,True,True,True
670,7221,True,53801,False,True,True,53801,False,True,True,53801,False,True,True,True
671,7233,True,53801,False,True,True,53801,False,True,True,53801,False,True,True,True
672,7235,True,53801,False,True,True,53801,False,True,True,53801,False,True,True,True
673,7236,True,53801,False,True,True,53801,False,True,True,53801,False,True,True,True
674,7241,True,53801,False,True,True,53801,False,True,True,53801,False,True,True,True
675,7242,True,53801,False,True,True,53801,False,True,True,53801,False,True,True,True
676,4118,False,256,False,True,False,256,False,True,False,256,False,True,False,True
676,7243,True,53801,False,True,True,53801,False,True,True,53801,False,True,True,True
677,7250,True,53801,False,True,True,53801,False,True,True,53801,False,True,True,True
678,7252,True,53801,False,True,True,53801,False,True,True,53801,False,True,True,True
679,7254,True,53801,False,True,True,53801,False,True,True,53801,False,True,True,True
680,7255,True,53801,False,True,True,53801,False,True,True,53801,False,True,True,True
680,11567,False,256,False,True,False,256,False,True,False,256,False,True,False,True
681,7256,True,53801,False,True,True,53801,False,True,True,53801,False,True,True,True
681,78104,False,256,False,True,False,256,False,True,False,256,False,True,False,True
682,7262,True,53801,False,True,True,53801,False,True,True,53801,False,True,True,True
683,7265,True,53801,False,True,True,53801,False,True,True,53801,False,True,True,True
684,7274,True,53801,False,True,True,53801,False,True,True,53801,False,True,True,True
685,7283,True,53801,False,True,True,53801,False,True,True,53801,False,True,True,True
686,7285,True,53801,False,True,True,53801,False,True,True,53801,False,True,True,True
687,7291,True,53801,False,True,True,53801,False,True,True,53801,False,True,True,True
688,7298,True,53801,False,True,True,53801,False,True,True,53801,False,True,True,True
688,85371,False,256,False,True,False,256,False,True,False,256,False,True,False,True
689,7299,True,53801,False,True,True,53801,False,True,True,53801,False,True,True,True
690,7301,True,53801,False,True,True,53801,False,True,True,53801,False,True,True,True
691,7302,True,53801,False,True,True,53801,False,True,True,53801,False,True,True,True
692,7303,True,53801,False,True,True,53801,False,True,True,53801,False,True,True,True
692,62418,False,256,False,True,False,256,False,True,False,256,False,True,False,True
693,7304,True,53801,False,True,True,53801,False,True,True,53801,False,True,True,True
694,7306,True,53801,False,True,True,53801,False,True,True,53801,False,True,True,True
695,7307,True,53801,False,True,True,53801,False,True,True,53801,False,True,True,True
696,7309,True,53801,False,True,True,53801,False,True,True,53801,False,True,True,True
697,7312,True,53801,False,True,True,53801,False,True,True,53801,False,True,True,True
698,7318,True,53801,False,True,True,53801,False,True,True,53801,False,True,True,True
699,7324,True,53801,False,True,True,53801,False,True,True,53801,False,True,True,True
700,7326,True,53801,False,True,True,53801,False,True,True,53801,False,True,True,True
701,7336,True,53801,False,True,True,53801,False,True,True,53801,False,True,True,True
701,30264,False,256,False,True,False,256,False,True,False,256,False,True,False,True
702,7339,True,53801,False,True,True,53801,False,True,True,53801,False,True,True,True
703,7346,True,53801,False,True,True,53801,False,True,True,53801,False,True,True,True
704,7350,True,53801,False,True,True,53801,False,True,True,53801,False,True,True,True
705,7354,True,53801,False,True,True,53801,False,True,True,53801,False,True,True,True
706,7356,True,53801,False,True,True,53801,False,True,True,53801,False,True,True,True
706,68692,False,256,False,True,False,256,False,True,False,256,False,True,False,True
707,7358,True,53801,False,True,True,53801,False,True,True,53801,False,True,True,True
708,7362,True,53801,False,True,True,53801,False,True,True,53801,False,True,True,True
709,7364,True,53801,False,True,True,53801,False,True,True,53801,False,True,True,True
709,24696,False,256,False,True,False,256,False,True,False,256,False,True,False,True
710,7366,True,53801,False,True,True,53801,False,True,True,53801,False,True,True,True
711,7375,True,53801,False,True,True,53801,False,True,True,53801,False,True,True,True
711,21106,False,256,False,True,False,256,False,True,False,256,False,True,False,True
712,7378,True,53801,False,True,True,53801,False,True,True,53801,False,True,True,True
713,7387,True,53801,False,True,True,53801,False,True,True,53801,False,True,True,True
714,7390,True,53801,False,True,True,53801,False,True,True,53801,False,True,True,True
715,7396,True,53801,False,True,True,53801,False,True,True,53801,False,True,True,True
716,7398,True,53801,False,True,True,53801,False,True,True,53801,False,True,True,True
717,7403,True,53801,False,True,True,53801,False,True,True,53801,False,True,True,True
718,7404,True,53801,False,True,True,53801,False,True,True,53801,False,True,True,True
719,7408,True,53801,False,True,True,53801,False,True,True,53801,False,True,True,True
720,7411,True,53801,False,True,True,53801,False,True,True,53801,False,True,True,True
721,7414,True,53801,False,True,True,53801,False,True,True,53801,False,True,True,True
721,43850,False,256,False,True,False,256,False,True,False,256,False,True,False,True
722,7417,True,53801,False,True,True,53801,False,True,True,53801,False,True,True,True
723,7419,True,53801,False,True,True,53801,False,True,True,53801,False,True,True,True
724,7425,True,53801,False,True,True,53801,False,True,True,53801,False,True,True,True
725,7426,True,53801,False,True,True,53801,False,True,True,53801,False,True,True,True
725,85646,False,256,False,True,False,256,False,True,False,256,False,True,False,True
726,7428,True,53801,False,True,True,53801,False,True,True,53801,False,True,True,True
727,7439,True,53801,False,True,True,53801,False,True,True,53801,False,True,True,True
728,7443,True,53801,False,True,True,53801,False,True,True,53801,False,True,True,True
729,7444,True,53801,False,True,True,53801,False,True,True,53801,False,True,True,True
730,7453,True,53801,False,True,True,53801,False,True,True,53801,False,True,True,True
731,7455,True,53801,False,True,True,53801,False,True,True,53801,False,True,True,True
731,78590,False,256,False,True,False,256,False,True,False,256,False,True,False,True
732,7456,True,53801,False,True,True,53801,False,True,True,53801,False,True,True,True
733,7458,True,53801,False,True,True,53801,False,True,True,53801,False,True,True,True
733,53597,False,256,False,True,False,256,False,True,False,256,False,True,False,True
734,7460,True,53801,False,True,True,53801,False,True,True,53801,False,True,True,True
735,7474,True,53801,False,True,True,53801,False,True,True,53801,False,True,True,True
736,7479,True,53801,False,True,True,53801,False,True,True,53801,False,True,True,True
737,7486,True,53801,False,True,True,53801,False,True,True,53801,False,True,True,True
738,7488,True,53801,False,True,True,53801,False,True,True,53801,False,True,True,True
739,218,False,256,False,True,False,256,False,True,False,256,False,True,False,True
739,7490,True,53801,False,True,True,53801,False,True,True,53801,False,True,True,True
740,7497,True,53801,False,True,True,53801,False,True,True,53801,False,True,True,True
741,7502,True,53801,False,True,True,53801,False,True,True,53801,False,True,True,True
742,7508,True,53801,False,True,True,53801,False,True,True,53801,False,True,True,True
743,7515,True,53801,False,True,True,53801,False,True,True,53801,False,True,True,True
744,7520,True,53801,False,True,True,53801,False,True,True,53801,False,True,True,True
745,7521,True,53801,False,True,True,53801,False,True,True,53801,False,True,True,True
746,7526,True,53801,False,True,True,53801,False,True,True,53801,False,True,True,True
747,7538,True,53801,False,True,True,53801,False,True,True,53801,False,True,True,True
748,7541,True,53801,False,True,True,53801,False,True,True,53801,False,True,True,True
749,7546,True,53801,False,True,True,53801,False,True,True,53801,False,True,True,True
750,7557,True,53801,False,True,True,53801,False,True,True,53801,False,True,True,True
751,7561,True,53801,False,True,True,53801,False,True,True,53801,False,True,True,True
752,7563,True,53801,False,True,True,53801,False,True,True,53801,False,True,True,True
753,7564,True,53801,False,True,True,53801,False,True,True,53801,False,True,True,True
754,7573,True,53801,False,True,True,53801,False,True,True,53801,False,True,True,True
754,12321,False,256,False,True,False,256,False,True,False,256,False,True,False,True
755,7585,True,53801,False,True,True,53801,False,True,True,53801,False,True,True,True
756,7588,True,53801,False,True,True,53801,False,True,True,53801,False,True,True,True
756,38470,False,256,False,True,False,256,False,True,False,256,False,True,False,True
757,7590,True,53801,False,True,True,53801,False,True,True,53801,False,True,True,True
758,7591,True,53801,False,True,True,53801,False,True,True,53801,False,True,True,True
759,7593,True,53801,False,True,True,53801,False,True,True,53801,False,True,True,True
760,7598,True,53801,False,True,True,53801,False,True,True,53801,False,True,True,True
761,7600,True,53801,False,True,True,53801,False,True,True,53801,False,True,True,True
761,75304,False,256,False,True,False,256,False,True,False,256,False,True,False,True
762,7612,True,53801,False,True,True,53801,False,True,True,53801,False,True,True,True
763,7614,True,53801,False,True,True,53801,False,True,True,53801,False,True,True,True
764,7615,True,53801,False,True,True,53801,False,True,True,53801,False,True,True,True
765,7618,True,53801,False,True,True,53801,False,True,True,53801,False,True,True,True
766,7623,True,53801,False,True,True,53801,False,True,True,53801,False,True,True,True
767,7640,True,53801,False,True,True,53801,False,True,True,53801,False,True,True,True
768,7649,True,53801,False,True,True,53801,False,True,True,53801,False,True,True,True
769,7655,True,53801,False,True,True,53801,False,True,True,53801,False,True,True,True
770,7656,True,53801,False,True,True,53801,False,True,True,53801,False,True,True,True
771,7660,True,53801,False,True,True,53801,False,True,True,53801,False,True,True,True
772,7664,True,53801,False,True,True,53801,False,True,True,53801,False,True,True,True
773,7666,True,53801,False,True,True,53801,False,True,True,53801,False,True,True,True
774,7673,True,53801,False,True,True,53801,False,True,True,53801,False,True,True,True
775,7674,True,53801,False,True,True,53801,False,True,True,53801,False,True,True,True
776,7679,True,53801,False,True,True,53801,False,True,True,53801,False,True,True,True
776,38801,False,256,False,True,False,256,False,True,False,256,False,True,False,True
776,86212,False,256,False,True,False,256,False,True,False,256,False,True,False,True
777,7685,True,53801,False,True,True,53801,False,True,True,53801,False,True,True,True
778,9171,True,53801,False,True,True,53801,False,True,True,53801,False,True,True,True
779,9176,True,53801,False,True,True,53801,False,True,True,53801,False,True,True,True
780,9181,True,53801,False,True,True,53801,False,True,True,53801,False,True,True,True
781,9185,True,53801,False,True,True,53801,False,True,True,53801,False,True,True,True
782,9192,True,53801,False,True,True,53801,False,True,True,53801,False,True,True,True
783,9203,True,53801,False,True,True,53801,False,True,True,53801,False,True,True,True
784,9206,True,53801,False,True,True,53801,False,True,True,53801,False,True,True,True
785,9211,True,53801,False,True,True,53801,False,True,True,53801,False,True,True,True
786,9212,True,53801,False,True,True,53801,False,True,True,53801,False,True,True,True
787,9219,True,53801,False,True,True,53801,False,True,True,53801,False,True,True,True
788,9231,True,53801,False,True,True,53801,False,True,True,53801,False,True,True,True
789,9234,True,53801,False,True,True,53801,False,True,True,53801,False,True,True,True
790,9235,True,53801,False,True,True,53801,False,True,True,53801,False,True,True,True
791,9246,True,53801,False,True,True,53801,False,True,True,53801,False,True,True,True
792,9251,True,53801,False,True,True,53801,False,True,True,53801,False,True,True,True
793,9259,True,53801,False,True,True,53801,False,True,True,53801,False,True,True,True
794,9261,True,53801,False,True,True,53801,False,True,True,53801,False,True,True,True
794,12639,False,256,False,True,False,256,False,True,False,256,False,True,False,True
795,9263,True,53801,False,True,True,53801,False,True,True,53801,False,True,True,True
796,9265,True,53801,False,True,True,53801,False,True,True,53801,False,True,True,True
796,31186,False,256,False,True,False,256,False,True,False,256,False,True,False,True
796,39003,False,256,False,True,False,256,False,True,False,256,False,True,False,True
797,9281,True,53801,False,True,True,53801,False,True,True,53801,False,True,True,True
798,9282,True,53801,False,True,True,53801,False,True,True,53801,False,True,True,True
799,9284,True,53801,False,True,True,53801,False,True,True,53801,False,True,True,True
800,9291,True,53801,False,True,True,53801,False,True,True,53801,False,True,True,True
801,9294,True,53801,False,True,True,53801,False,True,True,53801,False,True,True,True
802,9298,True,53801,False,True,True,53801,False,True,True,53801,False,True,True,True
803,9314,True,53801,False,True,True,53801,False,True,True,53801,False,True,True,True
804,9315,True,53801,False,True,True,53801,False,True,True,53801,False,True,True,True
805,9316,True,53801,False,True,True,53801,False,True,True,53801,False,True,True,True
806,9318,True,53801,False,True,True,53801,False,True,True,53801,False,True,True,True
807,9320,True,53801,False,True,True,53801,False,True,True,53801,False,True,True,True
808,9321,True,53801,False,True,True,53801,False,True,True,53801,False,True,True,True
809,9325,True,53801,False,True,True,53801,False,True,True,53801,False,True,True,True
810,9326,True,53801,False,True,True,53801,False,True,True,53801,False,True,True,True
811,9354,True,53801,False,True,True,53801,False,True,True,53801,False,True,True,True
812,9355,True,53801,False,True,True,53801,False,True,True,53801,False,True,True,True
813,9360,True,53801,False,True,True,53801,False,True,True,53801,False,True,True,True
813,49711,False,256,False,True,False,256,False,True,False,256,False,True,False,True
814,9364,True,53801,False,True,True,53801,False,True,True,53801,False,True,True,True
815,9365,True,53801,False,True,True,53801,False,True,True,53801,False,True,True,True
816,9366,True,53801,False,True,True,53801,False,True,True,53801,False,True,True,True
817,9372,True,53801,False,True,True,53801,False,True,True,53801,False,True,True,True
818,9373,True,53801,False,True,True,53801,False,True,True,53801,False,True,True,True
819,9379,True,53801,False,True,True,53801,False,True,True,53801,False,True,True,True
820,9380,True,53801,False,True,True,53801,False,True,True,53801,False,True,True,True
821,9384,True,53801,False,True,True,53801,False,True,True,53801,False,True,True,True
822,9391,True,53801,False,True,True,53801,False,True,True,53801,False,True,True,True
823,9419,True,53801,False,True,True,53801,False,True,True,53801,False,True,True,True
824,9435,True,53801,False,True,True,53801,False,True,True,53801,False,True,True,True
825,9455,True,53801,False,True,True,53801,False,True,True,53801,False,True,True,True
826,9465,True,53801,False,True,True,53801,False,True,True,53801,False,True,True,True
827,9467,True,53801,False,True,True,53801,False,True,True,53801,False,True,True,True
828,9473,True,53801,False,True,True,53801,False,True,True,53801,False,True,True,True
829,9474,True,53801,False,True,True,53801,False,True,True,53801,False,True,True,True
830,9479,True,53801,False,True,True,53801,False,True,True,53801,False,True,True,True
831,9481,True,53801,False,True,True,53801,False,True,True,53801,False,True,True,True
832,9482,True,53801,False,True,True,53801,False,True,True,53801,False,True,True,True
833,9487,True,53801,False,True,True,53801,False,True,True,53801,False,True,True,True
834,9488,True,53801,False,True,True,53801,False,True,True,53801,False,True,True,True
835,9507,True,53801,False,True,True,53801,False,True,True,53801,False,True,True,True
836,9510,True,53801,False,True,True,53801,False,True,True,53801,False,True,True,True
837,9514,True,53801,False,True,True,53801,False,True,True,53801,False,True,True,True
838,9515,True,53801,False,True,True,53801,False,True,True,53801,False,True,True,True
839,9539,True,53801,False,True,True,53801,False,True,True,53801,False,True,True,True
840,9545,True,53801,False,True,True,53801,False,True,True,53801,False,True,True,True
841,9560,True,53801,False,True,True,53801,False,True,True,53801,False,True,True,True
842,9566,True,53801,False,True,True,53801,False,True,True,53801,False,True,True,True
843,9567,True,53801,False,True,True,53801,False,True,True,53801,False,True,True,True
844,9574,True,53801,False,True,True,53801,False,True,True,53801,False,True,True,True
845,9579,True,53801,False,True,True,53801,False,True,True,53801,False,True,True,True
845,45382,False,256,False,True,False,256,False,True,False,256,False,True,False,True
846,9583,True,53801,False,True,True,53801,False,True,True,53801,False,True,True,True
847,9595,True,53801,False,True,True,53801,False,True,True,53801,False,True,True,True
848,9597,True,53801,False,True,True,53801,False,True,True,53801,False,True,True,True
849,9605,True,53801,False,True,True,53801,False,True,True,53801,False,True,True,True
849,86616,False,256,False,True,False,256,False,True,False,256,False,True,False,True
850,9611,True,53801,False,True,True,53801,False,True,True,53801,False,True,True,True
851,9615,True,53801,False,True,True,53801,False,True,True,53801,False,True,True,True
852,9621,True,53801,False,True,True,53801,False,True,True,53801,False,True,True,True
853,9634,True,53801,False,True,True,53801,False,True,True,53801,False,True,True,True
854,9639,True,53801,False,True,True,53801,False,True,True,53801,False,True,True,True
855,9642,True,53801,False,True,True,53801,False,True,True,53801,False,True,True,True
856,9650,True,53801,False,True,True,53801,False,True,True,53801,False,True,True,True
857,9652,True,53801,False,True,True,53801,False,True,True,53801,False,True,True,True
858,9659,True,53801,False,True,True,53801,False,True,True,53801,False,True,True,True
859,9662,True,53801,False,True,True,53801,False,True,True,53801,False,True,True,True
859,79606,False,256,False,True,False,256,False,True,False,256,False,True,False,True
860,9671,True,53801,False,True,True,53801,False,True,True,53801,False,True,True,True
861,9682,True,53801,False,True,True,53801,False,True,True,53801,False,True,True,True
862,9683,True,53801,False,True,True,53801,False,True,True,53801,False,True,True,True
863,9688,True,53801,False,True,True,53801,False,True,True,53801,False,True,True,True
864,9691,True,53801,False,True,True,53801,False,True,True,53801,False,True,True,True
865,9693,True,53801,False,True,True,53801,False,True,True,53801,False,True,True,True
865,83176,False,256,False,True,False,256,False,True,False,256,False,True,False,True
866,9699,True,53801,False,True,True,53801,False,True,True,53801,False,True,True,True
867,9701,True,53801,False,True,True,53801,False,True,True,53801,False,True,True,True
868,9704,True,53801,False,True,True,53801,False,True,True,53801,False,True,True,True
869,9705,True,53801,False,True,True,53801,False,True,True,53801,False,True,True,True
870,9709,True,53801,False,True,True,53801,False,True,True,53801,False,True,True,True
871,9710,True,53801,False,True,True,53801,False,True,True,53801,False,True,True,True
872,9718,True,53801,False,True,True,53801,False,True,True,53801,False,True,True,True
873,9731,True,53801,False,True,True,53801,False,True,True,53801,False,True,True,True
874,9738,True,53801,False,True,True,53801,False,True,True,53801,False,True,True,True
875,9747,True,53801,False,True,True,53801,False,True,True,53801,False,True,True,True
876,9755,True,53801,False,True,True,53801,False,True,True,53801,False,True,True,True
877,9758,True,53801,False,True,True,53801,False,True,True,53801,False,True,True,True
878,9763,True,53801,False,True,True,53801,False,True,True,53801,False,True,True,True
879,9769,True,53801,False,True,True,53801,False,True,True,53801,False,True,True,True
880,9778,True,53801,False,True,True,53801,False,True,True,53801,False,True,True,True
881,9779,True,53801,False,True,True,53801,False,True,True,53801,False,True,True,True
882,9784,True,53801,False,True,True,53801,False,True,True,53801,False,True,True,True
883,9789,True,53801,False,True,True,53801,False,True,True,53801,False,True,True,True
884,9797,True,53801,False,True,True,53801,False,True,True,53801,False,True,True,True
885,9806,True,53801,False,True,True,53801,False,True,True,53801,False,True,True,True
886,9816,True,53801,False,True,True,53801,False,True,True,53801,False,True,True,True
887,9819,True,53801,False,True,True,53801,False,True,True,53801,False,True,True,True
888,9837,True,53801,False,True,True,53801,False,True,True,53801,False,True,True,True
889,9842,True,53801,False,True,True,53801,False,True,True,53801,False,True,True,True
890,9856,True,53801,False,True,True,53801,False,True,True,53801,False,True,True,True
891,9859,True,53801,False,True,True,53801,False,True,True,53801,False,True,True,True
892,9864,True,53801,False,True,True,53801,False,True,True,53801,False,True,True,True
893,9879,True,53801,False,True,True,53801,False,True,True,53801,False,True,True,True
894,9881,True,53801,False,True,True,53801,False,True,True,53801,False,True,True,True
895,9884,True,53801,False,True,True,53801,False,True,True,53801,False,True,True,True
896,9899,True,53801,False,True,True,53801,False,True,True,53801,False,True,True,True
897,9931,True,53801,False,True,True,53801,False,True,True,53801,False,True,True,True
898,9939,True,53801,False,True,True,53801,False,True,True,53801,False,True,True,True
899,9940,True,53801,False,True,True,53801,False,True,True,53801,False,True,True,True
900,9943,True,53801,False,True,True,53801,False,True,True,53801,False,True,True,True
901,9949,True,53801,False,True,True,53801,False,True,True,53801,False,True,True,True
901,76305,False,256,False,True,False,256,False,True,False,256,False,True,False,True
902,9950,True,53801,False,True,True,53801,False,True,True,53801,False,True,True,True
903,9952,True,53801,False,True,True,53801,False,True,True,53801,False,True,True,True
904,9959,True,53801,False,True,True,53801,False,True,True,53801,False,True,True,True
905,9961,True,53801,False,True,True,53801,False,True,True,53801,False,True,True,True
906,9972,True,53801,False,True,True,53801,False,True,True,53801,False,True,True,True
907,9985,True,53801,False,True,True,53801,False,True,True,53801,False,True,True,True
908,9987,True,53801,False,True,True,53801,False,True,True,53801,False,True,True,True
909,9988,True,53801,False,True,True,53801,False,True,True,53801,False,True,True,True
909,59141,False,256,False,True,False,256,False,True,False,256,False,True,False,True
910,9995,True,53801,False,True,True,53801,False,True,True,53801,False,True,True,True
911,10016,True,53801,False,True,True,53801,False,True,True,53801,False,True,True,True
912,10024,True,53801,False,True,True,53801,False,True,True,53801,False,True,True,True
913,10026,True,53801,False,True,True,53801,False,True,True,53801,False,True,True,True
914,10032,True,53801,False,True,True,53801,False,True,True,53801,False,True,True,True
915,10035,True,53801,False,True,True,53801,False,True,True,53801,False,True,True,True
916,10038,True,53801,False,True,True,53801,False,True,True,53801,False,True,True,True
917,10044,True,53801,False,True,True,53801,False,True,True,53801,False,True,True,True
918,10049,True,53801,False,True,True,53801,False,True,True,53801,False,True,True,True
919,10051,True,53801,False,True,True,53801,False,True,True,53801,False,True,True,True
920,10057,True,53801,False,True,True,53801,False,True,True,53801,False,True,True,True
921,10062,True,53801,False,True,True,53801,False,True,True,53801,False,True,True,True
922,10072,True,53801,False,True,True,53801,False,True,True,53801,False,True,True,True
923,10089,True,53801,False,True,True,53801,False,True,True,53801,False,True,True,True
924,10095,True,53801,False,True,True,53801,False,True,True,53801,False,True,True,True
925,10104,True,53801,False,True,True,53801,False,True,True,53801,False,True,True,True
926,10107,True,53801,False,True,True,53801,False,True,True,53801,False,True,True,True
926,50658,False,256,False,True,False,256,False,True,False,256,False,True,False,True
927,10120,True,53801,False,True,True,53801,False,True,True,53801,False,True,True,True
928,10123,True,53801,False,True,True,53801,False,True,True,53801,False,True,True,True
929,10128,True,53801,False,True,True,53801,False,True,True,53801,False,True,True,True
929,40447,False,256,False,True,False,256,False,True,False,256,False,True,False,True
930,10130,True,53801,False,True,True,53801,False,True,True,53801,False,True,True,True
931,10131,True,53801,False,True,True,53801,False,True,True,53801,False,True,True,True
932,10132,True,53801,False,True,True,53801,False,True,True,53801,False,True,True,True
933,10134,True,53801,False,True,True,53801,False,True,True,53801,False,True,True,True
933,17332,False,256,False,True,False,256,False,True,False,256,False,True,False,True
934,10136,True,53801,False,True,True,53801,False,True,True,53801,False,True,True,True
935,10149,True,53801,False,True,True,53801,False,True,True,53801,False,True,True,True
936,10150,True,53801,False,True,True,53801,False,True,True,53801,False,True,True,True
937,10151,True,53801,False,True,True,53801,False,True,True,53801,False,True,True,True
938,10153,True,53801,False,True,True,53801,False,True,True,53801,False,True,True,True
939,10163,True,53801,False,True,True,53801,False,True,True,53801,False,True,True,True
940,10166,True,53801,False,True,True,53801,False,True,True,53801,False,True,True,True
941,10172,True,53801,False,True,True,53801,False,True,True,53801,False,True,True,True
942,10182,True,53801,False,True,True,53801,False,True,True,53801,False,True,True,True
943,10190,True,53801,False,True,True,53801,False,True,True,53801,False,True,True,True
944,10211,True,53801,False,True,True,53801,False,True,True,53801,False,True,True,True
945,10231,True,53801,False,True,True,53801,False,True,True,53801,False,True,True,True
946,10234,True,53801,False,True,True,53801,False,True,True,53801,False,True,True,True
947,10242,True,53801,False,True,True,53801,False,True,True,53801,False,True,True,True
948,10253,True,53801,False,True,True,53801,False,True,True,53801,False,True,True,True
949,10260,True,53801,False,True,True,53801,False,True,True,53801,False,True,True,True
950,10271,True,53801,False,True,True,53801,False,True,True,53801,False,True,True,True
950,28344,False,256,False,True,False,256,False,True,False,256,False,True,False,True
951,10301,True,53801,False,True,True,53801,False,True,True,53801,False,True,True,True
952,10305,True,53801,False,True,True,53801,False,True,True,53801,False,True,True,True
953,10314,True,53801,False,True,True,53801,False,True,True,53801,False,True,True,True
954,10330,True,53801,False,True,True,53801,False,True,True,53801,False,True,True,True
955,10338,True,53801,False,True,True,53801,False,True,True,53801,False,True,True,True
956,10339,True,53801,False,True,True,53801,False,True,True,53801,False,True,True,True
957,10341,True,53801,False,True,True,53801,False,True,True,53801,False,True,True,True
957,87243,False,256,False,True,False,256,False,True,False,256,False,True,False,True
958,10345,True,53801,False,True,True,53801,False,True,True,53801,False,True,True,True
958,87248,False,256,False,True,False,256,False,True,False,256,False,True,False,True
959,10353,True,53801,False,True,True,53801,False,True,True,53801,False,True,True,True
960,10356,True,53801,False,True,True,53801,False,True,True,53801,False,True,True,True
961,10364,True,53801,False,True,True,53801,False,True,True,53801,False,True,True,True
962,10380,True,53801,False,True,True,53801,False,True,True,53801,False,True,True,True
963,10381,True,53801,False,True,True,53801,False,True,True,53801,False,True,True,True
964,10389,True,53801,False,True,True,53801,False,True,True,53801,False,True,True,True
965,10391,True,53801,False,True,True,53801,False,True,True,53801,False,True,True,True
966,10412,True,53801,False,True,True,53801,False,True,True,53801,False,True,True,True
967,10429,True,53801,False,True,True,53801,False,True,True,53801,False,True,True,True
968,10430,True,53801,False,True,True,53801,False,True,True,53801,False,True,True,True
969,10434,True,53801,False,True,True,53801,False,True,True,53801,False,True,True,True
970,10436,True,53801,False,True,True,53801,False,True,True,53801,False,True,True,True
971,10447,True,53801,False,True,True,53801,False,True,True,53801,False,True,True,True
972,10460,True,53801,False,True,True,53801,False,True,True,53801,False,True,True,True
972,41094,False,256,False,True,False,256,False,True,False,256,False,True,False,True
973,10471,True,53801,False,True,True,53801,False,True,True,53801,False,True,True,True
974,10478,True,53801,False,True,True,53801,False,True,True,53801,False,True,True,True
975,10484,True,53801,False,True,True,53801,False,True,True,53801,False,True,True,True
976,10489,True,53801,False,True,True,53801,False,True,True,53801,False,True,True,True
977,10501,True,53801,False,True,True,53801,False,True,True,53801,False,True,True,True
978,10506,True,53801,False,True,True,53801,False,True,True,53801,False,True,True,True
979,10512,True,53801,False,True,True,53801,False,True,True,53801,False,True,True,True
979,46643,False,256,False,True,False,256,False,True,False,256,False,True,False,True
980,10516,True,53801,False,True,True,53801,False,True,True,53801,False,True,True,True
981,10527,True,53801,False,True,True,53801,False,True,True,53801,False,True,True,True
982,10530,True,53801,False,True,True,53801,False,True,True,53801,False,True,True,True
983,10532,True,53801,False,True,True,53801,False,True,True,53801,False,True,True,True
984,10536,True,53801,False,True,True,53801,False,True,True,53801,False,True,True,True
985,10540,True,53801,False,True,True,53801,False,True,True,53801,False,True,True,True
985,35469,False,256,False,True,False,256,False,True,False,256,False,True,False,True
986,10553,True,53801,False,True,True,53801,False,True,True,53801,False,True,True,True
987,10558,True,53801,False,True,True,53801,False,True,True,53801,False,True,True,True
988,10559,True,53801,False,True,True,53801,False,True,True,53801,False,True,True,True
989,10572,True,53801,False,True,True,53801,False,True,True,53801,False,True,True,True
990,10575,True,53801,False,True,True,53801,False,True,True,53801,False,True,True,True
991,10578,True,53801,False,True,True,53801,False,True,True,53801,False,True,True,True
992,10595,True,53801,False,True,True,53801,False,True,True,53801,False,True,True,True
993,10599,True,53801,False,True,True,53801,False,True,True,53801,False,True,True,True
994,3684,False,256,False,True,False,256,False,True,False,256,False,True,False,True
994,10604,True,53801,False,True,True,53801,False,True,True,53801,False,True,True,True
995,10605,True,53801,False,True,True,53801,False,True,True,53801,False,True,True,True
996,10608,True,53801,False,True,True,53801,False,True,True,53801,False,True,True,True
997,10611,True,53801,False,True,True,53801,False,True,True,53801,False,True,True,True
998,10612,True,53801,False,True,True,53801,False,True,True,53801,False,True,True,True
999,10618,True,53801,False,True,True,53801,False,True,True,53801,False,True,True,True
1000,10619,True,53801,False,True,True,53801,False,True,True,53801,False,True,True,True
1001,10630,True,53801,False,True,True,53801,False,True,True,53801,False,True,True,True
1002,10632,True,53801,False,True,True,53801,False,True,True,53801,False,True,True,True
1003,10636,True,53801,False,True,True,53801,False,True,True,53801,False,True,True,True
1004,10637,True,53801,False,True,True,53801,False,True,True,53801,False,True,True,True
1005,10643,True,53801,False,True,True,53801,False,True,True,53801,False,True,True,True
1006,10652,True,53801,False,True,True,53801,False,True,True,53801,False,True,True,True
1007,10657,True,53801,False,True,True,53801,False,True,True,53801,False,True,True,True
1008,10675,True,53801,False,True,True,53801,False,True,True,53801,False,True,True,True
1009,5261,False,256,False,True,False,256,False,True,False,256,False,True,False,True
1009,10677,True,53801,False,True,True,53801,False,True,True,53801,False,True,True,True
1009,26177,False,256,False,True,False,256,False,True,False,256,False,True,False,True
1010,10679,True,53801,False,True,True,53801,False,True,True,53801,False,True,True,True
1011,10683,True,53801,False,True,True,53801,False,True,True,53801,False,True,True,True
1012,10695,True,53801,False,True,True,53801,False,True,True,53801,False,True,True,True
1013,10698,True,53801,False,True,True,53801,False,True,True,53801,False,True,True,True
1013,73547,False,256,False,True,False,256,False,True,False,256,False,True,False,True
1014,10708,True,53801,False,True,True,53801,False,True,True,53801,False,True,True,True
1015,10709,True,53801,False,True,True,53801,False,True,True,53801,False,True,True,True
1016,10718,True,53801,False,True,True,53801,False,True,True,53801,False,True,True,True
1017,10720,True,53801,False,True,True,53801,False,True,True,53801,False,True,True,True
1018,10721,True,53801,False,True,True,53801,False,True,True,53801,False,True,True,True
1019,10723,True,53801,False,True,True,53801,False,True,True,53801,False,True,True,True
1020,10733,True,53801,False,True,True,53801,False,True,True,53801,False,True,True,True
1021,10745,True,53801,False,True,True,53801,False,True,True,53801,False,True,True,True
1022,10748,True,53801,False,True,True,53801,False,True,True,53801,False,True,True,True
1023,10766,True,53801,False,True,True,53801,False,True,True,53801,False,True,True,True
1024,10770,True,53801,False,True,True,53801,False,True,True,53801,False,True,True,True
1025,10783,True,53801,False,True,True,53801,False,True,True,53801,False,True,True,True
1026,10789,True,53801,False,True,True,53801,False,True,True,53801,False,True,True,True
1027,10797,True,53801,False,True,True,53801,False,True,True,53801,False,True,True,True
1027,60722,False,256,False,True,False,256,False,True,False,256,False,True,False,True
1028,10807,True,53801,False,True,True,53801,False,True,True,53801,False,True,True,True
1029,10811,True,53801,False,True,True,53801,False,True,True,53801,False,True,True,True
1030,10819,True,53801,False,True,True,53801,False,True,True,53801,False,True,True,True
1031,10827,True,53801,False,True,True,53801,False,True,True,53801,False,True,True,True
1032,10833,True,53801,False,True,True,53801,False,True,True,53801,False,True,True,True
1033,10837,True,53801,False,True,True,53801,False,True,True,53801,False,True,True,True
1034,10841,True,53801,False,True,True,53801,False,True,True,53801,False,True,True,True
1035,10851,True,53801,False,True,True,53801,False,True,True,53801,False,True,True,True
1036,10861,True,53801,False,True,True,53801,False,True,True,53801,False,True,True,True
1037,10862,True,53801,False,True,True,53801,False,True,True,53801,False,True,True,True
1038,10863,True,53801,False,True,True,53801,False,True,True,53801,False,True,True,True
1039,10869,True,53801,False,True,True,53801,False,True,True,53801,False,True,True,True
1040,10872,True,53801,False,True,True,53801,False,True,True,53801,False,True,True,True
1040,65328,False,256,False,True,False,256,False,True,False,256,False,True,False,True
1041,10886,True,53801,False,True,True,53801,False,True,True,53801,False,True,True,True
1042,10889,True,53801,False,True,True,53801,False,True,True,53801,False,True,True,True
1043,10906,True,53801,False,True,True,53801,False,True,True,53801,False,True,True,True
1044,10929,True,53801,False,True,True,53801,False,True,True,53801,False,True,True,True
1045,10934,True,53801,False,True,True,53801,False,True,True,53801,False,True,True,True
1046,10935,True,53801,False,True,True,53801,False,True,True,53801,False,True,True,True
1047,10945,True,53801,False,True,True,53801,False,True,True,53801,False,True,True,True
1048,10967,True,53801,False,True,True,53801,False,True,True,53801,False,True,True,True
1049,10993,True,53801,False,True,True,53801,False,True,True,53801,False,True,True,True
1050,10999,True,53801,False,True,True,53801,False,True,True,53801,False,True,True,True
1051,11008,True,53801,False,True,True,53801,False,True,True,53801,False,True,True,True
1052,11009,True,53801,False,True,True,53801,False,True,True,53801,False,True,True,True
1053,11010,True,53801,False,True,True,53801,False,True,True,53801,False,True,True,True
1054,11021,True,53801,False,True,True,53801,False,True,True,53801,False,True,True,True
1055,11024,True,53801,False,True,True,53801,False,True,True,53801,False,True,True,True
1056,11029,True,53801,False,True,True,53801,False,True,True,53801,False,True,True,True
1057,11037,True,53801,False,True,True,53801,False,True,True,53801,False,True,True,True
1058,11040,True,53801,False,True,True,53801,False,True,True,53801,False,True,True,True
1059,11044,True,53801,False,True,True,53801,False,True,True,53801,False,True,True,True
1060,11046,True,53801,False,True,True,53801,False,True,True,53801,False,True,True,True
1061,11053,True,53801,False,True,True,53801,False,True,True,53801,False,True,True,True
1062,11062,True,53801,False,True,True,53801,False,True,True,53801,False,True,True,True
1063,11068,True,53801,False,True,True,53801,False,True,True,53801,False,True,True,True
1064,11076,True,53801,False,True,True,53801,False,True,True,53801,False,True,True,True
1065,11077,True,53801,False,True,True,53801,False,True,True,53801,False,True,True,True
1066,11083,True,53801,False,True,True,53801,False,True,True,53801,False,True,True,True
1067,11089,True,53801,False,True,True,53801,False,True,True,53801,False,True,True,True
1068,11091,True,53801,False,True,True,53801,False,True,True,53801,False,True,True,True
1069,11096,True,53801,False,True,True,53801,False,True,True,53801,False,True,True,True
1070,11098,True,53801,False,True,True,53801,False,True,True,53801,False,True,True,True
1071,11108,True,53801,False,True,True,53801,False,True,True,53801,False,True,True,True
1072,11119,True,53801,False,True,True,53801,False,True,True,53801,False,True,True,True
1073,11120,True,53801,False,True,True,53801,False,True,True,53801,False,True,True,True
1074,11122,True,53801,False,True,True,53801,False,True,True,53801,False,True,True,True
1075,11124,True,53801,False,True,True,53801,False,True,True,53801,False,True,True,True
1076,11125,True,53801,False,True,True,53801,False,True,True,53801,False,True,True,True
1077,11139,True,53801,False,True,True,53801,False,True,True,53801,False,True,True,True
1077,87993,False,256,False,True,False,256,False,True,False,256,False,True,False,True
1078,11143,True,53801,False,True,True,53801,False,True,True,53801,False,True,True,True
1079,11146,True,53801,False,True,True,53801,False,True,True,53801,False,True,True,True
1080,11167,True,53801,False,True,True,53801,False,True,True,53801,False,True,True,True
1081,11179,True,53801,False,True,True,53801,False,True,True,53801,False,True,True,True
1081,77658,False,256,False,True,False,256,False,True,False,256,False,True,False,True
1082,11181,True,53801,False,True,True,53801,False,True,True,53801,False,True,True,True
1083,11193,True,53801,False,True,True,53801,False,True,True,53801,False,True,True,True
1084,11204,True,53801,False,True,True,53801,False,True,True,53801,False,True,True,True
1085,11218,True,53801,False,True,True,53801,False,True,True,53801,False,True,True,True
1086,11220,True,53801,False,True,True,53801,False,True,True,53801,False,True,True,True
1087,11227,True,53801,False,True,True,53801,False,True,True,53801,False,True,True,True
1088,11229,True,53801,False,True,True,53801,False,True,True,53801,False,True,True,True
1089,11233,True,53801,False,True,True,53801,False,True,True,53801,False,True,True,True
1090,11242,True,53801,False,True,True,53801,False,True,True,53801,False,True,True,True
1091,11243,True,53801,False,True,True,53801,False,True,True,53801,False,True,True,True
1092,11246,True,53801,False,True,True,53801,False,True,True,53801,False,True,True,True
1093,11247,True,53801,False,True,True,53801,False,True,True,53801,False,True,True,True
1094,11248,True,53801,False,True,True,53801,False,True,True,53801,False,True,True,True
1095,11251,True,53801,False,True,True,53801,False,True,True,53801,False,True,True,True
1096,11254,True,53801,False,True,True,53801,False,True,True,53801,False,True,True,True
1096,52490,False,256,False,True,False,256,False,True,False,256,False,True,False,True
1097,11255,True,53801,False,True,True,53801,False,True,True,53801,False,True,True,True
1098,11260,True,53801,False,True,True,53801,False,True,True,53801,False,True,True,True
1098,17715,False,256,False,True,False,256,False,True,False,256,False,True,False,True
1099,11262,True,53801,False,True,True,53801,False,True,True,53801,False,True,True,True
1100,11263,True,53801,False,True,True,53801,False,True,True,53801,False,True,True,True
1101,11265,True,53801,False,True,True,53801,False,True,True,53801,False,True,True,True
1102,11268,True,53801,False,True,True,53801,False,True,True,53801,False,True,True,True
1103,11271,True,53801,False,True,True,53801,False,True,True,53801,False,True,True,True
1104,11299,True,53801,False,True,True,53801,False,True,True,53801,False,True,True,True
1105,11300,True,53801,False,True,True,53801,False,True,True,53801,False,True,True,True
1106,11309,True,53801,False,True,True,53801,False,True,True,53801,False,True,True,True
1107,11315,True,53801,False,True,True,53801,False,True,True,53801,False,True,True,True
1107,24106,False,256,False,True,False,256,False,True,False,256,False,True,False,True
1108,11328,True,53801,False,True,True,53801,False,True,True,53801,False,True,True,True
1109,11331,True,53801,False,True,True,53801,False,True,True,53801,False,True,True,True
1110,11334,True,53801,False,True,True,53801,False,True,True,53801,False,True,True,True
1111,11340,True,53801,False,True,True,53801,False,True,True,53801,False,True,True,True
1112,11344,True,53801,False,True,True,53801,False,True,True,53801,False,True,True,True
1113,8633,False,256,False,True,False,256,False,True,False,256,False,True,False,True
1113,11346,True,53801,False,True,True,53801,False,True,True,53801,False,True,True,True
1114,11347,True,53801,False,True,True,53801,False,True,True,53801,False,True,True,True
1115,11365,True,53801,False,True,True,53801,False,True,True,53801,False,True,True,True
1116,11381,True,53801,False,True,True,53801,False,True,True,53801,False,True,True,True
1117,11392,True,53801,False,True,True,53801,False,True,True,53801,False,True,True,True
1118,11403,True,53801,False,True,True,53801,False,True,True,53801,False,True,True,True
1119,11409,True,53801,False,True,True,53801,False,True,True,53801,False,True,True,True
1120,11412,True,53801,False,True,True,53801,False,True,True,53801,False,True,True,True
1121,11416,True,53801,False,True,True,53801,False,True,True,53801,False,True,True,True
1122,11417,True,53801,False,True,True,53801,False,True,True,53801,False,True,True,True
1123,11437,True,53801,False,True,True,53801,False,True,True,53801,False,True,True,True
1124,11441,True,53801,False,True,True,53801,False,True,True,53801,False,True,True,True
1125,11447,True,53801,False,True,True,53801,False,True,True,53801,False,True,True,True
1126,11451,True,53801,False,True,True,53801,False,True,True,53801,False,True,True,True
1127,11457,True,53801,False,True,True,53801,False,True,True,53801,False,True,True,True
1128,11464,True,53801,False,True,True,53801,False,True,True,53801,False,True,True,True
1128,62001,False,256,False,True,False,256,False,True,False,256,False,True,False,True
1129,11470,True,53801,False,True,True,53801,False,True,True,53801,False,True,True,True
1130,11472,True,53801,False,True,True,53801,False,True,True,53801,False,True,True,True
1131,11486,True,53801,False,True,True,53801,False,True,True,53801,False,True,True,True
1132,11500,True,53801,False,True,True,53801,False,True,True,53801,False,True,True,True
1132,52849,False,256,False,True,False,256,False,True,False,256,False,True,False,True
1133,11511,True,53801,False,True,True,53801,False,True,True,53801,False,True,True,True
1134,11518,True,53801,False,True,True,53801,False,True,True,53801,False,True,True,True
1135,11523,True,53801,False,True,True,53801,False,True,True,53801,False,True,True,True
1136,11547,True,53801,False,True,True,53801,False,True,True,53801,False,True,True,True
1137,11566,True,53801,False,True,True,53801,False,True,True,53801,False,True,True,True
1138,11577,True,53801,False,True,True,53801,False,True,True,53801,False,True,True,True
1138,78109,False,256,False,True,False,256,False,True,False,256,False,True,False,True
1139,11585,True,53801,False,True,True,53801,False,True,True,53801,False,True,True,True
1140,11586,True,53801,False,True,True,53801,False,True,True,53801,False,True,True,True
1141,11610,True,53801,False,True,True,53801,False,True,True,53801,False,True,True,True
1142,11612,True,53801,False,True,True,53801,False,True,True,53801,False,True,True,True
1143,11618,True,53801,False,True,True,53801,False,True,True,53801,False,True,True,True
1144,11628,True,53801,False,True,True,53801,False,True,True,53801,False,True,True,True
1145,11629,True,53801,False,True,True,53801,False,True,True,53801,False,True,True,True
1146,11630,True,53801,False,True,True,53801,False,True,True,53801,False,True,True,True
1147,11640,True,53801,False,True,True,53801,False,True,True,53801,False,True,True,True
1148,11644,True,53801,False,True,True,53801,False,True,True,53801,False,True,True,True
1149,11649,True,53801,False,True,True,53801,False,True,True,53801,False,True,True,True
1150,11650,True,53801,False,True,True,53801,False,True,True,53801,False,True,True,True
1151,11653,True,53801,False,True,True,53801,False,True,True,53801,False,True,True,True
1152,11672,True,53801,False,True,True,53801,False,True,True,53801,False,True,True,True
1152,24497,False,256,False,True,False,256,False,True,False,256,False,True,False,True
1153,11682,True,53801,False,True,True,53801,False,True,True,53801,False,True,True,True
1153,62362,False,256,False,True,False,256,False,True,False,256,False,True,False,True
1154,11690,True,53801,False,True,True,53801,False,True,True,53801,False,True,True,True
1155,11707,True,53801,False,True,True,53801,False,True,True,53801,False,True,True,True
1156,11709,True,53801,False,True,True,53801,False,True,True,53801,False,True,True,True
1157,11711,True,53801,False,True,True,53801,False,True,True,53801,False,True,True,True
1158,11715,True,53801,False,True,True,53801,False,True,True,53801,False,True,True,True
1159,11720,True,53801,False,True,True,53801,False,True,True,53801,False,True,True,True
1160,11721,True,53801,False,True,True,53801,False,True,True,53801,False,True,True,True
1161,11722,True,53801,False,True,True,53801,False,True,True,53801,False,True,True,True
1162,11732,True,53801,False,True,True,53801,False,True,True,53801,False,True,True,True
1163,11733,True,53801,False,True,True,53801,False,True,True,53801,False,True,True,True
1163,62455,False,256,False,True,False,256,False,True,False,256,False,True,False,True
1164,11734,True,53801,False,True,True,53801,False,True,True,53801,False,True,True,True
1165,11738,True,53801,False,True,True,53801,False,True,True,53801,False,True,True,True
1166,11741,True,53801,False,True,True,53801,False,True,True,53801,False,True,True,True
1167,11742,True,53801,False,True,True,53801,False,True,True,53801,False,True,True,True
1168,11760,True,53801,False,True,True,53801,False,True,True,53801,False,True,True,True
1169,11767,True,53801,False,True,True,53801,False,True,True,53801,False,True,True,True
1170,11779,True,53801,False,True,True,53801,False,True,True,53801,False,True,True,True
1171,11782,True,53801,False,True,True,53801,False,True,True,53801,False,True,True,True
1171,62531,False,256,False,True,False,256,False,True,False,256,False,True,False,True
1171,74683,False,256,False,True,False,256,False,True,False,256,False,True,False,True
1172,11786,True,53801,False,True,True,53801,False,True,True,53801,False,True,True,True
1173,11797,True,53801,False,True,True,53801,False,True,True,53801,False,True,True,True
1174,11808,True,53801,False,True,True,53801,False,True,True,53801,False,True,True,True
1174,81871,False,256,False,True,False,256,False,True,False,256,False,True,False,True
1175,11823,True,53801,False,True,True,53801,False,True,True,53801,False,True,True,True
1175,62603,False,256,False,True,False,256,False,True,False,256,False,True,False,True
1176,11825,True,53801,False,True,True,53801,False,True,True,53801,False,True,True,True
1177,11848,True,53801,False,True,True,53801,False,True,True,53801,False,True,True,True
1178,11852,True,53801,False,True,True,53801,False,True,True,53801,False,True,True,True
1179,11853,True,53801,False,True,True,53801,False,True,True,53801,False,True,True,True
1180,11859,True,53801,False,True,True,53801,False,True,True,53801,False,True,True,True
1180,57050,False,256,False,True,False,256,False,True,False,256,False,True,False,True
1181,11867,True,53801,False,True,True,53801,False,True,True,53801,False,True,True,True
1182,11875,True,53801,False,True,True,53801,False,True,True,53801,False,True,True,True
1183,11884,True,53801,False,True,True,53801,False,True,True,53801,False,True,True,True
1184,11887,True,53801,False,True,True,53801,False,True,True,53801,False,True,True,True
1185,11888,True,53801,False,True,True,53801,False,True,True,53801,False,True,True,True
1186,11896,True,53801,False,True,True,53801,False,True,True,53801,False,True,True,True
1187,11897,True,53801,False,True,True,53801,False,True,True,53801,False,True,True,True
1188,5827,False,256,False,True,False,256,False,True,False,256,False,True,False,True
1188,11903,True,53801,False,True,True,53801,False,True,True,53801,False,True,True,True
1189,11909,True,53801,False,True,True,53801,False,True,True,53801,False,True,True,True
1190,11941,True,53801,False,True,True,53801,False,True,True,53801,False,True,True,True
1191,11959,True,53801,False,True,True,53801,False,True,True,53801,False,True,True,True
1192,11969,True,53801,False,True,True,53801,False,True,True,53801,False,True,True,True
1193,11973,True,53801,False,True,True,53801,False,True,True,53801,False,True,True,True
1194,11988,True,53801,False,True,True,53801,False,True,True,53801,False,True,True,True
1195,11991,True,53801,False,True,True,53801,False,True,True,53801,False,True,True,True
1196,12000,True,53801,False,True,True,53801,False,True,True,53801,False,True,True,True
1197,12002,True,53801,False,True,True,53801,False,True,True,53801,False,True,True,True
1198,12012,True,53801,False,True,True,53801,False,True,True,53801,False,True,True,True
1199,12015,True,53801,False,True,True,53801,False,True,True,53801,False,True,True,True
1200,12016,True,53801,False,True,True,53801,False,True,True,53801,False,True,True,True
1201,12019,True,53801,False,True,True,53801,False,True,True,53801,False,True,True,True
1202,12020,True,53801,False,True,True,53801,False,True,True,53801,False,True,True,True
1203,12033,True,53801,False,True,True,53801,False,True,True,53801,False,True,True,True
1204,12034,True,53801,False,True,True,53801,False,True,True,53801,False,True,True,True
1205,12039,True,53801,False,True,True,53801,False,True,True,53801,False,True,True,True
1206,12041,True,53801,False,True,True,53801,False,True,True,53801,False,True,True,True
1207,12045,True,53801,False,True,True,53801,False,True,True,53801,False,True,True,True
1208,12049,True,53801,False,True,True,53801,False,True,True,53801,False,True,True,True
1209,12051,True,53801,False,True,True,53801,False,True,True,53801,False,True,True,True
1209,21273,False,256,False,True,False,256,False,True,False,256,False,True,False,True
1210,12053,True,53801,False,True,True,53801,False,True,True,53801,False,True,True,True
1211,12054,True,53801,False,True,True,53801,False,True,True,53801,False,True,True,True
1212,12058,True,53801,False,True,True,53801,False,True,True,53801,False,True,True,True
1213,12061,True,53801,False,True,True,53801,False,True,True,53801,False,True,True,True
1214,12079,True,53801,False,True,True,53801,False,True,True,53801,False,True,True,True
1214,82139,False,256,False,True,False,256,False,True,False,256,False,True,False,True
1215,12091,True,53801,False,True,True,53801,False,True,True,53801,False,True,True,True
1216,12092,True,53801,False,True,True,53801,False,True,True,53801,False,True,True,True
1217,12108,True,53801,False,True,True,53801,False,True,True,53801,False,True,True,True
1218,12110,True,53801,False,True,True,53801,False,True,True,53801,False,True,True,True
1219,12118,True,53801,False,True,True,53801,False,True,True,53801,False,True,True,True
1220,12119,True,53801,False,True,True,53801,False,True,True,53801,False,True,True,True
1220,75035,False,256,False,True,False,256,False,True,False,256,False,True,False,True
1221,1531,False,256,False,True,False,256,False,True,False,256,False,True,False,True
1221,12121,True,53801,False,True,True,53801,False,True,True,53801,False,True,True,True
1222,12130,True,53801,False,True,True,53801,False,True,True,53801,False,True,True,True
1222,33128,False,256,False,True,False,256,False,True,False,256,False,True,False,True
1223,12141,True,53801,False,True,True,53801,False,True,True,53801,False,True,True,True
1224,12146,True,53801,False,True,True,53801,False,True,True,53801,False,True,True,True
1225,12154,True,53801,False,True,True,53801,False,True,True,53801,False,True,True,True
1226,12157,True,53801,False,True,True,53801,False,True,True,53801,False,True,True,True
1227,12158,True,53801,False,True,True,53801,False,True,True,53801,False,True,True,True
1228,12168,True,53801,False,True,True,53801,False,True,True,53801,False,True,True,True
1229,12182,True,53801,False,True,True,53801,False,True,True,53801,False,True,True,True
1229,21447,False,256,False,True,False,256,False,True,False,256,False,True,False,True
1230,12187,True,53801,False,True,True,53801,False,True,True,53801,False,True,True,True
1231,12195,True,53801,False,True,True,53801,False,True,True,53801,False,True,True,True
1232,12196,True,53801,False,True,True,53801,False,True,True,53801,False,True,True,True
1233,12198,True,53801,False,True,True,53801,False,True,True,53801,False,True,True,True
1234,12211,True,53801,False,True,True,53801,False,True,True,53801,False,True,True,True
1235,12212,True,53801,False,True,True,53801,False,True,True,53801,False,True,True,True
1236,12214,True,53801,False,True,True,53801,False,True,True,53801,False,True,True,True
1237,12215,True,53801,False,True,True,53801,False,True,True,53801,False,True,True,True
1238,12222,True,53801,False,True,True,53801,False,True,True,53801,False,True,True,True
1239,12226,True,53801,False,True,True,53801,False,True,True,53801,False,True,True,True
1240,12229,True,53801,False,True,True,53801,False,True,True,53801,False,True,True,True
1241,12233,True,53801,False,True,True,53801,False,True,True,53801,False,True,True,True
1242,12235,True,53801,False,True,True,53801,False,True,True,53801,False,True,True,True
1243,12238,True,53801,False,True,True,53801,False,True,True,53801,False,True,True,True
1244,12245,True,53801,False,True,True,53801,False,True,True,53801,False,True,True,True
1245,12249,True,53801,False,True,True,53801,False,True,True,53801,False,True,True,True
1246,12262,True,53801,False,True,True,53801,False,True,True,53801,False,True,True,True
1247,12263,True,53801,False,True,True,53801,False,True,True,53801,False,True,True,True
1248,12269,True,53801,False,True,True,53801,False,True,True,53801,False,True,True,True
1249,12273,True,53801,False,True,True,53801,False,True,True,53801,False,True,True,True
1250,12277,True,53801,False,True,True,53801,False,True,True,53801,False,True,True,True
1251,12288,True,53801,False,True,True,53801,False,True,True,53801,False,True,True,True
1251,30832,False,256,False,True,False,256,False,True,False,256,False,True,False,True
1252,12294,True,53801,False,True,True,53801,False,True,True,53801,False,True,True,True
1252,21573,False,256,False,True,False,256,False,True,False,256,False,True,False,True
1253,12297,True,53801,False,True,True,53801,False,True,True,53801,False,True,True,True
1254,12312,True,53801,False,True,True,53801,False,True,True,53801,False,True,True,True
1255,12317,True,53801,False,True,True,53801,False,True,True,53801,False,True,True,True
1256,12323,True,53801,False,True,True,53801,False,True,True,53801,False,True,True,True
1257,12325,True,53801,False,True,True,53801,False,True,True,53801,False,True,True,True
1257,38447,False,256,False,True,False,256,False,True,False,256,False,True,False,True
1258,12331,True,53801,False,True,True,53801,False,True,True,53801,False,True,True,True
1258,30893,False,256,False,True,False,256,False,True,False,256,False,True,False,True
1259,12350,True,53801,False,True,True,53801,False,True,True,53801,False,True,True,True
1260,12361,True,53801,False,True,True,53801,False,True,True,53801,False,True,True,True
1260,44549,False,256,False,True,False,256,False,True,False,256,False,True,False,True
1261,12366,True,53801,False,True,True,53801,False,True,True,53801,False,True,True,True
1262,12371,True,53801,False,True,True,53801,False,True,True,53801,False,True,True,True
1263,12372,True,53801,False,True,True,53801,False,True,True,53801,False,True,True,True
1264,12374,True,53801,False,True,True,53801,False,True,True,53801,False,True,True,True
1265,12375,True,53801,False,True,True,53801,False,True,True,53801,False,True,True,True
1266,12387,True,53801,False,True,True,53801,False,True,True,53801,False,True,True,True
1267,12391,True,53801,False,True,True,53801,False,True,True,53801,False,True,True,True
1268,12404,True,53801,False,True,True,53801,False,True,True,53801,False,True,True,True
1269,12407,True,53801,False,True,True,53801,False,True,True,53801,False,True,True,True
1270,12426,True,53801,False,True,True,53801,False,True,True,53801,False,True,True,True
1271,12434,True,53801,False,True,True,53801,False,True,True,53801,False,True,True,True
1272,12439,True,53801,False,True,True,53801,False,True,True,53801,False,True,True,True
1273,12440,True,53801,False,True,True,53801,False,True,True,53801,False,True,True,True
1274,12445,True,53801,False,True,True,53801,False,True,True,53801,False,True,True,True
1275,12446,True,53801,False,True,True,53801,False,True,True,53801,False,True,True,True
1276,12452,True,53801,False,True,True,53801,False,True,True,53801,False,True,True,True
1277,12460,True,53801,False,True,True,53801,False,True,True,53801,False,True,True,True
1277,38694,False,256,False,True,False,256,False,True,False,256,False,True,False,True
1278,12463,True,53801,False,True,True,53801,False,True,True,53801,False,True,True,True
1279,12472,True,53801,False,True,True,53801,False,True,True,53801,False,True,True,True
1280,12477,True,53801,False,True,True,53801,False,True,True,53801,False,True,True,True
1281,12489,True,53801,False,True,True,53801,False,True,True,53801,False,True,True,True
1282,12504,True,53801,False,True,True,53801,False,True,True,53801,False,True,True,True
1283,12507,True,53801,False,True,True,53801,False,True,True,53801,False,True,True,True
1284,12514,True,53801,False,True,True,53801,False,True,True,53801,False,True,True,True
1285,12515,True,53801,False,True,True,53801,False,True,True,53801,False,True,True,True
1285,44796,False,256,False,True,False,256,False,True,False,256,False,True,False,True
1286,12516,True,53801,False,True,True,53801,False,True,True,53801,False,True,True,True
1287,12519,True,53801,False,True,True,53801,False,True,True,53801,False,True,True,True
1288,12529,True,53801,False,True,True,53801,False,True,True,53801,False,True,True,True
1289,12536,True,53801,False,True,True,53801,False,True,True,53801,False,True,True,True
1290,12542,True,53801,False,True,True,53801,False,True,True,53801,False,True,True,True
1291,12543,True,53801,False,True,True,53801,False,True,True,53801,False,True,True,True
1292,872,False,256,False,True,False,256,False,True,False,256,False,True,False,True
1292,12552,True,53801,False,True,True,53801,False,True,True,53801,False,True,True,True
1293,12561,True,53801,False,True,True,53801,False,True,True,53801,False,True,True,True
1294,12567,True,53801,False,True,True,53801,False,True,True,53801,False,True,True,True
1295,12573,True,53801,False,True,True,53801,False,True,True,53801,False,True,True,True
1296,12574,True,53801,False,True,True,53801,False,True,True,53801,False,True,True,True
1297,12575,True,53801,False,True,True,53801,False,True,True,53801,False,True,True,True
1298,12587,True,53801,False,True,True,53801,False,True,True,53801,False,True,True,True
1299,12594,True,53801,False,True,True,53801,False,True,True,53801,False,True,True,True
1300,12595,True,53801,False,True,True,53801,False,True,True,53801,False,True,True,True
1301,12596,True,53801,False,True,True,53801,False,True,True,53801,False,True,True,True
1302,12601,True,53801,False,True,True,53801,False,True,True,53801,False,True,True,True
1303,12616,True,53801,False,True,True,53801,False,True,True,53801,False,True,True,True
1304,12627,True,53801,False,True,True,53801,False,True,True,53801,False,True,True,True
1305,12629,True,53801,False,True,True,53801,False,True,True,53801,False,True,True,True
1306,12630,True,53801,False,True,True,53801,False,True,True,53801,False,True,True,True
1307,12632,True,53801,False,True,True,53801,False,True,True,53801,False,True,True,True
1308,12634,True,53801,False,True,True,53801,False,True,True,53801,False,True,True,True
1309,12641,True,53801,False,True,True,53801,False,True,True,53801,False,True,True,True
1310,12646,True,53801,False,True,True,53801,False,True,True,53801,False,True,True,True
1311,12648,True,53801,False,True,True,53801,False,True,True,53801,False,True,True,True
1312,12673,True,53801,False,True,True,53801,False,True,True,53801,False,True,True,True
1313,12675,True,53801,False,True,True,53801,False,True,True,53801,False,True,True,True
1314,12678,True,53801,False,True,True,53801,False,True,True,53801,False,True,True,True
1315,12695,True,53801,False,True,True,53801,False,True,True,53801,False,True,True,True
1316,12703,True,53801,False,True,True,53801,False,True,True,53801,False,True,True,True
1316,39093,False,256,False,True,False,256,False,True,False,256,False,True,False,True
1317,12705,True,53801,False,True,True,53801,False,True,True,53801,False,True,True,True
1318,12709,True,53801,False,True,True,53801,False,True,True,53801,False,True,True,True
1319,12716,True,53801,False,True,True,53801,False,True,True,53801,False,True,True,True
1320,12724,True,53801,False,True,True,53801,False,True,True,53801,False,True,True,True
1321,12730,True,53801,False,True,True,53801,False,True,True,53801,False,True,True,True
1322,12731,True,53801,False,True,True,53801,False,True,True,53801,False,True,True,True
1323,12743,True,53801,False,True,True,53801,False,True,True,53801,False,True,True,True
1324,12750,True,53801,False,True,True,53801,False,True,True,53801,False,True,True,True
1325,12760,True,53801,False,True,True,53801,False,True,True,53801,False,True,True,True
1326,12763,True,53801,False,True,True,53801,False,True,True,53801,False,True,True,True
1327,12765,True,53801,False,True,True,53801,False,True,True,53801,False,True,True,True
1328,12772,True,53801,False,True,True,53801,False,True,True,53801,False,True,True,True
1329,12773,True,53801,False,True,True,53801,False,True,True,53801,False,True,True,True
1329,58163,False,256,False,True,False,256,False,True,False,256,False,True,False,True
1330,12774,True,53801,False,True,True,53801,False,True,True,53801,False,True,True,True
1331,12775,True,53801,False,True,True,53801,False,True,True,53801,False,True,True,True
1332,12780,True,53801,False,True,True,53801,False,True,True,53801,False,True,True,True
1333,12798,True,53801,False,True,True,53801,False,True,True,53801,False,True,True,True
1334,12799,True,53801,False,True,True,53801,False,True,True,53801,False,True,True,True
1335,12803,True,53801,False,True,True,53801,False,True,True,53801,False,True,True,True
1336,12805,True,53801,False,True,True,53801,False,True,True,53801,False,True,True,True
1337,12810,True,53801,False,True,True,53801,False,True,True,53801,False,True,True,True
1338,12815,True,53801,False,True,True,53801,False,True,True,53801,False,True,True,True
1339,12820,True,53801,False,True,True,53801,False,True,True,53801,False,True,True,True
1340,12826,True,53801,False,True,True,53801,False,True,True,53801,False,True,True,True
1341,12828,True,53801,False,True,True,53801,False,True,True,53801,False,True,True,True
1342,12840,True,53801,False,True,True,53801,False,True,True,53801,False,True,True,True
1342,49831,False,256,False,True,False,256,False,True,False,256,False,True,False,True
1343,12841,True,53801,False,True,True,53801,False,True,True,53801,False,True,True,True
1344,12849,True,53801,False,True,True,53801,False,True,True,53801,False,True,True,True
1344,27413,False,256,False,True,False,256,False,True,False,256,False,True,False,True
1345,12852,True,53801,False,True,True,53801,False,True,True,53801,False,True,True,True
1346,12853,True,53801,False,True,True,53801,False,True,True,53801,False,True,True,True
1347,12865,True,53801,False,True,True,53801,False,True,True,53801,False,True,True,True
1348,12872,True,53801,False,True,True,53801,False,True,True,53801,False,True,True,True
1349,12883,True,53801,False,True,True,53801,False,True,True,53801,False,True,True,True
1350,12888,True,53801,False,True,True,53801,False,True,True,53801,False,True,True,True
1351,12910,True,53801,False,True,True,53801,False,True,True,53801,False,True,True,True
1352,12920,True,53801,False,True,True,53801,False,True,True,53801,False,True,True,True
1352,69464,False,256,False,True,False,256,False,True,False,256,False,True,False,True
1353,12925,True,53801,False,True,True,53801,False,True,True,53801,False,True,True,True
1354,12928,True,53801,False,True,True,53801,False,True,True,53801,False,True,True,True
1355,12931,True,53801,False,True,True,53801,False,True,True,53801,False,True,True,True
1356,12945,True,53801,False,True,True,53801,False,True,True,53801,False,True,True,True
1357,12949,True,53801,False,True,True,53801,False,True,True,53801,False,True,True,True
1358,12956,True,53801,False,True,True,53801,False,True,True,53801,False,True,True,True
1359,12957,True,53801,False,True,True,53801,False,True,True,53801,False,True,True,True
1360,12964,True,53801,False,True,True,53801,False,True,True,53801,False,True,True,True
1361,12968,True,53801,False,True,True,53801,False,True,True,53801,False,True,True,True
1363,12980,True,53801,False,True,True,53801,False,True,True,53801,False,True,True,True
1364,13000,True,53801,False,True,True,53801,False,True,True,53801,False,True,True,True
1365,13002,True,53801,False,True,True,53801,False,True,True,53801,False,True,True,True
1366,13010,True,53801,False,True,True,53801,False,True,True,53801,False,True,True,True
1367,13019,True,53801,False,True,True,53801,False,True,True,53801,False,True,True,True
1368,13022,True,53801,False,True,True,53801,False,True,True,53801,False,True,True,True
1368,33935,False,256,False,True,False,256,False,True,False,256,False,True,False,True
1369,13029,True,53801,False,True,True,53801,False,True,True,53801,False,True,True,True
1370,13032,True,53801,False,True,True,53801,False,True,True,53801,False,True,True,True
1371,13046,True,53801,False,True,True,53801,False,True,True,53801,False,True,True,True
1371,72321,False,256,False,True,False,256,False,True,False,256,False,True,False,True
1372,13049,True,53801,False,True,True,53801,False,True,True,53801,False,True,True,True
1373,13055,True,53801,False,True,True,53801,False,True,True,53801,False,True,True,True
1374,13057,True,53801,False,True,True,53801,False,True,True,53801,False,True,True,True
1375,13058,True,53801,False,True,True,53801,False,True,True,53801,False,True,True,True
1376,13068,True,53801,False,True,True,53801,False,True,True,53801,False,True,True,True
1377,13072,True,53801,False,True,True,53801,False,True,True,53801,False,True,True,True
1378,13081,True,53801,False,True,True,53801,False,True,True,53801,False,True,True,True
1379,13096,True,53801,False,True,True,53801,False,True,True,53801,False,True,True,True
1380,13106,True,53801,False,True,True,53801,False,True,True,53801,False,True,True,True
1381,13110,True,53801,False,True,True,53801,False,True,True,53801,False,True,True,True
1382,13121,True,53801,False,True,True,53801,False,True,True,53801,False,True,True,True
1383,13128,True,53801,False,True,True,53801,False,True,True,53801,False,True,True,True
1384,13138,True,53801,False,True,True,53801,False,True,True,53801,False,True,True,True
1385,13140,True,53801,False,True,True,53801,False,True,True,53801,False,True,True,True
1386,13141,True,53801,False,True,True,53801,False,True,True,53801,False,True,True,True
1387,13143,True,53801,False,True,True,53801,False,True,True,53801,False,True,True,True
1388,13158,True,53801,False,True,True,53801,False,True,True,53801,False,True,True,True
1389,13166,True,53801,False,True,True,53801,False,True,True,53801,False,True,True,True
1390,13181,True,53801,False,True,True,53801,False,True,True,53801,False,True,True,True
1391,13186,True,53801,False,True,True,53801,False,True,True,53801,False,True,True,True
1392,13196,True,53801,False,True,True,53801,False,True,True,53801,False,True,True,True
1393,13203,True,53801,False,True,True,53801,False,True,True,53801,False,True,True,True
1394,13206,True,53801,False,True,True,53801,False,True,True,53801,False,True,True,True
1395,13213,True,53801,False,True,True,53801,False,True,True,53801,False,True,True,True
1396,13215,True,53801,False,True,True,53801,False,True,True,53801,False,True,True,True
1397,13229,True,53801,False,True,True,53801,False,True,True,53801,False,True,True,True
1398,13232,True,53801,False,True,True,53801,False,True,True,53801,False,True,True,True
1399,13233,True,53801,False,True,True,53801,False,True,True,53801,False,True,True,True
1400,13250,True,53801,False,True,True,53801,False,True,True,53801,False,True,True,True
1401,13251,True,53801,False,True,True,53801,False,True,True,53801,False,True,True,True
1401,25696,False,256,False,True,False,256,False,True,False,256,False,True,False,True
1401,39910,False,256,False,True,False,256,False,True,False,256,False,True,False,True
1402,13258,True,53801,False,True,True,53801,False,True,True,53801,False,True,True,True
1403,13262,True,53801,False,True,True,53801,False,True,True,53801,False,True,True,True
1404,13263,True,53801,False,True,True,53801,False,True,True,53801,False,True,True,True
1405,13264,True,53801,False,True,True,53801,False,True,True,53801,False,True,True,True
1406,13265,True,53801,False,True,True,53801,False,True,True,53801,False,True,True,True
1407,13273,True,53801,False,True,True,53801,False,True,True,53801,False,True,True,True
1407,79766,False,256,False,True,False,256,False,True,False,256,False,True,False,True
1408,13274,True,53801,False,True,True,53801,False,True,True,53801,False,True,True,True
1409,13284,True,53801,False,True,True,53801,False,True,True,53801,False,True,True,True
1410,13290,True,53801,False,True,True,53801,False,True,True,53801,False,True,True,True
1411,13295,True,53801,False,True,True,53801,False,True,True,53801,False,True,True,True
1412,13297,True,53801,False,True,True,53801,False,True,True,53801,False,True,True,True
1412,39987,False,256,False,True,False,256,False,True,False,256,False,True,False,True
1413,13328,True,53801,False,True,True,53801,False,True,True,53801,False,True,True,True
1414,13330,True,53801,False,True,True,53801,False,True,True,53801,False,True,True,True
1415,13356,True,53801,False,True,True,53801,False,True,True,53801,False,True,True,True
1416,13357,True,53801,False,True,True,53801,False,True,True,53801,False,True,True,True
1417,13358,True,53801,False,True,True,53801,False,True,True,53801,False,True,True,True
1418,13361,True,53801,False,True,True,53801,False,True,True,53801,False,True,True,True
1419,13365,True,53801,False,True,True,53801,False,True,True,53801,False,True,True,True
1420,13369,True,53801,False,True,True,53801,False,True,True,53801,False,True,True,True
1421,13372,True,53801,False,True,True,53801,False,True,True,53801,False,True,True,True
1422,13384,True,53801,False,True,True,53801,False,True,True,53801,False,True,True,True
1423,13386,True,53801,False,True,True,53801,False,True,True,53801,False,True,True,True
1424,13395,True,53801,False,True,True,53801,False,True,True,53801,False,True,True,True
1425,13398,True,53801,False,True,True,53801,False,True,True,53801,False,True,True,True
1426,13400,True,53801,False,True,True,53801,False,True,True,53801,False,True,True,True
1426,55078,False,256,False,True,False,256,False,True,False,256,False,True,False,True
1427,13404,True,53801,False,True,True,53801,False,True,True,53801,False,True,True,True
1428,13406,True,53801,False,True,True,53801,False,True,True,53801,False,True,True,True
1429,13408,True,53801,False,True,True,53801,False,True,True,53801,False,True,True,True
1430,13412,True,53801,False,True,True,53801,False,True,True,53801,False,True,True,True
1431,13414,True,53801,False,True,True,53801,False,True,True,53801,False,True,True,True
1432,13429,True,53801,False,True,True,53801,False,True,True,53801,False,True,True,True
1433,13443,True,53801,False,True,True,53801,False,True,True,53801,False,True,True,True
1434,13447,True,53801,False,True,True,53801,False,True,True,53801,False,True,True,True
1434,19011,False,256,False,True,False,256,False,True,False,256,False,True,False,True
1435,13474,True,53801,False,True,True,53801,False,True,True,53801,False,True,True,True
1436,13475,True,53801,False,True,True,53801,False,True,True,53801,False,True,True,True
1437,13476,True,53801,False,True,True,53801,False,True,True,53801,False,True,True,True
1438,13477,True,53801,False,True,True,53801,False,True,True,53801,False,True,True,True
1439,13489,True,53801,False,True,True,53801,False,True,True,53801,False,True,True,True
1440,13507,True,53801,False,True,True,53801,False,True,True,53801,False,True,True,True
1441,13512,True,53801,False,True,True,53801,False,True,True,53801,False,True,True,True
1441,40377,False,256,False,True,False,256,False,True,False,256,False,True,False,True
1442,13521,True,53801,False,True,True,53801,False,True,True,53801,False,True,True,True
1442,83612,False,256,False,True,False,256,False,True,False,256,False,True,False,True
1443,13522,True,53801,False,True,True,53801,False,True,True,53801,False,True,True,True
1444,13551,True,53801,False,True,True,53801,False,True,True,53801,False,True,True,True
1445,13560,True,53801,False,True,True,53801,False,True,True,53801,False,True,True,True
1446,13573,True,53801,False,True,True,53801,False,True,True,53801,False,True,True,True
1447,13582,True,53801,False,True,True,53801,False,True,True,53801,False,True,True,True
1448,13587,True,53801,False,True,True,53801,False,True,True,53801,False,True,True,True
1449,13589,True,53801,False,True,True,53801,False,True,True,53801,False,True,True,True
1450,13590,True,53801,False,True,True,53801,False,True,True,53801,False,True,True,True
1451,13592,True,53801,False,True,True,53801,False,True,True,53801,False,True,True,True
1452,13594,True,53801,False,True,True,53801,False,True,True,53801,False,True,True,True
1453,13595,True,53801,False,True,True,53801,False,True,True,53801,False,True,True,True
1453,28224,False,256,False,True,False,256,False,True,False,256,False,True,False,True
1454,13605,True,53801,False,True,True,53801,False,True,True,53801,False,True,True,True
1455,13615,True,53801,False,True,True,53801,False,True,True,53801,False,True,True,True
1456,13616,True,53801,False,True,True,53801,False,True,True,53801,False,True,True,True
1457,13627,True,53801,False,True,True,53801,False,True,True,53801,False,True,True,True
1458,13633,True,53801,False,True,True,53801,False,True,True,53801,False,True,True,True
1459,13635,True,53801,False,True,True,53801,False,True,True,53801,False,True,True,True
1460,13641,True,53801,False,True,True,53801,False,True,True,53801,False,True,True,True
1461,13652,True,53801,False,True,True,53801,False,True,True,53801,False,True,True,True
1462,13653,True,53801,False,True,True,53801,False,True,True,53801,False,True,True,True
1463,13664,True,53801,False,True,True,53801,False,True,True,53801,False,True,True,True
1464,13668,True,53801,False,True,True,53801,False,True,True,53801,False,True,True,True
1465,13676,True,53801,False,True,True,53801,False,True,True,53801,False,True,True,True
1466,13680,True,53801,False,True,True,53801,False,True,True,53801,False,True,True,True
1467,13689,True,53801,False,True,True,53801,False,True,True,53801,False,True,True,True
1468,13695,True,53801,False,True,True,53801,False,True,True,53801,False,True,True,True
1469,13696,True,53801,False,True,True,53801,False,True,True,53801,False,True,True,True
1470,13701,True,53801,False,True,True,53801,False,True,True,53801,False,True,True,True
1471,13709,True,53801,False,True,True,53801,False,True,True,53801,False,True,True,True
1472,13730,True,53801,False,True,True,53801,False,True,True,53801,False,True,True,True
1473,13745,True,53801,False,True,True,53801,False,True,True,53801,False,True,True,True
1474,13747,True,53801,False,True,True,53801,False,True,True,53801,False,True,True,True
1475,13749,True,53801,False,True,True,53801,False,True,True,53801,False,True,True,True
1476,13754,True,53801,False,True,True,53801,False,True,True,53801,False,True,True,True
1477,13760,True,53801,False,True,True,53801,False,True,True,53801,False,True,True,True
1478,13768,True,53801,False,True,True,53801,False,True,True,53801,False,True,True,True
1479,13769,True,53801,False,True,True,53801,False,True,True,53801,False,True,True,True
1480,13771,True,53801,False,True,True,53801,False,True,True,53801,False,True,True,True
1480,31499,False,256,False,True,False,256,False,True,False,256,False,True,False,True
1481,13781,True,53801,False,True,True,53801,False,True,True,53801,False,True,True,True
1482,13791,True,53801,False,True,True,53801,False,True,True,53801,False,True,True,True
1483,13808,True,53801,False,True,True,53801,False,True,True,53801,False,True,True,True
1484,13825,True,53801,False,True,True,53801,False,True,True,53801,False,True,True,True
1485,13855,True,53801,False,True,True,53801,False,True,True,53801,False,True,True,True
1486,13856,True,53801,False,True,True,53801,False,True,True,53801,False,True,True,True
1486,87286,False,256,False,True,False,256,False,True,False,256,False,True,False,True
1487,13861,True,53801,False,True,True,53801,False,True,True,53801,False,True,True,True
1488,13878,True,53801,False,True,True,53801,False,True,True,53801,False,True,True,True
1489,13882,True,53801,False,True,True,53801,False,True,True,53801,False,True,True,True
1490,13885,True,53801,False,True,True,53801,False,True,True,53801,False,True,True,True
1491,13886,True,53801,False,True,True,53801,False,True,True,53801,False,True,True,True
1492,13916,True,53801,False,True,True,53801,False,True,True,53801,False,True,True,True
1493,13918,True,53801,False,True,True,53801,False,True,True,53801,False,True,True,True
1494,13919,True,53801,False,True,True,53801,False,True,True,53801,False,True,True,True
1495,13929,True,53801,False,True,True,53801,False,True,True,53801,False,True,True,True
1496,13930,True,53801,False,True,True,53801,False,True,True,53801,False,True,True,True
1497,13931,True,53801,False,True,True,53801,False,True,True,53801,False,True,True,True
1498,13934,True,53801,False,True,True,53801,False,True,True,53801,False,True,True,True
1499,13944,True,53801,False,True,True,53801,False,True,True,53801,False,True,True,True
1500,13945,True,53801,False,True,True,53801,False,True,True,53801,False,True,True,True
1501,13955,True,53801,False,True,True,53801,False,True,True,53801,False,True,True,True
1502,13965,True,53801,False,True,True,53801,False,True,True,53801,False,True,True,True
1502,51232,False,256,False,True,False,256,False,True,False,256,False,True,False,True
1503,13970,True,53801,False,True,True,53801,False,True,True,53801,False,True,True,True
1504,13971,True,53801,False,True,True,53801,False,True,True,53801,False,True,True,True
1505,13976,True,53801,False,True,True,53801,False,True,True,53801,False,True,True,True
1506,13993,True,53801,False,True,True,53801,False,True,True,53801,False,True,True,True
1507,13999,True,53801,False,True,True,53801,False,True,True,53801,False,True,True,True
1508,2252,False,256,False,True,False,256,False,True,False,256,False,True,False,True
1508,14004,True,53801,False,True,True,53801,False,True,True,53801,False,True,True,True
1508,26076,False,256,False,True,False,256,False,True,False,256,False,True,False,True
1509,14014,True,53801,False,True,True,53801,False,True,True,53801,False,True,True,True
1510,14034,True,53801,False,True,True,53801,False,True,True,53801,False,True,True,True
1511,14036,True,53801,False,True,True,53801,False,True,True,53801,False,True,True,True
1512,14038,True,53801,False,True,True,53801,False,True,True,53801,False,True,True,True
1513,14044,True,53801,False,True,True,53801,False,True,True,53801,False,True,True,True
1514,14045,True,53801,False,True,True,53801,False,True,True,53801,False,True,True,True
1514,65034,False,256,False,True,False,256,False,True,False,256,False,True,False,True
1515,14050,True,53801,False,True,True,53801,False,True,True,53801,False,True,True,True
1516,14051,True,53801,False,True,True,53801,False,True,True,53801,False,True,True,True
1516,35464,False,256,False,True,False,256,False,True,False,256,False,True,False,True
1517,14056,True,53801,False,True,True,53801,False,True,True,53801,False,True,True,True
1518,14060,True,53801,False,True,True,53801,False,True,True,53801,False,True,True,True
1519,14065,True,53801,False,True,True,53801,False,True,True,53801,False,True,True,True
1520,14073,True,53801,False,True,True,53801,False,True,True,53801,False,True,True,True
1521,14080,True,53801,False,True,True,53801,False,True,True,53801,False,True,True,True
1522,14097,True,53801,False,True,True,53801,False,True,True,53801,False,True,True,True
1523,14100,True,53801,False,True,True,53801,False,True,True,53801,False,True,True,True
1524,14101,True,53801,False,True,True,53801,False,True,True,53801,False,True,True,True
1525,14109,True,53801,False,True,True,53801,False,True,True,53801,False,True,True,True
1526,14112,True,53801,False,True,True,53801,False,True,True,53801,False,True,True,True
1527,14140,True,53801,False,True,True,53801,False,True,True,53801,False,True,True,True
1528,14158,True,53801,False,True,True,53801,False,True,True,53801,False,True,True,True
1529,14163,True,53801,False,True,True,53801,False,True,True,53801,False,True,True,True
1530,14170,True,53801,False,True,True,53801,False,True,True,53801,False,True,True,True
1531,14180,True,53801,False,True,True,53801,False,True,True,53801,False,True,True,True
1532,14183,True,53801,False,True,True,53801,False,True,True,53801,False,True,True,True
1533,14195,True,53801,False,True,True,53801,False,True,True,53801,False,True,True,True
1534,14204,True,53801,False,True,True,53801,False,True,True,53801,False,True,True,True
1535,14206,True,53801,False,True,True,53801,False,True,True,53801,False,True,True,True
1536,14213,True,53801,False,True,True,53801,False,True,True,53801,False,True,True,True
1537,14220,True,53801,False,True,True,53801,False,True,True,53801,False,True,True,True
1537,19779,False,256,False,True,False,256,False,True,False,256,False,True,False,True
1538,14232,True,53801,False,True,True,53801,False,True,True,53801,False,True,True,True
1539,14234,True,53801,False,True,True,53801,False,True,True,53801,False,True,True,True
1540,14247,True,53801,False,True,True,53801,False,True,True,53801,False,True,True,True
1541,14256,True,53801,False,True,True,53801,False,True,True,53801,False,True,True,True
1542,14257,True,53801,False,True,True,53801,False,True,True,53801,False,True,True,True
1543,14262,True,53801,False,True,True,53801,False,True,True,53801,False,True,True,True
1544,14268,True,53801,False,True,True,53801,False,True,True,53801,False,True,True,True
1545,14276,True,53801,False,True,True,53801,False,True,True,53801,False,True,True,True
1546,14280,True,53801,False,True,True,53801,False,True,True,53801,False,True,True,True
1547,14282,True,53801,False,True,True,53801,False,True,True,53801,False,True,True,True
1548,14293,True,53801,False,True,True,53801,False,True,True,53801,False,True,True,True
1549,14297,True,53801,False,True,True,53801,False,True,True,53801,False,True,True,True
1550,14302,True,53801,False,True,True,53801,False,True,True,53801,False,True,True,True
1551,14305,True,53801,False,True,True,53801,False,True,True,53801,False,True,True,True
1552,14307,True,53801,False,True,True,53801,False,True,True,53801,False,True,True,True
1553,14315,True,53801,False,True,True,53801,False,True,True,53801,False,True,True,True
1554,14317,True,53801,False,True,True,53801,False,True,True,53801,False,True,True,True
1555,14318,True,53801,False,True,True,53801,False,True,True,53801,False,True,True,True
1556,14319,True,53801,False,True,True,53801,False,True,True,53801,False,True,True,True
1556,47039,False,256,False,True,False,256,False,True,False,256,False,True,False,True
1556,70448,False,256,False,True,False,256,False,True,False,256,False,True,False,True
1557,14325,True,53801,False,True,True,53801,False,True,True,53801,False,True,True,True
1558,14332,True,53801,False,True,True,53801,False,True,True,53801,False,True,True,True
1559,14339,True,53801,False,True,True,53801,False,True,True,53801,False,True,True,True
1559,77297,False,256,False,True,False,256,False,True,False,256,False,True,False,True
1560,14340,True,53801,False,True,True,53801,False,True,True,53801,False,True,True,True
1561,14341,True,53801,False,True,True,53801,False,True,True,53801,False,True,True,True
1562,14356,True,53801,False,True,True,53801,False,True,True,53801,False,True,True,True
1563,14375,True,53801,False,True,True,53801,False,True,True,53801,False,True,True,True
1564,14378,True,53801,False,True,True,53801,False,True,True,53801,False,True,True,True
1565,14381,True,53801,False,True,True,53801,False,True,True,53801,False,True,True,True
1566,14393,True,53801,False,True,True,53801,False,True,True,53801,False,True,True,True
1567,14394,True,53801,False,True,True,53801,False,True,True,53801,False,True,True,True
1568,14404,True,53801,False,True,True,53801,False,True,True,53801,False,True,True,True
1569,14406,True,53801,False,True,True,53801,False,True,True,53801,False,True,True,True
1570,14411,True,53801,False,True,True,53801,False,True,True,53801,False,True,True,True
1571,14414,True,53801,False,True,True,53801,False,True,True,53801,False,True,True,True
1572,14433,True,53801,False,True,True,53801,False,True,True,53801,False,True,True,True
1573,14440,True,53801,False,True,True,53801,False,True,True,53801,False,True,True,True
1574,14447,True,53801,False,True,True,53801,False,True,True,53801,False,True,True,True
1575,14456,True,53801,False,True,True,53801,False,True,True,53801,False,True,True,True
1575,56056,False,256,False,True,False,256,False,True,False,256,False,True,False,True
1576,14458,True,53801,False,True,True,53801,False,True,True,53801,False,True,True,True
1577,14468,True,53801,False,True,True,53801,False,True,True,53801,False,True,True,True
1577,32763,False,256,False,True,False,256,False,True,False,256,False,True,False,True
1578,14494,True,53801,False,True,True,53801,False,True,True,53801,False,True,True,True
1579,14508,True,53801,False,True,True,53801,False,True,True,53801,False,True,True,True
1580,14512,True,53801,False,True,True,53801,False,True,True,53801,False,True,True,True
1581,14516,True,53801,False,True,True,53801,False,True,True,53801,False,True,True,True
1582,14519,True,53801,False,True,True,53801,False,True,True,53801,False,True,True,True
1583,14534,True,53801,False,True,True,53801,False,True,True,53801,False,True,True,True
1584,14546,True,53801,False,True,True,53801,False,True,True,53801,False,True,True,True
1585,14555,True,53801,False,True,True,53801,False,True,True,53801,False,True,True,True
1586,14566,True,53801,False,True,True,53801,False,True,True,53801,False,True,True,True
1586,52068,False,256,False,True,False,256,False,True,False,256,False,True,False,True
1587,14567,True,53801,False,True,True,53801,False,True,True,53801,False,True,True,True
1588,14576,True,53801,False,True,True,53801,False,True,True,53801,False,True,True,True
1589,14607,True,53801,False,True,True,53801,False,True,True,53801,False,True,True,True
1590,14613,True,53801,False,True,True,53801,False,True,True,53801,False,True,True,True
1591,14625,True,53801,False,True,True,53801,False,True,True,53801,False,True,True,True
1592,14639,True,53801,False,True,True,53801,False,True,True,53801,False,True,True,True
1593,14646,True,53801,False,True,True,53801,False,True,True,53801,False,True,True,True
1594,14651,True,53801,False,True,True,53801,False,True,True,53801,False,True,True,True
1594,31751,False,256,False,True,False,256,False,True,False,256,False,True,False,True
1595,14654,True,53801,False,True,True,53801,False,True,True,53801,False,True,True,True
1596,14662,True,53801,False,True,True,53801,False,True,True,53801,False,True,True,True
1597,14670,True,53801,False,True,True,53801,False,True,True,53801,False,True,True,True
1598,14673,True,53801,False,True,True,53801,False,True,True,53801,False,True,True,True
1599,14684,True,53801,False,True,True,53801,False,True,True,53801,False,True,True,True
1600,14690,True,53801,False,True,True,53801,False,True,True,53801,False,True,True,True
1600,81158,False,256,False,True,False,256,False,True,False,256,False,True,False,True
1601,14697,True,53801,False,True,True,53801,False,True,True,53801,False,True,True,True
1602,14698,True,53801,False,True,True,53801,False,True,True,53801,False,True,True,True
1603,14710,True,53801,False,True,True,53801,False,True,True,53801,False,True,True,True
1604,14714,True,53801,False,True,True,53801,False,True,True,53801,False,True,True,True
1605,14726,True,53801,False,True,True,53801,False,True,True,53801,False,True,True,True
1605,20325,False,256,False,True,False,256,False,True,False,256,False,True,False,True
1606,14727,True,53801,False,True,True,53801,False,True,True,53801,False,True,True,True
1607,14730,True,53801,False,True,True,53801,False,True,True,53801,False,True,True,True
1608,14734,True,53801,False,True,True,53801,False,True,True,53801,False,True,True,True
1609,14738,True,53801,False,True,True,53801,False,True,True,53801,False,True,True,True
1610,14740,True,53801,False,True,True,53801,False,True,True,53801,False,True,True,True
1611,14741,True,53801,False,True,True,53801,False,True,True,53801,False,True,True,True
1612,14748,True,53801,False,True,True,53801,False,True,True,53801,False,True,True,True
1613,14753,True,53801,False,True,True,53801,False,True,True,53801,False,True,True,True
1614,14768,True,53801,False,True,True,53801,False,True,True,53801,False,True,True,True
1615,14769,True,53801,False,True,True,53801,False,True,True,53801,False,True,True,True
1616,14778,True,53801,False,True,True,53801,False,True,True,53801,False,True,True,True
1617,14781,True,53801,False,True,True,53801,False,True,True,53801,False,True,True,True
1618,14796,True,53801,False,True,True,53801,False,True,True,53801,False,True,True,True
1618,61510,False,256,False,True,False,256,False,True,False,256,False,True,False,True
1619,14800,True,53801,False,True,True,53801,False,True,True,53801,False,True,True,True
1620,14807,True,53801,False,True,True,53801,False,True,True,53801,False,True,True,True
1620,61542,False,256,False,True,False,256,False,True,False,256,False,True,False,True
1621,14819,True,53801,False,True,True,53801,False,True,True,53801,False,True,True,True
1622,14837,True,53801,False,True,True,53801,False,True,True,53801,False,True,True,True
1623,14838,True,53801,False,True,True,53801,False,True,True,53801,False,True,True,True
1624,14843,True,53801,False,True,True,53801,False,True,True,53801,False,True,True,True
1625,14857,True,53801,False,True,True,53801,False,True,True,53801,False,True,True,True
1626,14860,True,53801,False,True,True,53801,False,True,True,53801,False,True,True,True
1627,14862,True,53801,False,True,True,53801,False,True,True,53801,False,True,True,True
1628,14867,True,53801,False,True,True,53801,False,True,True,53801,False,True,True,True
1629,14872,True,53801,False,True,True,53801,False,True,True,53801,False,True,True,True
1630,14879,True,53801,False,True,True,53801,False,True,True,53801,False,True,True,True
1631,14881,True,53801,False,True,True,53801,False,True,True,53801,False,True,True,True
1632,14889,True,53801,False,True,True,53801,False,True,True,53801,False,True,True,True
1633,14899,True,53801,False,True,True,53801,False,True,True,53801,False,True,True,True
1634,14901,True,53801,False,True,True,53801,False,True,True,53801,False,True,True,True
1635,14904,True,53801,False,True,True,53801,False,True,True,53801,False,True,True,True
1636,14907,True,53801,False,True,True,53801,False,True,True,53801,False,True,True,True
1637,14909,True,53801,False,True,True,53801,False,True,True,53801,False,True,True,True
1638,14914,True,53801,False,True,True,53801,False,True,True,53801,False,True,True,True
1639,14915,True,53801,False,True,True,53801,False,True,True,53801,False,True,True,True
1640,14922,True,53801,False,True,True,53801,False,True,True,53801,False,True,True,True
1641,14927,True,53801,False,True,True,53801,False,True,True,53801,False,True,True,True
1642,14935,True,53801,False,True,True,53801,False,True,True,53801,False,True,True,True
1642,56532,False,256,False,True,False,256,False,True,False,256,False,True,False,True
1643,14941,True,53801,False,True,True,53801,False,True,True,53801,False,True,True,True
1644,14944,True,53801,False,True,True,53801,False,True,True,53801,False,True,True,True
1644,61785,False,256,False,True,False,256,False,True,False,256,False,True,False,True
1645,14945,True,53801,False,True,True,53801,False,True,True,53801,False,True,True,True
1645,84978,False,256,False,True,False,256,False,True,False,256,False,True,False,True
1646,14946,True,53801,False,True,True,53801,False,True,True,53801,False,True,True,True
1647,14949,True,53801,False,True,True,53801,False,True,True,53801,False,True,True,True
1648,14951,True,53801,False,True,True,53801,False,True,True,53801,False,True,True,True
1649,14959,True,53801,False,True,True,53801,False,True,True,53801,False,True,True,True
1650,14960,True,53801,False,True,True,53801,False,True,True,53801,False,True,True,True
1650,61809,False,256,False,True,False,256,False,True,False,256,False,True,False,True
1651,14970,True,53801,False,True,True,53801,False,True,True,53801,False,True,True,True
1652,14974,True,53801,False,True,True,53801,False,True,True,53801,False,True,True,True
1653,14995,True,53801,False,True,True,53801,False,True,True,53801,False,True,True,True
1654,15014,True,53801,False,True,True,53801,False,True,True,53801,False,True,True,True
1655,4050,False,256,False,True,False,256,False,True,False,256,False,True,False,True
1655,15015,True,53801,False,True,True,53801,False,True,True,53801,False,True,True,True
1656,15018,True,53801,False,True,True,53801,False,True,True,53801,False,True,True,True
1657,15027,True,53801,False,True,True,53801,False,True,True,53801,False,True,True,True
1658,15029,True,53801,False,True,True,53801,False,True,True,53801,False,True,True,True
1659,15056,True,53801,False,True,True,53801,False,True,True,53801,False,True,True,True
1660,15067,True,53801,False,True,True,53801,False,True,True,53801,False,True,True,True
1661,15069,True,53801,False,True,True,53801,False,True,True,53801,False,True,True,True
1662,15070,True,53801,False,True,True,53801,False,True,True,53801,False,True,True,True
1663,15088,True,53801,False,True,True,53801,False,True,True,53801,False,True,True,True
1664,15096,True,53801,False,True,True,53801,False,True,True,53801,False,True,True,True
1665,15100,True,53801,False,True,True,53801,False,True,True,53801,False,True,True,True
1666,15119,True,53801,False,True,True,53801,False,True,True,53801,False,True,True,True
1667,15124,True,53801,False,True,True,53801,False,True,True,53801,False,True,True,True
1668,15132,True,53801,False,True,True,53801,False,True,True,53801,False,True,True,True
1669,15146,True,53801,False,True,True,53801,False,True,True,53801,False,True,True,True
1670,15152,True,53801,False,True,True,53801,False,True,True,53801,False,True,True,True
1671,15153,True,53801,False,True,True,53801,False,True,True,53801,False,True,True,True
1672,15158,True,53801,False,True,True,53801,False,True,True,53801,False,True,True,True
1673,15159,True,53801,False,True,True,53801,False,True,True,53801,False,True,True,True
1674,15170,True,53801,False,True,True,53801,False,True,True,53801,False,True,True,True
1675,15177,True,53801,False,True,True,53801,False,True,True,53801,False,True,True,True
1676,15179,True,53801,False,True,True,53801,False,True,True,53801,False,True,True,True
1677,15180,True,53801,False,True,True,53801,False,True,True,53801,False,True,True,True
1678,15181,True,53801,False,True,True,53801,False,True,True,53801,False,True,True,True
1679,4121,False,256,False,True,False,256,False,True,False,256,False,True,False,True
1679,15182,True,53801,False,True,True,53801,False,True,True,53801,False,True,True,True
1680,15187,True,53801,False,True,True,53801,False,True,True,53801,False,True,True,True
1681,15191,True,53801,False,True,True,53801,False,True,True,53801,False,True,True,True
1682,15192,True,53801,False,True,True,53801,False,True,True,53801,False,True,True,True
1683,15198,True,53801,False,True,True,53801,False,True,True,53801,False,True,True,True
1684,15208,True,53801,False,True,True,53801,False,True,True,53801,False,True,True,True
1685,15214,True,53801,False,True,True,53801,False,True,True,53801,False,True,True,True
1685,31928,False,256,False,True,False,256,False,True,False,256,False,True,False,True
1686,15217,True,53801,False,True,True,53801,False,True,True,53801,False,True,True,True
1687,15219,True,53801,False,True,True,53801,False,True,True,53801,False,True,True,True
1688,15221,True,53801,False,True,True,53801,False,True,True,53801,False,True,True,True
1689,15225,True,53801,False,True,True,53801,False,True,True,53801,False,True,True,True
1690,15227,True,53801,False,True,True,53801,False,True,True,53801,False,True,True,True
1691,15234,True,53801,False,True,True,53801,False,True,True,53801,False,True,True,True
1692,15237,True,53801,False,True,True,53801,False,True,True,53801,False,True,True,True
1693,15249,True,53801,False,True,True,53801,False,True,True,53801,False,True,True,True
1694,15257,True,53801,False,True,True,53801,False,True,True,53801,False,True,True,True
1695,15258,True,53801,False,True,True,53801,False,True,True,53801,False,True,True,True
1696,15271,True,53801,False,True,True,53801,False,True,True,53801,False,True,True,True
1697,15274,True,53801,False,True,True,53801,False,True,True,53801,False,True,True,True
1698,15286,True,53801,False,True,True,53801,False,True,True,53801,False,True,True,True
1699,15289,True,53801,False,True,True,53801,False,True,True,53801,False,True,True,True
1700,15291,True,53801,False,True,True,53801,False,True,True,53801,False,True,True,True
1701,15293,True,53801,False,True,True,53801,False,True,True,53801,False,True,True,True
1702,15296,True,53801,False,True,True,53801,False,True,True,53801,False,True,True,True
1703,15297,True,53801,False,True,True,53801,False,True,True,53801,False,True,True,True
1704,15298,True,53801,False,True,True,53801,False,True,True,53801,False,True,True,True
1705,15299,True,53801,False,True,True,53801,False,True,True,53801,False,True,True,True
1706,15304,True,53801,False,True,True,53801,False,True,True,53801,False,True,True,True
1707,15306,True,53801,False,True,True,53801,False,True,True,53801,False,True,True,True
1708,15311,True,53801,False,True,True,53801,False,True,True,53801,False,True,True,True
1709,15314,True,53801,False,True,True,53801,False,True,True,53801,False,True,True,True
1709,65940,False,256,False,True,False,256,False,True,False,256,False,True,False,True
1710,15320,True,53801,False,True,True,53801,False,True,True,53801,False,True,True,True
1711,15321,True,53801,False,True,True,53801,False,True,True,53801,False,True,True,True
1712,15322,True,53801,False,True,True,53801,False,True,True,53801,False,True,True,True
1713,15374,True,53801,False,True,True,53801,False,True,True,53801,False,True,True,True
1714,15384,True,53801,False,True,True,53801,False,True,True,53801,False,True,True,True
1715,15388,True,53801,False,True,True,53801,False,True,True,53801,False,True,True,True
1716,15389,True,53801,False,True,True,53801,False,True,True,53801,False,True,True,True
1717,15390,True,53801,False,True,True,53801,False,True,True,53801,False,True,True,True
1718,2783,False,256,False,True,False,256,False,True,False,256,False,True,False,True
1718,15401,True,53801,False,True,True,53801,False,True,True,53801,False,True,True,True
1719,15411,True,53801,False,True,True,53801,False,True,True,53801,False,True,True,True
1720,15423,True,53801,False,True,True,53801,False,True,True,53801,False,True,True,True
1721,15427,True,53801,False,True,True,53801,False,True,True,53801,False,True,True,True
1722,15430,True,53801,False,True,True,53801,False,True,True,53801,False,True,True,True
1723,15439,True,53801,False,True,True,53801,False,True,True,53801,False,True,True,True
1724,15441,True,53801,False,True,True,53801,False,True,True,53801,False,True,True,True
1724,21042,False,256,False,True,False,256,False,True,False,256,False,True,False,True
1725,15444,True,53801,False,True,True,53801,False,True,True,53801,False,True,True,True
1726,15451,True,53801,False,True,True,53801,False,True,True,53801,False,True,True,True
1726,81896,False,256,False,True,False,256,False,True,False,256,False,True,False,True
1727,15458,True,53801,False,True,True,53801,False,True,True,53801,False,True,True,True
1728,15464,True,53801,False,True,True,53801,False,True,True,53801,False,True,True,True
1729,15478,True,53801,False,True,True,53801,False,True,True,53801,False,True,True,True
1730,15493,True,53801,False,True,True,53801,False,True,True,53801,False,True,True,True
1731,15501,True,53801,False,True,True,53801,False,True,True,53801,False,True,True,True
1732,15504,True,53801,False,True,True,53801,False,True,True,53801,False,True,True,True
1733,15511,True,53801,False,True,True,53801,False,True,True,53801,False,True,True,True
1734,15516,True,53801,False,True,True,53801,False,True,True,53801,False,True,True,True
1735,15517,True,53801,False,True,True,53801,False,True,True,53801,False,True,True,True
1736,15525,True,53801,False,True,True,53801,False,True,True,53801,False,True,True,True
1737,15534,True,53801,False,True,True,53801,False,True,True,53801,False,True,True,True
1738,15536,True,53801,False,True,True,53801,False,True,True,53801,False,True,True,True
1739,15542,True,53801,False,True,True,53801,False,True,True,53801,False,True,True,True
1740,15543,True,53801,False,True,True,53801,False,True,True,53801,False,True,True,True
1741,15544,True,53801,False,True,True,53801,False,True,True,53801,False,True,True,True
1742,15566,True,53801,False,True,True,53801,False,True,True,53801,False,True,True,True
1743,15569,True,53801,False,True,True,53801,False,True,True,53801,False,True,True,True
1744,15579,True,53801,False,True,True,53801,False,True,True,53801,False,True,True,True
1745,15585,True,53801,False,True,True,53801,False,True,True,53801,False,True,True,True
1746,15604,True,53801,False,True,True,53801,False,True,True,53801,False,True,True,True
1747,15607,True,53801,False,True,True,53801,False,True,True,53801,False,True,True,True
1748,15608,True,53801,False,True,True,53801,False,True,True,53801,False,True,True,True
1748,85643,False,256,False,True,False,256,False,True,False,256,False,True,False,True
1749,15631,True,53801,False,True,True,53801,False,True,True,53801,False,True,True,True
1750,15632,True,53801,False,True,True,53801,False,True,True,53801,False,True,True,True
1751,15641,True,53801,False,True,True,53801,False,True,True,53801,False,True,True,True
1751,26828,False,256,False,True,False,256,False,True,False,256,False,True,False,True
1752,15653,True,53801,False,True,True,53801,False,True,True,53801,False,True,True,True
1753,15660,True,53801,False,True,True,53801,False,True,True,53801,False,True,True,True
1754,15666,True,53801,False,True,True,53801,False,True,True,53801,False,True,True,True
1755,15679,True,53801,False,True,True,53801,False,True,True,53801,False,True,True,True
1756,15697,True,53801,False,True,True,53801,False,True,True,53801,False,True,True,True
1757,15698,True,53801,False,True,True,53801,False,True,True,53801,False,True,True,True
1758,15708,True,53801,False,True,True,53801,False,True,True,53801,False,True,True,True
1759,15716,True,53801,False,True,True,53801,False,True,True,53801,False,True,True,True
1760,15724,True,53801,False,True,True,53801,False,True,True,53801,False,True,True,True
1761,15726,True,53801,False,True,True,53801,False,True,True,53801,False,True,True,True
1761,30591,False,256,False,True,False,256,False,True,False,256,False,True,False,True
1762,15732,True,53801,False,True,True,53801,False,True,True,53801,False,True,True,True
1763,15740,True,53801,False,True,True,53801,False,True,True,53801,False,True,True,True
1764,15758,True,53801,False,True,True,53801,False,True,True,53801,False,True,True,True
1765,15763,True,53801,False,True,True,53801,False,True,True,53801,False,True,True,True
1766,15774,True,53801,False,True,True,53801,False,True,True,53801,False,True,True,True
1767,15776,True,53801,False,True,True,53801,False,True,True,53801,False,True,True,True
1768,15784,True,53801,False,True,True,53801,False,True,True,53801,False,True,True,True
1769,15831,True,53801,False,True,True,53801,False,True,True,53801,False,True,True,True
1770,15836,True,53801,False,True,True,53801,False,True,True,53801,False,True,True,True
1771,15838,True,53801,False,True,True,53801,False,True,True,53801,False,True,True,True
1772,15840,True,53801,False,True,True,53801,False,True,True,53801,False,True,True,True
1773,15842,True,53801,False,True,True,53801,False,True,True,53801,False,True,True,True
1774,15843,True,53801,False,True,True,53801,False,True,True,53801,False,True,True,True
1775,15857,True,53801,False,True,True,53801,False,True,True,53801,False,True,True,True
1776,15864,True,53801,False,True,True,53801,False,True,True,53801,False,True,True,True
1777,15866,True,53801,False,True,True,53801,False,True,True,53801,False,True,True,True
1777,88952,False,256,False,True,False,256,False,True,False,256,False,True,False,True
1778,15885,True,53801,False,True,True,53801,False,True,True,53801,False,True,True,True
1779,15888,True,53801,False,True,True,53801,False,True,True,53801,False,True,True,True
1780,15889,True,53801,False,True,True,53801,False,True,True,53801,False,True,True,True
1780,18030,False,256,False,True,False,256,False,True,False,256,False,True,False,True
1781,15892,True,53801,False,True,True,53801,False,True,True,53801,False,True,True,True
1782,15902,True,53801,False,True,True,53801,False,True,True,53801,False,True,True,True
1783,15916,True,53801,False,True,True,53801,False,True,True,53801,False,True,True,True
1784,15923,True,53801,False,True,True,53801,False,True,True,53801,False,True,True,True
1785,15928,True,53801,False,True,True,53801,False,True,True,53801,False,True,True,True
1786,15951,True,53801,False,True,True,53801,False,True,True,53801,False,True,True,True
1786,86006,False,256,False,True,False,256,False,True,False,256,False,True,False,True
1787,15964,True,53801,False,True,True,53801,False,True,True,53801,False,True,True,True
1787,54005,False,256,False,True,False,256,False,True,False,256,False,True,False,True
1788,15976,True,53801,False,True,True,53801,False,True,True,53801,False,True,True,True
1789,15982,True,53801,False,True,True,53801,False,True,True,53801,False,True,True,True
1790,15984,True,53801,False,True,True,53801,False,True,True,53801,False,True,True,True
1791,15990,True,53801,False,True,True,53801,False,True,True,53801,False,True,True,True
1792,15998,True,53801,False,True,True,53801,False,True,True,53801,False,True,True,True
1793,16012,True,53801,False,True,True,53801,False,True,True,53801,False,True,True,True
1794,16029,True,53801,False,True,True,53801,False,True,True,53801,False,True,True,True
1795,16039,True,53801,False,True,True,53801,False,True,True,53801,False,True,True,True
1796,16047,True,53801,False,True,True,53801,False,True,True,53801,False,True,True,True
1797,16064,True,53801,False,True,True,53801,False,True,True,53801,False,True,True,True
1798,16067,True,53801,False,True,True,53801,False,True,True,53801,False,True,True,True
1799,3052,False,256,False,True,False,256,False,True,False,256,False,True,False,True
1799,16088,True,53801,False,True,True,53801,False,True,True,53801,False,True,True,True
1800,16089,True,53801,False,True,True,53801,False,True,True,53801,False,True,True,True
1801,16090,True,53801,False,True,True,53801,False,True,True,53801,False,True,True,True
1802,16100,True,53801,False,True,True,53801,False,True,True,53801,False,True,True,True
1803,16101,True,53801,False,True,True,53801,False,True,True,53801,False,True,True,True
1804,16104,True,53801,False,True,True,53801,False,True,True,53801,False,True,True,True
1805,16113,True,53801,False,True,True,53801,False,True,True,53801,False,True,True,True
1806,16119,True,53801,False,True,True,53801,False,True,True,53801,False,True,True,True
1807,16143,True,53801,False,True,True,53801,False,True,True,53801,False,True,True,True
1808,16146,True,53801,False,True,True,53801,False,True,True,53801,False,True,True,True
1808,33258,False,256,False,True,False,256,False,True,False,256,False,True,False,True
1809,16150,True,53801,False,True,True,53801,False,True,True,53801,False,True,True,True
1810,16158,True,53801,False,True,True,53801,False,True,True,53801,False,True,True,True
1811,16161,True,53801,False,True,True,53801,False,True,True,53801,False,True,True,True
1812,16166,True,53801,False,True,True,53801,False,True,True,53801,False,True,True,True
1813,16169,True,53801,False,True,True,53801,False,True,True,53801,False,True,True,True
1813,89246,False,256,False,True,False,256,False,True,False,256,False,True,False,True
1814,16176,True,53801,False,True,True,53801,False,True,True,53801,False,True,True,True
1815,16184,True,53801,False,True,True,53801,False,True,True,53801,False,True,True,True
1816,16192,True,53801,False,True,True,53801,False,True,True,53801,False,True,True,True
1817,16199,True,53801,False,True,True,53801,False,True,True,53801,False,True,True,True
1818,16247,True,53801,False,True,True,53801,False,True,True,53801,False,True,True,True
1819,16265,True,53801,False,True,True,53801,False,True,True,53801,False,True,True,True
1819,49940,False,256,False,True,False,256,False,True,False,256,False,True,False,True
1820,16301,True,53801,False,True,True,53801,False,True,True,53801,False,True,True,True
1821,16370,True,53801,False,True,True,53801,False,True,True,53801,False,True,True,True
1821,27941,False,256,False,True,False,256,False,True,False,256,False,True,False,True
1822,16431,True,53801,False,True,True,53801,False,True,True,53801,False,True,True,True
1823,16439,True,53801,False,True,True,53801,False,True,True,53801,False,True,True,True
1824,16486,True,53801,False,True,True,53801,False,True,True,53801,False,True,True,True
1825,16544,True,53801,False,True,True,53801,False,True,True,53801,False,True,True,True
1826,16567,True,53801,False,True,True,53801,False,True,True,53801,False,True,True,True
1827,16733,True,53801,False,True,True,53801,False,True,True,53801,False,True,True,True
1828,16833,True,53801,False,True,True,53801,False,True,True,53801,False,True,True,True
1829,16837,True,53801,False,True,True,53801,False,True,True,53801,False,True,True,True
1829,17828,False,256,False,True,False,256,False,True,False,256,False,True,False,True
1830,16900,True,53801,False,True,True,53801,False,True,True,53801,False,True,True,True
1831,16939,True,53801,False,True,True,53801,False,True,True,53801,False,True,True,True
1832,17026,True,53801,False,True,True,53801,False,True,True,53801,False,True,True,True
1833,17028,True,53801,False,True,True,53801,False,True,True,53801,False,True,True,True
1834,17057,True,53801,False,True,True,53801,False,True,True,53801,False,True,True,True
1835,17090,True,53801,False,True,True,53801,False,True,True,53801,False,True,True,True
1835,75703,False,256,False,True,False,256,False,True,False,256,False,True,False,True
1836,17128,True,53801,False,True,True,53801,False,True,True,53801,False,True,True,True
1837,9462,False,256,False,True,False,256,False,True,False,256,False,True,False,True
1837,17144,True,53801,False,True,True,53801,False,True,True,53801,False,True,True,True
1838,17209,True,53801,False,True,True,53801,False,True,True,53801,False,True,True,True
1839,17247,True,53801,False,True,True,53801,False,True,True,53801,False,True,True,True
1840,17303,True,53801,False,True,True,53801,False,True,True,53801,False,True,True,True
1841,17356,True,53801,False,True,True,53801,False,True,True,53801,False,True,True,True
1842,17406,True,53801,False,True,True,53801,False,True,True,53801,False,True,True,True
1843,17447,True,53801,False,True,True,53801,False,True,True,53801,False,True,True,True
1844,17560,True,53801,False,True,True,53801,False,True,True,53801,False,True,True,True
1845,17598,True,53801,False,True,True,53801,False,True,True,53801,False,True,True,True
1846,17665,True,53801,False,True,True,53801,False,True,True,53801,False,True,True,True
1847,17688,True,53801,False,True,True,53801,False,True,True,53801,False,True,True,True
1848,17706,True,53801,False,True,True,53801,False,True,True,53801,False,True,True,True
1849,17729,True,53801,False,True,True,53801,False,True,True,53801,False,True,True,True
1850,17778,True,53801,False,True,True,53801,False,True,True,53801,False,True,True,True
1851,17780,True,53801,False,True,True,53801,False,True,True,53801,False,True,True,True
1852,17803,True,53801,False,True,True,53801,False,True,True,53801,False,True,True,True
1853,17839,True,53801,False,True,True,53801,False,True,True,53801,False,True,True,True
1854,17871,True,53801,False,True,True,53801,False,True,True,53801,False,True,True,True
1855,17872,True,53801,False,True,True,53801,False,True,True,53801,False,True,True,True
1855,65979,False,256,False,True,False,256,False,True,False,256,False,True,False,True
1856,17929,True,53801,False,True,True,53801,False,True,True,53801,False,True,True,True
1857,5940,False,256,False,True,False,256,False,True,False,256,False,True,False,True
1857,17992,True,53801,False,True,True,53801,False,True,True,53801,False,True,True,True
1858,18011,True,53801,False,True,True,53801,False,True,True,53801,False,True,True,True
1859,18095,True,53801,False,True,True,53801,False,True,True,53801,False,True,True,True
1860,18120,True,53801,False,True,True,53801,False,True,True,53801,False,True,True,True
1861,18122,True,53801,False,True,True,53801,False,True,True,53801,False,True,True,True
1862,18127,True,53801,False,True,True,53801,False,True,True,53801,False,True,True,True
1863,18128,True,53801,False,True,True,53801,False,True,True,53801,False,True,True,True
1864,18130,True,53801,False,True,True,53801,False,True,True,53801,False,True,True,True
1865,18134,True,53801,False,True,True,53801,False,True,True,53801,False,True,True,True
1866,18137,True,53801,False,True,True,53801,False,True,True,53801,False,True,True,True
1867,18141,True,53801,False,True,True,53801,False,True,True,53801,False,True,True,True
1868,18142,True,53801,False,True,True,53801,False,True,True,53801,False,True,True,True
1869,18153,True,53801,False,True,True,53801,False,True,True,53801,False,True,True,True
1869,86273,False,256,False,True,False,256,False,True,False,256,False,True,False,True
1870,18157,True,53801,False,True,True,53801,False,True,True,53801,False,True,True,True
1871,18158,True,53801,False,True,True,53801,False,True,True,53801,False,True,True,True
1872,18176,True,53801,False,True,True,53801,False,True,True,53801,False,True,True,True
1873,18179,True,53801,False,True,True,53801,False,True,True,53801,False,True,True,True
1874,18180,True,53801,False,True,True,53801,False,True,True,53801,False,True,True,True
1875,18182,True,53801,False,True,True,53801,False,True,True,53801,False,True,True,True
1876,18189,True,53801,False,True,True,53801,False,True,True,53801,False,True,True,True
1877,18192,True,53801,False,True,True,53801,False,True,True,53801,False,True,True,True
1878,18193,True,53801,False,True,True,53801,False,True,True,53801,False,True,True,True
1879,18204,True,53801,False,True,True,53801,False,True,True,53801,False,True,True,True
1880,18205,True,53801,False,True,True,53801,False,True,True,53801,False,True,True,True
1881,18206,True,53801,False,True,True,53801,False,True,True,53801,False,True,True,True
1882,18208,True,53801,False,True,True,53801,False,True,True,53801,False,True,True,True
1883,18209,True,53801,False,True,True,53801,False,True,True,53801,False,True,True,True
1884,18218,True,53801,False,True,True,53801,False,True,True,53801,False,True,True,True
1885,18221,True,53801,False,True,True,53801,False,True,True,53801,False,True,True,True
1886,18227,True,53801,False,True,True,53801,False,True,True,53801,False,True,True,True
1887,18228,True,53801,False,True,True,53801,False,True,True,53801,False,True,True,True
1888,18233,True,53801,False,True,True,53801,False,True,True,53801,False,True,True,True
1889,18236,True,53801,False,True,True,53801,False,True,True,53801,False,True,True,True
1890,18237,True,53801,False,True,True,53801,False,True,True,53801,False,True,True,True
1891,18238,True,53801,False,True,True,53801,False,True,True,53801,False,True,True,True
1892,18239,True,53801,False,True,True,53801,False,True,True,53801,False,True,True,True
1892,79259,False,256,False,True,False,256,False,True,False,256,False,True,False,True
1893,18243,True,53801,False,True,True,53801,False,True,True,53801,False,True,True,True
1894,18245,True,53801,False,True,True,53801,False,True,True,53801,False,True,True,True
1895,18246,True,53801,False,True,True,53801,False,True,True,53801,False,True,True,True
1896,18250,True,53801,False,True,True,53801,False,True,True,53801,False,True,True,True
1896,82773,False,256,False,True,False,256,False,True,False,256,False,True,False,True
1897,18253,True,53801,False,True,True,53801,False,True,True,53801,False,True,True,True
1898,18256,True,53801,False,True,True,53801,False,True,True,53801,False,True,True,True
1899,18258,True,53801,False,True,True,53801,False,True,True,53801,False,True,True,True
1900,18259,True,53801,False,True,True,53801,False,True,True,53801,False,True,True,True
1901,18261,True,53801,False,True,True,53801,False,True,True,53801,False,True,True,True
1902,18266,True,53801,False,True,True,53801,False,True,True,53801,False,True,True,True
1903,18276,True,53801,False,True,True,53801,False,True,True,53801,False,True,True,True
1904,18277,True,53801,False,True,True,53801,False,True,True,53801,False,True,True,True
1905,18278,True,53801,False,True,True,53801,False,True,True,53801,False,True,True,True
1906,18280,True,53801,False,True,True,53801,False,True,True,53801,False,True,True,True
1907,18283,True,53801,False,True,True,53801,False,True,True,53801,False,True,True,True
1908,18286,True,53801,False,True,True,53801,False,True,True,53801,False,True,True,True
1909,18287,True,53801,False,True,True,53801,False,True,True,53801,False,True,True,True
1910,18288,True,53801,False,True,True,53801,False,True,True,53801,False,True,True,True
1911,18291,True,53801,False,True,True,53801,False,True,True,53801,False,True,True,True
1912,18295,True,53801,False,True,True,53801,False,True,True,53801,False,True,True,True
1913,18297,True,53801,False,True,True,53801,False,True,True,53801,False,True,True,True
1914,18299,True,53801,False,True,True,53801,False,True,True,53801,False,True,True,True
1915,18301,True,53801,False,True,True,53801,False,True,True,53801,False,True,True,True
1916,18303,True,53801,False,True,True,53801,False,True,True,53801,False,True,True,True
1917,18305,True,53801,False,True,True,53801,False,True,True,53801,False,True,True,True
1918,18312,True,53801,False,True,True,53801,False,True,True,53801,False,True,True,True
1918,72024,False,256,False,True,False,256,False,True,False,256,False,True,False,True
1919,18313,True,53801,False,True,True,53801,False,True,True,53801,False,True,True,True
1920,18314,True,53801,False,True,True,53801,False,True,True,53801,False,True,True,True
1921,18317,True,53801,False,True,True,53801,False,True,True,53801,False,True,True,True
1922,18318,True,53801,False,True,True,53801,False,True,True,53801,False,True,True,True
1923,18320,True,53801,False,True,True,53801,False,True,True,53801,False,True,True,True
1924,18322,True,53801,False,True,True,53801,False,True,True,53801,False,True,True,True
1925,18325,True,53801,False,True,True,53801,False,True,True,53801,False,True,True,True
1926,18326,True,53801,False,True,True,53801,False,True,True,53801,False,True,True,True
1927,18328,True,53801,False,True,True,53801,False,True,True,53801,False,True,True,True
1928,18333,True,53801,False,True,True,53801,False,True,True,53801,False,True,True,True
1929,18341,True,53801,False,True,True,53801,False,True,True,53801,False,True,True,True
1930,18343,True,53801,False,True,True,53801,False,True,True,53801,False,True,True,True
1931,18345,True,53801,False,True,True,53801,False,True,True,53801,False,True,True,True
1932,18347,True,53801,False,True,True,53801,False,True,True,53801,False,True,True,True
1933,18349,True,53801,False,True,True,53801,False,True,True,53801,False,True,True,True
1934,18351,True,53801,False,True,True,53801,False,True,True,53801,False,True,True,True
1935,18352,True,53801,False,True,True,53801,False,True,True,53801,False,True,True,True
1935,66779,False,256,False,True,False,256,False,True,False,256,False,True,False,True
1936,18353,True,53801,False,True,True,53801,False,True,True,53801,False,True,True,True
1937,18356,True,53801,False,True,True,53801,False,True,True,53801,False,True,True,True
1938,18362,True,53801,False,True,True,53801,False,True,True,53801,False,True,True,True
1939,18363,True,53801,False,True,True,53801,False,True,True,53801,False,True,True,True
1940,18367,True,53801,False,True,True,53801,False,True,True,53801,False,True,True,True
1941,18372,True,53801,False,True,True,53801,False,True,True,53801,False,True,True,True
1942,18386,True,53801,False,True,True,53801,False,True,True,53801,False,True,True,True
1943,18387,True,53801,False,True,True,53801,False,True,True,53801,False,True,True,True
1943,64145,False,256,False,True,False,256,False,True,False,256,False,True,False,True
1944,18389,True,53801,False,True,True,53801,False,True,True,53801,False,True,True,True
1945,18391,True,53801,False,True,True,53801,False,True,True,53801,False,True,True,True
1946,18395,True,53801,False,True,True,53801,False,True,True,53801,False,True,True,True
1947,18396,True,53801,False,True,True,53801,False,True,True,53801,False,True,True,True
1947,86458,False,256,False,True,False,256,False,True,False,256,False,True,False,True
1948,18400,True,53801,False,True,True,53801,False,True,True,53801,False,True,True,True
1949,18405,True,53801,False,True,True,53801,False,True,True,53801,False,True,True,True
1950,18410,True,53801,False,True,True,53801,False,True,True,53801,False,True,True,True
1951,18412,True,53801,False,True,True,53801,False,True,True,53801,False,True,True,True
1951,75795,False,256,False,True,False,256,False,True,False,256,False,True,False,True
1952,18413,True,53801,False,True,True,53801,False,True,True,53801,False,True,True,True
1952,25543,False,256,False,True,False,256,False,True,False,256,False,True,False,True
1953,18414,True,53801,False,True,True,53801,False,True,True,53801,False,True,True,True
1954,18416,True,53801,False,True,True,53801,False,True,True,53801,False,True,True,True
1955,18421,True,53801,False,True,True,53801,False,True,True,53801,False,True,True,True
1956,18422,True,53801,False,True,True,53801,False,True,True,53801,False,True,True,True
1957,18423,True,53801,False,True,True,53801,False,True,True,53801,False,True,True,True
1958,18426,True,53801,False,True,True,53801,False,True,True,53801,False,True,True,True
1959,18427,True,53801,False,True,True,53801,False,True,True,53801,False,True,True,True
1960,18429,True,53801,False,True,True,53801,False,True,True,53801,False,True,True,True
1960,39295,False,256,False,True,False,256,False,True,False,256,False,True,False,True
1961,18433,True,53801,False,True,True,53801,False,True,True,53801,False,True,True,True
1961,32299,False,256,False,True,False,256,False,True,False,256,False,True,False,True
1962,18434,True,53801,False,True,True,53801,False,True,True,53801,False,True,True,True
1962,82932,False,256,False,True,False,256,False,True,False,256,False,True,False,True
1963,18439,True,53801,False,True,True,53801,False,True,True,53801,False,True,True,True
1964,18443,True,53801,False,True,True,53801,False,True,True,53801,False,True,True,True
1965,18446,True,53801,False,True,True,53801,False,True,True,53801,False,True,True,True
1966,18448,True,53801,False,True,True,53801,False,True,True,53801,False,True,True,True
1966,22159,False,256,False,True,False,256,False,True,False,256,False,True,False,True
1967,18450,True,53801,False,True,True,53801,False,True,True,53801,False,True,True,True
1968,18459,True,53801,False,True,True,53801,False,True,True,53801,False,True,True,True
1969,18460,True,53801,False,True,True,53801,False,True,True,53801,False,True,True,True
1970,18462,True,53801,False,True,True,53801,False,True,True,53801,False,True,True,True
1971,18463,True,53801,False,True,True,53801,False,True,True,53801,False,True,True,True
1972,18464,True,53801,False,True,True,53801,False,True,True,53801,False,True,True,True
1973,18467,True,53801,False,True,True,53801,False,True,True,53801,False,True,True,True
1974,18468,True,53801,False,True,True,53801,False,True,True,53801,False,True,True,True
1975,18474,True,53801,False,True,True,53801,False,True,True,53801,False,True,True,True
1976,18477,True,53801,False,True,True,53801,False,True,True,53801,False,True,True,True
1977,18479,True,53801,False,True,True,53801,False,True,True,53801,False,True,True,True
1978,12907,False,256,False,True,False,256,False,True,False,256,False,True,False,True
1978,18480,True,53801,False,True,True,53801,False,True,True,53801,False,True,True,True
1979,18482,True,53801,False,True,True,53801,False,True,True,53801,False,True,True,True
1980,18491,True,53801,False,True,True,53801,False,True,True,53801,False,True,True,True
1981,18494,True,53801,False,True,True,53801,False,True,True,53801,False,True,True,True
1982,18495,True,53801,False,True,True,53801,False,True,True,53801,False,True,True,True
1983,18497,True,53801,False,True,True,53801,False,True,True,53801,False,True,True,True
1984,18501,True,53801,False,True,True,53801,False,True,True,53801,False,True,True,True
1985,18505,True,53801,False,True,True,53801,False,True,True,53801,False,True,True,True
1986,18507,True,53801,False,True,True,53801,False,True,True,53801,False,True,True,True
1987,18511,True,53801,False,True,True,53801,False,True,True,53801,False,True,True,True
1988,18512,True,53801,False,True,True,53801,False,True,True,53801,False,True,True,True
1989,18514,True,53801,False,True,True,53801,False,True,True,53801,False,True,True,True
1990,18515,True,53801,False,True,True,53801,False,True,True,53801,False,True,True,True
1990,58415,False,256,False,True,False,256,False,True,False,256,False,True,False,True
1991,18516,True,53801,False,True,True,53801,False,True,True,53801,False,True,True,True
1992,18517,True,53801,False,True,True,53801,False,True,True,53801,False,True,True,True
1993,18522,True,53801,False,True,True,53801,False,True,True,53801,False,True,True,True
1994,18524,True,53801,False,True,True,53801,False,True,True,53801,False,True,True,True
1995,18529,True,53801,False,True,True,53801,False,True,True,53801,False,True,True,True
1996,18535,True,53801,False,True,True,53801,False,True,True,53801,False,True,True,True
1997,18540,True,53801,False,True,True,53801,False,True,True,53801,False,True,True,True
1998,18545,True,53801,False,True,True,53801,False,True,True,53801,False,True,True,True
1999,18548,True,53801,False,True,True,53801,False,True,True,53801,False,True,True,True
2000,18559,True,53801,False,True,True,53801,False,True,True,53801,False,True,True,True
2001,18563,True,53801,False,True,True,53801,False,True,True,53801,False,True,True,True
2002,18573,True,53801,False,True,True,53801,False,True,True,53801,False,True,True,True
2003,18574,True,53801,False,True,True,53801,False,True,True,53801,False,True,True,True
2004,18575,True,53801,False,True,True,53801,False,True,True,53801,False,True,True,True
2004,33962,False,256,False,True,False,256,False,True,False,256,False,True,False,True
2005,18576,True,53801,False,True,True,53801,False,True,True,53801,False,True,True,True
2006,18580,True,53801,False,True,True,53801,False,True,True,53801,False,True,True,True
2007,18585,True,53801,False,True,True,53801,False,True,True,53801,False,True,True,True
2008,18586,True,53801,False,True,True,53801,False,True,True,53801,False,True,True,True
2009,18587,True,53801,False,True,True,53801,False,True,True,53801,False,True,True,True
2010,18588,True,53801,False,True,True,53801,False,True,True,53801,False,True,True,True
2011,18590,True,53801,False,True,True,53801,False,True,True,53801,False,True,True,True
2012,18592,True,53801,False,True,True,53801,False,True,True,53801,False,True,True,True
2013,18596,True,53801,False,True,True,53801,False,True,True,53801,False,True,True,True
2013,39596,False,256,False,True,False,256,False,True,False,256,False,True,False,True
2014,18599,True,53801,False,True,True,53801,False,True,True,53801,False,True,True,True
2015,18607,True,53801,False,True,True,53801,False,True,True,53801,False,True,True,True
2016,18609,True,53801,False,True,True,53801,False,True,True,53801,False,True,True,True
2017,18612,True,53801,False,True,True,53801,False,True,True,53801,False,True,True,True
2018,18618,True,53801,False,True,True,53801,False,True,True,53801,False,True,True,True
2019,18620,True,53801,False,True,True,53801,False,True,True,53801,False,True,True,True
2020,18621,True,53801,False,True,True,53801,False,True,True,53801,False,True,True,True
2021,18629,True,53801,False,True,True,53801,False,True,True,53801,False,True,True,True
2022,18635,True,53801,False,True,True,53801,False,True,True,53801,False,True,True,True
2023,18636,True,53801,False,True,True,53801,False,True,True,53801,False,True,True,True
2024,18638,True,53801,False,True,True,53801,False,True,True,53801,False,True,True,True
2025,18639,True,53801,False,True,True,53801,False,True,True,53801,False,True,True,True
2026,18640,True,53801,False,True,True,53801,False,True,True,53801,False,True,True,True
2027,18641,True,53801,False,True,True,53801,False,True,True,53801,False,True,True,True
2028,18642,True,53801,False,True,True,53801,False,True,True,53801,False,True,True,True
2029,18646,True,53801,False,True,True,53801,False,True,True,53801,False,True,True,True
2030,18647,True,53801,False,True,True,53801,False,True,True,53801,False,True,True,True
2031,18649,True,53801,False,True,True,53801,False,True,True,53801,False,True,True,True
2032,18654,True,53801,False,True,True,53801,False,True,True,53801,False,True,True,True
2033,18657,True,53801,False,True,True,53801,False,True,True,53801,False,True,True,True
2034,18658,True,53801,False,True,True,53801,False,True,True,53801,False,True,True,True
2034,45526,False,256,False,True,False,256,False,True,False,256,False,True,False,True
2035,18660,True,53801,False,True,True,53801,False,True,True,53801,False,True,True,True
2036,18662,True,53801,False,True,True,53801,False,True,True,53801,False,True,True,True
2037,18665,True,53801,False,True,True,53801,False,True,True,53801,False,True,True,True
2038,18666,True,53801,False,True,True,53801,False,True,True,53801,False,True,True,True
2039,18672,True,53801,False,True,True,53801,False,True,True,53801,False,True,True,True
2040,18674,True,53801,False,True,True,53801,False,True,True,53801,False,True,True,True
2041,18678,True,53801,False,True,True,53801,False,True,True,53801,False,True,True,True
2041,58694,False,256,False,True,False,256,False,True,False,256,False,True,False,True
2042,18682,True,53801,False,True,True,53801,False,True,True,53801,False,True,True,True
2043,18685,True,53801,False,True,True,53801,False,True,True,53801,False,True,True,True
2044,18686,True,53801,False,True,True,53801,False,True,True,53801,False,True,True,True
2045,18691,True,53801,False,True,True,53801,False,True,True,53801,False,True,True,True
2046,18696,True,53801,False,True,True,53801,False,True,True,53801,False,True,True,True
2047,18698,True,53801,False,True,True,53801,False,True,True,53801,False,True,True,True
2048,18701,True,53801,False,True,True,53801,False,True,True,53801,False,True,True,True
2049,18704,True,53801,False,True,True,53801,False,True,True,53801,False,True,True,True
2050,18706,True,53801,False,True,True,53801,False,True,True,53801,False,True,True,True
2051,18709,True,53801,False,True,True,53801,False,True,True,53801,False,True,True,True
2052,18710,True,53801,False,True,True,53801,False,True,True,53801,False,True,True,True
2053,18711,True,53801,False,True,True,53801,False,True,True,53801,False,True,True,True
2054,18712,True,53801,False,True,True,53801,False,True,True,53801,False,True,True,True
2054,50218,False,256,False,True,False,256,False,True,False,256,False,True,False,True
2055,18714,True,53801,False,True,True,53801,False,True,True,53801,False,True,True,True
2056,18715,True,53801,False,True,True,53801,False,True,True,53801,False,True,True,True
2057,18716,True,53801,False,True,True,53801,False,True,True,53801,False,True,True,True
2058,18728,True,53801,False,True,True,53801,False,True,True,53801,False,True,True,True
2059,18729,True,53801,False,True,True,53801,False,True,True,53801,False,True,True,True
2059,45627,False,256,False,True,False,256,False,True,False,256,False,True,False,True
2060,18731,True,53801,False,True,True,53801,False,True,True,53801,False,True,True,True
2061,18732,True,53801,False,True,True,53801,False,True,True,53801,False,True,True,True
2062,18744,True,53801,False,True,True,53801,False,True,True,53801,False,True,True,True
2063,18749,True,53801,False,True,True,53801,False,True,True,53801,False,True,True,True
2063,83277,False,256,False,True,False,256,False,True,False,256,False,True,False,True
2064,18754,True,53801,False,True,True,53801,False,True,True,53801,False,True,True,True
2065,18757,True,53801,False,True,True,53801,False,True,True,53801,False,True,True,True
2066,18759,True,53801,False,True,True,53801,False,True,True,53801,False,True,True,True
2067,18761,True,53801,False,True,True,53801,False,True,True,53801,False,True,True,True
2068,18764,True,53801,False,True,True,53801,False,True,True,53801,False,True,True,True
2069,18768,True,53801,False,True,True,53801,False,True,True,53801,False,True,True,True
2070,18770,True,53801,False,True,True,53801,False,True,True,53801,False,True,True,True
2071,18771,True,53801,False,True,True,53801,False,True,True,53801,False,True,True,True
2072,18773,True,53801,False,True,True,53801,False,True,True,53801,False,True,True,True
2073,18779,True,53801,False,True,True,53801,False,True,True,53801,False,True,True,True
2074,18781,True,53801,False,True,True,53801,False,True,True,53801,False,True,True,True
2075,18783,True,53801,False,True,True,53801,False,True,True,53801,False,True,True,True
2076,18784,True,53801,False,True,True,53801,False,True,True,53801,False,True,True,True
2077,18789,True,53801,False,True,True,53801,False,True,True,53801,False,True,True,True
2078,18792,True,53801,False,True,True,53801,False,True,True,53801,False,True,True,True
2079,18806,True,53801,False,True,True,53801,False,True,True,53801,False,True,True,True
2080,18809,True,53801,False,True,True,53801,False,True,True,53801,False,True,True,True
2081,18811,True,53801,False,True,True,53801,False,True,True,53801,False,True,True,True
2082,18815,True,53801,False,True,True,53801,False,True,True,53801,False,True,True,True
2083,18824,True,53801,False,True,True,53801,False,True,True,53801,False,True,True,True
2084,18828,True,53801,False,True,True,53801,False,True,True,53801,False,True,True,True
2084,50353,False,256,False,True,False,256,False,True,False,256,False,True,False,True
2085,18832,True,53801,False,True,True,53801,False,True,True,53801,False,True,True,True
2086,18833,True,53801,False,True,True,53801,False,True,True,53801,False,True,True,True
2087,18834,True,53801,False,True,True,53801,False,True,True,53801,False,True,True,True
2088,18837,True,53801,False,True,True,53801,False,True,True,53801,False,True,True,True
2089,18840,True,53801,False,True,True,53801,False,True,True,53801,False,True,True,True
2090,18842,True,53801,False,True,True,53801,False,True,True,53801,False,True,True,True
2091,18843,True,53801,False,True,True,53801,False,True,True,53801,False,True,True,True
2092,18844,True,53801,False,True,True,53801,False,True,True,53801,False,True,True,True
2093,18850,True,53801,False,True,True,53801,False,True,True,53801,False,True,True,True
2094,18852,True,53801,False,True,True,53801,False,True,True,53801,False,True,True,True
2094,45751,False,256,False,True,False,256,False,True,False,256,False,True,False,True
2095,18862,True,53801,False,True,True,53801,False,True,True,53801,False,True,True,True
2096,18863,True,53801,False,True,True,53801,False,True,True,53801,False,True,True,True
2097,18864,True,53801,False,True,True,53801,False,True,True,53801,False,True,True,True
2098,18865,True,53801,False,True,True,53801,False,True,True,53801,False,True,True,True
2099,18866,True,53801,False,True,True,53801,False,True,True,53801,False,True,True,True
2100,18867,True,53801,False,True,True,53801,False,True,True,53801,False,True,True,True
2101,18874,True,53801,False,True,True,53801,False,True,True,53801,False,True,True,True
2102,18875,True,53801,False,True,True,53801,False,True,True,53801,False,True,True,True
2103,18880,True,53801,False,True,True,53801,False,True,True,53801,False,True,True,True
2104,18881,True,53801,False,True,True,53801,False,True,True,53801,False,True,True,True
2105,18882,True,53801,False,True,True,53801,False,True,True,53801,False,True,True,True
2106,18883,True,53801,False,True,True,53801,False,True,True,53801,False,True,True,True
2106,45800,False,256,False,True,False,256,False,True,False,256,False,True,False,True
2107,18889,True,53801,False,True,True,53801,False,True,True,53801,False,True,True,True
2107,27946,False,256,False,True,False,256,False,True,False,256,False,True,False,True
2108,18894,True,53801,False,True,True,53801,False,True,True,53801,False,True,True,True
2109,13366,False,256,False,True,False,256,False,True,False,256,False,True,False,True
2109,18895,True,53801,False,True,True,53801,False,True,True,53801,False,True,True,True
2110,18897,True,53801,False,True,True,53801,False,True,True,53801,False,True,True,True
2111,18899,True,53801,False,True,True,53801,False,True,True,53801,False,True,True,True
2112,18902,True,53801,False,True,True,53801,False,True,True,53801,False,True,True,True
2113,18905,True,53801,False,True,True,53801,False,True,True,53801,False,True,True,True
2114,18906,True,53801,False,True,True,53801,False,True,True,53801,False,True,True,True
2115,18910,True,53801,False,True,True,53801,False,True,True,53801,False,True,True,True
2116,18912,True,53801,False,True,True,53801,False,True,True,53801,False,True,True,True
2117,18915,True,53801,False,True,True,53801,False,True,True,53801,False,True,True,True
2118,18916,True,53801,False,True,True,53801,False,True,True,53801,False,True,True,True
2119,18922,True,53801,False,True,True,53801,False,True,True,53801,False,True,True,True
2120,18925,True,53801,False,True,True,53801,False,True,True,53801,False,True,True,True
2121,18926,True,53801,False,True,True,53801,False,True,True,53801,False,True,True,True
2122,18931,True,53801,False,True,True,53801,False,True,True,53801,False,True,True,True
2123,18938,True,53801,False,True,True,53801,False,True,True,53801,False,True,True,True
2124,18939,True,53801,False,True,True,53801,False,True,True,53801,False,True,True,True
2125,18941,True,53801,False,True,True,53801,False,True,True,53801,False,True,True,True
2126,18945,True,53801,False,True,True,53801,False,True,True,53801,False,True,True,True
2127,18947,True,53801,False,True,True,53801,False,True,True,53801,False,True,True,True
2128,18948,True,53801,False,True,True,53801,False,True,True,53801,False,True,True,True
2129,18951,True,53801,False,True,True,53801,False,True,True,53801,False,True,True,True
2130,18953,True,53801,False,True,True,53801,False,True,True,53801,False,True,True,True
2131,18957,True,53801,False,True,True,53801,False,True,True,53801,False,True,True,True
2132,18960,True,53801,False,True,True,53801,False,True,True,53801,False,True,True,True
2133,18964,True,53801,False,True,True,53801,False,True,True,53801,False,True,True,True
2134,18976,True,53801,False,True,True,53801,False,True,True,53801,False,True,True,True
2135,18978,True,53801,False,True,True,53801,False,True,True,53801,False,True,True,True
2136,18979,True,53801,False,True,True,53801,False,True,True,53801,False,True,True,True
2137,18991,True,53801,False,True,True,53801,False,True,True,53801,False,True,True,True
2138,18997,True,53801,False,True,True,53801,False,True,True,53801,False,True,True,True
2139,18998,True,53801,False,True,True,53801,False,True,True,53801,False,True,True,True
2140,18999,True,53801,False,True,True,53801,False,True,True,53801,False,True,True,True
2141,19003,True,53801,False,True,True,53801,False,True,True,53801,False,True,True,True
2142,19004,True,53801,False,True,True,53801,False,True,True,53801,False,True,True,True
2144,19019,True,53801,False,True,True,53801,False,True,True,53801,False,True,True,True
2145,19020,True,53801,False,True,True,53801,False,True,True,53801,False,True,True,True
2146,19021,True,53801,False,True,True,53801,False,True,True,53801,False,True,True,True
2147,19023,True,53801,False,True,True,53801,False,True,True,53801,False,True,True,True
2147,28080,False,256,False,True,False,256,False,True,False,256,False,True,False,True
2148,19026,True,53801,False,True,True,53801,False,True,True,53801,False,True,True,True
2149,19027,True,53801,False,True,True,53801,False,True,True,53801,False,True,True,True
2150,19030,True,53801,False,True,True,53801,False,True,True,53801,False,True,True,True
2151,19032,True,53801,False,True,True,53801,False,True,True,53801,False,True,True,True
2152,19034,True,53801,False,True,True,53801,False,True,True,53801,False,True,True,True
2152,22703,False,256,False,True,False,256,False,True,False,256,False,True,False,True
2153,19038,True,53801,False,True,True,53801,False,True,True,53801,False,True,True,True
2154,19040,True,53801,False,True,True,53801,False,True,True,53801,False,True,True,True
2155,19043,True,53801,False,True,True,53801,False,True,True,53801,False,True,True,True
2156,19045,True,53801,False,True,True,53801,False,True,True,53801,False,True,True,True
2157,19046,True,53801,False,True,True,53801,False,True,True,53801,False,True,True,True
2158,19048,True,53801,False,True,True,53801,False,True,True,53801,False,True,True,True
2159,19053,True,53801,False,True,True,53801,False,True,True,53801,False,True,True,True
2160,19056,True,53801,False,True,True,53801,False,True,True,53801,False,True,True,True
2160,40330,False,256,False,True,False,256,False,True,False,256,False,True,False,True
2161,19057,True,53801,False,True,True,53801,False,True,True,53801,False,True,True,True
2161,79988,False,256,False,True,False,256,False,True,False,256,False,True,False,True
2162,19058,True,53801,False,True,True,53801,False,True,True,53801,False,True,True,True
2163,19060,True,53801,False,True,True,53801,False,True,True,53801,False,True,True,True
2164,19062,True,53801,False,True,True,53801,False,True,True,53801,False,True,True,True
2165,19063,True,53801,False,True,True,53801,False,True,True,53801,False,True,True,True
2166,19064,True,53801,False,True,True,53801,False,True,True,53801,False,True,True,True
2167,19066,True,53801,False,True,True,53801,False,True,True,53801,False,True,True,True
2168,19068,True,53801,False,True,True,53801,False,True,True,53801,False,True,True,True
2169,19071,True,53801,False,True,True,53801,False,True,True,53801,False,True,True,True
2170,19074,True,53801,False,True,True,53801,False,True,True,53801,False,True,True,True
2171,19075,True,53801,False,True,True,53801,False,True,True,53801,False,True,True,True
2172,19080,True,53801,False,True,True,53801,False,True,True,53801,False,True,True,True
2173,19082,True,53801,False,True,True,53801,False,True,True,53801,False,True,True,True
2174,19083,True,53801,False,True,True,53801,False,True,True,53801,False,True,True,True
2175,19084,True,53801,False,True,True,53801,False,True,True,53801,False,True,True,True
2176,19088,True,53801,False,True,True,53801,False,True,True,53801,False,True,True,True
2177,19094,True,53801,False,True,True,53801,False,True,True,53801,False,True,True,True
2178,19096,True,53801,False,True,True,53801,False,True,True,53801,False,True,True,True
2179,19101,True,53801,False,True,True,53801,False,True,True,53801,False,True,True,True
2180,10094,False,256,False,True,False,256,False,True,False,256,False,True,False,True
2180,19103,True,53801,False,True,True,53801,False,True,True,53801,False,True,True,True
2181,19108,True,53801,False,True,True,53801,False,True,True,53801,False,True,True,True
2181,46045,False,256,False,True,False,256,False,True,False,256,False,True,False,True
2182,19117,True,53801,False,True,True,53801,False,True,True,53801,False,True,True,True
2183,19118,True,53801,False,True,True,53801,False,True,True,53801,False,True,True,True
2183,46056,False,256,False,True,False,256,False,True,False,256,False,True,False,True
2184,19119,True,53801,False,True,True,53801,False,True,True,53801,False,True,True,True
2185,19120,True,53801,False,True,True,53801,False,True,True,53801,False,True,True,True
2186,19122,True,53801,False,True,True,53801,False,True,True,53801,False,True,True,True
2187,19125,True,53801,False,True,True,53801,False,True,True,53801,False,True,True,True
2188,19128,True,53801,False,True,True,53801,False,True,True,53801,False,True,True,True
2189,19130,True,53801,False,True,True,53801,False,True,True,53801,False,True,True,True
2190,19133,True,53801,False,True,True,53801,False,True,True,53801,False,True,True,True
2191,19136,True,53801,False,True,True,53801,False,True,True,53801,False,True,True,True
2192,19140,True,53801,False,True,True,53801,False,True,True,53801,False,True,True,True
2193,19141,True,53801,False,True,True,53801,False,True,True,53801,False,True,True,True
2194,13566,False,256,False,True,False,256,False,True,False,256,False,True,False,True
2194,19152,True,53801,False,True,True,53801,False,True,True,53801,False,True,True,True
2196,19156,True,53801,False,True,True,53801,False,True,True,53801,False,True,True,True
2197,19157,True,53801,False,True,True,53801,False,True,True,53801,False,True,True,True
2198,19159,True,53801,False,True,True,53801,False,True,True,53801,False,True,True,True
2199,19161,True,53801,False,True,True,53801,False,True,True,53801,False,True,True,True
2200,19163,True,53801,False,True,True,53801,False,True,True,53801,False,True,True,True
2201,19164,True,53801,False,True,True,53801,False,True,True,53801,False,True,True,True
2202,19168,True,53801,False,True,True,53801,False,True,True,53801,False,True,True,True
2203,19170,True,53801,False,True,True,53801,False,True,True,53801,False,True,True,True
2203,40520,False,256,False,True,False,256,False,True,False,256,False,True,False,True
2204,19171,True,53801,False,True,True,53801,False,True,True,53801,False,True,True,True
2204,34820,False,256,False,True,False,256,False,True,False,256,False,True,False,True
2205,19177,True,53801,False,True,True,53801,False,True,True,53801,False,True,True,True
2206,19180,True,53801,False,True,True,53801,False,True,True,53801,False,True,True,True
2207,19183,True,53801,False,True,True,53801,False,True,True,53801,False,True,True,True
2208,19186,True,53801,False,True,True,53801,False,True,True,53801,False,True,True,True
2209,19187,True,53801,False,True,True,53801,False,True,True,53801,False,True,True,True
2210,19192,True,53801,False,True,True,53801,False,True,True,53801,False,True,True,True
2211,19195,True,53801,False,True,True,53801,False,True,True,53801,False,True,True,True
2212,19196,True,53801,False,True,True,53801,False,True,True,53801,False,True,True,True
2213,19201,True,53801,False,True,True,53801,False,True,True,53801,False,True,True,True
2214,19204,True,53801,False,True,True,53801,False,True,True,53801,False,True,True,True
2215,19209,True,53801,False,True,True,53801,False,True,True,53801,False,True,True,True
2216,19212,True,53801,False,True,True,53801,False,True,True,53801,False,True,True,True
2217,19219,True,53801,False,True,True,53801,False,True,True,53801,False,True,True,True
2218,19225,True,53801,False,True,True,53801,False,True,True,53801,False,True,True,True
2219,19226,True,53801,False,True,True,53801,False,True,True,53801,False,True,True,True
2220,19227,True,53801,False,True,True,53801,False,True,True,53801,False,True,True,True
2220,46190,False,256,False,True,False,256,False,True,False,256,False,True,False,True
2221,19229,True,53801,False,True,True,53801,False,True,True,53801,False,True,True,True
2222,19230,True,53801,False,True,True,53801,False,True,True,53801,False,True,True,True
2223,19231,True,53801,False,True,True,53801,False,True,True,53801,False,True,True,True
2224,19232,True,53801,False,True,True,53801,False,True,True,53801,False,True,True,True
2225,19234,True,53801,False,True,True,53801,False,True,True,53801,False,True,True,True
2225,34888,False,256,False,True,False,256,False,True,False,256,False,True,False,True
2226,19235,True,53801,False,True,True,53801,False,True,True,53801,False,True,True,True
2227,19239,True,53801,False,True,True,53801,False,True,True,53801,False,True,True,True
2227,40600,False,256,False,True,False,256,False,True,False,256,False,True,False,True
2228,19240,True,53801,False,True,True,53801,False,True,True,53801,False,True,True,True
2229,19241,True,53801,False,True,True,53801,False,True,True,53801,False,True,True,True
2230,19242,True,53801,False,True,True,53801,False,True,True,53801,False,True,True,True
2231,19243,True,53801,False,True,True,53801,False,True,True,53801,False,True,True,True
2232,19247,True,53801,False,True,True,53801,False,True,True,53801,False,True,True,True
2233,19248,True,53801,False,True,True,53801,False,True,True,53801,False,True,True,True
2234,19251,True,53801,False,True,True,53801,False,True,True,53801,False,True,True,True
2235,19253,True,53801,False,True,True,53801,False,True,True,53801,False,True,True,True
2236,19254,True,53801,False,True,True,53801,False,True,True,53801,False,True,True,True
2237,19255,True,53801,False,True,True,53801,False,True,True,53801,False,True,True,True
2238,19256,True,53801,False,True,True,53801,False,True,True,53801,False,True,True,True
2239,19258,True,53801,False,True,True,53801,False,True,True,53801,False,True,True,True
2240,19261,True,53801,False,True,True,53801,False,True,True,53801,False,True,True,True
2241,19265,True,53801,False,True,True,53801,False,True,True,53801,False,True,True,True
2241,34922,False,256,False,True,False,256,False,True,False,256,False,True,False,True
2242,19266,True,53801,False,True,True,53801,False,True,True,53801,False,True,True,True
2243,19269,True,53801,False,True,True,53801,False,True,True,53801,False,True,True,True
2244,19272,True,53801,False,True,True,53801,False,True,True,53801,False,True,True,True
2245,19273,True,53801,False,True,True,53801,False,True,True,53801,False,True,True,True
2246,19281,True,53801,False,True,True,53801,False,True,True,53801,False,True,True,True
2247,19292,True,53801,False,True,True,53801,False,True,True,53801,False,True,True,True
2248,19294,True,53801,False,True,True,53801,False,True,True,53801,False,True,True,True
2249,19295,True,53801,False,True,True,53801,False,True,True,53801,False,True,True,True
2250,19300,True,53801,False,True,True,53801,False,True,True,53801,False,True,True,True
2251,19303,True,53801,False,True,True,53801,False,True,True,53801,False,True,True,True
2252,19306,True,53801,False,True,True,53801,False,True,True,53801,False,True,True,True
2253,19310,True,53801,False,True,True,53801,False,True,True,53801,False,True,True,True
2254,19311,True,53801,False,True,True,53801,False,True,True,53801,False,True,True,True
2255,19314,True,53801,False,True,True,53801,False,True,True,53801,False,True,True,True
2256,19315,True,53801,False,True,True,53801,False,True,True,53801,False,True,True,True
2257,19327,True,53801,False,True,True,53801,False,True,True,53801,False,True,True,True
2258,19329,True,53801,False,True,True,53801,False,True,True,53801,False,True,True,True
2259,19332,True,53801,False,True,True,53801,False,True,True,53801,False,True,True,True
2260,19337,True,53801,False,True,True,53801,False,True,True,53801,False,True,True,True
2261,13743,False,256,False,True,False,256,False,True,False,256,False,True,False,True
2261,19339,True,53801,False,True,True,53801,False,True,True,53801,False,True,True,True
2262,19342,True,53801,False,True,True,53801,False,True,True,53801,False,True,True,True
2263,19344,True,53801,False,True,True,53801,False,True,True,53801,False,True,True,True
2264,19347,True,53801,False,True,True,53801,False,True,True,53801,False,True,True,True
2265,19356,True,53801,False,True,True,53801,False,True,True,53801,False,True,True,True
2266,19359,True,53801,False,True,True,53801,False,True,True,53801,False,True,True,True
2267,19363,True,53801,False,True,True,53801,False,True,True,53801,False,True,True,True
2267,73069,False,256,False,True,False,256,False,True,False,256,False,True,False,True
2268,19366,True,53801,False,True,True,53801,False,True,True,53801,False,True,True,True
2269,19367,True,53801,False,True,True,53801,False,True,True,53801,False,True,True,True
2270,19368,True,53801,False,True,True,53801,False,True,True,53801,False,True,True,True
2271,19370,True,53801,False,True,True,53801,False,True,True,53801,False,True,True,True
2272,19380,True,53801,False,True,True,53801,False,True,True,53801,False,True,True,True
2273,19383,True,53801,False,True,True,53801,False,True,True,53801,False,True,True,True
2274,19389,True,53801,False,True,True,53801,False,True,True,53801,False,True,True,True
2275,19391,True,53801,False,True,True,53801,False,True,True,53801,False,True,True,True
2276,19396,True,53801,False,True,True,53801,False,True,True,53801,False,True,True,True
2277,19398,True,53801,False,True,True,53801,False,True,True,53801,False,True,True,True
2278,19399,True,53801,False,True,True,53801,False,True,True,53801,False,True,True,True
2279,19403,True,53801,False,True,True,53801,False,True,True,53801,False,True,True,True
2279,59777,False,256,False,True,False,256,False,True,False,256,False,True,False,True
2280,19404,True,53801,False,True,True,53801,False,True,True,53801,False,True,True,True
2281,19405,True,53801,False,True,True,53801,False,True,True,53801,False,True,True,True
2282,19411,True,53801,False,True,True,53801,False,True,True,53801,False,True,True,True
2283,19412,True,53801,False,True,True,53801,False,True,True,53801,False,True,True,True
2284,19414,True,53801,False,True,True,53801,False,True,True,53801,False,True,True,True
2285,19417,True,53801,False,True,True,53801,False,True,True,53801,False,True,True,True
2286,19418,True,53801,False,True,True,53801,False,True,True,53801,False,True,True,True
2286,23063,False,256,False,True,False,256,False,True,False,256,False,True,False,True
2287,19420,True,53801,False,True,True,53801,False,True,True,53801,False,True,True,True
2288,19423,True,53801,False,True,True,53801,False,True,True,53801,False,True,True,True
2289,19427,True,53801,False,True,True,53801,False,True,True,53801,False,True,True,True
2290,19428,True,53801,False,True,True,53801,False,True,True,53801,False,True,True,True
2291,19430,True,53801,False,True,True,53801,False,True,True,53801,False,True,True,True
2292,19431,True,53801,False,True,True,53801,False,True,True,53801,False,True,True,True
2293,19432,True,53801,False,True,True,53801,False,True,True,53801,False,True,True,True
2294,19434,True,53801,False,True,True,53801,False,True,True,53801,False,True,True,True
2295,19436,True,53801,False,True,True,53801,False,True,True,53801,False,True,True,True
2296,19440,True,53801,False,True,True,53801,False,True,True,53801,False,True,True,True
2297,19447,True,53801,False,True,True,53801,False,True,True,53801,False,True,True,True
2298,19450,True,53801,False,True,True,53801,False,True,True,53801,False,True,True,True
2299,19452,True,53801,False,True,True,53801,False,True,True,53801,False,True,True,True
2300,19453,True,53801,False,True,True,53801,False,True,True,53801,False,True,True,True
2301,19455,True,53801,False,True,True,53801,False,True,True,53801,False,True,True,True
2302,19463,True,53801,False,True,True,53801,False,True,True,53801,False,True,True,True
2303,19466,True,53801,False,True,True,53801,False,True,True,53801,False,True,True,True
2304,19467,True,53801,False,True,True,53801,False,True,True,53801,False,True,True,True
2305,19481,True,53801,False,True,True,53801,False,True,True,53801,False,True,True,True
2306,19482,True,53801,False,True,True,53801,False,True,True,53801,False,True,True,True
2307,19485,True,53801,False,True,True,53801,False,True,True,53801,False,True,True,True
2308,19488,True,53801,False,True,True,53801,False,True,True,53801,False,True,True,True
2309,19489,True,53801,False,True,True,53801,False,True,True,53801,False,True,True,True
2309,70118,False,256,False,True,False,256,False,True,False,256,False,True,False,True
2310,19492,True,53801,False,True,True,53801,False,True,True,53801,False,True,True,True
2311,19493,True,53801,False,True,True,53801,False,True,True,53801,False,True,True,True
2312,19496,True,53801,False,True,True,53801,False,True,True,53801,False,True,True,True
2313,19502,True,53801,False,True,True,53801,False,True,True,53801,False,True,True,True
2314,19504,True,53801,False,True,True,53801,False,True,True,53801,False,True,True,True
2315,19506,True,53801,False,True,True,53801,False,True,True,53801,False,True,True,True
2316,19512,True,53801,False,True,True,53801,False,True,True,53801,False,True,True,True
2317,19515,True,53801,False,True,True,53801,False,True,True,53801,False,True,True,True
2318,19520,True,53801,False,True,True,53801,False,True,True,53801,False,True,True,True
2319,19523,True,53801,False,True,True,53801,False,True,True,53801,False,True,True,True
2320,19526,True,53801,False,True,True,53801,False,True,True,53801,False,True,True,True
2320,67584,False,256,False,True,False,256,False,True,False,256,False,True,False,True
2321,19528,True,53801,False,True,True,53801,False,True,True,53801,False,True,True,True
2322,19529,True,53801,False,True,True,53801,False,True,True,53801,False,True,True,True
2323,19534,True,53801,False,True,True,53801,False,True,True,53801,False,True,True,True
2324,19538,True,53801,False,True,True,53801,False,True,True,53801,False,True,True,True
2325,19546,True,53801,False,True,True,53801,False,True,True,53801,False,True,True,True
2326,19550,True,53801,False,True,True,53801,False,True,True,53801,False,True,True,True
2327,19553,True,53801,False,True,True,53801,False,True,True,53801,False,True,True,True
2328,19554,True,53801,False,True,True,53801,False,True,True,53801,False,True,True,True
2329,19559,True,53801,False,True,True,53801,False,True,True,53801,False,True,True,True
2330,19561,True,53801,False,True,True,53801,False,True,True,53801,False,True,True,True
2331,19562,True,53801,False,True,True,53801,False,True,True,53801,False,True,True,True
2332,19563,True,53801,False,True,True,53801,False,True,True,53801,False,True,True,True
2333,19564,True,53801,False,True,True,53801,False,True,True,53801,False,True,True,True
2334,19566,True,53801,False,True,True,53801,False,True,True,53801,False,True,True,True
2335,19567,True,53801,False,True,True,53801,False,True,True,53801,False,True,True,True
2336,19570,True,53801,False,True,True,53801,False,True,True,53801,False,True,True,True
2337,19571,True,53801,False,True,True,53801,False,True,True,53801,False,True,True,True
2338,19572,True,53801,False,True,True,53801,False,True,True,53801,False,True,True,True
2339,19573,True,53801,False,True,True,53801,False,True,True,53801,False,True,True,True
2339,35389,False,256,False,True,False,256,False,True,False,256,False,True,False,True
2340,17466,False,256,False,True,False,256,False,True,False,256,False,True,False,True
2340,19575,True,53801,False,True,True,53801,False,True,True,53801,False,True,True,True
2341,19576,True,53801,False,True,True,53801,False,True,True,53801,False,True,True,True
2342,19577,True,53801,False,True,True,53801,False,True,True,53801,False,True,True,True
2343,19585,True,53801,False,True,True,53801,False,True,True,53801,False,True,True,True
2344,19586,True,53801,False,True,True,53801,False,True,True,53801,False,True,True,True
2345,19587,True,53801,False,True,True,53801,False,True,True,53801,False,True,True,True
2346,19590,True,53801,False,True,True,53801,False,True,True,53801,False,True,True,True
2347,19591,True,53801,False,True,True,53801,False,True,True,53801,False,True,True,True
2348,19597,True,53801,False,True,True,53801,False,True,True,53801,False,True,True,True
2349,19604,True,53801,False,True,True,53801,False,True,True,53801,False,True,True,True
2350,19612,True,53801,False,True,True,53801,False,True,True,53801,False,True,True,True
2351,19615,True,53801,False,True,True,53801,False,True,True,53801,False,True,True,True
2352,19623,True,53801,False,True,True,53801,False,True,True,53801,False,True,True,True
2353,19626,True,53801,False,True,True,53801,False,True,True,53801,False,True,True,True
2354,19627,True,53801,False,True,True,53801,False,True,True,53801,False,True,True,True
2355,19629,True,53801,False,True,True,53801,False,True,True,53801,False,True,True,True
2356,19631,True,53801,False,True,True,53801,False,True,True,53801,False,True,True,True
2356,80570,False,256,False,True,False,256,False,True,False,256,False,True,False,True
2357,19635,True,53801,False,True,True,53801,False,True,True,53801,False,True,True,True
2358,19639,True,53801,False,True,True,53801,False,True,True,53801,False,True,True,True
2359,19640,True,53801,False,True,True,53801,False,True,True,53801,False,True,True,True
2360,19643,True,53801,False,True,True,53801,False,True,True,53801,False,True,True,True
2361,19649,True,53801,False,True,True,53801,False,True,True,53801,False,True,True,True
2362,19651,True,53801,False,True,True,53801,False,True,True,53801,False,True,True,True
2363,19657,True,53801,False,True,True,53801,False,True,True,53801,False,True,True,True
2364,19659,True,53801,False,True,True,53801,False,True,True,53801,False,True,True,True
2364,77008,False,256,False,True,False,256,False,True,False,256,False,True,False,True
2365,19660,True,53801,False,True,True,53801,False,True,True,53801,False,True,True,True
2366,19661,True,53801,False,True,True,53801,False,True,True,53801,False,True,True,True
2367,19662,True,53801,False,True,True,53801,False,True,True,53801,False,True,True,True
2368,19666,True,53801,False,True,True,53801,False,True,True,53801,False,True,True,True
2369,19671,True,53801,False,True,True,53801,False,True,True,53801,False,True,True,True
2370,19672,True,53801,False,True,True,53801,False,True,True,53801,False,True,True,True
2371,19673,True,53801,False,True,True,53801,False,True,True,53801,False,True,True,True
2372,19674,True,53801,False,True,True,53801,False,True,True,53801,False,True,True,True
2373,19675,True,53801,False,True,True,53801,False,True,True,53801,False,True,True,True
2374,19680,True,53801,False,True,True,53801,False,True,True,53801,False,True,True,True
2375,19681,True,53801,False,True,True,53801,False,True,True,53801,False,True,True,True
2376,19682,True,53801,False,True,True,53801,False,True,True,53801,False,True,True,True
2377,19683,True,53801,False,True,True,53801,False,True,True,53801,False,True,True,True
2378,19684,True,53801,False,True,True,53801,False,True,True,53801,False,True,True,True
2379,19685,True,53801,False,True,True,53801,False,True,True,53801,False,True,True,True
2380,19687,True,53801,False,True,True,53801,False,True,True,53801,False,True,True,True
2381,19689,True,53801,False,True,True,53801,False,True,True,53801,False,True,True,True
2382,19690,True,53801,False,True,True,53801,False,True,True,53801,False,True,True,True
2383,19697,True,53801,False,True,True,53801,False,True,True,53801,False,True,True,True
2384,19698,True,53801,False,True,True,53801,False,True,True,53801,False,True,True,True
2385,19702,True,53801,False,True,True,53801,False,True,True,53801,False,True,True,True
2386,19704,True,53801,False,True,True,53801,False,True,True,53801,False,True,True,True
2387,19705,True,53801,False,True,True,53801,False,True,True,53801,False,True,True,True
2388,19709,True,53801,False,True,True,53801,False,True,True,53801,False,True,True,True
2389,19713,True,53801,False,True,True,53801,False,True,True,53801,False,True,True,True
2390,19714,True,53801,False,True,True,53801,False,True,True,53801,False,True,True,True
2390,60357,False,256,False,True,False,256,False,True,False,256,False,True,False,True
2391,19715,True,53801,False,True,True,53801,False,True,True,53801,False,True,True,True
2392,19720,True,53801,False,True,True,53801,False,True,True,53801,False,True,True,True
2393,19722,True,53801,False,True,True,53801,False,True,True,53801,False,True,True,True
2394,19726,True,53801,False,True,True,53801,False,True,True,53801,False,True,True,True
2395,19728,True,53801,False,True,True,53801,False,True,True,53801,False,True,True,True
2396,19732,True,53801,False,True,True,53801,False,True,True,53801,False,True,True,True
2397,19733,True,53801,False,True,True,53801,False,True,True,53801,False,True,True,True
2398,19740,True,53801,False,True,True,53801,False,True,True,53801,False,True,True,True
2399,19741,True,53801,False,True,True,53801,False,True,True,53801,False,True,True,True
2400,19742,True,53801,False,True,True,53801,False,True,True,53801,False,True,True,True
2401,19743,True,53801,False,True,True,53801,False,True,True,53801,False,True,True,True
2402,19748,True,53801,False,True,True,53801,False,True,True,53801,False,True,True,True
2403,19752,True,53801,False,True,True,53801,False,True,True,53801,False,True,True,True
2404,19757,True,53801,False,True,True,53801,False,True,True,53801,False,True,True,True
2405,19758,True,53801,False,True,True,53801,False,True,True,53801,False,True,True,True
2406,19759,True,53801,False,True,True,53801,False,True,True,53801,False,True,True,True
2407,19761,True,53801,False,True,True,53801,False,True,True,53801,False,True,True,True
2408,19764,True,53801,False,True,True,53801,False,True,True,53801,False,True,True,True
2409,19766,True,53801,False,True,True,53801,False,True,True,53801,False,True,True,True
2410,19770,True,53801,False,True,True,53801,False,True,True,53801,False,True,True,True
2411,19772,True,53801,False,True,True,53801,False,True,True,53801,False,True,True,True
2412,19775,True,53801,False,True,True,53801,False,True,True,53801,False,True,True,True
2413,19776,True,53801,False,True,True,53801,False,True,True,53801,False,True,True,True
2414,19778,True,53801,False,True,True,53801,False,True,True,53801,False,True,True,True
2415,19786,True,53801,False,True,True,53801,False,True,True,53801,False,True,True,True
2416,19789,True,53801,False,True,True,53801,False,True,True,53801,False,True,True,True
2417,19794,True,53801,False,True,True,53801,False,True,True,53801,False,True,True,True
2418,19800,True,53801,False,True,True,53801,False,True,True,53801,False,True,True,True
2419,19802,True,53801,False,True,True,53801,False,True,True,53801,False,True,True,True
2420,19806,True,53801,False,True,True,53801,False,True,True,53801,False,True,True,True
2421,19807,True,53801,False,True,True,53801,False,True,True,53801,False,True,True,True
2422,19811,True,53801,False,True,True,53801,False,True,True,53801,False,True,True,True
2423,19812,True,53801,False,True,True,53801,False,True,True,53801,False,True,True,True
2424,19813,True,53801,False,True,True,53801,False,True,True,53801,False,True,True,True
2425,19823,True,53801,False,True,True,53801,False,True,True,53801,False,True,True,True
2426,19826,True,53801,False,True,True,53801,False,True,True,53801,False,True,True,True
2427,19834,True,53801,False,True,True,53801,False,True,True,53801,False,True,True,True
2428,19835,True,53801,False,True,True,53801,False,True,True,53801,False,True,True,True
2429,19836,True,53801,False,True,True,53801,False,True,True,53801,False,True,True,True
2430,19837,True,53801,False,True,True,53801,False,True,True,53801,False,True,True,True
2431,19839,True,53801,False,True,True,53801,False,True,True,53801,False,True,True,True
2432,19848,True,53801,False,True,True,53801,False,True,True,53801,False,True,True,True
2433,8366,False,256,False,True,False,256,False,True,False,256,False,True,False,True
2433,19854,True,53801,False,True,True,53801,False,True,True,53801,False,True,True,True
2434,19855,True,53801,False,True,True,53801,False,True,True,53801,False,True,True,True
2435,19858,True,53801,False,True,True,53801,False,True,True,53801,False,True,True,True
2436,19869,True,53801,False,True,True,53801,False,True,True,53801,False,True,True,True
2437,19871,True,53801,False,True,True,53801,False,True,True,53801,False,True,True,True
2438,19872,True,53801,False,True,True,53801,False,True,True,53801,False,True,True,True
2439,19874,True,53801,False,True,True,53801,False,True,True,53801,False,True,True,True
2439,28998,False,256,False,True,False,256,False,True,False,256,False,True,False,True
2440,19876,True,53801,False,True,True,53801,False,True,True,53801,False,True,True,True
2440,60638,False,256,False,True,False,256,False,True,False,256,False,True,False,True
2441,19877,True,53801,False,True,True,53801,False,True,True,53801,False,True,True,True
2442,19882,True,53801,False,True,True,53801,False,True,True,53801,False,True,True,True
2443,19885,True,53801,False,True,True,53801,False,True,True,53801,False,True,True,True
2443,35860,False,256,False,True,False,256,False,True,False,256,False,True,False,True
2443,70436,False,256,False,True,False,256,False,True,False,256,False,True,False,True
2444,19886,True,53801,False,True,True,53801,False,True,True,53801,False,True,True,True
2445,19887,True,53801,False,True,True,53801,False,True,True,53801,False,True,True,True
2445,87675,False,256,False,True,False,256,False,True,False,256,False,True,False,True
2446,19888,True,53801,False,True,True,53801,False,True,True,53801,False,True,True,True
2447,19890,True,53801,False,True,True,53801,False,True,True,53801,False,True,True,True
2448,19894,True,53801,False,True,True,53801,False,True,True,53801,False,True,True,True
2449,19897,True,53801,False,True,True,53801,False,True,True,53801,False,True,True,True
2450,19900,True,53801,False,True,True,53801,False,True,True,53801,False,True,True,True
2451,19907,True,53801,False,True,True,53801,False,True,True,53801,False,True,True,True
2452,19911,True,53801,False,True,True,53801,False,True,True,53801,False,True,True,True
2453,19912,True,53801,False,True,True,53801,False,True,True,53801,False,True,True,True
2454,19914,True,53801,False,True,True,53801,False,True,True,53801,False,True,True,True
2455,19915,True,53801,False,True,True,53801,False,True,True,53801,False,True,True,True
2456,19918,True,53801,False,True,True,53801,False,True,True,53801,False,True,True,True
2457,19920,True,53801,False,True,True,53801,False,True,True,53801,False,True,True,True
2458,19932,True,53801,False,True,True,53801,False,True,True,53801,False,True,True,True
2459,19935,True,53801,False,True,True,53801,False,True,True,53801,False,True,True,True
2460,19936,True,53801,False,True,True,53801,False,True,True,53801,False,True,True,True
2461,19938,True,53801,False,True,True,53801,False,True,True,53801,False,True,True,True
2462,19940,True,53801,False,True,True,53801,False,True,True,53801,False,True,True,True
2463,19943,True,53801,False,True,True,53801,False,True,True,53801,False,True,True,True
2464,19945,True,53801,False,True,True,53801,False,True,True,53801,False,True,True,True
2465,19950,True,53801,False,True,True,53801,False,True,True,53801,False,True,True,True
2466,19952,True,53801,False,True,True,53801,False,True,True,53801,False,True,True,True
2467,19964,True,53801,False,True,True,53801,False,True,True,53801,False,True,True,True
2467,60791,False,256,False,True,False,256,False,True,False,256,False,True,False,True
2468,19967,True,53801,False,True,True,53801,False,True,True,53801,False,True,True,True
2468,41829,False,256,False,True,False,256,False,True,False,256,False,True,False,True
2469,19972,True,53801,False,True,True,53801,False,True,True,53801,False,True,True,True
2470,19980,True,53801,False,True,True,53801,False,True,True,53801,False,True,True,True
2471,19982,True,53801,False,True,True,53801,False,True,True,53801,False,True,True,True
2471,60816,False,256,False,True,False,256,False,True,False,256,False,True,False,True
2472,19988,True,53801,False,True,True,53801,False,True,True,53801,False,True,True,True
2473,19990,True,53801,False,True,True,53801,False,True,True,53801,False,True,True,True
2474,19999,True,53801,False,True,True,53801,False,True,True,53801,False,True,True,True
2475,20000,True,53801,False,True,True,53801,False,True,True,53801,False,True,True,True
2476,20001,True,53801,False,True,True,53801,False,True,True,53801,False,True,True,True
2476,60858,False,256,False,True,False,256,False,True,False,256,False,True,False,True
2477,20002,True,53801,False,True,True,53801,False,True,True,53801,False,True,True,True
2478,20004,True,53801,False,True,True,53801,False,True,True,53801,False,True,True,True
2479,20008,True,53801,False,True,True,53801,False,True,True,53801,False,True,True,True
2480,20009,True,53801,False,True,True,53801,False,True,True,53801,False,True,True,True
2481,20014,True,53801,False,True,True,53801,False,True,True,53801,False,True,True,True
2482,20016,True,53801,False,True,True,53801,False,True,True,53801,False,True,True,True
2483,20020,True,53801,False,True,True,53801,False,True,True,53801,False,True,True,True
2484,20025,True,53801,False,True,True,53801,False,True,True,53801,False,True,True,True
2485,20028,True,53801,False,True,True,53801,False,True,True,53801,False,True,True,True
2486,20033,True,53801,False,True,True,53801,False,True,True,53801,False,True,True,True
2487,5371,False,256,False,True,False,256,False,True,False,256,False,True,False,True
2487,20039,True,53801,False,True,True,53801,False,True,True,53801,False,True,True,True
2488,20045,True,53801,False,True,True,53801,False,True,True,53801,False,True,True,True
2488,41945,False,256,False,True,False,256,False,True,False,256,False,True,False,True
2489,20051,True,53801,False,True,True,53801,False,True,True,53801,False,True,True,True
2490,20053,True,53801,False,True,True,53801,False,True,True,53801,False,True,True,True
2491,20059,True,53801,False,True,True,53801,False,True,True,53801,False,True,True,True
2491,67958,False,256,False,True,False,256,False,True,False,256,False,True,False,True
2492,20061,True,53801,False,True,True,53801,False,True,True,53801,False,True,True,True
2493,20062,True,53801,False,True,True,53801,False,True,True,53801,False,True,True,True
2494,20064,True,53801,False,True,True,53801,False,True,True,53801,False,True,True,True
2495,20067,True,53801,False,True,True,53801,False,True,True,53801,False,True,True,True
2496,20070,True,53801,False,True,True,53801,False,True,True,53801,False,True,True,True
2497,20073,True,53801,False,True,True,53801,False,True,True,53801,False,True,True,True
2498,20076,True,53801,False,True,True,53801,False,True,True,53801,False,True,True,True
2499,20077,True,53801,False,True,True,53801,False,True,True,53801,False,True,True,True
2500,20081,True,53801,False,True,True,53801,False,True,True,53801,False,True,True,True
2501,20086,True,53801,False,True,True,53801,False,True,True,53801,False,True,True,True
2502,20087,True,53801,False,True,True,53801,False,True,True,53801,False,True,True,True
2503,20088,True,53801,False,True,True,53801,False,True,True,53801,False,True,True,True
2503,29203,False,256,False,True,False,256,False,True,False,256,False,True,False,True
2504,20090,True,53801,False,True,True,53801,False,True,True,53801,False,True,True,True
2505,20093,True,53801,False,True,True,53801,False,True,True,53801,False,True,True,True
2506,20096,True,53801,False,True,True,53801,False,True,True,53801,False,True,True,True
2507,20102,True,53801,False,True,True,53801,False,True,True,53801,False,True,True,True
2508,20107,True,53801,False,True,True,53801,False,True,True,53801,False,True,True,True
2509,20112,True,53801,False,True,True,53801,False,True,True,53801,False,True,True,True
2510,20116,True,53801,False,True,True,53801,False,True,True,53801,False,True,True,True
2511,20119,True,53801,False,True,True,53801,False,True,True,53801,False,True,True,True
2511,23713,False,256,False,True,False,256,False,True,False,256,False,True,False,True
2512,20120,True,53801,False,True,True,53801,False,True,True,53801,False,True,True,True
2513,20125,True,53801,False,True,True,53801,False,True,True,53801,False,True,True,True
2514,20129,True,53801,False,True,True,53801,False,True,True,53801,False,True,True,True
2515,20136,True,53801,False,True,True,53801,False,True,True,53801,False,True,True,True
2516,20137,True,53801,False,True,True,53801,False,True,True,53801,False,True,True,True
2517,20138,True,53801,False,True,True,53801,False,True,True,53801,False,True,True,True
2518,20141,True,53801,False,True,True,53801,False,True,True,53801,False,True,True,True
2519,20142,True,53801,False,True,True,53801,False,True,True,53801,False,True,True,True
2520,20143,True,53801,False,True,True,53801,False,True,True,53801,False,True,True,True
2521,20146,True,53801,False,True,True,53801,False,True,True,53801,False,True,True,True
2522,20154,True,53801,False,True,True,53801,False,True,True,53801,False,True,True,True
2523,20156,True,53801,False,True,True,53801,False,True,True,53801,False,True,True,True
2524,20161,True,53801,False,True,True,53801,False,True,True,53801,False,True,True,True
2525,20165,True,53801,False,True,True,53801,False,True,True,53801,False,True,True,True
2526,20169,True,53801,False,True,True,53801,False,True,True,53801,False,True,True,True
2526,70645,False,256,False,True,False,256,False,True,False,256,False,True,False,True
2527,20173,True,53801,False,True,True,53801,False,True,True,53801,False,True,True,True
2528,20174,True,53801,False,True,True,53801,False,True,True,53801,False,True,True,True
2529,20175,True,53801,False,True,True,53801,False,True,True,53801,False,True,True,True
2530,20177,True,53801,False,True,True,53801,False,True,True,53801,False,True,True,True
2531,20178,True,53801,False,True,True,53801,False,True,True,53801,False,True,True,True
2532,20181,True,53801,False,True,True,53801,False,True,True,53801,False,True,True,True
2533,20182,True,53801,False,True,True,53801,False,True,True,53801,False,True,True,True
2534,20184,True,53801,False,True,True,53801,False,True,True,53801,False,True,True,True
2535,20190,True,53801,False,True,True,53801,False,True,True,53801,False,True,True,True
2536,20191,True,53801,False,True,True,53801,False,True,True,53801,False,True,True,True
2537,20192,True,53801,False,True,True,53801,False,True,True,53801,False,True,True,True
2538,20194,True,53801,False,True,True,53801,False,True,True,53801,False,True,True,True
2539,20197,True,53801,False,True,True,53801,False,True,True,53801,False,True,True,True
2540,20202,True,53801,False,True,True,53801,False,True,True,53801,False,True,True,True
2541,20210,True,53801,False,True,True,53801,False,True,True,53801,False,True,True,True
2542,20213,True,53801,False,True,True,53801,False,True,True,53801,False,True,True,True
2543,20218,True,53801,False,True,True,53801,False,True,True,53801,False,True,True,True
2544,20224,True,53801,False,True,True,53801,False,True,True,53801,False,True,True,True
2545,20225,True,53801,False,True,True,53801,False,True,True,53801,False,True,True,True
2546,20227,True,53801,False,True,True,53801,False,True,True,53801,False,True,True,True
2547,20229,True,53801,False,True,True,53801,False,True,True,53801,False,True,True,True
2548,20231,True,53801,False,True,True,53801,False,True,True,53801,False,True,True,True
2549,20232,True,53801,False,True,True,53801,False,True,True,53801,False,True,True,True
2550,20240,True,53801,False,True,True,53801,False,True,True,53801,False,True,True,True
2551,20241,True,53801,False,True,True,53801,False,True,True,53801,False,True,True,True
2552,20242,True,53801,False,True,True,53801,False,True,True,53801,False,True,True,True
2553,20247,True,53801,False,True,True,53801,False,True,True,53801,False,True,True,True
2553,52220,False,256,False,True,False,256,False,True,False,256,False,True,False,True
2554,20250,True,53801,False,True,True,53801,False,True,True,53801,False,True,True,True
2555,20252,True,53801,False,True,True,53801,False,True,True,53801,False,True,True,True
2556,20258,True,53801,False,True,True,53801,False,True,True,53801,False,True,True,True
2557,20264,True,53801,False,True,True,53801,False,True,True,53801,False,True,True,True
2558,20266,True,53801,False,True,True,53801,False,True,True,53801,False,True,True,True
2559,20271,True,53801,False,True,True,53801,False,True,True,53801,False,True,True,True
2560,20276,True,53801,False,True,True,53801,False,True,True,53801,False,True,True,True
2561,20279,True,53801,False,True,True,53801,False,True,True,53801,False,True,True,True
2562,20280,True,53801,False,True,True,53801,False,True,True,53801,False,True,True,True
2563,20283,True,53801,False,True,True,53801,False,True,True,53801,False,True,True,True
2564,20284,True,53801,False,True,True,53801,False,True,True,53801,False,True,True,True
2565,20292,True,53801,False,True,True,53801,False,True,True,53801,False,True,True,True
2566,20293,True,53801,False,True,True,53801,False,True,True,53801,False,True,True,True
2567,20299,True,53801,False,True,True,53801,False,True,True,53801,False,True,True,True
2567,23873,False,256,False,True,False,256,False,True,False,256,False,True,False,True
2568,20305,True,53801,False,True,True,53801,False,True,True,53801,False,True,True,True
2569,20306,True,53801,False,True,True,53801,False,True,True,53801,False,True,True,True
2570,20307,True,53801,False,True,True,53801,False,True,True,53801,False,True,True,True
2571,20308,True,53801,False,True,True,53801,False,True,True,53801,False,True,True,True
2572,20309,True,53801,False,True,True,53801,False,True,True,53801,False,True,True,True
2573,20312,True,53801,False,True,True,53801,False,True,True,53801,False,True,True,True
2574,14716,False,256,False,True,False,256,False,True,False,256,False,True,False,True
2574,20313,True,53801,False,True,True,53801,False,True,True,53801,False,True,True,True
2574,56297,False,256,False,True,False,256,False,True,False,256,False,True,False,True
2575,20315,True,53801,False,True,True,53801,False,True,True,53801,False,True,True,True
2576,20319,True,53801,False,True,True,53801,False,True,True,53801,False,True,True,True
2577,20320,True,53801,False,True,True,53801,False,True,True,53801,False,True,True,True
2578,20323,True,53801,False,True,True,53801,False,True,True,53801,False,True,True,True
2580,20328,True,53801,False,True,True,53801,False,True,True,53801,False,True,True,True
2581,20334,True,53801,False,True,True,53801,False,True,True,53801,False,True,True,True
2582,20335,True,53801,False,True,True,53801,False,True,True,53801,False,True,True,True
2583,20337,True,53801,False,True,True,53801,False,True,True,53801,False,True,True,True
2584,20343,True,53801,False,True,True,53801,False,True,True,53801,False,True,True,True
2585,20344,True,53801,False,True,True,53801,False,True,True,53801,False,True,True,True
2586,20346,True,53801,False,True,True,53801,False,True,True,53801,False,True,True,True
2587,20348,True,53801,False,True,True,53801,False,True,True,53801,False,True,True,True
2588,20349,True,53801,False,True,True,53801,False,True,True,53801,False,True,True,True
2589,20353,True,53801,False,True,True,53801,False,True,True,53801,False,True,True,True
2590,20356,True,53801,False,True,True,53801,False,True,True,53801,False,True,True,True
2591,20360,True,53801,False,True,True,53801,False,True,True,53801,False,True,True,True
2592,20366,True,53801,False,True,True,53801,False,True,True,53801,False,True,True,True
2593,20367,True,53801,False,True,True,53801,False,True,True,53801,False,True,True,True
2594,20368,True,53801,False,True,True,53801,False,True,True,53801,False,True,True,True
2595,20373,True,53801,False,True,True,53801,False,True,True,53801,False,True,True,True
2596,20375,True,53801,False,True,True,53801,False,True,True,53801,False,True,True,True
2596,29562,False,256,False,True,False,256,False,True,False,256,False,True,False,True
2597,20376,True,53801,False,True,True,53801,False,True,True,53801,False,True,True,True
2598,20378,True,53801,False,True,True,53801,False,True,True,53801,False,True,True,True
2598,84818,False,256,False,True,False,256,False,True,False,256,False,True,False,True
2599,20380,True,53801,False,True,True,53801,False,True,True,53801,False,True,True,True
2599,61503,False,256,False,True,False,256,False,True,False,256,False,True,False,True
2600,20383,True,53801,False,True,True,53801,False,True,True,53801,False,True,True,True
2601,20384,True,53801,False,True,True,53801,False,True,True,53801,False,True,True,True
2602,20385,True,53801,False,True,True,53801,False,True,True,53801,False,True,True,True
2603,20388,True,53801,False,True,True,53801,False,True,True,53801,False,True,True,True
2604,20389,True,53801,False,True,True,53801,False,True,True,53801,False,True,True,True
2605,5524,False,256,False,True,False,256,False,True,False,256,False,True,False,True
2605,14802,False,256,False,True,False,256,False,True,False,256,False,True,False,True
2605,20390,True,53801,False,True,True,53801,False,True,True,53801,False,True,True,True
2606,20392,True,53801,False,True,True,53801,False,True,True,53801,False,True,True,True
2607,20395,True,53801,False,True,True,53801,False,True,True,53801,False,True,True,True
2608,20396,True,53801,False,True,True,53801,False,True,True,53801,False,True,True,True
2609,20405,True,53801,False,True,True,53801,False,True,True,53801,False,True,True,True
2610,20413,True,53801,False,True,True,53801,False,True,True,53801,False,True,True,True
2611,20416,True,53801,False,True,True,53801,False,True,True,53801,False,True,True,True
2612,20417,True,53801,False,True,True,53801,False,True,True,53801,False,True,True,True
2612,77726,False,256,False,True,False,256,False,True,False,256,False,True,False,True
2613,20424,True,53801,False,True,True,53801,False,True,True,53801,False,True,True,True
2614,20425,True,53801,False,True,True,53801,False,True,True,53801,False,True,True,True
2615,20426,True,53801,False,True,True,53801,False,True,True,53801,False,True,True,True
2616,20428,True,53801,False,True,True,53801,False,True,True,53801,False,True,True,True
2617,20429,True,53801,False,True,True,53801,False,True,True,53801,False,True,True,True
2618,20431,True,53801,False,True,True,53801,False,True,True,53801,False,True,True,True
2619,20433,True,53801,False,True,True,53801,False,True,True,53801,False,True,True,True
2620,20438,True,53801,False,True,True,53801,False,True,True,53801,False,True,True,True
2621,20439,True,53801,False,True,True,53801,False,True,True,53801,False,True,True,True
2622,20441,True,53801,False,True,True,53801,False,True,True,53801,False,True,True,True
2623,1335,False,256,False,True,False,256,False,True,False,256,False,True,False,True
2623,20442,True,53801,False,True,True,53801,False,True,True,53801,False,True,True,True
2624,20444,True,53801,False,True,True,53801,False,True,True,53801,False,True,True,True
2625,20445,True,53801,False,True,True,53801,False,True,True,53801,False,True,True,True
2626,20447,True,53801,False,True,True,53801,False,True,True,53801,False,True,True,True
2627,20448,True,53801,False,True,True,53801,False,True,True,53801,False,True,True,True
2628,20452,True,53801,False,True,True,53801,False,True,True,53801,False,True,True,True
2629,373,False,256,False,True,False,256,False,True,False,256,False,True,False,True
2629,20453,True,53801,False,True,True,53801,False,True,True,53801,False,True,True,True
2630,20457,True,53801,False,True,True,53801,False,True,True,53801,False,True,True,True
2631,20462,True,53801,False,True,True,53801,False,True,True,53801,False,True,True,True
2632,20466,True,53801,False,True,True,53801,False,True,True,53801,False,True,True,True
2633,20468,True,53801,False,True,True,53801,False,True,True,53801,False,True,True,True
2634,20483,True,53801,False,True,True,53801,False,True,True,53801,False,True,True,True
2634,61668,False,256,False,True,False,256,False,True,False,256,False,True,False,True
2635,20487,True,53801,False,True,True,53801,False,True,True,53801,False,True,True,True
2636,20496,True,53801,False,True,True,53801,False,True,True,53801,False,True,True,True
2637,20507,True,53801,False,True,True,53801,False,True,True,53801,False,True,True,True
2638,20519,True,53801,False,True,True,53801,False,True,True,53801,False,True,True,True
2639,20520,True,53801,False,True,True,53801,False,True,True,53801,False,True,True,True
2640,20526,True,53801,False,True,True,53801,False,True,True,53801,False,True,True,True
2641,20527,True,53801,False,True,True,53801,False,True,True,53801,False,True,True,True
2641,36852,False,256,False,True,False,256,False,True,False,256,False,True,False,True
2642,20529,True,53801,False,True,True,53801,False,True,True,53801,False,True,True,True
2643,20532,True,53801,False,True,True,53801,False,True,True,53801,False,True,True,True
2644,14934,False,256,False,True,False,256,False,True,False,256,False,True,False,True
2644,20534,True,53801,False,True,True,53801,False,True,True,53801,False,True,True,True
2645,20537,True,53801,False,True,True,53801,False,True,True,53801,False,True,True,True
2646,20540,True,53801,False,True,True,53801,False,True,True,53801,False,True,True,True
2647,20542,True,53801,False,True,True,53801,False,True,True,53801,False,True,True,True
2648,20543,True,53801,False,True,True,53801,False,True,True,53801,False,True,True,True
2649,20544,True,53801,False,True,True,53801,False,True,True,53801,False,True,True,True
2650,20547,True,53801,False,True,True,53801,False,True,True,53801,False,True,True,True
2651,20548,True,53801,False,True,True,53801,False,True,True,53801,False,True,True,True
2652,20552,True,53801,False,True,True,53801,False,True,True,53801,False,True,True,True
2653,20553,True,53801,False,True,True,53801,False,True,True,53801,False,True,True,True
2654,20554,True,53801,False,True,True,53801,False,True,True,53801,False,True,True,True
2655,20556,True,53801,False,True,True,53801,False,True,True,53801,False,True,True,True
2656,20558,True,53801,False,True,True,53801,False,True,True,53801,False,True,True,True
2657,20562,True,53801,False,True,True,53801,False,True,True,53801,False,True,True,True
2658,20564,True,53801,False,True,True,53801,False,True,True,53801,False,True,True,True
2659,20568,True,53801,False,True,True,53801,False,True,True,53801,False,True,True,True
2660,20570,True,53801,False,True,True,53801,False,True,True,53801,False,True,True,True
2661,11377,False,256,False,True,False,256,False,True,False,256,False,True,False,True
2661,20572,True,53801,False,True,True,53801,False,True,True,53801,False,True,True,True
2662,20573,True,53801,False,True,True,53801,False,True,True,53801,False,True,True,True
2663,20578,True,53801,False,True,True,53801,False,True,True,53801,False,True,True,True
2664,20583,True,53801,False,True,True,53801,False,True,True,53801,False,True,True,True
2665,20584,True,53801,False,True,True,53801,False,True,True,53801,False,True,True,True
2665,65737,False,256,False,True,False,256,False,True,False,256,False,True,False,True
2666,20587,True,53801,False,True,True,53801,False,True,True,53801,False,True,True,True
2666,29820,False,256,False,True,False,256,False,True,False,256,False,True,False,True
2667,20592,True,53801,False,True,True,53801,False,True,True,53801,False,True,True,True
2668,20593,True,53801,False,True,True,53801,False,True,True,53801,False,True,True,True
2669,20595,True,53801,False,True,True,53801,False,True,True,53801,False,True,True,True
2670,20597,True,53801,False,True,True,53801,False,True,True,53801,False,True,True,True
2670,42858,False,256,False,True,False,256,False,True,False,256,False,True,False,True
2671,20598,True,53801,False,True,True,53801,False,True,True,53801,False,True,True,True
2672,20599,True,53801,False,True,True,53801,False,True,True,53801,False,True,True,True
2673,20601,True,53801,False,True,True,53801,False,True,True,53801,False,True,True,True
2674,20603,True,53801,False,True,True,53801,False,True,True,53801,False,True,True,True
2675,20609,True,53801,False,True,True,53801,False,True,True,53801,False,True,True,True
2676,20611,True,53801,False,True,True,53801,False,True,True,53801,False,True,True,True
2677,20614,True,53801,False,True,True,53801,False,True,True,53801,False,True,True,True
2678,20617,True,53801,False,True,True,53801,False,True,True,53801,False,True,True,True
2679,20621,True,53801,False,True,True,53801,False,True,True,53801,False,True,True,True
2680,20623,True,53801,False,True,True,53801,False,True,True,53801,False,True,True,True
2681,20624,True,53801,False,True,True,53801,False,True,True,53801,False,True,True,True
2682,20625,True,53801,False,True,True,53801,False,True,True,53801,False,True,True,True
2683,20628,True,53801,False,True,True,53801,False,True,True,53801,False,True,True,True
2684,20630,True,53801,False,True,True,53801,False,True,True,53801,False,True,True,True
2685,20631,True,53801,False,True,True,53801,False,True,True,53801,False,True,True,True
2686,20632,True,53801,False,True,True,53801,False,True,True,53801,False,True,True,True
2687,20634,True,53801,False,True,True,53801,False,True,True,53801,False,True,True,True
2688,20637,True,53801,False,True,True,53801,False,True,True,53801,False,True,True,True
2689,20638,True,53801,False,True,True,53801,False,True,True,53801,False,True,True,True
2690,20646,True,53801,False,True,True,53801,False,True,True,53801,False,True,True,True
2690,74356,False,256,False,True,False,256,False,True,False,256,False,True,False,True
2691,20656,True,53801,False,True,True,53801,False,True,True,53801,False,True,True,True
2691,68381,False,256,False,True,False,256,False,True,False,256,False,True,False,True
2692,20658,True,53801,False,True,True,53801,False,True,True,53801,False,True,True,True
2693,20671,True,53801,False,True,True,53801,False,True,True,53801,False,True,True,True
2694,20672,True,53801,False,True,True,53801,False,True,True,53801,False,True,True,True
2695,20673,True,53801,False,True,True,53801,False,True,True,53801,False,True,True,True
2696,20674,True,53801,False,True,True,53801,False,True,True,53801,False,True,True,True
2697,20680,True,53801,False,True,True,53801,False,True,True,53801,False,True,True,True
2697,37126,False,256,False,True,False,256,False,True,False,256,False,True,False,True
2698,20681,True,53801,False,True,True,53801,False,True,True,53801,False,True,True,True
2699,20688,True,53801,False,True,True,53801,False,True,True,53801,False,True,True,True
2700,20690,True,53801,False,True,True,53801,False,True,True,53801,False,True,True,True
2701,20694,True,53801,False,True,True,53801,False,True,True,53801,False,True,True,True
2702,20697,True,53801,False,True,True,53801,False,True,True,53801,False,True,True,True
2703,20702,True,53801,False,True,True,53801,False,True,True,53801,False,True,True,True
2704,20705,True,53801,False,True,True,53801,False,True,True,53801,False,True,True,True
2705,20707,True,53801,False,True,True,53801,False,True,True,53801,False,True,True,True
2706,20709,True,53801,False,True,True,53801,False,True,True,53801,False,True,True,True
2707,20713,True,53801,False,True,True,53801,False,True,True,53801,False,True,True,True
2708,20715,True,53801,False,True,True,53801,False,True,True,53801,False,True,True,True
2709,20720,True,53801,False,True,True,53801,False,True,True,53801,False,True,True,True
2710,20722,True,53801,False,True,True,53801,False,True,True,53801,False,True,True,True
2711,20724,True,53801,False,True,True,53801,False,True,True,53801,False,True,True,True
2712,20725,True,53801,False,True,True,53801,False,True,True,53801,False,True,True,True
2713,20727,True,53801,False,True,True,53801,False,True,True,53801,False,True,True,True
2714,8719,False,256,False,True,False,256,False,True,False,256,False,True,False,True
2714,20729,True,53801,False,True,True,53801,False,True,True,53801,False,True,True,True
2715,20730,True,53801,False,True,True,53801,False,True,True,53801,False,True,True,True
2716,20731,True,53801,False,True,True,53801,False,True,True,53801,False,True,True,True
2717,20735,True,53801,False,True,True,53801,False,True,True,53801,False,True,True,True
2718,20741,True,53801,False,True,True,53801,False,True,True,53801,False,True,True,True
2719,20744,True,53801,False,True,True,53801,False,True,True,53801,False,True,True,True
2720,20748,True,53801,False,True,True,53801,False,True,True,53801,False,True,True,True
2721,20751,True,53801,False,True,True,53801,False,True,True,53801,False,True,True,True
2722,20752,True,53801,False,True,True,53801,False,True,True,53801,False,True,True,True
2723,20756,True,53801,False,True,True,53801,False,True,True,53801,False,True,True,True
2724,20762,True,53801,False,True,True,53801,False,True,True,53801,False,True,True,True
2725,20769,True,53801,False,True,True,53801,False,True,True,53801,False,True,True,True
2726,20774,True,53801,False,True,True,53801,False,True,True,53801,False,True,True,True
2727,20779,True,53801,False,True,True,53801,False,True,True,53801,False,True,True,True
2727,48163,False,256,False,True,False,256,False,True,False,256,False,True,False,True
2728,20785,True,53801,False,True,True,53801,False,True,True,53801,False,True,True,True
2728,68487,False,256,False,True,False,256,False,True,False,256,False,True,False,True
2729,20788,True,53801,False,True,True,53801,False,True,True,53801,False,True,True,True
2730,20790,True,53801,False,True,True,53801,False,True,True,53801,False,True,True,True
2731,20792,True,53801,False,True,True,53801,False,True,True,53801,False,True,True,True
2732,166,False,256,False,True,False,256,False,True,False,256,False,True,False,True
2732,20796,True,53801,False,True,True,53801,False,True,True,53801,False,True,True,True
2733,20798,True,53801,False,True,True,53801,False,True,True,53801,False,True,True,True
2734,11594,False,256,False,True,False,256,False,True,False,256,False,True,False,True
2734,20800,True,53801,False,True,True,53801,False,True,True,53801,False,True,True,True
2735,20801,True,53801,False,True,True,53801,False,True,True,53801,False,True,True,True
2736,20802,True,53801,False,True,True,53801,False,True,True,53801,False,True,True,True
2737,20809,True,53801,False,True,True,53801,False,True,True,53801,False,True,True,True
2738,20812,True,53801,False,True,True,53801,False,True,True,53801,False,True,True,True
2739,20813,True,53801,False,True,True,53801,False,True,True,53801,False,True,True,True
2740,20814,True,53801,False,True,True,53801,False,True,True,53801,False,True,True,True
2741,20817,True,53801,False,True,True,53801,False,True,True,53801,False,True,True,True
2741,85295,False,256,False,True,False,256,False,True,False,256,False,True,False,True
2742,20821,True,53801,False,True,True,53801,False,True,True,53801,False,True,True,True
2743,20824,True,53801,False,True,True,53801,False,True,True,53801,False,True,True,True
2744,20825,True,53801,False,True,True,53801,False,True,True,53801,False,True,True,True
2745,20826,True,53801,False,True,True,53801,False,True,True,53801,False,True,True,True
2746,20832,True,53801,False,True,True,53801,False,True,True,53801,False,True,True,True
2747,20834,True,53801,False,True,True,53801,False,True,True,53801,False,True,True,True
2748,20842,True,53801,False,True,True,53801,False,True,True,53801,False,True,True,True
2749,15281,False,256,False,True,False,256,False,True,False,256,False,True,False,True
2749,20850,True,53801,False,True,True,53801,False,True,True,53801,False,True,True,True
2750,20854,True,53801,False,True,True,53801,False,True,True,53801,False,True,True,True
2751,20858,True,53801,False,True,True,53801,False,True,True,53801,False,True,True,True
2752,20861,True,53801,False,True,True,53801,False,True,True,53801,False,True,True,True
2753,20871,True,53801,False,True,True,53801,False,True,True,53801,False,True,True,True
2754,20873,True,53801,False,True,True,53801,False,True,True,53801,False,True,True,True
2755,20875,True,53801,False,True,True,53801,False,True,True,53801,False,True,True,True
2756,20878,True,53801,False,True,True,53801,False,True,True,53801,False,True,True,True
2757,20903,True,53801,False,True,True,53801,False,True,True,53801,False,True,True,True
2758,20905,True,53801,False,True,True,53801,False,True,True,53801,False,True,True,True
2759,20906,True,53801,False,True,True,53801,False,True,True,53801,False,True,True,True
2760,20909,True,53801,False,True,True,53801,False,True,True,53801,False,True,True,True
2760,56903,False,256,False,True,False,256,False,True,False,256,False,True,False,True
2761,20913,True,53801,False,True,True,53801,False,True,True,53801,False,True,True,True
2762,20914,True,53801,False,True,True,53801,False,True,True,53801,False,True,True,True
2763,20915,True,53801,False,True,True,53801,False,True,True,53801,False,True,True,True
2764,20917,True,53801,False,True,True,53801,False,True,True,53801,False,True,True,True
2765,20918,True,53801,False,True,True,53801,False,True,True,53801,False,True,True,True
2766,20919,True,53801,False,True,True,53801,False,True,True,53801,False,True,True,True
2767,20920,True,53801,False,True,True,53801,False,True,True,53801,False,True,True,True
2768,20922,True,53801,False,True,True,53801,False,True,True,53801,False,True,True,True
2768,30171,False,256,False,True,False,256,False,True,False,256,False,True,False,True
2769,20924,True,53801,False,True,True,53801,False,True,True,53801,False,True,True,True
2769,56913,False,256,False,True,False,256,False,True,False,256,False,True,False,True
2770,20925,True,53801,False,True,True,53801,False,True,True,53801,False,True,True,True
2771,20926,True,53801,False,True,True,53801,False,True,True,53801,False,True,True,True
2772,20928,True,53801,False,True,True,53801,False,True,True,53801,False,True,True,True
2773,20934,True,53801,False,True,True,53801,False,True,True,53801,False,True,True,True
2774,20936,True,53801,False,True,True,53801,False,True,True,53801,False,True,True,True
2775,20940,True,53801,False,True,True,53801,False,True,True,53801,False,True,True,True
2776,20950,True,53801,False,True,True,53801,False,True,True,53801,False,True,True,True
2776,62449,False,256,False,True,False,256,False,True,False,256,False,True,False,True
2777,20954,True,53801,False,True,True,53801,False,True,True,53801,False,True,True,True
2777,24569,False,256,False,True,False,256,False,True,False,256,False,True,False,True
2778,20956,True,53801,False,True,True,53801,False,True,True,53801,False,True,True,True
2779,20957,True,53801,False,True,True,53801,False,True,True,53801,False,True,True,True
2780,20959,True,53801,False,True,True,53801,False,True,True,53801,False,True,True,True
2781,11744,False,256,False,True,False,256,False,True,False,256,False,True,False,True
2781,20960,True,53801,False,True,True,53801,False,True,True,53801,False,True,True,True
2782,20961,True,53801,False,True,True,53801,False,True,True,53801,False,True,True,True
2783,20967,True,53801,False,True,True,53801,False,True,True,53801,False,True,True,True
2784,20973,True,53801,False,True,True,53801,False,True,True,53801,False,True,True,True
2785,20974,True,53801,False,True,True,53801,False,True,True,53801,False,True,True,True
2786,20976,True,53801,False,True,True,53801,False,True,True,53801,False,True,True,True
2787,20977,True,53801,False,True,True,53801,False,True,True,53801,False,True,True,True
2787,78282,False,256,False,True,False,256,False,True,False,256,False,True,False,True
2788,20986,True,53801,False,True,True,53801,False,True,True,53801,False,True,True,True
2789,20990,True,53801,False,True,True,53801,False,True,True,53801,False,True,True,True
2790,20992,True,53801,False,True,True,53801,False,True,True,53801,False,True,True,True
2791,20997,True,53801,False,True,True,53801,False,True,True,53801,False,True,True,True
2792,20998,True,53801,False,True,True,53801,False,True,True,53801,False,True,True,True
2793,20999,True,53801,False,True,True,53801,False,True,True,53801,False,True,True,True
2794,21002,True,53801,False,True,True,53801,False,True,True,53801,False,True,True,True
2795,21004,True,53801,False,True,True,53801,False,True,True,53801,False,True,True,True
2796,21005,True,53801,False,True,True,53801,False,True,True,53801,False,True,True,True
2797,21009,True,53801,False,True,True,53801,False,True,True,53801,False,True,True,True
2798,21011,True,53801,False,True,True,53801,False,True,True,53801,False,True,True,True
2799,21012,True,53801,False,True,True,53801,False,True,True,53801,False,True,True,True
2800,21013,True,53801,False,True,True,53801,False,True,True,53801,False,True,True,True
2801,21015,True,53801,False,True,True,53801,False,True,True,53801,False,True,True,True
2802,21033,True,53801,False,True,True,53801,False,True,True,53801,False,True,True,True
2803,21034,True,53801,False,True,True,53801,False,True,True,53801,False,True,True,True
2803,62597,False,256,False,True,False,256,False,True,False,256,False,True,False,True
2804,21035,True,53801,False,True,True,53801,False,True,True,53801,False,True,True,True
2805,21039,True,53801,False,True,True,53801,False,True,True,53801,False,True,True,True
2806,21041,True,53801,False,True,True,53801,False,True,True,53801,False,True,True,True
2808,21045,True,53801,False,True,True,53801,False,True,True,53801,False,True,True,True
2809,21048,True,53801,False,True,True,53801,False,True,True,53801,False,True,True,True
2810,21055,True,53801,False,True,True,53801,False,True,True,53801,False,True,True,True
2811,21056,True,53801,False,True,True,53801,False,True,True,53801,False,True,True,True
2812,21058,True,53801,False,True,True,53801,False,True,True,53801,False,True,True,True
2813,21062,True,53801,False,True,True,53801,False,True,True,53801,False,True,True,True
2814,21067,True,53801,False,True,True,53801,False,True,True,53801,False,True,True,True
2815,21070,True,53801,False,True,True,53801,False,True,True,53801,False,True,True,True
2816,21072,True,53801,False,True,True,53801,False,True,True,53801,False,True,True,True
2817,8855,False,256,False,True,False,256,False,True,False,256,False,True,False,True
2817,21085,True,53801,False,True,True,53801,False,True,True,53801,False,True,True,True
2818,21086,True,53801,False,True,True,53801,False,True,True,53801,False,True,True,True
2819,21088,True,53801,False,True,True,53801,False,True,True,53801,False,True,True,True
2820,21090,True,53801,False,True,True,53801,False,True,True,53801,False,True,True,True
2821,21093,True,53801,False,True,True,53801,False,True,True,53801,False,True,True,True
2822,21096,True,53801,False,True,True,53801,False,True,True,53801,False,True,True,True
2823,21100,True,53801,False,True,True,53801,False,True,True,53801,False,True,True,True
2824,21101,True,53801,False,True,True,53801,False,True,True,53801,False,True,True,True
2825,21102,True,53801,False,True,True,53801,False,True,True,53801,False,True,True,True
2826,21103,True,53801,False,True,True,53801,False,True,True,53801,False,True,True,True
2826,43698,False,256,False,True,False,256,False,True,False,256,False,True,False,True
2827,21104,True,53801,False,True,True,53801,False,True,True,53801,False,True,True,True
2827,37767,False,256,False,True,False,256,False,True,False,256,False,True,False,True
2828,21109,True,53801,False,True,True,53801,False,True,True,53801,False,True,True,True
2829,21112,True,53801,False,True,True,53801,False,True,True,53801,False,True,True,True
2830,21114,True,53801,False,True,True,53801,False,True,True,53801,False,True,True,True
2831,21115,True,53801,False,True,True,53801,False,True,True,53801,False,True,True,True
2832,21120,True,53801,False,True,True,53801,False,True,True,53801,False,True,True,True
2833,21121,True,53801,False,True,True,53801,False,True,True,53801,False,True,True,True
2834,1475,False,256,False,True,False,256,False,True,False,256,False,True,False,True
2834,21124,True,53801,False,True,True,53801,False,True,True,53801,False,True,True,True
2835,21128,True,53801,False,True,True,53801,False,True,True,53801,False,True,True,True
2836,21129,True,53801,False,True,True,53801,False,True,True,53801,False,True,True,True
2837,21130,True,53801,False,True,True,53801,False,True,True,53801,False,True,True,True
2838,21131,True,53801,False,True,True,53801,False,True,True,53801,False,True,True,True
2839,21132,True,53801,False,True,True,53801,False,True,True,53801,False,True,True,True
2840,21134,True,53801,False,True,True,53801,False,True,True,53801,False,True,True,True
2841,21135,True,53801,False,True,True,53801,False,True,True,53801,False,True,True,True
2842,21136,True,53801,False,True,True,53801,False,True,True,53801,False,True,True,True
2843,21138,True,53801,False,True,True,53801,False,True,True,53801,False,True,True,True
2844,21141,True,53801,False,True,True,53801,False,True,True,53801,False,True,True,True
2845,4287,False,256,False,True,False,256,False,True,False,256,False,True,False,True
2845,21142,True,53801,False,True,True,53801,False,True,True,53801,False,True,True,True
2846,21143,True,53801,False,True,True,53801,False,True,True,53801,False,True,True,True
2847,21149,True,53801,False,True,True,53801,False,True,True,53801,False,True,True,True
2848,21151,True,53801,False,True,True,53801,False,True,True,53801,False,True,True,True
2849,21152,True,53801,False,True,True,53801,False,True,True,53801,False,True,True,True
2850,21154,True,53801,False,True,True,53801,False,True,True,53801,False,True,True,True
2851,21158,True,53801,False,True,True,53801,False,True,True,53801,False,True,True,True
2852,11938,False,256,False,True,False,256,False,True,False,256,False,True,False,True
2852,21159,True,53801,False,True,True,53801,False,True,True,53801,False,True,True,True
2853,21161,True,53801,False,True,True,53801,False,True,True,53801,False,True,True,True
2854,7401,False,256,False,True,False,256,False,True,False,256,False,True,False,True
2854,21163,True,53801,False,True,True,53801,False,True,True,53801,False,True,True,True
2855,21164,True,53801,False,True,True,53801,False,True,True,53801,False,True,True,True
2855,68769,False,256,False,True,False,256,False,True,False,256,False,True,False,True
2856,21168,True,53801,False,True,True,53801,False,True,True,53801,False,True,True,True
2856,30430,False,256,False,True,False,256,False,True,False,256,False,True,False,True
2857,15568,False,256,False,True,False,256,False,True,False,256,False,True,False,True
2857,21171,True,53801,False,True,True,53801,False,True,True,53801,False,True,True,True
2857,71344,False,256,False,True,False,256,False,True,False,256,False,True,False,True
2858,21174,True,53801,False,True,True,53801,False,True,True,53801,False,True,True,True
2859,21182,True,53801,False,True,True,53801,False,True,True,53801,False,True,True,True
2860,21183,True,53801,False,True,True,53801,False,True,True,53801,False,True,True,True
2861,21186,True,53801,False,True,True,53801,False,True,True,53801,False,True,True,True
2862,21187,True,53801,False,True,True,53801,False,True,True,53801,False,True,True,True
2863,21189,True,53801,False,True,True,53801,False,True,True,53801,False,True,True,True
2864,21201,True,53801,False,True,True,53801,False,True,True,53801,False,True,True,True
2865,21204,True,53801,False,True,True,53801,False,True,True,53801,False,True,True,True
2865,57178,False,256,False,True,False,256,False,True,False,256,False,True,False,True
2866,21213,True,53801,False,True,True,53801,False,True,True,53801,False,True,True,True
2867,21214,True,53801,False,True,True,53801,False,True,True,53801,False,True,True,True
2868,21215,True,53801,False,True,True,53801,False,True,True,53801,False,True,True,True
2869,21220,True,53801,False,True,True,53801,False,True,True,53801,False,True,True,True
2870,21225,True,53801,False,True,True,53801,False,True,True,53801,False,True,True,True
2871,21227,True,53801,False,True,True,53801,False,True,True,53801,False,True,True,True
2872,21234,True,53801,False,True,True,53801,False,True,True,53801,False,True,True,True
2872,37953,False,256,False,True,False,256,False,True,False,256,False,True,False,True
2872,82057,False,256,False,True,False,256,False,True,False,256,False,True,False,True
2873,21237,True,53801,False,True,True,53801,False,True,True,53801,False,True,True,True
2874,21239,True,53801,False,True,True,53801,False,True,True,53801,False,True,True,True
2875,21240,True,53801,False,True,True,53801,False,True,True,53801,False,True,True,True
2876,21243,True,53801,False,True,True,53801,False,True,True,53801,False,True,True,True
2876,66174,False,256,False,True,False,256,False,True,False,2048,False,True,False,True
2877,1501,False,256,False,True,False,256,False,True,False,256,False,True,False,True
2877,21244,True,53801,False,True,True,53801,False,True,True,53801,False,True,True,True
2878,21245,True,53801,False,True,True,53801,False,True,True,53801,False,True,True,True
2878,48712,False,256,False,True,False,256,False,True,False,256,False,True,False,True
2879,21247,True,53801,False,True,True,53801,False,True,True,53801,False,True,True,True
2880,21250,True,53801,False,True,True,53801,False,True,True,53801,False,True,True,True
2881,21255,True,53801,False,True,True,53801,False,True,True,53801,False,True,True,True
2882,21256,True,53801,False,True,True,53801,False,True,True,53801,False,True,True,True
2883,21259,True,53801,False,True,True,53801,False,True,True,53801,False,True,True,True
2884,21260,True,53801,False,True,True,53801,False,True,True,53801,False,True,True,True
2885,21262,True,53801,False,True,True,53801,False,True,True,53801,False,True,True,True
2886,21266,True,53801,False,True,True,53801,False,True,True,53801,False,True,True,True
2887,21272,True,53801,False,True,True,53801,False,True,True,53801,False,True,True,True
2889,21278,True,53801,False,True,True,53801,False,True,True,53801,False,True,True,True
2890,21279,True,53801,False,True,True,53801,False,True,True,53801,False,True,True,True
2890,63010,False,256,False,True,False,256,False,True,False,256,False,True,False,True
2891,21281,True,53801,False,True,True,53801,False,True,True,53801,False,True,True,True
2892,21288,True,53801,False,True,True,53801,False,True,True,53801,False,True,True,True
2893,21289,True,53801,False,True,True,53801,False,True,True,53801,False,True,True,True
2894,21291,True,53801,False,True,True,53801,False,True,True,53801,False,True,True,True
2895,21292,True,53801,False,True,True,53801,False,True,True,53801,False,True,True,True
2896,21294,True,53801,False,True,True,53801,False,True,True,53801,False,True,True,True
2897,21297,True,53801,False,True,True,53801,False,True,True,53801,False,True,True,True
2898,21301,True,53801,False,True,True,53801,False,True,True,53801,False,True,True,True
2899,21305,True,53801,False,True,True,53801,False,True,True,53801,False,True,True,True
2900,21306,True,53801,False,True,True,53801,False,True,True,53801,False,True,True,True
2901,21309,True,53801,False,True,True,53801,False,True,True,53801,False,True,True,True
2902,21312,True,53801,False,True,True,53801,False,True,True,53801,False,True,True,True
2903,21313,True,53801,False,True,True,53801,False,True,True,53801,False,True,True,True
2904,21316,True,53801,False,True,True,53801,False,True,True,53801,False,True,True,True
2905,21317,True,53801,False,True,True,53801,False,True,True,53801,False,True,True,True
2906,21321,True,53801,False,True,True,53801,False,True,True,53801,False,True,True,True
2907,21326,True,53801,False,True,True,53801,False,True,True,53801,False,True,True,True
2908,21327,True,53801,False,True,True,53801,False,True,True,53801,False,True,True,True
2909,21328,True,53801,False,True,True,53801,False,True,True,53801,False,True,True,True
2910,21332,True,53801,False,True,True,53801,False,True,True,53801,False,True,True,True
2911,21336,True,53801,False,True,True,53801,False,True,True,53801,False,True,True,True
2912,21338,True,53801,False,True,True,53801,False,True,True,53801,False,True,True,True
2913,21340,True,53801,False,True,True,53801,False,True,True,53801,False,True,True,True
2914,21341,True,53801,False,True,True,53801,False,True,True,53801,False,True,True,True
2915,21342,True,53801,False,True,True,53801,False,True,True,53801,False,True,True,True
2916,21346,True,53801,False,True,True,53801,False,True,True,53801,False,True,True,True
2917,21351,True,53801,False,True,True,53801,False,True,True,53801,False,True,True,True
2917,24947,False,256,False,True,False,256,False,True,False,256,False,True,False,True
2918,21355,True,53801,False,True,True,53801,False,True,True,53801,False,True,True,True
2919,21358,True,53801,False,True,True,53801,False,True,True,53801,False,True,True,True
2920,21360,True,53801,False,True,True,53801,False,True,True,53801,False,True,True,True
2921,21367,True,53801,False,True,True,53801,False,True,True,53801,False,True,True,True
2922,21370,True,53801,False,True,True,53801,False,True,True,53801,False,True,True,True
2923,21371,True,53801,False,True,True,53801,False,True,True,53801,False,True,True,True
2924,21373,True,53801,False,True,True,53801,False,True,True,53801,False,True,True,True
2925,21385,True,53801,False,True,True,53801,False,True,True,53801,False,True,True,True
2925,75058,False,256,False,True,False,256,False,True,False,256,False,True,False,True
2926,21387,True,53801,False,True,True,53801,False,True,True,53801,False,True,True,True
2927,5948,False,256,False,True,False,256,False,True,False,256,False,True,False,True
2927,21390,True,53801,False,True,True,53801,False,True,True,53801,False,True,True,True
2928,21392,True,53801,False,True,True,53801,False,True,True,53801,False,True,True,True
2929,21397,True,53801,False,True,True,53801,False,True,True,53801,False,True,True,True
2930,21398,True,53801,False,True,True,53801,False,True,True,53801,False,True,True,True
2931,21399,True,53801,False,True,True,53801,False,True,True,53801,False,True,True,True
2932,21403,True,53801,False,True,True,53801,False,True,True,53801,False,True,True,True
2933,21405,True,53801,False,True,True,53801,False,True,True,53801,False,True,True,True
2934,12150,False,256,False,True,False,256,False,True,False,256,False,True,False,True
2934,21411,True,53801,False,True,True,53801,False,True,True,53801,False,True,True,True
2935,21420,True,53801,False,True,True,53801,False,True,True,53801,False,True,True,True
2936,21421,True,53801,False,True,True,53801,False,True,True,53801,False,True,True,True
2937,21423,True,53801,False,True,True,53801,False,True,True,53801,False,True,True,True
2938,21426,True,53801,False,True,True,53801,False,True,True,53801,False,True,True,True
2938,66303,False,256,False,True,False,256,False,True,False,256,False,True,False,True
2939,21431,True,53801,False,True,True,53801,False,True,True,53801,False,True,True,True
2940,21433,True,53801,False,True,True,53801,False,True,True,53801,False,True,True,True
2941,21436,True,53801,False,True,True,53801,False,True,True,53801,False,True,True,True
2942,21440,True,53801,False,True,True,53801,False,True,True,53801,False,True,True,True
2943,21441,True,53801,False,True,True,53801,False,True,True,53801,False,True,True,True
2945,21448,True,53801,False,True,True,53801,False,True,True,53801,False,True,True,True
2945,71544,False,256,False,True,False,256,False,True,False,256,False,True,False,True
2945,88917,False,256,False,True,False,256,False,True,False,256,False,True,False,True
2946,21451,True,53801,False,True,True,53801,False,True,True,53801,False,True,True,True
2947,21455,True,53801,False,True,True,53801,False,True,True,53801,False,True,True,True
2948,21457,True,53801,False,True,True,53801,False,True,True,53801,False,True,True,True
2949,21458,True,53801,False,True,True,53801,False,True,True,53801,False,True,True,True
2950,21461,True,53801,False,True,True,53801,False,True,True,53801,False,True,True,True
2951,21469,True,53801,False,True,True,53801,False,True,True,53801,False,True,True,True
2952,21480,True,53801,False,True,True,53801,False,True,True,53801,False,True,True,True
2953,21481,True,53801,False,True,True,53801,False,True,True,53801,False,True,True,True
2954,21486,True,53801,False,True,True,53801,False,True,True,53801,False,True,True,True
2955,21491,True,53801,False,True,True,53801,False,True,True,53801,False,True,True,True
2956,21497,True,53801,False,True,True,53801,False,True,True,53801,False,True,True,True
2957,21508,True,53801,False,True,True,53801,False,True,True,53801,False,True,True,True
2958,21509,True,53801,False,True,True,53801,False,True,True,53801,False,True,True,True
2958,30781,False,256,False,True,False,256,False,True,False,256,False,True,False,True
2959,21511,True,53801,False,True,True,53801,False,True,True,53801,False,True,True,True
2960,21512,True,53801,False,True,True,53801,False,True,True,53801,False,True,True,True
2961,21514,True,53801,False,True,True,53801,False,True,True,53801,False,True,True,True
2961,57467,False,256,False,True,False,256,False,True,False,256,False,True,False,True
2962,21515,True,53801,False,True,True,53801,False,True,True,53801,False,True,True,True
2963,21518,True,53801,False,True,True,53801,False,True,True,53801,False,True,True,True
2964,21521,True,53801,False,True,True,53801,False,True,True,53801,False,True,True,True
2965,21534,True,53801,False,True,True,53801,False,True,True,53801,False,True,True,True
2966,21537,True,53801,False,True,True,53801,False,True,True,53801,False,True,True,True
2967,21539,True,53801,False,True,True,53801,False,True,True,53801,False,True,True,True
2968,21541,True,53801,False,True,True,53801,False,True,True,53801,False,True,True,True
2969,21543,True,53801,False,True,True,53801,False,True,True,53801,False,True,True,True
2970,21544,True,53801,False,True,True,53801,False,True,True,53801,False,True,True,True
2970,25100,False,256,False,True,False,256,False,True,False,256,False,True,False,True
2971,21547,True,53801,False,True,True,53801,False,True,True,53801,False,True,True,True
2972,21549,True,53801,False,True,True,53801,False,True,True,53801,False,True,True,True
2973,21552,True,53801,False,True,True,53801,False,True,True,53801,False,True,True,True
2974,21557,True,53801,False,True,True,53801,False,True,True,53801,False,True,True,True
2975,21560,True,53801,False,True,True,53801,False,True,True,53801,False,True,True,True
2975,89016,False,256,False,True,False,256,False,True,False,256,False,True,False,True
2976,21561,True,53801,False,True,True,53801,False,True,True,53801,False,True,True,True
2976,53933,False,256,False,True,False,256,False,True,False,256,False,True,False,True
2977,21562,True,53801,False,True,True,53801,False,True,True,53801,False,True,True,True
2978,21564,True,53801,False,True,True,53801,False,True,True,53801,False,True,True,True
2979,21567,True,53801,False,True,True,53801,False,True,True,53801,False,True,True,True
2980,21568,True,53801,False,True,True,53801,False,True,True,53801,False,True,True,True
2980,49112,False,256,False,True,False,256,False,True,False,256,False,True,False,True
2981,21571,True,53801,False,True,True,53801,False,True,True,53801,False,True,True,True
2982,21576,True,53801,False,True,True,53801,False,True,True,53801,False,True,True,True
2983,21581,True,53801,False,True,True,53801,False,True,True,53801,False,True,True,True
2984,21583,True,53801,False,True,True,53801,False,True,True,53801,False,True,True,True
2985,21584,True,53801,False,True,True,53801,False,True,True,53801,False,True,True,True
2986,21586,True,53801,False,True,True,53801,False,True,True,53801,False,True,True,True
2987,21592,True,53801,False,True,True,53801,False,True,True,53801,False,True,True,True
2988,21593,True,53801,False,True,True,53801,False,True,True,53801,False,True,True,True
2989,21595,True,53801,False,True,True,53801,False,True,True,53801,False,True,True,True
2990,21598,True,53801,False,True,True,53801,False,True,True,53801,False,True,True,True
2991,21599,True,53801,False,True,True,53801,False,True,True,53801,False,True,True,True
2991,38461,False,256,False,True,False,256,False,True,False,256,False,True,False,True
2991,89084,False,256,False,True,False,256,False,True,False,256,False,True,False,True
2992,21602,True,53801,False,True,True,53801,False,True,True,53801,False,True,True,True
2993,21603,True,53801,False,True,True,53801,False,True,True,53801,False,True,True,True
2994,21607,True,53801,False,True,True,53801,False,True,True,53801,False,True,True,True
2995,21608,True,53801,False,True,True,53801,False,True,True,53801,False,True,True,True
2996,21610,True,53801,False,True,True,53801,False,True,True,53801,False,True,True,True
2997,21611,True,53801,False,True,True,53801,False,True,True,53801,False,True,True,True
2998,21613,True,53801,False,True,True,53801,False,True,True,53801,False,True,True,True
2999,21616,True,53801,False,True,True,53801,False,True,True,53801,False,True,True,True
3000,21619,True,53801,False,True,True,53801,False,True,True,53801,False,True,True,True
3001,21620,True,53801,False,True,True,53801,False,True,True,53801,False,True,True,True
3002,21622,True,53801,False,True,True,53801,False,True,True,53801,False,True,True,True
3003,21628,True,53801,False,True,True,53801,False,True,True,53801,False,True,True,True
3004,21631,True,53801,False,True,True,53801,False,True,True,53801,False,True,True,True
3005,21639,True,53801,False,True,True,53801,False,True,True,53801,False,True,True,True
3006,21640,True,53801,False,True,True,53801,False,True,True,53801,False,True,True,True
3007,16031,False,256,False,True,False,256,False,True,False,256,False,True,False,True
3007,21644,True,53801,False,True,True,53801,False,True,True,53801,False,True,True,True
3008,12379,False,256,False,True,False,256,False,True,False,256,False,True,False,True
3008,21650,True,53801,False,True,True,53801,False,True,True,53801,False,True,True,True
3008,63665,False,256,False,True,False,256,False,True,False,256,False,True,False,True
3009,21652,True,53801,False,True,True,53801,False,True,True,53801,False,True,True,True
3010,21655,True,53801,False,True,True,53801,False,True,True,53801,False,True,True,True
3011,21658,True,53801,False,True,True,53801,False,True,True,53801,False,True,True,True
3012,21662,True,53801,False,True,True,53801,False,True,True,53801,False,True,True,True
3013,21663,True,53801,False,True,True,53801,False,True,True,53801,False,True,True,True
3014,21664,True,53801,False,True,True,53801,False,True,True,53801,False,True,True,True
3015,21667,True,53801,False,True,True,53801,False,True,True,53801,False,True,True,True
3015,89133,False,256,False,True,False,256,False,True,False,256,False,True,False,True
3016,21673,True,53801,False,True,True,53801,False,True,True,53801,False,True,True,True
3017,21680,True,53801,False,True,True,53801,False,True,True,53801,False,True,True,True
3018,21685,True,53801,False,True,True,53801,False,True,True,53801,False,True,True,True
3019,21687,True,53801,False,True,True,53801,False,True,True,53801,False,True,True,True
3020,21689,True,53801,False,True,True,53801,False,True,True,53801,False,True,True,True
3021,21690,True,53801,False,True,True,53801,False,True,True,53801,False,True,True,True
3021,25259,False,256,False,True,False,256,False,True,False,256,False,True,False,True
3022,21694,True,53801,False,True,True,53801,False,True,True,53801,False,True,True,True
3023,21695,True,53801,False,True,True,53801,False,True,True,53801,False,True,True,True
3024,21696,True,53801,False,True,True,53801,False,True,True,53801,False,True,True,True
3025,21701,True,53801,False,True,True,53801,False,True,True,53801,False,True,True,True
3026,21702,True,53801,False,True,True,53801,False,True,True,53801,False,True,True,True
3027,21707,True,53801,False,True,True,53801,False,True,True,53801,False,True,True,True
3028,21709,True,53801,False,True,True,53801,False,True,True,53801,False,True,True,True
3029,21710,True,53801,False,True,True,53801,False,True,True,53801,False,True,True,True
3030,21712,True,53801,False,True,True,53801,False,True,True,53801,False,True,True,True
3031,21713,True,53801,False,True,True,53801,False,True,True,53801,False,True,True,True
3032,21714,True,53801,False,True,True,53801,False,True,True,53801,False,True,True,True
3033,21718,True,53801,False,True,True,53801,False,True,True,53801,False,True,True,True
3033,79029,False,256,False,True,False,256,False,True,False,256,False,True,False,True
3034,21720,True,53801,False,True,True,53801,False,True,True,53801,False,True,True,True
3035,21726,True,53801,False,True,True,53801,False,True,True,53801,False,True,True,True
3035,38664,False,256,False,True,False,256,False,True,False,256,False,True,False,True
3036,21731,True,53801,False,True,True,53801,False,True,True,53801,False,True,True,True
3037,21732,True,53801,False,True,True,53801,False,True,True,53801,False,True,True,True
3038,21733,True,53801,False,True,True,53801,False,True,True,53801,False,True,True,True
3039,21736,True,53801,False,True,True,53801,False,True,True,53801,False,True,True,True
3040,21738,True,53801,False,True,True,53801,False,True,True,53801,False,True,True,True
3041,21742,True,53801,False,True,True,53801,False,True,True,53801,False,True,True,True
3042,21745,True,53801,False,True,True,53801,False,True,True,53801,False,True,True,True
3043,21747,True,53801,False,True,True,53801,False,True,True,53801,False,True,True,True
3043,44725,False,256,False,True,False,256,False,True,False,256,False,True,False,True
3044,21749,True,53801,False,True,True,53801,False,True,True,53801,False,True,True,True
3045,21750,True,53801,False,True,True,53801,False,True,True,53801,False,True,True,True
3046,21752,True,53801,False,True,True,53801,False,True,True,53801,False,True,True,True
3047,21757,True,53801,False,True,True,53801,False,True,True,53801,False,True,True,True
3048,21762,True,53801,False,True,True,53801,False,True,True,53801,False,True,True,True
3049,21763,True,53801,False,True,True,53801,False,True,True,53801,False,True,True,True
3050,21765,True,53801,False,True,True,53801,False,True,True,53801,False,True,True,True
3051,21769,True,53801,False,True,True,53801,False,True,True,53801,False,True,True,True
3052,21773,True,53801,False,True,True,53801,False,True,True,53801,False,True,True,True
3053,21775,True,53801,False,True,True,53801,False,True,True,53801,False,True,True,True
3054,21777,True,53801,False,True,True,53801,False,True,True,53801,False,True,True,True
3055,21785,True,53801,False,True,True,53801,False,True,True,53801,False,True,True,True
3055,63862,False,256,False,True,False,256,False,True,False,256,False,True,False,True
3056,21789,True,53801,False,True,True,53801,False,True,True,53801,False,True,True,True
3057,21793,True,53801,False,True,True,53801,False,True,True,53801,False,True,True,True
3058,21796,True,53801,False,True,True,53801,False,True,True,53801,False,True,True,True
3059,21797,True,53801,False,True,True,53801,False,True,True,53801,False,True,True,True
3060,21803,True,53801,False,True,True,53801,False,True,True,53801,False,True,True,True
3061,21805,True,53801,False,True,True,53801,False,True,True,53801,False,True,True,True
3062,21807,True,53801,False,True,True,53801,False,True,True,53801,False,True,True,True
3063,21810,True,53801,False,True,True,53801,False,True,True,53801,False,True,True,True
3063,63921,False,256,False,True,False,256,False,True,False,256,False,True,False,True
3064,21813,True,53801,False,True,True,53801,False,True,True,53801,False,True,True,True
3065,21815,True,53801,False,True,True,53801,False,True,True,53801,False,True,True,True
3066,21816,True,53801,False,True,True,53801,False,True,True,53801,False,True,True,True
3067,21823,True,53801,False,True,True,53801,False,True,True,53801,False,True,True,True
3067,66603,False,256,False,True,False,256,False,True,False,256,False,True,False,True
3068,21826,True,53801,False,True,True,53801,False,True,True,53801,False,True,True,True
3068,63939,False,256,False,True,False,256,False,True,False,256,False,True,False,True
3069,21827,True,53801,False,True,True,53801,False,True,True,53801,False,True,True,True
3070,21830,True,53801,False,True,True,53801,False,True,True,53801,False,True,True,True
3071,21837,True,53801,False,True,True,53801,False,True,True,53801,False,True,True,True
3072,21844,True,53801,False,True,True,53801,False,True,True,53801,False,True,True,True
3073,21846,True,53801,False,True,True,53801,False,True,True,53801,False,True,True,True
3074,21849,True,53801,False,True,True,53801,False,True,True,53801,False,True,True,True
3075,21852,True,53801,False,True,True,53801,False,True,True,53801,False,True,True,True
3076,21864,True,53801,False,True,True,53801,False,True,True,53801,False,True,True,True
3077,21865,True,53801,False,True,True,53801,False,True,True,53801,False,True,True,True
3078,21867,True,53801,False,True,True,53801,False,True,True,53801,False,True,True,True
3079,21871,True,53801,False,True,True,53801,False,True,True,53801,False,True,True,True
3080,21880,True,53801,False,True,True,53801,False,True,True,53801,False,True,True,True
3080,66658,False,256,False,True,False,256,False,True,False,256,False,True,False,True
3081,21886,True,53801,False,True,True,53801,False,True,True,53801,False,True,True,True
3082,21890,True,53801,False,True,True,53801,False,True,True,53801,False,True,True,True
3083,21906,True,53801,False,True,True,53801,False,True,True,53801,False,True,True,True
3084,21907,True,53801,False,True,True,53801,False,True,True,53801,False,True,True,True
3085,21911,True,53801,False,True,True,53801,False,True,True,53801,False,True,True,True
3086,21924,True,53801,False,True,True,53801,False,True,True,53801,False,True,True,True
3087,21925,True,53801,False,True,True,53801,False,True,True,53801,False,True,True,True
3088,21931,True,53801,False,True,True,53801,False,True,True,53801,False,True,True,True
3089,21938,True,53801,False,True,True,53801,False,True,True,53801,False,True,True,True
3090,21940,True,53801,False,True,True,53801,False,True,True,53801,False,True,True,True
3090,39022,False,256,False,True,False,256,False,True,False,256,False,True,False,True
3090,71948,False,256,False,True,False,256,False,True,False,256,False,True,False,True
3091,21951,True,53801,False,True,True,53801,False,True,True,53801,False,True,True,True
3092,21954,True,53801,False,True,True,53801,False,True,True,53801,False,True,True,True
3093,21961,True,53801,False,True,True,53801,False,True,True,53801,False,True,True,True
3093,71968,False,256,False,True,False,256,False,True,False,256,False,True,False,True
3094,21976,True,53801,False,True,True,53801,False,True,True,53801,False,True,True,True
3095,21995,True,53801,False,True,True,53801,False,True,True,53801,False,True,True,True
3096,22000,True,53801,False,True,True,53801,False,True,True,53801,False,True,True,True
3097,22010,True,53801,False,True,True,53801,False,True,True,53801,False,True,True,True
3098,22013,True,53801,False,True,True,53801,False,True,True,53801,False,True,True,True
3099,22025,True,53801,False,True,True,53801,False,True,True,53801,False,True,True,True
3100,22027,True,53801,False,True,True,53801,False,True,True,53801,False,True,True,True
3101,22039,True,53801,False,True,True,53801,False,True,True,53801,False,True,True,True
3101,54516,False,256,False,True,False,256,False,True,False,256,False,True,False,True
3102,22041,True,53801,False,True,True,53801,False,True,True,53801,False,True,True,True
3103,22045,True,53801,False,True,True,53801,False,True,True,53801,False,True,True,True
3104,22048,True,53801,False,True,True,53801,False,True,True,53801,False,True,True,True
3105,22062,True,53801,False,True,True,53801,False,True,True,53801,False,True,True,True
3106,22065,True,53801,False,True,True,53801,False,True,True,53801,False,True,True,True
3107,22089,True,53801,False,True,True,53801,False,True,True,53801,False,True,True,True
3108,22092,True,53801,False,True,True,53801,False,True,True,53801,False,True,True,True
3109,22096,True,53801,False,True,True,53801,False,True,True,53801,False,True,True,True
3110,22099,True,53801,False,True,True,53801,False,True,True,53801,False,True,True,True
3111,22101,True,53801,False,True,True,53801,False,True,True,53801,False,True,True,True
3112,22106,True,53801,False,True,True,53801,False,True,True,53801,False,True,True,True
3113,22108,True,53801,False,True,True,53801,False,True,True,53801,False,True,True,True
3114,22115,True,53801,False,True,True,53801,False,True,True,53801,False,True,True,True
3115,22116,True,53801,False,True,True,53801,False,True,True,53801,False,True,True,True
3116,22135,True,53801,False,True,True,53801,False,True,True,53801,False,True,True,True
3117,22139,True,53801,False,True,True,53801,False,True,True,53801,False,True,True,True
3118,22150,True,53801,False,True,True,53801,False,True,True,53801,False,True,True,True
3119,22151,True,53801,False,True,True,53801,False,True,True,53801,False,True,True,True
3120,22154,True,53801,False,True,True,53801,False,True,True,53801,False,True,True,True
3120,58309,False,256,False,True,False,256,False,True,False,256,False,True,False,True
3121,22176,True,53801,False,True,True,53801,False,True,True,53801,False,True,True,True
3122,22180,True,53801,False,True,True,53801,False,True,True,53801,False,True,True,True
3123,22185,True,53801,False,True,True,53801,False,True,True,53801,False,True,True,True
3124,22186,True,53801,False,True,True,53801,False,True,True,53801,False,True,True,True
3125,22188,True,53801,False,True,True,53801,False,True,True,53801,False,True,True,True
3125,54633,False,256,False,True,False,256,False,True,False,256,False,True,False,True
3126,22190,True,53801,False,True,True,53801,False,True,True,53801,False,True,True,True
3127,22193,True,53801,False,True,True,53801,False,True,True,53801,False,True,True,True
3128,22199,True,53801,False,True,True,53801,False,True,True,53801,False,True,True,True
3129,22200,True,53801,False,True,True,53801,False,True,True,53801,False,True,True,True
3130,22205,True,53801,False,True,True,53801,False,True,True,53801,False,True,True,True
3131,22207,True,53801,False,True,True,53801,False,True,True,53801,False,True,True,True
3132,22209,True,53801,False,True,True,53801,False,True,True,53801,False,True,True,True
3133,22218,True,53801,False,True,True,53801,False,True,True,53801,False,True,True,True
3134,22222,True,53801,False,True,True,53801,False,True,True,53801,False,True,True,True
3135,22230,True,53801,False,True,True,53801,False,True,True,53801,False,True,True,True
3136,22233,True,53801,False,True,True,53801,False,True,True,53801,False,True,True,True
3137,22235,True,53801,False,True,True,53801,False,True,True,53801,False,True,True,True
3138,22237,True,53801,False,True,True,53801,False,True,True,53801,False,True,True,True
3139,22245,True,53801,False,True,True,53801,False,True,True,53801,False,True,True,True
3140,22246,True,53801,False,True,True,53801,False,True,True,53801,False,True,True,True
3141,22249,True,53801,False,True,True,53801,False,True,True,53801,False,True,True,True
3142,1843,False,256,False,True,False,256,False,True,False,256,False,True,False,True
3142,22251,True,53801,False,True,True,53801,False,True,True,53801,False,True,True,True
3143,22252,True,53801,False,True,True,53801,False,True,True,53801,False,True,True,True
3144,22255,True,53801,False,True,True,53801,False,True,True,53801,False,True,True,True
3145,22260,True,53801,False,True,True,53801,False,True,True,53801,False,True,True,True
3146,22263,True,53801,False,True,True,53801,False,True,True,53801,False,True,True,True
3147,22266,True,53801,False,True,True,53801,False,True,True,53801,False,True,True,True
3148,22269,True,53801,False,True,True,53801,False,True,True,53801,False,True,True,True
3149,22273,True,53801,False,True,True,53801,False,True,True,53801,False,True,True,True
3150,22280,True,53801,False,True,True,53801,False,True,True,53801,False,True,True,True
3151,22285,True,53801,False,True,True,53801,False,True,True,53801,False,True,True,True
3152,22290,True,53801,False,True,True,53801,False,True,True,53801,False,True,True,True
3153,22293,True,53801,False,True,True,53801,False,True,True,53801,False,True,True,True
3154,22305,True,53801,False,True,True,53801,False,True,True,53801,False,True,True,True
3155,22330,True,53801,False,True,True,53801,False,True,True,53801,False,True,True,True
3156,22332,True,53801,False,True,True,53801,False,True,True,53801,False,True,True,True
3157,22334,True,53801,False,True,True,53801,False,True,True,53801,False,True,True,True
3158,22336,True,53801,False,True,True,53801,False,True,True,53801,False,True,True,True
3159,22345,True,53801,False,True,True,53801,False,True,True,53801,False,True,True,True
3160,22348,True,53801,False,True,True,53801,False,True,True,53801,False,True,True,True
3161,22356,True,53801,False,True,True,53801,False,True,True,53801,False,True,True,True
3162,22373,True,53801,False,True,True,53801,False,True,True,53801,False,True,True,True
3163,22378,True,53801,False,True,True,53801,False,True,True,53801,False,True,True,True
3164,22380,True,53801,False,True,True,53801,False,True,True,53801,False,True,True,True
3165,22392,True,53801,False,True,True,53801,False,True,True,53801,False,True,True,True
3166,22395,True,53801,False,True,True,53801,False,True,True,53801,False,True,True,True
3167,22396,True,53801,False,True,True,53801,False,True,True,53801,False,True,True,True
3167,39705,False,256,False,True,False,256,False,True,False,256,False,True,False,True
3168,22402,True,53801,False,True,True,53801,False,True,True,53801,False,True,True,True
3169,22407,True,53801,False,True,True,53801,False,True,True,53801,False,True,True,True
3169,32382,False,256,False,True,False,256,False,True,False,256,False,True,False,True
3170,22409,True,53801,False,True,True,53801,False,True,True,53801,False,True,True,True
3171,22415,True,53801,False,True,True,53801,False,True,True,53801,False,True,True,True
3172,22419,True,53801,False,True,True,53801,False,True,True,53801,False,True,True,True
3173,22420,True,53801,False,True,True,53801,False,True,True,53801,False,True,True,True
3174,22422,True,53801,False,True,True,53801,False,True,True,53801,False,True,True,True
3175,22429,True,53801,False,True,True,53801,False,True,True,53801,False,True,True,True
3176,22430,True,53801,False,True,True,53801,False,True,True,53801,False,True,True,True
3177,22432,True,53801,False,True,True,53801,False,True,True,53801,False,True,True,True
3178,22438,True,53801,False,True,True,53801,False,True,True,53801,False,True,True,True
3179,22446,True,53801,False,True,True,53801,False,True,True,53801,False,True,True,True
3180,22451,True,53801,False,True,True,53801,False,True,True,53801,False,True,True,True
3181,22454,True,53801,False,True,True,53801,False,True,True,53801,False,True,True,True
3182,22468,True,53801,False,True,True,53801,False,True,True,53801,False,True,True,True
3183,22479,True,53801,False,True,True,53801,False,True,True,53801,False,True,True,True
3184,22482,True,53801,False,True,True,53801,False,True,True,53801,False,True,True,True
3185,22489,True,53801,False,True,True,53801,False,True,True,53801,False,True,True,True
3186,22495,True,53801,False,True,True,53801,False,True,True,53801,False,True,True,True
3187,18775,False,256,False,True,False,256,False,True,False,256,False,True,False,True
3187,22500,True,53801,False,True,True,53801,False,True,True,53801,False,True,True,True
3188,22501,True,53801,False,True,True,53801,False,True,True,53801,False,True,True,True
3189,22503,True,53801,False,True,True,53801,False,True,True,53801,False,True,True,True
3191,22544,True,53801,False,True,True,53801,False,True,True,53801,False,True,True,True
3192,22556,True,53801,False,True,True,53801,False,True,True,53801,False,True,True,True
3193,22558,True,53801,False,True,True,53801,False,True,True,53801,False,True,True,True
3194,22560,True,53801,False,True,True,53801,False,True,True,53801,False,True,True,True
3195,3372,False,256,False,True,False,256,False,True,False,256,False,True,False,True
3195,22565,True,53801,False,True,True,53801,False,True,True,53801,False,True,True,True
3196,22569,True,53801,False,True,True,53801,False,True,True,53801,False,True,True,True
3197,22575,True,53801,False,True,True,53801,False,True,True,53801,False,True,True,True
3198,22578,True,53801,False,True,True,53801,False,True,True,53801,False,True,True,True
3199,22580,True,53801,False,True,True,53801,False,True,True,53801,False,True,True,True
3200,22587,True,53801,False,True,True,53801,False,True,True,53801,False,True,True,True
3201,22588,True,53801,False,True,True,53801,False,True,True,53801,False,True,True,True
3202,22598,True,53801,False,True,True,53801,False,True,True,53801,False,True,True,True
3203,13379,False,256,False,True,False,256,False,True,False,256,False,True,False,True
3203,22609,True,53801,False,True,True,53801,False,True,True,53801,False,True,True,True
3204,22618,True,53801,False,True,True,53801,False,True,True,53801,False,True,True,True
3205,22623,True,53801,False,True,True,53801,False,True,True,53801,False,True,True,True
3205,76304,False,256,False,True,False,256,False,True,False,256,False,True,False,True
3206,22631,True,53801,False,True,True,53801,False,True,True,53801,False,True,True,True
3207,22648,True,53801,False,True,True,53801,False,True,True,53801,False,True,True,True
3208,22651,True,53801,False,True,True,53801,False,True,True,53801,False,True,True,True
3209,22658,True,53801,False,True,True,53801,False,True,True,53801,False,True,True,True
3210,22661,True,53801,False,True,True,53801,False,True,True,53801,False,True,True,True
3211,22668,True,53801,False,True,True,53801,False,True,True,53801,False,True,True,True
3212,22670,True,53801,False,True,True,53801,False,True,True,53801,False,True,True,True
3213,22671,True,53801,False,True,True,53801,False,True,True,53801,False,True,True,True
3214,22677,True,53801,False,True,True,53801,False,True,True,53801,False,True,True,True
3215,22686,True,53801,False,True,True,53801,False,True,True,53801,False,True,True,True
3216,22690,True,53801,False,True,True,53801,False,True,True,53801,False,True,True,True
3217,22694,True,53801,False,True,True,53801,False,True,True,53801,False,True,True,True
3218,22695,True,53801,False,True,True,53801,False,True,True,53801,False,True,True,True
3219,22704,True,53801,False,True,True,53801,False,True,True,53801,False,True,True,True
3220,22709,True,53801,False,True,True,53801,False,True,True,53801,False,True,True,True
3221,22711,True,53801,False,True,True,53801,False,True,True,53801,False,True,True,True
3222,22713,True,53801,False,True,True,53801,False,True,True,53801,False,True,True,True
3223,22724,True,53801,False,True,True,53801,False,True,True,53801,False,True,True,True
3224,22726,True,53801,False,True,True,53801,False,True,True,53801,False,True,True,True
3225,22728,True,53801,False,True,True,53801,False,True,True,53801,False,True,True,True
3225,64614,False,256,False,True,False,256,False,True,False,256,False,True,False,True
3225,79994,False,256,False,True,False,256,False,True,False,256,False,True,False,True
3226,22732,True,53801,False,True,True,53801,False,True,True,53801,False,True,True,True
3226,50619,False,256,False,True,False,256,False,True,False,256,False,True,False,True
3227,22734,True,53801,False,True,True,53801,False,True,True,53801,False,True,True,True
3228,22739,True,53801,False,True,True,53801,False,True,True,53801,False,True,True,True
3229,22755,True,53801,False,True,True,53801,False,True,True,53801,False,True,True,True
3230,22779,True,53801,False,True,True,53801,False,True,True,53801,False,True,True,True
3231,22783,True,53801,False,True,True,53801,False,True,True,53801,False,True,True,True
3232,22792,True,53801,False,True,True,53801,False,True,True,53801,False,True,True,True
3233,22810,True,53801,False,True,True,53801,False,True,True,53801,False,True,True,True
3234,22812,True,53801,False,True,True,53801,False,True,True,53801,False,True,True,True
3235,22819,True,53801,False,True,True,53801,False,True,True,53801,False,True,True,True
3236,22820,True,53801,False,True,True,53801,False,True,True,53801,False,True,True,True
3237,22822,True,53801,False,True,True,53801,False,True,True,53801,False,True,True,True
3238,22825,True,53801,False,True,True,53801,False,True,True,53801,False,True,True,True
3239,22849,True,53801,False,True,True,53801,False,True,True,53801,False,True,True,True
3240,22850,True,53801,False,True,True,53801,False,True,True,53801,False,True,True,True
3241,22853,True,53801,False,True,True,53801,False,True,True,53801,False,True,True,True
3242,22861,True,53801,False,True,True,53801,False,True,True,53801,False,True,True,True
3243,3495,False,256,False,True,False,256,False,True,False,256,False,True,False,True
3243,22869,True,53801,False,True,True,53801,False,True,True,53801,False,True,True,True
3244,22876,True,53801,False,True,True,53801,False,True,True,53801,False,True,True,True
3245,22880,True,53801,False,True,True,53801,False,True,True,53801,False,True,True,True
3246,22890,True,53801,False,True,True,53801,False,True,True,53801,False,True,True,True
3247,19257,False,256,False,True,False,256,False,True,False,256,False,True,False,True
3247,22893,True,53801,False,True,True,53801,False,True,True,53801,False,True,True,True
3247,87121,False,256,False,True,False,256,False,True,False,256,False,True,False,True
3248,22903,True,53801,False,True,True,53801,False,True,True,53801,False,True,True,True
3249,22910,True,53801,False,True,True,53801,False,True,True,53801,False,True,True,True
3250,22914,True,53801,False,True,True,53801,False,True,True,53801,False,True,True,True
3251,22924,True,53801,False,True,True,53801,False,True,True,53801,False,True,True,True
3252,22928,True,53801,False,True,True,53801,False,True,True,53801,False,True,True,True
3253,22932,True,53801,False,True,True,53801,False,True,True,53801,False,True,True,True
3254,22934,True,53801,False,True,True,53801,False,True,True,53801,False,True,True,True
3255,22936,True,53801,False,True,True,53801,False,True,True,53801,False,True,True,True
3256,22940,True,53801,False,True,True,53801,False,True,True,53801,False,True,True,True
3257,22960,True,53801,False,True,True,53801,False,True,True,53801,False,True,True,True
3258,22969,True,53801,False,True,True,53801,False,True,True,53801,False,True,True,True
3259,22989,True,53801,False,True,True,53801,False,True,True,53801,False,True,True,True
3260,22991,True,53801,False,True,True,53801,False,True,True,53801,False,True,True,True
3261,22993,True,53801,False,True,True,53801,False,True,True,53801,False,True,True,True
3261,50953,False,256,False,True,False,256,False,True,False,256,False,True,False,True
3262,23015,True,53801,False,True,True,53801,False,True,True,53801,False,True,True,True
3263,23020,True,53801,False,True,True,53801,False,True,True,53801,False,True,True,True
3264,23024,True,53801,False,True,True,53801,False,True,True,53801,False,True,True,True
3265,23025,True,53801,False,True,True,53801,False,True,True,53801,False,True,True,True
3266,23039,True,53801,False,True,True,53801,False,True,True,53801,False,True,True,True
3267,23041,True,53801,False,True,True,53801,False,True,True,53801,False,True,True,True
3268,23051,True,53801,False,True,True,53801,False,True,True,53801,False,True,True,True
3269,23055,True,53801,False,True,True,53801,False,True,True,53801,False,True,True,True
3270,23057,True,53801,False,True,True,53801,False,True,True,53801,False,True,True,True
3271,23069,True,53801,False,True,True,53801,False,True,True,53801,False,True,True,True
3272,23071,True,53801,False,True,True,53801,False,True,True,53801,False,True,True,True
3273,23086,True,53801,False,True,True,53801,False,True,True,53801,False,True,True,True
3274,23123,True,53801,False,True,True,53801,False,True,True,53801,False,True,True,True
3275,23129,True,53801,False,True,True,53801,False,True,True,53801,False,True,True,True
3276,23140,True,53801,False,True,True,53801,False,True,True,53801,False,True,True,True
3277,2217,False,256,False,True,False,256,False,True,False,256,False,True,False,True
3277,23143,True,53801,False,True,True,53801,False,True,True,53801,False,True,True,True
3278,23144,True,53801,False,True,True,53801,False,True,True,53801,False,True,True,True
3279,23149,True,53801,False,True,True,53801,False,True,True,53801,False,True,True,True
3279,28601,False,256,False,True,False,256,False,True,False,256,False,True,False,True
3280,23160,True,53801,False,True,True,53801,False,True,True,53801,False,True,True,True
3280,87374,False,256,False,True,False,256,False,True,False,256,False,True,False,True
3281,23166,True,53801,False,True,True,53801,False,True,True,53801,False,True,True,True
3282,23167,True,53801,False,True,True,53801,False,True,True,53801,False,True,True,True
3283,23175,True,53801,False,True,True,53801,False,True,True,53801,False,True,True,True
3284,23176,True,53801,False,True,True,53801,False,True,True,53801,False,True,True,True
3285,23184,True,53801,False,True,True,53801,False,True,True,53801,False,True,True,True
3286,23197,True,53801,False,True,True,53801,False,True,True,53801,False,True,True,True
3287,23200,True,53801,False,True,True,53801,False,True,True,53801,False,True,True,True
3288,23204,True,53801,False,True,True,53801,False,True,True,53801,False,True,True,True
3289,23208,True,53801,False,True,True,53801,False,True,True,53801,False,True,True,True
3290,23209,True,53801,False,True,True,53801,False,True,True,53801,False,True,True,True
3291,23214,True,53801,False,True,True,53801,False,True,True,53801,False,True,True,True
3292,23219,True,53801,False,True,True,53801,False,True,True,53801,False,True,True,True
3293,23224,True,53801,False,True,True,53801,False,True,True,53801,False,True,True,True
3294,23232,True,53801,False,True,True,53801,False,True,True,53801,False,True,True,True
3295,23247,True,53801,False,True,True,53801,False,True,True,53801,False,True,True,True
3296,23251,True,53801,False,True,True,53801,False,True,True,53801,False,True,True,True
3296,32647,False,256,False,True,False,256,False,True,False,256,False,True,False,True
3297,23252,True,53801,False,True,True,53801,False,True,True,53801,False,True,True,True
3297,65036,False,256,False,True,False,256,False,True,False,256,False,True,False,True
3298,23256,True,53801,False,True,True,53801,False,True,True,53801,False,True,True,True
3299,23257,True,53801,False,True,True,53801,False,True,True,53801,False,True,True,True
3300,23258,True,53801,False,True,True,53801,False,True,True,53801,False,True,True,True
3301,23260,True,53801,False,True,True,53801,False,True,True,53801,False,True,True,True
3302,23269,True,53801,False,True,True,53801,False,True,True,53801,False,True,True,True
3303,23274,True,53801,False,True,True,53801,False,True,True,53801,False,True,True,True
3304,23275,True,53801,False,True,True,53801,False,True,True,53801,False,True,True,True
3306,23283,True,53801,False,True,True,53801,False,True,True,53801,False,True,True,True
3307,23285,True,53801,False,True,True,53801,False,True,True,53801,False,True,True,True
3308,23298,True,53801,False,True,True,53801,False,True,True,53801,False,True,True,True
3309,23304,True,53801,False,True,True,53801,False,True,True,53801,False,True,True,True
3310,23306,True,53801,False,True,True,53801,False,True,True,53801,False,True,True,True
3311,23308,True,53801,False,True,True,53801,False,True,True,53801,False,True,True,True
3312,23313,True,53801,False,True,True,53801,False,True,True,53801,False,True,True,True
3313,23316,True,53801,False,True,True,53801,False,True,True,53801,False,True,True,True
3314,10589,False,256,False,True,False,256,False,True,False,256,False,True,False,True
3314,23319,True,53801,False,True,True,53801,False,True,True,53801,False,True,True,True
3315,23326,True,53801,False,True,True,53801,False,True,True,53801,False,True,True,True
3316,23331,True,53801,False,True,True,53801,False,True,True,53801,False,True,True,True
3317,23336,True,53801,False,True,True,53801,False,True,True,53801,False,True,True,True
3318,23344,True,53801,False,True,True,53801,False,True,True,53801,False,True,True,True
3319,23347,True,53801,False,True,True,53801,False,True,True,53801,False,True,True,True
3320,23348,True,53801,False,True,True,53801,False,True,True,53801,False,True,True,True
3321,23349,True,53801,False,True,True,53801,False,True,True,53801,False,True,True,True
3322,23352,True,53801,False,True,True,53801,False,True,True,53801,False,True,True,True
3323,23363,True,53801,False,True,True,53801,False,True,True,53801,False,True,True,True
3324,23373,True,53801,False,True,True,53801,False,True,True,53801,False,True,True,True
3325,23382,True,53801,False,True,True,53801,False,True,True,53801,False,True,True,True
3326,23389,True,53801,False,True,True,53801,False,True,True,53801,False,True,True,True
3327,23390,True,53801,False,True,True,53801,False,True,True,53801,False,True,True,True
3328,23393,True,53801,False,True,True,53801,False,True,True,53801,False,True,True,True
3329,23395,True,53801,False,True,True,53801,False,True,True,53801,False,True,True,True
3330,23397,True,53801,False,True,True,53801,False,True,True,53801,False,True,True,True
3331,23414,True,53801,False,True,True,53801,False,True,True,53801,False,True,True,True
3332,23418,True,53801,False,True,True,53801,False,True,True,53801,False,True,True,True
3332,55817,False,256,False,True,False,256,False,True,False,256,False,True,False,True
3333,23420,True,53801,False,True,True,53801,False,True,True,53801,False,True,True,True
3333,28907,False,256,False,True,False,256,False,True,False,256,False,True,False,True
3334,23425,True,53801,False,True,True,53801,False,True,True,53801,False,True,True,True
3335,23426,True,53801,False,True,True,53801,False,True,True,53801,False,True,True,True
3336,23441,True,53801,False,True,True,53801,False,True,True,53801,False,True,True,True
3337,23447,True,53801,False,True,True,53801,False,True,True,53801,False,True,True,True
3338,23449,True,53801,False,True,True,53801,False,True,True,53801,False,True,True,True
3339,23455,True,53801,False,True,True,53801,False,True,True,53801,False,True,True,True
3340,23456,True,53801,False,True,True,53801,False,True,True,53801,False,True,True,True
3340,28931,False,256,False,True,False,256,False,True,False,256,False,True,False,True
3341,23465,True,53801,False,True,True,53801,False,True,True,53801,False,True,True,True
3342,23471,True,53801,False,True,True,53801,False,True,True,53801,False,True,True,True
3343,23474,True,53801,False,True,True,53801,False,True,True,53801,False,True,True,True
3344,23476,True,53801,False,True,True,53801,False,True,True,53801,False,True,True,True
3345,23480,True,53801,False,True,True,53801,False,True,True,53801,False,True,True,True
3346,23499,True,53801,False,True,True,53801,False,True,True,53801,False,True,True,True
3347,23510,True,53801,False,True,True,53801,False,True,True,53801,False,True,True,True
3348,23520,True,53801,False,True,True,53801,False,True,True,53801,False,True,True,True
3349,23521,True,53801,False,True,True,53801,False,True,True,53801,False,True,True,True
3350,23525,True,53801,False,True,True,53801,False,True,True,53801,False,True,True,True
3351,23538,True,53801,False,True,True,53801,False,True,True,53801,False,True,True,True
3351,55928,False,256,False,True,False,256,False,True,False,256,False,True,False,True
3352,23539,True,53801,False,True,True,53801,False,True,True,53801,False,True,True,True
3353,23542,True,53801,False,True,True,53801,False,True,True,53801,False,True,True,True
3354,23544,True,53801,False,True,True,53801,False,True,True,53801,False,True,True,True
3355,23546,True,53801,False,True,True,53801,False,True,True,53801,False,True,True,True
3356,23557,True,53801,False,True,True,53801,False,True,True,53801,False,True,True,True
3357,23563,True,53801,False,True,True,53801,False,True,True,53801,False,True,True,True
3358,23571,True,53801,False,True,True,53801,False,True,True,53801,False,True,True,True
3359,23585,True,53801,False,True,True,53801,False,True,True,53801,False,True,True,True
3360,23587,True,53801,False,True,True,53801,False,True,True,53801,False,True,True,True
3361,23590,True,53801,False,True,True,53801,False,True,True,53801,False,True,True,True
3362,23598,True,53801,False,True,True,53801,False,True,True,53801,False,True,True,True
3363,23601,True,53801,False,True,True,53801,False,True,True,53801,False,True,True,True
3364,23614,True,53801,False,True,True,53801,False,True,True,53801,False,True,True,True
3365,23618,True,53801,False,True,True,53801,False,True,True,53801,False,True,True,True
3366,23625,True,53801,False,True,True,53801,False,True,True,53801,False,True,True,True
3367,23626,True,53801,False,True,True,53801,False,True,True,53801,False,True,True,True
3368,23629,True,53801,False,True,True,53801,False,True,True,53801,False,True,True,True
3369,23638,True,53801,False,True,True,53801,False,True,True,53801,False,True,True,True
3370,23640,True,53801,False,True,True,53801,False,True,True,53801,False,True,True,True
3371,23641,True,53801,False,True,True,53801,False,True,True,53801,False,True,True,True
3372,23644,True,53801,False,True,True,53801,False,True,True,53801,False,True,True,True
3373,23647,True,53801,False,True,True,53801,False,True,True,53801,False,True,True,True
3374,23649,True,53801,False,True,True,53801,False,True,True,53801,False,True,True,True
3374,56068,False,256,False,True,False,256,False,True,False,256,False,True,False,True
3374,77394,False,256,False,True,False,256,False,True,False,256,False,True,False,True
3375,23658,True,53801,False,True,True,53801,False,True,True,53801,False,True,True,True
3376,23659,True,53801,False,True,True,53801,False,True,True,53801,False,True,True,True
3377,23660,True,53801,False,True,True,53801,False,True,True,53801,False,True,True,True
3378,23661,True,53801,False,True,True,53801,False,True,True,53801,False,True,True,True
3379,23665,True,53801,False,True,True,53801,False,True,True,53801,False,True,True,True
3380,23667,True,53801,False,True,True,53801,False,True,True,53801,False,True,True,True
3381,23670,True,53801,False,True,True,53801,False,True,True,53801,False,True,True,True
3382,23676,True,53801,False,True,True,53801,False,True,True,53801,False,True,True,True
3383,23679,True,53801,False,True,True,53801,False,True,True,53801,False,True,True,True
3384,23687,True,53801,False,True,True,53801,False,True,True,53801,False,True,True,True
3385,23705,True,53801,False,True,True,53801,False,True,True,53801,False,True,True,True
3386,23723,True,53801,False,True,True,53801,False,True,True,53801,False,True,True,True
3387,23732,True,53801,False,True,True,53801,False,True,True,53801,False,True,True,True
3387,61070,False,256,False,True,False,256,False,True,False,256,False,True,False,True
3388,23739,True,53801,False,True,True,53801,False,True,True,53801,False,True,True,True
3389,23741,True,53801,False,True,True,53801,False,True,True,53801,False,True,True,True
3390,23742,True,53801,False,True,True,53801,False,True,True,53801,False,True,True,True
3391,23751,True,53801,False,True,True,53801,False,True,True,53801,False,True,True,True
3392,23752,True,53801,False,True,True,53801,False,True,True,53801,False,True,True,True
3393,23762,True,53801,False,True,True,53801,False,True,True,53801,False,True,True,True
3394,23766,True,53801,False,True,True,53801,False,True,True,53801,False,True,True,True
3395,23768,True,53801,False,True,True,53801,False,True,True,53801,False,True,True,True
3396,23780,True,53801,False,True,True,53801,False,True,True,53801,False,True,True,True
3397,23793,True,53801,False,True,True,53801,False,True,True,53801,False,True,True,True
3398,23807,True,53801,False,True,True,53801,False,True,True,53801,False,True,True,True
3399,23813,True,53801,False,True,True,53801,False,True,True,53801,False,True,True,True
3400,23814,True,53801,False,True,True,53801,False,True,True,53801,False,True,True,True
3400,29380,False,256,False,True,False,256,False,True,False,256,False,True,False,True
3401,23818,True,53801,False,True,True,53801,False,True,True,53801,False,True,True,True
3402,23820,True,53801,False,True,True,53801,False,True,True,53801,False,True,True,True
3403,23833,True,53801,False,True,True,53801,False,True,True,53801,False,True,True,True
3404,16690,False,256,False,True,False,256,False,True,False,256,False,True,False,True
3404,23840,True,53801,False,True,True,53801,False,True,True,53801,False,True,True,True
3405,23841,True,53801,False,True,True,53801,False,True,True,53801,False,True,True,True
3406,23844,True,53801,False,True,True,53801,False,True,True,53801,False,True,True,True
3407,23846,True,53801,False,True,True,53801,False,True,True,53801,False,True,True,True
3408,23853,True,53801,False,True,True,53801,False,True,True,53801,False,True,True,True
3409,23863,True,53801,False,True,True,53801,False,True,True,53801,False,True,True,True
3410,23882,True,53801,False,True,True,53801,False,True,True,53801,False,True,True,True
3411,23884,True,53801,False,True,True,53801,False,True,True,53801,False,True,True,True
3412,23908,True,53801,False,True,True,53801,False,True,True,53801,False,True,True,True
3413,23915,True,53801,False,True,True,53801,False,True,True,53801,False,True,True,True
3413,29505,False,256,False,True,False,256,False,True,False,2048,False,True,False,True
3414,23922,True,53801,False,True,True,53801,False,True,True,53801,False,True,True,True
3415,23925,True,53801,False,True,True,53801,False,True,True,53801,False,True,True,True
3416,23926,True,53801,False,True,True,53801,False,True,True,53801,False,True,True,True
3417,23932,True,53801,False,True,True,53801,False,True,True,53801,False,True,True,True
3418,23934,True,53801,False,True,True,53801,False,True,True,53801,False,True,True,True
3419,23961,True,53801,False,True,True,53801,False,True,True,53801,False,True,True,True
3420,23968,True,53801,False,True,True,53801,False,True,True,53801,False,True,True,True
3421,23972,True,53801,False,True,True,53801,False,True,True,53801,False,True,True,True
3422,23973,True,53801,False,True,True,53801,False,True,True,53801,False,True,True,True
3423,23987,True,53801,False,True,True,53801,False,True,True,53801,False,True,True,True
3424,23989,True,53801,False,True,True,53801,False,True,True,53801,False,True,True,True
3425,23991,True,53801,False,True,True,53801,False,True,True,53801,False,True,True,True
3426,23994,True,53801,False,True,True,53801,False,True,True,53801,False,True,True,True
3427,23997,True,53801,False,True,True,53801,False,True,True,53801,False,True,True,True
3428,24001,True,53801,False,True,True,53801,False,True,True,53801,False,True,True,True
3429,24019,True,53801,False,True,True,53801,False,True,True,53801,False,True,True,True
3430,24020,True,53801,False,True,True,53801,False,True,True,53801,False,True,True,True
3431,24025,True,53801,False,True,True,53801,False,True,True,53801,False,True,True,True
3432,24026,True,53801,False,True,True,53801,False,True,True,53801,False,True,True,True
3433,24029,True,53801,False,True,True,53801,False,True,True,53801,False,True,True,True
3434,24033,True,53801,False,True,True,53801,False,True,True,53801,False,True,True,True
3435,24040,True,53801,False,True,True,53801,False,True,True,53801,False,True,True,True
3436,24045,True,53801,False,True,True,53801,False,True,True,53801,False,True,True,True
3437,24049,True,53801,False,True,True,53801,False,True,True,53801,False,True,True,True
3438,24050,True,53801,False,True,True,53801,False,True,True,53801,False,True,True,True
3439,24057,True,53801,False,True,True,53801,False,True,True,53801,False,True,True,True
3440,24061,True,53801,False,True,True,53801,False,True,True,53801,False,True,True,True
3441,24066,True,53801,False,True,True,53801,False,True,True,53801,False,True,True,True
3442,24077,True,53801,False,True,True,53801,False,True,True,53801,False,True,True,True
3443,24080,True,53801,False,True,True,53801,False,True,True,53801,False,True,True,True
3444,24083,True,53801,False,True,True,53801,False,True,True,53801,False,True,True,True
3445,24084,True,53801,False,True,True,53801,False,True,True,53801,False,True,True,True
3446,24099,True,53801,False,True,True,53801,False,True,True,53801,False,True,True,True
3447,24107,True,53801,False,True,True,53801,False,True,True,53801,False,True,True,True
3448,24109,True,53801,False,True,True,53801,False,True,True,53801,False,True,True,True
3449,24111,True,53801,False,True,True,53801,False,True,True,53801,False,True,True,True
3450,24119,True,53801,False,True,True,53801,False,True,True,53801,False,True,True,True
3451,24138,True,53801,False,True,True,53801,False,True,True,53801,False,True,True,True
3452,24157,True,53801,False,True,True,53801,False,True,True,53801,False,True,True,True
3453,24171,True,53801,False,True,True,53801,False,True,True,53801,False,True,True,True
3454,11385,False,256,False,True,False,256,False,True,False,256,False,True,False,True
3454,24174,True,53801,False,True,True,53801,False,True,True,53801,False,True,True,True
3455,24175,True,53801,False,True,True,53801,False,True,True,53801,False,True,True,True
3456,24189,True,53801,False,True,True,53801,False,True,True,53801,False,True,True,True
3457,24191,True,53801,False,True,True,53801,False,True,True,53801,False,True,True,True
3458,24202,True,53801,False,True,True,53801,False,True,True,53801,False,True,True,True
3459,24205,True,53801,False,True,True,53801,False,True,True,53801,False,True,True,True
3460,24207,True,53801,False,True,True,53801,False,True,True,53801,False,True,True,True
3461,24217,True,53801,False,True,True,53801,False,True,True,53801,False,True,True,True
3462,24231,True,53801,False,True,True,53801,False,True,True,53801,False,True,True,True
3463,24240,True,53801,False,True,True,53801,False,True,True,53801,False,True,True,True
3464,24244,True,53801,False,True,True,53801,False,True,True,53801,False,True,True,True
3465,24253,True,53801,False,True,True,53801,False,True,True,53801,False,True,True,True
3466,24271,True,53801,False,True,True,53801,False,True,True,53801,False,True,True,True
3466,65804,False,256,False,True,False,256,False,True,False,256,False,True,False,True
3467,24274,True,53801,False,True,True,53801,False,True,True,53801,False,True,True,True
3468,24280,True,53801,False,True,True,53801,False,True,True,53801,False,True,True,True
3469,24288,True,53801,False,True,True,53801,False,True,True,53801,False,True,True,True
3470,24295,True,53801,False,True,True,53801,False,True,True,53801,False,True,True,True
3471,24313,True,53801,False,True,True,53801,False,True,True,53801,False,True,True,True
3472,24320,True,53801,False,True,True,53801,False,True,True,53801,False,True,True,True
3473,24323,True,53801,False,True,True,53801,False,True,True,53801,False,True,True,True
3474,24328,True,53801,False,True,True,53801,False,True,True,53801,False,True,True,True
3475,24336,True,53801,False,True,True,53801,False,True,True,53801,False,True,True,True
3476,24342,True,53801,False,True,True,53801,False,True,True,53801,False,True,True,True
3477,24350,True,53801,False,True,True,53801,False,True,True,53801,False,True,True,True
3478,24360,True,53801,False,True,True,53801,False,True,True,53801,False,True,True,True
3479,24363,True,53801,False,True,True,53801,False,True,True,53801,False,True,True,True
3480,24374,True,53801,False,True,True,53801,False,True,True,53801,False,True,True,True
3481,24376,True,53801,False,True,True,53801,False,True,True,53801,False,True,True,True
3481,62171,False,256,False,True,False,256,False,True,False,256,False,True,False,True
3482,24377,True,53801,False,True,True,53801,False,True,True,53801,False,True,True,True
3483,24394,True,53801,False,True,True,53801,False,True,True,53801,False,True,True,True
3484,24397,True,53801,False,True,True,53801,False,True,True,53801,False,True,True,True
3485,24434,True,53801,False,True,True,53801,False,True,True,53801,False,True,True,True
3486,24443,True,53801,False,True,True,53801,False,True,True,53801,False,True,True,True
3487,24446,True,53801,False,True,True,53801,False,True,True,53801,False,True,True,True
3487,62283,False,256,False,True,False,256,False,True,False,256,False,True,False,True
3488,24449,True,53801,False,True,True,53801,False,True,True,53801,False,True,True,True
3489,24456,True,53801,False,True,True,53801,False,True,True,53801,False,True,True,True
3490,24458,True,53801,False,True,True,53801,False,True,True,53801,False,True,True,True
3491,24460,True,53801,False,True,True,53801,False,True,True,53801,False,True,True,True
3492,24462,True,53801,False,True,True,53801,False,True,True,53801,False,True,True,True
3493,24463,True,53801,False,True,True,53801,False,True,True,53801,False,True,True,True
3494,24472,True,53801,False,True,True,53801,False,True,True,53801,False,True,True,True
3495,24483,True,53801,False,True,True,53801,False,True,True,53801,False,True,True,True
3496,24495,True,53801,False,True,True,53801,False,True,True,53801,False,True,True,True
3497,24496,True,53801,False,True,True,53801,False,True,True,53801,False,True,True,True
3498,24509,True,53801,False,True,True,53801,False,True,True,53801,False,True,True,True
3498,48281,False,256,False,True,False,256,False,True,False,256,False,True,False,True
3499,24511,True,53801,False,True,True,53801,False,True,True,53801,False,True,True,True
3500,24512,True,53801,False,True,True,53801,False,True,True,53801,False,True,True,True
3501,24513,True,53801,False,True,True,53801,False,True,True,53801,False,True,True,True
3502,24527,True,53801,False,True,True,53801,False,True,True,53801,False,True,True,True
3503,24529,True,53801,False,True,True,53801,False,True,True,53801,False,True,True,True
3504,24534,True,53801,False,True,True,53801,False,True,True,53801,False,True,True,True
3505,24543,True,53801,False,True,True,53801,False,True,True,53801,False,True,True,True
3506,24550,True,53801,False,True,True,53801,False,True,True,53801,False,True,True,True
3507,24551,True,53801,False,True,True,53801,False,True,True,53801,False,True,True,True
3508,24577,True,53801,False,True,True,53801,False,True,True,53801,False,True,True,True
3509,24588,True,53801,False,True,True,53801,False,True,True,53801,False,True,True,True
3510,24592,True,53801,False,True,True,53801,False,True,True,53801,False,True,True,True
3510,88543,False,256,False,True,False,256,False,True,False,256,False,True,False,True
3511,24610,True,53801,False,True,True,53801,False,True,True,53801,False,True,True,True
3512,24615,True,53801,False,True,True,53801,False,True,True,53801,False,True,True,True
3513,24620,True,53801,False,True,True,53801,False,True,True,53801,False,True,True,True
3513,37598,False,256,False,True,False,256,False,True,False,256,False,True,False,True
3514,24629,True,53801,False,True,True,53801,False,True,True,53801,False,True,True,True
3515,24631,True,53801,False,True,True,53801,False,True,True,53801,False,True,True,True
3516,24632,True,53801,False,True,True,53801,False,True,True,53801,False,True,True,True
3517,24634,True,53801,False,True,True,53801,False,True,True,53801,False,True,True,True
3518,24635,True,53801,False,True,True,53801,False,True,True,53801,False,True,True,True
3519,24637,True,53801,False,True,True,53801,False,True,True,53801,False,True,True,True
3520,24654,True,53801,False,True,True,53801,False,True,True,53801,False,True,True,True
3521,24660,True,53801,False,True,True,53801,False,True,True,53801,False,True,True,True
3522,24666,True,53801,False,True,True,53801,False,True,True,53801,False,True,True,True
3523,24667,True,53801,False,True,True,53801,False,True,True,53801,False,True,True,True
3524,24672,True,53801,False,True,True,53801,False,True,True,53801,False,True,True,True
3524,30326,False,256,False,True,False,256,False,True,False,256,False,True,False,True
3525,24674,True,53801,False,True,True,53801,False,True,True,53801,False,True,True,True
3526,24681,True,53801,False,True,True,53801,False,True,True,53801,False,True,True,True
3527,24690,True,53801,False,True,True,53801,False,True,True,53801,False,True,True,True
3528,24704,True,53801,False,True,True,53801,False,True,True,53801,False,True,True,True
3529,24707,True,53801,False,True,True,53801,False,True,True,53801,False,True,True,True
3530,24716,True,53801,False,True,True,53801,False,True,True,53801,False,True,True,True
3531,24717,True,53801,False,True,True,53801,False,True,True,53801,False,True,True,True
3532,24731,True,53801,False,True,True,53801,False,True,True,53801,False,True,True,True
3533,24742,True,53801,False,True,True,53801,False,True,True,53801,False,True,True,True
3534,24744,True,53801,False,True,True,53801,False,True,True,53801,False,True,True,True
3535,24745,True,53801,False,True,True,53801,False,True,True,53801,False,True,True,True
3536,24746,True,53801,False,True,True,53801,False,True,True,53801,False,True,True,True
3537,24748,True,53801,False,True,True,53801,False,True,True,53801,False,True,True,True
3538,24751,True,53801,False,True,True,53801,False,True,True,53801,False,True,True,True
3539,24758,True,53801,False,True,True,53801,False,True,True,53801,False,True,True,True
3540,24768,True,53801,False,True,True,53801,False,True,True,53801,False,True,True,True
3541,24771,True,53801,False,True,True,53801,False,True,True,53801,False,True,True,True
3542,24782,True,53801,False,True,True,53801,False,True,True,53801,False,True,True,True
3543,24783,True,53801,False,True,True,53801,False,True,True,53801,False,True,True,True
3544,24784,True,53801,False,True,True,53801,False,True,True,53801,False,True,True,True
3545,24787,True,53801,False,True,True,53801,False,True,True,53801,False,True,True,True
3546,24791,True,53801,False,True,True,53801,False,True,True,53801,False,True,True,True
3547,24792,True,53801,False,True,True,53801,False,True,True,53801,False,True,True,True
3548,24798,True,53801,False,True,True,53801,False,True,True,53801,False,True,True,True
3549,24813,True,53801,False,True,True,53801,False,True,True,53801,False,True,True,True
3550,24821,True,53801,False,True,True,53801,False,True,True,53801,False,True,True,True
3551,24831,True,53801,False,True,True,53801,False,True,True,53801,False,True,True,True
3552,24838,True,53801,False,True,True,53801,False,True,True,53801,False,True,True,True
3553,24844,True,53801,False,True,True,53801,False,True,True,53801,False,True,True,True
3554,24872,True,53801,False,True,True,53801,False,True,True,53801,False,True,True,True
3555,24886,True,53801,False,True,True,53801,False,True,True,53801,False,True,True,True
3555,30531,False,256,False,True,False,256,False,True,False,256,False,True,False,True
3556,24889,True,53801,False,True,True,53801,False,True,True,53801,False,True,True,True
3557,24892,True,53801,False,True,True,53801,False,True,True,53801,False,True,True,True
3558,24905,True,53801,False,True,True,53801,False,True,True,53801,False,True,True,True
3559,24908,True,53801,False,True,True,53801,False,True,True,53801,False,True,True,True
3560,24919,True,53801,False,True,True,53801,False,True,True,53801,False,True,True,True
3561,24924,True,53801,False,True,True,53801,False,True,True,53801,False,True,True,True
3562,24929,True,53801,False,True,True,53801,False,True,True,53801,False,True,True,True
3562,38086,False,256,False,True,False,256,False,True,False,256,False,True,False,True
3563,24944,True,53801,False,True,True,53801,False,True,True,53801,False,True,True,True
3564,24966,True,53801,False,True,True,53801,False,True,True,53801,False,True,True,True
3565,24967,True,53801,False,True,True,53801,False,True,True,53801,False,True,True,True
3566,24972,True,53801,False,True,True,53801,False,True,True,53801,False,True,True,True
3567,24977,True,53801,False,True,True,53801,False,True,True,53801,False,True,True,True
3568,24983,True,53801,False,True,True,53801,False,True,True,53801,False,True,True,True
3569,24984,True,53801,False,True,True,53801,False,True,True,53801,False,True,True,True
3570,24990,True,53801,False,True,True,53801,False,True,True,53801,False,True,True,True
3571,24993,True,53801,False,True,True,53801,False,True,True,53801,False,True,True,True
3572,25000,True,53801,False,True,True,53801,False,True,True,53801,False,True,True,True
3573,25003,True,53801,False,True,True,53801,False,True,True,53801,False,True,True,True
3574,25009,True,53801,False,True,True,53801,False,True,True,53801,False,True,True,True
3575,25014,True,53801,False,True,True,53801,False,True,True,53801,False,True,True,True
3576,25015,True,53801,False,True,True,53801,False,True,True,53801,False,True,True,True
3577,25018,True,53801,False,True,True,53801,False,True,True,53801,False,True,True,True
3578,25031,True,53801,False,True,True,53801,False,True,True,53801,False,True,True,True
3579,25032,True,53801,False,True,True,53801,False,True,True,53801,False,True,True,True
3580,25034,True,53801,False,True,True,53801,False,True,True,53801,False,True,True,True
3581,25045,True,53801,False,True,True,53801,False,True,True,53801,False,True,True,True
3582,25048,True,53801,False,True,True,53801,False,True,True,53801,False,True,True,True
3583,25064,True,53801,False,True,True,53801,False,True,True,53801,False,True,True,True
3584,25066,True,53801,False,True,True,53801,False,True,True,53801,False,True,True,True
3584,82329,False,256,False,True,False,256,False,True,False,256,False,True,False,True
3585,25069,True,53801,False,True,True,53801,False,True,True,53801,False,True,True,True
3586,25076,True,53801,False,True,True,53801,False,True,True,53801,False,True,True,True
3587,25079,True,53801,False,True,True,53801,False,True,True,53801,False,True,True,True
3588,25098,True,53801,False,True,True,53801,False,True,True,53801,False,True,True,True
3590,25106,True,53801,False,True,True,53801,False,True,True,53801,False,True,True,True
3591,25116,True,53801,False,True,True,53801,False,True,True,53801,False,True,True,True
3592,25127,True,53801,False,True,True,53801,False,True,True,53801,False,True,True,True
3593,25152,True,53801,False,True,True,53801,False,True,True,53801,False,True,True,True
3594,25153,True,53801,False,True,True,53801,False,True,True,53801,False,True,True,True
3595,25184,True,53801,False,True,True,53801,False,True,True,53801,False,True,True,True
3596,25187,True,53801,False,True,True,53801,False,True,True,53801,False,True,True,True
3597,25191,True,53801,False,True,True,53801,False,True,True,53801,False,True,True,True
3598,25193,True,53801,False,True,True,53801,False,True,True,53801,False,True,True,True
3599,25195,True,53801,False,True,True,53801,False,True,True,53801,False,True,True,True
3600,25210,True,53801,False,True,True,53801,False,True,True,53801,False,True,True,True
3601,25219,True,53801,False,True,True,53801,False,True,True,53801,False,True,True,True
3602,25227,True,53801,False,True,True,53801,False,True,True,53801,False,True,True,True
3603,25228,True,53801,False,True,True,53801,False,True,True,53801,False,True,True,True
3604,25236,True,53801,False,True,True,53801,False,True,True,53801,False,True,True,True
3605,25240,True,53801,False,True,True,53801,False,True,True,53801,False,True,True,True
3606,25255,True,53801,False,True,True,53801,False,True,True,53801,False,True,True,True
3607,25261,True,53801,False,True,True,53801,False,True,True,53801,False,True,True,True
3608,25286,True,53801,False,True,True,53801,False,True,True,53801,False,True,True,True
3609,25290,True,53801,False,True,True,53801,False,True,True,53801,False,True,True,True
3610,25299,True,53801,False,True,True,53801,False,True,True,53801,False,True,True,True
3611,25300,True,53801,False,True,True,53801,False,True,True,53801,False,True,True,True
3612,25302,True,53801,False,True,True,53801,False,True,True,53801,False,True,True,True
3612,31051,False,256,False,True,False,256,False,True,False,256,False,True,False,True
3613,25311,True,53801,False,True,True,53801,False,True,True,53801,False,True,True,True
3614,25319,True,53801,False,True,True,53801,False,True,True,53801,False,True,True,True
3615,25323,True,53801,False,True,True,53801,False,True,True,53801,False,True,True,True
3616,25325,True,53801,False,True,True,53801,False,True,True,53801,False,True,True,True
3617,25328,True,53801,False,True,True,53801,False,True,True,53801,False,True,True,True
3618,25338,True,53801,False,True,True,53801,False,True,True,53801,False,True,True,True
3619,25343,True,53801,False,True,True,53801,False,True,True,53801,False,True,True,True
3620,25348,True,53801,False,True,True,53801,False,True,True,53801,False,True,True,True
3621,25352,True,53801,False,True,True,53801,False,True,True,53801,False,True,True,True
3622,7667,False,256,False,True,False,256,False,True,False,256,False,True,False,True
3622,25364,True,53801,False,True,True,53801,False,True,True,53801,False,True,True,True
3622,44786,False,256,False,True,False,256,False,True,False,256,False,True,False,True
3623,25380,True,53801,False,True,True,53801,False,True,True,53801,False,True,True,True
3624,25381,True,53801,False,True,True,53801,False,True,True,53801,False,True,True,True
3625,25388,True,53801,False,True,True,53801,False,True,True,53801,False,True,True,True
3626,25390,True,53801,False,True,True,53801,False,True,True,53801,False,True,True,True
3627,27104,True,53801,False,True,True,53801,False,True,True,53801,False,True,True,True
3628,27116,True,53801,False,True,True,53801,False,True,True,53801,False,True,True,True
3629,27118,True,53801,False,True,True,53801,False,True,True,53801,False,True,True,True
3630,27129,True,53801,False,True,True,53801,False,True,True,53801,False,True,True,True
3631,27145,True,53801,False,True,True,53801,False,True,True,53801,False,True,True,True
3632,27146,True,53801,False,True,True,53801,False,True,True,53801,False,True,True,True
3633,27161,True,53801,False,True,True,53801,False,True,True,53801,False,True,True,True
3634,27168,True,53801,False,True,True,53801,False,True,True,53801,False,True,True,True
3635,27175,True,53801,False,True,True,53801,False,True,True,53801,False,True,True,True
3636,27178,True,53801,False,True,True,53801,False,True,True,53801,False,True,True,True
3637,27235,True,53801,False,True,True,53801,False,True,True,53801,False,True,True,True
3638,27267,True,53801,False,True,True,53801,False,True,True,53801,False,True,True,True
3639,27294,True,53801,False,True,True,53801,False,True,True,53801,False,True,True,True
3640,27295,True,53801,False,True,True,53801,False,True,True,53801,False,True,True,True
3640,86385,False,256,False,True,False,256,False,True,False,256,False,True,False,True
3641,27297,True,53801,False,True,True,53801,False,True,True,53801,False,True,True,True
3642,27315,True,53801,False,True,True,53801,False,True,True,53801,False,True,True,True
3643,27325,True,53801,False,True,True,53801,False,True,True,53801,False,True,True,True
3643,64100,False,256,False,True,False,256,False,True,False,256,False,True,False,True
3644,27378,True,53801,False,True,True,53801,False,True,True,53801,False,True,True,True
3645,27384,True,53801,False,True,True,53801,False,True,True,53801,False,True,True,True
3645,69412,False,256,False,True,False,256,False,True,False,256,False,True,False,True
3646,27397,True,53801,False,True,True,53801,False,True,True,53801,False,True,True,True
3647,27399,True,53801,False,True,True,53801,False,True,True,53801,False,True,True,True
3648,27414,True,53801,False,True,True,53801,False,True,True,53801,False,True,True,True
3649,27454,True,53801,False,True,True,53801,False,True,True,53801,False,True,True,True
3650,27477,True,53801,False,True,True,53801,False,True,True,53801,False,True,True,True
3650,33816,False,256,False,True,False,256,False,True,False,256,False,True,False,True
3651,27486,True,53801,False,True,True,53801,False,True,True,53801,False,True,True,True
3652,27487,True,53801,False,True,True,53801,False,True,True,53801,False,True,True,True
3653,27506,True,53801,False,True,True,53801,False,True,True,53801,False,True,True,True
3654,27512,True,53801,False,True,True,53801,False,True,True,53801,False,True,True,True
3655,27545,True,53801,False,True,True,53801,False,True,True,53801,False,True,True,True
3656,13017,False,256,False,True,False,256,False,True,False,256,False,True,False,True
3656,27578,True,53801,False,True,True,53801,False,True,True,53801,False,True,True,True
3657,27586,True,53801,False,True,True,53801,False,True,True,53801,False,True,True,True
3658,27587,True,53801,False,True,True,53801,False,True,True,53801,False,True,True,True
3659,27589,True,53801,False,True,True,53801,False,True,True,53801,False,True,True,True
3660,27590,True,53801,False,True,True,53801,False,True,True,53801,False,True,True,True
3661,27636,True,53801,False,True,True,53801,False,True,True,53801,False,True,True,True
3662,27646,True,53801,False,True,True,53801,False,True,True,53801,False,True,True,True
3663,27648,True,53801,False,True,True,53801,False,True,True,53801,False,True,True,True
3664,27653,True,53801,False,True,True,53801,False,True,True,53801,False,True,True,True
3665,27654,True,53801,False,True,True,53801,False,True,True,53801,False,True,True,True
3666,27660,True,53801,False,True,True,53801,False,True,True,53801,False,True,True,True
3667,27683,True,53801,False,True,True,53801,False,True,True,53801,False,True,True,True
3667,69588,False,256,False,True,False,256,False,True,False,256,False,True,False,True
3668,27729,True,53801,False,True,True,53801,False,True,True,53801,False,True,True,True
3669,27733,True,53801,False,True,True,53801,False,True,True,53801,False,True,True,True
3670,27736,True,53801,False,True,True,53801,False,True,True,53801,False,True,True,True
3671,27762,True,53801,False,True,True,53801,False,True,True,53801,False,True,True,True
3672,27769,True,53801,False,True,True,53801,False,True,True,53801,False,True,True,True
3673,27775,True,53801,False,True,True,53801,False,True,True,53801,False,True,True,True
3674,27779,True,53801,False,True,True,53801,False,True,True,53801,False,True,True,True
3675,27780,True,53801,False,True,True,53801,False,True,True,53801,False,True,True,True
3676,27802,True,53801,False,True,True,53801,False,True,True,53801,False,True,True,True
3677,27825,True,53801,False,True,True,53801,False,True,True,53801,False,True,True,True
3678,27844,True,53801,False,True,True,53801,False,True,True,53801,False,True,True,True
3679,27857,True,53801,False,True,True,53801,False,True,True,53801,False,True,True,True
3680,27860,True,53801,False,True,True,53801,False,True,True,53801,False,True,True,True
3681,27863,True,53801,False,True,True,53801,False,True,True,53801,False,True,True,True
3682,27874,True,53801,False,True,True,53801,False,True,True,53801,False,True,True,True
3683,27881,True,53801,False,True,True,53801,False,True,True,53801,False,True,True,True
3684,27885,True,53801,False,True,True,53801,False,True,True,53801,False,True,True,True
3685,27894,True,53801,False,True,True,53801,False,True,True,53801,False,True,True,True
3686,27933,True,53801,False,True,True,53801,False,True,True,53801,False,True,True,True
3687,27948,True,53801,False,True,True,53801,False,True,True,53801,False,True,True,True
3688,27951,True,53801,False,True,True,53801,False,True,True,53801,False,True,True,True
3689,27971,True,53801,False,True,True,53801,False,True,True,53801,False,True,True,True
3690,9948,False,256,False,True,False,256,False,True,False,256,False,True,False,True
3690,27983,True,53801,False,True,True,53801,False,True,True,53801,False,True,True,True
3690,86900,False,256,False,True,False,256,False,True,False,256,False,True,False,True
3691,27985,True,53801,False,True,True,53801,False,True,True,53801,False,True,True,True
3692,28016,True,53801,False,True,True,53801,False,True,True,53801,False,True,True,True
3693,28017,True,53801,False,True,True,53801,False,True,True,53801,False,True,True,True
3694,28045,True,53801,False,True,True,53801,False,True,True,53801,False,True,True,True
3695,28052,True,53801,False,True,True,53801,False,True,True,53801,False,True,True,True
3695,79934,False,256,False,True,False,256,False,True,False,256,False,True,False,True
3696,28054,True,53801,False,True,True,53801,False,True,True,53801,False,True,True,True
3697,28071,True,53801,False,True,True,53801,False,True,True,53801,False,True,True,True
3698,28078,True,53801,False,True,True,53801,False,True,True,53801,False,True,True,True
3699,28082,True,53801,False,True,True,53801,False,True,True,53801,False,True,True,True
3700,28092,True,53801,False,True,True,53801,False,True,True,53801,False,True,True,True
3701,28097,True,53801,False,True,True,53801,False,True,True,53801,False,True,True,True
3702,28116,True,53801,False,True,True,53801,False,True,True,53801,False,True,True,True
3703,28117,True,53801,False,True,True,53801,False,True,True,53801,False,True,True,True
3704,28169,True,53801,False,True,True,53801,False,True,True,53801,False,True,True,True
3705,28196,True,53801,False,True,True,53801,False,True,True,53801,False,True,True,True
3706,28214,True,53801,False,True,True,53801,False,True,True,53801,False,True,True,True
3707,28219,True,53801,False,True,True,53801,False,True,True,53801,False,True,True,True
3708,28226,True,53801,False,True,True,53801,False,True,True,53801,False,True,True,True
3709,28267,True,53801,False,True,True,53801,False,True,True,53801,False,True,True,True
3710,28288,True,53801,False,True,True,53801,False,True,True,53801,False,True,True,True
3711,28293,True,53801,False,True,True,53801,False,True,True,53801,False,True,True,True
3712,28304,True,53801,False,True,True,53801,False,True,True,53801,False,True,True,True
3713,28308,True,53801,False,True,True,53801,False,True,True,53801,False,True,True,True
3714,28315,True,53801,False,True,True,53801,False,True,True,53801,False,True,True,True
3715,28320,True,53801,False,True,True,53801,False,True,True,53801,False,True,True,True
3716,28323,True,53801,False,True,True,53801,False,True,True,53801,False,True,True,True
3717,28341,True,53801,False,True,True,53801,False,True,True,53801,False,True,True,True
3718,28360,True,53801,False,True,True,53801,False,True,True,53801,False,True,True,True
3719,28372,True,53801,False,True,True,53801,False,True,True,53801,False,True,True,True
3720,28387,True,53801,False,True,True,53801,False,True,True,53801,False,True,True,True
3721,28406,True,53801,False,True,True,53801,False,True,True,53801,False,True,True,True
3722,28407,True,53801,False,True,True,53801,False,True,True,53801,False,True,True,True
3723,28414,True,53801,False,True,True,53801,False,True,True,53801,False,True,True,True
3724,28418,True,53801,False,True,True,53801,False,True,True,53801,False,True,True,True
3725,28419,True,53801,False,True,True,53801,False,True,True,53801,False,True,True,True
3726,28437,True,53801,False,True,True,53801,False,True,True,53801,False,True,True,True
3727,28470,True,53801,False,True,True,53801,False,True,True,53801,False,True,True,True
3728,28477,True,53801,False,True,True,53801,False,True,True,53801,False,True,True,True
3729,28554,True,53801,False,True,True,53801,False,True,True,53801,False,True,True,True
3730,28561,True,53801,False,True,True,53801,False,True,True,53801,False,True,True,True
3731,28565,True,53801,False,True,True,53801,False,True,True,53801,False,True,True,True
3732,28578,True,53801,False,True,True,53801,False,True,True,53801,False,True,True,True
3733,28581,True,53801,False,True,True,53801,False,True,True,53801,False,True,True,True
3734,28592,True,53801,False,True,True,53801,False,True,True,53801,False,True,True,True
3735,28623,True,53801,False,True,True,53801,False,True,True,53801,False,True,True,True
3736,28639,True,53801,False,True,True,53801,False,True,True,53801,False,True,True,True
3737,28644,True,53801,False,True,True,53801,False,True,True,53801,False,True,True,True
3738,28646,True,53801,False,True,True,53801,False,True,True,53801,False,True,True,True
3739,28660,True,53801,False,True,True,53801,False,True,True,53801,False,True,True,True
3740,28686,True,53801,False,True,True,53801,False,True,True,53801,False,True,True,True
3741,28695,True,53801,False,True,True,53801,False,True,True,53801,False,True,True,True
3742,28696,True,53801,False,True,True,53801,False,True,True,53801,False,True,True,True
3742,80512,False,256,False,True,False,256,False,True,False,256,False,True,False,True
3743,28729,True,53801,False,True,True,53801,False,True,True,53801,False,True,True,True
3744,28732,True,53801,False,True,True,53801,False,True,True,53801,False,True,True,True
3745,28738,True,53801,False,True,True,53801,False,True,True,53801,False,True,True,True
3746,28784,True,53801,False,True,True,53801,False,True,True,53801,False,True,True,True
3747,28785,True,53801,False,True,True,53801,False,True,True,53801,False,True,True,True
3748,28796,True,53801,False,True,True,53801,False,True,True,53801,False,True,True,True
3749,28798,True,53801,False,True,True,53801,False,True,True,53801,False,True,True,True
3750,28801,True,53801,False,True,True,53801,False,True,True,53801,False,True,True,True
3751,28809,True,53801,False,True,True,53801,False,True,True,53801,False,True,True,True
3752,28813,True,53801,False,True,True,53801,False,True,True,53801,False,True,True,True
3753,28860,True,53801,False,True,True,53801,False,True,True,53801,False,True,True,True
3754,28878,True,53801,False,True,True,53801,False,True,True,53801,False,True,True,True
3755,28885,True,53801,False,True,True,53801,False,True,True,53801,False,True,True,True
3756,28918,True,53801,False,True,True,53801,False,True,True,53801,False,True,True,True
3757,28930,True,53801,False,True,True,53801,False,True,True,53801,False,True,True,True
3758,28943,True,53801,False,True,True,53801,False,True,True,53801,False,True,True,True
3759,28965,True,53801,False,True,True,53801,False,True,True,53801,False,True,True,True
3760,28974,True,53801,False,True,True,53801,False,True,True,53801,False,True,True,True
3761,28982,True,53801,False,True,True,53801,False,True,True,53801,False,True,True,True
3762,28989,True,53801,False,True,True,53801,False,True,True,53801,False,True,True,True
3763,5301,False,256,False,True,False,256,False,True,False,256,False,True,False,True
3763,29009,True,53801,False,True,True,53801,False,True,True,53801,False,True,True,True
3764,29021,True,53801,False,True,True,53801,False,True,True,53801,False,True,True,True
3765,29025,True,53801,False,True,True,53801,False,True,True,53801,False,True,True,True
3766,29032,True,53801,False,True,True,53801,False,True,True,53801,False,True,True,True
3767,29044,True,53801,False,True,True,53801,False,True,True,53801,False,True,True,True
3768,29068,True,53801,False,True,True,53801,False,True,True,53801,False,True,True,True
3769,29075,True,53801,False,True,True,53801,False,True,True,53801,False,True,True,True
3770,29077,True,53801,False,True,True,53801,False,True,True,53801,False,True,True,True
3771,29085,True,53801,False,True,True,53801,False,True,True,53801,False,True,True,True
3772,29086,True,53801,False,True,True,53801,False,True,True,53801,False,True,True,True
3773,29103,True,53801,False,True,True,53801,False,True,True,53801,False,True,True,True
3774,29120,True,53801,False,True,True,53801,False,True,True,53801,False,True,True,True
3775,29127,True,53801,False,True,True,53801,False,True,True,53801,False,True,True,True
3776,29141,True,53801,False,True,True,53801,False,True,True,53801,False,True,True,True
3777,29147,True,53801,False,True,True,53801,False,True,True,53801,False,True,True,True
3778,29164,True,53801,False,True,True,53801,False,True,True,53801,False,True,True,True
3779,29185,True,53801,False,True,True,53801,False,True,True,53801,False,True,True,True
3779,60967,False,256,False,True,False,256,False,True,False,256,False,True,False,True
3780,29200,True,53801,False,True,True,53801,False,True,True,53801,False,True,True,True
3781,29208,True,53801,False,True,True,53801,False,True,True,53801,False,True,True,True
3781,51972,False,256,False,True,False,256,False,True,False,256,False,True,False,True
3782,29218,True,53801,False,True,True,53801,False,True,True,53801,False,True,True,True
3783,29232,True,53801,False,True,True,53801,False,True,True,53801,False,True,True,True
3784,29233,True,53801,False,True,True,53801,False,True,True,53801,False,True,True,True
3785,29242,True,53801,False,True,True,53801,False,True,True,53801,False,True,True,True
3786,29250,True,53801,False,True,True,53801,False,True,True,53801,False,True,True,True
3787,29261,True,53801,False,True,True,53801,False,True,True,53801,False,True,True,True
3788,16665,False,256,False,True,False,256,False,True,False,256,False,True,False,True
3788,29269,True,53801,False,True,True,53801,False,True,True,53801,False,True,True,True
3789,29272,True,53801,False,True,True,53801,False,True,True,53801,False,True,True,True
3790,29289,True,53801,False,True,True,53801,False,True,True,53801,False,True,True,True
3791,29325,True,53801,False,True,True,53801,False,True,True,53801,False,True,True,True
3792,29331,True,53801,False,True,True,53801,False,True,True,53801,False,True,True,True
3793,29333,True,53801,False,True,True,53801,False,True,True,53801,False,True,True,True
3794,29334,True,53801,False,True,True,53801,False,True,True,53801,False,True,True,True
3795,29337,True,53801,False,True,True,53801,False,True,True,53801,False,True,True,True
3796,29338,True,53801,False,True,True,53801,False,True,True,53801,False,True,True,True
3796,47432,False,256,False,True,False,256,False,True,False,256,False,True,False,True
3797,29354,True,53801,False,True,True,53801,False,True,True,53801,False,True,True,True
3798,29356,True,53801,False,True,True,53801,False,True,True,53801,False,True,True,True
3799,29370,True,53801,False,True,True,53801,False,True,True,53801,False,True,True,True
3800,29394,True,53801,False,True,True,53801,False,True,True,53801,False,True,True,True
3801,29419,True,53801,False,True,True,53801,False,True,True,53801,False,True,True,True
3802,29420,True,53801,False,True,True,53801,False,True,True,53801,False,True,True,True
3803,29427,True,53801,False,True,True,53801,False,True,True,53801,False,True,True,True
3804,29459,True,53801,False,True,True,53801,False,True,True,53801,False,True,True,True
3805,29466,True,53801,False,True,True,53801,False,True,True,53801,False,True,True,True
3806,29477,True,53801,False,True,True,53801,False,True,True,53801,False,True,True,True
3807,29485,True,53801,False,True,True,53801,False,True,True,53801,False,True,True,True
3808,29494,True,53801,False,True,True,53801,False,True,True,53801,False,True,True,True
3809,29495,True,53801,False,True,True,53801,False,True,True,53801,False,True,True,True
3810,29498,True,53801,False,True,True,53801,False,True,True,53801,False,True,True,True
3811,29510,True,53801,False,True,True,53801,False,True,True,53801,False,True,True,True
3812,29513,True,53801,False,True,True,53801,False,True,True,53801,False,True,True,True
3813,29517,True,53801,False,True,True,53801,False,True,True,53801,False,True,True,True
3814,29539,True,53801,False,True,True,53801,False,True,True,53801,False,True,True,True
3815,29545,True,53801,False,True,True,53801,False,True,True,53801,False,True,True,True
3816,29553,True,53801,False,True,True,53801,False,True,True,53801,False,True,True,True
3817,29557,True,53801,False,True,True,53801,False,True,True,53801,False,True,True,True
3818,29565,True,53801,False,True,True,53801,False,True,True,53801,False,True,True,True
3819,29595,True,53801,False,True,True,53801,False,True,True,53801,False,True,True,True
3820,29623,True,53801,False,True,True,53801,False,True,True,53801,False,True,True,True
3821,29629,True,53801,False,True,True,53801,False,True,True,53801,False,True,True,True
3822,29635,True,53801,False,True,True,53801,False,True,True,53801,False,True,True,True
3823,29649,True,53801,False,True,True,53801,False,True,True,53801,False,True,True,True
3823,61620,False,256,False,True,False,256,False,True,False,256,False,True,False,True
3824,29651,True,53801,False,True,True,53801,False,True,True,53801,False,True,True,True
3825,29664,True,53801,False,True,True,53801,False,True,True,53801,False,True,True,True
3825,88144,False,256,False,True,False,256,False,True,False,256,False,True,False,True
3826,29669,True,53801,False,True,True,53801,False,True,True,53801,False,True,True,True
3827,29692,True,53801,False,True,True,53801,False,True,True,53801,False,True,True,True
3828,14928,False,256,False,True,False,256,False,True,False,256,False,True,False,True
3828,29746,True,53801,False,True,True,53801,False,True,True,53801,False,True,True,True
3829,29748,True,53801,False,True,True,53801,False,True,True,53801,False,True,True,True
3830,29753,True,53801,False,True,True,53801,False,True,True,53801,False,True,True,True
3831,29792,True,53801,False,True,True,53801,False,True,True,53801,False,True,True,True
3832,29799,True,53801,False,True,True,53801,False,True,True,53801,False,True,True,True
3833,29800,True,53801,False,True,True,53801,False,True,True,53801,False,True,True,True
3834,29827,True,53801,False,True,True,53801,False,True,True,53801,False,True,True,True
3834,85067,False,256,False,True,False,256,False,True,False,256,False,True,False,True
3835,29828,True,53801,False,True,True,53801,False,True,True,53801,False,True,True,True
3836,29831,True,53801,False,True,True,53801,False,True,True,53801,False,True,True,True
3837,29848,True,53801,False,True,True,53801,False,True,True,53801,False,True,True,True
3838,29854,True,53801,False,True,True,53801,False,True,True,53801,False,True,True,True
3839,29869,True,53801,False,True,True,53801,False,True,True,53801,False,True,True,True
3840,29872,True,53801,False,True,True,53801,False,True,True,53801,False,True,True,True
3841,29890,True,53801,False,True,True,53801,False,True,True,53801,False,True,True,True
3842,29920,True,53801,False,True,True,53801,False,True,True,53801,False,True,True,True
3843,29938,True,53801,False,True,True,53801,False,True,True,53801,False,True,True,True
3844,29950,True,53801,False,True,True,53801,False,True,True,53801,False,True,True,True
3845,29956,True,53801,False,True,True,53801,False,True,True,53801,False,True,True,True
3846,29961,True,53801,False,True,True,53801,False,True,True,53801,False,True,True,True
3846,62089,False,256,False,True,False,256,False,True,False,256,False,True,False,True
3847,29963,True,53801,False,True,True,53801,False,True,True,53801,False,True,True,True
3848,29993,True,53801,False,True,True,53801,False,True,True,53801,False,True,True,True
3849,29999,True,53801,False,True,True,53801,False,True,True,53801,False,True,True,True
3849,88387,False,256,False,True,False,256,False,True,False,256,False,True,False,True
3850,30001,True,53801,False,True,True,53801,False,True,True,53801,False,True,True,True
3851,30024,True,53801,False,True,True,53801,False,True,True,53801,False,True,True,True
3852,30028,True,53801,False,True,True,53801,False,True,True,53801,False,True,True,True
3853,30033,True,53801,False,True,True,53801,False,True,True,53801,False,True,True,True
3854,30067,True,53801,False,True,True,53801,False,True,True,53801,False,True,True,True
3855,30071,True,53801,False,True,True,53801,False,True,True,53801,False,True,True,True
3856,30100,True,53801,False,True,True,53801,False,True,True,53801,False,True,True,True
3857,30111,True,53801,False,True,True,53801,False,True,True,53801,False,True,True,True
3858,30126,True,53801,False,True,True,53801,False,True,True,53801,False,True,True,True
3859,30135,True,53801,False,True,True,53801,False,True,True,53801,False,True,True,True
3859,37431,False,256,False,True,False,256,False,True,False,256,False,True,False,True
3860,30157,True,53801,False,True,True,53801,False,True,True,53801,False,True,True,True
3861,30177,True,53801,False,True,True,53801,False,True,True,53801,False,True,True,True
3862,30216,True,53801,False,True,True,53801,False,True,True,53801,False,True,True,True
3863,30217,True,53801,False,True,True,53801,False,True,True,53801,False,True,True,True
3864,30218,True,53801,False,True,True,53801,False,True,True,53801,False,True,True,True
3865,30231,True,53801,False,True,True,53801,False,True,True,53801,False,True,True,True
3866,30236,True,53801,False,True,True,53801,False,True,True,53801,False,True,True,True
3867,30237,True,53801,False,True,True,53801,False,True,True,53801,False,True,True,True
3868,30266,True,53801,False,True,True,53801,False,True,True,53801,False,True,True,True
3869,675,False,256,False,True,False,256,False,True,False,256,False,True,False,True
3869,30280,True,53801,False,True,True,53801,False,True,True,53801,False,True,True,True
3870,30288,True,53801,False,True,True,53801,False,True,True,53801,False,True,True,True
3871,30303,True,53801,False,True,True,53801,False,True,True,53801,False,True,True,True
3872,30309,True,53801,False,True,True,53801,False,True,True,53801,False,True,True,True
3873,30329,True,53801,False,True,True,53801,False,True,True,53801,False,True,True,True
3874,30368,True,53801,False,True,True,53801,False,True,True,53801,False,True,True,True
3875,30369,True,53801,False,True,True,53801,False,True,True,53801,False,True,True,True
3876,30376,True,53801,False,True,True,53801,False,True,True,53801,False,True,True,True
3877,30416,True,53801,False,True,True,53801,False,True,True,53801,False,True,True,True
3878,30425,True,53801,False,True,True,53801,False,True,True,53801,False,True,True,True
3879,30441,True,53801,False,True,True,53801,False,True,True,53801,False,True,True,True
3879,37872,False,256,False,True,False,256,False,True,False,256,False,True,False,True
3880,30455,True,53801,False,True,True,53801,False,True,True,53801,False,True,True,True
3881,30458,True,53801,False,True,True,53801,False,True,True,53801,False,True,True,True
3882,30482,True,53801,False,True,True,53801,False,True,True,53801,False,True,True,True
3883,30500,True,53801,False,True,True,53801,False,True,True,53801,False,True,True,True
3884,12040,False,256,False,True,False,256,False,True,False,256,False,True,False,True
3884,30530,True,53801,False,True,True,53801,False,True,True,53801,False,True,True,True
3885,30559,True,53801,False,True,True,53801,False,True,True,53801,False,True,True,True
3886,30609,True,53801,False,True,True,53801,False,True,True,53801,False,True,True,True
3887,30618,True,53801,False,True,True,53801,False,True,True,53801,False,True,True,True
3888,30635,True,53801,False,True,True,53801,False,True,True,53801,False,True,True,True
3889,30637,True,53801,False,True,True,53801,False,True,True,53801,False,True,True,True
3890,30646,True,53801,False,True,True,53801,False,True,True,53801,False,True,True,True
3891,30650,True,53801,False,True,True,53801,False,True,True,53801,False,True,True,True
3892,30662,True,53801,False,True,True,53801,False,True,True,53801,False,True,True,True
3893,30700,True,53801,False,True,True,53801,False,True,True,53801,False,True,True,True
3894,30713,True,53801,False,True,True,53801,False,True,True,53801,False,True,True,True
3895,30777,True,53801,False,True,True,53801,False,True,True,53801,False,True,True,True
3896,30782,True,53801,False,True,True,53801,False,True,True,53801,False,True,True,True
3897,30783,True,53801,False,True,True,53801,False,True,True,53801,False,True,True,True
3898,30786,True,53801,False,True,True,53801,False,True,True,53801,False,True,True,True
3899,30801,True,53801,False,True,True,53801,False,True,True,53801,False,True,True,True
3900,30809,True,53801,False,True,True,53801,False,True,True,53801,False,True,True,True
3900,63425,False,256,False,True,False,256,False,True,False,256,False,True,False,True
3901,30815,True,53801,False,True,True,53801,False,True,True,53801,False,True,True,True
3902,30896,True,53801,False,True,True,53801,False,True,True,53801,False,True,True,True
3903,30937,True,53801,False,True,True,53801,False,True,True,53801,False,True,True,True
3904,30949,True,53801,False,True,True,53801,False,True,True,53801,False,True,True,True
3905,1616,False,256,False,True,False,256,False,True,False,256,False,True,False,True
3905,30962,True,53801,False,True,True,53801,False,True,True,53801,False,True,True,True
3906,30981,True,53801,False,True,True,53801,False,True,True,53801,False,True,True,True
3906,82494,False,256,False,True,False,256,False,True,False,256,False,True,False,True
3907,30992,True,53801,False,True,True,53801,False,True,True,53801,False,True,True,True
3908,30995,True,53801,False,True,True,53801,False,True,True,53801,False,True,True,True
3909,31004,True,53801,False,True,True,53801,False,True,True,53801,False,True,True,True
3909,89139,False,256,False,True,False,256,False,True,False,256,False,True,False,True
3910,31026,True,53801,False,True,True,53801,False,True,True,53801,False,True,True,True
3911,3048,False,256,False,True,False,256,False,True,False,256,False,True,False,True
3911,31040,True,53801,False,True,True,53801,False,True,True,53801,False,True,True,True
3912,31047,True,53801,False,True,True,53801,False,True,True,53801,False,True,True,True
3914,31093,True,53801,False,True,True,53801,False,True,True,53801,False,True,True,True
3915,31116,True,53801,False,True,True,53801,False,True,True,53801,False,True,True,True
3916,31124,True,53801,False,True,True,53801,False,True,True,53801,False,True,True,True
3917,31158,True,53801,False,True,True,53801,False,True,True,53801,False,True,True,True
3918,31165,True,53801,False,True,True,53801,False,True,True,53801,False,True,True,True
3919,31171,True,53801,False,True,True,53801,False,True,True,53801,False,True,True,True
3919,44928,False,256,False,True,False,256,False,True,False,256,False,True,False,True
3919,75573,False,256,False,True,False,256,False,True,False,256,False,True,False,True
3920,31179,True,53801,False,True,True,53801,False,True,True,53801,False,True,True,True
3922,31195,True,53801,False,True,True,53801,False,True,True,53801,False,True,True,True
3923,31198,True,53801,False,True,True,53801,False,True,True,53801,False,True,True,True
3924,31200,True,53801,False,True,True,53801,False,True,True,53801,False,True,True,True
3925,31202,True,53801,False,True,True,53801,False,True,True,53801,False,True,True,True
3926,31205,True,53801,False,True,True,53801,False,True,True,53801,False,True,True,True
3926,33542,False,256,False,True,False,256,False,True,False,256,False,True,False,True
3927,31207,True,53801,False,True,True,53801,False,True,True,53801,False,True,True,True
3928,31252,True,53801,False,True,True,53801,False,True,True,53801,False,True,True,True
3928,58344,False,256,False,True,False,256,False,True,False,256,False,True,False,True
3929,31258,True,53801,False,True,True,53801,False,True,True,53801,False,True,True,True
3930,31292,True,53801,False,True,True,53801,False,True,True,53801,False,True,True,True
3931,31307,True,53801,False,True,True,53801,False,True,True,53801,False,True,True,True
3932,31312,True,53801,False,True,True,53801,False,True,True,53801,False,True,True,True
3933,31345,True,53801,False,True,True,53801,False,True,True,53801,False,True,True,True
3934,31348,True,53801,False,True,True,53801,False,True,True,53801,False,True,True,True
3935,31358,True,53801,False,True,True,53801,False,True,True,53801,False,True,True,True
3936,31366,True,53801,False,True,True,53801,False,True,True,53801,False,True,True,True
3936,34393,False,256,False,True,False,256,False,True,False,256,False,True,False,True
3937,31376,True,53801,False,True,True,53801,False,True,True,53801,False,True,True,True
3938,31412,True,53801,False,True,True,53801,False,True,True,53801,False,True,True,True
3939,31420,True,53801,False,True,True,53801,False,True,True,53801,False,True,True,True
3940,31424,True,53801,False,True,True,53801,False,True,True,53801,False,True,True,True
3941,31426,True,53801,False,True,True,53801,False,True,True,53801,False,True,True,True
3941,80022,False,256,False,True,False,256,False,True,False,256,False,True,False,True
3942,31436,True,53801,False,True,True,53801,False,True,True,53801,False,True,True,True
3943,31481,True,53801,False,True,True,53801,False,True,True,53801,False,True,True,True
3944,31498,True,53801,False,True,True,53801,False,True,True,53801,False,True,True,True
3945,31501,True,53801,False,True,True,53801,False,True,True,53801,False,True,True,True
3946,31506,True,53801,False,True,True,53801,False,True,True,53801,False,True,True,True
3947,31560,True,53801,False,True,True,53801,False,True,True,53801,False,True,True,True
3948,31580,True,53801,False,True,True,53801,False,True,True,53801,False,True,True,True
3949,31588,True,53801,False,True,True,53801,False,True,True,53801,False,True,True,True
3950,19665,False,256,False,True,False,256,False,True,False,256,False,True,False,True
3950,31591,True,53801,False,True,True,53801,False,True,True,53801,False,True,True,True
3951,31598,True,53801,False,True,True,53801,False,True,True,53801,False,True,True,True
3952,31633,True,53801,False,True,True,53801,False,True,True,53801,False,True,True,True
3953,31651,True,53801,False,True,True,53801,False,True,True,53801,False,True,True,True
3954,31680,True,53801,False,True,True,53801,False,True,True,53801,False,True,True,True
3955,31752,True,53801,False,True,True,53801,False,True,True,53801,False,True,True,True
3956,31781,True,53801,False,True,True,53801,False,True,True,53801,False,True,True,True
3957,31791,True,53801,False,True,True,53801,False,True,True,53801,False,True,True,True
3958,31792,True,53801,False,True,True,53801,False,True,True,53801,False,True,True,True
3959,31794,True,53801,False,True,True,53801,False,True,True,53801,False,True,True,True
3960,31812,True,53801,False,True,True,53801,False,True,True,53801,False,True,True,True
3961,31816,True,53801,False,True,True,53801,False,True,True,53801,False,True,True,True
3962,31819,True,53801,False,True,True,53801,False,True,True,53801,False,True,True,True
3962,74156,False,256,False,True,False,256,False,True,False,256,False,True,False,True
3963,31857,True,53801,False,True,True,53801,False,True,True,53801,False,True,True,True
3964,31884,True,53801,False,True,True,53801,False,True,True,53801,False,True,True,True
3965,31895,True,53801,False,True,True,53801,False,True,True,53801,False,True,True,True
3966,24305,False,256,False,True,False,256,False,True,False,256,False,True,False,True
3966,31901,True,53801,False,True,True,53801,False,True,True,53801,False,True,True,True
3967,31934,True,53801,False,True,True,53801,False,True,True,53801,False,True,True,True
3968,31949,True,53801,False,True,True,53801,False,True,True,53801,False,True,True,True
3969,31955,True,53801,False,True,True,53801,False,True,True,53801,False,True,True,True
3970,31960,True,53801,False,True,True,53801,False,True,True,53801,False,True,True,True
3971,666,False,256,False,True,False,256,False,True,False,256,False,True,False,True
3971,31961,True,53801,False,True,True,53801,False,True,True,53801,False,True,True,True
3972,31969,True,53801,False,True,True,53801,False,True,True,53801,False,True,True,True
3973,31972,True,53801,False,True,True,53801,False,True,True,53801,False,True,True,True
3973,65959,False,256,False,True,False,256,False,True,False,256,False,True,False,True
3974,31985,True,53801,False,True,True,53801,False,True,True,53801,False,True,True,True
3975,31991,True,53801,False,True,True,53801,False,True,True,53801,False,True,True,True
3976,31994,True,53801,False,True,True,53801,False,True,True,53801,False,True,True,True
3977,32024,True,53801,False,True,True,53801,False,True,True,53801,False,True,True,True
3977,74793,False,256,False,True,False,256,False,True,False,256,False,True,False,True
3978,32039,True,53801,False,True,True,53801,False,True,True,53801,False,True,True,True
3979,32067,True,53801,False,True,True,53801,False,True,True,53801,False,True,True,True
3980,32070,True,53801,False,True,True,53801,False,True,True,53801,False,True,True,True
3981,32084,True,53801,False,True,True,53801,False,True,True,53801,False,True,True,True
3982,32097,True,53801,False,True,True,53801,False,True,True,53801,False,True,True,True
3983,32130,True,53801,False,True,True,53801,False,True,True,53801,False,True,True,True
3984,32136,True,53801,False,True,True,53801,False,True,True,53801,False,True,True,True
3984,53906,False,256,False,True,False,256,False,True,False,256,False,True,False,True
3985,32171,True,53801,False,True,True,53801,False,True,True,53801,False,True,True,True
3986,32190,True,53801,False,True,True,53801,False,True,True,53801,False,True,True,True
3987,32213,True,53801,False,True,True,53801,False,True,True,53801,False,True,True,True
3988,32218,True,53801,False,True,True,53801,False,True,True,53801,False,True,True,True
3989,32510,True,53801,False,True,True,53801,False,True,True,53801,False,True,True,True
3990,32892,True,53801,False,True,True,53801,False,True,True,53801,False,True,True,True
3991,33280,True,53801,False,True,True,53801,False,True,True,53801,False,True,True,True
3992,33293,True,53801,False,True,True,53801,False,True,True,53801,False,True,True,True
3993,16203,False,256,False,True,False,256,False,True,False,256,False,True,False,True
3993,33325,True,53801,False,True,True,53801,False,True,True,53801,False,True,True,True
3994,33341,True,53801,False,True,True,53801,False,True,True,53801,False,True,True,True
3995,33347,True,53801,False,True,True,53801,False,True,True,53801,False,True,True,True
3996,33348,True,53801,False,True,True,53801,False,True,True,53801,False,True,True,True
3997,33351,True,53801,False,True,True,53801,False,True,True,53801,False,True,True,True
3998,33376,True,53801,False,True,True,53801,False,True,True,53801,False,True,True,True
3999,33381,True,53801,False,True,True,53801,False,True,True,53801,False,True,True,True
4000,33387,True,53801,False,True,True,53801,False,True,True,53801,False,True,True,True
4001,33393,True,53801,False,True,True,53801,False,True,True,53801,False,True,True,True
4002,33397,True,53801,False,True,True,53801,False,True,True,53801,False,True,True,True
4003,33404,True,53801,False,True,True,53801,False,True,True,53801,False,True,True,True
4004,33415,True,53801,False,True,True,53801,False,True,True,53801,False,True,True,True
4005,33438,True,53801,False,True,True,53801,False,True,True,53801,False,True,True,True
4006,33440,True,53801,False,True,True,53801,False,True,True,53801,False,True,True,True
4007,33445,True,53801,False,True,True,53801,False,True,True,53801,False,True,True,True
4008,33449,True,53801,False,True,True,53801,False,True,True,53801,False,True,True,True
4009,33450,True,53801,False,True,True,53801,False,True,True,53801,False,True,True,True
4010,33455,True,53801,False,True,True,53801,False,True,True,53801,False,True,True,True
4011,33464,True,53801,False,True,True,53801,False,True,True,53801,False,True,True,True
4012,33468,True,53801,False,True,True,53801,False,True,True,53801,False,True,True,True
4013,33488,True,53801,False,True,True,53801,False,True,True,53801,False,True,True,True
4014,33492,True,53801,False,True,True,53801,False,True,True,53801,False,True,True,True
4015,33496,True,53801,False,True,True,53801,False,True,True,53801,False,True,True,True
4016,9317,False,256,False,True,False,256,False,True,False,256,False,True,False,True
4016,33514,True,53801,False,True,True,53801,False,True,True,53801,False,True,True,True
4017,33516,True,53801,False,True,True,53801,False,True,True,53801,False,True,True,True
4018,33534,True,53801,False,True,True,53801,False,True,True,53801,False,True,True,True
4019,33535,True,53801,False,True,True,53801,False,True,True,53801,False,True,True,True
4020,33538,True,53801,False,True,True,53801,False,True,True,53801,False,True,True,True
4021,33544,True,53801,False,True,True,53801,False,True,True,53801,False,True,True,True
4021,79293,False,256,False,True,False,256,False,True,False,256,False,True,False,True
4022,33547,True,53801,False,True,True,53801,False,True,True,53801,False,True,True,True
4023,33548,True,53801,False,True,True,53801,False,True,True,53801,False,True,True,True
4024,33549,True,53801,False,True,True,53801,False,True,True,53801,False,True,True,True
4025,33561,True,53801,False,True,True,53801,False,True,True,53801,False,True,True,True
4026,33564,True,53801,False,True,True,53801,False,True,True,53801,False,True,True,True
4027,33566,True,53801,False,True,True,53801,False,True,True,53801,False,True,True,True
4028,33575,True,53801,False,True,True,53801,False,True,True,53801,False,True,True,True
4029,33592,True,53801,False,True,True,53801,False,True,True,53801,False,True,True,True
4030,33603,True,53801,False,True,True,53801,False,True,True,53801,False,True,True,True
4031,33629,True,53801,False,True,True,53801,False,True,True,53801,False,True,True,True
4032,33635,True,53801,False,True,True,53801,False,True,True,53801,False,True,True,True
4033,33667,True,53801,False,True,True,53801,False,True,True,53801,False,True,True,True
4034,33668,True,53801,False,True,True,53801,False,True,True,53801,False,True,True,True
4035,33683,True,53801,False,True,True,53801,False,True,True,53801,False,True,True,True
4036,33689,True,53801,False,True,True,53801,False,True,True,53801,False,True,True,True
4037,33702,True,53801,False,True,True,53801,False,True,True,53801,False,True,True,True
4038,33747,True,53801,False,True,True,53801,False,True,True,53801,False,True,True,True
4039,33750,True,53801,False,True,True,53801,False,True,True,53801,False,True,True,True
4040,33757,True,53801,False,True,True,53801,False,True,True,53801,False,True,True,True
4041,33761,True,53801,False,True,True,53801,False,True,True,53801,False,True,True,True
4042,33763,True,53801,False,True,True,53801,False,True,True,53801,False,True,True,True
4043,33771,True,53801,False,True,True,53801,False,True,True,53801,False,True,True,True
4044,33798,True,53801,False,True,True,53801,False,True,True,53801,False,True,True,True
4045,33806,True,53801,False,True,True,53801,False,True,True,53801,False,True,True,True
4046,33814,True,53801,False,True,True,53801,False,True,True,53801,False,True,True,True
4047,33819,True,53801,False,True,True,53801,False,True,True,53801,False,True,True,True
4048,33844,True,53801,False,True,True,53801,False,True,True,53801,False,True,True,True
4049,33860,True,53801,False,True,True,53801,False,True,True,53801,False,True,True,True
4050,33865,True,53801,False,True,True,53801,False,True,True,53801,False,True,True,True
4050,54680,False,256,False,True,False,256,False,True,False,256,False,True,False,True
4051,33866,True,53801,False,True,True,53801,False,True,True,53801,False,True,True,True
4052,33868,True,53801,False,True,True,53801,False,True,True,53801,False,True,True,True
4053,12973,False,256,False,True,False,256,False,True,False,256,False,True,False,True
4053,33869,True,53801,False,True,True,53801,False,True,True,53801,False,True,True,True
4054,33871,True,53801,False,True,True,53801,False,True,True,53801,False,True,True,True
4055,33878,True,53801,False,True,True,53801,False,True,True,53801,False,True,True,True
4056,33887,True,53801,False,True,True,53801,False,True,True,53801,False,True,True,True
4057,33908,True,53801,False,True,True,53801,False,True,True,53801,False,True,True,True
4058,33925,True,53801,False,True,True,53801,False,True,True,53801,False,True,True,True
4059,33937,True,53801,False,True,True,53801,False,True,True,53801,False,True,True,True
4060,33939,True,53801,False,True,True,53801,False,True,True,53801,False,True,True,True
4061,33941,True,53801,False,True,True,53801,False,True,True,53801,False,True,True,True
4062,33952,True,53801,False,True,True,53801,False,True,True,53801,False,True,True,True
4063,33957,True,53801,False,True,True,53801,False,True,True,53801,False,True,True,True
4064,33964,True,53801,False,True,True,53801,False,True,True,53801,False,True,True,True
4065,33971,True,53801,False,True,True,53801,False,True,True,53801,False,True,True,True
4066,33985,True,53801,False,True,True,53801,False,True,True,53801,False,True,True,True
4067,33996,True,53801,False,True,True,53801,False,True,True,53801,False,True,True,True
4068,33999,True,53801,False,True,True,53801,False,True,True,53801,False,True,True,True
4069,34002,True,53801,False,True,True,53801,False,True,True,53801,False,True,True,True
4069,86638,False,256,False,True,False,256,False,True,False,256,False,True,False,True
4070,27629,False,256,False,True,False,256,False,True,False,256,False,True,False,True
4070,34012,True,53801,False,True,True,53801,False,True,True,53801,False,True,True,True
4071,34033,True,53801,False,True,True,53801,False,True,True,53801,False,True,True,True
4072,34035,True,53801,False,True,True,53801,False,True,True,53801,False,True,True,True
4073,34036,True,53801,False,True,True,53801,False,True,True,53801,False,True,True,True
4074,34043,True,53801,False,True,True,53801,False,True,True,53801,False,True,True,True
4075,34044,True,53801,False,True,True,53801,False,True,True,53801,False,True,True,True
4076,34054,True,53801,False,True,True,53801,False,True,True,53801,False,True,True,True
4077,34063,True,53801,False,True,True,53801,False,True,True,53801,False,True,True,True
4078,34073,True,53801,False,True,True,53801,False,True,True,53801,False,True,True,True
4079,34074,True,53801,False,True,True,53801,False,True,True,53801,False,True,True,True
4080,34076,True,53801,False,True,True,53801,False,True,True,53801,False,True,True,True
4081,34091,True,53801,False,True,True,53801,False,True,True,53801,False,True,True,True
4082,34095,True,53801,False,True,True,53801,False,True,True,53801,False,True,True,True
4083,34098,True,53801,False,True,True,53801,False,True,True,53801,False,True,True,True
4084,34107,True,53801,False,True,True,53801,False,True,True,53801,False,True,True,True
4085,34117,True,53801,False,True,True,53801,False,True,True,53801,False,True,True,True
4086,34118,True,53801,False,True,True,53801,False,True,True,53801,False,True,True,True
4087,34141,True,53801,False,True,True,53801,False,True,True,53801,False,True,True,True
4088,34145,True,53801,False,True,True,53801,False,True,True,53801,False,True,True,True
4089,34149,True,53801,False,True,True,53801,False,True,True,53801,False,True,True,True
4090,34150,True,53801,False,True,True,53801,False,True,True,53801,False,True,True,True
4091,34156,True,53801,False,True,True,53801,False,True,True,53801,False,True,True,True
4092,34157,True,53801,False,True,True,53801,False,True,True,53801,False,True,True,True
4093,34170,True,53801,False,True,True,53801,False,True,True,53801,False,True,True,True
4094,34174,True,53801,False,True,True,53801,False,True,True,53801,False,True,True,True
4094,72449,False,256,False,True,False,256,False,True,False,256,False,True,False,True
4095,34178,True,53801,False,True,True,53801,False,True,True,53801,False,True,True,True
4096,34189,True,53801,False,True,True,53801,False,True,True,53801,False,True,True,True
4097,34193,True,53801,False,True,True,53801,False,True,True,53801,False,True,True,True
4098,34204,True,53801,False,True,True,53801,False,True,True,53801,False,True,True,True
4099,34217,True,53801,False,True,True,53801,False,True,True,53801,False,True,True,True
4100,34221,True,53801,False,True,True,53801,False,True,True,53801,False,True,True,True
4101,34225,True,53801,False,True,True,53801,False,True,True,53801,False,True,True,True
4102,34239,True,53801,False,True,True,53801,False,True,True,53801,False,True,True,True
4103,34242,True,53801,False,True,True,53801,False,True,True,53801,False,True,True,True
4104,34243,True,53801,False,True,True,53801,False,True,True,53801,False,True,True,True
4105,34287,True,53801,False,True,True,53801,False,True,True,53801,False,True,True,True
4106,34292,True,53801,False,True,True,53801,False,True,True,53801,False,True,True,True
4107,34307,True,53801,False,True,True,53801,False,True,True,53801,False,True,True,True
4108,32414,False,256,False,True,False,256,False,True,False,256,False,True,False,True
4108,34330,True,53801,False,True,True,53801,False,True,True,53801,False,True,True,True
4109,34332,True,53801,False,True,True,53801,False,True,True,53801,False,True,True,True
4110,34337,True,53801,False,True,True,53801,False,True,True,53801,False,True,True,True
4111,34341,True,53801,False,True,True,53801,False,True,True,53801,False,True,True,True
4112,34343,True,53801,False,True,True,53801,False,True,True,53801,False,True,True,True
4113,34348,True,53801,False,True,True,53801,False,True,True,53801,False,True,True,True
4114,34360,True,53801,False,True,True,53801,False,True,True,53801,False,True,True,True
4115,34364,True,53801,False,True,True,53801,False,True,True,53801,False,True,True,True
4116,34376,True,53801,False,True,True,53801,False,True,True,53801,False,True,True,True
4117,34377,True,53801,False,True,True,53801,False,True,True,53801,False,True,True,True
4118,18854,False,256,False,True,False,256,False,True,False,256,False,True,False,True
4118,34382,True,53801,False,True,True,53801,False,True,True,53801,False,True,True,True
4119,34387,True,53801,False,True,True,53801,False,True,True,53801,False,True,True,True
4120,34397,True,53801,False,True,True,53801,False,True,True,53801,False,True,True,True
4121,34399,True,53801,False,True,True,53801,False,True,True,53801,False,True,True,True
4122,34403,True,53801,False,True,True,53801,False,True,True,53801,False,True,True,True
4123,34414,True,53801,False,True,True,53801,False,True,True,53801,False,True,True,True
4124,34417,True,53801,False,True,True,53801,False,True,True,53801,False,True,True,True
4125,34437,True,53801,False,True,True,53801,False,True,True,53801,False,True,True,True
4126,34455,True,53801,False,True,True,53801,False,True,True,53801,False,True,True,True
4127,34460,True,53801,False,True,True,53801,False,True,True,53801,False,True,True,True
4128,34465,True,53801,False,True,True,53801,False,True,True,53801,False,True,True,True
4128,72644,False,256,False,True,False,256,False,True,False,256,False,True,False,True
4129,34468,True,53801,False,True,True,53801,False,True,True,53801,False,True,True,True
4129,59045,False,256,False,True,False,256,False,True,False,256,False,True,False,True
4130,34474,True,53801,False,True,True,53801,False,True,True,53801,False,True,True,True
4131,34484,True,53801,False,True,True,53801,False,True,True,53801,False,True,True,True
4131,83440,False,256,False,True,False,256,False,True,False,256,False,True,False,True
4132,34499,True,53801,False,True,True,53801,False,True,True,53801,False,True,True,True
4133,34501,True,53801,False,True,True,53801,False,True,True,53801,False,True,True,True
4134,34515,True,53801,False,True,True,53801,False,True,True,53801,False,True,True,True
4135,13399,False,256,False,True,False,256,False,True,False,256,False,True,False,True
4135,34516,True,53801,False,True,True,53801,False,True,True,53801,False,True,True,True
4136,34519,True,53801,False,True,True,53801,False,True,True,53801,False,True,True,True
4137,34524,True,53801,False,True,True,53801,False,True,True,53801,False,True,True,True
4138,34525,True,53801,False,True,True,53801,False,True,True,53801,False,True,True,True
4139,34528,True,53801,False,True,True,53801,False,True,True,53801,False,True,True,True
4140,34532,True,53801,False,True,True,53801,False,True,True,53801,False,True,True,True
4141,34544,True,53801,False,True,True,53801,False,True,True,53801,False,True,True,True
4142,34582,True,53801,False,True,True,53801,False,True,True,53801,False,True,True,True
4143,34585,True,53801,False,True,True,53801,False,True,True,53801,False,True,True,True
4144,34595,True,53801,False,True,True,53801,False,True,True,53801,False,True,True,True
4145,34603,True,53801,False,True,True,53801,False,True,True,53801,False,True,True,True
4146,34604,True,53801,False,True,True,53801,False,True,True,53801,False,True,True,True
4147,34612,True,53801,False,True,True,53801,False,True,True,53801,False,True,True,True
4147,83529,False,256,False,True,False,256,False,True,False,256,False,True,False,True
4148,34621,True,53801,False,True,True,53801,False,True,True,53801,False,True,True,True
4149,34629,True,53801,False,True,True,53801,False,True,True,53801,False,True,True,True
4149,86974,False,256,False,True,False,256,False,True,False,256,False,True,False,True
4150,34632,True,53801,False,True,True,53801,False,True,True,53801,False,True,True,True
4151,34633,True,53801,False,True,True,53801,False,True,True,53801,False,True,True,True
4152,34650,True,53801,False,True,True,53801,False,True,True,53801,False,True,True,True
4153,34654,True,53801,False,True,True,53801,False,True,True,53801,False,True,True,True
4154,34668,True,53801,False,True,True,53801,False,True,True,53801,False,True,True,True
4155,34675,True,53801,False,True,True,53801,False,True,True,53801,False,True,True,True
4156,8047,False,256,False,True,False,256,False,True,False,256,False,True,False,True
4156,34676,True,53801,False,True,True,53801,False,True,True,53801,False,True,True,True
4157,34679,True,53801,False,True,True,53801,False,True,True,53801,False,True,True,True
4158,34685,True,53801,False,True,True,53801,False,True,True,53801,False,True,True,True
4159,34694,True,53801,False,True,True,53801,False,True,True,53801,False,True,True,True
4160,34704,True,53801,False,True,True,53801,False,True,True,53801,False,True,True,True
4161,13525,False,256,False,True,False,256,False,True,False,256,False,True,False,True
4161,34710,True,53801,False,True,True,53801,False,True,True,53801,False,True,True,True
4162,34727,True,53801,False,True,True,53801,False,True,True,53801,False,True,True,True
4163,34741,True,53801,False,True,True,53801,False,True,True,53801,False,True,True,True
4164,34746,True,53801,False,True,True,53801,False,True,True,53801,False,True,True,True
4165,34750,True,53801,False,True,True,53801,False,True,True,53801,False,True,True,True
4166,34765,True,53801,False,True,True,53801,False,True,True,53801,False,True,True,True
4167,34769,True,53801,False,True,True,53801,False,True,True,53801,False,True,True,True
4168,34772,True,53801,False,True,True,53801,False,True,True,53801,False,True,True,True
4169,34783,True,53801,False,True,True,53801,False,True,True,53801,False,True,True,True
4170,34805,True,53801,False,True,True,53801,False,True,True,53801,False,True,True,True
4171,34806,True,53801,False,True,True,53801,False,True,True,53801,False,True,True,True
4172,34812,True,53801,False,True,True,53801,False,True,True,53801,False,True,True,True
4173,34813,True,53801,False,True,True,53801,False,True,True,53801,False,True,True,True
4174,34817,True,53801,False,True,True,53801,False,True,True,53801,False,True,True,True
4175,34833,True,53801,False,True,True,53801,False,True,True,53801,False,True,True,True
4176,34839,True,53801,False,True,True,53801,False,True,True,53801,False,True,True,True
4176,50750,False,256,False,True,False,256,False,True,False,2048,False,True,False,True
4177,34843,True,53801,False,True,True,53801,False,True,True,53801,False,True,True,True
4177,76528,False,256,False,True,False,256,False,True,False,256,False,True,False,True
4177,83702,False,256,False,True,False,256,False,True,False,256,False,True,False,True
4178,34861,True,53801,False,True,True,53801,False,True,True,53801,False,True,True,True
4179,34864,True,53801,False,True,True,53801,False,True,True,53801,False,True,True,True
4180,34868,True,53801,False,True,True,53801,False,True,True,53801,False,True,True,True
4181,34870,True,53801,False,True,True,53801,False,True,True,53801,False,True,True,True
4182,34913,True,53801,False,True,True,53801,False,True,True,53801,False,True,True,True
4183,34925,True,53801,False,True,True,53801,False,True,True,53801,False,True,True,True
4184,34926,True,53801,False,True,True,53801,False,True,True,53801,False,True,True,True
4185,34928,True,53801,False,True,True,53801,False,True,True,53801,False,True,True,True
4186,34936,True,53801,False,True,True,53801,False,True,True,53801,False,True,True,True
4187,34944,True,53801,False,True,True,53801,False,True,True,53801,False,True,True,True
4188,34955,True,53801,False,True,True,53801,False,True,True,53801,False,True,True,True
4189,34966,True,53801,False,True,True,53801,False,True,True,53801,False,True,True,True
4190,34971,True,53801,False,True,True,53801,False,True,True,53801,False,True,True,True
4191,34978,True,53801,False,True,True,53801,False,True,True,53801,False,True,True,True
4192,34979,True,53801,False,True,True,53801,False,True,True,53801,False,True,True,True
4193,34987,True,53801,False,True,True,53801,False,True,True,53801,False,True,True,True
4194,34996,True,53801,False,True,True,53801,False,True,True,53801,False,True,True,True
4195,34999,True,53801,False,True,True,53801,False,True,True,53801,False,True,True,True
4196,35007,True,53801,False,True,True,53801,False,True,True,53801,False,True,True,True
4197,35029,True,53801,False,True,True,53801,False,True,True,53801,False,True,True,True
4198,35032,True,53801,False,True,True,53801,False,True,True,53801,False,True,True,True
4199,35046,True,53801,False,True,True,53801,False,True,True,53801,False,True,True,True
4200,35052,True,53801,False,True,True,53801,False,True,True,53801,False,True,True,True
4201,35056,True,53801,False,True,True,53801,False,True,True,53801,False,True,True,True
4201,55432,False,256,False,True,False,256,False,True,False,256,False,True,False,True
4202,35062,True,53801,False,True,True,53801,False,True,True,53801,False,True,True,True
4203,35065,True,53801,False,True,True,53801,False,True,True,53801,False,True,True,True
4204,35068,True,53801,False,True,True,53801,False,True,True,53801,False,True,True,True
4205,35074,True,53801,False,True,True,53801,False,True,True,53801,False,True,True,True
4206,35081,True,53801,False,True,True,53801,False,True,True,53801,False,True,True,True
4207,35084,True,53801,False,True,True,53801,False,True,True,53801,False,True,True,True
4208,35121,True,53801,False,True,True,53801,False,True,True,53801,False,True,True,True
4209,35127,True,53801,False,True,True,53801,False,True,True,53801,False,True,True,True
4210,35130,True,53801,False,True,True,53801,False,True,True,53801,False,True,True,True
4211,35141,True,53801,False,True,True,53801,False,True,True,53801,False,True,True,True
4212,35142,True,53801,False,True,True,53801,False,True,True,53801,False,True,True,True
4213,35145,True,53801,False,True,True,53801,False,True,True,53801,False,True,True,True
4214,35161,True,53801,False,True,True,53801,False,True,True,53801,False,True,True,True
4215,35172,True,53801,False,True,True,53801,False,True,True,53801,False,True,True,True
4215,67523,False,256,False,True,False,256,False,True,False,256,False,True,False,True
4216,35173,True,53801,False,True,True,53801,False,True,True,53801,False,True,True,True
4217,35182,True,53801,False,True,True,53801,False,True,True,53801,False,True,True,True
4218,35188,True,53801,False,True,True,53801,False,True,True,53801,False,True,True,True
4218,59890,False,256,False,True,False,256,False,True,False,256,False,True,False,True
4219,35189,True,53801,False,True,True,53801,False,True,True,53801,False,True,True,True
4220,35191,True,53801,False,True,True,53801,False,True,True,53801,False,True,True,True
4221,35192,True,53801,False,True,True,53801,False,True,True,53801,False,True,True,True
4222,35205,True,53801,False,True,True,53801,False,True,True,53801,False,True,True,True
4223,35213,True,53801,False,True,True,53801,False,True,True,53801,False,True,True,True
4224,35215,True,53801,False,True,True,53801,False,True,True,53801,False,True,True,True
4225,35231,True,53801,False,True,True,53801,False,True,True,53801,False,True,True,True
4226,35249,True,53801,False,True,True,53801,False,True,True,53801,False,True,True,True
4227,35273,True,53801,False,True,True,53801,False,True,True,53801,False,True,True,True
4228,35317,True,53801,False,True,True,53801,False,True,True,53801,False,True,True,True
4229,35318,True,53801,False,True,True,53801,False,True,True,53801,False,True,True,True
4230,35320,True,53801,False,True,True,53801,False,True,True,53801,False,True,True,True
4230,80438,False,256,False,True,False,256,False,True,False,256,False,True,False,True
4231,35323,True,53801,False,True,True,53801,False,True,True,53801,False,True,True,True
4231,46577,False,256,False,True,False,256,False,True,False,256,False,True,False,True
4232,35325,True,53801,False,True,True,53801,False,True,True,53801,False,True,True,True
4233,35334,True,53801,False,True,True,53801,False,True,True,53801,False,True,True,True
4233,60041,False,256,False,True,False,256,False,True,False,256,False,True,False,True
4234,35338,True,53801,False,True,True,53801,False,True,True,53801,False,True,True,True
4235,35345,True,53801,False,True,True,53801,False,True,True,53801,False,True,True,True
4236,10496,False,256,False,True,False,256,False,True,False,256,False,True,False,True
4236,35357,True,53801,False,True,True,53801,False,True,True,53801,False,True,True,True
4237,35362,True,53801,False,True,True,53801,False,True,True,53801,False,True,True,True
4238,35366,True,53801,False,True,True,53801,False,True,True,53801,False,True,True,True
4239,35373,True,53801,False,True,True,53801,False,True,True,53801,False,True,True,True
4240,35383,True,53801,False,True,True,53801,False,True,True,53801,False,True,True,True
4241,35395,True,53801,False,True,True,53801,False,True,True,53801,False,True,True,True
4242,35408,True,53801,False,True,True,53801,False,True,True,53801,False,True,True,True
4243,35410,True,53801,False,True,True,53801,False,True,True,53801,False,True,True,True
4244,35411,True,53801,False,True,True,53801,False,True,True,53801,False,True,True,True
4245,35413,True,53801,False,True,True,53801,False,True,True,53801,False,True,True,True
4246,35417,True,53801,False,True,True,53801,False,True,True,53801,False,True,True,True
4247,35419,True,53801,False,True,True,53801,False,True,True,53801,False,True,True,True
4248,35427,True,53801,False,True,True,53801,False,True,True,53801,False,True,True,True
4249,35429,True,53801,False,True,True,53801,False,True,True,53801,False,True,True,True
4250,35435,True,53801,False,True,True,53801,False,True,True,53801,False,True,True,True
4251,35463,True,53801,False,True,True,53801,False,True,True,53801,False,True,True,True
4253,35471,True,53801,False,True,True,53801,False,True,True,53801,False,True,True,True
4254,35482,True,53801,False,True,True,53801,False,True,True,53801,False,True,True,True
4255,35499,True,53801,False,True,True,53801,False,True,True,53801,False,True,True,True
4256,35500,True,53801,False,True,True,53801,False,True,True,53801,False,True,True,True
4257,35512,True,53801,False,True,True,53801,False,True,True,53801,False,True,True,True
4257,46725,False,256,False,True,False,256,False,True,False,256,False,True,False,True
4258,35515,True,53801,False,True,True,53801,False,True,True,53801,False,True,True,True
4259,35528,True,53801,False,True,True,53801,False,True,True,53801,False,True,True,True
4260,35531,True,53801,False,True,True,53801,False,True,True,53801,False,True,True,True
4261,35534,True,53801,False,True,True,53801,False,True,True,53801,False,True,True,True
4262,35568,True,53801,False,True,True,53801,False,True,True,53801,False,True,True,True
4262,55729,False,256,False,True,False,256,False,True,False,256,False,True,False,True
4263,35582,True,53801,False,True,True,53801,False,True,True,53801,False,True,True,True
4264,35586,True,53801,False,True,True,53801,False,True,True,53801,False,True,True,True
4265,35591,True,53801,False,True,True,53801,False,True,True,53801,False,True,True,True
4266,35609,True,53801,False,True,True,53801,False,True,True,53801,False,True,True,True
4266,41420,False,256,False,True,False,256,False,True,False,256,False,True,False,True
4267,35612,True,53801,False,True,True,53801,False,True,True,53801,False,True,True,True
4268,35615,True,53801,False,True,True,53801,False,True,True,53801,False,True,True,True
4269,35619,True,53801,False,True,True,53801,False,True,True,53801,False,True,True,True
4270,35621,True,53801,False,True,True,53801,False,True,True,53801,False,True,True,True
4271,35628,True,53801,False,True,True,53801,False,True,True,53801,False,True,True,True
4272,35630,True,53801,False,True,True,53801,False,True,True,53801,False,True,True,True
4273,35642,True,53801,False,True,True,53801,False,True,True,53801,False,True,True,True
4273,41462,False,256,False,True,False,256,False,True,False,256,False,True,False,True
4274,35646,True,53801,False,True,True,53801,False,True,True,53801,False,True,True,True
4274,60398,False,256,False,True,False,256,False,True,False,256,False,True,False,True
4275,35659,True,53801,False,True,True,53801,False,True,True,53801,False,True,True,True
4276,35661,True,53801,False,True,True,53801,False,True,True,53801,False,True,True,True
4277,35716,True,53801,False,True,True,53801,False,True,True,53801,False,True,True,True
4278,35717,True,53801,False,True,True,53801,False,True,True,53801,False,True,True,True
4279,35738,True,53801,False,True,True,53801,False,True,True,53801,False,True,True,True
4280,35739,True,53801,False,True,True,53801,False,True,True,53801,False,True,True,True
4281,35755,True,53801,False,True,True,53801,False,True,True,53801,False,True,True,True
4282,35765,True,53801,False,True,True,53801,False,True,True,53801,False,True,True,True
4282,84292,False,256,False,True,False,256,False,True,False,256,False,True,False,True
4283,35775,True,53801,False,True,True,53801,False,True,True,53801,False,True,True,True
4284,35806,True,53801,False,True,True,53801,False,True,True,53801,False,True,True,True
4285,35821,True,53801,False,True,True,53801,False,True,True,53801,False,True,True,True
4286,35826,True,53801,False,True,True,53801,False,True,True,53801,False,True,True,True
4287,35838,True,53801,False,True,True,53801,False,True,True,53801,False,True,True,True
4288,35854,True,53801,False,True,True,53801,False,True,True,53801,False,True,True,True
4289,35855,True,53801,False,True,True,53801,False,True,True,53801,False,True,True,True
4290,35865,True,53801,False,True,True,53801,False,True,True,53801,False,True,True,True
4291,35871,True,53801,False,True,True,53801,False,True,True,53801,False,True,True,True
4292,35873,True,53801,False,True,True,53801,False,True,True,53801,False,True,True,True
4293,35881,True,53801,False,True,True,53801,False,True,True,53801,False,True,True,True
4293,55920,False,256,False,True,False,256,False,True,False,256,False,True,False,True
4294,35887,True,53801,False,True,True,53801,False,True,True,53801,False,True,True,True
4295,35889,True,53801,False,True,True,53801,False,True,True,53801,False,True,True,True
4296,35901,True,53801,False,True,True,53801,False,True,True,53801,False,True,True,True
4297,35903,True,53801,False,True,True,53801,False,True,True,53801,False,True,True,True
4298,35913,True,53801,False,True,True,53801,False,True,True,53801,False,True,True,True
4299,35914,True,53801,False,True,True,53801,False,True,True,53801,False,True,True,True
4299,55941,False,256,False,True,False,256,False,True,False,256,False,True,False,True
4300,35920,True,53801,False,True,True,53801,False,True,True,53801,False,True,True,True
4301,35925,True,53801,False,True,True,53801,False,True,True,53801,False,True,True,True
4302,35931,True,53801,False,True,True,53801,False,True,True,53801,False,True,True,True
4303,35939,True,53801,False,True,True,53801,False,True,True,53801,False,True,True,True
4304,35945,True,53801,False,True,True,53801,False,True,True,53801,False,True,True,True
4304,70474,False,256,False,True,False,256,False,True,False,256,False,True,False,True
4305,35948,True,53801,False,True,True,53801,False,True,True,53801,False,True,True,True
4306,35953,True,53801,False,True,True,53801,False,True,True,53801,False,True,True,True
4307,35956,True,53801,False,True,True,53801,False,True,True,53801,False,True,True,True
4308,35958,True,53801,False,True,True,53801,False,True,True,53801,False,True,True,True
4309,35964,True,53801,False,True,True,53801,False,True,True,53801,False,True,True,True
4310,35972,True,53801,False,True,True,53801,False,True,True,53801,False,True,True,True
4311,35978,True,53801,False,True,True,53801,False,True,True,53801,False,True,True,True
4312,35981,True,53801,False,True,True,53801,False,True,True,53801,False,True,True,True
4313,35985,True,53801,False,True,True,53801,False,True,True,53801,False,True,True,True
4314,35994,True,53801,False,True,True,53801,False,True,True,53801,False,True,True,True
4314,47135,False,256,False,True,False,256,False,True,False,256,False,True,False,True
4315,36008,True,53801,False,True,True,53801,False,True,True,53801,False,True,True,True
4316,36018,True,53801,False,True,True,53801,False,True,True,53801,False,True,True,True
4317,36030,True,53801,False,True,True,53801,False,True,True,53801,False,True,True,True
4318,36045,True,53801,False,True,True,53801,False,True,True,53801,False,True,True,True
4319,36054,True,53801,False,True,True,53801,False,True,True,53801,False,True,True,True
4320,36063,True,53801,False,True,True,53801,False,True,True,53801,False,True,True,True
4321,36067,True,53801,False,True,True,53801,False,True,True,53801,False,True,True,True
4322,36068,True,53801,False,True,True,53801,False,True,True,53801,False,True,True,True
4323,36075,True,53801,False,True,True,53801,False,True,True,53801,False,True,True,True
4324,36102,True,53801,False,True,True,53801,False,True,True,53801,False,True,True,True
4325,36103,True,53801,False,True,True,53801,False,True,True,53801,False,True,True,True
4326,36110,True,53801,False,True,True,53801,False,True,True,53801,False,True,True,True
4327,36130,True,53801,False,True,True,53801,False,True,True,53801,False,True,True,True
4328,36132,True,53801,False,True,True,53801,False,True,True,53801,False,True,True,True
4329,36138,True,53801,False,True,True,53801,False,True,True,53801,False,True,True,True
4329,73793,False,256,False,True,False,256,False,True,False,256,False,True,False,True
4330,32775,False,256,False,True,False,256,False,True,False,256,False,True,False,True
4330,36146,True,53801,False,True,True,53801,False,True,True,53801,False,True,True,True
4331,36147,True,53801,False,True,True,53801,False,True,True,53801,False,True,True,True
4332,36155,True,53801,False,True,True,53801,False,True,True,53801,False,True,True,True
4333,36156,True,53801,False,True,True,53801,False,True,True,53801,False,True,True,True
4334,36157,True,53801,False,True,True,53801,False,True,True,53801,False,True,True,True
4335,36174,True,53801,False,True,True,53801,False,True,True,53801,False,True,True,True
4336,36188,True,53801,False,True,True,53801,False,True,True,53801,False,True,True,True
4337,36189,True,53801,False,True,True,53801,False,True,True,53801,False,True,True,True
4338,36190,True,53801,False,True,True,53801,False,True,True,53801,False,True,True,True
4339,36191,True,53801,False,True,True,53801,False,True,True,53801,False,True,True,True
4340,36206,True,53801,False,True,True,53801,False,True,True,53801,False,True,True,True
4341,36213,True,53801,False,True,True,53801,False,True,True,53801,False,True,True,True
4342,36222,True,53801,False,True,True,53801,False,True,True,53801,False,True,True,True
4343,36233,True,53801,False,True,True,53801,False,True,True,53801,False,True,True,True
4344,36253,True,53801,False,True,True,53801,False,True,True,53801,False,True,True,True
4345,36256,True,53801,False,True,True,53801,False,True,True,53801,False,True,True,True
4346,36262,True,53801,False,True,True,53801,False,True,True,53801,False,True,True,True
4347,36280,True,53801,False,True,True,53801,False,True,True,53801,False,True,True,True
4348,36283,True,53801,False,True,True,53801,False,True,True,53801,False,True,True,True
4349,36306,True,53801,False,True,True,53801,False,True,True,53801,False,True,True,True
4350,36308,True,53801,False,True,True,53801,False,True,True,53801,False,True,True,True
4351,36324,True,53801,False,True,True,53801,False,True,True,53801,False,True,True,True
4352,36332,True,53801,False,True,True,53801,False,True,True,53801,False,True,True,True
4353,36345,True,53801,False,True,True,53801,False,True,True,53801,False,True,True,True
4354,36346,True,53801,False,True,True,53801,False,True,True,53801,False,True,True,True
4355,36348,True,53801,False,True,True,53801,False,True,True,53801,False,True,True,True
4356,36355,True,53801,False,True,True,53801,False,True,True,53801,False,True,True,True
4357,36362,True,53801,False,True,True,53801,False,True,True,53801,False,True,True,True
4358,36368,True,53801,False,True,True,53801,False,True,True,53801,False,True,True,True
4359,36387,True,53801,False,True,True,53801,False,True,True,53801,False,True,True,True
4360,36392,True,53801,False,True,True,53801,False,True,True,53801,False,True,True,True
4361,36409,True,53801,False,True,True,53801,False,True,True,53801,False,True,True,True
4362,36418,True,53801,False,True,True,53801,False,True,True,53801,False,True,True,True
4363,36419,True,53801,False,True,True,53801,False,True,True,53801,False,True,True,True
4364,36439,True,53801,False,True,True,53801,False,True,True,53801,False,True,True,True
4365,36447,True,53801,False,True,True,53801,False,True,True,53801,False,True,True,True
4366,36452,True,53801,False,True,True,53801,False,True,True,53801,False,True,True,True
4367,36473,True,53801,False,True,True,53801,False,True,True,53801,False,True,True,True
4368,36481,True,53801,False,True,True,53801,False,True,True,53801,False,True,True,True
4369,36487,True,53801,False,True,True,53801,False,True,True,53801,False,True,True,True
4369,84755,False,256,False,True,False,256,False,True,False,256,False,True,False,True
4370,36491,True,53801,False,True,True,53801,False,True,True,53801,False,True,True,True
4371,36499,True,53801,False,True,True,53801,False,True,True,53801,False,True,True,True
4372,36501,True,53801,False,True,True,53801,False,True,True,53801,False,True,True,True
4372,47554,False,256,False,True,False,256,False,True,False,256,False,True,False,True
4373,36504,True,53801,False,True,True,53801,False,True,True,53801,False,True,True,True
4374,36511,True,53801,False,True,True,53801,False,True,True,53801,False,True,True,True
4375,36518,True,53801,False,True,True,53801,False,True,True,53801,False,True,True,True
4376,36523,True,53801,False,True,True,53801,False,True,True,53801,False,True,True,True
4377,36528,True,53801,False,True,True,53801,False,True,True,53801,False,True,True,True
4378,36536,True,53801,False,True,True,53801,False,True,True,53801,False,True,True,True
4379,36544,True,53801,False,True,True,53801,False,True,True,53801,False,True,True,True
4380,36551,True,53801,False,True,True,53801,False,True,True,53801,False,True,True,True
4381,36559,True,53801,False,True,True,53801,False,True,True,53801,False,True,True,True
4382,36568,True,53801,False,True,True,53801,False,True,True,53801,False,True,True,True
4383,36570,True,53801,False,True,True,53801,False,True,True,53801,False,True,True,True
4384,36574,True,53801,False,True,True,53801,False,True,True,53801,False,True,True,True
4385,36585,True,53801,False,True,True,53801,False,True,True,53801,False,True,True,True
4386,36591,True,53801,False,True,True,53801,False,True,True,53801,False,True,True,True
4387,36607,True,53801,False,True,True,53801,False,True,True,53801,False,True,True,True
4388,36616,True,53801,False,True,True,53801,False,True,True,53801,False,True,True,True
4388,74085,False,256,False,True,False,256,False,True,False,256,False,True,False,True
4389,36631,True,53801,False,True,True,53801,False,True,True,53801,False,True,True,True
4390,36639,True,53801,False,True,True,53801,False,True,True,53801,False,True,True,True
4391,36641,True,53801,False,True,True,53801,False,True,True,53801,False,True,True,True
4392,36656,True,53801,False,True,True,53801,False,True,True,53801,False,True,True,True
4393,36667,True,53801,False,True,True,53801,False,True,True,53801,False,True,True,True
4394,36672,True,53801,False,True,True,53801,False,True,True,53801,False,True,True,True
4394,70839,False,256,False,True,False,256,False,True,False,256,False,True,False,True
4395,24002,False,256,False,True,False,256,False,True,False,256,False,True,False,True
4395,36679,True,53801,False,True,True,53801,False,True,True,53801,False,True,True,True
4396,36680,True,53801,False,True,True,53801,False,True,True,53801,False,True,True,True
4397,36686,True,53801,False,True,True,53801,False,True,True,53801,False,True,True,True
4398,36720,True,53801,False,True,True,53801,False,True,True,53801,False,True,True,True
4399,36738,True,53801,False,True,True,53801,False,True,True,53801,False,True,True,True
4400,36744,True,53801,False,True,True,53801,False,True,True,53801,False,True,True,True
4401,36749,True,53801,False,True,True,53801,False,True,True,53801,False,True,True,True
4402,36768,True,53801,False,True,True,53801,False,True,True,53801,False,True,True,True
4403,36774,True,53801,False,True,True,53801,False,True,True,53801,False,True,True,True
4404,36775,True,53801,False,True,True,53801,False,True,True,53801,False,True,True,True
4405,36802,True,53801,False,True,True,53801,False,True,True,53801,False,True,True,True
4406,36804,True,53801,False,True,True,53801,False,True,True,53801,False,True,True,True
4407,36806,True,53801,False,True,True,53801,False,True,True,53801,False,True,True,True
4408,36808,True,53801,False,True,True,53801,False,True,True,53801,False,True,True,True
4408,70892,False,256,False,True,False,256,False,True,False,256,False,True,False,True
4409,36809,True,53801,False,True,True,53801,False,True,True,53801,False,True,True,True
4410,36816,True,53801,False,True,True,53801,False,True,True,53801,False,True,True,True
4411,36819,True,53801,False,True,True,53801,False,True,True,53801,False,True,True,True
4412,36833,True,53801,False,True,True,53801,False,True,True,53801,False,True,True,True
4413,36839,True,53801,False,True,True,53801,False,True,True,53801,False,True,True,True
4414,36844,True,53801,False,True,True,53801,False,True,True,53801,False,True,True,True
4415,36855,True,53801,False,True,True,53801,False,True,True,53801,False,True,True,True
4416,8624,False,256,False,True,False,256,False,True,False,256,False,True,False,True
4416,36864,True,53801,False,True,True,53801,False,True,True,53801,False,True,True,True
4417,36868,True,53801,False,True,True,53801,False,True,True,53801,False,True,True,True
4418,36886,True,53801,False,True,True,53801,False,True,True,53801,False,True,True,True
4419,36890,True,53801,False,True,True,53801,False,True,True,53801,False,True,True,True
4420,36896,True,53801,False,True,True,53801,False,True,True,53801,False,True,True,True
4421,36908,True,53801,False,True,True,53801,False,True,True,53801,False,True,True,True
4422,36925,True,53801,False,True,True,53801,False,True,True,53801,False,True,True,True
4423,36928,True,53801,False,True,True,53801,False,True,True,53801,False,True,True,True
4424,36941,True,53801,False,True,True,53801,False,True,True,53801,False,True,True,True
4425,36948,True,53801,False,True,True,53801,False,True,True,53801,False,True,True,True
4426,36956,True,53801,False,True,True,53801,False,True,True,53801,False,True,True,True
4427,36958,True,53801,False,True,True,53801,False,True,True,53801,False,True,True,True
4427,85048,False,256,False,True,False,256,False,True,False,256,False,True,False,True
4428,24182,False,256,False,True,False,256,False,True,False,256,False,True,False,True
4428,36970,True,53801,False,True,True,53801,False,True,True,53801,False,True,True,True
4429,36984,True,53801,False,True,True,53801,False,True,True,53801,False,True,True,True
4430,36985,True,53801,False,True,True,53801,False,True,True,53801,False,True,True,True
4431,36995,True,53801,False,True,True,53801,False,True,True,53801,False,True,True,True
4432,37010,True,53801,False,True,True,53801,False,True,True,53801,False,True,True,True
4432,81472,False,256,False,True,False,256,False,True,False,256,False,True,False,True
4433,37020,True,53801,False,True,True,53801,False,True,True,53801,False,True,True,True
4434,37030,True,53801,False,True,True,53801,False,True,True,53801,False,True,True,True
4435,37048,True,53801,False,True,True,53801,False,True,True,53801,False,True,True,True
4436,37064,True,53801,False,True,True,53801,False,True,True,53801,False,True,True,True
4437,37077,True,53801,False,True,True,53801,False,True,True,53801,False,True,True,True
4438,37080,True,53801,False,True,True,53801,False,True,True,53801,False,True,True,True
4439,37088,True,53801,False,True,True,53801,False,True,True,53801,False,True,True,True
4440,37120,True,53801,False,True,True,53801,False,True,True,53801,False,True,True,True
4441,37131,True,53801,False,True,True,53801,False,True,True,53801,False,True,True,True
4442,37152,True,53801,False,True,True,53801,False,True,True,53801,False,True,True,True
4443,37201,True,53801,False,True,True,53801,False,True,True,53801,False,True,True,True
4444,37203,True,53801,False,True,True,53801,False,True,True,53801,False,True,True,True
4445,37215,True,53801,False,True,True,53801,False,True,True,53801,False,True,True,True
4445,74456,False,256,False,True,False,256,False,True,False,256,False,True,False,True
4446,37226,True,53801,False,True,True,53801,False,True,True,53801,False,True,True,True
4447,37229,True,53801,False,True,True,53801,False,True,True,53801,False,True,True,True
4447,88383,False,256,False,True,False,256,False,True,False,256,False,True,False,True
4448,37230,True,53801,False,True,True,53801,False,True,True,53801,False,True,True,True
4449,37232,True,53801,False,True,True,53801,False,True,True,53801,False,True,True,True
4450,37241,True,53801,False,True,True,53801,False,True,True,53801,False,True,True,True
4451,37242,True,53801,False,True,True,53801,False,True,True,53801,False,True,True,True
4452,37250,True,53801,False,True,True,53801,False,True,True,53801,False,True,True,True
4453,37254,True,53801,False,True,True,53801,False,True,True,53801,False,True,True,True
4453,65864,False,256,False,True,False,256,False,True,False,256,False,True,False,True
4454,37262,True,53801,False,True,True,53801,False,True,True,53801,False,True,True,True
4455,37265,True,53801,False,True,True,53801,False,True,True,53801,False,True,True,True
4455,62180,False,256,False,True,False,256,False,True,False,256,False,True,False,True
4456,37287,True,53801,False,True,True,53801,False,True,True,53801,False,True,True,True
4457,37295,True,53801,False,True,True,53801,False,True,True,53801,False,True,True,True
4458,37306,True,53801,False,True,True,53801,False,True,True,53801,False,True,True,True
4459,37309,True,53801,False,True,True,53801,False,True,True,53801,False,True,True,True
4460,37311,True,53801,False,True,True,53801,False,True,True,53801,False,True,True,True
4461,37317,True,53801,False,True,True,53801,False,True,True,53801,False,True,True,True
4462,37330,True,53801,False,True,True,53801,False,True,True,53801,False,True,True,True
4463,37343,True,53801,False,True,True,53801,False,True,True,53801,False,True,True,True
4464,37356,True,53801,False,True,True,53801,False,True,True,53801,False,True,True,True
4465,37357,True,53801,False,True,True,53801,False,True,True,53801,False,True,True,True
4466,37368,True,53801,False,True,True,53801,False,True,True,53801,False,True,True,True
4467,37385,True,53801,False,True,True,53801,False,True,True,53801,False,True,True,True
4468,37394,True,53801,False,True,True,53801,False,True,True,53801,False,True,True,True
4469,37397,True,53801,False,True,True,53801,False,True,True,53801,False,True,True,True
4470,37398,True,53801,False,True,True,53801,False,True,True,53801,False,True,True,True
4471,37400,True,53801,False,True,True,53801,False,True,True,53801,False,True,True,True
4472,37402,True,53801,False,True,True,53801,False,True,True,53801,False,True,True,True
4473,37408,True,53801,False,True,True,53801,False,True,True,53801,False,True,True,True
4474,37414,True,53801,False,True,True,53801,False,True,True,53801,False,True,True,True
4476,37433,True,53801,False,True,True,53801,False,True,True,53801,False,True,True,True
4477,37436,True,53801,False,True,True,53801,False,True,True,53801,False,True,True,True
4478,37438,True,53801,False,True,True,53801,False,True,True,53801,False,True,True,True
4479,37448,True,53801,False,True,True,53801,False,True,True,53801,False,True,True,True
4480,37454,True,53801,False,True,True,53801,False,True,True,53801,False,True,True,True
4481,37463,True,53801,False,True,True,53801,False,True,True,53801,False,True,True,True
4482,37475,True,53801,False,True,True,53801,False,True,True,53801,False,True,True,True
4483,37486,True,53801,False,True,True,53801,False,True,True,53801,False,True,True,True
4484,17866,False,256,False,True,False,256,False,True,False,256,False,True,False,True
4484,37505,True,53801,False,True,True,53801,False,True,True,53801,False,True,True,True
4485,37513,True,53801,False,True,True,53801,False,True,True,53801,False,True,True,True
4486,37515,True,53801,False,True,True,53801,False,True,True,53801,False,True,True,True
4487,37526,True,53801,False,True,True,53801,False,True,True,53801,False,True,True,True
4488,37546,True,53801,False,True,True,53801,False,True,True,53801,False,True,True,True
4489,37550,True,53801,False,True,True,53801,False,True,True,53801,False,True,True,True
4489,48364,False,256,False,True,False,256,False,True,False,256,False,True,False,True
4490,37591,True,53801,False,True,True,53801,False,True,True,53801,False,True,True,True
4492,37600,True,53801,False,True,True,53801,False,True,True,53801,False,True,True,True
4493,37604,True,53801,False,True,True,53801,False,True,True,53801,False,True,True,True
4493,43513,False,256,False,True,False,256,False,True,False,256,False,True,False,True
4494,37611,True,53801,False,True,True,53801,False,True,True,53801,False,True,True,True
4495,37616,True,53801,False,True,True,53801,False,True,True,53801,False,True,True,True
4496,37636,True,53801,False,True,True,53801,False,True,True,53801,False,True,True,True
4497,37638,True,53801,False,True,True,53801,False,True,True,53801,False,True,True,True
4498,37644,True,53801,False,True,True,53801,False,True,True,53801,False,True,True,True
4499,37651,True,53801,False,True,True,53801,False,True,True,53801,False,True,True,True
4500,37674,True,53801,False,True,True,53801,False,True,True,53801,False,True,True,True
4501,37675,True,53801,False,True,True,53801,False,True,True,53801,False,True,True,True
4502,37676,True,53801,False,True,True,53801,False,True,True,53801,False,True,True,True
4503,37701,True,53801,False,True,True,53801,False,True,True,53801,False,True,True,True
4504,37705,True,53801,False,True,True,53801,False,True,True,53801,False,True,True,True
4505,37709,True,53801,False,True,True,53801,False,True,True,53801,False,True,True,True
4506,37716,True,53801,False,True,True,53801,False,True,True,53801,False,True,True,True
4507,37719,True,53801,False,True,True,53801,False,True,True,53801,False,True,True,True
4508,37721,True,53801,False,True,True,53801,False,True,True,53801,False,True,True,True
4509,11866,False,256,False,True,False,256,False,True,False,256,False,True,False,True
4509,37724,True,53801,False,True,True,53801,False,True,True,53801,False,True,True,True
4510,17912,False,256,False,True,False,256,False,True,False,256,False,True,False,True
4510,37730,True,53801,False,True,True,53801,False,True,True,53801,False,True,True,True
4511,37741,True,53801,False,True,True,53801,False,True,True,53801,False,True,True,True
4512,37769,True,53801,False,True,True,53801,False,True,True,53801,False,True,True,True
4513,37793,True,53801,False,True,True,53801,False,True,True,53801,False,True,True,True
4514,37804,True,53801,False,True,True,53801,False,True,True,53801,False,True,True,True
4515,37809,True,53801,False,True,True,53801,False,True,True,53801,False,True,True,True
4516,37820,True,53801,False,True,True,53801,False,True,True,53801,False,True,True,True
4516,57115,False,256,False,True,False,256,False,True,False,256,False,True,False,True
4517,37821,True,53801,False,True,True,53801,False,True,True,53801,False,True,True,True
4518,37830,True,53801,False,True,True,53801,False,True,True,53801,False,True,True,True
4519,37844,True,53801,False,True,True,53801,False,True,True,53801,False,True,True,True
4520,37857,True,53801,False,True,True,53801,False,True,True,53801,False,True,True,True
4521,37863,True,53801,False,True,True,53801,False,True,True,53801,False,True,True,True
4522,37889,True,53801,False,True,True,53801,False,True,True,53801,False,True,True,True
4523,33077,False,256,False,True,False,256,False,True,False,256,False,True,False,True
4523,37890,True,53801,False,True,True,53801,False,True,True,53801,False,True,True,True
4524,37892,True,53801,False,True,True,53801,False,True,True,53801,False,True,True,True
4524,82025,False,256,False,True,False,256,False,True,False,256,False,True,False,True
4525,37907,True,53801,False,True,True,53801,False,True,True,53801,False,True,True,True
4526,37908,True,53801,False,True,True,53801,False,True,True,53801,False,True,True,True
4527,37915,True,53801,False,True,True,53801,False,True,True,53801,False,True,True,True
4528,37928,True,53801,False,True,True,53801,False,True,True,53801,False,True,True,True
4528,62903,False,256,False,True,False,256,False,True,False,256,False,True,False,True
4529,37945,True,53801,False,True,True,53801,False,True,True,53801,False,True,True,True
4530,37950,True,53801,False,True,True,53801,False,True,True,53801,False,True,True,True
4531,37957,True,53801,False,True,True,53801,False,True,True,53801,False,True,True,True
4532,37969,True,53801,False,True,True,53801,False,True,True,53801,False,True,True,True
4533,37978,True,53801,False,True,True,53801,False,True,True,53801,False,True,True,True
4534,26830,False,256,False,True,False,256,False,True,False,256,False,True,False,True
4534,37982,True,53801,False,True,True,53801,False,True,True,53801,False,True,True,True
4535,37992,True,53801,False,True,True,53801,False,True,True,53801,False,True,True,True
4536,38009,True,53801,False,True,True,53801,False,True,True,53801,False,True,True,True
4537,38021,True,53801,False,True,True,53801,False,True,True,53801,False,True,True,True
4538,38026,True,53801,False,True,True,53801,False,True,True,53801,False,True,True,True
4539,38030,True,53801,False,True,True,53801,False,True,True,53801,False,True,True,True
4540,38038,True,53801,False,True,True,53801,False,True,True,53801,False,True,True,True
4541,38049,True,53801,False,True,True,53801,False,True,True,53801,False,True,True,True
4541,48778,False,256,False,True,False,256,False,True,False,256,False,True,False,True
4542,38066,True,53801,False,True,True,53801,False,True,True,53801,False,True,True,True
4543,38072,True,53801,False,True,True,53801,False,True,True,53801,False,True,True,True
4544,38083,True,53801,False,True,True,53801,False,True,True,53801,False,True,True,True
4545,38088,True,53801,False,True,True,53801,False,True,True,53801,False,True,True,True
4546,38090,True,53801,False,True,True,53801,False,True,True,53801,False,True,True,True
4546,85752,False,256,False,True,False,256,False,True,False,256,False,True,False,True
4547,38095,True,53801,False,True,True,53801,False,True,True,53801,False,True,True,True
4548,38097,True,53801,False,True,True,53801,False,True,True,53801,False,True,True,True
4549,38102,True,53801,False,True,True,53801,False,True,True,53801,False,True,True,True
4550,38106,True,53801,False,True,True,53801,False,True,True,53801,False,True,True,True
4551,38110,True,53801,False,True,True,53801,False,True,True,53801,False,True,True,True
4552,38122,True,53801,False,True,True,53801,False,True,True,53801,False,True,True,True
4553,38127,True,53801,False,True,True,53801,False,True,True,53801,False,True,True,True
4554,38132,True,53801,False,True,True,53801,False,True,True,53801,False,True,True,True
4555,38137,True,53801,False,True,True,53801,False,True,True,53801,False,True,True,True
4556,38142,True,53801,False,True,True,53801,False,True,True,53801,False,True,True,True
4557,38147,True,53801,False,True,True,53801,False,True,True,53801,False,True,True,True
4558,38152,True,53801,False,True,True,53801,False,True,True,53801,False,True,True,True
4559,38153,True,53801,False,True,True,53801,False,True,True,53801,False,True,True,True
4560,38156,True,53801,False,True,True,53801,False,True,True,53801,False,True,True,True
4561,38157,True,53801,False,True,True,53801,False,True,True,53801,False,True,True,True
4562,38167,True,53801,False,True,True,53801,False,True,True,53801,False,True,True,True
4563,38177,True,53801,False,True,True,53801,False,True,True,53801,False,True,True,True
4563,48881,False,256,False,True,False,256,False,True,False,256,False,True,False,True
4564,38203,True,53801,False,True,True,53801,False,True,True,53801,False,True,True,True
4565,38207,True,53801,False,True,True,53801,False,True,True,53801,False,True,True,True
4566,38213,True,53801,False,True,True,53801,False,True,True,53801,False,True,True,True
4567,38228,True,53801,False,True,True,53801,False,True,True,53801,False,True,True,True
4568,38244,True,53801,False,True,True,53801,False,True,True,53801,False,True,True,True
4569,38263,True,53801,False,True,True,53801,False,True,True,53801,False,True,True,True
4570,38266,True,53801,False,True,True,53801,False,True,True,53801,False,True,True,True
4571,38290,True,53801,False,True,True,53801,False,True,True,53801,False,True,True,True
4572,38299,True,53801,False,True,True,53801,False,True,True,53801,False,True,True,True
4573,38310,True,53801,False,True,True,53801,False,True,True,53801,False,True,True,True
4574,38319,True,53801,False,True,True,53801,False,True,True,53801,False,True,True,True
4575,38328,True,53801,False,True,True,53801,False,True,True,53801,False,True,True,True
4576,38345,True,53801,False,True,True,53801,False,True,True,53801,False,True,True,True
4577,38354,True,53801,False,True,True,53801,False,True,True,53801,False,True,True,True
4578,38364,True,53801,False,True,True,53801,False,True,True,53801,False,True,True,True
4579,38366,True,53801,False,True,True,53801,False,True,True,53801,False,True,True,True
4580,38377,True,53801,False,True,True,53801,False,True,True,53801,False,True,True,True
4581,38387,True,53801,False,True,True,53801,False,True,True,53801,False,True,True,True
4582,38401,True,53801,False,True,True,53801,False,True,True,53801,False,True,True,True
4583,38403,True,53801,False,True,True,53801,False,True,True,53801,False,True,True,True
4584,38424,True,53801,False,True,True,53801,False,True,True,53801,False,True,True,True
4585,38429,True,53801,False,True,True,53801,False,True,True,53801,False,True,True,True
4586,38431,True,53801,False,True,True,53801,False,True,True,53801,False,True,True,True
4587,38439,True,53801,False,True,True,53801,False,True,True,53801,False,True,True,True
4588,38459,True,53801,False,True,True,53801,False,True,True,53801,False,True,True,True
4589,38463,True,53801,False,True,True,53801,False,True,True,53801,False,True,True,True
4590,38466,True,53801,False,True,True,53801,False,True,True,53801,False,True,True,True
4591,38474,True,53801,False,True,True,53801,False,True,True,53801,False,True,True,True
4592,38477,True,53801,False,True,True,53801,False,True,True,53801,False,True,True,True
4593,38492,True,53801,False,True,True,53801,False,True,True,53801,False,True,True,True
4594,38495,True,53801,False,True,True,53801,False,True,True,53801,False,True,True,True
4595,38500,True,53801,False,True,True,53801,False,True,True,53801,False,True,True,True
4596,38508,True,53801,False,True,True,53801,False,True,True,53801,False,True,True,True
4597,38516,True,53801,False,True,True,53801,False,True,True,53801,False,True,True,True
4598,38534,True,53801,False,True,True,53801,False,True,True,53801,False,True,True,True
4598,44557,False,256,False,True,False,256,False,True,False,256,False,True,False,True
4599,38540,True,53801,False,True,True,53801,False,True,True,53801,False,True,True,True
4600,30966,False,256,False,True,False,256,False,True,False,256,False,True,False,True
4600,38550,True,53801,False,True,True,53801,False,True,True,53801,False,True,True,True
4600,44581,False,256,False,True,False,256,False,True,False,256,False,True,False,True
4600,86078,False,256,False,True,False,256,False,True,False,256,False,True,False,True
4601,38556,True,53801,False,True,True,53801,False,True,True,53801,False,True,True,True
4602,38557,True,53801,False,True,True,53801,False,True,True,53801,False,True,True,True
4603,38563,True,53801,False,True,True,53801,False,True,True,53801,False,True,True,True
4604,32179,False,256,False,True,False,256,False,True,False,256,False,True,False,True
4604,38583,True,53801,False,True,True,53801,False,True,True,53801,False,True,True,True
4605,1622,False,256,False,True,False,256,False,True,False,256,False,True,False,True
4605,38591,True,53801,False,True,True,53801,False,True,True,53801,False,True,True,True
4605,57631,False,256,False,True,False,256,False,True,False,256,False,True,False,True
4606,38598,True,53801,False,True,True,53801,False,True,True,53801,False,True,True,True
4607,38600,True,53801,False,True,True,53801,False,True,True,53801,False,True,True,True
4608,38608,True,53801,False,True,True,53801,False,True,True,53801,False,True,True,True
4609,38629,True,53801,False,True,True,53801,False,True,True,53801,False,True,True,True
4610,38655,True,53801,False,True,True,53801,False,True,True,53801,False,True,True,True
4611,38659,True,53801,False,True,True,53801,False,True,True,53801,False,True,True,True
4612,38663,True,53801,False,True,True,53801,False,True,True,53801,False,True,True,True
4613,38671,True,53801,False,True,True,53801,False,True,True,53801,False,True,True,True
4614,38690,True,53801,False,True,True,53801,False,True,True,53801,False,True,True,True
4614,89189,False,256,False,True,False,256,False,True,False,256,False,True,False,True
4615,38704,True,53801,False,True,True,53801,False,True,True,53801,False,True,True,True
4616,38720,True,53801,False,True,True,53801,False,True,True,53801,False,True,True,True
4617,38725,True,53801,False,True,True,53801,False,True,True,53801,False,True,True,True
4618,38730,True,53801,False,True,True,53801,False,True,True,53801,False,True,True,True
4618,44759,False,256,False,True,False,256,False,True,False,256,False,True,False,True
4619,38734,True,53801,False,True,True,53801,False,True,True,53801,False,True,True,True
4620,38762,True,53801,False,True,True,53801,False,True,True,53801,False,True,True,True
4621,38765,True,53801,False,True,True,53801,False,True,True,53801,False,True,True,True
4622,38767,True,53801,False,True,True,53801,False,True,True,53801,False,True,True,True
4622,79089,False,256,False,True,False,256,False,True,False,256,False,True,False,True
4623,38784,True,53801,False,True,True,53801,False,True,True,53801,False,True,True,True
4624,38788,True,53801,False,True,True,53801,False,True,True,53801,False,True,True,True
4625,38792,True,53801,False,True,True,53801,False,True,True,53801,False,True,True,True
4626,38796,True,53801,False,True,True,53801,False,True,True,53801,False,True,True,True
4627,38805,True,53801,False,True,True,53801,False,True,True,53801,False,True,True,True
4628,38823,True,53801,False,True,True,53801,False,True,True,53801,False,True,True,True
4629,38826,True,53801,False,True,True,53801,False,True,True,53801,False,True,True,True
4630,38841,True,53801,False,True,True,53801,False,True,True,53801,False,True,True,True
4631,38843,True,53801,False,True,True,53801,False,True,True,53801,False,True,True,True
4632,38862,True,53801,False,True,True,53801,False,True,True,53801,False,True,True,True
4633,38887,True,53801,False,True,True,53801,False,True,True,53801,False,True,True,True
4634,38907,True,53801,False,True,True,53801,False,True,True,53801,False,True,True,True
4635,38916,True,53801,False,True,True,53801,False,True,True,53801,False,True,True,True
4636,38931,True,53801,False,True,True,53801,False,True,True,53801,False,True,True,True
4637,38957,True,53801,False,True,True,53801,False,True,True,53801,False,True,True,True
4638,38958,True,53801,False,True,True,53801,False,True,True,53801,False,True,True,True
4639,38965,True,53801,False,True,True,53801,False,True,True,53801,False,True,True,True
4640,38975,True,53801,False,True,True,53801,False,True,True,53801,False,True,True,True
4641,38980,True,53801,False,True,True,53801,False,True,True,53801,False,True,True,True
4642,38985,True,53801,False,True,True,53801,False,True,True,53801,False,True,True,True
4643,38997,True,53801,False,True,True,53801,False,True,True,53801,False,True,True,True
4644,39000,True,53801,False,True,True,53801,False,True,True,53801,False,True,True,True
4645,39002,True,53801,False,True,True,53801,False,True,True,53801,False,True,True,True
4646,39006,True,53801,False,True,True,53801,False,True,True,53801,False,True,True,True
4647,39012,True,53801,False,True,True,53801,False,True,True,53801,False,True,True,True
4648,39013,True,53801,False,True,True,53801,False,True,True,53801,False,True,True,True
4649,39017,True,53801,False,True,True,53801,False,True,True,53801,False,True,True,True
4650,39019,True,53801,False,True,True,53801,False,True,True,53801,False,True,True,True
4652,39027,True,53801,False,True,True,53801,False,True,True,53801,False,True,True,True
4653,39030,True,53801,False,True,True,53801,False,True,True,53801,False,True,True,True
4654,39031,True,53801,False,True,True,53801,False,True,True,53801,False,True,True,True
4655,39033,True,53801,False,True,True,53801,False,True,True,53801,False,True,True,True
4656,39045,True,53801,False,True,True,53801,False,True,True,53801,False,True,True,True
4657,39046,True,53801,False,True,True,53801,False,True,True,53801,False,True,True,True
4658,39053,True,53801,False,True,True,53801,False,True,True,53801,False,True,True,True
4659,39063,True,53801,False,True,True,53801,False,True,True,53801,False,True,True,True
4660,39064,True,53801,False,True,True,53801,False,True,True,53801,False,True,True,True
4661,9311,False,256,False,True,False,256,False,True,False,256,False,True,False,True
4661,39075,True,53801,False,True,True,53801,False,True,True,53801,False,True,True,True
4662,39076,True,53801,False,True,True,53801,False,True,True,53801,False,True,True,True
4663,39094,True,53801,False,True,True,53801,False,True,True,53801,False,True,True,True
4664,39116,True,53801,False,True,True,53801,False,True,True,53801,False,True,True,True
4665,39143,True,53801,False,True,True,53801,False,True,True,53801,False,True,True,True
4666,39151,True,53801,False,True,True,53801,False,True,True,53801,False,True,True,True
4667,39153,True,53801,False,True,True,53801,False,True,True,53801,False,True,True,True
4668,39161,True,53801,False,True,True,53801,False,True,True,53801,False,True,True,True
4669,39165,True,53801,False,True,True,53801,False,True,True,53801,False,True,True,True
4670,39173,True,53801,False,True,True,53801,False,True,True,53801,False,True,True,True
4671,39179,True,53801,False,True,True,53801,False,True,True,53801,False,True,True,True
4672,39181,True,53801,False,True,True,53801,False,True,True,53801,False,True,True,True
4673,39182,True,53801,False,True,True,53801,False,True,True,53801,False,True,True,True
4674,39185,True,53801,False,True,True,53801,False,True,True,53801,False,True,True,True
4675,39205,True,53801,False,True,True,53801,False,True,True,53801,False,True,True,True
4676,39217,True,53801,False,True,True,53801,False,True,True,53801,False,True,True,True
4677,39230,True,53801,False,True,True,53801,False,True,True,53801,False,True,True,True
4678,39231,True,53801,False,True,True,53801,False,True,True,53801,False,True,True,True
4679,39272,True,53801,False,True,True,53801,False,True,True,53801,False,True,True,True
4679,66817,False,256,False,True,False,256,False,True,False,256,False,True,False,True
4680,39281,True,53801,False,True,True,53801,False,True,True,53801,False,True,True,True
4681,39283,True,53801,False,True,True,53801,False,True,True,53801,False,True,True,True
4682,39286,True,53801,False,True,True,53801,False,True,True,53801,False,True,True,True
4683,39289,True,53801,False,True,True,53801,False,True,True,53801,False,True,True,True
4684,39299,True,53801,False,True,True,53801,False,True,True,53801,False,True,True,True
4685,39312,True,53801,False,True,True,53801,False,True,True,53801,False,True,True,True
4686,39317,True,53801,False,True,True,53801,False,True,True,53801,False,True,True,True
4687,39322,True,53801,False,True,True,53801,False,True,True,53801,False,True,True,True
4688,39325,True,53801,False,True,True,53801,False,True,True,53801,False,True,True,True
4689,39333,True,53801,False,True,True,53801,False,True,True,53801,False,True,True,True
4690,27463,False,256,False,True,False,256,False,True,False,256,False,True,False,True
4690,39344,True,53801,False,True,True,53801,False,True,True,53801,False,True,True,True
4691,39345,True,53801,False,True,True,53801,False,True,True,53801,False,True,True,True
4692,39349,True,53801,False,True,True,53801,False,True,True,53801,False,True,True,True
4693,39354,True,53801,False,True,True,53801,False,True,True,53801,False,True,True,True
4694,39374,True,53801,False,True,True,53801,False,True,True,53801,False,True,True,True
4695,39382,True,53801,False,True,True,53801,False,True,True,53801,False,True,True,True
4696,39389,True,53801,False,True,True,53801,False,True,True,53801,False,True,True,True
4697,39396,True,53801,False,True,True,53801,False,True,True,53801,False,True,True,True
4698,39418,True,53801,False,True,True,53801,False,True,True,53801,False,True,True,True
4699,39435,True,53801,False,True,True,53801,False,True,True,53801,False,True,True,True
4700,39439,True,53801,False,True,True,53801,False,True,True,53801,False,True,True,True
4701,39448,True,53801,False,True,True,53801,False,True,True,53801,False,True,True,True
4702,39449,True,53801,False,True,True,53801,False,True,True,53801,False,True,True,True
4703,39454,True,53801,False,True,True,53801,False,True,True,53801,False,True,True,True
4704,39462,True,53801,False,True,True,53801,False,True,True,53801,False,True,True,True
4705,39464,True,53801,False,True,True,53801,False,True,True,53801,False,True,True,True
4705,58437,False,256,False,True,False,256,False,True,False,256,False,True,False,True
4706,32323,False,256,False,True,False,256,False,True,False,256,False,True,False,True
4706,39470,True,53801,False,True,True,53801,False,True,True,53801,False,True,True,True
4707,39483,True,53801,False,True,True,53801,False,True,True,53801,False,True,True,True
4708,39486,True,53801,False,True,True,53801,False,True,True,53801,False,True,True,True
4709,39489,True,53801,False,True,True,53801,False,True,True,53801,False,True,True,True
4710,39492,True,53801,False,True,True,53801,False,True,True,53801,False,True,True,True
4711,39494,True,53801,False,True,True,53801,False,True,True,53801,False,True,True,True
4712,39523,True,53801,False,True,True,53801,False,True,True,53801,False,True,True,True
4713,39526,True,53801,False,True,True,53801,False,True,True,53801,False,True,True,True
4714,39528,True,53801,False,True,True,53801,False,True,True,53801,False,True,True,True
4715,39548,True,53801,False,True,True,53801,False,True,True,53801,False,True,True,True
4715,58510,False,256,False,True,False,256,False,True,False,256,False,True,False,True
4716,39558,True,53801,False,True,True,53801,False,True,True,53801,False,True,True,True
4717,39564,True,53801,False,True,True,53801,False,True,True,53801,False,True,True,True
4718,39589,True,53801,False,True,True,53801,False,True,True,53801,False,True,True,True
4719,25616,False,256,False,True,False,256,False,True,False,256,False,True,False,True
4719,39604,True,53801,False,True,True,53801,False,True,True,53801,False,True,True,True
4719,50064,False,256,False,True,False,256,False,True,False,256,False,True,False,True
4720,39610,True,53801,False,True,True,53801,False,True,True,53801,False,True,True,True
4720,86644,False,256,False,True,False,256,False,True,False,256,False,True,False,True
4721,39624,True,53801,False,True,True,53801,False,True,True,53801,False,True,True,True
4722,39627,True,53801,False,True,True,53801,False,True,True,53801,False,True,True,True
4723,39652,True,53801,False,True,True,53801,False,True,True,53801,False,True,True,True
4724,39658,True,53801,False,True,True,53801,False,True,True,53801,False,True,True,True
4725,39673,True,53801,False,True,True,53801,False,True,True,53801,False,True,True,True
4726,39674,True,53801,False,True,True,53801,False,True,True,53801,False,True,True,True
4727,39678,True,53801,False,True,True,53801,False,True,True,53801,False,True,True,True
4728,39684,True,53801,False,True,True,53801,False,True,True,53801,False,True,True,True
4729,39686,True,53801,False,True,True,53801,False,True,True,53801,False,True,True,True
4730,39696,True,53801,False,True,True,53801,False,True,True,53801,False,True,True,True
4731,39716,True,53801,False,True,True,53801,False,True,True,53801,False,True,True,True
4732,39731,True,53801,False,True,True,53801,False,True,True,53801,False,True,True,True
4733,39732,True,53801,False,True,True,53801,False,True,True,53801,False,True,True,True
4734,39741,True,53801,False,True,True,53801,False,True,True,53801,False,True,True,True
4735,39755,True,53801,False,True,True,53801,False,True,True,53801,False,True,True,True
4736,39770,True,53801,False,True,True,53801,False,True,True,53801,False,True,True,True
4737,39777,True,53801,False,True,True,53801,False,True,True,53801,False,True,True,True
4738,39800,True,53801,False,True,True,53801,False,True,True,53801,False,True,True,True
4739,39802,True,53801,False,True,True,53801,False,True,True,53801,False,True,True,True
4739,58776,False,256,False,True,False,256,False,True,False,256,False,True,False,True
4740,39807,True,53801,False,True,True,53801,False,True,True,53801,False,True,True,True
4741,39823,True,53801,False,True,True,53801,False,True,True,53801,False,True,True,True
4742,39836,True,53801,False,True,True,53801,False,True,True,53801,False,True,True,True
4742,76144,False,256,False,True,False,256,False,True,False,256,False,True,False,True
4743,39838,True,53801,False,True,True,53801,False,True,True,53801,False,True,True,True
4744,39842,True,53801,False,True,True,53801,False,True,True,53801,False,True,True,True
4745,39853,True,53801,False,True,True,53801,False,True,True,53801,False,True,True,True
4746,39872,True,53801,False,True,True,53801,False,True,True,53801,False,True,True,True
4747,39879,True,53801,False,True,True,53801,False,True,True,53801,False,True,True,True
4748,39889,True,53801,False,True,True,53801,False,True,True,53801,False,True,True,True
4749,39908,True,53801,False,True,True,53801,False,True,True,53801,False,True,True,True
4750,39917,True,53801,False,True,True,53801,False,True,True,53801,False,True,True,True
4751,39922,True,53801,False,True,True,53801,False,True,True,53801,False,True,True,True
4752,39931,True,53801,False,True,True,53801,False,True,True,53801,False,True,True,True
4753,39936,True,53801,False,True,True,53801,False,True,True,53801,False,True,True,True
4754,39943,True,53801,False,True,True,53801,False,True,True,53801,False,True,True,True
4755,39947,True,53801,False,True,True,53801,False,True,True,53801,False,True,True,True
4756,39950,True,53801,False,True,True,53801,False,True,True,53801,False,True,True,True
4757,39980,True,53801,False,True,True,53801,False,True,True,53801,False,True,True,True
4758,39995,True,53801,False,True,True,53801,False,True,True,53801,False,True,True,True
4759,40001,True,53801,False,True,True,53801,False,True,True,53801,False,True,True,True
4760,40008,True,53801,False,True,True,53801,False,True,True,53801,False,True,True,True
4761,40014,True,53801,False,True,True,53801,False,True,True,53801,False,True,True,True
4762,40015,True,53801,False,True,True,53801,False,True,True,53801,False,True,True,True
4763,40024,True,53801,False,True,True,53801,False,True,True,53801,False,True,True,True
4764,40025,True,53801,False,True,True,53801,False,True,True,53801,False,True,True,True
4765,40047,True,53801,False,True,True,53801,False,True,True,53801,False,True,True,True
4766,40048,True,53801,False,True,True,53801,False,True,True,53801,False,True,True,True
4767,40053,True,53801,False,True,True,53801,False,True,True,53801,False,True,True,True
4768,40059,True,53801,False,True,True,53801,False,True,True,53801,False,True,True,True
4769,40068,True,53801,False,True,True,53801,False,True,True,53801,False,True,True,True
4770,40086,True,53801,False,True,True,53801,False,True,True,53801,False,True,True,True
4771,40087,True,53801,False,True,True,53801,False,True,True,53801,False,True,True,True
4772,40089,True,53801,False,True,True,53801,False,True,True,53801,False,True,True,True
4773,40097,True,53801,False,True,True,53801,False,True,True,53801,False,True,True,True
4774,40103,True,53801,False,True,True,53801,False,True,True,53801,False,True,True,True
4775,40109,True,53801,False,True,True,53801,False,True,True,53801,False,True,True,True
4776,40125,True,53801,False,True,True,53801,False,True,True,53801,False,True,True,True
4777,40128,True,53801,False,True,True,53801,False,True,True,53801,False,True,True,True
4778,40135,True,53801,False,True,True,53801,False,True,True,53801,False,True,True,True
4779,40140,True,53801,False,True,True,53801,False,True,True,53801,False,True,True,True
4780,40149,True,53801,False,True,True,53801,False,True,True,53801,False,True,True,True
4781,40153,True,53801,False,True,True,53801,False,True,True,53801,False,True,True,True
4782,40154,True,53801,False,True,True,53801,False,True,True,53801,False,True,True,True
4783,40156,True,53801,False,True,True,53801,False,True,True,53801,False,True,True,True
4784,40157,True,53801,False,True,True,53801,False,True,True,53801,False,True,True,True
4785,40159,True,53801,False,True,True,53801,False,True,True,53801,False,True,True,True
4786,40160,True,53801,False,True,True,53801,False,True,True,53801,False,True,True,True
4787,40162,True,53801,False,True,True,53801,False,True,True,53801,False,True,True,True
4788,40177,True,53801,False,True,True,53801,False,True,True,53801,False,True,True,True
4788,86930,False,256,False,True,False,256,False,True,False,256,False,True,False,True
4789,40183,True,53801,False,True,True,53801,False,True,True,53801,False,True,True,True
4790,40193,True,53801,False,True,True,53801,False,True,True,53801,False,True,True,True
4791,40220,True,53801,False,True,True,53801,False,True,True,53801,False,True,True,True
4792,40224,True,53801,False,True,True,53801,False,True,True,53801,False,True,True,True
4793,40245,True,53801,False,True,True,53801,False,True,True,53801,False,True,True,True
4794,40252,True,53801,False,True,True,53801,False,True,True,53801,False,True,True,True
4795,40263,True,53801,False,True,True,53801,False,True,True,53801,False,True,True,True
4796,40272,True,53801,False,True,True,53801,False,True,True,53801,False,True,True,True
4797,40280,True,53801,False,True,True,53801,False,True,True,53801,False,True,True,True
4798,34618,False,256,False,True,False,256,False,True,False,256,False,True,False,True
4798,40284,True,53801,False,True,True,53801,False,True,True,53801,False,True,True,True
4799,40300,True,53801,False,True,True,53801,False,True,True,53801,False,True,True,True
4800,40311,True,53801,False,True,True,53801,False,True,True,53801,False,True,True,True
4801,40314,True,53801,False,True,True,53801,False,True,True,53801,False,True,True,True
4802,40315,True,53801,False,True,True,53801,False,True,True,53801,False,True,True,True
4803,40333,True,53801,False,True,True,53801,False,True,True,53801,False,True,True,True
4804,13502,False,256,False,True,False,256,False,True,False,256,False,True,False,True
4804,40345,True,53801,False,True,True,53801,False,True,True,53801,False,True,True,True
4805,40353,True,53801,False,True,True,53801,False,True,True,53801,False,True,True,True
4806,40362,True,53801,False,True,True,53801,False,True,True,53801,False,True,True,True
4807,22737,False,256,False,True,False,256,False,True,False,256,False,True,False,True
4807,40367,True,53801,False,True,True,53801,False,True,True,53801,False,True,True,True
4807,50629,False,256,False,True,False,256,False,True,False,256,False,True,False,True
4808,40370,True,53801,False,True,True,53801,False,True,True,53801,False,True,True,True
4809,40372,True,53801,False,True,True,53801,False,True,True,53801,False,True,True,True
4810,40374,True,53801,False,True,True,53801,False,True,True,53801,False,True,True,True
4811,40396,True,53801,False,True,True,53801,False,True,True,53801,False,True,True,True
4812,40397,True,53801,False,True,True,53801,False,True,True,53801,False,True,True,True
4813,40404,True,53801,False,True,True,53801,False,True,True,53801,False,True,True,True
4814,40407,True,53801,False,True,True,53801,False,True,True,53801,False,True,True,True
4815,40409,True,53801,False,True,True,53801,False,True,True,53801,False,True,True,True
4815,72828,False,256,False,True,False,256,False,True,False,256,False,True,False,True
4816,40420,True,53801,False,True,True,53801,False,True,True,53801,False,True,True,True
4817,40425,True,53801,False,True,True,53801,False,True,True,53801,False,True,True,True
4818,40426,True,53801,False,True,True,53801,False,True,True,53801,False,True,True,True
4819,40462,True,53801,False,True,True,53801,False,True,True,53801,False,True,True,True
4820,40463,True,53801,False,True,True,53801,False,True,True,53801,False,True,True,True
4821,40466,True,53801,False,True,True,53801,False,True,True,53801,False,True,True,True
4822,40482,True,53801,False,True,True,53801,False,True,True,53801,False,True,True,True
4823,40490,True,53801,False,True,True,53801,False,True,True,53801,False,True,True,True
4824,40501,True,53801,False,True,True,53801,False,True,True,53801,False,True,True,True
4825,40517,True,53801,False,True,True,53801,False,True,True,53801,False,True,True,True
4825,46130,False,256,False,True,False,256,False,True,False,256,False,True,False,True
4826,40531,True,53801,False,True,True,53801,False,True,True,53801,False,True,True,True
4827,40557,True,53801,False,True,True,53801,False,True,True,53801,False,True,True,True
4828,40567,True,53801,False,True,True,53801,False,True,True,53801,False,True,True,True
4829,40576,True,53801,False,True,True,53801,False,True,True,53801,False,True,True,True
4830,40593,True,53801,False,True,True,53801,False,True,True,53801,False,True,True,True
4831,40596,True,53801,False,True,True,53801,False,True,True,53801,False,True,True,True
4832,40597,True,53801,False,True,True,53801,False,True,True,53801,False,True,True,True
4832,55312,False,256,False,True,False,256,False,True,False,256,False,True,False,True
4833,40605,True,53801,False,True,True,53801,False,True,True,53801,False,True,True,True
4834,40612,True,53801,False,True,True,53801,False,True,True,53801,False,True,True,True
4835,40630,True,53801,False,True,True,53801,False,True,True,53801,False,True,True,True
4836,40632,True,53801,False,True,True,53801,False,True,True,53801,False,True,True,True
4837,40669,True,53801,False,True,True,53801,False,True,True,53801,False,True,True,True
4838,40671,True,53801,False,True,True,53801,False,True,True,53801,False,True,True,True
4839,40681,True,53801,False,True,True,53801,False,True,True,53801,False,True,True,True
4840,40707,True,53801,False,True,True,53801,False,True,True,53801,False,True,True,True
4841,40714,True,53801,False,True,True,53801,False,True,True,53801,False,True,True,True
4842,40719,True,53801,False,True,True,53801,False,True,True,53801,False,True,True,True
4843,40723,True,53801,False,True,True,53801,False,True,True,53801,False,True,True,True
4844,40732,True,53801,False,True,True,53801,False,True,True,53801,False,True,True,True
4845,40759,True,53801,False,True,True,53801,False,True,True,53801,False,True,True,True
4846,40761,True,53801,False,True,True,53801,False,True,True,53801,False,True,True,True
4847,40767,True,53801,False,True,True,53801,False,True,True,53801,False,True,True,True
4848,40782,True,53801,False,True,True,53801,False,True,True,53801,False,True,True,True
4849,40783,True,53801,False,True,True,53801,False,True,True,53801,False,True,True,True
4849,59682,False,256,False,True,False,256,False,True,False,256,False,True,False,True
4850,40791,True,53801,False,True,True,53801,False,True,True,53801,False,True,True,True
4851,40795,True,53801,False,True,True,53801,False,True,True,53801,False,True,True,True
4852,40797,True,53801,False,True,True,53801,False,True,True,53801,False,True,True,True
4853,40821,True,53801,False,True,True,53801,False,True,True,53801,False,True,True,True
4854,40828,True,53801,False,True,True,53801,False,True,True,53801,False,True,True,True
4855,40839,True,53801,False,True,True,53801,False,True,True,53801,False,True,True,True
4856,40847,True,53801,False,True,True,53801,False,True,True,53801,False,True,True,True
4857,40848,True,53801,False,True,True,53801,False,True,True,53801,False,True,True,True
4858,40854,True,53801,False,True,True,53801,False,True,True,53801,False,True,True,True
4859,40856,True,53801,False,True,True,53801,False,True,True,53801,False,True,True,True
4860,40866,True,53801,False,True,True,53801,False,True,True,53801,False,True,True,True
4861,40871,True,53801,False,True,True,53801,False,True,True,53801,False,True,True,True
4862,40876,True,53801,False,True,True,53801,False,True,True,53801,False,True,True,True
4863,13813,False,256,False,True,False,256,False,True,False,256,False,True,False,True
4863,40877,True,53801,False,True,True,53801,False,True,True,53801,False,True,True,True
4864,40889,True,53801,False,True,True,53801,False,True,True,53801,False,True,True,True
4865,40902,True,53801,False,True,True,53801,False,True,True,53801,False,True,True,True
4866,40903,True,53801,False,True,True,53801,False,True,True,53801,False,True,True,True
4867,40904,True,53801,False,True,True,53801,False,True,True,53801,False,True,True,True
4867,76749,False,256,False,True,False,256,False,True,False,256,False,True,False,True
4868,40907,True,53801,False,True,True,53801,False,True,True,53801,False,True,True,True
4869,40913,True,53801,False,True,True,53801,False,True,True,53801,False,True,True,True
4870,40917,True,53801,False,True,True,53801,False,True,True,53801,False,True,True,True
4871,40926,True,53801,False,True,True,53801,False,True,True,53801,False,True,True,True
4872,40934,True,53801,False,True,True,53801,False,True,True,53801,False,True,True,True
4873,40947,True,53801,False,True,True,53801,False,True,True,53801,False,True,True,True
4874,40948,True,53801,False,True,True,53801,False,True,True,53801,False,True,True,True
4875,40953,True,53801,False,True,True,53801,False,True,True,53801,False,True,True,True
4876,40960,True,53801,False,True,True,53801,False,True,True,53801,False,True,True,True
4877,40975,True,53801,False,True,True,53801,False,True,True,53801,False,True,True,True
4878,40982,True,53801,False,True,True,53801,False,True,True,53801,False,True,True,True
4879,40987,True,53801,False,True,True,53801,False,True,True,53801,False,True,True,True
4880,40994,True,53801,False,True,True,53801,False,True,True,53801,False,True,True,True
4881,41003,True,53801,False,True,True,53801,False,True,True,53801,False,True,True,True
4882,41013,True,53801,False,True,True,53801,False,True,True,53801,False,True,True,True
4883,41024,True,53801,False,True,True,53801,False,True,True,53801,False,True,True,True
4884,41027,True,53801,False,True,True,53801,False,True,True,53801,False,True,True,True
4885,41033,True,53801,False,True,True,53801,False,True,True,53801,False,True,True,True
4886,41035,True,53801,False,True,True,53801,False,True,True,53801,False,True,True,True
4887,41039,True,53801,False,True,True,53801,False,True,True,53801,False,True,True,True
4888,41055,True,53801,False,True,True,53801,False,True,True,53801,False,True,True,True
4889,41056,True,53801,False,True,True,53801,False,True,True,53801,False,True,True,True
4890,41058,True,53801,False,True,True,53801,False,True,True,53801,False,True,True,True
4891,41062,True,53801,False,True,True,53801,False,True,True,53801,False,True,True,True
4892,41073,True,53801,False,True,True,53801,False,True,True,53801,False,True,True,True
4893,41103,True,53801,False,True,True,53801,False,True,True,53801,False,True,True,True
4894,41118,True,53801,False,True,True,53801,False,True,True,53801,False,True,True,True
4895,41127,True,53801,False,True,True,53801,False,True,True,53801,False,True,True,True
4896,41128,True,53801,False,True,True,53801,False,True,True,53801,False,True,True,True
4897,41145,True,53801,False,True,True,53801,False,True,True,53801,False,True,True,True
4898,41153,True,53801,False,True,True,53801,False,True,True,53801,False,True,True,True
4899,41169,True,53801,False,True,True,53801,False,True,True,53801,False,True,True,True
4900,41178,True,53801,False,True,True,53801,False,True,True,53801,False,True,True,True
4901,41192,True,53801,False,True,True,53801,False,True,True,53801,False,True,True,True
4902,41195,True,53801,False,True,True,53801,False,True,True,53801,False,True,True,True
4903,41207,True,53801,False,True,True,53801,False,True,True,53801,False,True,True,True
4904,41213,True,53801,False,True,True,53801,False,True,True,53801,False,True,True,True
4904,73320,False,256,False,True,False,256,False,True,False,256,False,True,False,True
4905,41217,True,53801,False,True,True,53801,False,True,True,53801,False,True,True,True
4906,41222,True,53801,False,True,True,53801,False,True,True,53801,False,True,True,True
4907,41233,True,53801,False,True,True,53801,False,True,True,53801,False,True,True,True
4908,41242,True,53801,False,True,True,53801,False,True,True,53801,False,True,True,True
4909,41244,True,53801,False,True,True,53801,False,True,True,53801,False,True,True,True
4910,41256,True,53801,False,True,True,53801,False,True,True,53801,False,True,True,True
4911,41268,True,53801,False,True,True,53801,False,True,True,53801,False,True,True,True
4912,41269,True,53801,False,True,True,53801,False,True,True,53801,False,True,True,True
4913,41283,True,53801,False,True,True,53801,False,True,True,53801,False,True,True,True
4913,60195,False,256,False,True,False,256,False,True,False,256,False,True,False,True
4914,41287,True,53801,False,True,True,53801,False,True,True,53801,False,True,True,True
4915,41319,True,53801,False,True,True,53801,False,True,True,53801,False,True,True,True
4916,41325,True,53801,False,True,True,53801,False,True,True,53801,False,True,True,True
4917,41352,True,53801,False,True,True,53801,False,True,True,53801,False,True,True,True
4918,41368,True,53801,False,True,True,53801,False,True,True,53801,False,True,True,True
4919,41390,True,53801,False,True,True,53801,False,True,True,53801,False,True,True,True
4920,41394,True,53801,False,True,True,53801,False,True,True,53801,False,True,True,True
4921,26135,False,256,False,True,False,256,False,True,False,256,False,True,False,True
4921,41399,True,53801,False,True,True,53801,False,True,True,53801,False,True,True,True
4922,41406,True,53801,False,True,True,53801,False,True,True,53801,False,True,True,True
4923,41413,True,53801,False,True,True,53801,False,True,True,53801,False,True,True,True
4924,41418,True,53801,False,True,True,53801,False,True,True,53801,False,True,True,True
4925,41425,True,53801,False,True,True,53801,False,True,True,53801,False,True,True,True
4926,41431,True,53801,False,True,True,53801,False,True,True,53801,False,True,True,True
4927,41435,True,53801,False,True,True,53801,False,True,True,53801,False,True,True,True
4928,41439,True,53801,False,True,True,53801,False,True,True,53801,False,True,True,True
4929,41443,True,53801,False,True,True,53801,False,True,True,53801,False,True,True,True
4930,41465,True,53801,False,True,True,53801,False,True,True,53801,False,True,True,True
4931,41470,True,53801,False,True,True,53801,False,True,True,53801,False,True,True,True
4932,41475,True,53801,False,True,True,53801,False,True,True,53801,False,True,True,True
4933,41486,True,53801,False,True,True,53801,False,True,True,53801,False,True,True,True
4934,41491,True,53801,False,True,True,53801,False,True,True,53801,False,True,True,True
4935,41492,True,53801,False,True,True,53801,False,True,True,53801,False,True,True,True
4936,41503,True,53801,False,True,True,53801,False,True,True,53801,False,True,True,True
4937,41511,True,53801,False,True,True,53801,False,True,True,53801,False,True,True,True
4938,41520,True,53801,False,True,True,53801,False,True,True,53801,False,True,True,True
4939,41522,True,53801,False,True,True,53801,False,True,True,53801,False,True,True,True
4940,41539,True,53801,False,True,True,53801,False,True,True,53801,False,True,True,True
4941,41557,True,53801,False,True,True,53801,False,True,True,53801,False,True,True,True
4942,41561,True,53801,False,True,True,53801,False,True,True,53801,False,True,True,True
4943,41572,True,53801,False,True,True,53801,False,True,True,53801,False,True,True,True
4944,41586,True,53801,False,True,True,53801,False,True,True,53801,False,True,True,True
4945,41588,True,53801,False,True,True,53801,False,True,True,53801,False,True,True,True
4946,41594,True,53801,False,True,True,53801,False,True,True,53801,False,True,True,True
4947,41606,True,53801,False,True,True,53801,False,True,True,53801,False,True,True,True
4948,19814,False,256,False,True,False,256,False,True,False,256,False,True,False,True
4948,41608,True,53801,False,True,True,53801,False,True,True,53801,False,True,True,True
4949,41622,True,53801,False,True,True,53801,False,True,True,53801,False,True,True,True
4950,41633,True,53801,False,True,True,53801,False,True,True,53801,False,True,True,True
4951,41635,True,53801,False,True,True,53801,False,True,True,53801,False,True,True,True
4952,41662,True,53801,False,True,True,53801,False,True,True,53801,False,True,True,True
4953,41678,True,53801,False,True,True,53801,False,True,True,53801,False,True,True,True
4954,41679,True,53801,False,True,True,53801,False,True,True,53801,False,True,True,True
4955,41692,True,53801,False,True,True,53801,False,True,True,53801,False,True,True,True
4956,41700,True,53801,False,True,True,53801,False,True,True,53801,False,True,True,True
4956,80803,False,256,False,True,False,256,False,True,False,256,False,True,False,True
4957,41718,True,53801,False,True,True,53801,False,True,True,53801,False,True,True,True
4958,41724,True,53801,False,True,True,53801,False,True,True,53801,False,True,True,True
4959,41725,True,53801,False,True,True,53801,False,True,True,53801,False,True,True,True
4960,41729,True,53801,False,True,True,53801,False,True,True,53801,False,True,True,True
4961,41733,True,53801,False,True,True,53801,False,True,True,53801,False,True,True,True
4962,41741,True,53801,False,True,True,53801,False,True,True,53801,False,True,True,True
4963,41745,True,53801,False,True,True,53801,False,True,True,53801,False,True,True,True
4964,41758,True,53801,False,True,True,53801,False,True,True,53801,False,True,True,True
4965,41778,True,53801,False,True,True,53801,False,True,True,53801,False,True,True,True
4966,41782,True,53801,False,True,True,53801,False,True,True,53801,False,True,True,True
4966,60739,False,256,False,True,False,256,False,True,False,256,False,True,False,True
4967,41787,True,53801,False,True,True,53801,False,True,True,53801,False,True,True,True
4968,41794,True,53801,False,True,True,53801,False,True,True,53801,False,True,True,True
4969,41803,True,53801,False,True,True,53801,False,True,True,53801,False,True,True,True
4970,41826,True,53801,False,True,True,53801,False,True,True,53801,False,True,True,True
4971,41840,True,53801,False,True,True,53801,False,True,True,53801,False,True,True,True
4972,41866,True,53801,False,True,True,53801,False,True,True,53801,False,True,True,True
4973,41876,True,53801,False,True,True,53801,False,True,True,53801,False,True,True,True
4974,41878,True,53801,False,True,True,53801,False,True,True,53801,False,True,True,True
4975,41889,True,53801,False,True,True,53801,False,True,True,53801,False,True,True,True
4975,60869,False,256,False,True,False,256,False,True,False,256,False,True,False,True
4976,41895,True,53801,False,True,True,53801,False,True,True,53801,False,True,True,True
4977,41907,True,53801,False,True,True,53801,False,True,True,53801,False,True,True,True
4978,41908,True,53801,False,True,True,53801,False,True,True,53801,False,True,True,True
4979,41909,True,53801,False,True,True,53801,False,True,True,53801,False,True,True,True
4980,41933,True,53801,False,True,True,53801,False,True,True,53801,False,True,True,True
4981,10900,False,256,False,True,False,256,False,True,False,256,False,True,False,True
4981,41947,True,53801,False,True,True,53801,False,True,True,53801,False,True,True,True
4982,41950,True,53801,False,True,True,53801,False,True,True,53801,False,True,True,True
4983,41953,True,53801,False,True,True,53801,False,True,True,53801,False,True,True,True
4984,41978,True,53801,False,True,True,53801,False,True,True,53801,False,True,True,True
4985,41980,True,53801,False,True,True,53801,False,True,True,53801,False,True,True,True
4986,41997,True,53801,False,True,True,53801,False,True,True,53801,False,True,True,True
4987,42011,True,53801,False,True,True,53801,False,True,True,53801,False,True,True,True
4988,42012,True,53801,False,True,True,53801,False,True,True,53801,False,True,True,True
4989,42029,True,53801,False,True,True,53801,False,True,True,53801,False,True,True,True
4990,42033,True,53801,False,True,True,53801,False,True,True,53801,False,True,True,True
4991,42034,True,53801,False,True,True,53801,False,True,True,53801,False,True,True,True
4992,42036,True,53801,False,True,True,53801,False,True,True,53801,False,True,True,True
4993,42045,True,53801,False,True,True,53801,False,True,True,53801,False,True,True,True
4994,42047,True,53801,False,True,True,53801,False,True,True,53801,False,True,True,True
4995,42062,True,53801,False,True,True,53801,False,True,True,53801,False,True,True,True
4996,42065,True,53801,False,True,True,53801,False,True,True,53801,False,True,True,True
4997,42068,True,53801,False,True,True,53801,False,True,True,53801,False,True,True,True
4998,36214,False,256,False,True,False,256,False,True,False,256,False,True,False,True
4998,42070,True,53801,False,True,True,53801,False,True,True,53801,False,True,True,True
4999,42087,True,53801,False,True,True,53801,False,True,True,53801,False,True,True,True
5000,42091,True,53801,False,True,True,53801,False,True,True,53801,False,True,True,True
5001,42094,True,53801,False,True,True,53801,False,True,True,53801,False,True,True,True
5002,42107,True,53801,False,True,True,53801,False,True,True,53801,False,True,True,True
5003,42130,True,53801,False,True,True,53801,False,True,True,53801,False,True,True,True
5004,42146,True,53801,False,True,True,53801,False,True,True,53801,False,True,True,True
5005,42162,True,53801,False,True,True,53801,False,True,True,53801,False,True,True,True
5006,42167,True,53801,False,True,True,53801,False,True,True,53801,False,True,True,True
5007,42171,True,53801,False,True,True,53801,False,True,True,53801,False,True,True,True
5008,42174,True,53801,False,True,True,53801,False,True,True,53801,False,True,True,True
5009,42178,True,53801,False,True,True,53801,False,True,True,53801,False,True,True,True
5010,42180,True,53801,False,True,True,53801,False,True,True,53801,False,True,True,True
5011,42188,True,53801,False,True,True,53801,False,True,True,53801,False,True,True,True
5012,42201,True,53801,False,True,True,53801,False,True,True,53801,False,True,True,True
5013,42219,True,53801,False,True,True,53801,False,True,True,53801,False,True,True,True
5014,29367,False,256,False,True,False,256,False,True,False,256,False,True,False,True
5014,42231,True,53801,False,True,True,53801,False,True,True,53801,False,True,True,True
5015,42235,True,53801,False,True,True,53801,False,True,True,53801,False,True,True,True
5015,81115,False,256,False,True,False,256,False,True,False,256,False,True,False,True
5016,42236,True,53801,False,True,True,53801,False,True,True,53801,False,True,True,True
5017,42259,True,53801,False,True,True,53801,False,True,True,53801,False,True,True,True
5018,42269,True,53801,False,True,True,53801,False,True,True,53801,False,True,True,True
5019,42271,True,53801,False,True,True,53801,False,True,True,53801,False,True,True,True
5020,42300,True,53801,False,True,True,53801,False,True,True,53801,False,True,True,True
5020,47507,False,256,False,True,False,256,False,True,False,256,False,True,False,True
5021,42306,True,53801,False,True,True,53801,False,True,True,53801,False,True,True,True
5022,42307,True,53801,False,True,True,53801,False,True,True,53801,False,True,True,True
5023,42314,True,53801,False,True,True,53801,False,True,True,53801,False,True,True,True
5024,42331,True,53801,False,True,True,53801,False,True,True,53801,False,True,True,True
5025,42335,True,53801,False,True,True,53801,False,True,True,53801,False,True,True,True
5026,42337,True,53801,False,True,True,53801,False,True,True,53801,False,True,True,True
5027,42346,True,53801,False,True,True,53801,False,True,True,53801,False,True,True,True
5028,42348,True,53801,False,True,True,53801,False,True,True,53801,False,True,True,True
5029,42352,True,53801,False,True,True,53801,False,True,True,53801,False,True,True,True
5030,20298,False,256,False,True,False,256,False,True,False,256,False,True,False,True
5030,42355,True,53801,False,True,True,53801,False,True,True,53801,False,True,True,True
5031,42356,True,53801,False,True,True,53801,False,True,True,53801,False,True,True,True
5031,61344,False,256,False,True,False,256,False,True,False,256,False,True,False,True
5032,42368,True,53801,False,True,True,53801,False,True,True,53801,False,True,True,True
5033,42369,True,53801,False,True,True,53801,False,True,True,53801,False,True,True,True
5034,42382,True,53801,False,True,True,53801,False,True,True,53801,False,True,True,True
5035,42393,True,53801,False,True,True,53801,False,True,True,53801,False,True,True,True
5036,42397,True,53801,False,True,True,53801,False,True,True,53801,False,True,True,True
5037,42399,True,53801,False,True,True,53801,False,True,True,53801,False,True,True,True
5038,42407,True,53801,False,True,True,53801,False,True,True,53801,False,True,True,True
5039,42425,True,53801,False,True,True,53801,False,True,True,53801,False,True,True,True
5040,42437,True,53801,False,True,True,53801,False,True,True,53801,False,True,True,True
5041,42445,True,53801,False,True,True,53801,False,True,True,53801,False,True,True,True
5042,42454,True,53801,False,True,True,53801,False,True,True,53801,False,True,True,True
5043,42476,True,53801,False,True,True,53801,False,True,True,53801,False,True,True,True
5044,42485,True,53801,False,True,True,53801,False,True,True,53801,False,True,True,True
5045,42490,True,53801,False,True,True,53801,False,True,True,53801,False,True,True,True
5046,42507,True,53801,False,True,True,53801,False,True,True,53801,False,True,True,True
5047,42512,True,53801,False,True,True,53801,False,True,True,53801,False,True,True,True
5048,42516,True,53801,False,True,True,53801,False,True,True,53801,False,True,True,True
5049,42520,True,53801,False,True,True,53801,False,True,True,53801,False,True,True,True
5050,42524,True,53801,False,True,True,53801,False,True,True,53801,False,True,True,True
5051,42527,True,53801,False,True,True,53801,False,True,True,53801,False,True,True,True
5052,42548,True,53801,False,True,True,53801,False,True,True,53801,False,True,True,True
5053,42564,True,53801,False,True,True,53801,False,True,True,53801,False,True,True,True
5054,42565,True,53801,False,True,True,53801,False,True,True,53801,False,True,True,True
5054,52448,False,256,False,True,False,256,False,True,False,256,False,True,False,True
5054,61555,False,256,False,True,False,256,False,True,False,256,False,True,False,True
5055,42571,True,53801,False,True,True,53801,False,True,True,53801,False,True,True,True
5055,47689,False,256,False,True,False,256,False,True,False,256,False,True,False,True
5056,42579,True,53801,False,True,True,53801,False,True,True,53801,False,True,True,True
5057,2567,False,256,False,True,False,256,False,True,False,256,False,True,False,True
5057,42599,True,53801,False,True,True,53801,False,True,True,53801,False,True,True,True
5058,42610,True,53801,False,True,True,53801,False,True,True,53801,False,True,True,True
5059,42613,True,53801,False,True,True,53801,False,True,True,53801,False,True,True,True
5060,42625,True,53801,False,True,True,53801,False,True,True,53801,False,True,True,True
5061,42630,True,53801,False,True,True,53801,False,True,True,53801,False,True,True,True
5062,42645,True,53801,False,True,True,53801,False,True,True,53801,False,True,True,True
5063,42650,True,53801,False,True,True,53801,False,True,True,53801,False,True,True,True
5064,42653,True,53801,False,True,True,53801,False,True,True,53801,False,True,True,True
5065,42660,True,53801,False,True,True,53801,False,True,True,53801,False,True,True,True
5066,42679,True,53801,False,True,True,53801,False,True,True,53801,False,True,True,True
5067,1344,False,256,False,True,False,256,False,True,False,256,False,True,False,True
5067,42681,True,53801,False,True,True,53801,False,True,True,53801,False,True,True,True
5068,42686,True,53801,False,True,True,53801,False,True,True,53801,False,True,True,True
5069,42687,True,53801,False,True,True,53801,False,True,True,53801,False,True,True,True
5070,42709,True,53801,False,True,True,53801,False,True,True,53801,False,True,True,True
5071,42710,True,53801,False,True,True,53801,False,True,True,53801,False,True,True,True
5071,52562,False,256,False,True,False,256,False,True,False,256,False,True,False,True
5072,42723,True,53801,False,True,True,53801,False,True,True,53801,False,True,True,True
5073,42737,True,53801,False,True,True,53801,False,True,True,53801,False,True,True,True
5074,42738,True,53801,False,True,True,53801,False,True,True,53801,False,True,True,True
5075,42743,True,53801,False,True,True,53801,False,True,True,53801,False,True,True,True
5076,42764,True,53801,False,True,True,53801,False,True,True,53801,False,True,True,True
5077,42768,True,53801,False,True,True,53801,False,True,True,53801,False,True,True,True
5078,42772,True,53801,False,True,True,53801,False,True,True,53801,False,True,True,True
5079,42784,True,53801,False,True,True,53801,False,True,True,53801,False,True,True,True
5080,42788,True,53801,False,True,True,53801,False,True,True,53801,False,True,True,True
5081,42789,True,53801,False,True,True,53801,False,True,True,53801,False,True,True,True
5082,42800,True,53801,False,True,True,53801,False,True,True,53801,False,True,True,True
5083,42813,True,53801,False,True,True,53801,False,True,True,53801,False,True,True,True
5084,42814,True,53801,False,True,True,53801,False,True,True,53801,False,True,True,True
5085,42816,True,53801,False,True,True,53801,False,True,True,53801,False,True,True,True
5086,42819,True,53801,False,True,True,53801,False,True,True,53801,False,True,True,True
5087,42824,True,53801,False,True,True,53801,False,True,True,53801,False,True,True,True
5088,42830,True,53801,False,True,True,53801,False,True,True,53801,False,True,True,True
5089,42835,True,53801,False,True,True,53801,False,True,True,53801,False,True,True,True
5090,42854,True,53801,False,True,True,53801,False,True,True,53801,False,True,True,True
5091,42863,True,53801,False,True,True,53801,False,True,True,53801,False,True,True,True
5092,42874,True,53801,False,True,True,53801,False,True,True,53801,False,True,True,True
5093,42894,True,53801,False,True,True,53801,False,True,True,53801,False,True,True,True
5094,42899,True,53801,False,True,True,53801,False,True,True,53801,False,True,True,True
5095,42910,True,53801,False,True,True,53801,False,True,True,53801,False,True,True,True
5096,42941,True,53801,False,True,True,53801,False,True,True,53801,False,True,True,True
5097,42946,True,53801,False,True,True,53801,False,True,True,53801,False,True,True,True
5098,42958,True,53801,False,True,True,53801,False,True,True,53801,False,True,True,True
5099,42963,True,53801,False,True,True,53801,False,True,True,53801,False,True,True,True
5100,42966,True,53801,False,True,True,53801,False,True,True,53801,False,True,True,True
5101,42967,True,53801,False,True,True,53801,False,True,True,53801,False,True,True,True
5102,42978,True,53801,False,True,True,53801,False,True,True,53801,False,True,True,True
5103,20664,False,256,False,True,False,256,False,True,False,256,False,True,False,True
5103,42986,True,53801,False,True,True,53801,False,True,True,53801,False,True,True,True
5104,42988,True,53801,False,True,True,53801,False,True,True,53801,False,True,True,True
5105,43003,True,53801,False,True,True,53801,False,True,True,53801,False,True,True,True
5106,43006,True,53801,False,True,True,53801,False,True,True,53801,False,True,True,True
5107,43009,True,53801,False,True,True,53801,False,True,True,53801,False,True,True,True
5107,62008,False,256,False,True,False,256,False,True,False,256,False,True,False,True
5108,43019,True,53801,False,True,True,53801,False,True,True,53801,False,True,True,True
5109,43023,True,53801,False,True,True,53801,False,True,True,53801,False,True,True,True
5110,43024,True,53801,False,True,True,53801,False,True,True,53801,False,True,True,True
5111,43037,True,53801,False,True,True,53801,False,True,True,53801,False,True,True,True
5112,43041,True,53801,False,True,True,53801,False,True,True,53801,False,True,True,True
5113,24308,False,256,False,True,False,256,False,True,False,256,False,True,False,True
5113,43042,True,53801,False,True,True,53801,False,True,True,53801,False,True,True,True
5114,43045,True,53801,False,True,True,53801,False,True,True,53801,False,True,True,True
5115,43054,True,53801,False,True,True,53801,False,True,True,53801,False,True,True,True
5116,43056,True,53801,False,True,True,53801,False,True,True,53801,False,True,True,True
5117,43057,True,53801,False,True,True,53801,False,True,True,53801,False,True,True,True
5118,43068,True,53801,False,True,True,53801,False,True,True,53801,False,True,True,True
5119,32948,False,256,False,True,False,256,False,True,False,256,False,True,False,True
5119,43071,True,53801,False,True,True,53801,False,True,True,53801,False,True,True,True
5120,43081,True,53801,False,True,True,53801,False,True,True,53801,False,True,True,True
5120,62081,False,256,False,True,False,256,False,True,False,256,False,True,False,True
5121,43095,True,53801,False,True,True,53801,False,True,True,53801,False,True,True,True
5122,43102,True,53801,False,True,True,53801,False,True,True,53801,False,True,True,True
5123,43108,True,53801,False,True,True,53801,False,True,True,53801,False,True,True,True
5123,52878,False,256,False,True,False,256,False,True,False,256,False,True,False,True
5124,43119,True,53801,False,True,True,53801,False,True,True,53801,False,True,True,True
5125,43128,True,53801,False,True,True,53801,False,True,True,53801,False,True,True,True
5126,43164,True,53801,False,True,True,53801,False,True,True,53801,False,True,True,True
5127,43166,True,53801,False,True,True,53801,False,True,True,53801,False,True,True,True
5128,43186,True,53801,False,True,True,53801,False,True,True,53801,False,True,True,True
5129,11579,False,256,False,True,False,256,False,True,False,256,False,True,False,True
5129,43192,True,53801,False,True,True,53801,False,True,True,53801,False,True,True,True
5130,43206,True,53801,False,True,True,53801,False,True,True,53801,False,True,True,True
5131,43233,True,53801,False,True,True,53801,False,True,True,53801,False,True,True,True
5132,43238,True,53801,False,True,True,53801,False,True,True,53801,False,True,True,True
5133,43243,True,53801,False,True,True,53801,False,True,True,53801,False,True,True,True
5134,43254,True,53801,False,True,True,53801,False,True,True,53801,False,True,True,True
5135,43272,True,53801,False,True,True,53801,False,True,True,53801,False,True,True,True
5136,43275,True,53801,False,True,True,53801,False,True,True,53801,False,True,True,True
5137,43279,True,53801,False,True,True,53801,False,True,True,53801,False,True,True,True
5138,43293,True,53801,False,True,True,53801,False,True,True,53801,False,True,True,True
5139,43298,True,53801,False,True,True,53801,False,True,True,53801,False,True,True,True
5140,43308,True,53801,False,True,True,53801,False,True,True,53801,False,True,True,True
5141,43316,True,53801,False,True,True,53801,False,True,True,53801,False,True,True,True
5142,43317,True,53801,False,True,True,53801,False,True,True,53801,False,True,True,True
5143,43324,True,53801,False,True,True,53801,False,True,True,53801,False,True,True,True
5144,43334,True,53801,False,True,True,53801,False,True,True,53801,False,True,True,True
5145,43336,True,53801,False,True,True,53801,False,True,True,53801,False,True,True,True
5146,20877,False,256,False,True,False,256,False,True,False,256,False,True,False,True
5146,43340,True,53801,False,True,True,53801,False,True,True,53801,False,True,True,True
5147,43346,True,53801,False,True,True,53801,False,True,True,53801,False,True,True,True
5148,43347,True,53801,False,True,True,53801,False,True,True,53801,False,True,True,True
5149,43349,True,53801,False,True,True,53801,False,True,True,53801,False,True,True,True
5150,43370,True,53801,False,True,True,53801,False,True,True,53801,False,True,True,True
5151,43373,True,53801,False,True,True,53801,False,True,True,53801,False,True,True,True
5152,24532,False,256,False,True,False,256,False,True,False,256,False,True,False,True
5152,43391,True,53801,False,True,True,53801,False,True,True,53801,False,True,True,True
5153,43409,True,53801,False,True,True,53801,False,True,True,53801,False,True,True,True
5154,43420,True,53801,False,True,True,53801,False,True,True,53801,False,True,True,True
5155,43421,True,53801,False,True,True,53801,False,True,True,53801,False,True,True,True
5156,43449,True,53801,False,True,True,53801,False,True,True,53801,False,True,True,True
5156,78261,False,256,False,True,False,256,False,True,False,256,False,True,False,True
5157,43451,True,53801,False,True,True,53801,False,True,True,53801,False,True,True,True
5158,43453,True,53801,False,True,True,53801,False,True,True,53801,False,True,True,True
5159,43465,True,53801,False,True,True,53801,False,True,True,53801,False,True,True,True
5160,43478,True,53801,False,True,True,53801,False,True,True,53801,False,True,True,True
5161,7327,False,256,False,True,False,256,False,True,False,256,False,True,False,True
5161,43480,True,53801,False,True,True,53801,False,True,True,53801,False,True,True,True
5162,43482,True,53801,False,True,True,53801,False,True,True,53801,False,True,True,True
5163,43489,True,53801,False,True,True,53801,False,True,True,53801,False,True,True,True
5164,43494,True,53801,False,True,True,53801,False,True,True,53801,False,True,True,True
5165,43501,True,53801,False,True,True,53801,False,True,True,53801,False,True,True,True
5166,43541,True,53801,False,True,True,53801,False,True,True,53801,False,True,True,True
5167,43546,True,53801,False,True,True,53801,False,True,True,53801,False,True,True,True
5168,43548,True,53801,False,True,True,53801,False,True,True,53801,False,True,True,True
5169,43550,True,53801,False,True,True,53801,False,True,True,53801,False,True,True,True
5170,43551,True,53801,False,True,True,53801,False,True,True,53801,False,True,True,True
5171,43559,True,53801,False,True,True,53801,False,True,True,53801,False,True,True,True
5172,43561,True,53801,False,True,True,53801,False,True,True,53801,False,True,True,True
5173,43573,True,53801,False,True,True,53801,False,True,True,53801,False,True,True,True
5174,43575,True,53801,False,True,True,53801,False,True,True,53801,False,True,True,True
5175,43577,True,53801,False,True,True,53801,False,True,True,53801,False,True,True,True
5176,43589,True,53801,False,True,True,53801,False,True,True,53801,False,True,True,True
5177,43592,True,53801,False,True,True,53801,False,True,True,53801,False,True,True,True
5178,43594,True,53801,False,True,True,53801,False,True,True,53801,False,True,True,True
5179,43597,True,53801,False,True,True,53801,False,True,True,53801,False,True,True,True
5180,43602,True,53801,False,True,True,53801,False,True,True,53801,False,True,True,True
5181,43603,True,53801,False,True,True,53801,False,True,True,53801,False,True,True,True
5182,43605,True,53801,False,True,True,53801,False,True,True,53801,False,True,True,True
5183,43608,True,53801,False,True,True,53801,False,True,True,53801,False,True,True,True
5184,43609,True,53801,False,True,True,53801,False,True,True,53801,False,True,True,True
5184,53285,False,256,False,True,False,256,False,True,False,256,False,True,False,True
5185,43613,True,53801,False,True,True,53801,False,True,True,53801,False,True,True,True
5186,43639,True,53801,False,True,True,53801,False,True,True,53801,False,True,True,True
5186,48513,False,256,False,True,False,256,False,True,False,256,False,True,False,True
5187,43649,True,53801,False,True,True,53801,False,True,True,53801,False,True,True,True
5188,43652,True,53801,False,True,True,53801,False,True,True,53801,False,True,True,True
5189,43680,True,53801,False,True,True,53801,False,True,True,53801,False,True,True,True
5190,4254,False,256,False,True,False,256,False,True,False,256,False,True,False,True
5190,43682,True,53801,False,True,True,53801,False,True,True,53801,False,True,True,True
5191,43710,True,53801,False,True,True,53801,False,True,True,53801,False,True,True,True
5192,43723,True,53801,False,True,True,53801,False,True,True,53801,False,True,True,True
5193,43750,True,53801,False,True,True,53801,False,True,True,53801,False,True,True,True
5194,43751,True,53801,False,True,True,53801,False,True,True,53801,False,True,True,True
5195,43764,True,53801,False,True,True,53801,False,True,True,53801,False,True,True,True
5196,43769,True,53801,False,True,True,53801,False,True,True,53801,False,True,True,True
5197,43780,True,53801,False,True,True,53801,False,True,True,53801,False,True,True,True
5198,43782,True,53801,False,True,True,53801,False,True,True,53801,False,True,True,True
5199,43790,True,53801,False,True,True,53801,False,True,True,53801,False,True,True,True
5200,43793,True,53801,False,True,True,53801,False,True,True,53801,False,True,True,True
5201,43799,True,53801,False,True,True,53801,False,True,True,53801,False,True,True,True
5202,43804,True,53801,False,True,True,53801,False,True,True,53801,False,True,True,True
5203,43806,True,53801,False,True,True,53801,False,True,True,53801,False,True,True,True
5204,43818,True,53801,False,True,True,53801,False,True,True,53801,False,True,True,True
5205,43820,True,53801,False,True,True,53801,False,True,True,53801,False,True,True,True
5206,43830,True,53801,False,True,True,53801,False,True,True,53801,False,True,True,True
5207,43837,True,53801,False,True,True,53801,False,True,True,53801,False,True,True,True
5208,43846,True,53801,False,True,True,53801,False,True,True,53801,False,True,True,True
5209,43854,True,53801,False,True,True,53801,False,True,True,53801,False,True,True,True
5210,43859,True,53801,False,True,True,53801,False,True,True,53801,False,True,True,True
5211,43863,True,53801,False,True,True,53801,False,True,True,53801,False,True,True,True
5212,43864,True,53801,False,True,True,53801,False,True,True,53801,False,True,True,True
5212,78498,False,256,False,True,False,256,False,True,False,256,False,True,False,True
5213,43866,True,53801,False,True,True,53801,False,True,True,53801,False,True,True,True
5214,43881,True,53801,False,True,True,53801,False,True,True,53801,False,True,True,True
5215,43888,True,53801,False,True,True,53801,False,True,True,53801,False,True,True,True
5216,43901,True,53801,False,True,True,53801,False,True,True,53801,False,True,True,True
5217,43916,True,53801,False,True,True,53801,False,True,True,53801,False,True,True,True
5218,43917,True,53801,False,True,True,53801,False,True,True,53801,False,True,True,True
5219,43918,True,53801,False,True,True,53801,False,True,True,53801,False,True,True,True
5220,43951,True,53801,False,True,True,53801,False,True,True,53801,False,True,True,True
5221,43953,True,53801,False,True,True,53801,False,True,True,53801,False,True,True,True
5222,43957,True,53801,False,True,True,53801,False,True,True,53801,False,True,True,True
5223,43971,True,53801,False,True,True,53801,False,True,True,53801,False,True,True,True
5224,43982,True,53801,False,True,True,53801,False,True,True,53801,False,True,True,True
5225,43985,True,53801,False,True,True,53801,False,True,True,53801,False,True,True,True
5226,43987,True,53801,False,True,True,53801,False,True,True,53801,False,True,True,True
5227,43996,True,53801,False,True,True,53801,False,True,True,53801,False,True,True,True
5228,43998,True,53801,False,True,True,53801,False,True,True,53801,False,True,True,True
5229,44004,True,53801,False,True,True,53801,False,True,True,53801,False,True,True,True
5229,71436,False,256,False,True,False,256,False,True,False,256,False,True,False,True
5230,44024,True,53801,False,True,True,53801,False,True,True,53801,False,True,True,True
5231,44025,True,53801,False,True,True,53801,False,True,True,53801,False,True,True,True
5232,44043,True,53801,False,True,True,53801,False,True,True,53801,False,True,True,True
5233,44072,True,53801,False,True,True,53801,False,True,True,53801,False,True,True,True
5234,44077,True,53801,False,True,True,53801,False,True,True,53801,False,True,True,True
5235,44098,True,53801,False,True,True,53801,False,True,True,53801,False,True,True,True
5236,44099,True,53801,False,True,True,53801,False,True,True,53801,False,True,True,True
5236,75034,False,256,False,True,False,256,False,True,False,256,False,True,False,True
5237,8956,False,256,False,True,False,256,False,True,False,256,False,True,False,True
5237,44113,True,53801,False,True,True,53801,False,True,True,53801,False,True,True,True
5238,44114,True,53801,False,True,True,53801,False,True,True,53801,False,True,True,True
5239,44147,True,53801,False,True,True,53801,False,True,True,53801,False,True,True,True
5239,82210,False,256,False,True,False,256,False,True,False,256,False,True,False,True
5240,44152,True,53801,False,True,True,53801,False,True,True,53801,False,True,True,True
5241,44157,True,53801,False,True,True,53801,False,True,True,53801,False,True,True,True
5242,44163,True,53801,False,True,True,53801,False,True,True,53801,False,True,True,True
5243,30668,False,256,False,True,False,256,False,True,False,256,False,True,False,True
5243,44177,True,53801,False,True,True,53801,False,True,True,53801,False,True,True,True
5244,44185,True,53801,False,True,True,53801,False,True,True,53801,False,True,True,True
5245,15810,False,256,False,True,False,256,False,True,False,256,False,True,False,True
5245,44204,True,53801,False,True,True,53801,False,True,True,53801,False,True,True,True
5246,44225,True,53801,False,True,True,53801,False,True,True,53801,False,True,True,True
5247,44242,True,53801,False,True,True,53801,False,True,True,53801,False,True,True,True
5248,44258,True,53801,False,True,True,53801,False,True,True,53801,False,True,True,True
5249,44259,True,53801,False,True,True,53801,False,True,True,53801,False,True,True,True
5250,44260,True,53801,False,True,True,53801,False,True,True,53801,False,True,True,True
5251,44264,True,53801,False,True,True,53801,False,True,True,53801,False,True,True,True
5252,44270,True,53801,False,True,True,53801,False,True,True,53801,False,True,True,True
5253,44273,True,53801,False,True,True,53801,False,True,True,53801,False,True,True,True
5254,44276,True,53801,False,True,True,53801,False,True,True,53801,False,True,True,True
5255,25043,False,256,False,True,False,256,False,True,False,256,False,True,False,True
5255,44284,True,53801,False,True,True,53801,False,True,True,53801,False,True,True,True
5256,44286,True,53801,False,True,True,53801,False,True,True,53801,False,True,True,True
5257,44292,True,53801,False,True,True,53801,False,True,True,53801,False,True,True,True
5258,44308,True,53801,False,True,True,53801,False,True,True,53801,False,True,True,True
5259,44317,True,53801,False,True,True,53801,False,True,True,53801,False,True,True,True
5260,44336,True,53801,False,True,True,53801,False,True,True,53801,False,True,True,True
5261,44353,True,53801,False,True,True,53801,False,True,True,53801,False,True,True,True
5262,44358,True,53801,False,True,True,53801,False,True,True,53801,False,True,True,True
5263,44371,True,53801,False,True,True,53801,False,True,True,53801,False,True,True,True
5264,44379,True,53801,False,True,True,53801,False,True,True,53801,False,True,True,True
5265,44390,True,53801,False,True,True,53801,False,True,True,53801,False,True,True,True
5266,44391,True,53801,False,True,True,53801,False,True,True,53801,False,True,True,True
5267,44392,True,53801,False,True,True,53801,False,True,True,53801,False,True,True,True
5268,44397,True,53801,False,True,True,53801,False,True,True,53801,False,True,True,True
5268,89022,False,256,False,True,False,256,False,True,False,256,False,True,False,True
5269,44408,True,53801,False,True,True,53801,False,True,True,53801,False,True,True,True
5269,57517,False,256,False,True,False,256,False,True,False,256,False,True,False,True
5270,44425,True,53801,False,True,True,53801,False,True,True,53801,False,True,True,True
5271,44432,True,53801,False,True,True,53801,False,True,True,53801,False,True,True,True
5272,44467,True,53801,False,True,True,53801,False,True,True,53801,False,True,True,True
5273,15962,False,256,False,True,False,256,False,True,False,256,False,True,False,True
5273,44469,True,53801,False,True,True,53801,False,True,True,53801,False,True,True,True
5274,44473,True,53801,False,True,True,53801,False,True,True,53801,False,True,True,True
5275,44481,True,53801,False,True,True,53801,False,True,True,53801,False,True,True,True
5276,44513,True,53801,False,True,True,53801,False,True,True,53801,False,True,True,True
5277,44515,True,53801,False,True,True,53801,False,True,True,53801,False,True,True,True
5278,44520,True,53801,False,True,True,53801,False,True,True,53801,False,True,True,True
5279,44521,True,53801,False,True,True,53801,False,True,True,53801,False,True,True,True
5280,44522,True,53801,False,True,True,53801,False,True,True,53801,False,True,True,True
5281,44534,True,53801,False,True,True,53801,False,True,True,53801,False,True,True,True
5282,44535,True,53801,False,True,True,53801,False,True,True,53801,False,True,True,True
5283,44546,True,53801,False,True,True,53801,False,True,True,53801,False,True,True,True
5284,44550,True,53801,False,True,True,53801,False,True,True,53801,False,True,True,True
5285,44563,True,53801,False,True,True,53801,False,True,True,53801,False,True,True,True
5286,44598,True,53801,False,True,True,53801,False,True,True,53801,False,True,True,True
5287,44601,True,53801,False,True,True,53801,False,True,True,53801,False,True,True,True
5288,44621,True,53801,False,True,True,53801,False,True,True,53801,False,True,True,True
5289,44629,True,53801,False,True,True,53801,False,True,True,53801,False,True,True,True
5289,63707,False,256,False,True,False,256,False,True,False,256,False,True,False,True
5290,44643,True,53801,False,True,True,53801,False,True,True,53801,False,True,True,True
5291,44663,True,53801,False,True,True,53801,False,True,True,53801,False,True,True,True
5291,54161,False,256,False,True,False,256,False,True,False,256,False,True,False,True
5292,44668,True,53801,False,True,True,53801,False,True,True,53801,False,True,True,True
5293,3047,False,256,False,True,False,256,False,True,False,256,False,True,False,True
5293,44676,True,53801,False,True,True,53801,False,True,True,53801,False,True,True,True
5294,44686,True,53801,False,True,True,53801,False,True,True,53801,False,True,True,True
5295,44691,True,53801,False,True,True,53801,False,True,True,53801,False,True,True,True
5296,44714,True,53801,False,True,True,53801,False,True,True,53801,False,True,True,True
5296,57693,False,256,False,True,False,256,False,True,False,256,False,True,False,True
5297,44718,True,53801,False,True,True,53801,False,True,True,53801,False,True,True,True
5298,44722,True,53801,False,True,True,53801,False,True,True,53801,False,True,True,True
5298,82559,False,256,False,True,False,256,False,True,False,256,False,True,False,True
5299,44726,True,53801,False,True,True,53801,False,True,True,53801,False,True,True,True
5300,44730,True,53801,False,True,True,53801,False,True,True,53801,False,True,True,True
5301,44734,True,53801,False,True,True,53801,False,True,True,53801,False,True,True,True
5302,44738,True,53801,False,True,True,53801,False,True,True,53801,False,True,True,True
5303,44743,True,53801,False,True,True,53801,False,True,True,53801,False,True,True,True
5304,44751,True,53801,False,True,True,53801,False,True,True,53801,False,True,True,True
5304,69176,False,256,False,True,False,256,False,True,False,256,False,True,False,True
5305,44780,True,53801,False,True,True,53801,False,True,True,53801,False,True,True,True
5306,44797,True,53801,False,True,True,53801,False,True,True,53801,False,True,True,True
5307,44799,True,53801,False,True,True,53801,False,True,True,53801,False,True,True,True
5308,44809,True,53801,False,True,True,53801,False,True,True,53801,False,True,True,True
5309,44815,True,53801,False,True,True,53801,False,True,True,53801,False,True,True,True
5310,44848,True,53801,False,True,True,53801,False,True,True,53801,False,True,True,True
5311,44886,True,53801,False,True,True,53801,False,True,True,53801,False,True,True,True
5312,45348,True,53801,False,True,True,53801,False,True,True,53801,False,True,True,True
5313,45541,True,53801,False,True,True,53801,False,True,True,53801,False,True,True,True
5314,45723,True,53801,False,True,True,53801,False,True,True,53801,False,True,True,True
5315,45831,True,53801,False,True,True,53801,False,True,True,53801,False,True,True,True
5315,50439,False,256,False,True,False,256,False,True,False,256,False,True,False,True
5316,45948,True,53801,False,True,True,53801,False,True,True,53801,False,True,True,True
5317,46054,True,53801,False,True,True,53801,False,True,True,53801,False,True,True,True
5318,46195,True,53801,False,True,True,53801,False,True,True,53801,False,True,True,True
5319,46378,True,53801,False,True,True,53801,False,True,True,53801,False,True,True,True
5320,46477,True,53801,False,True,True,53801,False,True,True,53801,False,True,True,True
5321,46518,True,53801,False,True,True,53801,False,True,True,53801,False,True,True,True
5322,10435,False,256,False,True,False,256,False,True,False,256,False,True,False,True
5322,46526,True,53801,False,True,True,53801,False,True,True,53801,False,True,True,True
5323,46787,True,53801,False,True,True,53801,False,True,True,53801,False,True,True,True
5324,46813,True,53801,False,True,True,53801,False,True,True,53801,False,True,True,True
5325,46885,True,53801,False,True,True,53801,False,True,True,53801,False,True,True,True
5326,46966,True,53801,False,True,True,53801,False,True,True,53801,False,True,True,True
5327,47138,True,53801,False,True,True,53801,False,True,True,53801,False,True,True,True
5328,47216,True,53801,False,True,True,53801,False,True,True,53801,False,True,True,True
5329,47387,True,53801,False,True,True,53801,False,True,True,53801,False,True,True,True
5330,47433,True,53801,False,True,True,53801,False,True,True,53801,False,True,True,True
5331,47563,True,53801,False,True,True,53801,False,True,True,53801,False,True,True,True
5331,61372,False,256,False,True,False,256,False,True,False,256,False,True,False,True
5332,47658,True,53801,False,True,True,53801,False,True,True,53801,False,True,True,True
5333,47771,True,53801,False,True,True,53801,False,True,True,53801,False,True,True,True
5333,61675,False,256,False,True,False,256,False,True,False,256,False,True,False,True
5334,47851,True,53801,False,True,True,53801,False,True,True,53801,False,True,True,True
5335,47866,True,53801,False,True,True,53801,False,True,True,53801,False,True,True,True
5335,70939,False,256,False,True,False,256,False,True,False,256,False,True,False,True
5336,47921,True,53801,False,True,True,53801,False,True,True,53801,False,True,True,True
5337,47970,True,53801,False,True,True,53801,False,True,True,53801,False,True,True,True
5338,48313,True,53801,False,True,True,53801,False,True,True,53801,False,True,True,True
5339,48688,True,53801,False,True,True,53801,False,True,True,53801,False,True,True,True
5340,48742,True,53801,False,True,True,53801,False,True,True,53801,False,True,True,True
5341,49142,True,53801,False,True,True,53801,False,True,True,53801,False,True,True,True
5342,49232,True,53801,False,True,True,53801,False,True,True,53801,False,True,True,True
5343,45204,False,256,False,True,False,256,False,True,False,256,False,True,False,True
5343,49839,True,53801,False,True,True,53801,False,True,True,53801,False,True,True,True
5344,49846,True,53801,False,True,True,53801,False,True,True,53801,False,True,True,True
5345,49877,True,53801,False,True,True,53801,False,True,True,53801,False,True,True,True
5346,49894,True,53801,False,True,True,53801,False,True,True,53801,False,True,True,True
5347,50001,True,53801,False,True,True,53801,False,True,True,53801,False,True,True,True
5348,50145,True,53801,False,True,True,53801,False,True,True,53801,False,True,True,True
5349,50209,True,53801,False,True,True,53801,False,True,True,53801,False,True,True,True
5350,50483,True,53801,False,True,True,53801,False,True,True,53801,False,True,True,True
5351,50717,True,53801,False,True,True,53801,False,True,True,53801,False,True,True,True
5352,50732,True,53801,False,True,True,53801,False,True,True,53801,False,True,True,True
5353,50871,True,53801,False,True,True,53801,False,True,True,53801,False,True,True,True
5354,51001,True,53801,False,True,True,53801,False,True,True,53801,False,True,True,True
5355,51424,True,53801,False,True,True,53801,False,True,True,53801,False,True,True,True
5356,51672,True,53801,False,True,True,53801,False,True,True,53801,False,True,True,True
5357,51906,True,53801,False,True,True,53801,False,True,True,53801,False,True,True,True
5358,51944,True,53801,False,True,True,53801,False,True,True,53801,False,True,True,True
5359,51960,True,53801,False,True,True,53801,False,True,True,53801,False,True,True,True
5360,23726,False,256,False,True,False,256,False,True,False,256,False,True,False,True
5360,52058,True,53801,False,True,True,53801,False,True,True,53801,False,True,True,True
5361,52100,True,53801,False,True,True,53801,False,True,True,53801,False,True,True,True
5362,52593,True,53801,False,True,True,53801,False,True,True,53801,False,True,True,True
5363,52816,True,53801,False,True,True,53801,False,True,True,53801,False,True,True,True
5364,52827,True,53801,False,True,True,53801,False,True,True,53801,False,True,True,True
5365,53172,True,53801,False,True,True,53801,False,True,True,53801,False,True,True,True
5366,53175,True,53801,False,True,True,53801,False,True,True,53801,False,True,True,True
5367,53270,True,53801,False,True,True,53801,False,True,True,53801,False,True,True,True
5368,53707,True,53801,False,True,True,53801,False,True,True,53801,False,True,True,True
5369,53955,True,53801,False,True,True,53801,False,True,True,53801,False,True,True,True
5370,54080,True,53801,False,True,True,53801,False,True,True,53801,False,True,True,True
5371,54155,True,53801,False,True,True,53801,False,True,True,53801,False,True,True,True
5372,54211,True,53801,False,True,True,53801,False,True,True,53801,False,True,True,True
5373,54272,True,53801,False,True,True,53801,False,True,True,53801,False,True,True,True
5374,54320,True,53801,False,True,True,53801,False,True,True,53801,False,True,True,True
5375,54330,True,53801,False,True,True,53801,False,True,True,53801,False,True,True,True
5376,54334,True,53801,False,True,True,53801,False,True,True,53801,False,True,True,True
5377,54346,True,53801,False,True,True,53801,False,True,True,53801,False,True,True,True
5378,54355,True,53801,False,True,True,53801,False,True,True,53801,False,True,True,True
5379,54372,True,53801,False,True,True,53801,False,True,True,53801,False,True,True,True
5380,54393,True,53801,False,True,True,53801,False,True,True,53801,False,True,True,True
5381,54415,True,53801,False,True,True,53801,False,True,True,53801,False,True,True,True
5382,54416,True,53801,False,True,True,53801,False,True,True,53801,False,True,True,True
5383,54463,True,53801,False,True,True,53801,False,True,True,53801,False,True,True,True
5384,54473,True,53801,False,True,True,53801,False,True,True,53801,False,True,True,True
5385,54481,True,53801,False,True,True,53801,False,True,True,53801,False,True,True,True
5386,54493,True,53801,False,True,True,53801,False,True,True,53801,False,True,True,True
5387,54522,True,53801,False,True,True,53801,False,True,True,53801,False,True,True,True
5388,54544,True,53801,False,True,True,53801,False,True,True,53801,False,True,True,True
5389,54550,True,53801,False,True,True,53801,False,True,True,53801,False,True,True,True
5390,54556,True,53801,False,True,True,53801,False,True,True,53801,False,True,True,True
5391,54558,True,53801,False,True,True,53801,False,True,True,53801,False,True,True,True
5392,54559,True,53801,False,True,True,53801,False,True,True,53801,False,True,True,True
5393,54573,True,53801,False,True,True,53801,False,True,True,53801,False,True,True,True
5394,54578,True,53801,False,True,True,53801,False,True,True,53801,False,True,True,True
5395,54579,True,53801,False,True,True,53801,False,True,True,53801,False,True,True,True
5396,45234,False,256,False,True,False,256,False,True,False,256,False,True,False,True
5396,54594,True,53801,False,True,True,53801,False,True,True,53801,False,True,True,True
5397,54604,True,53801,False,True,True,53801,False,True,True,53801,False,True,True,True
5398,54607,True,53801,False,True,True,53801,False,True,True,53801,False,True,True,True
5399,54610,True,53801,False,True,True,53801,False,True,True,53801,False,True,True,True
5400,54635,True,53801,False,True,True,53801,False,True,True,53801,False,True,True,True
5401,54637,True,53801,False,True,True,53801,False,True,True,53801,False,True,True,True
5402,54655,True,53801,False,True,True,53801,False,True,True,53801,False,True,True,True
5402,72215,False,256,False,True,False,256,False,True,False,256,False,True,False,True
5403,54689,True,53801,False,True,True,53801,False,True,True,53801,False,True,True,True
5404,54702,True,53801,False,True,True,53801,False,True,True,53801,False,True,True,True
5405,54713,True,53801,False,True,True,53801,False,True,True,53801,False,True,True,True
5406,54722,True,53801,False,True,True,53801,False,True,True,53801,False,True,True,True
5407,54726,True,53801,False,True,True,53801,False,True,True,53801,False,True,True,True
5408,54728,True,53801,False,True,True,53801,False,True,True,53801,False,True,True,True
5409,54729,True,53801,False,True,True,53801,False,True,True,53801,False,True,True,True
5410,54741,True,53801,False,True,True,53801,False,True,True,53801,False,True,True,True
5411,54745,True,53801,False,True,True,53801,False,True,True,53801,False,True,True,True
5412,54746,True,53801,False,True,True,53801,False,True,True,53801,False,True,True,True
5413,54747,True,53801,False,True,True,53801,False,True,True,53801,False,True,True,True
5414,54771,True,53801,False,True,True,53801,False,True,True,53801,False,True,True,True
5415,54772,True,53801,False,True,True,53801,False,True,True,53801,False,True,True,True
5416,54781,True,53801,False,True,True,53801,False,True,True,53801,False,True,True,True
5417,54785,True,53801,False,True,True,53801,False,True,True,53801,False,True,True,True
5418,54796,True,53801,False,True,True,53801,False,True,True,53801,False,True,True,True
5419,54818,True,53801,False,True,True,53801,False,True,True,53801,False,True,True,True
5420,54832,True,53801,False,True,True,53801,False,True,True,53801,False,True,True,True
5421,54878,True,53801,False,True,True,53801,False,True,True,53801,False,True,True,True
5422,54907,True,53801,False,True,True,53801,False,True,True,53801,False,True,True,True
5423,54937,True,53801,False,True,True,53801,False,True,True,53801,False,True,True,True
5424,9825,False,256,False,True,False,256,False,True,False,256,False,True,False,True
5424,54949,True,53801,False,True,True,53801,False,True,True,53801,False,True,True,True
5425,54965,True,53801,False,True,True,53801,False,True,True,53801,False,True,True,True
5426,18835,False,256,False,True,False,256,False,True,False,256,False,True,False,True
5426,54970,True,53801,False,True,True,53801,False,True,True,53801,False,True,True,True
5427,54988,True,53801,False,True,True,53801,False,True,True,53801,False,True,True,True
5428,54997,True,53801,False,True,True,53801,False,True,True,53801,False,True,True,True
5429,55009,True,53801,False,True,True,53801,False,True,True,53801,False,True,True,True
5430,55020,True,53801,False,True,True,53801,False,True,True,53801,False,True,True,True
5431,55026,True,53801,False,True,True,53801,False,True,True,53801,False,True,True,True
5432,55043,True,53801,False,True,True,53801,False,True,True,53801,False,True,True,True
5433,55046,True,53801,False,True,True,53801,False,True,True,53801,False,True,True,True
5434,3388,False,256,False,True,False,256,False,True,False,256,False,True,False,True
5434,55048,True,53801,False,True,True,53801,False,True,True,53801,False,True,True,True
5435,34500,False,256,False,True,False,256,False,True,False,256,False,True,False,True
5435,55058,True,53801,False,True,True,53801,False,True,True,53801,False,True,True,True
5436,55075,True,53801,False,True,True,53801,False,True,True,53801,False,True,True,True
5437,55082,True,53801,False,True,True,53801,False,True,True,53801,False,True,True,True
5438,18956,False,256,False,True,False,256,False,True,False,256,False,True,False,True
5438,55087,True,53801,False,True,True,53801,False,True,True,53801,False,True,True,True
5439,13428,False,256,False,True,False,256,False,True,False,256,False,True,False,True
5439,55101,True,53801,False,True,True,53801,False,True,True,53801,False,True,True,True
5440,55105,True,53801,False,True,True,53801,False,True,True,53801,False,True,True,True
5441,55110,True,53801,False,True,True,53801,False,True,True,53801,False,True,True,True
5442,55111,True,53801,False,True,True,53801,False,True,True,53801,False,True,True,True
5443,55118,True,53801,False,True,True,53801,False,True,True,53801,False,True,True,True
5444,55119,True,53801,False,True,True,53801,False,True,True,53801,False,True,True,True
5445,55122,True,53801,False,True,True,53801,False,True,True,53801,False,True,True,True
5446,55126,True,53801,False,True,True,53801,False,True,True,53801,False,True,True,True
5447,55130,True,53801,False,True,True,53801,False,True,True,53801,False,True,True,True
5448,55132,True,53801,False,True,True,53801,False,True,True,53801,False,True,True,True
5449,55134,True,53801,False,True,True,53801,False,True,True,53801,False,True,True,True
5450,40265,False,256,False,True,False,256,False,True,False,256,False,True,False,True
5450,55135,True,53801,False,True,True,53801,False,True,True,53801,False,True,True,True
5451,55139,True,53801,False,True,True,53801,False,True,True,53801,False,True,True,True
5452,55143,True,53801,False,True,True,53801,False,True,True,53801,False,True,True,True
5453,55144,True,53801,False,True,True,53801,False,True,True,53801,False,True,True,True
5454,55147,True,53801,False,True,True,53801,False,True,True,53801,False,True,True,True
5455,55149,True,53801,False,True,True,53801,False,True,True,53801,False,True,True,True
5456,55152,True,53801,False,True,True,53801,False,True,True,53801,False,True,True,True
5457,55156,True,53801,False,True,True,53801,False,True,True,53801,False,True,True,True
5458,55160,True,53801,False,True,True,53801,False,True,True,53801,False,True,True,True
5459,32483,False,256,False,True,False,256,False,True,False,256,False,True,False,True
5459,55183,True,53801,False,True,True,53801,False,True,True,53801,False,True,True,True
5460,55190,True,53801,False,True,True,53801,False,True,True,53801,False,True,True,True
5461,55192,True,53801,False,True,True,53801,False,True,True,53801,False,True,True,True
5462,55195,True,53801,False,True,True,53801,False,True,True,53801,False,True,True,True
5463,55198,True,53801,False,True,True,53801,False,True,True,53801,False,True,True,True
5464,55203,True,53801,False,True,True,53801,False,True,True,53801,False,True,True,True
5464,83615,False,256,False,True,False,256,False,True,False,256,False,True,False,True
5465,55206,True,53801,False,True,True,53801,False,True,True,53801,False,True,True,True
5466,55220,True,53801,False,True,True,53801,False,True,True,53801,False,True,True,True
5467,55226,True,53801,False,True,True,53801,False,True,True,53801,False,True,True,True
5468,55244,True,53801,False,True,True,53801,False,True,True,53801,False,True,True,True
5469,55269,True,53801,False,True,True,53801,False,True,True,53801,False,True,True,True
5470,55287,True,53801,False,True,True,53801,False,True,True,53801,False,True,True,True
5471,55296,True,53801,False,True,True,53801,False,True,True,53801,False,True,True,True
5472,55299,True,53801,False,True,True,53801,False,True,True,53801,False,True,True,True
5473,55311,True,53801,False,True,True,53801,False,True,True,53801,False,True,True,True
5474,55316,True,53801,False,True,True,53801,False,True,True,53801,False,True,True,True
5475,13661,False,256,False,True,False,256,False,True,False,256,False,True,False,True
5475,55331,True,53801,False,True,True,53801,False,True,True,53801,False,True,True,True
5476,55342,True,53801,False,True,True,53801,False,True,True,53801,False,True,True,True
5477,55345,True,53801,False,True,True,53801,False,True,True,53801,False,True,True,True
5478,55352,True,53801,False,True,True,53801,False,True,True,53801,False,True,True,True
5479,55366,True,53801,False,True,True,53801,False,True,True,53801,False,True,True,True
5480,28345,False,256,False,True,False,256,False,True,False,256,False,True,False,True
5480,55368,True,53801,False,True,True,53801,False,True,True,53801,False,True,True,True
5480,83810,False,256,False,True,False,256,False,True,False,256,False,True,False,True
5481,55371,True,53801,False,True,True,53801,False,True,True,53801,False,True,True,True
5482,10282,False,256,False,True,False,256,False,True,False,256,False,True,False,True
5482,55380,True,53801,False,True,True,53801,False,True,True,53801,False,True,True,True
5483,55383,True,53801,False,True,True,53801,False,True,True,53801,False,True,True,True
5484,55389,True,53801,False,True,True,53801,False,True,True,53801,False,True,True,True
5485,55394,True,53801,False,True,True,53801,False,True,True,53801,False,True,True,True
5486,55401,True,53801,False,True,True,53801,False,True,True,53801,False,True,True,True
5487,55409,True,53801,False,True,True,53801,False,True,True,53801,False,True,True,True
5488,55421,True,53801,False,True,True,53801,False,True,True,53801,False,True,True,True
5489,10317,False,256,False,True,False,256,False,True,False,256,False,True,False,True
5489,55429,True,53801,False,True,True,53801,False,True,True,53801,False,True,True,True
5491,55433,True,53801,False,True,True,53801,False,True,True,53801,False,True,True,True
5492,55456,True,53801,False,True,True,53801,False,True,True,53801,False,True,True,True
5493,55461,True,53801,False,True,True,53801,False,True,True,53801,False,True,True,True
5494,55469,True,53801,False,True,True,53801,False,True,True,53801,False,True,True,True
5495,55475,True,53801,False,True,True,53801,False,True,True,53801,False,True,True,True
5496,55480,True,53801,False,True,True,53801,False,True,True,53801,False,True,True,True
5497,55483,True,53801,False,True,True,53801,False,True,True,53801,False,True,True,True
5498,55493,True,53801,False,True,True,53801,False,True,True,53801,False,True,True,True
5499,55506,True,53801,False,True,True,53801,False,True,True,53801,False,True,True,True
5500,55507,True,53801,False,True,True,53801,False,True,True,53801,False,True,True,True
5501,55510,True,53801,False,True,True,53801,False,True,True,53801,False,True,True,True
5502,55519,True,53801,False,True,True,53801,False,True,True,53801,False,True,True,True
5503,55534,True,53801,False,True,True,53801,False,True,True,53801,False,True,True,True
5504,55544,True,53801,False,True,True,53801,False,True,True,53801,False,True,True,True
5505,55549,True,53801,False,True,True,53801,False,True,True,53801,False,True,True,True
5506,55565,True,53801,False,True,True,53801,False,True,True,53801,False,True,True,True
5507,26042,False,256,False,True,False,256,False,True,False,256,False,True,False,True
5507,55572,True,53801,False,True,True,53801,False,True,True,53801,False,True,True,True
5508,55574,True,53801,False,True,True,53801,False,True,True,53801,False,True,True,True
5509,55575,True,53801,False,True,True,53801,False,True,True,53801,False,True,True,True
5510,55587,True,53801,False,True,True,53801,False,True,True,53801,False,True,True,True
5511,55625,True,53801,False,True,True,53801,False,True,True,53801,False,True,True,True
5512,55628,True,53801,False,True,True,53801,False,True,True,53801,False,True,True,True
5513,55632,True,53801,False,True,True,53801,False,True,True,53801,False,True,True,True
5514,55637,True,53801,False,True,True,53801,False,True,True,53801,False,True,True,True
5515,55644,True,53801,False,True,True,53801,False,True,True,53801,False,True,True,True
5516,55646,True,53801,False,True,True,53801,False,True,True,53801,False,True,True,True
5517,55651,True,53801,False,True,True,53801,False,True,True,53801,False,True,True,True
5518,55652,True,53801,False,True,True,53801,False,True,True,53801,False,True,True,True
5518,73334,False,256,False,True,False,256,False,True,False,256,False,True,False,True
5519,55661,True,53801,False,True,True,53801,False,True,True,53801,False,True,True,True
5519,80541,False,256,False,True,False,256,False,True,False,256,False,True,False,True
5520,55698,True,53801,False,True,True,53801,False,True,True,53801,False,True,True,True
5521,55702,True,53801,False,True,True,53801,False,True,True,53801,False,True,True,True
5522,55712,True,53801,False,True,True,53801,False,True,True,53801,False,True,True,True
5523,55716,True,53801,False,True,True,53801,False,True,True,53801,False,True,True,True
5524,55730,True,53801,False,True,True,53801,False,True,True,53801,False,True,True,True
5524,80610,False,256,False,True,False,256,False,True,False,256,False,True,False,True
5525,55737,True,53801,False,True,True,53801,False,True,True,53801,False,True,True,True
5526,55738,True,53801,False,True,True,53801,False,True,True,53801,False,True,True,True
5527,55741,True,53801,False,True,True,53801,False,True,True,53801,False,True,True,True
5528,55749,True,53801,False,True,True,53801,False,True,True,53801,False,True,True,True
5529,55750,True,53801,False,True,True,53801,False,True,True,53801,False,True,True,True
5530,55756,True,53801,False,True,True,53801,False,True,True,53801,False,True,True,True
5531,55758,True,53801,False,True,True,53801,False,True,True,53801,False,True,True,True
5532,55763,True,53801,False,True,True,53801,False,True,True,53801,False,True,True,True
5533,55774,True,53801,False,True,True,53801,False,True,True,53801,False,True,True,True
5534,55776,True,53801,False,True,True,53801,False,True,True,53801,False,True,True,True
5535,55795,True,53801,False,True,True,53801,False,True,True,53801,False,True,True,True
5536,55801,True,53801,False,True,True,53801,False,True,True,53801,False,True,True,True
5537,55815,True,53801,False,True,True,53801,False,True,True,53801,False,True,True,True
5538,55829,True,53801,False,True,True,53801,False,True,True,53801,False,True,True,True
5539,55835,True,53801,False,True,True,53801,False,True,True,53801,False,True,True,True
5540,55841,True,53801,False,True,True,53801,False,True,True,53801,False,True,True,True
5541,55850,True,53801,False,True,True,53801,False,True,True,53801,False,True,True,True
5542,55851,True,53801,False,True,True,53801,False,True,True,53801,False,True,True,True
5543,55862,True,53801,False,True,True,53801,False,True,True,53801,False,True,True,True
5544,55863,True,53801,False,True,True,53801,False,True,True,53801,False,True,True,True
5545,55871,True,53801,False,True,True,53801,False,True,True,53801,False,True,True,True
5546,55873,True,53801,False,True,True,53801,False,True,True,53801,False,True,True,True
5547,55879,True,53801,False,True,True,53801,False,True,True,53801,False,True,True,True
5548,55886,True,53801,False,True,True,53801,False,True,True,53801,False,True,True,True
5549,55891,True,53801,False,True,True,53801,False,True,True,53801,False,True,True,True
5550,55904,True,53801,False,True,True,53801,False,True,True,53801,False,True,True,True
5551,55912,True,53801,False,True,True,53801,False,True,True,53801,False,True,True,True
5552,55925,True,53801,False,True,True,53801,False,True,True,53801,False,True,True,True
5553,55952,True,53801,False,True,True,53801,False,True,True,53801,False,True,True,True
5554,55955,True,53801,False,True,True,53801,False,True,True,53801,False,True,True,True
5555,55970,True,53801,False,True,True,53801,False,True,True,53801,False,True,True,True
5556,55971,True,53801,False,True,True,53801,False,True,True,53801,False,True,True,True
5557,55977,True,53801,False,True,True,53801,False,True,True,53801,False,True,True,True
5558,55979,True,53801,False,True,True,53801,False,True,True,53801,False,True,True,True
5559,56005,True,53801,False,True,True,53801,False,True,True,53801,False,True,True,True
5560,56020,True,53801,False,True,True,53801,False,True,True,53801,False,True,True,True
5561,2408,False,256,False,True,False,256,False,True,False,256,False,True,False,True
5561,56024,True,53801,False,True,True,53801,False,True,True,53801,False,True,True,True
5562,56028,True,53801,False,True,True,53801,False,True,True,53801,False,True,True,True
5563,5370,False,256,False,True,False,256,False,True,False,256,False,True,False,True
5563,56047,True,53801,False,True,True,53801,False,True,True,53801,False,True,True,True
5563,87796,False,256,False,True,False,256,False,True,False,256,False,True,False,True
5564,56050,True,53801,False,True,True,53801,False,True,True,53801,False,True,True,True
5564,80936,False,256,False,True,False,256,False,True,False,256,False,True,False,True
5565,51900,False,256,False,True,False,256,False,True,False,256,False,True,False,True
5565,56051,True,53801,False,True,True,53801,False,True,True,53801,False,True,True,True
5566,56066,True,53801,False,True,True,53801,False,True,True,53801,False,True,True,True
5567,56073,True,53801,False,True,True,53801,False,True,True,53801,False,True,True,True
5568,56077,True,53801,False,True,True,53801,False,True,True,53801,False,True,True,True
5569,56082,True,53801,False,True,True,53801,False,True,True,53801,False,True,True,True
5570,56085,True,53801,False,True,True,53801,False,True,True,53801,False,True,True,True
5571,56109,True,53801,False,True,True,53801,False,True,True,53801,False,True,True,True
5572,56116,True,53801,False,True,True,53801,False,True,True,53801,False,True,True,True
5573,56156,True,53801,False,True,True,53801,False,True,True,53801,False,True,True,True
5574,56177,True,53801,False,True,True,53801,False,True,True,53801,False,True,True,True
5575,36323,False,256,False,True,False,256,False,True,False,256,False,True,False,True
5575,56188,True,53801,False,True,True,53801,False,True,True,53801,False,True,True,True
5576,56198,True,53801,False,True,True,53801,False,True,True,53801,False,True,True,True
5577,56206,True,53801,False,True,True,53801,False,True,True,53801,False,True,True,True
5578,56214,True,53801,False,True,True,53801,False,True,True,53801,False,True,True,True
5579,56217,True,53801,False,True,True,53801,False,True,True,53801,False,True,True,True
5580,56221,True,53801,False,True,True,53801,False,True,True,53801,False,True,True,True
5581,56224,True,53801,False,True,True,53801,False,True,True,53801,False,True,True,True
5582,56229,True,53801,False,True,True,53801,False,True,True,53801,False,True,True,True
5583,36415,False,256,False,True,False,256,False,True,False,256,False,True,False,True
5583,56249,True,53801,False,True,True,53801,False,True,True,53801,False,True,True,True
5584,56257,True,53801,False,True,True,53801,False,True,True,53801,False,True,True,True
5585,56274,True,53801,False,True,True,53801,False,True,True,53801,False,True,True,True
5586,56280,True,53801,False,True,True,53801,False,True,True,53801,False,True,True,True
5587,56305,True,53801,False,True,True,53801,False,True,True,53801,False,True,True,True
5588,56333,True,53801,False,True,True,53801,False,True,True,53801,False,True,True,True
5589,56344,True,53801,False,True,True,53801,False,True,True,53801,False,True,True,True
5590,56346,True,53801,False,True,True,53801,False,True,True,53801,False,True,True,True
5591,56350,True,53801,False,True,True,53801,False,True,True,53801,False,True,True,True
5592,56386,True,53801,False,True,True,53801,False,True,True,53801,False,True,True,True
5593,56387,True,53801,False,True,True,53801,False,True,True,53801,False,True,True,True
5594,56418,True,53801,False,True,True,53801,False,True,True,53801,False,True,True,True
5595,56426,True,53801,False,True,True,53801,False,True,True,53801,False,True,True,True
5595,70848,False,256,False,True,False,256,False,True,False,256,False,True,False,True
5596,56437,True,53801,False,True,True,53801,False,True,True,53801,False,True,True,True
5597,56438,True,53801,False,True,True,53801,False,True,True,53801,False,True,True,True
5598,56453,True,53801,False,True,True,53801,False,True,True,53801,False,True,True,True
5599,56463,True,53801,False,True,True,53801,False,True,True,53801,False,True,True,True
5600,56478,True,53801,False,True,True,53801,False,True,True,53801,False,True,True,True
5600,74184,False,256,False,True,False,256,False,True,False,256,False,True,False,True
5601,56504,True,53801,False,True,True,53801,False,True,True,53801,False,True,True,True
5602,56507,True,53801,False,True,True,53801,False,True,True,53801,False,True,True,True
5603,56515,True,53801,False,True,True,53801,False,True,True,53801,False,True,True,True
5604,56517,True,53801,False,True,True,53801,False,True,True,53801,False,True,True,True
5605,56525,True,53801,False,True,True,53801,False,True,True,53801,False,True,True,True
5606,56535,True,53801,False,True,True,53801,False,True,True,53801,False,True,True,True
5607,56550,True,53801,False,True,True,53801,False,True,True,53801,False,True,True,True
5608,56574,True,53801,False,True,True,53801,False,True,True,53801,False,True,True,True
5609,56578,True,53801,False,True,True,53801,False,True,True,53801,False,True,True,True
5610,56583,True,53801,False,True,True,53801,False,True,True,53801,False,True,True,True
5611,56586,True,53801,False,True,True,53801,False,True,True,53801,False,True,True,True
5612,56592,True,53801,False,True,True,53801,False,True,True,53801,False,True,True,True
5613,56600,True,53801,False,True,True,53801,False,True,True,53801,False,True,True,True
5614,56602,True,53801,False,True,True,53801,False,True,True,53801,False,True,True,True
5615,56606,True,53801,False,True,True,53801,False,True,True,53801,False,True,True,True
5616,56611,True,53801,False,True,True,53801,False,True,True,53801,False,True,True,True
5617,56647,True,53801,False,True,True,53801,False,True,True,53801,False,True,True,True
5618,56660,True,53801,False,True,True,53801,False,True,True,53801,False,True,True,True
5619,56671,True,53801,False,True,True,53801,False,True,True,53801,False,True,True,True
5620,56673,True,53801,False,True,True,53801,False,True,True,53801,False,True,True,True
5621,43007,False,256,False,True,False,256,False,True,False,256,False,True,False,True
5621,56678,True,53801,False,True,True,53801,False,True,True,53801,False,True,True,True
5622,56693,True,53801,False,True,True,53801,False,True,True,53801,False,True,True,True
5623,56705,True,53801,False,True,True,53801,False,True,True,53801,False,True,True,True
5624,56708,True,53801,False,True,True,53801,False,True,True,53801,False,True,True,True
5625,56717,True,53801,False,True,True,53801,False,True,True,53801,False,True,True,True
5626,56726,True,53801,False,True,True,53801,False,True,True,53801,False,True,True,True
5627,56727,True,53801,False,True,True,53801,False,True,True,53801,False,True,True,True
5628,56728,True,53801,False,True,True,53801,False,True,True,53801,False,True,True,True
5628,71069,False,256,False,True,False,256,False,True,False,256,False,True,False,True
5629,56731,True,53801,False,True,True,53801,False,True,True,53801,False,True,True,True
5630,56733,True,53801,False,True,True,53801,False,True,True,53801,False,True,True,True
5631,56734,True,53801,False,True,True,53801,False,True,True,53801,False,True,True,True
5632,56750,True,53801,False,True,True,53801,False,True,True,53801,False,True,True,True
5633,56758,True,53801,False,True,True,53801,False,True,True,53801,False,True,True,True
5634,56764,True,53801,False,True,True,53801,False,True,True,53801,False,True,True,True
5635,56769,True,53801,False,True,True,53801,False,True,True,53801,False,True,True,True
5636,56784,True,53801,False,True,True,53801,False,True,True,53801,False,True,True,True
5637,56791,True,53801,False,True,True,53801,False,True,True,53801,False,True,True,True
5638,56810,True,53801,False,True,True,53801,False,True,True,53801,False,True,True,True
5639,56815,True,53801,False,True,True,53801,False,True,True,53801,False,True,True,True
5640,56821,True,53801,False,True,True,53801,False,True,True,53801,False,True,True,True
5640,68519,False,256,False,True,False,256,False,True,False,256,False,True,False,True
5641,56823,True,53801,False,True,True,53801,False,True,True,53801,False,True,True,True
5642,56824,True,53801,False,True,True,53801,False,True,True,53801,False,True,True,True
5643,56825,True,53801,False,True,True,53801,False,True,True,53801,False,True,True,True
5644,56836,True,53801,False,True,True,53801,False,True,True,53801,False,True,True,True
5645,56839,True,53801,False,True,True,53801,False,True,True,53801,False,True,True,True
5646,56843,True,53801,False,True,True,53801,False,True,True,53801,False,True,True,True
5647,56845,True,53801,False,True,True,53801,False,True,True,53801,False,True,True,True
5648,56851,True,53801,False,True,True,53801,False,True,True,53801,False,True,True,True
5649,56854,True,53801,False,True,True,53801,False,True,True,53801,False,True,True,True
5650,56856,True,53801,False,True,True,53801,False,True,True,53801,False,True,True,True
5651,56886,True,53801,False,True,True,53801,False,True,True,53801,False,True,True,True
5652,56897,True,53801,False,True,True,53801,False,True,True,53801,False,True,True,True
5653,56916,True,53801,False,True,True,53801,False,True,True,53801,False,True,True,True
5654,56923,True,53801,False,True,True,53801,False,True,True,53801,False,True,True,True
5655,56936,True,53801,False,True,True,53801,False,True,True,53801,False,True,True,True
5656,56961,True,53801,False,True,True,53801,False,True,True,53801,False,True,True,True
5657,56972,True,53801,False,True,True,53801,False,True,True,53801,False,True,True,True
5658,56974,True,53801,False,True,True,53801,False,True,True,53801,False,True,True,True
5659,56979,True,53801,False,True,True,53801,False,True,True,53801,False,True,True,True
5659,62515,False,256,False,True,False,256,False,True,False,256,False,True,False,True
5660,56982,True,53801,False,True,True,53801,False,True,True,53801,False,True,True,True
5661,56986,True,53801,False,True,True,53801,False,True,True,53801,False,True,True,True
5662,56987,True,53801,False,True,True,53801,False,True,True,53801,False,True,True,True
5663,56988,True,53801,False,True,True,53801,False,True,True,53801,False,True,True,True
5663,85434,False,256,False,True,False,256,False,True,False,256,False,True,False,True
5664,56989,True,53801,False,True,True,53801,False,True,True,53801,False,True,True,True
5665,56995,True,53801,False,True,True,53801,False,True,True,53801,False,True,True,True
5666,57034,True,53801,False,True,True,53801,False,True,True,53801,False,True,True,True
5667,57044,True,53801,False,True,True,53801,False,True,True,53801,False,True,True,True
5668,57048,True,53801,False,True,True,53801,False,True,True,53801,False,True,True,True
5669,57054,True,53801,False,True,True,53801,False,True,True,53801,False,True,True,True
5670,57060,True,53801,False,True,True,53801,False,True,True,53801,False,True,True,True
5671,57064,True,53801,False,True,True,53801,False,True,True,53801,False,True,True,True
5672,57077,True,53801,False,True,True,53801,False,True,True,53801,False,True,True,True
5673,57085,True,53801,False,True,True,53801,False,True,True,53801,False,True,True,True
5674,57090,True,53801,False,True,True,53801,False,True,True,53801,False,True,True,True
5675,57108,True,53801,False,True,True,53801,False,True,True,53801,False,True,True,True
5676,57109,True,53801,False,True,True,53801,False,True,True,53801,False,True,True,True
5678,57118,True,53801,False,True,True,53801,False,True,True,53801,False,True,True,True
5679,57119,True,53801,False,True,True,53801,False,True,True,53801,False,True,True,True
5680,57120,True,53801,False,True,True,53801,False,True,True,53801,False,True,True,True
5680,88694,False,256,False,True,False,256,False,True,False,256,False,True,False,True
5681,57155,True,53801,False,True,True,53801,False,True,True,53801,False,True,True,True
5682,57181,True,53801,False,True,True,53801,False,True,True,53801,False,True,True,True
5683,57191,True,53801,False,True,True,53801,False,True,True,53801,False,True,True,True
5684,57194,True,53801,False,True,True,53801,False,True,True,53801,False,True,True,True
5685,57196,True,53801,False,True,True,53801,False,True,True,53801,False,True,True,True
5686,57207,True,53801,False,True,True,53801,False,True,True,53801,False,True,True,True
5687,57208,True,53801,False,True,True,53801,False,True,True,53801,False,True,True,True
5688,57215,True,53801,False,True,True,53801,False,True,True,53801,False,True,True,True
5689,57239,True,53801,False,True,True,53801,False,True,True,53801,False,True,True,True
5690,57241,True,53801,False,True,True,53801,False,True,True,53801,False,True,True,True
5691,57242,True,53801,False,True,True,53801,False,True,True,53801,False,True,True,True
5692,57243,True,53801,False,True,True,53801,False,True,True,53801,False,True,True,True
5693,57257,True,53801,False,True,True,53801,False,True,True,53801,False,True,True,True
5694,57262,True,53801,False,True,True,53801,False,True,True,53801,False,True,True,True
5695,57264,True,53801,False,True,True,53801,False,True,True,53801,False,True,True,True
5696,12070,False,256,False,True,False,256,False,True,False,256,False,True,False,True
5696,57267,True,53801,False,True,True,53801,False,True,True,53801,False,True,True,True
5697,57268,True,53801,False,True,True,53801,False,True,True,53801,False,True,True,True
5698,57272,True,53801,False,True,True,53801,False,True,True,53801,False,True,True,True
5699,57277,True,53801,False,True,True,53801,False,True,True,53801,False,True,True,True
5700,57297,True,53801,False,True,True,53801,False,True,True,53801,False,True,True,True
5701,57301,True,53801,False,True,True,53801,False,True,True,53801,False,True,True,True
5702,57308,True,53801,False,True,True,53801,False,True,True,53801,False,True,True,True
5703,57338,True,53801,False,True,True,53801,False,True,True,53801,False,True,True,True
5704,57370,True,53801,False,True,True,53801,False,True,True,53801,False,True,True,True
5705,57374,True,53801,False,True,True,53801,False,True,True,53801,False,True,True,True
5706,57382,True,53801,False,True,True,53801,False,True,True,53801,False,True,True,True
5707,57386,True,53801,False,True,True,53801,False,True,True,53801,False,True,True,True
5708,57402,True,53801,False,True,True,53801,False,True,True,53801,False,True,True,True
5709,57414,True,53801,False,True,True,53801,False,True,True,53801,False,True,True,True
5710,57443,True,53801,False,True,True,53801,False,True,True,53801,False,True,True,True
5711,57453,True,53801,False,True,True,53801,False,True,True,53801,False,True,True,True
5712,57461,True,53801,False,True,True,53801,False,True,True,53801,False,True,True,True
5713,57485,True,53801,False,True,True,53801,False,True,True,53801,False,True,True,True
5714,57507,True,53801,False,True,True,53801,False,True,True,53801,False,True,True,True
5715,57513,True,53801,False,True,True,53801,False,True,True,53801,False,True,True,True
5716,57520,True,53801,False,True,True,53801,False,True,True,53801,False,True,True,True
5717,57527,True,53801,False,True,True,53801,False,True,True,53801,False,True,True,True
5718,57528,True,53801,False,True,True,53801,False,True,True,53801,False,True,True,True
5719,57542,True,53801,False,True,True,53801,False,True,True,53801,False,True,True,True
5720,57545,True,53801,False,True,True,53801,False,True,True,53801,False,True,True,True
5721,57557,True,53801,False,True,True,53801,False,True,True,53801,False,True,True,True
5722,57568,True,53801,False,True,True,53801,False,True,True,53801,False,True,True,True
5723,57577,True,53801,False,True,True,53801,False,True,True,53801,False,True,True,True
5724,57585,True,53801,False,True,True,53801,False,True,True,53801,False,True,True,True
5725,27016,False,256,False,True,False,256,False,True,False,256,False,True,False,True
5725,57591,True,53801,False,True,True,53801,False,True,True,53801,False,True,True,True
5726,57592,True,53801,False,True,True,53801,False,True,True,53801,False,True,True,True
5727,57593,True,53801,False,True,True,53801,False,True,True,53801,False,True,True,True
5728,16022,False,256,False,True,False,256,False,True,False,256,False,True,False,True
5728,57597,True,53801,False,True,True,53801,False,True,True,53801,False,True,True,True
5729,25224,False,256,False,True,False,256,False,True,False,256,False,True,False,True
5729,57604,True,53801,False,True,True,53801,False,True,True,53801,False,True,True,True
5730,57605,True,53801,False,True,True,53801,False,True,True,53801,False,True,True,True
5731,57606,True,53801,False,True,True,53801,False,True,True,53801,False,True,True,True
5732,57607,True,53801,False,True,True,53801,False,True,True,53801,False,True,True,True
5733,57618,True,53801,False,True,True,53801,False,True,True,53801,False,True,True,True
5734,57623,True,53801,False,True,True,53801,False,True,True,53801,False,True,True,True
5736,57636,True,53801,False,True,True,53801,False,True,True,53801,False,True,True,True
5737,57642,True,53801,False,True,True,53801,False,True,True,53801,False,True,True,True
5738,57664,True,53801,False,True,True,53801,False,True,True,53801,False,True,True,True
5739,57696,True,53801,False,True,True,53801,False,True,True,53801,False,True,True,True
5740,57705,True,53801,False,True,True,53801,False,True,True,53801,False,True,True,True
5741,57707,True,53801,False,True,True,53801,False,True,True,53801,False,True,True,True
5742,57708,True,53801,False,True,True,53801,False,True,True,53801,False,True,True,True
5742,63820,False,256,False,True,False,256,False,True,False,256,False,True,False,True
5743,57735,True,53801,False,True,True,53801,False,True,True,53801,False,True,True,True
5744,57747,True,53801,False,True,True,53801,False,True,True,53801,False,True,True,True
5745,57749,True,53801,False,True,True,53801,False,True,True,53801,False,True,True,True
5746,57764,True,53801,False,True,True,53801,False,True,True,53801,False,True,True,True
5747,57766,True,53801,False,True,True,53801,False,True,True,53801,False,True,True,True
5748,57776,True,53801,False,True,True,53801,False,True,True,53801,False,True,True,True
5749,57789,True,53801,False,True,True,53801,False,True,True,53801,False,True,True,True
5750,57801,True,53801,False,True,True,53801,False,True,True,53801,False,True,True,True
5751,57803,True,53801,False,True,True,53801,False,True,True,53801,False,True,True,True
5752,57817,True,53801,False,True,True,53801,False,True,True,53801,False,True,True,True
5753,57841,True,53801,False,True,True,53801,False,True,True,53801,False,True,True,True
5754,57849,True,53801,False,True,True,53801,False,True,True,53801,False,True,True,True
5755,9214,False,256,False,True,False,256,False,True,False,256,False,True,False,True
5755,57856,True,53801,False,True,True,53801,False,True,True,53801,False,True,True,True
5756,57857,True,53801,False,True,True,53801,False,True,True,53801,False,True,True,True
5757,7713,False,256,False,True,False,256,False,True,False,256,False,True,False,True
5757,57863,True,53801,False,True,True,53801,False,True,True,53801,False,True,True,True
5758,57868,True,53801,False,True,True,53801,False,True,True,53801,False,True,True,True
5759,57877,True,53801,False,True,True,53801,False,True,True,53801,False,True,True,True
5760,57882,True,53801,False,True,True,53801,False,True,True,53801,False,True,True,True
5761,57883,True,53801,False,True,True,53801,False,True,True,53801,False,True,True,True
5762,32241,False,256,False,True,False,256,False,True,False,256,False,True,False,True
5762,57901,True,53801,False,True,True,53801,False,True,True,53801,False,True,True,True
5763,57907,True,53801,False,True,True,53801,False,True,True,53801,False,True,True,True
5764,57916,True,53801,False,True,True,53801,False,True,True,53801,False,True,True,True
5765,57924,True,53801,False,True,True,53801,False,True,True,53801,False,True,True,True
5766,57943,True,53801,False,True,True,53801,False,True,True,53801,False,True,True,True
5767,57957,True,53801,False,True,True,53801,False,True,True,53801,False,True,True,True
5768,57958,True,53801,False,True,True,53801,False,True,True,53801,False,True,True,True
5769,57959,True,53801,False,True,True,53801,False,True,True,53801,False,True,True,True
5770,57972,True,53801,False,True,True,53801,False,True,True,53801,False,True,True,True
5771,57989,True,53801,False,True,True,53801,False,True,True,53801,False,True,True,True
5772,57994,True,53801,False,True,True,53801,False,True,True,53801,False,True,True,True
5773,57998,True,53801,False,True,True,53801,False,True,True,53801,False,True,True,True
5774,58011,True,53801,False,True,True,53801,False,True,True,53801,False,True,True,True
5775,58019,True,53801,False,True,True,53801,False,True,True,53801,False,True,True,True
5776,58035,True,53801,False,True,True,53801,False,True,True,53801,False,True,True,True
5777,58052,True,53801,False,True,True,53801,False,True,True,53801,False,True,True,True
5778,58059,True,53801,False,True,True,53801,False,True,True,53801,False,True,True,True
5779,58078,True,53801,False,True,True,53801,False,True,True,53801,False,True,True,True
5780,58090,True,53801,False,True,True,53801,False,True,True,53801,False,True,True,True
5781,58127,True,53801,False,True,True,53801,False,True,True,53801,False,True,True,True
5782,58136,True,53801,False,True,True,53801,False,True,True,53801,False,True,True,True
5783,58139,True,53801,False,True,True,53801,False,True,True,53801,False,True,True,True
5784,58147,True,53801,False,True,True,53801,False,True,True,53801,False,True,True,True
5785,9381,False,256,False,True,False,256,False,True,False,256,False,True,False,True
5785,58153,True,53801,False,True,True,53801,False,True,True,53801,False,True,True,True
5786,58166,True,53801,False,True,True,53801,False,True,True,53801,False,True,True,True
5787,58185,True,53801,False,True,True,53801,False,True,True,53801,False,True,True,True
5788,58186,True,53801,False,True,True,53801,False,True,True,53801,False,True,True,True
5789,58205,True,53801,False,True,True,53801,False,True,True,53801,False,True,True,True
5790,58209,True,53801,False,True,True,53801,False,True,True,53801,False,True,True,True
5791,58234,True,53801,False,True,True,53801,False,True,True,53801,False,True,True,True
5792,58235,True,53801,False,True,True,53801,False,True,True,53801,False,True,True,True
5793,58252,True,53801,False,True,True,53801,False,True,True,53801,False,True,True,True
5794,58259,True,53801,False,True,True,53801,False,True,True,53801,False,True,True,True
5795,58264,True,53801,False,True,True,53801,False,True,True,53801,False,True,True,True
5796,58272,True,53801,False,True,True,53801,False,True,True,53801,False,True,True,True
5797,58274,True,53801,False,True,True,53801,False,True,True,53801,False,True,True,True
5798,58287,True,53801,False,True,True,53801,False,True,True,53801,False,True,True,True
5799,58292,True,53801,False,True,True,53801,False,True,True,53801,False,True,True,True
5800,58307,True,53801,False,True,True,53801,False,True,True,53801,False,True,True,True
5801,58324,True,53801,False,True,True,53801,False,True,True,53801,False,True,True,True
5802,58332,True,53801,False,True,True,53801,False,True,True,53801,False,True,True,True
5804,58348,True,53801,False,True,True,53801,False,True,True,53801,False,True,True,True
5804,69458,False,256,False,True,False,256,False,True,False,256,False,True,False,True
5805,58349,True,53801,False,True,True,53801,False,True,True,53801,False,True,True,True
5806,58357,True,53801,False,True,True,53801,False,True,True,53801,False,True,True,True
5807,58377,True,53801,False,True,True,53801,False,True,True,53801,False,True,True,True
5808,58379,True,53801,False,True,True,53801,False,True,True,53801,False,True,True,True
5809,58383,True,53801,False,True,True,53801,False,True,True,53801,False,True,True,True
5810,58396,True,53801,False,True,True,53801,False,True,True,53801,False,True,True,True
5811,58399,True,53801,False,True,True,53801,False,True,True,53801,False,True,True,True
5812,18513,False,256,False,True,False,256,False,True,False,256,False,True,False,True
5812,58405,True,53801,False,True,True,53801,False,True,True,53801,False,True,True,True
5813,58407,True,53801,False,True,True,53801,False,True,True,53801,False,True,True,True
5814,58435,True,53801,False,True,True,53801,False,True,True,53801,False,True,True,True
5815,58436,True,53801,False,True,True,53801,False,True,True,53801,False,True,True,True
5816,58441,True,53801,False,True,True,53801,False,True,True,53801,False,True,True,True
5817,58460,True,53801,False,True,True,53801,False,True,True,53801,False,True,True,True
5818,58465,True,53801,False,True,True,53801,False,True,True,53801,False,True,True,True
5819,58468,True,53801,False,True,True,53801,False,True,True,53801,False,True,True,True
5820,58483,True,53801,False,True,True,53801,False,True,True,53801,False,True,True,True
5821,58494,True,53801,False,True,True,53801,False,True,True,53801,False,True,True,True
5822,58499,True,53801,False,True,True,53801,False,True,True,53801,False,True,True,True
5823,58519,True,53801,False,True,True,53801,False,True,True,53801,False,True,True,True
5824,58520,True,53801,False,True,True,53801,False,True,True,53801,False,True,True,True
5825,58527,True,53801,False,True,True,53801,False,True,True,53801,False,True,True,True
5826,58528,True,53801,False,True,True,53801,False,True,True,53801,False,True,True,True
5827,58529,True,53801,False,True,True,53801,False,True,True,53801,False,True,True,True
5828,58538,True,53801,False,True,True,53801,False,True,True,53801,False,True,True,True
5829,58542,True,53801,False,True,True,53801,False,True,True,53801,False,True,True,True
5830,58554,True,53801,False,True,True,53801,False,True,True,53801,False,True,True,True
5831,58562,True,53801,False,True,True,53801,False,True,True,53801,False,True,True,True
5832,58570,True,53801,False,True,True,53801,False,True,True,53801,False,True,True,True
5833,58573,True,53801,False,True,True,53801,False,True,True,53801,False,True,True,True
5834,58601,True,53801,False,True,True,53801,False,True,True,53801,False,True,True,True
5835,58608,True,53801,False,True,True,53801,False,True,True,53801,False,True,True,True
5836,58622,True,53801,False,True,True,53801,False,True,True,53801,False,True,True,True
5837,58625,True,53801,False,True,True,53801,False,True,True,53801,False,True,True,True
5838,58630,True,53801,False,True,True,53801,False,True,True,53801,False,True,True,True
5839,58635,True,53801,False,True,True,53801,False,True,True,53801,False,True,True,True
5840,58642,True,53801,False,True,True,53801,False,True,True,53801,False,True,True,True
5841,58647,True,53801,False,True,True,53801,False,True,True,53801,False,True,True,True
5842,58649,True,53801,False,True,True,53801,False,True,True,53801,False,True,True,True
5843,58654,True,53801,False,True,True,53801,False,True,True,53801,False,True,True,True
5844,58673,True,53801,False,True,True,53801,False,True,True,53801,False,True,True,True
5845,58675,True,53801,False,True,True,53801,False,True,True,53801,False,True,True,True
5846,18668,False,256,False,True,False,256,False,True,False,256,False,True,False,True
5846,58678,True,53801,False,True,True,53801,False,True,True,53801,False,True,True,True
5847,58680,True,53801,False,True,True,53801,False,True,True,53801,False,True,True,True
5848,58690,True,53801,False,True,True,53801,False,True,True,53801,False,True,True,True
5849,58691,True,53801,False,True,True,53801,False,True,True,53801,False,True,True,True
5851,58696,True,53801,False,True,True,53801,False,True,True,53801,False,True,True,True
5852,58698,True,53801,False,True,True,53801,False,True,True,53801,False,True,True,True
5853,58709,True,53801,False,True,True,53801,False,True,True,53801,False,True,True,True
5854,45576,False,256,False,True,False,256,False,True,False,256,False,True,False,True
5854,58725,True,53801,False,True,True,53801,False,True,True,53801,False,True,True,True
5855,27737,False,256,False,True,False,256,False,True,False,256,False,True,False,True
5855,58744,True,53801,False,True,True,53801,False,True,True,53801,False,True,True,True
5856,58758,True,53801,False,True,True,53801,False,True,True,53801,False,True,True,True
5857,58765,True,53801,False,True,True,53801,False,True,True,53801,False,True,True,True
5858,58769,True,53801,False,True,True,53801,False,True,True,53801,False,True,True,True
5859,58783,True,53801,False,True,True,53801,False,True,True,53801,False,True,True,True
5860,58813,True,53801,False,True,True,53801,False,True,True,53801,False,True,True,True
5861,58816,True,53801,False,True,True,53801,False,True,True,53801,False,True,True,True
5862,58820,True,53801,False,True,True,53801,False,True,True,53801,False,True,True,True
5863,58824,True,53801,False,True,True,53801,False,True,True,53801,False,True,True,True
5864,58828,True,53801,False,True,True,53801,False,True,True,53801,False,True,True,True
5865,45665,False,256,False,True,False,256,False,True,False,256,False,True,False,True
5865,58851,True,53801,False,True,True,53801,False,True,True,53801,False,True,True,True
5866,58870,True,53801,False,True,True,53801,False,True,True,53801,False,True,True,True
5867,58907,True,53801,False,True,True,53801,False,True,True,53801,False,True,True,True
5868,3358,False,256,False,True,False,256,False,True,False,256,False,True,False,True
5868,58915,True,53801,False,True,True,53801,False,True,True,53801,False,True,True,True
5869,58917,True,53801,False,True,True,53801,False,True,True,53801,False,True,True,True
5870,58925,True,53801,False,True,True,53801,False,True,True,53801,False,True,True,True
5871,58940,True,53801,False,True,True,53801,False,True,True,53801,False,True,True,True
5872,58945,True,53801,False,True,True,53801,False,True,True,53801,False,True,True,True
5873,58946,True,53801,False,True,True,53801,False,True,True,53801,False,True,True,True
5874,58976,True,53801,False,True,True,53801,False,True,True,53801,False,True,True,True
5875,58977,True,53801,False,True,True,53801,False,True,True,53801,False,True,True,True
5876,45762,False,256,False,True,False,256,False,True,False,256,False,True,False,True
5876,58978,True,53801,False,True,True,53801,False,True,True,53801,False,True,True,True
5877,58983,True,53801,False,True,True,53801,False,True,True,53801,False,True,True,True
5878,58985,True,53801,False,True,True,53801,False,True,True,53801,False,True,True,True
5879,13323,False,256,False,True,False,256,False,True,False,256,False,True,False,True
5879,54989,False,256,False,True,False,256,False,True,False,256,False,True,False,True
5879,58986,True,53801,False,True,True,53801,False,True,True,53801,False,True,True,True
5880,58994,True,53801,False,True,True,53801,False,True,True,53801,False,True,True,True
5881,59006,True,53801,False,True,True,53801,False,True,True,53801,False,True,True,True
5882,59012,True,53801,False,True,True,53801,False,True,True,53801,False,True,True,True
5883,59014,True,53801,False,True,True,53801,False,True,True,53801,False,True,True,True
5884,59028,True,53801,False,True,True,53801,False,True,True,53801,False,True,True,True
5885,59034,True,53801,False,True,True,53801,False,True,True,53801,False,True,True,True
5886,59036,True,53801,False,True,True,53801,False,True,True,53801,False,True,True,True
5887,59039,True,53801,False,True,True,53801,False,True,True,53801,False,True,True,True
5888,59062,True,53801,False,True,True,53801,False,True,True,53801,False,True,True,True
5889,59070,True,53801,False,True,True,53801,False,True,True,53801,False,True,True,True
5890,59093,True,53801,False,True,True,53801,False,True,True,53801,False,True,True,True
5891,59119,True,53801,False,True,True,53801,False,True,True,53801,False,True,True,True
5892,59131,True,53801,False,True,True,53801,False,True,True,53801,False,True,True,True
5893,59151,True,53801,False,True,True,53801,False,True,True,53801,False,True,True,True
5894,59152,True,53801,False,True,True,53801,False,True,True,53801,False,True,True,True
5895,59153,True,53801,False,True,True,53801,False,True,True,53801,False,True,True,True
5896,59156,True,53801,False,True,True,53801,False,True,True,53801,False,True,True,True
5897,59164,True,53801,False,True,True,53801,False,True,True,53801,False,True,True,True
5898,59173,True,53801,False,True,True,53801,False,True,True,53801,False,True,True,True
5899,59195,True,53801,False,True,True,53801,False,True,True,53801,False,True,True,True
5900,59204,True,53801,False,True,True,53801,False,True,True,53801,False,True,True,True
5901,59207,True,53801,False,True,True,53801,False,True,True,53801,False,True,True,True
5902,59219,True,53801,False,True,True,53801,False,True,True,53801,False,True,True,True
5903,59223,True,53801,False,True,True,53801,False,True,True,53801,False,True,True,True
5904,59227,True,53801,False,True,True,53801,False,True,True,53801,False,True,True,True
5905,59238,True,53801,False,True,True,53801,False,True,True,53801,False,True,True,True
5906,59243,True,53801,False,True,True,53801,False,True,True,53801,False,True,True,True
5907,59255,True,53801,False,True,True,53801,False,True,True,53801,False,True,True,True
5908,59256,True,53801,False,True,True,53801,False,True,True,53801,False,True,True,True
5909,59258,True,53801,False,True,True,53801,False,True,True,53801,False,True,True,True
5910,59266,True,53801,False,True,True,53801,False,True,True,53801,False,True,True,True
5911,59269,True,53801,False,True,True,53801,False,True,True,53801,False,True,True,True
5912,59271,True,53801,False,True,True,53801,False,True,True,53801,False,True,True,True
5913,59286,True,53801,False,True,True,53801,False,True,True,53801,False,True,True,True
5914,59291,True,53801,False,True,True,53801,False,True,True,53801,False,True,True,True
5915,59307,True,53801,False,True,True,53801,False,True,True,53801,False,True,True,True
5916,59308,True,53801,False,True,True,53801,False,True,True,53801,False,True,True,True
5917,10087,False,256,False,True,False,256,False,True,False,256,False,True,False,True
5917,59315,True,53801,False,True,True,53801,False,True,True,53801,False,True,True,True
5918,59344,True,53801,False,True,True,53801,False,True,True,53801,False,True,True,True
5919,59364,True,53801,False,True,True,53801,False,True,True,53801,False,True,True,True
5920,59366,True,53801,False,True,True,53801,False,True,True,53801,False,True,True,True
5921,59367,True,53801,False,True,True,53801,False,True,True,53801,False,True,True,True
5922,59368,True,53801,False,True,True,53801,False,True,True,53801,False,True,True,True
5923,55223,False,256,False,True,False,256,False,True,False,256,False,True,False,True
5923,59369,True,53801,False,True,True,53801,False,True,True,53801,False,True,True,True
5924,59383,True,53801,False,True,True,53801,False,True,True,53801,False,True,True,True
5925,59391,True,53801,False,True,True,53801,False,True,True,53801,False,True,True,True
5926,59392,True,53801,False,True,True,53801,False,True,True,53801,False,True,True,True
5926,64668,False,256,False,True,False,256,False,True,False,256,False,True,False,True
5927,59401,True,53801,False,True,True,53801,False,True,True,53801,False,True,True,True
5928,59405,True,53801,False,True,True,53801,False,True,True,53801,False,True,True,True
5929,59409,True,53801,False,True,True,53801,False,True,True,53801,False,True,True,True
5930,59410,True,53801,False,True,True,53801,False,True,True,53801,False,True,True,True
5931,59411,True,53801,False,True,True,53801,False,True,True,53801,False,True,True,True
5932,59412,True,53801,False,True,True,53801,False,True,True,53801,False,True,True,True
5933,59417,True,53801,False,True,True,53801,False,True,True,53801,False,True,True,True
5934,59419,True,53801,False,True,True,53801,False,True,True,53801,False,True,True,True
5935,59433,True,53801,False,True,True,53801,False,True,True,53801,False,True,True,True
5936,59440,True,53801,False,True,True,53801,False,True,True,53801,False,True,True,True
5937,59450,True,53801,False,True,True,53801,False,True,True,53801,False,True,True,True
5938,59461,True,53801,False,True,True,53801,False,True,True,53801,False,True,True,True
5939,59462,True,53801,False,True,True,53801,False,True,True,53801,False,True,True,True
5940,59485,True,53801,False,True,True,53801,False,True,True,53801,False,True,True,True
5941,59492,True,53801,False,True,True,53801,False,True,True,53801,False,True,True,True
5942,59501,True,53801,False,True,True,53801,False,True,True,53801,False,True,True,True
5943,59513,True,53801,False,True,True,53801,False,True,True,53801,False,True,True,True
5944,59521,True,53801,False,True,True,53801,False,True,True,53801,False,True,True,True
5945,59544,True,53801,False,True,True,53801,False,True,True,53801,False,True,True,True
5946,59547,True,53801,False,True,True,53801,False,True,True,53801,False,True,True,True
5947,59571,True,53801,False,True,True,53801,False,True,True,53801,False,True,True,True
5948,59581,True,53801,False,True,True,53801,False,True,True,53801,False,True,True,True
5949,59582,True,53801,False,True,True,53801,False,True,True,53801,False,True,True,True
5950,59589,True,53801,False,True,True,53801,False,True,True,53801,False,True,True,True
5951,59591,True,53801,False,True,True,53801,False,True,True,53801,False,True,True,True
5952,59633,True,53801,False,True,True,53801,False,True,True,53801,False,True,True,True
5953,59645,True,53801,False,True,True,53801,False,True,True,53801,False,True,True,True
5954,59651,True,53801,False,True,True,53801,False,True,True,53801,False,True,True,True
5955,59661,True,53801,False,True,True,53801,False,True,True,53801,False,True,True,True
5956,59669,True,53801,False,True,True,53801,False,True,True,53801,False,True,True,True
5957,59692,True,53801,False,True,True,53801,False,True,True,53801,False,True,True,True
5958,59693,True,53801,False,True,True,53801,False,True,True,53801,False,True,True,True
5959,59718,True,53801,False,True,True,53801,False,True,True,53801,False,True,True,True
5960,59727,True,53801,False,True,True,53801,False,True,True,53801,False,True,True,True
5961,59738,True,53801,False,True,True,53801,False,True,True,53801,False,True,True,True
5962,59749,True,53801,False,True,True,53801,False,True,True,53801,False,True,True,True
5963,59757,True,53801,False,True,True,53801,False,True,True,53801,False,True,True,True
5964,59768,True,53801,False,True,True,53801,False,True,True,53801,False,True,True,True
5965,59769,True,53801,False,True,True,53801,False,True,True,53801,False,True,True,True
5966,46416,False,256,False,True,False,256,False,True,False,256,False,True,False,True
5966,59772,True,53801,False,True,True,53801,False,True,True,53801,False,True,True,True
5968,59788,True,53801,False,True,True,53801,False,True,True,53801,False,True,True,True
5969,23053,False,256,False,True,False,256,False,True,False,256,False,True,False,True
5969,59789,True,53801,False,True,True,53801,False,True,True,53801,False,True,True,True
5970,59798,True,53801,False,True,True,53801,False,True,True,53801,False,True,True,True
5971,59803,True,53801,False,True,True,53801,False,True,True,53801,False,True,True,True
5972,59848,True,53801,False,True,True,53801,False,True,True,53801,False,True,True,True
5973,59851,True,53801,False,True,True,53801,False,True,True,53801,False,True,True,True
5974,59861,True,53801,False,True,True,53801,False,True,True,53801,False,True,True,True
5975,59892,True,53801,False,True,True,53801,False,True,True,53801,False,True,True,True
5976,51103,False,256,False,True,False,256,False,True,False,256,False,True,False,True
5976,59894,True,53801,False,True,True,53801,False,True,True,53801,False,True,True,True
5977,59895,True,53801,False,True,True,53801,False,True,True,53801,False,True,True,True
5978,59904,True,53801,False,True,True,53801,False,True,True,53801,False,True,True,True
5979,59912,True,53801,False,True,True,53801,False,True,True,53801,False,True,True,True
5980,59928,True,53801,False,True,True,53801,False,True,True,53801,False,True,True,True
5981,59930,True,53801,False,True,True,53801,False,True,True,53801,False,True,True,True
5982,59931,True,53801,False,True,True,53801,False,True,True,53801,False,True,True,True
5983,59952,True,53801,False,True,True,53801,False,True,True,53801,False,True,True,True
5984,59964,True,53801,False,True,True,53801,False,True,True,53801,False,True,True,True
5985,59965,True,53801,False,True,True,53801,False,True,True,53801,False,True,True,True
5986,59991,True,53801,False,True,True,53801,False,True,True,53801,False,True,True,True
5988,60015,True,53801,False,True,True,53801,False,True,True,53801,False,True,True,True
5989,60017,True,53801,False,True,True,53801,False,True,True,53801,False,True,True,True
5990,60029,True,53801,False,True,True,53801,False,True,True,53801,False,True,True,True
5991,60031,True,53801,False,True,True,53801,False,True,True,53801,False,True,True,True
5992,60037,True,53801,False,True,True,53801,False,True,True,53801,False,True,True,True
5993,60049,True,53801,False,True,True,53801,False,True,True,53801,False,True,True,True
5994,60051,True,53801,False,True,True,53801,False,True,True,53801,False,True,True,True
5995,60053,True,53801,False,True,True,53801,False,True,True,53801,False,True,True,True
5996,60066,True,53801,False,True,True,53801,False,True,True,53801,False,True,True,True
5997,60077,True,53801,False,True,True,53801,False,True,True,53801,False,True,True,True
5998,60078,True,53801,False,True,True,53801,False,True,True,53801,False,True,True,True
5999,60079,True,53801,False,True,True,53801,False,True,True,53801,False,True,True,True
6000,60085,True,53801,False,True,True,53801,False,True,True,53801,False,True,True,True
6001,60095,True,53801,False,True,True,53801,False,True,True,53801,False,True,True,True
6002,60110,True,53801,False,True,True,53801,False,True,True,53801,False,True,True,True
6003,60113,True,53801,False,True,True,53801,False,True,True,53801,False,True,True,True
6004,60121,True,53801,False,True,True,53801,False,True,True,53801,False,True,True,True
6005,60124,True,53801,False,True,True,53801,False,True,True,53801,False,True,True,True
6006,60145,True,53801,False,True,True,53801,False,True,True,53801,False,True,True,True
6007,60153,True,53801,False,True,True,53801,False,True,True,53801,False,True,True,True
6008,60161,True,53801,False,True,True,53801,False,True,True,53801,False,True,True,True
6009,60177,True,53801,False,True,True,53801,False,True,True,53801,False,True,True,True
6010,60178,True,53801,False,True,True,53801,False,True,True,53801,False,True,True,True
6011,60188,True,53801,False,True,True,53801,False,True,True,53801,False,True,True,True
6012,60189,True,53801,False,True,True,53801,False,True,True,53801,False,True,True,True
6013,32656,False,256,False,True,False,256,False,True,False,256,False,True,False,True
6013,60205,True,53801,False,True,True,53801,False,True,True,53801,False,True,True,True
6014,60207,True,53801,False,True,True,53801,False,True,True,53801,False,True,True,True
6015,60215,True,53801,False,True,True,53801,False,True,True,53801,False,True,True,True
6016,60225,True,53801,False,True,True,53801,False,True,True,53801,False,True,True,True
6017,60237,True,53801,False,True,True,53801,False,True,True,53801,False,True,True,True
6018,60244,True,53801,False,True,True,53801,False,True,True,53801,False,True,True,True
6019,41333,False,256,False,True,False,256,False,True,False,256,False,True,False,True
6019,60254,True,53801,False,True,True,53801,False,True,True,53801,False,True,True,True
6020,60259,True,53801,False,True,True,53801,False,True,True,53801,False,True,True,True
6021,60271,True,53801,False,True,True,53801,False,True,True,53801,False,True,True,True
6022,60275,True,53801,False,True,True,53801,False,True,True,53801,False,True,True,True
6023,60278,True,53801,False,True,True,53801,False,True,True,53801,False,True,True,True
6024,60280,True,53801,False,True,True,53801,False,True,True,53801,False,True,True,True
6025,60302,True,53801,False,True,True,53801,False,True,True,53801,False,True,True,True
6026,19677,False,256,False,True,False,256,False,True,False,256,False,True,False,True
6026,60304,True,53801,False,True,True,53801,False,True,True,53801,False,True,True,True
6027,60306,True,53801,False,True,True,53801,False,True,True,53801,False,True,True,True
6028,60310,True,53801,False,True,True,53801,False,True,True,53801,False,True,True,True
6029,60321,True,53801,False,True,True,53801,False,True,True,53801,False,True,True,True
6030,60328,True,53801,False,True,True,53801,False,True,True,53801,False,True,True,True
6031,60331,True,53801,False,True,True,53801,False,True,True,53801,False,True,True,True
6032,60344,True,53801,False,True,True,53801,False,True,True,53801,False,True,True,True
6033,60351,True,53801,False,True,True,53801,False,True,True,53801,False,True,True,True
6034,19708,False,256,False,True,False,256,False,True,False,256,False,True,False,True
6034,60352,True,53801,False,True,True,53801,False,True,True,53801,False,True,True,True
6035,60364,True,53801,False,True,True,53801,False,True,True,53801,False,True,True,True
6036,14143,False,256,False,True,False,256,False,True,False,256,False,True,False,True
6036,60365,True,53801,False,True,True,53801,False,True,True,53801,False,True,True,True
6037,60374,True,53801,False,True,True,53801,False,True,True,53801,False,True,True,True
6038,60377,True,53801,False,True,True,53801,False,True,True,53801,False,True,True,True
6039,60379,True,53801,False,True,True,53801,False,True,True,53801,False,True,True,True
6040,5232,False,256,False,True,False,256,False,True,False,256,False,True,False,True
6040,60392,True,53801,False,True,True,53801,False,True,True,53801,False,True,True,True
6041,60396,True,53801,False,True,True,53801,False,True,True,53801,False,True,True,True
6042,60399,True,53801,False,True,True,53801,False,True,True,53801,False,True,True,True
6043,60401,True,53801,False,True,True,53801,False,True,True,53801,False,True,True,True
6044,60402,True,53801,False,True,True,53801,False,True,True,53801,False,True,True,True
6045,60408,True,53801,False,True,True,53801,False,True,True,53801,False,True,True,True
6046,60416,True,53801,False,True,True,53801,False,True,True,53801,False,True,True,True
6047,60424,True,53801,False,True,True,53801,False,True,True,53801,False,True,True,True
6048,60428,True,53801,False,True,True,53801,False,True,True,53801,False,True,True,True
6048,65148,False,256,False,True,False,256,False,True,False,256,False,True,False,True
6049,60447,True,53801,False,True,True,53801,False,True,True,53801,False,True,True,True
6050,60448,True,53801,False,True,True,53801,False,True,True,53801,False,True,True,True
6051,60450,True,53801,False,True,True,53801,False,True,True,53801,False,True,True,True
6052,60454,True,53801,False,True,True,53801,False,True,True,53801,False,True,True,True
6053,60455,True,53801,False,True,True,53801,False,True,True,53801,False,True,True,True
6054,60456,True,53801,False,True,True,53801,False,True,True,53801,False,True,True,True
6055,60459,True,53801,False,True,True,53801,False,True,True,53801,False,True,True,True
6056,60484,True,53801,False,True,True,53801,False,True,True,53801,False,True,True,True
6057,60489,True,53801,False,True,True,53801,False,True,True,53801,False,True,True,True
6058,60499,True,53801,False,True,True,53801,False,True,True,53801,False,True,True,True
6059,60502,True,53801,False,True,True,53801,False,True,True,53801,False,True,True,True
6060,60529,True,53801,False,True,True,53801,False,True,True,53801,False,True,True,True
6061,60530,True,53801,False,True,True,53801,False,True,True,53801,False,True,True,True
6062,60534,True,53801,False,True,True,53801,False,True,True,53801,False,True,True,True
6063,60536,True,53801,False,True,True,53801,False,True,True,53801,False,True,True,True
6064,60541,True,53801,False,True,True,53801,False,True,True,53801,False,True,True,True
6065,60542,True,53801,False,True,True,53801,False,True,True,53801,False,True,True,True
6065,87611,False,256,False,True,False,256,False,True,False,256,False,True,False,True
6066,60550,True,53801,False,True,True,53801,False,True,True,53801,False,True,True,True
6067,60554,True,53801,False,True,True,53801,False,True,True,53801,False,True,True,True
6068,60555,True,53801,False,True,True,53801,False,True,True,53801,False,True,True,True
6069,60560,True,53801,False,True,True,53801,False,True,True,53801,False,True,True,True
6070,60574,True,53801,False,True,True,53801,False,True,True,53801,False,True,True,True
6071,19827,False,256,False,True,False,256,False,True,False,256,False,True,False,True
6071,60579,True,53801,False,True,True,53801,False,True,True,53801,False,True,True,True
6072,60582,True,53801,False,True,True,53801,False,True,True,53801,False,True,True,True
6073,2342,False,256,False,True,False,256,False,True,False,256,False,True,False,True
6073,60584,True,53801,False,True,True,53801,False,True,True,53801,False,True,True,True
6074,60611,True,53801,False,True,True,53801,False,True,True,53801,False,True,True,True
6075,60613,True,53801,False,True,True,53801,False,True,True,53801,False,True,True,True
6076,60630,True,53801,False,True,True,53801,False,True,True,53801,False,True,True,True
6077,60635,True,53801,False,True,True,53801,False,True,True,53801,False,True,True,True
6078,19878,False,256,False,True,False,256,False,True,False,256,False,True,False,True
6078,60639,True,53801,False,True,True,53801,False,True,True,53801,False,True,True,True
6079,60651,True,53801,False,True,True,53801,False,True,True,53801,False,True,True,True
6080,60659,True,53801,False,True,True,53801,False,True,True,53801,False,True,True,True
6081,23533,False,256,False,True,False,256,False,True,False,256,False,True,False,True
6081,60674,True,53801,False,True,True,53801,False,True,True,53801,False,True,True,True
6082,60686,True,53801,False,True,True,53801,False,True,True,53801,False,True,True,True
6083,60692,True,53801,False,True,True,53801,False,True,True,53801,False,True,True,True
6084,60696,True,53801,False,True,True,53801,False,True,True,53801,False,True,True,True
6085,60715,True,53801,False,True,True,53801,False,True,True,53801,False,True,True,True
6086,60735,True,53801,False,True,True,53801,False,True,True,53801,False,True,True,True
6087,60741,True,53801,False,True,True,53801,False,True,True,53801,False,True,True,True
6088,60757,True,53801,False,True,True,53801,False,True,True,53801,False,True,True,True
6089,60762,True,53801,False,True,True,53801,False,True,True,53801,False,True,True,True
6090,60775,True,53801,False,True,True,53801,False,True,True,53801,False,True,True,True
6091,60778,True,53801,False,True,True,53801,False,True,True,53801,False,True,True,True
6092,60783,True,53801,False,True,True,53801,False,True,True,53801,False,True,True,True
6093,60785,True,53801,False,True,True,53801,False,True,True,53801,False,True,True,True
6094,60800,True,53801,False,True,True,53801,False,True,True,53801,False,True,True,True
6095,60820,True,53801,False,True,True,53801,False,True,True,53801,False,True,True,True
6096,51865,False,256,False,True,False,256,False,True,False,2048,False,True,False,True
6096,60859,True,53801,False,True,True,53801,False,True,True,53801,False,True,True,True
6097,60864,True,53801,False,True,True,53801,False,True,True,53801,False,True,True,True
6098,60865,True,53801,False,True,True,53801,False,True,True,53801,False,True,True,True
6099,60870,True,53801,False,True,True,53801,False,True,True,53801,False,True,True,True
6100,60887,True,53801,False,True,True,53801,False,True,True,53801,False,True,True,True
6101,60891,True,53801,False,True,True,53801,False,True,True,53801,False,True,True,True
6102,60901,True,53801,False,True,True,53801,False,True,True,53801,False,True,True,True
6103,60911,True,53801,False,True,True,53801,False,True,True,53801,False,True,True,True
6104,60942,True,53801,False,True,True,53801,False,True,True,53801,False,True,True,True
6105,60969,True,53801,False,True,True,53801,False,True,True,53801,False,True,True,True
6106,60985,True,53801,False,True,True,53801,False,True,True,53801,False,True,True,True
6107,61007,True,53801,False,True,True,53801,False,True,True,53801,False,True,True,True
6108,61010,True,53801,False,True,True,53801,False,True,True,53801,False,True,True,True
6109,61015,True,53801,False,True,True,53801,False,True,True,53801,False,True,True,True
6110,61018,True,53801,False,True,True,53801,False,True,True,53801,False,True,True,True
6111,61040,True,53801,False,True,True,53801,False,True,True,53801,False,True,True,True
6112,61043,True,53801,False,True,True,53801,False,True,True,53801,False,True,True,True
6113,61044,True,53801,False,True,True,53801,False,True,True,53801,False,True,True,True
6114,61048,True,53801,False,True,True,53801,False,True,True,53801,False,True,True,True
6115,61056,True,53801,False,True,True,53801,False,True,True,53801,False,True,True,True
6116,61058,True,53801,False,True,True,53801,False,True,True,53801,False,True,True,True
6117,61059,True,53801,False,True,True,53801,False,True,True,53801,False,True,True,True
6118,36248,False,256,False,True,False,256,False,True,False,256,False,True,False,True
6118,61080,True,53801,False,True,True,53801,False,True,True,53801,False,True,True,True
6119,61113,True,53801,False,True,True,53801,False,True,True,53801,False,True,True,True
6120,61115,True,53801,False,True,True,53801,False,True,True,53801,False,True,True,True
6121,61116,True,53801,False,True,True,53801,False,True,True,53801,False,True,True,True
6122,61120,True,53801,False,True,True,53801,False,True,True,53801,False,True,True,True
6123,61122,True,53801,False,True,True,53801,False,True,True,53801,False,True,True,True
6123,87898,False,256,False,True,False,256,False,True,False,256,False,True,False,True
6124,61125,True,53801,False,True,True,53801,False,True,True,53801,False,True,True,True
6125,47383,False,256,False,True,False,256,False,True,False,256,False,True,False,True
6125,61126,True,53801,False,True,True,53801,False,True,True,53801,False,True,True,True
6126,61131,True,53801,False,True,True,53801,False,True,True,53801,False,True,True,True
6127,61154,True,53801,False,True,True,53801,False,True,True,53801,False,True,True,True
6128,61171,True,53801,False,True,True,53801,False,True,True,53801,False,True,True,True
6129,2483,False,256,False,True,False,256,False,True,False,256,False,True,False,True
6129,61178,True,53801,False,True,True,53801,False,True,True,53801,False,True,True,True
6130,61208,True,53801,False,True,True,53801,False,True,True,53801,False,True,True,True
6131,61229,True,53801,False,True,True,53801,False,True,True,53801,False,True,True,True
6132,61230,True,53801,False,True,True,53801,False,True,True,53801,False,True,True,True
6133,61236,True,53801,False,True,True,53801,False,True,True,53801,False,True,True,True
6134,61252,True,53801,False,True,True,53801,False,True,True,53801,False,True,True,True
6135,61265,True,53801,False,True,True,53801,False,True,True,53801,False,True,True,True
6136,61273,True,53801,False,True,True,53801,False,True,True,53801,False,True,True,True
6137,61281,True,53801,False,True,True,53801,False,True,True,53801,False,True,True,True
6138,61286,True,53801,False,True,True,53801,False,True,True,53801,False,True,True,True
6139,61303,True,53801,False,True,True,53801,False,True,True,53801,False,True,True,True
6140,61310,True,53801,False,True,True,53801,False,True,True,53801,False,True,True,True
6141,61333,True,53801,False,True,True,53801,False,True,True,53801,False,True,True,True
6142,61337,True,53801,False,True,True,53801,False,True,True,53801,False,True,True,True
6143,61338,True,53801,False,True,True,53801,False,True,True,53801,False,True,True,True
6144,61341,True,53801,False,True,True,53801,False,True,True,53801,False,True,True,True
6146,61351,True,53801,False,True,True,53801,False,True,True,53801,False,True,True,True
6147,61362,True,53801,False,True,True,53801,False,True,True,53801,False,True,True,True
6148,61368,True,53801,False,True,True,53801,False,True,True,53801,False,True,True,True
6149,61394,True,53801,False,True,True,53801,False,True,True,53801,False,True,True,True
6150,61408,True,53801,False,True,True,53801,False,True,True,53801,False,True,True,True
6151,61423,True,53801,False,True,True,53801,False,True,True,53801,False,True,True,True
6151,65551,False,256,False,True,False,256,False,True,False,256,False,True,False,True
6152,61435,True,53801,False,True,True,53801,False,True,True,53801,False,True,True,True
6153,61442,True,53801,False,True,True,53801,False,True,True,53801,False,True,True,True
6154,61451,True,53801,False,True,True,53801,False,True,True,53801,False,True,True,True
6155,61452,True,53801,False,True,True,53801,False,True,True,53801,False,True,True,True
6156,61457,True,53801,False,True,True,53801,False,True,True,53801,False,True,True,True
6157,61473,True,53801,False,True,True,53801,False,True,True,53801,False,True,True,True
6158,61474,True,53801,False,True,True,53801,False,True,True,53801,False,True,True,True
6159,61478,True,53801,False,True,True,53801,False,True,True,53801,False,True,True,True
6160,61479,True,53801,False,True,True,53801,False,True,True,53801,False,True,True,True
6161,61492,True,53801,False,True,True,53801,False,True,True,53801,False,True,True,True
6161,81261,False,256,False,True,False,256,False,True,False,256,False,True,False,True
6162,61495,True,53801,False,True,True,53801,False,True,True,53801,False,True,True,True
6163,61498,True,53801,False,True,True,53801,False,True,True,53801,False,True,True,True
6164,61502,True,53801,False,True,True,53801,False,True,True,53801,False,True,True,True
6165,61507,True,53801,False,True,True,53801,False,True,True,53801,False,True,True,True
6166,61511,True,53801,False,True,True,53801,False,True,True,53801,False,True,True,True
6167,61534,True,53801,False,True,True,53801,False,True,True,53801,False,True,True,True
6168,61538,True,53801,False,True,True,53801,False,True,True,53801,False,True,True,True
6169,61561,True,53801,False,True,True,53801,False,True,True,53801,False,True,True,True
6170,20427,False,256,False,True,False,256,False,True,False,256,False,True,False,True
6170,61563,True,53801,False,True,True,53801,False,True,True,53801,False,True,True,True
6171,61565,True,53801,False,True,True,53801,False,True,True,53801,False,True,True,True
6172,61579,True,53801,False,True,True,53801,False,True,True,53801,False,True,True,True
6173,61580,True,53801,False,True,True,53801,False,True,True,53801,False,True,True,True
6175,61593,True,53801,False,True,True,53801,False,True,True,53801,False,True,True,True
6176,61606,True,53801,False,True,True,53801,False,True,True,53801,False,True,True,True
6177,61610,True,53801,False,True,True,53801,False,True,True,53801,False,True,True,True
6178,61611,True,53801,False,True,True,53801,False,True,True,53801,False,True,True,True
6179,61621,True,53801,False,True,True,53801,False,True,True,53801,False,True,True,True
6180,61633,True,53801,False,True,True,53801,False,True,True,53801,False,True,True,True
6181,61665,True,53801,False,True,True,53801,False,True,True,53801,False,True,True,True
6182,61680,True,53801,False,True,True,53801,False,True,True,53801,False,True,True,True
6183,61686,True,53801,False,True,True,53801,False,True,True,53801,False,True,True,True
6183,68251,False,256,False,True,False,256,False,True,False,256,False,True,False,True
6184,61691,True,53801,False,True,True,53801,False,True,True,53801,False,True,True,True
6185,61701,True,53801,False,True,True,53801,False,True,True,53801,False,True,True,True
6186,61702,True,53801,False,True,True,53801,False,True,True,53801,False,True,True,True
6187,61703,True,53801,False,True,True,53801,False,True,True,53801,False,True,True,True
6188,61706,True,53801,False,True,True,53801,False,True,True,53801,False,True,True,True
6189,52574,False,256,False,True,False,256,False,True,False,256,False,True,False,True
6189,61732,True,53801,False,True,True,53801,False,True,True,53801,False,True,True,True
6190,61757,True,53801,False,True,True,53801,False,True,True,53801,False,True,True,True
6191,61758,True,53801,False,True,True,53801,False,True,True,53801,False,True,True,True
6192,61769,True,53801,False,True,True,53801,False,True,True,53801,False,True,True,True
6193,61787,True,53801,False,True,True,53801,False,True,True,53801,False,True,True,True
6193,70927,False,256,False,True,False,256,False,True,False,256,False,True,False,True
6194,61799,True,53801,False,True,True,53801,False,True,True,53801,False,True,True,True
6195,61804,True,53801,False,True,True,53801,False,True,True,53801,False,True,True,True
6196,61806,True,53801,False,True,True,53801,False,True,True,53801,False,True,True,True
6197,61822,True,53801,False,True,True,53801,False,True,True,53801,False,True,True,True
6198,61823,True,53801,False,True,True,53801,False,True,True,53801,False,True,True,True
6199,61830,True,53801,False,True,True,53801,False,True,True,53801,False,True,True,True
6200,61855,True,53801,False,True,True,53801,False,True,True,53801,False,True,True,True
6201,61856,True,53801,False,True,True,53801,False,True,True,53801,False,True,True,True
6202,61875,True,53801,False,True,True,53801,False,True,True,53801,False,True,True,True
6203,61878,True,53801,False,True,True,53801,False,True,True,53801,False,True,True,True
6204,61881,True,53801,False,True,True,53801,False,True,True,53801,False,True,True,True
6205,61896,True,53801,False,True,True,53801,False,True,True,53801,False,True,True,True
6206,61902,True,53801,False,True,True,53801,False,True,True,53801,False,True,True,True
6207,61906,True,53801,False,True,True,53801,False,True,True,53801,False,True,True,True
6208,61913,True,53801,False,True,True,53801,False,True,True,53801,False,True,True,True
6209,61921,True,53801,False,True,True,53801,False,True,True,53801,False,True,True,True
6210,61925,True,53801,False,True,True,53801,False,True,True,53801,False,True,True,True
6211,61933,True,53801,False,True,True,53801,False,True,True,53801,False,True,True,True
6212,61943,True,53801,False,True,True,53801,False,True,True,53801,False,True,True,True
6213,56658,False,256,False,True,False,256,False,True,False,256,False,True,False,True
6213,61954,True,53801,False,True,True,53801,False,True,True,53801,False,True,True,True
6214,61956,True,53801,False,True,True,53801,False,True,True,53801,False,True,True,True
6215,61962,True,53801,False,True,True,53801,False,True,True,53801,False,True,True,True
6216,61965,True,53801,False,True,True,53801,False,True,True,53801,False,True,True,True
6217,61966,True,53801,False,True,True,53801,False,True,True,53801,False,True,True,True
6218,61975,True,53801,False,True,True,53801,False,True,True,53801,False,True,True,True
6219,61982,True,53801,False,True,True,53801,False,True,True,53801,False,True,True,True
6220,61985,True,53801,False,True,True,53801,False,True,True,53801,False,True,True,True
6221,61990,True,53801,False,True,True,53801,False,True,True,53801,False,True,True,True
6222,61995,True,53801,False,True,True,53801,False,True,True,53801,False,True,True,True
6223,62002,True,53801,False,True,True,53801,False,True,True,53801,False,True,True,True
6224,62009,True,53801,False,True,True,53801,False,True,True,53801,False,True,True,True
6225,62013,True,53801,False,True,True,53801,False,True,True,53801,False,True,True,True
6226,62014,True,53801,False,True,True,53801,False,True,True,53801,False,True,True,True
6226,78009,False,256,False,True,False,256,False,True,False,256,False,True,False,True
6227,62032,True,53801,False,True,True,53801,False,True,True,53801,False,True,True,True
6228,62036,True,53801,False,True,True,53801,False,True,True,53801,False,True,True,True
6229,62045,True,53801,False,True,True,53801,False,True,True,53801,False,True,True,True
6230,37155,False,256,False,True,False,256,False,True,False,256,False,True,False,True
6230,62047,True,53801,False,True,True,53801,False,True,True,53801,False,True,True,True
6231,62050,True,53801,False,True,True,53801,False,True,True,53801,False,True,True,True
6232,62059,True,53801,False,True,True,53801,False,True,True,53801,False,True,True,True
6233,62088,True,53801,False,True,True,53801,False,True,True,53801,False,True,True,True
6234,62091,True,53801,False,True,True,53801,False,True,True,53801,False,True,True,True
6235,62092,True,53801,False,True,True,53801,False,True,True,53801,False,True,True,True
6236,62094,True,53801,False,True,True,53801,False,True,True,53801,False,True,True,True
6237,62100,True,53801,False,True,True,53801,False,True,True,53801,False,True,True,True
6238,62109,True,53801,False,True,True,53801,False,True,True,53801,False,True,True,True
6239,62111,True,53801,False,True,True,53801,False,True,True,53801,False,True,True,True
6240,62117,True,53801,False,True,True,53801,False,True,True,53801,False,True,True,True
6241,62131,True,53801,False,True,True,53801,False,True,True,53801,False,True,True,True
6242,62133,True,53801,False,True,True,53801,False,True,True,53801,False,True,True,True
6243,31914,False,256,False,True,False,256,False,True,False,256,False,True,False,True
6243,62142,True,53801,False,True,True,53801,False,True,True,53801,False,True,True,True
6244,62146,True,53801,False,True,True,53801,False,True,True,53801,False,True,True,True
6245,62156,True,53801,False,True,True,53801,False,True,True,53801,False,True,True,True
6246,11551,False,256,False,True,False,256,False,True,False,256,False,True,False,True
6246,62158,True,53801,False,True,True,53801,False,True,True,53801,False,True,True,True
6247,62176,True,53801,False,True,True,53801,False,True,True,53801,False,True,True,True
6248,62182,True,53801,False,True,True,53801,False,True,True,53801,False,True,True,True
6249,62194,True,53801,False,True,True,53801,False,True,True,53801,False,True,True,True
6250,62200,True,53801,False,True,True,53801,False,True,True,53801,False,True,True,True
6251,62210,True,53801,False,True,True,53801,False,True,True,53801,False,True,True,True
6252,62220,True,53801,False,True,True,53801,False,True,True,53801,False,True,True,True
6253,62251,True,53801,False,True,True,53801,False,True,True,53801,False,True,True,True
6254,62253,True,53801,False,True,True,53801,False,True,True,53801,False,True,True,True
6255,62269,True,53801,False,True,True,53801,False,True,True,53801,False,True,True,True
6256,62275,True,53801,False,True,True,53801,False,True,True,53801,False,True,True,True
6257,62279,True,53801,False,True,True,53801,False,True,True,53801,False,True,True,True
6258,15246,False,256,False,True,False,256,False,True,False,256,False,True,False,True
6258,62280,True,53801,False,True,True,53801,False,True,True,53801,False,True,True,True
6258,74546,False,256,False,True,False,256,False,True,False,256,False,True,False,True
6260,15263,False,256,False,True,False,256,False,True,False,256,False,True,False,True
6260,62291,True,53801,False,True,True,53801,False,True,True,53801,False,True,True,True
6261,62313,True,53801,False,True,True,53801,False,True,True,53801,False,True,True,True
6262,62316,True,53801,False,True,True,53801,False,True,True,53801,False,True,True,True
6263,62329,True,53801,False,True,True,53801,False,True,True,53801,False,True,True,True
6264,62345,True,53801,False,True,True,53801,False,True,True,53801,False,True,True,True
6265,62346,True,53801,False,True,True,53801,False,True,True,53801,False,True,True,True
6266,62365,True,53801,False,True,True,53801,False,True,True,53801,False,True,True,True
6267,62367,True,53801,False,True,True,53801,False,True,True,53801,False,True,True,True
6268,62378,True,53801,False,True,True,53801,False,True,True,53801,False,True,True,True
6269,62390,True,53801,False,True,True,53801,False,True,True,53801,False,True,True,True
6270,62405,True,53801,False,True,True,53801,False,True,True,53801,False,True,True,True
6271,62406,True,53801,False,True,True,53801,False,True,True,53801,False,True,True,True
6272,62407,True,53801,False,True,True,53801,False,True,True,53801,False,True,True,True
6273,20931,False,256,False,True,False,256,False,True,False,256,False,True,False,True
6273,62424,True,53801,False,True,True,53801,False,True,True,53801,False,True,True,True
6274,62468,True,53801,False,True,True,53801,False,True,True,53801,False,True,True,True
6275,62474,True,53801,False,True,True,53801,False,True,True,53801,False,True,True,True
6276,62484,True,53801,False,True,True,53801,False,True,True,53801,False,True,True,True
6277,62495,True,53801,False,True,True,53801,False,True,True,53801,False,True,True,True
6278,62497,True,53801,False,True,True,53801,False,True,True,53801,False,True,True,True
6279,62514,True,53801,False,True,True,53801,False,True,True,53801,False,True,True,True
6280,62516,True,53801,False,True,True,53801,False,True,True,53801,False,True,True,True
6281,62517,True,53801,False,True,True,53801,False,True,True,53801,False,True,True,True
6282,62518,True,53801,False,True,True,53801,False,True,True,53801,False,True,True,True
6283,62520,True,53801,False,True,True,53801,False,True,True,53801,False,True,True,True
6284,62535,True,53801,False,True,True,53801,False,True,True,53801,False,True,True,True
6285,62556,True,53801,False,True,True,53801,False,True,True,53801,False,True,True,True
6286,62561,True,53801,False,True,True,53801,False,True,True,53801,False,True,True,True
6287,62567,True,53801,False,True,True,53801,False,True,True,53801,False,True,True,True
6287,68650,False,256,False,True,False,256,False,True,False,256,False,True,False,True
6288,62568,True,53801,False,True,True,53801,False,True,True,53801,False,True,True,True
6289,62571,True,53801,False,True,True,53801,False,True,True,53801,False,True,True,True
6290,62582,True,53801,False,True,True,53801,False,True,True,53801,False,True,True,True
6291,62588,True,53801,False,True,True,53801,False,True,True,53801,False,True,True,True
6292,62590,True,53801,False,True,True,53801,False,True,True,53801,False,True,True,True
6293,62611,True,53801,False,True,True,53801,False,True,True,53801,False,True,True,True
6294,62616,True,53801,False,True,True,53801,False,True,True,53801,False,True,True,True
6295,62619,True,53801,False,True,True,53801,False,True,True,53801,False,True,True,True
6296,62620,True,53801,False,True,True,53801,False,True,True,53801,False,True,True,True
6297,62644,True,53801,False,True,True,53801,False,True,True,53801,False,True,True,True
6298,62654,True,53801,False,True,True,53801,False,True,True,53801,False,True,True,True
6299,62670,True,53801,False,True,True,53801,False,True,True,53801,False,True,True,True
6300,62677,True,53801,False,True,True,53801,False,True,True,53801,False,True,True,True
6301,62685,True,53801,False,True,True,53801,False,True,True,53801,False,True,True,True
6302,62707,True,53801,False,True,True,53801,False,True,True,53801,False,True,True,True
6303,43708,False,256,False,True,False,256,False,True,False,256,False,True,False,True
6303,62715,True,53801,False,True,True,53801,False,True,True,53801,False,True,True,True
6304,62719,True,53801,False,True,True,53801,False,True,True,53801,False,True,True,True
6304,85562,False,256,False,True,False,256,False,True,False,256,False,True,False,True
6305,62725,True,53801,False,True,True,53801,False,True,True,53801,False,True,True,True
6306,62734,True,53801,False,True,True,53801,False,True,True,53801,False,True,True,True
6307,62749,True,53801,False,True,True,53801,False,True,True,53801,False,True,True,True
6308,62751,True,53801,False,True,True,53801,False,True,True,53801,False,True,True,True
6309,62758,True,53801,False,True,True,53801,False,True,True,53801,False,True,True,True
6310,62761,True,53801,False,True,True,53801,False,True,True,53801,False,True,True,True
6311,62778,True,53801,False,True,True,53801,False,True,True,53801,False,True,True,True
6312,62788,True,53801,False,True,True,53801,False,True,True,53801,False,True,True,True
6313,62797,True,53801,False,True,True,53801,False,True,True,53801,False,True,True,True
6314,62801,True,53801,False,True,True,53801,False,True,True,53801,False,True,True,True
6315,8888,False,256,False,True,False,256,False,True,False,256,False,True,False,True
6315,62807,True,53801,False,True,True,53801,False,True,True,53801,False,True,True,True
6316,16898,False,256,False,True,False,256,False,True,False,256,False,True,False,True
6316,62808,True,53801,False,True,True,53801,False,True,True,53801,False,True,True,True
6317,62828,True,53801,False,True,True,53801,False,True,True,53801,False,True,True,True
6318,62829,True,53801,False,True,True,53801,False,True,True,53801,False,True,True,True
6319,62838,True,53801,False,True,True,53801,False,True,True,53801,False,True,True,True
6320,62853,True,53801,False,True,True,53801,False,True,True,53801,False,True,True,True
6321,62854,True,53801,False,True,True,53801,False,True,True,53801,False,True,True,True
6322,62882,True,53801,False,True,True,53801,False,True,True,53801,False,True,True,True
6323,62886,True,53801,False,True,True,53801,False,True,True,53801,False,True,True,True
6324,62891,True,53801,False,True,True,53801,False,True,True,53801,False,True,True,True
6325,62892,True,53801,False,True,True,53801,False,True,True,53801,False,True,True,True
6326,62906,True,53801,False,True,True,53801,False,True,True,53801,False,True,True,True
6327,62910,True,53801,False,True,True,53801,False,True,True,53801,False,True,True,True
6328,62912,True,53801,False,True,True,53801,False,True,True,53801,False,True,True,True
6329,62913,True,53801,False,True,True,53801,False,True,True,53801,False,True,True,True
6330,62919,True,53801,False,True,True,53801,False,True,True,53801,False,True,True,True
6331,62921,True,53801,False,True,True,53801,False,True,True,53801,False,True,True,True
6332,62925,True,53801,False,True,True,53801,False,True,True,53801,False,True,True,True
6333,62927,True,53801,False,True,True,53801,False,True,True,53801,False,True,True,True
6334,62953,True,53801,False,True,True,53801,False,True,True,53801,False,True,True,True
6335,43925,False,256,False,True,False,256,False,True,False,256,False,True,False,True
6335,62954,True,53801,False,True,True,53801,False,True,True,53801,False,True,True,True
6336,62955,True,53801,False,True,True,53801,False,True,True,53801,False,True,True,True
6337,62993,True,53801,False,True,True,53801,False,True,True,53801,False,True,True,True
6338,63022,True,53801,False,True,True,53801,False,True,True,53801,False,True,True,True
6339,15680,False,256,False,True,False,256,False,True,False,256,False,True,False,True
6339,63028,True,53801,False,True,True,53801,False,True,True,53801,False,True,True,True
6340,44019,False,256,False,True,False,256,False,True,False,256,False,True,False,True
6340,63045,True,53801,False,True,True,53801,False,True,True,53801,False,True,True,True
6341,63053,True,53801,False,True,True,53801,False,True,True,53801,False,True,True,True
6342,63056,True,53801,False,True,True,53801,False,True,True,53801,False,True,True,True
6343,63063,True,53801,False,True,True,53801,False,True,True,53801,False,True,True,True
6344,63077,True,53801,False,True,True,53801,False,True,True,53801,False,True,True,True
6345,63078,True,53801,False,True,True,53801,False,True,True,53801,False,True,True,True
6346,63107,True,53801,False,True,True,53801,False,True,True,53801,False,True,True,True
6347,63116,True,53801,False,True,True,53801,False,True,True,53801,False,True,True,True
6348,63117,True,53801,False,True,True,53801,False,True,True,53801,False,True,True,True
6349,63127,True,53801,False,True,True,53801,False,True,True,53801,False,True,True,True
6350,63132,True,53801,False,True,True,53801,False,True,True,53801,False,True,True,True
6351,63133,True,53801,False,True,True,53801,False,True,True,53801,False,True,True,True
6352,63143,True,53801,False,True,True,53801,False,True,True,53801,False,True,True,True
6353,63160,True,53801,False,True,True,53801,False,True,True,53801,False,True,True,True
6354,63178,True,53801,False,True,True,53801,False,True,True,53801,False,True,True,True
6355,63181,True,53801,False,True,True,53801,False,True,True,53801,False,True,True,True
6356,63189,True,53801,False,True,True,53801,False,True,True,53801,False,True,True,True
6357,63191,True,53801,False,True,True,53801,False,True,True,53801,False,True,True,True
6358,63231,True,53801,False,True,True,53801,False,True,True,53801,False,True,True,True
6359,63244,True,53801,False,True,True,53801,False,True,True,53801,False,True,True,True
6360,63246,True,53801,False,True,True,53801,False,True,True,53801,False,True,True,True
6360,71535,False,256,False,True,False,256,False,True,False,256,False,True,False,True
6361,63260,True,53801,False,True,True,53801,False,True,True,53801,False,True,True,True
6362,63271,True,53801,False,True,True,53801,False,True,True,53801,False,True,True,True
6363,63282,True,53801,False,True,True,53801,False,True,True,53801,False,True,True,True
6364,63299,True,53801,False,True,True,53801,False,True,True,53801,False,True,True,True
6365,63301,True,53801,False,True,True,53801,False,True,True,53801,False,True,True,True
6366,30739,False,256,False,True,False,256,False,True,False,256,False,True,False,True
6366,63313,True,53801,False,True,True,53801,False,True,True,53801,False,True,True,True
6367,63316,True,53801,False,True,True,53801,False,True,True,53801,False,True,True,True
6368,63330,True,53801,False,True,True,53801,False,True,True,53801,False,True,True,True
6369,63337,True,53801,False,True,True,53801,False,True,True,53801,False,True,True,True
6370,63361,True,53801,False,True,True,53801,False,True,True,53801,False,True,True,True
6371,63368,True,53801,False,True,True,53801,False,True,True,53801,False,True,True,True
6372,63371,True,53801,False,True,True,53801,False,True,True,53801,False,True,True,True
6373,63379,True,53801,False,True,True,53801,False,True,True,53801,False,True,True,True
6374,63394,True,53801,False,True,True,53801,False,True,True,53801,False,True,True,True
6375,63395,True,53801,False,True,True,53801,False,True,True,53801,False,True,True,True
6376,63405,True,53801,False,True,True,53801,False,True,True,53801,False,True,True,True
6377,63420,True,53801,False,True,True,53801,False,True,True,53801,False,True,True,True
6378,63427,True,53801,False,True,True,53801,False,True,True,53801,False,True,True,True
6379,63431,True,53801,False,True,True,53801,False,True,True,53801,False,True,True,True
6380,63434,True,53801,False,True,True,53801,False,True,True,53801,False,True,True,True
6381,63437,True,53801,False,True,True,53801,False,True,True,53801,False,True,True,True
6382,63447,True,53801,False,True,True,53801,False,True,True,53801,False,True,True,True
6383,63451,True,53801,False,True,True,53801,False,True,True,53801,False,True,True,True
6384,63455,True,53801,False,True,True,53801,False,True,True,53801,False,True,True,True
6385,63480,True,53801,False,True,True,53801,False,True,True,53801,False,True,True,True
6386,1589,False,256,False,True,False,256,False,True,False,256,False,True,False,True
6386,63482,True,53801,False,True,True,53801,False,True,True,53801,False,True,True,True
6387,63486,True,53801,False,True,True,53801,False,True,True,53801,False,True,True,True
6388,63488,True,53801,False,True,True,53801,False,True,True,53801,False,True,True,True
6389,63490,True,53801,False,True,True,53801,False,True,True,53801,False,True,True,True
6390,63491,True,53801,False,True,True,53801,False,True,True,53801,False,True,True,True
6391,63495,True,53801,False,True,True,53801,False,True,True,53801,False,True,True,True
6392,63506,True,53801,False,True,True,53801,False,True,True,53801,False,True,True,True
6393,63544,True,53801,False,True,True,53801,False,True,True,53801,False,True,True,True
6394,63551,True,53801,False,True,True,53801,False,True,True,53801,False,True,True,True
6394,86026,False,256,False,True,False,256,False,True,False,256,False,True,False,True
6395,63564,True,53801,False,True,True,53801,False,True,True,53801,False,True,True,True
6396,63565,True,53801,False,True,True,53801,False,True,True,53801,False,True,True,True
6397,63567,True,53801,False,True,True,53801,False,True,True,53801,False,True,True,True
6398,63570,True,53801,False,True,True,53801,False,True,True,53801,False,True,True,True
6399,63611,True,53801,False,True,True,53801,False,True,True,53801,False,True,True,True
6400,63624,True,53801,False,True,True,53801,False,True,True,53801,False,True,True,True
6401,63628,True,53801,False,True,True,53801,False,True,True,53801,False,True,True,True
6402,63636,True,53801,False,True,True,53801,False,True,True,53801,False,True,True,True
6403,63637,True,53801,False,True,True,53801,False,True,True,53801,False,True,True,True
6404,63638,True,53801,False,True,True,53801,False,True,True,53801,False,True,True,True
6405,63640,True,53801,False,True,True,53801,False,True,True,53801,False,True,True,True
6406,63641,True,53801,False,True,True,53801,False,True,True,53801,False,True,True,True
6407,63677,True,53801,False,True,True,53801,False,True,True,53801,False,True,True,True
6408,63681,True,53801,False,True,True,53801,False,True,True,53801,False,True,True,True
6409,63696,True,53801,False,True,True,53801,False,True,True,53801,False,True,True,True
6410,63702,True,53801,False,True,True,53801,False,True,True,53801,False,True,True,True
6411,63708,True,53801,False,True,True,53801,False,True,True,53801,False,True,True,True
6412,63710,True,53801,False,True,True,53801,False,True,True,53801,False,True,True,True
6413,63728,True,53801,False,True,True,53801,False,True,True,53801,False,True,True,True
6414,63740,True,53801,False,True,True,53801,False,True,True,53801,False,True,True,True
6415,63751,True,53801,False,True,True,53801,False,True,True,53801,False,True,True,True
6416,63754,True,53801,False,True,True,53801,False,True,True,53801,False,True,True,True
6416,66521,False,256,False,True,False,256,False,True,False,256,False,True,False,True
6417,63761,True,53801,False,True,True,53801,False,True,True,53801,False,True,True,True
6418,63786,True,53801,False,True,True,53801,False,True,True,53801,False,True,True,True
6419,63787,True,53801,False,True,True,53801,False,True,True,53801,False,True,True,True
6420,63801,True,53801,False,True,True,53801,False,True,True,53801,False,True,True,True
6422,63832,True,53801,False,True,True,53801,False,True,True,53801,False,True,True,True
6423,63838,True,53801,False,True,True,53801,False,True,True,53801,False,True,True,True
6424,63839,True,53801,False,True,True,53801,False,True,True,53801,False,True,True,True
6425,63841,True,53801,False,True,True,53801,False,True,True,53801,False,True,True,True
6426,63842,True,53801,False,True,True,53801,False,True,True,53801,False,True,True,True
6427,63855,True,53801,False,True,True,53801,False,True,True,53801,False,True,True,True
6428,63856,True,53801,False,True,True,53801,False,True,True,53801,False,True,True,True
6430,63863,True,53801,False,True,True,53801,False,True,True,53801,False,True,True,True
6431,63879,True,53801,False,True,True,53801,False,True,True,53801,False,True,True,True
6432,63892,True,53801,False,True,True,53801,False,True,True,53801,False,True,True,True
6433,63894,True,53801,False,True,True,53801,False,True,True,53801,False,True,True,True
6434,63922,True,53801,False,True,True,53801,False,True,True,53801,False,True,True,True
6435,63931,True,53801,False,True,True,53801,False,True,True,53801,False,True,True,True
6436,63936,True,53801,False,True,True,53801,False,True,True,53801,False,True,True,True
6437,63942,True,53801,False,True,True,53801,False,True,True,53801,False,True,True,True
6438,68690,True,53801,False,True,True,53801,False,True,True,53801,False,True,True,True
6439,71831,True,53801,False,True,True,53801,False,True,True,53801,False,True,True,True
6440,71834,True,53801,False,True,True,53801,False,True,True,53801,False,True,True,True
6441,71838,True,53801,False,True,True,53801,False,True,True,53801,False,True,True,True
6442,71852,True,53801,False,True,True,53801,False,True,True,53801,False,True,True,True
6443,71860,True,53801,False,True,True,53801,False,True,True,53801,False,True,True,True
6444,38875,False,256,False,True,False,256,False,True,False,2048,False,True,False,True
6444,71861,True,53801,False,True,True,53801,False,True,True,53801,False,True,True,True
6445,71867,True,53801,False,True,True,53801,False,True,True,53801,False,True,True,True
6446,71869,True,53801,False,True,True,53801,False,True,True,53801,False,True,True,True
6447,1668,False,256,False,True,False,256,False,True,False,256,False,True,False,True
6447,71873,True,53801,False,True,True,53801,False,True,True,53801,False,True,True,True
6448,71877,True,53801,False,True,True,53801,False,True,True,53801,False,True,True,True
6449,71879,True,53801,False,True,True,53801,False,True,True,53801,False,True,True,True
6450,71880,True,53801,False,True,True,53801,False,True,True,53801,False,True,True,True
6451,71890,True,53801,False,True,True,53801,False,True,True,53801,False,True,True,True
6452,71894,True,53801,False,True,True,53801,False,True,True,53801,False,True,True,True
6453,71897,True,53801,False,True,True,53801,False,True,True,53801,False,True,True,True
6454,71900,True,53801,False,True,True,53801,False,True,True,53801,False,True,True,True
6455,71909,True,53801,False,True,True,53801,False,True,True,53801,False,True,True,True
6456,71928,True,53801,False,True,True,53801,False,True,True,53801,False,True,True,True
6457,71929,True,53801,False,True,True,53801,False,True,True,53801,False,True,True,True
6458,71934,True,53801,False,True,True,53801,False,True,True,53801,False,True,True,True
6459,71942,True,53801,False,True,True,53801,False,True,True,53801,False,True,True,True
6460,71944,True,53801,False,True,True,53801,False,True,True,53801,False,True,True,True
6461,71945,True,53801,False,True,True,53801,False,True,True,53801,False,True,True,True
6462,71947,True,53801,False,True,True,53801,False,True,True,53801,False,True,True,True
6463,71953,True,53801,False,True,True,53801,False,True,True,53801,False,True,True,True
6464,71954,True,53801,False,True,True,53801,False,True,True,53801,False,True,True,True
6465,71962,True,53801,False,True,True,53801,False,True,True,53801,False,True,True,True
6466,71964,True,53801,False,True,True,53801,False,True,True,53801,False,True,True,True
6468,71969,True,53801,False,True,True,53801,False,True,True,53801,False,True,True,True
6469,71983,True,53801,False,True,True,53801,False,True,True,53801,False,True,True,True
6470,71993,True,53801,False,True,True,53801,False,True,True,53801,False,True,True,True
6471,71995,True,53801,False,True,True,53801,False,True,True,53801,False,True,True,True
6472,72007,True,53801,False,True,True,53801,False,True,True,53801,False,True,True,True
6473,72009,True,53801,False,True,True,53801,False,True,True,53801,False,True,True,True
6474,72014,True,53801,False,True,True,53801,False,True,True,53801,False,True,True,True
6475,72019,True,53801,False,True,True,53801,False,True,True,53801,False,True,True,True
6476,6215,False,256,False,True,False,256,False,True,False,256,False,True,False,True
6476,72026,True,53801,False,True,True,53801,False,True,True,53801,False,True,True,True
6477,72032,True,53801,False,True,True,53801,False,True,True,53801,False,True,True,True
6478,72036,True,53801,False,True,True,53801,False,True,True,53801,False,True,True,True
6479,72040,True,53801,False,True,True,53801,False,True,True,53801,False,True,True,True
6480,72049,True,53801,False,True,True,53801,False,True,True,53801,False,True,True,True
6481,72051,True,53801,False,True,True,53801,False,True,True,53801,False,True,True,True
6482,72060,True,53801,False,True,True,53801,False,True,True,53801,False,True,True,True
6483,922,False,256,False,True,False,256,False,True,False,256,False,True,False,True
6483,72063,True,53801,False,True,True,53801,False,True,True,53801,False,True,True,True
6484,72065,True,53801,False,True,True,53801,False,True,True,53801,False,True,True,True
6485,72067,True,53801,False,True,True,53801,False,True,True,53801,False,True,True,True
6486,72076,True,53801,False,True,True,53801,False,True,True,53801,False,True,True,True
6486,75740,False,256,False,True,False,256,False,True,False,256,False,True,False,True
6487,72078,True,53801,False,True,True,53801,False,True,True,53801,False,True,True,True
6488,72079,True,53801,False,True,True,53801,False,True,True,53801,False,True,True,True
6489,72080,True,53801,False,True,True,53801,False,True,True,53801,False,True,True,True
6490,72084,True,53801,False,True,True,53801,False,True,True,53801,False,True,True,True
6491,22071,False,256,False,True,False,256,False,True,False,256,False,True,False,True
6491,72093,True,53801,False,True,True,53801,False,True,True,53801,False,True,True,True
6492,72099,True,53801,False,True,True,53801,False,True,True,53801,False,True,True,True
6493,72105,True,53801,False,True,True,53801,False,True,True,53801,False,True,True,True
6494,72110,True,53801,False,True,True,53801,False,True,True,53801,False,True,True,True
6495,72120,True,53801,False,True,True,53801,False,True,True,53801,False,True,True,True
6496,72129,True,53801,False,True,True,53801,False,True,True,53801,False,True,True,True
6497,72133,True,53801,False,True,True,53801,False,True,True,53801,False,True,True,True
6498,72135,True,53801,False,True,True,53801,False,True,True,53801,False,True,True,True
6499,72139,True,53801,False,True,True,53801,False,True,True,53801,False,True,True,True
6500,72163,True,53801,False,True,True,53801,False,True,True,53801,False,True,True,True
6501,72168,True,53801,False,True,True,53801,False,True,True,53801,False,True,True,True
6502,72177,True,53801,False,True,True,53801,False,True,True,53801,False,True,True,True
6503,72183,True,53801,False,True,True,53801,False,True,True,53801,False,True,True,True
6504,72184,True,53801,False,True,True,53801,False,True,True,53801,False,True,True,True
6505,54623,False,256,False,True,False,256,False,True,False,256,False,True,False,True
6505,72192,True,53801,False,True,True,53801,False,True,True,53801,False,True,True,True
6506,72213,True,53801,False,True,True,53801,False,True,True,53801,False,True,True,True
6507,72214,True,53801,False,True,True,53801,False,True,True,53801,False,True,True,True
6508,72218,True,53801,False,True,True,53801,False,True,True,53801,False,True,True,True
6509,72219,True,53801,False,True,True,53801,False,True,True,53801,False,True,True,True
6510,72225,True,53801,False,True,True,53801,False,True,True,53801,False,True,True,True
6511,72236,True,53801,False,True,True,53801,False,True,True,53801,False,True,True,True
6512,72238,True,53801,False,True,True,53801,False,True,True,53801,False,True,True,True
6513,72242,True,53801,False,True,True,53801,False,True,True,53801,False,True,True,True
6514,45324,False,256,False,True,False,256,False,True,False,256,False,True,False,True
6514,72243,True,53801,False,True,True,53801,False,True,True,53801,False,True,True,True
6515,72257,True,53801,False,True,True,53801,False,True,True,53801,False,True,True,True
6516,72259,True,53801,False,True,True,53801,False,True,True,53801,False,True,True,True
6517,72264,True,53801,False,True,True,53801,False,True,True,53801,False,True,True,True
6518,72273,True,53801,False,True,True,53801,False,True,True,53801,False,True,True,True
6519,72274,True,53801,False,True,True,53801,False,True,True,53801,False,True,True,True
6520,72283,True,53801,False,True,True,53801,False,True,True,53801,False,True,True,True
6521,72289,True,53801,False,True,True,53801,False,True,True,53801,False,True,True,True
6522,72298,True,53801,False,True,True,53801,False,True,True,53801,False,True,True,True
6523,72302,True,53801,False,True,True,53801,False,True,True,53801,False,True,True,True
6524,72306,True,53801,False,True,True,53801,False,True,True,53801,False,True,True,True
6525,33974,False,256,False,True,False,256,False,True,False,256,False,True,False,True
6525,72310,True,53801,False,True,True,53801,False,True,True,53801,False,True,True,True
6526,72316,True,53801,False,True,True,53801,False,True,True,53801,False,True,True,True
6527,72333,True,53801,False,True,True,53801,False,True,True,53801,False,True,True,True
6528,72340,True,53801,False,True,True,53801,False,True,True,53801,False,True,True,True
6529,72344,True,53801,False,True,True,53801,False,True,True,53801,False,True,True,True
6530,72355,True,53801,False,True,True,53801,False,True,True,53801,False,True,True,True
6531,66968,False,256,False,True,False,256,False,True,False,256,False,True,False,True
6531,72366,True,53801,False,True,True,53801,False,True,True,53801,False,True,True,True
6532,72370,True,53801,False,True,True,53801,False,True,True,53801,False,True,True,True
6533,16308,False,256,False,True,False,256,False,True,False,256,False,True,False,True
6533,72374,True,53801,False,True,True,53801,False,True,True,53801,False,True,True,True
6534,72375,True,53801,False,True,True,53801,False,True,True,53801,False,True,True,True
6535,39655,False,256,False,True,False,256,False,True,False,256,False,True,False,True
6535,72380,True,53801,False,True,True,53801,False,True,True,53801,False,True,True,True
6536,72383,True,53801,False,True,True,53801,False,True,True,53801,False,True,True,True
6537,72384,True,53801,False,True,True,53801,False,True,True,53801,False,True,True,True
6538,72386,True,53801,False,True,True,53801,False,True,True,53801,False,True,True,True
6539,72393,True,53801,False,True,True,53801,False,True,True,53801,False,True,True,True
6540,72410,True,53801,False,True,True,53801,False,True,True,53801,False,True,True,True
6541,72424,True,53801,False,True,True,53801,False,True,True,53801,False,True,True,True
6542,72433,True,53801,False,True,True,53801,False,True,True,53801,False,True,True,True
6543,72440,True,53801,False,True,True,53801,False,True,True,53801,False,True,True,True
6544,72442,True,53801,False,True,True,53801,False,True,True,53801,False,True,True,True
6545,39773,False,256,False,True,False,256,False,True,False,256,False,True,False,True
6545,72448,True,53801,False,True,True,53801,False,True,True,53801,False,True,True,True
6547,72451,True,53801,False,True,True,53801,False,True,True,53801,False,True,True,True
6548,72463,True,53801,False,True,True,53801,False,True,True,53801,False,True,True,True
6549,72464,True,53801,False,True,True,53801,False,True,True,53801,False,True,True,True
6550,72465,True,53801,False,True,True,53801,False,True,True,53801,False,True,True,True
6551,72477,True,53801,False,True,True,53801,False,True,True,53801,False,True,True,True
6551,76133,False,256,False,True,False,256,False,True,False,256,False,True,False,True
6552,72480,True,53801,False,True,True,53801,False,True,True,53801,False,True,True,True
6553,72488,True,53801,False,True,True,53801,False,True,True,53801,False,True,True,True
6554,72492,True,53801,False,True,True,53801,False,True,True,53801,False,True,True,True
6555,72507,True,53801,False,True,True,53801,False,True,True,53801,False,True,True,True
6556,72515,True,53801,False,True,True,53801,False,True,True,53801,False,True,True,True
6557,72518,True,53801,False,True,True,53801,False,True,True,53801,False,True,True,True
6558,9791,False,256,False,True,False,256,False,True,False,256,False,True,False,True
6558,72520,True,53801,False,True,True,53801,False,True,True,53801,False,True,True,True
6559,72527,True,53801,False,True,True,53801,False,True,True,53801,False,True,True,True
6560,72529,True,53801,False,True,True,53801,False,True,True,53801,False,True,True,True
6561,72533,True,53801,False,True,True,53801,False,True,True,53801,False,True,True,True
6561,83301,False,256,False,True,False,256,False,True,False,256,False,True,False,True
6562,72534,True,53801,False,True,True,53801,False,True,True,53801,False,True,True,True
6563,72545,True,53801,False,True,True,53801,False,True,True,53801,False,True,True,True
6564,72546,True,53801,False,True,True,53801,False,True,True,53801,False,True,True,True
6565,72559,True,53801,False,True,True,53801,False,True,True,53801,False,True,True,True
6566,72561,True,53801,False,True,True,53801,False,True,True,53801,False,True,True,True
6567,72570,True,53801,False,True,True,53801,False,True,True,53801,False,True,True,True
6568,72573,True,53801,False,True,True,53801,False,True,True,53801,False,True,True,True
6569,72578,True,53801,False,True,True,53801,False,True,True,53801,False,True,True,True
6570,72580,True,53801,False,True,True,53801,False,True,True,53801,False,True,True,True
6571,72588,True,53801,False,True,True,53801,False,True,True,53801,False,True,True,True
6572,72594,True,53801,False,True,True,53801,False,True,True,53801,False,True,True,True
6573,72601,True,53801,False,True,True,53801,False,True,True,53801,False,True,True,True
6574,72605,True,53801,False,True,True,53801,False,True,True,53801,False,True,True,True
6575,72606,True,53801,False,True,True,53801,False,True,True,53801,False,True,True,True
6576,72614,True,53801,False,True,True,53801,False,True,True,53801,False,True,True,True
6577,72615,True,53801,False,True,True,53801,False,True,True,53801,False,True,True,True
6578,72617,True,53801,False,True,True,53801,False,True,True,53801,False,True,True,True
6579,72618,True,53801,False,True,True,53801,False,True,True,53801,False,True,True,True
6580,72626,True,53801,False,True,True,53801,False,True,True,53801,False,True,True,True
6581,72629,True,53801,False,True,True,53801,False,True,True,53801,False,True,True,True
6582,3387,False,256,False,True,False,256,False,True,False,256,False,True,False,True
6582,72643,True,53801,False,True,True,53801,False,True,True,53801,False,True,True,True
6583,72653,True,53801,False,True,True,53801,False,True,True,53801,False,True,True,True
6584,72666,True,53801,False,True,True,53801,False,True,True,53801,False,True,True,True
6585,72671,True,53801,False,True,True,53801,False,True,True,53801,False,True,True,True
6586,72684,True,53801,False,True,True,53801,False,True,True,53801,False,True,True,True
6587,72686,True,53801,False,True,True,53801,False,True,True,53801,False,True,True,True
6588,72687,True,53801,False,True,True,53801,False,True,True,53801,False,True,True,True
6589,72697,True,53801,False,True,True,53801,False,True,True,53801,False,True,True,True
6590,72702,True,53801,False,True,True,53801,False,True,True,53801,False,True,True,True
6591,72703,True,53801,False,True,True,53801,False,True,True,53801,False,True,True,True
6592,72704,True,53801,False,True,True,53801,False,True,True,53801,False,True,True,True
6593,72709,True,53801,False,True,True,53801,False,True,True,53801,False,True,True,True
6594,72721,True,53801,False,True,True,53801,False,True,True,53801,False,True,True,True
6595,72724,True,53801,False,True,True,53801,False,True,True,53801,False,True,True,True
6596,72730,True,53801,False,True,True,53801,False,True,True,53801,False,True,True,True
6597,72731,True,53801,False,True,True,53801,False,True,True,53801,False,True,True,True
6598,72746,True,53801,False,True,True,53801,False,True,True,53801,False,True,True,True
6599,72749,True,53801,False,True,True,53801,False,True,True,53801,False,True,True,True
6600,72752,True,53801,False,True,True,53801,False,True,True,53801,False,True,True,True
6601,72762,True,53801,False,True,True,53801,False,True,True,53801,False,True,True,True
6602,72773,True,53801,False,True,True,53801,False,True,True,53801,False,True,True,True
6603,72778,True,53801,False,True,True,53801,False,True,True,53801,False,True,True,True
6604,64612,False,256,False,True,False,256,False,True,False,256,False,True,False,True
6604,72779,True,53801,False,True,True,53801,False,True,True,53801,False,True,True,True
6605,59284,False,256,False,True,False,256,False,True,False,256,False,True,False,True
6605,72787,True,53801,False,True,True,53801,False,True,True,53801,False,True,True,True
6606,22744,False,256,False,True,False,256,False,True,False,256,False,True,False,True
6606,72816,True,53801,False,True,True,53801,False,True,True,53801,False,True,True,True
6607,59349,False,256,False,True,False,256,False,True,False,256,False,True,False,True
6607,72830,True,53801,False,True,True,53801,False,True,True,53801,False,True,True,True
6608,72842,True,53801,False,True,True,53801,False,True,True,53801,False,True,True,True
6609,72847,True,53801,False,True,True,53801,False,True,True,53801,False,True,True,True
6610,72848,True,53801,False,True,True,53801,False,True,True,53801,False,True,True,True
6611,72855,True,53801,False,True,True,53801,False,True,True,53801,False,True,True,True
6612,72859,True,53801,False,True,True,53801,False,True,True,53801,False,True,True,True
6613,72861,True,53801,False,True,True,53801,False,True,True,53801,False,True,True,True
6614,72875,True,53801,False,True,True,53801,False,True,True,53801,False,True,True,True
6615,72891,True,53801,False,True,True,53801,False,True,True,53801,False,True,True,True
6616,72897,True,53801,False,True,True,53801,False,True,True,53801,False,True,True,True
6617,72899,True,53801,False,True,True,53801,False,True,True,53801,False,True,True,True
6618,72913,True,53801,False,True,True,53801,False,True,True,53801,False,True,True,True
6619,72914,True,53801,False,True,True,53801,False,True,True,53801,False,True,True,True
6620,72919,True,53801,False,True,True,53801,False,True,True,53801,False,True,True,True
6621,72920,True,53801,False,True,True,53801,False,True,True,53801,False,True,True,True
6622,55288,False,256,False,True,False,256,False,True,False,256,False,True,False,True
6622,72923,True,53801,False,True,True,53801,False,True,True,53801,False,True,True,True
6623,72925,True,53801,False,True,True,53801,False,True,True,53801,False,True,True,True
6624,72935,True,53801,False,True,True,53801,False,True,True,53801,False,True,True,True
6625,72936,True,53801,False,True,True,53801,False,True,True,53801,False,True,True,True
6626,72940,True,53801,False,True,True,53801,False,True,True,53801,False,True,True,True
6627,72945,True,53801,False,True,True,53801,False,True,True,53801,False,True,True,True
6628,72947,True,53801,False,True,True,53801,False,True,True,53801,False,True,True,True
6628,80145,False,256,False,True,False,256,False,True,False,256,False,True,False,True
6629,72956,True,53801,False,True,True,53801,False,True,True,53801,False,True,True,True
6630,72957,True,53801,False,True,True,53801,False,True,True,53801,False,True,True,True
6631,72966,True,53801,False,True,True,53801,False,True,True,53801,False,True,True,True
6632,72974,True,53801,False,True,True,53801,False,True,True,53801,False,True,True,True
6633,72979,True,53801,False,True,True,53801,False,True,True,53801,False,True,True,True
6633,87136,False,256,False,True,False,256,False,True,False,256,False,True,False,True
6634,72982,True,53801,False,True,True,53801,False,True,True,53801,False,True,True,True
6635,59548,False,256,False,True,False,256,False,True,False,256,False,True,False,True
6635,72983,True,53801,False,True,True,53801,False,True,True,53801,False,True,True,True
6636,73003,True,53801,False,True,True,53801,False,True,True,53801,False,True,True,True
6637,73008,True,53801,False,True,True,53801,False,True,True,53801,False,True,True,True
6638,73013,True,53801,False,True,True,53801,False,True,True,53801,False,True,True,True
6639,73014,True,53801,False,True,True,53801,False,True,True,53801,False,True,True,True
6640,73021,True,53801,False,True,True,53801,False,True,True,53801,False,True,True,True
6641,73044,True,53801,False,True,True,53801,False,True,True,53801,False,True,True,True
6642,73054,True,53801,False,True,True,53801,False,True,True,53801,False,True,True,True
6643,73057,True,53801,False,True,True,53801,False,True,True,53801,False,True,True,True
6644,73060,True,53801,False,True,True,53801,False,True,True,53801,False,True,True,True
6645,73076,True,53801,False,True,True,53801,False,True,True,53801,False,True,True,True
6646,73078,True,53801,False,True,True,53801,False,True,True,53801,False,True,True,True
6647,73095,True,53801,False,True,True,53801,False,True,True,53801,False,True,True,True
6648,73098,True,53801,False,True,True,53801,False,True,True,53801,False,True,True,True
6649,73117,True,53801,False,True,True,53801,False,True,True,53801,False,True,True,True
6650,73119,True,53801,False,True,True,53801,False,True,True,53801,False,True,True,True
6651,73126,True,53801,False,True,True,53801,False,True,True,53801,False,True,True,True
6652,73139,True,53801,False,True,True,53801,False,True,True,53801,False,True,True,True
6653,73143,True,53801,False,True,True,53801,False,True,True,53801,False,True,True,True
6654,13859,False,256,False,True,False,256,False,True,False,256,False,True,False,True
6654,73144,True,53801,False,True,True,53801,False,True,True,53801,False,True,True,True
6655,10388,False,256,False,True,False,256,False,True,False,256,False,True,False,True
6655,73150,True,53801,False,True,True,53801,False,True,True,53801,False,True,True,True
6656,73151,True,53801,False,True,True,53801,False,True,True,53801,False,True,True,True
6657,73153,True,53801,False,True,True,53801,False,True,True,53801,False,True,True,True
6658,73157,True,53801,False,True,True,53801,False,True,True,53801,False,True,True,True
6659,73165,True,53801,False,True,True,53801,False,True,True,53801,False,True,True,True
6659,83935,False,256,False,True,False,256,False,True,False,256,False,True,False,True
6660,73172,True,53801,False,True,True,53801,False,True,True,53801,False,True,True,True
6661,73173,True,53801,False,True,True,53801,False,True,True,53801,False,True,True,True
6662,35210,False,256,False,True,False,256,False,True,False,256,False,True,False,True
6662,73186,True,53801,False,True,True,53801,False,True,True,53801,False,True,True,True
6663,73195,True,53801,False,True,True,53801,False,True,True,53801,False,True,True,True
6664,73200,True,53801,False,True,True,53801,False,True,True,53801,False,True,True,True
6665,55528,False,256,False,True,False,256,False,True,False,256,False,True,False,True
6665,73202,True,53801,False,True,True,53801,False,True,True,53801,False,True,True,True
6666,73208,True,53801,False,True,True,53801,False,True,True,53801,False,True,True,True
6667,73211,True,53801,False,True,True,53801,False,True,True,53801,False,True,True,True
6668,73213,True,53801,False,True,True,53801,False,True,True,53801,False,True,True,True
6669,73217,True,53801,False,True,True,53801,False,True,True,53801,False,True,True,True
6670,73233,True,53801,False,True,True,53801,False,True,True,53801,False,True,True,True
6671,73235,True,53801,False,True,True,53801,False,True,True,53801,False,True,True,True
6672,73237,True,53801,False,True,True,53801,False,True,True,53801,False,True,True,True
6673,73239,True,53801,False,True,True,53801,False,True,True,53801,False,True,True,True
6674,73245,True,53801,False,True,True,53801,False,True,True,53801,False,True,True,True
6675,73270,True,53801,False,True,True,53801,False,True,True,53801,False,True,True,True
6676,73284,True,53801,False,True,True,53801,False,True,True,53801,False,True,True,True
6677,73288,True,53801,False,True,True,53801,False,True,True,53801,False,True,True,True
6678,73306,True,53801,False,True,True,53801,False,True,True,53801,False,True,True,True
6679,73311,True,53801,False,True,True,53801,False,True,True,53801,False,True,True,True
6680,73325,True,53801,False,True,True,53801,False,True,True,53801,False,True,True,True
6681,73330,True,53801,False,True,True,53801,False,True,True,53801,False,True,True,True
6682,73333,True,53801,False,True,True,53801,False,True,True,53801,False,True,True,True
6683,73340,True,53801,False,True,True,53801,False,True,True,53801,False,True,True,True
6684,73341,True,53801,False,True,True,53801,False,True,True,53801,False,True,True,True
6685,73343,True,53801,False,True,True,53801,False,True,True,53801,False,True,True,True
6686,73344,True,53801,False,True,True,53801,False,True,True,53801,False,True,True,True
6687,73351,True,53801,False,True,True,53801,False,True,True,53801,False,True,True,True
6688,73352,True,53801,False,True,True,53801,False,True,True,53801,False,True,True,True
6689,73358,True,53801,False,True,True,53801,False,True,True,53801,False,True,True,True
6690,55688,False,256,False,True,False,256,False,True,False,256,False,True,False,True
6690,73378,True,53801,False,True,True,53801,False,True,True,53801,False,True,True,True
6691,73379,True,53801,False,True,True,53801,False,True,True,53801,False,True,True,True
6692,73394,True,53801,False,True,True,53801,False,True,True,53801,False,True,True,True
6693,73397,True,53801,False,True,True,53801,False,True,True,53801,False,True,True,True
6694,73403,True,53801,False,True,True,53801,False,True,True,53801,False,True,True,True
6695,73406,True,53801,False,True,True,53801,False,True,True,53801,False,True,True,True
6696,73407,True,53801,False,True,True,53801,False,True,True,53801,False,True,True,True
6697,73408,True,53801,False,True,True,53801,False,True,True,53801,False,True,True,True
6698,73414,True,53801,False,True,True,53801,False,True,True,53801,False,True,True,True
6699,73417,True,53801,False,True,True,53801,False,True,True,53801,False,True,True,True
6699,84171,False,256,False,True,False,256,False,True,False,256,False,True,False,True
6700,73428,True,53801,False,True,True,53801,False,True,True,53801,False,True,True,True
6701,73434,True,53801,False,True,True,53801,False,True,True,53801,False,True,True,True
6702,73437,True,53801,False,True,True,53801,False,True,True,53801,False,True,True,True
6703,73451,True,53801,False,True,True,53801,False,True,True,53801,False,True,True,True
6704,73457,True,53801,False,True,True,53801,False,True,True,53801,False,True,True,True
6705,73461,True,53801,False,True,True,53801,False,True,True,53801,False,True,True,True
6706,73466,True,53801,False,True,True,53801,False,True,True,53801,False,True,True,True
6707,73467,True,53801,False,True,True,53801,False,True,True,53801,False,True,True,True
6708,73468,True,53801,False,True,True,53801,False,True,True,53801,False,True,True,True
6709,73471,True,53801,False,True,True,53801,False,True,True,53801,False,True,True,True
6710,73474,True,53801,False,True,True,53801,False,True,True,53801,False,True,True,True
6711,73479,True,53801,False,True,True,53801,False,True,True,53801,False,True,True,True
6712,73486,True,53801,False,True,True,53801,False,True,True,53801,False,True,True,True
6713,73490,True,53801,False,True,True,53801,False,True,True,53801,False,True,True,True
6714,73495,True,53801,False,True,True,53801,False,True,True,53801,False,True,True,True
6715,73504,True,53801,False,True,True,53801,False,True,True,53801,False,True,True,True
6716,73507,True,53801,False,True,True,53801,False,True,True,53801,False,True,True,True
6717,73513,True,53801,False,True,True,53801,False,True,True,53801,False,True,True,True
6718,73525,True,53801,False,True,True,53801,False,True,True,53801,False,True,True,True
6719,73531,True,53801,False,True,True,53801,False,True,True,53801,False,True,True,True
6720,73553,True,53801,False,True,True,53801,False,True,True,53801,False,True,True,True
6721,73556,True,53801,False,True,True,53801,False,True,True,53801,False,True,True,True
6722,73560,True,53801,False,True,True,53801,False,True,True,53801,False,True,True,True
6723,73566,True,53801,False,True,True,53801,False,True,True,53801,False,True,True,True
6724,5280,False,256,False,True,False,256,False,True,False,256,False,True,False,True
6724,73567,True,53801,False,True,True,53801,False,True,True,53801,False,True,True,True
6724,84301,False,256,False,True,False,256,False,True,False,256,False,True,False,True
6725,41607,False,256,False,True,False,256,False,True,False,256,False,True,False,True
6725,73569,True,53801,False,True,True,53801,False,True,True,53801,False,True,True,True
6726,73591,True,53801,False,True,True,53801,False,True,True,53801,False,True,True,True
6727,73593,True,53801,False,True,True,53801,False,True,True,53801,False,True,True,True
6728,73598,True,53801,False,True,True,53801,False,True,True,53801,False,True,True,True
6729,73601,True,53801,False,True,True,53801,False,True,True,53801,False,True,True,True
6730,73602,True,53801,False,True,True,53801,False,True,True,53801,False,True,True,True
6731,73610,True,53801,False,True,True,53801,False,True,True,53801,False,True,True,True
6732,73615,True,53801,False,True,True,53801,False,True,True,53801,False,True,True,True
6733,73616,True,53801,False,True,True,53801,False,True,True,53801,False,True,True,True
6734,73618,True,53801,False,True,True,53801,False,True,True,53801,False,True,True,True
6735,73624,True,53801,False,True,True,53801,False,True,True,53801,False,True,True,True
6736,73632,True,53801,False,True,True,53801,False,True,True,53801,False,True,True,True
6737,73643,True,53801,False,True,True,53801,False,True,True,53801,False,True,True,True
6738,73645,True,53801,False,True,True,53801,False,True,True,53801,False,True,True,True
6739,73646,True,53801,False,True,True,53801,False,True,True,53801,False,True,True,True
6740,73655,True,53801,False,True,True,53801,False,True,True,53801,False,True,True,True
6741,60719,False,256,False,True,False,256,False,True,False,256,False,True,False,True
6741,73661,True,53801,False,True,True,53801,False,True,True,53801,False,True,True,True
6742,73672,True,53801,False,True,True,53801,False,True,True,53801,False,True,True,True
6743,73695,True,53801,False,True,True,53801,False,True,True,53801,False,True,True,True
6744,47122,False,256,False,True,False,256,False,True,False,256,False,True,False,True
6744,73702,True,53801,False,True,True,53801,False,True,True,53801,False,True,True,True
6745,73713,True,53801,False,True,True,53801,False,True,True,53801,False,True,True,True
6746,73714,True,53801,False,True,True,53801,False,True,True,53801,False,True,True,True
6747,73728,True,53801,False,True,True,53801,False,True,True,53801,False,True,True,True
6748,73733,True,53801,False,True,True,53801,False,True,True,53801,False,True,True,True
6749,73740,True,53801,False,True,True,53801,False,True,True,53801,False,True,True,True
6750,73752,True,53801,False,True,True,53801,False,True,True,53801,False,True,True,True
6751,73756,True,53801,False,True,True,53801,False,True,True,53801,False,True,True,True
6752,73761,True,53801,False,True,True,53801,False,True,True,53801,False,True,True,True
6753,73763,True,53801,False,True,True,53801,False,True,True,53801,False,True,True,True
6754,73767,True,53801,False,True,True,53801,False,True,True,53801,False,True,True,True
6754,77383,False,256,False,True,False,256,False,True,False,256,False,True,False,True
6755,73773,True,53801,False,True,True,53801,False,True,True,53801,False,True,True,True
6756,73781,True,53801,False,True,True,53801,False,True,True,53801,False,True,True,True
6757,73796,True,53801,False,True,True,53801,False,True,True,53801,False,True,True,True
6758,73799,True,53801,False,True,True,53801,False,True,True,53801,False,True,True,True
6759,73801,True,53801,False,True,True,53801,False,True,True,53801,False,True,True,True
6760,26305,False,256,False,True,False,256,False,True,False,256,False,True,False,True
6760,65368,False,256,False,True,False,256,False,True,False,256,False,True,False,True
6760,73804,True,53801,False,True,True,53801,False,True,True,53801,False,True,True,True
6761,73821,True,53801,False,True,True,53801,False,True,True,53801,False,True,True,True
6762,73826,True,53801,False,True,True,53801,False,True,True,53801,False,True,True,True
6763,73827,True,53801,False,True,True,53801,False,True,True,53801,False,True,True,True
6764,73829,True,53801,False,True,True,53801,False,True,True,53801,False,True,True,True
6765,73832,True,53801,False,True,True,53801,False,True,True,53801,False,True,True,True
6766,10987,False,256,False,True,False,256,False,True,False,256,False,True,False,True
6766,52043,False,256,False,True,False,256,False,True,False,256,False,True,False,True
6766,73842,True,53801,False,True,True,53801,False,True,True,53801,False,True,True,True
6767,73844,True,53801,False,True,True,53801,False,True,True,53801,False,True,True,True
6768,73860,True,53801,False,True,True,53801,False,True,True,53801,False,True,True,True
6769,73861,True,53801,False,True,True,53801,False,True,True,53801,False,True,True,True
6770,73865,True,53801,False,True,True,53801,False,True,True,53801,False,True,True,True
6771,73870,True,53801,False,True,True,53801,False,True,True,53801,False,True,True,True
6772,73889,True,53801,False,True,True,53801,False,True,True,53801,False,True,True,True
6773,73907,True,53801,False,True,True,53801,False,True,True,53801,False,True,True,True
6774,73914,True,53801,False,True,True,53801,False,True,True,53801,False,True,True,True
6775,73917,True,53801,False,True,True,53801,False,True,True,53801,False,True,True,True
6776,52160,False,256,False,True,False,256,False,True,False,256,False,True,False,True
6776,73918,True,53801,False,True,True,53801,False,True,True,53801,False,True,True,True
6777,73922,True,53801,False,True,True,53801,False,True,True,53801,False,True,True,True
6778,73924,True,53801,False,True,True,53801,False,True,True,53801,False,True,True,True
6779,73925,True,53801,False,True,True,53801,False,True,True,53801,False,True,True,True
6780,73929,True,53801,False,True,True,53801,False,True,True,53801,False,True,True,True
6781,73930,True,53801,False,True,True,53801,False,True,True,53801,False,True,True,True
6782,73941,True,53801,False,True,True,53801,False,True,True,53801,False,True,True,True
6783,73944,True,53801,False,True,True,53801,False,True,True,53801,False,True,True,True
6784,73948,True,53801,False,True,True,53801,False,True,True,53801,False,True,True,True
6785,36431,False,256,False,True,False,256,False,True,False,256,False,True,False,True
6785,73969,True,53801,False,True,True,53801,False,True,True,53801,False,True,True,True
6786,73980,True,53801,False,True,True,53801,False,True,True,53801,False,True,True,True
6787,73981,True,53801,False,True,True,53801,False,True,True,53801,False,True,True,True
6788,73992,True,53801,False,True,True,53801,False,True,True,53801,False,True,True,True
6789,73993,True,53801,False,True,True,53801,False,True,True,53801,False,True,True,True
6790,73995,True,53801,False,True,True,53801,False,True,True,53801,False,True,True,True
6791,74001,True,53801,False,True,True,53801,False,True,True,53801,False,True,True,True
6792,74002,True,53801,False,True,True,53801,False,True,True,53801,False,True,True,True
6793,74007,True,53801,False,True,True,53801,False,True,True,53801,False,True,True,True
6794,74014,True,53801,False,True,True,53801,False,True,True,53801,False,True,True,True
6795,74016,True,53801,False,True,True,53801,False,True,True,53801,False,True,True,True
6796,74019,True,53801,False,True,True,53801,False,True,True,53801,False,True,True,True
6797,74026,True,53801,False,True,True,53801,False,True,True,53801,False,True,True,True
6798,74031,True,53801,False,True,True,53801,False,True,True,53801,False,True,True,True
6799,74032,True,53801,False,True,True,53801,False,True,True,53801,False,True,True,True
6800,74038,True,53801,False,True,True,53801,False,True,True,53801,False,True,True,True
6801,74044,True,53801,False,True,True,53801,False,True,True,53801,False,True,True,True
6802,1314,False,256,False,True,False,256,False,True,False,256,False,True,False,True
6802,5499,False,256,False,True,False,256,False,True,False,256,False,True,False,True
6802,74052,True,53801,False,True,True,53801,False,True,True,53801,False,True,True,True
6803,74056,True,53801,False,True,True,53801,False,True,True,53801,False,True,True,True
6804,74057,True,53801,False,True,True,53801,False,True,True,53801,False,True,True,True
6805,74062,True,53801,False,True,True,53801,False,True,True,53801,False,True,True,True
6806,74070,True,53801,False,True,True,53801,False,True,True,53801,False,True,True,True
6807,74077,True,53801,False,True,True,53801,False,True,True,53801,False,True,True,True
6808,74082,True,53801,False,True,True,53801,False,True,True,53801,False,True,True,True
6809,74084,True,53801,False,True,True,53801,False,True,True,53801,False,True,True,True
6811,74087,True,53801,False,True,True,53801,False,True,True,53801,False,True,True,True
6812,61506,False,256,False,True,False,256,False,True,False,256,False,True,False,True
6812,74088,True,53801,False,True,True,53801,False,True,True,53801,False,True,True,True
6813,74095,True,53801,False,True,True,53801,False,True,True,53801,False,True,True,True
6814,74122,True,53801,False,True,True,53801,False,True,True,53801,False,True,True,True
6815,74132,True,53801,False,True,True,53801,False,True,True,53801,False,True,True,True
6816,14830,False,256,False,True,False,256,False,True,False,256,False,True,False,True
6816,74133,True,53801,False,True,True,53801,False,True,True,53801,False,True,True,True
6817,74136,True,53801,False,True,True,53801,False,True,True,53801,False,True,True,True
6818,74138,True,53801,False,True,True,53801,False,True,True,53801,False,True,True,True
6819,74142,True,53801,False,True,True,53801,False,True,True,53801,False,True,True,True
6820,74145,True,53801,False,True,True,53801,False,True,True,53801,False,True,True,True
6821,74150,True,53801,False,True,True,53801,False,True,True,53801,False,True,True,True
6822,74153,True,53801,False,True,True,53801,False,True,True,53801,False,True,True,True
6823,74155,True,53801,False,True,True,53801,False,True,True,53801,False,True,True,True
6824,74169,True,53801,False,True,True,53801,False,True,True,53801,False,True,True,True
6825,74173,True,53801,False,True,True,53801,False,True,True,53801,False,True,True,True
6826,74181,True,53801,False,True,True,53801,False,True,True,53801,False,True,True,True
6827,74187,True,53801,False,True,True,53801,False,True,True,53801,False,True,True,True
6828,74202,True,53801,False,True,True,53801,False,True,True,53801,False,True,True,True
6829,74228,True,53801,False,True,True,53801,False,True,True,53801,False,True,True,True
6830,74238,True,53801,False,True,True,53801,False,True,True,53801,False,True,True,True
6831,74244,True,53801,False,True,True,53801,False,True,True,53801,False,True,True,True
6832,74245,True,53801,False,True,True,53801,False,True,True,53801,False,True,True,True
6833,74248,True,53801,False,True,True,53801,False,True,True,53801,False,True,True,True
6834,74252,True,53801,False,True,True,53801,False,True,True,53801,False,True,True,True
6835,74262,True,53801,False,True,True,53801,False,True,True,53801,False,True,True,True
6836,74263,True,53801,False,True,True,53801,False,True,True,53801,False,True,True,True
6837,61819,False,256,False,True,False,256,False,True,False,256,False,True,False,True
6837,74267,True,53801,False,True,True,53801,False,True,True,53801,False,True,True,True
6838,74270,True,53801,False,True,True,53801,False,True,True,53801,False,True,True,True
6839,74274,True,53801,False,True,True,53801,False,True,True,53801,False,True,True,True
6840,74283,True,53801,False,True,True,53801,False,True,True,53801,False,True,True,True
6841,74288,True,53801,False,True,True,53801,False,True,True,53801,False,True,True,True
6842,74289,True,53801,False,True,True,53801,False,True,True,53801,False,True,True,True
6843,74300,True,53801,False,True,True,53801,False,True,True,53801,False,True,True,True
6844,74302,True,53801,False,True,True,53801,False,True,True,53801,False,True,True,True
6845,74304,True,53801,False,True,True,53801,False,True,True,53801,False,True,True,True
6846,74306,True,53801,False,True,True,53801,False,True,True,53801,False,True,True,True
6847,74307,True,53801,False,True,True,53801,False,True,True,53801,False,True,True,True
6848,74311,True,53801,False,True,True,53801,False,True,True,53801,False,True,True,True
6849,74320,True,53801,False,True,True,53801,False,True,True,53801,False,True,True,True
6850,74321,True,53801,False,True,True,53801,False,True,True,53801,False,True,True,True
6851,74343,True,53801,False,True,True,53801,False,True,True,53801,False,True,True,True
6852,74345,True,53801,False,True,True,53801,False,True,True,53801,False,True,True,True
6853,74353,True,53801,False,True,True,53801,False,True,True,53801,False,True,True,True
6854,74369,True,53801,False,True,True,53801,False,True,True,53801,False,True,True,True
6855,74370,True,53801,False,True,True,53801,False,True,True,53801,False,True,True,True
6856,74382,True,53801,False,True,True,53801,False,True,True,53801,False,True,True,True
6857,74389,True,53801,False,True,True,53801,False,True,True,53801,False,True,True,True
6858,74390,True,53801,False,True,True,53801,False,True,True,53801,False,True,True,True
6859,74391,True,53801,False,True,True,53801,False,True,True,53801,False,True,True,True
6860,24283,False,256,False,True,False,256,False,True,False,256,False,True,False,True
6860,74398,True,53801,False,True,True,53801,False,True,True,53801,False,True,True,True
6861,24294,False,256,False,True,False,256,False,True,False,256,False,True,False,True
6861,74405,True,53801,False,True,True,53801,False,True,True,53801,False,True,True,True
6862,74410,True,53801,False,True,True,53801,False,True,True,53801,False,True,True,True
6863,74415,True,53801,False,True,True,53801,False,True,True,53801,False,True,True,True
6864,74416,True,53801,False,True,True,53801,False,True,True,53801,False,True,True,True
6865,74425,True,53801,False,True,True,53801,False,True,True,53801,False,True,True,True
6866,74428,True,53801,False,True,True,53801,False,True,True,53801,False,True,True,True
6867,74430,True,53801,False,True,True,53801,False,True,True,53801,False,True,True,True
6868,74433,True,53801,False,True,True,53801,False,True,True,53801,False,True,True,True
6869,74434,True,53801,False,True,True,53801,False,True,True,53801,False,True,True,True
6870,48091,False,256,False,True,False,256,False,True,False,256,False,True,False,True
6870,74442,True,53801,False,True,True,53801,False,True,True,53801,False,True,True,True
6871,74463,True,53801,False,True,True,53801,False,True,True,53801,False,True,True,True
6872,74467,True,53801,False,True,True,53801,False,True,True,53801,False,True,True,True
6873,11540,False,256,False,True,False,256,False,True,False,256,False,True,False,True
6873,74468,True,53801,False,True,True,53801,False,True,True,53801,False,True,True,True
6874,74470,True,53801,False,True,True,53801,False,True,True,53801,False,True,True,True
6875,74474,True,53801,False,True,True,53801,False,True,True,53801,False,True,True,True
6876,74477,True,53801,False,True,True,53801,False,True,True,53801,False,True,True,True
6877,74488,True,53801,False,True,True,53801,False,True,True,53801,False,True,True,True
6878,74490,True,53801,False,True,True,53801,False,True,True,53801,False,True,True,True
6879,74495,True,53801,False,True,True,53801,False,True,True,53801,False,True,True,True
6880,74503,True,53801,False,True,True,53801,False,True,True,53801,False,True,True,True
6881,74509,True,53801,False,True,True,53801,False,True,True,53801,False,True,True,True
6882,74523,True,53801,False,True,True,53801,False,True,True,53801,False,True,True,True
6883,74530,True,53801,False,True,True,53801,False,True,True,53801,False,True,True,True
6884,74539,True,53801,False,True,True,53801,False,True,True,53801,False,True,True,True
6885,74548,True,53801,False,True,True,53801,False,True,True,53801,False,True,True,True
6886,74556,True,53801,False,True,True,53801,False,True,True,53801,False,True,True,True
6887,74563,True,53801,False,True,True,53801,False,True,True,53801,False,True,True,True
6888,74564,True,53801,False,True,True,53801,False,True,True,53801,False,True,True,True
6889,74566,True,53801,False,True,True,53801,False,True,True,53801,False,True,True,True
6890,74569,True,53801,False,True,True,53801,False,True,True,53801,False,True,True,True
6891,74571,True,53801,False,True,True,53801,False,True,True,53801,False,True,True,True
6892,74576,True,53801,False,True,True,53801,False,True,True,53801,False,True,True,True
6893,74596,True,53801,False,True,True,53801,False,True,True,53801,False,True,True,True
6894,74597,True,53801,False,True,True,53801,False,True,True,53801,False,True,True,True
6895,74603,True,53801,False,True,True,53801,False,True,True,53801,False,True,True,True
6896,74619,True,53801,False,True,True,53801,False,True,True,53801,False,True,True,True
6897,74628,True,53801,False,True,True,53801,False,True,True,53801,False,True,True,True
6898,74632,True,53801,False,True,True,53801,False,True,True,53801,False,True,True,True
6899,74634,True,53801,False,True,True,53801,False,True,True,53801,False,True,True,True
6900,74637,True,53801,False,True,True,53801,False,True,True,53801,False,True,True,True
6901,74643,True,53801,False,True,True,53801,False,True,True,53801,False,True,True,True
6902,74645,True,53801,False,True,True,53801,False,True,True,53801,False,True,True,True
6903,74654,True,53801,False,True,True,53801,False,True,True,53801,False,True,True,True
6904,74669,True,53801,False,True,True,53801,False,True,True,53801,False,True,True,True
6905,37572,False,256,False,True,False,256,False,True,False,256,False,True,False,True
6905,74672,True,53801,False,True,True,53801,False,True,True,53801,False,True,True,True
6906,74677,True,53801,False,True,True,53801,False,True,True,53801,False,True,True,True
6907,74682,True,53801,False,True,True,53801,False,True,True,53801,False,True,True,True
6908,74688,True,53801,False,True,True,53801,False,True,True,53801,False,True,True,True
6909,15400,False,256,False,True,False,256,False,True,False,256,False,True,False,True
6909,74692,True,53801,False,True,True,53801,False,True,True,53801,False,True,True,True
6910,74698,True,53801,False,True,True,53801,False,True,True,53801,False,True,True,True
6911,74700,True,53801,False,True,True,53801,False,True,True,53801,False,True,True,True
6912,74710,True,53801,False,True,True,53801,False,True,True,53801,False,True,True,True
6913,74713,True,53801,False,True,True,53801,False,True,True,53801,False,True,True,True
6914,74722,True,53801,False,True,True,53801,False,True,True,53801,False,True,True,True
6915,74727,True,53801,False,True,True,53801,False,True,True,53801,False,True,True,True
6916,53256,False,256,False,True,False,256,False,True,False,256,False,True,False,True
6916,74728,True,53801,False,True,True,53801,False,True,True,53801,False,True,True,True
6917,74733,True,53801,False,True,True,53801,False,True,True,53801,False,True,True,True
6918,74734,True,53801,False,True,True,53801,False,True,True,53801,False,True,True,True
6919,74748,True,53801,False,True,True,53801,False,True,True,53801,False,True,True,True
6920,74749,True,53801,False,True,True,53801,False,True,True,53801,False,True,True,True
6921,74753,True,53801,False,True,True,53801,False,True,True,53801,False,True,True,True
6922,68696,False,256,False,True,False,256,False,True,False,256,False,True,False,True
6922,74755,True,53801,False,True,True,53801,False,True,True,53801,False,True,True,True
6923,30344,False,256,False,True,False,256,False,True,False,256,False,True,False,True
6923,74758,True,53801,False,True,True,53801,False,True,True,53801,False,True,True,True
6924,74760,True,53801,False,True,True,53801,False,True,True,53801,False,True,True,True
6925,74763,True,53801,False,True,True,53801,False,True,True,53801,False,True,True,True
6926,74781,True,53801,False,True,True,53801,False,True,True,53801,False,True,True,True
6927,74782,True,53801,False,True,True,53801,False,True,True,53801,False,True,True,True
6928,74785,True,53801,False,True,True,53801,False,True,True,53801,False,True,True,True
6929,74790,True,53801,False,True,True,53801,False,True,True,53801,False,True,True,True
6930,74796,True,53801,False,True,True,53801,False,True,True,53801,False,True,True,True
6931,74801,True,53801,False,True,True,53801,False,True,True,53801,False,True,True,True
6932,74805,True,53801,False,True,True,53801,False,True,True,53801,False,True,True,True
6933,74812,True,53801,False,True,True,53801,False,True,True,53801,False,True,True,True
6934,74828,True,53801,False,True,True,53801,False,True,True,53801,False,True,True,True
6935,74833,True,53801,False,True,True,53801,False,True,True,53801,False,True,True,True
6936,74839,True,53801,False,True,True,53801,False,True,True,53801,False,True,True,True
6937,74840,True,53801,False,True,True,53801,False,True,True,53801,False,True,True,True
6938,74843,True,53801,False,True,True,53801,False,True,True,53801,False,True,True,True
6939,74851,True,53801,False,True,True,53801,False,True,True,53801,False,True,True,True
6940,74875,True,53801,False,True,True,53801,False,True,True,53801,False,True,True,True
6941,74878,True,53801,False,True,True,53801,False,True,True,53801,False,True,True,True
6942,74883,True,53801,False,True,True,53801,False,True,True,53801,False,True,True,True
6943,74884,True,53801,False,True,True,53801,False,True,True,53801,False,True,True,True
6944,74912,True,53801,False,True,True,53801,False,True,True,53801,False,True,True,True
6945,74915,True,53801,False,True,True,53801,False,True,True,53801,False,True,True,True
6946,74916,True,53801,False,True,True,53801,False,True,True,53801,False,True,True,True
6947,74929,True,53801,False,True,True,53801,False,True,True,53801,False,True,True,True
6948,74934,True,53801,False,True,True,53801,False,True,True,53801,False,True,True,True
6949,74942,True,53801,False,True,True,53801,False,True,True,53801,False,True,True,True
6950,74945,True,53801,False,True,True,53801,False,True,True,53801,False,True,True,True
6951,74947,True,53801,False,True,True,53801,False,True,True,53801,False,True,True,True
6952,74969,True,53801,False,True,True,53801,False,True,True,53801,False,True,True,True
6953,74997,True,53801,False,True,True,53801,False,True,True,53801,False,True,True,True
6954,75016,True,53801,False,True,True,53801,False,True,True,53801,False,True,True,True
6955,75018,True,53801,False,True,True,53801,False,True,True,53801,False,True,True,True
6956,75019,True,53801,False,True,True,53801,False,True,True,53801,False,True,True,True
6957,75022,True,53801,False,True,True,53801,False,True,True,53801,False,True,True,True
6958,75027,True,53801,False,True,True,53801,False,True,True,53801,False,True,True,True
6959,75043,True,53801,False,True,True,53801,False,True,True,53801,False,True,True,True
6960,75044,True,53801,False,True,True,53801,False,True,True,53801,False,True,True,True
6961,75047,True,53801,False,True,True,53801,False,True,True,53801,False,True,True,True
6962,75063,True,53801,False,True,True,53801,False,True,True,53801,False,True,True,True
6963,75069,True,53801,False,True,True,53801,False,True,True,53801,False,True,True,True
6964,75073,True,53801,False,True,True,53801,False,True,True,53801,False,True,True,True
6965,75076,True,53801,False,True,True,53801,False,True,True,53801,False,True,True,True
6966,24978,False,256,False,True,False,256,False,True,False,256,False,True,False,True
6966,75077,True,53801,False,True,True,53801,False,True,True,53801,False,True,True,True
6967,75100,True,53801,False,True,True,53801,False,True,True,53801,False,True,True,True
6968,75110,True,53801,False,True,True,53801,False,True,True,53801,False,True,True,True
6969,75111,True,53801,False,True,True,53801,False,True,True,53801,False,True,True,True
6970,75114,True,53801,False,True,True,53801,False,True,True,53801,False,True,True,True
6971,75133,True,53801,False,True,True,53801,False,True,True,53801,False,True,True,True
6972,75146,True,53801,False,True,True,53801,False,True,True,53801,False,True,True,True
6973,4425,False,256,False,True,False,256,False,True,False,256,False,True,False,True
6973,75147,True,53801,False,True,True,53801,False,True,True,53801,False,True,True,True
6974,75150,True,53801,False,True,True,53801,False,True,True,53801,False,True,True,True
6975,75151,True,53801,False,True,True,53801,False,True,True,53801,False,True,True,True
6976,75153,True,53801,False,True,True,53801,False,True,True,53801,False,True,True,True
6977,16968,False,256,False,True,False,256,False,True,False,256,False,True,False,True
6977,75167,True,53801,False,True,True,53801,False,True,True,53801,False,True,True,True
6977,78792,False,256,False,True,False,256,False,True,False,256,False,True,False,True
6978,75178,True,53801,False,True,True,53801,False,True,True,53801,False,True,True,True
6979,75193,True,53801,False,True,True,53801,False,True,True,53801,False,True,True,True
6980,75201,True,53801,False,True,True,53801,False,True,True,53801,False,True,True,True
6981,75217,True,53801,False,True,True,53801,False,True,True,53801,False,True,True,True
6982,75218,True,53801,False,True,True,53801,False,True,True,53801,False,True,True,True
6983,75219,True,53801,False,True,True,53801,False,True,True,53801,False,True,True,True
6984,75228,True,53801,False,True,True,53801,False,True,True,53801,False,True,True,True
6985,75234,True,53801,False,True,True,53801,False,True,True,53801,False,True,True,True
6986,75237,True,53801,False,True,True,53801,False,True,True,53801,False,True,True,True
6987,75239,True,53801,False,True,True,53801,False,True,True,53801,False,True,True,True
6988,75244,True,53801,False,True,True,53801,False,True,True,53801,False,True,True,True
6988,82406,False,256,False,True,False,256,False,True,False,256,False,True,False,True
6989,75247,True,53801,False,True,True,53801,False,True,True,53801,False,True,True,True
6990,75248,True,53801,False,True,True,53801,False,True,True,53801,False,True,True,True
6991,75280,True,53801,False,True,True,53801,False,True,True,53801,False,True,True,True
6992,75283,True,53801,False,True,True,53801,False,True,True,53801,False,True,True,True
6993,75297,True,53801,False,True,True,53801,False,True,True,53801,False,True,True,True
6994,75300,True,53801,False,True,True,53801,False,True,True,53801,False,True,True,True
6995,75316,True,53801,False,True,True,53801,False,True,True,53801,False,True,True,True
6996,75324,True,53801,False,True,True,53801,False,True,True,53801,False,True,True,True
6997,75332,True,53801,False,True,True,53801,False,True,True,53801,False,True,True,True
6998,75335,True,53801,False,True,True,53801,False,True,True,53801,False,True,True,True
6999,75337,True,53801,False,True,True,53801,False,True,True,53801,False,True,True,True
7000,75338,True,53801,False,True,True,53801,False,True,True,53801,False,True,True,True
7001,75354,True,53801,False,True,True,53801,False,True,True,53801,False,True,True,True
7002,75356,True,53801,False,True,True,53801,False,True,True,53801,False,True,True,True
7003,75357,True,53801,False,True,True,53801,False,True,True,53801,False,True,True,True
7004,75365,True,53801,False,True,True,53801,False,True,True,53801,False,True,True,True
7005,75366,True,53801,False,True,True,53801,False,True,True,53801,False,True,True,True
7006,75371,True,53801,False,True,True,53801,False,True,True,53801,False,True,True,True
7007,75372,True,53801,False,True,True,53801,False,True,True,53801,False,True,True,True
7008,75378,True,53801,False,True,True,53801,False,True,True,53801,False,True,True,True
7009,75380,True,53801,False,True,True,53801,False,True,True,53801,False,True,True,True
7010,75391,True,53801,False,True,True,53801,False,True,True,53801,False,True,True,True
7011,75395,True,53801,False,True,True,53801,False,True,True,53801,False,True,True,True
7012,75398,True,53801,False,True,True,53801,False,True,True,53801,False,True,True,True
7013,75399,True,53801,False,True,True,53801,False,True,True,53801,False,True,True,True
7014,63760,False,256,False,True,False,256,False,True,False,256,False,True,False,True
7014,75405,True,53801,False,True,True,53801,False,True,True,53801,False,True,True,True
7015,75420,True,53801,False,True,True,53801,False,True,True,53801,False,True,True,True
7016,75425,True,53801,False,True,True,53801,False,True,True,53801,False,True,True,True
7017,75427,True,53801,False,True,True,53801,False,True,True,53801,False,True,True,True
7018,75429,True,53801,False,True,True,53801,False,True,True,53801,False,True,True,True
7019,75430,True,53801,False,True,True,53801,False,True,True,53801,False,True,True,True
7020,75432,True,53801,False,True,True,53801,False,True,True,53801,False,True,True,True
7021,75436,True,53801,False,True,True,53801,False,True,True,53801,False,True,True,True
7022,75447,True,53801,False,True,True,53801,False,True,True,53801,False,True,True,True
7023,75459,True,53801,False,True,True,53801,False,True,True,53801,False,True,True,True
7024,75469,True,53801,False,True,True,53801,False,True,True,53801,False,True,True,True
7025,75478,True,53801,False,True,True,53801,False,True,True,53801,False,True,True,True
7026,75480,True,53801,False,True,True,53801,False,True,True,53801,False,True,True,True
7027,75495,True,53801,False,True,True,53801,False,True,True,53801,False,True,True,True
7028,75512,True,53801,False,True,True,53801,False,True,True,53801,False,True,True,True
7029,75514,True,53801,False,True,True,53801,False,True,True,53801,False,True,True,True
7030,75518,True,53801,False,True,True,53801,False,True,True,53801,False,True,True,True
7031,7696,False,256,False,True,False,256,False,True,False,256,False,True,False,True
7031,75541,True,53801,False,True,True,53801,False,True,True,53801,False,True,True,True
7032,75552,True,53801,False,True,True,53801,False,True,True,53801,False,True,True,True
7033,75576,True,53801,False,True,True,53801,False,True,True,53801,False,True,True,True
7034,75580,True,53801,False,True,True,53801,False,True,True,53801,False,True,True,True
7035,75586,True,53801,False,True,True,53801,False,True,True,53801,False,True,True,True
7036,75608,True,53801,False,True,True,53801,False,True,True,53801,False,True,True,True
7037,75612,True,53801,False,True,True,53801,False,True,True,53801,False,True,True,True
7038,75640,True,53801,False,True,True,53801,False,True,True,53801,False,True,True,True
7039,75655,True,53801,False,True,True,53801,False,True,True,53801,False,True,True,True
7040,75658,True,53801,False,True,True,53801,False,True,True,53801,False,True,True,True
7041,75665,True,53801,False,True,True,53801,False,True,True,53801,False,True,True,True
7042,75670,True,53801,False,True,True,53801,False,True,True,53801,False,True,True,True
7043,75672,True,53801,False,True,True,53801,False,True,True,53801,False,True,True,True
7044,12708,False,256,False,True,False,256,False,True,False,256,False,True,False,True
7044,75679,True,53801,False,True,True,53801,False,True,True,53801,False,True,True,True
7045,75681,True,53801,False,True,True,53801,False,True,True,53801,False,True,True,True
7046,75682,True,53801,False,True,True,53801,False,True,True,53801,False,True,True,True
7047,75683,True,53801,False,True,True,53801,False,True,True,53801,False,True,True,True
7048,75699,True,53801,False,True,True,53801,False,True,True,53801,False,True,True,True
7049,75705,True,53801,False,True,True,53801,False,True,True,53801,False,True,True,True
7050,75710,True,53801,False,True,True,53801,False,True,True,53801,False,True,True,True
7051,75713,True,53801,False,True,True,53801,False,True,True,53801,False,True,True,True
7052,75714,True,53801,False,True,True,53801,False,True,True,53801,False,True,True,True
7053,75716,True,53801,False,True,True,53801,False,True,True,53801,False,True,True,True
7054,75719,True,53801,False,True,True,53801,False,True,True,53801,False,True,True,True
7055,75724,True,53801,False,True,True,53801,False,True,True,53801,False,True,True,True
7056,75726,True,53801,False,True,True,53801,False,True,True,53801,False,True,True,True
7057,75736,True,53801,False,True,True,53801,False,True,True,53801,False,True,True,True
7058,75752,True,53801,False,True,True,53801,False,True,True,53801,False,True,True,True
7059,75754,True,53801,False,True,True,53801,False,True,True,53801,False,True,True,True
7060,75764,True,53801,False,True,True,53801,False,True,True,53801,False,True,True,True
7061,75765,True,53801,False,True,True,53801,False,True,True,53801,False,True,True,True
7062,75768,True,53801,False,True,True,53801,False,True,True,53801,False,True,True,True
7063,75769,True,53801,False,True,True,53801,False,True,True,53801,False,True,True,True
7064,75774,True,53801,False,True,True,53801,False,True,True,53801,False,True,True,True
7065,75781,True,53801,False,True,True,53801,False,True,True,53801,False,True,True,True
7066,75783,True,53801,False,True,True,53801,False,True,True,53801,False,True,True,True
7067,75785,True,53801,False,True,True,53801,False,True,True,53801,False,True,True,True
7068,12859,False,256,False,True,False,256,False,True,False,256,False,True,False,True
7068,75802,True,53801,False,True,True,53801,False,True,True,53801,False,True,True,True
7069,75803,True,53801,False,True,True,53801,False,True,True,53801,False,True,True,True
7070,75809,True,53801,False,True,True,53801,False,True,True,53801,False,True,True,True
7071,75814,True,53801,False,True,True,53801,False,True,True,53801,False,True,True,True
7072,75824,True,53801,False,True,True,53801,False,True,True,53801,False,True,True,True
7073,75827,True,53801,False,True,True,53801,False,True,True,53801,False,True,True,True
7074,75828,True,53801,False,True,True,53801,False,True,True,53801,False,True,True,True
7075,75835,True,53801,False,True,True,53801,False,True,True,53801,False,True,True,True
7076,75842,True,53801,False,True,True,53801,False,True,True,53801,False,True,True,True
7077,75843,True,53801,False,True,True,53801,False,True,True,53801,False,True,True,True
7078,75848,True,53801,False,True,True,53801,False,True,True,53801,False,True,True,True
7079,75855,True,53801,False,True,True,53801,False,True,True,53801,False,True,True,True
7080,75856,True,53801,False,True,True,53801,False,True,True,53801,False,True,True,True
7081,3226,False,256,False,True,False,256,False,True,False,256,False,True,False,True
7081,75881,True,53801,False,True,True,53801,False,True,True,53801,False,True,True,True
7082,75885,True,53801,False,True,True,53801,False,True,True,53801,False,True,True,True
7083,75892,True,53801,False,True,True,53801,False,True,True,53801,False,True,True,True
7084,12977,False,256,False,True,False,256,False,True,False,256,False,True,False,True
7084,75901,True,53801,False,True,True,53801,False,True,True,53801,False,True,True,True
7085,75921,True,53801,False,True,True,53801,False,True,True,53801,False,True,True,True
7086,75930,True,53801,False,True,True,53801,False,True,True,53801,False,True,True,True
7087,75933,True,53801,False,True,True,53801,False,True,True,53801,False,True,True,True
7088,75943,True,53801,False,True,True,53801,False,True,True,53801,False,True,True,True
7089,75945,True,53801,False,True,True,53801,False,True,True,53801,False,True,True,True
7090,75961,True,53801,False,True,True,53801,False,True,True,53801,False,True,True,True
7091,75967,True,53801,False,True,True,53801,False,True,True,53801,False,True,True,True
7092,75975,True,53801,False,True,True,53801,False,True,True,53801,False,True,True,True
7093,75977,True,53801,False,True,True,53801,False,True,True,53801,False,True,True,True
7094,75979,True,53801,False,True,True,53801,False,True,True,53801,False,True,True,True
7095,75982,True,53801,False,True,True,53801,False,True,True,53801,False,True,True,True
7096,75993,True,53801,False,True,True,53801,False,True,True,53801,False,True,True,True
7097,75995,True,53801,False,True,True,53801,False,True,True,53801,False,True,True,True
7098,75997,True,53801,False,True,True,53801,False,True,True,53801,False,True,True,True
7099,45478,False,256,False,True,False,256,False,True,False,256,False,True,False,True
7099,76011,True,53801,False,True,True,53801,False,True,True,53801,False,True,True,True
7100,76015,True,53801,False,True,True,53801,False,True,True,53801,False,True,True,True
7101,76029,True,53801,False,True,True,53801,False,True,True,53801,False,True,True,True
7102,76035,True,53801,False,True,True,53801,False,True,True,53801,False,True,True,True
7103,76044,True,53801,False,True,True,53801,False,True,True,53801,False,True,True,True
7104,76048,True,53801,False,True,True,53801,False,True,True,53801,False,True,True,True
7105,76052,True,53801,False,True,True,53801,False,True,True,53801,False,True,True,True
7106,76065,True,53801,False,True,True,53801,False,True,True,53801,False,True,True,True
7107,76066,True,53801,False,True,True,53801,False,True,True,53801,False,True,True,True
7108,76078,True,53801,False,True,True,53801,False,True,True,53801,False,True,True,True
7109,76089,True,53801,False,True,True,53801,False,True,True,53801,False,True,True,True
7110,76111,True,53801,False,True,True,53801,False,True,True,53801,False,True,True,True
7111,76113,True,53801,False,True,True,53801,False,True,True,53801,False,True,True,True
7112,76125,True,53801,False,True,True,53801,False,True,True,53801,False,True,True,True
7113,76131,True,53801,False,True,True,53801,False,True,True,53801,False,True,True,True
7114,76137,True,53801,False,True,True,53801,False,True,True,53801,False,True,True,True
7115,76156,True,53801,False,True,True,53801,False,True,True,53801,False,True,True,True
7116,76161,True,53801,False,True,True,53801,False,True,True,53801,False,True,True,True
7117,76170,True,53801,False,True,True,53801,False,True,True,53801,False,True,True,True
7118,76172,True,53801,False,True,True,53801,False,True,True,53801,False,True,True,True
7119,76189,True,53801,False,True,True,53801,False,True,True,53801,False,True,True,True
7120,76198,True,53801,False,True,True,53801,False,True,True,53801,False,True,True,True
7121,76199,True,53801,False,True,True,53801,False,True,True,53801,False,True,True,True
7122,76208,True,53801,False,True,True,53801,False,True,True,53801,False,True,True,True
7123,76213,True,53801,False,True,True,53801,False,True,True,53801,False,True,True,True
7124,76214,True,53801,False,True,True,53801,False,True,True,53801,False,True,True,True
7125,76215,True,53801,False,True,True,53801,False,True,True,53801,False,True,True,True
7125,83343,False,256,False,True,False,256,False,True,False,256,False,True,False,True
7126,76224,True,53801,False,True,True,53801,False,True,True,53801,False,True,True,True
7127,76229,True,53801,False,True,True,53801,False,True,True,53801,False,True,True,True
7128,76233,True,53801,False,True,True,53801,False,True,True,53801,False,True,True,True
7129,76234,True,53801,False,True,True,53801,False,True,True,53801,False,True,True,True
7130,76260,True,53801,False,True,True,53801,False,True,True,53801,False,True,True,True
7131,76263,True,53801,False,True,True,53801,False,True,True,53801,False,True,True,True
7132,50429,False,256,False,True,False,256,False,True,False,256,False,True,False,True
7132,76274,True,53801,False,True,True,53801,False,True,True,53801,False,True,True,True
7133,76310,True,53801,False,True,True,53801,False,True,True,53801,False,True,True,True
7134,40137,False,256,False,True,False,256,False,True,False,256,False,True,False,True
7134,76312,True,53801,False,True,True,53801,False,True,True,53801,False,True,True,True
7135,76319,True,53801,False,True,True,53801,False,True,True,53801,False,True,True,True
7136,76322,True,53801,False,True,True,53801,False,True,True,53801,False,True,True,True
7137,76333,True,53801,False,True,True,53801,False,True,True,53801,False,True,True,True
7138,4903,False,256,False,True,False,256,False,True,False,256,False,True,False,True
7138,76336,True,53801,False,True,True,53801,False,True,True,53801,False,True,True,True
7139,76341,True,53801,False,True,True,53801,False,True,True,53801,False,True,True,True
7140,76344,True,53801,False,True,True,53801,False,True,True,53801,False,True,True,True
7141,72720,False,256,False,True,False,256,False,True,False,256,False,True,False,True
7141,76347,True,53801,False,True,True,53801,False,True,True,53801,False,True,True,True
7142,76348,True,53801,False,True,True,53801,False,True,True,53801,False,True,True,True
7143,76361,True,53801,False,True,True,53801,False,True,True,53801,False,True,True,True
7144,76362,True,53801,False,True,True,53801,False,True,True,53801,False,True,True,True
7145,59190,False,256,False,True,False,256,False,True,False,256,False,True,False,True
7145,76367,True,53801,False,True,True,53801,False,True,True,53801,False,True,True,True
7146,76378,True,53801,False,True,True,53801,False,True,True,53801,False,True,True,True
7147,76390,True,53801,False,True,True,53801,False,True,True,53801,False,True,True,True
7148,76391,True,53801,False,True,True,53801,False,True,True,53801,False,True,True,True
7149,76401,True,53801,False,True,True,53801,False,True,True,53801,False,True,True,True
7150,76404,True,53801,False,True,True,53801,False,True,True,53801,False,True,True,True
7151,76413,True,53801,False,True,True,53801,False,True,True,53801,False,True,True,True
7152,76422,True,53801,False,True,True,53801,False,True,True,53801,False,True,True,True
7153,76427,True,53801,False,True,True,53801,False,True,True,53801,False,True,True,True
7154,76428,True,53801,False,True,True,53801,False,True,True,53801,False,True,True,True
7155,40375,False,256,False,True,False,256,False,True,False,256,False,True,False,True
7155,76431,True,53801,False,True,True,53801,False,True,True,53801,False,True,True,True
7156,76434,True,53801,False,True,True,53801,False,True,True,53801,False,True,True,True
7157,76436,True,53801,False,True,True,53801,False,True,True,53801,False,True,True,True
7158,76439,True,53801,False,True,True,53801,False,True,True,53801,False,True,True,True
7159,76445,True,53801,False,True,True,53801,False,True,True,53801,False,True,True,True
7160,76456,True,53801,False,True,True,53801,False,True,True,53801,False,True,True,True
7161,76467,True,53801,False,True,True,53801,False,True,True,53801,False,True,True,True
7162,76471,True,53801,False,True,True,53801,False,True,True,53801,False,True,True,True
7163,76485,True,53801,False,True,True,53801,False,True,True,53801,False,True,True,True
7164,76486,True,53801,False,True,True,53801,False,True,True,53801,False,True,True,True
7165,76499,True,53801,False,True,True,53801,False,True,True,53801,False,True,True,True
7166,76501,True,53801,False,True,True,53801,False,True,True,53801,False,True,True,True
7167,76503,True,53801,False,True,True,53801,False,True,True,53801,False,True,True,True
7168,55268,False,256,False,True,False,256,False,True,False,256,False,True,False,True
7168,76504,True,53801,False,True,True,53801,False,True,True,53801,False,True,True,True
7169,76507,True,53801,False,True,True,53801,False,True,True,53801,False,True,True,True
7170,76514,True,53801,False,True,True,53801,False,True,True,53801,False,True,True,True
7171,76515,True,53801,False,True,True,53801,False,True,True,53801,False,True,True,True
7172,76525,True,53801,False,True,True,53801,False,True,True,53801,False,True,True,True
7173,76548,True,53801,False,True,True,53801,False,True,True,53801,False,True,True,True
7174,76549,True,53801,False,True,True,53801,False,True,True,53801,False,True,True,True
7175,8113,False,256,False,True,False,256,False,True,False,256,False,True,False,True
7175,76550,True,53801,False,True,True,53801,False,True,True,53801,False,True,True,True
7176,76558,True,53801,False,True,True,53801,False,True,True,53801,False,True,True,True
7177,76559,True,53801,False,True,True,53801,False,True,True,53801,False,True,True,True
7178,76563,True,53801,False,True,True,53801,False,True,True,53801,False,True,True,True
7179,76570,True,53801,False,True,True,53801,False,True,True,53801,False,True,True,True
7180,76575,True,53801,False,True,True,53801,False,True,True,53801,False,True,True,True
7181,76586,True,53801,False,True,True,53801,False,True,True,53801,False,True,True,True
7182,76592,True,53801,False,True,True,53801,False,True,True,53801,False,True,True,True
7183,76600,True,53801,False,True,True,53801,False,True,True,53801,False,True,True,True
7184,76614,True,53801,False,True,True,53801,False,True,True,53801,False,True,True,True
7185,76617,True,53801,False,True,True,53801,False,True,True,53801,False,True,True,True
7186,76622,True,53801,False,True,True,53801,False,True,True,53801,False,True,True,True
7187,76635,True,53801,False,True,True,53801,False,True,True,53801,False,True,True,True
7188,76637,True,53801,False,True,True,53801,False,True,True,53801,False,True,True,True
7189,76639,True,53801,False,True,True,53801,False,True,True,53801,False,True,True,True
7190,76644,True,53801,False,True,True,53801,False,True,True,53801,False,True,True,True
7191,76645,True,53801,False,True,True,53801,False,True,True,53801,False,True,True,True
7192,76649,True,53801,False,True,True,53801,False,True,True,53801,False,True,True,True
7193,76651,True,53801,False,True,True,53801,False,True,True,53801,False,True,True,True
7194,19331,False,256,False,True,False,256,False,True,False,256,False,True,False,True
7194,64797,False,256,False,True,False,256,False,True,False,256,False,True,False,True
7194,76658,True,53801,False,True,True,53801,False,True,True,53801,False,True,True,True
7195,76664,True,53801,False,True,True,53801,False,True,True,53801,False,True,True,True
7196,76671,True,53801,False,True,True,53801,False,True,True,53801,False,True,True,True
7197,76691,True,53801,False,True,True,53801,False,True,True,53801,False,True,True,True
7198,76692,True,53801,False,True,True,53801,False,True,True,53801,False,True,True,True
7199,76693,True,53801,False,True,True,53801,False,True,True,53801,False,True,True,True
7200,76699,True,53801,False,True,True,53801,False,True,True,53801,False,True,True,True
7201,76700,True,53801,False,True,True,53801,False,True,True,53801,False,True,True,True
7202,76706,True,53801,False,True,True,53801,False,True,True,53801,False,True,True,True
7203,76708,True,53801,False,True,True,53801,False,True,True,53801,False,True,True,True
7204,76717,True,53801,False,True,True,53801,False,True,True,53801,False,True,True,True
7205,76718,True,53801,False,True,True,53801,False,True,True,53801,False,True,True,True
7206,76733,True,53801,False,True,True,53801,False,True,True,53801,False,True,True,True
7207,76739,True,53801,False,True,True,53801,False,True,True,53801,False,True,True,True
7208,76744,True,53801,False,True,True,53801,False,True,True,53801,False,True,True,True
7209,76748,True,53801,False,True,True,53801,False,True,True,53801,False,True,True,True
7211,76753,True,53801,False,True,True,53801,False,True,True,53801,False,True,True,True
7212,46427,False,256,False,True,False,256,False,True,False,256,False,True,False,True
7212,76754,True,53801,False,True,True,53801,False,True,True,53801,False,True,True,True
7213,76755,True,53801,False,True,True,53801,False,True,True,53801,False,True,True,True
7214,76758,True,53801,False,True,True,53801,False,True,True,53801,False,True,True,True
7215,76798,True,53801,False,True,True,53801,False,True,True,53801,False,True,True,True
7216,76801,True,53801,False,True,True,53801,False,True,True,53801,False,True,True,True
7217,5097,False,256,False,True,False,256,False,True,False,256,False,True,False,True
7217,76812,True,53801,False,True,True,53801,False,True,True,53801,False,True,True,True
7218,76820,True,53801,False,True,True,53801,False,True,True,53801,False,True,True,True
7219,76821,True,53801,False,True,True,53801,False,True,True,53801,False,True,True,True
7220,76839,True,53801,False,True,True,53801,False,True,True,53801,False,True,True,True
7221,76852,True,53801,False,True,True,53801,False,True,True,53801,False,True,True,True
7222,76858,True,53801,False,True,True,53801,False,True,True,53801,False,True,True,True
7223,76863,True,53801,False,True,True,53801,False,True,True,53801,False,True,True,True
7224,76867,True,53801,False,True,True,53801,False,True,True,53801,False,True,True,True
7225,76868,True,53801,False,True,True,53801,False,True,True,53801,False,True,True,True
7226,76897,True,53801,False,True,True,53801,False,True,True,53801,False,True,True,True
7227,76903,True,53801,False,True,True,53801,False,True,True,53801,False,True,True,True
7228,76904,True,53801,False,True,True,53801,False,True,True,53801,False,True,True,True
7229,76906,True,53801,False,True,True,53801,False,True,True,53801,False,True,True,True
7229,80467,False,256,False,True,False,256,False,True,False,256,False,True,False,True
7230,10493,False,256,False,True,False,256,False,True,False,256,False,True,False,True
7230,76907,True,53801,False,True,True,53801,False,True,True,53801,False,True,True,True
7231,76921,True,53801,False,True,True,53801,False,True,True,53801,False,True,True,True
7232,76932,True,53801,False,True,True,53801,False,True,True,53801,False,True,True,True
7233,76934,True,53801,False,True,True,53801,False,True,True,53801,False,True,True,True
7234,76935,True,53801,False,True,True,53801,False,True,True,53801,False,True,True,True
7235,76936,True,53801,False,True,True,53801,False,True,True,53801,False,True,True,True
7236,76939,True,53801,False,True,True,53801,False,True,True,53801,False,True,True,True
7237,41229,False,256,False,True,False,256,False,True,False,256,False,True,False,True
7237,76946,True,53801,False,True,True,53801,False,True,True,53801,False,True,True,True
7238,76955,True,53801,False,True,True,53801,False,True,True,53801,False,True,True,True
7239,76971,True,53801,False,True,True,53801,False,True,True,53801,False,True,True,True
7240,6734,False,256,False,True,False,256,False,True,False,256,False,True,False,True
7240,76976,True,53801,False,True,True,53801,False,True,True,53801,False,True,True,True
7241,76977,True,53801,False,True,True,53801,False,True,True,53801,False,True,True,True
7242,76981,True,53801,False,True,True,53801,False,True,True,53801,False,True,True,True
7243,76991,True,53801,False,True,True,53801,False,True,True,53801,False,True,True,True
7244,76993,True,53801,False,True,True,53801,False,True,True,53801,False,True,True,True
7245,77016,True,53801,False,True,True,53801,False,True,True,53801,False,True,True,True
7246,77023,True,53801,False,True,True,53801,False,True,True,53801,False,True,True,True
7247,77048,True,53801,False,True,True,53801,False,True,True,53801,False,True,True,True
7248,77057,True,53801,False,True,True,53801,False,True,True,53801,False,True,True,True
7249,77066,True,53801,False,True,True,53801,False,True,True,53801,False,True,True,True
7250,60391,False,256,False,True,False,256,False,True,False,256,False,True,False,True
7250,77078,True,53801,False,True,True,53801,False,True,True,53801,False,True,True,True
7251,8308,False,256,False,True,False,256,False,True,False,256,False,True,False,True
7251,77080,True,53801,False,True,True,53801,False,True,True,53801,False,True,True,True
7252,77081,True,53801,False,True,True,53801,False,True,True,53801,False,True,True,True
7253,67738,False,256,False,True,False,256,False,True,False,256,False,True,False,True
7253,77082,True,53801,False,True,True,53801,False,True,True,53801,False,True,True,True
7254,77090,True,53801,False,True,True,53801,False,True,True,53801,False,True,True,True
7255,77104,True,53801,False,True,True,53801,False,True,True,53801,False,True,True,True
7256,77109,True,53801,False,True,True,53801,False,True,True,53801,False,True,True,True
7257,77110,True,53801,False,True,True,53801,False,True,True,53801,False,True,True,True
7258,77112,True,53801,False,True,True,53801,False,True,True,53801,False,True,True,True
7259,77125,True,53801,False,True,True,53801,False,True,True,53801,False,True,True,True
7260,67771,False,256,False,True,False,256,False,True,False,256,False,True,False,True
7260,77129,True,53801,False,True,True,53801,False,True,True,53801,False,True,True,True
7261,77135,True,53801,False,True,True,53801,False,True,True,53801,False,True,True,True
7262,77147,True,53801,False,True,True,53801,False,True,True,53801,False,True,True,True
7263,77153,True,53801,False,True,True,53801,False,True,True,53801,False,True,True,True
7264,31635,False,256,False,True,False,256,False,True,False,256,False,True,False,True
7264,77156,True,53801,False,True,True,53801,False,True,True,53801,False,True,True,True
7265,77159,True,53801,False,True,True,53801,False,True,True,53801,False,True,True,True
7266,77184,True,53801,False,True,True,53801,False,True,True,53801,False,True,True,True
7267,77197,True,53801,False,True,True,53801,False,True,True,53801,False,True,True,True
7268,77198,True,53801,False,True,True,53801,False,True,True,53801,False,True,True,True
7268,84310,False,256,False,True,False,256,False,True,False,256,False,True,False,True
7269,77202,True,53801,False,True,True,53801,False,True,True,53801,False,True,True,True
7270,77203,True,53801,False,True,True,53801,False,True,True,53801,False,True,True,True
7271,77204,True,53801,False,True,True,53801,False,True,True,53801,False,True,True,True
7272,35798,False,256,False,True,False,256,False,True,False,256,False,True,False,True
7272,77208,True,53801,False,True,True,53801,False,True,True,53801,False,True,True,True
7273,77213,True,53801,False,True,True,53801,False,True,True,53801,False,True,True,True
7274,77222,True,53801,False,True,True,53801,False,True,True,53801,False,True,True,True
7275,77243,True,53801,False,True,True,53801,False,True,True,53801,False,True,True,True
7276,77265,True,53801,False,True,True,53801,False,True,True,53801,False,True,True,True
7277,77278,True,53801,False,True,True,53801,False,True,True,53801,False,True,True,True
7278,77280,True,53801,False,True,True,53801,False,True,True,53801,False,True,True,True
7279,77284,True,53801,False,True,True,53801,False,True,True,53801,False,True,True,True
7280,77291,True,53801,False,True,True,53801,False,True,True,53801,False,True,True,True
7281,77295,True,53801,False,True,True,53801,False,True,True,53801,False,True,True,True
7282,77304,True,53801,False,True,True,53801,False,True,True,53801,False,True,True,True
7283,77310,True,53801,False,True,True,53801,False,True,True,53801,False,True,True,True
7284,77319,True,53801,False,True,True,53801,False,True,True,53801,False,True,True,True
7285,60787,False,256,False,True,False,256,False,True,False,256,False,True,False,True
7285,77320,True,53801,False,True,True,53801,False,True,True,53801,False,True,True,True
7286,77322,True,53801,False,True,True,53801,False,True,True,53801,False,True,True,True
7287,77323,True,53801,False,True,True,53801,False,True,True,53801,False,True,True,True
7288,65296,False,256,False,True,False,256,False,True,False,256,False,True,False,True
7288,77325,True,53801,False,True,True,53801,False,True,True,53801,False,True,True,True
7289,60828,False,256,False,True,False,256,False,True,False,256,False,True,False,True
7289,77342,True,53801,False,True,True,53801,False,True,True,53801,False,True,True,True
7290,77345,True,53801,False,True,True,53801,False,True,True,53801,False,True,True,True
7291,77352,True,53801,False,True,True,53801,False,True,True,53801,False,True,True,True
7292,77363,True,53801,False,True,True,53801,False,True,True,53801,False,True,True,True
7293,77366,True,53801,False,True,True,53801,False,True,True,53801,False,True,True,True
7294,600,False,256,False,True,False,256,False,True,False,256,False,True,False,True
7294,3816,False,256,False,True,False,256,False,True,False,256,False,True,False,True
7294,77370,True,53801,False,True,True,53801,False,True,True,53801,False,True,True,True
7295,77374,True,53801,False,True,True,53801,False,True,True,53801,False,True,True,True
7296,77385,True,53801,False,True,True,53801,False,True,True,53801,False,True,True,True
7297,23639,False,256,False,True,False,256,False,True,False,256,False,True,False,True
7297,77386,True,53801,False,True,True,53801,False,True,True,53801,False,True,True,True
7298,77396,True,53801,False,True,True,53801,False,True,True,53801,False,True,True,True
7299,77397,True,53801,False,True,True,53801,False,True,True,53801,False,True,True,True
7300,77403,True,53801,False,True,True,53801,False,True,True,53801,False,True,True,True
7301,77414,True,53801,False,True,True,53801,False,True,True,53801,False,True,True,True
7302,77431,True,53801,False,True,True,53801,False,True,True,53801,False,True,True,True
7303,77435,True,53801,False,True,True,53801,False,True,True,53801,False,True,True,True
7304,77447,True,53801,False,True,True,53801,False,True,True,53801,False,True,True,True
7305,77460,True,53801,False,True,True,53801,False,True,True,53801,False,True,True,True
7306,77465,True,53801,False,True,True,53801,False,True,True,53801,False,True,True,True
7307,77468,True,53801,False,True,True,53801,False,True,True,53801,False,True,True,True
7308,77470,True,53801,False,True,True,53801,False,True,True,53801,False,True,True,True
7309,77477,True,53801,False,True,True,53801,False,True,True,53801,False,True,True,True
7310,77484,True,53801,False,True,True,53801,False,True,True,53801,False,True,True,True
7311,77488,True,53801,False,True,True,53801,False,True,True,53801,False,True,True,True
7312,77495,True,53801,False,True,True,53801,False,True,True,53801,False,True,True,True
7313,77517,True,53801,False,True,True,53801,False,True,True,53801,False,True,True,True
7314,77519,True,53801,False,True,True,53801,False,True,True,53801,False,True,True,True
7315,77530,True,53801,False,True,True,53801,False,True,True,53801,False,True,True,True
7316,77532,True,53801,False,True,True,53801,False,True,True,53801,False,True,True,True
7317,77534,True,53801,False,True,True,53801,False,True,True,53801,False,True,True,True
7318,77535,True,53801,False,True,True,53801,False,True,True,53801,False,True,True,True
7319,77541,True,53801,False,True,True,53801,False,True,True,53801,False,True,True,True
7320,77549,True,53801,False,True,True,53801,False,True,True,53801,False,True,True,True
7321,77553,True,53801,False,True,True,53801,False,True,True,53801,False,True,True,True
7322,77587,True,53801,False,True,True,53801,False,True,True,53801,False,True,True,True
7323,77604,True,53801,False,True,True,53801,False,True,True,53801,False,True,True,True
7324,77612,True,53801,False,True,True,53801,False,True,True,53801,False,True,True,True
7325,77613,True,53801,False,True,True,53801,False,True,True,53801,False,True,True,True
7326,77621,True,53801,False,True,True,53801,False,True,True,53801,False,True,True,True
7327,77640,True,53801,False,True,True,53801,False,True,True,53801,False,True,True,True
7328,77645,True,53801,False,True,True,53801,False,True,True,53801,False,True,True,True
7329,77648,True,53801,False,True,True,53801,False,True,True,53801,False,True,True,True
7330,77677,True,53801,False,True,True,53801,False,True,True,53801,False,True,True,True
7331,77681,True,53801,False,True,True,53801,False,True,True,53801,False,True,True,True
7332,77683,True,53801,False,True,True,53801,False,True,True,53801,False,True,True,True
7333,77696,True,53801,False,True,True,53801,False,True,True,53801,False,True,True,True
7334,36638,False,256,False,True,False,256,False,True,False,256,False,True,False,True
7334,77703,True,53801,False,True,True,53801,False,True,True,53801,False,True,True,True
7335,77705,True,53801,False,True,True,53801,False,True,True,53801,False,True,True,True
7336,77711,True,53801,False,True,True,53801,False,True,True,53801,False,True,True,True
7337,77713,True,53801,False,True,True,53801,False,True,True,53801,False,True,True,True
7338,77719,True,53801,False,True,True,53801,False,True,True,53801,False,True,True,True
7339,77738,True,53801,False,True,True,53801,False,True,True,53801,False,True,True,True
7340,77744,True,53801,False,True,True,53801,False,True,True,53801,False,True,True,True
7341,77755,True,53801,False,True,True,53801,False,True,True,53801,False,True,True,True
7342,77761,True,53801,False,True,True,53801,False,True,True,53801,False,True,True,True
7343,77766,True,53801,False,True,True,53801,False,True,True,53801,False,True,True,True
7344,77777,True,53801,False,True,True,53801,False,True,True,53801,False,True,True,True
7345,77784,True,53801,False,True,True,53801,False,True,True,53801,False,True,True,True
7346,77786,True,53801,False,True,True,53801,False,True,True,53801,False,True,True,True
7347,68240,False,256,False,True,False,256,False,True,False,256,False,True,False,True
7347,77794,True,53801,False,True,True,53801,False,True,True,53801,False,True,True,True
7348,77802,True,53801,False,True,True,53801,False,True,True,53801,False,True,True,True
7349,77812,True,53801,False,True,True,53801,False,True,True,53801,False,True,True,True
7350,77821,True,53801,False,True,True,53801,False,True,True,53801,False,True,True,True
7351,77841,True,53801,False,True,True,53801,False,True,True,53801,False,True,True,True
7352,77843,True,53801,False,True,True,53801,False,True,True,53801,False,True,True,True
7353,77855,True,53801,False,True,True,53801,False,True,True,53801,False,True,True,True
7354,77858,True,53801,False,True,True,53801,False,True,True,53801,False,True,True,True
7355,77862,True,53801,False,True,True,53801,False,True,True,53801,False,True,True,True
7356,77870,True,53801,False,True,True,53801,False,True,True,53801,False,True,True,True
7357,77876,True,53801,False,True,True,53801,False,True,True,53801,False,True,True,True
7358,77880,True,53801,False,True,True,53801,False,True,True,53801,False,True,True,True
7359,77884,True,53801,False,True,True,53801,False,True,True,53801,False,True,True,True
7360,77896,True,53801,False,True,True,53801,False,True,True,53801,False,True,True,True
7361,77904,True,53801,False,True,True,53801,False,True,True,53801,False,True,True,True
7362,77908,True,53801,False,True,True,53801,False,True,True,53801,False,True,True,True
7363,52673,False,256,False,True,False,256,False,True,False,256,False,True,False,True
7363,77912,True,53801,False,True,True,53801,False,True,True,53801,False,True,True,True
7364,77920,True,53801,False,True,True,53801,False,True,True,53801,False,True,True,True
7364,88261,False,256,False,True,False,256,False,True,False,256,False,True,False,True
7365,77921,True,53801,False,True,True,53801,False,True,True,53801,False,True,True,True
7366,61900,False,256,False,True,False,256,False,True,False,256,False,True,False,True
7366,77931,True,53801,False,True,True,53801,False,True,True,53801,False,True,True,True
7367,77935,True,53801,False,True,True,53801,False,True,True,53801,False,True,True,True
7368,77945,True,53801,False,True,True,53801,False,True,True,53801,False,True,True,True
7369,77961,True,53801,False,True,True,53801,False,True,True,53801,False,True,True,True
7370,77972,True,53801,False,True,True,53801,False,True,True,53801,False,True,True,True
7371,37074,False,256,False,True,False,256,False,True,False,256,False,True,False,True
7371,77980,True,53801,False,True,True,53801,False,True,True,53801,False,True,True,True
7372,77981,True,53801,False,True,True,53801,False,True,True,53801,False,True,True,True
7373,77983,True,53801,False,True,True,53801,False,True,True,53801,False,True,True,True
7374,77996,True,53801,False,True,True,53801,False,True,True,53801,False,True,True,True
7375,77997,True,53801,False,True,True,53801,False,True,True,53801,False,True,True,True
7376,78007,True,53801,False,True,True,53801,False,True,True,53801,False,True,True,True
7377,78017,True,53801,False,True,True,53801,False,True,True,53801,False,True,True,True
7378,78021,True,53801,False,True,True,53801,False,True,True,53801,False,True,True,True
7379,78023,True,53801,False,True,True,53801,False,True,True,53801,False,True,True,True
7380,78047,True,53801,False,True,True,53801,False,True,True,53801,False,True,True,True
7381,78054,True,53801,False,True,True,53801,False,True,True,53801,False,True,True,True
7382,78055,True,53801,False,True,True,53801,False,True,True,53801,False,True,True,True
7383,78069,True,53801,False,True,True,53801,False,True,True,53801,False,True,True,True
7384,78073,True,53801,False,True,True,53801,False,True,True,53801,False,True,True,True
7385,1404,False,256,False,True,False,256,False,True,False,256,False,True,False,True
7385,78074,True,53801,False,True,True,53801,False,True,True,53801,False,True,True,True
7386,78075,True,53801,False,True,True,53801,False,True,True,53801,False,True,True,True
7387,78076,True,53801,False,True,True,53801,False,True,True,53801,False,True,True,True
7388,78087,True,53801,False,True,True,53801,False,True,True,53801,False,True,True,True
7389,78088,True,53801,False,True,True,53801,False,True,True,53801,False,True,True,True
7390,78092,True,53801,False,True,True,53801,False,True,True,53801,False,True,True,True
7391,78097,True,53801,False,True,True,53801,False,True,True,53801,False,True,True,True
7392,37275,False,256,False,True,False,256,False,True,False,256,False,True,False,True
7392,78107,True,53801,False,True,True,53801,False,True,True,53801,False,True,True,True
7393,78110,True,53801,False,True,True,53801,False,True,True,53801,False,True,True,True
7394,78120,True,53801,False,True,True,53801,False,True,True,53801,False,True,True,True
7395,78121,True,53801,False,True,True,53801,False,True,True,53801,False,True,True,True
7396,78123,True,53801,False,True,True,53801,False,True,True,53801,False,True,True,True
7397,78131,True,53801,False,True,True,53801,False,True,True,53801,False,True,True,True
7398,78139,True,53801,False,True,True,53801,False,True,True,53801,False,True,True,True
7399,78142,True,53801,False,True,True,53801,False,True,True,53801,False,True,True,True
7400,78145,True,53801,False,True,True,53801,False,True,True,53801,False,True,True,True
7401,78152,True,53801,False,True,True,53801,False,True,True,53801,False,True,True,True
7402,78155,True,53801,False,True,True,53801,False,True,True,53801,False,True,True,True
7403,65903,False,256,False,True,False,256,False,True,False,256,False,True,False,True
7403,78157,True,53801,False,True,True,53801,False,True,True,53801,False,True,True,True
7404,78165,True,53801,False,True,True,53801,False,True,True,53801,False,True,True,True
7405,78193,True,53801,False,True,True,53801,False,True,True,53801,False,True,True,True
7406,78194,True,53801,False,True,True,53801,False,True,True,53801,False,True,True,True
7407,78198,True,53801,False,True,True,53801,False,True,True,53801,False,True,True,True
7408,78210,True,53801,False,True,True,53801,False,True,True,53801,False,True,True,True
7409,78211,True,53801,False,True,True,53801,False,True,True,53801,False,True,True,True
7410,78218,True,53801,False,True,True,53801,False,True,True,53801,False,True,True,True
7411,78227,True,53801,False,True,True,53801,False,True,True,53801,False,True,True,True
7412,78238,True,53801,False,True,True,53801,False,True,True,53801,False,True,True,True
7413,48339,False,256,False,True,False,256,False,True,False,256,False,True,False,True
7413,78250,True,53801,False,True,True,53801,False,True,True,53801,False,True,True,True
7415,78269,True,53801,False,True,True,53801,False,True,True,53801,False,True,True,True
7416,78272,True,53801,False,True,True,53801,False,True,True,53801,False,True,True,True
7417,78279,True,53801,False,True,True,53801,False,True,True,53801,False,True,True,True
7418,78311,True,53801,False,True,True,53801,False,True,True,53801,False,True,True,True
7419,78314,True,53801,False,True,True,53801,False,True,True,53801,False,True,True,True
7420,78316,True,53801,False,True,True,53801,False,True,True,53801,False,True,True,True
7421,78318,True,53801,False,True,True,53801,False,True,True,53801,False,True,True,True
7422,78325,True,53801,False,True,True,53801,False,True,True,53801,False,True,True,True
7423,5787,False,256,False,True,False,256,False,True,False,256,False,True,False,True
7423,78357,True,53801,False,True,True,53801,False,True,True,53801,False,True,True,True
7424,78359,True,53801,False,True,True,53801,False,True,True,53801,False,True,True,True
7425,78369,True,53801,False,True,True,53801,False,True,True,53801,False,True,True,True
7426,78371,True,53801,False,True,True,53801,False,True,True,53801,False,True,True,True
7427,78375,True,53801,False,True,True,53801,False,True,True,53801,False,True,True,True
7428,37713,False,256,False,True,False,256,False,True,False,256,False,True,False,True
7428,78382,True,53801,False,True,True,53801,False,True,True,53801,False,True,True,True
7429,78411,True,53801,False,True,True,53801,False,True,True,53801,False,True,True,True
7430,78415,True,53801,False,True,True,53801,False,True,True,53801,False,True,True,True
7431,78417,True,53801,False,True,True,53801,False,True,True,53801,False,True,True,True
7432,78426,True,53801,False,True,True,53801,False,True,True,53801,False,True,True,True
7433,78451,True,53801,False,True,True,53801,False,True,True,53801,False,True,True,True
7434,78453,True,53801,False,True,True,53801,False,True,True,53801,False,True,True,True
7435,24786,False,256,False,True,False,256,False,True,False,256,False,True,False,True
7435,78457,True,53801,False,True,True,53801,False,True,True,53801,False,True,True,True
7436,78466,True,53801,False,True,True,53801,False,True,True,53801,False,True,True,True
7437,78470,True,53801,False,True,True,53801,False,True,True,53801,False,True,True,True
7438,78480,True,53801,False,True,True,53801,False,True,True,53801,False,True,True,True
7439,78482,True,53801,False,True,True,53801,False,True,True,53801,False,True,True,True
7440,78483,True,53801,False,True,True,53801,False,True,True,53801,False,True,True,True
7441,78486,True,53801,False,True,True,53801,False,True,True,53801,False,True,True,True
7442,78496,True,53801,False,True,True,53801,False,True,True,53801,False,True,True,True
7443,78502,True,53801,False,True,True,53801,False,True,True,53801,False,True,True,True
7444,37923,False,256,False,True,False,256,False,True,False,256,False,True,False,True
7444,78503,True,53801,False,True,True,53801,False,True,True,53801,False,True,True,True
7445,78505,True,53801,False,True,True,53801,False,True,True,53801,False,True,True,True
7446,53503,False,256,False,True,False,256,False,True,False,256,False,True,False,True
7446,78513,True,53801,False,True,True,53801,False,True,True,53801,False,True,True,True
7447,78528,True,53801,False,True,True,53801,False,True,True,53801,False,True,True,True
7448,78532,True,53801,False,True,True,53801,False,True,True,53801,False,True,True,True
7449,78533,True,53801,False,True,True,53801,False,True,True,53801,False,True,True,True
7450,78547,True,53801,False,True,True,53801,False,True,True,53801,False,True,True,True
7451,78566,True,53801,False,True,True,53801,False,True,True,53801,False,True,True,True
7452,78570,True,53801,False,True,True,53801,False,True,True,53801,False,True,True,True
7453,7452,False,256,False,True,False,256,False,True,False,256,False,True,False,True
7453,78582,True,53801,False,True,True,53801,False,True,True,53801,False,True,True,True
7454,78603,True,53801,False,True,True,53801,False,True,True,53801,False,True,True,True
7455,78607,True,53801,False,True,True,53801,False,True,True,53801,False,True,True,True
7456,78608,True,53801,False,True,True,53801,False,True,True,53801,False,True,True,True
7457,78613,True,53801,False,True,True,53801,False,True,True,53801,False,True,True,True
7458,78614,True,53801,False,True,True,53801,False,True,True,53801,False,True,True,True
7459,78621,True,53801,False,True,True,53801,False,True,True,53801,False,True,True,True
7460,12090,False,256,False,True,False,256,False,True,False,256,False,True,False,True
7460,78627,True,53801,False,True,True,53801,False,True,True,53801,False,True,True,True
7461,78631,True,53801,False,True,True,53801,False,True,True,53801,False,True,True,True
7462,78647,True,53801,False,True,True,53801,False,True,True,53801,False,True,True,True
7463,78655,True,53801,False,True,True,53801,False,True,True,53801,False,True,True,True
7464,66258,False,256,False,True,False,256,False,True,False,256,False,True,False,True
7464,78658,True,53801,False,True,True,53801,False,True,True,53801,False,True,True,True
7465,78662,True,53801,False,True,True,53801,False,True,True,53801,False,True,True,True
7466,78667,True,53801,False,True,True,53801,False,True,True,53801,False,True,True,True
7467,78682,True,53801,False,True,True,53801,False,True,True,53801,False,True,True,True
7468,78685,True,53801,False,True,True,53801,False,True,True,53801,False,True,True,True
7469,78686,True,53801,False,True,True,53801,False,True,True,53801,False,True,True,True
7470,78692,True,53801,False,True,True,53801,False,True,True,53801,False,True,True,True
7471,78705,True,53801,False,True,True,53801,False,True,True,53801,False,True,True,True
7472,78706,True,53801,False,True,True,53801,False,True,True,53801,False,True,True,True
7473,78708,True,53801,False,True,True,53801,False,True,True,53801,False,True,True,True
7474,78729,True,53801,False,True,True,53801,False,True,True,53801,False,True,True,True
7475,48940,False,256,False,True,False,256,False,True,False,256,False,True,False,True
7475,78732,True,53801,False,True,True,53801,False,True,True,53801,False,True,True,True
7476,78736,True,53801,False,True,True,53801,False,True,True,53801,False,True,True,True
7477,78739,True,53801,False,True,True,53801,False,True,True,53801,False,True,True,True
7478,78740,True,53801,False,True,True,53801,False,True,True,53801,False,True,True,True
7479,78748,True,53801,False,True,True,53801,False,True,True,53801,False,True,True,True
7480,78756,True,53801,False,True,True,53801,False,True,True,53801,False,True,True,True
7481,30755,False,256,False,True,False,256,False,True,False,256,False,True,False,True
7481,78772,True,53801,False,True,True,53801,False,True,True,53801,False,True,True,True
7482,78779,True,53801,False,True,True,53801,False,True,True,53801,False,True,True,True
7483,78785,True,53801,False,True,True,53801,False,True,True,53801,False,True,True,True
7484,78789,True,53801,False,True,True,53801,False,True,True,53801,False,True,True,True
7485,78790,True,53801,False,True,True,53801,False,True,True,53801,False,True,True,True
7486,78795,True,53801,False,True,True,53801,False,True,True,53801,False,True,True,True
7487,78807,True,53801,False,True,True,53801,False,True,True,53801,False,True,True,True
7488,78809,True,53801,False,True,True,53801,False,True,True,53801,False,True,True,True
7489,66386,False,256,False,True,False,256,False,True,False,256,False,True,False,True
7489,78815,True,53801,False,True,True,53801,False,True,True,53801,False,True,True,True
7490,78824,True,53801,False,True,True,53801,False,True,True,53801,False,True,True,True
7491,49090,False,256,False,True,False,256,False,True,False,256,False,True,False,True
7491,71612,False,256,False,True,False,256,False,True,False,256,False,True,False,True
7491,78830,True,53801,False,True,True,53801,False,True,True,53801,False,True,True,True
7492,78833,True,53801,False,True,True,53801,False,True,True,53801,False,True,True,True
7493,78844,True,53801,False,True,True,53801,False,True,True,53801,False,True,True,True
7494,78848,True,53801,False,True,True,53801,False,True,True,53801,False,True,True,True
7495,78873,True,53801,False,True,True,53801,False,True,True,53801,False,True,True,True
7496,78874,True,53801,False,True,True,53801,False,True,True,53801,False,True,True,True
7497,78876,True,53801,False,True,True,53801,False,True,True,53801,False,True,True,True
7498,78880,True,53801,False,True,True,53801,False,True,True,53801,False,True,True,True
7499,78890,True,53801,False,True,True,53801,False,True,True,53801,False,True,True,True
7500,71667,False,256,False,True,False,256,False,True,False,256,False,True,False,True
7500,78892,True,53801,False,True,True,53801,False,True,True,53801,False,True,True,True
7501,78900,True,53801,False,True,True,53801,False,True,True,53801,False,True,True,True
7502,78903,True,53801,False,True,True,53801,False,True,True,53801,False,True,True,True
7503,78904,True,53801,False,True,True,53801,False,True,True,53801,False,True,True,True
7504,78905,True,53801,False,True,True,53801,False,True,True,53801,False,True,True,True
7505,21621,False,256,False,True,False,256,False,True,False,256,False,True,False,True
7505,78920,True,53801,False,True,True,53801,False,True,True,53801,False,True,True,True
7506,78926,True,53801,False,True,True,53801,False,True,True,53801,False,True,True,True
7507,78929,True,53801,False,True,True,53801,False,True,True,53801,False,True,True,True
7508,78933,True,53801,False,True,True,53801,False,True,True,53801,False,True,True,True
7509,78940,True,53801,False,True,True,53801,False,True,True,53801,False,True,True,True
7510,30965,False,256,False,True,False,256,False,True,False,256,False,True,False,True
7510,78948,True,53801,False,True,True,53801,False,True,True,53801,False,True,True,True
7511,78953,True,53801,False,True,True,53801,False,True,True,53801,False,True,True,True
7512,78962,True,53801,False,True,True,53801,False,True,True,53801,False,True,True,True
7513,78972,True,53801,False,True,True,53801,False,True,True,53801,False,True,True,True
7514,78983,True,53801,False,True,True,53801,False,True,True,53801,False,True,True,True
7515,78988,True,53801,False,True,True,53801,False,True,True,53801,False,True,True,True
7516,78996,True,53801,False,True,True,53801,False,True,True,53801,False,True,True,True
7517,69138,False,256,False,True,False,256,False,True,False,256,False,True,False,True
7517,78998,True,53801,False,True,True,53801,False,True,True,53801,False,True,True,True
7518,79005,True,53801,False,True,True,53801,False,True,True,53801,False,True,True,True
7519,79024,True,53801,False,True,True,53801,False,True,True,53801,False,True,True,True
7520,79056,True,53801,False,True,True,53801,False,True,True,53801,False,True,True,True
7521,79065,True,53801,False,True,True,53801,False,True,True,53801,False,True,True,True
7522,79085,True,53801,False,True,True,53801,False,True,True,53801,False,True,True,True
7523,79087,True,53801,False,True,True,53801,False,True,True,53801,False,True,True,True
7525,79092,True,53801,False,True,True,53801,False,True,True,53801,False,True,True,True
7526,79095,True,53801,False,True,True,53801,False,True,True,53801,False,True,True,True
7527,79106,True,53801,False,True,True,53801,False,True,True,53801,False,True,True,True
7528,79107,True,53801,False,True,True,53801,False,True,True,53801,False,True,True,True
7529,32221,False,256,False,True,False,256,False,True,False,256,False,True,False,True
7529,79111,True,53801,False,True,True,53801,False,True,True,53801,False,True,True,True
7530,79117,True,53801,False,True,True,53801,False,True,True,53801,False,True,True,True
7531,79120,True,53801,False,True,True,53801,False,True,True,53801,False,True,True,True
7532,79126,True,53801,False,True,True,53801,False,True,True,53801,False,True,True,True
7533,79127,True,53801,False,True,True,53801,False,True,True,53801,False,True,True,True
7534,27100,False,256,False,True,False,256,False,True,False,256,False,True,False,True
7534,79138,True,53801,False,True,True,53801,False,True,True,53801,False,True,True,True
7535,75527,False,256,False,True,False,256,False,True,False,256,False,True,False,True
7535,79141,True,53801,False,True,True,53801,False,True,True,53801,False,True,True,True
7536,79148,True,53801,False,True,True,53801,False,True,True,53801,False,True,True,True
7537,79162,True,53801,False,True,True,53801,False,True,True,53801,False,True,True,True
7538,79173,True,53801,False,True,True,53801,False,True,True,53801,False,True,True,True
7539,79186,True,53801,False,True,True,53801,False,True,True,53801,False,True,True,True
7540,79195,True,53801,False,True,True,53801,False,True,True,53801,False,True,True,True
7541,79209,True,53801,False,True,True,53801,False,True,True,53801,False,True,True,True
7542,79213,True,53801,False,True,True,53801,False,True,True,53801,False,True,True,True
7543,79221,True,53801,False,True,True,53801,False,True,True,53801,False,True,True,True
7544,6182,False,256,False,True,False,256,False,True,False,256,False,True,False,True
7544,57948,False,256,False,True,False,256,False,True,False,256,False,True,False,True
7544,79223,True,53801,False,True,True,53801,False,True,True,53801,False,True,True,True
7545,79234,True,53801,False,True,True,53801,False,True,True,53801,False,True,True,True
7546,12652,False,256,False,True,False,256,False,True,False,256,False,True,False,True
7546,79244,True,53801,False,True,True,53801,False,True,True,53801,False,True,True,True
7547,79252,True,53801,False,True,True,53801,False,True,True,53801,False,True,True,True
7548,79254,True,53801,False,True,True,53801,False,True,True,53801,False,True,True,True
7549,79278,True,53801,False,True,True,53801,False,True,True,53801,False,True,True,True
7550,79279,True,53801,False,True,True,53801,False,True,True,53801,False,True,True,True
7551,79290,True,53801,False,True,True,53801,False,True,True,53801,False,True,True,True
7552,79291,True,53801,False,True,True,53801,False,True,True,53801,False,True,True,True
7553,79298,True,53801,False,True,True,53801,False,True,True,53801,False,True,True,True
7554,79307,True,53801,False,True,True,53801,False,True,True,53801,False,True,True,True
7555,79314,True,53801,False,True,True,53801,False,True,True,53801,False,True,True,True
7556,79317,True,53801,False,True,True,53801,False,True,True,53801,False,True,True,True
7557,79319,True,53801,False,True,True,53801,False,True,True,53801,False,True,True,True
7558,79337,True,53801,False,True,True,53801,False,True,True,53801,False,True,True,True
7559,79343,True,53801,False,True,True,53801,False,True,True,53801,False,True,True,True
7560,79347,True,53801,False,True,True,53801,False,True,True,53801,False,True,True,True
7561,79359,True,53801,False,True,True,53801,False,True,True,53801,False,True,True,True
7562,79362,True,53801,False,True,True,53801,False,True,True,53801,False,True,True,True
7563,79365,True,53801,False,True,True,53801,False,True,True,53801,False,True,True,True
7564,79366,True,53801,False,True,True,53801,False,True,True,53801,False,True,True,True
7565,79377,True,53801,False,True,True,53801,False,True,True,53801,False,True,True,True
7566,79378,True,53801,False,True,True,53801,False,True,True,53801,False,True,True,True
7567,79389,True,53801,False,True,True,53801,False,True,True,53801,False,True,True,True
7568,79390,True,53801,False,True,True,53801,False,True,True,53801,False,True,True,True
7569,75771,False,256,False,True,False,256,False,True,False,256,False,True,False,True
7569,79395,True,53801,False,True,True,53801,False,True,True,53801,False,True,True,True
7570,79399,True,53801,False,True,True,53801,False,True,True,53801,False,True,True,True
7571,79400,True,53801,False,True,True,53801,False,True,True,53801,False,True,True,True
7572,79407,True,53801,False,True,True,53801,False,True,True,53801,False,True,True,True
7573,79411,True,53801,False,True,True,53801,False,True,True,53801,False,True,True,True
7574,79414,True,53801,False,True,True,53801,False,True,True,53801,False,True,True,True
7575,79422,True,53801,False,True,True,53801,False,True,True,53801,False,True,True,True
7576,79424,True,53801,False,True,True,53801,False,True,True,53801,False,True,True,True
7577,1809,False,256,False,True,False,256,False,True,False,256,False,True,False,True
7577,39308,False,256,False,True,False,256,False,True,False,256,False,True,False,True
7577,79427,True,53801,False,True,True,53801,False,True,True,53801,False,True,True,True
7578,79435,True,53801,False,True,True,53801,False,True,True,53801,False,True,True,True
7579,79437,True,53801,False,True,True,53801,False,True,True,53801,False,True,True,True
7580,79454,True,53801,False,True,True,53801,False,True,True,53801,False,True,True,True
7581,79460,True,53801,False,True,True,53801,False,True,True,53801,False,True,True,True
7582,58373,False,256,False,True,False,256,False,True,False,256,False,True,False,True
7582,79477,True,53801,False,True,True,53801,False,True,True,53801,False,True,True,True
7583,79485,True,53801,False,True,True,53801,False,True,True,53801,False,True,True,True
7584,79497,True,53801,False,True,True,53801,False,True,True,53801,False,True,True,True
7585,79500,True,53801,False,True,True,53801,False,True,True,53801,False,True,True,True
7586,79511,True,53801,False,True,True,53801,False,True,True,53801,False,True,True,True
7587,79514,True,53801,False,True,True,53801,False,True,True,53801,False,True,True,True
7588,79525,True,53801,False,True,True,53801,False,True,True,53801,False,True,True,True
7589,79533,True,53801,False,True,True,53801,False,True,True,53801,False,True,True,True
7590,79552,True,53801,False,True,True,53801,False,True,True,53801,False,True,True,True
7591,79565,True,53801,False,True,True,53801,False,True,True,53801,False,True,True,True
7592,79577,True,53801,False,True,True,53801,False,True,True,53801,False,True,True,True
7593,79582,True,53801,False,True,True,53801,False,True,True,53801,False,True,True,True
7594,79589,True,53801,False,True,True,53801,False,True,True,53801,False,True,True,True
7595,79598,True,53801,False,True,True,53801,False,True,True,53801,False,True,True,True
7596,79599,True,53801,False,True,True,53801,False,True,True,53801,False,True,True,True
7597,79611,True,53801,False,True,True,53801,False,True,True,53801,False,True,True,True
7598,79614,True,53801,False,True,True,53801,False,True,True,53801,False,True,True,True
7599,79617,True,53801,False,True,True,53801,False,True,True,53801,False,True,True,True
7600,79620,True,53801,False,True,True,53801,False,True,True,53801,False,True,True,True
7601,79621,True,53801,False,True,True,53801,False,True,True,53801,False,True,True,True
7602,79623,True,53801,False,True,True,53801,False,True,True,53801,False,True,True,True
7603,79624,True,53801,False,True,True,53801,False,True,True,53801,False,True,True,True
7604,79643,True,53801,False,True,True,53801,False,True,True,53801,False,True,True,True
7605,79649,True,53801,False,True,True,53801,False,True,True,53801,False,True,True,True
7606,79656,True,53801,False,True,True,53801,False,True,True,53801,False,True,True,True
7607,79657,True,53801,False,True,True,53801,False,True,True,53801,False,True,True,True
7608,79661,True,53801,False,True,True,53801,False,True,True,53801,False,True,True,True
7609,79671,True,53801,False,True,True,53801,False,True,True,53801,False,True,True,True
7610,79687,True,53801,False,True,True,53801,False,True,True,53801,False,True,True,True
7611,79718,True,53801,False,True,True,53801,False,True,True,53801,False,True,True,True
7612,79728,True,53801,False,True,True,53801,False,True,True,53801,False,True,True,True
7613,79732,True,53801,False,True,True,53801,False,True,True,53801,False,True,True,True
7614,79737,True,53801,False,True,True,53801,False,True,True,53801,False,True,True,True
7615,79740,True,53801,False,True,True,53801,False,True,True,53801,False,True,True,True
7616,79748,True,53801,False,True,True,53801,False,True,True,53801,False,True,True,True
7617,79753,True,53801,False,True,True,53801,False,True,True,53801,False,True,True,True
7618,79760,True,53801,False,True,True,53801,False,True,True,53801,False,True,True,True
7619,79761,True,53801,False,True,True,53801,False,True,True,53801,False,True,True,True
7620,79764,True,53801,False,True,True,53801,False,True,True,53801,False,True,True,True
7621,79780,True,53801,False,True,True,53801,False,True,True,53801,False,True,True,True
7622,79783,True,53801,False,True,True,53801,False,True,True,53801,False,True,True,True
7623,79787,True,53801,False,True,True,53801,False,True,True,53801,False,True,True,True
7624,79789,True,53801,False,True,True,53801,False,True,True,53801,False,True,True,True
7625,79801,True,53801,False,True,True,53801,False,True,True,53801,False,True,True,True
7626,79810,True,53801,False,True,True,53801,False,True,True,53801,False,True,True,True
7627,79813,True,53801,False,True,True,53801,False,True,True,53801,False,True,True,True
7628,79815,True,53801,False,True,True,53801,False,True,True,53801,False,True,True,True
7629,79828,True,53801,False,True,True,53801,False,True,True,53801,False,True,True,True
7630,79852,True,53801,False,True,True,53801,False,True,True,53801,False,True,True,True
7631,79853,True,53801,False,True,True,53801,False,True,True,53801,False,True,True,True
7632,79854,True,53801,False,True,True,53801,False,True,True,53801,False,True,True,True
7633,79856,True,53801,False,True,True,53801,False,True,True,53801,False,True,True,True
7634,79862,True,53801,False,True,True,53801,False,True,True,53801,False,True,True,True
7635,79873,True,53801,False,True,True,53801,False,True,True,53801,False,True,True,True
7636,79876,True,53801,False,True,True,53801,False,True,True,53801,False,True,True,True
7637,79883,True,53801,False,True,True,53801,False,True,True,53801,False,True,True,True
7638,79914,True,53801,False,True,True,53801,False,True,True,53801,False,True,True,True
7639,79915,True,53801,False,True,True,53801,False,True,True,53801,False,True,True,True
7640,79921,True,53801,False,True,True,53801,False,True,True,53801,False,True,True,True
7641,79924,True,53801,False,True,True,53801,False,True,True,53801,False,True,True,True
7642,79932,True,53801,False,True,True,53801,False,True,True,53801,False,True,True,True
7643,79943,True,53801,False,True,True,53801,False,True,True,53801,False,True,True,True
7644,79948,True,53801,False,True,True,53801,False,True,True,53801,False,True,True,True
7645,79952,True,53801,False,True,True,53801,False,True,True,53801,False,True,True,True
7646,79968,True,53801,False,True,True,53801,False,True,True,53801,False,True,True,True
7647,79971,True,53801,False,True,True,53801,False,True,True,53801,False,True,True,True
7648,25812,False,256,False,True,False,256,False,True,False,256,False,True,False,True
7648,79978,True,53801,False,True,True,53801,False,True,True,53801,False,True,True,True
7649,79983,True,53801,False,True,True,53801,False,True,True,53801,False,True,True,True
7650,79992,True,53801,False,True,True,53801,False,True,True,53801,False,True,True,True
7651,80001,True,53801,False,True,True,53801,False,True,True,53801,False,True,True,True
7652,80023,True,53801,False,True,True,53801,False,True,True,53801,False,True,True,True
7653,80024,True,53801,False,True,True,53801,False,True,True,53801,False,True,True,True
7654,80031,True,53801,False,True,True,53801,False,True,True,53801,False,True,True,True
7655,80034,True,53801,False,True,True,53801,False,True,True,53801,False,True,True,True
7656,80035,True,53801,False,True,True,53801,False,True,True,53801,False,True,True,True
7657,80040,True,53801,False,True,True,53801,False,True,True,53801,False,True,True,True
7658,80041,True,53801,False,True,True,53801,False,True,True,53801,False,True,True,True
7659,80049,True,53801,False,True,True,53801,False,True,True,53801,False,True,True,True
7660,80065,True,53801,False,True,True,53801,False,True,True,53801,False,True,True,True
7661,13554,False,256,False,True,False,256,False,True,False,256,False,True,False,True
7661,34778,False,256,False,True,False,256,False,True,False,256,False,True,False,True
7661,80075,True,53801,False,True,True,53801,False,True,True,53801,False,True,True,True
7662,80081,True,53801,False,True,True,53801,False,True,True,53801,False,True,True,True
7663,80090,True,53801,False,True,True,53801,False,True,True,53801,False,True,True,True
7664,80092,True,53801,False,True,True,53801,False,True,True,53801,False,True,True,True
7665,80101,True,53801,False,True,True,53801,False,True,True,53801,False,True,True,True
7666,80104,True,53801,False,True,True,53801,False,True,True,53801,False,True,True,True
7667,80123,True,53801,False,True,True,53801,False,True,True,53801,False,True,True,True
7668,80146,True,53801,False,True,True,53801,False,True,True,53801,False,True,True,True
7669,80153,True,53801,False,True,True,53801,False,True,True,53801,False,True,True,True
7670,80158,True,53801,False,True,True,53801,False,True,True,53801,False,True,True,True
7671,80162,True,53801,False,True,True,53801,False,True,True,53801,False,True,True,True
7672,28290,False,256,False,True,False,256,False,True,False,256,False,True,False,True
7672,80163,True,53801,False,True,True,53801,False,True,True,53801,False,True,True,True
7673,80169,True,53801,False,True,True,53801,False,True,True,53801,False,True,True,True
7674,80170,True,53801,False,True,True,53801,False,True,True,53801,False,True,True,True
7675,80179,True,53801,False,True,True,53801,False,True,True,53801,False,True,True,True
7676,80182,True,53801,False,True,True,53801,False,True,True,53801,False,True,True,True
7677,80186,True,53801,False,True,True,53801,False,True,True,53801,False,True,True,True
7678,80208,True,53801,False,True,True,53801,False,True,True,53801,False,True,True,True
7679,80217,True,53801,False,True,True,53801,False,True,True,53801,False,True,True,True
7680,80225,True,53801,False,True,True,53801,False,True,True,53801,False,True,True,True
7681,80252,True,53801,False,True,True,53801,False,True,True,53801,False,True,True,True
7682,80257,True,53801,False,True,True,53801,False,True,True,53801,False,True,True,True
7683,80265,True,53801,False,True,True,53801,False,True,True,53801,False,True,True,True
7684,80268,True,53801,False,True,True,53801,False,True,True,53801,False,True,True,True
7685,80275,True,53801,False,True,True,53801,False,True,True,53801,False,True,True,True
7686,80291,True,53801,False,True,True,53801,False,True,True,53801,False,True,True,True
7687,80292,True,53801,False,True,True,53801,False,True,True,53801,False,True,True,True
7688,80294,True,53801,False,True,True,53801,False,True,True,53801,False,True,True,True
7689,28440,False,256,False,True,False,256,False,True,False,256,False,True,False,True
7689,80300,True,53801,False,True,True,53801,False,True,True,53801,False,True,True,True
7690,80301,True,53801,False,True,True,53801,False,True,True,53801,False,True,True,True
7691,80306,True,53801,False,True,True,53801,False,True,True,53801,False,True,True,True
7692,80315,True,53801,False,True,True,53801,False,True,True,53801,False,True,True,True
7693,80331,True,53801,False,True,True,53801,False,True,True,53801,False,True,True,True
7694,80336,True,53801,False,True,True,53801,False,True,True,53801,False,True,True,True
7695,80340,True,53801,False,True,True,53801,False,True,True,53801,False,True,True,True
7696,80354,True,53801,False,True,True,53801,False,True,True,53801,False,True,True,True
7697,80361,True,53801,False,True,True,53801,False,True,True,53801,False,True,True,True
7698,80371,True,53801,False,True,True,53801,False,True,True,53801,False,True,True,True
7699,80372,True,53801,False,True,True,53801,False,True,True,53801,False,True,True,True
7700,80374,True,53801,False,True,True,53801,False,True,True,53801,False,True,True,True
7701,80375,True,53801,False,True,True,53801,False,True,True,53801,False,True,True,True
7702,80378,True,53801,False,True,True,53801,False,True,True,53801,False,True,True,True
7703,80387,True,53801,False,True,True,53801,False,True,True,53801,False,True,True,True
7704,80400,True,53801,False,True,True,53801,False,True,True,53801,False,True,True,True
7705,80433,True,53801,False,True,True,53801,False,True,True,53801,False,True,True,True
7706,80444,True,53801,False,True,True,53801,False,True,True,53801,False,True,True,True
7707,80446,True,53801,False,True,True,53801,False,True,True,53801,False,True,True,True
7708,80457,True,53801,False,True,True,53801,False,True,True,53801,False,True,True,True
7709,80470,True,53801,False,True,True,53801,False,True,True,53801,False,True,True,True
7710,80475,True,53801,False,True,True,53801,False,True,True,53801,False,True,True,True
7711,80484,True,53801,False,True,True,53801,False,True,True,53801,False,True,True,True
7712,80493,True,53801,False,True,True,53801,False,True,True,53801,False,True,True,True
7713,80500,True,53801,False,True,True,53801,False,True,True,53801,False,True,True,True
7715,80515,True,53801,False,True,True,53801,False,True,True,53801,False,True,True,True
7716,80522,True,53801,False,True,True,53801,False,True,True,53801,False,True,True,True
7717,80533,True,53801,False,True,True,53801,False,True,True,53801,False,True,True,True
7718,80538,True,53801,False,True,True,53801,False,True,True,53801,False,True,True,True
7719,80539,True,53801,False,True,True,53801,False,True,True,53801,False,True,True,True
7721,80545,True,53801,False,True,True,53801,False,True,True,53801,False,True,True,True
7722,80547,True,53801,False,True,True,53801,False,True,True,53801,False,True,True,True
7723,80550,True,53801,False,True,True,53801,False,True,True,53801,False,True,True,True
7724,80556,True,53801,False,True,True,53801,False,True,True,53801,False,True,True,True
7726,80571,True,53801,False,True,True,53801,False,True,True,53801,False,True,True,True
7727,80579,True,53801,False,True,True,53801,False,True,True,53801,False,True,True,True
7728,80580,True,53801,False,True,True,53801,False,True,True,53801,False,True,True,True
7729,80587,True,53801,False,True,True,53801,False,True,True,53801,False,True,True,True
7730,80599,True,53801,False,True,True,53801,False,True,True,53801,False,True,True,True
7731,80603,True,53801,False,True,True,53801,False,True,True,53801,False,True,True,True
7733,28814,False,256,False,True,False,256,False,True,False,256,False,True,False,True
7733,80613,True,53801,False,True,True,53801,False,True,True,53801,False,True,True,True
7734,80623,True,53801,False,True,True,53801,False,True,True,53801,False,True,True,True
7735,80626,True,53801,False,True,True,53801,False,True,True,53801,False,True,True,True
7735,84190,False,256,False,True,False,256,False,True,False,256,False,True,False,True
7736,80627,True,53801,False,True,True,53801,False,True,True,53801,False,True,True,True
7737,80632,True,53801,False,True,True,53801,False,True,True,53801,False,True,True,True
7738,80639,True,53801,False,True,True,53801,False,True,True,53801,False,True,True,True
7739,80640,True,53801,False,True,True,53801,False,True,True,53801,False,True,True,True
7740,19723,False,256,False,True,False,256,False,True,False,256,False,True,False,True
7740,80647,True,53801,False,True,True,53801,False,True,True,53801,False,True,True,True
7741,46838,False,256,False,True,False,256,False,True,False,256,False,True,False,True
7741,80656,True,53801,False,True,True,53801,False,True,True,53801,False,True,True,True
7742,80661,True,53801,False,True,True,53801,False,True,True,53801,False,True,True,True
7743,80662,True,53801,False,True,True,53801,False,True,True,53801,False,True,True,True
7744,80682,True,53801,False,True,True,53801,False,True,True,53801,False,True,True,True
7745,80684,True,53801,False,True,True,53801,False,True,True,53801,False,True,True,True
7746,14194,False,256,False,True,False,256,False,True,False,256,False,True,False,True
7746,35693,False,256,False,True,False,256,False,True,False,256,False,True,False,True
7746,80690,True,53801,False,True,True,53801,False,True,True,53801,False,True,True,True
7747,80691,True,53801,False,True,True,53801,False,True,True,53801,False,True,True,True
7748,80694,True,53801,False,True,True,53801,False,True,True,53801,False,True,True,True
7749,80701,True,53801,False,True,True,53801,False,True,True,53801,False,True,True,True
7750,80706,True,53801,False,True,True,53801,False,True,True,53801,False,True,True,True
7751,80708,True,53801,False,True,True,53801,False,True,True,53801,False,True,True,True
7752,80711,True,53801,False,True,True,53801,False,True,True,53801,False,True,True,True
7753,60544,False,256,False,True,False,256,False,True,False,256,False,True,False,True
7753,80734,True,53801,False,True,True,53801,False,True,True,53801,False,True,True,True
7754,80750,True,53801,False,True,True,53801,False,True,True,53801,False,True,True,True
7755,80754,True,53801,False,True,True,53801,False,True,True,53801,False,True,True,True
7756,80761,True,53801,False,True,True,53801,False,True,True,53801,False,True,True,True
7757,80768,True,53801,False,True,True,53801,False,True,True,53801,False,True,True,True
7758,80793,True,53801,False,True,True,53801,False,True,True,53801,False,True,True,True
7759,80800,True,53801,False,True,True,53801,False,True,True,53801,False,True,True,True
7761,80811,True,53801,False,True,True,53801,False,True,True,53801,False,True,True,True
7762,80812,True,53801,False,True,True,53801,False,True,True,53801,False,True,True,True
7763,80819,True,53801,False,True,True,53801,False,True,True,53801,False,True,True,True
7764,80820,True,53801,False,True,True,53801,False,True,True,53801,False,True,True,True
7765,80833,True,53801,False,True,True,53801,False,True,True,53801,False,True,True,True
7766,23551,False,256,False,True,False,256,False,True,False,256,False,True,False,True
7766,80834,True,53801,False,True,True,53801,False,True,True,53801,False,True,True,True
7767,80839,True,53801,False,True,True,53801,False,True,True,53801,False,True,True,True
7768,80842,True,53801,False,True,True,53801,False,True,True,53801,False,True,True,True
7769,80847,True,53801,False,True,True,53801,False,True,True,53801,False,True,True,True
7770,80851,True,53801,False,True,True,53801,False,True,True,53801,False,True,True,True
7771,80867,True,53801,False,True,True,53801,False,True,True,53801,False,True,True,True
7772,80873,True,53801,False,True,True,53801,False,True,True,53801,False,True,True,True
7773,80876,True,53801,False,True,True,53801,False,True,True,53801,False,True,True,True
7774,80877,True,53801,False,True,True,53801,False,True,True,53801,False,True,True,True
7775,80890,True,53801,False,True,True,53801,False,True,True,53801,False,True,True,True
7775,87762,False,256,False,True,False,256,False,True,False,256,False,True,False,True
7776,80905,True,53801,False,True,True,53801,False,True,True,53801,False,True,True,True
7777,80907,True,53801,False,True,True,53801,False,True,True,53801,False,True,True,True
7778,80917,True,53801,False,True,True,53801,False,True,True,53801,False,True,True,True
7779,80921,True,53801,False,True,True,53801,False,True,True,53801,False,True,True,True
7780,80925,True,53801,False,True,True,53801,False,True,True,53801,False,True,True,True
7781,80926,True,53801,False,True,True,53801,False,True,True,53801,False,True,True,True
7782,80933,True,53801,False,True,True,53801,False,True,True,53801,False,True,True,True
7783,80945,True,53801,False,True,True,53801,False,True,True,53801,False,True,True,True
7784,80956,True,53801,False,True,True,53801,False,True,True,53801,False,True,True,True
7785,80957,True,53801,False,True,True,53801,False,True,True,53801,False,True,True,True
7786,51941,False,256,False,True,False,256,False,True,False,256,False,True,False,True
7786,80961,True,53801,False,True,True,53801,False,True,True,53801,False,True,True,True
7787,80963,True,53801,False,True,True,53801,False,True,True,53801,False,True,True,True
7788,80970,True,53801,False,True,True,53801,False,True,True,53801,False,True,True,True
7789,80973,True,53801,False,True,True,53801,False,True,True,53801,False,True,True,True
7790,80976,True,53801,False,True,True,53801,False,True,True,53801,False,True,True,True
7791,47277,False,256,False,True,False,256,False,True,False,256,False,True,False,True
7791,80982,True,53801,False,True,True,53801,False,True,True,53801,False,True,True,True
7792,80986,True,53801,False,True,True,53801,False,True,True,53801,False,True,True,True
7793,80987,True,53801,False,True,True,53801,False,True,True,53801,False,True,True,True
7794,81011,True,53801,False,True,True,53801,False,True,True,53801,False,True,True,True
7795,81017,True,53801,False,True,True,53801,False,True,True,53801,False,True,True,True
7796,81028,True,53801,False,True,True,53801,False,True,True,53801,False,True,True,True
7797,81040,True,53801,False,True,True,53801,False,True,True,53801,False,True,True,True
7798,81045,True,53801,False,True,True,53801,False,True,True,53801,False,True,True,True
7798,84612,False,256,False,True,False,256,False,True,False,256,False,True,False,True
7799,81046,True,53801,False,True,True,53801,False,True,True,53801,False,True,True,True
7800,81048,True,53801,False,True,True,53801,False,True,True,53801,False,True,True,True
7801,81056,True,53801,False,True,True,53801,False,True,True,53801,False,True,True,True
7802,81079,True,53801,False,True,True,53801,False,True,True,53801,False,True,True,True
7803,81080,True,53801,False,True,True,53801,False,True,True,53801,False,True,True,True
7804,81084,True,53801,False,True,True,53801,False,True,True,53801,False,True,True,True
7805,81091,True,53801,False,True,True,53801,False,True,True,53801,False,True,True,True
7806,81104,True,53801,False,True,True,53801,False,True,True,53801,False,True,True,True
7808,81121,True,53801,False,True,True,53801,False,True,True,53801,False,True,True,True
7809,20272,False,256,False,True,False,256,False,True,False,256,False,True,False,True
7809,81146,True,53801,False,True,True,53801,False,True,True,53801,False,True,True,True
7810,81155,True,53801,False,True,True,53801,False,True,True,53801,False,True,True,True
7811,16694,False,256,False,True,False,256,False,True,False,256,False,True,False,True
7811,81156,True,53801,False,True,True,53801,False,True,True,53801,False,True,True,True
7812,81157,True,53801,False,True,True,53801,False,True,True,53801,False,True,True,True
7813,81159,True,53801,False,True,True,53801,False,True,True,53801,False,True,True,True
7814,81161,True,53801,False,True,True,53801,False,True,True,53801,False,True,True,True
7815,70738,False,256,False,True,False,256,False,True,False,256,False,True,False,True
7815,81163,True,53801,False,True,True,53801,False,True,True,53801,False,True,True,True
7816,81169,True,53801,False,True,True,53801,False,True,True,53801,False,True,True,True
7816,87990,False,256,False,True,False,256,False,True,False,256,False,True,False,True
7817,81186,True,53801,False,True,True,53801,False,True,True,53801,False,True,True,True
7818,81199,True,53801,False,True,True,53801,False,True,True,53801,False,True,True,True
7819,81200,True,53801,False,True,True,53801,False,True,True,53801,False,True,True,True
7820,81206,True,53801,False,True,True,53801,False,True,True,53801,False,True,True,True
7821,81211,True,53801,False,True,True,53801,False,True,True,53801,False,True,True,True
7822,81213,True,53801,False,True,True,53801,False,True,True,53801,False,True,True,True
7823,81214,True,53801,False,True,True,53801,False,True,True,53801,False,True,True,True
7824,81217,True,53801,False,True,True,53801,False,True,True,53801,False,True,True,True
7825,81225,True,53801,False,True,True,53801,False,True,True,53801,False,True,True,True
7826,81226,True,53801,False,True,True,53801,False,True,True,53801,False,True,True,True
7827,81235,True,53801,False,True,True,53801,False,True,True,53801,False,True,True,True
7828,81237,True,53801,False,True,True,53801,False,True,True,53801,False,True,True,True
7829,81248,True,53801,False,True,True,53801,False,True,True,53801,False,True,True,True
7830,81254,True,53801,False,True,True,53801,False,True,True,53801,False,True,True,True
7831,81267,True,53801,False,True,True,53801,False,True,True,53801,False,True,True,True
7832,81269,True,53801,False,True,True,53801,False,True,True,53801,False,True,True,True
7833,81278,True,53801,False,True,True,53801,False,True,True,53801,False,True,True,True
7834,81280,True,53801,False,True,True,53801,False,True,True,53801,False,True,True,True
7835,81304,True,53801,False,True,True,53801,False,True,True,53801,False,True,True,True
7836,81305,True,53801,False,True,True,53801,False,True,True,53801,False,True,True,True
7837,74126,False,256,False,True,False,256,False,True,False,256,False,True,False,True
7837,81307,True,53801,False,True,True,53801,False,True,True,53801,False,True,True,True
7838,81322,True,53801,False,True,True,53801,False,True,True,53801,False,True,True,True
7839,81326,True,53801,False,True,True,53801,False,True,True,53801,False,True,True,True
7840,81332,True,53801,False,True,True,53801,False,True,True,53801,False,True,True,True
7841,81335,True,53801,False,True,True,53801,False,True,True,53801,False,True,True,True
7842,36761,False,256,False,True,False,256,False,True,False,256,False,True,False,True
7842,81338,True,53801,False,True,True,53801,False,True,True,53801,False,True,True,True
7843,81353,True,53801,False,True,True,53801,False,True,True,53801,False,True,True,True
7844,81372,True,53801,False,True,True,53801,False,True,True,53801,False,True,True,True
7845,81377,True,53801,False,True,True,53801,False,True,True,53801,False,True,True,True
7846,81383,True,53801,False,True,True,53801,False,True,True,53801,False,True,True,True
7847,16756,False,256,False,True,False,256,False,True,False,256,False,True,False,True
7847,81389,True,53801,False,True,True,53801,False,True,True,53801,False,True,True,True
7848,81407,True,53801,False,True,True,53801,False,True,True,53801,False,True,True,True
7849,81417,True,53801,False,True,True,53801,False,True,True,53801,False,True,True,True
7850,81425,True,53801,False,True,True,53801,False,True,True,53801,False,True,True,True
7851,81427,True,53801,False,True,True,53801,False,True,True,53801,False,True,True,True
7852,81429,True,53801,False,True,True,53801,False,True,True,53801,False,True,True,True
7853,47868,False,256,False,True,False,256,False,True,False,256,False,True,False,True
7853,81431,True,53801,False,True,True,53801,False,True,True,53801,False,True,True,True
7854,81439,True,53801,False,True,True,53801,False,True,True,53801,False,True,True,True
7855,81454,True,53801,False,True,True,53801,False,True,True,53801,False,True,True,True
7856,81461,True,53801,False,True,True,53801,False,True,True,53801,False,True,True,True
7857,81485,True,53801,False,True,True,53801,False,True,True,53801,False,True,True,True
7858,81489,True,53801,False,True,True,53801,False,True,True,53801,False,True,True,True
7859,81493,True,53801,False,True,True,53801,False,True,True,53801,False,True,True,True
7860,2656,False,256,False,True,False,256,False,True,False,256,False,True,False,True
7860,29886,False,256,False,True,False,256,False,True,False,256,False,True,False,True
7860,81512,True,53801,False,True,True,53801,False,True,True,53801,False,True,True,True
7861,81535,True,53801,False,True,True,53801,False,True,True,53801,False,True,True,True
7862,81542,True,53801,False,True,True,53801,False,True,True,53801,False,True,True,True
7863,81544,True,53801,False,True,True,53801,False,True,True,53801,False,True,True,True
7864,81566,True,53801,False,True,True,53801,False,True,True,53801,False,True,True,True
7865,81577,True,53801,False,True,True,53801,False,True,True,53801,False,True,True,True
7866,81588,True,53801,False,True,True,53801,False,True,True,53801,False,True,True,True
7867,81592,True,53801,False,True,True,53801,False,True,True,53801,False,True,True,True
7868,81598,True,53801,False,True,True,53801,False,True,True,53801,False,True,True,True
7869,81608,True,53801,False,True,True,53801,False,True,True,53801,False,True,True,True
7870,81609,True,53801,False,True,True,53801,False,True,True,53801,False,True,True,True
7871,81617,True,53801,False,True,True,53801,False,True,True,53801,False,True,True,True
7872,81624,True,53801,False,True,True,53801,False,True,True,53801,False,True,True,True
7873,81628,True,53801,False,True,True,53801,False,True,True,53801,False,True,True,True
7874,81631,True,53801,False,True,True,53801,False,True,True,53801,False,True,True,True
7875,81637,True,53801,False,True,True,53801,False,True,True,53801,False,True,True,True
7876,81641,True,53801,False,True,True,53801,False,True,True,53801,False,True,True,True
7877,81642,True,53801,False,True,True,53801,False,True,True,53801,False,True,True,True
7878,81647,True,53801,False,True,True,53801,False,True,True,53801,False,True,True,True
7879,81697,True,53801,False,True,True,53801,False,True,True,53801,False,True,True,True
7880,81698,True,53801,False,True,True,53801,False,True,True,53801,False,True,True,True
7881,81729,True,53801,False,True,True,53801,False,True,True,53801,False,True,True,True
7882,81730,True,53801,False,True,True,53801,False,True,True,53801,False,True,True,True
7883,81731,True,53801,False,True,True,53801,False,True,True,53801,False,True,True,True
7884,81735,True,53801,False,True,True,53801,False,True,True,53801,False,True,True,True
7885,81736,True,53801,False,True,True,53801,False,True,True,53801,False,True,True,True
7886,81737,True,53801,False,True,True,53801,False,True,True,53801,False,True,True,True
7887,81744,True,53801,False,True,True,53801,False,True,True,53801,False,True,True,True
7888,81745,True,53801,False,True,True,53801,False,True,True,53801,False,True,True,True
7889,81746,True,53801,False,True,True,53801,False,True,True,53801,False,True,True,True
7890,81772,True,53801,False,True,True,53801,False,True,True,53801,False,True,True,True
7891,74624,False,256,False,True,False,256,False,True,False,256,False,True,False,True
7891,81779,True,53801,False,True,True,53801,False,True,True,53801,False,True,True,True
7892,81780,True,53801,False,True,True,53801,False,True,True,53801,False,True,True,True
7893,81794,True,53801,False,True,True,53801,False,True,True,53801,False,True,True,True
7894,81799,True,53801,False,True,True,53801,False,True,True,53801,False,True,True,True
7895,81806,True,53801,False,True,True,53801,False,True,True,53801,False,True,True,True
7896,81810,True,53801,False,True,True,53801,False,True,True,53801,False,True,True,True
7897,81812,True,53801,False,True,True,53801,False,True,True,53801,False,True,True,True
7898,81814,True,53801,False,True,True,53801,False,True,True,53801,False,True,True,True
7899,81822,True,53801,False,True,True,53801,False,True,True,53801,False,True,True,True
7900,81824,True,53801,False,True,True,53801,False,True,True,53801,False,True,True,True
7901,81832,True,53801,False,True,True,53801,False,True,True,53801,False,True,True,True
7902,81833,True,53801,False,True,True,53801,False,True,True,53801,False,True,True,True
7903,81839,True,53801,False,True,True,53801,False,True,True,53801,False,True,True,True
7904,81850,True,53801,False,True,True,53801,False,True,True,53801,False,True,True,True
7905,81855,True,53801,False,True,True,53801,False,True,True,53801,False,True,True,True
7906,81859,True,53801,False,True,True,53801,False,True,True,53801,False,True,True,True
7907,81868,True,53801,False,True,True,53801,False,True,True,53801,False,True,True,True
7908,81870,True,53801,False,True,True,53801,False,True,True,53801,False,True,True,True
7909,81875,True,53801,False,True,True,53801,False,True,True,53801,False,True,True,True
7910,81876,True,53801,False,True,True,53801,False,True,True,53801,False,True,True,True
7911,81886,True,53801,False,True,True,53801,False,True,True,53801,False,True,True,True
7912,81891,True,53801,False,True,True,53801,False,True,True,53801,False,True,True,True
7913,81894,True,53801,False,True,True,53801,False,True,True,53801,False,True,True,True
7914,81895,True,53801,False,True,True,53801,False,True,True,53801,False,True,True,True
7915,81897,True,53801,False,True,True,53801,False,True,True,53801,False,True,True,True
7916,81899,True,53801,False,True,True,53801,False,True,True,53801,False,True,True,True
7917,81905,True,53801,False,True,True,53801,False,True,True,53801,False,True,True,True
7918,81911,True,53801,False,True,True,53801,False,True,True,53801,False,True,True,True
7919,81913,True,53801,False,True,True,53801,False,True,True,53801,False,True,True,True
7920,81916,True,53801,False,True,True,53801,False,True,True,53801,False,True,True,True
7921,81918,True,53801,False,True,True,53801,False,True,True,53801,False,True,True,True
7922,81921,True,53801,False,True,True,53801,False,True,True,53801,False,True,True,True
7923,81929,True,53801,False,True,True,53801,False,True,True,53801,False,True,True,True
7924,81932,True,53801,False,True,True,53801,False,True,True,53801,False,True,True,True
7925,81934,True,53801,False,True,True,53801,False,True,True,53801,False,True,True,True
7926,81944,True,53801,False,True,True,53801,False,True,True,53801,False,True,True,True
7927,81948,True,53801,False,True,True,53801,False,True,True,53801,False,True,True,True
7928,81960,True,53801,False,True,True,53801,False,True,True,53801,False,True,True,True
7929,81961,True,53801,False,True,True,53801,False,True,True,53801,False,True,True,True
7930,81962,True,53801,False,True,True,53801,False,True,True,53801,False,True,True,True
7931,81989,True,53801,False,True,True,53801,False,True,True,53801,False,True,True,True
7932,81990,True,53801,False,True,True,53801,False,True,True,53801,False,True,True,True
7933,81995,True,53801,False,True,True,53801,False,True,True,53801,False,True,True,True
7934,81996,True,53801,False,True,True,53801,False,True,True,53801,False,True,True,True
7935,82000,True,53801,False,True,True,53801,False,True,True,53801,False,True,True,True
7936,82002,True,53801,False,True,True,53801,False,True,True,53801,False,True,True,True
7937,82020,True,53801,False,True,True,53801,False,True,True,53801,False,True,True,True
7938,82029,True,53801,False,True,True,53801,False,True,True,53801,False,True,True,True
7939,82036,True,53801,False,True,True,53801,False,True,True,53801,False,True,True,True
7940,82050,True,53801,False,True,True,53801,False,True,True,53801,False,True,True,True
7941,82051,True,53801,False,True,True,53801,False,True,True,53801,False,True,True,True
7942,82052,True,53801,False,True,True,53801,False,True,True,53801,False,True,True,True
7943,82055,True,53801,False,True,True,53801,False,True,True,53801,False,True,True,True
7944,82061,True,53801,False,True,True,53801,False,True,True,53801,False,True,True,True
7945,82062,True,53801,False,True,True,53801,False,True,True,53801,False,True,True,True
7946,82066,True,53801,False,True,True,53801,False,True,True,53801,False,True,True,True
7947,82068,True,53801,False,True,True,53801,False,True,True,53801,False,True,True,True
7948,82069,True,53801,False,True,True,53801,False,True,True,53801,False,True,True,True
7949,82082,True,53801,False,True,True,53801,False,True,True,53801,False,True,True,True
7950,82113,True,53801,False,True,True,53801,False,True,True,53801,False,True,True,True
7951,82118,True,53801,False,True,True,53801,False,True,True,53801,False,True,True,True
7952,82120,True,53801,False,True,True,53801,False,True,True,53801,False,True,True,True
7953,82121,True,53801,False,True,True,53801,False,True,True,53801,False,True,True,True
7954,82125,True,53801,False,True,True,53801,False,True,True,53801,False,True,True,True
7955,82134,True,53801,False,True,True,53801,False,True,True,53801,False,True,True,True
7956,26859,False,256,False,True,False,256,False,True,False,256,False,True,False,True
7956,82136,True,53801,False,True,True,53801,False,True,True,53801,False,True,True,True
7957,82146,True,53801,False,True,True,53801,False,True,True,53801,False,True,True,True
7958,82149,True,53801,False,True,True,53801,False,True,True,53801,False,True,True,True
7959,82151,True,53801,False,True,True,53801,False,True,True,53801,False,True,True,True
7960,82155,True,53801,False,True,True,53801,False,True,True,53801,False,True,True,True
7961,16930,False,256,False,True,False,256,False,True,False,256,False,True,False,True
7961,82156,True,53801,False,True,True,53801,False,True,True,53801,False,True,True,True
7962,82163,True,53801,False,True,True,53801,False,True,True,53801,False,True,True,True
7963,82174,True,53801,False,True,True,53801,False,True,True,53801,False,True,True,True
7964,82176,True,53801,False,True,True,53801,False,True,True,53801,False,True,True,True
7965,82177,True,53801,False,True,True,53801,False,True,True,53801,False,True,True,True
7966,82184,True,53801,False,True,True,53801,False,True,True,53801,False,True,True,True
7967,82187,True,53801,False,True,True,53801,False,True,True,53801,False,True,True,True
7968,82206,True,53801,False,True,True,53801,False,True,True,53801,False,True,True,True
7969,82209,True,53801,False,True,True,53801,False,True,True,53801,False,True,True,True
7970,82213,True,53801,False,True,True,53801,False,True,True,53801,False,True,True,True
7971,82228,True,53801,False,True,True,53801,False,True,True,53801,False,True,True,True
7972,82229,True,53801,False,True,True,53801,False,True,True,53801,False,True,True,True
7973,82241,True,53801,False,True,True,53801,False,True,True,53801,False,True,True,True
7974,82250,True,53801,False,True,True,53801,False,True,True,53801,False,True,True,True
7975,82254,True,53801,False,True,True,53801,False,True,True,53801,False,True,True,True
7976,15812,False,256,False,True,False,256,False,True,False,256,False,True,False,True
7976,82260,True,53801,False,True,True,53801,False,True,True,53801,False,True,True,True
7977,82288,True,53801,False,True,True,53801,False,True,True,53801,False,True,True,True
7978,82290,True,53801,False,True,True,53801,False,True,True,53801,False,True,True,True
7979,82297,True,53801,False,True,True,53801,False,True,True,53801,False,True,True,True
7980,82298,True,53801,False,True,True,53801,False,True,True,53801,False,True,True,True
7981,82299,True,53801,False,True,True,53801,False,True,True,53801,False,True,True,True
7982,82323,True,53801,False,True,True,53801,False,True,True,53801,False,True,True,True
7983,82324,True,53801,False,True,True,53801,False,True,True,53801,False,True,True,True
7984,82328,True,53801,False,True,True,53801,False,True,True,53801,False,True,True,True
7985,82336,True,53801,False,True,True,53801,False,True,True,53801,False,True,True,True
7986,82337,True,53801,False,True,True,53801,False,True,True,53801,False,True,True,True
7987,82364,True,53801,False,True,True,53801,False,True,True,53801,False,True,True,True
7988,30803,False,256,False,True,False,256,False,True,False,256,False,True,False,True
7988,82366,True,53801,False,True,True,53801,False,True,True,53801,False,True,True,True
7989,82369,True,53801,False,True,True,53801,False,True,True,53801,False,True,True,True
7990,82374,True,53801,False,True,True,53801,False,True,True,53801,False,True,True,True
7991,82375,True,53801,False,True,True,53801,False,True,True,53801,False,True,True,True
7992,82377,True,53801,False,True,True,53801,False,True,True,53801,False,True,True,True
7993,82378,True,53801,False,True,True,53801,False,True,True,53801,False,True,True,True
7994,82381,True,53801,False,True,True,53801,False,True,True,53801,False,True,True,True
7995,82384,True,53801,False,True,True,53801,False,True,True,53801,False,True,True,True
7996,82386,True,53801,False,True,True,53801,False,True,True,53801,False,True,True,True
7997,82395,True,53801,False,True,True,53801,False,True,True,53801,False,True,True,True
7998,82398,True,53801,False,True,True,53801,False,True,True,53801,False,True,True,True
7999,82399,True,53801,False,True,True,53801,False,True,True,53801,False,True,True,True
8000,82400,True,53801,False,True,True,53801,False,True,True,53801,False,True,True,True
8001,82404,True,53801,False,True,True,53801,False,True,True,53801,False,True,True,True
8002,69045,False,256,False,True,False,256,False,True,False,256,False,True,False,True
8002,82409,True,53801,False,True,True,53801,False,True,True,53801,False,True,True,True
8003,82415,True,53801,False,True,True,53801,False,True,True,53801,False,True,True,True
8004,82416,True,53801,False,True,True,53801,False,True,True,53801,False,True,True,True
8005,82421,True,53801,False,True,True,53801,False,True,True,53801,False,True,True,True
8006,82423,True,53801,False,True,True,53801,False,True,True,53801,False,True,True,True
8007,82425,True,53801,False,True,True,53801,False,True,True,53801,False,True,True,True
8008,82430,True,53801,False,True,True,53801,False,True,True,53801,False,True,True,True
8009,82433,True,53801,False,True,True,53801,False,True,True,53801,False,True,True,True
8010,82439,True,53801,False,True,True,53801,False,True,True,53801,False,True,True,True
8011,82440,True,53801,False,True,True,53801,False,True,True,53801,False,True,True,True
8012,82443,True,53801,False,True,True,53801,False,True,True,53801,False,True,True,True
8013,82448,True,53801,False,True,True,53801,False,True,True,53801,False,True,True,True
8014,82455,True,53801,False,True,True,53801,False,True,True,53801,False,True,True,True
8015,82460,True,53801,False,True,True,53801,False,True,True,53801,False,True,True,True
8016,82467,True,53801,False,True,True,53801,False,True,True,53801,False,True,True,True
8017,82470,True,53801,False,True,True,53801,False,True,True,53801,False,True,True,True
8018,82481,True,53801,False,True,True,53801,False,True,True,53801,False,True,True,True
8019,82483,True,53801,False,True,True,53801,False,True,True,53801,False,True,True,True
8020,82490,True,53801,False,True,True,53801,False,True,True,53801,False,True,True,True
8021,82491,True,53801,False,True,True,53801,False,True,True,53801,False,True,True,True
8022,82502,True,53801,False,True,True,53801,False,True,True,53801,False,True,True,True
8023,82506,True,53801,False,True,True,53801,False,True,True,53801,False,True,True,True
8024,82517,True,53801,False,True,True,53801,False,True,True,53801,False,True,True,True
8025,33231,False,256,False,True,False,256,False,True,False,256,False,True,False,True
8025,82519,True,53801,False,True,True,53801,False,True,True,53801,False,True,True,True
8026,82524,True,53801,False,True,True,53801,False,True,True,53801,False,True,True,True
8027,82532,True,53801,False,True,True,53801,False,True,True,53801,False,True,True,True
8028,82534,True,53801,False,True,True,53801,False,True,True,53801,False,True,True,True
8029,82553,True,53801,False,True,True,53801,False,True,True,53801,False,True,True,True
8030,82557,True,53801,False,True,True,53801,False,True,True,53801,False,True,True,True
8031,82569,True,53801,False,True,True,53801,False,True,True,53801,False,True,True,True
8032,82580,True,53801,False,True,True,53801,False,True,True,53801,False,True,True,True
8033,82583,True,53801,False,True,True,53801,False,True,True,53801,False,True,True,True
8034,82591,True,53801,False,True,True,53801,False,True,True,53801,False,True,True,True
8035,82598,True,53801,False,True,True,53801,False,True,True,53801,False,True,True,True
8036,82609,True,53801,False,True,True,53801,False,True,True,53801,False,True,True,True
8037,82611,True,53801,False,True,True,53801,False,True,True,53801,False,True,True,True
8038,82618,True,53801,False,True,True,53801,False,True,True,53801,False,True,True,True
8039,82629,True,53801,False,True,True,53801,False,True,True,53801,False,True,True,True
8040,82642,True,53801,False,True,True,53801,False,True,True,53801,False,True,True,True
8041,82644,True,53801,False,True,True,53801,False,True,True,53801,False,True,True,True
8042,12553,False,256,False,True,False,256,False,True,False,256,False,True,False,True
8042,82646,True,53801,False,True,True,53801,False,True,True,53801,False,True,True,True
8043,82656,True,53801,False,True,True,53801,False,True,True,53801,False,True,True,True
8044,82662,True,53801,False,True,True,53801,False,True,True,53801,False,True,True,True
8045,82668,True,53801,False,True,True,53801,False,True,True,53801,False,True,True,True
8046,82670,True,53801,False,True,True,53801,False,True,True,53801,False,True,True,True
8047,82671,True,53801,False,True,True,53801,False,True,True,53801,False,True,True,True
8048,82673,True,53801,False,True,True,53801,False,True,True,53801,False,True,True,True
8049,82680,True,53801,False,True,True,53801,False,True,True,53801,False,True,True,True
8050,82683,True,53801,False,True,True,53801,False,True,True,53801,False,True,True,True
8051,82686,True,53801,False,True,True,53801,False,True,True,53801,False,True,True,True
8052,82687,True,53801,False,True,True,53801,False,True,True,53801,False,True,True,True
8053,82690,True,53801,False,True,True,53801,False,True,True,53801,False,True,True,True
8054,82691,True,53801,False,True,True,53801,False,True,True,53801,False,True,True,True
8055,82694,True,53801,False,True,True,53801,False,True,True,53801,False,True,True,True
8056,82695,True,53801,False,True,True,53801,False,True,True,53801,False,True,True,True
8057,82698,True,53801,False,True,True,53801,False,True,True,53801,False,True,True,True
8058,82705,True,53801,False,True,True,53801,False,True,True,53801,False,True,True,True
8059,82706,True,53801,False,True,True,53801,False,True,True,53801,False,True,True,True
8060,82708,True,53801,False,True,True,53801,False,True,True,53801,False,True,True,True
8061,82712,True,53801,False,True,True,53801,False,True,True,53801,False,True,True,True
8062,82722,True,53801,False,True,True,53801,False,True,True,53801,False,True,True,True
8063,75596,False,256,False,True,False,256,False,True,False,256,False,True,False,True
8063,82723,True,53801,False,True,True,53801,False,True,True,53801,False,True,True,True
8064,82724,True,53801,False,True,True,53801,False,True,True,53801,False,True,True,True
8065,25465,False,256,False,True,False,256,False,True,False,256,False,True,False,True
8065,82728,True,53801,False,True,True,53801,False,True,True,53801,False,True,True,True
8066,25467,False,256,False,True,False,256,False,True,False,256,False,True,False,True
8066,82729,True,53801,False,True,True,53801,False,True,True,53801,False,True,True,True
8067,82733,True,53801,False,True,True,53801,False,True,True,53801,False,True,True,True
8068,82734,True,53801,False,True,True,53801,False,True,True,53801,False,True,True,True
8069,82739,True,53801,False,True,True,53801,False,True,True,53801,False,True,True,True
8070,82741,True,53801,False,True,True,53801,False,True,True,53801,False,True,True,True
8071,82746,True,53801,False,True,True,53801,False,True,True,53801,False,True,True,True
8072,82747,True,53801,False,True,True,53801,False,True,True,53801,False,True,True,True
8073,82763,True,53801,False,True,True,53801,False,True,True,53801,False,True,True,True
8074,82767,True,53801,False,True,True,53801,False,True,True,53801,False,True,True,True
8075,82778,True,53801,False,True,True,53801,False,True,True,53801,False,True,True,True
8076,82781,True,53801,False,True,True,53801,False,True,True,53801,False,True,True,True
8077,82784,True,53801,False,True,True,53801,False,True,True,53801,False,True,True,True
8078,82788,True,53801,False,True,True,53801,False,True,True,53801,False,True,True,True
8079,82790,True,53801,False,True,True,53801,False,True,True,53801,False,True,True,True
8080,82791,True,53801,False,True,True,53801,False,True,True,53801,False,True,True,True
8081,82794,True,53801,False,True,True,53801,False,True,True,53801,False,True,True,True
8082,82796,True,53801,False,True,True,53801,False,True,True,53801,False,True,True,True
8083,82801,True,53801,False,True,True,53801,False,True,True,53801,False,True,True,True
8084,82804,True,53801,False,True,True,53801,False,True,True,53801,False,True,True,True
8085,82805,True,53801,False,True,True,53801,False,True,True,53801,False,True,True,True
8086,82810,True,53801,False,True,True,53801,False,True,True,53801,False,True,True,True
8087,82811,True,53801,False,True,True,53801,False,True,True,53801,False,True,True,True
8088,82820,True,53801,False,True,True,53801,False,True,True,53801,False,True,True,True
8089,82822,True,53801,False,True,True,53801,False,True,True,53801,False,True,True,True
8090,9353,False,256,False,True,False,256,False,True,False,256,False,True,False,True
8090,82825,True,53801,False,True,True,53801,False,True,True,53801,False,True,True,True
8091,82831,True,53801,False,True,True,53801,False,True,True,53801,False,True,True,True
8092,82836,True,53801,False,True,True,53801,False,True,True,53801,False,True,True,True
8093,82845,True,53801,False,True,True,53801,False,True,True,53801,False,True,True,True
8094,82852,True,53801,False,True,True,53801,False,True,True,53801,False,True,True,True
8095,82855,True,53801,False,True,True,53801,False,True,True,53801,False,True,True,True
8096,82868,True,53801,False,True,True,53801,False,True,True,53801,False,True,True,True
8097,82870,True,53801,False,True,True,53801,False,True,True,53801,False,True,True,True
8098,82878,True,53801,False,True,True,53801,False,True,True,53801,False,True,True,True
8099,82879,True,53801,False,True,True,53801,False,True,True,53801,False,True,True,True
8100,82887,True,53801,False,True,True,53801,False,True,True,53801,False,True,True,True
8101,82891,True,53801,False,True,True,53801,False,True,True,53801,False,True,True,True
8102,82894,True,53801,False,True,True,53801,False,True,True,53801,False,True,True,True
8103,82897,True,53801,False,True,True,53801,False,True,True,53801,False,True,True,True
8104,82898,True,53801,False,True,True,53801,False,True,True,53801,False,True,True,True
8105,82908,True,53801,False,True,True,53801,False,True,True,53801,False,True,True,True
8106,82915,True,53801,False,True,True,53801,False,True,True,53801,False,True,True,True
8107,82921,True,53801,False,True,True,53801,False,True,True,53801,False,True,True,True
8108,82926,True,53801,False,True,True,53801,False,True,True,53801,False,True,True,True
8109,82927,True,53801,False,True,True,53801,False,True,True,53801,False,True,True,True
8110,49860,False,256,False,True,False,256,False,True,False,256,False,True,False,True
8110,82928,True,53801,False,True,True,53801,False,True,True,53801,False,True,True,True
8111,82929,True,53801,False,True,True,53801,False,True,True,53801,False,True,True,True
8112,82933,True,53801,False,True,True,53801,False,True,True,53801,False,True,True,True
8113,82934,True,53801,False,True,True,53801,False,True,True,53801,False,True,True,True
8114,58305,False,256,False,True,False,256,False,True,False,256,False,True,False,True
8114,82938,True,53801,False,True,True,53801,False,True,True,53801,False,True,True,True
8115,82954,True,53801,False,True,True,53801,False,True,True,53801,False,True,True,True
8116,82957,True,53801,False,True,True,53801,False,True,True,53801,False,True,True,True
8117,12915,False,256,False,True,False,256,False,True,False,256,False,True,False,True
8117,82960,True,53801,False,True,True,53801,False,True,True,53801,False,True,True,True
8118,82962,True,53801,False,True,True,53801,False,True,True,53801,False,True,True,True
8119,82968,True,53801,False,True,True,53801,False,True,True,53801,False,True,True,True
8120,82979,True,53801,False,True,True,53801,False,True,True,53801,False,True,True,True
8121,82982,True,53801,False,True,True,53801,False,True,True,53801,False,True,True,True
8122,82985,True,53801,False,True,True,53801,False,True,True,53801,False,True,True,True
8123,82989,True,53801,False,True,True,53801,False,True,True,53801,False,True,True,True
8124,82991,True,53801,False,True,True,53801,False,True,True,53801,False,True,True,True
8125,82992,True,53801,False,True,True,53801,False,True,True,53801,False,True,True,True
8126,82993,True,53801,False,True,True,53801,False,True,True,53801,False,True,True,True
8127,82998,True,53801,False,True,True,53801,False,True,True,53801,False,True,True,True
8128,83000,True,53801,False,True,True,53801,False,True,True,53801,False,True,True,True
8129,83001,True,53801,False,True,True,53801,False,True,True,53801,False,True,True,True
8130,83002,True,53801,False,True,True,53801,False,True,True,53801,False,True,True,True
8131,83004,True,53801,False,True,True,53801,False,True,True,53801,False,True,True,True
8132,49969,False,256,False,True,False,256,False,True,False,256,False,True,False,True
8132,83009,True,53801,False,True,True,53801,False,True,True,53801,False,True,True,True
8133,83011,True,53801,False,True,True,53801,False,True,True,53801,False,True,True,True
8134,83012,True,53801,False,True,True,53801,False,True,True,53801,False,True,True,True
8135,83015,True,53801,False,True,True,53801,False,True,True,53801,False,True,True,True
8136,83020,True,53801,False,True,True,53801,False,True,True,53801,False,True,True,True
8137,83021,True,53801,False,True,True,53801,False,True,True,53801,False,True,True,True
8138,83023,True,53801,False,True,True,53801,False,True,True,53801,False,True,True,True
8139,83024,True,53801,False,True,True,53801,False,True,True,53801,False,True,True,True
8140,83025,True,53801,False,True,True,53801,False,True,True,53801,False,True,True,True
8141,83032,True,53801,False,True,True,53801,False,True,True,53801,False,True,True,True
8142,83035,True,53801,False,True,True,53801,False,True,True,53801,False,True,True,True
8143,83040,True,53801,False,True,True,53801,False,True,True,53801,False,True,True,True
8144,83043,True,53801,False,True,True,53801,False,True,True,53801,False,True,True,True
8145,83046,True,53801,False,True,True,53801,False,True,True,53801,False,True,True,True
8146,83048,True,53801,False,True,True,53801,False,True,True,53801,False,True,True,True
8147,83050,True,53801,False,True,True,53801,False,True,True,53801,False,True,True,True
8148,83059,True,53801,False,True,True,53801,False,True,True,53801,False,True,True,True
8149,79534,False,256,False,True,False,256,False,True,False,256,False,True,False,True
8149,83060,True,53801,False,True,True,53801,False,True,True,53801,False,True,True,True
8150,83063,True,53801,False,True,True,53801,False,True,True,53801,False,True,True,True
8151,83076,True,53801,False,True,True,53801,False,True,True,53801,False,True,True,True
8152,83082,True,53801,False,True,True,53801,False,True,True,53801,False,True,True,True
8153,83086,True,53801,False,True,True,53801,False,True,True,53801,False,True,True,True
8154,83092,True,53801,False,True,True,53801,False,True,True,53801,False,True,True,True
8155,83093,True,53801,False,True,True,53801,False,True,True,53801,False,True,True,True
8156,83094,True,53801,False,True,True,53801,False,True,True,53801,False,True,True,True
8157,83095,True,53801,False,True,True,53801,False,True,True,53801,False,True,True,True
8158,83109,True,53801,False,True,True,53801,False,True,True,53801,False,True,True,True
8159,83116,True,53801,False,True,True,53801,False,True,True,53801,False,True,True,True
8160,83120,True,53801,False,True,True,53801,False,True,True,53801,False,True,True,True
8161,69557,False,256,False,True,False,256,False,True,False,256,False,True,False,True
8161,83126,True,53801,False,True,True,53801,False,True,True,53801,False,True,True,True
8162,83130,True,53801,False,True,True,53801,False,True,True,53801,False,True,True,True
8163,83135,True,53801,False,True,True,53801,False,True,True,53801,False,True,True,True
8164,83143,True,53801,False,True,True,53801,False,True,True,53801,False,True,True,True
8165,83149,True,53801,False,True,True,53801,False,True,True,53801,False,True,True,True
8166,83150,True,53801,False,True,True,53801,False,True,True,53801,False,True,True,True
8167,83152,True,53801,False,True,True,53801,False,True,True,53801,False,True,True,True
8168,83160,True,53801,False,True,True,53801,False,True,True,53801,False,True,True,True
8168,86668,False,256,False,True,False,256,False,True,False,256,False,True,False,True
8169,83162,True,53801,False,True,True,53801,False,True,True,53801,False,True,True,True
8170,27685,False,256,False,True,False,256,False,True,False,256,False,True,False,True
8170,83167,True,53801,False,True,True,53801,False,True,True,53801,False,True,True,True
8171,83169,True,53801,False,True,True,53801,False,True,True,53801,False,True,True,True
8172,83170,True,53801,False,True,True,53801,False,True,True,53801,False,True,True,True
8173,34083,False,256,False,True,False,256,False,True,False,256,False,True,False,True
8173,83171,True,53801,False,True,True,53801,False,True,True,53801,False,True,True,True
8174,83173,True,53801,False,True,True,53801,False,True,True,53801,False,True,True,True
8175,83181,True,53801,False,True,True,53801,False,True,True,53801,False,True,True,True
8176,1904,False,256,False,True,False,256,False,True,False,256,False,True,False,True
8176,83182,True,53801,False,True,True,53801,False,True,True,53801,False,True,True,True
8177,1906,False,256,False,True,False,256,False,True,False,256,False,True,False,True
8177,83185,True,53801,False,True,True,53801,False,True,True,53801,False,True,True,True
8178,83187,True,53801,False,True,True,53801,False,True,True,53801,False,True,True,True
8179,58659,False,256,False,True,False,256,False,True,False,256,False,True,False,True
8179,83188,True,53801,False,True,True,53801,False,True,True,53801,False,True,True,True
8180,83193,True,53801,False,True,True,53801,False,True,True,53801,False,True,True,True
8181,83197,True,53801,False,True,True,53801,False,True,True,53801,False,True,True,True
8182,83201,True,53801,False,True,True,53801,False,True,True,53801,False,True,True,True
8183,83202,True,53801,False,True,True,53801,False,True,True,53801,False,True,True,True
8184,83203,True,53801,False,True,True,53801,False,True,True,53801,False,True,True,True
8185,83209,True,53801,False,True,True,53801,False,True,True,53801,False,True,True,True
8186,64367,False,256,False,True,False,256,False,True,False,256,False,True,False,True
8186,83212,True,53801,False,True,True,53801,False,True,True,53801,False,True,True,True
8187,83224,True,53801,False,True,True,53801,False,True,True,53801,False,True,True,True
8188,83228,True,53801,False,True,True,53801,False,True,True,53801,False,True,True,True
8189,83229,True,53801,False,True,True,53801,False,True,True,53801,False,True,True,True
8190,83233,True,53801,False,True,True,53801,False,True,True,53801,False,True,True,True
8191,83235,True,53801,False,True,True,53801,False,True,True,53801,False,True,True,True
8192,83237,True,53801,False,True,True,53801,False,True,True,53801,False,True,True,True
8193,83243,True,53801,False,True,True,53801,False,True,True,53801,False,True,True,True
8194,83253,True,53801,False,True,True,53801,False,True,True,53801,False,True,True,True
8195,3323,False,256,False,True,False,256,False,True,False,256,False,True,False,True
8195,83255,True,53801,False,True,True,53801,False,True,True,53801,False,True,True,True
8196,83257,True,53801,False,True,True,53801,False,True,True,53801,False,True,True,True
8197,83258,True,53801,False,True,True,53801,False,True,True,53801,False,True,True,True
8198,83265,True,53801,False,True,True,53801,False,True,True,53801,False,True,True,True
8199,22465,False,256,False,True,False,256,False,True,False,256,False,True,False,True
8199,83271,True,53801,False,True,True,53801,False,True,True,53801,False,True,True,True
8200,83274,True,53801,False,True,True,53801,False,True,True,53801,False,True,True,True
8201,83281,True,53801,False,True,True,53801,False,True,True,53801,False,True,True,True
8202,83285,True,53801,False,True,True,53801,False,True,True,53801,False,True,True,True
8203,83288,True,53801,False,True,True,53801,False,True,True,53801,False,True,True,True
8204,83289,True,53801,False,True,True,53801,False,True,True,53801,False,True,True,True
8205,83290,True,53801,False,True,True,53801,False,True,True,53801,False,True,True,True
8206,64414,False,256,False,True,False,256,False,True,False,256,False,True,False,True
8206,83293,True,53801,False,True,True,53801,False,True,True,53801,False,True,True,True
8207,83299,True,53801,False,True,True,53801,False,True,True,53801,False,True,True,True
8208,83303,True,53801,False,True,True,53801,False,True,True,53801,False,True,True,True
8209,27832,False,256,False,True,False,256,False,True,False,256,False,True,False,True
8209,83309,True,53801,False,True,True,53801,False,True,True,53801,False,True,True,True
8210,6420,False,256,False,True,False,256,False,True,False,256,False,True,False,True
8210,83314,True,53801,False,True,True,53801,False,True,True,53801,False,True,True,True
8211,83323,True,53801,False,True,True,53801,False,True,True,53801,False,True,True,True
8212,83324,True,53801,False,True,True,53801,False,True,True,53801,False,True,True,True
8213,83328,True,53801,False,True,True,53801,False,True,True,53801,False,True,True,True
8214,83329,True,53801,False,True,True,53801,False,True,True,53801,False,True,True,True
8215,83332,True,53801,False,True,True,53801,False,True,True,53801,False,True,True,True
8216,58901,False,256,False,True,False,256,False,True,False,256,False,True,False,True
8216,83333,True,53801,False,True,True,53801,False,True,True,53801,False,True,True,True
8217,83334,True,53801,False,True,True,53801,False,True,True,53801,False,True,True,True
8218,83340,True,53801,False,True,True,53801,False,True,True,53801,False,True,True,True
8219,83341,True,53801,False,True,True,53801,False,True,True,53801,False,True,True,True
8220,83345,True,53801,False,True,True,53801,False,True,True,53801,False,True,True,True
8221,83347,True,53801,False,True,True,53801,False,True,True,53801,False,True,True,True
8222,83350,True,53801,False,True,True,53801,False,True,True,53801,False,True,True,True
8223,83352,True,53801,False,True,True,53801,False,True,True,53801,False,True,True,True
8224,83359,True,53801,False,True,True,53801,False,True,True,53801,False,True,True,True
8225,83363,True,53801,False,True,True,53801,False,True,True,53801,False,True,True,True
8226,83371,True,53801,False,True,True,53801,False,True,True,53801,False,True,True,True
8227,83375,True,53801,False,True,True,53801,False,True,True,53801,False,True,True,True
8228,83376,True,53801,False,True,True,53801,False,True,True,53801,False,True,True,True
8229,83379,True,53801,False,True,True,53801,False,True,True,53801,False,True,True,True
8230,83383,True,53801,False,True,True,53801,False,True,True,53801,False,True,True,True
8231,3373,False,256,False,True,False,256,False,True,False,256,False,True,False,True
8231,69727,False,256,False,True,False,256,False,True,False,256,False,True,False,True
8231,83390,True,53801,False,True,True,53801,False,True,True,53801,False,True,True,True
8232,83392,True,53801,False,True,True,53801,False,True,True,53801,False,True,True,True
8233,83395,True,53801,False,True,True,53801,False,True,True,53801,False,True,True,True
8234,83396,True,53801,False,True,True,53801,False,True,True,53801,False,True,True,True
8235,83399,True,53801,False,True,True,53801,False,True,True,53801,False,True,True,True
8236,50403,False,256,False,True,False,256,False,True,False,256,False,True,False,True
8236,83402,True,53801,False,True,True,53801,False,True,True,53801,False,True,True,True
8237,83408,True,53801,False,True,True,53801,False,True,True,53801,False,True,True,True
8238,83417,True,53801,False,True,True,53801,False,True,True,53801,False,True,True,True
8239,83421,True,53801,False,True,True,53801,False,True,True,53801,False,True,True,True
8240,83429,True,53801,False,True,True,53801,False,True,True,53801,False,True,True,True
8241,83436,True,53801,False,True,True,53801,False,True,True,53801,False,True,True,True
8242,83452,True,53801,False,True,True,53801,False,True,True,53801,False,True,True,True
8243,83454,True,53801,False,True,True,53801,False,True,True,53801,False,True,True,True
8244,83456,True,53801,False,True,True,53801,False,True,True,53801,False,True,True,True
8245,83457,True,53801,False,True,True,53801,False,True,True,53801,False,True,True,True
8246,83458,True,53801,False,True,True,53801,False,True,True,53801,False,True,True,True
8247,83460,True,53801,False,True,True,53801,False,True,True,53801,False,True,True,True
8248,83466,True,53801,False,True,True,53801,False,True,True,53801,False,True,True,True
8249,83467,True,53801,False,True,True,53801,False,True,True,53801,False,True,True,True
8250,83468,True,53801,False,True,True,53801,False,True,True,53801,False,True,True,True
8251,83471,True,53801,False,True,True,53801,False,True,True,53801,False,True,True,True
8252,83472,True,53801,False,True,True,53801,False,True,True,53801,False,True,True,True
8253,69786,False,256,False,True,False,256,False,True,False,256,False,True,False,True
8253,83476,True,53801,False,True,True,53801,False,True,True,53801,False,True,True,True
8254,83483,True,53801,False,True,True,53801,False,True,True,53801,False,True,True,True
8255,83487,True,53801,False,True,True,53801,False,True,True,53801,False,True,True,True
8256,83488,True,53801,False,True,True,53801,False,True,True,53801,False,True,True,True
8257,83490,True,53801,False,True,True,53801,False,True,True,53801,False,True,True,True
8258,83493,True,53801,False,True,True,53801,False,True,True,53801,False,True,True,True
8259,83494,True,53801,False,True,True,53801,False,True,True,53801,False,True,True,True
8260,83495,True,53801,False,True,True,53801,False,True,True,53801,False,True,True,True
8261,83498,True,53801,False,True,True,53801,False,True,True,53801,False,True,True,True
8262,83502,True,53801,False,True,True,53801,False,True,True,53801,False,True,True,True
8263,83504,True,53801,False,True,True,53801,False,True,True,53801,False,True,True,True
8264,40234,False,256,False,True,False,256,False,True,False,256,False,True,False,True
8264,83506,True,53801,False,True,True,53801,False,True,True,53801,False,True,True,True
8265,83511,True,53801,False,True,True,53801,False,True,True,53801,False,True,True,True
8266,83515,True,53801,False,True,True,53801,False,True,True,53801,False,True,True,True
8267,83520,True,53801,False,True,True,53801,False,True,True,53801,False,True,True,True
8268,83534,True,53801,False,True,True,53801,False,True,True,53801,False,True,True,True
8269,83536,True,53801,False,True,True,53801,False,True,True,53801,False,True,True,True
8270,83541,True,53801,False,True,True,53801,False,True,True,53801,False,True,True,True
8271,83542,True,53801,False,True,True,53801,False,True,True,53801,False,True,True,True
8272,83545,True,53801,False,True,True,53801,False,True,True,53801,False,True,True,True
8273,83551,True,53801,False,True,True,53801,False,True,True,53801,False,True,True,True
8274,83557,True,53801,False,True,True,53801,False,True,True,53801,False,True,True,True
8275,83561,True,53801,False,True,True,53801,False,True,True,53801,False,True,True,True
8276,83566,True,53801,False,True,True,53801,False,True,True,53801,False,True,True,True
8277,83571,True,53801,False,True,True,53801,False,True,True,53801,False,True,True,True
8278,83574,True,53801,False,True,True,53801,False,True,True,53801,False,True,True,True
8279,83580,True,53801,False,True,True,53801,False,True,True,53801,False,True,True,True
8280,83584,True,53801,False,True,True,53801,False,True,True,53801,False,True,True,True
8281,83587,True,53801,False,True,True,53801,False,True,True,53801,False,True,True,True
8282,83591,True,53801,False,True,True,53801,False,True,True,53801,False,True,True,True
8283,83593,True,53801,False,True,True,53801,False,True,True,53801,False,True,True,True
8284,83598,True,53801,False,True,True,53801,False,True,True,53801,False,True,True,True
8285,83611,True,53801,False,True,True,53801,False,True,True,53801,False,True,True,True
8286,83634,True,53801,False,True,True,53801,False,True,True,53801,False,True,True,True
8287,83636,True,53801,False,True,True,53801,False,True,True,53801,False,True,True,True
8288,83638,True,53801,False,True,True,53801,False,True,True,53801,False,True,True,True
8289,83640,True,53801,False,True,True,53801,False,True,True,53801,False,True,True,True
8290,83643,True,53801,False,True,True,53801,False,True,True,53801,False,True,True,True
8291,83647,True,53801,False,True,True,53801,False,True,True,53801,False,True,True,True
8292,83650,True,53801,False,True,True,53801,False,True,True,53801,False,True,True,True
8293,83655,True,53801,False,True,True,53801,False,True,True,53801,False,True,True,True
8294,32505,False,256,False,True,False,256,False,True,False,256,False,True,False,True
8294,83662,True,53801,False,True,True,53801,False,True,True,53801,False,True,True,True
8295,83663,True,53801,False,True,True,53801,False,True,True,53801,False,True,True,True
8296,83672,True,53801,False,True,True,53801,False,True,True,53801,False,True,True,True
8297,83676,True,53801,False,True,True,53801,False,True,True,53801,False,True,True,True
8298,83688,True,53801,False,True,True,53801,False,True,True,53801,False,True,True,True
8299,83689,True,53801,False,True,True,53801,False,True,True,53801,False,True,True,True
8300,83693,True,53801,False,True,True,53801,False,True,True,53801,False,True,True,True
8301,83694,True,53801,False,True,True,53801,False,True,True,53801,False,True,True,True
8302,83695,True,53801,False,True,True,53801,False,True,True,53801,False,True,True,True
8303,83696,True,53801,False,True,True,53801,False,True,True,53801,False,True,True,True
8304,83700,True,53801,False,True,True,53801,False,True,True,53801,False,True,True,True
8305,83705,True,53801,False,True,True,53801,False,True,True,53801,False,True,True,True
8306,83706,True,53801,False,True,True,53801,False,True,True,53801,False,True,True,True
8307,83707,True,53801,False,True,True,53801,False,True,True,53801,False,True,True,True
8308,83716,True,53801,False,True,True,53801,False,True,True,53801,False,True,True,True
8309,83717,True,53801,False,True,True,53801,False,True,True,53801,False,True,True,True
8310,83719,True,53801,False,True,True,53801,False,True,True,53801,False,True,True,True
8311,83720,True,53801,False,True,True,53801,False,True,True,53801,False,True,True,True
8312,34866,False,256,False,True,False,256,False,True,False,256,False,True,False,True
8312,83725,True,53801,False,True,True,53801,False,True,True,53801,False,True,True,True
8313,83729,True,53801,False,True,True,53801,False,True,True,53801,False,True,True,True
8314,83737,True,53801,False,True,True,53801,False,True,True,53801,False,True,True,True
8315,83740,True,53801,False,True,True,53801,False,True,True,53801,False,True,True,True
8316,83741,True,53801,False,True,True,53801,False,True,True,53801,False,True,True,True
8317,83751,True,53801,False,True,True,53801,False,True,True,53801,False,True,True,True
8318,83760,True,53801,False,True,True,53801,False,True,True,53801,False,True,True,True
8319,83761,True,53801,False,True,True,53801,False,True,True,53801,False,True,True,True
8320,83763,True,53801,False,True,True,53801,False,True,True,53801,False,True,True,True
8321,59556,False,256,False,True,False,256,False,True,False,256,False,True,False,True
8321,83771,True,53801,False,True,True,53801,False,True,True,53801,False,True,True,True
8322,83778,True,53801,False,True,True,53801,False,True,True,53801,False,True,True,True
8323,83779,True,53801,False,True,True,53801,False,True,True,53801,False,True,True,True
8324,83780,True,53801,False,True,True,53801,False,True,True,53801,False,True,True,True
8325,83788,True,53801,False,True,True,53801,False,True,True,53801,False,True,True,True
8326,83789,True,53801,False,True,True,53801,False,True,True,53801,False,True,True,True
8327,83795,True,53801,False,True,True,53801,False,True,True,53801,False,True,True,True
8328,83796,True,53801,False,True,True,53801,False,True,True,53801,False,True,True,True
8329,83797,True,53801,False,True,True,53801,False,True,True,53801,False,True,True,True
8330,83800,True,53801,False,True,True,53801,False,True,True,53801,False,True,True,True
8331,83802,True,53801,False,True,True,53801,False,True,True,53801,False,True,True,True
8332,83803,True,53801,False,True,True,53801,False,True,True,53801,False,True,True,True
8333,83805,True,53801,False,True,True,53801,False,True,True,53801,False,True,True,True
8334,83807,True,53801,False,True,True,53801,False,True,True,53801,False,True,True,True
8335,83815,True,53801,False,True,True,53801,False,True,True,53801,False,True,True,True
8336,83822,True,53801,False,True,True,53801,False,True,True,53801,False,True,True,True
8337,83825,True,53801,False,True,True,53801,False,True,True,53801,False,True,True,True
8338,83828,True,53801,False,True,True,53801,False,True,True,53801,False,True,True,True
8339,83829,True,53801,False,True,True,53801,False,True,True,53801,False,True,True,True
8340,83831,True,53801,False,True,True,53801,False,True,True,53801,False,True,True,True
8341,83838,True,53801,False,True,True,53801,False,True,True,53801,False,True,True,True
8342,83840,True,53801,False,True,True,53801,False,True,True,53801,False,True,True,True
8343,35017,False,256,False,True,False,256,False,True,False,256,False,True,False,True
8343,83844,True,53801,False,True,True,53801,False,True,True,53801,False,True,True,True
8344,83850,True,53801,False,True,True,53801,False,True,True,53801,False,True,True,True
8345,83853,True,53801,False,True,True,53801,False,True,True,53801,False,True,True,True
8346,83861,True,53801,False,True,True,53801,False,True,True,53801,False,True,True,True
8347,83869,True,53801,False,True,True,53801,False,True,True,53801,False,True,True,True
8348,83875,True,53801,False,True,True,53801,False,True,True,53801,False,True,True,True
8349,67478,False,256,False,True,False,256,False,True,False,256,False,True,False,True
8349,83876,True,53801,False,True,True,53801,False,True,True,53801,False,True,True,True
8350,73092,False,256,False,True,False,256,False,True,False,256,False,True,False,True
8350,83881,True,53801,False,True,True,53801,False,True,True,53801,False,True,True,True
8351,83882,True,53801,False,True,True,53801,False,True,True,53801,False,True,True,True
8352,83884,True,53801,False,True,True,53801,False,True,True,53801,False,True,True,True
8353,83886,True,53801,False,True,True,53801,False,True,True,53801,False,True,True,True
8354,19385,False,256,False,True,False,256,False,True,False,256,False,True,False,True
8354,83891,True,53801,False,True,True,53801,False,True,True,53801,False,True,True,True
8355,83894,True,53801,False,True,True,53801,False,True,True,53801,False,True,True,True
8356,83896,True,53801,False,True,True,53801,False,True,True,53801,False,True,True,True
8357,83899,True,53801,False,True,True,53801,False,True,True,53801,False,True,True,True
8358,83902,True,53801,False,True,True,53801,False,True,True,53801,False,True,True,True
8359,83904,True,53801,False,True,True,53801,False,True,True,53801,False,True,True,True
8360,83906,True,53801,False,True,True,53801,False,True,True,53801,False,True,True,True
8361,83910,True,53801,False,True,True,53801,False,True,True,53801,False,True,True,True
8362,23058,False,256,False,True,False,256,False,True,False,256,False,True,False,True
8362,83911,True,53801,False,True,True,53801,False,True,True,53801,False,True,True,True
8363,83915,True,53801,False,True,True,53801,False,True,True,53801,False,True,True,True
8364,83917,True,53801,False,True,True,53801,False,True,True,53801,False,True,True,True
8365,83926,True,53801,False,True,True,53801,False,True,True,53801,False,True,True,True
8366,83927,True,53801,False,True,True,53801,False,True,True,53801,False,True,True,True
8367,83930,True,53801,False,True,True,53801,False,True,True,53801,False,True,True,True
8368,83934,True,53801,False,True,True,53801,False,True,True,53801,False,True,True,True
8369,40972,False,256,False,True,False,256,False,True,False,256,False,True,False,True
8369,83938,True,53801,False,True,True,53801,False,True,True,53801,False,True,True,True
8370,83939,True,53801,False,True,True,53801,False,True,True,53801,False,True,True,True
8371,83944,True,53801,False,True,True,53801,False,True,True,53801,False,True,True,True
8372,83945,True,53801,False,True,True,53801,False,True,True,53801,False,True,True,True
8373,83947,True,53801,False,True,True,53801,False,True,True,53801,False,True,True,True
8374,83954,True,53801,False,True,True,53801,False,True,True,53801,False,True,True,True
8375,83963,True,53801,False,True,True,53801,False,True,True,53801,False,True,True,True
8376,83964,True,53801,False,True,True,53801,False,True,True,53801,False,True,True,True
8377,83966,True,53801,False,True,True,53801,False,True,True,53801,False,True,True,True
8378,83967,True,53801,False,True,True,53801,False,True,True,53801,False,True,True,True
8379,83970,True,53801,False,True,True,53801,False,True,True,53801,False,True,True,True
8380,83977,True,53801,False,True,True,53801,False,True,True,53801,False,True,True,True
8381,83981,True,53801,False,True,True,53801,False,True,True,53801,False,True,True,True
8382,83985,True,53801,False,True,True,53801,False,True,True,53801,False,True,True,True
8383,83995,True,53801,False,True,True,53801,False,True,True,53801,False,True,True,True
8384,83998,True,53801,False,True,True,53801,False,True,True,53801,False,True,True,True
8385,84001,True,53801,False,True,True,53801,False,True,True,53801,False,True,True,True
8386,84003,True,53801,False,True,True,53801,False,True,True,53801,False,True,True,True
8387,84012,True,53801,False,True,True,53801,False,True,True,53801,False,True,True,True
8388,59986,False,256,False,True,False,256,False,True,False,256,False,True,False,True
8388,84013,True,53801,False,True,True,53801,False,True,True,53801,False,True,True,True
8389,51187,False,256,False,True,False,256,False,True,False,256,False,True,False,True
8389,84017,True,53801,False,True,True,53801,False,True,True,53801,False,True,True,True
8390,84018,True,53801,False,True,True,53801,False,True,True,53801,False,True,True,True
8391,84026,True,53801,False,True,True,53801,False,True,True,53801,False,True,True,True
8392,84029,True,53801,False,True,True,53801,False,True,True,53801,False,True,True,True
8393,84030,True,53801,False,True,True,53801,False,True,True,53801,False,True,True,True
8394,84031,True,53801,False,True,True,53801,False,True,True,53801,False,True,True,True
8395,84033,True,53801,False,True,True,53801,False,True,True,53801,False,True,True,True
8396,84034,True,53801,False,True,True,53801,False,True,True,53801,False,True,True,True
8397,84038,True,53801,False,True,True,53801,False,True,True,53801,False,True,True,True
8398,84043,True,53801,False,True,True,53801,False,True,True,53801,False,True,True,True
8399,84048,True,53801,False,True,True,53801,False,True,True,53801,False,True,True,True
8400,84050,True,53801,False,True,True,53801,False,True,True,53801,False,True,True,True
8401,84055,True,53801,False,True,True,53801,False,True,True,53801,False,True,True,True
8402,84056,True,53801,False,True,True,53801,False,True,True,53801,False,True,True,True
8403,84059,True,53801,False,True,True,53801,False,True,True,53801,False,True,True,True
8404,23206,False,256,False,True,False,256,False,True,False,256,False,True,False,True
8404,84061,True,53801,False,True,True,53801,False,True,True,53801,False,True,True,True
8405,84062,True,53801,False,True,True,53801,False,True,True,53801,False,True,True,True
8406,84063,True,53801,False,True,True,53801,False,True,True,53801,False,True,True,True
8407,84065,True,53801,False,True,True,53801,False,True,True,53801,False,True,True,True
8408,67619,False,256,False,True,False,256,False,True,False,256,False,True,False,True
8408,84066,True,53801,False,True,True,53801,False,True,True,53801,False,True,True,True
8409,35388,False,256,False,True,False,256,False,True,False,256,False,True,False,True
8409,84071,True,53801,False,True,True,53801,False,True,True,53801,False,True,True,True
8410,84072,True,53801,False,True,True,53801,False,True,True,53801,False,True,True,True
8411,84080,True,53801,False,True,True,53801,False,True,True,53801,False,True,True,True
8412,84082,True,53801,False,True,True,53801,False,True,True,53801,False,True,True,True
8413,84083,True,53801,False,True,True,53801,False,True,True,53801,False,True,True,True
8414,41225,False,256,False,True,False,256,False,True,False,256,False,True,False,True
8414,84085,True,53801,False,True,True,53801,False,True,True,53801,False,True,True,True
8415,84096,True,53801,False,True,True,53801,False,True,True,53801,False,True,True,True
8416,84100,True,53801,False,True,True,53801,False,True,True,53801,False,True,True,True
8417,84102,True,53801,False,True,True,53801,False,True,True,53801,False,True,True,True
8418,84109,True,53801,False,True,True,53801,False,True,True,53801,False,True,True,True
8419,84113,True,53801,False,True,True,53801,False,True,True,53801,False,True,True,True
8420,84118,True,53801,False,True,True,53801,False,True,True,53801,False,True,True,True
8421,19619,False,256,False,True,False,256,False,True,False,256,False,True,False,True
8421,84121,True,53801,False,True,True,53801,False,True,True,53801,False,True,True,True
8422,84125,True,53801,False,True,True,53801,False,True,True,53801,False,True,True,True
8423,84126,True,53801,False,True,True,53801,False,True,True,53801,False,True,True,True
8424,84137,True,53801,False,True,True,53801,False,True,True,53801,False,True,True,True
8425,84138,True,53801,False,True,True,53801,False,True,True,53801,False,True,True,True
8426,84144,True,53801,False,True,True,53801,False,True,True,53801,False,True,True,True
8427,84147,True,53801,False,True,True,53801,False,True,True,53801,False,True,True,True
8428,84149,True,53801,False,True,True,53801,False,True,True,53801,False,True,True,True
8429,1181,False,256,False,True,False,256,False,True,False,256,False,True,False,True
8429,84152,True,53801,False,True,True,53801,False,True,True,53801,False,True,True,True
8430,84154,True,53801,False,True,True,53801,False,True,True,53801,False,True,True,True
8431,84158,True,53801,False,True,True,53801,False,True,True,53801,False,True,True,True
8432,84165,True,53801,False,True,True,53801,False,True,True,53801,False,True,True,True
8433,84166,True,53801,False,True,True,53801,False,True,True,53801,False,True,True,True
8434,84167,True,53801,False,True,True,53801,False,True,True,53801,False,True,True,True
8435,84175,True,53801,False,True,True,53801,False,True,True,53801,False,True,True,True
8436,84176,True,53801,False,True,True,53801,False,True,True,53801,False,True,True,True
8437,84180,True,53801,False,True,True,53801,False,True,True,53801,False,True,True,True
8438,84182,True,53801,False,True,True,53801,False,True,True,53801,False,True,True,True
8439,84184,True,53801,False,True,True,53801,False,True,True,53801,False,True,True,True
8440,84185,True,53801,False,True,True,53801,False,True,True,53801,False,True,True,True
8441,84196,True,53801,False,True,True,53801,False,True,True,53801,False,True,True,True
8442,84197,True,53801,False,True,True,53801,False,True,True,53801,False,True,True,True
8443,84203,True,53801,False,True,True,53801,False,True,True,53801,False,True,True,True
8444,2297,False,256,False,True,False,256,False,True,False,256,False,True,False,True
8444,84207,True,53801,False,True,True,53801,False,True,True,53801,False,True,True,True
8445,84208,True,53801,False,True,True,53801,False,True,True,53801,False,True,True,True
8446,84210,True,53801,False,True,True,53801,False,True,True,53801,False,True,True,True
8447,84212,True,53801,False,True,True,53801,False,True,True,53801,False,True,True,True
8448,84217,True,53801,False,True,True,53801,False,True,True,53801,False,True,True,True
8449,84218,True,53801,False,True,True,53801,False,True,True,53801,False,True,True,True
8450,84219,True,53801,False,True,True,53801,False,True,True,53801,False,True,True,True
8451,84222,True,53801,False,True,True,53801,False,True,True,53801,False,True,True,True
8452,84225,True,53801,False,True,True,53801,False,True,True,53801,False,True,True,True
8453,84226,True,53801,False,True,True,53801,False,True,True,53801,False,True,True,True
8454,84227,True,53801,False,True,True,53801,False,True,True,53801,False,True,True,True
8455,84229,True,53801,False,True,True,53801,False,True,True,53801,False,True,True,True
8456,84235,True,53801,False,True,True,53801,False,True,True,53801,False,True,True,True
8457,26160,False,256,False,True,False,256,False,True,False,2048,False,True,False,True
8457,84237,True,53801,False,True,True,53801,False,True,True,53801,False,True,True,True
8458,84240,True,53801,False,True,True,53801,False,True,True,53801,False,True,True,True
8459,84241,True,53801,False,True,True,53801,False,True,True,53801,False,True,True,True
8460,84244,True,53801,False,True,True,53801,False,True,True,53801,False,True,True,True
8461,84250,True,53801,False,True,True,53801,False,True,True,53801,False,True,True,True
8462,84254,True,53801,False,True,True,53801,False,True,True,53801,False,True,True,True
8463,84256,True,53801,False,True,True,53801,False,True,True,53801,False,True,True,True
8464,84257,True,53801,False,True,True,53801,False,True,True,53801,False,True,True,True
8465,84258,True,53801,False,True,True,53801,False,True,True,53801,False,True,True,True
8466,84261,True,53801,False,True,True,53801,False,True,True,53801,False,True,True,True
8467,84262,True,53801,False,True,True,53801,False,True,True,53801,False,True,True,True
8468,84267,True,53801,False,True,True,53801,False,True,True,53801,False,True,True,True
8469,84268,True,53801,False,True,True,53801,False,True,True,53801,False,True,True,True
8470,84274,True,53801,False,True,True,53801,False,True,True,53801,False,True,True,True
8471,60516,False,256,False,True,False,256,False,True,False,256,False,True,False,True
8471,84280,True,53801,False,True,True,53801,False,True,True,53801,False,True,True,True
8472,84283,True,53801,False,True,True,53801,False,True,True,53801,False,True,True,True
8473,84291,True,53801,False,True,True,53801,False,True,True,53801,False,True,True,True
8474,84294,True,53801,False,True,True,53801,False,True,True,53801,False,True,True,True
8475,84299,True,53801,False,True,True,53801,False,True,True,53801,False,True,True,True
8476,84302,True,53801,False,True,True,53801,False,True,True,53801,False,True,True,True
8477,84306,True,53801,False,True,True,53801,False,True,True,53801,False,True,True,True
8478,84312,True,53801,False,True,True,53801,False,True,True,53801,False,True,True,True
8479,84315,True,53801,False,True,True,53801,False,True,True,53801,False,True,True,True
8480,84322,True,53801,False,True,True,53801,False,True,True,53801,False,True,True,True
8481,84324,True,53801,False,True,True,53801,False,True,True,53801,False,True,True,True
8482,84331,True,53801,False,True,True,53801,False,True,True,53801,False,True,True,True
8483,84332,True,53801,False,True,True,53801,False,True,True,53801,False,True,True,True
8484,84333,True,53801,False,True,True,53801,False,True,True,53801,False,True,True,True
8485,84336,True,53801,False,True,True,53801,False,True,True,53801,False,True,True,True
8486,84338,True,53801,False,True,True,53801,False,True,True,53801,False,True,True,True
8487,84343,True,53801,False,True,True,53801,False,True,True,53801,False,True,True,True
8488,84346,True,53801,False,True,True,53801,False,True,True,53801,False,True,True,True
8489,84349,True,53801,False,True,True,53801,False,True,True,53801,False,True,True,True
8490,84351,True,53801,False,True,True,53801,False,True,True,53801,False,True,True,True
8491,84352,True,53801,False,True,True,53801,False,True,True,53801,False,True,True,True
8492,84357,True,53801,False,True,True,53801,False,True,True,53801,False,True,True,True
8493,84360,True,53801,False,True,True,53801,False,True,True,53801,False,True,True,True
8494,84361,True,53801,False,True,True,53801,False,True,True,53801,False,True,True,True
8495,84366,True,53801,False,True,True,53801,False,True,True,53801,False,True,True,True
8496,26221,False,256,False,True,False,256,False,True,False,256,False,True,False,True
8496,84367,True,53801,False,True,True,53801,False,True,True,53801,False,True,True,True
8497,26222,False,256,False,True,False,256,False,True,False,256,False,True,False,True
8497,84368,True,53801,False,True,True,53801,False,True,True,53801,False,True,True,True
8498,84369,True,53801,False,True,True,53801,False,True,True,53801,False,True,True,True
8499,84371,True,53801,False,True,True,53801,False,True,True,53801,False,True,True,True
8500,84374,True,53801,False,True,True,53801,False,True,True,53801,False,True,True,True
8501,84393,True,53801,False,True,True,53801,False,True,True,53801,False,True,True,True
8502,84396,True,53801,False,True,True,53801,False,True,True,53801,False,True,True,True
8503,84409,True,53801,False,True,True,53801,False,True,True,53801,False,True,True,True
8504,84410,True,53801,False,True,True,53801,False,True,True,53801,False,True,True,True
8505,84411,True,53801,False,True,True,53801,False,True,True,53801,False,True,True,True
8506,84412,True,53801,False,True,True,53801,False,True,True,53801,False,True,True,True
8507,84416,True,53801,False,True,True,53801,False,True,True,53801,False,True,True,True
8508,84425,True,53801,False,True,True,53801,False,True,True,53801,False,True,True,True
8509,84427,True,53801,False,True,True,53801,False,True,True,53801,False,True,True,True
8510,84432,True,53801,False,True,True,53801,False,True,True,53801,False,True,True,True
8511,84434,True,53801,False,True,True,53801,False,True,True,53801,False,True,True,True
8512,84438,True,53801,False,True,True,53801,False,True,True,53801,False,True,True,True
8513,51796,False,256,False,True,False,256,False,True,False,256,False,True,False,True
8513,84439,True,53801,False,True,True,53801,False,True,True,53801,False,True,True,True
8514,16623,False,256,False,True,False,256,False,True,False,256,False,True,False,True
8514,84441,True,53801,False,True,True,53801,False,True,True,53801,False,True,True,True
8515,84442,True,53801,False,True,True,53801,False,True,True,53801,False,True,True,True
8516,84448,True,53801,False,True,True,53801,False,True,True,53801,False,True,True,True
8517,84449,True,53801,False,True,True,53801,False,True,True,53801,False,True,True,True
8518,84457,True,53801,False,True,True,53801,False,True,True,53801,False,True,True,True
8519,84461,True,53801,False,True,True,53801,False,True,True,53801,False,True,True,True
8520,84462,True,53801,False,True,True,53801,False,True,True,53801,False,True,True,True
8521,84465,True,53801,False,True,True,53801,False,True,True,53801,False,True,True,True
8522,84468,True,53801,False,True,True,53801,False,True,True,53801,False,True,True,True
8523,84471,True,53801,False,True,True,53801,False,True,True,53801,False,True,True,True
8524,84473,True,53801,False,True,True,53801,False,True,True,53801,False,True,True,True
8525,84482,True,53801,False,True,True,53801,False,True,True,53801,False,True,True,True
8526,84485,True,53801,False,True,True,53801,False,True,True,53801,False,True,True,True
8527,36033,False,256,False,True,False,256,False,True,False,256,False,True,False,True
8527,84488,True,53801,False,True,True,53801,False,True,True,53801,False,True,True,True
8528,77358,False,256,False,True,False,256,False,True,False,256,False,True,False,True
8528,84490,True,53801,False,True,True,53801,False,True,True,53801,False,True,True,True
8529,84493,True,53801,False,True,True,53801,False,True,True,53801,False,True,True,True
8530,84494,True,53801,False,True,True,53801,False,True,True,53801,False,True,True,True
8531,84495,True,53801,False,True,True,53801,False,True,True,53801,False,True,True,True
8532,47174,False,256,False,True,False,256,False,True,False,256,False,True,False,True
8532,84500,True,53801,False,True,True,53801,False,True,True,53801,False,True,True,True
8533,84507,True,53801,False,True,True,53801,False,True,True,53801,False,True,True,True
8534,84508,True,53801,False,True,True,53801,False,True,True,53801,False,True,True,True
8535,84519,True,53801,False,True,True,53801,False,True,True,53801,False,True,True,True
8536,84521,True,53801,False,True,True,53801,False,True,True,53801,False,True,True,True
8537,84522,True,53801,False,True,True,53801,False,True,True,53801,False,True,True,True
8538,84525,True,53801,False,True,True,53801,False,True,True,53801,False,True,True,True
8539,84528,True,53801,False,True,True,53801,False,True,True,53801,False,True,True,True
8540,84529,True,53801,False,True,True,53801,False,True,True,53801,False,True,True,True
8541,84531,True,53801,False,True,True,53801,False,True,True,53801,False,True,True,True
8542,84534,True,53801,False,True,True,53801,False,True,True,53801,False,True,True,True
8543,84542,True,53801,False,True,True,53801,False,True,True,53801,False,True,True,True
8544,84543,True,53801,False,True,True,53801,False,True,True,53801,False,True,True,True
8545,84550,True,53801,False,True,True,53801,False,True,True,53801,False,True,True,True
8546,70572,False,256,False,True,False,256,False,True,False,256,False,True,False,True
8546,84551,True,53801,False,True,True,53801,False,True,True,53801,False,True,True,True
8547,84561,True,53801,False,True,True,53801,False,True,True,53801,False,True,True,True
8548,84565,True,53801,False,True,True,53801,False,True,True,53801,False,True,True,True
8549,84567,True,53801,False,True,True,53801,False,True,True,53801,False,True,True,True
8550,84571,True,53801,False,True,True,53801,False,True,True,53801,False,True,True,True
8551,84572,True,53801,False,True,True,53801,False,True,True,53801,False,True,True,True
8552,84574,True,53801,False,True,True,53801,False,True,True,53801,False,True,True,True
8553,84576,True,53801,False,True,True,53801,False,True,True,53801,False,True,True,True
8554,84579,True,53801,False,True,True,53801,False,True,True,53801,False,True,True,True
8555,84585,True,53801,False,True,True,53801,False,True,True,53801,False,True,True,True
8556,84590,True,53801,False,True,True,53801,False,True,True,53801,False,True,True,True
8557,84598,True,53801,False,True,True,53801,False,True,True,53801,False,True,True,True
8558,84604,True,53801,False,True,True,53801,False,True,True,53801,False,True,True,True
8559,84608,True,53801,False,True,True,53801,False,True,True,53801,False,True,True,True
8561,84617,True,53801,False,True,True,53801,False,True,True,53801,False,True,True,True
8562,84622,True,53801,False,True,True,53801,False,True,True,53801,False,True,True,True
8563,84625,True,53801,False,True,True,53801,False,True,True,53801,False,True,True,True
8564,84626,True,53801,False,True,True,53801,False,True,True,53801,False,True,True,True
8565,84627,True,53801,False,True,True,53801,False,True,True,53801,False,True,True,True
8566,29299,False,256,False,True,False,256,False,True,False,256,False,True,False,True
8566,84631,True,53801,False,True,True,53801,False,True,True,53801,False,True,True,True
8567,84632,True,53801,False,True,True,53801,False,True,True,53801,False,True,True,True
8568,84635,True,53801,False,True,True,53801,False,True,True,53801,False,True,True,True
8569,84636,True,53801,False,True,True,53801,False,True,True,53801,False,True,True,True
8570,84639,True,53801,False,True,True,53801,False,True,True,53801,False,True,True,True
8571,84644,True,53801,False,True,True,53801,False,True,True,53801,False,True,True,True
8572,84646,True,53801,False,True,True,53801,False,True,True,53801,False,True,True,True
8573,84650,True,53801,False,True,True,53801,False,True,True,53801,False,True,True,True
8574,84653,True,53801,False,True,True,53801,False,True,True,53801,False,True,True,True
8575,84657,True,53801,False,True,True,53801,False,True,True,53801,False,True,True,True
8576,84663,True,53801,False,True,True,53801,False,True,True,53801,False,True,True,True
8577,84668,True,53801,False,True,True,53801,False,True,True,53801,False,True,True,True
8578,84670,True,53801,False,True,True,53801,False,True,True,53801,False,True,True,True
8579,84672,True,53801,False,True,True,53801,False,True,True,53801,False,True,True,True
8580,84674,True,53801,False,True,True,53801,False,True,True,53801,False,True,True,True
8581,84680,True,53801,False,True,True,53801,False,True,True,53801,False,True,True,True
8582,84683,True,53801,False,True,True,53801,False,True,True,53801,False,True,True,True
8583,84685,True,53801,False,True,True,53801,False,True,True,53801,False,True,True,True
8584,84687,True,53801,False,True,True,53801,False,True,True,53801,False,True,True,True
8585,84690,True,53801,False,True,True,53801,False,True,True,53801,False,True,True,True
8586,84691,True,53801,False,True,True,53801,False,True,True,53801,False,True,True,True
8587,61227,False,256,False,True,False,256,False,True,False,256,False,True,False,True
8587,84697,True,53801,False,True,True,53801,False,True,True,53801,False,True,True,True
8588,84698,True,53801,False,True,True,53801,False,True,True,53801,False,True,True,True
8589,84702,True,53801,False,True,True,53801,False,True,True,53801,False,True,True,True
8590,84707,True,53801,False,True,True,53801,False,True,True,53801,False,True,True,True
8591,84724,True,53801,False,True,True,53801,False,True,True,53801,False,True,True,True
8592,84728,True,53801,False,True,True,53801,False,True,True,53801,False,True,True,True
8593,84729,True,53801,False,True,True,53801,False,True,True,53801,False,True,True,True
8594,84730,True,53801,False,True,True,53801,False,True,True,53801,False,True,True,True
8595,84731,True,53801,False,True,True,53801,False,True,True,53801,False,True,True,True
8596,84733,True,53801,False,True,True,53801,False,True,True,53801,False,True,True,True
8597,84735,True,53801,False,True,True,53801,False,True,True,53801,False,True,True,True
8598,84736,True,53801,False,True,True,53801,False,True,True,53801,False,True,True,True
8599,31761,False,256,False,True,False,256,False,True,False,256,False,True,False,True
8599,84737,True,53801,False,True,True,53801,False,True,True,53801,False,True,True,True
8600,84741,True,53801,False,True,True,53801,False,True,True,53801,False,True,True,True
8601,84762,True,53801,False,True,True,53801,False,True,True,53801,False,True,True,True
8602,84763,True,53801,False,True,True,53801,False,True,True,53801,False,True,True,True
8603,84765,True,53801,False,True,True,53801,False,True,True,53801,False,True,True,True
8604,84769,True,53801,False,True,True,53801,False,True,True,53801,False,True,True,True
8605,84770,True,53801,False,True,True,53801,False,True,True,53801,False,True,True,True
8606,84774,True,53801,False,True,True,53801,False,True,True,53801,False,True,True,True
8607,84776,True,53801,False,True,True,53801,False,True,True,53801,False,True,True,True
8608,84790,True,53801,False,True,True,53801,False,True,True,53801,False,True,True,True
8609,84793,True,53801,False,True,True,53801,False,True,True,53801,False,True,True,True
8610,84794,True,53801,False,True,True,53801,False,True,True,53801,False,True,True,True
8611,84795,True,53801,False,True,True,53801,False,True,True,53801,False,True,True,True
8612,84809,True,53801,False,True,True,53801,False,True,True,53801,False,True,True,True
8613,84810,True,53801,False,True,True,53801,False,True,True,53801,False,True,True,True
8614,84816,True,53801,False,True,True,53801,False,True,True,53801,False,True,True,True
8615,84821,True,53801,False,True,True,53801,False,True,True,53801,False,True,True,True
8616,84823,True,53801,False,True,True,53801,False,True,True,53801,False,True,True,True
8617,84828,True,53801,False,True,True,53801,False,True,True,53801,False,True,True,True
8618,84829,True,53801,False,True,True,53801,False,True,True,53801,False,True,True,True
8619,84831,True,53801,False,True,True,53801,False,True,True,53801,False,True,True,True
8620,84832,True,53801,False,True,True,53801,False,True,True,53801,False,True,True,True
8621,84833,True,53801,False,True,True,53801,False,True,True,53801,False,True,True,True
8622,84834,True,53801,False,True,True,53801,False,True,True,53801,False,True,True,True
8623,84835,True,53801,False,True,True,53801,False,True,True,53801,False,True,True,True
8624,84837,True,53801,False,True,True,53801,False,True,True,53801,False,True,True,True
8625,84838,True,53801,False,True,True,53801,False,True,True,53801,False,True,True,True
8626,84842,True,53801,False,True,True,53801,False,True,True,53801,False,True,True,True
8627,84843,True,53801,False,True,True,53801,False,True,True,53801,False,True,True,True
8628,84848,True,53801,False,True,True,53801,False,True,True,53801,False,True,True,True
8629,84851,True,53801,False,True,True,53801,False,True,True,53801,False,True,True,True
8630,84860,True,53801,False,True,True,53801,False,True,True,53801,False,True,True,True
8631,84861,True,53801,False,True,True,53801,False,True,True,53801,False,True,True,True
8632,84865,True,53801,False,True,True,53801,False,True,True,53801,False,True,True,True
8633,84867,True,53801,False,True,True,53801,False,True,True,53801,False,True,True,True
8634,84868,True,53801,False,True,True,53801,False,True,True,53801,False,True,True,True
8635,84877,True,53801,False,True,True,53801,False,True,True,53801,False,True,True,True
8636,84878,True,53801,False,True,True,53801,False,True,True,53801,False,True,True,True
8637,84882,True,53801,False,True,True,53801,False,True,True,53801,False,True,True,True
8638,84886,True,53801,False,True,True,53801,False,True,True,53801,False,True,True,True
8639,77773,False,256,False,True,False,256,False,True,False,256,False,True,False,True
8639,84888,True,53801,False,True,True,53801,False,True,True,53801,False,True,True,True
8640,84890,True,53801,False,True,True,53801,False,True,True,53801,False,True,True,True
8641,42652,False,256,False,True,False,256,False,True,False,2048,False,True,False,True
8641,84900,True,53801,False,True,True,53801,False,True,True,53801,False,True,True,True
8642,84903,True,53801,False,True,True,53801,False,True,True,53801,False,True,True,True
8643,84909,True,53801,False,True,True,53801,False,True,True,53801,False,True,True,True
8644,84910,True,53801,False,True,True,53801,False,True,True,53801,False,True,True,True
8645,84911,True,53801,False,True,True,53801,False,True,True,53801,False,True,True,True
8646,84919,True,53801,False,True,True,53801,False,True,True,53801,False,True,True,True
8647,84924,True,53801,False,True,True,53801,False,True,True,53801,False,True,True,True
8648,84926,True,53801,False,True,True,53801,False,True,True,53801,False,True,True,True
8649,84927,True,53801,False,True,True,53801,False,True,True,53801,False,True,True,True
8650,84928,True,53801,False,True,True,53801,False,True,True,53801,False,True,True,True
8651,84931,True,53801,False,True,True,53801,False,True,True,53801,False,True,True,True
8652,84936,True,53801,False,True,True,53801,False,True,True,53801,False,True,True,True
8653,47801,False,256,False,True,False,256,False,True,False,256,False,True,False,True
8653,84941,True,53801,False,True,True,53801,False,True,True,53801,False,True,True,True
8654,84945,True,53801,False,True,True,53801,False,True,True,53801,False,True,True,True
8655,84947,True,53801,False,True,True,53801,False,True,True,53801,False,True,True,True
8656,84952,True,53801,False,True,True,53801,False,True,True,53801,False,True,True,True
8657,84953,True,53801,False,True,True,53801,False,True,True,53801,False,True,True,True
8658,84956,True,53801,False,True,True,53801,False,True,True,53801,False,True,True,True
8659,84957,True,53801,False,True,True,53801,False,True,True,53801,False,True,True,True
8660,84959,True,53801,False,True,True,53801,False,True,True,53801,False,True,True,True
8661,84964,True,53801,False,True,True,53801,False,True,True,53801,False,True,True,True
8662,84973,True,53801,False,True,True,53801,False,True,True,53801,False,True,True,True
8663,84977,True,53801,False,True,True,53801,False,True,True,53801,False,True,True,True
8665,84979,True,53801,False,True,True,53801,False,True,True,53801,False,True,True,True
8666,84981,True,53801,False,True,True,53801,False,True,True,53801,False,True,True,True
8667,84983,True,53801,False,True,True,53801,False,True,True,53801,False,True,True,True
8668,84987,True,53801,False,True,True,53801,False,True,True,53801,False,True,True,True
8669,84989,True,53801,False,True,True,53801,False,True,True,53801,False,True,True,True
8670,84991,True,53801,False,True,True,53801,False,True,True,53801,False,True,True,True
8671,84997,True,53801,False,True,True,53801,False,True,True,53801,False,True,True,True
8672,84999,True,53801,False,True,True,53801,False,True,True,53801,False,True,True,True
8673,85004,True,53801,False,True,True,53801,False,True,True,53801,False,True,True,True
8674,85014,True,53801,False,True,True,53801,False,True,True,53801,False,True,True,True
8675,85017,True,53801,False,True,True,53801,False,True,True,53801,False,True,True,True
8676,85022,True,53801,False,True,True,53801,False,True,True,53801,False,True,True,True
8677,85023,True,53801,False,True,True,53801,False,True,True,53801,False,True,True,True
8678,85026,True,53801,False,True,True,53801,False,True,True,53801,False,True,True,True
8679,85027,True,53801,False,True,True,53801,False,True,True,53801,False,True,True,True
8680,85030,True,53801,False,True,True,53801,False,True,True,53801,False,True,True,True
8681,85044,True,53801,False,True,True,53801,False,True,True,53801,False,True,True,True
8682,85050,True,53801,False,True,True,53801,False,True,True,53801,False,True,True,True
8683,85051,True,53801,False,True,True,53801,False,True,True,53801,False,True,True,True
8684,85052,True,53801,False,True,True,53801,False,True,True,53801,False,True,True,True
8685,85055,True,53801,False,True,True,53801,False,True,True,53801,False,True,True,True
8686,85061,True,53801,False,True,True,53801,False,True,True,53801,False,True,True,True
8687,85065,True,53801,False,True,True,53801,False,True,True,53801,False,True,True,True
8688,85070,True,53801,False,True,True,53801,False,True,True,53801,False,True,True,True
8689,85071,True,53801,False,True,True,53801,False,True,True,53801,False,True,True,True
8690,85072,True,53801,False,True,True,53801,False,True,True,53801,False,True,True,True
8691,85073,True,53801,False,True,True,53801,False,True,True,53801,False,True,True,True
8692,85077,True,53801,False,True,True,53801,False,True,True,53801,False,True,True,True
8693,85079,True,53801,False,True,True,53801,False,True,True,53801,False,True,True,True
8694,85080,True,53801,False,True,True,53801,False,True,True,53801,False,True,True,True
8695,56620,False,256,False,True,False,256,False,True,False,256,False,True,False,True
8695,85085,True,53801,False,True,True,53801,False,True,True,53801,False,True,True,True
8696,85086,True,53801,False,True,True,53801,False,True,True,53801,False,True,True,True
8697,85087,True,53801,False,True,True,53801,False,True,True,53801,False,True,True,True
8698,85101,True,53801,False,True,True,53801,False,True,True,53801,False,True,True,True
8699,85103,True,53801,False,True,True,53801,False,True,True,53801,False,True,True,True
8700,85104,True,53801,False,True,True,53801,False,True,True,53801,False,True,True,True
8701,85105,True,53801,False,True,True,53801,False,True,True,53801,False,True,True,True
8702,15046,False,256,False,True,False,256,False,True,False,256,False,True,False,True
8702,85114,True,53801,False,True,True,53801,False,True,True,53801,False,True,True,True
8703,85120,True,53801,False,True,True,53801,False,True,True,53801,False,True,True,True
8704,85124,True,53801,False,True,True,53801,False,True,True,53801,False,True,True,True
8705,85125,True,53801,False,True,True,53801,False,True,True,53801,False,True,True,True
8706,85126,True,53801,False,True,True,53801,False,True,True,53801,False,True,True,True
8707,85127,True,53801,False,True,True,53801,False,True,True,53801,False,True,True,True
8708,85129,True,53801,False,True,True,53801,False,True,True,53801,False,True,True,True
8709,77975,False,256,False,True,False,256,False,True,False,256,False,True,False,True
8709,85133,True,53801,False,True,True,53801,False,True,True,53801,False,True,True,True
8710,85135,True,53801,False,True,True,53801,False,True,True,53801,False,True,True,True
8711,85139,True,53801,False,True,True,53801,False,True,True,53801,False,True,True,True
8712,85144,True,53801,False,True,True,53801,False,True,True,53801,False,True,True,True
8713,29899,False,256,False,True,False,256,False,True,False,256,False,True,False,True
8713,85145,True,53801,False,True,True,53801,False,True,True,53801,False,True,True,True
8714,85156,True,53801,False,True,True,53801,False,True,True,53801,False,True,True,True
8715,85159,True,53801,False,True,True,53801,False,True,True,53801,False,True,True,True
8716,85164,True,53801,False,True,True,53801,False,True,True,53801,False,True,True,True
8717,85165,True,53801,False,True,True,53801,False,True,True,53801,False,True,True,True
8718,85167,True,53801,False,True,True,53801,False,True,True,53801,False,True,True,True
8719,85174,True,53801,False,True,True,53801,False,True,True,53801,False,True,True,True
8720,85175,True,53801,False,True,True,53801,False,True,True,53801,False,True,True,True
8721,17795,False,256,False,True,False,256,False,True,False,256,False,True,False,True
8721,85177,True,53801,False,True,True,53801,False,True,True,53801,False,True,True,True
8722,85178,True,53801,False,True,True,53801,False,True,True,53801,False,True,True,True
8723,85181,True,53801,False,True,True,53801,False,True,True,53801,False,True,True,True
8724,85182,True,53801,False,True,True,53801,False,True,True,53801,False,True,True,True
8725,85194,True,53801,False,True,True,53801,False,True,True,53801,False,True,True,True
8726,85195,True,53801,False,True,True,53801,False,True,True,53801,False,True,True,True
8727,85196,True,53801,False,True,True,53801,False,True,True,53801,False,True,True,True
8728,85200,True,53801,False,True,True,53801,False,True,True,53801,False,True,True,True
8729,85202,True,53801,False,True,True,53801,False,True,True,53801,False,True,True,True
8730,43109,False,256,False,True,False,256,False,True,False,256,False,True,False,True
8730,48096,False,256,False,True,False,256,False,True,False,256,False,True,False,True
8730,85209,True,53801,False,True,True,53801,False,True,True,53801,False,True,True,True
8731,85211,True,53801,False,True,True,53801,False,True,True,53801,False,True,True,True
8732,85212,True,53801,False,True,True,53801,False,True,True,53801,False,True,True,True
8733,85213,True,53801,False,True,True,53801,False,True,True,53801,False,True,True,True
8734,85214,True,53801,False,True,True,53801,False,True,True,53801,False,True,True,True
8735,74458,False,256,False,True,False,256,False,True,False,256,False,True,False,True
8735,85216,True,53801,False,True,True,53801,False,True,True,53801,False,True,True,True
8736,85219,True,53801,False,True,True,53801,False,True,True,53801,False,True,True,True
8737,85221,True,53801,False,True,True,53801,False,True,True,53801,False,True,True,True
8738,85222,True,53801,False,True,True,53801,False,True,True,53801,False,True,True,True
8739,56753,False,256,False,True,False,256,False,True,False,256,False,True,False,True
8739,85232,True,53801,False,True,True,53801,False,True,True,53801,False,True,True,True
8740,85234,True,53801,False,True,True,53801,False,True,True,53801,False,True,True,True
8741,85241,True,53801,False,True,True,53801,False,True,True,53801,False,True,True,True
8742,85242,True,53801,False,True,True,53801,False,True,True,53801,False,True,True,True
8743,85249,True,53801,False,True,True,53801,False,True,True,53801,False,True,True,True
8744,85251,True,53801,False,True,True,53801,False,True,True,53801,False,True,True,True
8745,85254,True,53801,False,True,True,53801,False,True,True,53801,False,True,True,True
8746,85257,True,53801,False,True,True,53801,False,True,True,53801,False,True,True,True
8747,85258,True,53801,False,True,True,53801,False,True,True,53801,False,True,True,True
8748,85263,True,53801,False,True,True,53801,False,True,True,53801,False,True,True,True
8749,85278,True,53801,False,True,True,53801,False,True,True,53801,False,True,True,True
8750,85281,True,53801,False,True,True,53801,False,True,True,53801,False,True,True,True
8751,85282,True,53801,False,True,True,53801,False,True,True,53801,False,True,True,True
8752,85285,True,53801,False,True,True,53801,False,True,True,53801,False,True,True,True
8753,85291,True,53801,False,True,True,53801,False,True,True,53801,False,True,True,True
8754,85292,True,53801,False,True,True,53801,False,True,True,53801,False,True,True,True
8756,85299,True,53801,False,True,True,53801,False,True,True,53801,False,True,True,True
8757,85306,True,53801,False,True,True,53801,False,True,True,53801,False,True,True,True
8758,43284,False,256,False,True,False,256,False,True,False,256,False,True,False,True
8758,85311,True,53801,False,True,True,53801,False,True,True,53801,False,True,True,True
8759,85312,True,53801,False,True,True,53801,False,True,True,53801,False,True,True,True
8760,85314,True,53801,False,True,True,53801,False,True,True,53801,False,True,True,True
8761,85315,True,53801,False,True,True,53801,False,True,True,53801,False,True,True,True
8762,85316,True,53801,False,True,True,53801,False,True,True,53801,False,True,True,True
8763,85318,True,53801,False,True,True,53801,False,True,True,53801,False,True,True,True
8764,85323,True,53801,False,True,True,53801,False,True,True,53801,False,True,True,True
8765,85324,True,53801,False,True,True,53801,False,True,True,53801,False,True,True,True
8766,85328,True,53801,False,True,True,53801,False,True,True,53801,False,True,True,True
8767,85338,True,53801,False,True,True,53801,False,True,True,53801,False,True,True,True
8768,11676,False,256,False,True,False,256,False,True,False,256,False,True,False,True
8768,85345,True,53801,False,True,True,53801,False,True,True,53801,False,True,True,True
8769,85349,True,53801,False,True,True,53801,False,True,True,53801,False,True,True,True
8770,85370,True,53801,False,True,True,53801,False,True,True,53801,False,True,True,True
8772,85372,True,53801,False,True,True,53801,False,True,True,53801,False,True,True,True
8773,85373,True,53801,False,True,True,53801,False,True,True,53801,False,True,True,True
8774,85377,True,53801,False,True,True,53801,False,True,True,53801,False,True,True,True
8775,85378,True,53801,False,True,True,53801,False,True,True,53801,False,True,True,True
8776,85381,True,53801,False,True,True,53801,False,True,True,53801,False,True,True,True
8777,85385,True,53801,False,True,True,53801,False,True,True,53801,False,True,True,True
8778,85386,True,53801,False,True,True,53801,False,True,True,53801,False,True,True,True
8779,20944,False,256,False,True,False,256,False,True,False,256,False,True,False,True
8779,85387,True,53801,False,True,True,53801,False,True,True,53801,False,True,True,True
8780,85393,True,53801,False,True,True,53801,False,True,True,53801,False,True,True,True
8781,85395,True,53801,False,True,True,53801,False,True,True,53801,False,True,True,True
8782,85397,True,53801,False,True,True,53801,False,True,True,53801,False,True,True,True
8783,62488,False,256,False,True,False,256,False,True,False,256,False,True,False,True
8783,85407,True,53801,False,True,True,53801,False,True,True,53801,False,True,True,True
8784,85411,True,53801,False,True,True,53801,False,True,True,53801,False,True,True,True
8785,85414,True,53801,False,True,True,53801,False,True,True,53801,False,True,True,True
8786,85419,True,53801,False,True,True,53801,False,True,True,53801,False,True,True,True
8787,85420,True,53801,False,True,True,53801,False,True,True,53801,False,True,True,True
8788,85429,True,53801,False,True,True,53801,False,True,True,53801,False,True,True,True
8789,85432,True,53801,False,True,True,53801,False,True,True,53801,False,True,True,True
8790,85438,True,53801,False,True,True,53801,False,True,True,53801,False,True,True,True
8791,78309,False,256,False,True,False,256,False,True,False,256,False,True,False,True
8791,85440,True,53801,False,True,True,53801,False,True,True,53801,False,True,True,True
8792,85451,True,53801,False,True,True,53801,False,True,True,53801,False,True,True,True
8793,85467,True,53801,False,True,True,53801,False,True,True,53801,False,True,True,True
8794,85468,True,53801,False,True,True,53801,False,True,True,53801,False,True,True,True
8795,85469,True,53801,False,True,True,53801,False,True,True,53801,False,True,True,True
8796,85470,True,53801,False,True,True,53801,False,True,True,53801,False,True,True,True
8797,85476,True,53801,False,True,True,53801,False,True,True,53801,False,True,True,True
8798,85481,True,53801,False,True,True,53801,False,True,True,53801,False,True,True,True
8799,85488,True,53801,False,True,True,53801,False,True,True,53801,False,True,True,True
8800,85491,True,53801,False,True,True,53801,False,True,True,53801,False,True,True,True
8801,85498,True,53801,False,True,True,53801,False,True,True,53801,False,True,True,True
8802,85499,True,53801,False,True,True,53801,False,True,True,53801,False,True,True,True
8803,53296,False,256,False,True,False,256,False,True,False,256,False,True,False,True
8803,85503,True,53801,False,True,True,53801,False,True,True,53801,False,True,True,True
8804,85504,True,53801,False,True,True,53801,False,True,True,53801,False,True,True,True
8805,85509,True,53801,False,True,True,53801,False,True,True,53801,False,True,True,True
8806,85510,True,53801,False,True,True,53801,False,True,True,53801,False,True,True,True
8807,85512,True,53801,False,True,True,53801,False,True,True,53801,False,True,True,True
8808,85516,True,53801,False,True,True,53801,False,True,True,53801,False,True,True,True
8809,85518,True,53801,False,True,True,53801,False,True,True,53801,False,True,True,True
8810,85529,True,53801,False,True,True,53801,False,True,True,53801,False,True,True,True
8811,85530,True,53801,False,True,True,53801,False,True,True,53801,False,True,True,True
8812,85536,True,53801,False,True,True,53801,False,True,True,53801,False,True,True,True
8813,85537,True,53801,False,True,True,53801,False,True,True,53801,False,True,True,True
8814,74795,False,256,False,True,False,256,False,True,False,256,False,True,False,True
8814,85540,True,53801,False,True,True,53801,False,True,True,53801,False,True,True,True
8815,85543,True,53801,False,True,True,53801,False,True,True,53801,False,True,True,True
8816,85547,True,53801,False,True,True,53801,False,True,True,53801,False,True,True,True
8817,85548,True,53801,False,True,True,53801,False,True,True,53801,False,True,True,True
8818,85549,True,53801,False,True,True,53801,False,True,True,53801,False,True,True,True
8819,85550,True,53801,False,True,True,53801,False,True,True,53801,False,True,True,True
8820,85552,True,53801,False,True,True,53801,False,True,True,53801,False,True,True,True
8821,85556,True,53801,False,True,True,53801,False,True,True,53801,False,True,True,True
8822,85557,True,53801,False,True,True,53801,False,True,True,53801,False,True,True,True
8823,85566,True,53801,False,True,True,53801,False,True,True,53801,False,True,True,True
8824,85569,True,53801,False,True,True,53801,False,True,True,53801,False,True,True,True
8825,85571,True,53801,False,True,True,53801,False,True,True,53801,False,True,True,True
8826,74822,False,256,False,True,False,256,False,True,False,256,False,True,False,True
8826,85573,True,53801,False,True,True,53801,False,True,True,53801,False,True,True,True
8827,85574,True,53801,False,True,True,53801,False,True,True,53801,False,True,True,True
8828,85576,True,53801,False,True,True,53801,False,True,True,53801,False,True,True,True
8829,85577,True,53801,False,True,True,53801,False,True,True,53801,False,True,True,True
8830,85578,True,53801,False,True,True,53801,False,True,True,53801,False,True,True,True
8831,85580,True,53801,False,True,True,53801,False,True,True,53801,False,True,True,True
8832,48605,False,256,False,True,False,256,False,True,False,256,False,True,False,True
8832,85584,True,53801,False,True,True,53801,False,True,True,53801,False,True,True,True
8833,85585,True,53801,False,True,True,53801,False,True,True,53801,False,True,True,True
8834,85586,True,53801,False,True,True,53801,False,True,True,53801,False,True,True,True
8835,85588,True,53801,False,True,True,53801,False,True,True,53801,False,True,True,True
8836,85590,True,53801,False,True,True,53801,False,True,True,53801,False,True,True,True
8837,85600,True,53801,False,True,True,53801,False,True,True,53801,False,True,True,True
8838,85602,True,53801,False,True,True,53801,False,True,True,53801,False,True,True,True
8839,85607,True,53801,False,True,True,53801,False,True,True,53801,False,True,True,True
8840,17954,False,256,False,True,False,256,False,True,False,256,False,True,False,True
8840,85628,True,53801,False,True,True,53801,False,True,True,53801,False,True,True,True
8841,85631,True,53801,False,True,True,53801,False,True,True,53801,False,True,True,True
8842,85633,True,53801,False,True,True,53801,False,True,True,53801,False,True,True,True
8843,85634,True,53801,False,True,True,53801,False,True,True,53801,False,True,True,True
8844,85638,True,53801,False,True,True,53801,False,True,True,53801,False,True,True,True
8845,85640,True,53801,False,True,True,53801,False,True,True,53801,False,True,True,True
8846,85642,True,53801,False,True,True,53801,False,True,True,53801,False,True,True,True
8848,85648,True,53801,False,True,True,53801,False,True,True,53801,False,True,True,True
8849,85649,True,53801,False,True,True,53801,False,True,True,53801,False,True,True,True
8850,85651,True,53801,False,True,True,53801,False,True,True,53801,False,True,True,True
8851,85655,True,53801,False,True,True,53801,False,True,True,53801,False,True,True,True
8852,85656,True,53801,False,True,True,53801,False,True,True,53801,False,True,True,True
8853,85657,True,53801,False,True,True,53801,False,True,True,53801,False,True,True,True
8854,85661,True,53801,False,True,True,53801,False,True,True,53801,False,True,True,True
8855,85664,True,53801,False,True,True,53801,False,True,True,53801,False,True,True,True
8856,85668,True,53801,False,True,True,53801,False,True,True,53801,False,True,True,True
8857,85672,True,53801,False,True,True,53801,False,True,True,53801,False,True,True,True
8858,85677,True,53801,False,True,True,53801,False,True,True,53801,False,True,True,True
8859,85678,True,53801,False,True,True,53801,False,True,True,53801,False,True,True,True
8860,85680,True,53801,False,True,True,53801,False,True,True,53801,False,True,True,True
8861,85690,True,53801,False,True,True,53801,False,True,True,53801,False,True,True,True
8862,85700,True,53801,False,True,True,53801,False,True,True,53801,False,True,True,True
8863,85705,True,53801,False,True,True,53801,False,True,True,53801,False,True,True,True
8864,85707,True,53801,False,True,True,53801,False,True,True,53801,False,True,True,True
8865,85712,True,53801,False,True,True,53801,False,True,True,53801,False,True,True,True
8866,85713,True,53801,False,True,True,53801,False,True,True,53801,False,True,True,True
8867,85720,True,53801,False,True,True,53801,False,True,True,53801,False,True,True,True
8868,85721,True,53801,False,True,True,53801,False,True,True,53801,False,True,True,True
8869,85722,True,53801,False,True,True,53801,False,True,True,53801,False,True,True,True
8870,85725,True,53801,False,True,True,53801,False,True,True,53801,False,True,True,True
8871,85730,True,53801,False,True,True,53801,False,True,True,53801,False,True,True,True
8872,85737,True,53801,False,True,True,53801,False,True,True,53801,False,True,True,True
8873,85739,True,53801,False,True,True,53801,False,True,True,53801,False,True,True,True
8874,85741,True,53801,False,True,True,53801,False,True,True,53801,False,True,True,True
8875,85742,True,53801,False,True,True,53801,False,True,True,53801,False,True,True,True
8876,85748,True,53801,False,True,True,53801,False,True,True,53801,False,True,True,True
8877,85749,True,53801,False,True,True,53801,False,True,True,53801,False,True,True,True
8878,85750,True,53801,False,True,True,53801,False,True,True,53801,False,True,True,True
8880,85753,True,53801,False,True,True,53801,False,True,True,53801,False,True,True,True
8881,71463,False,256,False,True,False,256,False,True,False,256,False,True,False,True
8881,85760,True,53801,False,True,True,53801,False,True,True,53801,False,True,True,True
8882,85762,True,53801,False,True,True,53801,False,True,True,53801,False,True,True,True
8883,85763,True,53801,False,True,True,53801,False,True,True,53801,False,True,True,True
8884,33119,False,256,False,True,False,256,False,True,False,256,False,True,False,True
8884,85768,True,53801,False,True,True,53801,False,True,True,53801,False,True,True,True
8885,85771,True,53801,False,True,True,53801,False,True,True,53801,False,True,True,True
8886,33121,False,256,False,True,False,256,False,True,False,256,False,True,False,True
8886,85773,True,53801,False,True,True,53801,False,True,True,53801,False,True,True,True
8887,85777,True,53801,False,True,True,53801,False,True,True,53801,False,True,True,True
8888,85778,True,53801,False,True,True,53801,False,True,True,53801,False,True,True,True
8889,85789,True,53801,False,True,True,53801,False,True,True,53801,False,True,True,True
8890,85790,True,53801,False,True,True,53801,False,True,True,53801,False,True,True,True
8891,85792,True,53801,False,True,True,53801,False,True,True,53801,False,True,True,True
8892,85803,True,53801,False,True,True,53801,False,True,True,53801,False,True,True,True
8893,85804,True,53801,False,True,True,53801,False,True,True,53801,False,True,True,True
8894,85812,True,53801,False,True,True,53801,False,True,True,53801,False,True,True,True
8895,85825,True,53801,False,True,True,53801,False,True,True,53801,False,True,True,True
8896,85830,True,53801,False,True,True,53801,False,True,True,53801,False,True,True,True
8897,85844,True,53801,False,True,True,53801,False,True,True,53801,False,True,True,True
8898,85845,True,53801,False,True,True,53801,False,True,True,53801,False,True,True,True
8899,85848,True,53801,False,True,True,53801,False,True,True,53801,False,True,True,True
8900,85853,True,53801,False,True,True,53801,False,True,True,53801,False,True,True,True
8901,85854,True,53801,False,True,True,53801,False,True,True,53801,False,True,True,True
8902,16949,False,256,False,True,False,256,False,True,False,256,False,True,False,True
8902,85855,True,53801,False,True,True,53801,False,True,True,53801,False,True,True,True
8903,85856,True,53801,False,True,True,53801,False,True,True,53801,False,True,True,True
8904,85860,True,53801,False,True,True,53801,False,True,True,53801,False,True,True,True
8905,85862,True,53801,False,True,True,53801,False,True,True,53801,False,True,True,True
8906,85865,True,53801,False,True,True,53801,False,True,True,53801,False,True,True,True
8907,85871,True,53801,False,True,True,53801,False,True,True,53801,False,True,True,True
8908,7513,False,256,False,True,False,256,False,True,False,256,False,True,False,True
8908,85881,True,53801,False,True,True,53801,False,True,True,53801,False,True,True,True
8909,68955,False,256,False,True,False,256,False,True,False,256,False,True,False,True
8909,85882,True,53801,False,True,True,53801,False,True,True,53801,False,True,True,True
8910,85883,True,53801,False,True,True,53801,False,True,True,53801,False,True,True,True
8911,85886,True,53801,False,True,True,53801,False,True,True,53801,False,True,True,True
8912,85888,True,53801,False,True,True,53801,False,True,True,53801,False,True,True,True
8913,85890,True,53801,False,True,True,53801,False,True,True,53801,False,True,True,True
8914,85891,True,53801,False,True,True,53801,False,True,True,53801,False,True,True,True
8915,85892,True,53801,False,True,True,53801,False,True,True,53801,False,True,True,True
8916,85894,True,53801,False,True,True,53801,False,True,True,53801,False,True,True,True
8917,85897,True,53801,False,True,True,53801,False,True,True,53801,False,True,True,True
8918,85899,True,53801,False,True,True,53801,False,True,True,53801,False,True,True,True
8919,85906,True,53801,False,True,True,53801,False,True,True,53801,False,True,True,True
8920,85910,True,53801,False,True,True,53801,False,True,True,53801,False,True,True,True
8921,85911,True,53801,False,True,True,53801,False,True,True,53801,False,True,True,True
8922,85912,True,53801,False,True,True,53801,False,True,True,53801,False,True,True,True
8923,85917,True,53801,False,True,True,53801,False,True,True,53801,False,True,True,True
8924,85919,True,53801,False,True,True,53801,False,True,True,53801,False,True,True,True
8925,71579,False,256,False,True,False,256,False,True,False,256,False,True,False,True
8925,85920,True,53801,False,True,True,53801,False,True,True,53801,False,True,True,True
8926,85921,True,53801,False,True,True,53801,False,True,True,53801,False,True,True,True
8927,85924,True,53801,False,True,True,53801,False,True,True,53801,False,True,True,True
8928,85931,True,53801,False,True,True,53801,False,True,True,53801,False,True,True,True
8929,85933,True,53801,False,True,True,53801,False,True,True,53801,False,True,True,True
8930,44322,False,256,False,True,False,256,False,True,False,256,False,True,False,True
8930,85934,True,53801,False,True,True,53801,False,True,True,53801,False,True,True,True
8931,85936,True,53801,False,True,True,53801,False,True,True,53801,False,True,True,True
8932,85946,True,53801,False,True,True,53801,False,True,True,53801,False,True,True,True
8933,85950,True,53801,False,True,True,53801,False,True,True,53801,False,True,True,True
8934,85965,True,53801,False,True,True,53801,False,True,True,53801,False,True,True,True
8935,85966,True,53801,False,True,True,53801,False,True,True,53801,False,True,True,True
8936,85967,True,53801,False,True,True,53801,False,True,True,53801,False,True,True,True
8937,85973,True,53801,False,True,True,53801,False,True,True,53801,False,True,True,True
8938,85974,True,53801,False,True,True,53801,False,True,True,53801,False,True,True,True
8939,85975,True,53801,False,True,True,53801,False,True,True,53801,False,True,True,True
8940,85976,True,53801,False,True,True,53801,False,True,True,53801,False,True,True,True
8941,85977,True,53801,False,True,True,53801,False,True,True,53801,False,True,True,True
8942,63461,False,256,False,True,False,256,False,True,False,256,False,True,False,True
8942,85980,True,53801,False,True,True,53801,False,True,True,53801,False,True,True,True
8943,85981,True,53801,False,True,True,53801,False,True,True,53801,False,True,True,True
8944,85982,True,53801,False,True,True,53801,False,True,True,53801,False,True,True,True
8945,85983,True,53801,False,True,True,53801,False,True,True,53801,False,True,True,True
8946,85993,True,53801,False,True,True,53801,False,True,True,53801,False,True,True,True
8947,85994,True,53801,False,True,True,53801,False,True,True,53801,False,True,True,True
8948,85996,True,53801,False,True,True,53801,False,True,True,53801,False,True,True,True
8949,85998,True,53801,False,True,True,53801,False,True,True,53801,False,True,True,True
8950,86004,True,53801,False,True,True,53801,False,True,True,53801,False,True,True,True
8952,86007,True,53801,False,True,True,53801,False,True,True,53801,False,True,True,True
8953,86009,True,53801,False,True,True,53801,False,True,True,53801,False,True,True,True
8954,86011,True,53801,False,True,True,53801,False,True,True,53801,False,True,True,True
8955,86013,True,53801,False,True,True,53801,False,True,True,53801,False,True,True,True
8956,86015,True,53801,False,True,True,53801,False,True,True,53801,False,True,True,True
8957,86019,True,53801,False,True,True,53801,False,True,True,53801,False,True,True,True
8958,86020,True,53801,False,True,True,53801,False,True,True,53801,False,True,True,True
8959,86021,True,53801,False,True,True,53801,False,True,True,53801,False,True,True,True
8960,86027,True,53801,False,True,True,53801,False,True,True,53801,False,True,True,True
8961,7595,False,256,False,True,False,256,False,True,False,256,False,True,False,True
8961,86035,True,53801,False,True,True,53801,False,True,True,53801,False,True,True,True
8962,86036,True,53801,False,True,True,53801,False,True,True,53801,False,True,True,True
8963,86039,True,53801,False,True,True,53801,False,True,True,53801,False,True,True,True
8964,27010,False,256,False,True,False,256,False,True,False,256,False,True,False,True
8964,86041,True,53801,False,True,True,53801,False,True,True,53801,False,True,True,True
8965,86047,True,53801,False,True,True,53801,False,True,True,53801,False,True,True,True
8966,86049,True,53801,False,True,True,53801,False,True,True,53801,False,True,True,True
8967,86050,True,53801,False,True,True,53801,False,True,True,53801,False,True,True,True
8968,86054,True,53801,False,True,True,53801,False,True,True,53801,False,True,True,True
8969,86056,True,53801,False,True,True,53801,False,True,True,53801,False,True,True,True
8970,86058,True,53801,False,True,True,53801,False,True,True,53801,False,True,True,True
8971,49227,False,256,False,True,False,256,False,True,False,256,False,True,False,True
8971,86061,True,53801,False,True,True,53801,False,True,True,53801,False,True,True,True
8972,86064,True,53801,False,True,True,53801,False,True,True,53801,False,True,True,True
8973,30950,False,256,False,True,False,256,False,True,False,256,False,True,False,True
8973,86068,True,53801,False,True,True,53801,False,True,True,53801,False,True,True,True
8974,86071,True,53801,False,True,True,53801,False,True,True,53801,False,True,True,True
8975,86072,True,53801,False,True,True,53801,False,True,True,53801,False,True,True,True
8976,86075,True,53801,False,True,True,53801,False,True,True,53801,False,True,True,True
8977,86077,True,53801,False,True,True,53801,False,True,True,53801,False,True,True,True
8979,86083,True,53801,False,True,True,53801,False,True,True,53801,False,True,True,True
8980,86087,True,53801,False,True,True,53801,False,True,True,53801,False,True,True,True
8981,86092,True,53801,False,True,True,53801,False,True,True,53801,False,True,True,True
8982,86098,True,53801,False,True,True,53801,False,True,True,53801,False,True,True,True
8983,86099,True,53801,False,True,True,53801,False,True,True,53801,False,True,True,True
8984,86100,True,53801,False,True,True,53801,False,True,True,53801,False,True,True,True
8985,86101,True,53801,False,True,True,53801,False,True,True,53801,False,True,True,True
8986,86111,True,53801,False,True,True,53801,False,True,True,53801,False,True,True,True
8987,86118,True,53801,False,True,True,53801,False,True,True,53801,False,True,True,True
8988,86121,True,53801,False,True,True,53801,False,True,True,53801,False,True,True,True
8989,86123,True,53801,False,True,True,53801,False,True,True,53801,False,True,True,True
8990,86139,True,53801,False,True,True,53801,False,True,True,53801,False,True,True,True
8991,86140,True,53801,False,True,True,53801,False,True,True,53801,False,True,True,True
8992,38658,False,256,False,True,False,256,False,True,False,256,False,True,False,True
8992,86143,True,53801,False,True,True,53801,False,True,True,53801,False,True,True,True
8993,86150,True,53801,False,True,True,53801,False,True,True,53801,False,True,True,True
8994,86154,True,53801,False,True,True,53801,False,True,True,53801,False,True,True,True
8995,86156,True,53801,False,True,True,53801,False,True,True,53801,False,True,True,True
8996,86160,True,53801,False,True,True,53801,False,True,True,53801,False,True,True,True
8997,86167,True,53801,False,True,True,53801,False,True,True,53801,False,True,True,True
8998,86171,True,53801,False,True,True,53801,False,True,True,53801,False,True,True,True
8999,86173,True,53801,False,True,True,53801,False,True,True,53801,False,True,True,True
9000,86174,True,53801,False,True,True,53801,False,True,True,53801,False,True,True,True
9001,86175,True,53801,False,True,True,53801,False,True,True,53801,False,True,True,True
9002,86180,True,53801,False,True,True,53801,False,True,True,53801,False,True,True,True
9003,86181,True,53801,False,True,True,53801,False,True,True,53801,False,True,True,True
9004,86182,True,53801,False,True,True,53801,False,True,True,53801,False,True,True,True
9005,86188,True,53801,False,True,True,53801,False,True,True,53801,False,True,True,True
9006,63871,False,256,False,True,False,256,False,True,False,256,False,True,False,True
9006,86190,True,53801,False,True,True,53801,False,True,True,53801,False,True,True,True
9007,86192,True,53801,False,True,True,53801,False,True,True,53801,False,True,True,True
9008,86198,True,53801,False,True,True,53801,False,True,True,53801,False,True,True,True
9009,86202,True,53801,False,True,True,53801,False,True,True,53801,False,True,True,True
9010,86213,True,53801,False,True,True,53801,False,True,True,53801,False,True,True,True
9011,54303,False,256,False,True,False,256,False,True,False,256,False,True,False,True
9011,86219,True,53801,False,True,True,53801,False,True,True,53801,False,True,True,True
9012,86220,True,53801,False,True,True,53801,False,True,True,53801,False,True,True,True
9013,86222,True,53801,False,True,True,53801,False,True,True,53801,False,True,True,True
9014,86224,True,53801,False,True,True,53801,False,True,True,53801,False,True,True,True
9015,86227,True,53801,False,True,True,53801,False,True,True,53801,False,True,True,True
9016,86228,True,53801,False,True,True,53801,False,True,True,53801,False,True,True,True
9017,86231,True,53801,False,True,True,53801,False,True,True,53801,False,True,True,True
9018,86238,True,53801,False,True,True,53801,False,True,True,53801,False,True,True,True
9019,86244,True,53801,False,True,True,53801,False,True,True,53801,False,True,True,True
9020,86245,True,53801,False,True,True,53801,False,True,True,53801,False,True,True,True
9021,86250,True,53801,False,True,True,53801,False,True,True,53801,False,True,True,True
9022,86257,True,53801,False,True,True,53801,False,True,True,53801,False,True,True,True
9023,86264,True,53801,False,True,True,53801,False,True,True,53801,False,True,True,True
9024,86266,True,53801,False,True,True,53801,False,True,True,53801,False,True,True,True
9025,86268,True,53801,False,True,True,53801,False,True,True,53801,False,True,True,True
9026,86270,True,53801,False,True,True,53801,False,True,True,53801,False,True,True,True
9028,86274,True,53801,False,True,True,53801,False,True,True,53801,False,True,True,True
9029,86277,True,53801,False,True,True,53801,False,True,True,53801,False,True,True,True
9030,4582,False,256,False,True,False,256,False,True,False,256,False,True,False,True
9030,86278,True,53801,False,True,True,53801,False,True,True,53801,False,True,True,True
9031,86279,True,53801,False,True,True,53801,False,True,True,53801,False,True,True,True
9032,86280,True,53801,False,True,True,53801,False,True,True,53801,False,True,True,True
9033,49555,False,256,False,True,False,256,False,True,False,256,False,True,False,True
9033,86281,True,53801,False,True,True,53801,False,True,True,53801,False,True,True,True
9034,86282,True,53801,False,True,True,53801,False,True,True,53801,False,True,True,True
9035,86292,True,53801,False,True,True,53801,False,True,True,53801,False,True,True,True
9036,86298,True,53801,False,True,True,53801,False,True,True,53801,False,True,True,True
9037,86301,True,53801,False,True,True,53801,False,True,True,53801,False,True,True,True
9038,86305,True,53801,False,True,True,53801,False,True,True,53801,False,True,True,True
9039,86310,True,53801,False,True,True,53801,False,True,True,53801,False,True,True,True
9040,86323,True,53801,False,True,True,53801,False,True,True,53801,False,True,True,True
9041,86326,True,53801,False,True,True,53801,False,True,True,53801,False,True,True,True
9042,86327,True,53801,False,True,True,53801,False,True,True,53801,False,True,True,True
9043,86331,True,53801,False,True,True,53801,False,True,True,53801,False,True,True,True
9044,86338,True,53801,False,True,True,53801,False,True,True,53801,False,True,True,True
9045,86351,True,53801,False,True,True,53801,False,True,True,53801,False,True,True,True
9046,86352,True,53801,False,True,True,53801,False,True,True,53801,False,True,True,True
9047,86355,True,53801,False,True,True,53801,False,True,True,53801,False,True,True,True
9048,71980,False,256,False,True,False,256,False,True,False,2048,False,True,False,True
9048,86359,True,53801,False,True,True,53801,False,True,True,53801,False,True,True,True
9049,86361,True,53801,False,True,True,53801,False,True,True,53801,False,True,True,True
9050,1739,False,256,False,True,False,256,False,True,False,256,False,True,False,True
9050,86366,True,53801,False,True,True,53801,False,True,True,53801,False,True,True,True
9051,86372,True,53801,False,True,True,53801,False,True,True,53801,False,True,True,True
9052,86380,True,53801,False,True,True,53801,False,True,True,53801,False,True,True,True
9053,86381,True,53801,False,True,True,53801,False,True,True,53801,False,True,True,True
9054,86387,True,53801,False,True,True,53801,False,True,True,53801,False,True,True,True
9055,86398,True,53801,False,True,True,53801,False,True,True,53801,False,True,True,True
9056,86401,True,53801,False,True,True,53801,False,True,True,53801,False,True,True,True
9057,86404,True,53801,False,True,True,53801,False,True,True,53801,False,True,True,True
9058,86409,True,53801,False,True,True,53801,False,True,True,53801,False,True,True,True
9059,86414,True,53801,False,True,True,53801,False,True,True,53801,False,True,True,True
9060,86416,True,53801,False,True,True,53801,False,True,True,53801,False,True,True,True
9061,86417,True,53801,False,True,True,53801,False,True,True,53801,False,True,True,True
9062,86419,True,53801,False,True,True,53801,False,True,True,53801,False,True,True,True
9063,86421,True,53801,False,True,True,53801,False,True,True,53801,False,True,True,True
9064,86423,True,53801,False,True,True,53801,False,True,True,53801,False,True,True,True
9065,86424,True,53801,False,True,True,53801,False,True,True,53801,False,True,True,True
9066,86425,True,53801,False,True,True,53801,False,True,True,53801,False,True,True,True
9067,86432,True,53801,False,True,True,53801,False,True,True,53801,False,True,True,True
9068,86434,True,53801,False,True,True,53801,False,True,True,53801,False,True,True,True
9069,86436,True,53801,False,True,True,53801,False,True,True,53801,False,True,True,True
9070,27358,False,256,False,True,False,256,False,True,False,256,False,True,False,True
9070,86437,True,53801,False,True,True,53801,False,True,True,53801,False,True,True,True
9071,86439,True,53801,False,True,True,53801,False,True,True,53801,False,True,True,True
9072,86441,True,53801,False,True,True,53801,False,True,True,53801,False,True,True,True
9073,86443,True,53801,False,True,True,53801,False,True,True,53801,False,True,True,True
9074,86450,True,53801,False,True,True,53801,False,True,True,53801,False,True,True,True
9075,86452,True,53801,False,True,True,53801,False,True,True,53801,False,True,True,True
9076,86455,True,53801,False,True,True,53801,False,True,True,53801,False,True,True,True
9077,86460,True,53801,False,True,True,53801,False,True,True,53801,False,True,True,True
9078,20,False,256,False,True,False,256,False,True,False,2048,False,True,False,True
9078,86465,True,53801,False,True,True,53801,False,True,True,53801,False,True,True,True
9079,86466,True,53801,False,True,True,53801,False,True,True,53801,False,True,True,True
9080,86468,True,53801,False,True,True,53801,False,True,True,53801,False,True,True,True
9081,86470,True,53801,False,True,True,53801,False,True,True,53801,False,True,True,True
9082,86471,True,53801,False,True,True,53801,False,True,True,53801,False,True,True,True
9083,86472,True,53801,False,True,True,53801,False,True,True,53801,False,True,True,True
9084,86473,True,53801,False,True,True,53801,False,True,True,53801,False,True,True,True
9085,86474,True,53801,False,True,True,53801,False,True,True,53801,False,True,True,True
9086,86478,True,53801,False,True,True,53801,False,True,True,53801,False,True,True,True
9087,86485,True,53801,False,True,True,53801,False,True,True,53801,False,True,True,True
9088,86489,True,53801,False,True,True,53801,False,True,True,53801,False,True,True,True
9089,86493,True,53801,False,True,True,53801,False,True,True,53801,False,True,True,True
9090,86499,True,53801,False,True,True,53801,False,True,True,53801,False,True,True,True
9091,86501,True,53801,False,True,True,53801,False,True,True,53801,False,True,True,True
9092,58302,False,256,False,True,False,256,False,True,False,256,False,True,False,True
9092,86507,True,53801,False,True,True,53801,False,True,True,53801,False,True,True,True
9093,86518,True,53801,False,True,True,53801,False,True,True,53801,False,True,True,True
9094,86527,True,53801,False,True,True,53801,False,True,True,53801,False,True,True,True
9095,86534,True,53801,False,True,True,53801,False,True,True,53801,False,True,True,True
9096,86536,True,53801,False,True,True,53801,False,True,True,53801,False,True,True,True
9097,86545,True,53801,False,True,True,53801,False,True,True,53801,False,True,True,True
9098,86547,True,53801,False,True,True,53801,False,True,True,53801,False,True,True,True
9099,86548,True,53801,False,True,True,53801,False,True,True,53801,False,True,True,True
9100,27498,False,256,False,True,False,256,False,True,False,256,False,True,False,True
9100,86551,True,53801,False,True,True,53801,False,True,True,53801,False,True,True,True
9101,86554,True,53801,False,True,True,53801,False,True,True,53801,False,True,True,True
9102,86557,True,53801,False,True,True,53801,False,True,True,53801,False,True,True,True
9103,86559,True,53801,False,True,True,53801,False,True,True,53801,False,True,True,True
9104,86562,True,53801,False,True,True,53801,False,True,True,53801,False,True,True,True
9106,86570,True,53801,False,True,True,53801,False,True,True,53801,False,True,True,True
9107,86576,True,53801,False,True,True,53801,False,True,True,53801,False,True,True,True
9108,86580,True,53801,False,True,True,53801,False,True,True,53801,False,True,True,True
9109,75922,False,256,False,True,False,256,False,True,False,256,False,True,False,True
9109,86581,True,53801,False,True,True,53801,False,True,True,53801,False,True,True,True
9110,86593,True,53801,False,True,True,53801,False,True,True,53801,False,True,True,True
9111,86594,True,53801,False,True,True,53801,False,True,True,53801,False,True,True,True
9112,86597,True,53801,False,True,True,53801,False,True,True,53801,False,True,True,True
9113,86598,True,53801,False,True,True,53801,False,True,True,53801,False,True,True,True
9114,86602,True,53801,False,True,True,53801,False,True,True,53801,False,True,True,True
9115,86612,True,53801,False,True,True,53801,False,True,True,53801,False,True,True,True
9116,83096,False,256,False,True,False,256,False,True,False,256,False,True,False,True
9116,86613,True,53801,False,True,True,53801,False,True,True,53801,False,True,True,True
9117,86618,True,53801,False,True,True,53801,False,True,True,53801,False,True,True,True
9118,86622,True,53801,False,True,True,53801,False,True,True,53801,False,True,True,True
9119,86623,True,53801,False,True,True,53801,False,True,True,53801,False,True,True,True
9120,86626,True,53801,False,True,True,53801,False,True,True,53801,False,True,True,True
9121,86627,True,53801,False,True,True,53801,False,True,True,53801,False,True,True,True
9122,86628,True,53801,False,True,True,53801,False,True,True,53801,False,True,True,True
9123,86629,True,53801,False,True,True,53801,False,True,True,53801,False,True,True,True
9124,27622,False,256,False,True,False,256,False,True,False,256,False,True,False,True
9124,86636,True,53801,False,True,True,53801,False,True,True,53801,False,True,True,True
9125,86642,True,53801,False,True,True,53801,False,True,True,53801,False,True,True,True
9126,86643,True,53801,False,True,True,53801,False,True,True,53801,False,True,True,True
9127,86647,True,53801,False,True,True,53801,False,True,True,53801,False,True,True,True
9128,50092,False,256,False,True,False,256,False,True,False,256,False,True,False,True
9128,86655,True,53801,False,True,True,53801,False,True,True,53801,False,True,True,True
9129,86665,True,53801,False,True,True,53801,False,True,True,53801,False,True,True,True
9130,66982,False,256,False,True,False,256,False,True,False,256,False,True,False,True
9130,86666,True,53801,False,True,True,53801,False,True,True,53801,False,True,True,True
9131,86670,True,53801,False,True,True,53801,False,True,True,53801,False,True,True,True
9132,86673,True,53801,False,True,True,53801,False,True,True,53801,False,True,True,True
9133,86674,True,53801,False,True,True,53801,False,True,True,53801,False,True,True,True
9134,86677,True,53801,False,True,True,53801,False,True,True,53801,False,True,True,True
9135,86681,True,53801,False,True,True,53801,False,True,True,53801,False,True,True,True
9136,86682,True,53801,False,True,True,53801,False,True,True,53801,False,True,True,True
9137,86683,True,53801,False,True,True,53801,False,True,True,53801,False,True,True,True
9138,86688,True,53801,False,True,True,53801,False,True,True,53801,False,True,True,True
9139,86689,True,53801,False,True,True,53801,False,True,True,53801,False,True,True,True
9140,86691,True,53801,False,True,True,53801,False,True,True,53801,False,True,True,True
9141,9695,False,256,False,True,False,256,False,True,False,256,False,True,False,True
9141,86692,True,53801,False,True,True,53801,False,True,True,53801,False,True,True,True
9142,86703,True,53801,False,True,True,53801,False,True,True,53801,False,True,True,True
9143,86704,True,53801,False,True,True,53801,False,True,True,53801,False,True,True,True
9144,86705,True,53801,False,True,True,53801,False,True,True,53801,False,True,True,True
9145,86713,True,53801,False,True,True,53801,False,True,True,53801,False,True,True,True
9146,18690,False,256,False,True,False,256,False,True,False,256,False,True,False,True
9146,86722,True,53801,False,True,True,53801,False,True,True,53801,False,True,True,True
9147,86731,True,53801,False,True,True,53801,False,True,True,53801,False,True,True,True
9148,86735,True,53801,False,True,True,53801,False,True,True,53801,False,True,True,True
9149,86744,True,53801,False,True,True,53801,False,True,True,53801,False,True,True,True
9150,39818,False,256,False,True,False,256,False,True,False,256,False,True,False,True
9150,86751,True,53801,False,True,True,53801,False,True,True,53801,False,True,True,True
9151,86755,True,53801,False,True,True,53801,False,True,True,53801,False,True,True,True
9152,22463,False,256,False,True,False,256,False,True,False,256,False,True,False,True
9152,86758,True,53801,False,True,True,53801,False,True,True,53801,False,True,True,True
9153,86763,True,53801,False,True,True,53801,False,True,True,53801,False,True,True,True
9154,86765,True,53801,False,True,True,53801,False,True,True,53801,False,True,True,True
9155,86766,True,53801,False,True,True,53801,False,True,True,53801,False,True,True,True
9156,86769,True,53801,False,True,True,53801,False,True,True,53801,False,True,True,True
9157,86777,True,53801,False,True,True,53801,False,True,True,53801,False,True,True,True
9158,86778,True,53801,False,True,True,53801,False,True,True,53801,False,True,True,True
9159,86779,True,53801,False,True,True,53801,False,True,True,53801,False,True,True,True
9160,18790,False,256,False,True,False,256,False,True,False,256,False,True,False,True
9160,86791,True,53801,False,True,True,53801,False,True,True,53801,False,True,True,True
9161,86793,True,53801,False,True,True,53801,False,True,True,53801,False,True,True,True
9162,86797,True,53801,False,True,True,53801,False,True,True,53801,False,True,True,True
9163,86798,True,53801,False,True,True,53801,False,True,True,53801,False,True,True,True
9164,39942,False,256,False,True,False,256,False,True,False,256,False,True,False,True
9164,86799,True,53801,False,True,True,53801,False,True,True,53801,False,True,True,True
9165,86811,True,53801,False,True,True,53801,False,True,True,53801,False,True,True,True
9166,27877,False,256,False,True,False,256,False,True,False,256,False,True,False,True
9166,72576,False,256,False,True,False,256,False,True,False,256,False,True,False,True
9166,86813,True,53801,False,True,True,53801,False,True,True,53801,False,True,True,True
9167,86817,True,53801,False,True,True,53801,False,True,True,53801,False,True,True,True
9168,86818,True,53801,False,True,True,53801,False,True,True,53801,False,True,True,True
9169,86838,True,53801,False,True,True,53801,False,True,True,53801,False,True,True,True
9170,86841,True,53801,False,True,True,53801,False,True,True,53801,False,True,True,True
9171,86844,True,53801,False,True,True,53801,False,True,True,53801,False,True,True,True
9172,86845,True,53801,False,True,True,53801,False,True,True,53801,False,True,True,True
9173,86850,True,53801,False,True,True,53801,False,True,True,53801,False,True,True,True
9174,86853,True,53801,False,True,True,53801,False,True,True,53801,False,True,True,True
9175,86856,True,53801,False,True,True,53801,False,True,True,53801,False,True,True,True
9176,13341,False,256,False,True,False,256,False,True,False,256,False,True,False,True
9176,22572,False,256,False,True,False,256,False,True,False,256,False,True,False,True
9176,86857,True,53801,False,True,True,53801,False,True,True,53801,False,True,True,True
9177,86858,True,53801,False,True,True,53801,False,True,True,53801,False,True,True,True
9178,86867,True,53801,False,True,True,53801,False,True,True,53801,False,True,True,True
9179,86869,True,53801,False,True,True,53801,False,True,True,53801,False,True,True,True
9180,86873,True,53801,False,True,True,53801,False,True,True,53801,False,True,True,True
9181,86878,True,53801,False,True,True,53801,False,True,True,53801,False,True,True,True
9182,86886,True,53801,False,True,True,53801,False,True,True,53801,False,True,True,True
9183,86891,True,53801,False,True,True,53801,False,True,True,53801,False,True,True,True
9184,86893,True,53801,False,True,True,53801,False,True,True,53801,False,True,True,True
9185,86901,True,53801,False,True,True,53801,False,True,True,53801,False,True,True,True
9186,86904,True,53801,False,True,True,53801,False,True,True,53801,False,True,True,True
9187,86906,True,53801,False,True,True,53801,False,True,True,53801,False,True,True,True
9188,86907,True,53801,False,True,True,53801,False,True,True,53801,False,True,True,True
9189,86911,True,53801,False,True,True,53801,False,True,True,53801,False,True,True,True
9190,86913,True,53801,False,True,True,53801,False,True,True,53801,False,True,True,True
9191,86914,True,53801,False,True,True,53801,False,True,True,53801,False,True,True,True
9192,86916,True,53801,False,True,True,53801,False,True,True,53801,False,True,True,True
9193,86921,True,53801,False,True,True,53801,False,True,True,53801,False,True,True,True
9194,86922,True,53801,False,True,True,53801,False,True,True,53801,False,True,True,True
9195,86926,True,53801,False,True,True,53801,False,True,True,53801,False,True,True,True
9196,55088,False,256,False,True,False,256,False,True,False,256,False,True,False,True
9196,86927,True,53801,False,True,True,53801,False,True,True,53801,False,True,True,True
9197,86928,True,53801,False,True,True,53801,False,True,True,53801,False,True,True,True
9198,28011,False,256,False,True,False,256,False,True,False,256,False,True,False,True
9198,86931,True,53801,False,True,True,53801,False,True,True,53801,False,True,True,True
9199,86932,True,53801,False,True,True,53801,False,True,True,53801,False,True,True,True
9200,86935,True,53801,False,True,True,53801,False,True,True,53801,False,True,True,True
9201,86939,True,53801,False,True,True,53801,False,True,True,53801,False,True,True,True
9202,86940,True,53801,False,True,True,53801,False,True,True,53801,False,True,True,True
9203,86942,True,53801,False,True,True,53801,False,True,True,53801,False,True,True,True
9204,10000,False,256,False,True,False,256,False,True,False,256,False,True,False,True
9204,86946,True,53801,False,True,True,53801,False,True,True,53801,False,True,True,True
9205,86947,True,53801,False,True,True,53801,False,True,True,53801,False,True,True,True
9206,86951,True,53801,False,True,True,53801,False,True,True,53801,False,True,True,True
9207,86953,True,53801,False,True,True,53801,False,True,True,53801,False,True,True,True
9208,86954,True,53801,False,True,True,53801,False,True,True,53801,False,True,True,True
9209,86969,True,53801,False,True,True,53801,False,True,True,53801,False,True,True,True
9210,86978,True,53801,False,True,True,53801,False,True,True,53801,False,True,True,True
9211,86982,True,53801,False,True,True,53801,False,True,True,53801,False,True,True,True
9212,86988,True,53801,False,True,True,53801,False,True,True,53801,False,True,True,True
9213,86990,True,53801,False,True,True,53801,False,True,True,53801,False,True,True,True
9214,86991,True,53801,False,True,True,53801,False,True,True,53801,False,True,True,True
9215,86994,True,53801,False,True,True,53801,False,True,True,53801,False,True,True,True
9216,76417,False,256,False,True,False,256,False,True,False,256,False,True,False,True
9216,86996,True,53801,False,True,True,53801,False,True,True,53801,False,True,True,True
9217,87002,True,53801,False,True,True,53801,False,True,True,53801,False,True,True,True
9218,87005,True,53801,False,True,True,53801,False,True,True,53801,False,True,True,True
9219,59292,False,256,False,True,False,256,False,True,False,256,False,True,False,True
9219,87007,True,53801,False,True,True,53801,False,True,True,53801,False,True,True,True
9220,87008,True,53801,False,True,True,53801,False,True,True,53801,False,True,True,True
9221,87012,True,53801,False,True,True,53801,False,True,True,53801,False,True,True,True
9222,87014,True,53801,False,True,True,53801,False,True,True,53801,False,True,True,True
9223,87018,True,53801,False,True,True,53801,False,True,True,53801,False,True,True,True
9224,87020,True,53801,False,True,True,53801,False,True,True,53801,False,True,True,True
9225,87021,True,53801,False,True,True,53801,False,True,True,53801,False,True,True,True
9226,87022,True,53801,False,True,True,53801,False,True,True,53801,False,True,True,True
9227,87024,True,53801,False,True,True,53801,False,True,True,53801,False,True,True,True
9228,87029,True,53801,False,True,True,53801,False,True,True,53801,False,True,True,True
9229,87034,True,53801,False,True,True,53801,False,True,True,53801,False,True,True,True
9230,87037,True,53801,False,True,True,53801,False,True,True,53801,False,True,True,True
9231,87038,True,53801,False,True,True,53801,False,True,True,53801,False,True,True,True
9232,87039,True,53801,False,True,True,53801,False,True,True,53801,False,True,True,True
9233,87045,True,53801,False,True,True,53801,False,True,True,53801,False,True,True,True
9234,87047,True,53801,False,True,True,53801,False,True,True,53801,False,True,True,True
9235,87050,True,53801,False,True,True,53801,False,True,True,53801,False,True,True,True
9236,87052,True,53801,False,True,True,53801,False,True,True,53801,False,True,True,True
9237,87054,True,53801,False,True,True,53801,False,True,True,53801,False,True,True,True
9238,67334,False,256,False,True,False,256,False,True,False,256,False,True,False,True
9238,87065,True,53801,False,True,True,53801,False,True,True,53801,False,True,True,True
9239,87068,True,53801,False,True,True,53801,False,True,True,53801,False,True,True,True
9240,22837,False,256,False,True,False,256,False,True,False,256,False,True,False,True
9240,87076,True,53801,False,True,True,53801,False,True,True,53801,False,True,True,True
9241,87081,True,53801,False,True,True,53801,False,True,True,53801,False,True,True,True
9242,87082,True,53801,False,True,True,53801,False,True,True,53801,False,True,True,True
9243,64709,False,256,False,True,False,256,False,True,False,256,False,True,False,True
9243,87085,True,53801,False,True,True,53801,False,True,True,53801,False,True,True,True
9244,87090,True,53801,False,True,True,53801,False,True,True,53801,False,True,True,True
9245,13614,False,256,False,True,False,256,False,True,False,256,False,True,False,True
9245,87092,True,53801,False,True,True,53801,False,True,True,53801,False,True,True,True
9246,87094,True,53801,False,True,True,53801,False,True,True,53801,False,True,True,True
9247,40552,False,256,False,True,False,256,False,True,False,256,False,True,False,True
9247,87099,True,53801,False,True,True,53801,False,True,True,53801,False,True,True,True
9248,87101,True,53801,False,True,True,53801,False,True,True,53801,False,True,True,True
9249,10209,False,256,False,True,False,256,False,True,False,256,False,True,False,True
9249,87111,True,53801,False,True,True,53801,False,True,True,53801,False,True,True,True
9250,87115,True,53801,False,True,True,53801,False,True,True,53801,False,True,True,True
9251,87119,True,53801,False,True,True,53801,False,True,True,53801,False,True,True,True
9252,87120,True,53801,False,True,True,53801,False,True,True,53801,False,True,True,True
9253,87122,True,53801,False,True,True,53801,False,True,True,53801,False,True,True,True
9254,87131,True,53801,False,True,True,53801,False,True,True,53801,False,True,True,True
9255,87132,True,53801,False,True,True,53801,False,True,True,53801,False,True,True,True
9256,87133,True,53801,False,True,True,53801,False,True,True,53801,False,True,True,True
9257,87141,True,53801,False,True,True,53801,False,True,True,53801,False,True,True,True
9258,87146,True,53801,False,True,True,53801,False,True,True,53801,False,True,True,True
9259,87148,True,53801,False,True,True,53801,False,True,True,53801,False,True,True,True
9260,87165,True,53801,False,True,True,53801,False,True,True,53801,False,True,True,True
9261,87170,True,53801,False,True,True,53801,False,True,True,53801,False,True,True,True
9262,87171,True,53801,False,True,True,53801,False,True,True,53801,False,True,True,True
9263,87179,True,53801,False,True,True,53801,False,True,True,53801,False,True,True,True
9264,87181,True,53801,False,True,True,53801,False,True,True,53801,False,True,True,True
9265,87182,True,53801,False,True,True,53801,False,True,True,53801,False,True,True,True
9266,87185,True,53801,False,True,True,53801,False,True,True,53801,False,True,True,True
9267,87188,True,53801,False,True,True,53801,False,True,True,53801,False,True,True,True
9268,87190,True,53801,False,True,True,53801,False,True,True,53801,False,True,True,True
9269,87191,True,53801,False,True,True,53801,False,True,True,53801,False,True,True,True
9270,87193,True,53801,False,True,True,53801,False,True,True,53801,False,True,True,True
9271,87198,True,53801,False,True,True,53801,False,True,True,53801,False,True,True,True
9272,87204,True,53801,False,True,True,53801,False,True,True,53801,False,True,True,True
9273,50949,False,256,False,True,False,256,False,True,False,256,False,True,False,True
9273,87206,True,53801,False,True,True,53801,False,True,True,53801,False,True,True,True
9274,5049,False,256,False,True,False,256,False,True,False,256,False,True,False,True
9274,87209,True,53801,False,True,True,53801,False,True,True,53801,False,True,True,True
9275,87220,True,53801,False,True,True,53801,False,True,True,53801,False,True,True,True
9276,87231,True,53801,False,True,True,53801,False,True,True,53801,False,True,True,True
9277,87238,True,53801,False,True,True,53801,False,True,True,53801,False,True,True,True
9278,87241,True,53801,False,True,True,53801,False,True,True,53801,False,True,True,True
9279,87245,True,53801,False,True,True,53801,False,True,True,53801,False,True,True,True
9280,87254,True,53801,False,True,True,53801,False,True,True,53801,False,True,True,True
9281,87264,True,53801,False,True,True,53801,False,True,True,53801,False,True,True,True
9282,87274,True,53801,False,True,True,53801,False,True,True,53801,False,True,True,True
9284,87289,True,53801,False,True,True,53801,False,True,True,53801,False,True,True,True
9285,87302,True,53801,False,True,True,53801,False,True,True,53801,False,True,True,True
9286,87311,True,53801,False,True,True,53801,False,True,True,53801,False,True,True,True
9287,87320,True,53801,False,True,True,53801,False,True,True,53801,False,True,True,True
9288,87323,True,53801,False,True,True,53801,False,True,True,53801,False,True,True,True
9289,87326,True,53801,False,True,True,53801,False,True,True,53801,False,True,True,True
9290,87328,True,53801,False,True,True,53801,False,True,True,53801,False,True,True,True
9291,87331,True,53801,False,True,True,53801,False,True,True,53801,False,True,True,True
9292,87333,True,53801,False,True,True,53801,False,True,True,53801,False,True,True,True
9293,87340,True,53801,False,True,True,53801,False,True,True,53801,False,True,True,True
9294,87346,True,53801,False,True,True,53801,False,True,True,53801,False,True,True,True
9295,87347,True,53801,False,True,True,53801,False,True,True,53801,False,True,True,True
9296,87351,True,53801,False,True,True,53801,False,True,True,53801,False,True,True,True
9297,87356,True,53801,False,True,True,53801,False,True,True,53801,False,True,True,True
9298,87359,True,53801,False,True,True,53801,False,True,True,53801,False,True,True,True
9299,87360,True,53801,False,True,True,53801,False,True,True,53801,False,True,True,True
9300,87363,True,53801,False,True,True,53801,False,True,True,53801,False,True,True,True
9301,87364,True,53801,False,True,True,53801,False,True,True,53801,False,True,True,True
9302,87365,True,53801,False,True,True,53801,False,True,True,53801,False,True,True,True
9303,87366,True,53801,False,True,True,53801,False,True,True,53801,False,True,True,True
9304,87368,True,53801,False,True,True,53801,False,True,True,53801,False,True,True,True
9305,87377,True,53801,False,True,True,53801,False,True,True,53801,False,True,True,True
9306,87384,True,53801,False,True,True,53801,False,True,True,53801,False,True,True,True
9307,87387,True,53801,False,True,True,53801,False,True,True,53801,False,True,True,True
9308,87388,True,53801,False,True,True,53801,False,True,True,53801,False,True,True,True
9309,87392,True,53801,False,True,True,53801,False,True,True,53801,False,True,True,True
9310,87394,True,53801,False,True,True,53801,False,True,True,53801,False,True,True,True
9311,87400,True,53801,False,True,True,53801,False,True,True,53801,False,True,True,True
9312,87401,True,53801,False,True,True,53801,False,True,True,53801,False,True,True,True
9313,87403,True,53801,False,True,True,53801,False,True,True,53801,False,True,True,True
9314,87405,True,53801,False,True,True,53801,False,True,True,53801,False,True,True,True
9315,87406,True,53801,False,True,True,53801,False,True,True,53801,False,True,True,True
9316,87407,True,53801,False,True,True,53801,False,True,True,53801,False,True,True,True
9317,87408,True,53801,False,True,True,53801,False,True,True,53801,False,True,True,True
9318,87411,True,53801,False,True,True,53801,False,True,True,53801,False,True,True,True
9319,87413,True,53801,False,True,True,53801,False,True,True,53801,False,True,True,True
9320,87415,True,53801,False,True,True,53801,False,True,True,53801,False,True,True,True
9321,87423,True,53801,False,True,True,53801,False,True,True,53801,False,True,True,True
9322,87424,True,53801,False,True,True,53801,False,True,True,53801,False,True,True,True
9323,87432,True,53801,False,True,True,53801,False,True,True,53801,False,True,True,True
9324,87437,True,53801,False,True,True,53801,False,True,True,53801,False,True,True,True
9325,87443,True,53801,False,True,True,53801,False,True,True,53801,False,True,True,True
9326,41255,False,256,False,True,False,256,False,True,False,256,False,True,False,True
9326,87448,True,53801,False,True,True,53801,False,True,True,53801,False,True,True,True
9327,87454,True,53801,False,True,True,53801,False,True,True,53801,False,True,True,True
9328,87455,True,53801,False,True,True,53801,False,True,True,53801,False,True,True,True
9329,87457,True,53801,False,True,True,53801,False,True,True,53801,False,True,True,True
9330,26097,False,256,False,True,False,256,False,True,False,256,False,True,False,True
9330,87462,True,53801,False,True,True,53801,False,True,True,53801,False,True,True,True
9331,87466,True,53801,False,True,True,53801,False,True,True,53801,False,True,True,True
9332,87472,True,53801,False,True,True,53801,False,True,True,53801,False,True,True,True
9333,87474,True,53801,False,True,True,53801,False,True,True,53801,False,True,True,True
9334,87476,True,53801,False,True,True,53801,False,True,True,53801,False,True,True,True
9335,87480,True,53801,False,True,True,53801,False,True,True,53801,False,True,True,True
9336,87481,True,53801,False,True,True,53801,False,True,True,53801,False,True,True,True
9337,87483,True,53801,False,True,True,53801,False,True,True,53801,False,True,True,True
9338,87485,True,53801,False,True,True,53801,False,True,True,53801,False,True,True,True
9339,87487,True,53801,False,True,True,53801,False,True,True,53801,False,True,True,True
9340,87491,True,53801,False,True,True,53801,False,True,True,53801,False,True,True,True
9341,10580,False,256,False,True,False,256,False,True,False,256,False,True,False,True
9341,87495,True,53801,False,True,True,53801,False,True,True,53801,False,True,True,True
9342,35552,False,256,False,True,False,256,False,True,False,256,False,True,False,True
9342,87496,True,53801,False,True,True,53801,False,True,True,53801,False,True,True,True
9343,87498,True,53801,False,True,True,53801,False,True,True,53801,False,True,True,True
9344,87499,True,53801,False,True,True,53801,False,True,True,53801,False,True,True,True
9345,87504,True,53801,False,True,True,53801,False,True,True,53801,False,True,True,True
9346,87507,True,53801,False,True,True,53801,False,True,True,53801,False,True,True,True
9347,87508,True,53801,False,True,True,53801,False,True,True,53801,False,True,True,True
9348,87510,True,53801,False,True,True,53801,False,True,True,53801,False,True,True,True
9349,2287,False,256,False,True,False,256,False,True,False,256,False,True,False,True
9349,87511,True,53801,False,True,True,53801,False,True,True,53801,False,True,True,True
9350,87515,True,53801,False,True,True,53801,False,True,True,53801,False,True,True,True
9351,87518,True,53801,False,True,True,53801,False,True,True,53801,False,True,True,True
9352,87520,True,53801,False,True,True,53801,False,True,True,53801,False,True,True,True
9353,87529,True,53801,False,True,True,53801,False,True,True,53801,False,True,True,True
9354,87530,True,53801,False,True,True,53801,False,True,True,53801,False,True,True,True
9355,19731,False,256,False,True,False,256,False,True,False,256,False,True,False,True
9355,87537,True,53801,False,True,True,53801,False,True,True,53801,False,True,True,True
9356,87539,True,53801,False,True,True,53801,False,True,True,53801,False,True,True,True
9357,87544,True,53801,False,True,True,53801,False,True,True,53801,False,True,True,True
9358,87547,True,53801,False,True,True,53801,False,True,True,53801,False,True,True,True
9359,55790,False,256,False,True,False,256,False,True,False,256,False,True,False,True
9359,87553,True,53801,False,True,True,53801,False,True,True,53801,False,True,True,True
9360,87557,True,53801,False,True,True,53801,False,True,True,53801,False,True,True,True
9361,87561,True,53801,False,True,True,53801,False,True,True,53801,False,True,True,True
9362,87564,True,53801,False,True,True,53801,False,True,True,53801,False,True,True,True
9363,87567,True,53801,False,True,True,53801,False,True,True,53801,False,True,True,True
9364,87570,True,53801,False,True,True,53801,False,True,True,53801,False,True,True,True
9365,87574,True,53801,False,True,True,53801,False,True,True,53801,False,True,True,True
9366,87577,True,53801,False,True,True,53801,False,True,True,53801,False,True,True,True
9367,87584,True,53801,False,True,True,53801,False,True,True,53801,False,True,True,True
9368,87588,True,53801,False,True,True,53801,False,True,True,53801,False,True,True,True
9369,87594,True,53801,False,True,True,53801,False,True,True,53801,False,True,True,True
9370,87601,True,53801,False,True,True,53801,False,True,True,53801,False,True,True,True
9371,87603,True,53801,False,True,True,53801,False,True,True,53801,False,True,True,True
9372,87605,True,53801,False,True,True,53801,False,True,True,53801,False,True,True,True
9373,87608,True,53801,False,True,True,53801,False,True,True,53801,False,True,True,True
9374,87609,True,53801,False,True,True,53801,False,True,True,53801,False,True,True,True
9375,87610,True,53801,False,True,True,53801,False,True,True,53801,False,True,True,True
9376,87625,True,53801,False,True,True,53801,False,True,True,53801,False,True,True,True
9377,87636,True,53801,False,True,True,53801,False,True,True,53801,False,True,True,True
9378,87637,True,53801,False,True,True,53801,False,True,True,53801,False,True,True,True
9379,87642,True,53801,False,True,True,53801,False,True,True,53801,False,True,True,True
9380,77221,False,256,False,True,False,256,False,True,False,256,False,True,False,True
9380,87645,True,53801,False,True,True,53801,False,True,True,53801,False,True,True,True
9381,87646,True,53801,False,True,True,53801,False,True,True,53801,False,True,True,True
9382,87654,True,53801,False,True,True,53801,False,True,True,53801,False,True,True,True
9383,87656,True,53801,False,True,True,53801,False,True,True,53801,False,True,True,True
9384,87671,True,53801,False,True,True,53801,False,True,True,53801,False,True,True,True
9385,87679,True,53801,False,True,True,53801,False,True,True,53801,False,True,True,True
9386,87682,True,53801,False,True,True,53801,False,True,True,53801,False,True,True,True
9387,87687,True,53801,False,True,True,53801,False,True,True,53801,False,True,True,True
9388,87693,True,53801,False,True,True,53801,False,True,True,53801,False,True,True,True
9389,87697,True,53801,False,True,True,53801,False,True,True,53801,False,True,True,True
9390,87698,True,53801,False,True,True,53801,False,True,True,53801,False,True,True,True
9391,10788,False,256,False,True,False,256,False,True,False,256,False,True,False,True
9391,87699,True,53801,False,True,True,53801,False,True,True,53801,False,True,True,True
9392,87702,True,53801,False,True,True,53801,False,True,True,53801,False,True,True,True
9393,87707,True,53801,False,True,True,53801,False,True,True,53801,False,True,True,True
9394,87711,True,53801,False,True,True,53801,False,True,True,53801,False,True,True,True
9395,87712,True,53801,False,True,True,53801,False,True,True,53801,False,True,True,True
9396,87714,True,53801,False,True,True,53801,False,True,True,53801,False,True,True,True
9397,51774,False,256,False,True,False,256,False,True,False,256,False,True,False,True
9397,87719,True,53801,False,True,True,53801,False,True,True,53801,False,True,True,True
9398,87722,True,53801,False,True,True,53801,False,True,True,53801,False,True,True,True
9399,55965,False,256,False,True,False,256,False,True,False,256,False,True,False,True
9399,70473,False,256,False,True,False,256,False,True,False,256,False,True,False,True
9399,87727,True,53801,False,True,True,53801,False,True,True,53801,False,True,True,True
9400,14355,False,256,False,True,False,256,False,True,False,256,False,True,False,True
9400,87732,True,53801,False,True,True,53801,False,True,True,53801,False,True,True,True
9401,87738,True,53801,False,True,True,53801,False,True,True,53801,False,True,True,True
9402,87744,True,53801,False,True,True,53801,False,True,True,53801,False,True,True,True
9403,65282,False,256,False,True,False,256,False,True,False,256,False,True,False,True
9403,87750,True,53801,False,True,True,53801,False,True,True,53801,False,True,True,True
9404,87752,True,53801,False,True,True,53801,False,True,True,53801,False,True,True,True
9405,87753,True,53801,False,True,True,53801,False,True,True,53801,False,True,True,True
9406,87758,True,53801,False,True,True,53801,False,True,True,53801,False,True,True,True
9407,87761,True,53801,False,True,True,53801,False,True,True,53801,False,True,True,True
9409,87763,True,53801,False,True,True,53801,False,True,True,53801,False,True,True,True
9410,29078,False,256,False,True,False,256,False,True,False,256,False,True,False,True
9410,87766,True,53801,False,True,True,53801,False,True,True,53801,False,True,True,True
9411,87770,True,53801,False,True,True,53801,False,True,True,53801,False,True,True,True
9412,87779,True,53801,False,True,True,53801,False,True,True,53801,False,True,True,True
9413,87781,True,53801,False,True,True,53801,False,True,True,53801,False,True,True,True
9414,87787,True,53801,False,True,True,53801,False,True,True,53801,False,True,True,True
9415,87790,True,53801,False,True,True,53801,False,True,True,53801,False,True,True,True
9416,87791,True,53801,False,True,True,53801,False,True,True,53801,False,True,True,True
9417,87792,True,53801,False,True,True,53801,False,True,True,53801,False,True,True,True
9418,87794,True,53801,False,True,True,53801,False,True,True,53801,False,True,True,True
9420,87798,True,53801,False,True,True,53801,False,True,True,53801,False,True,True,True
9421,87799,True,53801,False,True,True,53801,False,True,True,53801,False,True,True,True
9422,87802,True,53801,False,True,True,53801,False,True,True,53801,False,True,True,True
9423,87803,True,53801,False,True,True,53801,False,True,True,53801,False,True,True,True
9424,26284,False,256,False,True,False,256,False,True,False,256,False,True,False,True
9424,36098,False,256,False,True,False,256,False,True,False,256,False,True,False,True
9424,87805,True,53801,False,True,True,53801,False,True,True,53801,False,True,True,True
9425,87808,True,53801,False,True,True,53801,False,True,True,53801,False,True,True,True
9426,87809,True,53801,False,True,True,53801,False,True,True,53801,False,True,True,True
9427,87811,True,53801,False,True,True,53801,False,True,True,53801,False,True,True,True
9428,87812,True,53801,False,True,True,53801,False,True,True,53801,False,True,True,True
9429,87815,True,53801,False,True,True,53801,False,True,True,53801,False,True,True,True
9430,87821,True,53801,False,True,True,53801,False,True,True,53801,False,True,True,True
9431,87823,True,53801,False,True,True,53801,False,True,True,53801,False,True,True,True
9432,87829,True,53801,False,True,True,53801,False,True,True,53801,False,True,True,True
9433,87832,True,53801,False,True,True,53801,False,True,True,53801,False,True,True,True
9434,10936,False,256,False,True,False,256,False,True,False,256,False,True,False,True
9434,87834,True,53801,False,True,True,53801,False,True,True,53801,False,True,True,True
9435,87835,True,53801,False,True,True,53801,False,True,True,53801,False,True,True,True
9436,87838,True,53801,False,True,True,53801,False,True,True,53801,False,True,True,True
9437,87839,True,53801,False,True,True,53801,False,True,True,53801,False,True,True,True
9438,87842,True,53801,False,True,True,53801,False,True,True,53801,False,True,True,True
9439,87854,True,53801,False,True,True,53801,False,True,True,53801,False,True,True,True
9440,87859,True,53801,False,True,True,53801,False,True,True,53801,False,True,True,True
9441,81036,False,256,False,True,False,256,False,True,False,256,False,True,False,True
9441,87871,True,53801,False,True,True,53801,False,True,True,53801,False,True,True,True
9442,87882,True,53801,False,True,True,53801,False,True,True,53801,False,True,True,True
9443,87883,True,53801,False,True,True,53801,False,True,True,53801,False,True,True,True
9444,87889,True,53801,False,True,True,53801,False,True,True,53801,False,True,True,True
9445,73880,False,256,False,True,False,256,False,True,False,256,False,True,False,True
9445,77509,False,256,False,True,False,256,False,True,False,256,False,True,False,True
9445,87894,True,53801,False,True,True,53801,False,True,True,53801,False,True,True,True
9446,87896,True,53801,False,True,True,53801,False,True,True,53801,False,True,True,True
9447,87899,True,53801,False,True,True,53801,False,True,True,53801,False,True,True,True
9448,87904,True,53801,False,True,True,53801,False,True,True,53801,False,True,True,True
9449,87906,True,53801,False,True,True,53801,False,True,True,53801,False,True,True,True
9450,87907,True,53801,False,True,True,53801,False,True,True,53801,False,True,True,True
9451,29316,False,256,False,True,False,256,False,True,False,256,False,True,False,True
9451,87908,True,53801,False,True,True,53801,False,True,True,53801,False,True,True,True
9452,87916,True,53801,False,True,True,53801,False,True,True,53801,False,True,True,True
9453,87918,True,53801,False,True,True,53801,False,True,True,53801,False,True,True,True
9454,87920,True,53801,False,True,True,53801,False,True,True,53801,False,True,True,True
9455,87922,True,53801,False,True,True,53801,False,True,True,53801,False,True,True,True
9456,87923,True,53801,False,True,True,53801,False,True,True,53801,False,True,True,True
9457,14635,False,256,False,True,False,256,False,True,False,256,False,True,False,True
9457,87938,True,53801,False,True,True,53801,False,True,True,53801,False,True,True,True
9458,87940,True,53801,False,True,True,53801,False,True,True,53801,False,True,True,True
9459,36383,False,256,False,True,False,256,False,True,False,256,False,True,False,True
9459,87950,True,53801,False,True,True,53801,False,True,True,53801,False,True,True,True
9460,87951,True,53801,False,True,True,53801,False,True,True,53801,False,True,True,True
9461,8505,False,256,False,True,False,256,False,True,False,256,False,True,False,True
9461,87960,True,53801,False,True,True,53801,False,True,True,53801,False,True,True,True
9462,87961,True,53801,False,True,True,53801,False,True,True,53801,False,True,True,True
9463,87962,True,53801,False,True,True,53801,False,True,True,53801,False,True,True,True
9464,87969,True,53801,False,True,True,53801,False,True,True,53801,False,True,True,True
9465,87974,True,53801,False,True,True,53801,False,True,True,53801,False,True,True,True
9466,87979,True,53801,False,True,True,53801,False,True,True,53801,False,True,True,True
9467,87980,True,53801,False,True,True,53801,False,True,True,53801,False,True,True,True
9468,87986,True,53801,False,True,True,53801,False,True,True,53801,False,True,True,True
9469,87987,True,53801,False,True,True,53801,False,True,True,53801,False,True,True,True
9470,87988,True,53801,False,True,True,53801,False,True,True,53801,False,True,True,True
9471,87989,True,53801,False,True,True,53801,False,True,True,53801,False,True,True,True
9474,87995,True,53801,False,True,True,53801,False,True,True,53801,False,True,True,True
9475,87998,True,53801,False,True,True,53801,False,True,True,53801,False,True,True,True
9476,88000,True,53801,False,True,True,53801,False,True,True,53801,False,True,True,True
9477,88004,True,53801,False,True,True,53801,False,True,True,53801,False,True,True,True
9478,88010,True,53801,False,True,True,53801,False,True,True,53801,False,True,True,True
9479,88013,True,53801,False,True,True,53801,False,True,True,53801,False,True,True,True
9480,88015,True,53801,False,True,True,53801,False,True,True,53801,False,True,True,True
9481,88017,True,53801,False,True,True,53801,False,True,True,53801,False,True,True,True
9482,88020,True,53801,False,True,True,53801,False,True,True,53801,False,True,True,True
9483,70774,False,256,False,True,False,256,False,True,False,256,False,True,False,True
9483,88023,True,53801,False,True,True,53801,False,True,True,53801,False,True,True,True
9484,88026,True,53801,False,True,True,53801,False,True,True,53801,False,True,True,True
9485,88032,True,53801,False,True,True,53801,False,True,True,53801,False,True,True,True
9486,88036,True,53801,False,True,True,53801,False,True,True,53801,False,True,True,True
9487,88038,True,53801,False,True,True,53801,False,True,True,53801,False,True,True,True
9488,88043,True,53801,False,True,True,53801,False,True,True,53801,False,True,True,True
9489,88050,True,53801,False,True,True,53801,False,True,True,53801,False,True,True,True
9490,88055,True,53801,False,True,True,53801,False,True,True,53801,False,True,True,True
9491,88056,True,53801,False,True,True,53801,False,True,True,53801,False,True,True,True
9492,88058,True,53801,False,True,True,53801,False,True,True,53801,False,True,True,True
9493,88062,True,53801,False,True,True,53801,False,True,True,53801,False,True,True,True
9494,88066,True,53801,False,True,True,53801,False,True,True,53801,False,True,True,True
9495,11212,False,256,False,True,False,256,False,True,False,256,False,True,False,True
9495,88069,True,53801,False,True,True,53801,False,True,True,53801,False,True,True,True
9496,88076,True,53801,False,True,True,53801,False,True,True,53801,False,True,True,True
9497,88077,True,53801,False,True,True,53801,False,True,True,53801,False,True,True,True
9498,88086,True,53801,False,True,True,53801,False,True,True,53801,False,True,True,True
9499,88093,True,53801,False,True,True,53801,False,True,True,53801,False,True,True,True
9500,88102,True,53801,False,True,True,53801,False,True,True,53801,False,True,True,True
9501,88103,True,53801,False,True,True,53801,False,True,True,53801,False,True,True,True
9502,88105,True,53801,False,True,True,53801,False,True,True,53801,False,True,True,True
9503,88106,True,53801,False,True,True,53801,False,True,True,53801,False,True,True,True
9504,88109,True,53801,False,True,True,53801,False,True,True,53801,False,True,True,True
9505,88111,True,53801,False,True,True,53801,False,True,True,53801,False,True,True,True
9506,88112,True,53801,False,True,True,53801,False,True,True,53801,False,True,True,True
9507,88116,True,53801,False,True,True,53801,False,True,True,53801,False,True,True,True
9508,88119,True,53801,False,True,True,53801,False,True,True,53801,False,True,True,True
9509,88120,True,53801,False,True,True,53801,False,True,True,53801,False,True,True,True
9510,88133,True,53801,False,True,True,53801,False,True,True,53801,False,True,True,True
9511,88137,True,53801,False,True,True,53801,False,True,True,53801,False,True,True,True
9512,88141,True,53801,False,True,True,53801,False,True,True,53801,False,True,True,True
9513,88150,True,53801,False,True,True,53801,False,True,True,53801,False,True,True,True
9514,88151,True,53801,False,True,True,53801,False,True,True,53801,False,True,True,True
9515,88156,True,53801,False,True,True,53801,False,True,True,53801,False,True,True,True
9516,88157,True,53801,False,True,True,53801,False,True,True,53801,False,True,True,True
9517,61678,False,256,False,True,False,256,False,True,False,256,False,True,False,True
9517,88159,True,53801,False,True,True,53801,False,True,True,53801,False,True,True,True
9518,88164,True,53801,False,True,True,53801,False,True,True,53801,False,True,True,True
9519,88166,True,53801,False,True,True,53801,False,True,True,53801,False,True,True,True
9520,88171,True,53801,False,True,True,53801,False,True,True,53801,False,True,True,True
9521,88173,True,53801,False,True,True,53801,False,True,True,53801,False,True,True,True
9522,88174,True,53801,False,True,True,53801,False,True,True,53801,False,True,True,True
9523,88176,True,53801,False,True,True,53801,False,True,True,53801,False,True,True,True
9524,88188,True,53801,False,True,True,53801,False,True,True,53801,False,True,True,True
9525,88190,True,53801,False,True,True,53801,False,True,True,53801,False,True,True,True
9526,88195,True,53801,False,True,True,53801,False,True,True,53801,False,True,True,True
9527,88200,True,53801,False,True,True,53801,False,True,True,53801,False,True,True,True
9528,88201,True,53801,False,True,True,53801,False,True,True,53801,False,True,True,True
9529,88202,True,53801,False,True,True,53801,False,True,True,53801,False,True,True,True
9530,88213,True,53801,False,True,True,53801,False,True,True,53801,False,True,True,True
9531,88216,True,53801,False,True,True,53801,False,True,True,53801,False,True,True,True
9532,88220,True,53801,False,True,True,53801,False,True,True,53801,False,True,True,True
9533,88223,True,53801,False,True,True,53801,False,True,True,53801,False,True,True,True
9534,88245,True,53801,False,True,True,53801,False,True,True,53801,False,True,True,True
9535,88246,True,53801,False,True,True,53801,False,True,True,53801,False,True,True,True
9536,88254,True,53801,False,True,True,53801,False,True,True,53801,False,True,True,True
9537,88258,True,53801,False,True,True,53801,False,True,True,53801,False,True,True,True
9538,88263,True,53801,False,True,True,53801,False,True,True,53801,False,True,True,True
9539,88268,True,53801,False,True,True,53801,False,True,True,53801,False,True,True,True
9540,88271,True,53801,False,True,True,53801,False,True,True,53801,False,True,True,True
9541,88275,True,53801,False,True,True,53801,False,True,True,53801,False,True,True,True
9542,88284,True,53801,False,True,True,53801,False,True,True,53801,False,True,True,True
9543,88285,True,53801,False,True,True,53801,False,True,True,53801,False,True,True,True
9544,88296,True,53801,False,True,True,53801,False,True,True,53801,False,True,True,True
9545,88303,True,53801,False,True,True,53801,False,True,True,53801,False,True,True,True
9546,88304,True,53801,False,True,True,53801,False,True,True,53801,False,True,True,True
9547,88305,True,53801,False,True,True,53801,False,True,True,53801,False,True,True,True
9548,88310,True,53801,False,True,True,53801,False,True,True,53801,False,True,True,True
9549,88313,True,53801,False,True,True,53801,False,True,True,53801,False,True,True,True
9550,88317,True,53801,False,True,True,53801,False,True,True,53801,False,True,True,True
9551,88319,True,53801,False,True,True,53801,False,True,True,53801,False,True,True,True
9552,43001,False,256,False,True,False,256,False,True,False,256,False,True,False,True
9552,88320,True,53801,False,True,True,53801,False,True,True,53801,False,True,True,True
9553,88323,True,53801,False,True,True,53801,False,True,True,53801,False,True,True,True
9554,88331,True,53801,False,True,True,53801,False,True,True,53801,False,True,True,True
9555,88333,True,53801,False,True,True,53801,False,True,True,53801,False,True,True,True
9556,88338,True,53801,False,True,True,53801,False,True,True,53801,False,True,True,True
9557,88340,True,53801,False,True,True,53801,False,True,True,53801,False,True,True,True
9558,88342,True,53801,False,True,True,53801,False,True,True,53801,False,True,True,True
9559,88343,True,53801,False,True,True,53801,False,True,True,53801,False,True,True,True
9560,88347,True,53801,False,True,True,53801,False,True,True,53801,False,True,True,True
9561,88351,True,53801,False,True,True,53801,False,True,True,53801,False,True,True,True
9562,88356,True,53801,False,True,True,53801,False,True,True,53801,False,True,True,True
9563,4094,False,256,False,True,False,256,False,True,False,256,False,True,False,True
9563,88358,True,53801,False,True,True,53801,False,True,True,53801,False,True,True,True
9564,88371,True,53801,False,True,True,53801,False,True,True,53801,False,True,True,True
9565,88372,True,53801,False,True,True,53801,False,True,True,53801,False,True,True,True
9566,88377,True,53801,False,True,True,53801,False,True,True,53801,False,True,True,True
9567,52884,False,256,False,True,False,256,False,True,False,256,False,True,False,True
9567,88379,True,53801,False,True,True,53801,False,True,True,53801,False,True,True,True
9568,88380,True,53801,False,True,True,53801,False,True,True,53801,False,True,True,True
9569,48106,False,256,False,True,False,256,False,True,False,256,False,True,False,True
9569,88381,True,53801,False,True,True,53801,False,True,True,53801,False,True,True,True
9571,88389,True,53801,False,True,True,53801,False,True,True,53801,False,True,True,True
9572,88393,True,53801,False,True,True,53801,False,True,True,53801,False,True,True,True
9573,88394,True,53801,False,True,True,53801,False,True,True,53801,False,True,True,True
9574,88395,True,53801,False,True,True,53801,False,True,True,53801,False,True,True,True
9575,88399,True,53801,False,True,True,53801,False,True,True,53801,False,True,True,True
9576,52939,False,256,False,True,False,256,False,True,False,256,False,True,False,True
9576,88401,True,53801,False,True,True,53801,False,True,True,53801,False,True,True,True
9577,88402,True,53801,False,True,True,53801,False,True,True,53801,False,True,True,True
9578,88404,True,53801,False,True,True,53801,False,True,True,53801,False,True,True,True
9579,88415,True,53801,False,True,True,53801,False,True,True,53801,False,True,True,True
9580,88422,True,53801,False,True,True,53801,False,True,True,53801,False,True,True,True
9581,88431,True,53801,False,True,True,53801,False,True,True,53801,False,True,True,True
9582,88439,True,53801,False,True,True,53801,False,True,True,53801,False,True,True,True
9583,88442,True,53801,False,True,True,53801,False,True,True,53801,False,True,True,True
9584,88443,True,53801,False,True,True,53801,False,True,True,53801,False,True,True,True
9585,88444,True,53801,False,True,True,53801,False,True,True,53801,False,True,True,True
9586,88445,True,53801,False,True,True,53801,False,True,True,53801,False,True,True,True
9587,56830,False,256,False,True,False,256,False,True,False,256,False,True,False,True
9587,88447,True,53801,False,True,True,53801,False,True,True,53801,False,True,True,True
9588,88460,True,53801,False,True,True,53801,False,True,True,53801,False,True,True,True
9589,4159,False,256,False,True,False,256,False,True,False,256,False,True,False,True
9589,88462,True,53801,False,True,True,53801,False,True,True,53801,False,True,True,True
9590,88464,True,53801,False,True,True,53801,False,True,True,53801,False,True,True,True
9591,88471,True,53801,False,True,True,53801,False,True,True,53801,False,True,True,True
9592,88473,True,53801,False,True,True,53801,False,True,True,53801,False,True,True,True
9593,88474,True,53801,False,True,True,53801,False,True,True,53801,False,True,True,True
9594,88477,True,53801,False,True,True,53801,False,True,True,53801,False,True,True,True
9595,88479,True,53801,False,True,True,53801,False,True,True,53801,False,True,True,True
9596,81757,False,256,False,True,False,256,False,True,False,256,False,True,False,True
9596,88486,True,53801,False,True,True,53801,False,True,True,53801,False,True,True,True
9597,88491,True,53801,False,True,True,53801,False,True,True,53801,False,True,True,True
9598,88495,True,53801,False,True,True,53801,False,True,True,53801,False,True,True,True
9599,88497,True,53801,False,True,True,53801,False,True,True,53801,False,True,True,True
9600,88498,True,53801,False,True,True,53801,False,True,True,53801,False,True,True,True
9601,88499,True,53801,False,True,True,53801,False,True,True,53801,False,True,True,True
9602,88505,True,53801,False,True,True,53801,False,True,True,53801,False,True,True,True
9603,88506,True,53801,False,True,True,53801,False,True,True,53801,False,True,True,True
9604,88507,True,53801,False,True,True,53801,False,True,True,53801,False,True,True,True
9605,88509,True,53801,False,True,True,53801,False,True,True,53801,False,True,True,True
9606,88513,True,53801,False,True,True,53801,False,True,True,53801,False,True,True,True
9607,2765,False,256,False,True,False,256,False,True,False,256,False,True,False,True
9607,88520,True,53801,False,True,True,53801,False,True,True,53801,False,True,True,True
9608,48349,False,256,False,True,False,256,False,True,False,256,False,True,False,True
9608,88522,True,53801,False,True,True,53801,False,True,True,53801,False,True,True,True
9609,88524,True,53801,False,True,True,53801,False,True,True,53801,False,True,True,True
9610,88526,True,53801,False,True,True,53801,False,True,True,53801,False,True,True,True
9611,88536,True,53801,False,True,True,53801,False,True,True,53801,False,True,True,True
9612,78270,False,256,False,True,False,256,False,True,False,256,False,True,False,True
9612,88537,True,53801,False,True,True,53801,False,True,True,53801,False,True,True,True
9613,88538,True,53801,False,True,True,53801,False,True,True,53801,False,True,True,True
9614,88544,True,53801,False,True,True,53801,False,True,True,53801,False,True,True,True
9615,88548,True,53801,False,True,True,53801,False,True,True,53801,False,True,True,True
9616,88553,True,53801,False,True,True,53801,False,True,True,53801,False,True,True,True
9617,88556,True,53801,False,True,True,53801,False,True,True,53801,False,True,True,True
9618,88562,True,53801,False,True,True,53801,False,True,True,53801,False,True,True,True
9619,88564,True,53801,False,True,True,53801,False,True,True,53801,False,True,True,True
9620,88567,True,53801,False,True,True,53801,False,True,True,53801,False,True,True,True
9621,88576,True,53801,False,True,True,53801,False,True,True,53801,False,True,True,True
9622,37621,False,256,False,True,False,256,False,True,False,256,False,True,False,True
9622,88579,True,53801,False,True,True,53801,False,True,True,53801,False,True,True,True
9623,88587,True,53801,False,True,True,53801,False,True,True,53801,False,True,True,True
9624,88588,True,53801,False,True,True,53801,False,True,True,53801,False,True,True,True
9625,88590,True,53801,False,True,True,53801,False,True,True,53801,False,True,True,True
9626,88595,True,53801,False,True,True,53801,False,True,True,53801,False,True,True,True
9627,88597,True,53801,False,True,True,53801,False,True,True,53801,False,True,True,True
9628,88602,True,53801,False,True,True,53801,False,True,True,53801,False,True,True,True
9629,88603,True,53801,False,True,True,53801,False,True,True,53801,False,True,True,True
9630,88604,True,53801,False,True,True,53801,False,True,True,53801,False,True,True,True
9631,78330,False,256,False,True,False,256,False,True,False,256,False,True,False,True
9631,88605,True,53801,False,True,True,53801,False,True,True,53801,False,True,True,True
9632,88607,True,53801,False,True,True,53801,False,True,True,53801,False,True,True,True
9633,88609,True,53801,False,True,True,53801,False,True,True,53801,False,True,True,True
9634,88617,True,53801,False,True,True,53801,False,True,True,53801,False,True,True,True
9635,88619,True,53801,False,True,True,53801,False,True,True,53801,False,True,True,True
9636,88621,True,53801,False,True,True,53801,False,True,True,53801,False,True,True,True
9637,48493,False,256,False,True,False,256,False,True,False,256,False,True,False,True
9637,88626,True,53801,False,True,True,53801,False,True,True,53801,False,True,True,True
9638,88631,True,53801,False,True,True,53801,False,True,True,53801,False,True,True,True
9639,88633,True,53801,False,True,True,53801,False,True,True,53801,False,True,True,True
9640,88634,True,53801,False,True,True,53801,False,True,True,53801,False,True,True,True
9641,88635,True,53801,False,True,True,53801,False,True,True,53801,False,True,True,True
9642,88636,True,53801,False,True,True,53801,False,True,True,53801,False,True,True,True
9643,88640,True,53801,False,True,True,53801,False,True,True,53801,False,True,True,True
9644,88641,True,53801,False,True,True,53801,False,True,True,53801,False,True,True,True
9645,88645,True,53801,False,True,True,53801,False,True,True,53801,False,True,True,True
9646,88646,True,53801,False,True,True,53801,False,True,True,53801,False,True,True,True
9647,88649,True,53801,False,True,True,53801,False,True,True,53801,False,True,True,True
9648,88654,True,53801,False,True,True,53801,False,True,True,53801,False,True,True,True
9649,88662,True,53801,False,True,True,53801,False,True,True,53801,False,True,True,True
9650,88663,True,53801,False,True,True,53801,False,True,True,53801,False,True,True,True
9651,88665,True,53801,False,True,True,53801,False,True,True,53801,False,True,True,True
9652,88669,True,53801,False,True,True,53801,False,True,True,53801,False,True,True,True
9653,88670,True,53801,False,True,True,53801,False,True,True,53801,False,True,True,True
9654,88672,True,53801,False,True,True,53801,False,True,True,53801,False,True,True,True
9655,88673,True,53801,False,True,True,53801,False,True,True,53801,False,True,True,True
9656,88674,True,53801,False,True,True,53801,False,True,True,53801,False,True,True,True
9657,88676,True,53801,False,True,True,53801,False,True,True,53801,False,True,True,True
9658,88677,True,53801,False,True,True,53801,False,True,True,53801,False,True,True,True
9659,88678,True,53801,False,True,True,53801,False,True,True,53801,False,True,True,True
9660,88679,True,53801,False,True,True,53801,False,True,True,53801,False,True,True,True
9661,88681,True,53801,False,True,True,53801,False,True,True,53801,False,True,True,True
9662,88685,True,53801,False,True,True,53801,False,True,True,53801,False,True,True,True
9663,88687,True,53801,False,True,True,53801,False,True,True,53801,False,True,True,True
9664,88698,True,53801,False,True,True,53801,False,True,True,53801,False,True,True,True
9665,88705,True,53801,False,True,True,53801,False,True,True,53801,False,True,True,True
9666,88707,True,53801,False,True,True,53801,False,True,True,53801,False,True,True,True
9667,88708,True,53801,False,True,True,53801,False,True,True,53801,False,True,True,True
9668,88710,True,53801,False,True,True,53801,False,True,True,53801,False,True,True,True
9669,88715,True,53801,False,True,True,53801,False,True,True,53801,False,True,True,True
9670,88723,True,53801,False,True,True,53801,False,True,True,53801,False,True,True,True
9671,88731,True,53801,False,True,True,53801,False,True,True,53801,False,True,True,True
9672,4304,False,256,False,True,False,256,False,True,False,256,False,True,False,True
9672,88741,True,53801,False,True,True,53801,False,True,True,53801,False,True,True,True
9673,88746,True,53801,False,True,True,53801,False,True,True,53801,False,True,True,True
9674,88757,True,53801,False,True,True,53801,False,True,True,53801,False,True,True,True
9675,88758,True,53801,False,True,True,53801,False,True,True,53801,False,True,True,True
9676,88762,True,53801,False,True,True,53801,False,True,True,53801,False,True,True,True
9677,88765,True,53801,False,True,True,53801,False,True,True,53801,False,True,True,True
9678,88767,True,53801,False,True,True,53801,False,True,True,53801,False,True,True,True
9679,71402,False,256,False,True,False,256,False,True,False,256,False,True,False,True
9679,88770,True,53801,False,True,True,53801,False,True,True,53801,False,True,True,True
9680,88772,True,53801,False,True,True,53801,False,True,True,53801,False,True,True,True
9681,88776,True,53801,False,True,True,53801,False,True,True,53801,False,True,True,True
9682,88777,True,53801,False,True,True,53801,False,True,True,53801,False,True,True,True
9683,88779,True,53801,False,True,True,53801,False,True,True,53801,False,True,True,True
9684,88781,True,53801,False,True,True,53801,False,True,True,53801,False,True,True,True
9685,88791,True,53801,False,True,True,53801,False,True,True,53801,False,True,True,True
9686,88792,True,53801,False,True,True,53801,False,True,True,53801,False,True,True,True
9687,88793,True,53801,False,True,True,53801,False,True,True,53801,False,True,True,True
9688,88798,True,53801,False,True,True,53801,False,True,True,53801,False,True,True,True
9689,88803,True,53801,False,True,True,53801,False,True,True,53801,False,True,True,True
9690,88804,True,53801,False,True,True,53801,False,True,True,53801,False,True,True,True
9691,88807,True,53801,False,True,True,53801,False,True,True,53801,False,True,True,True
9692,8936,False,256,False,True,False,256,False,True,False,256,False,True,False,True
9692,88811,True,53801,False,True,True,53801,False,True,True,53801,False,True,True,True
9693,88812,True,53801,False,True,True,53801,False,True,True,53801,False,True,True,True
9694,88814,True,53801,False,True,True,53801,False,True,True,53801,False,True,True,True
9695,88820,True,53801,False,True,True,53801,False,True,True,53801,False,True,True,True
9696,30592,False,256,False,True,False,256,False,True,False,256,False,True,False,True
9696,88831,True,53801,False,True,True,53801,False,True,True,53801,False,True,True,True
9697,88833,True,53801,False,True,True,53801,False,True,True,53801,False,True,True,True
9698,88835,True,53801,False,True,True,53801,False,True,True,53801,False,True,True,True
9699,88837,True,53801,False,True,True,53801,False,True,True,53801,False,True,True,True
9700,88842,True,53801,False,True,True,53801,False,True,True,53801,False,True,True,True
9701,4367,False,256,False,True,False,256,False,True,False,256,False,True,False,True
9701,88843,True,53801,False,True,True,53801,False,True,True,53801,False,True,True,True
9702,88844,True,53801,False,True,True,53801,False,True,True,53801,False,True,True,True
9703,88845,True,53801,False,True,True,53801,False,True,True,53801,False,True,True,True
9704,88848,True,53801,False,True,True,53801,False,True,True,53801,False,True,True,True
9705,88853,True,53801,False,True,True,53801,False,True,True,53801,False,True,True,True
9706,24956,False,256,False,True,False,256,False,True,False,256,False,True,False,True
9706,88854,True,53801,False,True,True,53801,False,True,True,53801,False,True,True,True
9707,88855,True,53801,False,True,True,53801,False,True,True,53801,False,True,True,True
9708,88861,True,53801,False,True,True,53801,False,True,True,53801,False,True,True,True
9709,88866,True,53801,False,True,True,53801,False,True,True,53801,False,True,True,True
9710,88867,True,53801,False,True,True,53801,False,True,True,53801,False,True,True,True
9711,88871,True,53801,False,True,True,53801,False,True,True,53801,False,True,True,True
9712,30654,False,256,False,True,False,256,False,True,False,256,False,True,False,True
9712,88878,True,53801,False,True,True,53801,False,True,True,53801,False,True,True,True
9713,88883,True,53801,False,True,True,53801,False,True,True,53801,False,True,True,True
9714,88884,True,53801,False,True,True,53801,False,True,True,53801,False,True,True,True
9715,88885,True,53801,False,True,True,53801,False,True,True,53801,False,True,True,True
9716,88887,True,53801,False,True,True,53801,False,True,True,53801,False,True,True,True
9717,88892,True,53801,False,True,True,53801,False,True,True,53801,False,True,True,True
9718,88895,True,53801,False,True,True,53801,False,True,True,53801,False,True,True,True
9719,88899,True,53801,False,True,True,53801,False,True,True,53801,False,True,True,True
9720,88900,True,53801,False,True,True,53801,False,True,True,53801,False,True,True,True
9721,88901,True,53801,False,True,True,53801,False,True,True,53801,False,True,True,True
9722,88908,True,53801,False,True,True,53801,False,True,True,53801,False,True,True,True
9723,88913,True,53801,False,True,True,53801,False,True,True,53801,False,True,True,True
9724,88915,True,53801,False,True,True,53801,False,True,True,53801,False,True,True,True
9725,88916,True,53801,False,True,True,53801,False,True,True,53801,False,True,True,True
9727,68936,False,256,False,True,False,256,False,True,False,256,False,True,False,True
9727,88918,True,53801,False,True,True,53801,False,True,True,53801,False,True,True,True
9728,88928,True,53801,False,True,True,53801,False,True,True,53801,False,True,True,True
9729,88933,True,53801,False,True,True,53801,False,True,True,53801,False,True,True,True
9730,88936,True,53801,False,True,True,53801,False,True,True,53801,False,True,True,True
9731,88940,True,53801,False,True,True,53801,False,True,True,53801,False,True,True,True
9732,88941,True,53801,False,True,True,53801,False,True,True,53801,False,True,True,True
9733,88942,True,53801,False,True,True,53801,False,True,True,53801,False,True,True,True
9734,88943,True,53801,False,True,True,53801,False,True,True,53801,False,True,True,True
9735,88945,True,53801,False,True,True,53801,False,True,True,53801,False,True,True,True
9736,88953,True,53801,False,True,True,53801,False,True,True,53801,False,True,True,True
9737,88957,True,53801,False,True,True,53801,False,True,True,53801,False,True,True,True
9738,12230,False,256,False,True,False,256,False,True,False,256,False,True,False,True
9738,88961,True,53801,False,True,True,53801,False,True,True,53801,False,True,True,True
9739,88962,True,53801,False,True,True,53801,False,True,True,53801,False,True,True,True
9740,88965,True,53801,False,True,True,53801,False,True,True,53801,False,True,True,True
9741,88968,True,53801,False,True,True,53801,False,True,True,53801,False,True,True,True
9742,88972,True,53801,False,True,True,53801,False,True,True,53801,False,True,True,True
9743,7540,False,256,False,True,False,256,False,True,False,256,False,True,False,True
9743,88975,True,53801,False,True,True,53801,False,True,True,53801,False,True,True,True
9744,88976,True,53801,False,True,True,53801,False,True,True,53801,False,True,True,True
9745,88980,True,53801,False,True,True,53801,False,True,True,53801,False,True,True,True
9746,88981,True,53801,False,True,True,53801,False,True,True,53801,False,True,True,True
9747,88989,True,53801,False,True,True,53801,False,True,True,53801,False,True,True,True
9748,88992,True,53801,False,True,True,53801,False,True,True,53801,False,True,True,True
9749,88999,True,53801,False,True,True,53801,False,True,True,53801,False,True,True,True
9750,89001,True,53801,False,True,True,53801,False,True,True,53801,False,True,True,True
9751,89003,True,53801,False,True,True,53801,False,True,True,53801,False,True,True,True
9752,89004,True,53801,False,True,True,53801,False,True,True,53801,False,True,True,True
9753,89005,True,53801,False,True,True,53801,False,True,True,53801,False,True,True,True
9754,89007,True,53801,False,True,True,53801,False,True,True,53801,False,True,True,True
9755,89008,True,53801,False,True,True,53801,False,True,True,53801,False,True,True,True
9757,89025,True,53801,False,True,True,53801,False,True,True,53801,False,True,True,True
9758,89026,True,53801,False,True,True,53801,False,True,True,53801,False,True,True,True
9759,89029,True,53801,False,True,True,53801,False,True,True,53801,False,True,True,True
9760,89034,True,53801,False,True,True,53801,False,True,True,53801,False,True,True,True
9761,89042,True,53801,False,True,True,53801,False,True,True,53801,False,True,True,True
9762,89047,True,53801,False,True,True,53801,False,True,True,53801,False,True,True,True
9763,89051,True,53801,False,True,True,53801,False,True,True,53801,False,True,True,True
9764,89054,True,53801,False,True,True,53801,False,True,True,53801,False,True,True,True
9765,89056,True,53801,False,True,True,53801,False,True,True,53801,False,True,True,True
9766,89059,True,53801,False,True,True,53801,False,True,True,53801,False,True,True,True
9767,89067,True,53801,False,True,True,53801,False,True,True,53801,False,True,True,True
9768,89070,True,53801,False,True,True,53801,False,True,True,53801,False,True,True,True
9769,89077,True,53801,False,True,True,53801,False,True,True,53801,False,True,True,True
9770,89078,True,53801,False,True,True,53801,False,True,True,53801,False,True,True,True
9771,89089,True,53801,False,True,True,53801,False,True,True,53801,False,True,True,True
9772,89094,True,53801,False,True,True,53801,False,True,True,53801,False,True,True,True
9773,89095,True,53801,False,True,True,53801,False,True,True,53801,False,True,True,True
9774,9079,False,256,False,True,False,256,False,True,False,256,False,True,False,True
9774,89101,True,53801,False,True,True,53801,False,True,True,53801,False,True,True,True
9775,89102,True,53801,False,True,True,53801,False,True,True,53801,False,True,True,True
9776,89103,True,53801,False,True,True,53801,False,True,True,53801,False,True,True,True
9777,89105,True,53801,False,True,True,53801,False,True,True,53801,False,True,True,True
9778,89117,True,53801,False,True,True,53801,False,True,True,53801,False,True,True,True
9779,89122,True,53801,False,True,True,53801,False,True,True,53801,False,True,True,True
9780,89131,True,53801,False,True,True,53801,False,True,True,53801,False,True,True,True
9781,89132,True,53801,False,True,True,53801,False,True,True,53801,False,True,True,True
9782,89137,True,53801,False,True,True,53801,False,True,True,53801,False,True,True,True
9783,89138,True,53801,False,True,True,53801,False,True,True,53801,False,True,True,True
9785,25258,False,256,False,True,False,256,False,True,False,256,False,True,False,True
9785,89142,True,53801,False,True,True,53801,False,True,True,53801,False,True,True,True
9786,54150,False,256,False,True,False,256,False,True,False,256,False,True,False,True
9786,89154,True,53801,False,True,True,53801,False,True,True,53801,False,True,True,True
9787,89156,True,53801,False,True,True,53801,False,True,True,53801,False,True,True,True
9788,89163,True,53801,False,True,True,53801,False,True,True,53801,False,True,True,True
9789,89171,True,53801,False,True,True,53801,False,True,True,53801,False,True,True,True
9790,89176,True,53801,False,True,True,53801,False,True,True,53801,False,True,True,True
9791,89177,True,53801,False,True,True,53801,False,True,True,53801,False,True,True,True
9792,89185,True,53801,False,True,True,53801,False,True,True,53801,False,True,True,True
9793,89188,True,53801,False,True,True,53801,False,True,True,53801,False,True,True,True
9795,89198,True,53801,False,True,True,53801,False,True,True,53801,False,True,True,True
9796,89199,True,53801,False,True,True,53801,False,True,True,53801,False,True,True,True
9797,89201,True,53801,False,True,True,53801,False,True,True,53801,False,True,True,True
9798,89202,True,53801,False,True,True,53801,False,True,True,53801,False,True,True,True
9799,89203,True,53801,False,True,True,53801,False,True,True,53801,False,True,True,True
9800,54223,False,256,False,True,False,256,False,True,False,256,False,True,False,True
9800,89204,True,53801,False,True,True,53801,False,True,True,53801,False,True,True,True
9801,89216,True,53801,False,True,True,53801,False,True,True,53801,False,True,True,True
9802,89219,True,53801,False,True,True,53801,False,True,True,53801,False,True,True,True
9803,89222,True,53801,False,True,True,53801,False,True,True,53801,False,True,True,True
9804,89223,True,53801,False,True,True,53801,False,True,True,53801,False,True,True,True
9805,69186,False,256,False,True,False,256,False,True,False,256,False,True,False,True
9805,89231,True,53801,False,True,True,53801,False,True,True,53801,False,True,True,True
9806,89232,True,53801,False,True,True,53801,False,True,True,53801,False,True,True,True
9807,89233,True,53801,False,True,True,53801,False,True,True,53801,False,True,True,True
9808,89243,True,53801,False,True,True,53801,False,True,True,53801,False,True,True,True
9809,89252,True,53801,False,True,True,53801,False,True,True,53801,False,True,True,True
9810,89255,True,53801,False,True,True,53801,False,True,True,53801,False,True,True,True
9811,89257,True,53801,False,True,True,53801,False,True,True,53801,False,True,True,True
9812,89262,True,53801,False,True,True,53801,False,True,True,53801,False,True,True,True
9813,89263,True,53801,False,True,True,53801,False,True,True,53801,False,True,True,True
9814,89265,True,53801,False,True,True,53801,False,True,True,53801,False,True,True,True
