timestep,trajectory_id,real_neighbor_fraction
999,0,0.0
999,1,0.0
999,2,0.0
999,3,0.0
999,4,0.0
999,5,0.0
999,6,0.0
999,7,0.0
999,8,0.0
999,9,0.0
999,10,0.0
999,11,0.0
999,12,0.0
999,13,0.0
999,14,0.0
999,15,0.0
999,16,0.0
999,17,0.0
999,18,0.0
999,19,0.0
999,20,0.0
999,21,0.0
999,22,0.0
999,23,0.0
999,24,0.0
999,25,0.0
999,26,0.0
999,27,0.0
999,28,0.0
999,29,0.0
999,30,0.0
999,31,0.0
999,32,0.0
999,33,0.0
999,34,0.0
999,35,0.0
999,36,0.0
999,37,0.0
999,38,0.0
999,39,0.0
999,40,0.0
999,41,0.0
999,42,0.0
999,43,0.0
999,44,0.0
999,45,0.0
999,46,0.0
999,47,0.0
999,48,0.0
999,49,0.0
999,50,0.0
999,51,0.0
999,52,0.0
999,53,0.0
999,54,0.0
999,55,0.0
999,56,0.0
999,57,0.0
999,58,0.0
999,59,0.0
999,60,0.0
999,61,0.0
999,62,0.0
999,63,0.0
999,64,0.0
999,65,0.0
999,66,0.0
999,67,0.0
999,68,0.0
999,69,0.0
999,70,0.0
999,71,0.0
999,72,0.0
999,73,0.0
999,74,0.0
999,75,0.0
999,76,0.0
999,77,0.0
999,78,0.0
999,79,0.0
999,80,0.0
999,81,0.0
999,82,0.0
999,83,0.0
999,84,0.0
999,85,0.0
999,86,0.0
999,87,0.0
999,88,0.0
999,89,0.0
999,90,0.0
999,91,0.0
999,92,0.0
999,93,0.0
999,94,0.0
999,95,0.0
999,96,0.0
999,97,0.0
999,98,0.0
999,99,0.0
999,100,0.0
999,101,0.0
999,102,0.0
999,103,0.0
999,104,0.0
999,105,0.0
999,106,0.0
999,107,0.0
999,108,0.0
999,109,0.0
999,110,0.0
999,111,0.0
999,112,0.0
999,113,0.0
999,114,0.0
999,115,0.0
999,116,0.0
999,117,0.0
999,118,0.0
999,119,0.0
999,120,0.0
999,121,0.0
999,122,0.0
999,123,0.0
999,124,0.0
999,125,0.0
999,126,0.0
999,127,0.0
999,128,0.0
999,129,0.0
999,130,0.0
999,131,0.0
999,132,0.0
999,133,0.0
999,134,0.0
999,135,0.0
999,136,0.0
999,137,0.0
999,138,0.0
999,139,0.0
999,140,0.0
999,141,0.0
999,142,0.0
999,143,0.0
999,144,0.0
999,145,0.0
999,146,0.0
999,147,0.0
999,148,0.0
999,149,0.0
999,150,0.0
999,151,0.0
999,152,0.0
999,153,0.0
999,154,0.0
999,155,0.0
999,156,0.0
999,157,0.0
999,158,0.0
999,159,0.0
999,160,0.0
999,161,0.0
999,162,0.0
999,163,0.0
999,164,0.0
999,165,0.0
999,166,0.0
999,167,0.0
999,168,0.0
999,169,0.0
999,170,0.0
999,171,0.0
999,172,0.0
999,173,0.0
999,174,0.0
999,175,0.0
999,176,0.0
999,177,0.0
999,178,0.0
999,179,0.0
999,180,0.0
999,181,0.0
999,182,0.0
999,183,0.0
999,184,0.0
999,185,0.0
999,186,0.0
999,187,0.0
999,188,0.0
999,189,0.0
999,190,0.0
999,191,0.0
999,192,0.0
999,193,0.0
999,194,0.0
999,195,0.0
999,196,0.0
999,197,0.0
999,198,0.0
999,199,0.0
999,200,0.0
999,201,0.0
999,202,0.0
999,203,0.0
999,204,0.0
999,205,0.0
999,206,0.0
999,207,0.0
999,208,0.0
999,209,0.0
999,210,0.0
999,211,0.0
999,212,0.0
999,213,0.0
999,214,0.0
999,215,0.0
999,216,0.0
999,217,0.0
999,218,0.0
999,219,0.0
999,220,0.0
999,221,0.0
999,222,0.0
999,223,0.0
999,224,0.0
999,225,0.0
999,226,0.0
999,227,0.0
999,228,0.0
999,229,0.0
999,230,0.0
999,231,0.0
999,232,0.0
999,233,0.0
999,234,0.0
999,235,0.0
999,236,0.0
999,237,0.0
999,238,0.0
999,239,0.0
999,240,0.0
999,241,0.0
999,242,0.0
999,243,0.0
999,244,0.0
999,245,0.0
999,246,0.0
999,247,0.0
999,248,0.0
999,249,0.0
999,250,0.0
999,251,0.0
999,252,0.0
999,253,0.0
999,254,0.0
999,255,0.0
999,256,0.0
999,257,0.0
999,258,0.0
999,259,0.0
999,260,0.0
999,261,0.0
999,262,0.0
999,263,0.0
999,264,0.0
999,265,0.0
999,266,0.0
999,267,0.0
999,268,0.0
999,269,0.0
999,270,0.0
999,271,0.0
999,272,0.0
999,273,0.0
999,274,0.0
999,275,0.0
999,276,0.0
999,277,0.0
999,278,0.0
999,279,0.0
999,280,0.0
999,281,0.0
999,282,0.0
999,283,0.0
999,284,0.0
999,285,0.0
999,286,0.0
999,287,0.0
999,288,0.0
999,289,0.0
999,290,0.0
999,291,0.0
999,292,0.0
999,293,0.0
999,294,0.0
999,295,0.0
999,296,0.0
999,297,0.0
999,298,0.0
999,299,0.0
999,300,0.0
999,301,0.0
999,302,0.0
999,303,0.0
999,304,0.0
999,305,0.0
999,306,0.0
999,307,0.0
999,308,0.0
999,309,0.0
999,310,0.0
999,311,0.0
999,312,0.0
999,313,0.0
999,314,0.0
999,315,0.0
999,316,0.0
999,317,0.0
999,318,0.0
999,319,0.0
999,320,0.0
999,321,0.0
999,322,0.0
999,323,0.0
999,324,0.0
999,325,0.0
999,326,0.0
999,327,0.0
999,328,0.0
999,329,0.0
999,330,0.0
999,331,0.0
999,332,0.0
999,333,0.0
999,334,0.0
999,335,0.0
999,336,0.0
999,337,0.0
999,338,0.0
999,339,0.0
999,340,0.0
999,341,0.0
999,342,0.0
999,343,0.0
999,344,0.0
999,345,0.0
999,346,0.0
999,347,0.0
999,348,0.0
999,349,0.0
999,350,0.0
999,351,0.0
999,352,0.0
999,353,0.0
999,354,0.0
999,355,0.0
999,356,0.0
999,357,0.0
999,358,0.0
999,359,0.0
999,360,0.0
999,361,0.0
999,362,0.0
999,363,0.0
999,364,0.0
999,365,0.0
999,366,0.0
999,367,0.0
999,368,0.0
999,369,0.0
999,370,0.0
999,371,0.0
999,372,0.0
999,373,0.0
999,374,0.0
999,375,0.0
999,376,0.0
999,377,0.0
999,378,0.0
999,379,0.0
999,380,0.0
999,381,0.0
999,382,0.0
999,383,0.0
999,384,0.0
999,385,0.0
999,386,0.0
999,387,0.0
999,388,0.0
999,389,0.0
999,390,0.0
999,391,0.0
999,392,0.0
999,393,0.0
999,394,0.0
999,395,0.0
999,396,0.0
999,397,0.0
999,398,0.0
999,399,0.0
999,400,0.0
999,401,0.0
999,402,0.0
999,403,0.0
999,404,0.0
999,405,0.0
999,406,0.0
999,407,0.0
999,408,0.0
999,409,0.0
999,410,0.0
999,411,0.0
999,412,0.0
999,413,0.0
999,414,0.0
999,415,0.0
999,416,0.0
999,417,0.0
999,418,0.0
999,419,0.0
999,420,0.0
999,421,0.0
999,422,0.0
999,423,0.0
999,424,0.0
999,425,0.0
999,426,0.0
999,427,0.0
999,428,0.0
999,429,0.0
999,430,0.0
999,431,0.0
999,432,0.0
999,433,0.0
999,434,0.0
999,435,0.0
999,436,0.0
999,437,0.0
999,438,0.0
999,439,0.0
999,440,0.0
999,441,0.0
999,442,0.0
999,443,0.0
999,444,0.0
999,445,0.0
999,446,0.0
999,447,0.0
999,448,0.0
999,449,0.0
999,450,0.0
999,451,0.0
999,452,0.0
999,453,0.0
999,454,0.0
999,455,0.0
999,456,0.0
999,457,0.0
999,458,0.0
999,459,0.0
999,460,0.0
999,461,0.0
999,462,0.0
999,463,0.0
999,464,0.0
999,465,0.0
999,466,0.0
999,467,0.0
999,468,0.0
999,469,0.0
999,470,0.0
999,471,0.0
999,472,0.0
999,473,0.0
999,474,0.0
999,475,0.0
999,476,0.0
999,477,0.0
999,478,0.0
999,479,0.0
999,480,0.0
999,481,0.0
999,482,0.0
999,483,0.0
999,484,0.0
999,485,0.0
999,486,0.0
999,487,0.0
999,488,0.0
999,489,0.0
999,490,0.0
999,491,0.0
999,492,0.0
999,493,0.0
999,494,0.0
999,495,0.0
999,496,0.0
999,497,0.0
999,498,0.0
999,499,0.0
999,500,0.0
999,501,0.0
999,502,0.0
999,503,0.0
999,504,0.0
999,505,0.0
999,506,0.0
999,507,0.0
999,508,0.0
999,509,0.0
999,510,0.0
999,511,0.0
999,512,0.0
999,513,0.0
999,514,0.0
999,515,0.0
999,516,0.0
999,517,0.0
999,518,0.0
999,519,0.0
999,520,0.0
999,521,0.0
999,522,0.0
999,523,0.0
999,524,0.0
999,525,0.0
999,526,0.0
999,527,0.0
999,528,0.0
999,529,0.0
999,530,0.0
999,531,0.0
999,532,0.0
999,533,0.0
999,534,0.0
999,535,0.0
999,536,0.0
999,537,0.0
999,538,0.0
999,539,0.0
999,540,0.0
999,541,0.0
999,542,0.0
999,543,0.0
999,544,0.0
999,545,0.0
999,546,0.0
999,547,0.0
999,548,0.0
999,549,0.0
999,550,0.0
999,551,0.0
999,552,0.0
999,553,0.0
999,554,0.0
999,555,0.0
999,556,0.0
999,557,0.0
999,558,0.0
999,559,0.0
999,560,0.0
999,561,0.0
999,562,0.0
999,563,0.0
999,564,0.0
999,565,0.0
999,566,0.0
999,567,0.0
999,568,0.0
999,569,0.0
999,570,0.0
999,571,0.0
999,572,0.0
999,573,0.0
999,574,0.0
999,575,0.0
999,576,0.0
999,577,0.0
999,578,0.0
999,579,0.0
999,580,0.0
999,581,0.0
999,582,0.0
999,583,0.0
999,584,0.0
999,585,0.0
999,586,0.0
999,587,0.0
999,588,0.0
999,589,0.0
999,590,0.0
999,591,0.0
999,592,0.0
999,593,0.0
999,594,0.0
999,595,0.0
999,596,0.0
999,597,0.0
999,598,0.0
999,599,0.0
999,600,0.0
999,601,0.0
999,602,0.0
999,603,0.0
999,604,0.0
999,605,0.0
999,606,0.0
999,607,0.0
999,608,0.0
999,609,0.0
999,610,0.0
999,611,0.0
999,612,0.0
999,613,0.0
999,614,0.0
999,615,0.0
999,616,0.0
999,617,0.0
999,618,0.0
999,619,0.0
999,620,0.0
999,621,0.0
999,622,0.0
999,623,0.0
999,624,0.0
999,625,0.0
999,626,0.0
999,627,0.0
999,628,0.0
999,629,0.0
999,630,0.0
999,631,0.0
999,632,0.0
999,633,0.0
999,634,0.0
999,635,0.0
999,636,0.0
999,637,0.0
999,638,0.0
999,639,0.0
999,640,0.0
999,641,0.0
999,642,0.0
999,643,0.0
999,644,0.0
999,645,0.0
999,646,0.0
999,647,0.0
999,648,0.0
999,649,0.0
999,650,0.0
999,651,0.0
999,652,0.0
999,653,0.0
999,654,0.0
999,655,0.0
999,656,0.0
999,657,0.0
999,658,0.0
999,659,0.0
999,660,0.0
999,661,0.0
999,662,0.0
999,663,0.0
999,664,0.0
999,665,0.0
999,666,0.0
999,667,0.0
999,668,0.0
999,669,0.0
999,670,0.0
999,671,0.0
999,672,0.0
999,673,0.0
999,674,0.0
999,675,0.0
999,676,0.0
999,677,0.0
999,678,0.0
999,679,0.0
999,680,0.0
999,681,0.0
999,682,0.0
999,683,0.0
999,684,0.0
999,685,0.0
999,686,0.0
999,687,0.0
999,688,0.0
999,689,0.0
999,690,0.0
999,691,0.0
999,692,0.0
999,693,0.0
999,694,0.0
999,695,0.0
999,696,0.0
999,697,0.0
999,698,0.0
999,699,0.0
999,700,0.0
999,701,0.0
999,702,0.0
999,703,0.0
999,704,0.0
999,705,0.0
999,706,0.0
999,707,0.0
999,708,0.0
999,709,0.0
999,710,0.0
999,711,0.0
999,712,0.0
999,713,0.0
999,714,0.0
999,715,0.0
999,716,0.0
999,717,0.0
999,718,0.0
999,719,0.0
999,720,0.0
999,721,0.0
999,722,0.0
999,723,0.0
999,724,0.0
999,725,0.0
999,726,0.0
999,727,0.0
999,728,0.0
999,729,0.0
999,730,0.0
999,731,0.0
999,732,0.0
999,733,0.0
999,734,0.0
999,735,0.0
999,736,0.0
999,737,0.0
999,738,0.0
999,739,0.0
999,740,0.0
999,741,0.0
999,742,0.0
999,743,0.0
999,744,0.0
999,745,0.0
999,746,0.0
999,747,0.0
999,748,0.0
999,749,0.0
999,750,0.0
999,751,0.0
999,752,0.0
999,753,0.0
999,754,0.0
999,755,0.0
999,756,0.0
999,757,0.0
999,758,0.0
999,759,0.0
999,760,0.0
999,761,0.0
999,762,0.0
999,763,0.0
999,764,0.0
999,765,0.0
999,766,0.0
999,767,0.0
999,768,0.0
999,769,0.0
999,770,0.0
999,771,0.0
999,772,0.0
999,773,0.0
999,774,0.0
999,775,0.0
999,776,0.0
999,777,0.0
999,778,0.0
999,779,0.0
999,780,0.0
999,781,0.0
999,782,0.0
999,783,0.0
999,784,0.0
999,785,0.0
999,786,0.0
999,787,0.0
999,788,0.0
999,789,0.0
999,790,0.0
999,791,0.0
999,792,0.0
999,793,0.0
999,794,0.0
999,795,0.0
999,796,0.0
999,797,0.0
999,798,0.0
999,799,0.0
999,800,0.0
999,801,0.0
999,802,0.0
999,803,0.0
999,804,0.0
999,805,0.0
999,806,0.0
999,807,0.0
999,808,0.0
999,809,0.0
999,810,0.0
999,811,0.0
999,812,0.0
999,813,0.0
999,814,0.0
999,815,0.0
999,816,0.0
999,817,0.0
999,818,0.0
999,819,0.0
999,820,0.0
999,821,0.0
999,822,0.0
999,823,0.0
999,824,0.0
999,825,0.0
999,826,0.0
999,827,0.0
999,828,0.0
999,829,0.0
999,830,0.0
999,831,0.0
999,832,0.0
999,833,0.0
999,834,0.0
999,835,0.0
999,836,0.0
999,837,0.0
999,838,0.0
999,839,0.0
999,840,0.0
999,841,0.0
999,842,0.0
999,843,0.0
999,844,0.0
999,845,0.0
999,846,0.0
999,847,0.0
999,848,0.0
999,849,0.0
999,850,0.0
999,851,0.0
999,852,0.0
999,853,0.0
999,854,0.0
999,855,0.0
999,856,0.0
999,857,0.0
999,858,0.0
999,859,0.0
999,860,0.0
999,861,0.0
999,862,0.0
999,863,0.0
999,864,0.0
999,865,0.0
999,866,0.0
999,867,0.0
999,868,0.0
999,869,0.0
999,870,0.0
999,871,0.0
999,872,0.0
999,873,0.0
999,874,0.0
999,875,0.0
999,876,0.0
999,877,0.0
999,878,0.0
999,879,0.0
999,880,0.0
999,881,0.0
999,882,0.0
999,883,0.0
999,884,0.0
999,885,0.0
999,886,0.0
999,887,0.0
999,888,0.0
999,889,0.0
999,890,0.0
999,891,0.0
999,892,0.0
999,893,0.0
999,894,0.0
999,895,0.0
999,896,0.0
999,897,0.0
999,898,0.0
999,899,0.0
999,900,0.0
999,901,0.0
999,902,0.0
999,903,0.0
999,904,0.0
999,905,0.0
999,906,0.0
999,907,0.0
999,908,0.0
999,909,0.0
999,910,0.0
999,911,0.0
999,912,0.0
999,913,0.0
999,914,0.0
999,915,0.0
999,916,0.0
999,917,0.0
999,918,0.0
999,919,0.0
999,920,0.0
999,921,0.0
999,922,0.0
999,923,0.0
999,924,0.0
999,925,0.0
999,926,0.0
999,927,0.0
999,928,0.0
999,929,0.0
999,930,0.0
999,931,0.0
999,932,0.0
999,933,0.0
999,934,0.0
999,935,0.0
999,936,0.0
999,937,0.0
999,938,0.0
999,939,0.0
999,940,0.0
999,941,0.0
999,942,0.0
999,943,0.0
999,944,0.0
999,945,0.0
999,946,0.0
999,947,0.0
999,948,0.0
999,949,0.0
999,950,0.0
999,951,0.0
999,952,0.0
999,953,0.0
999,954,0.0
999,955,0.0
999,956,0.0
999,957,0.0
999,958,0.0
999,959,0.0
999,960,0.0
999,961,0.0
999,962,0.0
999,963,0.0
999,964,0.0
999,965,0.0
999,966,0.0
999,967,0.0
999,968,0.0
999,969,0.0
999,970,0.0
999,971,0.0
999,972,0.0
999,973,0.0
999,974,0.0
999,975,0.0
999,976,0.0
999,977,0.0
999,978,0.0
999,979,0.0
999,980,0.0
999,981,0.0
999,982,0.0
999,983,0.0
999,984,0.0
999,985,0.0
999,986,0.0
999,987,0.0
999,988,0.0
999,989,0.0
999,990,0.0
999,991,0.0
999,992,0.0
999,993,0.0
999,994,0.0
999,995,0.0
999,996,0.0
999,997,0.0
999,998,0.0
999,999,0.0
999,1000,0.0
999,1001,0.0
999,1002,0.0
999,1003,0.0
999,1004,0.0
999,1005,0.0
999,1006,0.0
999,1007,0.0
999,1008,0.0
999,1009,0.0
999,1010,0.0
999,1011,0.0
999,1012,0.0
999,1013,0.0
999,1014,0.0
999,1015,0.0
999,1016,0.0
999,1017,0.0
999,1018,0.0
999,1019,0.0
999,1020,0.0
999,1021,0.0
999,1022,0.0
999,1023,0.0
999,1024,0.0
999,1025,0.0
999,1026,0.0
999,1027,0.0
999,1028,0.0
999,1029,0.0
999,1030,0.0
999,1031,0.0
999,1032,0.0
999,1033,0.0
999,1034,0.0
999,1035,0.0
999,1036,0.0
999,1037,0.0
999,1038,0.0
999,1039,0.0
999,1040,0.0
999,1041,0.0
999,1042,0.0
999,1043,0.0
999,1044,0.0
999,1045,0.0
999,1046,0.0
999,1047,0.0
999,1048,0.0
999,1049,0.0
999,1050,0.0
999,1051,0.0
999,1052,0.0
999,1053,0.0
999,1054,0.0
999,1055,0.0
999,1056,0.0
999,1057,0.0
999,1058,0.0
999,1059,0.0
999,1060,0.0
999,1061,0.0
999,1062,0.0
999,1063,0.0
999,1064,0.0
999,1065,0.0
999,1066,0.0
999,1067,0.0
999,1068,0.0
999,1069,0.0
999,1070,0.0
999,1071,0.0
999,1072,0.0
999,1073,0.0
999,1074,0.0
999,1075,0.0
999,1076,0.0
999,1077,0.0
999,1078,0.0
999,1079,0.0
999,1080,0.0
999,1081,0.0
999,1082,0.0
999,1083,0.0
999,1084,0.0
999,1085,0.0
999,1086,0.0
999,1087,0.0
999,1088,0.0
999,1089,0.0
999,1090,0.0
999,1091,0.0
999,1092,0.0
999,1093,0.0
999,1094,0.0
999,1095,0.0
999,1096,0.0
999,1097,0.0
999,1098,0.0
999,1099,0.0
999,1100,0.0
999,1101,0.0
999,1102,0.0
999,1103,0.0
999,1104,0.0
999,1105,0.0
999,1106,0.0
999,1107,0.0
999,1108,0.0
999,1109,0.0
999,1110,0.0
999,1111,0.0
999,1112,0.0
999,1113,0.0
999,1114,0.0
999,1115,0.0
999,1116,0.0
999,1117,0.0
999,1118,0.0
999,1119,0.0
999,1120,0.0
999,1121,0.0
999,1122,0.0
999,1123,0.0
999,1124,0.0
999,1125,0.0
999,1126,0.0
999,1127,0.0
999,1128,0.0
999,1129,0.0
999,1130,0.0
999,1131,0.0
999,1132,0.0
999,1133,0.0
999,1134,0.0
999,1135,0.0
999,1136,0.0
999,1137,0.0
999,1138,0.0
999,1139,0.0
999,1140,0.0
999,1141,0.0
999,1142,0.0
999,1143,0.0
999,1144,0.0
999,1145,0.0
999,1146,0.0
999,1147,0.0
999,1148,0.0
999,1149,0.0
999,1150,0.0
999,1151,0.0
999,1152,0.0
999,1153,0.0
999,1154,0.0
999,1155,0.0
999,1156,0.0
999,1157,0.0
999,1158,0.0
999,1159,0.0
999,1160,0.0
999,1161,0.0
999,1162,0.0
999,1163,0.0
999,1164,0.0
999,1165,0.0
999,1166,0.0
999,1167,0.0
999,1168,0.0
999,1169,0.0
999,1170,0.0
999,1171,0.0
999,1172,0.0
999,1173,0.0
999,1174,0.0
999,1175,0.0
999,1176,0.0
999,1177,0.0
999,1178,0.0
999,1179,0.0
999,1180,0.0
999,1181,0.0
999,1182,0.0
999,1183,0.0
999,1184,0.0
999,1185,0.0
999,1186,0.0
999,1187,0.0
999,1188,0.0
999,1189,0.0
999,1190,0.0
999,1191,0.0
999,1192,0.0
999,1193,0.0
999,1194,0.0
999,1195,0.0
999,1196,0.0
999,1197,0.0
999,1198,0.0
999,1199,0.0
999,1200,0.0
999,1201,0.0
999,1202,0.0
999,1203,0.0
999,1204,0.0
999,1205,0.0
999,1206,0.0
999,1207,0.0
999,1208,0.0
999,1209,0.0
999,1210,0.0
999,1211,0.0
999,1212,0.0
999,1213,0.0
999,1214,0.0
999,1215,0.0
999,1216,0.0
999,1217,0.0
999,1218,0.0
999,1219,0.0
999,1220,0.0
999,1221,0.0
999,1222,0.0
999,1223,0.0
999,1224,0.0
999,1225,0.0
999,1226,0.0
999,1227,0.0
999,1228,0.0
999,1229,0.0
999,1230,0.0
999,1231,0.0
999,1232,0.0
999,1233,0.0
999,1234,0.0
999,1235,0.0
999,1236,0.0
999,1237,0.0
999,1238,0.0
999,1239,0.0
999,1240,0.0
999,1241,0.0
999,1242,0.0
999,1243,0.0
999,1244,0.0
999,1245,0.0
999,1246,0.0
999,1247,0.0
999,1248,0.0
999,1249,0.0
999,1250,0.0
999,1251,0.0
999,1252,0.0
999,1253,0.0
999,1254,0.0
999,1255,0.0
999,1256,0.0
999,1257,0.0
999,1258,0.0
999,1259,0.0
999,1260,0.0
999,1261,0.0
999,1262,0.0
999,1263,0.0
999,1264,0.0
999,1265,0.0
999,1266,0.0
999,1267,0.0
999,1268,0.0
999,1269,0.0
999,1270,0.0
999,1271,0.0
999,1272,0.0
999,1273,0.0
999,1274,0.0
999,1275,0.0
999,1276,0.0
999,1277,0.0
999,1278,0.0
999,1279,0.0
999,1280,0.0
999,1281,0.0
999,1282,0.0
999,1283,0.0
999,1284,0.0
999,1285,0.0
999,1286,0.0
999,1287,0.0
999,1288,0.0
999,1289,0.0
999,1290,0.0
999,1291,0.0
999,1292,0.0
999,1293,0.0
999,1294,0.0
999,1295,0.0
999,1296,0.0
999,1297,0.0
999,1298,0.0
999,1299,0.0
999,1300,0.0
999,1301,0.0
999,1302,0.0
999,1303,0.0
999,1304,0.0
999,1305,0.0
999,1306,0.0
999,1307,0.0
999,1308,0.0
999,1309,0.0
999,1310,0.0
999,1311,0.0
999,1312,0.0
999,1313,0.0
999,1314,0.0
999,1315,0.0
999,1316,0.0
999,1317,0.0
999,1318,0.0
999,1319,0.0
999,1320,0.0
999,1321,0.0
999,1322,0.0
999,1323,0.0
999,1324,0.0
999,1325,0.0
999,1326,0.0
999,1327,0.0
999,1328,0.0
999,1329,0.0
999,1330,0.0
999,1331,0.0
999,1332,0.0
999,1333,0.0
999,1334,0.0
999,1335,0.0
999,1336,0.0
999,1337,0.0
999,1338,0.0
999,1339,0.0
999,1340,0.0
999,1341,0.0
999,1342,0.0
999,1343,0.0
999,1344,0.0
999,1345,0.0
999,1346,0.0
999,1347,0.0
999,1348,0.0
999,1349,0.0
999,1350,0.0
999,1351,0.0
999,1352,0.0
999,1353,0.0
999,1354,0.0
999,1355,0.0
999,1356,0.0
999,1357,0.0
999,1358,0.0
999,1359,0.0
999,1360,0.0
999,1361,0.0
999,1362,0.0
999,1363,0.0
999,1364,0.0
999,1365,0.0
999,1366,0.0
999,1367,0.0
999,1368,0.0
999,1369,0.0
999,1370,0.0
999,1371,0.0
999,1372,0.0
999,1373,0.0
999,1374,0.0
999,1375,0.0
999,1376,0.0
999,1377,0.0
999,1378,0.0
999,1379,0.0
999,1380,0.0
999,1381,0.0
999,1382,0.0
999,1383,0.0
999,1384,0.0
999,1385,0.0
999,1386,0.0
999,1387,0.0
999,1388,0.0
999,1389,0.0
999,1390,0.0
999,1391,0.0
999,1392,0.0
999,1393,0.0
999,1394,0.0
999,1395,0.0
999,1396,0.0
999,1397,0.0
999,1398,0.0
999,1399,0.0
999,1400,0.0
999,1401,0.0
999,1402,0.0
999,1403,0.0
999,1404,0.0
999,1405,0.0
999,1406,0.0
999,1407,0.0
999,1408,0.0
999,1409,0.0
999,1410,0.0
999,1411,0.0
999,1412,0.0
999,1413,0.0
999,1414,0.0
999,1415,0.0
999,1416,0.0
999,1417,0.0
999,1418,0.0
999,1419,0.0
999,1420,0.0
999,1421,0.0
999,1422,0.0
999,1423,0.0
999,1424,0.0
999,1425,0.0
999,1426,0.0
999,1427,0.0
999,1428,0.0
999,1429,0.0
999,1430,0.0
999,1431,0.0
999,1432,0.0
999,1433,0.0
999,1434,0.0
999,1435,0.0
999,1436,0.0
999,1437,0.0
999,1438,0.0
999,1439,0.0
999,1440,0.0
999,1441,0.0
999,1442,0.0
999,1443,0.0
999,1444,0.0
999,1445,0.0
999,1446,0.0
999,1447,0.0
999,1448,0.0
999,1449,0.0
999,1450,0.0
999,1451,0.0
999,1452,0.0
999,1453,0.0
999,1454,0.0
999,1455,0.0
999,1456,0.0
999,1457,0.0
999,1458,0.0
999,1459,0.0
999,1460,0.0
999,1461,0.0
999,1462,0.0
999,1463,0.0
999,1464,0.0
999,1465,0.0
999,1466,0.0
999,1467,0.0
999,1468,0.0
999,1469,0.0
999,1470,0.0
999,1471,0.0
999,1472,0.0
999,1473,0.0
999,1474,0.0
999,1475,0.0
999,1476,0.0
999,1477,0.0
999,1478,0.0
999,1479,0.0
999,1480,0.0
999,1481,0.0
999,1482,0.0
999,1483,0.0
999,1484,0.0
999,1485,0.0
999,1486,0.0
999,1487,0.0
999,1488,0.0
999,1489,0.0
999,1490,0.0
999,1491,0.0
999,1492,0.0
999,1493,0.0
999,1494,0.0
999,1495,0.0
999,1496,0.0
999,1497,0.0
999,1498,0.0
999,1499,0.0
999,1500,0.0
999,1501,0.0
999,1502,0.0
999,1503,0.0
999,1504,0.0
999,1505,0.0
999,1506,0.0
999,1507,0.0
999,1508,0.0
999,1509,0.0
999,1510,0.0
999,1511,0.0
999,1512,0.0
999,1513,0.0
999,1514,0.0
999,1515,0.0
999,1516,0.0
999,1517,0.0
999,1518,0.0
999,1519,0.0
999,1520,0.0
999,1521,0.0
999,1522,0.0
999,1523,0.0
999,1524,0.0
999,1525,0.0
999,1526,0.0
999,1527,0.0
999,1528,0.0
999,1529,0.0
999,1530,0.0
999,1531,0.0
999,1532,0.0
999,1533,0.0
999,1534,0.0
999,1535,0.0
999,1536,0.0
999,1537,0.0
999,1538,0.0
999,1539,0.0
999,1540,0.0
999,1541,0.0
999,1542,0.0
999,1543,0.0
999,1544,0.0
999,1545,0.0
999,1546,0.0
999,1547,0.0
999,1548,0.0
999,1549,0.0
999,1550,0.0
999,1551,0.0
999,1552,0.0
999,1553,0.0
999,1554,0.0
999,1555,0.0
999,1556,0.0
999,1557,0.0
999,1558,0.0
999,1559,0.0
999,1560,0.0
999,1561,0.0
999,1562,0.0
999,1563,0.0
999,1564,0.0
999,1565,0.0
999,1566,0.0
999,1567,0.0
999,1568,0.0
999,1569,0.0
999,1570,0.0
999,1571,0.0
999,1572,0.0
999,1573,0.0
999,1574,0.0
999,1575,0.0
999,1576,0.0
999,1577,0.0
999,1578,0.0
999,1579,0.0
999,1580,0.0
999,1581,0.0
999,1582,0.0
999,1583,0.0
999,1584,0.0
999,1585,0.0
999,1586,0.0
999,1587,0.0
999,1588,0.0
999,1589,0.0
999,1590,0.0
999,1591,0.0
999,1592,0.0
999,1593,0.0
999,1594,0.0
999,1595,0.0
999,1596,0.0
999,1597,0.0
999,1598,0.0
999,1599,0.0
999,1600,0.0
999,1601,0.0
999,1602,0.0
999,1603,0.0
999,1604,0.0
999,1605,0.0
999,1606,0.0
999,1607,0.0
999,1608,0.0
999,1609,0.0
999,1610,0.0
999,1611,0.0
999,1612,0.0
999,1613,0.0
999,1614,0.0
999,1615,0.0
999,1616,0.0
999,1617,0.0
999,1618,0.0
999,1619,0.0
999,1620,0.0
999,1621,0.0
999,1622,0.0
999,1623,0.0
999,1624,0.0
999,1625,0.0
999,1626,0.0
999,1627,0.0
999,1628,0.0
999,1629,0.0
999,1630,0.0
999,1631,0.0
999,1632,0.0
999,1633,0.0
999,1634,0.0
999,1635,0.0
999,1636,0.0
999,1637,0.0
999,1638,0.0
999,1639,0.0
999,1640,0.0
999,1641,0.0
999,1642,0.0
999,1643,0.0
999,1644,0.0
999,1645,0.0
999,1646,0.0
999,1647,0.0
999,1648,0.0
999,1649,0.0
999,1650,0.0
999,1651,0.0
999,1652,0.0
999,1653,0.0
999,1654,0.0
999,1655,0.0
999,1656,0.0
999,1657,0.0
999,1658,0.0
999,1659,0.0
999,1660,0.0
999,1661,0.0
999,1662,0.0
999,1663,0.0
999,1664,0.0
999,1665,0.0
999,1666,0.0
999,1667,0.0
999,1668,0.0
999,1669,0.0
999,1670,0.0
999,1671,0.0
999,1672,0.0
999,1673,0.0
999,1674,0.0
999,1675,0.0
999,1676,0.0
999,1677,0.0
999,1678,0.0
999,1679,0.0
999,1680,0.0
999,1681,0.0
999,1682,0.0
999,1683,0.0
999,1684,0.0
999,1685,0.0
999,1686,0.0
999,1687,0.0
999,1688,0.0
999,1689,0.0
999,1690,0.0
999,1691,0.0
999,1692,0.0
999,1693,0.0
999,1694,0.0
999,1695,0.0
999,1696,0.0
999,1697,0.0
999,1698,0.0
999,1699,0.0
999,1700,0.0
999,1701,0.0
999,1702,0.0
999,1703,0.0
999,1704,0.0
999,1705,0.0
999,1706,0.0
999,1707,0.0
999,1708,0.0
999,1709,0.0
999,1710,0.0
999,1711,0.0
999,1712,0.0
999,1713,0.0
999,1714,0.0
999,1715,0.0
999,1716,0.0
999,1717,0.0
999,1718,0.0
999,1719,0.0
999,1720,0.0
999,1721,0.0
999,1722,0.0
999,1723,0.0
999,1724,0.0
999,1725,0.0
999,1726,0.0
999,1727,0.0
999,1728,0.0
999,1729,0.0
999,1730,0.0
999,1731,0.0
999,1732,0.0
999,1733,0.0
999,1734,0.0
999,1735,0.0
999,1736,0.0
999,1737,0.0
999,1738,0.0
999,1739,0.0
999,1740,0.0
999,1741,0.0
999,1742,0.0
999,1743,0.0
999,1744,0.0
999,1745,0.0
999,1746,0.0
999,1747,0.0
999,1748,0.0
999,1749,0.0
999,1750,0.0
999,1751,0.0
999,1752,0.0
999,1753,0.0
999,1754,0.0
999,1755,0.0
999,1756,0.0
999,1757,0.0
999,1758,0.0
999,1759,0.0
999,1760,0.0
999,1761,0.0
999,1762,0.0
999,1763,0.0
999,1764,0.0
999,1765,0.0
999,1766,0.0
999,1767,0.0
999,1768,0.0
999,1769,0.0
999,1770,0.0
999,1771,0.0
999,1772,0.0
999,1773,0.0
999,1774,0.0
999,1775,0.0
999,1776,0.0
999,1777,0.0
999,1778,0.0
999,1779,0.0
999,1780,0.0
999,1781,0.0
999,1782,0.0
999,1783,0.0
999,1784,0.0
999,1785,0.0
999,1786,0.0
999,1787,0.0
999,1788,0.0
999,1789,0.0
999,1790,0.0
999,1791,0.0
999,1792,0.0
999,1793,0.0
999,1794,0.0
999,1795,0.0
999,1796,0.0
999,1797,0.0
999,1798,0.0
999,1799,0.0
999,1800,0.0
999,1801,0.0
999,1802,0.0
999,1803,0.0
999,1804,0.0
999,1805,0.0
999,1806,0.0
999,1807,0.0
999,1808,0.0
999,1809,0.0
999,1810,0.0
999,1811,0.0
999,1812,0.0
999,1813,0.0
999,1814,0.0
999,1815,0.0
999,1816,0.0
999,1817,0.0
999,1818,0.0
999,1819,0.0
999,1820,0.0
999,1821,0.0
999,1822,0.0
999,1823,0.0
999,1824,0.0
999,1825,0.0
999,1826,0.0
999,1827,0.0
999,1828,0.0
999,1829,0.0
999,1830,0.0
999,1831,0.0
999,1832,0.0
999,1833,0.0
999,1834,0.0
999,1835,0.0
999,1836,0.0
999,1837,0.0
999,1838,0.0
999,1839,0.0
999,1840,0.0
999,1841,0.0
999,1842,0.0
999,1843,0.0
999,1844,0.0
999,1845,0.0
999,1846,0.0
999,1847,0.0
999,1848,0.0
999,1849,0.0
999,1850,0.0
999,1851,0.0
999,1852,0.0
999,1853,0.0
999,1854,0.0
999,1855,0.0
999,1856,0.0
999,1857,0.0
999,1858,0.0
999,1859,0.0
999,1860,0.0
999,1861,0.0
999,1862,0.0
999,1863,0.0
999,1864,0.0
999,1865,0.0
999,1866,0.0
999,1867,0.0
999,1868,0.0
999,1869,0.0
999,1870,0.0
999,1871,0.0
999,1872,0.0
999,1873,0.0
999,1874,0.0
999,1875,0.0
999,1876,0.0
999,1877,0.0
999,1878,0.0
999,1879,0.0
999,1880,0.0
999,1881,0.0
999,1882,0.0
999,1883,0.0
999,1884,0.0
999,1885,0.0
999,1886,0.0
999,1887,0.0
999,1888,0.0
999,1889,0.0
999,1890,0.0
999,1891,0.0
999,1892,0.0
999,1893,0.0
999,1894,0.0
999,1895,0.0
999,1896,0.0
999,1897,0.0
999,1898,0.0
999,1899,0.0
999,1900,0.0
999,1901,0.0
999,1902,0.0
999,1903,0.0
999,1904,0.0
999,1905,0.0
999,1906,0.0
999,1907,0.0
999,1908,0.0
999,1909,0.0
999,1910,0.0
999,1911,0.0
999,1912,0.0
999,1913,0.0
999,1914,0.0
999,1915,0.0
999,1916,0.0
999,1917,0.0
999,1918,0.0
999,1919,0.0
999,1920,0.0
999,1921,0.0
999,1922,0.0
999,1923,0.0
999,1924,0.0
999,1925,0.0
999,1926,0.0
999,1927,0.0
999,1928,0.0
999,1929,0.0
999,1930,0.0
999,1931,0.0
999,1932,0.0
999,1933,0.0
999,1934,0.0
999,1935,0.0
999,1936,0.0
999,1937,0.0
999,1938,0.0
999,1939,0.0
999,1940,0.0
999,1941,0.0
999,1942,0.0
999,1943,0.0
999,1944,0.0
999,1945,0.0
999,1946,0.0
999,1947,0.0
999,1948,0.0
999,1949,0.0
999,1950,0.0
999,1951,0.0
999,1952,0.0
999,1953,0.0
999,1954,0.0
999,1955,0.0
999,1956,0.0
999,1957,0.0
999,1958,0.0
999,1959,0.0
999,1960,0.0
999,1961,0.0
999,1962,0.0
999,1963,0.0
999,1964,0.0
999,1965,0.0
999,1966,0.0
999,1967,0.0
999,1968,0.0
999,1969,0.0
999,1970,0.0
999,1971,0.0
999,1972,0.0
999,1973,0.0
999,1974,0.0
999,1975,0.0
999,1976,0.0
999,1977,0.0
999,1978,0.0
999,1979,0.0
999,1980,0.0
999,1981,0.0
999,1982,0.0
999,1983,0.0
999,1984,0.0
999,1985,0.0
999,1986,0.0
999,1987,0.0
999,1988,0.0
999,1989,0.0
999,1990,0.0
999,1991,0.0
999,1992,0.0
999,1993,0.0
999,1994,0.0
999,1995,0.0
999,1996,0.0
999,1997,0.0
999,1998,0.0
999,1999,0.0
999,2000,0.0
999,2001,0.0
999,2002,0.0
999,2003,0.0
999,2004,0.0
999,2005,0.0
999,2006,0.0
999,2007,0.0
999,2008,0.0
999,2009,0.0
999,2010,0.0
999,2011,0.0
999,2012,0.0
999,2013,0.0
999,2014,0.0
999,2015,0.0
999,2016,0.0
999,2017,0.0
999,2018,0.0
999,2019,0.0
999,2020,0.0
999,2021,0.0
999,2022,0.0
999,2023,0.0
999,2024,0.0
999,2025,0.0
999,2026,0.0
999,2027,0.0
999,2028,0.0
999,2029,0.0
999,2030,0.0
999,2031,0.0
999,2032,0.0
999,2033,0.0
999,2034,0.0
999,2035,0.0
999,2036,0.0
999,2037,0.0
999,2038,0.0
999,2039,0.0
999,2040,0.0
999,2041,0.0
999,2042,0.0
999,2043,0.0
999,2044,0.0
999,2045,0.0
999,2046,0.0
999,2047,0.0
999,2048,0.0
999,2049,0.0
999,2050,0.0
999,2051,0.0
999,2052,0.0
999,2053,0.0
999,2054,0.0
999,2055,0.0
999,2056,0.0
999,2057,0.0
999,2058,0.0
999,2059,0.0
999,2060,0.0
999,2061,0.0
999,2062,0.0
999,2063,0.0
999,2064,0.0
999,2065,0.0
999,2066,0.0
999,2067,0.0
999,2068,0.0
999,2069,0.0
999,2070,0.0
999,2071,0.0
999,2072,0.0
999,2073,0.0
999,2074,0.0
999,2075,0.0
999,2076,0.0
999,2077,0.0
999,2078,0.0
999,2079,0.0
999,2080,0.0
999,2081,0.0
999,2082,0.0
999,2083,0.0
999,2084,0.0
999,2085,0.0
999,2086,0.0
999,2087,0.0
999,2088,0.0
999,2089,0.0
999,2090,0.0
999,2091,0.0
999,2092,0.0
999,2093,0.0
999,2094,0.0
999,2095,0.0
999,2096,0.0
999,2097,0.0
999,2098,0.0
999,2099,0.0
999,2100,0.0
999,2101,0.0
999,2102,0.0
999,2103,0.0
999,2104,0.0
999,2105,0.0
999,2106,0.0
999,2107,0.0
999,2108,0.0
999,2109,0.0
999,2110,0.0
999,2111,0.0
999,2112,0.0
999,2113,0.0
999,2114,0.0
999,2115,0.0
999,2116,0.0
999,2117,0.0
999,2118,0.0
999,2119,0.0
999,2120,0.0
999,2121,0.0
999,2122,0.0
999,2123,0.0
999,2124,0.0
999,2125,0.0
999,2126,0.0
999,2127,0.0
999,2128,0.0
999,2129,0.0
999,2130,0.0
999,2131,0.0
999,2132,0.0
999,2133,0.0
999,2134,0.0
999,2135,0.0
999,2136,0.0
999,2137,0.0
999,2138,0.0
999,2139,0.0
999,2140,0.0
999,2141,0.0
999,2142,0.0
999,2143,0.0
999,2144,0.0
999,2145,0.0
999,2146,0.0
999,2147,0.0
999,2148,0.0
999,2149,0.0
999,2150,0.0
999,2151,0.0
999,2152,0.0
999,2153,0.0
999,2154,0.0
999,2155,0.0
999,2156,0.0
999,2157,0.0
999,2158,0.0
999,2159,0.0
999,2160,0.0
999,2161,0.0
999,2162,0.0
999,2163,0.0
999,2164,0.0
999,2165,0.0
999,2166,0.0
999,2167,0.0
999,2168,0.0
999,2169,0.0
999,2170,0.0
999,2171,0.0
999,2172,0.0
999,2173,0.0
999,2174,0.0
999,2175,0.0
999,2176,0.0
999,2177,0.0
999,2178,0.0
999,2179,0.0
999,2180,0.0
999,2181,0.0
999,2182,0.0
999,2183,0.0
999,2184,0.0
999,2185,0.0
999,2186,0.0
999,2187,0.0
999,2188,0.0
999,2189,0.0
999,2190,0.0
999,2191,0.0
999,2192,0.0
999,2193,0.0
999,2194,0.0
999,2195,0.0
999,2196,0.0
999,2197,0.0
999,2198,0.0
999,2199,0.0
999,2200,0.0
999,2201,0.0
999,2202,0.0
999,2203,0.0
999,2204,0.0
999,2205,0.0
999,2206,0.0
999,2207,0.0
999,2208,0.0
999,2209,0.0
999,2210,0.0
999,2211,0.0
999,2212,0.0
999,2213,0.0
999,2214,0.0
999,2215,0.0
999,2216,0.0
999,2217,0.0
999,2218,0.0
999,2219,0.0
999,2220,0.0
999,2221,0.0
999,2222,0.0
999,2223,0.0
999,2224,0.0
999,2225,0.0
999,2226,0.0
999,2227,0.0
999,2228,0.0
999,2229,0.0
999,2230,0.0
999,2231,0.0
999,2232,0.0
999,2233,0.0
999,2234,0.0
999,2235,0.0
999,2236,0.0
999,2237,0.0
999,2238,0.0
999,2239,0.0
999,2240,0.0
999,2241,0.0
999,2242,0.0
999,2243,0.0
999,2244,0.0
999,2245,0.0
999,2246,0.0
999,2247,0.0
999,2248,0.0
999,2249,0.0
999,2250,0.0
999,2251,0.0
999,2252,0.0
999,2253,0.0
999,2254,0.0
999,2255,0.0
999,2256,0.0
999,2257,0.0
999,2258,0.0
999,2259,0.0
999,2260,0.0
999,2261,0.0
999,2262,0.0
999,2263,0.0
999,2264,0.0
999,2265,0.0
999,2266,0.0
999,2267,0.0
999,2268,0.0
999,2269,0.0
999,2270,0.0
999,2271,0.0
999,2272,0.0
999,2273,0.0
999,2274,0.0
999,2275,0.0
999,2276,0.0
999,2277,0.0
999,2278,0.0
999,2279,0.0
999,2280,0.0
999,2281,0.0
999,2282,0.0
999,2283,0.0
999,2284,0.0
999,2285,0.0
999,2286,0.0
999,2287,0.0
999,2288,0.0
999,2289,0.0
999,2290,0.0
999,2291,0.0
999,2292,0.0
999,2293,0.0
999,2294,0.0
999,2295,0.0
999,2296,0.0
999,2297,0.0
999,2298,0.0
999,2299,0.0
999,2300,0.0
999,2301,0.0
999,2302,0.0
999,2303,0.0
999,2304,0.0
999,2305,0.0
999,2306,0.0
999,2307,0.0
999,2308,0.0
999,2309,0.0
999,2310,0.0
999,2311,0.0
999,2312,0.0
999,2313,0.0
999,2314,0.0
999,2315,0.0
999,2316,0.0
999,2317,0.0
999,2318,0.0
999,2319,0.0
999,2320,0.0
999,2321,0.0
999,2322,0.0
999,2323,0.0
999,2324,0.0
999,2325,0.0
999,2326,0.0
999,2327,0.0
999,2328,0.0
999,2329,0.0
999,2330,0.0
999,2331,0.0
999,2332,0.0
999,2333,0.0
999,2334,0.0
999,2335,0.0
999,2336,0.0
999,2337,0.0
999,2338,0.0
999,2339,0.0
999,2340,0.0
999,2341,0.0
999,2342,0.0
999,2343,0.0
999,2344,0.0
999,2345,0.0
999,2346,0.0
999,2347,0.0
999,2348,0.0
999,2349,0.0
999,2350,0.0
999,2351,0.0
999,2352,0.0
999,2353,0.0
999,2354,0.0
999,2355,0.0
999,2356,0.0
999,2357,0.0
999,2358,0.0
999,2359,0.0
999,2360,0.0
999,2361,0.0
999,2362,0.0
999,2363,0.0
999,2364,0.0
999,2365,0.0
999,2366,0.0
999,2367,0.0
999,2368,0.0
999,2369,0.0
999,2370,0.0
999,2371,0.0
999,2372,0.0
999,2373,0.0
999,2374,0.0
999,2375,0.0
999,2376,0.0
999,2377,0.0
999,2378,0.0
999,2379,0.0
999,2380,0.0
999,2381,0.0
999,2382,0.0
999,2383,0.0
999,2384,0.0
999,2385,0.0
999,2386,0.0
999,2387,0.0
999,2388,0.0
999,2389,0.0
999,2390,0.0
999,2391,0.0
999,2392,0.0
999,2393,0.0
999,2394,0.0
999,2395,0.0
999,2396,0.0
999,2397,0.0
999,2398,0.0
999,2399,0.0
999,2400,0.0
999,2401,0.0
999,2402,0.0
999,2403,0.0
999,2404,0.0
999,2405,0.0
999,2406,0.0
999,2407,0.0
999,2408,0.0
999,2409,0.0
999,2410,0.0
999,2411,0.0
999,2412,0.0
999,2413,0.0
999,2414,0.0
999,2415,0.0
999,2416,0.0
999,2417,0.0
999,2418,0.0
999,2419,0.0
999,2420,0.0
999,2421,0.0
999,2422,0.0
999,2423,0.0
999,2424,0.0
999,2425,0.0
999,2426,0.0
999,2427,0.0
999,2428,0.0
999,2429,0.0
999,2430,0.0
999,2431,0.0
999,2432,0.0
999,2433,0.0
999,2434,0.0
999,2435,0.0
999,2436,0.0
999,2437,0.0
999,2438,0.0
999,2439,0.0
999,2440,0.0
999,2441,0.0
999,2442,0.0
999,2443,0.0
999,2444,0.0
999,2445,0.0
999,2446,0.0
999,2447,0.0
999,2448,0.0
999,2449,0.0
999,2450,0.0
999,2451,0.0
999,2452,0.0
999,2453,0.0
999,2454,0.0
999,2455,0.0
999,2456,0.0
999,2457,0.0
999,2458,0.0
999,2459,0.0
999,2460,0.0
999,2461,0.0
999,2462,0.0
999,2463,0.0
999,2464,0.0
999,2465,0.0
999,2466,0.0
999,2467,0.0
999,2468,0.0
999,2469,0.0
999,2470,0.0
999,2471,0.0
999,2472,0.0
999,2473,0.0
999,2474,0.0
999,2475,0.0
999,2476,0.0
999,2477,0.0
999,2478,0.0
999,2479,0.0
999,2480,0.0
999,2481,0.0
999,2482,0.0
999,2483,0.0
999,2484,0.0
999,2485,0.0
999,2486,0.0
999,2487,0.0
999,2488,0.0
999,2489,0.0
999,2490,0.0
999,2491,0.0
999,2492,0.0
999,2493,0.0
999,2494,0.0
999,2495,0.0
999,2496,0.0
999,2497,0.0
999,2498,0.0
999,2499,0.0
999,2500,0.0
999,2501,0.0
999,2502,0.0
999,2503,0.0
999,2504,0.0
999,2505,0.0
999,2506,0.0
999,2507,0.0
999,2508,0.0
999,2509,0.0
999,2510,0.0
999,2511,0.0
999,2512,0.0
999,2513,0.0
999,2514,0.0
999,2515,0.0
999,2516,0.0
999,2517,0.0
999,2518,0.0
999,2519,0.0
999,2520,0.0
999,2521,0.0
999,2522,0.0
999,2523,0.0
999,2524,0.0
999,2525,0.0
999,2526,0.0
999,2527,0.0
999,2528,0.0
999,2529,0.0
999,2530,0.0
999,2531,0.0
999,2532,0.0
999,2533,0.0
999,2534,0.0
999,2535,0.0
999,2536,0.0
999,2537,0.0
999,2538,0.0
999,2539,0.0
999,2540,0.0
999,2541,0.0
999,2542,0.0
999,2543,0.0
999,2544,0.0
999,2545,0.0
999,2546,0.0
999,2547,0.0
999,2548,0.0
999,2549,0.0
999,2550,0.0
999,2551,0.0
999,2552,0.0
999,2553,0.0
999,2554,0.0
999,2555,0.0
999,2556,0.0
999,2557,0.0
999,2558,0.0
999,2559,0.0
999,2560,0.0
999,2561,0.0
999,2562,0.0
999,2563,0.0
999,2564,0.0
999,2565,0.0
999,2566,0.0
999,2567,0.0
999,2568,0.0
999,2569,0.0
999,2570,0.0
999,2571,0.0
999,2572,0.0
999,2573,0.0
999,2574,0.0
999,2575,0.0
999,2576,0.0
999,2577,0.0
999,2578,0.0
999,2579,0.0
999,2580,0.0
999,2581,0.0
999,2582,0.0
999,2583,0.0
999,2584,0.0
999,2585,0.0
999,2586,0.0
999,2587,0.0
999,2588,0.0
999,2589,0.0
999,2590,0.0
999,2591,0.0
999,2592,0.0
999,2593,0.0
999,2594,0.0
999,2595,0.0
999,2596,0.0
999,2597,0.0
999,2598,0.0
999,2599,0.0
999,2600,0.0
999,2601,0.0
999,2602,0.0
999,2603,0.0
999,2604,0.0
999,2605,0.0
999,2606,0.0
999,2607,0.0
999,2608,0.0
999,2609,0.0
999,2610,0.0
999,2611,0.0
999,2612,0.0
999,2613,0.0
999,2614,0.0
999,2615,0.0
999,2616,0.0
999,2617,0.0
999,2618,0.0
999,2619,0.0
999,2620,0.0
999,2621,0.0
999,2622,0.0
999,2623,0.0
999,2624,0.0
999,2625,0.0
999,2626,0.0
999,2627,0.0
999,2628,0.0
999,2629,0.0
999,2630,0.0
999,2631,0.0
999,2632,0.0
999,2633,0.0
999,2634,0.0
999,2635,0.0
999,2636,0.0
999,2637,0.0
999,2638,0.0
999,2639,0.0
999,2640,0.0
999,2641,0.0
999,2642,0.0
999,2643,0.0
999,2644,0.0
999,2645,0.0
999,2646,0.0
999,2647,0.0
999,2648,0.0
999,2649,0.0
999,2650,0.0
999,2651,0.0
999,2652,0.0
999,2653,0.0
999,2654,0.0
999,2655,0.0
999,2656,0.0
999,2657,0.0
999,2658,0.0
999,2659,0.0
999,2660,0.0
999,2661,0.0
999,2662,0.0
999,2663,0.0
999,2664,0.0
999,2665,0.0
999,2666,0.0
999,2667,0.0
999,2668,0.0
999,2669,0.0
999,2670,0.0
999,2671,0.0
999,2672,0.0
999,2673,0.0
999,2674,0.0
999,2675,0.0
999,2676,0.0
999,2677,0.0
999,2678,0.0
999,2679,0.0
999,2680,0.0
999,2681,0.0
999,2682,0.0
999,2683,0.0
999,2684,0.0
999,2685,0.0
999,2686,0.0
999,2687,0.0
999,2688,0.0
999,2689,0.0
999,2690,0.0
999,2691,0.0
999,2692,0.0
999,2693,0.0
999,2694,0.0
999,2695,0.0
999,2696,0.0
999,2697,0.0
999,2698,0.0
999,2699,0.0
999,2700,0.0
999,2701,0.0
999,2702,0.0
999,2703,0.0
999,2704,0.0
999,2705,0.0
999,2706,0.0
999,2707,0.0
999,2708,0.0
999,2709,0.0
999,2710,0.0
999,2711,0.0
999,2712,0.0
999,2713,0.0
999,2714,0.0
999,2715,0.0
999,2716,0.0
999,2717,0.0
999,2718,0.0
999,2719,0.0
999,2720,0.0
999,2721,0.0
999,2722,0.0
999,2723,0.0
999,2724,0.0
999,2725,0.0
999,2726,0.0
999,2727,0.0
999,2728,0.0
999,2729,0.0
999,2730,0.0
999,2731,0.0
999,2732,0.0
999,2733,0.0
999,2734,0.0
999,2735,0.0
999,2736,0.0
999,2737,0.0
999,2738,0.0
999,2739,0.0
999,2740,0.0
999,2741,0.0
999,2742,0.0
999,2743,0.0
999,2744,0.0
999,2745,0.0
999,2746,0.0
999,2747,0.0
999,2748,0.0
999,2749,0.0
999,2750,0.0
999,2751,0.0
999,2752,0.0
999,2753,0.0
999,2754,0.0
999,2755,0.0
999,2756,0.0
999,2757,0.0
999,2758,0.0
999,2759,0.0
999,2760,0.0
999,2761,0.0
999,2762,0.0
999,2763,0.0
999,2764,0.0
999,2765,0.0
999,2766,0.0
999,2767,0.0
999,2768,0.0
999,2769,0.0
999,2770,0.0
999,2771,0.0
999,2772,0.0
999,2773,0.0
999,2774,0.0
999,2775,0.0
999,2776,0.0
999,2777,0.0
999,2778,0.0
999,2779,0.0
999,2780,0.0
999,2781,0.0
999,2782,0.0
999,2783,0.0
999,2784,0.0
999,2785,0.0
999,2786,0.0
999,2787,0.0
999,2788,0.0
999,2789,0.0
999,2790,0.0
999,2791,0.0
999,2792,0.0
999,2793,0.0
999,2794,0.0
999,2795,0.0
999,2796,0.0
999,2797,0.0
999,2798,0.0
999,2799,0.0
999,2800,0.0
999,2801,0.0
999,2802,0.0
999,2803,0.0
999,2804,0.0
999,2805,0.0
999,2806,0.0
999,2807,0.0
999,2808,0.0
999,2809,0.0
999,2810,0.0
999,2811,0.0
999,2812,0.0
999,2813,0.0
999,2814,0.0
999,2815,0.0
999,2816,0.0
999,2817,0.0
999,2818,0.0
999,2819,0.0
999,2820,0.0
999,2821,0.0
999,2822,0.0
999,2823,0.0
999,2824,0.0
999,2825,0.0
999,2826,0.0
999,2827,0.0
999,2828,0.0
999,2829,0.0
999,2830,0.0
999,2831,0.0
999,2832,0.0
999,2833,0.0
999,2834,0.0
999,2835,0.0
999,2836,0.0
999,2837,0.0
999,2838,0.0
999,2839,0.0
999,2840,0.0
999,2841,0.0
999,2842,0.0
999,2843,0.0
999,2844,0.0
999,2845,0.0
999,2846,0.0
999,2847,0.0
999,2848,0.0
999,2849,0.0
999,2850,0.0
999,2851,0.0
999,2852,0.0
999,2853,0.0
999,2854,0.0
999,2855,0.0
999,2856,0.0
999,2857,0.0
999,2858,0.0
999,2859,0.0
999,2860,0.0
999,2861,0.0
999,2862,0.0
999,2863,0.0
999,2864,0.0
999,2865,0.0
999,2866,0.0
999,2867,0.0
999,2868,0.0
999,2869,0.0
999,2870,0.0
999,2871,0.0
999,2872,0.0
999,2873,0.0
999,2874,0.0
999,2875,0.0
999,2876,0.0
999,2877,0.0
999,2878,0.0
999,2879,0.0
999,2880,0.0
999,2881,0.0
999,2882,0.0
999,2883,0.0
999,2884,0.0
999,2885,0.0
999,2886,0.0
999,2887,0.0
999,2888,0.0
999,2889,0.0
999,2890,0.0
999,2891,0.0
999,2892,0.0
999,2893,0.0
999,2894,0.0
999,2895,0.0
999,2896,0.0
999,2897,0.0
999,2898,0.0
999,2899,0.0
999,2900,0.0
999,2901,0.0
999,2902,0.0
999,2903,0.0
999,2904,0.0
999,2905,0.0
999,2906,0.0
999,2907,0.0
999,2908,0.0
999,2909,0.0
999,2910,0.0
999,2911,0.0
999,2912,0.0
999,2913,0.0
999,2914,0.0
999,2915,0.0
999,2916,0.0
999,2917,0.0
999,2918,0.0
999,2919,0.0
999,2920,0.0
999,2921,0.0
999,2922,0.0
999,2923,0.0
999,2924,0.0
999,2925,0.0
999,2926,0.0
999,2927,0.0
999,2928,0.0
999,2929,0.0
999,2930,0.0
999,2931,0.0
999,2932,0.0
999,2933,0.0
999,2934,0.0
999,2935,0.0
999,2936,0.0
999,2937,0.0
999,2938,0.0
999,2939,0.0
999,2940,0.0
999,2941,0.0
999,2942,0.0
999,2943,0.0
999,2944,0.0
999,2945,0.0
999,2946,0.0
999,2947,0.0
999,2948,0.0
999,2949,0.0
999,2950,0.0
999,2951,0.0
999,2952,0.0
999,2953,0.0
999,2954,0.0
999,2955,0.0
999,2956,0.0
999,2957,0.0
999,2958,0.0
999,2959,0.0
999,2960,0.0
999,2961,0.0
999,2962,0.0
999,2963,0.0
999,2964,0.0
999,2965,0.0
999,2966,0.0
999,2967,0.0
999,2968,0.0
999,2969,0.0
999,2970,0.0
999,2971,0.0
999,2972,0.0
999,2973,0.0
999,2974,0.0
999,2975,0.0
999,2976,0.0
999,2977,0.0
999,2978,0.0
999,2979,0.0
999,2980,0.0
999,2981,0.0
999,2982,0.0
999,2983,0.0
999,2984,0.0
999,2985,0.0
999,2986,0.0
999,2987,0.0
999,2988,0.0
999,2989,0.0
999,2990,0.0
999,2991,0.0
999,2992,0.0
999,2993,0.0
999,2994,0.0
999,2995,0.0
999,2996,0.0
999,2997,0.0
999,2998,0.0
999,2999,0.0
900,0,0.0
900,1,0.0
900,2,0.0
900,3,0.0
900,4,0.0
900,5,0.0
900,6,0.0
900,7,0.0
900,8,0.0
900,9,0.0
900,10,0.0
900,11,0.0
900,12,0.0
900,13,0.0
900,14,0.0
900,15,0.0
900,16,0.0
900,17,0.0
900,18,0.0
900,19,0.0
900,20,0.0
900,21,0.0
900,22,0.0
900,23,0.0
900,24,0.0
900,25,0.0
900,26,0.0
900,27,0.0
900,28,0.0
900,29,0.0
900,30,0.0
900,31,0.0
900,32,0.0
900,33,0.0
900,34,0.0
900,35,0.0
900,36,0.0
900,37,0.0
900,38,0.0
900,39,0.0
900,40,0.0
900,41,0.0
900,42,0.0
900,43,0.0
900,44,0.0
900,45,0.0
900,46,0.0
900,47,0.0
900,48,0.0
900,49,0.0
900,50,0.0
900,51,0.0
900,52,0.0
900,53,0.0
900,54,0.0
900,55,0.0
900,56,0.0
900,57,0.0
900,58,0.0
900,59,0.0
900,60,0.0
900,61,0.0
900,62,0.0
900,63,0.0
900,64,0.0
900,65,0.0
900,66,0.0
900,67,0.0
900,68,0.0
900,69,0.0
900,70,0.0
900,71,0.0
900,72,0.0
900,73,0.0
900,74,0.0
900,75,0.0
900,76,0.0
900,77,0.0
900,78,0.0
900,79,0.0
900,80,0.0
900,81,0.0
900,82,0.0
900,83,0.0
900,84,0.0
900,85,0.0
900,86,0.0
900,87,0.0
900,88,0.0
900,89,0.0
900,90,0.0
900,91,0.0
900,92,0.0
900,93,0.0
900,94,0.0
900,95,0.0
900,96,0.0
900,97,0.0
900,98,0.0
900,99,0.0
900,100,0.0
900,101,0.0
900,102,0.0
900,103,0.0
900,104,0.0
900,105,0.0
900,106,0.0
900,107,0.0
900,108,0.0
900,109,0.0
900,110,0.0
900,111,0.0
900,112,0.0
900,113,0.0
900,114,0.0
900,115,0.0
900,116,0.0
900,117,0.0
900,118,0.0
900,119,0.0
900,120,0.0
900,121,0.0
900,122,0.0
900,123,0.0
900,124,0.0
900,125,0.0
900,126,0.0
900,127,0.0
900,128,0.0
900,129,0.0
900,130,0.0
900,131,0.0
900,132,0.0
900,133,0.0
900,134,0.0
900,135,0.0
900,136,0.0
900,137,0.0
900,138,0.0
900,139,0.0
900,140,0.0
900,141,0.0
900,142,0.0
900,143,0.0
900,144,0.0
900,145,0.0
900,146,0.0
900,147,0.0
900,148,0.0
900,149,0.0
900,150,0.0
900,151,0.0
900,152,0.0
900,153,0.0
900,154,0.0
900,155,0.0
900,156,0.0
900,157,0.0
900,158,0.0
900,159,0.0
900,160,0.0
900,161,0.0
900,162,0.0
900,163,0.0
900,164,0.0
900,165,0.0
900,166,0.0
900,167,0.0
900,168,0.0
900,169,0.0
900,170,0.0
900,171,0.0
900,172,0.0
900,173,0.0
900,174,0.0
900,175,0.0
900,176,0.0
900,177,0.0
900,178,0.0
900,179,0.0
900,180,0.0
900,181,0.0
900,182,0.0
900,183,0.0
900,184,0.0
900,185,0.0
900,186,0.0
900,187,0.0
900,188,0.0
900,189,0.0
900,190,0.0
900,191,0.0
900,192,0.0
900,193,0.0
900,194,0.0
900,195,0.0
900,196,0.0
900,197,0.0
900,198,0.0
900,199,0.0
900,200,0.0
900,201,0.0
900,202,0.0
900,203,0.0
900,204,0.0
900,205,0.0
900,206,0.0
900,207,0.0
900,208,0.0
900,209,0.0
900,210,0.0
900,211,0.0
900,212,0.0
900,213,0.0
900,214,0.0
900,215,0.0
900,216,0.0
900,217,0.0
900,218,0.0
900,219,0.0
900,220,0.0
900,221,0.0
900,222,0.0
900,223,0.0
900,224,0.0
900,225,0.0
900,226,0.0
900,227,0.0
900,228,0.0
900,229,0.0
900,230,0.0
900,231,0.0
900,232,0.0
900,233,0.0
900,234,0.0
900,235,0.0
900,236,0.0
900,237,0.0
900,238,0.0
900,239,0.0
900,240,0.0
900,241,0.0
900,242,0.0
900,243,0.0
900,244,0.0
900,245,0.0
900,246,0.0
900,247,0.0
900,248,0.0
900,249,0.0
900,250,0.0
900,251,0.0
900,252,0.0
900,253,0.0
900,254,0.0
900,255,0.0
900,256,0.0
900,257,0.0
900,258,0.0
900,259,0.0
900,260,0.0
900,261,0.0
900,262,0.0
900,263,0.0
900,264,0.0
900,265,0.0
900,266,0.0
900,267,0.0
900,268,0.0
900,269,0.0
900,270,0.0
900,271,0.0
900,272,0.0
900,273,0.0
900,274,0.0
900,275,0.0
900,276,0.0
900,277,0.0
900,278,0.0
900,279,0.0
900,280,0.0
900,281,0.0
900,282,0.0
900,283,0.0
900,284,0.0
900,285,0.0
900,286,0.0
900,287,0.0
900,288,0.0
900,289,0.0
900,290,0.0
900,291,0.0
900,292,0.0
900,293,0.0
900,294,0.0
900,295,0.0
900,296,0.0
900,297,0.0
900,298,0.0
900,299,0.0
900,300,0.0
900,301,0.0
900,302,0.0
900,303,0.0
900,304,0.0
900,305,0.0
900,306,0.0
900,307,0.0
900,308,0.0
900,309,0.0
900,310,0.0
900,311,0.0
900,312,0.0
900,313,0.0
900,314,0.0
900,315,0.0
900,316,0.0
900,317,0.0
900,318,0.0
900,319,0.0
900,320,0.0
900,321,0.0
900,322,0.0
900,323,0.0
900,324,0.0
900,325,0.0
900,326,0.0
900,327,0.0
900,328,0.0
900,329,0.0
900,330,0.0
900,331,0.0
900,332,0.0
900,333,0.0
900,334,0.0
900,335,0.0
900,336,0.0
900,337,0.0
900,338,0.0
900,339,0.0
900,340,0.0
900,341,0.0
900,342,0.0
900,343,0.0
900,344,0.0
900,345,0.0
900,346,0.0
900,347,0.0
900,348,0.0
900,349,0.0
900,350,0.0
900,351,0.0
900,352,0.0
900,353,0.0
900,354,0.0
900,355,0.0
900,356,0.0
900,357,0.0
900,358,0.0
900,359,0.0
900,360,0.0
900,361,0.0
900,362,0.0
900,363,0.0
900,364,0.0
900,365,0.0
900,366,0.0
900,367,0.0
900,368,0.0
900,369,0.0
900,370,0.0
900,371,0.0
900,372,0.0
900,373,0.0
900,374,0.0
900,375,0.0
900,376,0.0
900,377,0.0
900,378,0.0
900,379,0.0
900,380,0.0
900,381,0.0
900,382,0.0
900,383,0.0
900,384,0.0
900,385,0.0
900,386,0.0
900,387,0.0
900,388,0.0
900,389,0.0
900,390,0.0
900,391,0.0
900,392,0.0
900,393,0.0
900,394,0.0
900,395,0.0
900,396,0.0
900,397,0.0
900,398,0.0
900,399,0.0
900,400,0.0
900,401,0.0
900,402,0.0
900,403,0.0
900,404,0.0
900,405,0.0
900,406,0.0
900,407,0.0
900,408,0.0
900,409,0.0
900,410,0.0
900,411,0.0
900,412,0.0
900,413,0.0
900,414,0.0
900,415,0.0
900,416,0.0
900,417,0.0
900,418,0.0
900,419,0.0
900,420,0.0
900,421,0.0
900,422,0.0
900,423,0.0
900,424,0.0
900,425,0.0
900,426,0.0
900,427,0.0
900,428,0.0
900,429,0.0
900,430,0.0
900,431,0.0
900,432,0.0
900,433,0.0
900,434,0.0
900,435,0.0
900,436,0.0
900,437,0.0
900,438,0.0
900,439,0.0
900,440,0.0
900,441,0.0
900,442,0.0
900,443,0.0
900,444,0.0
900,445,0.0
900,446,0.0
900,447,0.0
900,448,0.0
900,449,0.0
900,450,0.0
900,451,0.0
900,452,0.0
900,453,0.0
900,454,0.0
900,455,0.0
900,456,0.0
900,457,0.0
900,458,0.0
900,459,0.0
900,460,0.0
900,461,0.0
900,462,0.0
900,463,0.0
900,464,0.0
900,465,0.0
900,466,0.0
900,467,0.0
900,468,0.0
900,469,0.0
900,470,0.0
900,471,0.0
900,472,0.0
900,473,0.0
900,474,0.0
900,475,0.0
900,476,0.0
900,477,0.0
900,478,0.0
900,479,0.0
900,480,0.0
900,481,0.0
900,482,0.0
900,483,0.0
900,484,0.0
900,485,0.0
900,486,0.0
900,487,0.0
900,488,0.0
900,489,0.0
900,490,0.0
900,491,0.0
900,492,0.0
900,493,0.0
900,494,0.0
900,495,0.0
900,496,0.0
900,497,0.0
900,498,0.0
900,499,0.0
900,500,0.0
900,501,0.0
900,502,0.0
900,503,0.0
900,504,0.0
900,505,0.0
900,506,0.0
900,507,0.0
900,508,0.0
900,509,0.0
900,510,0.0
900,511,0.0
900,512,0.0
900,513,0.0
900,514,0.0
900,515,0.0
900,516,0.0
900,517,0.0
900,518,0.0
900,519,0.0
900,520,0.0
900,521,0.0
900,522,0.0
900,523,0.0
900,524,0.0
900,525,0.0
900,526,0.0
900,527,0.0
900,528,0.0
900,529,0.0
900,530,0.0
900,531,0.0
900,532,0.0
900,533,0.0
900,534,0.0
900,535,0.0
900,536,0.0
900,537,0.0
900,538,0.0
900,539,0.0
900,540,0.0
900,541,0.0
900,542,0.0
900,543,0.0
900,544,0.0
900,545,0.0
900,546,0.0
900,547,0.0
900,548,0.0
900,549,0.0
900,550,0.0
900,551,0.0
900,552,0.0
900,553,0.0
900,554,0.0
900,555,0.0
900,556,0.0
900,557,0.0
900,558,0.0
900,559,0.0
900,560,0.0
900,561,0.0
900,562,0.0
900,563,0.0
900,564,0.0
900,565,0.0
900,566,0.0
900,567,0.0
900,568,0.0
900,569,0.0
900,570,0.0
900,571,0.0
900,572,0.0
900,573,0.0
900,574,0.0
900,575,0.0
900,576,0.0
900,577,0.0
900,578,0.0
900,579,0.0
900,580,0.0
900,581,0.0
900,582,0.0
900,583,0.0
900,584,0.0
900,585,0.0
900,586,0.0
900,587,0.0
900,588,0.0
900,589,0.0
900,590,0.0
900,591,0.0
900,592,0.0
900,593,0.0
900,594,0.0
900,595,0.0
900,596,0.0
900,597,0.0
900,598,0.0
900,599,0.0
900,600,0.0
900,601,0.0
900,602,0.0
900,603,0.0
900,604,0.0
900,605,0.0
900,606,0.0
900,607,0.0
900,608,0.0
900,609,0.0
900,610,0.0
900,611,0.0
900,612,0.0
900,613,0.0
900,614,0.0
900,615,0.0
900,616,0.0
900,617,0.0
900,618,0.0
900,619,0.0
900,620,0.0
900,621,0.0
900,622,0.0
900,623,0.0
900,624,0.0
900,625,0.0
900,626,0.0
900,627,0.0
900,628,0.0
900,629,0.0
900,630,0.0
900,631,0.0
900,632,0.0
900,633,0.0
900,634,0.0
900,635,0.0
900,636,0.0
900,637,0.0
900,638,0.0
900,639,0.0
900,640,0.0
900,641,0.0
900,642,0.0
900,643,0.0
900,644,0.0
900,645,0.0
900,646,0.0
900,647,0.0
900,648,0.0
900,649,0.0
900,650,0.0
900,651,0.0
900,652,0.0
900,653,0.0
900,654,0.0
900,655,0.0
900,656,0.0
900,657,0.0
900,658,0.0
900,659,0.0
900,660,0.0
900,661,0.0
900,662,0.0
900,663,0.0
900,664,0.0
900,665,0.0
900,666,0.0
900,667,0.0
900,668,0.0
900,669,0.0
900,670,0.0
900,671,0.0
900,672,0.0
900,673,0.0
900,674,0.0
900,675,0.0
900,676,0.0
900,677,0.0
900,678,0.0
900,679,0.0
900,680,0.0
900,681,0.0
900,682,0.0
900,683,0.0
900,684,0.0
900,685,0.0
900,686,0.0
900,687,0.0
900,688,0.0
900,689,0.0
900,690,0.0
900,691,0.0
900,692,0.0
900,693,0.0
900,694,0.0
900,695,0.0
900,696,0.0
900,697,0.0
900,698,0.0
900,699,0.0
900,700,0.0
900,701,0.0
900,702,0.0
900,703,0.0
900,704,0.0
900,705,0.0
900,706,0.0
900,707,0.0
900,708,0.0
900,709,0.0
900,710,0.0
900,711,0.0
900,712,0.0
900,713,0.0
900,714,0.0
900,715,0.0
900,716,0.0
900,717,0.0
900,718,0.0
900,719,0.0
900,720,0.0
900,721,0.0
900,722,0.0
900,723,0.0
900,724,0.0
900,725,0.0
900,726,0.0
900,727,0.0
900,728,0.0
900,729,0.0
900,730,0.0
900,731,0.0
900,732,0.0
900,733,0.0
900,734,0.0
900,735,0.0
900,736,0.0
900,737,0.0
900,738,0.0
900,739,0.0
900,740,0.0
900,741,0.0
900,742,0.0
900,743,0.0
900,744,0.0
900,745,0.0
900,746,0.0
900,747,0.0
900,748,0.0
900,749,0.0
900,750,0.0
900,751,0.0
900,752,0.0
900,753,0.0
900,754,0.0
900,755,0.0
900,756,0.0
900,757,0.0
900,758,0.0
900,759,0.0
900,760,0.0
900,761,0.0
900,762,0.0
900,763,0.0
900,764,0.0
900,765,0.0
900,766,0.0
900,767,0.0
900,768,0.0
900,769,0.0
900,770,0.0
900,771,0.0
900,772,0.0
900,773,0.0
900,774,0.0
900,775,0.0
900,776,0.0
900,777,0.0
900,778,0.0
900,779,0.0
900,780,0.0
900,781,0.0
900,782,0.0
900,783,0.0
900,784,0.0
900,785,0.0
900,786,0.0
900,787,0.0
900,788,0.0
900,789,0.0
900,790,0.0
900,791,0.0
900,792,0.0
900,793,0.0
900,794,0.0
900,795,0.0
900,796,0.0
900,797,0.0
900,798,0.0
900,799,0.0
900,800,0.0
900,801,0.0
900,802,0.0
900,803,0.0
900,804,0.0
900,805,0.0
900,806,0.0
900,807,0.0
900,808,0.0
900,809,0.0
900,810,0.0
900,811,0.0
900,812,0.0
900,813,0.0
900,814,0.0
900,815,0.0
900,816,0.0
900,817,0.0
900,818,0.0
900,819,0.0
900,820,0.0
900,821,0.0
900,822,0.0
900,823,0.0
900,824,0.0
900,825,0.0
900,826,0.0
900,827,0.0
900,828,0.0
900,829,0.0
900,830,0.0
900,831,0.0
900,832,0.0
900,833,0.0
900,834,0.0
900,835,0.0
900,836,0.0
900,837,0.0
900,838,0.0
900,839,0.0
900,840,0.0
900,841,0.0
900,842,0.0
900,843,0.0
900,844,0.0
900,845,0.0
900,846,0.0
900,847,0.0
900,848,0.0
900,849,0.0
900,850,0.0
900,851,0.0
900,852,0.0
900,853,0.0
900,854,0.0
900,855,0.0
900,856,0.0
900,857,0.0
900,858,0.0
900,859,0.0
900,860,0.0
900,861,0.0
900,862,0.0
900,863,0.0
900,864,0.0
900,865,0.0
900,866,0.0
900,867,0.0
900,868,0.0
900,869,0.0
900,870,0.0
900,871,0.0
900,872,0.0
900,873,0.0
900,874,0.0
900,875,0.0
900,876,0.0
900,877,0.0
900,878,0.0
900,879,0.0
900,880,0.0
900,881,0.0
900,882,0.0
900,883,0.0
900,884,0.0
900,885,0.0
900,886,0.0
900,887,0.0
900,888,0.0
900,889,0.0
900,890,0.0
900,891,0.0
900,892,0.0
900,893,0.0
900,894,0.0
900,895,0.0
900,896,0.0
900,897,0.0
900,898,0.0
900,899,0.0
900,900,0.0
900,901,0.0
900,902,0.0
900,903,0.0
900,904,0.0
900,905,0.0
900,906,0.0
900,907,0.0
900,908,0.0
900,909,0.0
900,910,0.0
900,911,0.0
900,912,0.0
900,913,0.0
900,914,0.0
900,915,0.0
900,916,0.0
900,917,0.0
900,918,0.0
900,919,0.0
900,920,0.0
900,921,0.0
900,922,0.0
900,923,0.0
900,924,0.0
900,925,0.0
900,926,0.0
900,927,0.0
900,928,0.0
900,929,0.0
900,930,0.0
900,931,0.0
900,932,0.0
900,933,0.0
900,934,0.0
900,935,0.0
900,936,0.0
900,937,0.0
900,938,0.0
900,939,0.0
900,940,0.0
900,941,0.0
900,942,0.0
900,943,0.0
900,944,0.0
900,945,0.0
900,946,0.0
900,947,0.0
900,948,0.0
900,949,0.0
900,950,0.0
900,951,0.0
900,952,0.0
900,953,0.0
900,954,0.0
900,955,0.0
900,956,0.0
900,957,0.0
900,958,0.0
900,959,0.0
900,960,0.0
900,961,0.0
900,962,0.0
900,963,0.0
900,964,0.0
900,965,0.0
900,966,0.0
900,967,0.0
900,968,0.0
900,969,0.0
900,970,0.0
900,971,0.0
900,972,0.0
900,973,0.0
900,974,0.0
900,975,0.0
900,976,0.0
900,977,0.0
900,978,0.0
900,979,0.0
900,980,0.0
900,981,0.0
900,982,0.0
900,983,0.0
900,984,0.0
900,985,0.0
900,986,0.0
900,987,0.0
900,988,0.0
900,989,0.0
900,990,0.0
900,991,0.0
900,992,0.0
900,993,0.0
900,994,0.0
900,995,0.0
900,996,0.0
900,997,0.0
900,998,0.0
900,999,0.0
900,1000,0.0
900,1001,0.0
900,1002,0.0
900,1003,0.0
900,1004,0.0
900,1005,0.0
900,1006,0.0
900,1007,0.0
900,1008,0.0
900,1009,0.0
900,1010,0.0
900,1011,0.0
900,1012,0.0
900,1013,0.0
900,1014,0.0
900,1015,0.0
900,1016,0.0
900,1017,0.0
900,1018,0.0
900,1019,0.0
900,1020,0.0
900,1021,0.0
900,1022,0.0
900,1023,0.0
900,1024,0.0
900,1025,0.0
900,1026,0.0
900,1027,0.0
900,1028,0.0
900,1029,0.0
900,1030,0.0
900,1031,0.0
900,1032,0.0
900,1033,0.0
900,1034,0.0
900,1035,0.0
900,1036,0.0
900,1037,0.0
900,1038,0.0
900,1039,0.0
900,1040,0.0
900,1041,0.0
900,1042,0.0
900,1043,0.0
900,1044,0.0
900,1045,0.0
900,1046,0.0
900,1047,0.0
900,1048,0.0
900,1049,0.0
900,1050,0.0
900,1051,0.0
900,1052,0.0
900,1053,0.0
900,1054,0.0
900,1055,0.0
900,1056,0.0
900,1057,0.0
900,1058,0.0
900,1059,0.0
900,1060,0.0
900,1061,0.0
900,1062,0.0
900,1063,0.0
900,1064,0.0
900,1065,0.0
900,1066,0.0
900,1067,0.0
900,1068,0.0
900,1069,0.0
900,1070,0.0
900,1071,0.0
900,1072,0.0
900,1073,0.0
900,1074,0.0
900,1075,0.0
900,1076,0.0
900,1077,0.0
900,1078,0.0
900,1079,0.0
900,1080,0.0
900,1081,0.0
900,1082,0.0
900,1083,0.0
900,1084,0.0
900,1085,0.0
900,1086,0.0
900,1087,0.0
900,1088,0.0
900,1089,0.0
900,1090,0.0
900,1091,0.0
900,1092,0.0
900,1093,0.0
900,1094,0.0
900,1095,0.0
900,1096,0.0
900,1097,0.0
900,1098,0.0
900,1099,0.0
900,1100,0.0
900,1101,0.0
900,1102,0.0
900,1103,0.0
900,1104,0.0
900,1105,0.0
900,1106,0.0
900,1107,0.0
900,1108,0.0
900,1109,0.0
900,1110,0.0
900,1111,0.0
900,1112,0.0
900,1113,0.0
900,1114,0.0
900,1115,0.0
900,1116,0.0
900,1117,0.0
900,1118,0.0
900,1119,0.0
900,1120,0.0
900,1121,0.0
900,1122,0.0
900,1123,0.0
900,1124,0.0
900,1125,0.0
900,1126,0.0
900,1127,0.0
900,1128,0.0
900,1129,0.0
900,1130,0.0
900,1131,0.0
900,1132,0.0
900,1133,0.0
900,1134,0.0
900,1135,0.0
900,1136,0.0
900,1137,0.0
900,1138,0.0
900,1139,0.0
900,1140,0.0
900,1141,0.0
900,1142,0.0
900,1143,0.0
900,1144,0.0
900,1145,0.0
900,1146,0.0
900,1147,0.0
900,1148,0.0
900,1149,0.0
900,1150,0.0
900,1151,0.0
900,1152,0.0
900,1153,0.0
900,1154,0.0
900,1155,0.0
900,1156,0.0
900,1157,0.0
900,1158,0.0
900,1159,0.0
900,1160,0.0
900,1161,0.0
900,1162,0.0
900,1163,0.0
900,1164,0.0
900,1165,0.0
900,1166,0.0
900,1167,0.0
900,1168,0.0
900,1169,0.0
900,1170,0.0
900,1171,0.0
900,1172,0.0
900,1173,0.0
900,1174,0.0
900,1175,0.0
900,1176,0.0
900,1177,0.0
900,1178,0.0
900,1179,0.0
900,1180,0.0
900,1181,0.0
900,1182,0.0
900,1183,0.0
900,1184,0.0
900,1185,0.0
900,1186,0.0
900,1187,0.0
900,1188,0.0
900,1189,0.0
900,1190,0.0
900,1191,0.0
900,1192,0.0
900,1193,0.0
900,1194,0.0
900,1195,0.0
900,1196,0.0
900,1197,0.0
900,1198,0.0
900,1199,0.0
900,1200,0.0
900,1201,0.0
900,1202,0.0
900,1203,0.0
900,1204,0.0
900,1205,0.0
900,1206,0.0
900,1207,0.0
900,1208,0.0
900,1209,0.0
900,1210,0.0
900,1211,0.0
900,1212,0.0
900,1213,0.0
900,1214,0.0
900,1215,0.0
900,1216,0.0
900,1217,0.0
900,1218,0.0
900,1219,0.0
900,1220,0.0
900,1221,0.0
900,1222,0.0
900,1223,0.0
900,1224,0.0
900,1225,0.0
900,1226,0.0
900,1227,0.0
900,1228,0.0
900,1229,0.0
900,1230,0.0
900,1231,0.0
900,1232,0.0
900,1233,0.0
900,1234,0.0
900,1235,0.0
900,1236,0.0
900,1237,0.0
900,1238,0.0
900,1239,0.0
900,1240,0.0
900,1241,0.0
900,1242,0.0
900,1243,0.0
900,1244,0.0
900,1245,0.0
900,1246,0.0
900,1247,0.0
900,1248,0.0
900,1249,0.0
900,1250,0.0
900,1251,0.0
900,1252,0.0
900,1253,0.0
900,1254,0.0
900,1255,0.0
900,1256,0.0
900,1257,0.0
900,1258,0.0
900,1259,0.0
900,1260,0.0
900,1261,0.0
900,1262,0.0
900,1263,0.0
900,1264,0.0
900,1265,0.0
900,1266,0.0
900,1267,0.0
900,1268,0.0
900,1269,0.0
900,1270,0.0
900,1271,0.0
900,1272,0.0
900,1273,0.0
900,1274,0.0
900,1275,0.0
900,1276,0.0
900,1277,0.0
900,1278,0.0
900,1279,0.0
900,1280,0.0
900,1281,0.0
900,1282,0.0
900,1283,0.0
900,1284,0.0
900,1285,0.0
900,1286,0.0
900,1287,0.0
900,1288,0.0
900,1289,0.0
900,1290,0.0
900,1291,0.0
900,1292,0.0
900,1293,0.0
900,1294,0.0
900,1295,0.0
900,1296,0.0
900,1297,0.0
900,1298,0.0
900,1299,0.0
900,1300,0.0
900,1301,0.0
900,1302,0.0
900,1303,0.0
900,1304,0.0
900,1305,0.0
900,1306,0.0
900,1307,0.0
900,1308,0.0
900,1309,0.0
900,1310,0.0
900,1311,0.0
900,1312,0.0
900,1313,0.0
900,1314,0.0
900,1315,0.0
900,1316,0.0
900,1317,0.0
900,1318,0.0
900,1319,0.0
900,1320,0.0
900,1321,0.0
900,1322,0.0
900,1323,0.0
900,1324,0.0
900,1325,0.0
900,1326,0.0
900,1327,0.0
900,1328,0.0
900,1329,0.0
900,1330,0.0
900,1331,0.0
900,1332,0.0
900,1333,0.0
900,1334,0.0
900,1335,0.0
900,1336,0.0
900,1337,0.0
900,1338,0.0
900,1339,0.0
900,1340,0.0
900,1341,0.0
900,1342,0.0
900,1343,0.0
900,1344,0.0
900,1345,0.0
900,1346,0.0
900,1347,0.0
900,1348,0.0
900,1349,0.0
900,1350,0.0
900,1351,0.0
900,1352,0.0
900,1353,0.0
900,1354,0.0
900,1355,0.0
900,1356,0.0
900,1357,0.0
900,1358,0.0
900,1359,0.0
900,1360,0.0
900,1361,0.0
900,1362,0.0
900,1363,0.0
900,1364,0.0
900,1365,0.0
900,1366,0.0
900,1367,0.0
900,1368,0.0
900,1369,0.0
900,1370,0.0
900,1371,0.0
900,1372,0.0
900,1373,0.0
900,1374,0.0
900,1375,0.0
900,1376,0.0
900,1377,0.0
900,1378,0.0
900,1379,0.0
900,1380,0.0
900,1381,0.0
900,1382,0.0
900,1383,0.0
900,1384,0.0
900,1385,0.0
900,1386,0.0
900,1387,0.0
900,1388,0.0
900,1389,0.0
900,1390,0.0
900,1391,0.0
900,1392,0.0
900,1393,0.0
900,1394,0.0
900,1395,0.0
900,1396,0.0
900,1397,0.0
900,1398,0.0
900,1399,0.0
900,1400,0.0
900,1401,0.0
900,1402,0.0
900,1403,0.0
900,1404,0.0
900,1405,0.0
900,1406,0.0
900,1407,0.0
900,1408,0.0
900,1409,0.0
900,1410,0.0
900,1411,0.0
900,1412,0.0
900,1413,0.0
900,1414,0.0
900,1415,0.0
900,1416,0.0
900,1417,0.0
900,1418,0.0
900,1419,0.0
900,1420,0.0
900,1421,0.0
900,1422,0.0
900,1423,0.0
900,1424,0.0
900,1425,0.0
900,1426,0.0
900,1427,0.0
900,1428,0.0
900,1429,0.0
900,1430,0.0
900,1431,0.0
900,1432,0.0
900,1433,0.0
900,1434,0.0
900,1435,0.0
900,1436,0.0
900,1437,0.0
900,1438,0.0
900,1439,0.0
900,1440,0.0
900,1441,0.0
900,1442,0.0
900,1443,0.0
900,1444,0.0
900,1445,0.0
900,1446,0.0
900,1447,0.0
900,1448,0.0
900,1449,0.0
900,1450,0.0
900,1451,0.0
900,1452,0.0
900,1453,0.0
900,1454,0.0
900,1455,0.0
900,1456,0.0
900,1457,0.0
900,1458,0.0
900,1459,0.0
900,1460,0.0
900,1461,0.0
900,1462,0.0
900,1463,0.0
900,1464,0.0
900,1465,0.0
900,1466,0.0
900,1467,0.0
900,1468,0.0
900,1469,0.0
900,1470,0.0
900,1471,0.0
900,1472,0.0
900,1473,0.0
900,1474,0.0
900,1475,0.0
900,1476,0.0
900,1477,0.0
900,1478,0.0
900,1479,0.0
900,1480,0.0
900,1481,0.0
900,1482,0.0
900,1483,0.0
900,1484,0.0
900,1485,0.0
900,1486,0.0
900,1487,0.0
900,1488,0.0
900,1489,0.0
900,1490,0.0
900,1491,0.0
900,1492,0.0
900,1493,0.0
900,1494,0.0
900,1495,0.0
900,1496,0.0
900,1497,0.0
900,1498,0.0
900,1499,0.0
900,1500,0.0
900,1501,0.0
900,1502,0.0
900,1503,0.0
900,1504,0.0
900,1505,0.0
900,1506,0.0
900,1507,0.0
900,1508,0.0
900,1509,0.0
900,1510,0.0
900,1511,0.0
900,1512,0.0
900,1513,0.0
900,1514,0.0
900,1515,0.0
900,1516,0.0
900,1517,0.0
900,1518,0.0
900,1519,0.0
900,1520,0.0
900,1521,0.0
900,1522,0.0
900,1523,0.0
900,1524,0.0
900,1525,0.0
900,1526,0.0
900,1527,0.0
900,1528,0.0
900,1529,0.0
900,1530,0.0
900,1531,0.0
900,1532,0.0
900,1533,0.0
900,1534,0.0
900,1535,0.0
900,1536,0.0
900,1537,0.0
900,1538,0.0
900,1539,0.0
900,1540,0.0
900,1541,0.0
900,1542,0.0
900,1543,0.0
900,1544,0.0
900,1545,0.0
900,1546,0.0
900,1547,0.0
900,1548,0.0
900,1549,0.0
900,1550,0.0
900,1551,0.0
900,1552,0.0
900,1553,0.0
900,1554,0.0
900,1555,0.0
900,1556,0.0
900,1557,0.0
900,1558,0.0
900,1559,0.0
900,1560,0.0
900,1561,0.0
900,1562,0.0
900,1563,0.0
900,1564,0.0
900,1565,0.0
900,1566,0.0
900,1567,0.0
900,1568,0.0
900,1569,0.0
900,1570,0.0
900,1571,0.0
900,1572,0.0
900,1573,0.0
900,1574,0.0
900,1575,0.0
900,1576,0.0
900,1577,0.0
900,1578,0.0
900,1579,0.0
900,1580,0.0
900,1581,0.0
900,1582,0.0
900,1583,0.0
900,1584,0.0
900,1585,0.0
900,1586,0.0
900,1587,0.0
900,1588,0.0
900,1589,0.0
900,1590,0.0
900,1591,0.0
900,1592,0.0
900,1593,0.0
900,1594,0.0
900,1595,0.0
900,1596,0.0
900,1597,0.0
900,1598,0.0
900,1599,0.0
900,1600,0.0
900,1601,0.0
900,1602,0.0
900,1603,0.0
900,1604,0.0
900,1605,0.0
900,1606,0.0
900,1607,0.0
900,1608,0.0
900,1609,0.0
900,1610,0.0
900,1611,0.0
900,1612,0.0
900,1613,0.0
900,1614,0.0
900,1615,0.0
900,1616,0.0
900,1617,0.0
900,1618,0.0
900,1619,0.0
900,1620,0.0
900,1621,0.0
900,1622,0.0
900,1623,0.0
900,1624,0.0
900,1625,0.0
900,1626,0.0
900,1627,0.0
900,1628,0.0
900,1629,0.0
900,1630,0.0
900,1631,0.0
900,1632,0.0
900,1633,0.0
900,1634,0.0
900,1635,0.0
900,1636,0.0
900,1637,0.0
900,1638,0.0
900,1639,0.0
900,1640,0.0
900,1641,0.0
900,1642,0.0
900,1643,0.0
900,1644,0.0
900,1645,0.0
900,1646,0.0
900,1647,0.0
900,1648,0.0
900,1649,0.0
900,1650,0.0
900,1651,0.0
900,1652,0.0
900,1653,0.0
900,1654,0.0
900,1655,0.0
900,1656,0.0
900,1657,0.0
900,1658,0.0
900,1659,0.0
900,1660,0.0
900,1661,0.0
900,1662,0.0
900,1663,0.0
900,1664,0.0
900,1665,0.0
900,1666,0.0
900,1667,0.0
900,1668,0.0
900,1669,0.0
900,1670,0.0
900,1671,0.0
900,1672,0.0
900,1673,0.0
900,1674,0.0
900,1675,0.0
900,1676,0.0
900,1677,0.0
900,1678,0.0
900,1679,0.0
900,1680,0.0
900,1681,0.0
900,1682,0.0
900,1683,0.0
900,1684,0.0
900,1685,0.0
900,1686,0.0
900,1687,0.0
900,1688,0.0
900,1689,0.0
900,1690,0.0
900,1691,0.0
900,1692,0.0
900,1693,0.0
900,1694,0.0
900,1695,0.0
900,1696,0.0
900,1697,0.0
900,1698,0.0
900,1699,0.0
900,1700,0.0
900,1701,0.0
900,1702,0.0
900,1703,0.0
900,1704,0.0
900,1705,0.0
900,1706,0.0
900,1707,0.0
900,1708,0.0
900,1709,0.0
900,1710,0.0
900,1711,0.0
900,1712,0.0
900,1713,0.0
900,1714,0.0
900,1715,0.0
900,1716,0.0
900,1717,0.0
900,1718,0.0
900,1719,0.0
900,1720,0.0
900,1721,0.0
900,1722,0.0
900,1723,0.0
900,1724,0.0
900,1725,0.0
900,1726,0.0
900,1727,0.0
900,1728,0.0
900,1729,0.0
900,1730,0.0
900,1731,0.0
900,1732,0.0
900,1733,0.0
900,1734,0.0
900,1735,0.0
900,1736,0.0
900,1737,0.0
900,1738,0.0
900,1739,0.0
900,1740,0.0
900,1741,0.0
900,1742,0.0
900,1743,0.0
900,1744,0.0
900,1745,0.0
900,1746,0.0
900,1747,0.0
900,1748,0.0
900,1749,0.0
900,1750,0.0
900,1751,0.0
900,1752,0.0
900,1753,0.0
900,1754,0.0
900,1755,0.0
900,1756,0.0
900,1757,0.0
900,1758,0.0
900,1759,0.0
900,1760,0.0
900,1761,0.0
900,1762,0.0
900,1763,0.0
900,1764,0.0
900,1765,0.0
900,1766,0.0
900,1767,0.0
900,1768,0.0
900,1769,0.0
900,1770,0.0
900,1771,0.0
900,1772,0.0
900,1773,0.0
900,1774,0.0
900,1775,0.0
900,1776,0.0
900,1777,0.0
900,1778,0.0
900,1779,0.0
900,1780,0.0
900,1781,0.0
900,1782,0.0
900,1783,0.0
900,1784,0.0
900,1785,0.0
900,1786,0.0
900,1787,0.0
900,1788,0.0
900,1789,0.0
900,1790,0.0
900,1791,0.0
900,1792,0.0
900,1793,0.0
900,1794,0.0
900,1795,0.0
900,1796,0.0
900,1797,0.0
900,1798,0.0
900,1799,0.0
900,1800,0.0
900,1801,0.0
900,1802,0.0
900,1803,0.0
900,1804,0.0
900,1805,0.0
900,1806,0.0
900,1807,0.0
900,1808,0.0
900,1809,0.0
900,1810,0.0
900,1811,0.0
900,1812,0.0
900,1813,0.0
900,1814,0.0
900,1815,0.0
900,1816,0.0
900,1817,0.0
900,1818,0.0
900,1819,0.0
900,1820,0.0
900,1821,0.0
900,1822,0.0
900,1823,0.0
900,1824,0.0
900,1825,0.0
900,1826,0.0
900,1827,0.0
900,1828,0.0
900,1829,0.0
900,1830,0.0
900,1831,0.0
900,1832,0.0
900,1833,0.0
900,1834,0.0
900,1835,0.0
900,1836,0.0
900,1837,0.0
900,1838,0.0
900,1839,0.0
900,1840,0.0
900,1841,0.0
900,1842,0.0
900,1843,0.0
900,1844,0.0
900,1845,0.0
900,1846,0.0
900,1847,0.0
900,1848,0.0
900,1849,0.0
900,1850,0.0
900,1851,0.0
900,1852,0.0
900,1853,0.0
900,1854,0.0
900,1855,0.0
900,1856,0.0
900,1857,0.0
900,1858,0.0
900,1859,0.0
900,1860,0.0
900,1861,0.0
900,1862,0.0
900,1863,0.0
900,1864,0.0
900,1865,0.0
900,1866,0.0
900,1867,0.0
900,1868,0.0
900,1869,0.0
900,1870,0.0
900,1871,0.0
900,1872,0.0
900,1873,0.0
900,1874,0.0
900,1875,0.0
900,1876,0.0
900,1877,0.0
900,1878,0.0
900,1879,0.0
900,1880,0.0
900,1881,0.0
900,1882,0.0
900,1883,0.0
900,1884,0.0
900,1885,0.0
900,1886,0.0
900,1887,0.0
900,1888,0.0
900,1889,0.0
900,1890,0.0
900,1891,0.0
900,1892,0.0
900,1893,0.0
900,1894,0.0
900,1895,0.0
900,1896,0.0
900,1897,0.0
900,1898,0.0
900,1899,0.0
900,1900,0.0
900,1901,0.0
900,1902,0.0
900,1903,0.0
900,1904,0.0
900,1905,0.0
900,1906,0.0
900,1907,0.0
900,1908,0.0
900,1909,0.0
900,1910,0.0
900,1911,0.0
900,1912,0.0
900,1913,0.0
900,1914,0.0
900,1915,0.0
900,1916,0.0
900,1917,0.0
900,1918,0.0
900,1919,0.0
900,1920,0.0
900,1921,0.0
900,1922,0.0
900,1923,0.0
900,1924,0.0
900,1925,0.0
900,1926,0.0
900,1927,0.0
900,1928,0.0
900,1929,0.0
900,1930,0.0
900,1931,0.0
900,1932,0.0
900,1933,0.0
900,1934,0.0
900,1935,0.0
900,1936,0.0
900,1937,0.0
900,1938,0.0
900,1939,0.0
900,1940,0.0
900,1941,0.0
900,1942,0.0
900,1943,0.0
900,1944,0.0
900,1945,0.0
900,1946,0.0
900,1947,0.0
900,1948,0.0
900,1949,0.0
900,1950,0.0
900,1951,0.0
900,1952,0.0
900,1953,0.0
900,1954,0.0
900,1955,0.0
900,1956,0.0
900,1957,0.0
900,1958,0.0
900,1959,0.0
900,1960,0.0
900,1961,0.0
900,1962,0.0
900,1963,0.0
900,1964,0.0
900,1965,0.0
900,1966,0.0
900,1967,0.0
900,1968,0.0
900,1969,0.0
900,1970,0.0
900,1971,0.0
900,1972,0.0
900,1973,0.0
900,1974,0.0
900,1975,0.0
900,1976,0.0
900,1977,0.0
900,1978,0.0
900,1979,0.0
900,1980,0.0
900,1981,0.0
900,1982,0.0
900,1983,0.0
900,1984,0.0
900,1985,0.0
900,1986,0.0
900,1987,0.0
900,1988,0.0
900,1989,0.0
900,1990,0.0
900,1991,0.0
900,1992,0.0
900,1993,0.0
900,1994,0.0
900,1995,0.0
900,1996,0.0
900,1997,0.0
900,1998,0.0
900,1999,0.0
900,2000,0.0
900,2001,0.0
900,2002,0.0
900,2003,0.0
900,2004,0.0
900,2005,0.0
900,2006,0.0
900,2007,0.0
900,2008,0.0
900,2009,0.0
900,2010,0.0
900,2011,0.0
900,2012,0.0
900,2013,0.0
900,2014,0.0
900,2015,0.0
900,2016,0.0
900,2017,0.0
900,2018,0.0
900,2019,0.0
900,2020,0.0
900,2021,0.0
900,2022,0.0
900,2023,0.0
900,2024,0.0
900,2025,0.0
900,2026,0.0
900,2027,0.0
900,2028,0.0
900,2029,0.0
900,2030,0.0
900,2031,0.0
900,2032,0.0
900,2033,0.0
900,2034,0.0
900,2035,0.0
900,2036,0.0
900,2037,0.0
900,2038,0.0
900,2039,0.0
900,2040,0.0
900,2041,0.0
900,2042,0.0
900,2043,0.0
900,2044,0.0
900,2045,0.0
900,2046,0.0
900,2047,0.0
900,2048,0.0
900,2049,0.0
900,2050,0.0
900,2051,0.0
900,2052,0.0
900,2053,0.0
900,2054,0.0
900,2055,0.0
900,2056,0.0
900,2057,0.0
900,2058,0.0
900,2059,0.0
900,2060,0.0
900,2061,0.0
900,2062,0.0
900,2063,0.0
900,2064,0.0
900,2065,0.0
900,2066,0.0
900,2067,0.0
900,2068,0.0
900,2069,0.0
900,2070,0.0
900,2071,0.0
900,2072,0.0
900,2073,0.0
900,2074,0.0
900,2075,0.0
900,2076,0.0
900,2077,0.0
900,2078,0.0
900,2079,0.0
900,2080,0.0
900,2081,0.0
900,2082,0.0
900,2083,0.0
900,2084,0.0
900,2085,0.0
900,2086,0.0
900,2087,0.0
900,2088,0.0
900,2089,0.0
900,2090,0.0
900,2091,0.0
900,2092,0.0
900,2093,0.0
900,2094,0.0
900,2095,0.0
900,2096,0.0
900,2097,0.0
900,2098,0.0
900,2099,0.0
900,2100,0.0
900,2101,0.0
900,2102,0.0
900,2103,0.0
900,2104,0.0
900,2105,0.0
900,2106,0.0
900,2107,0.0
900,2108,0.0
900,2109,0.0
900,2110,0.0
900,2111,0.0
900,2112,0.0
900,2113,0.0
900,2114,0.0
900,2115,0.0
900,2116,0.0
900,2117,0.0
900,2118,0.0
900,2119,0.0
900,2120,0.0
900,2121,0.0
900,2122,0.0
900,2123,0.0
900,2124,0.0
900,2125,0.0
900,2126,0.0
900,2127,0.0
900,2128,0.0
900,2129,0.0
900,2130,0.0
900,2131,0.0
900,2132,0.0
900,2133,0.0
900,2134,0.0
900,2135,0.0
900,2136,0.0
900,2137,0.0
900,2138,0.0
900,2139,0.0
900,2140,0.0
900,2141,0.0
900,2142,0.0
900,2143,0.0
900,2144,0.0
900,2145,0.0
900,2146,0.0
900,2147,0.0
900,2148,0.0
900,2149,0.0
900,2150,0.0
900,2151,0.0
900,2152,0.0
900,2153,0.0
900,2154,0.0
900,2155,0.0
900,2156,0.0
900,2157,0.0
900,2158,0.0
900,2159,0.0
900,2160,0.0
900,2161,0.0
900,2162,0.0
900,2163,0.0
900,2164,0.0
900,2165,0.0
900,2166,0.0
900,2167,0.0
900,2168,0.0
900,2169,0.0
900,2170,0.0
900,2171,0.0
900,2172,0.0
900,2173,0.0
900,2174,0.0
900,2175,0.0
900,2176,0.0
900,2177,0.0
900,2178,0.0
900,2179,0.0
900,2180,0.0
900,2181,0.0
900,2182,0.0
900,2183,0.0
900,2184,0.0
900,2185,0.0
900,2186,0.0
900,2187,0.0
900,2188,0.0
900,2189,0.0
900,2190,0.0
900,2191,0.0
900,2192,0.0
900,2193,0.0
900,2194,0.0
900,2195,0.0
900,2196,0.0
900,2197,0.0
900,2198,0.0
900,2199,0.0
900,2200,0.0
900,2201,0.0
900,2202,0.0
900,2203,0.0
900,2204,0.0
900,2205,0.0
900,2206,0.0
900,2207,0.0
900,2208,0.0
900,2209,0.0
900,2210,0.0
900,2211,0.0
900,2212,0.0
900,2213,0.0
900,2214,0.0
900,2215,0.0
900,2216,0.0
900,2217,0.0
900,2218,0.0
900,2219,0.0
900,2220,0.0
900,2221,0.0
900,2222,0.0
900,2223,0.0
900,2224,0.0
900,2225,0.0
900,2226,0.0
900,2227,0.0
900,2228,0.0
900,2229,0.0
900,2230,0.0
900,2231,0.0
900,2232,0.0
900,2233,0.0
900,2234,0.0
900,2235,0.0
900,2236,0.0
900,2237,0.0
900,2238,0.0
900,2239,0.0
900,2240,0.0
900,2241,0.0
900,2242,0.0
900,2243,0.0
900,2244,0.0
900,2245,0.0
900,2246,0.0
900,2247,0.0
900,2248,0.0
900,2249,0.0
900,2250,0.0
900,2251,0.0
900,2252,0.0
900,2253,0.0
900,2254,0.0
900,2255,0.0
900,2256,0.0
900,2257,0.0
900,2258,0.0
900,2259,0.0
900,2260,0.0
900,2261,0.0
900,2262,0.0
900,2263,0.0
900,2264,0.0
900,2265,0.0
900,2266,0.0
900,2267,0.0
900,2268,0.0
900,2269,0.0
900,2270,0.0
900,2271,0.0
900,2272,0.0
900,2273,0.0
900,2274,0.0
900,2275,0.0
900,2276,0.0
900,2277,0.0
900,2278,0.0
900,2279,0.0
900,2280,0.0
900,2281,0.0
900,2282,0.0
900,2283,0.0
900,2284,0.0
900,2285,0.0
900,2286,0.0
900,2287,0.0
900,2288,0.0
900,2289,0.0
900,2290,0.0
900,2291,0.0
900,2292,0.0
900,2293,0.0
900,2294,0.0
900,2295,0.0
900,2296,0.0
900,2297,0.0
900,2298,0.0
900,2299,0.0
900,2300,0.0
900,2301,0.0
900,2302,0.0
900,2303,0.0
900,2304,0.0
900,2305,0.0
900,2306,0.0
900,2307,0.0
900,2308,0.0
900,2309,0.0
900,2310,0.0
900,2311,0.0
900,2312,0.0
900,2313,0.0
900,2314,0.0
900,2315,0.0
900,2316,0.0
900,2317,0.0
900,2318,0.0
900,2319,0.0
900,2320,0.0
900,2321,0.0
900,2322,0.0
900,2323,0.0
900,2324,0.0
900,2325,0.0
900,2326,0.0
900,2327,0.0
900,2328,0.0
900,2329,0.0
900,2330,0.0
900,2331,0.0
900,2332,0.0
900,2333,0.0
900,2334,0.0
900,2335,0.0
900,2336,0.0
900,2337,0.0
900,2338,0.0
900,2339,0.0
900,2340,0.0
900,2341,0.0
900,2342,0.0
900,2343,0.0
900,2344,0.0
900,2345,0.0
900,2346,0.0
900,2347,0.0
900,2348,0.0
900,2349,0.0
900,2350,0.0
900,2351,0.0
900,2352,0.0
900,2353,0.0
900,2354,0.0
900,2355,0.0
900,2356,0.0
900,2357,0.0
900,2358,0.0
900,2359,0.0
900,2360,0.0
900,2361,0.0
900,2362,0.0
900,2363,0.0
900,2364,0.0
900,2365,0.0
900,2366,0.0
900,2367,0.0
900,2368,0.0
900,2369,0.0
900,2370,0.0
900,2371,0.0
900,2372,0.0
900,2373,0.0
900,2374,0.0
900,2375,0.0
900,2376,0.0
900,2377,0.0
900,2378,0.0
900,2379,0.0
900,2380,0.0
900,2381,0.0
900,2382,0.0
900,2383,0.0
900,2384,0.0
900,2385,0.0
900,2386,0.0
900,2387,0.0
900,2388,0.0
900,2389,0.0
900,2390,0.0
900,2391,0.0
900,2392,0.0
900,2393,0.0
900,2394,0.0
900,2395,0.0
900,2396,0.0
900,2397,0.0
900,2398,0.0
900,2399,0.0
900,2400,0.0
900,2401,0.0
900,2402,0.0
900,2403,0.0
900,2404,0.0
900,2405,0.0
900,2406,0.0
900,2407,0.0
900,2408,0.0
900,2409,0.0
900,2410,0.0
900,2411,0.0
900,2412,0.0
900,2413,0.0
900,2414,0.0
900,2415,0.0
900,2416,0.0
900,2417,0.0
900,2418,0.0
900,2419,0.0
900,2420,0.0
900,2421,0.0
900,2422,0.0
900,2423,0.0
900,2424,0.0
900,2425,0.0
900,2426,0.0
900,2427,0.0
900,2428,0.0
900,2429,0.0
900,2430,0.0
900,2431,0.0
900,2432,0.0
900,2433,0.0
900,2434,0.0
900,2435,0.0
900,2436,0.0
900,2437,0.0
900,2438,0.0
900,2439,0.0
900,2440,0.0
900,2441,0.0
900,2442,0.0
900,2443,0.0
900,2444,0.0
900,2445,0.0
900,2446,0.0
900,2447,0.0
900,2448,0.0
900,2449,0.0
900,2450,0.0
900,2451,0.0
900,2452,0.0
900,2453,0.0
900,2454,0.0
900,2455,0.0
900,2456,0.0
900,2457,0.0
900,2458,0.0
900,2459,0.0
900,2460,0.0
900,2461,0.0
900,2462,0.0
900,2463,0.0
900,2464,0.0
900,2465,0.0
900,2466,0.0
900,2467,0.0
900,2468,0.0
900,2469,0.0
900,2470,0.0
900,2471,0.0
900,2472,0.0
900,2473,0.0
900,2474,0.0
900,2475,0.0
900,2476,0.0
900,2477,0.0
900,2478,0.0
900,2479,0.0
900,2480,0.0
900,2481,0.0
900,2482,0.0
900,2483,0.0
900,2484,0.0
900,2485,0.0
900,2486,0.0
900,2487,0.0
900,2488,0.0
900,2489,0.0
900,2490,0.0
900,2491,0.0
900,2492,0.0
900,2493,0.0
900,2494,0.0
900,2495,0.0
900,2496,0.0
900,2497,0.0
900,2498,0.0
900,2499,0.0
900,2500,0.0
900,2501,0.0
900,2502,0.0
900,2503,0.0
900,2504,0.0
900,2505,0.0
900,2506,0.0
900,2507,0.0
900,2508,0.0
900,2509,0.0
900,2510,0.0
900,2511,0.0
900,2512,0.0
900,2513,0.0
900,2514,0.0
900,2515,0.0
900,2516,0.0
900,2517,0.0
900,2518,0.0
900,2519,0.0
900,2520,0.0
900,2521,0.0
900,2522,0.0
900,2523,0.0
900,2524,0.0
900,2525,0.0
900,2526,0.0
900,2527,0.0
900,2528,0.0
900,2529,0.0
900,2530,0.0
900,2531,0.0
900,2532,0.0
900,2533,0.0
900,2534,0.0
900,2535,0.0
900,2536,0.0
900,2537,0.0
900,2538,0.0
900,2539,0.0
900,2540,0.0
900,2541,0.0
900,2542,0.0
900,2543,0.0
900,2544,0.0
900,2545,0.0
900,2546,0.0
900,2547,0.0
900,2548,0.0
900,2549,0.0
900,2550,0.0
900,2551,0.0
900,2552,0.0
900,2553,0.0
900,2554,0.0
900,2555,0.0
900,2556,0.0
900,2557,0.0
900,2558,0.0
900,2559,0.0
900,2560,0.0
900,2561,0.0
900,2562,0.0
900,2563,0.0
900,2564,0.0
900,2565,0.0
900,2566,0.0
900,2567,0.0
900,2568,0.0
900,2569,0.0
900,2570,0.0
900,2571,0.0
900,2572,0.0
900,2573,0.0
900,2574,0.0
900,2575,0.0
900,2576,0.0
900,2577,0.0
900,2578,0.0
900,2579,0.0
900,2580,0.0
900,2581,0.0
900,2582,0.0
900,2583,0.0
900,2584,0.0
900,2585,0.0
900,2586,0.0
900,2587,0.0
900,2588,0.0
900,2589,0.0
900,2590,0.0
900,2591,0.0
900,2592,0.0
900,2593,0.0
900,2594,0.0
900,2595,0.0
900,2596,0.0
900,2597,0.0
900,2598,0.0
900,2599,0.0
900,2600,0.0
900,2601,0.0
900,2602,0.0
900,2603,0.0
900,2604,0.0
900,2605,0.0
900,2606,0.0
900,2607,0.0
900,2608,0.0
900,2609,0.0
900,2610,0.0
900,2611,0.0
900,2612,0.0
900,2613,0.0
900,2614,0.0
900,2615,0.0
900,2616,0.0
900,2617,0.0
900,2618,0.0
900,2619,0.0
900,2620,0.0
900,2621,0.0
900,2622,0.0
900,2623,0.0
900,2624,0.0
900,2625,0.0
900,2626,0.0
900,2627,0.0
900,2628,0.0
900,2629,0.0
900,2630,0.0
900,2631,0.0
900,2632,0.0
900,2633,0.0
900,2634,0.0
900,2635,0.0
900,2636,0.0
900,2637,0.0
900,2638,0.0
900,2639,0.0
900,2640,0.0
900,2641,0.0
900,2642,0.0
900,2643,0.0
900,2644,0.0
900,2645,0.0
900,2646,0.0
900,2647,0.0
900,2648,0.0
900,2649,0.0
900,2650,0.0
900,2651,0.0
900,2652,0.0
900,2653,0.0
900,2654,0.0
900,2655,0.0
900,2656,0.0
900,2657,0.0
900,2658,0.0
900,2659,0.0
900,2660,0.0
900,2661,0.0
900,2662,0.0
900,2663,0.0
900,2664,0.0
900,2665,0.0
900,2666,0.0
900,2667,0.0
900,2668,0.0
900,2669,0.0
900,2670,0.0
900,2671,0.0
900,2672,0.0
900,2673,0.0
900,2674,0.0
900,2675,0.0
900,2676,0.0
900,2677,0.0
900,2678,0.0
900,2679,0.0
900,2680,0.0
900,2681,0.0
900,2682,0.0
900,2683,0.0
900,2684,0.0
900,2685,0.0
900,2686,0.0
900,2687,0.0
900,2688,0.0
900,2689,0.0
900,2690,0.0
900,2691,0.0
900,2692,0.0
900,2693,0.0
900,2694,0.0
900,2695,0.0
900,2696,0.0
900,2697,0.0
900,2698,0.0
900,2699,0.0
900,2700,0.0
900,2701,0.0
900,2702,0.0
900,2703,0.0
900,2704,0.0
900,2705,0.0
900,2706,0.0
900,2707,0.0
900,2708,0.0
900,2709,0.0
900,2710,0.0
900,2711,0.0
900,2712,0.0
900,2713,0.0
900,2714,0.0
900,2715,0.0
900,2716,0.0
900,2717,0.0
900,2718,0.0
900,2719,0.0
900,2720,0.0
900,2721,0.0
900,2722,0.0
900,2723,0.0
900,2724,0.0
900,2725,0.0
900,2726,0.0
900,2727,0.0
900,2728,0.0
900,2729,0.0
900,2730,0.0
900,2731,0.0
900,2732,0.0
900,2733,0.0
900,2734,0.0
900,2735,0.0
900,2736,0.0
900,2737,0.0
900,2738,0.0
900,2739,0.0
900,2740,0.0
900,2741,0.0
900,2742,0.0
900,2743,0.0
900,2744,0.0
900,2745,0.0
900,2746,0.0
900,2747,0.0
900,2748,0.0
900,2749,0.0
900,2750,0.0
900,2751,0.0
900,2752,0.0
900,2753,0.0
900,2754,0.0
900,2755,0.0
900,2756,0.0
900,2757,0.0
900,2758,0.0
900,2759,0.0
900,2760,0.0
900,2761,0.0
900,2762,0.0
900,2763,0.0
900,2764,0.0
900,2765,0.0
900,2766,0.0
900,2767,0.0
900,2768,0.0
900,2769,0.0
900,2770,0.0
900,2771,0.0
900,2772,0.0
900,2773,0.0
900,2774,0.0
900,2775,0.0
900,2776,0.0
900,2777,0.0
900,2778,0.0
900,2779,0.0
900,2780,0.0
900,2781,0.0
900,2782,0.0
900,2783,0.0
900,2784,0.0
900,2785,0.0
900,2786,0.0
900,2787,0.0
900,2788,0.0
900,2789,0.0
900,2790,0.0
900,2791,0.0
900,2792,0.0
900,2793,0.0
900,2794,0.0
900,2795,0.0
900,2796,0.0
900,2797,0.0
900,2798,0.0
900,2799,0.0
900,2800,0.0
900,2801,0.0
900,2802,0.0
900,2803,0.0
900,2804,0.0
900,2805,0.0
900,2806,0.0
900,2807,0.0
900,2808,0.0
900,2809,0.0
900,2810,0.0
900,2811,0.0
900,2812,0.0
900,2813,0.0
900,2814,0.0
900,2815,0.0
900,2816,0.0
900,2817,0.0
900,2818,0.0
900,2819,0.0
900,2820,0.0
900,2821,0.0
900,2822,0.0
900,2823,0.0
900,2824,0.0
900,2825,0.0
900,2826,0.0
900,2827,0.0
900,2828,0.0
900,2829,0.0
900,2830,0.0
900,2831,0.0
900,2832,0.0
900,2833,0.0
900,2834,0.0
900,2835,0.0
900,2836,0.0
900,2837,0.0
900,2838,0.0
900,2839,0.0
900,2840,0.0
900,2841,0.0
900,2842,0.0
900,2843,0.0
900,2844,0.0
900,2845,0.0
900,2846,0.0
900,2847,0.0
900,2848,0.0
900,2849,0.0
900,2850,0.0
900,2851,0.0
900,2852,0.0
900,2853,0.0
900,2854,0.0
900,2855,0.0
900,2856,0.0
900,2857,0.0
900,2858,0.0
900,2859,0.0
900,2860,0.0
900,2861,0.0
900,2862,0.0
900,2863,0.0
900,2864,0.0
900,2865,0.0
900,2866,0.0
900,2867,0.0
900,2868,0.0
900,2869,0.0
900,2870,0.0
900,2871,0.0
900,2872,0.0
900,2873,0.0
900,2874,0.0
900,2875,0.0
900,2876,0.0
900,2877,0.0
900,2878,0.0
900,2879,0.0
900,2880,0.0
900,2881,0.0
900,2882,0.0
900,2883,0.0
900,2884,0.0
900,2885,0.0
900,2886,0.0
900,2887,0.0
900,2888,0.0
900,2889,0.0
900,2890,0.0
900,2891,0.0
900,2892,0.0
900,2893,0.0
900,2894,0.0
900,2895,0.0
900,2896,0.0
900,2897,0.0
900,2898,0.0
900,2899,0.0
900,2900,0.0
900,2901,0.0
900,2902,0.0
900,2903,0.0
900,2904,0.0
900,2905,0.0
900,2906,0.0
900,2907,0.0
900,2908,0.0
900,2909,0.0
900,2910,0.0
900,2911,0.0
900,2912,0.0
900,2913,0.0
900,2914,0.0
900,2915,0.0
900,2916,0.0
900,2917,0.0
900,2918,0.0
900,2919,0.0
900,2920,0.0
900,2921,0.0
900,2922,0.0
900,2923,0.0
900,2924,0.0
900,2925,0.0
900,2926,0.0
900,2927,0.0
900,2928,0.0
900,2929,0.0
900,2930,0.0
900,2931,0.0
900,2932,0.0
900,2933,0.0
900,2934,0.0
900,2935,0.0
900,2936,0.0
900,2937,0.0
900,2938,0.0
900,2939,0.0
900,2940,0.0
900,2941,0.0
900,2942,0.0
900,2943,0.0
900,2944,0.0
900,2945,0.0
900,2946,0.0
900,2947,0.0
900,2948,0.0
900,2949,0.0
900,2950,0.0
900,2951,0.0
900,2952,0.0
900,2953,0.0
900,2954,0.0
900,2955,0.0
900,2956,0.0
900,2957,0.0
900,2958,0.0
900,2959,0.0
900,2960,0.0
900,2961,0.0
900,2962,0.0
900,2963,0.0
900,2964,0.0
900,2965,0.0
900,2966,0.0
900,2967,0.0
900,2968,0.0
900,2969,0.0
900,2970,0.0
900,2971,0.0
900,2972,0.0
900,2973,0.0
900,2974,0.0
900,2975,0.0
900,2976,0.0
900,2977,0.0
900,2978,0.0
900,2979,0.0
900,2980,0.0
900,2981,0.0
900,2982,0.0
900,2983,0.0
900,2984,0.0
900,2985,0.0
900,2986,0.0
900,2987,0.0
900,2988,0.0
900,2989,0.0
900,2990,0.0
900,2991,0.0
900,2992,0.0
900,2993,0.0
900,2994,0.0
900,2995,0.0
900,2996,0.0
900,2997,0.0
900,2998,0.0
900,2999,0.0
700,0,0.0
700,1,0.0
700,2,0.0
700,3,0.0
700,4,0.0
700,5,0.0
700,6,0.6666666666666666
700,7,0.0
700,8,0.0
700,9,0.0
700,10,0.0
700,11,0.0
700,12,0.0
700,13,0.0
700,14,0.0
700,15,0.0
700,16,0.0
700,17,0.0
700,18,0.9
700,19,0.0
700,20,0.0
700,21,0.0
700,22,0.0
700,23,0.0
700,24,0.0
700,25,0.0
700,26,0.0
700,27,0.0
700,28,0.0
700,29,0.0
700,30,0.0
700,31,0.0
700,32,0.0
700,33,0.0
700,34,0.0
700,35,0.0
700,36,0.0
700,37,0.0
700,38,0.0
700,39,0.0
700,40,0.0
700,41,0.0
700,42,0.0
700,43,0.0
700,44,0.0
700,45,0.0
700,46,0.0
700,47,0.0
700,48,0.43333333333333335
700,49,0.0
700,50,0.03333333333333333
700,51,0.0
700,52,0.0
700,53,0.0
700,54,0.0
700,55,0.0
700,56,0.0
700,57,0.0
700,58,0.0
700,59,0.26666666666666666
700,60,0.0
700,61,0.0
700,62,0.0
700,63,0.0
700,64,0.0
700,65,0.0
700,66,0.0
700,67,0.0
700,68,0.0
700,69,0.0
700,70,0.0
700,71,0.0
700,72,0.06666666666666667
700,73,0.0
700,74,0.0
700,75,0.0
700,76,0.0
700,77,0.0
700,78,0.0
700,79,0.0
700,80,0.2
700,81,0.0
700,82,0.0
700,83,0.0
700,84,0.0
700,85,0.0
700,86,0.0
700,87,0.0
700,88,0.0
700,89,0.0
700,90,0.0
700,91,0.0
700,92,0.0
700,93,0.0
700,94,0.0
700,95,0.03333333333333333
700,96,0.0
700,97,0.36666666666666664
700,98,0.3
700,99,0.0
700,100,0.0
700,101,0.0
700,102,0.0
700,103,0.0
700,104,0.0
700,105,0.0
700,106,0.0
700,107,0.0
700,108,0.0
700,109,0.0
700,110,0.0
700,111,0.0
700,112,0.0
700,113,0.03333333333333333
700,114,0.0
700,115,0.0
700,116,0.0
700,117,0.0
700,118,0.0
700,119,0.0
700,120,0.0
700,121,0.0
700,122,0.0
700,123,0.0
700,124,0.0
700,125,0.4666666666666667
700,126,0.0
700,127,0.0
700,128,0.0
700,129,0.0
700,130,0.0
700,131,0.0
700,132,0.0
700,133,0.0
700,134,0.0
700,135,0.0
700,136,0.0
700,137,0.0
700,138,0.0
700,139,0.0
700,140,0.0
700,141,0.0
700,142,0.0
700,143,0.0
700,144,0.0
700,145,0.0
700,146,0.0
700,147,0.0
700,148,0.0
700,149,0.0
700,150,0.0
700,151,0.0
700,152,0.0
700,153,0.0
700,154,0.0
700,155,0.0
700,156,0.0
700,157,0.0
700,158,0.0
700,159,0.0
700,160,0.6
700,161,0.0
700,162,0.0
700,163,0.0
700,164,0.0
700,165,0.0
700,166,0.0
700,167,0.0
700,168,0.0
700,169,0.0
700,170,0.0
700,171,0.0
700,172,0.0
700,173,0.0
700,174,0.0
700,175,0.0
700,176,0.0
700,177,0.0
700,178,0.0
700,179,0.0
700,180,0.0
700,181,0.0
700,182,0.0
700,183,0.0
700,184,0.0
700,185,0.0
700,186,0.0
700,187,0.0
700,188,0.0
700,189,0.0
700,190,0.0
700,191,0.0
700,192,0.0
700,193,0.0
700,194,0.0
700,195,0.0
700,196,0.0
700,197,0.0
700,198,0.0
700,199,0.0
700,200,0.0
700,201,0.0
700,202,0.0
700,203,0.03333333333333333
700,204,0.0
700,205,0.0
700,206,0.0
700,207,0.0
700,208,0.0
700,209,0.0
700,210,0.0
700,211,0.0
700,212,0.0
700,213,0.0
700,214,0.0
700,215,0.0
700,216,0.0
700,217,0.0
700,218,0.0
700,219,0.0
700,220,0.0
700,221,0.0
700,222,0.0
700,223,0.0
700,224,0.0
700,225,0.0
700,226,0.0
700,227,0.0
700,228,0.0
700,229,0.0
700,230,0.06666666666666667
700,231,0.0
700,232,0.0
700,233,0.2
700,234,0.0
700,235,0.0
700,236,0.0
700,237,0.0
700,238,0.0
700,239,0.0
700,240,0.0
700,241,0.0
700,242,0.0
700,243,0.0
700,244,0.0
700,245,0.0
700,246,0.0
700,247,0.0
700,248,0.0
700,249,0.0
700,250,0.0
700,251,0.0
700,252,0.0
700,253,0.0
700,254,0.2
700,255,0.0
700,256,0.5
700,257,0.0
700,258,0.06666666666666667
700,259,0.0
700,260,0.0
700,261,0.0
700,262,0.0
700,263,0.0
700,264,0.0
700,265,0.43333333333333335
700,266,0.0
700,267,0.0
700,268,0.6666666666666666
700,269,0.0
700,270,0.0
700,271,0.0
700,272,0.0
700,273,0.0
700,274,0.03333333333333333
700,275,0.0
700,276,0.0
700,277,0.0
700,278,0.0
700,279,0.0
700,280,0.0
700,281,0.0
700,282,0.0
700,283,0.0
700,284,0.0
700,285,0.0
700,286,0.0
700,287,0.0
700,288,0.0
700,289,0.0
700,290,0.0
700,291,0.0
700,292,0.0
700,293,0.0
700,294,0.0
700,295,0.0
700,296,0.0
700,297,0.0
700,298,0.0
700,299,0.0
700,300,0.0
700,301,0.0
700,302,0.06666666666666667
700,303,0.0
700,304,0.0
700,305,0.0
700,306,0.5666666666666667
700,307,0.0
700,308,0.0
700,309,0.0
700,310,0.0
700,311,0.0
700,312,0.0
700,313,0.13333333333333333
700,314,0.0
700,315,0.0
700,316,0.0
700,317,0.0
700,318,0.0
700,319,0.0
700,320,0.0
700,321,0.0
700,322,0.0
700,323,0.0
700,324,0.0
700,325,0.0
700,326,0.0
700,327,0.0
700,328,0.0
700,329,0.0
700,330,0.0
700,331,0.0
700,332,0.0
700,333,0.0
700,334,0.0
700,335,0.0
700,336,0.5
700,337,0.0
700,338,0.0
700,339,0.0
700,340,0.0
700,341,0.0
700,342,0.0
700,343,0.0
700,344,0.0
700,345,0.03333333333333333
700,346,0.9
700,347,0.0
700,348,0.0
700,349,0.0
700,350,0.0
700,351,0.03333333333333333
700,352,0.0
700,353,0.0
700,354,0.0
700,355,0.0
700,356,0.0
700,357,0.6
700,358,0.13333333333333333
700,359,0.0
700,360,0.0
700,361,0.0
700,362,0.0
700,363,0.0
700,364,0.0
700,365,0.0
700,366,0.0
700,367,0.0
700,368,0.0
700,369,0.0
700,370,0.0
700,371,0.0
700,372,0.0
700,373,0.0
700,374,0.06666666666666667
700,375,0.0
700,376,0.03333333333333333
700,377,0.0
700,378,0.0
700,379,0.0
700,380,0.0
700,381,0.0
700,382,0.0
700,383,0.0
700,384,0.0
700,385,0.0
700,386,0.0
700,387,0.0
700,388,0.0
700,389,0.0
700,390,0.4
700,391,0.0
700,392,0.0
700,393,0.03333333333333333
700,394,0.0
700,395,0.0
700,396,0.0
700,397,0.0
700,398,0.0
700,399,0.0
700,400,0.0
700,401,0.06666666666666667
700,402,0.0
700,403,0.0
700,404,0.0
700,405,0.0
700,406,0.43333333333333335
700,407,0.0
700,408,0.0
700,409,0.0
700,410,0.0
700,411,0.0
700,412,0.0
700,413,0.0
700,414,0.0
700,415,0.03333333333333333
700,416,0.0
700,417,0.0
700,418,0.0
700,419,0.0
700,420,0.0
700,421,0.0
700,422,0.0
700,423,0.0
700,424,0.0
700,425,0.0
700,426,0.0
700,427,0.0
700,428,0.0
700,429,0.0
700,430,0.0
700,431,0.0
700,432,0.03333333333333333
700,433,0.0
700,434,0.0
700,435,0.0
700,436,0.0
700,437,0.0
700,438,0.0
700,439,0.0
700,440,0.1
700,441,0.0
700,442,0.0
700,443,0.0
700,444,0.23333333333333334
700,445,0.0
700,446,0.0
700,447,0.0
700,448,0.0
700,449,0.0
700,450,0.0
700,451,0.0
700,452,0.0
700,453,0.0
700,454,0.0
700,455,0.0
700,456,0.0
700,457,0.0
700,458,0.0
700,459,0.0
700,460,0.0
700,461,0.0
700,462,0.03333333333333333
700,463,0.0
700,464,0.0
700,465,0.0
700,466,0.0
700,467,0.0
700,468,0.0
700,469,0.0
700,470,0.0
700,471,0.0
700,472,0.0
700,473,0.0
700,474,0.0
700,475,0.0
700,476,0.0
700,477,0.0
700,478,0.0
700,479,0.0
700,480,0.0
700,481,0.0
700,482,0.0
700,483,0.0
700,484,0.0
700,485,0.0
700,486,0.0
700,487,0.0
700,488,0.0
700,489,0.0
700,490,0.0
700,491,0.0
700,492,0.0
700,493,0.0
700,494,0.0
700,495,0.0
700,496,0.13333333333333333
700,497,0.0
700,498,0.0
700,499,0.0
700,500,0.26666666666666666
700,501,0.0
700,502,0.0
700,503,0.0
700,504,0.0
700,505,0.0
700,506,0.0
700,507,0.0
700,508,0.0
700,509,0.0
700,510,0.03333333333333333
700,511,0.0
700,512,0.0
700,513,0.0
700,514,0.0
700,515,0.0
700,516,0.0
700,517,0.0
700,518,0.0
700,519,0.0
700,520,0.0
700,521,0.0
700,522,0.0
700,523,0.0
700,524,0.0
700,525,0.0
700,526,0.0
700,527,0.0
700,528,0.0
700,529,0.0
700,530,0.8333333333333334
700,531,0.0
700,532,0.0
700,533,0.06666666666666667
700,534,0.0
700,535,0.0
700,536,0.0
700,537,0.0
700,538,0.0
700,539,0.0
700,540,0.0
700,541,0.0
700,542,0.0
700,543,0.03333333333333333
700,544,0.0
700,545,0.0
700,546,0.0
700,547,0.0
700,548,0.03333333333333333
700,549,0.0
700,550,0.0
700,551,0.0
700,552,0.0
700,553,0.0
700,554,0.0
700,555,0.0
700,556,0.0
700,557,0.0
700,558,0.0
700,559,0.0
700,560,0.0
700,561,0.0
700,562,0.0
700,563,0.0
700,564,0.0
700,565,0.0
700,566,0.0
700,567,0.0
700,568,0.0
700,569,0.0
700,570,0.0
700,571,0.0
700,572,0.0
700,573,0.0
700,574,0.0
700,575,0.0
700,576,0.0
700,577,0.0
700,578,0.0
700,579,0.0
700,580,0.0
700,581,0.0
700,582,0.0
700,583,0.0
700,584,0.0
700,585,0.03333333333333333
700,586,0.2
700,587,0.0
700,588,0.0
700,589,0.3333333333333333
700,590,0.0
700,591,0.0
700,592,0.0
700,593,0.0
700,594,0.0
700,595,0.3
700,596,0.0
700,597,0.0
700,598,0.0
700,599,0.0
700,600,0.0
700,601,0.0
700,602,0.0
700,603,0.0
700,604,0.0
700,605,0.0
700,606,0.0
700,607,0.0
700,608,0.0
700,609,0.0
700,610,0.0
700,611,0.0
700,612,0.0
700,613,0.0
700,614,0.0
700,615,0.0
700,616,0.0
700,617,0.0
700,618,0.0
700,619,0.0
700,620,0.0
700,621,0.0
700,622,0.0
700,623,0.0
700,624,0.0
700,625,0.0
700,626,0.0
700,627,0.0
700,628,0.0
700,629,0.0
700,630,0.0
700,631,0.0
700,632,0.0
700,633,0.0
700,634,0.1
700,635,0.0
700,636,0.0
700,637,0.0
700,638,0.0
700,639,0.0
700,640,0.0
700,641,0.6333333333333333
700,642,0.0
700,643,0.0
700,644,0.0
700,645,0.0
700,646,0.0
700,647,0.0
700,648,0.0
700,649,0.0
700,650,0.0
700,651,0.0
700,652,0.0
700,653,0.0
700,654,0.0
700,655,0.0
700,656,0.03333333333333333
700,657,0.0
700,658,0.0
700,659,0.0
700,660,0.0
700,661,0.0
700,662,0.0
700,663,0.0
700,664,0.03333333333333333
700,665,0.0
700,666,0.0
700,667,0.0
700,668,0.0
700,669,0.0
700,670,0.0
700,671,0.0
700,672,0.0
700,673,0.0
700,674,0.0
700,675,0.0
700,676,0.0
700,677,0.0
700,678,0.0
700,679,0.0
700,680,0.0
700,681,0.0
700,682,0.0
700,683,0.0
700,684,0.0
700,685,0.0
700,686,0.0
700,687,0.13333333333333333
700,688,0.0
700,689,0.0
700,690,0.0
700,691,0.0
700,692,0.0
700,693,0.0
700,694,0.0
700,695,0.0
700,696,0.0
700,697,0.0
700,698,0.4666666666666667
700,699,0.0
700,700,0.0
700,701,0.0
700,702,0.0
700,703,0.0
700,704,0.0
700,705,0.0
700,706,0.0
700,707,0.0
700,708,0.0
700,709,0.0
700,710,0.0
700,711,0.0
700,712,0.0
700,713,0.0
700,714,0.0
700,715,0.0
700,716,0.0
700,717,0.0
700,718,0.0
700,719,0.0
700,720,0.0
700,721,0.0
700,722,0.0
700,723,0.0
700,724,0.0
700,725,0.0
700,726,0.36666666666666664
700,727,0.0
700,728,0.0
700,729,0.0
700,730,0.0
700,731,0.0
700,732,0.0
700,733,0.0
700,734,0.0
700,735,0.0
700,736,0.1
700,737,0.0
700,738,0.0
700,739,0.0
700,740,0.0
700,741,0.0
700,742,0.0
700,743,0.0
700,744,0.0
700,745,0.0
700,746,0.0
700,747,0.0
700,748,0.0
700,749,0.0
700,750,0.43333333333333335
700,751,0.0
700,752,0.0
700,753,0.0
700,754,0.1
700,755,0.0
700,756,0.0
700,757,0.0
700,758,0.0
700,759,0.0
700,760,0.0
700,761,0.0
700,762,0.0
700,763,0.0
700,764,0.0
700,765,0.0
700,766,0.0
700,767,0.3333333333333333
700,768,0.0
700,769,0.0
700,770,0.0
700,771,0.7
700,772,0.0
700,773,0.0
700,774,0.0
700,775,0.0
700,776,0.0
700,777,0.0
700,778,0.0
700,779,0.0
700,780,0.0
700,781,0.0
700,782,0.0
700,783,0.0
700,784,0.0
700,785,0.0
700,786,0.0
700,787,0.0
700,788,0.03333333333333333
700,789,0.0
700,790,0.0
700,791,0.0
700,792,0.0
700,793,0.0
700,794,0.0
700,795,0.0
700,796,0.0
700,797,0.0
700,798,0.0
700,799,0.0
700,800,0.0
700,801,0.0
700,802,0.0
700,803,0.0
700,804,0.0
700,805,0.0
700,806,0.0
700,807,0.0
700,808,0.0
700,809,0.0
700,810,0.0
700,811,0.0
700,812,0.0
700,813,0.0
700,814,0.0
700,815,0.0
700,816,0.0
700,817,0.0
700,818,0.0
700,819,0.0
700,820,0.0
700,821,0.0
700,822,0.0
700,823,0.0
700,824,0.5333333333333333
700,825,0.0
700,826,0.0
700,827,0.0
700,828,0.0
700,829,0.0
700,830,0.0
700,831,0.0
700,832,0.0
700,833,0.0
700,834,0.0
700,835,0.0
700,836,0.0
700,837,0.0
700,838,0.0
700,839,0.0
700,840,0.0
700,841,0.0
700,842,0.0
700,843,0.0
700,844,0.0
700,845,0.0
700,846,0.8666666666666667
700,847,0.0
700,848,0.0
700,849,0.0
700,850,0.0
700,851,0.0
700,852,0.0
700,853,0.0
700,854,0.0
700,855,0.0
700,856,0.0
700,857,0.0
700,858,0.0
700,859,0.0
700,860,0.0
700,861,0.0
700,862,0.0
700,863,0.0
700,864,0.0
700,865,0.0
700,866,0.0
700,867,0.0
700,868,0.0
700,869,0.0
700,870,0.0
700,871,0.0
700,872,0.0
700,873,0.0
700,874,0.0
700,875,0.0
700,876,0.0
700,877,0.0
700,878,0.0
700,879,0.0
700,880,0.0
700,881,0.0
700,882,0.0
700,883,0.0
700,884,0.0
700,885,0.0
700,886,0.0
700,887,0.0
700,888,0.0
700,889,0.1
700,890,0.5333333333333333
700,891,0.0
700,892,0.0
700,893,0.0
700,894,0.0
700,895,0.0
700,896,0.0
700,897,0.0
700,898,0.0
700,899,0.9
700,900,0.0
700,901,0.0
700,902,0.0
700,903,0.0
700,904,0.0
700,905,0.0
700,906,0.0
700,907,0.0
700,908,0.0
700,909,0.3333333333333333
700,910,0.0
700,911,0.0
700,912,0.0
700,913,0.0
700,914,0.0
700,915,0.0
700,916,0.0
700,917,0.0
700,918,0.0
700,919,0.0
700,920,0.0
700,921,0.0
700,922,0.0
700,923,0.0
700,924,0.0
700,925,0.0
700,926,0.0
700,927,0.0
700,928,0.0
700,929,0.0
700,930,0.0
700,931,0.0
700,932,0.0
700,933,0.0
700,934,0.0
700,935,0.0
700,936,0.0
700,937,0.0
700,938,0.0
700,939,0.03333333333333333
700,940,0.0
700,941,0.0
700,942,0.0
700,943,0.0
700,944,0.0
700,945,0.0
700,946,0.0
700,947,0.0
700,948,0.0
700,949,0.0
700,950,0.0
700,951,0.0
700,952,0.06666666666666667
700,953,0.0
700,954,0.0
700,955,0.0
700,956,0.0
700,957,0.0
700,958,0.0
700,959,0.0
700,960,0.0
700,961,0.0
700,962,0.0
700,963,0.0
700,964,0.0
700,965,0.0
700,966,0.0
700,967,0.0
700,968,0.0
700,969,0.0
700,970,0.0
700,971,0.0
700,972,0.0
700,973,0.0
700,974,0.0
700,975,0.0
700,976,0.0
700,977,0.0
700,978,0.0
700,979,0.0
700,980,0.0
700,981,0.0
700,982,0.0
700,983,0.43333333333333335
700,984,0.0
700,985,0.0
700,986,0.0
700,987,0.16666666666666666
700,988,0.0
700,989,0.0
700,990,0.0
700,991,0.1
700,992,0.0
700,993,0.0
700,994,0.5333333333333333
700,995,0.0
700,996,0.0
700,997,0.0
700,998,0.0
700,999,0.43333333333333335
700,1000,0.0
700,1001,0.0
700,1002,0.0
700,1003,0.0
700,1004,0.0
700,1005,0.0
700,1006,0.0
700,1007,0.0
700,1008,0.0
700,1009,0.0
700,1010,0.0
700,1011,0.0
700,1012,0.0
700,1013,0.0
700,1014,0.4666666666666667
700,1015,0.0
700,1016,0.0
700,1017,0.03333333333333333
700,1018,0.0
700,1019,0.0
700,1020,0.0
700,1021,0.0
700,1022,0.0
700,1023,0.0
700,1024,0.0
700,1025,0.0
700,1026,0.5333333333333333
700,1027,0.0
700,1028,0.0
700,1029,0.0
700,1030,0.0
700,1031,0.0
700,1032,0.0
700,1033,0.0
700,1034,0.0
700,1035,0.0
700,1036,0.0
700,1037,0.0
700,1038,0.0
700,1039,0.0
700,1040,0.0
700,1041,0.0
700,1042,0.0
700,1043,0.0
700,1044,0.0
700,1045,0.0
700,1046,0.0
700,1047,0.0
700,1048,0.0
700,1049,0.0
700,1050,0.0
700,1051,0.0
700,1052,0.0
700,1053,0.0
700,1054,0.0
700,1055,0.0
700,1056,0.0
700,1057,0.0
700,1058,0.0
700,1059,0.0
700,1060,0.0
700,1061,0.0
700,1062,0.0
700,1063,0.06666666666666667
700,1064,0.0
700,1065,0.0
700,1066,0.0
700,1067,0.0
700,1068,0.0
700,1069,0.0
700,1070,0.0
700,1071,0.0
700,1072,0.0
700,1073,0.0
700,1074,0.0
700,1075,0.0
700,1076,0.0
700,1077,0.3333333333333333
700,1078,0.0
700,1079,0.0
700,1080,0.0
700,1081,0.0
700,1082,0.0
700,1083,0.23333333333333334
700,1084,0.0
700,1085,0.4666666666666667
700,1086,0.0
700,1087,0.0
700,1088,0.0
700,1089,0.0
700,1090,0.0
700,1091,0.0
700,1092,0.0
700,1093,0.0
700,1094,0.0
700,1095,0.0
700,1096,0.4
700,1097,0.0
700,1098,0.0
700,1099,0.0
700,1100,0.0
700,1101,0.0
700,1102,0.0
700,1103,0.0
700,1104,0.0
700,1105,0.0
700,1106,0.0
700,1107,0.0
700,1108,0.0
700,1109,0.0
700,1110,0.0
700,1111,0.0
700,1112,0.0
700,1113,0.0
700,1114,0.0
700,1115,0.0
700,1116,0.0
700,1117,0.0
700,1118,0.0
700,1119,0.0
700,1120,0.0
700,1121,0.0
700,1122,0.7
700,1123,0.0
700,1124,0.0
700,1125,0.0
700,1126,0.0
700,1127,0.0
700,1128,0.0
700,1129,0.0
700,1130,0.0
700,1131,0.0
700,1132,0.0
700,1133,0.0
700,1134,0.13333333333333333
700,1135,0.0
700,1136,0.0
700,1137,0.0
700,1138,0.0
700,1139,0.0
700,1140,0.0
700,1141,0.0
700,1142,0.0
700,1143,0.0
700,1144,0.0
700,1145,0.5
700,1146,0.0
700,1147,0.0
700,1148,0.0
700,1149,0.0
700,1150,0.0
700,1151,0.0
700,1152,0.0
700,1153,0.0
700,1154,0.0
700,1155,0.0
700,1156,0.0
700,1157,0.0
700,1158,0.0
700,1159,0.0
700,1160,0.0
700,1161,0.0
700,1162,0.3333333333333333
700,1163,0.0
700,1164,0.0
700,1165,0.0
700,1166,0.0
700,1167,0.0
700,1168,0.0
700,1169,0.0
700,1170,0.0
700,1171,0.0
700,1172,0.0
700,1173,0.0
700,1174,0.0
700,1175,0.0
700,1176,0.06666666666666667
700,1177,0.0
700,1178,0.0
700,1179,0.0
700,1180,0.0
700,1181,0.0
700,1182,0.0
700,1183,0.0
700,1184,0.0
700,1185,0.0
700,1186,0.0
700,1187,0.0
700,1188,0.0
700,1189,0.0
700,1190,0.0
700,1191,0.0
700,1192,0.0
700,1193,0.0
700,1194,0.0
700,1195,0.0
700,1196,0.0
700,1197,0.0
700,1198,0.2
700,1199,0.0
700,1200,0.0
700,1201,0.0
700,1202,0.0
700,1203,0.0
700,1204,0.0
700,1205,0.0
700,1206,0.0
700,1207,0.0
700,1208,0.0
700,1209,0.0
700,1210,0.0
700,1211,0.0
700,1212,0.0
700,1213,0.0
700,1214,0.0
700,1215,0.0
700,1216,0.0
700,1217,0.0
700,1218,0.0
700,1219,0.0
700,1220,0.0
700,1221,0.0
700,1222,0.0
700,1223,0.0
700,1224,0.6333333333333333
700,1225,0.0
700,1226,0.0
700,1227,0.0
700,1228,0.0
700,1229,0.0
700,1230,0.0
700,1231,0.0
700,1232,0.0
700,1233,0.0
700,1234,0.0
700,1235,0.0
700,1236,0.0
700,1237,0.0
700,1238,0.2
700,1239,0.0
700,1240,0.0
700,1241,0.0
700,1242,0.0
700,1243,0.0
700,1244,0.0
700,1245,0.0
700,1246,0.0
700,1247,0.0
700,1248,0.0
700,1249,0.0
700,1250,0.16666666666666666
700,1251,0.0
700,1252,0.0
700,1253,0.0
700,1254,0.0
700,1255,0.0
700,1256,0.0
700,1257,0.0
700,1258,0.0
700,1259,0.0
700,1260,0.0
700,1261,0.0
700,1262,0.0
700,1263,0.0
700,1264,0.0
700,1265,0.0
700,1266,0.0
700,1267,0.0
700,1268,0.0
700,1269,0.0
700,1270,0.0
700,1271,0.0
700,1272,0.0
700,1273,0.0
700,1274,0.0
700,1275,0.0
700,1276,0.0
700,1277,0.0
700,1278,0.0
700,1279,0.16666666666666666
700,1280,0.0
700,1281,0.0
700,1282,0.0
700,1283,0.0
700,1284,0.0
700,1285,0.0
700,1286,0.0
700,1287,0.0
700,1288,0.0
700,1289,0.0
700,1290,0.0
700,1291,0.0
700,1292,0.0
700,1293,0.0
700,1294,0.0
700,1295,0.0
700,1296,0.0
700,1297,0.06666666666666667
700,1298,0.0
700,1299,0.0
700,1300,0.0
700,1301,0.0
700,1302,0.0
700,1303,0.0
700,1304,0.0
700,1305,0.0
700,1306,0.0
700,1307,0.0
700,1308,0.0
700,1309,0.0
700,1310,0.36666666666666664
700,1311,0.0
700,1312,0.0
700,1313,0.0
700,1314,0.0
700,1315,0.0
700,1316,0.0
700,1317,0.0
700,1318,0.0
700,1319,0.0
700,1320,0.0
700,1321,0.0
700,1322,0.0
700,1323,0.0
700,1324,0.0
700,1325,0.0
700,1326,0.0
700,1327,0.0
700,1328,0.0
700,1329,0.1
700,1330,0.0
700,1331,0.0
700,1332,0.0
700,1333,0.0
700,1334,0.0
700,1335,0.0
700,1336,0.0
700,1337,0.0
700,1338,0.0
700,1339,0.0
700,1340,0.0
700,1341,0.0
700,1342,0.0
700,1343,0.0
700,1344,0.0
700,1345,0.0
700,1346,0.0
700,1347,0.0
700,1348,0.0
700,1349,0.0
700,1350,0.0
700,1351,0.0
700,1352,0.0
700,1353,0.0
700,1354,0.0
700,1355,0.0
700,1356,0.0
700,1357,0.0
700,1358,0.0
700,1359,0.0
700,1360,0.0
700,1361,0.0
700,1362,0.0
700,1363,0.0
700,1364,0.0
700,1365,0.0
700,1366,0.0
700,1367,0.0
700,1368,0.0
700,1369,0.0
700,1370,0.0
700,1371,0.0
700,1372,0.0
700,1373,0.0
700,1374,0.0
700,1375,0.0
700,1376,0.0
700,1377,0.0
700,1378,0.0
700,1379,0.0
700,1380,0.0
700,1381,0.0
700,1382,0.0
700,1383,0.0
700,1384,0.0
700,1385,0.0
700,1386,0.03333333333333333
700,1387,0.0
700,1388,0.0
700,1389,0.0
700,1390,0.0
700,1391,0.0
700,1392,0.0
700,1393,0.0
700,1394,0.0
700,1395,0.0
700,1396,0.0
700,1397,0.0
700,1398,0.0
700,1399,0.0
700,1400,0.0
700,1401,0.0
700,1402,0.0
700,1403,0.0
700,1404,0.0
700,1405,0.0
700,1406,0.0
700,1407,0.0
700,1408,0.0
700,1409,0.0
700,1410,0.0
700,1411,0.0
700,1412,0.06666666666666667
700,1413,0.0
700,1414,0.0
700,1415,0.0
700,1416,0.0
700,1417,0.0
700,1418,0.0
700,1419,0.0
700,1420,0.0
700,1421,0.0
700,1422,0.0
700,1423,0.0
700,1424,0.0
700,1425,0.0
700,1426,0.0
700,1427,0.0
700,1428,0.0
700,1429,0.0
700,1430,0.0
700,1431,0.0
700,1432,0.0
700,1433,0.0
700,1434,0.0
700,1435,0.0
700,1436,0.0
700,1437,0.0
700,1438,0.0
700,1439,0.0
700,1440,0.0
700,1441,0.0
700,1442,0.0
700,1443,0.0
700,1444,0.0
700,1445,0.0
700,1446,0.0
700,1447,0.0
700,1448,0.0
700,1449,0.0
700,1450,0.0
700,1451,0.0
700,1452,0.0
700,1453,0.0
700,1454,0.0
700,1455,0.0
700,1456,0.0
700,1457,0.6
700,1458,0.0
700,1459,0.0
700,1460,0.0
700,1461,0.0
700,1462,0.0
700,1463,0.0
700,1464,0.0
700,1465,0.0
700,1466,0.5
700,1467,0.0
700,1468,0.0
700,1469,0.0
700,1470,0.0
700,1471,0.0
700,1472,0.0
700,1473,0.0
700,1474,0.0
700,1475,0.0
700,1476,0.0
700,1477,0.5666666666666667
700,1478,0.0
700,1479,0.0
700,1480,0.0
700,1481,0.0
700,1482,0.0
700,1483,0.0
700,1484,0.0
700,1485,0.0
700,1486,0.0
700,1487,0.0
700,1488,0.23333333333333334
700,1489,0.0
700,1490,0.0
700,1491,0.0
700,1492,0.0
700,1493,0.0
700,1494,0.0
700,1495,0.0
700,1496,0.0
700,1497,0.0
700,1498,0.0
700,1499,0.0
700,1500,0.0
700,1501,0.0
700,1502,0.0
700,1503,0.0
700,1504,0.0
700,1505,0.0
700,1506,0.0
700,1507,0.0
700,1508,0.0
700,1509,0.0
700,1510,0.0
700,1511,0.0
700,1512,0.0
700,1513,0.0
700,1514,0.0
700,1515,0.0
700,1516,0.0
700,1517,0.0
700,1518,0.0
700,1519,0.0
700,1520,0.0
700,1521,0.0
700,1522,0.0
700,1523,0.0
700,1524,0.0
700,1525,0.0
700,1526,0.0
700,1527,0.0
700,1528,0.0
700,1529,0.0
700,1530,0.0
700,1531,0.0
700,1532,0.0
700,1533,0.0
700,1534,0.0
700,1535,0.0
700,1536,0.0
700,1537,0.0
700,1538,0.0
700,1539,0.0
700,1540,0.0
700,1541,0.0
700,1542,0.0
700,1543,0.0
700,1544,0.16666666666666666
700,1545,0.0
700,1546,0.0
700,1547,0.0
700,1548,0.0
700,1549,0.0
700,1550,0.0
700,1551,0.0
700,1552,0.0
700,1553,0.0
700,1554,0.0
700,1555,0.0
700,1556,0.0
700,1557,0.0
700,1558,0.0
700,1559,0.03333333333333333
700,1560,0.0
700,1561,0.0
700,1562,0.0
700,1563,0.0
700,1564,0.0
700,1565,0.0
700,1566,0.0
700,1567,0.0
700,1568,0.0
700,1569,0.0
700,1570,0.0
700,1571,0.0
700,1572,0.0
700,1573,0.0
700,1574,0.0
700,1575,0.0
700,1576,0.0
700,1577,0.0
700,1578,0.0
700,1579,0.0
700,1580,0.0
700,1581,0.0
700,1582,0.0
700,1583,0.0
700,1584,0.0
700,1585,0.26666666666666666
700,1586,0.0
700,1587,0.0
700,1588,0.0
700,1589,0.0
700,1590,0.0
700,1591,0.0
700,1592,0.0
700,1593,0.03333333333333333
700,1594,0.0
700,1595,0.0
700,1596,0.0
700,1597,0.0
700,1598,0.0
700,1599,0.0
700,1600,0.0
700,1601,0.0
700,1602,0.0
700,1603,0.0
700,1604,0.0
700,1605,0.0
700,1606,0.0
700,1607,0.3
700,1608,0.0
700,1609,0.0
700,1610,0.0
700,1611,0.0
700,1612,0.0
700,1613,0.0
700,1614,0.0
700,1615,0.0
700,1616,0.0
700,1617,0.0
700,1618,0.0
700,1619,0.0
700,1620,0.0
700,1621,0.0
700,1622,0.13333333333333333
700,1623,0.0
700,1624,0.0
700,1625,0.0
700,1626,0.5333333333333333
700,1627,0.0
700,1628,0.0
700,1629,0.36666666666666664
700,1630,0.0
700,1631,0.0
700,1632,0.0
700,1633,0.0
700,1634,0.0
700,1635,0.0
700,1636,0.0
700,1637,0.0
700,1638,0.0
700,1639,0.0
700,1640,0.1
700,1641,0.0
700,1642,0.0
700,1643,0.0
700,1644,0.0
700,1645,0.0
700,1646,0.0
700,1647,0.0
700,1648,0.0
700,1649,0.0
700,1650,0.0
700,1651,0.0
700,1652,0.0
700,1653,0.0
700,1654,0.0
700,1655,0.0
700,1656,0.0
700,1657,0.0
700,1658,0.0
700,1659,0.7
700,1660,0.0
700,1661,0.0
700,1662,0.0
700,1663,0.0
700,1664,0.0
700,1665,0.0
700,1666,0.0
700,1667,0.0
700,1668,0.0
700,1669,0.0
700,1670,0.06666666666666667
700,1671,0.0
700,1672,0.0
700,1673,0.0
700,1674,0.0
700,1675,0.0
700,1676,0.0
700,1677,0.0
700,1678,0.0
700,1679,0.0
700,1680,0.0
700,1681,0.0
700,1682,0.0
700,1683,0.0
700,1684,0.0
700,1685,0.0
700,1686,0.0
700,1687,0.0
700,1688,0.0
700,1689,0.0
700,1690,0.0
700,1691,0.0
700,1692,0.0
700,1693,0.0
700,1694,0.0
700,1695,0.0
700,1696,0.0
700,1697,0.0
700,1698,0.0
700,1699,0.0
700,1700,0.0
700,1701,0.0
700,1702,0.0
700,1703,0.0
700,1704,0.0
700,1705,0.03333333333333333
700,1706,0.0
700,1707,0.0
700,1708,0.0
700,1709,0.0
700,1710,0.0
700,1711,0.0
700,1712,0.0
700,1713,0.0
700,1714,0.0
700,1715,0.0
700,1716,0.06666666666666667
700,1717,0.0
700,1718,0.0
700,1719,0.03333333333333333
700,1720,0.0
700,1721,0.0
700,1722,0.0
700,1723,0.0
700,1724,0.0
700,1725,0.0
700,1726,0.0
700,1727,0.0
700,1728,0.0
700,1729,0.0
700,1730,0.0
700,1731,0.6
700,1732,0.0
700,1733,0.0
700,1734,0.0
700,1735,0.0
700,1736,0.0
700,1737,0.0
700,1738,0.0
700,1739,0.0
700,1740,0.0
700,1741,0.6333333333333333
700,1742,0.0
700,1743,0.0
700,1744,0.0
700,1745,0.0
700,1746,0.0
700,1747,0.0
700,1748,0.0
700,1749,0.0
700,1750,0.0
700,1751,0.0
700,1752,0.0
700,1753,0.0
700,1754,0.0
700,1755,0.0
700,1756,0.0
700,1757,0.0
700,1758,0.0
700,1759,0.0
700,1760,0.0
700,1761,0.0
700,1762,0.0
700,1763,0.0
700,1764,0.0
700,1765,0.0
700,1766,0.0
700,1767,0.0
700,1768,0.0
700,1769,0.0
700,1770,0.0
700,1771,0.0
700,1772,0.0
700,1773,0.0
700,1774,0.0
700,1775,0.0
700,1776,0.0
700,1777,0.0
700,1778,0.0
700,1779,0.0
700,1780,0.0
700,1781,0.0
700,1782,0.0
700,1783,0.0
700,1784,0.0
700,1785,0.0
700,1786,0.0
700,1787,0.0
700,1788,0.0
700,1789,0.0
700,1790,0.0
700,1791,0.43333333333333335
700,1792,0.0
700,1793,0.0
700,1794,0.0
700,1795,0.0
700,1796,0.0
700,1797,0.0
700,1798,0.0
700,1799,0.0
700,1800,0.0
700,1801,0.0
700,1802,0.0
700,1803,0.0
700,1804,0.0
700,1805,0.0
700,1806,0.0
700,1807,0.43333333333333335
700,1808,0.0
700,1809,0.0
700,1810,0.0
700,1811,0.0
700,1812,0.0
700,1813,0.0
700,1814,0.0
700,1815,0.0
700,1816,0.0
700,1817,0.0
700,1818,0.0
700,1819,0.0
700,1820,0.0
700,1821,0.03333333333333333
700,1822,0.0
700,1823,0.0
700,1824,0.0
700,1825,0.0
700,1826,0.0
700,1827,0.0
700,1828,0.0
700,1829,0.0
700,1830,0.0
700,1831,0.0
700,1832,0.0
700,1833,0.0
700,1834,0.0
700,1835,0.0
700,1836,0.0
700,1837,0.0
700,1838,0.0
700,1839,0.0
700,1840,0.0
700,1841,0.0
700,1842,0.0
700,1843,0.0
700,1844,0.0
700,1845,0.0
700,1846,0.0
700,1847,0.0
700,1848,0.0
700,1849,0.0
700,1850,0.0
700,1851,0.0
700,1852,0.0
700,1853,0.0
700,1854,0.7333333333333333
700,1855,0.0
700,1856,0.0
700,1857,0.0
700,1858,0.0
700,1859,0.0
700,1860,0.0
700,1861,0.03333333333333333
700,1862,0.0
700,1863,0.0
700,1864,0.0
700,1865,0.13333333333333333
700,1866,0.0
700,1867,0.0
700,1868,0.0
700,1869,0.0
700,1870,0.0
700,1871,0.0
700,1872,0.0
700,1873,0.0
700,1874,0.0
700,1875,0.23333333333333334
700,1876,0.0
700,1877,0.0
700,1878,0.0
700,1879,0.0
700,1880,0.0
700,1881,0.0
700,1882,0.0
700,1883,0.0
700,1884,0.0
700,1885,0.0
700,1886,0.23333333333333334
700,1887,0.0
700,1888,0.0
700,1889,0.0
700,1890,0.0
700,1891,0.0
700,1892,0.0
700,1893,0.0
700,1894,0.0
700,1895,0.0
700,1896,0.0
700,1897,0.0
700,1898,0.0
700,1899,0.0
700,1900,0.0
700,1901,0.0
700,1902,0.0
700,1903,0.0
700,1904,0.03333333333333333
700,1905,0.0
700,1906,0.0
700,1907,0.0
700,1908,0.0
700,1909,0.0
700,1910,0.0
700,1911,0.0
700,1912,0.0
700,1913,0.0
700,1914,0.0
700,1915,0.0
700,1916,0.0
700,1917,0.0
700,1918,0.0
700,1919,0.0
700,1920,0.0
700,1921,0.0
700,1922,0.0
700,1923,0.0
700,1924,0.0
700,1925,0.0
700,1926,0.0
700,1927,0.7666666666666667
700,1928,0.0
700,1929,0.0
700,1930,0.0
700,1931,0.0
700,1932,0.0
700,1933,0.0
700,1934,0.06666666666666667
700,1935,0.0
700,1936,0.0
700,1937,0.0
700,1938,0.0
700,1939,0.0
700,1940,0.0
700,1941,0.0
700,1942,0.0
700,1943,0.0
700,1944,0.0
700,1945,0.0
700,1946,0.0
700,1947,0.0
700,1948,0.0
700,1949,0.0
700,1950,0.0
700,1951,0.06666666666666667
700,1952,0.0
700,1953,0.0
700,1954,0.0
700,1955,0.0
700,1956,0.0
700,1957,0.0
700,1958,0.0
700,1959,0.0
700,1960,0.0
700,1961,0.0
700,1962,0.0
700,1963,0.0
700,1964,0.0
700,1965,0.0
700,1966,0.0
700,1967,0.0
700,1968,0.1
700,1969,0.0
700,1970,0.0
700,1971,0.0
700,1972,0.0
700,1973,0.0
700,1974,0.0
700,1975,0.0
700,1976,0.0
700,1977,0.0
700,1978,0.0
700,1979,0.0
700,1980,0.0
700,1981,0.0
700,1982,0.0
700,1983,0.0
700,1984,0.0
700,1985,0.0
700,1986,0.03333333333333333
700,1987,0.0
700,1988,0.0
700,1989,0.0
700,1990,0.0
700,1991,0.0
700,1992,0.0
700,1993,0.0
700,1994,0.0
700,1995,0.0
700,1996,0.0
700,1997,0.06666666666666667
700,1998,0.06666666666666667
700,1999,0.0
700,2000,0.0
700,2001,0.0
700,2002,0.0
700,2003,0.0
700,2004,0.0
700,2005,0.0
700,2006,0.0
700,2007,0.0
700,2008,0.0
700,2009,0.0
700,2010,0.0
700,2011,0.0
700,2012,0.5333333333333333
700,2013,0.0
700,2014,0.0
700,2015,0.0
700,2016,0.6333333333333333
700,2017,0.0
700,2018,0.0
700,2019,0.0
700,2020,0.0
700,2021,0.0
700,2022,0.4666666666666667
700,2023,0.0
700,2024,0.0
700,2025,0.0
700,2026,0.0
700,2027,0.0
700,2028,0.0
700,2029,0.0
700,2030,0.0
700,2031,0.0
700,2032,0.0
700,2033,0.0
700,2034,0.0
700,2035,0.0
700,2036,0.0
700,2037,0.0
700,2038,0.0
700,2039,0.03333333333333333
700,2040,0.0
700,2041,0.0
700,2042,0.0
700,2043,0.0
700,2044,0.0
700,2045,0.0
700,2046,0.9
700,2047,0.0
700,2048,0.0
700,2049,0.0
700,2050,0.0
700,2051,0.0
700,2052,0.0
700,2053,0.0
700,2054,0.0
700,2055,0.0
700,2056,0.0
700,2057,0.0
700,2058,0.0
700,2059,0.0
700,2060,0.0
700,2061,0.0
700,2062,0.0
700,2063,0.0
700,2064,0.0
700,2065,0.0
700,2066,0.0
700,2067,0.0
700,2068,0.0
700,2069,0.0
700,2070,0.0
700,2071,0.0
700,2072,0.0
700,2073,0.0
700,2074,0.0
700,2075,0.0
700,2076,0.13333333333333333
700,2077,0.0
700,2078,0.0
700,2079,0.0
700,2080,0.03333333333333333
700,2081,0.0
700,2082,0.0
700,2083,0.0
700,2084,0.0
700,2085,0.0
700,2086,0.0
700,2087,0.0
700,2088,0.0
700,2089,0.0
700,2090,0.43333333333333335
700,2091,0.0
700,2092,0.0
700,2093,0.0
700,2094,0.0
700,2095,0.0
700,2096,0.0
700,2097,0.0
700,2098,0.0
700,2099,0.0
700,2100,0.0
700,2101,0.06666666666666667
700,2102,0.0
700,2103,0.0
700,2104,0.0
700,2105,0.0
700,2106,0.0
700,2107,0.0
700,2108,0.0
700,2109,0.0
700,2110,0.0
700,2111,0.0
700,2112,0.0
700,2113,0.0
700,2114,0.0
700,2115,0.0
700,2116,0.0
700,2117,0.0
700,2118,0.0
700,2119,0.0
700,2120,0.0
700,2121,0.0
700,2122,0.0
700,2123,0.0
700,2124,0.0
700,2125,0.0
700,2126,0.0
700,2127,0.0
700,2128,0.0
700,2129,0.0
700,2130,0.0
700,2131,0.0
700,2132,0.3333333333333333
700,2133,0.0
700,2134,0.0
700,2135,0.0
700,2136,0.0
700,2137,0.0
700,2138,0.0
700,2139,0.0
700,2140,0.0
700,2141,0.0
700,2142,0.0
700,2143,0.0
700,2144,0.0
700,2145,0.0
700,2146,0.0
700,2147,0.0
700,2148,0.0
700,2149,0.0
700,2150,0.0
700,2151,0.0
700,2152,0.0
700,2153,0.0
700,2154,0.0
700,2155,0.0
700,2156,0.0
700,2157,0.0
700,2158,0.3333333333333333
700,2159,0.0
700,2160,0.0
700,2161,0.0
700,2162,0.0
700,2163,0.0
700,2164,0.0
700,2165,0.0
700,2166,0.0
700,2167,0.0
700,2168,0.0
700,2169,0.0
700,2170,0.0
700,2171,0.0
700,2172,0.0
700,2173,0.03333333333333333
700,2174,0.0
700,2175,0.0
700,2176,0.0
700,2177,0.0
700,2178,0.0
700,2179,0.0
700,2180,0.0
700,2181,0.06666666666666667
700,2182,0.0
700,2183,0.0
700,2184,0.0
700,2185,0.0
700,2186,0.0
700,2187,0.06666666666666667
700,2188,0.0
700,2189,0.0
700,2190,0.0
700,2191,0.0
700,2192,0.0
700,2193,0.0
700,2194,0.0
700,2195,0.0
700,2196,0.0
700,2197,0.0
700,2198,0.0
700,2199,0.0
700,2200,0.0
700,2201,0.0
700,2202,0.0
700,2203,0.0
700,2204,0.0
700,2205,0.0
700,2206,0.0
700,2207,0.16666666666666666
700,2208,0.0
700,2209,0.0
700,2210,0.0
700,2211,0.0
700,2212,0.0
700,2213,0.0
700,2214,0.0
700,2215,0.0
700,2216,0.0
700,2217,0.0
700,2218,0.0
700,2219,0.0
700,2220,0.0
700,2221,0.0
700,2222,0.0
700,2223,0.03333333333333333
700,2224,0.0
700,2225,0.7333333333333333
700,2226,0.0
700,2227,0.0
700,2228,0.0
700,2229,0.0
700,2230,0.0
700,2231,0.0
700,2232,0.0
700,2233,0.0
700,2234,0.0
700,2235,0.0
700,2236,0.0
700,2237,0.0
700,2238,0.0
700,2239,0.0
700,2240,0.0
700,2241,0.0
700,2242,0.0
700,2243,0.0
700,2244,0.0
700,2245,0.0
700,2246,0.0
700,2247,0.0
700,2248,0.0
700,2249,0.0
700,2250,0.0
700,2251,0.0
700,2252,0.0
700,2253,0.0
700,2254,0.0
700,2255,0.0
700,2256,0.0
700,2257,0.0
700,2258,0.0
700,2259,0.0
700,2260,0.0
700,2261,0.0
700,2262,0.0
700,2263,0.06666666666666667
700,2264,0.0
700,2265,0.0
700,2266,0.0
700,2267,0.23333333333333334
700,2268,0.0
700,2269,0.0
700,2270,0.0
700,2271,0.0
700,2272,0.0
700,2273,0.0
700,2274,0.0
700,2275,0.0
700,2276,0.0
700,2277,0.0
700,2278,0.0
700,2279,0.0
700,2280,0.0
700,2281,0.0
700,2282,0.0
700,2283,0.0
700,2284,0.0
700,2285,0.0
700,2286,0.0
700,2287,0.0
700,2288,0.0
700,2289,0.0
700,2290,0.0
700,2291,0.0
700,2292,0.0
700,2293,0.0
700,2294,0.0
700,2295,0.0
700,2296,0.0
700,2297,0.0
700,2298,0.0
700,2299,0.0
700,2300,0.0
700,2301,0.0
700,2302,0.0
700,2303,0.0
700,2304,0.0
700,2305,0.0
700,2306,0.0
700,2307,0.0
700,2308,0.06666666666666667
700,2309,0.0
700,2310,0.0
700,2311,0.0
700,2312,0.0
700,2313,0.0
700,2314,0.0
700,2315,0.0
700,2316,0.0
700,2317,0.0
700,2318,0.0
700,2319,0.0
700,2320,0.0
700,2321,0.0
700,2322,0.0
700,2323,0.0
700,2324,0.0
700,2325,0.0
700,2326,0.0
700,2327,0.6
700,2328,0.0
700,2329,0.0
700,2330,0.0
700,2331,0.0
700,2332,0.0
700,2333,0.0
700,2334,0.0
700,2335,0.0
700,2336,0.0
700,2337,0.0
700,2338,0.0
700,2339,0.0
700,2340,0.0
700,2341,0.0
700,2342,0.0
700,2343,0.0
700,2344,0.0
700,2345,0.0
700,2346,0.0
700,2347,0.0
700,2348,0.0
700,2349,0.0
700,2350,0.0
700,2351,0.0
700,2352,0.0
700,2353,0.0
700,2354,0.0
700,2355,0.0
700,2356,0.0
700,2357,0.0
700,2358,0.0
700,2359,0.0
700,2360,0.0
700,2361,0.0
700,2362,0.0
700,2363,0.9
700,2364,0.0
700,2365,0.0
700,2366,0.0
700,2367,0.0
700,2368,0.0
700,2369,0.0
700,2370,0.0
700,2371,0.0
700,2372,0.0
700,2373,0.0
700,2374,0.03333333333333333
700,2375,0.0
700,2376,0.0
700,2377,0.0
700,2378,0.0
700,2379,0.0
700,2380,0.0
700,2381,0.0
700,2382,0.0
700,2383,0.0
700,2384,0.0
700,2385,0.0
700,2386,0.0
700,2387,0.0
700,2388,0.0
700,2389,0.0
700,2390,0.0
700,2391,0.0
700,2392,0.0
700,2393,0.0
700,2394,0.0
700,2395,0.0
700,2396,0.0
700,2397,0.0
700,2398,0.0
700,2399,0.0
700,2400,0.0
700,2401,0.0
700,2402,0.0
700,2403,0.0
700,2404,0.0
700,2405,0.0
700,2406,0.0
700,2407,0.0
700,2408,0.0
700,2409,0.0
700,2410,0.0
700,2411,0.0
700,2412,0.0
700,2413,0.0
700,2414,0.0
700,2415,0.0
700,2416,0.0
700,2417,0.0
700,2418,0.0
700,2419,0.0
700,2420,0.0
700,2421,0.0
700,2422,0.0
700,2423,0.0
700,2424,0.0
700,2425,0.0
700,2426,0.0
700,2427,0.0
700,2428,0.03333333333333333
700,2429,0.0
700,2430,0.0
700,2431,0.0
700,2432,0.3333333333333333
700,2433,0.0
700,2434,0.0
700,2435,0.0
700,2436,0.0
700,2437,0.0
700,2438,0.0
700,2439,0.0
700,2440,0.0
700,2441,0.0
700,2442,0.0
700,2443,0.6
700,2444,0.0
700,2445,0.0
700,2446,0.0
700,2447,0.0
700,2448,0.0
700,2449,0.0
700,2450,0.0
700,2451,0.0
700,2452,0.0
700,2453,0.0
700,2454,0.0
700,2455,0.0
700,2456,0.0
700,2457,0.0
700,2458,0.0
700,2459,0.1
700,2460,0.0
700,2461,0.0
700,2462,0.0
700,2463,0.0
700,2464,0.0
700,2465,0.0
700,2466,0.0
700,2467,0.0
700,2468,0.0
700,2469,0.0
700,2470,0.0
700,2471,0.0
700,2472,0.0
700,2473,0.0
700,2474,0.0
700,2475,0.0
700,2476,0.0
700,2477,0.0
700,2478,0.0
700,2479,0.0
700,2480,0.0
700,2481,0.0
700,2482,0.0
700,2483,0.0
700,2484,0.0
700,2485,0.8
700,2486,0.0
700,2487,0.0
700,2488,0.0
700,2489,0.0
700,2490,0.0
700,2491,0.0
700,2492,0.0
700,2493,0.0
700,2494,0.0
700,2495,0.0
700,2496,0.0
700,2497,0.0
700,2498,0.0
700,2499,0.0
700,2500,0.0
700,2501,0.0
700,2502,0.0
700,2503,0.1
700,2504,0.0
700,2505,0.0
700,2506,0.0
700,2507,0.0
700,2508,0.0
700,2509,0.1
700,2510,0.0
700,2511,0.0
700,2512,0.0
700,2513,0.0
700,2514,0.0
700,2515,0.0
700,2516,0.0
700,2517,0.0
700,2518,0.16666666666666666
700,2519,0.06666666666666667
700,2520,0.2
700,2521,0.0
700,2522,0.0
700,2523,0.0
700,2524,0.0
700,2525,0.0
700,2526,0.0
700,2527,0.0
700,2528,0.0
700,2529,0.0
700,2530,0.0
700,2531,0.0
700,2532,0.0
700,2533,0.5
700,2534,0.0
700,2535,0.0
700,2536,0.0
700,2537,0.0
700,2538,0.0
700,2539,0.0
700,2540,0.0
700,2541,0.03333333333333333
700,2542,0.0
700,2543,0.0
700,2544,0.0
700,2545,0.0
700,2546,0.0
700,2547,0.0
700,2548,0.0
700,2549,0.0
700,2550,0.0
700,2551,0.0
700,2552,0.0
700,2553,0.7
700,2554,0.13333333333333333
700,2555,0.0
700,2556,0.0
700,2557,0.0
700,2558,0.0
700,2559,0.0
700,2560,0.0
700,2561,0.0
700,2562,0.0
700,2563,0.0
700,2564,0.0
700,2565,0.0
700,2566,0.26666666666666666
700,2567,0.0
700,2568,0.0
700,2569,0.0
700,2570,0.0
700,2571,0.6333333333333333
700,2572,0.0
700,2573,0.0
700,2574,0.0
700,2575,0.0
700,2576,0.1
700,2577,0.03333333333333333
700,2578,0.0
700,2579,0.0
700,2580,0.0
700,2581,0.0
700,2582,0.0
700,2583,0.0
700,2584,0.03333333333333333
700,2585,0.0
700,2586,0.0
700,2587,0.0
700,2588,0.0
700,2589,0.0
700,2590,0.0
700,2591,0.0
700,2592,0.0
700,2593,0.0
700,2594,0.0
700,2595,0.0
700,2596,0.0
700,2597,0.0
700,2598,0.0
700,2599,0.0
700,2600,0.0
700,2601,0.0
700,2602,0.0
700,2603,0.0
700,2604,0.0
700,2605,0.0
700,2606,0.0
700,2607,0.0
700,2608,0.0
700,2609,0.0
700,2610,0.0
700,2611,0.0
700,2612,0.0
700,2613,0.0
700,2614,0.0
700,2615,0.0
700,2616,0.0
700,2617,0.0
700,2618,0.0
700,2619,0.0
700,2620,0.0
700,2621,0.0
700,2622,0.0
700,2623,0.0
700,2624,0.0
700,2625,0.0
700,2626,0.0
700,2627,0.0
700,2628,0.0
700,2629,0.0
700,2630,0.0
700,2631,0.0
700,2632,0.0
700,2633,0.0
700,2634,0.0
700,2635,0.0
700,2636,0.0
700,2637,0.0
700,2638,0.0
700,2639,0.0
700,2640,0.0
700,2641,0.0
700,2642,0.0
700,2643,0.0
700,2644,0.0
700,2645,0.0
700,2646,0.0
700,2647,0.03333333333333333
700,2648,0.0
700,2649,0.13333333333333333
700,2650,0.0
700,2651,0.0
700,2652,0.0
700,2653,0.0
700,2654,0.0
700,2655,0.0
700,2656,0.0
700,2657,0.0
700,2658,0.0
700,2659,0.0
700,2660,0.0
700,2661,0.0
700,2662,0.0
700,2663,0.0
700,2664,0.0
700,2665,0.0
700,2666,0.0
700,2667,0.0
700,2668,0.0
700,2669,0.0
700,2670,0.0
700,2671,0.0
700,2672,0.0
700,2673,0.0
700,2674,0.0
700,2675,0.0
700,2676,0.26666666666666666
700,2677,0.0
700,2678,0.0
700,2679,0.0
700,2680,0.0
700,2681,0.0
700,2682,0.5666666666666667
700,2683,0.0
700,2684,0.0
700,2685,0.0
700,2686,0.0
700,2687,0.0
700,2688,0.0
700,2689,0.0
700,2690,0.0
700,2691,0.0
700,2692,0.0
700,2693,0.0
700,2694,0.0
700,2695,0.0
700,2696,0.0
700,2697,0.0
700,2698,0.0
700,2699,0.0
700,2700,0.0
700,2701,0.0
700,2702,0.0
700,2703,0.0
700,2704,0.0
700,2705,0.0
700,2706,0.0
700,2707,0.0
700,2708,0.0
700,2709,0.0
700,2710,0.0
700,2711,0.0
700,2712,0.0
700,2713,0.0
700,2714,0.0
700,2715,0.0
700,2716,0.0
700,2717,0.0
700,2718,0.0
700,2719,0.0
700,2720,0.0
700,2721,0.0
700,2722,0.0
700,2723,0.0
700,2724,0.0
700,2725,0.0
700,2726,0.0
700,2727,0.0
700,2728,0.0
700,2729,0.0
700,2730,0.0
700,2731,0.0
700,2732,0.0
700,2733,0.0
700,2734,0.0
700,2735,0.0
700,2736,0.5
700,2737,0.16666666666666666
700,2738,0.0
700,2739,0.0
700,2740,0.0
700,2741,0.0
700,2742,0.0
700,2743,0.0
700,2744,0.0
700,2745,0.0
700,2746,0.0
700,2747,0.0
700,2748,0.0
700,2749,0.0
700,2750,0.0
700,2751,0.0
700,2752,0.0
700,2753,0.0
700,2754,0.0
700,2755,0.0
700,2756,0.0
700,2757,0.0
700,2758,0.0
700,2759,0.0
700,2760,0.0
700,2761,0.0
700,2762,0.0
700,2763,0.0
700,2764,0.0
700,2765,0.0
700,2766,0.0
700,2767,0.0
700,2768,0.0
700,2769,0.0
700,2770,0.0
700,2771,0.0
700,2772,0.0
700,2773,0.0
700,2774,0.0
700,2775,0.0
700,2776,0.0
700,2777,0.0
700,2778,1.0
700,2779,0.0
700,2780,0.0
700,2781,0.0
700,2782,0.0
700,2783,0.0
700,2784,0.0
700,2785,0.0
700,2786,0.0
700,2787,0.0
700,2788,0.0
700,2789,0.0
700,2790,0.0
700,2791,0.0
700,2792,0.0
700,2793,0.0
700,2794,0.0
700,2795,0.0
700,2796,0.0
700,2797,0.03333333333333333
700,2798,0.0
700,2799,0.0
700,2800,0.0
700,2801,0.0
700,2802,0.2
700,2803,0.0
700,2804,0.0
700,2805,0.0
700,2806,0.0
700,2807,0.0
700,2808,0.0
700,2809,0.0
700,2810,0.4
700,2811,0.0
700,2812,0.0
700,2813,0.7333333333333333
700,2814,0.0
700,2815,0.0
700,2816,0.2
700,2817,0.0
700,2818,0.0
700,2819,0.0
700,2820,0.0
700,2821,0.0
700,2822,0.0
700,2823,0.0
700,2824,0.0
700,2825,0.0
700,2826,0.0
700,2827,0.0
700,2828,0.0
700,2829,0.0
700,2830,0.0
700,2831,0.0
700,2832,0.0
700,2833,0.0
700,2834,0.0
700,2835,0.0
700,2836,0.0
700,2837,0.0
700,2838,0.0
700,2839,0.0
700,2840,0.0
700,2841,0.0
700,2842,0.5
700,2843,0.0
700,2844,0.0
700,2845,0.0
700,2846,0.0
700,2847,0.4666666666666667
700,2848,0.0
700,2849,0.0
700,2850,0.0
700,2851,0.0
700,2852,0.0
700,2853,0.0
700,2854,0.0
700,2855,0.0
700,2856,0.0
700,2857,0.0
700,2858,0.0
700,2859,0.0
700,2860,0.0
700,2861,0.0
700,2862,0.0
700,2863,0.06666666666666667
700,2864,0.0
700,2865,0.0
700,2866,0.0
700,2867,0.06666666666666667
700,2868,0.0
700,2869,0.0
700,2870,0.0
700,2871,0.0
700,2872,0.0
700,2873,0.0
700,2874,0.0
700,2875,0.0
700,2876,0.0
700,2877,0.0
700,2878,0.0
700,2879,0.0
700,2880,0.0
700,2881,0.0
700,2882,0.03333333333333333
700,2883,0.0
700,2884,0.0
700,2885,0.0
700,2886,0.0
700,2887,0.0
700,2888,0.0
700,2889,0.0
700,2890,0.0
700,2891,0.0
700,2892,0.0
700,2893,0.0
700,2894,0.0
700,2895,0.0
700,2896,0.0
700,2897,0.0
700,2898,0.0
700,2899,0.0
700,2900,0.0
700,2901,0.0
700,2902,0.0
700,2903,0.0
700,2904,0.0
700,2905,0.0
700,2906,0.0
700,2907,0.0
700,2908,0.0
700,2909,0.0
700,2910,0.03333333333333333
700,2911,0.0
700,2912,0.0
700,2913,0.0
700,2914,0.0
700,2915,0.0
700,2916,0.0
700,2917,0.0
700,2918,0.0
700,2919,0.0
700,2920,0.0
700,2921,0.0
700,2922,0.0
700,2923,0.7333333333333333
700,2924,0.0
700,2925,0.0
700,2926,0.0
700,2927,0.0
700,2928,0.16666666666666666
700,2929,0.03333333333333333
700,2930,0.0
700,2931,0.0
700,2932,0.0
700,2933,0.0
700,2934,0.0
700,2935,0.7
700,2936,0.0
700,2937,0.0
700,2938,0.0
700,2939,0.0
700,2940,0.0
700,2941,0.0
700,2942,0.0
700,2943,0.0
700,2944,0.0
700,2945,0.0
700,2946,0.0
700,2947,0.0
700,2948,0.0
700,2949,0.0
700,2950,0.0
700,2951,0.0
700,2952,0.0
700,2953,0.0
700,2954,0.0
700,2955,0.0
700,2956,0.0
700,2957,0.0
700,2958,0.0
700,2959,0.0
700,2960,0.1
700,2961,0.0
700,2962,0.0
700,2963,0.0
700,2964,0.0
700,2965,0.0
700,2966,0.0
700,2967,0.0
700,2968,0.0
700,2969,0.0
700,2970,0.0
700,2971,0.0
700,2972,0.0
700,2973,0.0
700,2974,0.0
700,2975,0.0
700,2976,0.0
700,2977,0.16666666666666666
700,2978,0.0
700,2979,0.0
700,2980,0.0
700,2981,0.0
700,2982,0.0
700,2983,0.0
700,2984,0.0
700,2985,0.0
700,2986,0.0
700,2987,0.0
700,2988,0.0
700,2989,0.0
700,2990,0.2
700,2991,0.0
700,2992,0.0
700,2993,0.0
700,2994,0.0
700,2995,0.0
700,2996,0.0
700,2997,0.0
700,2998,0.0
700,2999,0.0
500,0,0.06666666666666667
500,1,0.36666666666666664
500,2,0.0
500,3,0.0
500,4,0.0
500,5,0.03333333333333333
500,6,0.5
500,7,0.2
500,8,0.1
500,9,0.2
500,10,0.0
500,11,0.03333333333333333
500,12,0.03333333333333333
500,13,0.0
500,14,0.5333333333333333
500,15,0.0
500,16,0.0
500,17,0.23333333333333334
500,18,0.23333333333333334
500,19,0.0
500,20,0.06666666666666667
500,21,0.0
500,22,0.0
500,23,0.0
500,24,0.0
500,25,0.0
500,26,0.0
500,27,0.0
500,28,0.03333333333333333
500,29,0.0
500,30,0.0
500,31,0.5666666666666667
500,32,0.6666666666666666
500,33,0.23333333333333334
500,34,0.0
500,35,0.6
500,36,0.2
500,37,0.06666666666666667
500,38,0.36666666666666664
500,39,0.0
500,40,0.0
500,41,0.06666666666666667
500,42,0.13333333333333333
500,43,0.23333333333333334
500,44,0.06666666666666667
500,45,0.5
500,46,0.03333333333333333
500,47,0.0
500,48,0.16666666666666666
500,49,0.0
500,50,0.3
500,51,0.0
500,52,0.0
500,53,0.1
500,54,0.0
500,55,0.06666666666666667
500,56,0.0
500,57,0.16666666666666666
500,58,0.2
500,59,0.06666666666666667
500,60,0.0
500,61,0.0
500,62,0.3
500,63,0.36666666666666664
500,64,0.0
500,65,0.0
500,66,0.0
500,67,0.0
500,68,0.4666666666666667
500,69,0.4
500,70,0.1
500,71,0.0
500,72,0.26666666666666666
500,73,0.03333333333333333
500,74,0.0
500,75,0.0
500,76,0.13333333333333333
500,77,0.0
500,78,0.0
500,79,0.0
500,80,0.3
500,81,0.0
500,82,0.3333333333333333
500,83,0.0
500,84,0.0
500,85,0.0
500,86,0.26666666666666666
500,87,0.0
500,88,0.23333333333333334
500,89,0.3333333333333333
500,90,0.0
500,91,0.16666666666666666
500,92,0.0
500,93,0.0
500,94,0.0
500,95,0.4666666666666667
500,96,0.06666666666666667
500,97,0.6666666666666666
500,98,0.03333333333333333
500,99,0.2
500,100,0.0
500,101,0.36666666666666664
500,102,0.4
500,103,0.0
500,104,0.0
500,105,0.0
500,106,0.0
500,107,0.43333333333333335
500,108,0.36666666666666664
500,109,0.1
500,110,0.0
500,111,0.0
500,112,0.0
500,113,0.03333333333333333
500,114,0.0
500,115,0.0
500,116,0.0
500,117,0.0
500,118,0.0
500,119,0.36666666666666664
500,120,0.0
500,121,0.1
500,122,0.26666666666666666
500,123,0.0
500,124,0.0
500,125,0.4
500,126,0.26666666666666666
500,127,0.4666666666666667
500,128,0.23333333333333334
500,129,0.2
500,130,0.16666666666666666
500,131,0.3333333333333333
500,132,0.06666666666666667
500,133,0.03333333333333333
500,134,0.16666666666666666
500,135,0.0
500,136,0.0
500,137,0.0
500,138,0.06666666666666667
500,139,0.1
500,140,0.0
500,141,0.16666666666666666
500,142,0.2
500,143,0.0
500,144,0.16666666666666666
500,145,0.0
500,146,0.0
500,147,0.0
500,148,0.0
500,149,0.0
500,150,0.0
500,151,0.0
500,152,0.0
500,153,0.1
500,154,0.03333333333333333
500,155,0.36666666666666664
500,156,0.0
500,157,0.0
500,158,0.0
500,159,0.5666666666666667
500,160,0.5
500,161,0.2
500,162,0.03333333333333333
500,163,0.06666666666666667
500,164,0.0
500,165,0.0
500,166,0.03333333333333333
500,167,0.4666666666666667
500,168,0.0
500,169,0.0
500,170,0.0
500,171,0.13333333333333333
500,172,0.0
500,173,0.0
500,174,0.03333333333333333
500,175,0.43333333333333335
500,176,0.0
500,177,0.0
500,178,0.23333333333333334
500,179,0.3333333333333333
500,180,0.0
500,181,0.0
500,182,0.1
500,183,0.0
500,184,0.0
500,185,0.0
500,186,0.0
500,187,0.03333333333333333
500,188,0.0
500,189,0.36666666666666664
500,190,0.03333333333333333
500,191,0.23333333333333334
500,192,0.26666666666666666
500,193,0.0
500,194,0.0
500,195,0.06666666666666667
500,196,0.0
500,197,0.1
500,198,0.0
500,199,0.0
500,200,0.0
500,201,0.1
500,202,0.36666666666666664
500,203,0.0
500,204,0.2
500,205,0.5666666666666667
500,206,0.0
500,207,0.5333333333333333
500,208,0.03333333333333333
500,209,0.06666666666666667
500,210,0.1
500,211,0.1
500,212,0.4
500,213,0.5333333333333333
500,214,0.5333333333333333
500,215,0.03333333333333333
500,216,0.0
500,217,0.2
500,218,0.43333333333333335
500,219,0.36666666666666664
500,220,0.23333333333333334
500,221,0.26666666666666666
500,222,0.0
500,223,0.0
500,224,0.3333333333333333
500,225,0.1
500,226,0.0
500,227,0.03333333333333333
500,228,0.4
500,229,0.3333333333333333
500,230,0.4
500,231,0.0
500,232,0.0
500,233,0.26666666666666666
500,234,0.0
500,235,0.2
500,236,0.5
500,237,0.0
500,238,0.0
500,239,0.0
500,240,0.0
500,241,0.0
500,242,0.5
500,243,0.0
500,244,0.0
500,245,0.3
500,246,0.0
500,247,0.13333333333333333
500,248,0.0
500,249,0.0
500,250,0.2
500,251,0.03333333333333333
500,252,0.0
500,253,0.0
500,254,0.3333333333333333
500,255,0.0
500,256,0.06666666666666667
500,257,0.26666666666666666
500,258,0.26666666666666666
500,259,0.0
500,260,0.03333333333333333
500,261,0.0
500,262,0.0
500,263,0.23333333333333334
500,264,0.0
500,265,0.13333333333333333
500,266,0.0
500,267,0.0
500,268,0.5333333333333333
500,269,0.0
500,270,0.0
500,271,0.13333333333333333
500,272,0.0
500,273,0.0
500,274,0.0
500,275,0.0
500,276,0.0
500,277,0.0
500,278,0.3333333333333333
500,279,0.06666666666666667
500,280,0.5
500,281,0.0
500,282,0.23333333333333334
500,283,0.0
500,284,0.0
500,285,0.1
500,286,0.06666666666666667
500,287,0.0
500,288,0.0
500,289,0.2
500,290,0.4
500,291,0.16666666666666666
500,292,0.0
500,293,0.06666666666666667
500,294,0.03333333333333333
500,295,0.16666666666666666
500,296,0.06666666666666667
500,297,0.43333333333333335
500,298,0.1
500,299,0.06666666666666667
500,300,0.0
500,301,0.0
500,302,0.1
500,303,0.16666666666666666
500,304,0.16666666666666666
500,305,0.0
500,306,0.5333333333333333
500,307,0.0
500,308,0.5333333333333333
500,309,0.1
500,310,0.0
500,311,0.0
500,312,0.16666666666666666
500,313,0.3333333333333333
500,314,0.0
500,315,0.0
500,316,0.3333333333333333
500,317,0.0
500,318,0.26666666666666666
500,319,0.0
500,320,0.0
500,321,0.36666666666666664
500,322,0.03333333333333333
500,323,0.0
500,324,0.0
500,325,0.0
500,326,0.0
500,327,0.0
500,328,0.06666666666666667
500,329,0.7333333333333333
500,330,0.0
500,331,0.0
500,332,0.1
500,333,0.0
500,334,0.0
500,335,0.43333333333333335
500,336,0.0
500,337,0.5666666666666667
500,338,0.1
500,339,0.43333333333333335
500,340,0.0
500,341,0.36666666666666664
500,342,0.2
500,343,0.1
500,344,0.43333333333333335
500,345,0.0
500,346,0.16666666666666666
500,347,0.0
500,348,0.0
500,349,0.0
500,350,0.06666666666666667
500,351,0.1
500,352,0.0
500,353,0.03333333333333333
500,354,0.5
500,355,0.0
500,356,0.13333333333333333
500,357,0.5666666666666667
500,358,0.4
500,359,0.0
500,360,0.5666666666666667
500,361,0.43333333333333335
500,362,0.26666666666666666
500,363,0.0
500,364,0.43333333333333335
500,365,0.3
500,366,0.0
500,367,0.5333333333333333
500,368,0.23333333333333334
500,369,0.0
500,370,0.0
500,371,0.0
500,372,0.2
500,373,0.0
500,374,0.16666666666666666
500,375,0.16666666666666666
500,376,0.0
500,377,0.5
500,378,0.3333333333333333
500,379,0.16666666666666666
500,380,0.26666666666666666
500,381,0.0
500,382,0.23333333333333334
500,383,0.0
500,384,0.0
500,385,0.0
500,386,0.0
500,387,0.0
500,388,0.0
500,389,0.0
500,390,0.43333333333333335
500,391,0.1
500,392,0.03333333333333333
500,393,0.03333333333333333
500,394,0.0
500,395,0.0
500,396,0.0
500,397,0.0
500,398,0.2
500,399,0.0
500,400,0.03333333333333333
500,401,0.1
500,402,0.06666666666666667
500,403,0.0
500,404,0.0
500,405,0.0
500,406,0.26666666666666666
500,407,0.0
500,408,0.0
500,409,0.0
500,410,0.0
500,411,0.0
500,412,0.03333333333333333
500,413,0.0
500,414,0.0
500,415,0.23333333333333334
500,416,0.0
500,417,0.0
500,418,0.6333333333333333
500,419,0.0
500,420,0.0
500,421,0.0
500,422,0.0
500,423,0.0
500,424,0.03333333333333333
500,425,0.03333333333333333
500,426,0.0
500,427,0.5
500,428,0.6
500,429,0.2
500,430,0.26666666666666666
500,431,0.0
500,432,0.4
500,433,0.0
500,434,0.0
500,435,0.0
500,436,0.2
500,437,0.0
500,438,0.0
500,439,0.1
500,440,0.26666666666666666
500,441,0.26666666666666666
500,442,0.13333333333333333
500,443,0.1
500,444,0.0
500,445,0.2
500,446,0.6
500,447,0.0
500,448,0.03333333333333333
500,449,0.06666666666666667
500,450,0.0
500,451,0.0
500,452,0.0
500,453,0.13333333333333333
500,454,0.0
500,455,0.13333333333333333
500,456,0.0
500,457,0.03333333333333333
500,458,0.0
500,459,0.0
500,460,0.0
500,461,0.23333333333333334
500,462,0.0
500,463,0.0
500,464,0.13333333333333333
500,465,0.0
500,466,0.4666666666666667
500,467,0.03333333333333333
500,468,0.0
500,469,0.03333333333333333
500,470,0.0
500,471,0.06666666666666667
500,472,0.0
500,473,0.0
500,474,0.06666666666666667
500,475,0.1
500,476,0.0
500,477,0.0
500,478,0.0
500,479,0.0
500,480,0.16666666666666666
500,481,0.0
500,482,0.1
500,483,0.0
500,484,0.16666666666666666
500,485,0.5666666666666667
500,486,0.0
500,487,0.0
500,488,0.1
500,489,0.16666666666666666
500,490,0.26666666666666666
500,491,0.16666666666666666
500,492,0.3333333333333333
500,493,0.0
500,494,0.0
500,495,0.0
500,496,0.16666666666666666
500,497,0.0
500,498,0.0
500,499,0.5333333333333333
500,500,0.1
500,501,0.0
500,502,0.0
500,503,0.0
500,504,0.3
500,505,0.0
500,506,0.6
500,507,0.0
500,508,0.0
500,509,0.26666666666666666
500,510,0.03333333333333333
500,511,0.13333333333333333
500,512,0.0
500,513,0.6
500,514,0.03333333333333333
500,515,0.0
500,516,0.6
500,517,0.3
500,518,0.16666666666666666
500,519,0.0
500,520,0.6666666666666666
500,521,0.0
500,522,0.43333333333333335
500,523,0.3333333333333333
500,524,0.0
500,525,0.16666666666666666
500,526,0.3333333333333333
500,527,0.0
500,528,0.5
500,529,0.5666666666666667
500,530,0.4666666666666667
500,531,0.36666666666666664
500,532,0.0
500,533,0.16666666666666666
500,534,0.2
500,535,0.06666666666666667
500,536,0.23333333333333334
500,537,0.4666666666666667
500,538,0.0
500,539,0.0
500,540,0.5
500,541,0.6333333333333333
500,542,0.03333333333333333
500,543,0.0
500,544,0.16666666666666666
500,545,0.0
500,546,0.03333333333333333
500,547,0.06666666666666667
500,548,0.0
500,549,0.5
500,550,0.0
500,551,0.0
500,552,0.26666666666666666
500,553,0.5
500,554,0.13333333333333333
500,555,0.16666666666666666
500,556,0.0
500,557,0.0
500,558,0.0
500,559,0.3
500,560,0.0
500,561,0.26666666666666666
500,562,0.4666666666666667
500,563,0.03333333333333333
500,564,0.5666666666666667
500,565,0.7666666666666667
500,566,0.5333333333333333
500,567,0.43333333333333335
500,568,0.0
500,569,0.0
500,570,0.0
500,571,0.23333333333333334
500,572,0.0
500,573,0.06666666666666667
500,574,0.0
500,575,0.26666666666666666
500,576,0.6333333333333333
500,577,0.1
500,578,0.16666666666666666
500,579,0.5666666666666667
500,580,0.3
500,581,0.1
500,582,0.3
500,583,0.26666666666666666
500,584,0.0
500,585,0.1
500,586,0.36666666666666664
500,587,0.4666666666666667
500,588,0.0
500,589,0.1
500,590,0.4
500,591,0.0
500,592,0.3333333333333333
500,593,0.0
500,594,0.0
500,595,0.3
500,596,0.13333333333333333
500,597,0.0
500,598,0.0
500,599,0.0
500,600,0.0
500,601,0.06666666666666667
500,602,0.0
500,603,0.0
500,604,0.0
500,605,0.0
500,606,0.2
500,607,0.26666666666666666
500,608,0.06666666666666667
500,609,0.0
500,610,0.5
500,611,0.0
500,612,0.06666666666666667
500,613,0.0
500,614,0.0
500,615,0.13333333333333333
500,616,0.36666666666666664
500,617,0.0
500,618,0.06666666666666667
500,619,0.2
500,620,0.1
500,621,0.03333333333333333
500,622,0.0
500,623,0.0
500,624,0.0
500,625,0.36666666666666664
500,626,0.2
500,627,0.0
500,628,0.0
500,629,0.2
500,630,0.06666666666666667
500,631,0.26666666666666666
500,632,0.13333333333333333
500,633,0.3333333333333333
500,634,0.0
500,635,0.0
500,636,0.0
500,637,0.0
500,638,0.0
500,639,0.36666666666666664
500,640,0.0
500,641,0.3333333333333333
500,642,0.13333333333333333
500,643,0.1
500,644,0.2
500,645,0.36666666666666664
500,646,0.0
500,647,0.23333333333333334
500,648,0.2
500,649,0.13333333333333333
500,650,0.0
500,651,0.06666666666666667
500,652,0.0
500,653,0.0
500,654,0.0
500,655,0.0
500,656,0.1
500,657,0.5333333333333333
500,658,0.0
500,659,0.26666666666666666
500,660,0.0
500,661,0.16666666666666666
500,662,0.0
500,663,0.0
500,664,0.3333333333333333
500,665,0.16666666666666666
500,666,0.0
500,667,0.0
500,668,0.4
500,669,0.0
500,670,0.43333333333333335
500,671,0.2
500,672,0.1
500,673,0.16666666666666666
500,674,0.3333333333333333
500,675,0.43333333333333335
500,676,0.5
500,677,0.6333333333333333
500,678,0.0
500,679,0.26666666666666666
500,680,0.06666666666666667
500,681,0.0
500,682,0.0
500,683,0.4666666666666667
500,684,0.0
500,685,0.2
500,686,0.16666666666666666
500,687,0.5
500,688,0.5666666666666667
500,689,0.0
500,690,0.36666666666666664
500,691,0.0
500,692,0.4
500,693,0.23333333333333334
500,694,0.0
500,695,0.2
500,696,0.06666666666666667
500,697,0.3
500,698,0.13333333333333333
500,699,0.5
500,700,0.6666666666666666
500,701,0.0
500,702,0.4666666666666667
500,703,0.03333333333333333
500,704,0.43333333333333335
500,705,0.16666666666666666
500,706,0.0
500,707,0.0
500,708,0.13333333333333333
500,709,0.1
500,710,0.0
500,711,0.0
500,712,0.0
500,713,0.0
500,714,0.0
500,715,0.5666666666666667
500,716,0.03333333333333333
500,717,0.0
500,718,0.43333333333333335
500,719,0.1
500,720,0.0
500,721,0.1
500,722,0.0
500,723,0.0
500,724,0.16666666666666666
500,725,0.36666666666666664
500,726,0.5
500,727,0.1
500,728,0.0
500,729,0.23333333333333334
500,730,0.43333333333333335
500,731,0.0
500,732,0.0
500,733,0.6
500,734,0.0
500,735,0.06666666666666667
500,736,0.06666666666666667
500,737,0.0
500,738,0.2
500,739,0.03333333333333333
500,740,0.3
500,741,0.03333333333333333
500,742,0.1
500,743,0.13333333333333333
500,744,0.5666666666666667
500,745,0.0
500,746,0.1
500,747,0.43333333333333335
500,748,0.1
500,749,0.0
500,750,0.5666666666666667
500,751,0.03333333333333333
500,752,0.3
500,753,0.03333333333333333
500,754,0.5
500,755,0.0
500,756,0.0
500,757,0.5
500,758,0.36666666666666664
500,759,0.3333333333333333
500,760,0.6
500,761,0.7333333333333333
500,762,0.1
500,763,0.0
500,764,0.36666666666666664
500,765,0.1
500,766,0.1
500,767,0.5666666666666667
500,768,0.5333333333333333
500,769,0.0
500,770,0.0
500,771,0.5
500,772,0.0
500,773,0.03333333333333333
500,774,0.0
500,775,0.0
500,776,0.36666666666666664
500,777,0.0
500,778,0.0
500,779,0.0
500,780,0.16666666666666666
500,781,0.0
500,782,0.0
500,783,0.0
500,784,0.3333333333333333
500,785,0.0
500,786,0.03333333333333333
500,787,0.06666666666666667
500,788,0.0
500,789,0.16666666666666666
500,790,0.13333333333333333
500,791,0.5333333333333333
500,792,0.0
500,793,0.1
500,794,0.03333333333333333
500,795,0.0
500,796,0.0
500,797,0.0
500,798,0.0
500,799,0.4
500,800,0.1
500,801,0.03333333333333333
500,802,0.16666666666666666
500,803,0.23333333333333334
500,804,0.0
500,805,0.0
500,806,0.0
500,807,0.06666666666666667
500,808,0.16666666666666666
500,809,0.0
500,810,0.0
500,811,0.3333333333333333
500,812,0.03333333333333333
500,813,0.03333333333333333
500,814,0.0
500,815,0.0
500,816,0.03333333333333333
500,817,0.0
500,818,0.5333333333333333
500,819,0.0
500,820,0.0
500,821,0.36666666666666664
500,822,0.0
500,823,0.5666666666666667
500,824,0.4666666666666667
500,825,0.03333333333333333
500,826,0.4
500,827,0.0
500,828,0.0
500,829,0.06666666666666667
500,830,0.06666666666666667
500,831,0.26666666666666666
500,832,0.0
500,833,0.0
500,834,0.03333333333333333
500,835,0.36666666666666664
500,836,0.0
500,837,0.0
500,838,0.0
500,839,0.16666666666666666
500,840,0.06666666666666667
500,841,0.3
500,842,0.0
500,843,0.23333333333333334
500,844,0.23333333333333334
500,845,0.0
500,846,0.3
500,847,0.43333333333333335
500,848,0.0
500,849,0.03333333333333333
500,850,0.13333333333333333
500,851,0.0
500,852,0.0
500,853,0.16666666666666666
500,854,0.0
500,855,0.2
500,856,0.06666666666666667
500,857,0.0
500,858,0.0
500,859,0.16666666666666666
500,860,0.0
500,861,0.1
500,862,0.1
500,863,0.0
500,864,0.0
500,865,0.0
500,866,0.1
500,867,0.03333333333333333
500,868,0.03333333333333333
500,869,0.0
500,870,0.13333333333333333
500,871,0.0
500,872,0.0
500,873,0.6
500,874,0.0
500,875,0.1
500,876,0.06666666666666667
500,877,0.0
500,878,0.36666666666666664
500,879,0.36666666666666664
500,880,0.36666666666666664
500,881,0.0
500,882,0.0
500,883,0.4666666666666667
500,884,0.4
500,885,0.0
500,886,0.0
500,887,0.3333333333333333
500,888,0.1
500,889,0.16666666666666666
500,890,0.23333333333333334
500,891,0.0
500,892,0.4666666666666667
500,893,0.0
500,894,0.0
500,895,0.0
500,896,0.5
500,897,0.0
500,898,0.0
500,899,0.2
500,900,0.0
500,901,0.26666666666666666
500,902,0.13333333333333333
500,903,0.43333333333333335
500,904,0.0
500,905,0.0
500,906,0.0
500,907,0.0
500,908,0.2
500,909,0.23333333333333334
500,910,0.0
500,911,0.5666666666666667
500,912,0.06666666666666667
500,913,0.13333333333333333
500,914,0.0
500,915,0.0
500,916,0.03333333333333333
500,917,0.1
500,918,0.0
500,919,0.0
500,920,0.0
500,921,0.4
500,922,0.0
500,923,0.36666666666666664
500,924,0.0
500,925,0.43333333333333335
500,926,0.0
500,927,0.23333333333333334
500,928,0.0
500,929,0.13333333333333333
500,930,0.0
500,931,0.0
500,932,0.06666666666666667
500,933,0.0
500,934,0.0
500,935,0.0
500,936,0.0
500,937,0.0
500,938,0.0
500,939,0.36666666666666664
500,940,0.0
500,941,0.0
500,942,0.0
500,943,0.03333333333333333
500,944,0.4666666666666667
500,945,0.0
500,946,0.3
500,947,0.16666666666666666
500,948,0.16666666666666666
500,949,0.43333333333333335
500,950,0.5333333333333333
500,951,0.0
500,952,0.43333333333333335
500,953,0.0
500,954,0.8
500,955,0.0
500,956,0.0
500,957,0.0
500,958,0.43333333333333335
500,959,0.2
500,960,0.0
500,961,0.0
500,962,0.03333333333333333
500,963,0.1
500,964,0.0
500,965,0.23333333333333334
500,966,0.0
500,967,0.16666666666666666
500,968,0.0
500,969,0.2
500,970,0.4
500,971,0.36666666666666664
500,972,0.13333333333333333
500,973,0.0
500,974,0.0
500,975,0.0
500,976,0.5
500,977,0.0
500,978,0.0
500,979,0.0
500,980,0.0
500,981,0.0
500,982,0.43333333333333335
500,983,0.36666666666666664
500,984,0.16666666666666666
500,985,0.03333333333333333
500,986,0.1
500,987,0.4
500,988,0.26666666666666666
500,989,0.03333333333333333
500,990,0.4666666666666667
500,991,0.16666666666666666
500,992,0.03333333333333333
500,993,0.1
500,994,0.0
500,995,0.7
500,996,0.43333333333333335
500,997,0.2
500,998,0.13333333333333333
500,999,0.06666666666666667
500,1000,0.0
500,1001,0.0
500,1002,0.6
500,1003,0.43333333333333335
500,1004,0.6333333333333333
500,1005,0.0
500,1006,0.03333333333333333
500,1007,0.0
500,1008,0.03333333333333333
500,1009,0.0
500,1010,0.0
500,1011,0.4
500,1012,0.0
500,1013,0.0
500,1014,0.5666666666666667
500,1015,0.5
500,1016,0.0
500,1017,0.1
500,1018,0.06666666666666667
500,1019,0.4666666666666667
500,1020,0.5666666666666667
500,1021,0.0
500,1022,0.0
500,1023,0.06666666666666667
500,1024,0.0
500,1025,0.13333333333333333
500,1026,0.26666666666666666
500,1027,0.3333333333333333
500,1028,0.0
500,1029,0.5
500,1030,0.0
500,1031,0.0
500,1032,0.16666666666666666
500,1033,0.0
500,1034,0.0
500,1035,0.0
500,1036,0.0
500,1037,0.03333333333333333
500,1038,0.0
500,1039,0.0
500,1040,0.3
500,1041,0.0
500,1042,0.0
500,1043,0.0
500,1044,0.0
500,1045,0.03333333333333333
500,1046,0.0
500,1047,0.1
500,1048,0.0
500,1049,0.06666666666666667
500,1050,0.3
500,1051,0.0
500,1052,0.03333333333333333
500,1053,0.43333333333333335
500,1054,0.0
500,1055,0.0
500,1056,0.5666666666666667
500,1057,0.16666666666666666
500,1058,0.23333333333333334
500,1059,0.0
500,1060,0.1
500,1061,0.16666666666666666
500,1062,0.0
500,1063,0.36666666666666664
500,1064,0.03333333333333333
500,1065,0.0
500,1066,0.13333333333333333
500,1067,0.26666666666666666
500,1068,0.06666666666666667
500,1069,0.4
500,1070,0.43333333333333335
500,1071,0.0
500,1072,0.2
500,1073,0.5
500,1074,0.0
500,1075,0.43333333333333335
500,1076,0.4666666666666667
500,1077,0.13333333333333333
500,1078,0.0
500,1079,0.0
500,1080,0.0
500,1081,0.43333333333333335
500,1082,0.23333333333333334
500,1083,0.6666666666666666
500,1084,0.0
500,1085,0.5
500,1086,0.03333333333333333
500,1087,0.03333333333333333
500,1088,0.0
500,1089,0.0
500,1090,0.0
500,1091,0.03333333333333333
500,1092,0.0
500,1093,0.3333333333333333
500,1094,0.0
500,1095,0.23333333333333334
500,1096,0.4
500,1097,0.26666666666666666
500,1098,0.1
500,1099,0.0
500,1100,0.4
500,1101,0.0
500,1102,0.0
500,1103,0.0
500,1104,0.0
500,1105,0.0
500,1106,0.0
500,1107,0.0
500,1108,0.43333333333333335
500,1109,0.13333333333333333
500,1110,0.0
500,1111,0.1
500,1112,0.06666666666666667
500,1113,0.43333333333333335
500,1114,0.0
500,1115,0.0
500,1116,0.0
500,1117,0.5333333333333333
500,1118,0.0
500,1119,0.0
500,1120,0.0
500,1121,0.0
500,1122,0.0
500,1123,0.0
500,1124,0.03333333333333333
500,1125,0.16666666666666666
500,1126,0.6
500,1127,0.0
500,1128,0.3333333333333333
500,1129,0.0
500,1130,0.0
500,1131,0.0
500,1132,0.3333333333333333
500,1133,0.0
500,1134,0.23333333333333334
500,1135,0.0
500,1136,0.1
500,1137,0.43333333333333335
500,1138,0.5
500,1139,0.16666666666666666
500,1140,0.1
500,1141,0.2
500,1142,0.2
500,1143,0.16666666666666666
500,1144,0.03333333333333333
500,1145,0.3333333333333333
500,1146,0.26666666666666666
500,1147,0.2
500,1148,0.0
500,1149,0.0
500,1150,0.0
500,1151,0.13333333333333333
500,1152,0.0
500,1153,0.0
500,1154,0.43333333333333335
500,1155,0.06666666666666667
500,1156,0.5
500,1157,0.0
500,1158,0.36666666666666664
500,1159,0.0
500,1160,0.0
500,1161,0.36666666666666664
500,1162,0.4666666666666667
500,1163,0.0
500,1164,0.03333333333333333
500,1165,0.06666666666666667
500,1166,0.0
500,1167,0.0
500,1168,0.0
500,1169,0.03333333333333333
500,1170,0.13333333333333333
500,1171,0.06666666666666667
500,1172,0.1
500,1173,0.0
500,1174,0.06666666666666667
500,1175,0.3
500,1176,0.13333333333333333
500,1177,0.2
500,1178,0.0
500,1179,0.0
500,1180,0.0
500,1181,0.1
500,1182,0.26666666666666666
500,1183,0.0
500,1184,0.0
500,1185,0.1
500,1186,0.0
500,1187,0.43333333333333335
500,1188,0.0
500,1189,0.13333333333333333
500,1190,0.03333333333333333
500,1191,0.03333333333333333
500,1192,0.0
500,1193,0.26666666666666666
500,1194,0.4666666666666667
500,1195,0.36666666666666664
500,1196,0.0
500,1197,0.6
500,1198,0.16666666666666666
500,1199,0.1
500,1200,0.03333333333333333
500,1201,0.06666666666666667
500,1202,0.06666666666666667
500,1203,0.03333333333333333
500,1204,0.0
500,1205,0.0
500,1206,0.4
500,1207,0.3
500,1208,0.0
500,1209,0.03333333333333333
500,1210,0.0
500,1211,0.0
500,1212,0.2
500,1213,0.0
500,1214,0.5
500,1215,0.0
500,1216,0.0
500,1217,0.3333333333333333
500,1218,0.36666666666666664
500,1219,0.1
500,1220,0.6333333333333333
500,1221,0.0
500,1222,0.16666666666666666
500,1223,0.0
500,1224,0.5666666666666667
500,1225,0.0
500,1226,0.0
500,1227,0.0
500,1228,0.0
500,1229,0.23333333333333334
500,1230,0.0
500,1231,0.03333333333333333
500,1232,0.06666666666666667
500,1233,0.26666666666666666
500,1234,0.03333333333333333
500,1235,0.06666666666666667
500,1236,0.0
500,1237,0.4
500,1238,0.13333333333333333
500,1239,0.0
500,1240,0.03333333333333333
500,1241,0.06666666666666667
500,1242,0.6333333333333333
500,1243,0.06666666666666667
500,1244,0.1
500,1245,0.0
500,1246,0.43333333333333335
500,1247,0.2
500,1248,0.0
500,1249,0.4666666666666667
500,1250,0.13333333333333333
500,1251,0.5666666666666667
500,1252,0.06666666666666667
500,1253,0.03333333333333333
500,1254,0.5333333333333333
500,1255,0.0
500,1256,0.6
500,1257,0.7666666666666667
500,1258,0.0
500,1259,0.0
500,1260,0.2
500,1261,0.03333333333333333
500,1262,0.0
500,1263,0.1
500,1264,0.23333333333333334
500,1265,0.13333333333333333
500,1266,0.0
500,1267,0.3
500,1268,0.6333333333333333
500,1269,0.13333333333333333
500,1270,0.36666666666666664
500,1271,0.13333333333333333
500,1272,0.0
500,1273,0.36666666666666664
500,1274,0.03333333333333333
500,1275,0.43333333333333335
500,1276,0.06666666666666667
500,1277,0.43333333333333335
500,1278,0.0
500,1279,0.0
500,1280,0.0
500,1281,0.36666666666666664
500,1282,0.0
500,1283,0.0
500,1284,0.06666666666666667
500,1285,0.0
500,1286,0.23333333333333334
500,1287,0.06666666666666667
500,1288,0.0
500,1289,0.5333333333333333
500,1290,0.0
500,1291,0.0
500,1292,0.36666666666666664
500,1293,0.0
500,1294,0.0
500,1295,0.0
500,1296,0.0
500,1297,0.13333333333333333
500,1298,0.03333333333333333
500,1299,0.0
500,1300,0.1
500,1301,0.13333333333333333
500,1302,0.0
500,1303,0.0
500,1304,0.16666666666666666
500,1305,0.4
500,1306,0.26666666666666666
500,1307,0.0
500,1308,0.0
500,1309,0.26666666666666666
500,1310,0.06666666666666667
500,1311,0.1
500,1312,0.2
500,1313,0.3333333333333333
500,1314,0.0
500,1315,0.13333333333333333
500,1316,0.0
500,1317,0.0
500,1318,0.16666666666666666
500,1319,0.5333333333333333
500,1320,0.16666666666666666
500,1321,0.13333333333333333
500,1322,0.0
500,1323,0.23333333333333334
500,1324,0.0
500,1325,0.0
500,1326,0.13333333333333333
500,1327,0.3
500,1328,0.0
500,1329,0.0
500,1330,0.0
500,1331,0.06666666666666667
500,1332,0.0
500,1333,0.0
500,1334,0.0
500,1335,0.0
500,1336,0.06666666666666667
500,1337,0.06666666666666667
500,1338,0.0
500,1339,0.0
500,1340,0.0
500,1341,0.0
500,1342,0.0
500,1343,0.03333333333333333
500,1344,0.0
500,1345,0.0
500,1346,0.6333333333333333
500,1347,0.2
500,1348,0.0
500,1349,0.0
500,1350,0.26666666666666666
500,1351,0.0
500,1352,0.0
500,1353,0.0
500,1354,0.0
500,1355,0.0
500,1356,0.43333333333333335
500,1357,0.6
500,1358,0.0
500,1359,0.0
500,1360,0.0
500,1361,0.0
500,1362,0.3333333333333333
500,1363,0.0
500,1364,0.0
500,1365,0.1
500,1366,0.0
500,1367,0.03333333333333333
500,1368,0.0
500,1369,0.0
500,1370,0.16666666666666666
500,1371,0.2
500,1372,0.3
500,1373,0.06666666666666667
500,1374,0.06666666666666667
500,1375,0.0
500,1376,0.3333333333333333
500,1377,0.0
500,1378,0.0
500,1379,0.0
500,1380,0.06666666666666667
500,1381,0.03333333333333333
500,1382,0.2
500,1383,0.0
500,1384,0.0
500,1385,0.16666666666666666
500,1386,0.6333333333333333
500,1387,0.0
500,1388,0.6333333333333333
500,1389,0.5333333333333333
500,1390,0.0
500,1391,0.0
500,1392,0.1
500,1393,0.0
500,1394,0.0
500,1395,0.26666666666666666
500,1396,0.0
500,1397,0.0
500,1398,0.16666666666666666
500,1399,0.23333333333333334
500,1400,0.26666666666666666
500,1401,0.2
500,1402,0.23333333333333334
500,1403,0.3333333333333333
500,1404,0.4666666666666667
500,1405,0.13333333333333333
500,1406,0.23333333333333334
500,1407,0.0
500,1408,0.13333333333333333
500,1409,0.5333333333333333
500,1410,0.23333333333333334
500,1411,0.0
500,1412,0.36666666666666664
500,1413,0.5
500,1414,0.0
500,1415,0.06666666666666667
500,1416,0.0
500,1417,0.0
500,1418,0.0
500,1419,0.0
500,1420,0.2
500,1421,0.06666666666666667
500,1422,0.36666666666666664
500,1423,0.0
500,1424,0.03333333333333333
500,1425,0.5333333333333333
500,1426,0.0
500,1427,0.0
500,1428,0.0
500,1429,0.2
500,1430,0.0
500,1431,0.0
500,1432,0.03333333333333333
500,1433,0.26666666666666666
500,1434,0.06666666666666667
500,1435,0.0
500,1436,0.0
500,1437,0.0
500,1438,0.06666666666666667
500,1439,0.06666666666666667
500,1440,0.5666666666666667
500,1441,0.3
500,1442,0.0
500,1443,0.0
500,1444,0.23333333333333334
500,1445,0.0
500,1446,0.2
500,1447,0.2
500,1448,0.0
500,1449,0.0
500,1450,0.4
500,1451,0.43333333333333335
500,1452,0.03333333333333333
500,1453,0.6333333333333333
500,1454,0.0
500,1455,0.1
500,1456,0.0
500,1457,0.5
500,1458,0.06666666666666667
500,1459,0.7
500,1460,0.0
500,1461,0.0
500,1462,0.0
500,1463,0.36666666666666664
500,1464,0.0
500,1465,0.7
500,1466,0.23333333333333334
500,1467,0.03333333333333333
500,1468,0.0
500,1469,0.43333333333333335
500,1470,0.5333333333333333
500,1471,0.0
500,1472,0.4666666666666667
500,1473,0.0
500,1474,0.13333333333333333
500,1475,0.0
500,1476,0.16666666666666666
500,1477,0.4666666666666667
500,1478,0.03333333333333333
500,1479,0.0
500,1480,0.06666666666666667
500,1481,0.0
500,1482,0.0
500,1483,0.13333333333333333
500,1484,0.4
500,1485,0.0
500,1486,0.0
500,1487,0.0
500,1488,0.5333333333333333
500,1489,0.06666666666666667
500,1490,0.0
500,1491,0.16666666666666666
500,1492,0.5
500,1493,0.3
500,1494,0.03333333333333333
500,1495,0.3333333333333333
500,1496,0.03333333333333333
500,1497,0.0
500,1498,0.0
500,1499,0.0
500,1500,0.0
500,1501,0.06666666666666667
500,1502,0.0
500,1503,0.03333333333333333
500,1504,0.0
500,1505,0.0
500,1506,0.0
500,1507,0.0
500,1508,0.13333333333333333
500,1509,0.0
500,1510,0.5
500,1511,0.0
500,1512,0.1
500,1513,0.13333333333333333
500,1514,0.0
500,1515,0.0
500,1516,0.36666666666666664
500,1517,0.03333333333333333
500,1518,0.43333333333333335
500,1519,0.5333333333333333
500,1520,0.23333333333333334
500,1521,0.26666666666666666
500,1522,0.0
500,1523,0.0
500,1524,0.0
500,1525,0.03333333333333333
500,1526,0.0
500,1527,0.0
500,1528,0.23333333333333334
500,1529,0.5666666666666667
500,1530,0.16666666666666666
500,1531,0.36666666666666664
500,1532,0.0
500,1533,0.23333333333333334
500,1534,0.0
500,1535,0.0
500,1536,0.0
500,1537,0.0
500,1538,0.06666666666666667
500,1539,0.0
500,1540,0.1
500,1541,0.0
500,1542,0.0
500,1543,0.0
500,1544,0.0
500,1545,0.0
500,1546,0.2
500,1547,0.0
500,1548,0.0
500,1549,0.1
500,1550,0.0
500,1551,0.0
500,1552,0.26666666666666666
500,1553,0.0
500,1554,0.5333333333333333
500,1555,0.0
500,1556,0.13333333333333333
500,1557,0.0
500,1558,0.0
500,1559,0.5666666666666667
500,1560,0.0
500,1561,0.2
500,1562,0.0
500,1563,0.0
500,1564,0.43333333333333335
500,1565,0.0
500,1566,0.0
500,1567,0.1
500,1568,0.0
500,1569,0.0
500,1570,0.0
500,1571,0.0
500,1572,0.0
500,1573,0.0
500,1574,0.0
500,1575,0.1
500,1576,0.0
500,1577,0.0
500,1578,0.13333333333333333
500,1579,0.36666666666666664
500,1580,0.0
500,1581,0.0
500,1582,0.03333333333333333
500,1583,0.1
500,1584,0.6333333333333333
500,1585,0.26666666666666666
500,1586,0.0
500,1587,0.06666666666666667
500,1588,0.0
500,1589,0.0
500,1590,0.0
500,1591,0.0
500,1592,0.0
500,1593,0.43333333333333335
500,1594,0.0
500,1595,0.0
500,1596,0.6333333333333333
500,1597,0.5
500,1598,0.3333333333333333
500,1599,0.0
500,1600,0.0
500,1601,0.0
500,1602,0.0
500,1603,0.4
500,1604,0.0
500,1605,0.0
500,1606,0.3
500,1607,0.16666666666666666
500,1608,0.5333333333333333
500,1609,0.0
500,1610,0.13333333333333333
500,1611,0.0
500,1612,0.0
500,1613,0.7
500,1614,0.03333333333333333
500,1615,0.0
500,1616,0.0
500,1617,0.0
500,1618,0.16666666666666666
500,1619,0.3333333333333333
500,1620,0.26666666666666666
500,1621,0.0
500,1622,0.0
500,1623,0.4
500,1624,0.0
500,1625,0.0
500,1626,0.43333333333333335
500,1627,0.0
500,1628,0.6333333333333333
500,1629,0.13333333333333333
500,1630,0.4666666666666667
500,1631,0.0
500,1632,0.0
500,1633,0.06666666666666667
500,1634,0.0
500,1635,0.13333333333333333
500,1636,0.0
500,1637,0.0
500,1638,0.0
500,1639,0.0
500,1640,0.5
500,1641,0.0
500,1642,0.16666666666666666
500,1643,0.0
500,1644,0.0
500,1645,0.3
500,1646,0.0
500,1647,0.23333333333333334
500,1648,0.3333333333333333
500,1649,0.26666666666666666
500,1650,0.3
500,1651,0.43333333333333335
500,1652,0.0
500,1653,0.43333333333333335
500,1654,0.0
500,1655,0.0
500,1656,0.1
500,1657,0.0
500,1658,0.5333333333333333
500,1659,0.4666666666666667
500,1660,0.0
500,1661,0.0
500,1662,0.0
500,1663,0.0
500,1664,0.0
500,1665,0.0
500,1666,0.0
500,1667,0.0
500,1668,0.0
500,1669,0.0
500,1670,0.4666666666666667
500,1671,0.36666666666666664
500,1672,0.03333333333333333
500,1673,0.06666666666666667
500,1674,0.13333333333333333
500,1675,0.16666666666666666
500,1676,0.0
500,1677,0.0
500,1678,0.2
500,1679,0.6
500,1680,0.36666666666666664
500,1681,0.0
500,1682,0.3333333333333333
500,1683,0.16666666666666666
500,1684,0.0
500,1685,0.4
500,1686,0.0
500,1687,0.16666666666666666
500,1688,0.0
500,1689,0.0
500,1690,0.0
500,1691,0.2
500,1692,0.0
500,1693,0.06666666666666667
500,1694,0.0
500,1695,0.0
500,1696,0.0
500,1697,0.0
500,1698,0.26666666666666666
500,1699,0.0
500,1700,0.4666666666666667
500,1701,0.43333333333333335
500,1702,0.3333333333333333
500,1703,0.0
500,1704,0.5666666666666667
500,1705,0.0
500,1706,0.6666666666666666
500,1707,0.03333333333333333
500,1708,0.1
500,1709,0.3333333333333333
500,1710,0.03333333333333333
500,1711,0.16666666666666666
500,1712,0.06666666666666667
500,1713,0.03333333333333333
500,1714,0.1
500,1715,0.5
500,1716,0.5666666666666667
500,1717,0.0
500,1718,0.0
500,1719,0.06666666666666667
500,1720,0.0
500,1721,0.0
500,1722,0.5
500,1723,0.36666666666666664
500,1724,0.26666666666666666
500,1725,0.16666666666666666
500,1726,0.0
500,1727,0.0
500,1728,0.3
500,1729,0.36666666666666664
500,1730,0.5
500,1731,0.5
500,1732,0.0
500,1733,0.0
500,1734,0.26666666666666666
500,1735,0.0
500,1736,0.4666666666666667
500,1737,0.36666666666666664
500,1738,0.6
500,1739,0.0
500,1740,0.0
500,1741,0.06666666666666667
500,1742,0.0
500,1743,0.4
500,1744,0.0
500,1745,0.0
500,1746,0.03333333333333333
500,1747,0.4
500,1748,0.5
500,1749,0.3
500,1750,0.0
500,1751,0.1
500,1752,0.0
500,1753,0.3333333333333333
500,1754,0.0
500,1755,0.0
500,1756,0.0
500,1757,0.0
500,1758,0.0
500,1759,0.0
500,1760,0.0
500,1761,0.6
500,1762,0.26666666666666666
500,1763,0.1
500,1764,0.1
500,1765,0.0
500,1766,0.26666666666666666
500,1767,0.1
500,1768,0.0
500,1769,0.13333333333333333
500,1770,0.0
500,1771,0.16666666666666666
500,1772,0.0
500,1773,0.0
500,1774,0.03333333333333333
500,1775,0.3
500,1776,0.0
500,1777,0.0
500,1778,0.0
500,1779,0.36666666666666664
500,1780,0.0
500,1781,0.23333333333333334
500,1782,0.0
500,1783,0.03333333333333333
500,1784,0.3
500,1785,0.03333333333333333
500,1786,0.0
500,1787,0.0
500,1788,0.4
500,1789,0.0
500,1790,0.0
500,1791,0.0
500,1792,0.2
500,1793,0.0
500,1794,0.0
500,1795,0.0
500,1796,0.13333333333333333
500,1797,0.0
500,1798,0.0
500,1799,0.06666666666666667
500,1800,0.0
500,1801,0.0
500,1802,0.03333333333333333
500,1803,0.13333333333333333
500,1804,0.36666666666666664
500,1805,0.0
500,1806,0.06666666666666667
500,1807,0.5
500,1808,0.0
500,1809,0.3333333333333333
500,1810,0.0
500,1811,0.4
500,1812,0.4
500,1813,0.23333333333333334
500,1814,0.5666666666666667
500,1815,0.0
500,1816,0.0
500,1817,0.03333333333333333
500,1818,0.2
500,1819,0.0
500,1820,0.43333333333333335
500,1821,0.23333333333333334
500,1822,0.16666666666666666
500,1823,0.23333333333333334
500,1824,0.4
500,1825,0.3333333333333333
500,1826,0.0
500,1827,0.0
500,1828,0.43333333333333335
500,1829,0.26666666666666666
500,1830,0.0
500,1831,0.3
500,1832,0.1
500,1833,0.0
500,1834,0.0
500,1835,0.0
500,1836,0.5
500,1837,0.0
500,1838,0.13333333333333333
500,1839,0.16666666666666666
500,1840,0.13333333333333333
500,1841,0.0
500,1842,0.3
500,1843,0.4666666666666667
500,1844,0.13333333333333333
500,1845,0.0
500,1846,0.0
500,1847,0.0
500,1848,0.0
500,1849,0.4666666666666667
500,1850,0.26666666666666666
500,1851,0.0
500,1852,0.2
500,1853,0.0
500,1854,0.2
500,1855,0.0
500,1856,0.0
500,1857,0.0
500,1858,0.0
500,1859,0.1
500,1860,0.0
500,1861,0.43333333333333335
500,1862,0.5333333333333333
500,1863,0.2
500,1864,0.0
500,1865,0.2
500,1866,0.0
500,1867,0.5333333333333333
500,1868,0.0
500,1869,0.36666666666666664
500,1870,0.0
500,1871,0.26666666666666666
500,1872,0.4
500,1873,0.0
500,1874,0.13333333333333333
500,1875,0.3333333333333333
500,1876,0.16666666666666666
500,1877,0.16666666666666666
500,1878,0.13333333333333333
500,1879,0.03333333333333333
500,1880,0.0
500,1881,0.0
500,1882,0.0
500,1883,0.0
500,1884,0.0
500,1885,0.0
500,1886,0.06666666666666667
500,1887,0.13333333333333333
500,1888,0.0
500,1889,0.0
500,1890,0.0
500,1891,0.0
500,1892,0.3333333333333333
500,1893,0.03333333333333333
500,1894,0.0
500,1895,0.13333333333333333
500,1896,0.1
500,1897,0.0
500,1898,0.4
500,1899,0.03333333333333333
500,1900,0.3
500,1901,0.0
500,1902,0.6333333333333333
500,1903,0.0
500,1904,0.0
500,1905,0.43333333333333335
500,1906,0.0
500,1907,0.0
500,1908,0.0
500,1909,0.13333333333333333
500,1910,0.0
500,1911,0.4
500,1912,0.43333333333333335
500,1913,0.0
500,1914,0.0
500,1915,0.0
500,1916,0.06666666666666667
500,1917,0.1
500,1918,0.0
500,1919,0.03333333333333333
500,1920,0.0
500,1921,0.4
500,1922,0.6333333333333333
500,1923,0.03333333333333333
500,1924,0.16666666666666666
500,1925,0.4666666666666667
500,1926,0.0
500,1927,0.43333333333333335
500,1928,0.06666666666666667
500,1929,0.0
500,1930,0.5666666666666667
500,1931,0.3
500,1932,0.0
500,1933,0.0
500,1934,0.03333333333333333
500,1935,0.13333333333333333
500,1936,0.4
500,1937,0.0
500,1938,0.0
500,1939,0.5
500,1940,0.3
500,1941,0.0
500,1942,0.0
500,1943,0.0
500,1944,0.0
500,1945,0.0
500,1946,0.03333333333333333
500,1947,0.06666666666666667
500,1948,0.4666666666666667
500,1949,0.0
500,1950,0.1
500,1951,0.0
500,1952,0.23333333333333334
500,1953,0.6333333333333333
500,1954,0.4666666666666667
500,1955,0.43333333333333335
500,1956,0.0
500,1957,0.0
500,1958,0.0
500,1959,0.06666666666666667
500,1960,0.0
500,1961,0.03333333333333333
500,1962,0.0
500,1963,0.16666666666666666
500,1964,0.03333333333333333
500,1965,0.0
500,1966,0.36666666666666664
500,1967,0.26666666666666666
500,1968,0.4
500,1969,0.1
500,1970,0.0
500,1971,0.3333333333333333
500,1972,0.2
500,1973,0.0
500,1974,0.23333333333333334
500,1975,0.5333333333333333
500,1976,0.0
500,1977,0.0
500,1978,0.4666666666666667
500,1979,0.7
500,1980,0.3
500,1981,0.16666666666666666
500,1982,0.0
500,1983,0.23333333333333334
500,1984,0.0
500,1985,0.0
500,1986,0.0
500,1987,0.0
500,1988,0.03333333333333333
500,1989,0.26666666666666666
500,1990,0.13333333333333333
500,1991,0.26666666666666666
500,1992,0.0
500,1993,0.03333333333333333
500,1994,0.0
500,1995,0.0
500,1996,0.0
500,1997,0.6333333333333333
500,1998,0.43333333333333335
500,1999,0.0
500,2000,0.1
500,2001,0.0
500,2002,0.13333333333333333
500,2003,0.0
500,2004,0.5
500,2005,0.26666666666666666
500,2006,0.0
500,2007,0.5333333333333333
500,2008,0.0
500,2009,0.16666666666666666
500,2010,0.0
500,2011,0.0
500,2012,0.4
500,2013,0.13333333333333333
500,2014,0.16666666666666666
500,2015,0.0
500,2016,0.5333333333333333
500,2017,0.36666666666666664
500,2018,0.1
500,2019,0.03333333333333333
500,2020,0.23333333333333334
500,2021,0.13333333333333333
500,2022,0.26666666666666666
500,2023,0.0
500,2024,0.43333333333333335
500,2025,0.03333333333333333
500,2026,0.43333333333333335
500,2027,0.0
500,2028,0.0
500,2029,0.3333333333333333
500,2030,0.0
500,2031,0.0
500,2032,0.0
500,2033,0.4666666666666667
500,2034,0.0
500,2035,0.0
500,2036,0.0
500,2037,0.5
500,2038,0.1
500,2039,0.0
500,2040,0.5
500,2041,0.3
500,2042,0.4
500,2043,0.0
500,2044,0.0
500,2045,0.0
500,2046,0.5
500,2047,0.0
500,2048,0.0
500,2049,0.16666666666666666
500,2050,0.03333333333333333
500,2051,0.2
500,2052,0.0
500,2053,0.03333333333333333
500,2054,0.1
500,2055,0.1
500,2056,0.0
500,2057,0.0
500,2058,0.0
500,2059,0.0
500,2060,0.0
500,2061,0.6333333333333333
500,2062,0.0
500,2063,0.1
500,2064,0.13333333333333333
500,2065,0.7
500,2066,0.0
500,2067,0.06666666666666667
500,2068,0.0
500,2069,0.23333333333333334
500,2070,0.0
500,2071,0.3333333333333333
500,2072,0.0
500,2073,0.0
500,2074,0.0
500,2075,0.16666666666666666
500,2076,0.06666666666666667
500,2077,0.0
500,2078,0.0
500,2079,0.43333333333333335
500,2080,0.26666666666666666
500,2081,0.16666666666666666
500,2082,0.0
500,2083,0.1
500,2084,0.0
500,2085,0.36666666666666664
500,2086,0.4666666666666667
500,2087,0.3333333333333333
500,2088,0.4
500,2089,0.0
500,2090,0.5666666666666667
500,2091,0.5333333333333333
500,2092,0.5
500,2093,0.0
500,2094,0.0
500,2095,0.0
500,2096,0.03333333333333333
500,2097,0.7333333333333333
500,2098,0.0
500,2099,0.5666666666666667
500,2100,0.6666666666666666
500,2101,0.16666666666666666
500,2102,0.0
500,2103,0.03333333333333333
500,2104,0.1
500,2105,0.06666666666666667
500,2106,0.23333333333333334
500,2107,0.3
500,2108,0.0
500,2109,0.43333333333333335
500,2110,0.16666666666666666
500,2111,0.36666666666666664
500,2112,0.0
500,2113,0.0
500,2114,0.13333333333333333
500,2115,0.1
500,2116,0.4
500,2117,0.0
500,2118,0.0
500,2119,0.43333333333333335
500,2120,0.26666666666666666
500,2121,0.0
500,2122,0.0
500,2123,0.23333333333333334
500,2124,0.06666666666666667
500,2125,0.5333333333333333
500,2126,0.0
500,2127,0.0
500,2128,0.0
500,2129,0.06666666666666667
500,2130,0.3
500,2131,0.03333333333333333
500,2132,0.06666666666666667
500,2133,0.36666666666666664
500,2134,0.0
500,2135,0.0
500,2136,0.4
500,2137,0.0
500,2138,0.26666666666666666
500,2139,0.3333333333333333
500,2140,0.0
500,2141,0.06666666666666667
500,2142,0.0
500,2143,0.0
500,2144,0.6666666666666666
500,2145,0.2
500,2146,0.06666666666666667
500,2147,0.4666666666666667
500,2148,0.0
500,2149,0.1
500,2150,0.0
500,2151,0.16666666666666666
500,2152,0.7666666666666667
500,2153,0.1
500,2154,0.0
500,2155,0.0
500,2156,0.0
500,2157,0.0
500,2158,0.03333333333333333
500,2159,0.23333333333333334
500,2160,0.0
500,2161,0.13333333333333333
500,2162,0.0
500,2163,0.26666666666666666
500,2164,0.2
500,2165,0.0
500,2166,0.0
500,2167,0.26666666666666666
500,2168,0.0
500,2169,0.0
500,2170,0.0
500,2171,0.0
500,2172,0.5333333333333333
500,2173,0.03333333333333333
500,2174,0.0
500,2175,0.0
500,2176,0.0
500,2177,0.0
500,2178,0.0
500,2179,0.0
500,2180,0.0
500,2181,0.23333333333333334
500,2182,0.0
500,2183,0.13333333333333333
500,2184,0.0
500,2185,0.13333333333333333
500,2186,0.13333333333333333
500,2187,0.2
500,2188,0.06666666666666667
500,2189,0.0
500,2190,0.36666666666666664
500,2191,0.0
500,2192,0.0
500,2193,0.0
500,2194,0.0
500,2195,0.0
500,2196,0.0
500,2197,0.13333333333333333
500,2198,0.0
500,2199,0.0
500,2200,0.4
500,2201,0.0
500,2202,0.3
500,2203,0.06666666666666667
500,2204,0.0
500,2205,0.06666666666666667
500,2206,0.03333333333333333
500,2207,0.3333333333333333
500,2208,0.0
500,2209,0.0
500,2210,0.36666666666666664
500,2211,0.3333333333333333
500,2212,0.23333333333333334
500,2213,0.3333333333333333
500,2214,0.0
500,2215,0.0
500,2216,0.0
500,2217,0.0
500,2218,0.0
500,2219,0.4666666666666667
500,2220,0.0
500,2221,0.0
500,2222,0.0
500,2223,0.0
500,2224,0.23333333333333334
500,2225,0.4666666666666667
500,2226,0.7
500,2227,0.0
500,2228,0.0
500,2229,0.0
500,2230,0.0
500,2231,0.0
500,2232,0.16666666666666666
500,2233,0.3
500,2234,0.0
500,2235,0.03333333333333333
500,2236,0.03333333333333333
500,2237,0.06666666666666667
500,2238,0.0
500,2239,0.0
500,2240,0.0
500,2241,0.26666666666666666
500,2242,0.36666666666666664
500,2243,0.06666666666666667
500,2244,0.3333333333333333
500,2245,0.3333333333333333
500,2246,0.2
500,2247,0.0
500,2248,0.3333333333333333
500,2249,0.6
500,2250,0.16666666666666666
500,2251,0.0
500,2252,0.36666666666666664
500,2253,0.0
500,2254,0.43333333333333335
500,2255,0.0
500,2256,0.3333333333333333
500,2257,0.0
500,2258,0.3333333333333333
500,2259,0.43333333333333335
500,2260,0.0
500,2261,0.0
500,2262,0.0
500,2263,0.5666666666666667
500,2264,0.0
500,2265,0.1
500,2266,0.06666666666666667
500,2267,0.16666666666666666
500,2268,0.06666666666666667
500,2269,0.0
500,2270,0.0
500,2271,0.0
500,2272,0.0
500,2273,0.0
500,2274,0.0
500,2275,0.0
500,2276,0.03333333333333333
500,2277,0.13333333333333333
500,2278,0.0
500,2279,0.5333333333333333
500,2280,0.0
500,2281,0.0
500,2282,0.0
500,2283,0.4666666666666667
500,2284,0.4
500,2285,0.23333333333333334
500,2286,0.06666666666666667
500,2287,0.06666666666666667
500,2288,0.4666666666666667
500,2289,0.13333333333333333
500,2290,0.43333333333333335
500,2291,0.03333333333333333
500,2292,0.26666666666666666
500,2293,0.2
500,2294,0.0
500,2295,0.3
500,2296,0.3
500,2297,0.0
500,2298,0.5
500,2299,0.0
500,2300,0.2
500,2301,0.0
500,2302,0.3
500,2303,0.13333333333333333
500,2304,0.0
500,2305,0.4666666666666667
500,2306,0.0
500,2307,0.03333333333333333
500,2308,0.23333333333333334
500,2309,0.0
500,2310,0.0
500,2311,0.0
500,2312,0.3
500,2313,0.0
500,2314,0.26666666666666666
500,2315,0.26666666666666666
500,2316,0.1
500,2317,0.03333333333333333
500,2318,0.0
500,2319,0.0
500,2320,0.06666666666666667
500,2321,0.23333333333333334
500,2322,0.0
500,2323,0.0
500,2324,0.0
500,2325,0.0
500,2326,0.3
500,2327,0.1
500,2328,0.06666666666666667
500,2329,0.26666666666666666
500,2330,0.03333333333333333
500,2331,0.0
500,2332,0.0
500,2333,0.0
500,2334,0.13333333333333333
500,2335,0.0
500,2336,0.0
500,2337,0.06666666666666667
500,2338,0.0
500,2339,0.0
500,2340,0.0
500,2341,0.0
500,2342,0.36666666666666664
500,2343,0.1
500,2344,0.16666666666666666
500,2345,0.0
500,2346,0.4
500,2347,0.0
500,2348,0.0
500,2349,0.23333333333333334
500,2350,0.0
500,2351,0.0
500,2352,0.06666666666666667
500,2353,0.16666666666666666
500,2354,0.0
500,2355,0.0
500,2356,0.0
500,2357,0.3
500,2358,0.03333333333333333
500,2359,0.03333333333333333
500,2360,0.0
500,2361,0.1
500,2362,0.0
500,2363,0.6333333333333333
500,2364,0.0
500,2365,0.06666666666666667
500,2366,0.36666666666666664
500,2367,0.6333333333333333
500,2368,0.23333333333333334
500,2369,0.3333333333333333
500,2370,0.0
500,2371,0.6333333333333333
500,2372,0.0
500,2373,0.0
500,2374,0.0
500,2375,0.1
500,2376,0.0
500,2377,0.0
500,2378,0.3
500,2379,0.2
500,2380,0.0
500,2381,0.0
500,2382,0.3
500,2383,0.06666666666666667
500,2384,0.16666666666666666
500,2385,0.0
500,2386,0.0
500,2387,0.0
500,2388,0.0
500,2389,0.0
500,2390,0.1
500,2391,0.5
500,2392,0.0
500,2393,0.0
500,2394,0.0
500,2395,0.1
500,2396,0.0
500,2397,0.1
500,2398,0.0
500,2399,0.23333333333333334
500,2400,0.0
500,2401,0.3
500,2402,0.1
500,2403,0.0
500,2404,0.16666666666666666
500,2405,0.0
500,2406,0.0
500,2407,0.3333333333333333
500,2408,0.0
500,2409,0.0
500,2410,0.0
500,2411,0.13333333333333333
500,2412,0.0
500,2413,0.0
500,2414,0.36666666666666664
500,2415,0.23333333333333334
500,2416,0.0
500,2417,0.5666666666666667
500,2418,0.2
500,2419,0.0
500,2420,0.0
500,2421,0.0
500,2422,0.4
500,2423,0.2
500,2424,0.0
500,2425,0.0
500,2426,0.0
500,2427,0.0
500,2428,0.4666666666666667
500,2429,0.0
500,2430,0.13333333333333333
500,2431,0.0
500,2432,0.0
500,2433,0.0
500,2434,0.5666666666666667
500,2435,0.06666666666666667
500,2436,0.3333333333333333
500,2437,0.0
500,2438,0.3
500,2439,0.0
500,2440,0.0
500,2441,0.0
500,2442,0.4
500,2443,0.36666666666666664
500,2444,0.03333333333333333
500,2445,0.1
500,2446,0.7
500,2447,0.06666666666666667
500,2448,0.23333333333333334
500,2449,0.5333333333333333
500,2450,0.0
500,2451,0.13333333333333333
500,2452,0.0
500,2453,0.0
500,2454,0.5666666666666667
500,2455,0.06666666666666667
500,2456,0.13333333333333333
500,2457,0.0
500,2458,0.0
500,2459,0.4666666666666667
500,2460,0.36666666666666664
500,2461,0.0
500,2462,0.23333333333333334
500,2463,0.03333333333333333
500,2464,0.06666666666666667
500,2465,0.0
500,2466,0.5
500,2467,0.2
500,2468,0.0
500,2469,0.2
500,2470,0.0
500,2471,0.0
500,2472,0.3333333333333333
500,2473,0.1
500,2474,0.4666666666666667
500,2475,0.13333333333333333
500,2476,0.0
500,2477,0.0
500,2478,0.1
500,2479,0.0
500,2480,0.0
500,2481,0.0
500,2482,0.6
500,2483,0.5333333333333333
500,2484,0.5
500,2485,0.1
500,2486,0.1
500,2487,0.0
500,2488,0.0
500,2489,0.0
500,2490,0.0
500,2491,0.1
500,2492,0.0
500,2493,0.0
500,2494,0.5666666666666667
500,2495,0.0
500,2496,0.03333333333333333
500,2497,0.0
500,2498,0.0
500,2499,0.06666666666666667
500,2500,0.06666666666666667
500,2501,0.0
500,2502,0.0
500,2503,0.06666666666666667
500,2504,0.36666666666666664
500,2505,0.1
500,2506,0.0
500,2507,0.0
500,2508,0.03333333333333333
500,2509,0.26666666666666666
500,2510,0.0
500,2511,0.4666666666666667
500,2512,0.03333333333333333
500,2513,0.2
500,2514,0.0
500,2515,0.03333333333333333
500,2516,0.1
500,2517,0.0
500,2518,0.6
500,2519,0.5
500,2520,0.16666666666666666
500,2521,0.0
500,2522,0.03333333333333333
500,2523,0.0
500,2524,0.23333333333333334
500,2525,0.03333333333333333
500,2526,0.0
500,2527,0.0
500,2528,0.4666666666666667
500,2529,0.26666666666666666
500,2530,0.0
500,2531,0.0
500,2532,0.03333333333333333
500,2533,0.4
500,2534,0.3
500,2535,0.2
500,2536,0.4
500,2537,0.23333333333333334
500,2538,0.0
500,2539,0.0
500,2540,0.2
500,2541,0.13333333333333333
500,2542,0.03333333333333333
500,2543,0.0
500,2544,0.03333333333333333
500,2545,0.0
500,2546,0.4666666666666667
500,2547,0.3
500,2548,0.0
500,2549,0.0
500,2550,0.0
500,2551,0.36666666666666664
500,2552,0.36666666666666664
500,2553,0.6333333333333333
500,2554,0.3333333333333333
500,2555,0.4666666666666667
500,2556,0.3333333333333333
500,2557,0.0
500,2558,0.03333333333333333
500,2559,0.3
500,2560,0.0
500,2561,0.0
500,2562,0.6333333333333333
500,2563,0.1
500,2564,0.0
500,2565,0.3
500,2566,0.0
500,2567,0.0
500,2568,0.03333333333333333
500,2569,0.0
500,2570,0.0
500,2571,0.5
500,2572,0.23333333333333334
500,2573,0.0
500,2574,0.1
500,2575,0.0
500,2576,0.3
500,2577,0.5
500,2578,0.6
500,2579,0.43333333333333335
500,2580,0.0
500,2581,0.0
500,2582,0.0
500,2583,0.06666666666666667
500,2584,0.13333333333333333
500,2585,0.13333333333333333
500,2586,0.0
500,2587,0.0
500,2588,0.0
500,2589,0.0
500,2590,0.13333333333333333
500,2591,0.0
500,2592,0.1
500,2593,0.1
500,2594,0.0
500,2595,0.16666666666666666
500,2596,0.43333333333333335
500,2597,0.0
500,2598,0.0
500,2599,0.5
500,2600,0.0
500,2601,0.0
500,2602,0.06666666666666667
500,2603,0.2
500,2604,0.23333333333333334
500,2605,0.03333333333333333
500,2606,0.1
500,2607,0.0
500,2608,0.06666666666666667
500,2609,0.0
500,2610,0.0
500,2611,0.1
500,2612,0.1
500,2613,0.0
500,2614,0.16666666666666666
500,2615,0.6
500,2616,0.2
500,2617,0.06666666666666667
500,2618,0.03333333333333333
500,2619,0.23333333333333334
500,2620,0.0
500,2621,0.26666666666666666
500,2622,0.0
500,2623,0.0
500,2624,0.0
500,2625,0.5666666666666667
500,2626,0.0
500,2627,0.13333333333333333
500,2628,0.0
500,2629,0.0
500,2630,0.0
500,2631,0.23333333333333334
500,2632,0.23333333333333334
500,2633,0.03333333333333333
500,2634,0.0
500,2635,0.0
500,2636,0.5
500,2637,0.0
500,2638,0.0
500,2639,0.06666666666666667
500,2640,0.0
500,2641,0.36666666666666664
500,2642,0.2
500,2643,0.13333333333333333
500,2644,0.1
500,2645,0.0
500,2646,0.06666666666666667
500,2647,0.0
500,2648,0.13333333333333333
500,2649,0.2
500,2650,0.0
500,2651,0.0
500,2652,0.06666666666666667
500,2653,0.1
500,2654,0.23333333333333334
500,2655,0.0
500,2656,0.06666666666666667
500,2657,0.0
500,2658,0.3
500,2659,0.0
500,2660,0.03333333333333333
500,2661,0.3
500,2662,0.03333333333333333
500,2663,0.6333333333333333
500,2664,0.0
500,2665,0.0
500,2666,0.0
500,2667,0.03333333333333333
500,2668,0.0
500,2669,0.2
500,2670,0.26666666666666666
500,2671,0.03333333333333333
500,2672,0.0
500,2673,0.0
500,2674,0.23333333333333334
500,2675,0.0
500,2676,0.5
500,2677,0.3333333333333333
500,2678,0.3
500,2679,0.0
500,2680,0.26666666666666666
500,2681,0.26666666666666666
500,2682,0.23333333333333334
500,2683,0.13333333333333333
500,2684,0.0
500,2685,0.06666666666666667
500,2686,0.0
500,2687,0.0
500,2688,0.0
500,2689,0.2
500,2690,0.06666666666666667
500,2691,0.0
500,2692,0.0
500,2693,0.0
500,2694,0.03333333333333333
500,2695,0.0
500,2696,0.0
500,2697,0.0
500,2698,0.0
500,2699,0.03333333333333333
500,2700,0.1
500,2701,0.6666666666666666
500,2702,0.0
500,2703,0.0
500,2704,0.0
500,2705,0.2
500,2706,0.4666666666666667
500,2707,0.1
500,2708,0.13333333333333333
500,2709,0.0
500,2710,0.0
500,2711,0.0
500,2712,0.8
500,2713,0.0
500,2714,0.0
500,2715,0.7333333333333333
500,2716,0.0
500,2717,0.0
500,2718,0.06666666666666667
500,2719,0.0
500,2720,0.5333333333333333
500,2721,0.0
500,2722,0.0
500,2723,0.0
500,2724,0.16666666666666666
500,2725,0.0
500,2726,0.0
500,2727,0.0
500,2728,0.26666666666666666
500,2729,0.0
500,2730,0.06666666666666667
500,2731,0.03333333333333333
500,2732,0.0
500,2733,0.06666666666666667
500,2734,0.23333333333333334
500,2735,0.0
500,2736,0.5
500,2737,0.4666666666666667
500,2738,0.0
500,2739,0.0
500,2740,0.03333333333333333
500,2741,0.0
500,2742,0.0
500,2743,0.0
500,2744,0.0
500,2745,0.3333333333333333
500,2746,0.0
500,2747,0.0
500,2748,0.0
500,2749,0.3
500,2750,0.0
500,2751,0.0
500,2752,0.23333333333333334
500,2753,0.26666666666666666
500,2754,0.3
500,2755,0.0
500,2756,0.1
500,2757,0.0
500,2758,0.0
500,2759,0.0
500,2760,0.3333333333333333
500,2761,0.03333333333333333
500,2762,0.0
500,2763,0.43333333333333335
500,2764,0.4666666666666667
500,2765,0.0
500,2766,0.0
500,2767,0.43333333333333335
500,2768,0.0
500,2769,0.26666666666666666
500,2770,0.0
500,2771,0.03333333333333333
500,2772,0.0
500,2773,0.36666666666666664
500,2774,0.0
500,2775,0.0
500,2776,0.0
500,2777,0.0
500,2778,0.6333333333333333
500,2779,0.03333333333333333
500,2780,0.03333333333333333
500,2781,0.0
500,2782,0.0
500,2783,0.3
500,2784,0.4666666666666667
500,2785,0.06666666666666667
500,2786,0.16666666666666666
500,2787,0.0
500,2788,0.0
500,2789,0.16666666666666666
500,2790,0.0
500,2791,0.0
500,2792,0.0
500,2793,0.26666666666666666
500,2794,0.0
500,2795,0.0
500,2796,0.36666666666666664
500,2797,0.0
500,2798,0.0
500,2799,0.0
500,2800,0.0
500,2801,0.06666666666666667
500,2802,0.3
500,2803,0.0
500,2804,0.0
500,2805,0.0
500,2806,0.23333333333333334
500,2807,0.0
500,2808,0.1
500,2809,0.0
500,2810,0.6
500,2811,0.0
500,2812,0.26666666666666666
500,2813,0.0
500,2814,0.03333333333333333
500,2815,0.1
500,2816,0.0
500,2817,0.6
500,2818,0.03333333333333333
500,2819,0.0
500,2820,0.0
500,2821,0.43333333333333335
500,2822,0.03333333333333333
500,2823,0.0
500,2824,0.4666666666666667
500,2825,0.2
500,2826,0.0
500,2827,0.0
500,2828,0.2
500,2829,0.0
500,2830,0.16666666666666666
500,2831,0.0
500,2832,0.3
500,2833,0.23333333333333334
500,2834,0.0
500,2835,0.0
500,2836,0.0
500,2837,0.0
500,2838,0.3333333333333333
500,2839,0.3
500,2840,0.0
500,2841,0.3333333333333333
500,2842,0.26666666666666666
500,2843,0.4666666666666667
500,2844,0.0
500,2845,0.06666666666666667
500,2846,0.6
500,2847,0.13333333333333333
500,2848,0.0
500,2849,0.0
500,2850,0.43333333333333335
500,2851,0.23333333333333334
500,2852,0.36666666666666664
500,2853,0.0
500,2854,0.1
500,2855,0.1
500,2856,0.36666666666666664
500,2857,0.0
500,2858,0.0
500,2859,0.0
500,2860,0.0
500,2861,0.0
500,2862,0.0
500,2863,0.43333333333333335
500,2864,0.0
500,2865,0.0
500,2866,0.0
500,2867,0.1
500,2868,0.0
500,2869,0.0
500,2870,0.13333333333333333
500,2871,0.6
500,2872,0.0
500,2873,0.0
500,2874,0.7666666666666667
500,2875,0.0
500,2876,0.2
500,2877,0.0
500,2878,0.0
500,2879,0.5
500,2880,0.6
500,2881,0.23333333333333334
500,2882,0.16666666666666666
500,2883,0.13333333333333333
500,2884,0.2
500,2885,0.3333333333333333
500,2886,0.2
500,2887,0.3333333333333333
500,2888,0.13333333333333333
500,2889,0.03333333333333333
500,2890,0.0
500,2891,0.13333333333333333
500,2892,0.0
500,2893,0.43333333333333335
500,2894,0.03333333333333333
500,2895,0.0
500,2896,0.36666666666666664
500,2897,0.0
500,2898,0.4
500,2899,0.26666666666666666
500,2900,0.23333333333333334
500,2901,0.5666666666666667
500,2902,0.3
500,2903,0.26666666666666666
500,2904,0.0
500,2905,0.26666666666666666
500,2906,0.0
500,2907,0.1
500,2908,0.0
500,2909,0.0
500,2910,0.0
500,2911,0.0
500,2912,0.03333333333333333
500,2913,0.0
500,2914,0.0
500,2915,0.1
500,2916,0.5666666666666667
500,2917,0.43333333333333335
500,2918,0.0
500,2919,0.0
500,2920,0.0
500,2921,0.0
500,2922,0.0
500,2923,0.0
500,2924,0.0
500,2925,0.23333333333333334
500,2926,0.0
500,2927,0.0
500,2928,0.0
500,2929,0.7
500,2930,0.0
500,2931,0.06666666666666667
500,2932,0.2
500,2933,0.0
500,2934,0.0
500,2935,0.23333333333333334
500,2936,0.0
500,2937,0.06666666666666667
500,2938,0.03333333333333333
500,2939,0.0
500,2940,0.3333333333333333
500,2941,0.03333333333333333
500,2942,0.0
500,2943,0.0
500,2944,0.2
500,2945,0.36666666666666664
500,2946,0.4
500,2947,0.23333333333333334
500,2948,0.0
500,2949,0.03333333333333333
500,2950,0.23333333333333334
500,2951,0.3
500,2952,0.0
500,2953,0.0
500,2954,0.0
500,2955,0.0
500,2956,0.6666666666666666
500,2957,0.03333333333333333
500,2958,0.0
500,2959,0.43333333333333335
500,2960,0.4666666666666667
500,2961,0.0
500,2962,0.03333333333333333
500,2963,0.4666666666666667
500,2964,0.06666666666666667
500,2965,0.0
500,2966,0.1
500,2967,0.0
500,2968,0.0
500,2969,0.0
500,2970,0.13333333333333333
500,2971,0.03333333333333333
500,2972,0.1
500,2973,0.0
500,2974,0.0
500,2975,0.06666666666666667
500,2976,0.0
500,2977,0.1
500,2978,0.0
500,2979,0.03333333333333333
500,2980,0.16666666666666666
500,2981,0.13333333333333333
500,2982,0.0
500,2983,0.1
500,2984,0.06666666666666667
500,2985,0.0
500,2986,0.0
500,2987,0.0
500,2988,0.0
500,2989,0.4
500,2990,0.0
500,2991,0.1
500,2992,0.0
500,2993,0.0
500,2994,0.23333333333333334
500,2995,0.0
500,2996,0.23333333333333334
500,2997,0.1
500,2998,0.0
500,2999,0.03333333333333333
300,0,0.7
300,1,0.5333333333333333
300,2,0.0
300,3,0.0
300,4,0.03333333333333333
300,5,0.1
300,6,0.5666666666666667
300,7,0.4
300,8,0.13333333333333333
300,9,0.4666666666666667
300,10,0.0
300,11,0.36666666666666664
300,12,0.03333333333333333
300,13,0.13333333333333333
300,14,0.5
300,15,0.06666666666666667
300,16,0.26666666666666666
300,17,0.0
300,18,0.1
300,19,0.0
300,20,0.36666666666666664
300,21,0.13333333333333333
300,22,0.03333333333333333
300,23,0.06666666666666667
300,24,0.03333333333333333
300,25,0.0
300,26,0.0
300,27,0.0
300,28,0.0
300,29,0.0
300,30,0.03333333333333333
300,31,0.2
300,32,0.5666666666666667
300,33,0.0
300,34,0.03333333333333333
300,35,0.5
300,36,0.06666666666666667
300,37,0.06666666666666667
300,38,0.5
300,39,0.0
300,40,0.03333333333333333
300,41,0.23333333333333334
300,42,0.13333333333333333
300,43,0.4
300,44,0.3
300,45,0.4666666666666667
300,46,0.13333333333333333
300,47,0.0
300,48,0.36666666666666664
300,49,0.2
300,50,0.3
300,51,0.36666666666666664
300,52,0.0
300,53,0.16666666666666666
300,54,0.06666666666666667
300,55,0.03333333333333333
300,56,0.03333333333333333
300,57,0.03333333333333333
300,58,0.13333333333333333
300,59,0.0
300,60,0.0
300,61,0.0
300,62,0.1
300,63,0.3333333333333333
300,64,0.4
300,65,0.3333333333333333
300,66,0.5
300,67,0.2
300,68,0.5
300,69,0.13333333333333333
300,70,0.0
300,71,0.0
300,72,0.4666666666666667
300,73,0.0
300,74,0.0
300,75,0.0
300,76,0.26666666666666666
300,77,0.23333333333333334
300,78,0.0
300,79,0.0
300,80,0.26666666666666666
300,81,0.0
300,82,0.3333333333333333
300,83,0.1
300,84,0.0
300,85,0.03333333333333333
300,86,0.26666666666666666
300,87,0.2
300,88,0.26666666666666666
300,89,0.3333333333333333
300,90,0.13333333333333333
300,91,0.36666666666666664
300,92,0.03333333333333333
300,93,0.0
300,94,0.03333333333333333
300,95,0.6
300,96,0.6
300,97,0.6
300,98,0.0
300,99,0.06666666666666667
300,100,0.26666666666666666
300,101,0.43333333333333335
300,102,0.5333333333333333
300,103,0.06666666666666667
300,104,0.4
300,105,0.0
300,106,0.0
300,107,0.36666666666666664
300,108,0.43333333333333335
300,109,0.03333333333333333
300,110,0.1
300,111,0.3
300,112,0.03333333333333333
300,113,0.06666666666666667
300,114,0.0
300,115,0.5333333333333333
300,116,0.1
300,117,0.0
300,118,0.1
300,119,0.8666666666666667
300,120,0.0
300,121,0.0
300,122,0.4
300,123,0.0
300,124,0.0
300,125,0.5666666666666667
300,126,0.23333333333333334
300,127,0.4666666666666667
300,128,0.5333333333333333
300,129,0.6333333333333333
300,130,0.1
300,131,0.4
300,132,0.1
300,133,0.6
300,134,0.3
300,135,0.26666666666666666
300,136,0.13333333333333333
300,137,0.03333333333333333
300,138,0.1
300,139,0.26666666666666666
300,140,0.0
300,141,0.1
300,142,0.3333333333333333
300,143,0.03333333333333333
300,144,0.13333333333333333
300,145,0.1
300,146,0.13333333333333333
300,147,0.26666666666666666
300,148,0.03333333333333333
300,149,0.03333333333333333
300,150,0.06666666666666667
300,151,0.0
300,152,0.13333333333333333
300,153,0.1
300,154,0.3333333333333333
300,155,0.4
300,156,0.0
300,157,0.1
300,158,0.4
300,159,0.5666666666666667
300,160,0.4666666666666667
300,161,0.1
300,162,0.0
300,163,0.2
300,164,0.5
300,165,0.06666666666666667
300,166,0.06666666666666667
300,167,0.5333333333333333
300,168,0.0
300,169,0.0
300,170,0.1
300,171,0.3
300,172,0.16666666666666666
300,173,0.0
300,174,0.1
300,175,0.3
300,176,0.0
300,177,0.1
300,178,0.16666666666666666
300,179,0.3
300,180,0.0
300,181,0.2
300,182,0.5666666666666667
300,183,0.03333333333333333
300,184,0.4
300,185,0.0
300,186,0.26666666666666666
300,187,0.03333333333333333
300,188,0.13333333333333333
300,189,0.3
300,190,0.1
300,191,0.16666666666666666
300,192,0.4666666666666667
300,193,0.2
300,194,0.03333333333333333
300,195,0.06666666666666667
300,196,0.03333333333333333
300,197,0.1
300,198,0.0
300,199,0.0
300,200,0.0
300,201,0.23333333333333334
300,202,0.1
300,203,0.0
300,204,0.0
300,205,0.5333333333333333
300,206,0.03333333333333333
300,207,0.6333333333333333
300,208,0.23333333333333334
300,209,0.1
300,210,0.0
300,211,0.1
300,212,0.6666666666666666
300,213,0.43333333333333335
300,214,0.43333333333333335
300,215,0.1
300,216,0.0
300,217,0.36666666666666664
300,218,0.5666666666666667
300,219,0.2
300,220,0.2
300,221,0.6666666666666666
300,222,0.0
300,223,0.4
300,224,0.03333333333333333
300,225,0.16666666666666666
300,226,0.0
300,227,0.13333333333333333
300,228,0.43333333333333335
300,229,0.5333333333333333
300,230,0.3333333333333333
300,231,0.06666666666666667
300,232,0.1
300,233,0.36666666666666664
300,234,0.1
300,235,0.3
300,236,0.5333333333333333
300,237,0.1
300,238,0.16666666666666666
300,239,0.0
300,240,0.03333333333333333
300,241,0.0
300,242,0.5333333333333333
300,243,0.5666666666666667
300,244,0.06666666666666667
300,245,0.4666666666666667
300,246,0.26666666666666666
300,247,0.2
300,248,0.1
300,249,0.0
300,250,0.06666666666666667
300,251,0.03333333333333333
300,252,0.43333333333333335
300,253,0.03333333333333333
300,254,0.3
300,255,0.0
300,256,0.3333333333333333
300,257,0.16666666666666666
300,258,0.0
300,259,0.1
300,260,0.0
300,261,0.0
300,262,0.1
300,263,0.03333333333333333
300,264,0.26666666666666666
300,265,0.03333333333333333
300,266,0.0
300,267,0.1
300,268,0.43333333333333335
300,269,0.03333333333333333
300,270,0.26666666666666666
300,271,0.2
300,272,0.03333333333333333
300,273,0.03333333333333333
300,274,0.03333333333333333
300,275,0.0
300,276,0.03333333333333333
300,277,0.23333333333333334
300,278,0.03333333333333333
300,279,0.13333333333333333
300,280,0.1
300,281,0.0
300,282,0.2
300,283,0.06666666666666667
300,284,0.0
300,285,0.26666666666666666
300,286,0.1
300,287,0.03333333333333333
300,288,0.2
300,289,0.26666666666666666
300,290,0.6
300,291,0.06666666666666667
300,292,0.03333333333333333
300,293,0.16666666666666666
300,294,0.23333333333333334
300,295,0.06666666666666667
300,296,0.43333333333333335
300,297,0.43333333333333335
300,298,0.06666666666666667
300,299,0.0
300,300,0.0
300,301,0.0
300,302,0.1
300,303,0.26666666666666666
300,304,0.06666666666666667
300,305,0.1
300,306,0.5333333333333333
300,307,0.0
300,308,0.4666666666666667
300,309,0.13333333333333333
300,310,0.0
300,311,0.4
300,312,0.23333333333333334
300,313,0.7666666666666667
300,314,0.0
300,315,0.6666666666666666
300,316,0.36666666666666664
300,317,0.0
300,318,0.3
300,319,0.03333333333333333
300,320,0.06666666666666667
300,321,0.16666666666666666
300,322,0.4666666666666667
300,323,0.03333333333333333
300,324,0.0
300,325,0.6666666666666666
300,326,0.0
300,327,0.06666666666666667
300,328,0.06666666666666667
300,329,0.5333333333333333
300,330,0.03333333333333333
300,331,0.0
300,332,0.23333333333333334
300,333,0.0
300,334,0.0
300,335,0.1
300,336,0.1
300,337,0.4
300,338,0.13333333333333333
300,339,0.3333333333333333
300,340,0.0
300,341,0.6333333333333333
300,342,0.36666666666666664
300,343,0.0
300,344,0.4666666666666667
300,345,0.1
300,346,0.06666666666666667
300,347,0.03333333333333333
300,348,0.0
300,349,0.0
300,350,0.06666666666666667
300,351,0.43333333333333335
300,352,0.0
300,353,0.03333333333333333
300,354,0.5333333333333333
300,355,0.0
300,356,0.13333333333333333
300,357,0.5333333333333333
300,358,0.4666666666666667
300,359,0.4666666666666667
300,360,0.06666666666666667
300,361,0.4
300,362,0.03333333333333333
300,363,0.06666666666666667
300,364,0.03333333333333333
300,365,0.5333333333333333
300,366,0.0
300,367,0.5
300,368,0.23333333333333334
300,369,0.2
300,370,0.0
300,371,0.03333333333333333
300,372,0.5
300,373,0.06666666666666667
300,374,0.13333333333333333
300,375,0.0
300,376,0.0
300,377,0.4
300,378,0.36666666666666664
300,379,0.06666666666666667
300,380,0.4666666666666667
300,381,0.06666666666666667
300,382,0.2
300,383,0.0
300,384,0.36666666666666664
300,385,0.06666666666666667
300,386,0.16666666666666666
300,387,0.0
300,388,0.03333333333333333
300,389,0.0
300,390,0.4666666666666667
300,391,0.26666666666666666
300,392,0.43333333333333335
300,393,0.06666666666666667
300,394,0.0
300,395,0.0
300,396,0.0
300,397,0.06666666666666667
300,398,0.4
300,399,0.06666666666666667
300,400,0.0
300,401,0.06666666666666667
300,402,0.7
300,403,0.03333333333333333
300,404,0.0
300,405,0.1
300,406,0.16666666666666666
300,407,0.0
300,408,0.03333333333333333
300,409,0.03333333333333333
300,410,0.0
300,411,0.03333333333333333
300,412,0.5333333333333333
300,413,0.4666666666666667
300,414,0.06666666666666667
300,415,0.3333333333333333
300,416,0.03333333333333333
300,417,0.06666666666666667
300,418,0.5666666666666667
300,419,0.0
300,420,0.03333333333333333
300,421,0.0
300,422,0.0
300,423,0.0
300,424,0.2
300,425,0.06666666666666667
300,426,0.03333333333333333
300,427,0.5
300,428,0.5
300,429,0.16666666666666666
300,430,0.5333333333333333
300,431,0.03333333333333333
300,432,0.26666666666666666
300,433,0.03333333333333333
300,434,0.0
300,435,0.03333333333333333
300,436,0.06666666666666667
300,437,0.0
300,438,0.0
300,439,0.43333333333333335
300,440,0.3333333333333333
300,441,0.23333333333333334
300,442,0.03333333333333333
300,443,0.5
300,444,0.03333333333333333
300,445,0.6333333333333333
300,446,0.03333333333333333
300,447,0.6
300,448,0.23333333333333334
300,449,0.1
300,450,0.06666666666666667
300,451,0.5666666666666667
300,452,0.03333333333333333
300,453,0.13333333333333333
300,454,0.0
300,455,0.16666666666666666
300,456,0.13333333333333333
300,457,0.4
300,458,0.0
300,459,0.0
300,460,0.0
300,461,0.06666666666666667
300,462,0.0
300,463,0.2
300,464,0.06666666666666667
300,465,0.0
300,466,0.23333333333333334
300,467,0.06666666666666667
300,468,0.1
300,469,0.0
300,470,0.03333333333333333
300,471,0.13333333333333333
300,472,0.0
300,473,0.06666666666666667
300,474,0.03333333333333333
300,475,0.13333333333333333
300,476,0.0
300,477,0.03333333333333333
300,478,0.0
300,479,0.4
300,480,0.16666666666666666
300,481,0.1
300,482,0.2
300,483,0.0
300,484,0.1
300,485,0.23333333333333334
300,486,0.03333333333333333
300,487,0.23333333333333334
300,488,0.6
300,489,0.2
300,490,0.3
300,491,0.06666666666666667
300,492,0.4
300,493,0.5666666666666667
300,494,0.1
300,495,0.0
300,496,0.13333333333333333
300,497,0.03333333333333333
300,498,0.03333333333333333
300,499,0.3
300,500,0.13333333333333333
300,501,0.06666666666666667
300,502,0.0
300,503,0.0
300,504,0.13333333333333333
300,505,0.1
300,506,0.23333333333333334
300,507,0.0
300,508,0.16666666666666666
300,509,0.3
300,510,0.13333333333333333
300,511,0.4
300,512,0.0
300,513,0.16666666666666666
300,514,0.16666666666666666
300,515,0.16666666666666666
300,516,0.13333333333333333
300,517,0.26666666666666666
300,518,0.06666666666666667
300,519,0.0
300,520,0.16666666666666666
300,521,0.0
300,522,0.5666666666666667
300,523,0.6333333333333333
300,524,0.13333333333333333
300,525,0.26666666666666666
300,526,0.36666666666666664
300,527,0.0
300,528,0.6
300,529,0.06666666666666667
300,530,0.3333333333333333
300,531,0.2
300,532,0.0
300,533,0.03333333333333333
300,534,0.6
300,535,0.03333333333333333
300,536,0.6666666666666666
300,537,0.6666666666666666
300,538,0.03333333333333333
300,539,0.03333333333333333
300,540,0.43333333333333335
300,541,0.5
300,542,0.5666666666666667
300,543,0.16666666666666666
300,544,0.13333333333333333
300,545,0.26666666666666666
300,546,0.23333333333333334
300,547,0.3
300,548,0.0
300,549,0.4
300,550,0.5
300,551,0.06666666666666667
300,552,0.26666666666666666
300,553,0.6333333333333333
300,554,0.5666666666666667
300,555,0.26666666666666666
300,556,0.5
300,557,0.13333333333333333
300,558,0.03333333333333333
300,559,0.3
300,560,0.1
300,561,0.43333333333333335
300,562,0.36666666666666664
300,563,0.26666666666666666
300,564,0.5
300,565,0.5
300,566,0.43333333333333335
300,567,0.3
300,568,0.1
300,569,0.0
300,570,0.0
300,571,0.4
300,572,0.0
300,573,0.03333333333333333
300,574,0.0
300,575,0.4666666666666667
300,576,0.4
300,577,0.06666666666666667
300,578,0.4666666666666667
300,579,0.4666666666666667
300,580,0.3
300,581,0.0
300,582,0.26666666666666666
300,583,0.3
300,584,0.0
300,585,0.36666666666666664
300,586,0.06666666666666667
300,587,0.13333333333333333
300,588,0.3333333333333333
300,589,0.1
300,590,0.36666666666666664
300,591,0.03333333333333333
300,592,0.43333333333333335
300,593,0.2
300,594,0.03333333333333333
300,595,0.3333333333333333
300,596,0.0
300,597,0.06666666666666667
300,598,0.1
300,599,0.03333333333333333
300,600,0.03333333333333333
300,601,0.06666666666666667
300,602,0.3
300,603,0.16666666666666666
300,604,0.0
300,605,0.13333333333333333
300,606,0.26666666666666666
300,607,0.13333333333333333
300,608,0.1
300,609,0.16666666666666666
300,610,0.5
300,611,0.0
300,612,0.16666666666666666
300,613,0.4666666666666667
300,614,0.16666666666666666
300,615,0.23333333333333334
300,616,0.5666666666666667
300,617,0.0
300,618,0.13333333333333333
300,619,0.13333333333333333
300,620,0.03333333333333333
300,621,0.13333333333333333
300,622,0.6
300,623,0.4666666666666667
300,624,0.5333333333333333
300,625,0.23333333333333334
300,626,0.2
300,627,0.03333333333333333
300,628,0.3333333333333333
300,629,0.4666666666666667
300,630,0.03333333333333333
300,631,0.06666666666666667
300,632,0.2
300,633,0.16666666666666666
300,634,0.36666666666666664
300,635,0.36666666666666664
300,636,0.0
300,637,0.1
300,638,0.0
300,639,0.43333333333333335
300,640,0.03333333333333333
300,641,0.43333333333333335
300,642,0.23333333333333334
300,643,0.13333333333333333
300,644,0.36666666666666664
300,645,0.1
300,646,0.06666666666666667
300,647,0.23333333333333334
300,648,0.1
300,649,0.2
300,650,0.0
300,651,0.1
300,652,0.03333333333333333
300,653,0.06666666666666667
300,654,0.23333333333333334
300,655,0.03333333333333333
300,656,0.13333333333333333
300,657,0.5
300,658,0.03333333333333333
300,659,0.23333333333333334
300,660,0.0
300,661,0.03333333333333333
300,662,0.0
300,663,0.0
300,664,0.6
300,665,0.13333333333333333
300,666,0.0
300,667,0.0
300,668,0.3
300,669,0.0
300,670,0.36666666666666664
300,671,0.1
300,672,0.0
300,673,0.2
300,674,0.2
300,675,0.5
300,676,0.5333333333333333
300,677,0.36666666666666664
300,678,0.13333333333333333
300,679,0.4
300,680,0.2
300,681,0.03333333333333333
300,682,0.23333333333333334
300,683,0.36666666666666664
300,684,0.2
300,685,0.7333333333333333
300,686,0.3
300,687,0.26666666666666666
300,688,0.43333333333333335
300,689,0.3
300,690,0.1
300,691,0.0
300,692,0.4
300,693,0.4
300,694,0.0
300,695,0.0
300,696,0.03333333333333333
300,697,0.43333333333333335
300,698,0.03333333333333333
300,699,0.4666666666666667
300,700,0.6333333333333333
300,701,0.06666666666666667
300,702,0.3
300,703,0.4
300,704,0.5666666666666667
300,705,0.03333333333333333
300,706,0.06666666666666667
300,707,0.2
300,708,0.4
300,709,0.03333333333333333
300,710,0.03333333333333333
300,711,0.0
300,712,0.16666666666666666
300,713,0.5666666666666667
300,714,0.0
300,715,0.5666666666666667
300,716,0.0
300,717,0.0
300,718,0.13333333333333333
300,719,0.36666666666666664
300,720,0.1
300,721,0.36666666666666664
300,722,0.06666666666666667
300,723,0.06666666666666667
300,724,0.03333333333333333
300,725,0.5333333333333333
300,726,0.26666666666666666
300,727,0.3333333333333333
300,728,0.03333333333333333
300,729,0.3333333333333333
300,730,0.4
300,731,0.06666666666666667
300,732,0.1
300,733,0.3
300,734,0.0
300,735,0.0
300,736,0.1
300,737,0.2
300,738,0.0
300,739,0.4
300,740,0.3
300,741,0.06666666666666667
300,742,0.16666666666666666
300,743,0.23333333333333334
300,744,0.5333333333333333
300,745,0.03333333333333333
300,746,0.2
300,747,0.43333333333333335
300,748,0.5
300,749,0.4
300,750,0.6333333333333333
300,751,0.06666666666666667
300,752,0.36666666666666664
300,753,0.06666666666666667
300,754,0.5333333333333333
300,755,0.0
300,756,0.3333333333333333
300,757,0.03333333333333333
300,758,0.23333333333333334
300,759,0.3333333333333333
300,760,0.5333333333333333
300,761,0.5333333333333333
300,762,0.5333333333333333
300,763,0.0
300,764,0.23333333333333334
300,765,0.23333333333333334
300,766,0.03333333333333333
300,767,0.4666666666666667
300,768,0.6
300,769,0.03333333333333333
300,770,0.1
300,771,0.4666666666666667
300,772,0.6333333333333333
300,773,0.03333333333333333
300,774,0.0
300,775,0.03333333333333333
300,776,0.4
300,777,0.06666666666666667
300,778,0.03333333333333333
300,779,0.0
300,780,0.0
300,781,0.0
300,782,0.0
300,783,0.0
300,784,0.4666666666666667
300,785,0.0
300,786,0.1
300,787,0.06666666666666667
300,788,0.06666666666666667
300,789,0.3
300,790,0.0
300,791,0.5
300,792,0.0
300,793,0.43333333333333335
300,794,0.06666666666666667
300,795,0.0
300,796,0.3
300,797,0.0
300,798,0.06666666666666667
300,799,0.0
300,800,0.3
300,801,0.26666666666666666
300,802,0.4
300,803,0.06666666666666667
300,804,0.0
300,805,0.0
300,806,0.0
300,807,0.0
300,808,0.06666666666666667
300,809,0.16666666666666666
300,810,0.0
300,811,0.23333333333333334
300,812,0.0
300,813,0.03333333333333333
300,814,0.2
300,815,0.03333333333333333
300,816,0.26666666666666666
300,817,0.36666666666666664
300,818,0.43333333333333335
300,819,0.1
300,820,0.1
300,821,0.7333333333333333
300,822,0.0
300,823,0.4666666666666667
300,824,0.5666666666666667
300,825,0.16666666666666666
300,826,0.43333333333333335
300,827,0.0
300,828,0.06666666666666667
300,829,0.6333333333333333
300,830,0.43333333333333335
300,831,0.26666666666666666
300,832,0.13333333333333333
300,833,0.2
300,834,0.03333333333333333
300,835,0.13333333333333333
300,836,0.1
300,837,0.0
300,838,0.03333333333333333
300,839,0.06666666666666667
300,840,0.03333333333333333
300,841,0.06666666666666667
300,842,0.3333333333333333
300,843,0.4666666666666667
300,844,0.06666666666666667
300,845,0.0
300,846,0.6333333333333333
300,847,0.43333333333333335
300,848,0.0
300,849,0.03333333333333333
300,850,0.3
300,851,0.5
300,852,0.06666666666666667
300,853,0.43333333333333335
300,854,0.0
300,855,0.5
300,856,0.36666666666666664
300,857,0.0
300,858,0.0
300,859,0.0
300,860,0.0
300,861,0.03333333333333333
300,862,0.3333333333333333
300,863,0.0
300,864,0.23333333333333334
300,865,0.5666666666666667
300,866,0.4
300,867,0.03333333333333333
300,868,0.3
300,869,0.0
300,870,0.16666666666666666
300,871,0.03333333333333333
300,872,0.03333333333333333
300,873,0.5
300,874,0.13333333333333333
300,875,0.4666666666666667
300,876,0.1
300,877,0.13333333333333333
300,878,0.5333333333333333
300,879,0.4666666666666667
300,880,0.3333333333333333
300,881,0.06666666666666667
300,882,0.1
300,883,0.5333333333333333
300,884,0.4
300,885,0.03333333333333333
300,886,0.3333333333333333
300,887,0.3333333333333333
300,888,0.13333333333333333
300,889,0.23333333333333334
300,890,0.1
300,891,0.0
300,892,0.5333333333333333
300,893,0.0
300,894,0.16666666666666666
300,895,0.0
300,896,0.7333333333333333
300,897,0.0
300,898,0.0
300,899,0.03333333333333333
300,900,0.06666666666666667
300,901,0.3
300,902,0.06666666666666667
300,903,0.5333333333333333
300,904,0.03333333333333333
300,905,0.1
300,906,0.2
300,907,0.06666666666666667
300,908,0.13333333333333333
300,909,0.4666666666666667
300,910,0.03333333333333333
300,911,0.2
300,912,0.03333333333333333
300,913,0.23333333333333334
300,914,0.2
300,915,0.06666666666666667
300,916,0.03333333333333333
300,917,0.06666666666666667
300,918,0.06666666666666667
300,919,0.06666666666666667
300,920,0.03333333333333333
300,921,0.4
300,922,0.13333333333333333
300,923,0.4666666666666667
300,924,0.2
300,925,0.4
300,926,0.1
300,927,0.2
300,928,0.2
300,929,0.0
300,930,0.0
300,931,0.13333333333333333
300,932,0.13333333333333333
300,933,0.0
300,934,0.0
300,935,0.16666666666666666
300,936,0.0
300,937,0.0
300,938,0.0
300,939,0.1
300,940,0.13333333333333333
300,941,0.16666666666666666
300,942,0.16666666666666666
300,943,0.03333333333333333
300,944,0.23333333333333334
300,945,0.1
300,946,0.5
300,947,0.16666666666666666
300,948,0.3
300,949,0.2
300,950,0.36666666666666664
300,951,0.0
300,952,0.4666666666666667
300,953,0.03333333333333333
300,954,0.5
300,955,0.0
300,956,0.03333333333333333
300,957,0.36666666666666664
300,958,0.3
300,959,0.16666666666666666
300,960,0.0
300,961,0.2
300,962,0.26666666666666666
300,963,0.06666666666666667
300,964,0.16666666666666666
300,965,0.1
300,966,0.16666666666666666
300,967,0.2
300,968,0.0
300,969,0.06666666666666667
300,970,0.6
300,971,0.26666666666666666
300,972,0.1
300,973,0.6666666666666666
300,974,0.03333333333333333
300,975,0.06666666666666667
300,976,0.5333333333333333
300,977,0.23333333333333334
300,978,0.1
300,979,0.16666666666666666
300,980,0.0
300,981,0.0
300,982,0.16666666666666666
300,983,0.43333333333333335
300,984,0.23333333333333334
300,985,0.0
300,986,0.16666666666666666
300,987,0.3333333333333333
300,988,0.1
300,989,0.2
300,990,0.2
300,991,0.06666666666666667
300,992,0.06666666666666667
300,993,0.2
300,994,0.0
300,995,0.4
300,996,0.3
300,997,0.5
300,998,0.5666666666666667
300,999,0.03333333333333333
300,1000,0.03333333333333333
300,1001,0.1
300,1002,0.2
300,1003,0.36666666666666664
300,1004,0.4666666666666667
300,1005,0.6666666666666666
300,1006,0.0
300,1007,0.03333333333333333
300,1008,0.1
300,1009,0.43333333333333335
300,1010,0.06666666666666667
300,1011,0.5666666666666667
300,1012,0.26666666666666666
300,1013,0.03333333333333333
300,1014,0.5666666666666667
300,1015,0.4
300,1016,0.2
300,1017,0.16666666666666666
300,1018,0.6333333333333333
300,1019,0.5
300,1020,0.5666666666666667
300,1021,0.0
300,1022,0.0
300,1023,0.1
300,1024,0.03333333333333333
300,1025,0.23333333333333334
300,1026,0.2
300,1027,0.2
300,1028,0.0
300,1029,0.4
300,1030,0.0
300,1031,0.0
300,1032,0.16666666666666666
300,1033,0.0
300,1034,0.1
300,1035,0.0
300,1036,0.0
300,1037,0.43333333333333335
300,1038,0.06666666666666667
300,1039,0.5666666666666667
300,1040,0.6666666666666666
300,1041,0.0
300,1042,0.03333333333333333
300,1043,0.03333333333333333
300,1044,0.0
300,1045,0.0
300,1046,0.0
300,1047,0.03333333333333333
300,1048,0.0
300,1049,0.13333333333333333
300,1050,0.6
300,1051,0.06666666666666667
300,1052,0.0
300,1053,0.6
300,1054,0.0
300,1055,0.0
300,1056,0.1
300,1057,0.03333333333333333
300,1058,0.13333333333333333
300,1059,0.03333333333333333
300,1060,0.16666666666666666
300,1061,0.0
300,1062,0.0
300,1063,0.6333333333333333
300,1064,0.4666666666666667
300,1065,0.0
300,1066,0.16666666666666666
300,1067,0.5
300,1068,0.23333333333333334
300,1069,0.4666666666666667
300,1070,0.23333333333333334
300,1071,0.0
300,1072,0.43333333333333335
300,1073,0.3333333333333333
300,1074,0.1
300,1075,0.23333333333333334
300,1076,0.6
300,1077,0.3
300,1078,0.03333333333333333
300,1079,0.03333333333333333
300,1080,0.3
300,1081,0.5333333333333333
300,1082,0.3
300,1083,0.6
300,1084,0.03333333333333333
300,1085,0.5
300,1086,0.23333333333333334
300,1087,0.1
300,1088,0.5333333333333333
300,1089,0.6
300,1090,0.0
300,1091,0.03333333333333333
300,1092,0.13333333333333333
300,1093,0.3333333333333333
300,1094,0.03333333333333333
300,1095,0.2
300,1096,0.5
300,1097,0.4
300,1098,0.03333333333333333
300,1099,0.0
300,1100,0.6333333333333333
300,1101,0.0
300,1102,0.03333333333333333
300,1103,0.4
300,1104,0.03333333333333333
300,1105,0.03333333333333333
300,1106,0.03333333333333333
300,1107,0.06666666666666667
300,1108,0.1
300,1109,0.23333333333333334
300,1110,0.0
300,1111,0.06666666666666667
300,1112,0.03333333333333333
300,1113,0.4666666666666667
300,1114,0.03333333333333333
300,1115,0.03333333333333333
300,1116,0.03333333333333333
300,1117,0.1
300,1118,0.06666666666666667
300,1119,0.03333333333333333
300,1120,0.06666666666666667
300,1121,0.23333333333333334
300,1122,0.13333333333333333
300,1123,0.06666666666666667
300,1124,0.16666666666666666
300,1125,0.03333333333333333
300,1126,0.2
300,1127,0.16666666666666666
300,1128,0.5
300,1129,0.0
300,1130,0.03333333333333333
300,1131,0.03333333333333333
300,1132,0.4666666666666667
300,1133,0.6333333333333333
300,1134,0.16666666666666666
300,1135,0.1
300,1136,0.5
300,1137,0.43333333333333335
300,1138,0.6
300,1139,0.13333333333333333
300,1140,0.2
300,1141,0.13333333333333333
300,1142,0.13333333333333333
300,1143,0.13333333333333333
300,1144,0.03333333333333333
300,1145,0.36666666666666664
300,1146,0.5333333333333333
300,1147,0.0
300,1148,0.23333333333333334
300,1149,0.03333333333333333
300,1150,0.13333333333333333
300,1151,0.0
300,1152,0.0
300,1153,0.13333333333333333
300,1154,0.3
300,1155,0.03333333333333333
300,1156,0.1
300,1157,0.03333333333333333
300,1158,0.3
300,1159,0.0
300,1160,0.0
300,1161,0.43333333333333335
300,1162,0.4666666666666667
300,1163,0.13333333333333333
300,1164,0.2
300,1165,0.0
300,1166,0.06666666666666667
300,1167,0.0
300,1168,0.03333333333333333
300,1169,0.36666666666666664
300,1170,0.06666666666666667
300,1171,0.06666666666666667
300,1172,0.3
300,1173,0.13333333333333333
300,1174,0.06666666666666667
300,1175,0.23333333333333334
300,1176,0.03333333333333333
300,1177,0.5333333333333333
300,1178,0.03333333333333333
300,1179,0.0
300,1180,0.06666666666666667
300,1181,0.3
300,1182,0.3333333333333333
300,1183,0.03333333333333333
300,1184,0.0
300,1185,0.3333333333333333
300,1186,0.1
300,1187,0.36666666666666664
300,1188,0.0
300,1189,0.03333333333333333
300,1190,0.13333333333333333
300,1191,0.03333333333333333
300,1192,0.0
300,1193,0.1
300,1194,0.13333333333333333
300,1195,0.26666666666666666
300,1196,0.06666666666666667
300,1197,0.4666666666666667
300,1198,0.2
300,1199,0.3
300,1200,0.0
300,1201,0.13333333333333333
300,1202,0.13333333333333333
300,1203,0.6666666666666666
300,1204,0.0
300,1205,0.2
300,1206,0.7
300,1207,0.4
300,1208,0.03333333333333333
300,1209,0.26666666666666666
300,1210,0.13333333333333333
300,1211,0.0
300,1212,0.06666666666666667
300,1213,0.06666666666666667
300,1214,0.5666666666666667
300,1215,0.03333333333333333
300,1216,0.2
300,1217,0.6333333333333333
300,1218,0.3333333333333333
300,1219,0.1
300,1220,0.0
300,1221,0.23333333333333334
300,1222,0.43333333333333335
300,1223,0.0
300,1224,0.6
300,1225,0.1
300,1226,0.0
300,1227,0.16666666666666666
300,1228,0.03333333333333333
300,1229,0.06666666666666667
300,1230,0.06666666666666667
300,1231,0.0
300,1232,0.16666666666666666
300,1233,0.13333333333333333
300,1234,0.0
300,1235,0.5
300,1236,0.0
300,1237,0.3333333333333333
300,1238,0.23333333333333334
300,1239,0.6333333333333333
300,1240,0.13333333333333333
300,1241,0.16666666666666666
300,1242,0.5
300,1243,0.2
300,1244,0.16666666666666666
300,1245,0.0
300,1246,0.4
300,1247,0.06666666666666667
300,1248,0.03333333333333333
300,1249,0.4
300,1250,0.23333333333333334
300,1251,0.2
300,1252,0.23333333333333334
300,1253,0.6333333333333333
300,1254,0.43333333333333335
300,1255,0.0
300,1256,0.7
300,1257,0.5666666666666667
300,1258,0.0
300,1259,0.06666666666666667
300,1260,0.13333333333333333
300,1261,0.06666666666666667
300,1262,0.0
300,1263,0.06666666666666667
300,1264,0.3333333333333333
300,1265,0.03333333333333333
300,1266,0.43333333333333335
300,1267,0.16666666666666666
300,1268,0.3
300,1269,0.1
300,1270,0.4666666666666667
300,1271,0.26666666666666666
300,1272,0.0
300,1273,0.43333333333333335
300,1274,0.06666666666666667
300,1275,0.5
300,1276,0.0
300,1277,0.4
300,1278,0.0
300,1279,0.06666666666666667
300,1280,0.13333333333333333
300,1281,0.06666666666666667
300,1282,0.0
300,1283,0.1
300,1284,0.16666666666666666
300,1285,0.13333333333333333
300,1286,0.1
300,1287,0.06666666666666667
300,1288,0.03333333333333333
300,1289,0.5333333333333333
300,1290,0.03333333333333333
300,1291,0.03333333333333333
300,1292,0.6333333333333333
300,1293,0.16666666666666666
300,1294,0.0
300,1295,0.36666666666666664
300,1296,0.16666666666666666
300,1297,0.36666666666666664
300,1298,0.1
300,1299,0.2
300,1300,0.5666666666666667
300,1301,0.06666666666666667
300,1302,0.0
300,1303,0.0
300,1304,0.2
300,1305,0.5
300,1306,0.36666666666666664
300,1307,0.0
300,1308,0.0
300,1309,0.3
300,1310,0.13333333333333333
300,1311,0.16666666666666666
300,1312,0.03333333333333333
300,1313,0.26666666666666666
300,1314,0.0
300,1315,0.16666666666666666
300,1316,0.06666666666666667
300,1317,0.0
300,1318,0.23333333333333334
300,1319,0.5666666666666667
300,1320,0.23333333333333334
300,1321,0.3
300,1322,0.06666666666666667
300,1323,0.3
300,1324,0.0
300,1325,0.13333333333333333
300,1326,0.16666666666666666
300,1327,0.3333333333333333
300,1328,0.5666666666666667
300,1329,0.06666666666666667
300,1330,0.0
300,1331,0.03333333333333333
300,1332,0.13333333333333333
300,1333,0.03333333333333333
300,1334,0.0
300,1335,0.1
300,1336,0.03333333333333333
300,1337,0.0
300,1338,0.6666666666666666
300,1339,0.0
300,1340,0.0
300,1341,0.06666666666666667
300,1342,0.13333333333333333
300,1343,0.06666666666666667
300,1344,0.0
300,1345,0.03333333333333333
300,1346,0.23333333333333334
300,1347,0.1
300,1348,0.4
300,1349,0.0
300,1350,0.16666666666666666
300,1351,0.03333333333333333
300,1352,0.0
300,1353,0.0
300,1354,0.0
300,1355,0.0
300,1356,0.5333333333333333
300,1357,0.3
300,1358,0.2
300,1359,0.0
300,1360,0.13333333333333333
300,1361,0.0
300,1362,0.23333333333333334
300,1363,0.23333333333333334
300,1364,0.3
300,1365,0.06666666666666667
300,1366,0.06666666666666667
300,1367,0.03333333333333333
300,1368,0.1
300,1369,0.13333333333333333
300,1370,0.16666666666666666
300,1371,0.6
300,1372,0.23333333333333334
300,1373,0.0
300,1374,0.03333333333333333
300,1375,0.03333333333333333
300,1376,0.5333333333333333
300,1377,0.0
300,1378,0.0
300,1379,0.1
300,1380,0.0
300,1381,0.06666666666666667
300,1382,0.4
300,1383,0.03333333333333333
300,1384,0.5
300,1385,0.2
300,1386,0.6
300,1387,0.0
300,1388,0.5666666666666667
300,1389,0.06666666666666667
300,1390,0.0
300,1391,0.0
300,1392,0.1
300,1393,0.06666666666666667
300,1394,0.0
300,1395,0.06666666666666667
300,1396,0.23333333333333334
300,1397,0.5333333333333333
300,1398,0.3
300,1399,0.13333333333333333
300,1400,0.5333333333333333
300,1401,0.4
300,1402,0.3333333333333333
300,1403,0.3333333333333333
300,1404,0.0
300,1405,0.03333333333333333
300,1406,0.0
300,1407,0.0
300,1408,0.06666666666666667
300,1409,0.6
300,1410,0.2
300,1411,0.06666666666666667
300,1412,0.23333333333333334
300,1413,0.4666666666666667
300,1414,0.03333333333333333
300,1415,0.0
300,1416,0.06666666666666667
300,1417,0.3333333333333333
300,1418,0.16666666666666666
300,1419,0.0
300,1420,0.03333333333333333
300,1421,0.0
300,1422,0.6666666666666666
300,1423,0.03333333333333333
300,1424,0.06666666666666667
300,1425,0.7
300,1426,0.0
300,1427,0.0
300,1428,0.5
300,1429,0.3
300,1430,0.16666666666666666
300,1431,0.03333333333333333
300,1432,0.16666666666666666
300,1433,0.3333333333333333
300,1434,0.03333333333333333
300,1435,0.0
300,1436,0.1
300,1437,0.0
300,1438,0.1
300,1439,0.1
300,1440,0.36666666666666664
300,1441,0.16666666666666666
300,1442,0.26666666666666666
300,1443,0.1
300,1444,0.13333333333333333
300,1445,0.1
300,1446,0.06666666666666667
300,1447,0.36666666666666664
300,1448,0.03333333333333333
300,1449,0.03333333333333333
300,1450,0.6
300,1451,0.5
300,1452,0.4666666666666667
300,1453,0.5333333333333333
300,1454,0.0
300,1455,0.0
300,1456,0.03333333333333333
300,1457,0.4
300,1458,0.26666666666666666
300,1459,0.7
300,1460,0.1
300,1461,0.03333333333333333
300,1462,0.06666666666666667
300,1463,0.26666666666666666
300,1464,0.03333333333333333
300,1465,0.0
300,1466,0.26666666666666666
300,1467,0.03333333333333333
300,1468,0.0
300,1469,0.5
300,1470,0.4
300,1471,0.0
300,1472,0.5666666666666667
300,1473,0.0
300,1474,0.13333333333333333
300,1475,0.0
300,1476,0.2
300,1477,0.5
300,1478,0.23333333333333334
300,1479,0.03333333333333333
300,1480,0.13333333333333333
300,1481,0.16666666666666666
300,1482,0.0
300,1483,0.03333333333333333
300,1484,0.36666666666666664
300,1485,0.03333333333333333
300,1486,0.03333333333333333
300,1487,0.2
300,1488,0.5
300,1489,0.03333333333333333
300,1490,0.0
300,1491,0.13333333333333333
300,1492,0.43333333333333335
300,1493,0.5333333333333333
300,1494,0.0
300,1495,0.13333333333333333
300,1496,0.0
300,1497,0.0
300,1498,0.3333333333333333
300,1499,0.5333333333333333
300,1500,0.06666666666666667
300,1501,0.1
300,1502,0.06666666666666667
300,1503,0.23333333333333334
300,1504,0.0
300,1505,0.06666666666666667
300,1506,0.0
300,1507,0.06666666666666667
300,1508,0.3
300,1509,0.06666666666666667
300,1510,0.4
300,1511,0.0
300,1512,0.6666666666666666
300,1513,0.26666666666666666
300,1514,0.0
300,1515,0.23333333333333334
300,1516,0.4
300,1517,0.0
300,1518,0.3
300,1519,0.5666666666666667
300,1520,0.1
300,1521,0.3333333333333333
300,1522,0.03333333333333333
300,1523,0.3
300,1524,0.1
300,1525,0.5333333333333333
300,1526,0.0
300,1527,0.1
300,1528,0.3333333333333333
300,1529,0.4666666666666667
300,1530,0.03333333333333333
300,1531,0.5
300,1532,0.0
300,1533,0.06666666666666667
300,1534,0.06666666666666667
300,1535,0.03333333333333333
300,1536,0.03333333333333333
300,1537,0.1
300,1538,0.3333333333333333
300,1539,0.0
300,1540,0.03333333333333333
300,1541,0.03333333333333333
300,1542,0.0
300,1543,0.06666666666666667
300,1544,0.0
300,1545,0.16666666666666666
300,1546,0.6333333333333333
300,1547,0.0
300,1548,0.2
300,1549,0.4
300,1550,0.36666666666666664
300,1551,0.0
300,1552,0.3333333333333333
300,1553,0.06666666666666667
300,1554,0.43333333333333335
300,1555,0.1
300,1556,0.23333333333333334
300,1557,0.03333333333333333
300,1558,0.6
300,1559,0.5666666666666667
300,1560,0.4666666666666667
300,1561,0.2
300,1562,0.03333333333333333
300,1563,0.13333333333333333
300,1564,0.43333333333333335
300,1565,0.06666666666666667
300,1566,0.0
300,1567,0.16666666666666666
300,1568,0.16666666666666666
300,1569,0.0
300,1570,0.0
300,1571,0.2
300,1572,0.0
300,1573,0.5
300,1574,0.0
300,1575,0.06666666666666667
300,1576,0.0
300,1577,0.03333333333333333
300,1578,0.16666666666666666
300,1579,0.6333333333333333
300,1580,0.0
300,1581,0.3333333333333333
300,1582,0.03333333333333333
300,1583,0.03333333333333333
300,1584,0.43333333333333335
300,1585,0.5333333333333333
300,1586,0.03333333333333333
300,1587,0.43333333333333335
300,1588,0.06666666666666667
300,1589,0.0
300,1590,0.0
300,1591,0.16666666666666666
300,1592,0.0
300,1593,0.3333333333333333
300,1594,0.03333333333333333
300,1595,0.2
300,1596,0.5666666666666667
300,1597,0.3333333333333333
300,1598,0.43333333333333335
300,1599,0.0
300,1600,0.0
300,1601,0.03333333333333333
300,1602,0.03333333333333333
300,1603,0.5333333333333333
300,1604,0.0
300,1605,0.03333333333333333
300,1606,0.16666666666666666
300,1607,0.3333333333333333
300,1608,0.6333333333333333
300,1609,0.1
300,1610,0.1
300,1611,0.26666666666666666
300,1612,0.1
300,1613,0.5333333333333333
300,1614,0.43333333333333335
300,1615,0.0
300,1616,0.0
300,1617,0.03333333333333333
300,1618,0.16666666666666666
300,1619,0.4
300,1620,0.3333333333333333
300,1621,0.06666666666666667
300,1622,0.0
300,1623,0.26666666666666666
300,1624,0.0
300,1625,0.06666666666666667
300,1626,0.4
300,1627,0.06666666666666667
300,1628,0.5333333333333333
300,1629,0.1
300,1630,0.23333333333333334
300,1631,0.03333333333333333
300,1632,0.0
300,1633,0.16666666666666666
300,1634,0.0
300,1635,0.16666666666666666
300,1636,0.36666666666666664
300,1637,0.1
300,1638,0.0
300,1639,0.0
300,1640,0.36666666666666664
300,1641,0.0
300,1642,0.03333333333333333
300,1643,0.0
300,1644,0.03333333333333333
300,1645,0.0
300,1646,0.03333333333333333
300,1647,0.3
300,1648,0.16666666666666666
300,1649,0.43333333333333335
300,1650,0.4
300,1651,0.06666666666666667
300,1652,0.13333333333333333
300,1653,0.4
300,1654,0.03333333333333333
300,1655,0.03333333333333333
300,1656,0.03333333333333333
300,1657,0.0
300,1658,0.3333333333333333
300,1659,0.43333333333333335
300,1660,0.03333333333333333
300,1661,0.4666666666666667
300,1662,0.16666666666666666
300,1663,0.3333333333333333
300,1664,0.13333333333333333
300,1665,0.13333333333333333
300,1666,0.0
300,1667,0.1
300,1668,0.0
300,1669,0.0
300,1670,0.6333333333333333
300,1671,0.7
300,1672,0.0
300,1673,0.03333333333333333
300,1674,0.13333333333333333
300,1675,0.06666666666666667
300,1676,0.06666666666666667
300,1677,0.03333333333333333
300,1678,0.03333333333333333
300,1679,0.43333333333333335
300,1680,0.16666666666666666
300,1681,0.03333333333333333
300,1682,0.3
300,1683,0.2
300,1684,0.0
300,1685,0.4
300,1686,0.13333333333333333
300,1687,0.5333333333333333
300,1688,0.1
300,1689,0.0
300,1690,0.13333333333333333
300,1691,0.06666666666666667
300,1692,0.0
300,1693,0.16666666666666666
300,1694,0.06666666666666667
300,1695,0.0
300,1696,0.1
300,1697,0.0
300,1698,0.16666666666666666
300,1699,0.13333333333333333
300,1700,0.0
300,1701,0.06666666666666667
300,1702,0.5
300,1703,0.03333333333333333
300,1704,0.13333333333333333
300,1705,0.2
300,1706,0.5666666666666667
300,1707,0.06666666666666667
300,1708,0.4
300,1709,0.16666666666666666
300,1710,0.06666666666666667
300,1711,0.0
300,1712,0.23333333333333334
300,1713,0.2
300,1714,0.13333333333333333
300,1715,0.4
300,1716,0.4666666666666667
300,1717,0.1
300,1718,0.0
300,1719,0.4
300,1720,0.0
300,1721,0.0
300,1722,0.13333333333333333
300,1723,0.4
300,1724,0.36666666666666664
300,1725,0.5
300,1726,0.0
300,1727,0.0
300,1728,0.36666666666666664
300,1729,0.6
300,1730,0.36666666666666664
300,1731,0.3333333333333333
300,1732,0.06666666666666667
300,1733,0.0
300,1734,0.03333333333333333
300,1735,0.3333333333333333
300,1736,0.4666666666666667
300,1737,0.03333333333333333
300,1738,0.7333333333333333
300,1739,0.1
300,1740,0.2
300,1741,0.03333333333333333
300,1742,0.0
300,1743,0.5333333333333333
300,1744,0.0
300,1745,0.16666666666666666
300,1746,0.13333333333333333
300,1747,0.2
300,1748,0.5333333333333333
300,1749,0.2
300,1750,0.0
300,1751,0.3
300,1752,0.13333333333333333
300,1753,0.1
300,1754,0.3333333333333333
300,1755,0.13333333333333333
300,1756,0.03333333333333333
300,1757,0.06666666666666667
300,1758,0.0
300,1759,0.0
300,1760,0.03333333333333333
300,1761,0.5
300,1762,0.3333333333333333
300,1763,0.3
300,1764,0.16666666666666666
300,1765,0.0
300,1766,0.43333333333333335
300,1767,0.13333333333333333
300,1768,0.23333333333333334
300,1769,0.5666666666666667
300,1770,0.0
300,1771,0.16666666666666666
300,1772,0.16666666666666666
300,1773,0.4666666666666667
300,1774,0.4
300,1775,0.43333333333333335
300,1776,0.3
300,1777,0.03333333333333333
300,1778,0.03333333333333333
300,1779,0.5666666666666667
300,1780,0.13333333333333333
300,1781,0.36666666666666664
300,1782,0.4666666666666667
300,1783,0.0
300,1784,0.03333333333333333
300,1785,0.5
300,1786,0.0
300,1787,0.4
300,1788,0.36666666666666664
300,1789,0.36666666666666664
300,1790,0.03333333333333333
300,1791,0.0
300,1792,0.36666666666666664
300,1793,0.23333333333333334
300,1794,0.16666666666666666
300,1795,0.1
300,1796,0.5
300,1797,0.13333333333333333
300,1798,0.0
300,1799,0.03333333333333333
300,1800,0.0
300,1801,0.0
300,1802,0.0
300,1803,0.06666666666666667
300,1804,0.4
300,1805,0.2
300,1806,0.0
300,1807,0.5
300,1808,0.03333333333333333
300,1809,0.1
300,1810,0.03333333333333333
300,1811,0.4
300,1812,0.7333333333333333
300,1813,0.23333333333333334
300,1814,0.26666666666666666
300,1815,0.0
300,1816,0.0
300,1817,0.0
300,1818,0.36666666666666664
300,1819,0.0
300,1820,0.43333333333333335
300,1821,0.23333333333333334
300,1822,0.4
300,1823,0.6
300,1824,0.3
300,1825,0.13333333333333333
300,1826,0.06666666666666667
300,1827,0.26666666666666666
300,1828,0.5666666666666667
300,1829,0.4
300,1830,0.0
300,1831,0.6
300,1832,0.06666666666666667
300,1833,0.1
300,1834,0.0
300,1835,0.0
300,1836,0.6333333333333333
300,1837,0.13333333333333333
300,1838,0.2
300,1839,0.06666666666666667
300,1840,0.43333333333333335
300,1841,0.2
300,1842,0.36666666666666664
300,1843,0.36666666666666664
300,1844,0.06666666666666667
300,1845,0.2
300,1846,0.16666666666666666
300,1847,0.06666666666666667
300,1848,0.13333333333333333
300,1849,0.3333333333333333
300,1850,0.26666666666666666
300,1851,0.0
300,1852,0.13333333333333333
300,1853,0.0
300,1854,0.06666666666666667
300,1855,0.06666666666666667
300,1856,0.13333333333333333
300,1857,0.0
300,1858,0.06666666666666667
300,1859,0.23333333333333334
300,1860,0.0
300,1861,0.4666666666666667
300,1862,0.6
300,1863,0.43333333333333335
300,1864,0.0
300,1865,0.23333333333333334
300,1866,0.2
300,1867,0.5333333333333333
300,1868,0.03333333333333333
300,1869,0.5666666666666667
300,1870,0.03333333333333333
300,1871,0.36666666666666664
300,1872,0.43333333333333335
300,1873,0.2
300,1874,0.06666666666666667
300,1875,0.36666666666666664
300,1876,0.03333333333333333
300,1877,0.0
300,1878,0.43333333333333335
300,1879,0.23333333333333334
300,1880,0.36666666666666664
300,1881,0.03333333333333333
300,1882,0.16666666666666666
300,1883,0.03333333333333333
300,1884,0.03333333333333333
300,1885,0.03333333333333333
300,1886,0.1
300,1887,0.1
300,1888,0.0
300,1889,0.0
300,1890,0.0
300,1891,0.06666666666666667
300,1892,0.13333333333333333
300,1893,0.1
300,1894,0.03333333333333333
300,1895,0.16666666666666666
300,1896,0.0
300,1897,0.06666666666666667
300,1898,0.5
300,1899,0.06666666666666667
300,1900,0.5333333333333333
300,1901,0.0
300,1902,0.3
300,1903,0.0
300,1904,0.0
300,1905,0.0
300,1906,0.0
300,1907,0.03333333333333333
300,1908,0.0
300,1909,0.2
300,1910,0.43333333333333335
300,1911,0.7333333333333333
300,1912,0.06666666666666667
300,1913,0.03333333333333333
300,1914,0.06666666666666667
300,1915,0.23333333333333334
300,1916,0.3333333333333333
300,1917,0.26666666666666666
300,1918,0.0
300,1919,0.06666666666666667
300,1920,0.03333333333333333
300,1921,0.4666666666666667
300,1922,0.6333333333333333
300,1923,0.5333333333333333
300,1924,0.13333333333333333
300,1925,0.5666666666666667
300,1926,0.26666666666666666
300,1927,0.4
300,1928,0.26666666666666666
300,1929,0.13333333333333333
300,1930,0.5
300,1931,0.26666666666666666
300,1932,0.0
300,1933,0.0
300,1934,0.03333333333333333
300,1935,0.06666666666666667
300,1936,0.1
300,1937,0.0
300,1938,0.0
300,1939,0.7333333333333333
300,1940,0.4666666666666667
300,1941,0.06666666666666667
300,1942,0.0
300,1943,0.06666666666666667
300,1944,0.03333333333333333
300,1945,0.1
300,1946,0.6
300,1947,0.13333333333333333
300,1948,0.5666666666666667
300,1949,0.0
300,1950,0.36666666666666664
300,1951,0.2
300,1952,0.36666666666666664
300,1953,0.36666666666666664
300,1954,0.43333333333333335
300,1955,0.43333333333333335
300,1956,0.0
300,1957,0.2
300,1958,0.0
300,1959,0.6333333333333333
300,1960,0.0
300,1961,0.5333333333333333
300,1962,0.1
300,1963,0.06666666666666667
300,1964,0.26666666666666666
300,1965,0.2
300,1966,0.3
300,1967,0.4666666666666667
300,1968,0.36666666666666664
300,1969,0.06666666666666667
300,1970,0.43333333333333335
300,1971,0.6
300,1972,0.4
300,1973,0.06666666666666667
300,1974,0.03333333333333333
300,1975,0.26666666666666666
300,1976,0.03333333333333333
300,1977,0.0
300,1978,0.3
300,1979,0.7333333333333333
300,1980,0.3
300,1981,0.03333333333333333
300,1982,0.26666666666666666
300,1983,0.26666666666666666
300,1984,0.1
300,1985,0.0
300,1986,0.03333333333333333
300,1987,0.0
300,1988,0.03333333333333333
300,1989,0.03333333333333333
300,1990,0.4
300,1991,0.16666666666666666
300,1992,0.0
300,1993,0.3
300,1994,0.23333333333333334
300,1995,0.0
300,1996,0.03333333333333333
300,1997,0.23333333333333334
300,1998,0.03333333333333333
300,1999,0.0
300,2000,0.6
300,2001,0.4666666666666667
300,2002,0.06666666666666667
300,2003,0.0
300,2004,0.0
300,2005,0.16666666666666666
300,2006,0.0
300,2007,0.7333333333333333
300,2008,0.06666666666666667
300,2009,0.16666666666666666
300,2010,0.03333333333333333
300,2011,0.06666666666666667
300,2012,0.5
300,2013,0.4666666666666667
300,2014,0.6
300,2015,0.0
300,2016,0.5
300,2017,0.43333333333333335
300,2018,0.2
300,2019,0.13333333333333333
300,2020,0.2
300,2021,0.0
300,2022,0.23333333333333334
300,2023,0.1
300,2024,0.43333333333333335
300,2025,0.2
300,2026,0.36666666666666664
300,2027,0.03333333333333333
300,2028,0.0
300,2029,0.43333333333333335
300,2030,0.16666666666666666
300,2031,0.03333333333333333
300,2032,0.3
300,2033,0.13333333333333333
300,2034,0.0
300,2035,0.03333333333333333
300,2036,0.06666666666666667
300,2037,0.3333333333333333
300,2038,0.36666666666666664
300,2039,0.16666666666666666
300,2040,0.6
300,2041,0.7333333333333333
300,2042,0.23333333333333334
300,2043,0.03333333333333333
300,2044,0.2
300,2045,0.0
300,2046,0.4
300,2047,0.1
300,2048,0.0
300,2049,0.03333333333333333
300,2050,0.1
300,2051,0.2
300,2052,0.1
300,2053,0.43333333333333335
300,2054,0.06666666666666667
300,2055,0.4666666666666667
300,2056,0.06666666666666667
300,2057,0.0
300,2058,0.0
300,2059,0.03333333333333333
300,2060,0.0
300,2061,0.16666666666666666
300,2062,0.0
300,2063,0.06666666666666667
300,2064,0.4
300,2065,0.5666666666666667
300,2066,0.06666666666666667
300,2067,0.26666666666666666
300,2068,0.1
300,2069,0.5
300,2070,0.0
300,2071,0.3
300,2072,0.0
300,2073,0.1
300,2074,0.0
300,2075,0.26666666666666666
300,2076,0.0
300,2077,0.0
300,2078,0.16666666666666666
300,2079,0.43333333333333335
300,2080,0.2
300,2081,0.4
300,2082,0.23333333333333334
300,2083,0.26666666666666666
300,2084,0.0
300,2085,0.16666666666666666
300,2086,0.1
300,2087,0.16666666666666666
300,2088,0.5
300,2089,0.7
300,2090,0.6
300,2091,0.5
300,2092,0.5666666666666667
300,2093,0.0
300,2094,0.0
300,2095,0.2
300,2096,0.06666666666666667
300,2097,0.7666666666666667
300,2098,0.0
300,2099,0.4
300,2100,0.6666666666666666
300,2101,0.2
300,2102,0.0
300,2103,0.26666666666666666
300,2104,0.3
300,2105,0.4
300,2106,0.23333333333333334
300,2107,0.23333333333333334
300,2108,0.16666666666666666
300,2109,0.3333333333333333
300,2110,0.0
300,2111,0.7666666666666667
300,2112,0.4666666666666667
300,2113,0.16666666666666666
300,2114,0.03333333333333333
300,2115,0.26666666666666666
300,2116,0.43333333333333335
300,2117,0.0
300,2118,0.13333333333333333
300,2119,0.16666666666666666
300,2120,0.26666666666666666
300,2121,0.0
300,2122,0.1
300,2123,0.4
300,2124,0.06666666666666667
300,2125,0.8666666666666667
300,2126,0.13333333333333333
300,2127,0.0
300,2128,0.2
300,2129,0.26666666666666666
300,2130,0.4666666666666667
300,2131,0.4666666666666667
300,2132,0.7333333333333333
300,2133,0.4
300,2134,0.0
300,2135,0.23333333333333334
300,2136,0.43333333333333335
300,2137,0.1
300,2138,0.6333333333333333
300,2139,0.03333333333333333
300,2140,0.0
300,2141,0.26666666666666666
300,2142,0.0
300,2143,0.6666666666666666
300,2144,0.6333333333333333
300,2145,0.13333333333333333
300,2146,0.5
300,2147,0.5
300,2148,0.03333333333333333
300,2149,0.3
300,2150,0.03333333333333333
300,2151,0.13333333333333333
300,2152,0.5333333333333333
300,2153,0.1
300,2154,0.1
300,2155,0.0
300,2156,0.0
300,2157,0.4
300,2158,0.13333333333333333
300,2159,0.16666666666666666
300,2160,0.03333333333333333
300,2161,0.3
300,2162,0.03333333333333333
300,2163,0.1
300,2164,0.8
300,2165,0.0
300,2166,0.03333333333333333
300,2167,0.3
300,2168,0.0
300,2169,0.43333333333333335
300,2170,0.06666666666666667
300,2171,0.0
300,2172,0.5333333333333333
300,2173,0.0
300,2174,0.03333333333333333
300,2175,0.13333333333333333
300,2176,0.03333333333333333
300,2177,0.0
300,2178,0.06666666666666667
300,2179,0.0
300,2180,0.03333333333333333
300,2181,0.26666666666666666
300,2182,0.0
300,2183,0.36666666666666664
300,2184,0.03333333333333333
300,2185,0.06666666666666667
300,2186,0.16666666666666666
300,2187,0.16666666666666666
300,2188,0.4
300,2189,0.03333333333333333
300,2190,0.4
300,2191,0.13333333333333333
300,2192,0.03333333333333333
300,2193,0.0
300,2194,0.0
300,2195,0.0
300,2196,0.16666666666666666
300,2197,0.06666666666666667
300,2198,0.3
300,2199,0.0
300,2200,0.36666666666666664
300,2201,0.16666666666666666
300,2202,0.23333333333333334
300,2203,0.16666666666666666
300,2204,0.23333333333333334
300,2205,0.1
300,2206,0.0
300,2207,0.4666666666666667
300,2208,0.0
300,2209,0.0
300,2210,0.06666666666666667
300,2211,0.06666666666666667
300,2212,0.3
300,2213,0.4
300,2214,0.26666666666666666
300,2215,0.0
300,2216,0.0
300,2217,0.03333333333333333
300,2218,0.06666666666666667
300,2219,0.5
300,2220,0.0
300,2221,0.0
300,2222,0.03333333333333333
300,2223,0.06666666666666667
300,2224,0.2
300,2225,0.43333333333333335
300,2226,0.06666666666666667
300,2227,0.0
300,2228,0.06666666666666667
300,2229,0.03333333333333333
300,2230,0.0
300,2231,0.3333333333333333
300,2232,0.1
300,2233,0.6666666666666666
300,2234,0.8
300,2235,0.0
300,2236,0.0
300,2237,0.4
300,2238,0.16666666666666666
300,2239,0.06666666666666667
300,2240,0.03333333333333333
300,2241,0.5666666666666667
300,2242,0.7
300,2243,0.1
300,2244,0.16666666666666666
300,2245,0.23333333333333334
300,2246,0.0
300,2247,0.0
300,2248,0.43333333333333335
300,2249,0.26666666666666666
300,2250,0.26666666666666666
300,2251,0.1
300,2252,0.26666666666666666
300,2253,0.03333333333333333
300,2254,0.3333333333333333
300,2255,0.03333333333333333
300,2256,0.3333333333333333
300,2257,0.0
300,2258,0.3
300,2259,0.36666666666666664
300,2260,0.0
300,2261,0.1
300,2262,0.13333333333333333
300,2263,0.7
300,2264,0.03333333333333333
300,2265,0.06666666666666667
300,2266,0.23333333333333334
300,2267,0.06666666666666667
300,2268,0.0
300,2269,0.06666666666666667
300,2270,0.0
300,2271,0.0
300,2272,0.43333333333333335
300,2273,0.0
300,2274,0.0
300,2275,0.0
300,2276,0.0
300,2277,0.16666666666666666
300,2278,0.0
300,2279,0.6666666666666666
300,2280,0.03333333333333333
300,2281,0.0
300,2282,0.13333333333333333
300,2283,0.23333333333333334
300,2284,0.4
300,2285,0.3
300,2286,0.6666666666666666
300,2287,0.13333333333333333
300,2288,0.36666666666666664
300,2289,0.6333333333333333
300,2290,0.5666666666666667
300,2291,0.06666666666666667
300,2292,0.3333333333333333
300,2293,0.1
300,2294,0.0
300,2295,0.4666666666666667
300,2296,0.1
300,2297,0.0
300,2298,0.5333333333333333
300,2299,0.06666666666666667
300,2300,0.4
300,2301,0.03333333333333333
300,2302,0.8666666666666667
300,2303,0.3333333333333333
300,2304,0.03333333333333333
300,2305,0.4666666666666667
300,2306,0.0
300,2307,0.0
300,2308,0.4
300,2309,0.1
300,2310,0.0
300,2311,0.2
300,2312,0.0
300,2313,0.0
300,2314,0.43333333333333335
300,2315,0.2
300,2316,0.26666666666666666
300,2317,0.36666666666666664
300,2318,0.0
300,2319,0.0
300,2320,0.1
300,2321,0.06666666666666667
300,2322,0.16666666666666666
300,2323,0.1
300,2324,0.0
300,2325,0.0
300,2326,0.3333333333333333
300,2327,0.2
300,2328,0.06666666666666667
300,2329,0.1
300,2330,0.3333333333333333
300,2331,0.23333333333333334
300,2332,0.0
300,2333,0.16666666666666666
300,2334,0.06666666666666667
300,2335,0.0
300,2336,0.03333333333333333
300,2337,0.13333333333333333
300,2338,0.0
300,2339,0.13333333333333333
300,2340,0.6666666666666666
300,2341,0.16666666666666666
300,2342,0.2
300,2343,0.06666666666666667
300,2344,0.3333333333333333
300,2345,0.6
300,2346,0.36666666666666664
300,2347,0.0
300,2348,0.0
300,2349,0.5333333333333333
300,2350,0.16666666666666666
300,2351,0.06666666666666667
300,2352,0.16666666666666666
300,2353,0.43333333333333335
300,2354,0.03333333333333333
300,2355,0.23333333333333334
300,2356,0.3
300,2357,0.2
300,2358,0.5
300,2359,0.26666666666666666
300,2360,0.0
300,2361,0.43333333333333335
300,2362,0.0
300,2363,0.5333333333333333
300,2364,0.03333333333333333
300,2365,0.7333333333333333
300,2366,0.2
300,2367,0.43333333333333335
300,2368,0.26666666666666666
300,2369,0.6666666666666666
300,2370,0.03333333333333333
300,2371,0.5666666666666667
300,2372,0.4666666666666667
300,2373,0.03333333333333333
300,2374,0.03333333333333333
300,2375,0.03333333333333333
300,2376,0.0
300,2377,0.06666666666666667
300,2378,0.36666666666666664
300,2379,0.13333333333333333
300,2380,0.03333333333333333
300,2381,0.16666666666666666
300,2382,0.0
300,2383,0.3333333333333333
300,2384,0.36666666666666664
300,2385,0.1
300,2386,0.03333333333333333
300,2387,0.03333333333333333
300,2388,0.06666666666666667
300,2389,0.0
300,2390,0.4
300,2391,0.16666666666666666
300,2392,0.03333333333333333
300,2393,0.06666666666666667
300,2394,0.03333333333333333
300,2395,0.03333333333333333
300,2396,0.13333333333333333
300,2397,0.2
300,2398,0.0
300,2399,0.03333333333333333
300,2400,0.03333333333333333
300,2401,0.23333333333333334
300,2402,0.1
300,2403,0.03333333333333333
300,2404,0.23333333333333334
300,2405,0.06666666666666667
300,2406,0.06666666666666667
300,2407,0.3333333333333333
300,2408,0.1
300,2409,0.16666666666666666
300,2410,0.1
300,2411,0.4666666666666667
300,2412,0.03333333333333333
300,2413,0.06666666666666667
300,2414,0.4666666666666667
300,2415,0.16666666666666666
300,2416,0.06666666666666667
300,2417,0.5
300,2418,0.16666666666666666
300,2419,0.06666666666666667
300,2420,0.03333333333333333
300,2421,0.0
300,2422,0.43333333333333335
300,2423,0.36666666666666664
300,2424,0.0
300,2425,0.0
300,2426,0.0
300,2427,0.0
300,2428,0.4
300,2429,0.03333333333333333
300,2430,0.16666666666666666
300,2431,0.0
300,2432,0.0
300,2433,0.16666666666666666
300,2434,0.5666666666666667
300,2435,0.2
300,2436,0.3333333333333333
300,2437,0.03333333333333333
300,2438,0.5333333333333333
300,2439,0.0
300,2440,0.03333333333333333
300,2441,0.0
300,2442,0.4666666666666667
300,2443,0.5333333333333333
300,2444,0.06666666666666667
300,2445,0.0
300,2446,0.5666666666666667
300,2447,0.0
300,2448,0.06666666666666667
300,2449,0.2
300,2450,0.43333333333333335
300,2451,0.16666666666666666
300,2452,0.06666666666666667
300,2453,0.03333333333333333
300,2454,0.2
300,2455,0.1
300,2456,0.03333333333333333
300,2457,0.06666666666666667
300,2458,0.06666666666666667
300,2459,0.6
300,2460,0.4666666666666667
300,2461,0.23333333333333334
300,2462,0.26666666666666666
300,2463,0.06666666666666667
300,2464,0.43333333333333335
300,2465,0.06666666666666667
300,2466,0.5666666666666667
300,2467,0.6666666666666666
300,2468,0.06666666666666667
300,2469,0.2
300,2470,0.2
300,2471,0.0
300,2472,0.5
300,2473,0.4666666666666667
300,2474,0.3333333333333333
300,2475,0.6333333333333333
300,2476,0.0
300,2477,0.0
300,2478,0.13333333333333333
300,2479,0.0
300,2480,0.06666666666666667
300,2481,0.23333333333333334
300,2482,0.5666666666666667
300,2483,0.43333333333333335
300,2484,0.1
300,2485,0.1
300,2486,0.2
300,2487,0.16666666666666666
300,2488,0.03333333333333333
300,2489,0.03333333333333333
300,2490,0.03333333333333333
300,2491,0.26666666666666666
300,2492,0.0
300,2493,0.23333333333333334
300,2494,0.5666666666666667
300,2495,0.03333333333333333
300,2496,0.16666666666666666
300,2497,0.0
300,2498,0.13333333333333333
300,2499,0.06666666666666667
300,2500,0.16666666666666666
300,2501,0.0
300,2502,0.0
300,2503,0.13333333333333333
300,2504,0.26666666666666666
300,2505,0.13333333333333333
300,2506,0.5666666666666667
300,2507,0.0
300,2508,0.0
300,2509,0.3
300,2510,0.2
300,2511,0.6
300,2512,0.0
300,2513,0.23333333333333334
300,2514,0.3
300,2515,0.1
300,2516,0.43333333333333335
300,2517,0.03333333333333333
300,2518,0.36666666666666664
300,2519,0.43333333333333335
300,2520,0.23333333333333334
300,2521,0.0
300,2522,0.2
300,2523,0.03333333333333333
300,2524,0.16666666666666666
300,2525,0.23333333333333334
300,2526,0.23333333333333334
300,2527,0.0
300,2528,0.4666666666666667
300,2529,0.3333333333333333
300,2530,0.1
300,2531,0.0
300,2532,0.0
300,2533,0.4
300,2534,0.1
300,2535,0.5
300,2536,0.3333333333333333
300,2537,0.2
300,2538,0.0
300,2539,0.06666666666666667
300,2540,0.3
300,2541,0.03333333333333333
300,2542,0.1
300,2543,0.03333333333333333
300,2544,0.06666666666666667
300,2545,0.0
300,2546,0.5333333333333333
300,2547,0.4666666666666667
300,2548,0.0
300,2549,0.3
300,2550,0.13333333333333333
300,2551,0.7
300,2552,0.16666666666666666
300,2553,0.3333333333333333
300,2554,0.4666666666666667
300,2555,0.36666666666666664
300,2556,0.4666666666666667
300,2557,0.0
300,2558,0.6
300,2559,0.5
300,2560,0.03333333333333333
300,2561,0.0
300,2562,0.3
300,2563,0.3
300,2564,0.26666666666666666
300,2565,0.13333333333333333
300,2566,0.16666666666666666
300,2567,0.03333333333333333
300,2568,0.36666666666666664
300,2569,0.03333333333333333
300,2570,0.23333333333333334
300,2571,0.4
300,2572,0.23333333333333334
300,2573,0.06666666666666667
300,2574,0.26666666666666666
300,2575,0.16666666666666666
300,2576,0.6666666666666666
300,2577,0.5666666666666667
300,2578,0.06666666666666667
300,2579,0.3
300,2580,0.4666666666666667
300,2581,0.0
300,2582,0.0
300,2583,0.1
300,2584,0.06666666666666667
300,2585,0.3
300,2586,0.0
300,2587,0.0
300,2588,0.0
300,2589,0.0
300,2590,0.3
300,2591,0.06666666666666667
300,2592,0.16666666666666666
300,2593,0.26666666666666666
300,2594,0.26666666666666666
300,2595,0.03333333333333333
300,2596,0.5
300,2597,0.26666666666666666
300,2598,0.3
300,2599,0.3333333333333333
300,2600,0.0
300,2601,0.0
300,2602,0.36666666666666664
300,2603,0.03333333333333333
300,2604,0.1
300,2605,0.2
300,2606,0.06666666666666667
300,2607,0.0
300,2608,0.26666666666666666
300,2609,0.03333333333333333
300,2610,0.03333333333333333
300,2611,0.13333333333333333
300,2612,0.1
300,2613,0.3333333333333333
300,2614,0.23333333333333334
300,2615,0.06666666666666667
300,2616,0.4666666666666667
300,2617,0.0
300,2618,0.03333333333333333
300,2619,0.03333333333333333
300,2620,0.3333333333333333
300,2621,0.23333333333333334
300,2622,0.03333333333333333
300,2623,0.13333333333333333
300,2624,0.06666666666666667
300,2625,0.4666666666666667
300,2626,0.13333333333333333
300,2627,0.06666666666666667
300,2628,0.0
300,2629,0.0
300,2630,0.0
300,2631,0.4
300,2632,0.16666666666666666
300,2633,0.13333333333333333
300,2634,0.03333333333333333
300,2635,0.1
300,2636,0.36666666666666664
300,2637,0.0
300,2638,0.13333333333333333
300,2639,0.26666666666666666
300,2640,0.1
300,2641,0.4
300,2642,0.1
300,2643,0.3333333333333333
300,2644,0.03333333333333333
300,2645,0.0
300,2646,0.3333333333333333
300,2647,0.0
300,2648,0.3
300,2649,0.13333333333333333
300,2650,0.16666666666666666
300,2651,0.06666666666666667
300,2652,0.7333333333333333
300,2653,0.0
300,2654,0.13333333333333333
300,2655,0.03333333333333333
300,2656,0.06666666666666667
300,2657,0.03333333333333333
300,2658,0.16666666666666666
300,2659,0.0
300,2660,0.26666666666666666
300,2661,0.3333333333333333
300,2662,0.06666666666666667
300,2663,0.36666666666666664
300,2664,0.03333333333333333
300,2665,0.06666666666666667
300,2666,0.1
300,2667,0.1
300,2668,0.03333333333333333
300,2669,0.23333333333333334
300,2670,0.23333333333333334
300,2671,0.06666666666666667
300,2672,0.0
300,2673,0.03333333333333333
300,2674,0.16666666666666666
300,2675,0.0
300,2676,0.4
300,2677,0.2
300,2678,0.5333333333333333
300,2679,0.23333333333333334
300,2680,0.36666666666666664
300,2681,0.1
300,2682,0.4
300,2683,0.4
300,2684,0.3
300,2685,0.1
300,2686,0.0
300,2687,0.0
300,2688,0.03333333333333333
300,2689,0.23333333333333334
300,2690,0.0
300,2691,0.0
300,2692,0.13333333333333333
300,2693,0.0
300,2694,0.0
300,2695,0.1
300,2696,0.2
300,2697,0.0
300,2698,0.23333333333333334
300,2699,0.5666666666666667
300,2700,0.06666666666666667
300,2701,0.6333333333333333
300,2702,0.23333333333333334
300,2703,0.0
300,2704,0.03333333333333333
300,2705,0.2
300,2706,0.4
300,2707,0.0
300,2708,0.23333333333333334
300,2709,0.3
300,2710,0.5
300,2711,0.3333333333333333
300,2712,0.5333333333333333
300,2713,0.4
300,2714,0.0
300,2715,0.5
300,2716,0.0
300,2717,0.03333333333333333
300,2718,0.1
300,2719,0.43333333333333335
300,2720,0.7333333333333333
300,2721,0.1
300,2722,0.0
300,2723,0.0
300,2724,0.5666666666666667
300,2725,0.0
300,2726,0.1
300,2727,0.03333333333333333
300,2728,0.1
300,2729,0.23333333333333334
300,2730,0.2
300,2731,0.1
300,2732,0.13333333333333333
300,2733,0.03333333333333333
300,2734,0.26666666666666666
300,2735,0.03333333333333333
300,2736,0.5333333333333333
300,2737,0.36666666666666664
300,2738,0.13333333333333333
300,2739,0.06666666666666667
300,2740,0.2
300,2741,0.03333333333333333
300,2742,0.0
300,2743,0.0
300,2744,0.1
300,2745,0.3
300,2746,0.5666666666666667
300,2747,0.0
300,2748,0.03333333333333333
300,2749,0.26666666666666666
300,2750,0.13333333333333333
300,2751,0.03333333333333333
300,2752,0.2
300,2753,0.1
300,2754,0.5333333333333333
300,2755,0.06666666666666667
300,2756,0.03333333333333333
300,2757,0.03333333333333333
300,2758,0.0
300,2759,0.13333333333333333
300,2760,0.4
300,2761,0.6333333333333333
300,2762,0.0
300,2763,0.5666666666666667
300,2764,0.5
300,2765,0.0
300,2766,0.16666666666666666
300,2767,0.6666666666666666
300,2768,0.03333333333333333
300,2769,0.03333333333333333
300,2770,0.03333333333333333
300,2771,0.2
300,2772,0.0
300,2773,0.4666666666666667
300,2774,0.0
300,2775,0.23333333333333334
300,2776,0.3333333333333333
300,2777,0.26666666666666666
300,2778,0.26666666666666666
300,2779,0.2
300,2780,0.03333333333333333
300,2781,0.13333333333333333
300,2782,0.0
300,2783,0.36666666666666664
300,2784,0.36666666666666664
300,2785,0.1
300,2786,0.5
300,2787,0.16666666666666666
300,2788,0.0
300,2789,0.5
300,2790,0.3333333333333333
300,2791,0.0
300,2792,0.0
300,2793,0.16666666666666666
300,2794,0.0
300,2795,0.0
300,2796,0.4666666666666667
300,2797,0.03333333333333333
300,2798,0.0
300,2799,0.0
300,2800,0.0
300,2801,0.03333333333333333
300,2802,0.2
300,2803,0.06666666666666667
300,2804,0.0
300,2805,0.23333333333333334
300,2806,0.36666666666666664
300,2807,0.0
300,2808,0.1
300,2809,0.16666666666666666
300,2810,0.6333333333333333
300,2811,0.0
300,2812,0.4
300,2813,0.16666666666666666
300,2814,0.06666666666666667
300,2815,0.26666666666666666
300,2816,0.03333333333333333
300,2817,0.2
300,2818,0.16666666666666666
300,2819,0.06666666666666667
300,2820,0.0
300,2821,0.03333333333333333
300,2822,0.0
300,2823,0.0
300,2824,0.5333333333333333
300,2825,0.36666666666666664
300,2826,0.13333333333333333
300,2827,0.03333333333333333
300,2828,0.2
300,2829,0.1
300,2830,0.2
300,2831,0.03333333333333333
300,2832,0.36666666666666664
300,2833,0.2
300,2834,0.23333333333333334
300,2835,0.03333333333333333
300,2836,0.16666666666666666
300,2837,0.13333333333333333
300,2838,0.0
300,2839,0.5333333333333333
300,2840,0.36666666666666664
300,2841,0.3
300,2842,0.03333333333333333
300,2843,0.43333333333333335
300,2844,0.0
300,2845,0.23333333333333334
300,2846,0.4666666666666667
300,2847,0.13333333333333333
300,2848,0.06666666666666667
300,2849,0.0
300,2850,0.4
300,2851,0.4
300,2852,0.6333333333333333
300,2853,0.0
300,2854,0.0
300,2855,0.03333333333333333
300,2856,0.4666666666666667
300,2857,0.16666666666666666
300,2858,0.7333333333333333
300,2859,0.4666666666666667
300,2860,0.06666666666666667
300,2861,0.03333333333333333
300,2862,0.13333333333333333
300,2863,0.4
300,2864,0.03333333333333333
300,2865,0.0
300,2866,0.0
300,2867,0.26666666666666666
300,2868,0.03333333333333333
300,2869,0.0
300,2870,0.2
300,2871,0.23333333333333334
300,2872,0.0
300,2873,0.2
300,2874,0.13333333333333333
300,2875,0.16666666666666666
300,2876,0.23333333333333334
300,2877,0.6
300,2878,0.03333333333333333
300,2879,0.5333333333333333
300,2880,0.36666666666666664
300,2881,0.5666666666666667
300,2882,0.23333333333333334
300,2883,0.0
300,2884,0.6333333333333333
300,2885,0.3333333333333333
300,2886,0.6666666666666666
300,2887,0.3333333333333333
300,2888,0.06666666666666667
300,2889,0.03333333333333333
300,2890,0.5
300,2891,0.2
300,2892,0.0
300,2893,0.6333333333333333
300,2894,0.03333333333333333
300,2895,0.13333333333333333
300,2896,0.43333333333333335
300,2897,0.06666666666666667
300,2898,0.5333333333333333
300,2899,0.26666666666666666
300,2900,0.1
300,2901,0.26666666666666666
300,2902,0.13333333333333333
300,2903,0.5333333333333333
300,2904,0.3
300,2905,0.5
300,2906,0.2
300,2907,0.26666666666666666
300,2908,0.16666666666666666
300,2909,0.26666666666666666
300,2910,0.0
300,2911,0.0
300,2912,0.1
300,2913,0.03333333333333333
300,2914,0.0
300,2915,0.06666666666666667
300,2916,0.6
300,2917,0.5333333333333333
300,2918,0.26666666666666666
300,2919,0.0
300,2920,0.03333333333333333
300,2921,0.5666666666666667
300,2922,0.06666666666666667
300,2923,0.03333333333333333
300,2924,0.03333333333333333
300,2925,0.2
300,2926,0.7333333333333333
300,2927,0.0
300,2928,0.1
300,2929,0.13333333333333333
300,2930,0.0
300,2931,0.03333333333333333
300,2932,0.03333333333333333
300,2933,0.13333333333333333
300,2934,0.03333333333333333
300,2935,0.1
300,2936,0.03333333333333333
300,2937,0.06666666666666667
300,2938,0.4666666666666667
300,2939,0.06666666666666667
300,2940,0.0
300,2941,0.26666666666666666
300,2942,0.16666666666666666
300,2943,0.1
300,2944,0.43333333333333335
300,2945,0.3333333333333333
300,2946,0.36666666666666664
300,2947,0.5666666666666667
300,2948,0.6666666666666666
300,2949,0.03333333333333333
300,2950,0.4
300,2951,0.4
300,2952,0.16666666666666666
300,2953,0.4
300,2954,0.26666666666666666
300,2955,0.0
300,2956,0.6333333333333333
300,2957,0.1
300,2958,0.0
300,2959,0.6
300,2960,0.4666666666666667
300,2961,0.1
300,2962,0.3333333333333333
300,2963,0.6333333333333333
300,2964,0.06666666666666667
300,2965,0.06666666666666667
300,2966,0.0
300,2967,0.26666666666666666
300,2968,0.0
300,2969,0.0
300,2970,0.06666666666666667
300,2971,0.26666666666666666
300,2972,0.06666666666666667
300,2973,0.0
300,2974,0.0
300,2975,0.1
300,2976,0.03333333333333333
300,2977,0.23333333333333334
300,2978,0.1
300,2979,0.43333333333333335
300,2980,0.3
300,2981,0.4
300,2982,0.0
300,2983,0.23333333333333334
300,2984,0.03333333333333333
300,2985,0.06666666666666667
300,2986,0.0
300,2987,0.0
300,2988,0.3333333333333333
300,2989,0.4666666666666667
300,2990,0.06666666666666667
300,2991,0.1
300,2992,0.0
300,2993,0.06666666666666667
300,2994,0.36666666666666664
300,2995,0.06666666666666667
300,2996,0.03333333333333333
300,2997,0.16666666666666666
300,2998,0.03333333333333333
300,2999,0.0
200,0,0.6
200,1,0.4
200,2,0.0
200,3,0.0
200,4,0.0
200,5,0.0
200,6,0.5333333333333333
200,7,0.4666666666666667
200,8,0.06666666666666667
200,9,0.4666666666666667
200,10,0.0
200,11,0.5333333333333333
200,12,0.13333333333333333
200,13,0.13333333333333333
200,14,0.36666666666666664
200,15,0.1
200,16,0.5
200,17,0.03333333333333333
200,18,0.03333333333333333
200,19,0.0
200,20,0.3333333333333333
200,21,0.26666666666666666
200,22,0.0
200,23,0.1
200,24,0.13333333333333333
200,25,0.13333333333333333
200,26,0.03333333333333333
200,27,0.06666666666666667
200,28,0.0
200,29,0.03333333333333333
200,30,0.0
200,31,0.2
200,32,0.5
200,33,0.03333333333333333
200,34,0.06666666666666667
200,35,0.4666666666666667
200,36,0.1
200,37,0.06666666666666667
200,38,0.43333333333333335
200,39,0.03333333333333333
200,40,0.2
200,41,0.36666666666666664
200,42,0.1
200,43,0.3
200,44,0.4
200,45,0.5666666666666667
200,46,0.13333333333333333
200,47,0.0
200,48,0.3333333333333333
200,49,0.5666666666666667
200,50,0.3333333333333333
200,51,0.13333333333333333
200,52,0.06666666666666667
200,53,0.26666666666666666
200,54,0.13333333333333333
200,55,0.06666666666666667
200,56,0.06666666666666667
200,57,0.03333333333333333
200,58,0.2
200,59,0.0
200,60,0.0
200,61,0.03333333333333333
200,62,0.13333333333333333
200,63,0.36666666666666664
200,64,0.3
200,65,0.4
200,66,0.5333333333333333
200,67,0.26666666666666666
200,68,0.5
200,69,0.03333333333333333
200,70,0.03333333333333333
200,71,0.0
200,72,0.5
200,73,0.1
200,74,0.03333333333333333
200,75,0.03333333333333333
200,76,0.13333333333333333
200,77,0.2
200,78,0.0
200,79,0.0
200,80,0.23333333333333334
200,81,0.03333333333333333
200,82,0.3333333333333333
200,83,0.03333333333333333
200,84,0.06666666666666667
200,85,0.0
200,86,0.26666666666666666
200,87,0.3
200,88,0.4666666666666667
200,89,0.36666666666666664
200,90,0.2
200,91,0.26666666666666666
200,92,0.03333333333333333
200,93,0.0
200,94,0.06666666666666667
200,95,0.5
200,96,0.6666666666666666
200,97,0.6
200,98,0.0
200,99,0.06666666666666667
200,100,0.4
200,101,0.3333333333333333
200,102,0.3
200,103,0.06666666666666667
200,104,0.3333333333333333
200,105,0.06666666666666667
200,106,0.03333333333333333
200,107,0.3333333333333333
200,108,0.4
200,109,0.0
200,110,0.2
200,111,0.4
200,112,0.1
200,113,0.03333333333333333
200,114,0.0
200,115,0.6333333333333333
200,116,0.1
200,117,0.23333333333333334
200,118,0.06666666666666667
200,119,0.7666666666666667
200,120,0.06666666666666667
200,121,0.1
200,122,0.43333333333333335
200,123,0.03333333333333333
200,124,0.0
200,125,0.5
200,126,0.23333333333333334
200,127,0.5
200,128,0.6
200,129,0.7
200,130,0.13333333333333333
200,131,0.4
200,132,0.03333333333333333
200,133,0.5
200,134,0.26666666666666666
200,135,0.3333333333333333
200,136,0.06666666666666667
200,137,0.16666666666666666
200,138,0.13333333333333333
200,139,0.26666666666666666
200,140,0.03333333333333333
200,141,0.0
200,142,0.23333333333333334
200,143,0.2
200,144,0.16666666666666666
200,145,0.13333333333333333
200,146,0.2
200,147,0.3333333333333333
200,148,0.2
200,149,0.0
200,150,0.1
200,151,0.06666666666666667
200,152,0.06666666666666667
200,153,0.1
200,154,0.26666666666666666
200,155,0.5
200,156,0.03333333333333333
200,157,0.1
200,158,0.5
200,159,0.5666666666666667
200,160,0.4666666666666667
200,161,0.16666666666666666
200,162,0.0
200,163,0.2
200,164,0.4
200,165,0.06666666666666667
200,166,0.06666666666666667
200,167,0.5333333333333333
200,168,0.0
200,169,0.23333333333333334
200,170,0.03333333333333333
200,171,0.23333333333333334
200,172,0.2
200,173,0.0
200,174,0.03333333333333333
200,175,0.26666666666666666
200,176,0.0
200,177,0.0
200,178,0.5
200,179,0.23333333333333334
200,180,0.03333333333333333
200,181,0.1
200,182,0.7
200,183,0.0
200,184,0.1
200,185,0.13333333333333333
200,186,0.36666666666666664
200,187,0.13333333333333333
200,188,0.2
200,189,0.5333333333333333
200,190,0.0
200,191,0.1
200,192,0.4
200,193,0.06666666666666667
200,194,0.0
200,195,0.0
200,196,0.0
200,197,0.1
200,198,0.03333333333333333
200,199,0.03333333333333333
200,200,0.03333333333333333
200,201,0.3
200,202,0.03333333333333333
200,203,0.03333333333333333
200,204,0.0
200,205,0.5
200,206,0.0
200,207,0.6666666666666666
200,208,0.23333333333333334
200,209,0.1
200,210,0.1
200,211,0.03333333333333333
200,212,0.6
200,213,0.3333333333333333
200,214,0.4
200,215,0.03333333333333333
200,216,0.0
200,217,0.3333333333333333
200,218,0.5
200,219,0.16666666666666666
200,220,0.16666666666666666
200,221,0.8333333333333334
200,222,0.0
200,223,0.3333333333333333
200,224,0.1
200,225,0.0
200,226,0.03333333333333333
200,227,0.1
200,228,0.43333333333333335
200,229,0.5
200,230,0.36666666666666664
200,231,0.06666666666666667
200,232,0.1
200,233,0.4
200,234,0.06666666666666667
200,235,0.2
200,236,0.5
200,237,0.1
200,238,0.03333333333333333
200,239,0.06666666666666667
200,240,0.0
200,241,0.0
200,242,0.4
200,243,0.6333333333333333
200,244,0.13333333333333333
200,245,0.5
200,246,0.26666666666666666
200,247,0.13333333333333333
200,248,0.13333333333333333
200,249,0.06666666666666667
200,250,0.03333333333333333
200,251,0.06666666666666667
200,252,0.43333333333333335
200,253,0.1
200,254,0.26666666666666666
200,255,0.0
200,256,0.16666666666666666
200,257,0.13333333333333333
200,258,0.06666666666666667
200,259,0.06666666666666667
200,260,0.0
200,261,0.0
200,262,0.06666666666666667
200,263,0.03333333333333333
200,264,0.2
200,265,0.1
200,266,0.0
200,267,0.3333333333333333
200,268,0.36666666666666664
200,269,0.16666666666666666
200,270,0.4
200,271,0.13333333333333333
200,272,0.23333333333333334
200,273,0.03333333333333333
200,274,0.1
200,275,0.0
200,276,0.13333333333333333
200,277,0.3
200,278,0.0
200,279,0.1
200,280,0.13333333333333333
200,281,0.13333333333333333
200,282,0.13333333333333333
200,283,0.03333333333333333
200,284,0.03333333333333333
200,285,0.1
200,286,0.1
200,287,0.06666666666666667
200,288,0.23333333333333334
200,289,0.23333333333333334
200,290,0.1
200,291,0.06666666666666667
200,292,0.06666666666666667
200,293,0.13333333333333333
200,294,0.0
200,295,0.03333333333333333
200,296,0.3
200,297,0.2
200,298,0.16666666666666666
200,299,0.03333333333333333
200,300,0.0
200,301,0.0
200,302,0.0
200,303,0.1
200,304,0.03333333333333333
200,305,0.06666666666666667
200,306,0.4666666666666667
200,307,0.0
200,308,0.36666666666666664
200,309,0.1
200,310,0.3
200,311,0.5
200,312,0.2
200,313,0.8333333333333334
200,314,0.0
200,315,0.7
200,316,0.36666666666666664
200,317,0.03333333333333333
200,318,0.36666666666666664
200,319,0.0
200,320,0.1
200,321,0.1
200,322,0.5333333333333333
200,323,0.0
200,324,0.0
200,325,0.7
200,326,0.0
200,327,0.0
200,328,0.16666666666666666
200,329,0.4666666666666667
200,330,0.0
200,331,0.0
200,332,0.43333333333333335
200,333,0.0
200,334,0.0
200,335,0.16666666666666666
200,336,0.1
200,337,0.5
200,338,0.03333333333333333
200,339,0.2
200,340,0.03333333333333333
200,341,0.6666666666666666
200,342,0.16666666666666666
200,343,0.0
200,344,0.4666666666666667
200,345,0.06666666666666667
200,346,0.03333333333333333
200,347,0.03333333333333333
200,348,0.0
200,349,0.0
200,350,0.03333333333333333
200,351,0.4
200,352,0.0
200,353,0.03333333333333333
200,354,0.5
200,355,0.23333333333333334
200,356,0.06666666666666667
200,357,0.5333333333333333
200,358,0.43333333333333335
200,359,0.4666666666666667
200,360,0.03333333333333333
200,361,0.36666666666666664
200,362,0.03333333333333333
200,363,0.1
200,364,0.13333333333333333
200,365,0.6333333333333333
200,366,0.0
200,367,0.4666666666666667
200,368,0.26666666666666666
200,369,0.13333333333333333
200,370,0.03333333333333333
200,371,0.0
200,372,0.43333333333333335
200,373,0.06666666666666667
200,374,0.16666666666666666
200,375,0.0
200,376,0.0
200,377,0.4
200,378,0.3333333333333333
200,379,0.0
200,380,0.43333333333333335
200,381,0.0
200,382,0.1
200,383,0.06666666666666667
200,384,0.3
200,385,0.06666666666666667
200,386,0.03333333333333333
200,387,0.3
200,388,0.03333333333333333
200,389,0.0
200,390,0.4666666666666667
200,391,0.4
200,392,0.5666666666666667
200,393,0.03333333333333333
200,394,0.03333333333333333
200,395,0.0
200,396,0.0
200,397,0.0
200,398,0.4
200,399,0.0
200,400,0.0
200,401,0.03333333333333333
200,402,0.6
200,403,0.06666666666666667
200,404,0.03333333333333333
200,405,0.1
200,406,0.26666666666666666
200,407,0.0
200,408,0.03333333333333333
200,409,0.1
200,410,0.0
200,411,0.13333333333333333
200,412,0.7666666666666667
200,413,0.36666666666666664
200,414,0.03333333333333333
200,415,0.2
200,416,0.0
200,417,0.0
200,418,0.6
200,419,0.0
200,420,0.03333333333333333
200,421,0.0
200,422,0.0
200,423,0.0
200,424,0.23333333333333334
200,425,0.1
200,426,0.03333333333333333
200,427,0.5
200,428,0.5
200,429,0.2
200,430,0.6666666666666666
200,431,0.1
200,432,0.23333333333333334
200,433,0.0
200,434,0.0
200,435,0.06666666666666667
200,436,0.16666666666666666
200,437,0.0
200,438,0.0
200,439,0.5
200,440,0.3
200,441,0.23333333333333334
200,442,0.03333333333333333
200,443,0.5666666666666667
200,444,0.0
200,445,0.6
200,446,0.0
200,447,0.6666666666666666
200,448,0.13333333333333333
200,449,0.06666666666666667
200,450,0.06666666666666667
200,451,0.6333333333333333
200,452,0.0
200,453,0.16666666666666666
200,454,0.03333333333333333
200,455,0.1
200,456,0.26666666666666666
200,457,0.3333333333333333
200,458,0.03333333333333333
200,459,0.03333333333333333
200,460,0.03333333333333333
200,461,0.0
200,462,0.1
200,463,0.3333333333333333
200,464,0.13333333333333333
200,465,0.0
200,466,0.23333333333333334
200,467,0.06666666666666667
200,468,0.03333333333333333
200,469,0.06666666666666667
200,470,0.0
200,471,0.0
200,472,0.0
200,473,0.0
200,474,0.0
200,475,0.13333333333333333
200,476,0.0
200,477,0.13333333333333333
200,478,0.06666666666666667
200,479,0.36666666666666664
200,480,0.1
200,481,0.06666666666666667
200,482,0.03333333333333333
200,483,0.03333333333333333
200,484,0.0
200,485,0.06666666666666667
200,486,0.1
200,487,0.13333333333333333
200,488,0.8
200,489,0.23333333333333334
200,490,0.26666666666666666
200,491,0.1
200,492,0.5
200,493,0.6
200,494,0.23333333333333334
200,495,0.0
200,496,0.03333333333333333
200,497,0.03333333333333333
200,498,0.03333333333333333
200,499,0.3
200,500,0.06666666666666667
200,501,0.06666666666666667
200,502,0.0
200,503,0.0
200,504,0.03333333333333333
200,505,0.13333333333333333
200,506,0.26666666666666666
200,507,0.0
200,508,0.4
200,509,0.36666666666666664
200,510,0.13333333333333333
200,511,0.4
200,512,0.0
200,513,0.16666666666666666
200,514,0.1
200,515,0.06666666666666667
200,516,0.03333333333333333
200,517,0.26666666666666666
200,518,0.03333333333333333
200,519,0.0
200,520,0.13333333333333333
200,521,0.0
200,522,0.6
200,523,0.7666666666666667
200,524,0.23333333333333334
200,525,0.5
200,526,0.16666666666666666
200,527,0.03333333333333333
200,528,0.6
200,529,0.26666666666666666
200,530,0.23333333333333334
200,531,0.26666666666666666
200,532,0.0
200,533,0.0
200,534,0.6
200,535,0.03333333333333333
200,536,0.6666666666666666
200,537,0.7
200,538,0.2
200,539,0.06666666666666667
200,540,0.43333333333333335
200,541,0.4666666666666667
200,542,0.7333333333333333
200,543,0.26666666666666666
200,544,0.2
200,545,0.1
200,546,0.36666666666666664
200,547,0.2
200,548,0.0
200,549,0.3
200,550,0.6
200,551,0.03333333333333333
200,552,0.26666666666666666
200,553,0.6666666666666666
200,554,0.6
200,555,0.13333333333333333
200,556,0.5
200,557,0.0
200,558,0.26666666666666666
200,559,0.23333333333333334
200,560,0.03333333333333333
200,561,0.5666666666666667
200,562,0.36666666666666664
200,563,0.16666666666666666
200,564,0.4666666666666667
200,565,0.43333333333333335
200,566,0.4
200,567,0.16666666666666666
200,568,0.7333333333333333
200,569,0.03333333333333333
200,570,0.03333333333333333
200,571,0.4
200,572,0.0
200,573,0.06666666666666667
200,574,0.0
200,575,0.6333333333333333
200,576,0.36666666666666664
200,577,0.03333333333333333
200,578,0.2
200,579,0.36666666666666664
200,580,0.26666666666666666
200,581,0.06666666666666667
200,582,0.13333333333333333
200,583,0.7666666666666667
200,584,0.0
200,585,0.5333333333333333
200,586,0.1
200,587,0.1
200,588,0.06666666666666667
200,589,0.03333333333333333
200,590,0.36666666666666664
200,591,0.0
200,592,0.4666666666666667
200,593,0.16666666666666666
200,594,0.0
200,595,0.3333333333333333
200,596,0.03333333333333333
200,597,0.1
200,598,0.03333333333333333
200,599,0.06666666666666667
200,600,0.03333333333333333
200,601,0.06666666666666667
200,602,0.3333333333333333
200,603,0.1
200,604,0.03333333333333333
200,605,0.2
200,606,0.23333333333333334
200,607,0.03333333333333333
200,608,0.16666666666666666
200,609,0.16666666666666666
200,610,0.43333333333333335
200,611,0.0
200,612,0.06666666666666667
200,613,0.5333333333333333
200,614,0.23333333333333334
200,615,0.1
200,616,0.6
200,617,0.06666666666666667
200,618,0.13333333333333333
200,619,0.1
200,620,0.13333333333333333
200,621,0.13333333333333333
200,622,0.6
200,623,0.3333333333333333
200,624,0.5666666666666667
200,625,0.2
200,626,0.13333333333333333
200,627,0.0
200,628,0.4
200,629,0.36666666666666664
200,630,0.06666666666666667
200,631,0.13333333333333333
200,632,0.23333333333333334
200,633,0.03333333333333333
200,634,0.3333333333333333
200,635,0.23333333333333334
200,636,0.0
200,637,0.2
200,638,0.03333333333333333
200,639,0.43333333333333335
200,640,0.03333333333333333
200,641,0.3333333333333333
200,642,0.6
200,643,0.03333333333333333
200,644,0.3333333333333333
200,645,0.13333333333333333
200,646,0.13333333333333333
200,647,0.23333333333333334
200,648,0.03333333333333333
200,649,0.03333333333333333
200,650,0.1
200,651,0.26666666666666666
200,652,0.1
200,653,0.1
200,654,0.2
200,655,0.03333333333333333
200,656,0.13333333333333333
200,657,0.5
200,658,0.1
200,659,0.26666666666666666
200,660,0.03333333333333333
200,661,0.03333333333333333
200,662,0.03333333333333333
200,663,0.03333333333333333
200,664,0.7
200,665,0.06666666666666667
200,666,0.0
200,667,0.03333333333333333
200,668,0.2
200,669,0.1
200,670,0.36666666666666664
200,671,0.03333333333333333
200,672,0.36666666666666664
200,673,0.36666666666666664
200,674,0.06666666666666667
200,675,0.5666666666666667
200,676,0.5333333333333333
200,677,0.3
200,678,0.03333333333333333
200,679,0.5333333333333333
200,680,0.1
200,681,0.0
200,682,0.26666666666666666
200,683,0.26666666666666666
200,684,0.26666666666666666
200,685,0.6333333333333333
200,686,0.16666666666666666
200,687,0.13333333333333333
200,688,0.4666666666666667
200,689,0.16666666666666666
200,690,0.13333333333333333
200,691,0.03333333333333333
200,692,0.3333333333333333
200,693,0.4
200,694,0.0
200,695,0.0
200,696,0.03333333333333333
200,697,0.36666666666666664
200,698,0.0
200,699,0.4666666666666667
200,700,0.5666666666666667
200,701,0.1
200,702,0.26666666666666666
200,703,0.3333333333333333
200,704,0.4666666666666667
200,705,0.0
200,706,0.1
200,707,0.26666666666666666
200,708,0.43333333333333335
200,709,0.06666666666666667
200,710,0.03333333333333333
200,711,0.0
200,712,0.2
200,713,0.7666666666666667
200,714,0.06666666666666667
200,715,0.5666666666666667
200,716,0.1
200,717,0.0
200,718,0.1
200,719,0.2
200,720,0.16666666666666666
200,721,0.4666666666666667
200,722,0.16666666666666666
200,723,0.0
200,724,0.03333333333333333
200,725,0.43333333333333335
200,726,0.36666666666666664
200,727,0.03333333333333333
200,728,0.06666666666666667
200,729,0.5666666666666667
200,730,0.43333333333333335
200,731,0.06666666666666667
200,732,0.0
200,733,0.23333333333333334
200,734,0.0
200,735,0.03333333333333333
200,736,0.13333333333333333
200,737,0.2
200,738,0.03333333333333333
200,739,0.3333333333333333
200,740,0.13333333333333333
200,741,0.26666666666666666
200,742,0.3
200,743,0.23333333333333334
200,744,0.4666666666666667
200,745,0.03333333333333333
200,746,0.16666666666666666
200,747,0.4
200,748,0.5333333333333333
200,749,0.5666666666666667
200,750,0.7
200,751,0.1
200,752,0.43333333333333335
200,753,0.0
200,754,0.5
200,755,0.0
200,756,0.13333333333333333
200,757,0.0
200,758,0.13333333333333333
200,759,0.23333333333333334
200,760,0.5333333333333333
200,761,0.43333333333333335
200,762,0.4
200,763,0.0
200,764,0.3
200,765,0.3
200,766,0.03333333333333333
200,767,0.5
200,768,0.6333333333333333
200,769,0.06666666666666667
200,770,0.06666666666666667
200,771,0.4666666666666667
200,772,0.7333333333333333
200,773,0.0
200,774,0.0
200,775,0.0
200,776,0.5666666666666667
200,777,0.03333333333333333
200,778,0.1
200,779,0.06666666666666667
200,780,0.06666666666666667
200,781,0.03333333333333333
200,782,0.0
200,783,0.0
200,784,0.4666666666666667
200,785,0.06666666666666667
200,786,0.06666666666666667
200,787,0.16666666666666666
200,788,0.06666666666666667
200,789,0.36666666666666664
200,790,0.0
200,791,0.43333333333333335
200,792,0.0
200,793,0.43333333333333335
200,794,0.03333333333333333
200,795,0.03333333333333333
200,796,0.23333333333333334
200,797,0.0
200,798,0.03333333333333333
200,799,0.06666666666666667
200,800,0.36666666666666664
200,801,0.23333333333333334
200,802,0.36666666666666664
200,803,0.13333333333333333
200,804,0.1
200,805,0.06666666666666667
200,806,0.0
200,807,0.0
200,808,0.2
200,809,0.23333333333333334
200,810,0.0
200,811,0.1
200,812,0.1
200,813,0.0
200,814,0.26666666666666666
200,815,0.0
200,816,0.43333333333333335
200,817,0.36666666666666664
200,818,0.43333333333333335
200,819,0.1
200,820,0.1
200,821,0.7666666666666667
200,822,0.0
200,823,0.4666666666666667
200,824,0.5333333333333333
200,825,0.06666666666666667
200,826,0.5
200,827,0.03333333333333333
200,828,0.06666666666666667
200,829,0.6666666666666666
200,830,0.6333333333333333
200,831,0.13333333333333333
200,832,0.06666666666666667
200,833,0.26666666666666666
200,834,0.03333333333333333
200,835,0.2
200,836,0.16666666666666666
200,837,0.0
200,838,0.06666666666666667
200,839,0.03333333333333333
200,840,0.1
200,841,0.06666666666666667
200,842,0.2
200,843,0.6333333333333333
200,844,0.0
200,845,0.0
200,846,0.6666666666666666
200,847,0.4
200,848,0.0
200,849,0.1
200,850,0.6
200,851,0.7333333333333333
200,852,0.13333333333333333
200,853,0.36666666666666664
200,854,0.03333333333333333
200,855,0.6
200,856,0.4
200,857,0.0
200,858,0.0
200,859,0.03333333333333333
200,860,0.13333333333333333
200,861,0.06666666666666667
200,862,0.4666666666666667
200,863,0.0
200,864,0.4
200,865,0.6666666666666666
200,866,0.5333333333333333
200,867,0.03333333333333333
200,868,0.3
200,869,0.0
200,870,0.26666666666666666
200,871,0.0
200,872,0.13333333333333333
200,873,0.5
200,874,0.13333333333333333
200,875,0.5333333333333333
200,876,0.03333333333333333
200,877,0.1
200,878,0.5
200,879,0.5666666666666667
200,880,0.23333333333333334
200,881,0.06666666666666667
200,882,0.0
200,883,0.5
200,884,0.3
200,885,0.03333333333333333
200,886,0.4
200,887,0.2
200,888,0.23333333333333334
200,889,0.23333333333333334
200,890,0.03333333333333333
200,891,0.0
200,892,0.4
200,893,0.0
200,894,0.16666666666666666
200,895,0.03333333333333333
200,896,0.6
200,897,0.1
200,898,0.0
200,899,0.0
200,900,0.1
200,901,0.23333333333333334
200,902,0.03333333333333333
200,903,0.4
200,904,0.0
200,905,0.0
200,906,0.23333333333333334
200,907,0.06666666666666667
200,908,0.03333333333333333
200,909,0.6666666666666666
200,910,0.1
200,911,0.2
200,912,0.03333333333333333
200,913,0.26666666666666666
200,914,0.1
200,915,0.23333333333333334
200,916,0.0
200,917,0.0
200,918,0.26666666666666666
200,919,0.13333333333333333
200,920,0.0
200,921,0.36666666666666664
200,922,0.1
200,923,0.26666666666666666
200,924,0.3333333333333333
200,925,0.4
200,926,0.03333333333333333
200,927,0.3333333333333333
200,928,0.06666666666666667
200,929,0.03333333333333333
200,930,0.03333333333333333
200,931,0.2
200,932,0.23333333333333334
200,933,0.0
200,934,0.03333333333333333
200,935,0.2
200,936,0.1
200,937,0.0
200,938,0.0
200,939,0.1
200,940,0.16666666666666666
200,941,0.36666666666666664
200,942,0.1
200,943,0.06666666666666667
200,944,0.2
200,945,0.06666666666666667
200,946,0.4
200,947,0.3333333333333333
200,948,0.4
200,949,0.2
200,950,0.26666666666666666
200,951,0.06666666666666667
200,952,0.36666666666666664
200,953,0.06666666666666667
200,954,0.43333333333333335
200,955,0.06666666666666667
200,956,0.06666666666666667
200,957,0.3333333333333333
200,958,0.36666666666666664
200,959,0.2
200,960,0.03333333333333333
200,961,0.3333333333333333
200,962,0.43333333333333335
200,963,0.03333333333333333
200,964,0.06666666666666667
200,965,0.13333333333333333
200,966,0.1
200,967,0.2
200,968,0.0
200,969,0.03333333333333333
200,970,0.6333333333333333
200,971,0.2
200,972,0.13333333333333333
200,973,0.6
200,974,0.26666666666666666
200,975,0.0
200,976,0.5
200,977,0.3
200,978,0.03333333333333333
200,979,0.0
200,980,0.03333333333333333
200,981,0.0
200,982,0.16666666666666666
200,983,0.4
200,984,0.16666666666666666
200,985,0.0
200,986,0.2
200,987,0.6
200,988,0.06666666666666667
200,989,0.23333333333333334
200,990,0.13333333333333333
200,991,0.1
200,992,0.1
200,993,0.13333333333333333
200,994,0.0
200,995,0.36666666666666664
200,996,0.23333333333333334
200,997,0.6333333333333333
200,998,0.8666666666666667
200,999,0.06666666666666667
200,1000,0.06666666666666667
200,1001,0.06666666666666667
200,1002,0.16666666666666666
200,1003,0.26666666666666666
200,1004,0.4
200,1005,0.9666666666666667
200,1006,0.06666666666666667
200,1007,0.13333333333333333
200,1008,0.0
200,1009,0.5333333333333333
200,1010,0.0
200,1011,0.6
200,1012,0.13333333333333333
200,1013,0.03333333333333333
200,1014,0.5
200,1015,0.4
200,1016,0.0
200,1017,0.13333333333333333
200,1018,0.6
200,1019,0.5
200,1020,0.5666666666666667
200,1021,0.0
200,1022,0.0
200,1023,0.1
200,1024,0.06666666666666667
200,1025,0.13333333333333333
200,1026,0.36666666666666664
200,1027,0.13333333333333333
200,1028,0.03333333333333333
200,1029,0.4
200,1030,0.0
200,1031,0.0
200,1032,0.26666666666666666
200,1033,0.03333333333333333
200,1034,0.2
200,1035,0.0
200,1036,0.03333333333333333
200,1037,0.5333333333333333
200,1038,0.2
200,1039,0.5
200,1040,0.5333333333333333
200,1041,0.0
200,1042,0.0
200,1043,0.0
200,1044,0.0
200,1045,0.0
200,1046,0.0
200,1047,0.16666666666666666
200,1048,0.0
200,1049,0.0
200,1050,0.6666666666666666
200,1051,0.0
200,1052,0.16666666666666666
200,1053,0.5
200,1054,0.1
200,1055,0.0
200,1056,0.06666666666666667
200,1057,0.0
200,1058,0.03333333333333333
200,1059,0.0
200,1060,0.16666666666666666
200,1061,0.03333333333333333
200,1062,0.03333333333333333
200,1063,0.6666666666666666
200,1064,0.6666666666666666
200,1065,0.1
200,1066,0.06666666666666667
200,1067,0.7
200,1068,0.06666666666666667
200,1069,0.4
200,1070,0.23333333333333334
200,1071,0.06666666666666667
200,1072,0.6333333333333333
200,1073,0.16666666666666666
200,1074,0.13333333333333333
200,1075,0.23333333333333334
200,1076,0.5
200,1077,0.23333333333333334
200,1078,0.06666666666666667
200,1079,0.06666666666666667
200,1080,0.13333333333333333
200,1081,0.8
200,1082,0.16666666666666666
200,1083,0.6333333333333333
200,1084,0.0
200,1085,0.5333333333333333
200,1086,0.16666666666666666
200,1087,0.06666666666666667
200,1088,0.5666666666666667
200,1089,0.6
200,1090,0.0
200,1091,0.1
200,1092,0.03333333333333333
200,1093,0.3333333333333333
200,1094,0.0
200,1095,0.16666666666666666
200,1096,0.6
200,1097,0.4
200,1098,0.13333333333333333
200,1099,0.03333333333333333
200,1100,0.6
200,1101,0.16666666666666666
200,1102,0.0
200,1103,0.4
200,1104,0.03333333333333333
200,1105,0.0
200,1106,0.03333333333333333
200,1107,0.23333333333333334
200,1108,0.06666666666666667
200,1109,0.3
200,1110,0.03333333333333333
200,1111,0.0
200,1112,0.0
200,1113,0.5666666666666667
200,1114,0.06666666666666667
200,1115,0.0
200,1116,0.03333333333333333
200,1117,0.23333333333333334
200,1118,0.2
200,1119,0.03333333333333333
200,1120,0.06666666666666667
200,1121,0.1
200,1122,0.1
200,1123,0.13333333333333333
200,1124,0.3
200,1125,0.03333333333333333
200,1126,0.13333333333333333
200,1127,0.2
200,1128,0.6
200,1129,0.06666666666666667
200,1130,0.06666666666666667
200,1131,0.06666666666666667
200,1132,0.5666666666666667
200,1133,0.5666666666666667
200,1134,0.1
200,1135,0.06666666666666667
200,1136,0.43333333333333335
200,1137,0.43333333333333335
200,1138,0.6333333333333333
200,1139,0.1
200,1140,0.13333333333333333
200,1141,0.06666666666666667
200,1142,0.03333333333333333
200,1143,0.2
200,1144,0.0
200,1145,0.2
200,1146,0.5333333333333333
200,1147,0.0
200,1148,0.3333333333333333
200,1149,0.13333333333333333
200,1150,0.13333333333333333
200,1151,0.03333333333333333
200,1152,0.13333333333333333
200,1153,0.03333333333333333
200,1154,0.23333333333333334
200,1155,0.13333333333333333
200,1156,0.03333333333333333
200,1157,0.2
200,1158,0.26666666666666666
200,1159,0.06666666666666667
200,1160,0.0
200,1161,0.36666666666666664
200,1162,0.43333333333333335
200,1163,0.03333333333333333
200,1164,0.2
200,1165,0.03333333333333333
200,1166,0.03333333333333333
200,1167,0.06666666666666667
200,1168,0.13333333333333333
200,1169,0.36666666666666664
200,1170,0.1
200,1171,0.1
200,1172,0.3
200,1173,0.26666666666666666
200,1174,0.16666666666666666
200,1175,0.23333333333333334
200,1176,0.03333333333333333
200,1177,0.4
200,1178,0.06666666666666667
200,1179,0.03333333333333333
200,1180,0.03333333333333333
200,1181,0.3
200,1182,0.3333333333333333
200,1183,0.13333333333333333
200,1184,0.0
200,1185,0.23333333333333334
200,1186,0.06666666666666667
200,1187,0.36666666666666664
200,1188,0.0
200,1189,0.1
200,1190,0.0
200,1191,0.03333333333333333
200,1192,0.06666666666666667
200,1193,0.16666666666666666
200,1194,0.03333333333333333
200,1195,0.26666666666666666
200,1196,0.03333333333333333
200,1197,0.4
200,1198,0.13333333333333333
200,1199,0.26666666666666666
200,1200,0.16666666666666666
200,1201,0.03333333333333333
200,1202,0.03333333333333333
200,1203,0.6666666666666666
200,1204,0.13333333333333333
200,1205,0.16666666666666666
200,1206,0.9
200,1207,0.3333333333333333
200,1208,0.03333333333333333
200,1209,0.23333333333333334
200,1210,0.13333333333333333
200,1211,0.0
200,1212,0.1
200,1213,0.1
200,1214,0.6333333333333333
200,1215,0.1
200,1216,0.3
200,1217,0.6
200,1218,0.3
200,1219,0.13333333333333333
200,1220,0.06666666666666667
200,1221,0.13333333333333333
200,1222,0.36666666666666664
200,1223,0.03333333333333333
200,1224,0.6
200,1225,0.03333333333333333
200,1226,0.06666666666666667
200,1227,0.1
200,1228,0.1
200,1229,0.06666666666666667
200,1230,0.1
200,1231,0.06666666666666667
200,1232,0.23333333333333334
200,1233,0.06666666666666667
200,1234,0.03333333333333333
200,1235,0.36666666666666664
200,1236,0.06666666666666667
200,1237,0.36666666666666664
200,1238,0.26666666666666666
200,1239,0.7
200,1240,0.03333333333333333
200,1241,0.3
200,1242,0.4666666666666667
200,1243,0.3333333333333333
200,1244,0.1
200,1245,0.0
200,1246,0.36666666666666664
200,1247,0.06666666666666667
200,1248,0.13333333333333333
200,1249,0.4
200,1250,0.1
200,1251,0.06666666666666667
200,1252,0.4
200,1253,0.6666666666666666
200,1254,0.43333333333333335
200,1255,0.0
200,1256,0.7
200,1257,0.5
200,1258,0.06666666666666667
200,1259,0.0
200,1260,0.1
200,1261,0.03333333333333333
200,1262,0.0
200,1263,0.06666666666666667
200,1264,0.26666666666666666
200,1265,0.06666666666666667
200,1266,0.4
200,1267,0.0
200,1268,0.26666666666666666
200,1269,0.0
200,1270,0.5333333333333333
200,1271,0.1
200,1272,0.0
200,1273,0.23333333333333334
200,1274,0.03333333333333333
200,1275,0.5
200,1276,0.03333333333333333
200,1277,0.36666666666666664
200,1278,0.03333333333333333
200,1279,0.0
200,1280,0.16666666666666666
200,1281,0.03333333333333333
200,1282,0.0
200,1283,0.06666666666666667
200,1284,0.1
200,1285,0.23333333333333334
200,1286,0.03333333333333333
200,1287,0.1
200,1288,0.1
200,1289,0.5666666666666667
200,1290,0.03333333333333333
200,1291,0.03333333333333333
200,1292,0.6666666666666666
200,1293,0.1
200,1294,0.0
200,1295,0.6333333333333333
200,1296,0.5
200,1297,0.26666666666666666
200,1298,0.06666666666666667
200,1299,0.26666666666666666
200,1300,0.6666666666666666
200,1301,0.16666666666666666
200,1302,0.03333333333333333
200,1303,0.03333333333333333
200,1304,0.13333333333333333
200,1305,0.43333333333333335
200,1306,0.43333333333333335
200,1307,0.06666666666666667
200,1308,0.0
200,1309,0.26666666666666666
200,1310,0.13333333333333333
200,1311,0.2
200,1312,0.1
200,1313,0.2
200,1314,0.1
200,1315,0.16666666666666666
200,1316,0.06666666666666667
200,1317,0.0
200,1318,0.3
200,1319,0.5666666666666667
200,1320,0.03333333333333333
200,1321,0.1
200,1322,0.06666666666666667
200,1323,0.36666666666666664
200,1324,0.0
200,1325,0.23333333333333334
200,1326,0.13333333333333333
200,1327,0.3
200,1328,0.7333333333333333
200,1329,0.0
200,1330,0.03333333333333333
200,1331,0.1
200,1332,0.3
200,1333,0.0
200,1334,0.03333333333333333
200,1335,0.06666666666666667
200,1336,0.06666666666666667
200,1337,0.06666666666666667
200,1338,0.6333333333333333
200,1339,0.0
200,1340,0.03333333333333333
200,1341,0.0
200,1342,0.16666666666666666
200,1343,0.06666666666666667
200,1344,0.0
200,1345,0.03333333333333333
200,1346,0.1
200,1347,0.13333333333333333
200,1348,0.23333333333333334
200,1349,0.03333333333333333
200,1350,0.2
200,1351,0.03333333333333333
200,1352,0.03333333333333333
200,1353,0.0
200,1354,0.0
200,1355,0.2
200,1356,0.36666666666666664
200,1357,0.23333333333333334
200,1358,0.2
200,1359,0.0
200,1360,0.03333333333333333
200,1361,0.0
200,1362,0.2
200,1363,0.26666666666666666
200,1364,0.36666666666666664
200,1365,0.03333333333333333
200,1366,0.13333333333333333
200,1367,0.06666666666666667
200,1368,0.03333333333333333
200,1369,0.03333333333333333
200,1370,0.03333333333333333
200,1371,0.6666666666666666
200,1372,0.16666666666666666
200,1373,0.03333333333333333
200,1374,0.13333333333333333
200,1375,0.06666666666666667
200,1376,0.4666666666666667
200,1377,0.0
200,1378,0.0
200,1379,0.1
200,1380,0.0
200,1381,0.1
200,1382,0.4
200,1383,0.0
200,1384,0.4666666666666667
200,1385,0.23333333333333334
200,1386,0.4666666666666667
200,1387,0.03333333333333333
200,1388,0.5666666666666667
200,1389,0.03333333333333333
200,1390,0.0
200,1391,0.0
200,1392,0.16666666666666666
200,1393,0.0
200,1394,0.03333333333333333
200,1395,0.1
200,1396,0.26666666666666666
200,1397,0.43333333333333335
200,1398,0.16666666666666666
200,1399,0.03333333333333333
200,1400,0.6
200,1401,0.26666666666666666
200,1402,0.3
200,1403,0.3333333333333333
200,1404,0.03333333333333333
200,1405,0.13333333333333333
200,1406,0.0
200,1407,0.1
200,1408,0.06666666666666667
200,1409,0.5333333333333333
200,1410,0.23333333333333334
200,1411,0.06666666666666667
200,1412,0.23333333333333334
200,1413,0.5
200,1414,0.0
200,1415,0.0
200,1416,0.0
200,1417,0.4
200,1418,0.1
200,1419,0.1
200,1420,0.0
200,1421,0.03333333333333333
200,1422,0.7333333333333333
200,1423,0.0
200,1424,0.03333333333333333
200,1425,0.6333333333333333
200,1426,0.03333333333333333
200,1427,0.0
200,1428,0.5
200,1429,0.2
200,1430,0.13333333333333333
200,1431,0.0
200,1432,0.16666666666666666
200,1433,0.26666666666666666
200,1434,0.03333333333333333
200,1435,0.0
200,1436,0.13333333333333333
200,1437,0.06666666666666667
200,1438,0.06666666666666667
200,1439,0.06666666666666667
200,1440,0.3333333333333333
200,1441,0.16666666666666666
200,1442,0.13333333333333333
200,1443,0.1
200,1444,0.03333333333333333
200,1445,0.13333333333333333
200,1446,0.06666666666666667
200,1447,0.3333333333333333
200,1448,0.03333333333333333
200,1449,0.0
200,1450,0.7
200,1451,0.4666666666666667
200,1452,0.5666666666666667
200,1453,0.5666666666666667
200,1454,0.0
200,1455,0.03333333333333333
200,1456,0.13333333333333333
200,1457,0.4
200,1458,0.13333333333333333
200,1459,0.6333333333333333
200,1460,0.06666666666666667
200,1461,0.03333333333333333
200,1462,0.1
200,1463,0.23333333333333334
200,1464,0.03333333333333333
200,1465,0.13333333333333333
200,1466,0.1
200,1467,0.06666666666666667
200,1468,0.06666666666666667
200,1469,0.43333333333333335
200,1470,0.4
200,1471,0.0
200,1472,0.4666666666666667
200,1473,0.06666666666666667
200,1474,0.06666666666666667
200,1475,0.0
200,1476,0.1
200,1477,0.5666666666666667
200,1478,0.2
200,1479,0.0
200,1480,0.2
200,1481,0.06666666666666667
200,1482,0.0
200,1483,0.03333333333333333
200,1484,0.36666666666666664
200,1485,0.06666666666666667
200,1486,0.0
200,1487,0.2
200,1488,0.4666666666666667
200,1489,0.03333333333333333
200,1490,0.0
200,1491,0.16666666666666666
200,1492,0.4
200,1493,0.6
200,1494,0.06666666666666667
200,1495,0.13333333333333333
200,1496,0.06666666666666667
200,1497,0.0
200,1498,0.23333333333333334
200,1499,0.6
200,1500,0.06666666666666667
200,1501,0.03333333333333333
200,1502,0.06666666666666667
200,1503,0.1
200,1504,0.0
200,1505,0.26666666666666666
200,1506,0.03333333333333333
200,1507,0.06666666666666667
200,1508,0.3333333333333333
200,1509,0.16666666666666666
200,1510,0.3
200,1511,0.03333333333333333
200,1512,0.6666666666666666
200,1513,0.23333333333333334
200,1514,0.1
200,1515,0.4666666666666667
200,1516,0.3333333333333333
200,1517,0.0
200,1518,0.26666666666666666
200,1519,0.3
200,1520,0.2
200,1521,0.36666666666666664
200,1522,0.1
200,1523,0.13333333333333333
200,1524,0.06666666666666667
200,1525,0.6666666666666666
200,1526,0.03333333333333333
200,1527,0.06666666666666667
200,1528,0.3333333333333333
200,1529,0.3333333333333333
200,1530,0.0
200,1531,0.6
200,1532,0.0
200,1533,0.06666666666666667
200,1534,0.1
200,1535,0.23333333333333334
200,1536,0.0
200,1537,0.06666666666666667
200,1538,0.4
200,1539,0.0
200,1540,0.03333333333333333
200,1541,0.16666666666666666
200,1542,0.06666666666666667
200,1543,0.0
200,1544,0.03333333333333333
200,1545,0.16666666666666666
200,1546,0.6333333333333333
200,1547,0.1
200,1548,0.2
200,1549,0.3
200,1550,0.3
200,1551,0.0
200,1552,0.3
200,1553,0.06666666666666667
200,1554,0.4
200,1555,0.1
200,1556,0.26666666666666666
200,1557,0.23333333333333334
200,1558,0.9333333333333333
200,1559,0.5333333333333333
200,1560,0.5
200,1561,0.13333333333333333
200,1562,0.13333333333333333
200,1563,0.03333333333333333
200,1564,0.3333333333333333
200,1565,0.03333333333333333
200,1566,0.03333333333333333
200,1567,0.16666666666666666
200,1568,0.06666666666666667
200,1569,0.0
200,1570,0.0
200,1571,0.3
200,1572,0.06666666666666667
200,1573,0.5
200,1574,0.13333333333333333
200,1575,0.1
200,1576,0.03333333333333333
200,1577,0.0
200,1578,0.2
200,1579,0.8
200,1580,0.13333333333333333
200,1581,0.2
200,1582,0.06666666666666667
200,1583,0.0
200,1584,0.23333333333333334
200,1585,0.43333333333333335
200,1586,0.03333333333333333
200,1587,0.36666666666666664
200,1588,0.1
200,1589,0.13333333333333333
200,1590,0.06666666666666667
200,1591,0.03333333333333333
200,1592,0.0
200,1593,0.3
200,1594,0.1
200,1595,0.13333333333333333
200,1596,0.5666666666666667
200,1597,0.4
200,1598,0.5
200,1599,0.03333333333333333
200,1600,0.06666666666666667
200,1601,0.03333333333333333
200,1602,0.03333333333333333
200,1603,0.5666666666666667
200,1604,0.0
200,1605,0.06666666666666667
200,1606,0.26666666666666666
200,1607,0.23333333333333334
200,1608,0.6
200,1609,0.06666666666666667
200,1610,0.1
200,1611,0.3333333333333333
200,1612,0.06666666666666667
200,1613,0.43333333333333335
200,1614,0.36666666666666664
200,1615,0.0
200,1616,0.0
200,1617,0.13333333333333333
200,1618,0.1
200,1619,0.3
200,1620,0.26666666666666666
200,1621,0.16666666666666666
200,1622,0.03333333333333333
200,1623,0.3333333333333333
200,1624,0.03333333333333333
200,1625,0.03333333333333333
200,1626,0.4
200,1627,0.13333333333333333
200,1628,0.5
200,1629,0.03333333333333333
200,1630,0.2
200,1631,0.0
200,1632,0.26666666666666666
200,1633,0.6333333333333333
200,1634,0.03333333333333333
200,1635,0.13333333333333333
200,1636,0.36666666666666664
200,1637,0.23333333333333334
200,1638,0.0
200,1639,0.0
200,1640,0.36666666666666664
200,1641,0.03333333333333333
200,1642,0.1
200,1643,0.1
200,1644,0.03333333333333333
200,1645,0.0
200,1646,0.06666666666666667
200,1647,0.36666666666666664
200,1648,0.23333333333333334
200,1649,0.5
200,1650,0.3
200,1651,0.0
200,1652,0.13333333333333333
200,1653,0.4
200,1654,0.0
200,1655,0.1
200,1656,0.06666666666666667
200,1657,0.03333333333333333
200,1658,0.23333333333333334
200,1659,0.4
200,1660,0.0
200,1661,0.7
200,1662,0.03333333333333333
200,1663,0.36666666666666664
200,1664,0.13333333333333333
200,1665,0.6
200,1666,0.0
200,1667,0.03333333333333333
200,1668,0.06666666666666667
200,1669,0.06666666666666667
200,1670,0.7
200,1671,0.7333333333333333
200,1672,0.0
200,1673,0.1
200,1674,0.03333333333333333
200,1675,0.16666666666666666
200,1676,0.0
200,1677,0.0
200,1678,0.1
200,1679,0.3
200,1680,0.06666666666666667
200,1681,0.13333333333333333
200,1682,0.3
200,1683,0.13333333333333333
200,1684,0.0
200,1685,0.4
200,1686,0.2
200,1687,0.5
200,1688,0.26666666666666666
200,1689,0.03333333333333333
200,1690,0.23333333333333334
200,1691,0.0
200,1692,0.03333333333333333
200,1693,0.2
200,1694,0.13333333333333333
200,1695,0.0
200,1696,0.06666666666666667
200,1697,0.0
200,1698,0.3
200,1699,0.16666666666666666
200,1700,0.0
200,1701,0.06666666666666667
200,1702,0.6
200,1703,0.1
200,1704,0.0
200,1705,0.16666666666666666
200,1706,0.5666666666666667
200,1707,0.1
200,1708,0.3333333333333333
200,1709,0.26666666666666666
200,1710,0.03333333333333333
200,1711,0.13333333333333333
200,1712,0.1
200,1713,0.13333333333333333
200,1714,0.1
200,1715,0.4
200,1716,0.4
200,1717,0.06666666666666667
200,1718,0.0
200,1719,0.5666666666666667
200,1720,0.0
200,1721,0.0
200,1722,0.16666666666666666
200,1723,0.43333333333333335
200,1724,0.3
200,1725,0.43333333333333335
200,1726,0.0
200,1727,0.0
200,1728,0.4666666666666667
200,1729,0.7
200,1730,0.36666666666666664
200,1731,0.3
200,1732,0.0
200,1733,0.0
200,1734,0.13333333333333333
200,1735,0.5
200,1736,0.43333333333333335
200,1737,0.03333333333333333
200,1738,0.7333333333333333
200,1739,0.03333333333333333
200,1740,0.4
200,1741,0.06666666666666667
200,1742,0.13333333333333333
200,1743,0.4666666666666667
200,1744,0.1
200,1745,0.1
200,1746,0.06666666666666667
200,1747,0.06666666666666667
200,1748,0.5666666666666667
200,1749,0.13333333333333333
200,1750,0.03333333333333333
200,1751,0.3
200,1752,0.1
200,1753,0.03333333333333333
200,1754,0.36666666666666664
200,1755,0.0
200,1756,0.2
200,1757,0.23333333333333334
200,1758,0.0
200,1759,0.06666666666666667
200,1760,0.1
200,1761,0.4
200,1762,0.5
200,1763,0.3333333333333333
200,1764,0.16666666666666666
200,1765,0.06666666666666667
200,1766,0.23333333333333334
200,1767,0.13333333333333333
200,1768,0.26666666666666666
200,1769,0.5333333333333333
200,1770,0.0
200,1771,0.03333333333333333
200,1772,0.7
200,1773,0.6
200,1774,0.4
200,1775,0.43333333333333335
200,1776,0.36666666666666664
200,1777,0.1
200,1778,0.06666666666666667
200,1779,0.5666666666666667
200,1780,0.16666666666666666
200,1781,0.13333333333333333
200,1782,0.4666666666666667
200,1783,0.0
200,1784,0.0
200,1785,0.7333333333333333
200,1786,0.03333333333333333
200,1787,0.36666666666666664
200,1788,0.36666666666666664
200,1789,0.36666666666666664
200,1790,0.03333333333333333
200,1791,0.16666666666666666
200,1792,0.3
200,1793,0.23333333333333334
200,1794,0.1
200,1795,0.06666666666666667
200,1796,0.36666666666666664
200,1797,0.1
200,1798,0.03333333333333333
200,1799,0.1
200,1800,0.0
200,1801,0.0
200,1802,0.0
200,1803,0.1
200,1804,0.43333333333333335
200,1805,0.4
200,1806,0.06666666666666667
200,1807,0.5
200,1808,0.36666666666666664
200,1809,0.06666666666666667
200,1810,0.1
200,1811,0.26666666666666666
200,1812,0.7666666666666667
200,1813,0.06666666666666667
200,1814,0.23333333333333334
200,1815,0.1
200,1816,0.06666666666666667
200,1817,0.16666666666666666
200,1818,0.5
200,1819,0.0
200,1820,0.4666666666666667
200,1821,0.23333333333333334
200,1822,0.4666666666666667
200,1823,0.6666666666666666
200,1824,0.26666666666666666
200,1825,0.13333333333333333
200,1826,0.16666666666666666
200,1827,0.16666666666666666
200,1828,0.43333333333333335
200,1829,0.3333333333333333
200,1830,0.0
200,1831,0.5
200,1832,0.2
200,1833,0.06666666666666667
200,1834,0.0
200,1835,0.03333333333333333
200,1836,0.6333333333333333
200,1837,0.1
200,1838,0.16666666666666666
200,1839,0.06666666666666667
200,1840,0.4666666666666667
200,1841,0.2
200,1842,0.2
200,1843,0.43333333333333335
200,1844,0.13333333333333333
200,1845,0.16666666666666666
200,1846,0.23333333333333334
200,1847,0.0
200,1848,0.06666666666666667
200,1849,0.26666666666666666
200,1850,0.26666666666666666
200,1851,0.03333333333333333
200,1852,0.06666666666666667
200,1853,0.0
200,1854,0.03333333333333333
200,1855,0.03333333333333333
200,1856,0.03333333333333333
200,1857,0.1
200,1858,0.0
200,1859,0.13333333333333333
200,1860,0.06666666666666667
200,1861,0.36666666666666664
200,1862,0.5666666666666667
200,1863,0.4666666666666667
200,1864,0.06666666666666667
200,1865,0.3333333333333333
200,1866,0.13333333333333333
200,1867,0.5333333333333333
200,1868,0.03333333333333333
200,1869,0.5333333333333333
200,1870,0.0
200,1871,0.26666666666666666
200,1872,0.36666666666666664
200,1873,0.26666666666666666
200,1874,0.1
200,1875,0.4
200,1876,0.03333333333333333
200,1877,0.06666666666666667
200,1878,0.5
200,1879,0.23333333333333334
200,1880,0.16666666666666666
200,1881,0.06666666666666667
200,1882,0.16666666666666666
200,1883,0.03333333333333333
200,1884,0.23333333333333334
200,1885,0.03333333333333333
200,1886,0.1
200,1887,0.03333333333333333
200,1888,0.0
200,1889,0.03333333333333333
200,1890,0.0
200,1891,0.23333333333333334
200,1892,0.2
200,1893,0.03333333333333333
200,1894,0.06666666666666667
200,1895,0.1
200,1896,0.0
200,1897,0.06666666666666667
200,1898,0.4666666666666667
200,1899,0.03333333333333333
200,1900,0.36666666666666664
200,1901,0.0
200,1902,0.3333333333333333
200,1903,0.03333333333333333
200,1904,0.0
200,1905,0.1
200,1906,0.0
200,1907,0.03333333333333333
200,1908,0.0
200,1909,0.2
200,1910,0.4666666666666667
200,1911,0.8333333333333334
200,1912,0.03333333333333333
200,1913,0.06666666666666667
200,1914,0.2
200,1915,0.0
200,1916,0.3333333333333333
200,1917,0.16666666666666666
200,1918,0.1
200,1919,0.03333333333333333
200,1920,0.0
200,1921,0.3
200,1922,0.6666666666666666
200,1923,0.6666666666666666
200,1924,0.3
200,1925,0.5
200,1926,0.43333333333333335
200,1927,0.4
200,1928,0.06666666666666667
200,1929,0.03333333333333333
200,1930,0.4666666666666667
200,1931,0.3
200,1932,0.13333333333333333
200,1933,0.06666666666666667
200,1934,0.03333333333333333
200,1935,0.1
200,1936,0.1
200,1937,0.0
200,1938,0.03333333333333333
200,1939,0.8333333333333334
200,1940,0.5
200,1941,0.06666666666666667
200,1942,0.0
200,1943,0.13333333333333333
200,1944,0.1
200,1945,0.1
200,1946,0.7
200,1947,0.23333333333333334
200,1948,0.6
200,1949,0.0
200,1950,0.5333333333333333
200,1951,0.3333333333333333
200,1952,0.4666666666666667
200,1953,0.23333333333333334
200,1954,0.5
200,1955,0.36666666666666664
200,1956,0.0
200,1957,0.13333333333333333
200,1958,0.03333333333333333
200,1959,0.7666666666666667
200,1960,0.0
200,1961,0.4666666666666667
200,1962,0.06666666666666667
200,1963,0.03333333333333333
200,1964,0.3333333333333333
200,1965,0.16666666666666666
200,1966,0.26666666666666666
200,1967,0.5333333333333333
200,1968,0.43333333333333335
200,1969,0.1
200,1970,0.36666666666666664
200,1971,0.6
200,1972,0.3
200,1973,0.06666666666666667
200,1974,0.03333333333333333
200,1975,0.3333333333333333
200,1976,0.03333333333333333
200,1977,0.0
200,1978,0.16666666666666666
200,1979,0.6666666666666666
200,1980,0.03333333333333333
200,1981,0.0
200,1982,0.5
200,1983,0.3333333333333333
200,1984,0.2
200,1985,0.0
200,1986,0.03333333333333333
200,1987,0.0
200,1988,0.03333333333333333
200,1989,0.03333333333333333
200,1990,0.4666666666666667
200,1991,0.16666666666666666
200,1992,0.0
200,1993,0.6333333333333333
200,1994,0.36666666666666664
200,1995,0.0
200,1996,0.03333333333333333
200,1997,0.2
200,1998,0.13333333333333333
200,1999,0.0
200,2000,0.6333333333333333
200,2001,0.5666666666666667
200,2002,0.03333333333333333
200,2003,0.03333333333333333
200,2004,0.0
200,2005,0.3
200,2006,0.03333333333333333
200,2007,0.8333333333333334
200,2008,0.0
200,2009,0.1
200,2010,0.0
200,2011,0.06666666666666667
200,2012,0.5
200,2013,0.36666666666666664
200,2014,0.7333333333333333
200,2015,0.03333333333333333
200,2016,0.5
200,2017,0.5
200,2018,0.16666666666666666
200,2019,0.26666666666666666
200,2020,0.1
200,2021,0.0
200,2022,0.3
200,2023,0.06666666666666667
200,2024,0.36666666666666664
200,2025,0.03333333333333333
200,2026,0.3333333333333333
200,2027,0.26666666666666666
200,2028,0.03333333333333333
200,2029,0.26666666666666666
200,2030,0.16666666666666666
200,2031,0.13333333333333333
200,2032,0.4
200,2033,0.2
200,2034,0.2
200,2035,0.0
200,2036,0.03333333333333333
200,2037,0.36666666666666664
200,2038,0.6
200,2039,0.06666666666666667
200,2040,0.6333333333333333
200,2041,0.7
200,2042,0.06666666666666667
200,2043,0.06666666666666667
200,2044,0.16666666666666666
200,2045,0.0
200,2046,0.4
200,2047,0.06666666666666667
200,2048,0.0
200,2049,0.06666666666666667
200,2050,0.1
200,2051,0.13333333333333333
200,2052,0.13333333333333333
200,2053,0.6333333333333333
200,2054,0.16666666666666666
200,2055,0.43333333333333335
200,2056,0.06666666666666667
200,2057,0.0
200,2058,0.0
200,2059,0.06666666666666667
200,2060,0.0
200,2061,0.06666666666666667
200,2062,0.0
200,2063,0.1
200,2064,0.4
200,2065,0.1
200,2066,0.03333333333333333
200,2067,0.36666666666666664
200,2068,0.1
200,2069,0.3333333333333333
200,2070,0.1
200,2071,0.23333333333333334
200,2072,0.1
200,2073,0.06666666666666667
200,2074,0.0
200,2075,0.23333333333333334
200,2076,0.0
200,2077,0.26666666666666666
200,2078,0.13333333333333333
200,2079,0.43333333333333335
200,2080,0.16666666666666666
200,2081,0.43333333333333335
200,2082,0.16666666666666666
200,2083,0.13333333333333333
200,2084,0.03333333333333333
200,2085,0.1
200,2086,0.13333333333333333
200,2087,0.06666666666666667
200,2088,0.5
200,2089,0.5666666666666667
200,2090,0.6
200,2091,0.5333333333333333
200,2092,0.6
200,2093,0.03333333333333333
200,2094,0.0
200,2095,0.1
200,2096,0.0
200,2097,0.7666666666666667
200,2098,0.0
200,2099,0.26666666666666666
200,2100,0.6333333333333333
200,2101,0.03333333333333333
200,2102,0.0
200,2103,0.2
200,2104,0.23333333333333334
200,2105,0.3333333333333333
200,2106,0.36666666666666664
200,2107,0.26666666666666666
200,2108,0.1
200,2109,0.4
200,2110,0.0
200,2111,0.8
200,2112,0.5666666666666667
200,2113,0.03333333333333333
200,2114,0.03333333333333333
200,2115,0.3333333333333333
200,2116,0.43333333333333335
200,2117,0.03333333333333333
200,2118,0.06666666666666667
200,2119,0.1
200,2120,0.13333333333333333
200,2121,0.0
200,2122,0.13333333333333333
200,2123,0.3
200,2124,0.06666666666666667
200,2125,0.9333333333333333
200,2126,0.16666666666666666
200,2127,0.0
200,2128,0.4
200,2129,0.3333333333333333
200,2130,0.5666666666666667
200,2131,0.5
200,2132,0.8
200,2133,0.5666666666666667
200,2134,0.0
200,2135,0.3
200,2136,0.3333333333333333
200,2137,0.16666666666666666
200,2138,0.7666666666666667
200,2139,0.1
200,2140,0.0
200,2141,0.26666666666666666
200,2142,0.03333333333333333
200,2143,0.7666666666666667
200,2144,0.6333333333333333
200,2145,0.1
200,2146,0.5666666666666667
200,2147,0.5
200,2148,0.06666666666666667
200,2149,0.3333333333333333
200,2150,0.03333333333333333
200,2151,0.1
200,2152,0.4666666666666667
200,2153,0.03333333333333333
200,2154,0.03333333333333333
200,2155,0.0
200,2156,0.0
200,2157,0.5333333333333333
200,2158,0.03333333333333333
200,2159,0.16666666666666666
200,2160,0.06666666666666667
200,2161,0.13333333333333333
200,2162,0.1
200,2163,0.13333333333333333
200,2164,0.8666666666666667
200,2165,0.03333333333333333
200,2166,0.06666666666666667
200,2167,0.4
200,2168,0.03333333333333333
200,2169,0.3
200,2170,0.06666666666666667
200,2171,0.03333333333333333
200,2172,0.5666666666666667
200,2173,0.0
200,2174,0.06666666666666667
200,2175,0.26666666666666666
200,2176,0.0
200,2177,0.06666666666666667
200,2178,0.06666666666666667
200,2179,0.13333333333333333
200,2180,0.06666666666666667
200,2181,0.4
200,2182,0.1
200,2183,0.36666666666666664
200,2184,0.0
200,2185,0.06666666666666667
200,2186,0.06666666666666667
200,2187,0.06666666666666667
200,2188,0.4666666666666667
200,2189,0.03333333333333333
200,2190,0.36666666666666664
200,2191,0.2
200,2192,0.0
200,2193,0.03333333333333333
200,2194,0.1
200,2195,0.0
200,2196,0.03333333333333333
200,2197,0.0
200,2198,0.13333333333333333
200,2199,0.03333333333333333
200,2200,0.43333333333333335
200,2201,0.16666666666666666
200,2202,0.23333333333333334
200,2203,0.13333333333333333
200,2204,0.16666666666666666
200,2205,0.13333333333333333
200,2206,0.0
200,2207,0.5
200,2208,0.1
200,2209,0.03333333333333333
200,2210,0.06666666666666667
200,2211,0.06666666666666667
200,2212,0.3333333333333333
200,2213,0.36666666666666664
200,2214,0.1
200,2215,0.0
200,2216,0.0
200,2217,0.0
200,2218,0.0
200,2219,0.5333333333333333
200,2220,0.03333333333333333
200,2221,0.0
200,2222,0.13333333333333333
200,2223,0.1
200,2224,0.2
200,2225,0.43333333333333335
200,2226,0.03333333333333333
200,2227,0.0
200,2228,0.03333333333333333
200,2229,0.06666666666666667
200,2230,0.0
200,2231,0.3333333333333333
200,2232,0.06666666666666667
200,2233,0.6666666666666666
200,2234,0.9
200,2235,0.0
200,2236,0.0
200,2237,0.4666666666666667
200,2238,0.16666666666666666
200,2239,0.03333333333333333
200,2240,0.0
200,2241,0.6666666666666666
200,2242,0.8
200,2243,0.03333333333333333
200,2244,0.16666666666666666
200,2245,0.3
200,2246,0.0
200,2247,0.16666666666666666
200,2248,0.23333333333333334
200,2249,0.23333333333333334
200,2250,0.23333333333333334
200,2251,0.13333333333333333
200,2252,0.3
200,2253,0.03333333333333333
200,2254,0.3
200,2255,0.13333333333333333
200,2256,0.2
200,2257,0.0
200,2258,0.3
200,2259,0.3333333333333333
200,2260,0.03333333333333333
200,2261,0.2
200,2262,0.06666666666666667
200,2263,0.7333333333333333
200,2264,0.0
200,2265,0.03333333333333333
200,2266,0.26666666666666666
200,2267,0.0
200,2268,0.03333333333333333
200,2269,0.03333333333333333
200,2270,0.0
200,2271,0.0
200,2272,0.5666666666666667
200,2273,0.0
200,2274,0.0
200,2275,0.0
200,2276,0.1
200,2277,0.06666666666666667
200,2278,0.1
200,2279,0.6666666666666666
200,2280,0.03333333333333333
200,2281,0.0
200,2282,0.3
200,2283,0.26666666666666666
200,2284,0.5
200,2285,0.3
200,2286,0.7333333333333333
200,2287,0.0
200,2288,0.36666666666666664
200,2289,0.7333333333333333
200,2290,0.5666666666666667
200,2291,0.13333333333333333
200,2292,0.26666666666666666
200,2293,0.03333333333333333
200,2294,0.0
200,2295,0.5
200,2296,0.1
200,2297,0.0
200,2298,0.5
200,2299,0.03333333333333333
200,2300,0.16666666666666666
200,2301,0.0
200,2302,0.9
200,2303,0.2
200,2304,0.0
200,2305,0.36666666666666664
200,2306,0.0
200,2307,0.13333333333333333
200,2308,0.36666666666666664
200,2309,0.06666666666666667
200,2310,0.0
200,2311,0.3
200,2312,0.03333333333333333
200,2313,0.0
200,2314,0.5
200,2315,0.23333333333333334
200,2316,0.36666666666666664
200,2317,0.3333333333333333
200,2318,0.0
200,2319,0.03333333333333333
200,2320,0.0
200,2321,0.1
200,2322,0.0
200,2323,0.03333333333333333
200,2324,0.03333333333333333
200,2325,0.03333333333333333
200,2326,0.3333333333333333
200,2327,0.2
200,2328,0.06666666666666667
200,2329,0.03333333333333333
200,2330,0.26666666666666666
200,2331,0.16666666666666666
200,2332,0.13333333333333333
200,2333,0.06666666666666667
200,2334,0.03333333333333333
200,2335,0.03333333333333333
200,2336,0.03333333333333333
200,2337,0.13333333333333333
200,2338,0.0
200,2339,0.1
200,2340,0.8
200,2341,0.23333333333333334
200,2342,0.13333333333333333
200,2343,0.2
200,2344,0.36666666666666664
200,2345,0.7333333333333333
200,2346,0.36666666666666664
200,2347,0.0
200,2348,0.0
200,2349,0.6333333333333333
200,2350,0.23333333333333334
200,2351,0.06666666666666667
200,2352,0.13333333333333333
200,2353,0.4
200,2354,0.0
200,2355,0.2
200,2356,0.1
200,2357,0.13333333333333333
200,2358,0.36666666666666664
200,2359,0.3333333333333333
200,2360,0.03333333333333333
200,2361,0.4666666666666667
200,2362,0.0
200,2363,0.5
200,2364,0.1
200,2365,0.7
200,2366,0.13333333333333333
200,2367,0.36666666666666664
200,2368,0.16666666666666666
200,2369,0.6333333333333333
200,2370,0.0
200,2371,0.6
200,2372,0.6
200,2373,0.1
200,2374,0.06666666666666667
200,2375,0.1
200,2376,0.1
200,2377,0.03333333333333333
200,2378,0.23333333333333334
200,2379,0.06666666666666667
200,2380,0.0
200,2381,0.06666666666666667
200,2382,0.0
200,2383,0.4
200,2384,0.26666666666666666
200,2385,0.2
200,2386,0.03333333333333333
200,2387,0.06666666666666667
200,2388,0.06666666666666667
200,2389,0.0
200,2390,0.5666666666666667
200,2391,0.06666666666666667
200,2392,0.0
200,2393,0.03333333333333333
200,2394,0.0
200,2395,0.1
200,2396,0.3
200,2397,0.3
200,2398,0.03333333333333333
200,2399,0.06666666666666667
200,2400,0.03333333333333333
200,2401,0.3
200,2402,0.13333333333333333
200,2403,0.03333333333333333
200,2404,0.23333333333333334
200,2405,0.06666666666666667
200,2406,0.06666666666666667
200,2407,0.3
200,2408,0.16666666666666666
200,2409,0.1
200,2410,0.06666666666666667
200,2411,0.3
200,2412,0.1
200,2413,0.03333333333333333
200,2414,0.4
200,2415,0.06666666666666667
200,2416,0.06666666666666667
200,2417,0.4666666666666667
200,2418,0.13333333333333333
200,2419,0.0
200,2420,0.0
200,2421,0.0
200,2422,0.43333333333333335
200,2423,0.4
200,2424,0.0
200,2425,0.0
200,2426,0.1
200,2427,0.03333333333333333
200,2428,0.36666666666666664
200,2429,0.03333333333333333
200,2430,0.03333333333333333
200,2431,0.0
200,2432,0.06666666666666667
200,2433,0.03333333333333333
200,2434,0.6333333333333333
200,2435,0.36666666666666664
200,2436,0.3
200,2437,0.03333333333333333
200,2438,0.5
200,2439,0.0
200,2440,0.03333333333333333
200,2441,0.0
200,2442,0.5
200,2443,0.43333333333333335
200,2444,0.1
200,2445,0.0
200,2446,0.6
200,2447,0.0
200,2448,0.36666666666666664
200,2449,0.16666666666666666
200,2450,0.43333333333333335
200,2451,0.36666666666666664
200,2452,0.03333333333333333
200,2453,0.1
200,2454,0.16666666666666666
200,2455,0.06666666666666667
200,2456,0.06666666666666667
200,2457,0.0
200,2458,0.03333333333333333
200,2459,0.6
200,2460,0.4666666666666667
200,2461,0.1
200,2462,0.16666666666666666
200,2463,0.3333333333333333
200,2464,0.3333333333333333
200,2465,0.16666666666666666
200,2466,0.5666666666666667
200,2467,0.6333333333333333
200,2468,0.13333333333333333
200,2469,0.4666666666666667
200,2470,0.2
200,2471,0.0
200,2472,0.3333333333333333
200,2473,0.7
200,2474,0.2
200,2475,0.4666666666666667
200,2476,0.06666666666666667
200,2477,0.0
200,2478,0.03333333333333333
200,2479,0.03333333333333333
200,2480,0.2
200,2481,0.7
200,2482,0.6
200,2483,0.43333333333333335
200,2484,0.06666666666666667
200,2485,0.0
200,2486,0.2
200,2487,0.5333333333333333
200,2488,0.1
200,2489,0.06666666666666667
200,2490,0.0
200,2491,0.13333333333333333
200,2492,0.03333333333333333
200,2493,0.13333333333333333
200,2494,0.6
200,2495,0.0
200,2496,0.4
200,2497,0.0
200,2498,0.16666666666666666
200,2499,0.23333333333333334
200,2500,0.13333333333333333
200,2501,0.0
200,2502,0.03333333333333333
200,2503,0.0
200,2504,0.2
200,2505,0.13333333333333333
200,2506,0.7
200,2507,0.0
200,2508,0.03333333333333333
200,2509,0.3333333333333333
200,2510,0.03333333333333333
200,2511,0.5666666666666667
200,2512,0.0
200,2513,0.3
200,2514,0.23333333333333334
200,2515,0.2
200,2516,0.4666666666666667
200,2517,0.1
200,2518,0.26666666666666666
200,2519,0.3333333333333333
200,2520,0.13333333333333333
200,2521,0.03333333333333333
200,2522,0.16666666666666666
200,2523,0.06666666666666667
200,2524,0.16666666666666666
200,2525,0.4666666666666667
200,2526,0.06666666666666667
200,2527,0.06666666666666667
200,2528,0.3333333333333333
200,2529,0.3333333333333333
200,2530,0.0
200,2531,0.0
200,2532,0.03333333333333333
200,2533,0.3333333333333333
200,2534,0.03333333333333333
200,2535,0.7
200,2536,0.16666666666666666
200,2537,0.16666666666666666
200,2538,0.0
200,2539,0.0
200,2540,0.23333333333333334
200,2541,0.13333333333333333
200,2542,0.23333333333333334
200,2543,0.03333333333333333
200,2544,0.13333333333333333
200,2545,0.0
200,2546,0.5
200,2547,0.43333333333333335
200,2548,0.0
200,2549,0.36666666666666664
200,2550,0.1
200,2551,0.7333333333333333
200,2552,0.1
200,2553,0.2
200,2554,0.36666666666666664
200,2555,0.36666666666666664
200,2556,0.3333333333333333
200,2557,0.0
200,2558,0.7666666666666667
200,2559,0.4
200,2560,0.1
200,2561,0.06666666666666667
200,2562,0.23333333333333334
200,2563,0.1
200,2564,0.3
200,2565,0.1
200,2566,0.23333333333333334
200,2567,0.03333333333333333
200,2568,0.4
200,2569,0.03333333333333333
200,2570,0.06666666666666667
200,2571,0.3333333333333333
200,2572,0.2
200,2573,0.06666666666666667
200,2574,0.23333333333333334
200,2575,0.03333333333333333
200,2576,0.5
200,2577,0.5333333333333333
200,2578,0.2
200,2579,0.23333333333333334
200,2580,0.5333333333333333
200,2581,0.0
200,2582,0.06666666666666667
200,2583,0.16666666666666666
200,2584,0.0
200,2585,0.16666666666666666
200,2586,0.0
200,2587,0.06666666666666667
200,2588,0.0
200,2589,0.06666666666666667
200,2590,0.1
200,2591,0.03333333333333333
200,2592,0.16666666666666666
200,2593,0.36666666666666664
200,2594,0.3
200,2595,0.0
200,2596,0.4666666666666667
200,2597,0.36666666666666664
200,2598,0.23333333333333334
200,2599,0.16666666666666666
200,2600,0.0
200,2601,0.03333333333333333
200,2602,0.16666666666666666
200,2603,0.03333333333333333
200,2604,0.03333333333333333
200,2605,0.13333333333333333
200,2606,0.06666666666666667
200,2607,0.03333333333333333
200,2608,0.6
200,2609,0.0
200,2610,0.0
200,2611,0.13333333333333333
200,2612,0.06666666666666667
200,2613,0.4
200,2614,0.13333333333333333
200,2615,0.2
200,2616,0.8
200,2617,0.06666666666666667
200,2618,0.0
200,2619,0.0
200,2620,0.43333333333333335
200,2621,0.3
200,2622,0.03333333333333333
200,2623,0.16666666666666666
200,2624,0.1
200,2625,0.26666666666666666
200,2626,0.0
200,2627,0.03333333333333333
200,2628,0.03333333333333333
200,2629,0.03333333333333333
200,2630,0.03333333333333333
200,2631,0.36666666666666664
200,2632,0.0
200,2633,0.1
200,2634,0.0
200,2635,0.2
200,2636,0.43333333333333335
200,2637,0.06666666666666667
200,2638,0.1
200,2639,0.13333333333333333
200,2640,0.06666666666666667
200,2641,0.43333333333333335
200,2642,0.03333333333333333
200,2643,0.23333333333333334
200,2644,0.0
200,2645,0.0
200,2646,0.16666666666666666
200,2647,0.0
200,2648,0.3
200,2649,0.13333333333333333
200,2650,0.03333333333333333
200,2651,0.0
200,2652,0.8666666666666667
200,2653,0.0
200,2654,0.03333333333333333
200,2655,0.13333333333333333
200,2656,0.06666666666666667
200,2657,0.0
200,2658,0.16666666666666666
200,2659,0.0
200,2660,0.26666666666666666
200,2661,0.3
200,2662,0.03333333333333333
200,2663,0.36666666666666664
200,2664,0.06666666666666667
200,2665,0.0
200,2666,0.06666666666666667
200,2667,0.03333333333333333
200,2668,0.1
200,2669,0.26666666666666666
200,2670,0.36666666666666664
200,2671,0.03333333333333333
200,2672,0.0
200,2673,0.03333333333333333
200,2674,0.13333333333333333
200,2675,0.1
200,2676,0.4
200,2677,0.3
200,2678,0.5333333333333333
200,2679,0.3333333333333333
200,2680,0.5
200,2681,0.06666666666666667
200,2682,0.3
200,2683,0.3
200,2684,0.36666666666666664
200,2685,0.0
200,2686,0.03333333333333333
200,2687,0.06666666666666667
200,2688,0.16666666666666666
200,2689,0.2
200,2690,0.13333333333333333
200,2691,0.0
200,2692,0.2
200,2693,0.06666666666666667
200,2694,0.0
200,2695,0.1
200,2696,0.06666666666666667
200,2697,0.0
200,2698,0.03333333333333333
200,2699,0.4
200,2700,0.06666666666666667
200,2701,0.4666666666666667
200,2702,0.0
200,2703,0.0
200,2704,0.03333333333333333
200,2705,0.16666666666666666
200,2706,0.23333333333333334
200,2707,0.13333333333333333
200,2708,0.23333333333333334
200,2709,0.5
200,2710,0.4
200,2711,0.16666666666666666
200,2712,0.43333333333333335
200,2713,0.1
200,2714,0.16666666666666666
200,2715,0.43333333333333335
200,2716,0.1
200,2717,0.16666666666666666
200,2718,0.4
200,2719,0.4666666666666667
200,2720,0.7333333333333333
200,2721,0.26666666666666666
200,2722,0.06666666666666667
200,2723,0.0
200,2724,0.5666666666666667
200,2725,0.06666666666666667
200,2726,0.26666666666666666
200,2727,0.03333333333333333
200,2728,0.13333333333333333
200,2729,0.13333333333333333
200,2730,0.13333333333333333
200,2731,0.2
200,2732,0.16666666666666666
200,2733,0.16666666666666666
200,2734,0.36666666666666664
200,2735,0.0
200,2736,0.5
200,2737,0.3
200,2738,0.1
200,2739,0.1
200,2740,0.4
200,2741,0.0
200,2742,0.1
200,2743,0.0
200,2744,0.1
200,2745,0.3
200,2746,0.5
200,2747,0.06666666666666667
200,2748,0.0
200,2749,0.23333333333333334
200,2750,0.0
200,2751,0.0
200,2752,0.23333333333333334
200,2753,0.06666666666666667
200,2754,0.43333333333333335
200,2755,0.06666666666666667
200,2756,0.1
200,2757,0.03333333333333333
200,2758,0.0
200,2759,0.1
200,2760,0.5
200,2761,0.5666666666666667
200,2762,0.0
200,2763,0.4666666666666667
200,2764,0.5
200,2765,0.0
200,2766,0.43333333333333335
200,2767,0.8
200,2768,0.0
200,2769,0.0
200,2770,0.0
200,2771,0.1
200,2772,0.0
200,2773,0.36666666666666664
200,2774,0.03333333333333333
200,2775,0.2
200,2776,0.4
200,2777,0.2
200,2778,0.23333333333333334
200,2779,0.36666666666666664
200,2780,0.03333333333333333
200,2781,0.2
200,2782,0.03333333333333333
200,2783,0.43333333333333335
200,2784,0.2
200,2785,0.03333333333333333
200,2786,0.5333333333333333
200,2787,0.2
200,2788,0.0
200,2789,0.43333333333333335
200,2790,0.4666666666666667
200,2791,0.06666666666666667
200,2792,0.0
200,2793,0.26666666666666666
200,2794,0.06666666666666667
200,2795,0.03333333333333333
200,2796,0.6
200,2797,0.06666666666666667
200,2798,0.0
200,2799,0.1
200,2800,0.0
200,2801,0.03333333333333333
200,2802,0.23333333333333334
200,2803,0.0
200,2804,0.0
200,2805,0.23333333333333334
200,2806,0.2
200,2807,0.0
200,2808,0.06666666666666667
200,2809,0.06666666666666667
200,2810,0.6333333333333333
200,2811,0.0
200,2812,0.4666666666666667
200,2813,0.13333333333333333
200,2814,0.0
200,2815,0.2
200,2816,0.03333333333333333
200,2817,0.16666666666666666
200,2818,0.2
200,2819,0.03333333333333333
200,2820,0.0
200,2821,0.06666666666666667
200,2822,0.03333333333333333
200,2823,0.0
200,2824,0.4666666666666667
200,2825,0.3333333333333333
200,2826,0.16666666666666666
200,2827,0.03333333333333333
200,2828,0.2
200,2829,0.13333333333333333
200,2830,0.4
200,2831,0.0
200,2832,0.4
200,2833,0.26666666666666666
200,2834,0.3
200,2835,0.06666666666666667
200,2836,0.23333333333333334
200,2837,0.16666666666666666
200,2838,0.03333333333333333
200,2839,0.5333333333333333
200,2840,0.5
200,2841,0.36666666666666664
200,2842,0.03333333333333333
200,2843,0.3333333333333333
200,2844,0.06666666666666667
200,2845,0.23333333333333334
200,2846,0.5
200,2847,0.1
200,2848,0.1
200,2849,0.13333333333333333
200,2850,0.4
200,2851,0.3
200,2852,0.7
200,2853,0.03333333333333333
200,2854,0.0
200,2855,0.03333333333333333
200,2856,0.5333333333333333
200,2857,0.2
200,2858,0.7333333333333333
200,2859,0.6
200,2860,0.03333333333333333
200,2861,0.03333333333333333
200,2862,0.06666666666666667
200,2863,0.4
200,2864,0.06666666666666667
200,2865,0.0
200,2866,0.1
200,2867,0.16666666666666666
200,2868,0.03333333333333333
200,2869,0.0
200,2870,0.3333333333333333
200,2871,0.13333333333333333
200,2872,0.0
200,2873,0.1
200,2874,0.06666666666666667
200,2875,0.13333333333333333
200,2876,0.16666666666666666
200,2877,0.5666666666666667
200,2878,0.0
200,2879,0.5
200,2880,0.3333333333333333
200,2881,0.7333333333333333
200,2882,0.13333333333333333
200,2883,0.06666666666666667
200,2884,0.5666666666666667
200,2885,0.3333333333333333
200,2886,0.6333333333333333
200,2887,0.36666666666666664
200,2888,0.03333333333333333
200,2889,0.0
200,2890,0.5666666666666667
200,2891,0.03333333333333333
200,2892,0.0
200,2893,0.5333333333333333
200,2894,0.03333333333333333
200,2895,0.3333333333333333
200,2896,0.36666666666666664
200,2897,0.03333333333333333
200,2898,0.5333333333333333
200,2899,0.2
200,2900,0.13333333333333333
200,2901,0.16666666666666666
200,2902,0.13333333333333333
200,2903,0.5
200,2904,0.2
200,2905,0.5333333333333333
200,2906,0.3
200,2907,0.13333333333333333
200,2908,0.13333333333333333
200,2909,0.4
200,2910,0.0
200,2911,0.0
200,2912,0.0
200,2913,0.0
200,2914,0.06666666666666667
200,2915,0.03333333333333333
200,2916,0.5666666666666667
200,2917,0.4666666666666667
200,2918,0.03333333333333333
200,2919,0.03333333333333333
200,2920,0.0
200,2921,0.5333333333333333
200,2922,0.16666666666666666
200,2923,0.06666666666666667
200,2924,0.0
200,2925,0.06666666666666667
200,2926,0.8333333333333334
200,2927,0.03333333333333333
200,2928,0.16666666666666666
200,2929,0.06666666666666667
200,2930,0.0
200,2931,0.03333333333333333
200,2932,0.0
200,2933,0.0
200,2934,0.03333333333333333
200,2935,0.03333333333333333
200,2936,0.03333333333333333
200,2937,0.1
200,2938,0.7
200,2939,0.06666666666666667
200,2940,0.16666666666666666
200,2941,0.06666666666666667
200,2942,0.13333333333333333
200,2943,0.16666666666666666
200,2944,0.36666666666666664
200,2945,0.2
200,2946,0.4
200,2947,0.6333333333333333
200,2948,0.5333333333333333
200,2949,0.06666666666666667
200,2950,0.5
200,2951,0.5333333333333333
200,2952,0.16666666666666666
200,2953,0.4666666666666667
200,2954,0.23333333333333334
200,2955,0.0
200,2956,0.4666666666666667
200,2957,0.1
200,2958,0.0
200,2959,0.43333333333333335
200,2960,0.43333333333333335
200,2961,0.1
200,2962,0.36666666666666664
200,2963,0.5
200,2964,0.06666666666666667
200,2965,0.0
200,2966,0.03333333333333333
200,2967,0.3333333333333333
200,2968,0.06666666666666667
200,2969,0.0
200,2970,0.23333333333333334
200,2971,0.4
200,2972,0.03333333333333333
200,2973,0.0
200,2974,0.0
200,2975,0.13333333333333333
200,2976,0.1
200,2977,0.13333333333333333
200,2978,0.1
200,2979,0.36666666666666664
200,2980,0.4666666666666667
200,2981,0.43333333333333335
200,2982,0.06666666666666667
200,2983,0.1
200,2984,0.06666666666666667
200,2985,0.03333333333333333
200,2986,0.03333333333333333
200,2987,0.06666666666666667
200,2988,0.4666666666666667
200,2989,0.4
200,2990,0.2
200,2991,0.16666666666666666
200,2992,0.03333333333333333
200,2993,0.2
200,2994,0.5666666666666667
200,2995,0.03333333333333333
200,2996,0.0
200,2997,0.03333333333333333
200,2998,0.06666666666666667
200,2999,0.0
100,0,0.6
100,1,0.26666666666666666
100,2,0.1
100,3,0.0
100,4,0.16666666666666666
100,5,0.06666666666666667
100,6,0.5333333333333333
100,7,0.6
100,8,0.16666666666666666
100,9,0.5333333333333333
100,10,0.03333333333333333
100,11,0.6666666666666666
100,12,0.23333333333333334
100,13,0.3
100,14,0.2
100,15,0.1
100,16,0.6333333333333333
100,17,0.03333333333333333
100,18,0.0
100,19,0.13333333333333333
100,20,0.23333333333333334
100,21,0.23333333333333334
100,22,0.0
100,23,0.1
100,24,0.3333333333333333
100,25,0.06666666666666667
100,26,0.1
100,27,0.03333333333333333
100,28,0.03333333333333333
100,29,0.06666666666666667
100,30,0.0
100,31,0.13333333333333333
100,32,0.36666666666666664
100,33,0.0
100,34,0.03333333333333333
100,35,0.4666666666666667
100,36,0.1
100,37,0.0
100,38,0.4666666666666667
100,39,0.16666666666666666
100,40,0.5
100,41,0.1
100,42,0.0
100,43,0.26666666666666666
100,44,0.43333333333333335
100,45,0.4
100,46,0.06666666666666667
100,47,0.1
100,48,0.3
100,49,0.6
100,50,0.3
100,51,0.2
100,52,0.26666666666666666
100,53,0.5
100,54,0.3
100,55,0.13333333333333333
100,56,0.13333333333333333
100,57,0.23333333333333334
100,58,0.2
100,59,0.06666666666666667
100,60,0.06666666666666667
100,61,0.0
100,62,0.2
100,63,0.26666666666666666
100,64,0.3
100,65,0.5333333333333333
100,66,0.6666666666666666
100,67,0.3333333333333333
100,68,0.4666666666666667
100,69,0.13333333333333333
100,70,0.1
100,71,0.13333333333333333
100,72,0.4666666666666667
100,73,0.2
100,74,0.1
100,75,0.03333333333333333
100,76,0.2
100,77,0.06666666666666667
100,78,0.13333333333333333
100,79,0.0
100,80,0.0
100,81,0.13333333333333333
100,82,0.3
100,83,0.03333333333333333
100,84,0.13333333333333333
100,85,0.03333333333333333
100,86,0.23333333333333334
100,87,0.43333333333333335
100,88,0.1
100,89,0.3333333333333333
100,90,0.16666666666666666
100,91,0.1
100,92,0.03333333333333333
100,93,0.03333333333333333
100,94,0.1
100,95,0.36666666666666664
100,96,0.7
100,97,0.5666666666666667
100,98,0.0
100,99,0.0
100,100,0.5333333333333333
100,101,0.4
100,102,0.7
100,103,0.2
100,104,0.4
100,105,0.1
100,106,0.16666666666666666
100,107,0.36666666666666664
100,108,0.23333333333333334
100,109,0.0
100,110,0.16666666666666666
100,111,0.5
100,112,0.23333333333333334
100,113,0.1
100,114,0.03333333333333333
100,115,0.7
100,116,0.16666666666666666
100,117,0.26666666666666666
100,118,0.1
100,119,0.8
100,120,0.16666666666666666
100,121,0.06666666666666667
100,122,0.4
100,123,0.4
100,124,0.0
100,125,0.26666666666666666
100,126,0.13333333333333333
100,127,0.4666666666666667
100,128,0.6666666666666666
100,129,0.6666666666666666
100,130,0.03333333333333333
100,131,0.23333333333333334
100,132,0.0
100,133,0.6
100,134,0.26666666666666666
100,135,0.26666666666666666
100,136,0.1
100,137,0.16666666666666666
100,138,0.16666666666666666
100,139,0.2
100,140,0.16666666666666666
100,141,0.03333333333333333
100,142,0.0
100,143,0.1
100,144,0.0
100,145,0.26666666666666666
100,146,0.2
100,147,0.3
100,148,0.5
100,149,0.03333333333333333
100,150,0.23333333333333334
100,151,0.13333333333333333
100,152,0.13333333333333333
100,153,0.03333333333333333
100,154,0.23333333333333334
100,155,0.26666666666666666
100,156,0.16666666666666666
100,157,0.13333333333333333
100,158,0.5
100,159,0.5333333333333333
100,160,0.5
100,161,0.06666666666666667
100,162,0.0
100,163,0.06666666666666667
100,164,0.26666666666666666
100,165,0.3333333333333333
100,166,0.03333333333333333
100,167,0.5666666666666667
100,168,0.06666666666666667
100,169,0.16666666666666666
100,170,0.13333333333333333
100,171,0.13333333333333333
100,172,0.1
100,173,0.1
100,174,0.0
100,175,0.16666666666666666
100,176,0.03333333333333333
100,177,0.06666666666666667
100,178,0.5
100,179,0.16666666666666666
100,180,0.2
100,181,0.03333333333333333
100,182,0.7666666666666667
100,183,0.0
100,184,0.13333333333333333
100,185,0.1
100,186,0.4666666666666667
100,187,0.2
100,188,0.26666666666666666
100,189,0.2
100,190,0.0
100,191,0.2
100,192,0.3333333333333333
100,193,0.03333333333333333
100,194,0.06666666666666667
100,195,0.06666666666666667
100,196,0.0
100,197,0.0
100,198,0.06666666666666667
100,199,0.16666666666666666
100,200,0.0
100,201,0.36666666666666664
100,202,0.03333333333333333
100,203,0.03333333333333333
100,204,0.0
100,205,0.4666666666666667
100,206,0.0
100,207,0.4666666666666667
100,208,0.26666666666666666
100,209,0.13333333333333333
100,210,0.0
100,211,0.0
100,212,0.5333333333333333
100,213,0.23333333333333334
100,214,0.4
100,215,0.0
100,216,0.1
100,217,0.5
100,218,0.3
100,219,0.03333333333333333
100,220,0.13333333333333333
100,221,0.8
100,222,0.03333333333333333
100,223,0.3333333333333333
100,224,0.0
100,225,0.13333333333333333
100,226,0.16666666666666666
100,227,0.1
100,228,0.3333333333333333
100,229,0.6
100,230,0.26666666666666666
100,231,0.0
100,232,0.03333333333333333
100,233,0.4666666666666667
100,234,0.03333333333333333
100,235,0.26666666666666666
100,236,0.4666666666666667
100,237,0.3333333333333333
100,238,0.06666666666666667
100,239,0.26666666666666666
100,240,0.03333333333333333
100,241,0.0
100,242,0.4666666666666667
100,243,0.6333333333333333
100,244,0.23333333333333334
100,245,0.6333333333333333
100,246,0.4
100,247,0.06666666666666667
100,248,0.16666666666666666
100,249,0.0
100,250,0.03333333333333333
100,251,0.03333333333333333
100,252,0.4
100,253,0.03333333333333333
100,254,0.2
100,255,0.0
100,256,0.0
100,257,0.03333333333333333
100,258,0.0
100,259,0.13333333333333333
100,260,0.06666666666666667
100,261,0.06666666666666667
100,262,0.16666666666666666
100,263,0.0
100,264,0.2
100,265,0.03333333333333333
100,266,0.2
100,267,0.6
100,268,0.36666666666666664
100,269,0.03333333333333333
100,270,0.26666666666666666
100,271,0.0
100,272,0.4
100,273,0.1
100,274,0.03333333333333333
100,275,0.03333333333333333
100,276,0.13333333333333333
100,277,0.3
100,278,0.0
100,279,0.06666666666666667
100,280,0.13333333333333333
100,281,0.16666666666666666
100,282,0.03333333333333333
100,283,0.13333333333333333
100,284,0.03333333333333333
100,285,0.06666666666666667
100,286,0.1
100,287,0.16666666666666666
100,288,0.4
100,289,0.03333333333333333
100,290,0.13333333333333333
100,291,0.0
100,292,0.2
100,293,0.2
100,294,0.03333333333333333
100,295,0.0
100,296,0.36666666666666664
100,297,0.13333333333333333
100,298,0.13333333333333333
100,299,0.03333333333333333
100,300,0.16666666666666666
100,301,0.0
100,302,0.0
100,303,0.0
100,304,0.0
100,305,0.1
100,306,0.4666666666666667
100,307,0.0
100,308,0.43333333333333335
100,309,0.0
100,310,0.26666666666666666
100,311,0.43333333333333335
100,312,0.16666666666666666
100,313,0.8333333333333334
100,314,0.06666666666666667
100,315,0.7333333333333333
100,316,0.16666666666666666
100,317,0.13333333333333333
100,318,0.3
100,319,0.3
100,320,0.23333333333333334
100,321,0.06666666666666667
100,322,0.7666666666666667
100,323,0.03333333333333333
100,324,0.5
100,325,0.7333333333333333
100,326,0.1
100,327,0.03333333333333333
100,328,0.0
100,329,0.4
100,330,0.0
100,331,0.1
100,332,0.5
100,333,0.03333333333333333
100,334,0.13333333333333333
100,335,0.2
100,336,0.16666666666666666
100,337,0.43333333333333335
100,338,0.06666666666666667
100,339,0.06666666666666667
100,340,0.06666666666666667
100,341,0.8
100,342,0.03333333333333333
100,343,0.06666666666666667
100,344,0.26666666666666666
100,345,0.03333333333333333
100,346,0.0
100,347,0.03333333333333333
100,348,0.13333333333333333
100,349,0.0
100,350,0.03333333333333333
100,351,0.0
100,352,0.03333333333333333
100,353,0.13333333333333333
100,354,0.5
100,355,0.06666666666666667
100,356,0.0
100,357,0.5666666666666667
100,358,0.3333333333333333
100,359,0.4666666666666667
100,360,0.0
100,361,0.43333333333333335
100,362,0.06666666666666667
100,363,0.1
100,364,0.06666666666666667
100,365,0.7
100,366,0.0
100,367,0.3
100,368,0.2
100,369,0.2
100,370,0.1
100,371,0.03333333333333333
100,372,0.6333333333333333
100,373,0.2
100,374,0.06666666666666667
100,375,0.06666666666666667
100,376,0.0
100,377,0.36666666666666664
100,378,0.36666666666666664
100,379,0.03333333333333333
100,380,0.36666666666666664
100,381,0.0
100,382,0.0
100,383,0.1
100,384,0.16666666666666666
100,385,0.1
100,386,0.06666666666666667
100,387,0.36666666666666664
100,388,0.06666666666666667
100,389,0.06666666666666667
100,390,0.4666666666666667
100,391,0.2
100,392,0.6666666666666666
100,393,0.0
100,394,0.2
100,395,0.03333333333333333
100,396,0.36666666666666664
100,397,0.03333333333333333
100,398,0.3
100,399,0.1
100,400,0.0
100,401,0.0
100,402,0.5666666666666667
100,403,0.13333333333333333
100,404,0.0
100,405,0.03333333333333333
100,406,0.36666666666666664
100,407,0.0
100,408,0.0
100,409,0.13333333333333333
100,410,0.03333333333333333
100,411,0.13333333333333333
100,412,0.8333333333333334
100,413,0.26666666666666666
100,414,0.13333333333333333
100,415,0.0
100,416,0.0
100,417,0.06666666666666667
100,418,0.5333333333333333
100,419,0.0
100,420,0.06666666666666667
100,421,0.0
100,422,0.03333333333333333
100,423,0.06666666666666667
100,424,0.4
100,425,0.03333333333333333
100,426,0.1
100,427,0.4666666666666667
100,428,0.4666666666666667
100,429,0.26666666666666666
100,430,0.6666666666666666
100,431,0.23333333333333334
100,432,0.13333333333333333
100,433,0.13333333333333333
100,434,0.03333333333333333
100,435,0.06666666666666667
100,436,0.16666666666666666
100,437,0.1
100,438,0.03333333333333333
100,439,0.5
100,440,0.3333333333333333
100,441,0.26666666666666666
100,442,0.03333333333333333
100,443,0.6333333333333333
100,444,0.13333333333333333
100,445,0.4666666666666667
100,446,0.0
100,447,0.6666666666666666
100,448,0.0
100,449,0.0
100,450,0.1
100,451,0.7
100,452,0.06666666666666667
100,453,0.06666666666666667
100,454,0.16666666666666666
100,455,0.1
100,456,0.3
100,457,0.26666666666666666
100,458,0.0
100,459,0.16666666666666666
100,460,0.16666666666666666
100,461,0.0
100,462,0.13333333333333333
100,463,0.26666666666666666
100,464,0.13333333333333333
100,465,0.0
100,466,0.13333333333333333
100,467,0.03333333333333333
100,468,0.06666666666666667
100,469,0.1
100,470,0.03333333333333333
100,471,0.0
100,472,0.1
100,473,0.03333333333333333
100,474,0.03333333333333333
100,475,0.13333333333333333
100,476,0.0
100,477,0.5
100,478,0.13333333333333333
100,479,0.26666666666666666
100,480,0.0
100,481,0.16666666666666666
100,482,0.03333333333333333
100,483,0.23333333333333334
100,484,0.0
100,485,0.0
100,486,0.16666666666666666
100,487,0.4
100,488,0.8666666666666667
100,489,0.03333333333333333
100,490,0.26666666666666666
100,491,0.1
100,492,0.5333333333333333
100,493,0.6333333333333333
100,494,0.3
100,495,0.0
100,496,0.0
100,497,0.13333333333333333
100,498,0.0
100,499,0.13333333333333333
100,500,0.03333333333333333
100,501,0.06666666666666667
100,502,0.0
100,503,0.03333333333333333
100,504,0.03333333333333333
100,505,0.3
100,506,0.2
100,507,0.0
100,508,0.5666666666666667
100,509,0.26666666666666666
100,510,0.06666666666666667
100,511,0.3
100,512,0.03333333333333333
100,513,0.1
100,514,0.03333333333333333
100,515,0.1
100,516,0.1
100,517,0.26666666666666666
100,518,0.03333333333333333
100,519,0.03333333333333333
100,520,0.03333333333333333
100,521,0.03333333333333333
100,522,0.6666666666666666
100,523,0.8333333333333334
100,524,0.4
100,525,0.4
100,526,0.0
100,527,0.1
100,528,0.6666666666666666
100,529,0.06666666666666667
100,530,0.06666666666666667
100,531,0.16666666666666666
100,532,0.06666666666666667
100,533,0.0
100,534,0.6666666666666666
100,535,0.03333333333333333
100,536,0.5666666666666667
100,537,0.7666666666666667
100,538,0.26666666666666666
100,539,0.2
100,540,0.43333333333333335
100,541,0.4666666666666667
100,542,0.7666666666666667
100,543,0.4666666666666667
100,544,0.16666666666666666
100,545,0.0
100,546,0.3333333333333333
100,547,0.3
100,548,0.0
100,549,0.26666666666666666
100,550,0.7333333333333333
100,551,0.06666666666666667
100,552,0.3333333333333333
100,553,0.6333333333333333
100,554,0.6666666666666666
100,555,0.06666666666666667
100,556,0.7
100,557,0.03333333333333333
100,558,0.3333333333333333
100,559,0.13333333333333333
100,560,0.13333333333333333
100,561,0.7
100,562,0.3
100,563,0.03333333333333333
100,564,0.4666666666666667
100,565,0.4
100,566,0.4
100,567,0.03333333333333333
100,568,0.8
100,569,0.0
100,570,0.1
100,571,0.3333333333333333
100,572,0.03333333333333333
100,573,0.03333333333333333
100,574,0.06666666666666667
100,575,0.23333333333333334
100,576,0.16666666666666666
100,577,0.0
100,578,0.23333333333333334
100,579,0.23333333333333334
100,580,0.06666666666666667
100,581,0.1
100,582,0.16666666666666666
100,583,0.7666666666666667
100,584,0.16666666666666666
100,585,0.5333333333333333
100,586,0.03333333333333333
100,587,0.0
100,588,0.16666666666666666
100,589,0.0
100,590,0.3333333333333333
100,591,0.0
100,592,0.43333333333333335
100,593,0.16666666666666666
100,594,0.1
100,595,0.43333333333333335
100,596,0.2
100,597,0.03333333333333333
100,598,0.13333333333333333
100,599,0.1
100,600,0.03333333333333333
100,601,0.2
100,602,0.6
100,603,0.13333333333333333
100,604,0.0
100,605,0.3333333333333333
100,606,0.13333333333333333
100,607,0.0
100,608,0.0
100,609,0.03333333333333333
100,610,0.3333333333333333
100,611,0.13333333333333333
100,612,0.0
100,613,0.6333333333333333
100,614,0.23333333333333334
100,615,0.03333333333333333
100,616,0.6333333333333333
100,617,0.16666666666666666
100,618,0.03333333333333333
100,619,0.2
100,620,0.1
100,621,0.16666666666666666
100,622,0.6
100,623,0.26666666666666666
100,624,0.6
100,625,0.13333333333333333
100,626,0.03333333333333333
100,627,0.13333333333333333
100,628,0.4666666666666667
100,629,0.13333333333333333
100,630,0.0
100,631,0.03333333333333333
100,632,0.26666666666666666
100,633,0.06666666666666667
100,634,0.36666666666666664
100,635,0.2
100,636,0.03333333333333333
100,637,0.0
100,638,0.03333333333333333
100,639,0.3
100,640,0.06666666666666667
100,641,0.3
100,642,0.6333333333333333
100,643,0.0
100,644,0.06666666666666667
100,645,0.06666666666666667
100,646,0.1
100,647,0.23333333333333334
100,648,0.06666666666666667
100,649,0.03333333333333333
100,650,0.06666666666666667
100,651,0.3333333333333333
100,652,0.3333333333333333
100,653,0.13333333333333333
100,654,0.23333333333333334
100,655,0.03333333333333333
100,656,0.03333333333333333
100,657,0.4666666666666667
100,658,0.16666666666666666
100,659,0.16666666666666666
100,660,0.1
100,661,0.0
100,662,0.06666666666666667
100,663,0.03333333333333333
100,664,0.7333333333333333
100,665,0.03333333333333333
100,666,0.0
100,667,0.03333333333333333
100,668,0.13333333333333333
100,669,0.23333333333333334
100,670,0.36666666666666664
100,671,0.0
100,672,0.43333333333333335
100,673,0.6
100,674,0.0
100,675,0.5333333333333333
100,676,0.5666666666666667
100,677,0.2
100,678,0.1
100,679,0.5333333333333333
100,680,0.03333333333333333
100,681,0.1
100,682,0.3
100,683,0.13333333333333333
100,684,0.3
100,685,0.6333333333333333
100,686,0.06666666666666667
100,687,0.06666666666666667
100,688,0.3333333333333333
100,689,0.1
100,690,0.16666666666666666
100,691,0.1
100,692,0.36666666666666664
100,693,0.4
100,694,0.0
100,695,0.03333333333333333
100,696,0.0
100,697,0.23333333333333334
100,698,0.0
100,699,0.4666666666666667
100,700,0.5666666666666667
100,701,0.03333333333333333
100,702,0.06666666666666667
100,703,0.3333333333333333
100,704,0.36666666666666664
100,705,0.03333333333333333
100,706,0.16666666666666666
100,707,0.03333333333333333
100,708,0.5333333333333333
100,709,0.1
100,710,0.1
100,711,0.03333333333333333
100,712,0.16666666666666666
100,713,0.7666666666666667
100,714,0.16666666666666666
100,715,0.4666666666666667
100,716,0.03333333333333333
100,717,0.0
100,718,0.0
100,719,0.06666666666666667
100,720,0.3333333333333333
100,721,0.6666666666666666
100,722,0.26666666666666666
100,723,0.03333333333333333
100,724,0.03333333333333333
100,725,0.23333333333333334
100,726,0.26666666666666666
100,727,0.06666666666666667
100,728,0.1
100,729,0.7
100,730,0.4
100,731,0.13333333333333333
100,732,0.0
100,733,0.1
100,734,0.03333333333333333
100,735,0.03333333333333333
100,736,0.0
100,737,0.16666666666666666
100,738,0.06666666666666667
100,739,0.43333333333333335
100,740,0.03333333333333333
100,741,0.4
100,742,0.43333333333333335
100,743,0.03333333333333333
100,744,0.4666666666666667
100,745,0.03333333333333333
100,746,0.0
100,747,0.16666666666666666
100,748,0.6333333333333333
100,749,0.6666666666666666
100,750,0.7666666666666667
100,751,0.03333333333333333
100,752,0.3
100,753,0.03333333333333333
100,754,0.5
100,755,0.0
100,756,0.03333333333333333
100,757,0.06666666666666667
100,758,0.0
100,759,0.23333333333333334
100,760,0.4666666666666667
100,761,0.4
100,762,0.13333333333333333
100,763,0.06666666666666667
100,764,0.4
100,765,0.1
100,766,0.0
100,767,0.4
100,768,0.6333333333333333
100,769,0.1
100,770,0.13333333333333333
100,771,0.4666666666666667
100,772,0.8333333333333334
100,773,0.06666666666666667
100,774,0.0
100,775,0.03333333333333333
100,776,0.6
100,777,0.13333333333333333
100,778,0.06666666666666667
100,779,0.06666666666666667
100,780,0.13333333333333333
100,781,0.0
100,782,0.0
100,783,0.0
100,784,0.3333333333333333
100,785,0.13333333333333333
100,786,0.13333333333333333
100,787,0.2
100,788,0.03333333333333333
100,789,0.5333333333333333
100,790,0.1
100,791,0.4
100,792,0.0
100,793,0.36666666666666664
100,794,0.0
100,795,0.0
100,796,0.3
100,797,0.0
100,798,0.2
100,799,0.26666666666666666
100,800,0.4666666666666667
100,801,0.3
100,802,0.26666666666666666
100,803,0.1
100,804,0.16666666666666666
100,805,0.16666666666666666
100,806,0.03333333333333333
100,807,0.03333333333333333
100,808,0.4
100,809,0.23333333333333334
100,810,0.0
100,811,0.03333333333333333
100,812,0.1
100,813,0.0
100,814,0.4
100,815,0.0
100,816,0.6
100,817,0.5666666666666667
100,818,0.3333333333333333
100,819,0.16666666666666666
100,820,0.13333333333333333
100,821,0.8666666666666667
100,822,0.03333333333333333
100,823,0.4666666666666667
100,824,0.6
100,825,0.13333333333333333
100,826,0.16666666666666666
100,827,0.1
100,828,0.06666666666666667
100,829,0.6333333333333333
100,830,0.6666666666666666
100,831,0.06666666666666667
100,832,0.13333333333333333
100,833,0.26666666666666666
100,834,0.06666666666666667
100,835,0.16666666666666666
100,836,0.03333333333333333
100,837,0.0
100,838,0.13333333333333333
100,839,0.0
100,840,0.03333333333333333
100,841,0.03333333333333333
100,842,0.1
100,843,0.8666666666666667
100,844,0.0
100,845,0.0
100,846,0.7
100,847,0.4
100,848,0.0
100,849,0.16666666666666666
100,850,0.6333333333333333
100,851,0.16666666666666666
100,852,0.13333333333333333
100,853,0.36666666666666664
100,854,0.03333333333333333
100,855,0.7
100,856,0.3333333333333333
100,857,0.0
100,858,0.0
100,859,0.03333333333333333
100,860,0.2
100,861,0.03333333333333333
100,862,0.6
100,863,0.06666666666666667
100,864,0.4666666666666667
100,865,0.8333333333333334
100,866,0.6333333333333333
100,867,0.03333333333333333
100,868,0.26666666666666666
100,869,0.0
100,870,0.26666666666666666
100,871,0.03333333333333333
100,872,0.03333333333333333
100,873,0.4
100,874,0.23333333333333334
100,875,0.43333333333333335
100,876,0.03333333333333333
100,877,0.1
100,878,0.5333333333333333
100,879,0.6333333333333333
100,880,0.16666666666666666
100,881,0.4
100,882,0.13333333333333333
100,883,0.3333333333333333
100,884,0.1
100,885,0.06666666666666667
100,886,0.5666666666666667
100,887,0.03333333333333333
100,888,0.2
100,889,0.2
100,890,0.03333333333333333
100,891,0.0
100,892,0.2
100,893,0.0
100,894,0.26666666666666666
100,895,0.0
100,896,0.5
100,897,0.2
100,898,0.03333333333333333
100,899,0.0
100,900,0.23333333333333334
100,901,0.36666666666666664
100,902,0.16666666666666666
100,903,0.16666666666666666
100,904,0.0
100,905,0.03333333333333333
100,906,0.06666666666666667
100,907,0.13333333333333333
100,908,0.0
100,909,0.7
100,910,0.16666666666666666
100,911,0.1
100,912,0.0
100,913,0.43333333333333335
100,914,0.16666666666666666
100,915,0.23333333333333334
100,916,0.0
100,917,0.16666666666666666
100,918,0.36666666666666664
100,919,0.4
100,920,0.1
100,921,0.26666666666666666
100,922,0.16666666666666666
100,923,0.23333333333333334
100,924,0.3333333333333333
100,925,0.36666666666666664
100,926,0.06666666666666667
100,927,0.26666666666666666
100,928,0.1
100,929,0.03333333333333333
100,930,0.0
100,931,0.2
100,932,0.23333333333333334
100,933,0.0
100,934,0.1
100,935,0.16666666666666666
100,936,0.06666666666666667
100,937,0.0
100,938,0.06666666666666667
100,939,0.0
100,940,0.06666666666666667
100,941,0.3
100,942,0.2
100,943,0.03333333333333333
100,944,0.16666666666666666
100,945,0.06666666666666667
100,946,0.23333333333333334
100,947,0.23333333333333334
100,948,0.06666666666666667
100,949,0.2
100,950,0.13333333333333333
100,951,0.06666666666666667
100,952,0.2
100,953,0.16666666666666666
100,954,0.4
100,955,0.26666666666666666
100,956,0.16666666666666666
100,957,0.2
100,958,0.16666666666666666
100,959,0.13333333333333333
100,960,0.0
100,961,0.4666666666666667
100,962,0.5333333333333333
100,963,0.0
100,964,0.1
100,965,0.13333333333333333
100,966,0.03333333333333333
100,967,0.16666666666666666
100,968,0.03333333333333333
100,969,0.0
100,970,0.8
100,971,0.16666666666666666
100,972,0.1
100,973,0.6
100,974,0.5333333333333333
100,975,0.0
100,976,0.5
100,977,0.26666666666666666
100,978,0.2
100,979,0.03333333333333333
100,980,0.06666666666666667
100,981,0.03333333333333333
100,982,0.06666666666666667
100,983,0.36666666666666664
100,984,0.2
100,985,0.0
100,986,0.03333333333333333
100,987,0.6666666666666666
100,988,0.03333333333333333
100,989,0.3
100,990,0.1
100,991,0.1
100,992,0.2
100,993,0.23333333333333334
100,994,0.06666666666666667
100,995,0.3
100,996,0.26666666666666666
100,997,0.6666666666666666
100,998,0.7666666666666667
100,999,0.1
100,1000,0.13333333333333333
100,1001,0.03333333333333333
100,1002,0.06666666666666667
100,1003,0.1
100,1004,0.3
100,1005,0.9666666666666667
100,1006,0.2
100,1007,0.0
100,1008,0.1
100,1009,0.6666666666666666
100,1010,0.03333333333333333
100,1011,0.4
100,1012,0.2
100,1013,0.03333333333333333
100,1014,0.4666666666666667
100,1015,0.36666666666666664
100,1016,0.03333333333333333
100,1017,0.03333333333333333
100,1018,0.6333333333333333
100,1019,0.5333333333333333
100,1020,0.5333333333333333
100,1021,0.13333333333333333
100,1022,0.13333333333333333
100,1023,0.23333333333333334
100,1024,0.13333333333333333
100,1025,0.13333333333333333
100,1026,0.2
100,1027,0.0
100,1028,0.1
100,1029,0.4
100,1030,0.1
100,1031,0.0
100,1032,0.36666666666666664
100,1033,0.03333333333333333
100,1034,0.2
100,1035,0.03333333333333333
100,1036,0.1
100,1037,0.7
100,1038,0.13333333333333333
100,1039,0.5666666666666667
100,1040,0.3
100,1041,0.06666666666666667
100,1042,0.2
100,1043,0.03333333333333333
100,1044,0.03333333333333333
100,1045,0.03333333333333333
100,1046,0.06666666666666667
100,1047,0.03333333333333333
100,1048,0.06666666666666667
100,1049,0.0
100,1050,0.7333333333333333
100,1051,0.0
100,1052,0.03333333333333333
100,1053,0.43333333333333335
100,1054,0.5
100,1055,0.06666666666666667
100,1056,0.0
100,1057,0.0
100,1058,0.0
100,1059,0.06666666666666667
100,1060,0.13333333333333333
100,1061,0.03333333333333333
100,1062,0.06666666666666667
100,1063,0.7
100,1064,0.7666666666666667
100,1065,0.16666666666666666
100,1066,0.1
100,1067,0.9333333333333333
100,1068,0.0
100,1069,0.23333333333333334
100,1070,0.3
100,1071,0.1
100,1072,0.7333333333333333
100,1073,0.13333333333333333
100,1074,0.3333333333333333
100,1075,0.16666666666666666
100,1076,0.5
100,1077,0.13333333333333333
100,1078,0.1
100,1079,0.1
100,1080,0.0
100,1081,0.7666666666666667
100,1082,0.2
100,1083,0.6666666666666666
100,1084,0.03333333333333333
100,1085,0.5333333333333333
100,1086,0.23333333333333334
100,1087,0.06666666666666667
100,1088,0.5666666666666667
100,1089,0.6333333333333333
100,1090,0.0
100,1091,0.0
100,1092,0.16666666666666666
100,1093,0.5333333333333333
100,1094,0.0
100,1095,0.0
100,1096,0.3333333333333333
100,1097,0.4666666666666667
100,1098,0.5
100,1099,0.16666666666666666
100,1100,0.5
100,1101,0.1
100,1102,0.1
100,1103,0.43333333333333335
100,1104,0.06666666666666667
100,1105,0.03333333333333333
100,1106,0.0
100,1107,0.03333333333333333
100,1108,0.0
100,1109,0.3333333333333333
100,1110,0.13333333333333333
100,1111,0.0
100,1112,0.0
100,1113,0.8
100,1114,0.1
100,1115,0.06666666666666667
100,1116,0.2
100,1117,0.1
100,1118,0.5
100,1119,0.03333333333333333
100,1120,0.03333333333333333
100,1121,0.1
100,1122,0.13333333333333333
100,1123,0.43333333333333335
100,1124,0.36666666666666664
100,1125,0.03333333333333333
100,1126,0.1
100,1127,0.3
100,1128,0.7
100,1129,0.06666666666666667
100,1130,0.13333333333333333
100,1131,0.2
100,1132,0.5333333333333333
100,1133,0.5333333333333333
100,1134,0.03333333333333333
100,1135,0.0
100,1136,0.6
100,1137,0.43333333333333335
100,1138,0.7
100,1139,0.0
100,1140,0.16666666666666666
100,1141,0.03333333333333333
100,1142,0.0
100,1143,0.06666666666666667
100,1144,0.16666666666666666
100,1145,0.0
100,1146,0.36666666666666664
100,1147,0.03333333333333333
100,1148,0.2
100,1149,0.3333333333333333
100,1150,0.03333333333333333
100,1151,0.06666666666666667
100,1152,0.16666666666666666
100,1153,0.0
100,1154,0.06666666666666667
100,1155,0.06666666666666667
100,1156,0.0
100,1157,0.1
100,1158,0.2
100,1159,0.5666666666666667
100,1160,0.03333333333333333
100,1161,0.23333333333333334
100,1162,0.2
100,1163,0.06666666666666667
100,1164,0.06666666666666667
100,1165,0.0
100,1166,0.13333333333333333
100,1167,0.2
100,1168,0.3
100,1169,0.36666666666666664
100,1170,0.03333333333333333
100,1171,0.0
100,1172,0.3
100,1173,0.2
100,1174,0.1
100,1175,0.3
100,1176,0.06666666666666667
100,1177,0.16666666666666666
100,1178,0.1
100,1179,0.13333333333333333
100,1180,0.13333333333333333
100,1181,0.16666666666666666
100,1182,0.3
100,1183,0.1
100,1184,0.0
100,1185,0.03333333333333333
100,1186,0.06666666666666667
100,1187,0.3333333333333333
100,1188,0.03333333333333333
100,1189,0.1
100,1190,0.1
100,1191,0.0
100,1192,0.16666666666666666
100,1193,0.13333333333333333
100,1194,0.0
100,1195,0.16666666666666666
100,1196,0.1
100,1197,0.26666666666666666
100,1198,0.0
100,1199,0.26666666666666666
100,1200,0.1
100,1201,0.1
100,1202,0.1
100,1203,0.6333333333333333
100,1204,0.2
100,1205,0.03333333333333333
100,1206,0.9
100,1207,0.26666666666666666
100,1208,0.2
100,1209,0.13333333333333333
100,1210,0.13333333333333333
100,1211,0.03333333333333333
100,1212,0.03333333333333333
100,1213,0.06666666666666667
100,1214,0.6333333333333333
100,1215,0.0
100,1216,0.36666666666666664
100,1217,0.5333333333333333
100,1218,0.3
100,1219,0.13333333333333333
100,1220,0.03333333333333333
100,1221,0.03333333333333333
100,1222,0.5333333333333333
100,1223,0.0
100,1224,0.5666666666666667
100,1225,0.03333333333333333
100,1226,0.0
100,1227,0.0
100,1228,0.1
100,1229,0.16666666666666666
100,1230,0.06666666666666667
100,1231,0.13333333333333333
100,1232,0.13333333333333333
100,1233,0.0
100,1234,0.26666666666666666
100,1235,0.36666666666666664
100,1236,0.06666666666666667
100,1237,0.4
100,1238,0.2
100,1239,0.7
100,1240,0.06666666666666667
100,1241,0.3333333333333333
100,1242,0.4666666666666667
100,1243,0.0
100,1244,0.0
100,1245,0.0
100,1246,0.36666666666666664
100,1247,0.16666666666666666
100,1248,0.16666666666666666
100,1249,0.4
100,1250,0.03333333333333333
100,1251,0.03333333333333333
100,1252,0.4666666666666667
100,1253,0.6333333333333333
100,1254,0.43333333333333335
100,1255,0.03333333333333333
100,1256,0.6333333333333333
100,1257,0.5333333333333333
100,1258,0.06666666666666667
100,1259,0.03333333333333333
100,1260,0.1
100,1261,0.16666666666666666
100,1262,0.1
100,1263,0.03333333333333333
100,1264,0.23333333333333334
100,1265,0.16666666666666666
100,1266,0.4666666666666667
100,1267,0.0
100,1268,0.2
100,1269,0.06666666666666667
100,1270,0.5666666666666667
100,1271,0.0
100,1272,0.0
100,1273,0.16666666666666666
100,1274,0.03333333333333333
100,1275,0.26666666666666666
100,1276,0.03333333333333333
100,1277,0.43333333333333335
100,1278,0.03333333333333333
100,1279,0.06666666666666667
100,1280,0.16666666666666666
100,1281,0.0
100,1282,0.03333333333333333
100,1283,0.03333333333333333
100,1284,0.16666666666666666
100,1285,0.23333333333333334
100,1286,0.0
100,1287,0.0
100,1288,0.06666666666666667
100,1289,0.4666666666666667
100,1290,0.13333333333333333
100,1291,0.26666666666666666
100,1292,0.5333333333333333
100,1293,0.36666666666666664
100,1294,0.0
100,1295,0.3333333333333333
100,1296,0.6333333333333333
100,1297,0.1
100,1298,0.23333333333333334
100,1299,0.26666666666666666
100,1300,0.6333333333333333
100,1301,0.23333333333333334
100,1302,0.13333333333333333
100,1303,0.03333333333333333
100,1304,0.1
100,1305,0.5666666666666667
100,1306,0.5333333333333333
100,1307,0.13333333333333333
100,1308,0.0
100,1309,0.3333333333333333
100,1310,0.0
100,1311,0.23333333333333334
100,1312,0.03333333333333333
100,1313,0.2
100,1314,0.3333333333333333
100,1315,0.0
100,1316,0.06666666666666667
100,1317,0.0
100,1318,0.2
100,1319,0.5
100,1320,0.0
100,1321,0.03333333333333333
100,1322,0.06666666666666667
100,1323,0.3
100,1324,0.16666666666666666
100,1325,0.23333333333333334
100,1326,0.06666666666666667
100,1327,0.16666666666666666
100,1328,0.8
100,1329,0.1
100,1330,0.03333333333333333
100,1331,0.2
100,1332,0.5
100,1333,0.1
100,1334,0.0
100,1335,0.16666666666666666
100,1336,0.06666666666666667
100,1337,0.1
100,1338,0.4666666666666667
100,1339,0.03333333333333333
100,1340,0.16666666666666666
100,1341,0.06666666666666667
100,1342,0.36666666666666664
100,1343,0.0
100,1344,0.03333333333333333
100,1345,0.1
100,1346,0.0
100,1347,0.06666666666666667
100,1348,0.3
100,1349,0.1
100,1350,0.1
100,1351,0.0
100,1352,0.0
100,1353,0.0
100,1354,0.06666666666666667
100,1355,0.26666666666666666
100,1356,0.3
100,1357,0.16666666666666666
100,1358,0.06666666666666667
100,1359,0.0
100,1360,0.06666666666666667
100,1361,0.0
100,1362,0.1
100,1363,0.13333333333333333
100,1364,0.43333333333333335
100,1365,0.0
100,1366,0.16666666666666666
100,1367,0.0
100,1368,0.03333333333333333
100,1369,0.06666666666666667
100,1370,0.0
100,1371,0.6333333333333333
100,1372,0.16666666666666666
100,1373,0.03333333333333333
100,1374,0.06666666666666667
100,1375,0.13333333333333333
100,1376,0.4
100,1377,0.0
100,1378,0.03333333333333333
100,1379,0.26666666666666666
100,1380,0.03333333333333333
100,1381,0.03333333333333333
100,1382,0.5333333333333333
100,1383,0.06666666666666667
100,1384,0.43333333333333335
100,1385,0.2
100,1386,0.4
100,1387,0.06666666666666667
100,1388,0.5666666666666667
100,1389,0.03333333333333333
100,1390,0.0
100,1391,0.03333333333333333
100,1392,0.0
100,1393,0.0
100,1394,0.06666666666666667
100,1395,0.1
100,1396,0.2
100,1397,0.6
100,1398,0.2
100,1399,0.0
100,1400,0.7
100,1401,0.03333333333333333
100,1402,0.23333333333333334
100,1403,0.2
100,1404,0.03333333333333333
100,1405,0.1
100,1406,0.1
100,1407,0.23333333333333334
100,1408,0.1
100,1409,0.5333333333333333
100,1410,0.3
100,1411,0.16666666666666666
100,1412,0.03333333333333333
100,1413,0.4666666666666667
100,1414,0.1
100,1415,0.16666666666666666
100,1416,0.03333333333333333
100,1417,0.4666666666666667
100,1418,0.0
100,1419,0.16666666666666666
100,1420,0.0
100,1421,0.06666666666666667
100,1422,0.7
100,1423,0.0
100,1424,0.03333333333333333
100,1425,0.6333333333333333
100,1426,0.06666666666666667
100,1427,0.0
100,1428,0.7
100,1429,0.2
100,1430,0.3
100,1431,0.0
100,1432,0.3
100,1433,0.16666666666666666
100,1434,0.0
100,1435,0.03333333333333333
100,1436,0.16666666666666666
100,1437,0.16666666666666666
100,1438,0.0
100,1439,0.03333333333333333
100,1440,0.23333333333333334
100,1441,0.16666666666666666
100,1442,0.16666666666666666
100,1443,0.03333333333333333
100,1444,0.0
100,1445,0.4
100,1446,0.1
100,1447,0.3333333333333333
100,1448,0.1
100,1449,0.06666666666666667
100,1450,0.8333333333333334
100,1451,0.36666666666666664
100,1452,0.5
100,1453,0.6
100,1454,0.0
100,1455,0.06666666666666667
100,1456,0.26666666666666666
100,1457,0.36666666666666664
100,1458,0.23333333333333334
100,1459,0.6
100,1460,0.0
100,1461,0.06666666666666667
100,1462,0.03333333333333333
100,1463,0.13333333333333333
100,1464,0.06666666666666667
100,1465,0.03333333333333333
100,1466,0.03333333333333333
100,1467,0.06666666666666667
100,1468,0.0
100,1469,0.26666666666666666
100,1470,0.36666666666666664
100,1471,0.0
100,1472,0.4
100,1473,0.16666666666666666
100,1474,0.03333333333333333
100,1475,0.0
100,1476,0.0
100,1477,0.43333333333333335
100,1478,0.36666666666666664
100,1479,0.03333333333333333
100,1480,0.1
100,1481,0.16666666666666666
100,1482,0.0
100,1483,0.0
100,1484,0.3333333333333333
100,1485,0.36666666666666664
100,1486,0.06666666666666667
100,1487,0.3333333333333333
100,1488,0.43333333333333335
100,1489,0.23333333333333334
100,1490,0.0
100,1491,0.0
100,1492,0.36666666666666664
100,1493,0.6333333333333333
100,1494,0.06666666666666667
100,1495,0.03333333333333333
100,1496,0.06666666666666667
100,1497,0.1
100,1498,0.3333333333333333
100,1499,0.7333333333333333
100,1500,0.13333333333333333
100,1501,0.03333333333333333
100,1502,0.0
100,1503,0.2
100,1504,0.03333333333333333
100,1505,0.3333333333333333
100,1506,0.0
100,1507,0.13333333333333333
100,1508,0.16666666666666666
100,1509,0.5333333333333333
100,1510,0.06666666666666667
100,1511,0.2
100,1512,0.7333333333333333
100,1513,0.1
100,1514,0.16666666666666666
100,1515,0.5
100,1516,0.23333333333333334
100,1517,0.06666666666666667
100,1518,0.23333333333333334
100,1519,0.1
100,1520,0.16666666666666666
100,1521,0.26666666666666666
100,1522,0.2
100,1523,0.1
100,1524,0.2
100,1525,0.7333333333333333
100,1526,0.06666666666666667
100,1527,0.0
100,1528,0.6
100,1529,0.16666666666666666
100,1530,0.0
100,1531,0.6333333333333333
100,1532,0.0
100,1533,0.1
100,1534,0.1
100,1535,0.36666666666666664
100,1536,0.0
100,1537,0.06666666666666667
100,1538,0.3333333333333333
100,1539,0.03333333333333333
100,1540,0.03333333333333333
100,1541,0.13333333333333333
100,1542,0.1
100,1543,0.06666666666666667
100,1544,0.1
100,1545,0.36666666666666664
100,1546,0.6333333333333333
100,1547,0.26666666666666666
100,1548,0.13333333333333333
100,1549,0.26666666666666666
100,1550,0.36666666666666664
100,1551,0.03333333333333333
100,1552,0.26666666666666666
100,1553,0.13333333333333333
100,1554,0.36666666666666664
100,1555,0.1
100,1556,0.0
100,1557,0.3
100,1558,0.9666666666666667
100,1559,0.4666666666666667
100,1560,0.5333333333333333
100,1561,0.0
100,1562,0.1
100,1563,0.06666666666666667
100,1564,0.2
100,1565,0.06666666666666667
100,1566,0.2
100,1567,0.06666666666666667
100,1568,0.13333333333333333
100,1569,0.16666666666666666
100,1570,0.0
100,1571,0.06666666666666667
100,1572,0.26666666666666666
100,1573,0.36666666666666664
100,1574,0.03333333333333333
100,1575,0.0
100,1576,0.13333333333333333
100,1577,0.03333333333333333
100,1578,0.03333333333333333
100,1579,0.7333333333333333
100,1580,0.13333333333333333
100,1581,0.1
100,1582,0.0
100,1583,0.0
100,1584,0.1
100,1585,0.36666666666666664
100,1586,0.13333333333333333
100,1587,0.4
100,1588,0.13333333333333333
100,1589,0.23333333333333334
100,1590,0.1
100,1591,0.0
100,1592,0.06666666666666667
100,1593,0.26666666666666666
100,1594,0.06666666666666667
100,1595,0.16666666666666666
100,1596,0.5666666666666667
100,1597,0.6333333333333333
100,1598,0.5333333333333333
100,1599,0.03333333333333333
100,1600,0.23333333333333334
100,1601,0.03333333333333333
100,1602,0.13333333333333333
100,1603,0.6666666666666666
100,1604,0.03333333333333333
100,1605,0.06666666666666667
100,1606,0.36666666666666664
100,1607,0.2
100,1608,0.4
100,1609,0.2
100,1610,0.03333333333333333
100,1611,0.6
100,1612,0.03333333333333333
100,1613,0.4
100,1614,0.3333333333333333
100,1615,0.0
100,1616,0.0
100,1617,0.26666666666666666
100,1618,0.2
100,1619,0.2
100,1620,0.13333333333333333
100,1621,0.1
100,1622,0.03333333333333333
100,1623,0.3
100,1624,0.1
100,1625,0.1
100,1626,0.36666666666666664
100,1627,0.3333333333333333
100,1628,0.5
100,1629,0.0
100,1630,0.03333333333333333
100,1631,0.0
100,1632,0.3
100,1633,0.8
100,1634,0.06666666666666667
100,1635,0.06666666666666667
100,1636,0.4666666666666667
100,1637,0.0
100,1638,0.2
100,1639,0.0
100,1640,0.3333333333333333
100,1641,0.16666666666666666
100,1642,0.16666666666666666
100,1643,0.06666666666666667
100,1644,0.13333333333333333
100,1645,0.0
100,1646,0.16666666666666666
100,1647,0.36666666666666664
100,1648,0.36666666666666664
100,1649,0.4
100,1650,0.13333333333333333
100,1651,0.0
100,1652,0.16666666666666666
100,1653,0.36666666666666664
100,1654,0.06666666666666667
100,1655,0.26666666666666666
100,1656,0.0
100,1657,0.16666666666666666
100,1658,0.16666666666666666
100,1659,0.3333333333333333
100,1660,0.0
100,1661,0.8
100,1662,0.0
100,1663,0.3333333333333333
100,1664,0.13333333333333333
100,1665,0.7333333333333333
100,1666,0.0
100,1667,0.0
100,1668,0.13333333333333333
100,1669,0.06666666666666667
100,1670,0.8333333333333334
100,1671,0.7
100,1672,0.03333333333333333
100,1673,0.1
100,1674,0.0
100,1675,0.16666666666666666
100,1676,0.06666666666666667
100,1677,0.1
100,1678,0.13333333333333333
100,1679,0.06666666666666667
100,1680,0.06666666666666667
100,1681,0.26666666666666666
100,1682,0.1
100,1683,0.03333333333333333
100,1684,0.03333333333333333
100,1685,0.4
100,1686,0.13333333333333333
100,1687,0.5333333333333333
100,1688,0.5
100,1689,0.03333333333333333
100,1690,0.13333333333333333
100,1691,0.0
100,1692,0.23333333333333334
100,1693,0.03333333333333333
100,1694,0.2
100,1695,0.03333333333333333
100,1696,0.06666666666666667
100,1697,0.06666666666666667
100,1698,0.4
100,1699,0.26666666666666666
100,1700,0.03333333333333333
100,1701,0.0
100,1702,0.7
100,1703,0.26666666666666666
100,1704,0.0
100,1705,0.16666666666666666
100,1706,0.5
100,1707,0.16666666666666666
100,1708,0.3
100,1709,0.23333333333333334
100,1710,0.0
100,1711,0.0
100,1712,0.03333333333333333
100,1713,0.03333333333333333
100,1714,0.06666666666666667
100,1715,0.4
100,1716,0.3333333333333333
100,1717,0.23333333333333334
100,1718,0.0
100,1719,0.4666666666666667
100,1720,0.0
100,1721,0.0
100,1722,0.06666666666666667
100,1723,0.4666666666666667
100,1724,0.26666666666666666
100,1725,0.43333333333333335
100,1726,0.03333333333333333
100,1727,0.0
100,1728,0.5
100,1729,0.6
100,1730,0.36666666666666664
100,1731,0.23333333333333334
100,1732,0.03333333333333333
100,1733,0.0
100,1734,0.2
100,1735,0.6666666666666666
100,1736,0.36666666666666664
100,1737,0.0
100,1738,0.6333333333333333
100,1739,0.06666666666666667
100,1740,0.5333333333333333
100,1741,0.0
100,1742,0.4
100,1743,0.2
100,1744,0.16666666666666666
100,1745,0.2
100,1746,0.03333333333333333
100,1747,0.0
100,1748,0.4
100,1749,0.26666666666666666
100,1750,0.03333333333333333
100,1751,0.1
100,1752,0.13333333333333333
100,1753,0.03333333333333333
100,1754,0.23333333333333334
100,1755,0.03333333333333333
100,1756,0.23333333333333334
100,1757,0.1
100,1758,0.1
100,1759,0.23333333333333334
100,1760,0.23333333333333334
100,1761,0.3
100,1762,0.5666666666666667
100,1763,0.23333333333333334
100,1764,0.03333333333333333
100,1765,0.03333333333333333
100,1766,0.03333333333333333
100,1767,0.0
100,1768,0.4666666666666667
100,1769,0.5666666666666667
100,1770,0.0
100,1771,0.0
100,1772,0.7666666666666667
100,1773,0.6
100,1774,0.1
100,1775,0.43333333333333335
100,1776,0.3
100,1777,0.4
100,1778,0.06666666666666667
100,1779,0.6333333333333333
100,1780,0.3
100,1781,0.03333333333333333
100,1782,0.4
100,1783,0.03333333333333333
100,1784,0.0
100,1785,0.9
100,1786,0.03333333333333333
100,1787,0.23333333333333334
100,1788,0.36666666666666664
100,1789,0.16666666666666666
100,1790,0.03333333333333333
100,1791,0.03333333333333333
100,1792,0.3
100,1793,0.2
100,1794,0.03333333333333333
100,1795,0.2
100,1796,0.16666666666666666
100,1797,0.13333333333333333
100,1798,0.06666666666666667
100,1799,0.13333333333333333
100,1800,0.03333333333333333
100,1801,0.03333333333333333
100,1802,0.0
100,1803,0.13333333333333333
100,1804,0.43333333333333335
100,1805,0.6333333333333333
100,1806,0.0
100,1807,0.4666666666666667
100,1808,0.4
100,1809,0.06666666666666667
100,1810,0.0
100,1811,0.2
100,1812,0.8
100,1813,0.23333333333333334
100,1814,0.2
100,1815,0.16666666666666666
100,1816,0.2
100,1817,0.03333333333333333
100,1818,0.7666666666666667
100,1819,0.1
100,1820,0.43333333333333335
100,1821,0.06666666666666667
100,1822,0.43333333333333335
100,1823,0.7
100,1824,0.2
100,1825,0.13333333333333333
100,1826,0.03333333333333333
100,1827,0.1
100,1828,0.3333333333333333
100,1829,0.5333333333333333
100,1830,0.16666666666666666
100,1831,0.5666666666666667
100,1832,0.23333333333333334
100,1833,0.13333333333333333
100,1834,0.0
100,1835,0.13333333333333333
100,1836,0.6666666666666666
100,1837,0.16666666666666666
100,1838,0.03333333333333333
100,1839,0.03333333333333333
100,1840,0.36666666666666664
100,1841,0.23333333333333334
100,1842,0.23333333333333334
100,1843,0.5
100,1844,0.03333333333333333
100,1845,0.03333333333333333
100,1846,0.26666666666666666
100,1847,0.0
100,1848,0.03333333333333333
100,1849,0.13333333333333333
100,1850,0.1
100,1851,0.1
100,1852,0.0
100,1853,0.0
100,1854,0.0
100,1855,0.03333333333333333
100,1856,0.03333333333333333
100,1857,0.1
100,1858,0.0
100,1859,0.0
100,1860,0.06666666666666667
100,1861,0.2
100,1862,0.5333333333333333
100,1863,0.6
100,1864,0.23333333333333334
100,1865,0.43333333333333335
100,1866,0.1
100,1867,0.5666666666666667
100,1868,0.03333333333333333
100,1869,0.4666666666666667
100,1870,0.0
100,1871,0.1
100,1872,0.26666666666666666
100,1873,0.23333333333333334
100,1874,0.0
100,1875,0.4666666666666667
100,1876,0.06666666666666667
100,1877,0.0
100,1878,0.3333333333333333
100,1879,0.23333333333333334
100,1880,0.23333333333333334
100,1881,0.13333333333333333
100,1882,0.1
100,1883,0.2
100,1884,0.4
100,1885,0.16666666666666666
100,1886,0.06666666666666667
100,1887,0.0
100,1888,0.0
100,1889,0.03333333333333333
100,1890,0.06666666666666667
100,1891,0.26666666666666666
100,1892,0.23333333333333334
100,1893,0.0
100,1894,0.1
100,1895,0.1
100,1896,0.13333333333333333
100,1897,0.16666666666666666
100,1898,0.3
100,1899,0.06666666666666667
100,1900,0.03333333333333333
100,1901,0.1
100,1902,0.2
100,1903,0.03333333333333333
100,1904,0.0
100,1905,0.16666666666666666
100,1906,0.1
100,1907,0.0
100,1908,0.1
100,1909,0.06666666666666667
100,1910,0.4666666666666667
100,1911,0.5333333333333333
100,1912,0.0
100,1913,0.23333333333333334
100,1914,0.03333333333333333
100,1915,0.03333333333333333
100,1916,0.3333333333333333
100,1917,0.16666666666666666
100,1918,0.16666666666666666
100,1919,0.0
100,1920,0.1
100,1921,0.06666666666666667
100,1922,0.6
100,1923,0.6
100,1924,0.2
100,1925,0.3333333333333333
100,1926,0.5
100,1927,0.3333333333333333
100,1928,0.0
100,1929,0.1
100,1930,0.4666666666666667
100,1931,0.26666666666666666
100,1932,0.0
100,1933,0.1
100,1934,0.03333333333333333
100,1935,0.1
100,1936,0.0
100,1937,0.0
100,1938,0.13333333333333333
100,1939,0.8333333333333334
100,1940,0.43333333333333335
100,1941,0.1
100,1942,0.0
100,1943,0.2
100,1944,0.26666666666666666
100,1945,0.1
100,1946,0.7333333333333333
100,1947,0.3
100,1948,0.5666666666666667
100,1949,0.0
100,1950,0.4666666666666667
100,1951,0.36666666666666664
100,1952,0.26666666666666666
100,1953,0.1
100,1954,0.5666666666666667
100,1955,0.3
100,1956,0.0
100,1957,0.0
100,1958,0.03333333333333333
100,1959,0.7666666666666667
100,1960,0.0
100,1961,0.43333333333333335
100,1962,0.13333333333333333
100,1963,0.0
100,1964,0.4
100,1965,0.3333333333333333
100,1966,0.2
100,1967,0.4666666666666667
100,1968,0.4666666666666667
100,1969,0.13333333333333333
100,1970,0.43333333333333335
100,1971,0.7
100,1972,0.16666666666666666
100,1973,0.1
100,1974,0.03333333333333333
100,1975,0.16666666666666666
100,1976,0.0
100,1977,0.16666666666666666
100,1978,0.1
100,1979,0.6
100,1980,0.0
100,1981,0.0
100,1982,0.6333333333333333
100,1983,0.4
100,1984,0.23333333333333334
100,1985,0.0
100,1986,0.06666666666666667
100,1987,0.0
100,1988,0.1
100,1989,0.06666666666666667
100,1990,0.6333333333333333
100,1991,0.3
100,1992,0.03333333333333333
100,1993,0.7333333333333333
100,1994,0.5333333333333333
100,1995,0.23333333333333334
100,1996,0.13333333333333333
100,1997,0.13333333333333333
100,1998,0.1
100,1999,0.1
100,2000,0.6
100,2001,0.6666666666666666
100,2002,0.23333333333333334
100,2003,0.0
100,2004,0.0
100,2005,0.3
100,2006,0.06666666666666667
100,2007,0.8333333333333334
100,2008,0.03333333333333333
100,2009,0.06666666666666667
100,2010,0.2
100,2011,0.1
100,2012,0.3
100,2013,0.3333333333333333
100,2014,0.8333333333333334
100,2015,0.03333333333333333
100,2016,0.5
100,2017,0.43333333333333335
100,2018,0.1
100,2019,0.2
100,2020,0.0
100,2021,0.06666666666666667
100,2022,0.23333333333333334
100,2023,0.26666666666666666
100,2024,0.36666666666666664
100,2025,0.0
100,2026,0.3
100,2027,0.4666666666666667
100,2028,0.1
100,2029,0.3
100,2030,0.3
100,2031,0.2
100,2032,0.5
100,2033,0.03333333333333333
100,2034,0.06666666666666667
100,2035,0.0
100,2036,0.0
100,2037,0.23333333333333334
100,2038,0.6666666666666666
100,2039,0.16666666666666666
100,2040,0.6333333333333333
100,2041,0.4666666666666667
100,2042,0.0
100,2043,0.1
100,2044,0.26666666666666666
100,2045,0.03333333333333333
100,2046,0.4
100,2047,0.16666666666666666
100,2048,0.0
100,2049,0.2
100,2050,0.13333333333333333
100,2051,0.13333333333333333
100,2052,0.06666666666666667
100,2053,0.6333333333333333
100,2054,0.3333333333333333
100,2055,0.43333333333333335
100,2056,0.06666666666666667
100,2057,0.03333333333333333
100,2058,0.06666666666666667
100,2059,0.13333333333333333
100,2060,0.06666666666666667
100,2061,0.06666666666666667
100,2062,0.03333333333333333
100,2063,0.03333333333333333
100,2064,0.36666666666666664
100,2065,0.03333333333333333
100,2066,0.0
100,2067,0.5333333333333333
100,2068,0.26666666666666666
100,2069,0.2
100,2070,0.03333333333333333
100,2071,0.06666666666666667
100,2072,0.03333333333333333
100,2073,0.2
100,2074,0.03333333333333333
100,2075,0.16666666666666666
100,2076,0.0
100,2077,0.26666666666666666
100,2078,0.1
100,2079,0.43333333333333335
100,2080,0.13333333333333333
100,2081,0.6
100,2082,0.16666666666666666
100,2083,0.03333333333333333
100,2084,0.1
100,2085,0.06666666666666667
100,2086,0.16666666666666666
100,2087,0.0
100,2088,0.5
100,2089,0.6
100,2090,0.6
100,2091,0.5666666666666667
100,2092,0.7
100,2093,0.03333333333333333
100,2094,0.03333333333333333
100,2095,0.06666666666666667
100,2096,0.03333333333333333
100,2097,0.7333333333333333
100,2098,0.03333333333333333
100,2099,0.03333333333333333
100,2100,0.6
100,2101,0.0
100,2102,0.1
100,2103,0.13333333333333333
100,2104,0.03333333333333333
100,2105,0.2
100,2106,0.2
100,2107,0.3333333333333333
100,2108,0.2
100,2109,0.36666666666666664
100,2110,0.0
100,2111,0.7666666666666667
100,2112,0.7
100,2113,0.06666666666666667
100,2114,0.0
100,2115,0.13333333333333333
100,2116,0.4666666666666667
100,2117,0.13333333333333333
100,2118,0.06666666666666667
100,2119,0.2
100,2120,0.1
100,2121,0.0
100,2122,0.4
100,2123,0.5333333333333333
100,2124,0.0
100,2125,0.8666666666666667
100,2126,0.2
100,2127,0.06666666666666667
100,2128,0.5
100,2129,0.23333333333333334
100,2130,0.7666666666666667
100,2131,0.5666666666666667
100,2132,0.8333333333333334
100,2133,0.7
100,2134,0.13333333333333333
100,2135,0.4666666666666667
100,2136,0.2
100,2137,0.2
100,2138,0.7333333333333333
100,2139,0.2
100,2140,0.0
100,2141,0.16666666666666666
100,2142,0.06666666666666667
100,2143,0.7
100,2144,0.4666666666666667
100,2145,0.13333333333333333
100,2146,0.23333333333333334
100,2147,0.5
100,2148,0.1
100,2149,0.4666666666666667
100,2150,0.06666666666666667
100,2151,0.0
100,2152,0.4
100,2153,0.0
100,2154,0.03333333333333333
100,2155,0.13333333333333333
100,2156,0.1
100,2157,0.7
100,2158,0.16666666666666666
100,2159,0.0
100,2160,0.0
100,2161,0.0
100,2162,0.1
100,2163,0.16666666666666666
100,2164,0.9
100,2165,0.03333333333333333
100,2166,0.03333333333333333
100,2167,0.23333333333333334
100,2168,0.03333333333333333
100,2169,0.1
100,2170,0.06666666666666667
100,2171,0.0
100,2172,0.5666666666666667
100,2173,0.06666666666666667
100,2174,0.06666666666666667
100,2175,0.4666666666666667
100,2176,0.03333333333333333
100,2177,0.16666666666666666
100,2178,0.03333333333333333
100,2179,0.13333333333333333
100,2180,0.1
100,2181,0.36666666666666664
100,2182,0.0
100,2183,0.13333333333333333
100,2184,0.0
100,2185,0.1
100,2186,0.0
100,2187,0.0
100,2188,0.5333333333333333
100,2189,0.0
100,2190,0.3
100,2191,0.2
100,2192,0.13333333333333333
100,2193,0.06666666666666667
100,2194,0.06666666666666667
100,2195,0.0
100,2196,0.23333333333333334
100,2197,0.0
100,2198,0.36666666666666664
100,2199,0.13333333333333333
100,2200,0.5
100,2201,0.06666666666666667
100,2202,0.26666666666666666
100,2203,0.06666666666666667
100,2204,0.06666666666666667
100,2205,0.36666666666666664
100,2206,0.06666666666666667
100,2207,0.5333333333333333
100,2208,0.4
100,2209,0.06666666666666667
100,2210,0.06666666666666667
100,2211,0.06666666666666667
100,2212,0.26666666666666666
100,2213,0.4666666666666667
100,2214,0.1
100,2215,0.0
100,2216,0.1
100,2217,0.0
100,2218,0.0
100,2219,0.5
100,2220,0.03333333333333333
100,2221,0.23333333333333334
100,2222,0.1
100,2223,0.3
100,2224,0.16666666666666666
100,2225,0.43333333333333335
100,2226,0.0
100,2227,0.03333333333333333
100,2228,0.03333333333333333
100,2229,0.06666666666666667
100,2230,0.06666666666666667
100,2231,0.23333333333333334
100,2232,0.03333333333333333
100,2233,0.7
100,2234,0.9666666666666667
100,2235,0.0
100,2236,0.13333333333333333
100,2237,0.5666666666666667
100,2238,0.16666666666666666
100,2239,0.1
100,2240,0.03333333333333333
100,2241,0.5666666666666667
100,2242,0.6666666666666666
100,2243,0.03333333333333333
100,2244,0.16666666666666666
100,2245,0.23333333333333334
100,2246,0.0
100,2247,0.1
100,2248,0.16666666666666666
100,2249,0.2
100,2250,0.1
100,2251,0.16666666666666666
100,2252,0.4666666666666667
100,2253,0.0
100,2254,0.26666666666666666
100,2255,0.06666666666666667
100,2256,0.13333333333333333
100,2257,0.0
100,2258,0.06666666666666667
100,2259,0.16666666666666666
100,2260,0.06666666666666667
100,2261,0.2
100,2262,0.0
100,2263,0.6333333333333333
100,2264,0.06666666666666667
100,2265,0.0
100,2266,0.43333333333333335
100,2267,0.0
100,2268,0.03333333333333333
100,2269,0.16666666666666666
100,2270,0.13333333333333333
100,2271,0.03333333333333333
100,2272,0.6
100,2273,0.0
100,2274,0.03333333333333333
100,2275,0.13333333333333333
100,2276,0.03333333333333333
100,2277,0.13333333333333333
100,2278,0.23333333333333334
100,2279,0.6666666666666666
100,2280,0.13333333333333333
100,2281,0.03333333333333333
100,2282,0.3
100,2283,0.1
100,2284,0.7666666666666667
100,2285,0.3333333333333333
100,2286,0.8333333333333334
100,2287,0.0
100,2288,0.36666666666666664
100,2289,0.8
100,2290,0.5333333333333333
100,2291,0.2
100,2292,0.16666666666666666
100,2293,0.0
100,2294,0.03333333333333333
100,2295,0.5666666666666667
100,2296,0.03333333333333333
100,2297,0.1
100,2298,0.43333333333333335
100,2299,0.06666666666666667
100,2300,0.16666666666666666
100,2301,0.0
100,2302,0.6666666666666666
100,2303,0.2
100,2304,0.06666666666666667
100,2305,0.23333333333333334
100,2306,0.06666666666666667
100,2307,0.4
100,2308,0.3333333333333333
100,2309,0.1
100,2310,0.03333333333333333
100,2311,0.2
100,2312,0.26666666666666666
100,2313,0.0
100,2314,0.4
100,2315,0.26666666666666666
100,2316,0.4666666666666667
100,2317,0.26666666666666666
100,2318,0.13333333333333333
100,2319,0.03333333333333333
100,2320,0.03333333333333333
100,2321,0.06666666666666667
100,2322,0.06666666666666667
100,2323,0.2
100,2324,0.16666666666666666
100,2325,0.1
100,2326,0.13333333333333333
100,2327,0.13333333333333333
100,2328,0.03333333333333333
100,2329,0.03333333333333333
100,2330,0.26666666666666666
100,2331,0.1
100,2332,0.0
100,2333,0.1
100,2334,0.0
100,2335,0.0
100,2336,0.03333333333333333
100,2337,0.06666666666666667
100,2338,0.03333333333333333
100,2339,0.26666666666666666
100,2340,0.9
100,2341,0.16666666666666666
100,2342,0.03333333333333333
100,2343,0.23333333333333334
100,2344,0.5333333333333333
100,2345,0.7666666666666667
100,2346,0.4
100,2347,0.03333333333333333
100,2348,0.1
100,2349,0.5
100,2350,0.26666666666666666
100,2351,0.0
100,2352,0.0
100,2353,0.43333333333333335
100,2354,0.1
100,2355,0.5333333333333333
100,2356,0.1
100,2357,0.1
100,2358,0.3
100,2359,0.6
100,2360,0.13333333333333333
100,2361,0.6333333333333333
100,2362,0.1
100,2363,0.3333333333333333
100,2364,0.13333333333333333
100,2365,0.8
100,2366,0.0
100,2367,0.3
100,2368,0.0
100,2369,0.7333333333333333
100,2370,0.0
100,2371,0.5
100,2372,0.8
100,2373,0.16666666666666666
100,2374,0.16666666666666666
100,2375,0.03333333333333333
100,2376,0.06666666666666667
100,2377,0.16666666666666666
100,2378,0.2
100,2379,0.0
100,2380,0.13333333333333333
100,2381,0.1
100,2382,0.03333333333333333
100,2383,0.43333333333333335
100,2384,0.1
100,2385,0.23333333333333334
100,2386,0.16666666666666666
100,2387,0.3333333333333333
100,2388,0.2
100,2389,0.0
100,2390,0.7666666666666667
100,2391,0.06666666666666667
100,2392,0.0
100,2393,0.1
100,2394,0.1
100,2395,0.0
100,2396,0.3
100,2397,0.3333333333333333
100,2398,0.0
100,2399,0.06666666666666667
100,2400,0.06666666666666667
100,2401,0.23333333333333334
100,2402,0.2
100,2403,0.13333333333333333
100,2404,0.2
100,2405,0.0
100,2406,0.0
100,2407,0.16666666666666666
100,2408,0.03333333333333333
100,2409,0.2
100,2410,0.06666666666666667
100,2411,0.3
100,2412,0.03333333333333333
100,2413,0.03333333333333333
100,2414,0.26666666666666666
100,2415,0.13333333333333333
100,2416,0.13333333333333333
100,2417,0.4666666666666667
100,2418,0.1
100,2419,0.26666666666666666
100,2420,0.0
100,2421,0.06666666666666667
100,2422,0.26666666666666666
100,2423,0.3333333333333333
100,2424,0.03333333333333333
100,2425,0.0
100,2426,0.16666666666666666
100,2427,0.06666666666666667
100,2428,0.3333333333333333
100,2429,0.06666666666666667
100,2430,0.13333333333333333
100,2431,0.1
100,2432,0.13333333333333333
100,2433,0.0
100,2434,0.5666666666666667
100,2435,0.5
100,2436,0.26666666666666666
100,2437,0.06666666666666667
100,2438,0.4666666666666667
100,2439,0.03333333333333333
100,2440,0.03333333333333333
100,2441,0.0
100,2442,0.5
100,2443,0.5333333333333333
100,2444,0.2
100,2445,0.03333333333333333
100,2446,0.5666666666666667
100,2447,0.03333333333333333
100,2448,0.4
100,2449,0.1
100,2450,0.3333333333333333
100,2451,0.3333333333333333
100,2452,0.13333333333333333
100,2453,0.23333333333333334
100,2454,0.1
100,2455,0.0
100,2456,0.16666666666666666
100,2457,0.06666666666666667
100,2458,0.03333333333333333
100,2459,0.6333333333333333
100,2460,0.5
100,2461,0.06666666666666667
100,2462,0.23333333333333334
100,2463,0.3333333333333333
100,2464,0.0
100,2465,0.23333333333333334
100,2466,0.5666666666666667
100,2467,0.4
100,2468,0.23333333333333334
100,2469,0.6
100,2470,0.26666666666666666
100,2471,0.03333333333333333
100,2472,0.1
100,2473,0.7333333333333333
100,2474,0.03333333333333333
100,2475,0.5
100,2476,0.06666666666666667
100,2477,0.0
100,2478,0.0
100,2479,0.1
100,2480,0.5333333333333333
100,2481,0.8666666666666667
100,2482,0.4666666666666667
100,2483,0.36666666666666664
100,2484,0.03333333333333333
100,2485,0.0
100,2486,0.0
100,2487,0.7333333333333333
100,2488,0.13333333333333333
100,2489,0.2
100,2490,0.06666666666666667
100,2491,0.06666666666666667
100,2492,0.0
100,2493,0.16666666666666666
100,2494,0.5333333333333333
100,2495,0.0
100,2496,0.4666666666666667
100,2497,0.3
100,2498,0.03333333333333333
100,2499,0.03333333333333333
100,2500,0.0
100,2501,0.03333333333333333
100,2502,0.23333333333333334
100,2503,0.0
100,2504,0.13333333333333333
100,2505,0.03333333333333333
100,2506,0.8
100,2507,0.13333333333333333
100,2508,0.03333333333333333
100,2509,0.4
100,2510,0.2
100,2511,0.5333333333333333
100,2512,0.06666666666666667
100,2513,0.16666666666666666
100,2514,0.06666666666666667
100,2515,0.2
100,2516,0.4
100,2517,0.13333333333333333
100,2518,0.16666666666666666
100,2519,0.16666666666666666
100,2520,0.0
100,2521,0.03333333333333333
100,2522,0.1
100,2523,0.2
100,2524,0.13333333333333333
100,2525,0.5666666666666667
100,2526,0.0
100,2527,0.16666666666666666
100,2528,0.13333333333333333
100,2529,0.3333333333333333
100,2530,0.06666666666666667
100,2531,0.06666666666666667
100,2532,0.03333333333333333
100,2533,0.23333333333333334
100,2534,0.0
100,2535,0.7333333333333333
100,2536,0.0
100,2537,0.03333333333333333
100,2538,0.0
100,2539,0.06666666666666667
100,2540,0.06666666666666667
100,2541,0.1
100,2542,0.43333333333333335
100,2543,0.03333333333333333
100,2544,0.03333333333333333
100,2545,0.0
100,2546,0.3333333333333333
100,2547,0.26666666666666666
100,2548,0.03333333333333333
100,2549,0.5666666666666667
100,2550,0.23333333333333334
100,2551,0.8333333333333334
100,2552,0.0
100,2553,0.06666666666666667
100,2554,0.26666666666666666
100,2555,0.36666666666666664
100,2556,0.16666666666666666
100,2557,0.03333333333333333
100,2558,0.7333333333333333
100,2559,0.13333333333333333
100,2560,0.2
100,2561,0.36666666666666664
100,2562,0.6666666666666666
100,2563,0.03333333333333333
100,2564,0.5
100,2565,0.03333333333333333
100,2566,0.23333333333333334
100,2567,0.13333333333333333
100,2568,0.26666666666666666
100,2569,0.1
100,2570,0.0
100,2571,0.3
100,2572,0.16666666666666666
100,2573,0.0
100,2574,0.0
100,2575,0.06666666666666667
100,2576,0.6333333333333333
100,2577,0.43333333333333335
100,2578,0.2
100,2579,0.16666666666666666
100,2580,0.6
100,2581,0.13333333333333333
100,2582,0.16666666666666666
100,2583,0.36666666666666664
100,2584,0.0
100,2585,0.23333333333333334
100,2586,0.2
100,2587,0.16666666666666666
100,2588,0.0
100,2589,0.13333333333333333
100,2590,0.2
100,2591,0.1
100,2592,0.1
100,2593,0.5333333333333333
100,2594,0.4
100,2595,0.0
100,2596,0.4
100,2597,0.5666666666666667
100,2598,0.0
100,2599,0.1
100,2600,0.06666666666666667
100,2601,0.13333333333333333
100,2602,0.06666666666666667
100,2603,0.0
100,2604,0.26666666666666666
100,2605,0.1
100,2606,0.0
100,2607,0.03333333333333333
100,2608,0.5
100,2609,0.13333333333333333
100,2610,0.0
100,2611,0.13333333333333333
100,2612,0.0
100,2613,0.4666666666666667
100,2614,0.0
100,2615,0.2
100,2616,0.7666666666666667
100,2617,0.0
100,2618,0.06666666666666667
100,2619,0.06666666666666667
100,2620,0.5666666666666667
100,2621,0.13333333333333333
100,2622,0.03333333333333333
100,2623,0.16666666666666666
100,2624,0.13333333333333333
100,2625,0.2
100,2626,0.03333333333333333
100,2627,0.0
100,2628,0.13333333333333333
100,2629,0.26666666666666666
100,2630,0.06666666666666667
100,2631,0.3
100,2632,0.0
100,2633,0.23333333333333334
100,2634,0.1
100,2635,0.4
100,2636,0.4666666666666667
100,2637,0.23333333333333334
100,2638,0.03333333333333333
100,2639,0.26666666666666666
100,2640,0.03333333333333333
100,2641,0.4
100,2642,0.0
100,2643,0.16666666666666666
100,2644,0.0
100,2645,0.03333333333333333
100,2646,0.06666666666666667
100,2647,0.0
100,2648,0.26666666666666666
100,2649,0.16666666666666666
100,2650,0.03333333333333333
100,2651,0.0
100,2652,0.9333333333333333
100,2653,0.0
100,2654,0.0
100,2655,0.16666666666666666
100,2656,0.1
100,2657,0.03333333333333333
100,2658,0.16666666666666666
100,2659,0.0
100,2660,0.36666666666666664
100,2661,0.23333333333333334
100,2662,0.0
100,2663,0.3333333333333333
100,2664,0.06666666666666667
100,2665,0.0
100,2666,0.1
100,2667,0.1
100,2668,0.2
100,2669,0.36666666666666664
100,2670,0.26666666666666666
100,2671,0.0
100,2672,0.16666666666666666
100,2673,0.03333333333333333
100,2674,0.1
100,2675,0.2
100,2676,0.36666666666666664
100,2677,0.2
100,2678,0.5333333333333333
100,2679,0.23333333333333334
100,2680,0.4666666666666667
100,2681,0.0
100,2682,0.03333333333333333
100,2683,0.3333333333333333
100,2684,0.36666666666666664
100,2685,0.06666666666666667
100,2686,0.06666666666666667
100,2687,0.13333333333333333
100,2688,0.3
100,2689,0.1
100,2690,0.16666666666666666
100,2691,0.03333333333333333
100,2692,0.23333333333333334
100,2693,0.1
100,2694,0.03333333333333333
100,2695,0.06666666666666667
100,2696,0.06666666666666667
100,2697,0.0
100,2698,0.03333333333333333
100,2699,0.4
100,2700,0.03333333333333333
100,2701,0.4
100,2702,0.03333333333333333
100,2703,0.0
100,2704,0.13333333333333333
100,2705,0.13333333333333333
100,2706,0.2
100,2707,0.03333333333333333
100,2708,0.3333333333333333
100,2709,0.5333333333333333
100,2710,0.36666666666666664
100,2711,0.26666666666666666
100,2712,0.4
100,2713,0.0
100,2714,0.4
100,2715,0.4
100,2716,0.13333333333333333
100,2717,0.13333333333333333
100,2718,0.5666666666666667
100,2719,0.6333333333333333
100,2720,0.7333333333333333
100,2721,0.43333333333333335
100,2722,0.3333333333333333
100,2723,0.1
100,2724,0.5
100,2725,0.13333333333333333
100,2726,0.3333333333333333
100,2727,0.16666666666666666
100,2728,0.4
100,2729,0.13333333333333333
100,2730,0.06666666666666667
100,2731,0.2
100,2732,0.13333333333333333
100,2733,0.1
100,2734,0.36666666666666664
100,2735,0.13333333333333333
100,2736,0.5666666666666667
100,2737,0.16666666666666666
100,2738,0.06666666666666667
100,2739,0.23333333333333334
100,2740,0.5666666666666667
100,2741,0.0
100,2742,0.2
100,2743,0.06666666666666667
100,2744,0.16666666666666666
100,2745,0.26666666666666666
100,2746,0.5
100,2747,0.06666666666666667
100,2748,0.03333333333333333
100,2749,0.3
100,2750,0.03333333333333333
100,2751,0.0
100,2752,0.16666666666666666
100,2753,0.06666666666666667
100,2754,0.43333333333333335
100,2755,0.13333333333333333
100,2756,0.23333333333333334
100,2757,0.1
100,2758,0.06666666666666667
100,2759,0.13333333333333333
100,2760,0.5
100,2761,0.7333333333333333
100,2762,0.03333333333333333
100,2763,0.4666666666666667
100,2764,0.4
100,2765,0.03333333333333333
100,2766,0.5333333333333333
100,2767,0.8666666666666667
100,2768,0.06666666666666667
100,2769,0.0
100,2770,0.0
100,2771,0.03333333333333333
100,2772,0.06666666666666667
100,2773,0.36666666666666664
100,2774,0.5
100,2775,0.1
100,2776,0.5666666666666667
100,2777,0.13333333333333333
100,2778,0.13333333333333333
100,2779,0.16666666666666666
100,2780,0.03333333333333333
100,2781,0.5
100,2782,0.06666666666666667
100,2783,0.36666666666666664
100,2784,0.1
100,2785,0.0
100,2786,0.5333333333333333
100,2787,0.26666666666666666
100,2788,0.2
100,2789,0.4
100,2790,0.5666666666666667
100,2791,0.23333333333333334
100,2792,0.0
100,2793,0.3
100,2794,0.16666666666666666
100,2795,0.1
100,2796,0.6666666666666666
100,2797,0.23333333333333334
100,2798,0.0
100,2799,0.0
100,2800,0.03333333333333333
100,2801,0.0
100,2802,0.2
100,2803,0.03333333333333333
100,2804,0.03333333333333333
100,2805,0.1
100,2806,0.2
100,2807,0.06666666666666667
100,2808,0.1
100,2809,0.06666666666666667
100,2810,0.6
100,2811,0.0
100,2812,0.43333333333333335
100,2813,0.03333333333333333
100,2814,0.06666666666666667
100,2815,0.13333333333333333
100,2816,0.03333333333333333
100,2817,0.1
100,2818,0.3333333333333333
100,2819,0.03333333333333333
100,2820,0.0
100,2821,0.1
100,2822,0.06666666666666667
100,2823,0.0
100,2824,0.4666666666666667
100,2825,0.5
100,2826,0.23333333333333334
100,2827,0.1
100,2828,0.03333333333333333
100,2829,0.1
100,2830,0.4
100,2831,0.03333333333333333
100,2832,0.4
100,2833,0.26666666666666666
100,2834,0.26666666666666666
100,2835,0.06666666666666667
100,2836,0.06666666666666667
100,2837,0.26666666666666666
100,2838,0.0
100,2839,0.5
100,2840,0.6
100,2841,0.4
100,2842,0.0
100,2843,0.3333333333333333
100,2844,0.23333333333333334
100,2845,0.13333333333333333
100,2846,0.4666666666666667
100,2847,0.03333333333333333
100,2848,0.06666666666666667
100,2849,0.23333333333333334
100,2850,0.4
100,2851,0.26666666666666666
100,2852,0.9
100,2853,0.16666666666666666
100,2854,0.03333333333333333
100,2855,0.03333333333333333
100,2856,0.5666666666666667
100,2857,0.13333333333333333
100,2858,0.8
100,2859,0.8333333333333334
100,2860,0.26666666666666666
100,2861,0.03333333333333333
100,2862,0.16666666666666666
100,2863,0.43333333333333335
100,2864,0.13333333333333333
100,2865,0.06666666666666667
100,2866,0.06666666666666667
100,2867,0.03333333333333333
100,2868,0.13333333333333333
100,2869,0.0
100,2870,0.5
100,2871,0.1
100,2872,0.1
100,2873,0.1
100,2874,0.0
100,2875,0.1
100,2876,0.23333333333333334
100,2877,0.5333333333333333
100,2878,0.03333333333333333
100,2879,0.5666666666666667
100,2880,0.4666666666666667
100,2881,0.6333333333333333
100,2882,0.03333333333333333
100,2883,0.0
100,2884,0.6666666666666666
100,2885,0.3333333333333333
100,2886,0.6
100,2887,0.3
100,2888,0.03333333333333333
100,2889,0.06666666666666667
100,2890,0.6333333333333333
100,2891,0.0
100,2892,0.13333333333333333
100,2893,0.6
100,2894,0.0
100,2895,0.43333333333333335
100,2896,0.3333333333333333
100,2897,0.06666666666666667
100,2898,0.36666666666666664
100,2899,0.06666666666666667
100,2900,0.0
100,2901,0.26666666666666666
100,2902,0.1
100,2903,0.43333333333333335
100,2904,0.1
100,2905,0.5333333333333333
100,2906,0.36666666666666664
100,2907,0.0
100,2908,0.03333333333333333
100,2909,0.4
100,2910,0.1
100,2911,0.06666666666666667
100,2912,0.0
100,2913,0.13333333333333333
100,2914,0.3
100,2915,0.13333333333333333
100,2916,0.5666666666666667
100,2917,0.5333333333333333
100,2918,0.03333333333333333
100,2919,0.06666666666666667
100,2920,0.0
100,2921,0.5333333333333333
100,2922,0.13333333333333333
100,2923,0.0
100,2924,0.03333333333333333
100,2925,0.03333333333333333
100,2926,0.7333333333333333
100,2927,0.06666666666666667
100,2928,0.16666666666666666
100,2929,0.0
100,2930,0.03333333333333333
100,2931,0.06666666666666667
100,2932,0.0
100,2933,0.03333333333333333
100,2934,0.3
100,2935,0.0
100,2936,0.13333333333333333
100,2937,0.03333333333333333
100,2938,0.8
100,2939,0.16666666666666666
100,2940,0.1
100,2941,0.1
100,2942,0.2
100,2943,0.16666666666666666
100,2944,0.2
100,2945,0.03333333333333333
100,2946,0.26666666666666666
100,2947,0.6
100,2948,0.4
100,2949,0.03333333333333333
100,2950,0.4
100,2951,0.6666666666666666
100,2952,0.3333333333333333
100,2953,0.36666666666666664
100,2954,0.2
100,2955,0.03333333333333333
100,2956,0.4
100,2957,0.0
100,2958,0.03333333333333333
100,2959,0.36666666666666664
100,2960,0.5
100,2961,0.2
100,2962,0.6
100,2963,0.5333333333333333
100,2964,0.03333333333333333
100,2965,0.03333333333333333
100,2966,0.06666666666666667
100,2967,0.26666666666666666
100,2968,0.16666666666666666
100,2969,0.0
100,2970,0.2
100,2971,0.8666666666666667
100,2972,0.1
100,2973,0.0
100,2974,0.0
100,2975,0.16666666666666666
100,2976,0.16666666666666666
100,2977,0.03333333333333333
100,2978,0.06666666666666667
100,2979,0.26666666666666666
100,2980,0.43333333333333335
100,2981,0.43333333333333335
100,2982,0.1
100,2983,0.16666666666666666
100,2984,0.1
100,2985,0.1
100,2986,0.1
100,2987,0.1
100,2988,0.6
100,2989,0.26666666666666666
100,2990,0.5
100,2991,0.06666666666666667
100,2992,0.3
100,2993,0.13333333333333333
100,2994,0.6
100,2995,0.03333333333333333
100,2996,0.0
100,2997,0.0
100,2998,0.13333333333333333
100,2999,0.0
50,0,0.5333333333333333
50,1,0.06666666666666667
50,2,0.13333333333333333
50,3,0.0
50,4,0.16666666666666666
50,5,0.03333333333333333
50,6,0.5333333333333333
50,7,0.7666666666666667
50,8,0.2
50,9,0.4
50,10,0.0
50,11,0.7333333333333333
50,12,0.36666666666666664
50,13,0.26666666666666666
50,14,0.06666666666666667
50,15,0.03333333333333333
50,16,0.5666666666666667
50,17,0.0
50,18,0.0
50,19,0.1
50,20,0.13333333333333333
50,21,0.43333333333333335
50,22,0.0
50,23,0.03333333333333333
50,24,0.36666666666666664
50,25,0.13333333333333333
50,26,0.13333333333333333
50,27,0.1
50,28,0.0
50,29,0.23333333333333334
50,30,0.0
50,31,0.03333333333333333
50,32,0.3333333333333333
50,33,0.0
50,34,0.06666666666666667
50,35,0.4666666666666667
50,36,0.0
50,37,0.0
50,38,0.43333333333333335
50,39,0.13333333333333333
50,40,0.6333333333333333
50,41,0.16666666666666666
50,42,0.0
50,43,0.23333333333333334
50,44,0.4
50,45,0.43333333333333335
50,46,0.0
50,47,0.2
50,48,0.3
50,49,0.7333333333333333
50,50,0.2
50,51,0.06666666666666667
50,52,0.43333333333333335
50,53,0.6
50,54,0.3333333333333333
50,55,0.06666666666666667
50,56,0.2
50,57,0.06666666666666667
50,58,0.23333333333333334
50,59,0.0
50,60,0.03333333333333333
50,61,0.0
50,62,0.2
50,63,0.1
50,64,0.16666666666666666
50,65,0.4666666666666667
50,66,0.8666666666666667
50,67,0.36666666666666664
50,68,0.43333333333333335
50,69,0.03333333333333333
50,70,0.0
50,71,0.13333333333333333
50,72,0.4
50,73,0.36666666666666664
50,74,0.1
50,75,0.03333333333333333
50,76,0.3
50,77,0.1
50,78,0.23333333333333334
50,79,0.0
50,80,0.0
50,81,0.13333333333333333
50,82,0.23333333333333334
50,83,0.0
50,84,0.2
50,85,0.06666666666666667
50,86,0.26666666666666666
50,87,0.43333333333333335
50,88,0.0
50,89,0.13333333333333333
50,90,0.1
50,91,0.06666666666666667
50,92,0.0
50,93,0.06666666666666667
50,94,0.06666666666666667
50,95,0.23333333333333334
50,96,0.7333333333333333
50,97,0.5333333333333333
50,98,0.0
50,99,0.0
50,100,0.5
50,101,0.4
50,102,0.7333333333333333
50,103,0.26666666666666666
50,104,0.4
50,105,0.23333333333333334
50,106,0.06666666666666667
50,107,0.16666666666666666
50,108,0.03333333333333333
50,109,0.0
50,110,0.13333333333333333
50,111,0.6
50,112,0.23333333333333334
50,113,0.13333333333333333
50,114,0.0
50,115,0.7333333333333333
50,116,0.26666666666666666
50,117,0.36666666666666664
50,118,0.2
50,119,0.8
50,120,0.23333333333333334
50,121,0.0
50,122,0.36666666666666664
50,123,0.43333333333333335
50,124,0.0
50,125,0.2
50,126,0.0
50,127,0.43333333333333335
50,128,0.6333333333333333
50,129,0.6
50,130,0.0
50,131,0.03333333333333333
50,132,0.0
50,133,0.7333333333333333
50,134,0.2
50,135,0.16666666666666666
50,136,0.03333333333333333
50,137,0.3
50,138,0.03333333333333333
50,139,0.0
50,140,0.36666666666666664
50,141,0.0
50,142,0.0
50,143,0.13333333333333333
50,144,0.0
50,145,0.26666666666666666
50,146,0.13333333333333333
50,147,0.16666666666666666
50,148,0.8
50,149,0.03333333333333333
50,150,0.5333333333333333
50,151,0.16666666666666666
50,152,0.16666666666666666
50,153,0.0
50,154,0.23333333333333334
50,155,0.0
50,156,0.2
50,157,0.06666666666666667
50,158,0.6666666666666666
50,159,0.5
50,160,0.5
50,161,0.03333333333333333
50,162,0.0
50,163,0.0
50,164,0.2
50,165,0.3333333333333333
50,166,0.0
50,167,0.5666666666666667
50,168,0.16666666666666666
50,169,0.26666666666666666
50,170,0.0
50,171,0.06666666666666667
50,172,0.03333333333333333
50,173,0.2
50,174,0.0
50,175,0.1
50,176,0.06666666666666667
50,177,0.0
50,178,0.5
50,179,0.06666666666666667
50,180,0.23333333333333334
50,181,0.0
50,182,0.6333333333333333
50,183,0.0
50,184,0.03333333333333333
50,185,0.16666666666666666
50,186,0.5666666666666667
50,187,0.06666666666666667
50,188,0.26666666666666666
50,189,0.0
50,190,0.0
50,191,0.06666666666666667
50,192,0.3
50,193,0.03333333333333333
50,194,0.13333333333333333
50,195,0.0
50,196,0.0
50,197,0.0
50,198,0.13333333333333333
50,199,0.26666666666666666
50,200,0.0
50,201,0.4
50,202,0.0
50,203,0.0
50,204,0.0
50,205,0.43333333333333335
50,206,0.0
50,207,0.3333333333333333
50,208,0.3333333333333333
50,209,0.2
50,210,0.0
50,211,0.0
50,212,0.5
50,213,0.13333333333333333
50,214,0.4
50,215,0.0
50,216,0.13333333333333333
50,217,0.6333333333333333
50,218,0.3
50,219,0.03333333333333333
50,220,0.03333333333333333
50,221,0.9
50,222,0.0
50,223,0.16666666666666666
50,224,0.0
50,225,0.3333333333333333
50,226,0.36666666666666664
50,227,0.1
50,228,0.26666666666666666
50,229,0.5
50,230,0.2
50,231,0.03333333333333333
50,232,0.03333333333333333
50,233,0.3
50,234,0.03333333333333333
50,235,0.16666666666666666
50,236,0.43333333333333335
50,237,0.3333333333333333
50,238,0.06666666666666667
50,239,0.4
50,240,0.03333333333333333
50,241,0.03333333333333333
50,242,0.43333333333333335
50,243,0.5666666666666667
50,244,0.3
50,245,0.7333333333333333
50,246,0.5666666666666667
50,247,0.03333333333333333
50,248,0.13333333333333333
50,249,0.0
50,250,0.0
50,251,0.23333333333333334
50,252,0.3333333333333333
50,253,0.03333333333333333
50,254,0.13333333333333333
50,255,0.0
50,256,0.0
50,257,0.0
50,258,0.0
50,259,0.1
50,260,0.0
50,261,0.0
50,262,0.26666666666666666
50,263,0.0
50,264,0.16666666666666666
50,265,0.0
50,266,0.43333333333333335
50,267,0.6333333333333333
50,268,0.3
50,269,0.06666666666666667
50,270,0.16666666666666666
50,271,0.0
50,272,0.4666666666666667
50,273,0.23333333333333334
50,274,0.0
50,275,0.03333333333333333
50,276,0.3
50,277,0.16666666666666666
50,278,0.03333333333333333
50,279,0.06666666666666667
50,280,0.03333333333333333
50,281,0.2
50,282,0.0
50,283,0.13333333333333333
50,284,0.03333333333333333
50,285,0.0
50,286,0.1
50,287,0.23333333333333334
50,288,0.5666666666666667
50,289,0.0
50,290,0.0
50,291,0.0
50,292,0.23333333333333334
50,293,0.13333333333333333
50,294,0.0
50,295,0.0
50,296,0.4
50,297,0.13333333333333333
50,298,0.13333333333333333
50,299,0.0
50,300,0.23333333333333334
50,301,0.26666666666666666
50,302,0.0
50,303,0.0
50,304,0.0
50,305,0.1
50,306,0.4666666666666667
50,307,0.0
50,308,0.3
50,309,0.0
50,310,0.3333333333333333
50,311,0.4
50,312,0.13333333333333333
50,313,0.9666666666666667
50,314,0.1
50,315,0.7
50,316,0.06666666666666667
50,317,0.13333333333333333
50,318,0.16666666666666666
50,319,0.43333333333333335
50,320,0.16666666666666666
50,321,0.0
50,322,0.8
50,323,0.0
50,324,0.5
50,325,0.8
50,326,0.13333333333333333
50,327,0.0
50,328,0.0
50,329,0.4
50,330,0.0
50,331,0.0
50,332,0.5
50,333,0.0
50,334,0.26666666666666666
50,335,0.2
50,336,0.3
50,337,0.4
50,338,0.1
50,339,0.0
50,340,0.13333333333333333
50,341,0.8
50,342,0.0
50,343,0.0
50,344,0.03333333333333333
50,345,0.16666666666666666
50,346,0.0
50,347,0.0
50,348,0.16666666666666666
50,349,0.06666666666666667
50,350,0.0
50,351,0.0
50,352,0.0
50,353,0.16666666666666666
50,354,0.43333333333333335
50,355,0.36666666666666664
50,356,0.0
50,357,0.5666666666666667
50,358,0.3
50,359,0.5333333333333333
50,360,0.0
50,361,0.3333333333333333
50,362,0.03333333333333333
50,363,0.06666666666666667
50,364,0.03333333333333333
50,365,0.7666666666666667
50,366,0.0
50,367,0.3
50,368,0.2
50,369,0.3
50,370,0.2
50,371,0.0
50,372,0.6
50,373,0.16666666666666666
50,374,0.03333333333333333
50,375,0.16666666666666666
50,376,0.0
50,377,0.3333333333333333
50,378,0.3333333333333333
50,379,0.0
50,380,0.36666666666666664
50,381,0.0
50,382,0.0
50,383,0.1
50,384,0.13333333333333333
50,385,0.2
50,386,0.03333333333333333
50,387,0.5666666666666667
50,388,0.1
50,389,0.0
50,390,0.4
50,391,0.03333333333333333
50,392,0.8333333333333334
50,393,0.0
50,394,0.16666666666666666
50,395,0.0
50,396,0.4
50,397,0.03333333333333333
50,398,0.1
50,399,0.06666666666666667
50,400,0.0
50,401,0.0
50,402,0.6
50,403,0.36666666666666664
50,404,0.0
50,405,0.0
50,406,0.36666666666666664
50,407,0.03333333333333333
50,408,0.03333333333333333
50,409,0.2
50,410,0.13333333333333333
50,411,0.16666666666666666
50,412,0.8666666666666667
50,413,0.23333333333333334
50,414,0.06666666666666667
50,415,0.0
50,416,0.0
50,417,0.0
50,418,0.5333333333333333
50,419,0.06666666666666667
50,420,0.13333333333333333
50,421,0.03333333333333333
50,422,0.06666666666666667
50,423,0.16666666666666666
50,424,0.13333333333333333
50,425,0.0
50,426,0.16666666666666666
50,427,0.4666666666666667
50,428,0.5
50,429,0.43333333333333335
50,430,0.7333333333333333
50,431,0.43333333333333335
50,432,0.06666666666666667
50,433,0.23333333333333334
50,434,0.0
50,435,0.1
50,436,0.03333333333333333
50,437,0.13333333333333333
50,438,0.06666666666666667
50,439,0.6333333333333333
50,440,0.16666666666666666
50,441,0.2
50,442,0.03333333333333333
50,443,0.6666666666666666
50,444,0.1
50,445,0.23333333333333334
50,446,0.0
50,447,0.7
50,448,0.0
50,449,0.0
50,450,0.26666666666666666
50,451,0.7
50,452,0.03333333333333333
50,453,0.0
50,454,0.36666666666666664
50,455,0.0
50,456,0.16666666666666666
50,457,0.1
50,458,0.0
50,459,0.2
50,460,0.13333333333333333
50,461,0.03333333333333333
50,462,0.13333333333333333
50,463,0.2
50,464,0.03333333333333333
50,465,0.13333333333333333
50,466,0.03333333333333333
50,467,0.03333333333333333
50,468,0.0
50,469,0.0
50,470,0.0
50,471,0.0
50,472,0.13333333333333333
50,473,0.06666666666666667
50,474,0.0
50,475,0.1
50,476,0.0
50,477,0.5333333333333333
50,478,0.2
50,479,0.2
50,480,0.0
50,481,0.13333333333333333
50,482,0.0
50,483,0.26666666666666666
50,484,0.0
50,485,0.0
50,486,0.26666666666666666
50,487,0.16666666666666666
50,488,0.7666666666666667
50,489,0.0
50,490,0.1
50,491,0.0
50,492,0.43333333333333335
50,493,0.7666666666666667
50,494,0.23333333333333334
50,495,0.0
50,496,0.0
50,497,0.2
50,498,0.0
50,499,0.06666666666666667
50,500,0.0
50,501,0.0
50,502,0.0
50,503,0.03333333333333333
50,504,0.0
50,505,0.26666666666666666
50,506,0.13333333333333333
50,507,0.0
50,508,0.6333333333333333
50,509,0.03333333333333333
50,510,0.0
50,511,0.16666666666666666
50,512,0.03333333333333333
50,513,0.03333333333333333
50,514,0.0
50,515,0.16666666666666666
50,516,0.2
50,517,0.23333333333333334
50,518,0.13333333333333333
50,519,0.03333333333333333
50,520,0.0
50,521,0.03333333333333333
50,522,0.7
50,523,0.8666666666666667
50,524,0.5666666666666667
50,525,0.26666666666666666
50,526,0.0
50,527,0.26666666666666666
50,528,0.7
50,529,0.03333333333333333
50,530,0.06666666666666667
50,531,0.0
50,532,0.0
50,533,0.0
50,534,0.7
50,535,0.03333333333333333
50,536,0.5333333333333333
50,537,0.7666666666666667
50,538,0.3333333333333333
50,539,0.16666666666666666
50,540,0.4
50,541,0.4666666666666667
50,542,0.8
50,543,0.5666666666666667
50,544,0.03333333333333333
50,545,0.0
50,546,0.26666666666666666
50,547,0.3
50,548,0.0
50,549,0.23333333333333334
50,550,0.8333333333333334
50,551,0.0
50,552,0.3333333333333333
50,553,0.7333333333333333
50,554,0.6
50,555,0.0
50,556,0.8333333333333334
50,557,0.0
50,558,0.5333333333333333
50,559,0.1
50,560,0.2
50,561,0.8
50,562,0.23333333333333334
50,563,0.0
50,564,0.36666666666666664
50,565,0.36666666666666664
50,566,0.4
50,567,0.0
50,568,0.8666666666666667
50,569,0.0
50,570,0.13333333333333333
50,571,0.13333333333333333
50,572,0.03333333333333333
50,573,0.0
50,574,0.3
50,575,0.03333333333333333
50,576,0.06666666666666667
50,577,0.0
50,578,0.06666666666666667
50,579,0.13333333333333333
50,580,0.0
50,581,0.06666666666666667
50,582,0.03333333333333333
50,583,0.7333333333333333
50,584,0.23333333333333334
50,585,0.36666666666666664
50,586,0.0
50,587,0.0
50,588,0.03333333333333333
50,589,0.0
50,590,0.3333333333333333
50,591,0.0
50,592,0.36666666666666664
50,593,0.23333333333333334
50,594,0.06666666666666667
50,595,0.4666666666666667
50,596,0.3
50,597,0.0
50,598,0.2
50,599,0.13333333333333333
50,600,0.0
50,601,0.23333333333333334
50,602,0.7
50,603,0.03333333333333333
50,604,0.0
50,605,0.26666666666666666
50,606,0.03333333333333333
50,607,0.0
50,608,0.0
50,609,0.0
50,610,0.23333333333333334
50,611,0.23333333333333334
50,612,0.0
50,613,0.7333333333333333
50,614,0.23333333333333334
50,615,0.0
50,616,0.6
50,617,0.26666666666666666
50,618,0.0
50,619,0.16666666666666666
50,620,0.03333333333333333
50,621,0.13333333333333333
50,622,0.6333333333333333
50,623,0.16666666666666666
50,624,0.5
50,625,0.06666666666666667
50,626,0.0
50,627,0.1
50,628,0.4666666666666667
50,629,0.03333333333333333
50,630,0.0
50,631,0.0
50,632,0.2
50,633,0.03333333333333333
50,634,0.23333333333333334
50,635,0.16666666666666666
50,636,0.03333333333333333
50,637,0.06666666666666667
50,638,0.06666666666666667
50,639,0.3
50,640,0.1
50,641,0.23333333333333334
50,642,0.5
50,643,0.0
50,644,0.0
50,645,0.06666666666666667
50,646,0.23333333333333334
50,647,0.13333333333333333
50,648,0.0
50,649,0.03333333333333333
50,650,0.13333333333333333
50,651,0.1
50,652,0.4666666666666667
50,653,0.2
50,654,0.2
50,655,0.0
50,656,0.0
50,657,0.4
50,658,0.23333333333333334
50,659,0.03333333333333333
50,660,0.1
50,661,0.0
50,662,0.06666666666666667
50,663,0.0
50,664,0.7
50,665,0.0
50,666,0.03333333333333333
50,667,0.1
50,668,0.1
50,669,0.26666666666666666
50,670,0.3333333333333333
50,671,0.0
50,672,0.5333333333333333
50,673,0.7333333333333333
50,674,0.0
50,675,0.5666666666666667
50,676,0.5666666666666667
50,677,0.16666666666666666
50,678,0.23333333333333334
50,679,0.4666666666666667
50,680,0.0
50,681,0.1
50,682,0.3333333333333333
50,683,0.06666666666666667
50,684,0.4666666666666667
50,685,0.6
50,686,0.0
50,687,0.03333333333333333
50,688,0.23333333333333334
50,689,0.0
50,690,0.03333333333333333
50,691,0.2
50,692,0.16666666666666666
50,693,0.4
50,694,0.03333333333333333
50,695,0.0
50,696,0.0
50,697,0.1
50,698,0.0
50,699,0.4
50,700,0.43333333333333335
50,701,0.06666666666666667
50,702,0.0
50,703,0.23333333333333334
50,704,0.1
50,705,0.03333333333333333
50,706,0.06666666666666667
50,707,0.0
50,708,0.43333333333333335
50,709,0.1
50,710,0.0
50,711,0.0
50,712,0.0
50,713,0.7333333333333333
50,714,0.16666666666666666
50,715,0.43333333333333335
50,716,0.0
50,717,0.0
50,718,0.0
50,719,0.0
50,720,0.36666666666666664
50,721,0.7333333333333333
50,722,0.3333333333333333
50,723,0.03333333333333333
50,724,0.0
50,725,0.03333333333333333
50,726,0.16666666666666666
50,727,0.03333333333333333
50,728,0.13333333333333333
50,729,0.5333333333333333
50,730,0.3333333333333333
50,731,0.1
50,732,0.03333333333333333
50,733,0.03333333333333333
50,734,0.1
50,735,0.0
50,736,0.0
50,737,0.13333333333333333
50,738,0.03333333333333333
50,739,0.5333333333333333
50,740,0.0
50,741,0.4
50,742,0.26666666666666666
50,743,0.0
50,744,0.4
50,745,0.03333333333333333
50,746,0.0
50,747,0.13333333333333333
50,748,0.7
50,749,0.7
50,750,0.7666666666666667
50,751,0.0
50,752,0.23333333333333334
50,753,0.03333333333333333
50,754,0.4666666666666667
50,755,0.0
50,756,0.0
50,757,0.06666666666666667
50,758,0.0
50,759,0.1
50,760,0.6666666666666666
50,761,0.4
50,762,0.03333333333333333
50,763,0.1
50,764,0.36666666666666664
50,765,0.0
50,766,0.0
50,767,0.3333333333333333
50,768,0.6
50,769,0.06666666666666667
50,770,0.23333333333333334
50,771,0.4666666666666667
50,772,0.9333333333333333
50,773,0.1
50,774,0.03333333333333333
50,775,0.06666666666666667
50,776,0.6333333333333333
50,777,0.1
50,778,0.2
50,779,0.0
50,780,0.06666666666666667
50,781,0.0
50,782,0.03333333333333333
50,783,0.0
50,784,0.3333333333333333
50,785,0.2
50,786,0.13333333333333333
50,787,0.0
50,788,0.06666666666666667
50,789,0.7
50,790,0.0
50,791,0.4
50,792,0.06666666666666667
50,793,0.16666666666666666
50,794,0.0
50,795,0.03333333333333333
50,796,0.2
50,797,0.0
50,798,0.5
50,799,0.4666666666666667
50,800,0.36666666666666664
50,801,0.5333333333333333
50,802,0.13333333333333333
50,803,0.0
50,804,0.1
50,805,0.2
50,806,0.0
50,807,0.0
50,808,0.4
50,809,0.23333333333333334
50,810,0.06666666666666667
50,811,0.0
50,812,0.1
50,813,0.0
50,814,0.4666666666666667
50,815,0.0
50,816,0.6
50,817,0.8333333333333334
50,818,0.3333333333333333
50,819,0.26666666666666666
50,820,0.06666666666666667
50,821,0.9333333333333333
50,822,0.03333333333333333
50,823,0.43333333333333335
50,824,0.5333333333333333
50,825,0.16666666666666666
50,826,0.03333333333333333
50,827,0.13333333333333333
50,828,0.0
50,829,0.7
50,830,0.7
50,831,0.03333333333333333
50,832,0.03333333333333333
50,833,0.36666666666666664
50,834,0.06666666666666667
50,835,0.06666666666666667
50,836,0.0
50,837,0.03333333333333333
50,838,0.2
50,839,0.0
50,840,0.0
50,841,0.0
50,842,0.1
50,843,0.9
50,844,0.0
50,845,0.03333333333333333
50,846,0.6666666666666666
50,847,0.4
50,848,0.06666666666666667
50,849,0.2
50,850,0.6666666666666666
50,851,0.03333333333333333
50,852,0.26666666666666666
50,853,0.3
50,854,0.03333333333333333
50,855,0.6666666666666666
50,856,0.26666666666666666
50,857,0.03333333333333333
50,858,0.0
50,859,0.16666666666666666
50,860,0.06666666666666667
50,861,0.0
50,862,0.7666666666666667
50,863,0.2
50,864,0.4666666666666667
50,865,0.9
50,866,0.6333333333333333
50,867,0.0
50,868,0.1
50,869,0.03333333333333333
50,870,0.06666666666666667
50,871,0.0
50,872,0.06666666666666667
50,873,0.4
50,874,0.4
50,875,0.1
50,876,0.0
50,877,0.3
50,878,0.3
50,879,0.6
50,880,0.03333333333333333
50,881,0.5333333333333333
50,882,0.16666666666666666
50,883,0.16666666666666666
50,884,0.03333333333333333
50,885,0.13333333333333333
50,886,0.6333333333333333
50,887,0.0
50,888,0.13333333333333333
50,889,0.06666666666666667
50,890,0.0
50,891,0.0
50,892,0.03333333333333333
50,893,0.0
50,894,0.13333333333333333
50,895,0.0
50,896,0.36666666666666664
50,897,0.1
50,898,0.0
50,899,0.0
50,900,0.36666666666666664
50,901,0.26666666666666666
50,902,0.1
50,903,0.03333333333333333
50,904,0.06666666666666667
50,905,0.0
50,906,0.1
50,907,0.16666666666666666
50,908,0.0
50,909,0.6
50,910,0.03333333333333333
50,911,0.03333333333333333
50,912,0.0
50,913,0.36666666666666664
50,914,0.2
50,915,0.4
50,916,0.0
50,917,0.06666666666666667
50,918,0.43333333333333335
50,919,0.43333333333333335
50,920,0.1
50,921,0.23333333333333334
50,922,0.03333333333333333
50,923,0.1
50,924,0.3333333333333333
50,925,0.3333333333333333
50,926,0.06666666666666667
50,927,0.4666666666666667
50,928,0.03333333333333333
50,929,0.0
50,930,0.06666666666666667
50,931,0.06666666666666667
50,932,0.4666666666666667
50,933,0.0
50,934,0.16666666666666666
50,935,0.13333333333333333
50,936,0.03333333333333333
50,937,0.03333333333333333
50,938,0.1
50,939,0.0
50,940,0.16666666666666666
50,941,0.6
50,942,0.36666666666666664
50,943,0.0
50,944,0.1
50,945,0.06666666666666667
50,946,0.16666666666666666
50,947,0.0
50,948,0.0
50,949,0.23333333333333334
50,950,0.06666666666666667
50,951,0.0
50,952,0.03333333333333333
50,953,0.26666666666666666
50,954,0.36666666666666664
50,955,0.3333333333333333
50,956,0.26666666666666666
50,957,0.16666666666666666
50,958,0.1
50,959,0.0
50,960,0.0
50,961,0.36666666666666664
50,962,0.7
50,963,0.0
50,964,0.03333333333333333
50,965,0.23333333333333334
50,966,0.03333333333333333
50,967,0.13333333333333333
50,968,0.03333333333333333
50,969,0.0
50,970,0.7
50,971,0.06666666666666667
50,972,0.0
50,973,0.5666666666666667
50,974,0.4
50,975,0.0
50,976,0.5
50,977,0.26666666666666666
50,978,0.2
50,979,0.03333333333333333
50,980,0.13333333333333333
50,981,0.0
50,982,0.0
50,983,0.26666666666666666
50,984,0.16666666666666666
50,985,0.0
50,986,0.0
50,987,0.7666666666666667
50,988,0.0
50,989,0.16666666666666666
50,990,0.03333333333333333
50,991,0.03333333333333333
50,992,0.1
50,993,0.23333333333333334
50,994,0.0
50,995,0.16666666666666666
50,996,0.23333333333333334
50,997,0.7333333333333333
50,998,0.4666666666666667
50,999,0.0
50,1000,0.13333333333333333
50,1001,0.0
50,1002,0.03333333333333333
50,1003,0.03333333333333333
50,1004,0.16666666666666666
50,1005,0.9666666666666667
50,1006,0.1
50,1007,0.06666666666666667
50,1008,0.16666666666666666
50,1009,0.8333333333333334
50,1010,0.0
50,1011,0.2
50,1012,0.2
50,1013,0.16666666666666666
50,1014,0.43333333333333335
50,1015,0.36666666666666664
50,1016,0.0
50,1017,0.0
50,1018,0.7
50,1019,0.5
50,1020,0.5
50,1021,0.26666666666666666
50,1022,0.0
50,1023,0.4666666666666667
50,1024,0.06666666666666667
50,1025,0.1
50,1026,0.1
50,1027,0.0
50,1028,0.06666666666666667
50,1029,0.4
50,1030,0.26666666666666666
50,1031,0.0
50,1032,0.26666666666666666
50,1033,0.0
50,1034,0.1
50,1035,0.0
50,1036,0.03333333333333333
50,1037,0.8
50,1038,0.16666666666666666
50,1039,0.5666666666666667
50,1040,0.1
50,1041,0.0
50,1042,0.26666666666666666
50,1043,0.0
50,1044,0.03333333333333333
50,1045,0.03333333333333333
50,1046,0.1
50,1047,0.0
50,1048,0.16666666666666666
50,1049,0.0
50,1050,0.7666666666666667
50,1051,0.0
50,1052,0.0
50,1053,0.43333333333333335
50,1054,0.5333333333333333
50,1055,0.2
50,1056,0.0
50,1057,0.0
50,1058,0.0
50,1059,0.0
50,1060,0.0
50,1061,0.0
50,1062,0.1
50,1063,0.7
50,1064,0.9
50,1065,0.26666666666666666
50,1066,0.03333333333333333
50,1067,0.9
50,1068,0.0
50,1069,0.13333333333333333
50,1070,0.2
50,1071,0.13333333333333333
50,1072,0.7666666666666667
50,1073,0.03333333333333333
50,1074,0.43333333333333335
50,1075,0.1
50,1076,0.36666666666666664
50,1077,0.1
50,1078,0.13333333333333333
50,1079,0.13333333333333333
50,1080,0.0
50,1081,0.6
50,1082,0.16666666666666666
50,1083,0.6333333333333333
50,1084,0.13333333333333333
50,1085,0.5333333333333333
50,1086,0.2
50,1087,0.06666666666666667
50,1088,0.6
50,1089,0.7
50,1090,0.0
50,1091,0.0
50,1092,0.06666666666666667
50,1093,0.3
50,1094,0.0
50,1095,0.0
50,1096,0.2
50,1097,0.3333333333333333
50,1098,0.6
50,1099,0.2
50,1100,0.23333333333333334
50,1101,0.16666666666666666
50,1102,0.06666666666666667
50,1103,0.26666666666666666
50,1104,0.23333333333333334
50,1105,0.0
50,1106,0.0
50,1107,0.1
50,1108,0.0
50,1109,0.6
50,1110,0.1
50,1111,0.0
50,1112,0.0
50,1113,0.9333333333333333
50,1114,0.06666666666666667
50,1115,0.13333333333333333
50,1116,0.1
50,1117,0.03333333333333333
50,1118,0.4666666666666667
50,1119,0.0
50,1120,0.0
50,1121,0.0
50,1122,0.16666666666666666
50,1123,0.5
50,1124,0.36666666666666664
50,1125,0.0
50,1126,0.03333333333333333
50,1127,0.6333333333333333
50,1128,0.7
50,1129,0.1
50,1130,0.16666666666666666
50,1131,0.36666666666666664
50,1132,0.5333333333333333
50,1133,0.5333333333333333
50,1134,0.0
50,1135,0.0
50,1136,0.4666666666666667
50,1137,0.43333333333333335
50,1138,0.7333333333333333
50,1139,0.0
50,1140,0.03333333333333333
50,1141,0.0
50,1142,0.0
50,1143,0.03333333333333333
50,1144,0.13333333333333333
50,1145,0.0
50,1146,0.06666666666666667
50,1147,0.0
50,1148,0.16666666666666666
50,1149,0.36666666666666664
50,1150,0.03333333333333333
50,1151,0.16666666666666666
50,1152,0.0
50,1153,0.03333333333333333
50,1154,0.03333333333333333
50,1155,0.06666666666666667
50,1156,0.0
50,1157,0.1
50,1158,0.03333333333333333
50,1159,0.4666666666666667
50,1160,0.06666666666666667
50,1161,0.03333333333333333
50,1162,0.03333333333333333
50,1163,0.03333333333333333
50,1164,0.0
50,1165,0.0
50,1166,0.2
50,1167,0.36666666666666664
50,1168,0.4
50,1169,0.4
50,1170,0.0
50,1171,0.0
50,1172,0.2
50,1173,0.16666666666666666
50,1174,0.13333333333333333
50,1175,0.26666666666666666
50,1176,0.0
50,1177,0.03333333333333333
50,1178,0.06666666666666667
50,1179,0.23333333333333334
50,1180,0.13333333333333333
50,1181,0.0
50,1182,0.26666666666666666
50,1183,0.06666666666666667
50,1184,0.0
50,1185,0.0
50,1186,0.06666666666666667
50,1187,0.3333333333333333
50,1188,0.0
50,1189,0.0
50,1190,0.23333333333333334
50,1191,0.0
50,1192,0.23333333333333334
50,1193,0.0
50,1194,0.0
50,1195,0.16666666666666666
50,1196,0.16666666666666666
50,1197,0.2
50,1198,0.0
50,1199,0.16666666666666666
50,1200,0.03333333333333333
50,1201,0.3333333333333333
50,1202,0.13333333333333333
50,1203,0.7333333333333333
50,1204,0.2
50,1205,0.06666666666666667
50,1206,0.9666666666666667
50,1207,0.13333333333333333
50,1208,0.26666666666666666
50,1209,0.1
50,1210,0.1
50,1211,0.03333333333333333
50,1212,0.0
50,1213,0.1
50,1214,0.7333333333333333
50,1215,0.0
50,1216,0.23333333333333334
50,1217,0.5
50,1218,0.16666666666666666
50,1219,0.0
50,1220,0.0
50,1221,0.0
50,1222,0.5333333333333333
50,1223,0.03333333333333333
50,1224,0.5
50,1225,0.03333333333333333
50,1226,0.0
50,1227,0.0
50,1228,0.1
50,1229,0.03333333333333333
50,1230,0.16666666666666666
50,1231,0.13333333333333333
50,1232,0.06666666666666667
50,1233,0.0
50,1234,0.06666666666666667
50,1235,0.3
50,1236,0.06666666666666667
50,1237,0.3
50,1238,0.03333333333333333
50,1239,0.7333333333333333
50,1240,0.03333333333333333
50,1241,0.4666666666666667
50,1242,0.4666666666666667
50,1243,0.0
50,1244,0.0
50,1245,0.0
50,1246,0.36666666666666664
50,1247,0.13333333333333333
50,1248,0.2
50,1249,0.4
50,1250,0.0
50,1251,0.0
50,1252,0.6
50,1253,0.43333333333333335
50,1254,0.4
50,1255,0.03333333333333333
50,1256,0.7
50,1257,0.5333333333333333
50,1258,0.06666666666666667
50,1259,0.03333333333333333
50,1260,0.13333333333333333
50,1261,0.23333333333333334
50,1262,0.13333333333333333
50,1263,0.0
50,1264,0.23333333333333334
50,1265,0.0
50,1266,0.6
50,1267,0.0
50,1268,0.13333333333333333
50,1269,0.0
50,1270,0.5666666666666667
50,1271,0.0
50,1272,0.0
50,1273,0.03333333333333333
50,1274,0.06666666666666667
50,1275,0.2
50,1276,0.0
50,1277,0.4
50,1278,0.0
50,1279,0.43333333333333335
50,1280,0.06666666666666667
50,1281,0.0
50,1282,0.0
50,1283,0.03333333333333333
50,1284,0.13333333333333333
50,1285,0.23333333333333334
50,1286,0.0
50,1287,0.0
50,1288,0.23333333333333334
50,1289,0.4666666666666667
50,1290,0.13333333333333333
50,1291,0.43333333333333335
50,1292,0.5333333333333333
50,1293,0.4666666666666667
50,1294,0.0
50,1295,0.26666666666666666
50,1296,0.7
50,1297,0.0
50,1298,0.23333333333333334
50,1299,0.2
50,1300,0.4
50,1301,0.2
50,1302,0.16666666666666666
50,1303,0.03333333333333333
50,1304,0.0
50,1305,0.5333333333333333
50,1306,0.5666666666666667
50,1307,0.03333333333333333
50,1308,0.03333333333333333
50,1309,0.13333333333333333
50,1310,0.0
50,1311,0.06666666666666667
50,1312,0.0
50,1313,0.1
50,1314,0.3333333333333333
50,1315,0.0
50,1316,0.0
50,1317,0.0
50,1318,0.0
50,1319,0.5
50,1320,0.0
50,1321,0.0
50,1322,0.0
50,1323,0.23333333333333334
50,1324,0.4666666666666667
50,1325,0.13333333333333333
50,1326,0.0
50,1327,0.13333333333333333
50,1328,0.6333333333333333
50,1329,0.2
50,1330,0.2
50,1331,0.23333333333333334
50,1332,0.4
50,1333,0.0
50,1334,0.0
50,1335,0.26666666666666666
50,1336,0.06666666666666667
50,1337,0.06666666666666667
50,1338,0.43333333333333335
50,1339,0.06666666666666667
50,1340,0.06666666666666667
50,1341,0.0
50,1342,0.6333333333333333
50,1343,0.0
50,1344,0.03333333333333333
50,1345,0.26666666666666666
50,1346,0.0
50,1347,0.0
50,1348,0.4
50,1349,0.16666666666666666
50,1350,0.13333333333333333
50,1351,0.06666666666666667
50,1352,0.0
50,1353,0.0
50,1354,0.1
50,1355,0.5333333333333333
50,1356,0.16666666666666666
50,1357,0.1
50,1358,0.03333333333333333
50,1359,0.06666666666666667
50,1360,0.03333333333333333
50,1361,0.0
50,1362,0.03333333333333333
50,1363,0.0
50,1364,0.3
50,1365,0.0
50,1366,0.23333333333333334
50,1367,0.0
50,1368,0.06666666666666667
50,1369,0.2
50,1370,0.0
50,1371,0.6666666666666666
50,1372,0.23333333333333334
50,1373,0.0
50,1374,0.0
50,1375,0.13333333333333333
50,1376,0.26666666666666666
50,1377,0.03333333333333333
50,1378,0.1
50,1379,0.23333333333333334
50,1380,0.0
50,1381,0.06666666666666667
50,1382,0.5666666666666667
50,1383,0.0
50,1384,0.23333333333333334
50,1385,0.13333333333333333
50,1386,0.36666666666666664
50,1387,0.0
50,1388,0.5333333333333333
50,1389,0.0
50,1390,0.0
50,1391,0.06666666666666667
50,1392,0.0
50,1393,0.0
50,1394,0.1
50,1395,0.0
50,1396,0.16666666666666666
50,1397,0.7333333333333333
50,1398,0.13333333333333333
50,1399,0.0
50,1400,0.6666666666666666
50,1401,0.0
50,1402,0.06666666666666667
50,1403,0.1
50,1404,0.0
50,1405,0.03333333333333333
50,1406,0.3333333333333333
50,1407,0.0
50,1408,0.0
50,1409,0.5
50,1410,0.36666666666666664
50,1411,0.36666666666666664
50,1412,0.03333333333333333
50,1413,0.43333333333333335
50,1414,0.16666666666666666
50,1415,0.06666666666666667
50,1416,0.0
50,1417,0.5
50,1418,0.0
50,1419,0.3333333333333333
50,1420,0.0
50,1421,0.0
50,1422,0.7333333333333333
50,1423,0.0
50,1424,0.1
50,1425,0.5333333333333333
50,1426,0.06666666666666667
50,1427,0.0
50,1428,0.7666666666666667
50,1429,0.13333333333333333
50,1430,0.36666666666666664
50,1431,0.0
50,1432,0.4
50,1433,0.0
50,1434,0.0
50,1435,0.0
50,1436,0.3
50,1437,0.2
50,1438,0.0
50,1439,0.0
50,1440,0.03333333333333333
50,1441,0.13333333333333333
50,1442,0.26666666666666666
50,1443,0.03333333333333333
50,1444,0.0
50,1445,0.3333333333333333
50,1446,0.0
50,1447,0.23333333333333334
50,1448,0.26666666666666666
50,1449,0.03333333333333333
50,1450,0.8333333333333334
50,1451,0.3
50,1452,0.4666666666666667
50,1453,0.6
50,1454,0.0
50,1455,0.03333333333333333
50,1456,0.23333333333333334
50,1457,0.3333333333333333
50,1458,0.3
50,1459,0.5666666666666667
50,1460,0.03333333333333333
50,1461,0.26666666666666666
50,1462,0.0
50,1463,0.03333333333333333
50,1464,0.06666666666666667
50,1465,0.0
50,1466,0.0
50,1467,0.0
50,1468,0.0
50,1469,0.16666666666666666
50,1470,0.36666666666666664
50,1471,0.0
50,1472,0.3333333333333333
50,1473,0.23333333333333334
50,1474,0.0
50,1475,0.0
50,1476,0.0
50,1477,0.4
50,1478,0.43333333333333335
50,1479,0.1
50,1480,0.0
50,1481,0.1
50,1482,0.06666666666666667
50,1483,0.0
50,1484,0.36666666666666664
50,1485,0.5
50,1486,0.03333333333333333
50,1487,0.5
50,1488,0.4
50,1489,0.23333333333333334
50,1490,0.0
50,1491,0.0
50,1492,0.3333333333333333
50,1493,0.7
50,1494,0.06666666666666667
50,1495,0.0
50,1496,0.03333333333333333
50,1497,0.36666666666666664
50,1498,0.5333333333333333
50,1499,0.8666666666666667
50,1500,0.16666666666666666
50,1501,0.0
50,1502,0.0
50,1503,0.3333333333333333
50,1504,0.03333333333333333
50,1505,0.5666666666666667
50,1506,0.0
50,1507,0.2
50,1508,0.06666666666666667
50,1509,0.5333333333333333
50,1510,0.06666666666666667
50,1511,0.3
50,1512,0.7333333333333333
50,1513,0.06666666666666667
50,1514,0.2
50,1515,0.5333333333333333
50,1516,0.23333333333333334
50,1517,0.0
50,1518,0.16666666666666666
50,1519,0.03333333333333333
50,1520,0.2
50,1521,0.16666666666666666
50,1522,0.3
50,1523,0.0
50,1524,0.13333333333333333
50,1525,0.7666666666666667
50,1526,0.26666666666666666
50,1527,0.0
50,1528,0.6
50,1529,0.03333333333333333
50,1530,0.0
50,1531,0.5666666666666667
50,1532,0.06666666666666667
50,1533,0.0
50,1534,0.16666666666666666
50,1535,0.3333333333333333
50,1536,0.03333333333333333
50,1537,0.03333333333333333
50,1538,0.3
50,1539,0.06666666666666667
50,1540,0.0
50,1541,0.13333333333333333
50,1542,0.03333333333333333
50,1543,0.1
50,1544,0.3
50,1545,0.3333333333333333
50,1546,0.6666666666666666
50,1547,0.2
50,1548,0.06666666666666667
50,1549,0.26666666666666666
50,1550,0.3333333333333333
50,1551,0.16666666666666666
50,1552,0.26666666666666666
50,1553,0.06666666666666667
50,1554,0.26666666666666666
50,1555,0.03333333333333333
50,1556,0.0
50,1557,0.36666666666666664
50,1558,0.9666666666666667
50,1559,0.4666666666666667
50,1560,0.6333333333333333
50,1561,0.0
50,1562,0.13333333333333333
50,1563,0.0
50,1564,0.06666666666666667
50,1565,0.0
50,1566,0.43333333333333335
50,1567,0.06666666666666667
50,1568,0.2
50,1569,0.13333333333333333
50,1570,0.03333333333333333
50,1571,0.0
50,1572,0.16666666666666666
50,1573,0.13333333333333333
50,1574,0.03333333333333333
50,1575,0.0
50,1576,0.3333333333333333
50,1577,0.03333333333333333
50,1578,0.03333333333333333
50,1579,0.8333333333333334
50,1580,0.06666666666666667
50,1581,0.36666666666666664
50,1582,0.0
50,1583,0.0
50,1584,0.0
50,1585,0.3
50,1586,0.23333333333333334
50,1587,0.3
50,1588,0.23333333333333334
50,1589,0.26666666666666666
50,1590,0.3
50,1591,0.0
50,1592,0.0
50,1593,0.2
50,1594,0.06666666666666667
50,1595,0.16666666666666666
50,1596,0.36666666666666664
50,1597,0.7333333333333333
50,1598,0.5666666666666667
50,1599,0.03333333333333333
50,1600,0.16666666666666666
50,1601,0.03333333333333333
50,1602,0.23333333333333334
50,1603,0.7333333333333333
50,1604,0.03333333333333333
50,1605,0.03333333333333333
50,1606,0.26666666666666666
50,1607,0.13333333333333333
50,1608,0.2
50,1609,0.2
50,1610,0.0
50,1611,0.7333333333333333
50,1612,0.06666666666666667
50,1613,0.4
50,1614,0.26666666666666666
50,1615,0.0
50,1616,0.0
50,1617,0.23333333333333334
50,1618,0.23333333333333334
50,1619,0.06666666666666667
50,1620,0.0
50,1621,0.06666666666666667
50,1622,0.0
50,1623,0.2
50,1624,0.06666666666666667
50,1625,0.06666666666666667
50,1626,0.36666666666666664
50,1627,0.43333333333333335
50,1628,0.5
50,1629,0.0
50,1630,0.0
50,1631,0.0
50,1632,0.36666666666666664
50,1633,0.8
50,1634,0.03333333333333333
50,1635,0.06666666666666667
50,1636,0.4
50,1637,0.06666666666666667
50,1638,0.26666666666666666
50,1639,0.1
50,1640,0.3333333333333333
50,1641,0.2
50,1642,0.16666666666666666
50,1643,0.0
50,1644,0.16666666666666666
50,1645,0.0
50,1646,0.23333333333333334
50,1647,0.3333333333333333
50,1648,0.3
50,1649,0.3333333333333333
50,1650,0.03333333333333333
50,1651,0.0
50,1652,0.06666666666666667
50,1653,0.36666666666666664
50,1654,0.03333333333333333
50,1655,0.23333333333333334
50,1656,0.0
50,1657,0.13333333333333333
50,1658,0.03333333333333333
50,1659,0.3333333333333333
50,1660,0.0
50,1661,0.8333333333333334
50,1662,0.0
50,1663,0.3
50,1664,0.1
50,1665,0.7333333333333333
50,1666,0.0
50,1667,0.06666666666666667
50,1668,0.23333333333333334
50,1669,0.03333333333333333
50,1670,0.8666666666666667
50,1671,0.7
50,1672,0.03333333333333333
50,1673,0.0
50,1674,0.0
50,1675,0.0
50,1676,0.0
50,1677,0.0
50,1678,0.3
50,1679,0.0
50,1680,0.0
50,1681,0.23333333333333334
50,1682,0.03333333333333333
50,1683,0.0
50,1684,0.0
50,1685,0.36666666666666664
50,1686,0.3
50,1687,0.5
50,1688,0.4666666666666667
50,1689,0.06666666666666667
50,1690,0.06666666666666667
50,1691,0.0
50,1692,0.4
50,1693,0.0
50,1694,0.36666666666666664
50,1695,0.06666666666666667
50,1696,0.06666666666666667
50,1697,0.16666666666666666
50,1698,0.36666666666666664
50,1699,0.4666666666666667
50,1700,0.0
50,1701,0.0
50,1702,0.8
50,1703,0.3333333333333333
50,1704,0.0
50,1705,0.06666666666666667
50,1706,0.5
50,1707,0.2
50,1708,0.16666666666666666
50,1709,0.4
50,1710,0.0
50,1711,0.0
50,1712,0.0
50,1713,0.06666666666666667
50,1714,0.06666666666666667
50,1715,0.36666666666666664
50,1716,0.23333333333333334
50,1717,0.36666666666666664
50,1718,0.0
50,1719,0.4666666666666667
50,1720,0.0
50,1721,0.03333333333333333
50,1722,0.0
50,1723,0.43333333333333335
50,1724,0.3
50,1725,0.36666666666666664
50,1726,0.06666666666666667
50,1727,0.03333333333333333
50,1728,0.5333333333333333
50,1729,0.7
50,1730,0.3333333333333333
50,1731,0.16666666666666666
50,1732,0.03333333333333333
50,1733,0.03333333333333333
50,1734,0.2
50,1735,0.6666666666666666
50,1736,0.3333333333333333
50,1737,0.0
50,1738,0.6666666666666666
50,1739,0.0
50,1740,0.6666666666666666
50,1741,0.0
50,1742,0.4666666666666667
50,1743,0.1
50,1744,0.16666666666666666
50,1745,0.23333333333333334
50,1746,0.0
50,1747,0.0
50,1748,0.3333333333333333
50,1749,0.23333333333333334
50,1750,0.03333333333333333
50,1751,0.0
50,1752,0.26666666666666666
50,1753,0.0
50,1754,0.1
50,1755,0.0
50,1756,0.26666666666666666
50,1757,0.3
50,1758,0.16666666666666666
50,1759,0.2
50,1760,0.23333333333333334
50,1761,0.13333333333333333
50,1762,0.5333333333333333
50,1763,0.16666666666666666
50,1764,0.0
50,1765,0.13333333333333333
50,1766,0.0
50,1767,0.0
50,1768,0.6666666666666666
50,1769,0.5333333333333333
50,1770,0.0
50,1771,0.0
50,1772,0.8666666666666667
50,1773,0.4666666666666667
50,1774,0.03333333333333333
50,1775,0.43333333333333335
50,1776,0.3333333333333333
50,1777,0.6666666666666666
50,1778,0.13333333333333333
50,1779,0.6666666666666666
50,1780,0.36666666666666664
50,1781,0.0
50,1782,0.3333333333333333
50,1783,0.0
50,1784,0.0
50,1785,0.8333333333333334
50,1786,0.0
50,1787,0.06666666666666667
50,1788,0.3333333333333333
50,1789,0.06666666666666667
50,1790,0.16666666666666666
50,1791,0.03333333333333333
50,1792,0.3
50,1793,0.13333333333333333
50,1794,0.0
50,1795,0.06666666666666667
50,1796,0.1
50,1797,0.2
50,1798,0.0
50,1799,0.16666666666666666
50,1800,0.13333333333333333
50,1801,0.1
50,1802,0.0
50,1803,0.06666666666666667
50,1804,0.4
50,1805,0.7333333333333333
50,1806,0.0
50,1807,0.4666666666666667
50,1808,0.4666666666666667
50,1809,0.0
50,1810,0.0
50,1811,0.03333333333333333
50,1812,0.7
50,1813,0.1
50,1814,0.2
50,1815,0.16666666666666666
50,1816,0.06666666666666667
50,1817,0.1
50,1818,0.9666666666666667
50,1819,0.13333333333333333
50,1820,0.43333333333333335
50,1821,0.0
50,1822,0.36666666666666664
50,1823,0.6
50,1824,0.06666666666666667
50,1825,0.13333333333333333
50,1826,0.03333333333333333
50,1827,0.03333333333333333
50,1828,0.16666666666666666
50,1829,0.5
50,1830,0.16666666666666666
50,1831,0.6
50,1832,0.2
50,1833,0.26666666666666666
50,1834,0.0
50,1835,0.13333333333333333
50,1836,0.6333333333333333
50,1837,0.03333333333333333
50,1838,0.0
50,1839,0.0
50,1840,0.1
50,1841,0.16666666666666666
50,1842,0.06666666666666667
50,1843,0.3333333333333333
50,1844,0.0
50,1845,0.03333333333333333
50,1846,0.13333333333333333
50,1847,0.0
50,1848,0.0
50,1849,0.03333333333333333
50,1850,0.06666666666666667
50,1851,0.2
50,1852,0.0
50,1853,0.0
50,1854,0.0
50,1855,0.0
50,1856,0.0
50,1857,0.23333333333333334
50,1858,0.0
50,1859,0.0
50,1860,0.13333333333333333
50,1861,0.13333333333333333
50,1862,0.5333333333333333
50,1863,0.6333333333333333
50,1864,0.2
50,1865,0.5
50,1866,0.03333333333333333
50,1867,0.6
50,1868,0.0
50,1869,0.4666666666666667
50,1870,0.0
50,1871,0.03333333333333333
50,1872,0.16666666666666666
50,1873,0.23333333333333334
50,1874,0.0
50,1875,0.5
50,1876,0.03333333333333333
50,1877,0.0
50,1878,0.13333333333333333
50,1879,0.16666666666666666
50,1880,0.2
50,1881,0.2
50,1882,0.06666666666666667
50,1883,0.26666666666666666
50,1884,0.4
50,1885,0.36666666666666664
50,1886,0.0
50,1887,0.0
50,1888,0.03333333333333333
50,1889,0.06666666666666667
50,1890,0.06666666666666667
50,1891,0.3333333333333333
50,1892,0.13333333333333333
50,1893,0.0
50,1894,0.3333333333333333
50,1895,0.0
50,1896,0.23333333333333334
50,1897,0.16666666666666666
50,1898,0.26666666666666666
50,1899,0.03333333333333333
50,1900,0.0
50,1901,0.1
50,1902,0.06666666666666667
50,1903,0.0
50,1904,0.03333333333333333
50,1905,0.0
50,1906,0.06666666666666667
50,1907,0.0
50,1908,0.16666666666666666
50,1909,0.0
50,1910,0.5666666666666667
50,1911,0.4666666666666667
50,1912,0.0
50,1913,0.36666666666666664
50,1914,0.0
50,1915,0.0
50,1916,0.2
50,1917,0.03333333333333333
50,1918,0.1
50,1919,0.0
50,1920,0.06666666666666667
50,1921,0.03333333333333333
50,1922,0.5666666666666667
50,1923,0.5
50,1924,0.0
50,1925,0.16666666666666666
50,1926,0.6
50,1927,0.26666666666666666
50,1928,0.0
50,1929,0.16666666666666666
50,1930,0.4666666666666667
50,1931,0.06666666666666667
50,1932,0.0
50,1933,0.23333333333333334
50,1934,0.0
50,1935,0.03333333333333333
50,1936,0.0
50,1937,0.0
50,1938,0.13333333333333333
50,1939,0.6333333333333333
50,1940,0.26666666666666666
50,1941,0.13333333333333333
50,1942,0.0
50,1943,0.3333333333333333
50,1944,0.23333333333333334
50,1945,0.03333333333333333
50,1946,0.7
50,1947,0.3
50,1948,0.5
50,1949,0.0
50,1950,0.36666666666666664
50,1951,0.3333333333333333
50,1952,0.2
50,1953,0.03333333333333333
50,1954,0.5666666666666667
50,1955,0.3
50,1956,0.0
50,1957,0.0
50,1958,0.0
50,1959,0.8666666666666667
50,1960,0.0
50,1961,0.43333333333333335
50,1962,0.06666666666666667
50,1963,0.0
50,1964,0.4666666666666667
50,1965,0.3
50,1966,0.03333333333333333
50,1967,0.5
50,1968,0.5333333333333333
50,1969,0.0
50,1970,0.43333333333333335
50,1971,0.7666666666666667
50,1972,0.13333333333333333
50,1973,0.1
50,1974,0.0
50,1975,0.03333333333333333
50,1976,0.0
50,1977,0.1
50,1978,0.0
50,1979,0.5333333333333333
50,1980,0.0
50,1981,0.0
50,1982,0.6333333333333333
50,1983,0.4666666666666667
50,1984,0.5
50,1985,0.03333333333333333
50,1986,0.0
50,1987,0.03333333333333333
50,1988,0.1
50,1989,0.0
50,1990,0.6333333333333333
50,1991,0.13333333333333333
50,1992,0.03333333333333333
50,1993,0.7
50,1994,0.6666666666666666
50,1995,0.13333333333333333
50,1996,0.13333333333333333
50,1997,0.03333333333333333
50,1998,0.0
50,1999,0.3333333333333333
50,2000,0.6666666666666666
50,2001,0.7
50,2002,0.4
50,2003,0.03333333333333333
50,2004,0.0
50,2005,0.16666666666666666
50,2006,0.03333333333333333
50,2007,0.7
50,2008,0.03333333333333333
50,2009,0.0
50,2010,0.3333333333333333
50,2011,0.06666666666666667
50,2012,0.16666666666666666
50,2013,0.23333333333333334
50,2014,0.7666666666666667
50,2015,0.0
50,2016,0.4666666666666667
50,2017,0.4
50,2018,0.03333333333333333
50,2019,0.06666666666666667
50,2020,0.0
50,2021,0.0
50,2022,0.26666666666666666
50,2023,0.3333333333333333
50,2024,0.36666666666666664
50,2025,0.0
50,2026,0.23333333333333334
50,2027,0.5333333333333333
50,2028,0.16666666666666666
50,2029,0.3333333333333333
50,2030,0.36666666666666664
50,2031,0.23333333333333334
50,2032,0.7666666666666667
50,2033,0.03333333333333333
50,2034,0.26666666666666666
50,2035,0.0
50,2036,0.0
50,2037,0.06666666666666667
50,2038,0.7333333333333333
50,2039,0.16666666666666666
50,2040,0.6
50,2041,0.36666666666666664
50,2042,0.0
50,2043,0.03333333333333333
50,2044,0.2
50,2045,0.03333333333333333
50,2046,0.36666666666666664
50,2047,0.26666666666666666
50,2048,0.0
50,2049,0.3
50,2050,0.1
50,2051,0.03333333333333333
50,2052,0.0
50,2053,0.6333333333333333
50,2054,0.1
50,2055,0.2
50,2056,0.03333333333333333
50,2057,0.06666666666666667
50,2058,0.06666666666666667
50,2059,0.2
50,2060,0.06666666666666667
50,2061,0.03333333333333333
50,2062,0.03333333333333333
50,2063,0.0
50,2064,0.3333333333333333
50,2065,0.0
50,2066,0.06666666666666667
50,2067,0.6333333333333333
50,2068,0.3
50,2069,0.1
50,2070,0.0
50,2071,0.03333333333333333
50,2072,0.43333333333333335
50,2073,0.23333333333333334
50,2074,0.0
50,2075,0.16666666666666666
50,2076,0.03333333333333333
50,2077,0.3
50,2078,0.03333333333333333
50,2079,0.43333333333333335
50,2080,0.16666666666666666
50,2081,0.7666666666666667
50,2082,0.13333333333333333
50,2083,0.0
50,2084,0.16666666666666666
50,2085,0.03333333333333333
50,2086,0.2
50,2087,0.0
50,2088,0.43333333333333335
50,2089,0.6
50,2090,0.6
50,2091,0.5666666666666667
50,2092,0.7333333333333333
50,2093,0.0
50,2094,0.13333333333333333
50,2095,0.0
50,2096,0.1
50,2097,0.6666666666666666
50,2098,0.0
50,2099,0.03333333333333333
50,2100,0.5666666666666667
50,2101,0.0
50,2102,0.2
50,2103,0.0
50,2104,0.0
50,2105,0.0
50,2106,0.1
50,2107,0.4
50,2108,0.23333333333333334
50,2109,0.3333333333333333
50,2110,0.0
50,2111,0.7
50,2112,0.7666666666666667
50,2113,0.03333333333333333
50,2114,0.0
50,2115,0.03333333333333333
50,2116,0.36666666666666664
50,2117,0.23333333333333334
50,2118,0.03333333333333333
50,2119,0.13333333333333333
50,2120,0.1
50,2121,0.0
50,2122,0.43333333333333335
50,2123,0.6333333333333333
50,2124,0.0
50,2125,0.8
50,2126,0.3333333333333333
50,2127,0.0
50,2128,0.36666666666666664
50,2129,0.26666666666666666
50,2130,0.8
50,2131,0.6666666666666666
50,2132,0.9
50,2133,0.8
50,2134,0.16666666666666666
50,2135,0.6
50,2136,0.13333333333333333
50,2137,0.3
50,2138,0.7333333333333333
50,2139,0.06666666666666667
50,2140,0.0
50,2141,0.1
50,2142,0.0
50,2143,0.7666666666666667
50,2144,0.3
50,2145,0.23333333333333334
50,2146,0.2
50,2147,0.4666666666666667
50,2148,0.13333333333333333
50,2149,0.36666666666666664
50,2150,0.06666666666666667
50,2151,0.0
50,2152,0.4
50,2153,0.0
50,2154,0.03333333333333333
50,2155,0.06666666666666667
50,2156,0.13333333333333333
50,2157,0.8333333333333334
50,2158,0.0
50,2159,0.0
50,2160,0.1
50,2161,0.0
50,2162,0.0
50,2163,0.1
50,2164,0.9333333333333333
50,2165,0.06666666666666667
50,2166,0.0
50,2167,0.1
50,2168,0.13333333333333333
50,2169,0.1
50,2170,0.0
50,2171,0.0
50,2172,0.5
50,2173,0.0
50,2174,0.03333333333333333
50,2175,0.5
50,2176,0.0
50,2177,0.3333333333333333
50,2178,0.0
50,2179,0.3
50,2180,0.13333333333333333
50,2181,0.3
50,2182,0.1
50,2183,0.03333333333333333
50,2184,0.0
50,2185,0.03333333333333333
50,2186,0.0
50,2187,0.0
50,2188,0.6
50,2189,0.0
50,2190,0.16666666666666666
50,2191,0.16666666666666666
50,2192,0.13333333333333333
50,2193,0.1
50,2194,0.06666666666666667
50,2195,0.0
50,2196,0.16666666666666666
50,2197,0.0
50,2198,0.5666666666666667
50,2199,0.13333333333333333
50,2200,0.4666666666666667
50,2201,0.0
50,2202,0.3333333333333333
50,2203,0.0
50,2204,0.0
50,2205,0.4
50,2206,0.1
50,2207,0.5
50,2208,0.4666666666666667
50,2209,0.13333333333333333
50,2210,0.03333333333333333
50,2211,0.03333333333333333
50,2212,0.23333333333333334
50,2213,0.5
50,2214,0.03333333333333333
50,2215,0.0
50,2216,0.1
50,2217,0.0
50,2218,0.0
50,2219,0.4666666666666667
50,2220,0.0
50,2221,0.3
50,2222,0.06666666666666667
50,2223,0.4
50,2224,0.16666666666666666
50,2225,0.36666666666666664
50,2226,0.0
50,2227,0.16666666666666666
50,2228,0.03333333333333333
50,2229,0.06666666666666667
50,2230,0.1
50,2231,0.13333333333333333
50,2232,0.03333333333333333
50,2233,0.7666666666666667
50,2234,0.9666666666666667
50,2235,0.0
50,2236,0.23333333333333334
50,2237,0.5
50,2238,0.16666666666666666
50,2239,0.0
50,2240,0.03333333333333333
50,2241,0.43333333333333335
50,2242,0.16666666666666666
50,2243,0.0
50,2244,0.03333333333333333
50,2245,0.13333333333333333
50,2246,0.0
50,2247,0.06666666666666667
50,2248,0.0
50,2249,0.2
50,2250,0.0
50,2251,0.3
50,2252,0.26666666666666666
50,2253,0.0
50,2254,0.16666666666666666
50,2255,0.03333333333333333
50,2256,0.03333333333333333
50,2257,0.0
50,2258,0.03333333333333333
50,2259,0.1
50,2260,0.03333333333333333
50,2261,0.23333333333333334
50,2262,0.0
50,2263,0.5
50,2264,0.13333333333333333
50,2265,0.0
50,2266,0.5666666666666667
50,2267,0.0
50,2268,0.1
50,2269,0.13333333333333333
50,2270,0.3333333333333333
50,2271,0.0
50,2272,0.6333333333333333
50,2273,0.0
50,2274,0.0
50,2275,0.23333333333333334
50,2276,0.0
50,2277,0.0
50,2278,0.3
50,2279,0.7
50,2280,0.13333333333333333
50,2281,0.0
50,2282,0.3333333333333333
50,2283,0.03333333333333333
50,2284,0.8333333333333334
50,2285,0.23333333333333334
50,2286,0.8333333333333334
50,2287,0.0
50,2288,0.3333333333333333
50,2289,0.8666666666666667
50,2290,0.5666666666666667
50,2291,0.16666666666666666
50,2292,0.13333333333333333
50,2293,0.0
50,2294,0.03333333333333333
50,2295,0.6
50,2296,0.0
50,2297,0.06666666666666667
50,2298,0.43333333333333335
50,2299,0.0
50,2300,0.06666666666666667
50,2301,0.0
50,2302,0.43333333333333335
50,2303,0.2
50,2304,0.0
50,2305,0.1
50,2306,0.06666666666666667
50,2307,0.5
50,2308,0.2
50,2309,0.06666666666666667
50,2310,0.1
50,2311,0.2
50,2312,0.06666666666666667
50,2313,0.0
50,2314,0.3
50,2315,0.16666666666666666
50,2316,0.5
50,2317,0.2
50,2318,0.16666666666666666
50,2319,0.06666666666666667
50,2320,0.0
50,2321,0.0
50,2322,0.0
50,2323,0.13333333333333333
50,2324,0.2
50,2325,0.06666666666666667
50,2326,0.03333333333333333
50,2327,0.06666666666666667
50,2328,0.0
50,2329,0.0
50,2330,0.13333333333333333
50,2331,0.06666666666666667
50,2332,0.1
50,2333,0.1
50,2334,0.0
50,2335,0.03333333333333333
50,2336,0.06666666666666667
50,2337,0.0
50,2338,0.0
50,2339,0.36666666666666664
50,2340,0.6333333333333333
50,2341,0.16666666666666666
50,2342,0.0
50,2343,0.43333333333333335
50,2344,0.5333333333333333
50,2345,0.8666666666666667
50,2346,0.2
50,2347,0.0
50,2348,0.16666666666666666
50,2349,0.06666666666666667
50,2350,0.3333333333333333
50,2351,0.0
50,2352,0.0
50,2353,0.36666666666666664
50,2354,0.16666666666666666
50,2355,0.43333333333333335
50,2356,0.0
50,2357,0.06666666666666667
50,2358,0.23333333333333334
50,2359,0.7
50,2360,0.26666666666666666
50,2361,0.6666666666666666
50,2362,0.2
50,2363,0.3333333333333333
50,2364,0.16666666666666666
50,2365,0.8333333333333334
50,2366,0.0
50,2367,0.2
50,2368,0.0
50,2369,0.8
50,2370,0.0
50,2371,0.5
50,2372,0.9
50,2373,0.23333333333333334
50,2374,0.2
50,2375,0.0
50,2376,0.23333333333333334
50,2377,0.3333333333333333
50,2378,0.06666666666666667
50,2379,0.0
50,2380,0.26666666666666666
50,2381,0.0
50,2382,0.0
50,2383,0.5
50,2384,0.03333333333333333
50,2385,0.13333333333333333
50,2386,0.3
50,2387,0.36666666666666664
50,2388,0.36666666666666664
50,2389,0.0
50,2390,0.8
50,2391,0.0
50,2392,0.0
50,2393,0.1
50,2394,0.13333333333333333
50,2395,0.0
50,2396,0.3
50,2397,0.43333333333333335
50,2398,0.0
50,2399,0.0
50,2400,0.1
50,2401,0.13333333333333333
50,2402,0.13333333333333333
50,2403,0.3
50,2404,0.13333333333333333
50,2405,0.0
50,2406,0.0
50,2407,0.1
50,2408,0.0
50,2409,0.4666666666666667
50,2410,0.06666666666666667
50,2411,0.3
50,2412,0.03333333333333333
50,2413,0.03333333333333333
50,2414,0.0
50,2415,0.03333333333333333
50,2416,0.26666666666666666
50,2417,0.4666666666666667
50,2418,0.0
50,2419,0.23333333333333334
50,2420,0.0
50,2421,0.03333333333333333
50,2422,0.1
50,2423,0.16666666666666666
50,2424,0.1
50,2425,0.0
50,2426,0.2
50,2427,0.03333333333333333
50,2428,0.3333333333333333
50,2429,0.1
50,2430,0.03333333333333333
50,2431,0.06666666666666667
50,2432,0.16666666666666666
50,2433,0.0
50,2434,0.5333333333333333
50,2435,0.5666666666666667
50,2436,0.26666666666666666
50,2437,0.1
50,2438,0.5
50,2439,0.06666666666666667
50,2440,0.06666666666666667
50,2441,0.0
50,2442,0.4666666666666667
50,2443,0.4666666666666667
50,2444,0.1
50,2445,0.03333333333333333
50,2446,0.5666666666666667
50,2447,0.0
50,2448,0.06666666666666667
50,2449,0.03333333333333333
50,2450,0.2
50,2451,0.16666666666666666
50,2452,0.1
50,2453,0.26666666666666666
50,2454,0.03333333333333333
50,2455,0.0
50,2456,0.1
50,2457,0.03333333333333333
50,2458,0.0
50,2459,0.6333333333333333
50,2460,0.5333333333333333
50,2461,0.0
50,2462,0.23333333333333334
50,2463,0.3333333333333333
50,2464,0.0
50,2465,0.3
50,2466,0.5666666666666667
50,2467,0.4
50,2468,0.13333333333333333
50,2469,0.6666666666666666
50,2470,0.1
50,2471,0.06666666666666667
50,2472,0.03333333333333333
50,2473,0.7333333333333333
50,2474,0.0
50,2475,0.4666666666666667
50,2476,0.0
50,2477,0.0
50,2478,0.0
50,2479,0.13333333333333333
50,2480,0.5333333333333333
50,2481,0.9333333333333333
50,2482,0.5
50,2483,0.36666666666666664
50,2484,0.0
50,2485,0.0
50,2486,0.0
50,2487,0.8333333333333334
50,2488,0.23333333333333334
50,2489,0.16666666666666666
50,2490,0.0
50,2491,0.0
50,2492,0.0
50,2493,0.13333333333333333
50,2494,0.5
50,2495,0.03333333333333333
50,2496,0.5
50,2497,0.4666666666666667
50,2498,0.0
50,2499,0.0
50,2500,0.0
50,2501,0.16666666666666666
50,2502,0.36666666666666664
50,2503,0.0
50,2504,0.13333333333333333
50,2505,0.0
50,2506,0.8
50,2507,0.26666666666666666
50,2508,0.03333333333333333
50,2509,0.4
50,2510,0.23333333333333334
50,2511,0.36666666666666664
50,2512,0.16666666666666666
50,2513,0.16666666666666666
50,2514,0.16666666666666666
50,2515,0.03333333333333333
50,2516,0.23333333333333334
50,2517,0.03333333333333333
50,2518,0.13333333333333333
50,2519,0.06666666666666667
50,2520,0.0
50,2521,0.06666666666666667
50,2522,0.03333333333333333
50,2523,0.23333333333333334
50,2524,0.0
50,2525,0.5666666666666667
50,2526,0.0
50,2527,0.36666666666666664
50,2528,0.03333333333333333
50,2529,0.3333333333333333
50,2530,0.03333333333333333
50,2531,0.0
50,2532,0.0
50,2533,0.2
50,2534,0.0
50,2535,0.7
50,2536,0.0
50,2537,0.0
50,2538,0.0
50,2539,0.03333333333333333
50,2540,0.0
50,2541,0.0
50,2542,0.4666666666666667
50,2543,0.13333333333333333
50,2544,0.0
50,2545,0.0
50,2546,0.2
50,2547,0.13333333333333333
50,2548,0.0
50,2549,0.5
50,2550,0.03333333333333333
50,2551,0.8333333333333334
50,2552,0.0
50,2553,0.03333333333333333
50,2554,0.2
50,2555,0.36666666666666664
50,2556,0.1
50,2557,0.0
50,2558,0.7
50,2559,0.03333333333333333
50,2560,0.03333333333333333
50,2561,0.6333333333333333
50,2562,0.6
50,2563,0.0
50,2564,0.6666666666666666
50,2565,0.0
50,2566,0.23333333333333334
50,2567,0.26666666666666666
50,2568,0.0
50,2569,0.0
50,2570,0.0
50,2571,0.3
50,2572,0.16666666666666666
50,2573,0.0
50,2574,0.0
50,2575,0.06666666666666667
50,2576,0.7333333333333333
50,2577,0.43333333333333335
50,2578,0.3
50,2579,0.1
50,2580,0.6666666666666666
50,2581,0.13333333333333333
50,2582,0.2
50,2583,0.43333333333333335
50,2584,0.0
50,2585,0.0
50,2586,0.2
50,2587,0.23333333333333334
50,2588,0.0
50,2589,0.1
50,2590,0.23333333333333334
50,2591,0.06666666666666667
50,2592,0.0
50,2593,0.6333333333333333
50,2594,0.3333333333333333
50,2595,0.03333333333333333
50,2596,0.36666666666666664
50,2597,0.6666666666666666
50,2598,0.03333333333333333
50,2599,0.0
50,2600,0.03333333333333333
50,2601,0.06666666666666667
50,2602,0.0
50,2603,0.0
50,2604,0.3333333333333333
50,2605,0.0
50,2606,0.0
50,2607,0.0
50,2608,0.6666666666666666
50,2609,0.13333333333333333
50,2610,0.0
50,2611,0.2
50,2612,0.0
50,2613,0.5333333333333333
50,2614,0.0
50,2615,0.3
50,2616,0.7666666666666667
50,2617,0.0
50,2618,0.03333333333333333
50,2619,0.0
50,2620,0.7
50,2621,0.0
50,2622,0.0
50,2623,0.4
50,2624,0.3333333333333333
50,2625,0.06666666666666667
50,2626,0.03333333333333333
50,2627,0.0
50,2628,0.1
50,2629,0.26666666666666666
50,2630,0.0
50,2631,0.23333333333333334
50,2632,0.0
50,2633,0.06666666666666667
50,2634,0.13333333333333333
50,2635,0.5
50,2636,0.5
50,2637,0.26666666666666666
50,2638,0.0
50,2639,0.3333333333333333
50,2640,0.1
50,2641,0.3333333333333333
50,2642,0.0
50,2643,0.0
50,2644,0.0
50,2645,0.0
50,2646,0.03333333333333333
50,2647,0.0
50,2648,0.1
50,2649,0.16666666666666666
50,2650,0.0
50,2651,0.06666666666666667
50,2652,0.8333333333333334
50,2653,0.0
50,2654,0.0
50,2655,0.16666666666666666
50,2656,0.1
50,2657,0.0
50,2658,0.13333333333333333
50,2659,0.03333333333333333
50,2660,0.5333333333333333
50,2661,0.2
50,2662,0.0
50,2663,0.3
50,2664,0.03333333333333333
50,2665,0.03333333333333333
50,2666,0.1
50,2667,0.06666666666666667
50,2668,0.03333333333333333
50,2669,0.43333333333333335
50,2670,0.13333333333333333
50,2671,0.0
50,2672,0.2
50,2673,0.03333333333333333
50,2674,0.0
50,2675,0.1
50,2676,0.36666666666666664
50,2677,0.0
50,2678,0.3333333333333333
50,2679,0.26666666666666666
50,2680,0.3
50,2681,0.0
50,2682,0.0
50,2683,0.16666666666666666
50,2684,0.43333333333333335
50,2685,0.0
50,2686,0.0
50,2687,0.13333333333333333
50,2688,0.3
50,2689,0.03333333333333333
50,2690,0.16666666666666666
50,2691,0.03333333333333333
50,2692,0.1
50,2693,0.16666666666666666
50,2694,0.0
50,2695,0.13333333333333333
50,2696,0.03333333333333333
50,2697,0.0
50,2698,0.0
50,2699,0.43333333333333335
50,2700,0.0
50,2701,0.3333333333333333
50,2702,0.0
50,2703,0.0
50,2704,0.3
50,2705,0.06666666666666667
50,2706,0.1
50,2707,0.0
50,2708,0.3333333333333333
50,2709,0.43333333333333335
50,2710,0.3
50,2711,0.3
50,2712,0.36666666666666664
50,2713,0.0
50,2714,0.43333333333333335
50,2715,0.4
50,2716,0.06666666666666667
50,2717,0.26666666666666666
50,2718,0.5
50,2719,0.7666666666666667
50,2720,0.7333333333333333
50,2721,0.5
50,2722,0.3333333333333333
50,2723,0.13333333333333333
50,2724,0.43333333333333335
50,2725,0.13333333333333333
50,2726,0.36666666666666664
50,2727,0.2
50,2728,0.3
50,2729,0.16666666666666666
50,2730,0.03333333333333333
50,2731,0.16666666666666666
50,2732,0.03333333333333333
50,2733,0.13333333333333333
50,2734,0.13333333333333333
50,2735,0.03333333333333333
50,2736,0.5
50,2737,0.06666666666666667
50,2738,0.0
50,2739,0.3333333333333333
50,2740,0.6
50,2741,0.0
50,2742,0.26666666666666666
50,2743,0.16666666666666666
50,2744,0.23333333333333334
50,2745,0.13333333333333333
50,2746,0.3333333333333333
50,2747,0.06666666666666667
50,2748,0.03333333333333333
50,2749,0.2
50,2750,0.0
50,2751,0.0
50,2752,0.03333333333333333
50,2753,0.0
50,2754,0.06666666666666667
50,2755,0.03333333333333333
50,2756,0.26666666666666666
50,2757,0.06666666666666667
50,2758,0.16666666666666666
50,2759,0.13333333333333333
50,2760,0.6
50,2761,0.6
50,2762,0.06666666666666667
50,2763,0.23333333333333334
50,2764,0.36666666666666664
50,2765,0.1
50,2766,0.6333333333333333
50,2767,0.9333333333333333
50,2768,0.06666666666666667
50,2769,0.0
50,2770,0.0
50,2771,0.0
50,2772,0.3
50,2773,0.3
50,2774,0.6333333333333333
50,2775,0.03333333333333333
50,2776,0.5333333333333333
50,2777,0.16666666666666666
50,2778,0.03333333333333333
50,2779,0.0
50,2780,0.03333333333333333
50,2781,0.7
50,2782,0.13333333333333333
50,2783,0.3
50,2784,0.0
50,2785,0.0
50,2786,0.5666666666666667
50,2787,0.13333333333333333
50,2788,0.3
50,2789,0.16666666666666666
50,2790,0.7
50,2791,0.3
50,2792,0.03333333333333333
50,2793,0.26666666666666666
50,2794,0.26666666666666666
50,2795,0.26666666666666666
50,2796,0.7333333333333333
50,2797,0.3
50,2798,0.0
50,2799,0.03333333333333333
50,2800,0.16666666666666666
50,2801,0.0
50,2802,0.23333333333333334
50,2803,0.0
50,2804,0.0
50,2805,0.03333333333333333
50,2806,0.03333333333333333
50,2807,0.13333333333333333
50,2808,0.03333333333333333
50,2809,0.03333333333333333
50,2810,0.6
50,2811,0.0
50,2812,0.43333333333333335
50,2813,0.0
50,2814,0.03333333333333333
50,2815,0.1
50,2816,0.0
50,2817,0.03333333333333333
50,2818,0.4
50,2819,0.06666666666666667
50,2820,0.03333333333333333
50,2821,0.3
50,2822,0.1
50,2823,0.0
50,2824,0.36666666666666664
50,2825,0.36666666666666664
50,2826,0.26666666666666666
50,2827,0.13333333333333333
50,2828,0.03333333333333333
50,2829,0.03333333333333333
50,2830,0.23333333333333334
50,2831,0.03333333333333333
50,2832,0.43333333333333335
50,2833,0.2
50,2834,0.4666666666666667
50,2835,0.0
50,2836,0.1
50,2837,0.26666666666666666
50,2838,0.0
50,2839,0.4
50,2840,0.8
50,2841,0.4
50,2842,0.0
50,2843,0.3
50,2844,0.3
50,2845,0.1
50,2846,0.43333333333333335
50,2847,0.0
50,2848,0.03333333333333333
50,2849,0.4
50,2850,0.43333333333333335
50,2851,0.06666666666666667
50,2852,0.8666666666666667
50,2853,0.36666666666666664
50,2854,0.0
50,2855,0.0
50,2856,0.6
50,2857,0.0
50,2858,0.8666666666666667
50,2859,0.8666666666666667
50,2860,0.36666666666666664
50,2861,0.03333333333333333
50,2862,0.16666666666666666
50,2863,0.36666666666666664
50,2864,0.16666666666666666
50,2865,0.43333333333333335
50,2866,0.06666666666666667
50,2867,0.0
50,2868,0.13333333333333333
50,2869,0.0
50,2870,0.5
50,2871,0.03333333333333333
50,2872,0.2
50,2873,0.0
50,2874,0.0
50,2875,0.16666666666666666
50,2876,0.3
50,2877,0.5
50,2878,0.0
50,2879,0.5666666666666667
50,2880,0.4
50,2881,0.5333333333333333
50,2882,0.03333333333333333
50,2883,0.0
50,2884,0.7666666666666667
50,2885,0.3
50,2886,0.5333333333333333
50,2887,0.3333333333333333
50,2888,0.0
50,2889,0.0
50,2890,0.6666666666666666
50,2891,0.0
50,2892,0.23333333333333334
50,2893,0.6333333333333333
50,2894,0.0
50,2895,0.5333333333333333
50,2896,0.1
50,2897,0.16666666666666666
50,2898,0.0
50,2899,0.03333333333333333
50,2900,0.0
50,2901,0.16666666666666666
50,2902,0.0
50,2903,0.4
50,2904,0.03333333333333333
50,2905,0.23333333333333334
50,2906,0.36666666666666664
50,2907,0.0
50,2908,0.06666666666666667
50,2909,0.4666666666666667
50,2910,0.13333333333333333
50,2911,0.03333333333333333
50,2912,0.0
50,2913,0.06666666666666667
50,2914,0.3333333333333333
50,2915,0.26666666666666666
50,2916,0.5666666666666667
50,2917,0.43333333333333335
50,2918,0.06666666666666667
50,2919,0.06666666666666667
50,2920,0.0
50,2921,0.5666666666666667
50,2922,0.03333333333333333
50,2923,0.0
50,2924,0.0
50,2925,0.0
50,2926,0.6666666666666666
50,2927,0.03333333333333333
50,2928,0.2
50,2929,0.0
50,2930,0.06666666666666667
50,2931,0.0
50,2932,0.0
50,2933,0.0
50,2934,0.3333333333333333
50,2935,0.0
50,2936,0.2
50,2937,0.0
50,2938,0.9333333333333333
50,2939,0.23333333333333334
50,2940,0.0
50,2941,0.0
50,2942,0.3333333333333333
50,2943,0.0
50,2944,0.0
50,2945,0.03333333333333333
50,2946,0.1
50,2947,0.5
50,2948,0.26666666666666666
50,2949,0.0
50,2950,0.2
50,2951,0.6333333333333333
50,2952,0.5
50,2953,0.1
50,2954,0.06666666666666667
50,2955,0.0
50,2956,0.36666666666666664
50,2957,0.0
50,2958,0.0
50,2959,0.43333333333333335
50,2960,0.5
50,2961,0.23333333333333334
50,2962,0.6333333333333333
50,2963,0.5333333333333333
50,2964,0.03333333333333333
50,2965,0.06666666666666667
50,2966,0.0
50,2967,0.13333333333333333
50,2968,0.23333333333333334
50,2969,0.13333333333333333
50,2970,0.06666666666666667
50,2971,0.9
50,2972,0.0
50,2973,0.0
50,2974,0.0
50,2975,0.1
50,2976,0.06666666666666667
50,2977,0.03333333333333333
50,2978,0.06666666666666667
50,2979,0.23333333333333334
50,2980,0.26666666666666666
50,2981,0.5
50,2982,0.13333333333333333
50,2983,0.06666666666666667
50,2984,0.13333333333333333
50,2985,0.16666666666666666
50,2986,0.1
50,2987,0.16666666666666666
50,2988,0.6333333333333333
50,2989,0.2
50,2990,0.5666666666666667
50,2991,0.0
50,2992,0.16666666666666666
50,2993,0.06666666666666667
50,2994,0.6666666666666666
50,2995,0.0
50,2996,0.03333333333333333
50,2997,0.0
50,2998,0.16666666666666666
50,2999,0.0
20,0,0.4
20,1,0.03333333333333333
20,2,0.03333333333333333
20,3,0.0
20,4,0.2
20,5,0.0
20,6,0.5333333333333333
20,7,0.8333333333333334
20,8,0.06666666666666667
20,9,0.2
20,10,0.0
20,11,0.8333333333333334
20,12,0.23333333333333334
20,13,0.06666666666666667
20,14,0.06666666666666667
20,15,0.0
20,16,0.16666666666666666
20,17,0.0
20,18,0.0
20,19,0.03333333333333333
20,20,0.06666666666666667
20,21,0.5
20,22,0.0
20,23,0.0
20,24,0.3
20,25,0.0
20,26,0.23333333333333334
20,27,0.13333333333333333
20,28,0.0
20,29,0.06666666666666667
20,30,0.0
20,31,0.0
20,32,0.26666666666666666
20,33,0.0
20,34,0.03333333333333333
20,35,0.4666666666666667
20,36,0.0
20,37,0.0
20,38,0.36666666666666664
20,39,0.13333333333333333
20,40,0.7
20,41,0.23333333333333334
20,42,0.0
20,43,0.1
20,44,0.4666666666666667
20,45,0.43333333333333335
20,46,0.0
20,47,0.06666666666666667
20,48,0.43333333333333335
20,49,0.8
20,50,0.06666666666666667
20,51,0.0
20,52,0.43333333333333335
20,53,0.6
20,54,0.3333333333333333
20,55,0.03333333333333333
20,56,0.26666666666666666
20,57,0.0
20,58,0.13333333333333333
20,59,0.0
20,60,0.0
20,61,0.0
20,62,0.0
20,63,0.0
20,64,0.03333333333333333
20,65,0.36666666666666664
20,66,0.9
20,67,0.36666666666666664
20,68,0.43333333333333335
20,69,0.0
20,70,0.0
20,71,0.06666666666666667
20,72,0.16666666666666666
20,73,0.43333333333333335
20,74,0.1
20,75,0.0
20,76,0.16666666666666666
20,77,0.03333333333333333
20,78,0.23333333333333334
20,79,0.0
20,80,0.0
20,81,0.23333333333333334
20,82,0.03333333333333333
20,83,0.0
20,84,0.16666666666666666
20,85,0.03333333333333333
20,86,0.3333333333333333
20,87,0.2
20,88,0.0
20,89,0.06666666666666667
20,90,0.0
20,91,0.03333333333333333
20,92,0.0
20,93,0.0
20,94,0.0
20,95,0.16666666666666666
20,96,0.6
20,97,0.5333333333333333
20,98,0.0
20,99,0.0
20,100,0.5
20,101,0.23333333333333334
20,102,0.8666666666666667
20,103,0.26666666666666666
20,104,0.3
20,105,0.06666666666666667
20,106,0.0
20,107,0.03333333333333333
20,108,0.0
20,109,0.0
20,110,0.0
20,111,0.5666666666666667
20,112,0.03333333333333333
20,113,0.03333333333333333
20,114,0.0
20,115,0.7666666666666667
20,116,0.1
20,117,0.43333333333333335
20,118,0.36666666666666664
20,119,0.9
20,120,0.3
20,121,0.0
20,122,0.3
20,123,0.43333333333333335
20,124,0.0
20,125,0.06666666666666667
20,126,0.0
20,127,0.36666666666666664
20,128,0.6333333333333333
20,129,0.4666666666666667
20,130,0.0
20,131,0.0
20,132,0.0
20,133,0.8666666666666667
20,134,0.03333333333333333
20,135,0.13333333333333333
20,136,0.03333333333333333
20,137,0.23333333333333334
20,138,0.0
20,139,0.0
20,140,0.2
20,141,0.0
20,142,0.0
20,143,0.0
20,144,0.0
20,145,0.13333333333333333
20,146,0.03333333333333333
20,147,0.0
20,148,0.9
20,149,0.0
20,150,0.7666666666666667
20,151,0.06666666666666667
20,152,0.06666666666666667
20,153,0.0
20,154,0.13333333333333333
20,155,0.0
20,156,0.2
20,157,0.0
20,158,0.5666666666666667
20,159,0.4666666666666667
20,160,0.5
20,161,0.0
20,162,0.0
20,163,0.0
20,164,0.03333333333333333
20,165,0.23333333333333334
20,166,0.0
20,167,0.5666666666666667
20,168,0.13333333333333333
20,169,0.0
20,170,0.0
20,171,0.0
20,172,0.0
20,173,0.2
20,174,0.0
20,175,0.03333333333333333
20,176,0.03333333333333333
20,177,0.0
20,178,0.5666666666666667
20,179,0.03333333333333333
20,180,0.16666666666666666
20,181,0.0
20,182,0.5666666666666667
20,183,0.0
20,184,0.0
20,185,0.23333333333333334
20,186,0.5666666666666667
20,187,0.0
20,188,0.2
20,189,0.0
20,190,0.0
20,191,0.0
20,192,0.2
20,193,0.0
20,194,0.03333333333333333
20,195,0.0
20,196,0.0
20,197,0.0
20,198,0.06666666666666667
20,199,0.3333333333333333
20,200,0.0
20,201,0.23333333333333334
20,202,0.0
20,203,0.0
20,204,0.0
20,205,0.4
20,206,0.0
20,207,0.13333333333333333
20,208,0.16666666666666666
20,209,0.2
20,210,0.0
20,211,0.0
20,212,0.4666666666666667
20,213,0.06666666666666667
20,214,0.4
20,215,0.0
20,216,0.0
20,217,0.6333333333333333
20,218,0.16666666666666666
20,219,0.0
20,220,0.0
20,221,0.9666666666666667
20,222,0.0
20,223,0.03333333333333333
20,224,0.0
20,225,0.3333333333333333
20,226,0.2
20,227,0.03333333333333333
20,228,0.23333333333333334
20,229,0.4666666666666667
20,230,0.06666666666666667
20,231,0.0
20,232,0.0
20,233,0.06666666666666667
20,234,0.0
20,235,0.06666666666666667
20,236,0.4
20,237,0.43333333333333335
20,238,0.0
20,239,0.4
20,240,0.0
20,241,0.0
20,242,0.26666666666666666
20,243,0.36666666666666664
20,244,0.3
20,245,0.7666666666666667
20,246,0.6
20,247,0.0
20,248,0.06666666666666667
20,249,0.0
20,250,0.0
20,251,0.0
20,252,0.2
20,253,0.0
20,254,0.1
20,255,0.0
20,256,0.0
20,257,0.0
20,258,0.0
20,259,0.03333333333333333
20,260,0.0
20,261,0.0
20,262,0.2
20,263,0.0
20,264,0.0
20,265,0.0
20,266,0.3333333333333333
20,267,0.7333333333333333
20,268,0.26666666666666666
20,269,0.06666666666666667
20,270,0.06666666666666667
20,271,0.0
20,272,0.4666666666666667
20,273,0.2
20,274,0.0
20,275,0.0
20,276,0.3333333333333333
20,277,0.03333333333333333
20,278,0.1
20,279,0.0
20,280,0.0
20,281,0.23333333333333334
20,282,0.0
20,283,0.0
20,284,0.03333333333333333
20,285,0.0
20,286,0.03333333333333333
20,287,0.3333333333333333
20,288,0.7
20,289,0.0
20,290,0.0
20,291,0.0
20,292,0.13333333333333333
20,293,0.06666666666666667
20,294,0.0
20,295,0.0
20,296,0.23333333333333334
20,297,0.1
20,298,0.1
20,299,0.0
20,300,0.2
20,301,0.16666666666666666
20,302,0.0
20,303,0.0
20,304,0.0
20,305,0.0
20,306,0.4666666666666667
20,307,0.0
20,308,0.1
20,309,0.0
20,310,0.36666666666666664
20,311,0.3
20,312,0.13333333333333333
20,313,1.0
20,314,0.0
20,315,0.5
20,316,0.03333333333333333
20,317,0.0
20,318,0.0
20,319,0.43333333333333335
20,320,0.0
20,321,0.0
20,322,0.8333333333333334
20,323,0.0
20,324,0.03333333333333333
20,325,0.9333333333333333
20,326,0.03333333333333333
20,327,0.0
20,328,0.0
20,329,0.4
20,330,0.0
20,331,0.0
20,332,0.13333333333333333
20,333,0.0
20,334,0.16666666666666666
20,335,0.0
20,336,0.0
20,337,0.23333333333333334
20,338,0.1
20,339,0.0
20,340,0.03333333333333333
20,341,0.8
20,342,0.0
20,343,0.0
20,344,0.0
20,345,0.0
20,346,0.0
20,347,0.0
20,348,0.3333333333333333
20,349,0.03333333333333333
20,350,0.0
20,351,0.0
20,352,0.0
20,353,0.23333333333333334
20,354,0.4
20,355,0.0
20,356,0.0
20,357,0.5666666666666667
20,358,0.3333333333333333
20,359,0.7666666666666667
20,360,0.0
20,361,0.03333333333333333
20,362,0.0
20,363,0.03333333333333333
20,364,0.0
20,365,0.7666666666666667
20,366,0.0
20,367,0.26666666666666666
20,368,0.13333333333333333
20,369,0.16666666666666666
20,370,0.3333333333333333
20,371,0.0
20,372,0.3333333333333333
20,373,0.3
20,374,0.03333333333333333
20,375,0.1
20,376,0.0
20,377,0.3333333333333333
20,378,0.36666666666666664
20,379,0.0
20,380,0.26666666666666666
20,381,0.0
20,382,0.0
20,383,0.16666666666666666
20,384,0.06666666666666667
20,385,0.13333333333333333
20,386,0.0
20,387,0.5
20,388,0.06666666666666667
20,389,0.0
20,390,0.36666666666666664
20,391,0.0
20,392,0.8666666666666667
20,393,0.0
20,394,0.16666666666666666
20,395,0.0
20,396,0.06666666666666667
20,397,0.0
20,398,0.03333333333333333
20,399,0.03333333333333333
20,400,0.0
20,401,0.0
20,402,0.6
20,403,0.4
20,404,0.0
20,405,0.0
20,406,0.3333333333333333
20,407,0.0
20,408,0.0
20,409,0.3
20,410,0.0
20,411,0.13333333333333333
20,412,0.8666666666666667
20,413,0.16666666666666666
20,414,0.03333333333333333
20,415,0.0
20,416,0.0
20,417,0.0
20,418,0.5333333333333333
20,419,0.0
20,420,0.06666666666666667
20,421,0.03333333333333333
20,422,0.06666666666666667
20,423,0.1
20,424,0.0
20,425,0.0
20,426,0.0
20,427,0.4666666666666667
20,428,0.5
20,429,0.6
20,430,0.4666666666666667
20,431,0.5
20,432,0.03333333333333333
20,433,0.23333333333333334
20,434,0.0
20,435,0.0
20,436,0.0
20,437,0.13333333333333333
20,438,0.06666666666666667
20,439,0.7333333333333333
20,440,0.0
20,441,0.16666666666666666
20,442,0.0
20,443,0.7
20,444,0.0
20,445,0.13333333333333333
20,446,0.0
20,447,0.7333333333333333
20,448,0.0
20,449,0.0
20,450,0.2
20,451,0.7333333333333333
20,452,0.0
20,453,0.0
20,454,0.3333333333333333
20,455,0.0
20,456,0.0
20,457,0.06666666666666667
20,458,0.0
20,459,0.23333333333333334
20,460,0.1
20,461,0.03333333333333333
20,462,0.23333333333333334
20,463,0.03333333333333333
20,464,0.0
20,465,0.3333333333333333
20,466,0.0
20,467,0.0
20,468,0.0
20,469,0.0
20,470,0.0
20,471,0.0
20,472,0.3
20,473,0.03333333333333333
20,474,0.0
20,475,0.03333333333333333
20,476,0.0
20,477,0.36666666666666664
20,478,0.2
20,479,0.0
20,480,0.0
20,481,0.06666666666666667
20,482,0.0
20,483,0.23333333333333334
20,484,0.0
20,485,0.0
20,486,0.2
20,487,0.1
20,488,0.8333333333333334
20,489,0.0
20,490,0.0
20,491,0.0
20,492,0.4666666666666667
20,493,0.7666666666666667
20,494,0.26666666666666666
20,495,0.0
20,496,0.0
20,497,0.16666666666666666
20,498,0.0
20,499,0.06666666666666667
20,500,0.0
20,501,0.0
20,502,0.0
20,503,0.0
20,504,0.0
20,505,0.16666666666666666
20,506,0.03333333333333333
20,507,0.0
20,508,0.7
20,509,0.0
20,510,0.0
20,511,0.06666666666666667
20,512,0.0
20,513,0.0
20,514,0.0
20,515,0.1
20,516,0.0
20,517,0.26666666666666666
20,518,0.2
20,519,0.26666666666666666
20,520,0.0
20,521,0.0
20,522,0.7
20,523,0.8666666666666667
20,524,0.6
20,525,0.03333333333333333
20,526,0.0
20,527,0.2
20,528,0.7333333333333333
20,529,0.0
20,530,0.0
20,531,0.0
20,532,0.0
20,533,0.0
20,534,0.2
20,535,0.0
20,536,0.4666666666666667
20,537,0.7666666666666667
20,538,0.4666666666666667
20,539,0.0
20,540,0.4
20,541,0.4666666666666667
20,542,0.8
20,543,0.7
20,544,0.0
20,545,0.0
20,546,0.1
20,547,0.0
20,548,0.0
20,549,0.16666666666666666
20,550,0.9333333333333333
20,551,0.0
20,552,0.36666666666666664
20,553,0.8333333333333334
20,554,0.3333333333333333
20,555,0.0
20,556,0.9333333333333333
20,557,0.0
20,558,0.0
20,559,0.03333333333333333
20,560,0.23333333333333334
20,561,0.8333333333333334
20,562,0.26666666666666666
20,563,0.0
20,564,0.26666666666666666
20,565,0.36666666666666664
20,566,0.4
20,567,0.0
20,568,0.9
20,569,0.0
20,570,0.1
20,571,0.03333333333333333
20,572,0.06666666666666667
20,573,0.0
20,574,0.4
20,575,0.0
20,576,0.0
20,577,0.0
20,578,0.0
20,579,0.0
20,580,0.0
20,581,0.03333333333333333
20,582,0.03333333333333333
20,583,0.5
20,584,0.1
20,585,0.23333333333333334
20,586,0.0
20,587,0.0
20,588,0.0
20,589,0.0
20,590,0.3333333333333333
20,591,0.0
20,592,0.36666666666666664
20,593,0.13333333333333333
20,594,0.0
20,595,0.5333333333333333
20,596,0.3
20,597,0.0
20,598,0.16666666666666666
20,599,0.13333333333333333
20,600,0.0
20,601,0.03333333333333333
20,602,0.7333333333333333
20,603,0.0
20,604,0.0
20,605,0.23333333333333334
20,606,0.03333333333333333
20,607,0.0
20,608,0.0
20,609,0.0
20,610,0.23333333333333334
20,611,0.06666666666666667
20,612,0.0
20,613,0.8333333333333334
20,614,0.06666666666666667
20,615,0.0
20,616,0.6
20,617,0.4
20,618,0.0
20,619,0.03333333333333333
20,620,0.0
20,621,0.13333333333333333
20,622,0.6
20,623,0.03333333333333333
20,624,0.5
20,625,0.03333333333333333
20,626,0.0
20,627,0.06666666666666667
20,628,0.36666666666666664
20,629,0.0
20,630,0.0
20,631,0.0
20,632,0.0
20,633,0.0
20,634,0.06666666666666667
20,635,0.06666666666666667
20,636,0.0
20,637,0.0
20,638,0.0
20,639,0.3
20,640,0.13333333333333333
20,641,0.26666666666666666
20,642,0.4
20,643,0.0
20,644,0.0
20,645,0.03333333333333333
20,646,0.16666666666666666
20,647,0.06666666666666667
20,648,0.0
20,649,0.0
20,650,0.23333333333333334
20,651,0.0
20,652,0.5333333333333333
20,653,0.26666666666666666
20,654,0.23333333333333334
20,655,0.0
20,656,0.0
20,657,0.4
20,658,0.06666666666666667
20,659,0.0
20,660,0.06666666666666667
20,661,0.0
20,662,0.0
20,663,0.0
20,664,0.7
20,665,0.0
20,666,0.0
20,667,0.03333333333333333
20,668,0.0
20,669,0.16666666666666666
20,670,0.3333333333333333
20,671,0.0
20,672,0.5333333333333333
20,673,0.8
20,674,0.0
20,675,0.6
20,676,0.5333333333333333
20,677,0.06666666666666667
20,678,0.06666666666666667
20,679,0.4
20,680,0.0
20,681,0.13333333333333333
20,682,0.23333333333333334
20,683,0.0
20,684,0.4
20,685,0.5333333333333333
20,686,0.0
20,687,0.0
20,688,0.03333333333333333
20,689,0.0
20,690,0.0
20,691,0.1
20,692,0.06666666666666667
20,693,0.3333333333333333
20,694,0.06666666666666667
20,695,0.0
20,696,0.0
20,697,0.06666666666666667
20,698,0.0
20,699,0.4
20,700,0.36666666666666664
20,701,0.03333333333333333
20,702,0.0
20,703,0.0
20,704,0.0
20,705,0.0
20,706,0.03333333333333333
20,707,0.0
20,708,0.03333333333333333
20,709,0.0
20,710,0.0
20,711,0.0
20,712,0.0
20,713,0.7666666666666667
20,714,0.16666666666666666
20,715,0.23333333333333334
20,716,0.0
20,717,0.0
20,718,0.0
20,719,0.0
20,720,0.26666666666666666
20,721,0.8
20,722,0.3
20,723,0.1
20,724,0.0
20,725,0.0
20,726,0.06666666666666667
20,727,0.0
20,728,0.13333333333333333
20,729,0.16666666666666666
20,730,0.3333333333333333
20,731,0.03333333333333333
20,732,0.0
20,733,0.0
20,734,0.1
20,735,0.0
20,736,0.0
20,737,0.0
20,738,0.0
20,739,0.43333333333333335
20,740,0.0
20,741,0.36666666666666664
20,742,0.06666666666666667
20,743,0.0
20,744,0.36666666666666664
20,745,0.0
20,746,0.0
20,747,0.13333333333333333
20,748,0.6666666666666666
20,749,0.5666666666666667
20,750,0.7666666666666667
20,751,0.0
20,752,0.13333333333333333
20,753,0.0
20,754,0.43333333333333335
20,755,0.0
20,756,0.0
20,757,0.0
20,758,0.0
20,759,0.03333333333333333
20,760,0.8333333333333334
20,761,0.4
20,762,0.0
20,763,0.1
20,764,0.3
20,765,0.0
20,766,0.0
20,767,0.3
20,768,0.5666666666666667
20,769,0.0
20,770,0.16666666666666666
20,771,0.4666666666666667
20,772,1.0
20,773,0.2
20,774,0.03333333333333333
20,775,0.0
20,776,0.4666666666666667
20,777,0.0
20,778,0.23333333333333334
20,779,0.0
20,780,0.0
20,781,0.0
20,782,0.0
20,783,0.0
20,784,0.23333333333333334
20,785,0.03333333333333333
20,786,0.13333333333333333
20,787,0.0
20,788,0.03333333333333333
20,789,0.7666666666666667
20,790,0.0
20,791,0.4
20,792,0.0
20,793,0.06666666666666667
20,794,0.0
20,795,0.03333333333333333
20,796,0.16666666666666666
20,797,0.0
20,798,0.5333333333333333
20,799,0.5666666666666667
20,800,0.23333333333333334
20,801,0.4666666666666667
20,802,0.03333333333333333
20,803,0.0
20,804,0.0
20,805,0.2
20,806,0.0
20,807,0.0
20,808,0.3
20,809,0.0
20,810,0.06666666666666667
20,811,0.0
20,812,0.03333333333333333
20,813,0.0
20,814,0.43333333333333335
20,815,0.0
20,816,0.6333333333333333
20,817,0.9
20,818,0.3
20,819,0.13333333333333333
20,820,0.03333333333333333
20,821,1.0
20,822,0.0
20,823,0.4666666666666667
20,824,0.5
20,825,0.2
20,826,0.0
20,827,0.13333333333333333
20,828,0.0
20,829,0.7333333333333333
20,830,0.5666666666666667
20,831,0.0
20,832,0.0
20,833,0.4
20,834,0.0
20,835,0.0
20,836,0.0
20,837,0.0
20,838,0.3333333333333333
20,839,0.0
20,840,0.0
20,841,0.0
20,842,0.0
20,843,1.0
20,844,0.0
20,845,0.23333333333333334
20,846,0.06666666666666667
20,847,0.4
20,848,0.06666666666666667
20,849,0.06666666666666667
20,850,0.5666666666666667
20,851,0.06666666666666667
20,852,0.13333333333333333
20,853,0.2
20,854,0.0
20,855,0.5
20,856,0.13333333333333333
20,857,0.0
20,858,0.0
20,859,0.13333333333333333
20,860,0.0
20,861,0.0
20,862,0.9
20,863,0.36666666666666664
20,864,0.43333333333333335
20,865,0.8
20,866,0.5333333333333333
20,867,0.0
20,868,0.06666666666666667
20,869,0.06666666666666667
20,870,0.0
20,871,0.0
20,872,0.03333333333333333
20,873,0.36666666666666664
20,874,0.4
20,875,0.0
20,876,0.0
20,877,0.3333333333333333
20,878,0.0
20,879,0.5666666666666667
20,880,0.03333333333333333
20,881,0.43333333333333335
20,882,0.06666666666666667
20,883,0.0
20,884,0.0
20,885,0.16666666666666666
20,886,0.7
20,887,0.0
20,888,0.0
20,889,0.03333333333333333
20,890,0.0
20,891,0.0
20,892,0.0
20,893,0.0
20,894,0.0
20,895,0.0
20,896,0.3333333333333333
20,897,0.0
20,898,0.0
20,899,0.0
20,900,0.43333333333333335
20,901,0.23333333333333334
20,902,0.0
20,903,0.03333333333333333
20,904,0.03333333333333333
20,905,0.0
20,906,0.1
20,907,0.1
20,908,0.0
20,909,0.16666666666666666
20,910,0.0
20,911,0.0
20,912,0.0
20,913,0.26666666666666666
20,914,0.26666666666666666
20,915,0.4
20,916,0.0
20,917,0.0
20,918,0.43333333333333335
20,919,0.43333333333333335
20,920,0.1
20,921,0.13333333333333333
20,922,0.0
20,923,0.03333333333333333
20,924,0.26666666666666666
20,925,0.3333333333333333
20,926,0.03333333333333333
20,927,0.36666666666666664
20,928,0.0
20,929,0.0
20,930,0.13333333333333333
20,931,0.0
20,932,0.43333333333333335
20,933,0.0
20,934,0.16666666666666666
20,935,0.0
20,936,0.1
20,937,0.0
20,938,0.03333333333333333
20,939,0.0
20,940,0.16666666666666666
20,941,0.5333333333333333
20,942,0.4
20,943,0.0
20,944,0.0
20,945,0.0
20,946,0.06666666666666667
20,947,0.0
20,948,0.0
20,949,0.23333333333333334
20,950,0.0
20,951,0.0
20,952,0.0
20,953,0.2
20,954,0.36666666666666664
20,955,0.36666666666666664
20,956,0.26666666666666666
20,957,0.03333333333333333
20,958,0.0
20,959,0.0
20,960,0.0
20,961,0.1
20,962,0.9333333333333333
20,963,0.0
20,964,0.0
20,965,0.4
20,966,0.0
20,967,0.13333333333333333
20,968,0.0
20,969,0.0
20,970,0.6666666666666666
20,971,0.0
20,972,0.0
20,973,0.5333333333333333
20,974,0.3
20,975,0.0
20,976,0.4666666666666667
20,977,0.16666666666666666
20,978,0.1
20,979,0.0
20,980,0.03333333333333333
20,981,0.0
20,982,0.0
20,983,0.13333333333333333
20,984,0.03333333333333333
20,985,0.0
20,986,0.0
20,987,0.9333333333333333
20,988,0.0
20,989,0.06666666666666667
20,990,0.0
20,991,0.0
20,992,0.0
20,993,0.13333333333333333
20,994,0.0
20,995,0.13333333333333333
20,996,0.26666666666666666
20,997,0.7
20,998,0.3333333333333333
20,999,0.0
20,1000,0.1
20,1001,0.0
20,1002,0.0
20,1003,0.0
20,1004,0.06666666666666667
20,1005,0.7666666666666667
20,1006,0.03333333333333333
20,1007,0.03333333333333333
20,1008,0.1
20,1009,0.7333333333333333
20,1010,0.0
20,1011,0.0
20,1012,0.0
20,1013,0.0
20,1014,0.43333333333333335
20,1015,0.3333333333333333
20,1016,0.0
20,1017,0.0
20,1018,0.8666666666666667
20,1019,0.5
20,1020,0.5
20,1021,0.13333333333333333
20,1022,0.0
20,1023,0.43333333333333335
20,1024,0.0
20,1025,0.0
20,1026,0.06666666666666667
20,1027,0.0
20,1028,0.0
20,1029,0.4
20,1030,0.36666666666666664
20,1031,0.0
20,1032,0.03333333333333333
20,1033,0.0
20,1034,0.0
20,1035,0.0
20,1036,0.0
20,1037,0.6666666666666666
20,1038,0.13333333333333333
20,1039,0.5333333333333333
20,1040,0.0
20,1041,0.0
20,1042,0.03333333333333333
20,1043,0.0
20,1044,0.03333333333333333
20,1045,0.0
20,1046,0.03333333333333333
20,1047,0.0
20,1048,0.13333333333333333
20,1049,0.0
20,1050,0.8
20,1051,0.0
20,1052,0.0
20,1053,0.36666666666666664
20,1054,0.23333333333333334
20,1055,0.16666666666666666
20,1056,0.0
20,1057,0.0
20,1058,0.0
20,1059,0.0
20,1060,0.0
20,1061,0.0
20,1062,0.0
20,1063,0.7
20,1064,0.9666666666666667
20,1065,0.3333333333333333
20,1066,0.0
20,1067,0.9333333333333333
20,1068,0.0
20,1069,0.0
20,1070,0.0
20,1071,0.13333333333333333
20,1072,0.7
20,1073,0.0
20,1074,0.5666666666666667
20,1075,0.0
20,1076,0.3
20,1077,0.1
20,1078,0.03333333333333333
20,1079,0.0
20,1080,0.0
20,1081,0.13333333333333333
20,1082,0.03333333333333333
20,1083,0.6333333333333333
20,1084,0.1
20,1085,0.5666666666666667
20,1086,0.1
20,1087,0.03333333333333333
20,1088,0.5333333333333333
20,1089,0.7333333333333333
20,1090,0.0
20,1091,0.0
20,1092,0.1
20,1093,0.1
20,1094,0.0
20,1095,0.0
20,1096,0.13333333333333333
20,1097,0.16666666666666666
20,1098,0.26666666666666666
20,1099,0.23333333333333334
20,1100,0.03333333333333333
20,1101,0.0
20,1102,0.03333333333333333
20,1103,0.23333333333333334
20,1104,0.4666666666666667
20,1105,0.0
20,1106,0.0
20,1107,0.0
20,1108,0.0
20,1109,0.7666666666666667
20,1110,0.0
20,1111,0.0
20,1112,0.0
20,1113,0.9666666666666667
20,1114,0.06666666666666667
20,1115,0.03333333333333333
20,1116,0.0
20,1117,0.0
20,1118,0.26666666666666666
20,1119,0.0
20,1120,0.0
20,1121,0.0
20,1122,0.16666666666666666
20,1123,0.43333333333333335
20,1124,0.1
20,1125,0.0
20,1126,0.0
20,1127,0.6333333333333333
20,1128,0.6
20,1129,0.13333333333333333
20,1130,0.0
20,1131,0.36666666666666664
20,1132,0.4
20,1133,0.5
20,1134,0.0
20,1135,0.0
20,1136,0.06666666666666667
20,1137,0.36666666666666664
20,1138,0.7666666666666667
20,1139,0.0
20,1140,0.03333333333333333
20,1141,0.0
20,1142,0.0
20,1143,0.0
20,1144,0.1
20,1145,0.0
20,1146,0.0
20,1147,0.0
20,1148,0.16666666666666666
20,1149,0.36666666666666664
20,1150,0.0
20,1151,0.1
20,1152,0.0
20,1153,0.0
20,1154,0.0
20,1155,0.03333333333333333
20,1156,0.0
20,1157,0.06666666666666667
20,1158,0.0
20,1159,0.2
20,1160,0.16666666666666666
20,1161,0.0
20,1162,0.0
20,1163,0.0
20,1164,0.0
20,1165,0.0
20,1166,0.16666666666666666
20,1167,0.4666666666666667
20,1168,0.4666666666666667
20,1169,0.43333333333333335
20,1170,0.0
20,1171,0.0
20,1172,0.2
20,1173,0.06666666666666667
20,1174,0.0
20,1175,0.13333333333333333
20,1176,0.0
20,1177,0.0
20,1178,0.1
20,1179,0.4
20,1180,0.1
20,1181,0.0
20,1182,0.23333333333333334
20,1183,0.0
20,1184,0.0
20,1185,0.0
20,1186,0.0
20,1187,0.36666666666666664
20,1188,0.0
20,1189,0.0
20,1190,0.0
20,1191,0.0
20,1192,0.16666666666666666
20,1193,0.0
20,1194,0.0
20,1195,0.1
20,1196,0.03333333333333333
20,1197,0.13333333333333333
20,1198,0.0
20,1199,0.1
20,1200,0.0
20,1201,0.23333333333333334
20,1202,0.0
20,1203,0.8333333333333334
20,1204,0.2
20,1205,0.0
20,1206,0.9666666666666667
20,1207,0.0
20,1208,0.2
20,1209,0.0
20,1210,0.0
20,1211,0.03333333333333333
20,1212,0.0
20,1213,0.0
20,1214,0.8
20,1215,0.0
20,1216,0.2
20,1217,0.4
20,1218,0.1
20,1219,0.0
20,1220,0.0
20,1221,0.0
20,1222,0.23333333333333334
20,1223,0.0
20,1224,0.5
20,1225,0.0
20,1226,0.0
20,1227,0.0
20,1228,0.03333333333333333
20,1229,0.0
20,1230,0.3333333333333333
20,1231,0.03333333333333333
20,1232,0.0
20,1233,0.0
20,1234,0.0
20,1235,0.13333333333333333
20,1236,0.23333333333333334
20,1237,0.23333333333333334
20,1238,0.03333333333333333
20,1239,0.6666666666666666
20,1240,0.03333333333333333
20,1241,0.4666666666666667
20,1242,0.4666666666666667
20,1243,0.0
20,1244,0.0
20,1245,0.0
20,1246,0.36666666666666664
20,1247,0.0
20,1248,0.26666666666666666
20,1249,0.4
20,1250,0.0
20,1251,0.0
20,1252,0.4
20,1253,0.6666666666666666
20,1254,0.3333333333333333
20,1255,0.0
20,1256,0.7
20,1257,0.4666666666666667
20,1258,0.06666666666666667
20,1259,0.0
20,1260,0.1
20,1261,0.36666666666666664
20,1262,0.1
20,1263,0.0
20,1264,0.2
20,1265,0.0
20,1266,0.4
20,1267,0.0
20,1268,0.06666666666666667
20,1269,0.0
20,1270,0.5333333333333333
20,1271,0.0
20,1272,0.0
20,1273,0.03333333333333333
20,1274,0.0
20,1275,0.1
20,1276,0.0
20,1277,0.3333333333333333
20,1278,0.0
20,1279,0.0
20,1280,0.0
20,1281,0.0
20,1282,0.0
20,1283,0.0
20,1284,0.06666666666666667
20,1285,0.16666666666666666
20,1286,0.0
20,1287,0.0
20,1288,0.16666666666666666
20,1289,0.3333333333333333
20,1290,0.23333333333333334
20,1291,0.4
20,1292,0.4666666666666667
20,1293,0.23333333333333334
20,1294,0.0
20,1295,0.16666666666666666
20,1296,0.7
20,1297,0.0
20,1298,0.13333333333333333
20,1299,0.0
20,1300,0.0
20,1301,0.0
20,1302,0.16666666666666666
20,1303,0.0
20,1304,0.0
20,1305,0.4
20,1306,0.5333333333333333
20,1307,0.0
20,1308,0.03333333333333333
20,1309,0.0
20,1310,0.0
20,1311,0.0
20,1312,0.0
20,1313,0.0
20,1314,0.36666666666666664
20,1315,0.0
20,1316,0.0
20,1317,0.0
20,1318,0.0
20,1319,0.43333333333333335
20,1320,0.0
20,1321,0.0
20,1322,0.0
20,1323,0.16666666666666666
20,1324,0.5333333333333333
20,1325,0.06666666666666667
20,1326,0.0
20,1327,0.06666666666666667
20,1328,0.5
20,1329,0.43333333333333335
20,1330,0.43333333333333335
20,1331,0.3
20,1332,0.36666666666666664
20,1333,0.0
20,1334,0.0
20,1335,0.2
20,1336,0.0
20,1337,0.0
20,1338,0.36666666666666664
20,1339,0.0
20,1340,0.0
20,1341,0.0
20,1342,0.8333333333333334
20,1343,0.0
20,1344,0.0
20,1345,0.3333333333333333
20,1346,0.0
20,1347,0.0
20,1348,0.26666666666666666
20,1349,0.1
20,1350,0.13333333333333333
20,1351,0.06666666666666667
20,1352,0.0
20,1353,0.03333333333333333
20,1354,0.26666666666666666
20,1355,0.1
20,1356,0.0
20,1357,0.06666666666666667
20,1358,0.0
20,1359,0.03333333333333333
20,1360,0.0
20,1361,0.0
20,1362,0.0
20,1363,0.0
20,1364,0.1
20,1365,0.0
20,1366,0.26666666666666666
20,1367,0.0
20,1368,0.0
20,1369,0.3333333333333333
20,1370,0.0
20,1371,0.6333333333333333
20,1372,0.23333333333333334
20,1373,0.0
20,1374,0.0
20,1375,0.03333333333333333
20,1376,0.16666666666666666
20,1377,0.03333333333333333
20,1378,0.06666666666666667
20,1379,0.16666666666666666
20,1380,0.0
20,1381,0.0
20,1382,0.6
20,1383,0.0
20,1384,0.13333333333333333
20,1385,0.0
20,1386,0.23333333333333334
20,1387,0.0
20,1388,0.5333333333333333
20,1389,0.0
20,1390,0.0
20,1391,0.0
20,1392,0.0
20,1393,0.0
20,1394,0.03333333333333333
20,1395,0.0
20,1396,0.06666666666666667
20,1397,0.8333333333333334
20,1398,0.0
20,1399,0.0
20,1400,0.3
20,1401,0.0
20,1402,0.0
20,1403,0.03333333333333333
20,1404,0.0
20,1405,0.0
20,1406,0.2
20,1407,0.0
20,1408,0.0
20,1409,0.3333333333333333
20,1410,0.43333333333333335
20,1411,0.3333333333333333
20,1412,0.0
20,1413,0.4
20,1414,0.06666666666666667
20,1415,0.0
20,1416,0.0
20,1417,0.43333333333333335
20,1418,0.0
20,1419,0.3333333333333333
20,1420,0.0
20,1421,0.0
20,1422,0.6333333333333333
20,1423,0.0
20,1424,0.03333333333333333
20,1425,0.5
20,1426,0.03333333333333333
20,1427,0.0
20,1428,0.8333333333333334
20,1429,0.1
20,1430,0.26666666666666666
20,1431,0.0
20,1432,0.3333333333333333
20,1433,0.0
20,1434,0.0
20,1435,0.0
20,1436,0.43333333333333335
20,1437,0.13333333333333333
20,1438,0.0
20,1439,0.0
20,1440,0.0
20,1441,0.16666666666666666
20,1442,0.23333333333333334
20,1443,0.0
20,1444,0.0
20,1445,0.4
20,1446,0.0
20,1447,0.16666666666666666
20,1448,0.3333333333333333
20,1449,0.0
20,1450,0.9
20,1451,0.23333333333333334
20,1452,0.4666666666666667
20,1453,0.5666666666666667
20,1454,0.0
20,1455,0.0
20,1456,0.13333333333333333
20,1457,0.36666666666666664
20,1458,0.23333333333333334
20,1459,0.5666666666666667
20,1460,0.03333333333333333
20,1461,0.3333333333333333
20,1462,0.0
20,1463,0.0
20,1464,0.0
20,1465,0.0
20,1466,0.0
20,1467,0.0
20,1468,0.0
20,1469,0.06666666666666667
20,1470,0.36666666666666664
20,1471,0.0
20,1472,0.3
20,1473,0.4
20,1474,0.0
20,1475,0.0
20,1476,0.0
20,1477,0.3
20,1478,0.2
20,1479,0.0
20,1480,0.0
20,1481,0.0
20,1482,0.06666666666666667
20,1483,0.0
20,1484,0.36666666666666664
20,1485,0.6666666666666666
20,1486,0.0
20,1487,0.3333333333333333
20,1488,0.4
20,1489,0.13333333333333333
20,1490,0.0
20,1491,0.0
20,1492,0.3333333333333333
20,1493,0.7333333333333333
20,1494,0.0
20,1495,0.0
20,1496,0.0
20,1497,0.5333333333333333
20,1498,0.5
20,1499,0.9
20,1500,0.06666666666666667
20,1501,0.0
20,1502,0.0
20,1503,0.3
20,1504,0.0
20,1505,0.5666666666666667
20,1506,0.0
20,1507,0.16666666666666666
20,1508,0.0
20,1509,0.1
20,1510,0.06666666666666667
20,1511,0.3
20,1512,0.6333333333333333
20,1513,0.0
20,1514,0.2
20,1515,0.5333333333333333
20,1516,0.2
20,1517,0.0
20,1518,0.0
20,1519,0.0
20,1520,0.03333333333333333
20,1521,0.13333333333333333
20,1522,0.36666666666666664
20,1523,0.0
20,1524,0.06666666666666667
20,1525,0.9
20,1526,0.13333333333333333
20,1527,0.0
20,1528,0.3
20,1529,0.0
20,1530,0.0
20,1531,0.5333333333333333
20,1532,0.0
20,1533,0.0
20,1534,0.03333333333333333
20,1535,0.16666666666666666
20,1536,0.0
20,1537,0.0
20,1538,0.16666666666666666
20,1539,0.0
20,1540,0.0
20,1541,0.16666666666666666
20,1542,0.0
20,1543,0.13333333333333333
20,1544,0.4
20,1545,0.26666666666666666
20,1546,0.6666666666666666
20,1547,0.0
20,1548,0.0
20,1549,0.03333333333333333
20,1550,0.16666666666666666
20,1551,0.13333333333333333
20,1552,0.3333333333333333
20,1553,0.06666666666666667
20,1554,0.1
20,1555,0.0
20,1556,0.0
20,1557,0.4
20,1558,0.9666666666666667
20,1559,0.4666666666666667
20,1560,0.5666666666666667
20,1561,0.0
20,1562,0.1
20,1563,0.0
20,1564,0.0
20,1565,0.0
20,1566,0.4666666666666667
20,1567,0.0
20,1568,0.03333333333333333
20,1569,0.13333333333333333
20,1570,0.03333333333333333
20,1571,0.0
20,1572,0.06666666666666667
20,1573,0.0
20,1574,0.0
20,1575,0.0
20,1576,0.0
20,1577,0.0
20,1578,0.0
20,1579,0.8666666666666667
20,1580,0.0
20,1581,0.6
20,1582,0.0
20,1583,0.0
20,1584,0.0
20,1585,0.1
20,1586,0.2
20,1587,0.2
20,1588,0.36666666666666664
20,1589,0.26666666666666666
20,1590,0.3333333333333333
20,1591,0.0
20,1592,0.0
20,1593,0.1
20,1594,0.0
20,1595,0.06666666666666667
20,1596,0.2
20,1597,0.7
20,1598,0.5666666666666667
20,1599,0.06666666666666667
20,1600,0.16666666666666666
20,1601,0.0
20,1602,0.3
20,1603,0.7333333333333333
20,1604,0.0
20,1605,0.0
20,1606,0.06666666666666667
20,1607,0.1
20,1608,0.0
20,1609,0.26666666666666666
20,1610,0.0
20,1611,0.8
20,1612,0.0
20,1613,0.4
20,1614,0.13333333333333333
20,1615,0.0
20,1616,0.0
20,1617,0.1
20,1618,0.03333333333333333
20,1619,0.03333333333333333
20,1620,0.0
20,1621,0.0
20,1622,0.0
20,1623,0.16666666666666666
20,1624,0.06666666666666667
20,1625,0.06666666666666667
20,1626,0.36666666666666664
20,1627,0.43333333333333335
20,1628,0.5
20,1629,0.0
20,1630,0.0
20,1631,0.0
20,1632,0.36666666666666664
20,1633,0.9
20,1634,0.0
20,1635,0.0
20,1636,0.3
20,1637,0.1
20,1638,0.36666666666666664
20,1639,0.03333333333333333
20,1640,0.3333333333333333
20,1641,0.2
20,1642,0.03333333333333333
20,1643,0.0
20,1644,0.1
20,1645,0.0
20,1646,0.0
20,1647,0.2
20,1648,0.2
20,1649,0.3
20,1650,0.0
20,1651,0.0
20,1652,0.0
20,1653,0.36666666666666664
20,1654,0.0
20,1655,0.16666666666666666
20,1656,0.0
20,1657,0.1
20,1658,0.0
20,1659,0.3333333333333333
20,1660,0.0
20,1661,0.8333333333333334
20,1662,0.0
20,1663,0.2
20,1664,0.0
20,1665,0.7666666666666667
20,1666,0.0
20,1667,0.0
20,1668,0.3
20,1669,0.0
20,1670,0.9
20,1671,0.8
20,1672,0.0
20,1673,0.0
20,1674,0.0
20,1675,0.0
20,1676,0.0
20,1677,0.0
20,1678,0.3
20,1679,0.0
20,1680,0.0
20,1681,0.0
20,1682,0.0
20,1683,0.0
20,1684,0.0
20,1685,0.3333333333333333
20,1686,0.3
20,1687,0.4666666666666667
20,1688,0.43333333333333335
20,1689,0.06666666666666667
20,1690,0.0
20,1691,0.0
20,1692,0.26666666666666666
20,1693,0.0
20,1694,0.5666666666666667
20,1695,0.0
20,1696,0.0
20,1697,0.2
20,1698,0.13333333333333333
20,1699,0.6
20,1700,0.0
20,1701,0.0
20,1702,0.9
20,1703,0.36666666666666664
20,1704,0.0
20,1705,0.0
20,1706,0.5
20,1707,0.2
20,1708,0.0
20,1709,0.5
20,1710,0.0
20,1711,0.0
20,1712,0.0
20,1713,0.1
20,1714,0.0
20,1715,0.36666666666666664
20,1716,0.16666666666666666
20,1717,0.43333333333333335
20,1718,0.0
20,1719,0.2
20,1720,0.0
20,1721,0.0
20,1722,0.0
20,1723,0.3333333333333333
20,1724,0.3333333333333333
20,1725,0.26666666666666666
20,1726,0.06666666666666667
20,1727,0.0
20,1728,0.5
20,1729,0.7666666666666667
20,1730,0.3
20,1731,0.1
20,1732,0.0
20,1733,0.03333333333333333
20,1734,0.16666666666666666
20,1735,0.7333333333333333
20,1736,0.2
20,1737,0.0
20,1738,0.6666666666666666
20,1739,0.0
20,1740,0.7
20,1741,0.0
20,1742,0.5333333333333333
20,1743,0.0
20,1744,0.13333333333333333
20,1745,0.23333333333333334
20,1746,0.0
20,1747,0.0
20,1748,0.1
20,1749,0.1
20,1750,0.0
20,1751,0.0
20,1752,0.3
20,1753,0.0
20,1754,0.0
20,1755,0.0
20,1756,0.4
20,1757,0.3
20,1758,0.1
20,1759,0.16666666666666666
20,1760,0.2
20,1761,0.1
20,1762,0.4
20,1763,0.06666666666666667
20,1764,0.0
20,1765,0.26666666666666666
20,1766,0.0
20,1767,0.0
20,1768,0.8
20,1769,0.5
20,1770,0.0
20,1771,0.0
20,1772,0.9
20,1773,0.3
20,1774,0.0
20,1775,0.5
20,1776,0.13333333333333333
20,1777,0.7
20,1778,0.16666666666666666
20,1779,0.6666666666666666
20,1780,0.16666666666666666
20,1781,0.0
20,1782,0.1
20,1783,0.0
20,1784,0.0
20,1785,0.8666666666666667
20,1786,0.0
20,1787,0.0
20,1788,0.3
20,1789,0.0
20,1790,0.13333333333333333
20,1791,0.0
20,1792,0.3
20,1793,0.06666666666666667
20,1794,0.0
20,1795,0.03333333333333333
20,1796,0.03333333333333333
20,1797,0.13333333333333333
20,1798,0.0
20,1799,0.16666666666666666
20,1800,0.16666666666666666
20,1801,0.06666666666666667
20,1802,0.0
20,1803,0.0
20,1804,0.3333333333333333
20,1805,0.8333333333333334
20,1806,0.0
20,1807,0.5
20,1808,0.26666666666666666
20,1809,0.0
20,1810,0.0
20,1811,0.0
20,1812,0.5
20,1813,0.0
20,1814,0.16666666666666666
20,1815,0.3333333333333333
20,1816,0.13333333333333333
20,1817,0.0
20,1818,1.0
20,1819,0.2
20,1820,0.4
20,1821,0.0
20,1822,0.26666666666666666
20,1823,0.5333333333333333
20,1824,0.03333333333333333
20,1825,0.0
20,1826,0.0
20,1827,0.0
20,1828,0.03333333333333333
20,1829,0.2
20,1830,0.0
20,1831,0.5333333333333333
20,1832,0.2
20,1833,0.5333333333333333
20,1834,0.0
20,1835,0.2
20,1836,0.6
20,1837,0.0
20,1838,0.0
20,1839,0.0
20,1840,0.03333333333333333
20,1841,0.0
20,1842,0.03333333333333333
20,1843,0.1
20,1844,0.0
20,1845,0.0
20,1846,0.0
20,1847,0.0
20,1848,0.0
20,1849,0.03333333333333333
20,1850,0.0
20,1851,0.16666666666666666
20,1852,0.0
20,1853,0.0
20,1854,0.0
20,1855,0.0
20,1856,0.0
20,1857,0.23333333333333334
20,1858,0.0
20,1859,0.0
20,1860,0.16666666666666666
20,1861,0.06666666666666667
20,1862,0.5
20,1863,0.6666666666666666
20,1864,0.3
20,1865,0.4666666666666667
20,1866,0.0
20,1867,0.6333333333333333
20,1868,0.0
20,1869,0.36666666666666664
20,1870,0.0
20,1871,0.0
20,1872,0.0
20,1873,0.13333333333333333
20,1874,0.0
20,1875,0.5666666666666667
20,1876,0.0
20,1877,0.0
20,1878,0.03333333333333333
20,1879,0.03333333333333333
20,1880,0.0
20,1881,0.2
20,1882,0.0
20,1883,0.03333333333333333
20,1884,0.3
20,1885,0.43333333333333335
20,1886,0.0
20,1887,0.0
20,1888,0.0
20,1889,0.03333333333333333
20,1890,0.03333333333333333
20,1891,0.26666666666666666
20,1892,0.0
20,1893,0.0
20,1894,0.4666666666666667
20,1895,0.0
20,1896,0.03333333333333333
20,1897,0.16666666666666666
20,1898,0.23333333333333334
20,1899,0.0
20,1900,0.0
20,1901,0.0
20,1902,0.0
20,1903,0.0
20,1904,0.0
20,1905,0.0
20,1906,0.1
20,1907,0.0
20,1908,0.26666666666666666
20,1909,0.0
20,1910,0.5
20,1911,0.23333333333333334
20,1912,0.0
20,1913,0.43333333333333335
20,1914,0.0
20,1915,0.0
20,1916,0.03333333333333333
20,1917,0.0
20,1918,0.06666666666666667
20,1919,0.0
20,1920,0.03333333333333333
20,1921,0.0
20,1922,0.43333333333333335
20,1923,0.23333333333333334
20,1924,0.0
20,1925,0.1
20,1926,0.6333333333333333
20,1927,0.2
20,1928,0.0
20,1929,0.0
20,1930,0.4666666666666667
20,1931,0.0
20,1932,0.0
20,1933,0.13333333333333333
20,1934,0.0
20,1935,0.0
20,1936,0.0
20,1937,0.0
20,1938,0.06666666666666667
20,1939,0.5333333333333333
20,1940,0.06666666666666667
20,1941,0.06666666666666667
20,1942,0.0
20,1943,0.16666666666666666
20,1944,0.23333333333333334
20,1945,0.0
20,1946,0.4666666666666667
20,1947,0.4
20,1948,0.43333333333333335
20,1949,0.0
20,1950,0.26666666666666666
20,1951,0.1
20,1952,0.06666666666666667
20,1953,0.0
20,1954,0.5333333333333333
20,1955,0.3
20,1956,0.0
20,1957,0.0
20,1958,0.0
20,1959,0.8666666666666667
20,1960,0.0
20,1961,0.43333333333333335
20,1962,0.0
20,1963,0.0
20,1964,0.4666666666666667
20,1965,0.26666666666666666
20,1966,0.0
20,1967,0.4666666666666667
20,1968,0.5333333333333333
20,1969,0.0
20,1970,0.36666666666666664
20,1971,0.8333333333333334
20,1972,0.1
20,1973,0.13333333333333333
20,1974,0.0
20,1975,0.0
20,1976,0.0
20,1977,0.0
20,1978,0.0
20,1979,0.4666666666666667
20,1980,0.0
20,1981,0.0
20,1982,0.6333333333333333
20,1983,0.5333333333333333
20,1984,0.4666666666666667
20,1985,0.0
20,1986,0.0
20,1987,0.0
20,1988,0.1
20,1989,0.0
20,1990,0.43333333333333335
20,1991,0.06666666666666667
20,1992,0.0
20,1993,0.8666666666666667
20,1994,0.6666666666666666
20,1995,0.0
20,1996,0.2
20,1997,0.0
20,1998,0.0
20,1999,0.3333333333333333
20,2000,0.6666666666666666
20,2001,0.5666666666666667
20,2002,0.36666666666666664
20,2003,0.06666666666666667
20,2004,0.0
20,2005,0.06666666666666667
20,2006,0.03333333333333333
20,2007,0.6333333333333333
20,2008,0.0
20,2009,0.0
20,2010,0.43333333333333335
20,2011,0.0
20,2012,0.06666666666666667
20,2013,0.06666666666666667
20,2014,0.5666666666666667
20,2015,0.0
20,2016,0.43333333333333335
20,2017,0.26666666666666666
20,2018,0.0
20,2019,0.03333333333333333
20,2020,0.0
20,2021,0.0
20,2022,0.3333333333333333
20,2023,0.3
20,2024,0.36666666666666664
20,2025,0.0
20,2026,0.2
20,2027,0.5
20,2028,0.26666666666666666
20,2029,0.1
20,2030,0.23333333333333334
20,2031,0.2
20,2032,0.8666666666666667
20,2033,0.0
20,2034,0.0
20,2035,0.0
20,2036,0.0
20,2037,0.0
20,2038,0.7666666666666667
20,2039,0.0
20,2040,0.6
20,2041,0.13333333333333333
20,2042,0.0
20,2043,0.0
20,2044,0.06666666666666667
20,2045,0.03333333333333333
20,2046,0.36666666666666664
20,2047,0.26666666666666666
20,2048,0.0
20,2049,0.23333333333333334
20,2050,0.03333333333333333
20,2051,0.0
20,2052,0.0
20,2053,0.6666666666666666
20,2054,0.0
20,2055,0.1
20,2056,0.0
20,2057,0.2
20,2058,0.03333333333333333
20,2059,0.23333333333333334
20,2060,0.06666666666666667
20,2061,0.0
20,2062,0.0
20,2063,0.0
20,2064,0.2
20,2065,0.0
20,2066,0.1
20,2067,0.7
20,2068,0.26666666666666666
20,2069,0.06666666666666667
20,2070,0.0
20,2071,0.0
20,2072,0.23333333333333334
20,2073,0.26666666666666666
20,2074,0.0
20,2075,0.03333333333333333
20,2076,0.03333333333333333
20,2077,0.23333333333333334
20,2078,0.0
20,2079,0.4
20,2080,0.2
20,2081,0.9
20,2082,0.0
20,2083,0.0
20,2084,0.16666666666666666
20,2085,0.0
20,2086,0.1
20,2087,0.0
20,2088,0.36666666666666664
20,2089,0.5
20,2090,0.6666666666666666
20,2091,0.6333333333333333
20,2092,0.7
20,2093,0.0
20,2094,0.13333333333333333
20,2095,0.0
20,2096,0.0
20,2097,0.6666666666666666
20,2098,0.0
20,2099,0.0
20,2100,0.6
20,2101,0.0
20,2102,0.1
20,2103,0.0
20,2104,0.0
20,2105,0.0
20,2106,0.0
20,2107,0.4666666666666667
20,2108,0.16666666666666666
20,2109,0.3
20,2110,0.0
20,2111,0.7
20,2112,0.7666666666666667
20,2113,0.0
20,2114,0.0
20,2115,0.0
20,2116,0.3
20,2117,0.23333333333333334
20,2118,0.03333333333333333
20,2119,0.1
20,2120,0.0
20,2121,0.0
20,2122,0.16666666666666666
20,2123,0.6333333333333333
20,2124,0.0
20,2125,0.7333333333333333
20,2126,0.3333333333333333
20,2127,0.0
20,2128,0.13333333333333333
20,2129,0.23333333333333334
20,2130,0.6333333333333333
20,2131,0.6666666666666666
20,2132,0.9666666666666667
20,2133,0.9
20,2134,0.1
20,2135,0.8
20,2136,0.1
20,2137,0.3
20,2138,0.7666666666666667
20,2139,0.0
20,2140,0.0
20,2141,0.0
20,2142,0.0
20,2143,0.8666666666666667
20,2144,0.26666666666666666
20,2145,0.2
20,2146,0.26666666666666666
20,2147,0.4
20,2148,0.0
20,2149,0.16666666666666666
20,2150,0.0
20,2151,0.0
20,2152,0.4
20,2153,0.0
20,2154,0.0
20,2155,0.06666666666666667
20,2156,0.0
20,2157,0.8666666666666667
20,2158,0.0
20,2159,0.0
20,2160,0.2
20,2161,0.0
20,2162,0.0
20,2163,0.03333333333333333
20,2164,0.9333333333333333
20,2165,0.13333333333333333
20,2166,0.0
20,2167,0.0
20,2168,0.23333333333333334
20,2169,0.0
20,2170,0.0
20,2171,0.0
20,2172,0.5
20,2173,0.0
20,2174,0.0
20,2175,0.16666666666666666
20,2176,0.0
20,2177,0.4
20,2178,0.0
20,2179,0.1
20,2180,0.23333333333333334
20,2181,0.06666666666666667
20,2182,0.13333333333333333
20,2183,0.0
20,2184,0.0
20,2185,0.03333333333333333
20,2186,0.0
20,2187,0.0
20,2188,0.6
20,2189,0.0
20,2190,0.0
20,2191,0.06666666666666667
20,2192,0.13333333333333333
20,2193,0.06666666666666667
20,2194,0.0
20,2195,0.0
20,2196,0.13333333333333333
20,2197,0.0
20,2198,0.8333333333333334
20,2199,0.1
20,2200,0.3333333333333333
20,2201,0.0
20,2202,0.3
20,2203,0.0
20,2204,0.0
20,2205,0.03333333333333333
20,2206,0.0
20,2207,0.43333333333333335
20,2208,0.6
20,2209,0.0
20,2210,0.0
20,2211,0.0
20,2212,0.2
20,2213,0.4666666666666667
20,2214,0.0
20,2215,0.0
20,2216,0.03333333333333333
20,2217,0.0
20,2218,0.0
20,2219,0.5
20,2220,0.0
20,2221,0.4
20,2222,0.13333333333333333
20,2223,0.43333333333333335
20,2224,0.13333333333333333
20,2225,0.36666666666666664
20,2226,0.0
20,2227,0.3
20,2228,0.0
20,2229,0.0
20,2230,0.06666666666666667
20,2231,0.1
20,2232,0.03333333333333333
20,2233,0.7333333333333333
20,2234,0.9666666666666667
20,2235,0.0
20,2236,0.2
20,2237,0.6333333333333333
20,2238,0.06666666666666667
20,2239,0.0
20,2240,0.0
20,2241,0.1
20,2242,0.06666666666666667
20,2243,0.0
20,2244,0.0
20,2245,0.0
20,2246,0.0
20,2247,0.1
20,2248,0.0
20,2249,0.03333333333333333
20,2250,0.0
20,2251,0.23333333333333334
20,2252,0.06666666666666667
20,2253,0.0
20,2254,0.0
20,2255,0.0
20,2256,0.0
20,2257,0.0
20,2258,0.0
20,2259,0.03333333333333333
20,2260,0.0
20,2261,0.3
20,2262,0.0
20,2263,0.36666666666666664
20,2264,0.2
20,2265,0.0
20,2266,0.6666666666666666
20,2267,0.0
20,2268,0.03333333333333333
20,2269,0.06666666666666667
20,2270,0.16666666666666666
20,2271,0.0
20,2272,0.4
20,2273,0.03333333333333333
20,2274,0.0
20,2275,0.23333333333333334
20,2276,0.0
20,2277,0.0
20,2278,0.1
20,2279,0.7
20,2280,0.23333333333333334
20,2281,0.0
20,2282,0.4
20,2283,0.0
20,2284,0.8666666666666667
20,2285,0.13333333333333333
20,2286,0.9333333333333333
20,2287,0.0
20,2288,0.36666666666666664
20,2289,0.7333333333333333
20,2290,0.4
20,2291,0.0
20,2292,0.1
20,2293,0.0
20,2294,0.0
20,2295,0.6333333333333333
20,2296,0.0
20,2297,0.06666666666666667
20,2298,0.4
20,2299,0.0
20,2300,0.0
20,2301,0.0
20,2302,0.36666666666666664
20,2303,0.13333333333333333
20,2304,0.0
20,2305,0.06666666666666667
20,2306,0.3
20,2307,0.5
20,2308,0.13333333333333333
20,2309,0.1
20,2310,0.3333333333333333
20,2311,0.1
20,2312,0.0
20,2313,0.0
20,2314,0.16666666666666666
20,2315,0.03333333333333333
20,2316,0.4
20,2317,0.06666666666666667
20,2318,0.06666666666666667
20,2319,0.1
20,2320,0.0
20,2321,0.0
20,2322,0.0
20,2323,0.03333333333333333
20,2324,0.2
20,2325,0.2
20,2326,0.0
20,2327,0.0
20,2328,0.0
20,2329,0.0
20,2330,0.1
20,2331,0.03333333333333333
20,2332,0.03333333333333333
20,2333,0.03333333333333333
20,2334,0.0
20,2335,0.03333333333333333
20,2336,0.0
20,2337,0.0
20,2338,0.0
20,2339,0.2
20,2340,0.2
20,2341,0.2
20,2342,0.0
20,2343,0.5
20,2344,0.3333333333333333
20,2345,0.8333333333333334
20,2346,0.03333333333333333
20,2347,0.0
20,2348,0.16666666666666666
20,2349,0.0
20,2350,0.36666666666666664
20,2351,0.0
20,2352,0.0
20,2353,0.26666666666666666
20,2354,0.16666666666666666
20,2355,0.43333333333333335
20,2356,0.0
20,2357,0.06666666666666667
20,2358,0.13333333333333333
20,2359,0.8333333333333334
20,2360,0.23333333333333334
20,2361,0.7666666666666667
20,2362,0.36666666666666664
20,2363,0.26666666666666666
20,2364,0.13333333333333333
20,2365,0.8333333333333334
20,2366,0.0
20,2367,0.1
20,2368,0.0
20,2369,0.9
20,2370,0.0
20,2371,0.5
20,2372,0.8666666666666667
20,2373,0.3333333333333333
20,2374,0.16666666666666666
20,2375,0.0
20,2376,0.3
20,2377,0.6
20,2378,0.0
20,2379,0.0
20,2380,0.23333333333333334
20,2381,0.0
20,2382,0.0
20,2383,0.4666666666666667
20,2384,0.0
20,2385,0.06666666666666667
20,2386,0.3
20,2387,0.43333333333333335
20,2388,0.6666666666666666
20,2389,0.0
20,2390,0.8666666666666667
20,2391,0.0
20,2392,0.0
20,2393,0.0
20,2394,0.03333333333333333
20,2395,0.0
20,2396,0.26666666666666666
20,2397,0.43333333333333335
20,2398,0.0
20,2399,0.0
20,2400,0.06666666666666667
20,2401,0.03333333333333333
20,2402,0.03333333333333333
20,2403,0.5666666666666667
20,2404,0.03333333333333333
20,2405,0.0
20,2406,0.0
20,2407,0.06666666666666667
20,2408,0.0
20,2409,0.43333333333333335
20,2410,0.03333333333333333
20,2411,0.2
20,2412,0.0
20,2413,0.03333333333333333
20,2414,0.0
20,2415,0.0
20,2416,0.26666666666666666
20,2417,0.4666666666666667
20,2418,0.0
20,2419,0.16666666666666666
20,2420,0.0
20,2421,0.0
20,2422,0.0
20,2423,0.03333333333333333
20,2424,0.03333333333333333
20,2425,0.0
20,2426,0.3
20,2427,0.0
20,2428,0.3333333333333333
20,2429,0.03333333333333333
20,2430,0.0
20,2431,0.0
20,2432,0.16666666666666666
20,2433,0.0
20,2434,0.5
20,2435,0.6333333333333333
20,2436,0.26666666666666666
20,2437,0.03333333333333333
20,2438,0.5
20,2439,0.03333333333333333
20,2440,0.0
20,2441,0.0
20,2442,0.4666666666666667
20,2443,0.36666666666666664
20,2444,0.0
20,2445,0.0
20,2446,0.5
20,2447,0.0
20,2448,0.0
20,2449,0.0
20,2450,0.03333333333333333
20,2451,0.03333333333333333
20,2452,0.0
20,2453,0.3333333333333333
20,2454,0.0
20,2455,0.0
20,2456,0.0
20,2457,0.0
20,2458,0.0
20,2459,0.6666666666666666
20,2460,0.5333333333333333
20,2461,0.0
20,2462,0.16666666666666666
20,2463,0.3333333333333333
20,2464,0.0
20,2465,0.43333333333333335
20,2466,0.5666666666666667
20,2467,0.4
20,2468,0.03333333333333333
20,2469,0.7
20,2470,0.0
20,2471,0.13333333333333333
20,2472,0.0
20,2473,0.7
20,2474,0.0
20,2475,0.5333333333333333
20,2476,0.0
20,2477,0.0
20,2478,0.0
20,2479,0.2
20,2480,0.23333333333333334
20,2481,0.9333333333333333
20,2482,0.5
20,2483,0.36666666666666664
20,2484,0.0
20,2485,0.0
20,2486,0.0
20,2487,0.8333333333333334
20,2488,0.13333333333333333
20,2489,0.1
20,2490,0.0
20,2491,0.0
20,2492,0.0
20,2493,0.06666666666666667
20,2494,0.43333333333333335
20,2495,0.0
20,2496,0.36666666666666664
20,2497,0.6
20,2498,0.0
20,2499,0.0
20,2500,0.0
20,2501,0.03333333333333333
20,2502,0.13333333333333333
20,2503,0.0
20,2504,0.13333333333333333
20,2505,0.0
20,2506,0.8333333333333334
20,2507,0.23333333333333334
20,2508,0.0
20,2509,0.3
20,2510,0.4
20,2511,0.26666666666666666
20,2512,0.26666666666666666
20,2513,0.06666666666666667
20,2514,0.23333333333333334
20,2515,0.0
20,2516,0.03333333333333333
20,2517,0.0
20,2518,0.1
20,2519,0.1
20,2520,0.0
20,2521,0.13333333333333333
20,2522,0.0
20,2523,0.0
20,2524,0.0
20,2525,0.5666666666666667
20,2526,0.0
20,2527,0.23333333333333334
20,2528,0.0
20,2529,0.3333333333333333
20,2530,0.0
20,2531,0.0
20,2532,0.0
20,2533,0.16666666666666666
20,2534,0.0
20,2535,0.6666666666666666
20,2536,0.0
20,2537,0.0
20,2538,0.03333333333333333
20,2539,0.0
20,2540,0.0
20,2541,0.0
20,2542,0.5333333333333333
20,2543,0.16666666666666666
20,2544,0.0
20,2545,0.0
20,2546,0.03333333333333333
20,2547,0.03333333333333333
20,2548,0.0
20,2549,0.6333333333333333
20,2550,0.0
20,2551,0.8
20,2552,0.0
20,2553,0.0
20,2554,0.16666666666666666
20,2555,0.36666666666666664
20,2556,0.03333333333333333
20,2557,0.0
20,2558,0.7
20,2559,0.0
20,2560,0.0
20,2561,0.2
20,2562,0.8333333333333334
20,2563,0.0
20,2564,0.7
20,2565,0.0
20,2566,0.16666666666666666
20,2567,0.5333333333333333
20,2568,0.0
20,2569,0.0
20,2570,0.0
20,2571,0.3
20,2572,0.16666666666666666
20,2573,0.0
20,2574,0.0
20,2575,0.0
20,2576,0.6333333333333333
20,2577,0.43333333333333335
20,2578,0.4
20,2579,0.1
20,2580,0.5
20,2581,0.0
20,2582,0.1
20,2583,0.3
20,2584,0.0
20,2585,0.0
20,2586,0.1
20,2587,0.2
20,2588,0.0
20,2589,0.0
20,2590,0.03333333333333333
20,2591,0.0
20,2592,0.0
20,2593,0.5333333333333333
20,2594,0.3
20,2595,0.0
20,2596,0.3333333333333333
20,2597,0.6333333333333333
20,2598,0.0
20,2599,0.0
20,2600,0.0
20,2601,0.0
20,2602,0.0
20,2603,0.0
20,2604,0.3
20,2605,0.0
20,2606,0.0
20,2607,0.0
20,2608,0.6333333333333333
20,2609,0.1
20,2610,0.0
20,2611,0.03333333333333333
20,2612,0.0
20,2613,0.6666666666666666
20,2614,0.0
20,2615,0.13333333333333333
20,2616,0.9
20,2617,0.0
20,2618,0.0
20,2619,0.0
20,2620,0.7333333333333333
20,2621,0.0
20,2622,0.0
20,2623,0.36666666666666664
20,2624,0.43333333333333335
20,2625,0.06666666666666667
20,2626,0.0
20,2627,0.0
20,2628,0.06666666666666667
20,2629,0.16666666666666666
20,2630,0.0
20,2631,0.1
20,2632,0.0
20,2633,0.0
20,2634,0.16666666666666666
20,2635,0.6333333333333333
20,2636,0.5
20,2637,0.0
20,2638,0.0
20,2639,0.2
20,2640,0.1
20,2641,0.3333333333333333
20,2642,0.0
20,2643,0.0
20,2644,0.0
20,2645,0.0
20,2646,0.0
20,2647,0.0
20,2648,0.0
20,2649,0.16666666666666666
20,2650,0.0
20,2651,0.0
20,2652,0.8
20,2653,0.0
20,2654,0.0
20,2655,0.2
20,2656,0.0
20,2657,0.0
20,2658,0.1
20,2659,0.03333333333333333
20,2660,0.6666666666666666
20,2661,0.13333333333333333
20,2662,0.0
20,2663,0.3333333333333333
20,2664,0.0
20,2665,0.0
20,2666,0.0
20,2667,0.0
20,2668,0.0
20,2669,0.36666666666666664
20,2670,0.0
20,2671,0.0
20,2672,0.2
20,2673,0.0
20,2674,0.0
20,2675,0.0
20,2676,0.36666666666666664
20,2677,0.0
20,2678,0.1
20,2679,0.13333333333333333
20,2680,0.16666666666666666
20,2681,0.0
20,2682,0.0
20,2683,0.03333333333333333
20,2684,0.3333333333333333
20,2685,0.0
20,2686,0.0
20,2687,0.1
20,2688,0.13333333333333333
20,2689,0.03333333333333333
20,2690,0.2
20,2691,0.0
20,2692,0.0
20,2693,0.06666666666666667
20,2694,0.0
20,2695,0.16666666666666666
20,2696,0.0
20,2697,0.0
20,2698,0.0
20,2699,0.3333333333333333
20,2700,0.0
20,2701,0.26666666666666666
20,2702,0.0
20,2703,0.0
20,2704,0.23333333333333334
20,2705,0.03333333333333333
20,2706,0.03333333333333333
20,2707,0.0
20,2708,0.1
20,2709,0.2
20,2710,0.06666666666666667
20,2711,0.26666666666666666
20,2712,0.36666666666666664
20,2713,0.0
20,2714,0.5333333333333333
20,2715,0.4
20,2716,0.0
20,2717,0.43333333333333335
20,2718,0.36666666666666664
20,2719,0.8666666666666667
20,2720,0.6666666666666666
20,2721,0.43333333333333335
20,2722,0.4
20,2723,0.13333333333333333
20,2724,0.43333333333333335
20,2725,0.03333333333333333
20,2726,0.5
20,2727,0.1
20,2728,0.1
20,2729,0.06666666666666667
20,2730,0.03333333333333333
20,2731,0.03333333333333333
20,2732,0.0
20,2733,0.2
20,2734,0.0
20,2735,0.0
20,2736,0.43333333333333335
20,2737,0.06666666666666667
20,2738,0.0
20,2739,0.26666666666666666
20,2740,0.6666666666666666
20,2741,0.0
20,2742,0.16666666666666666
20,2743,0.23333333333333334
20,2744,0.03333333333333333
20,2745,0.1
20,2746,0.03333333333333333
20,2747,0.0
20,2748,0.03333333333333333
20,2749,0.13333333333333333
20,2750,0.0
20,2751,0.0
20,2752,0.0
20,2753,0.0
20,2754,0.0
20,2755,0.1
20,2756,0.23333333333333334
20,2757,0.0
20,2758,0.16666666666666666
20,2759,0.1
20,2760,0.4666666666666667
20,2761,0.16666666666666666
20,2762,0.0
20,2763,0.13333333333333333
20,2764,0.36666666666666664
20,2765,0.1
20,2766,0.7
20,2767,0.9666666666666667
20,2768,0.0
20,2769,0.0
20,2770,0.0
20,2771,0.0
20,2772,0.23333333333333334
20,2773,0.16666666666666666
20,2774,0.06666666666666667
20,2775,0.0
20,2776,0.43333333333333335
20,2777,0.16666666666666666
20,2778,0.0
20,2779,0.0
20,2780,0.0
20,2781,0.23333333333333334
20,2782,0.1
20,2783,0.3
20,2784,0.0
20,2785,0.0
20,2786,0.6666666666666666
20,2787,0.0
20,2788,0.36666666666666664
20,2789,0.0
20,2790,0.7
20,2791,0.26666666666666666
20,2792,0.0
20,2793,0.1
20,2794,0.1
20,2795,0.36666666666666664
20,2796,0.7333333333333333
20,2797,0.26666666666666666
20,2798,0.0
20,2799,0.0
20,2800,0.1
20,2801,0.0
20,2802,0.2
20,2803,0.0
20,2804,0.0
20,2805,0.0
20,2806,0.0
20,2807,0.1
20,2808,0.0
20,2809,0.0
20,2810,0.5666666666666667
20,2811,0.0
20,2812,0.43333333333333335
20,2813,0.0
20,2814,0.0
20,2815,0.06666666666666667
20,2816,0.0
20,2817,0.0
20,2818,0.36666666666666664
20,2819,0.26666666666666666
20,2820,0.0
20,2821,0.16666666666666666
20,2822,0.2
20,2823,0.0
20,2824,0.26666666666666666
20,2825,0.03333333333333333
20,2826,0.13333333333333333
20,2827,0.26666666666666666
20,2828,0.0
20,2829,0.0
20,2830,0.1
20,2831,0.0
20,2832,0.16666666666666666
20,2833,0.0
20,2834,0.43333333333333335
20,2835,0.0
20,2836,0.1
20,2837,0.16666666666666666
20,2838,0.0
20,2839,0.36666666666666664
20,2840,0.6333333333333333
20,2841,0.4
20,2842,0.0
20,2843,0.16666666666666666
20,2844,0.2
20,2845,0.06666666666666667
20,2846,0.43333333333333335
20,2847,0.0
20,2848,0.0
20,2849,0.1
20,2850,0.4666666666666667
20,2851,0.0
20,2852,0.8333333333333334
20,2853,0.36666666666666664
20,2854,0.0
20,2855,0.0
20,2856,0.6
20,2857,0.0
20,2858,0.9
20,2859,0.6333333333333333
20,2860,0.3
20,2861,0.0
20,2862,0.06666666666666667
20,2863,0.36666666666666664
20,2864,0.0
20,2865,0.4666666666666667
20,2866,0.13333333333333333
20,2867,0.0
20,2868,0.03333333333333333
20,2869,0.0
20,2870,0.4
20,2871,0.0
20,2872,0.26666666666666666
20,2873,0.0
20,2874,0.0
20,2875,0.4
20,2876,0.03333333333333333
20,2877,0.4666666666666667
20,2878,0.0
20,2879,0.5333333333333333
20,2880,0.3
20,2881,0.26666666666666666
20,2882,0.0
20,2883,0.0
20,2884,0.6333333333333333
20,2885,0.16666666666666666
20,2886,0.43333333333333335
20,2887,0.26666666666666666
20,2888,0.0
20,2889,0.0
20,2890,0.6333333333333333
20,2891,0.0
20,2892,0.16666666666666666
20,2893,0.6666666666666666
20,2894,0.0
20,2895,0.5666666666666667
20,2896,0.0
20,2897,0.26666666666666666
20,2898,0.0
20,2899,0.03333333333333333
20,2900,0.0
20,2901,0.1
20,2902,0.0
20,2903,0.36666666666666664
20,2904,0.0
20,2905,0.03333333333333333
20,2906,0.13333333333333333
20,2907,0.0
20,2908,0.06666666666666667
20,2909,0.3
20,2910,0.0
20,2911,0.0
20,2912,0.0
20,2913,0.0
20,2914,0.26666666666666666
20,2915,0.3
20,2916,0.6333333333333333
20,2917,0.26666666666666666
20,2918,0.0
20,2919,0.03333333333333333
20,2920,0.0
20,2921,0.36666666666666664
20,2922,0.0
20,2923,0.0
20,2924,0.0
20,2925,0.0
20,2926,0.4666666666666667
20,2927,0.03333333333333333
20,2928,0.2
20,2929,0.0
20,2930,0.0
20,2931,0.0
20,2932,0.0
20,2933,0.0
20,2934,0.26666666666666666
20,2935,0.0
20,2936,0.16666666666666666
20,2937,0.0
20,2938,0.9333333333333333
20,2939,0.13333333333333333
20,2940,0.0
20,2941,0.0
20,2942,0.3333333333333333
20,2943,0.0
20,2944,0.0
20,2945,0.0
20,2946,0.03333333333333333
20,2947,0.6
20,2948,0.16666666666666666
20,2949,0.0
20,2950,0.1
20,2951,0.43333333333333335
20,2952,0.5333333333333333
20,2953,0.0
20,2954,0.03333333333333333
20,2955,0.0
20,2956,0.26666666666666666
20,2957,0.0
20,2958,0.0
20,2959,0.43333333333333335
20,2960,0.5333333333333333
20,2961,0.1
20,2962,0.8666666666666667
20,2963,0.5666666666666667
20,2964,0.0
20,2965,0.23333333333333334
20,2966,0.0
20,2967,0.03333333333333333
20,2968,0.1
20,2969,0.2
20,2970,0.0
20,2971,0.9
20,2972,0.0
20,2973,0.0
20,2974,0.0
20,2975,0.0
20,2976,0.03333333333333333
20,2977,0.0
20,2978,0.0
20,2979,0.13333333333333333
20,2980,0.1
20,2981,0.43333333333333335
20,2982,0.06666666666666667
20,2983,0.0
20,2984,0.1
20,2985,0.2
20,2986,0.1
20,2987,0.13333333333333333
20,2988,0.7
20,2989,0.06666666666666667
20,2990,0.2
20,2991,0.0
20,2992,0.23333333333333334
20,2993,0.1
20,2994,0.6333333333333333
20,2995,0.0
20,2996,0.0
20,2997,0.0
20,2998,0.16666666666666666
20,2999,0.0
10,0,0.36666666666666664
10,1,0.0
10,2,0.0
10,3,0.0
10,4,0.2
10,5,0.0
10,6,0.6
10,7,0.8666666666666667
10,8,0.0
10,9,0.03333333333333333
10,10,0.0
10,11,0.8333333333333334
10,12,0.13333333333333333
10,13,0.0
10,14,0.06666666666666667
10,15,0.0
10,16,0.1
10,17,0.0
10,18,0.0
10,19,0.03333333333333333
10,20,0.06666666666666667
10,21,0.5333333333333333
10,22,0.0
10,23,0.0
10,24,0.23333333333333334
10,25,0.0
10,26,0.23333333333333334
10,27,0.23333333333333334
10,28,0.0
10,29,0.06666666666666667
10,30,0.0
10,31,0.0
10,32,0.23333333333333334
10,33,0.0
10,34,0.06666666666666667
10,35,0.4666666666666667
10,36,0.0
10,37,0.0
10,38,0.3333333333333333
10,39,0.03333333333333333
10,40,0.7
10,41,0.23333333333333334
10,42,0.0
10,43,0.03333333333333333
10,44,0.5
10,45,0.4666666666666667
10,46,0.0
10,47,0.06666666666666667
10,48,0.5333333333333333
10,49,0.9
10,50,0.03333333333333333
10,51,0.0
10,52,0.4666666666666667
10,53,0.6666666666666666
10,54,0.3333333333333333
10,55,0.03333333333333333
10,56,0.26666666666666666
10,57,0.0
10,58,0.1
10,59,0.0
10,60,0.0
10,61,0.0
10,62,0.0
10,63,0.0
10,64,0.0
10,65,0.3
10,66,0.9
10,67,0.3333333333333333
10,68,0.43333333333333335
10,69,0.0
10,70,0.0
10,71,0.0
10,72,0.16666666666666666
10,73,0.36666666666666664
10,74,0.06666666666666667
10,75,0.0
10,76,0.06666666666666667
10,77,0.0
10,78,0.16666666666666666
10,79,0.0
10,80,0.0
10,81,0.13333333333333333
10,82,0.0
10,83,0.0
10,84,0.16666666666666666
10,85,0.03333333333333333
10,86,0.4
10,87,0.06666666666666667
10,88,0.0
10,89,0.06666666666666667
10,90,0.0
10,91,0.0
10,92,0.0
10,93,0.0
10,94,0.0
10,95,0.06666666666666667
10,96,0.5
10,97,0.5
10,98,0.0
10,99,0.0
10,100,0.4666666666666667
10,101,0.13333333333333333
10,102,0.8666666666666667
10,103,0.3333333333333333
10,104,0.16666666666666666
10,105,0.03333333333333333
10,106,0.0
10,107,0.0
10,108,0.0
10,109,0.0
10,110,0.0
10,111,0.4666666666666667
10,112,0.0
10,113,0.0
10,114,0.0
10,115,0.7666666666666667
10,116,0.0
10,117,0.5
10,118,0.4
10,119,0.8666666666666667
10,120,0.4666666666666667
10,121,0.0
10,122,0.36666666666666664
10,123,0.3
10,124,0.0
10,125,0.0
10,126,0.0
10,127,0.36666666666666664
10,128,0.6333333333333333
10,129,0.43333333333333335
10,130,0.0
10,131,0.0
10,132,0.0
10,133,0.9
10,134,0.0
10,135,0.1
10,136,0.03333333333333333
10,137,0.13333333333333333
10,138,0.0
10,139,0.0
10,140,0.16666666666666666
10,141,0.0
10,142,0.0
10,143,0.0
10,144,0.0
10,145,0.03333333333333333
10,146,0.0
10,147,0.0
10,148,0.9
10,149,0.0
10,150,0.8666666666666667
10,151,0.0
10,152,0.06666666666666667
10,153,0.0
10,154,0.13333333333333333
10,155,0.0
10,156,0.2
10,157,0.0
10,158,0.3
10,159,0.36666666666666664
10,160,0.5
10,161,0.0
10,162,0.0
10,163,0.0
10,164,0.03333333333333333
10,165,0.06666666666666667
10,166,0.0
10,167,0.5666666666666667
10,168,0.2
10,169,0.0
10,170,0.0
10,171,0.0
10,172,0.0
10,173,0.23333333333333334
10,174,0.0
10,175,0.03333333333333333
10,176,0.0
10,177,0.0
10,178,0.5
10,179,0.0
10,180,0.16666666666666666
10,181,0.0
10,182,0.5333333333333333
10,183,0.0
10,184,0.0
10,185,0.23333333333333334
10,186,0.5666666666666667
10,187,0.0
10,188,0.06666666666666667
10,189,0.0
10,190,0.0
10,191,0.0
10,192,0.16666666666666666
10,193,0.0
10,194,0.0
10,195,0.0
10,196,0.0
10,197,0.0
10,198,0.1
10,199,0.4
10,200,0.0
10,201,0.06666666666666667
10,202,0.0
10,203,0.0
10,204,0.0
10,205,0.4
10,206,0.0
10,207,0.03333333333333333
10,208,0.03333333333333333
10,209,0.1
10,210,0.0
10,211,0.0
10,212,0.43333333333333335
10,213,0.03333333333333333
10,214,0.4
10,215,0.0
10,216,0.0
10,217,0.5666666666666667
10,218,0.16666666666666666
10,219,0.0
10,220,0.0
10,221,0.9666666666666667
10,222,0.0
10,223,0.0
10,224,0.0
10,225,0.3
10,226,0.2
10,227,0.0
10,228,0.16666666666666666
10,229,0.43333333333333335
10,230,0.03333333333333333
10,231,0.0
10,232,0.0
10,233,0.0
10,234,0.0
10,235,0.06666666666666667
10,236,0.4
10,237,0.36666666666666664
10,238,0.0
10,239,0.4666666666666667
10,240,0.0
10,241,0.0
10,242,0.16666666666666666
10,243,0.2
10,244,0.26666666666666666
10,245,0.7666666666666667
10,246,0.6666666666666666
10,247,0.0
10,248,0.03333333333333333
10,249,0.0
10,250,0.0
10,251,0.0
10,252,0.16666666666666666
10,253,0.0
10,254,0.1
10,255,0.0
10,256,0.0
10,257,0.0
10,258,0.0
10,259,0.0
10,260,0.0
10,261,0.0
10,262,0.13333333333333333
10,263,0.0
10,264,0.0
10,265,0.0
10,266,0.4
10,267,0.7666666666666667
10,268,0.26666666666666666
10,269,0.03333333333333333
10,270,0.03333333333333333
10,271,0.0
10,272,0.4
10,273,0.2
10,274,0.0
10,275,0.0
10,276,0.3333333333333333
10,277,0.0
10,278,0.1
10,279,0.0
10,280,0.0
10,281,0.2
10,282,0.0
10,283,0.0
10,284,0.0
10,285,0.0
10,286,0.0
10,287,0.36666666666666664
10,288,0.7
10,289,0.0
10,290,0.0
10,291,0.0
10,292,0.13333333333333333
10,293,0.03333333333333333
10,294,0.0
10,295,0.0
10,296,0.13333333333333333
10,297,0.06666666666666667
10,298,0.06666666666666667
10,299,0.0
10,300,0.13333333333333333
10,301,0.13333333333333333
10,302,0.0
10,303,0.0
10,304,0.0
10,305,0.0
10,306,0.4666666666666667
10,307,0.0
10,308,0.0
10,309,0.0
10,310,0.5
10,311,0.2
10,312,0.13333333333333333
10,313,1.0
10,314,0.0
10,315,0.16666666666666666
10,316,0.03333333333333333
10,317,0.0
10,318,0.0
10,319,0.4
10,320,0.0
10,321,0.0
10,322,0.8
10,323,0.0
10,324,0.0
10,325,0.9333333333333333
10,326,0.0
10,327,0.0
10,328,0.0
10,329,0.4
10,330,0.0
10,331,0.0
10,332,0.03333333333333333
10,333,0.0
10,334,0.1
10,335,0.0
10,336,0.0
10,337,0.26666666666666666
10,338,0.1
10,339,0.0
10,340,0.03333333333333333
10,341,0.7666666666666667
10,342,0.0
10,343,0.0
10,344,0.0
10,345,0.0
10,346,0.0
10,347,0.0
10,348,0.3
10,349,0.0
10,350,0.0
10,351,0.0
10,352,0.0
10,353,0.23333333333333334
10,354,0.3
10,355,0.0
10,356,0.0
10,357,0.5666666666666667
10,358,0.3
10,359,0.7333333333333333
10,360,0.0
10,361,0.03333333333333333
10,362,0.0
10,363,0.03333333333333333
10,364,0.0
10,365,0.7666666666666667
10,366,0.0
10,367,0.2
10,368,0.0
10,369,0.1
10,370,0.4666666666666667
10,371,0.0
10,372,0.23333333333333334
10,373,0.3333333333333333
10,374,0.03333333333333333
10,375,0.1
10,376,0.0
10,377,0.36666666666666664
10,378,0.36666666666666664
10,379,0.0
10,380,0.16666666666666666
10,381,0.0
10,382,0.0
10,383,0.23333333333333334
10,384,0.06666666666666667
10,385,0.13333333333333333
10,386,0.0
10,387,0.4
10,388,0.03333333333333333
10,389,0.0
10,390,0.36666666666666664
10,391,0.0
10,392,0.8666666666666667
10,393,0.0
10,394,0.16666666666666666
10,395,0.0
10,396,0.0
10,397,0.0
10,398,0.0
10,399,0.0
10,400,0.0
10,401,0.0
10,402,0.5666666666666667
10,403,0.43333333333333335
10,404,0.0
10,405,0.0
10,406,0.3
10,407,0.0
10,408,0.0
10,409,0.3
10,410,0.0
10,411,0.16666666666666666
10,412,0.8
10,413,0.03333333333333333
10,414,0.0
10,415,0.0
10,416,0.0
10,417,0.0
10,418,0.43333333333333335
10,419,0.0
10,420,0.03333333333333333
10,421,0.0
10,422,0.03333333333333333
10,423,0.06666666666666667
10,424,0.0
10,425,0.0
10,426,0.0
10,427,0.43333333333333335
10,428,0.5
10,429,0.5666666666666667
10,430,0.36666666666666664
10,431,0.5
10,432,0.0
10,433,0.23333333333333334
10,434,0.0
10,435,0.0
10,436,0.0
10,437,0.03333333333333333
10,438,0.06666666666666667
10,439,0.7333333333333333
10,440,0.0
10,441,0.13333333333333333
10,442,0.0
10,443,0.7333333333333333
10,444,0.0
10,445,0.06666666666666667
10,446,0.0
10,447,0.7
10,448,0.0
10,449,0.0
10,450,0.1
10,451,0.8
10,452,0.0
10,453,0.0
10,454,0.23333333333333334
10,455,0.0
10,456,0.0
10,457,0.0
10,458,0.0
10,459,0.2
10,460,0.03333333333333333
10,461,0.03333333333333333
10,462,0.3
10,463,0.0
10,464,0.0
10,465,0.4666666666666667
10,466,0.0
10,467,0.0
10,468,0.0
10,469,0.0
10,470,0.0
10,471,0.0
10,472,0.3333333333333333
10,473,0.0
10,474,0.0
10,475,0.0
10,476,0.0
10,477,0.16666666666666666
10,478,0.06666666666666667
10,479,0.0
10,480,0.0
10,481,0.06666666666666667
10,482,0.0
10,483,0.16666666666666666
10,484,0.0
10,485,0.0
10,486,0.2
10,487,0.0
10,488,0.9666666666666667
10,489,0.0
10,490,0.0
10,491,0.0
10,492,0.4
10,493,0.7666666666666667
10,494,0.26666666666666666
10,495,0.0
10,496,0.0
10,497,0.1
10,498,0.0
10,499,0.0
10,500,0.0
10,501,0.0
10,502,0.0
10,503,0.0
10,504,0.0
10,505,0.1
10,506,0.0
10,507,0.0
10,508,0.7333333333333333
10,509,0.0
10,510,0.0
10,511,0.06666666666666667
10,512,0.0
10,513,0.0
10,514,0.0
10,515,0.0
10,516,0.0
10,517,0.3
10,518,0.23333333333333334
10,519,0.36666666666666664
10,520,0.0
10,521,0.0
10,522,0.7
10,523,0.8333333333333334
10,524,0.6
10,525,0.0
10,526,0.0
10,527,0.1
10,528,0.7333333333333333
10,529,0.0
10,530,0.0
10,531,0.0
10,532,0.0
10,533,0.0
10,534,0.0
10,535,0.0
10,536,0.4666666666666667
10,537,0.7333333333333333
10,538,0.4666666666666667
10,539,0.0
10,540,0.4
10,541,0.4666666666666667
10,542,0.8333333333333334
10,543,0.7
10,544,0.0
10,545,0.0
10,546,0.0
10,547,0.0
10,548,0.0
10,549,0.16666666666666666
10,550,0.9666666666666667
10,551,0.0
10,552,0.4
10,553,0.8333333333333334
10,554,0.2
10,555,0.0
10,556,0.9666666666666667
10,557,0.0
10,558,0.0
10,559,0.03333333333333333
10,560,0.36666666666666664
10,561,0.7666666666666667
10,562,0.3
10,563,0.0
10,564,0.23333333333333334
10,565,0.36666666666666664
10,566,0.4
10,567,0.0
10,568,0.9
10,569,0.0
10,570,0.06666666666666667
10,571,0.0
10,572,0.06666666666666667
10,573,0.0
10,574,0.5333333333333333
10,575,0.0
10,576,0.0
10,577,0.0
10,578,0.0
10,579,0.0
10,580,0.0
10,581,0.0
10,582,0.0
10,583,0.3333333333333333
10,584,0.06666666666666667
10,585,0.1
10,586,0.0
10,587,0.0
10,588,0.0
10,589,0.0
10,590,0.3
10,591,0.0
10,592,0.36666666666666664
10,593,0.03333333333333333
10,594,0.0
10,595,0.43333333333333335
10,596,0.26666666666666666
10,597,0.0
10,598,0.06666666666666667
10,599,0.16666666666666666
10,600,0.0
10,601,0.03333333333333333
10,602,0.7666666666666667
10,603,0.0
10,604,0.0
10,605,0.2
10,606,0.03333333333333333
10,607,0.0
10,608,0.0
10,609,0.0
10,610,0.23333333333333334
10,611,0.03333333333333333
10,612,0.0
10,613,0.9
10,614,0.0
10,615,0.0
10,616,0.6
10,617,0.36666666666666664
10,618,0.0
10,619,0.0
10,620,0.0
10,621,0.03333333333333333
10,622,0.5333333333333333
10,623,0.0
10,624,0.4
10,625,0.0
10,626,0.0
10,627,0.03333333333333333
10,628,0.3333333333333333
10,629,0.0
10,630,0.0
10,631,0.0
10,632,0.0
10,633,0.0
10,634,0.06666666666666667
10,635,0.03333333333333333
10,636,0.0
10,637,0.0
10,638,0.0
10,639,0.3
10,640,0.16666666666666666
10,641,0.26666666666666666
10,642,0.26666666666666666
10,643,0.0
10,644,0.0
10,645,0.03333333333333333
10,646,0.23333333333333334
10,647,0.03333333333333333
10,648,0.0
10,649,0.0
10,650,0.3333333333333333
10,651,0.0
10,652,0.4666666666666667
10,653,0.16666666666666666
10,654,0.23333333333333334
10,655,0.0
10,656,0.0
10,657,0.4
10,658,0.03333333333333333
10,659,0.0
10,660,0.06666666666666667
10,661,0.0
10,662,0.0
10,663,0.0
10,664,0.6666666666666666
10,665,0.0
10,666,0.0
10,667,0.0
10,668,0.0
10,669,0.06666666666666667
10,670,0.3333333333333333
10,671,0.0
10,672,0.4666666666666667
10,673,0.8333333333333334
10,674,0.0
10,675,0.5666666666666667
10,676,0.5333333333333333
10,677,0.03333333333333333
10,678,0.0
10,679,0.43333333333333335
10,680,0.0
10,681,0.1
10,682,0.03333333333333333
10,683,0.0
10,684,0.3333333333333333
10,685,0.4666666666666667
10,686,0.0
10,687,0.0
10,688,0.0
10,689,0.0
10,690,0.0
10,691,0.03333333333333333
10,692,0.03333333333333333
10,693,0.3333333333333333
10,694,0.0
10,695,0.0
10,696,0.0
10,697,0.0
10,698,0.0
10,699,0.4
10,700,0.36666666666666664
10,701,0.03333333333333333
10,702,0.0
10,703,0.0
10,704,0.0
10,705,0.0
10,706,0.0
10,707,0.0
10,708,0.0
10,709,0.0
10,710,0.0
10,711,0.0
10,712,0.0
10,713,0.8
10,714,0.1
10,715,0.2
10,716,0.0
10,717,0.0
10,718,0.0
10,719,0.0
10,720,0.2
10,721,0.8333333333333334
10,722,0.23333333333333334
10,723,0.1
10,724,0.0
10,725,0.0
10,726,0.03333333333333333
10,727,0.0
10,728,0.13333333333333333
10,729,0.1
10,730,0.3333333333333333
10,731,0.0
10,732,0.0
10,733,0.0
10,734,0.03333333333333333
10,735,0.0
10,736,0.0
10,737,0.0
10,738,0.0
10,739,0.26666666666666666
10,740,0.0
10,741,0.3
10,742,0.0
10,743,0.0
10,744,0.36666666666666664
10,745,0.0
10,746,0.0
10,747,0.1
10,748,0.7
10,749,0.43333333333333335
10,750,0.7666666666666667
10,751,0.0
10,752,0.13333333333333333
10,753,0.0
10,754,0.4
10,755,0.0
10,756,0.0
10,757,0.0
10,758,0.0
10,759,0.03333333333333333
10,760,0.9333333333333333
10,761,0.36666666666666664
10,762,0.0
10,763,0.06666666666666667
10,764,0.26666666666666666
10,765,0.0
10,766,0.0
10,767,0.23333333333333334
10,768,0.43333333333333335
10,769,0.0
10,770,0.26666666666666666
10,771,0.4666666666666667
10,772,1.0
10,773,0.26666666666666666
10,774,0.0
10,775,0.0
10,776,0.26666666666666666
10,777,0.0
10,778,0.26666666666666666
10,779,0.0
10,780,0.0
10,781,0.0
10,782,0.0
10,783,0.0
10,784,0.13333333333333333
10,785,0.0
10,786,0.13333333333333333
10,787,0.0
10,788,0.0
10,789,0.7666666666666667
10,790,0.0
10,791,0.4
10,792,0.0
10,793,0.03333333333333333
10,794,0.0
10,795,0.03333333333333333
10,796,0.1
10,797,0.0
10,798,0.5666666666666667
10,799,0.6666666666666666
10,800,0.16666666666666666
10,801,0.3333333333333333
10,802,0.03333333333333333
10,803,0.0
10,804,0.0
10,805,0.16666666666666666
10,806,0.0
10,807,0.0
10,808,0.26666666666666666
10,809,0.0
10,810,0.06666666666666667
10,811,0.0
10,812,0.0
10,813,0.0
10,814,0.3
10,815,0.0
10,816,0.6
10,817,0.9
10,818,0.3
10,819,0.0
10,820,0.0
10,821,1.0
10,822,0.0
10,823,0.4666666666666667
10,824,0.4
10,825,0.16666666666666666
10,826,0.0
10,827,0.1
10,828,0.0
10,829,0.7666666666666667
10,830,0.5
10,831,0.0
10,832,0.0
10,833,0.43333333333333335
10,834,0.0
10,835,0.0
10,836,0.0
10,837,0.0
10,838,0.43333333333333335
10,839,0.0
10,840,0.0
10,841,0.0
10,842,0.0
10,843,1.0
10,844,0.0
10,845,0.26666666666666666
10,846,0.0
10,847,0.36666666666666664
10,848,0.06666666666666667
10,849,0.0
10,850,0.4666666666666667
10,851,0.03333333333333333
10,852,0.13333333333333333
10,853,0.13333333333333333
10,854,0.0
10,855,0.4
10,856,0.1
10,857,0.0
10,858,0.0
10,859,0.16666666666666666
10,860,0.0
10,861,0.0
10,862,0.9333333333333333
10,863,0.5
10,864,0.43333333333333335
10,865,0.7333333333333333
10,866,0.4666666666666667
10,867,0.0
10,868,0.03333333333333333
10,869,0.06666666666666667
10,870,0.0
10,871,0.0
10,872,0.0
10,873,0.36666666666666664
10,874,0.3
10,875,0.0
10,876,0.0
10,877,0.3
10,878,0.0
10,879,0.6
10,880,0.0
10,881,0.4666666666666667
10,882,0.03333333333333333
10,883,0.0
10,884,0.0
10,885,0.13333333333333333
10,886,0.7
10,887,0.0
10,888,0.0
10,889,0.0
10,890,0.0
10,891,0.0
10,892,0.0
10,893,0.0
10,894,0.0
10,895,0.0
10,896,0.3333333333333333
10,897,0.0
10,898,0.0
10,899,0.0
10,900,0.4666666666666667
10,901,0.16666666666666666
10,902,0.0
10,903,0.0
10,904,0.03333333333333333
10,905,0.0
10,906,0.06666666666666667
10,907,0.03333333333333333
10,908,0.0
10,909,0.1
10,910,0.0
10,911,0.0
10,912,0.0
10,913,0.16666666666666666
10,914,0.26666666666666666
10,915,0.43333333333333335
10,916,0.0
10,917,0.0
10,918,0.3333333333333333
10,919,0.36666666666666664
10,920,0.1
10,921,0.1
10,922,0.0
10,923,0.0
10,924,0.2
10,925,0.3333333333333333
10,926,0.0
10,927,0.3333333333333333
10,928,0.0
10,929,0.0
10,930,0.06666666666666667
10,931,0.0
10,932,0.4
10,933,0.0
10,934,0.1
10,935,0.0
10,936,0.13333333333333333
10,937,0.0
10,938,0.0
10,939,0.0
10,940,0.2
10,941,0.5333333333333333
10,942,0.4
10,943,0.0
10,944,0.0
10,945,0.0
10,946,0.03333333333333333
10,947,0.0
10,948,0.0
10,949,0.16666666666666666
10,950,0.0
10,951,0.0
10,952,0.0
10,953,0.13333333333333333
10,954,0.36666666666666664
10,955,0.5
10,956,0.2
10,957,0.0
10,958,0.0
10,959,0.0
10,960,0.0
10,961,0.03333333333333333
10,962,0.9666666666666667
10,963,0.0
10,964,0.0
10,965,0.5
10,966,0.0
10,967,0.16666666666666666
10,968,0.0
10,969,0.0
10,970,0.7333333333333333
10,971,0.0
10,972,0.0
10,973,0.5
10,974,0.26666666666666666
10,975,0.0
10,976,0.43333333333333335
10,977,0.13333333333333333
10,978,0.03333333333333333
10,979,0.0
10,980,0.0
10,981,0.0
10,982,0.0
10,983,0.03333333333333333
10,984,0.0
10,985,0.0
10,986,0.0
10,987,0.9333333333333333
10,988,0.0
10,989,0.03333333333333333
10,990,0.0
10,991,0.0
10,992,0.0
10,993,0.1
10,994,0.0
10,995,0.1
10,996,0.3333333333333333
10,997,0.5666666666666667
10,998,0.36666666666666664
10,999,0.0
10,1000,0.06666666666666667
10,1001,0.0
10,1002,0.0
10,1003,0.0
10,1004,0.06666666666666667
10,1005,0.5
10,1006,0.03333333333333333
10,1007,0.0
10,1008,0.1
10,1009,0.6
10,1010,0.0
10,1011,0.0
10,1012,0.0
10,1013,0.0
10,1014,0.36666666666666664
10,1015,0.3333333333333333
10,1016,0.0
10,1017,0.0
10,1018,0.9
10,1019,0.4666666666666667
10,1020,0.4666666666666667
10,1021,0.1
10,1022,0.0
10,1023,0.36666666666666664
10,1024,0.0
10,1025,0.0
10,1026,0.06666666666666667
10,1027,0.0
10,1028,0.0
10,1029,0.4
10,1030,0.4
10,1031,0.0
10,1032,0.0
10,1033,0.0
10,1034,0.0
10,1035,0.0
10,1036,0.0
10,1037,0.6333333333333333
10,1038,0.06666666666666667
10,1039,0.5666666666666667
10,1040,0.0
10,1041,0.0
10,1042,0.03333333333333333
10,1043,0.0
10,1044,0.03333333333333333
10,1045,0.0
10,1046,0.03333333333333333
10,1047,0.0
10,1048,0.23333333333333334
10,1049,0.0
10,1050,0.8333333333333334
10,1051,0.0
10,1052,0.0
10,1053,0.26666666666666666
10,1054,0.03333333333333333
10,1055,0.13333333333333333
10,1056,0.0
10,1057,0.0
10,1058,0.0
10,1059,0.0
10,1060,0.0
10,1061,0.0
10,1062,0.0
10,1063,0.7333333333333333
10,1064,0.9666666666666667
10,1065,0.4666666666666667
10,1066,0.0
10,1067,0.9333333333333333
10,1068,0.0
10,1069,0.0
10,1070,0.0
10,1071,0.1
10,1072,0.5666666666666667
10,1073,0.0
10,1074,0.5
10,1075,0.0
10,1076,0.16666666666666666
10,1077,0.1
10,1078,0.0
10,1079,0.0
10,1080,0.0
10,1081,0.0
10,1082,0.0
10,1083,0.6
10,1084,0.1
10,1085,0.6
10,1086,0.0
10,1087,0.0
10,1088,0.36666666666666664
10,1089,0.7666666666666667
10,1090,0.0
10,1091,0.0
10,1092,0.06666666666666667
10,1093,0.06666666666666667
10,1094,0.0
10,1095,0.0
10,1096,0.13333333333333333
10,1097,0.1
10,1098,0.1
10,1099,0.26666666666666666
10,1100,0.0
10,1101,0.0
10,1102,0.03333333333333333
10,1103,0.13333333333333333
10,1104,0.5333333333333333
10,1105,0.0
10,1106,0.0
10,1107,0.0
10,1108,0.0
10,1109,0.9
10,1110,0.0
10,1111,0.0
10,1112,0.0
10,1113,1.0
10,1114,0.06666666666666667
10,1115,0.0
10,1116,0.0
10,1117,0.0
10,1118,0.1
10,1119,0.0
10,1120,0.0
10,1121,0.0
10,1122,0.03333333333333333
10,1123,0.26666666666666666
10,1124,0.0
10,1125,0.0
10,1126,0.0
10,1127,0.5333333333333333
10,1128,0.5333333333333333
10,1129,0.1
10,1130,0.0
10,1131,0.4666666666666667
10,1132,0.3333333333333333
10,1133,0.4666666666666667
10,1134,0.0
10,1135,0.0
10,1136,0.03333333333333333
10,1137,0.36666666666666664
10,1138,0.7666666666666667
10,1139,0.0
10,1140,0.0
10,1141,0.0
10,1142,0.0
10,1143,0.0
10,1144,0.03333333333333333
10,1145,0.0
10,1146,0.0
10,1147,0.0
10,1148,0.06666666666666667
10,1149,0.3333333333333333
10,1150,0.0
10,1151,0.0
10,1152,0.0
10,1153,0.0
10,1154,0.0
10,1155,0.03333333333333333
10,1156,0.0
10,1157,0.03333333333333333
10,1158,0.0
10,1159,0.0
10,1160,0.3
10,1161,0.0
10,1162,0.0
10,1163,0.0
10,1164,0.0
10,1165,0.0
10,1166,0.13333333333333333
10,1167,0.6
10,1168,0.36666666666666664
10,1169,0.4
10,1170,0.0
10,1171,0.0
10,1172,0.1
10,1173,0.06666666666666667
10,1174,0.0
10,1175,0.06666666666666667
10,1176,0.0
10,1177,0.0
10,1178,0.1
10,1179,0.4666666666666667
10,1180,0.0
10,1181,0.0
10,1182,0.13333333333333333
10,1183,0.0
10,1184,0.0
10,1185,0.0
10,1186,0.0
10,1187,0.36666666666666664
10,1188,0.0
10,1189,0.0
10,1190,0.0
10,1191,0.0
10,1192,0.1
10,1193,0.0
10,1194,0.0
10,1195,0.1
10,1196,0.0
10,1197,0.13333333333333333
10,1198,0.0
10,1199,0.06666666666666667
10,1200,0.0
10,1201,0.2
10,1202,0.0
10,1203,0.8333333333333334
10,1204,0.1
10,1205,0.0
10,1206,0.9666666666666667
10,1207,0.0
10,1208,0.06666666666666667
10,1209,0.0
10,1210,0.0
10,1211,0.0
10,1212,0.0
10,1213,0.0
10,1214,0.8
10,1215,0.0
10,1216,0.06666666666666667
10,1217,0.26666666666666666
10,1218,0.1
10,1219,0.0
10,1220,0.0
10,1221,0.0
10,1222,0.13333333333333333
10,1223,0.0
10,1224,0.4666666666666667
10,1225,0.0
10,1226,0.0
10,1227,0.0
10,1228,0.0
10,1229,0.0
10,1230,0.43333333333333335
10,1231,0.0
10,1232,0.0
10,1233,0.0
10,1234,0.0
10,1235,0.13333333333333333
10,1236,0.3
10,1237,0.16666666666666666
10,1238,0.0
10,1239,0.5333333333333333
10,1240,0.0
10,1241,0.26666666666666666
10,1242,0.4666666666666667
10,1243,0.0
10,1244,0.0
10,1245,0.0
10,1246,0.36666666666666664
10,1247,0.0
10,1248,0.3
10,1249,0.36666666666666664
10,1250,0.0
10,1251,0.0
10,1252,0.3
10,1253,0.7333333333333333
10,1254,0.3
10,1255,0.0
10,1256,0.6666666666666666
10,1257,0.43333333333333335
10,1258,0.06666666666666667
10,1259,0.0
10,1260,0.13333333333333333
10,1261,0.4
10,1262,0.06666666666666667
10,1263,0.0
10,1264,0.13333333333333333
10,1265,0.0
10,1266,0.3333333333333333
10,1267,0.0
10,1268,0.03333333333333333
10,1269,0.0
10,1270,0.5333333333333333
10,1271,0.0
10,1272,0.0
10,1273,0.0
10,1274,0.0
10,1275,0.0
10,1276,0.0
10,1277,0.26666666666666666
10,1278,0.0
10,1279,0.0
10,1280,0.0
10,1281,0.0
10,1282,0.0
10,1283,0.0
10,1284,0.0
10,1285,0.13333333333333333
10,1286,0.0
10,1287,0.0
10,1288,0.2
10,1289,0.3
10,1290,0.2
10,1291,0.43333333333333335
10,1292,0.4
10,1293,0.03333333333333333
10,1294,0.0
10,1295,0.16666666666666666
10,1296,0.7
10,1297,0.0
10,1298,0.1
10,1299,0.0
10,1300,0.0
10,1301,0.0
10,1302,0.16666666666666666
10,1303,0.0
10,1304,0.0
10,1305,0.23333333333333334
10,1306,0.5333333333333333
10,1307,0.0
10,1308,0.03333333333333333
10,1309,0.0
10,1310,0.0
10,1311,0.0
10,1312,0.0
10,1313,0.0
10,1314,0.36666666666666664
10,1315,0.0
10,1316,0.0
10,1317,0.0
10,1318,0.0
10,1319,0.36666666666666664
10,1320,0.0
10,1321,0.0
10,1322,0.0
10,1323,0.13333333333333333
10,1324,0.6333333333333333
10,1325,0.03333333333333333
10,1326,0.0
10,1327,0.03333333333333333
10,1328,0.4
10,1329,0.43333333333333335
10,1330,0.5333333333333333
10,1331,0.23333333333333334
10,1332,0.3333333333333333
10,1333,0.0
10,1334,0.0
10,1335,0.13333333333333333
10,1336,0.0
10,1337,0.0
10,1338,0.36666666666666664
10,1339,0.0
10,1340,0.0
10,1341,0.0
10,1342,0.8666666666666667
10,1343,0.0
10,1344,0.0
10,1345,0.3333333333333333
10,1346,0.0
10,1347,0.0
10,1348,0.16666666666666666
10,1349,0.06666666666666667
10,1350,0.13333333333333333
10,1351,0.06666666666666667
10,1352,0.0
10,1353,0.0
10,1354,0.36666666666666664
10,1355,0.0
10,1356,0.0
10,1357,0.1
10,1358,0.0
10,1359,0.03333333333333333
10,1360,0.0
10,1361,0.0
10,1362,0.0
10,1363,0.0
10,1364,0.0
10,1365,0.0
10,1366,0.2
10,1367,0.0
10,1368,0.0
10,1369,0.36666666666666664
10,1370,0.0
10,1371,0.6333333333333333
10,1372,0.23333333333333334
10,1373,0.0
10,1374,0.0
10,1375,0.03333333333333333
10,1376,0.13333333333333333
10,1377,0.0
10,1378,0.06666666666666667
10,1379,0.16666666666666666
10,1380,0.0
10,1381,0.0
10,1382,0.6333333333333333
10,1383,0.0
10,1384,0.16666666666666666
10,1385,0.0
10,1386,0.16666666666666666
10,1387,0.0
10,1388,0.5666666666666667
10,1389,0.0
10,1390,0.0
10,1391,0.0
10,1392,0.0
10,1393,0.0
10,1394,0.06666666666666667
10,1395,0.0
10,1396,0.03333333333333333
10,1397,0.8666666666666667
10,1398,0.0
10,1399,0.0
10,1400,0.16666666666666666
10,1401,0.0
10,1402,0.0
10,1403,0.03333333333333333
10,1404,0.0
10,1405,0.0
10,1406,0.13333333333333333
10,1407,0.0
10,1408,0.0
10,1409,0.3
10,1410,0.4666666666666667
10,1411,0.36666666666666664
10,1412,0.0
10,1413,0.4
10,1414,0.03333333333333333
10,1415,0.0
10,1416,0.0
10,1417,0.3
10,1418,0.0
10,1419,0.36666666666666664
10,1420,0.0
10,1421,0.0
10,1422,0.6333333333333333
10,1423,0.0
10,1424,0.0
10,1425,0.4666666666666667
10,1426,0.0
10,1427,0.0
10,1428,0.8666666666666667
10,1429,0.06666666666666667
10,1430,0.13333333333333333
10,1431,0.0
10,1432,0.23333333333333334
10,1433,0.0
10,1434,0.0
10,1435,0.0
10,1436,0.4666666666666667
10,1437,0.1
10,1438,0.0
10,1439,0.0
10,1440,0.0
10,1441,0.2
10,1442,0.1
10,1443,0.0
10,1444,0.0
10,1445,0.3333333333333333
10,1446,0.0
10,1447,0.16666666666666666
10,1448,0.3
10,1449,0.0
10,1450,0.9333333333333333
10,1451,0.23333333333333334
10,1452,0.4666666666666667
10,1453,0.6
10,1454,0.0
10,1455,0.0
10,1456,0.06666666666666667
10,1457,0.36666666666666664
10,1458,0.1
10,1459,0.5
10,1460,0.03333333333333333
10,1461,0.3
10,1462,0.0
10,1463,0.0
10,1464,0.0
10,1465,0.0
10,1466,0.0
10,1467,0.0
10,1468,0.0
10,1469,0.0
10,1470,0.36666666666666664
10,1471,0.0
10,1472,0.26666666666666666
10,1473,0.6
10,1474,0.0
10,1475,0.0
10,1476,0.0
10,1477,0.23333333333333334
10,1478,0.03333333333333333
10,1479,0.0
10,1480,0.0
10,1481,0.0
10,1482,0.1
10,1483,0.0
10,1484,0.36666666666666664
10,1485,0.7
10,1486,0.0
10,1487,0.16666666666666666
10,1488,0.4
10,1489,0.16666666666666666
10,1490,0.0
10,1491,0.0
10,1492,0.36666666666666664
10,1493,0.7333333333333333
10,1494,0.0
10,1495,0.0
10,1496,0.0
10,1497,0.5
10,1498,0.36666666666666664
10,1499,0.8666666666666667
10,1500,0.03333333333333333
10,1501,0.0
10,1502,0.0
10,1503,0.3
10,1504,0.0
10,1505,0.5666666666666667
10,1506,0.0
10,1507,0.03333333333333333
10,1508,0.0
10,1509,0.0
10,1510,0.0
10,1511,0.4
10,1512,0.6
10,1513,0.0
10,1514,0.16666666666666666
10,1515,0.5
10,1516,0.16666666666666666
10,1517,0.0
10,1518,0.0
10,1519,0.0
10,1520,0.0
10,1521,0.06666666666666667
10,1522,0.36666666666666664
10,1523,0.0
10,1524,0.1
10,1525,0.9
10,1526,0.03333333333333333
10,1527,0.0
10,1528,0.06666666666666667
10,1529,0.0
10,1530,0.0
10,1531,0.4666666666666667
10,1532,0.0
10,1533,0.0
10,1534,0.0
10,1535,0.06666666666666667
10,1536,0.0
10,1537,0.0
10,1538,0.16666666666666666
10,1539,0.0
10,1540,0.0
10,1541,0.1
10,1542,0.0
10,1543,0.1
10,1544,0.4666666666666667
10,1545,0.26666666666666666
10,1546,0.6666666666666666
10,1547,0.0
10,1548,0.0
10,1549,0.0
10,1550,0.03333333333333333
10,1551,0.0
10,1552,0.36666666666666664
10,1553,0.0
10,1554,0.1
10,1555,0.0
10,1556,0.0
10,1557,0.43333333333333335
10,1558,0.9666666666666667
10,1559,0.4666666666666667
10,1560,0.4666666666666667
10,1561,0.0
10,1562,0.06666666666666667
10,1563,0.0
10,1564,0.0
10,1565,0.0
10,1566,0.5
10,1567,0.0
10,1568,0.0
10,1569,0.23333333333333334
10,1570,0.0
10,1571,0.0
10,1572,0.03333333333333333
10,1573,0.0
10,1574,0.0
10,1575,0.0
10,1576,0.0
10,1577,0.0
10,1578,0.0
10,1579,0.9333333333333333
10,1580,0.0
10,1581,0.6333333333333333
10,1582,0.0
10,1583,0.0
10,1584,0.0
10,1585,0.03333333333333333
10,1586,0.16666666666666666
10,1587,0.13333333333333333
10,1588,0.4
10,1589,0.23333333333333334
10,1590,0.5
10,1591,0.0
10,1592,0.0
10,1593,0.1
10,1594,0.0
10,1595,0.0
10,1596,0.16666666666666666
10,1597,0.6
10,1598,0.5333333333333333
10,1599,0.06666666666666667
10,1600,0.2
10,1601,0.03333333333333333
10,1602,0.36666666666666664
10,1603,0.7333333333333333
10,1604,0.0
10,1605,0.0
10,1606,0.03333333333333333
10,1607,0.06666666666666667
10,1608,0.0
10,1609,0.4
10,1610,0.0
10,1611,0.8
10,1612,0.0
10,1613,0.4
10,1614,0.1
10,1615,0.0
10,1616,0.0
10,1617,0.03333333333333333
10,1618,0.0
10,1619,0.0
10,1620,0.0
10,1621,0.0
10,1622,0.0
10,1623,0.0
10,1624,0.03333333333333333
10,1625,0.06666666666666667
10,1626,0.36666666666666664
10,1627,0.4
10,1628,0.5
10,1629,0.0
10,1630,0.0
10,1631,0.0
10,1632,0.4
10,1633,0.9333333333333333
10,1634,0.0
10,1635,0.0
10,1636,0.23333333333333334
10,1637,0.13333333333333333
10,1638,0.5
10,1639,0.0
10,1640,0.36666666666666664
10,1641,0.2
10,1642,0.0
10,1643,0.0
10,1644,0.06666666666666667
10,1645,0.0
10,1646,0.0
10,1647,0.16666666666666666
10,1648,0.16666666666666666
10,1649,0.3
10,1650,0.0
10,1651,0.0
10,1652,0.0
10,1653,0.36666666666666664
10,1654,0.0
10,1655,0.13333333333333333
10,1656,0.0
10,1657,0.03333333333333333
10,1658,0.0
10,1659,0.3333333333333333
10,1660,0.0
10,1661,0.8666666666666667
10,1662,0.0
10,1663,0.13333333333333333
10,1664,0.0
10,1665,0.8
10,1666,0.0
10,1667,0.0
10,1668,0.3
10,1669,0.0
10,1670,0.8666666666666667
10,1671,0.8666666666666667
10,1672,0.0
10,1673,0.0
10,1674,0.0
10,1675,0.0
10,1676,0.0
10,1677,0.0
10,1678,0.2
10,1679,0.0
10,1680,0.0
10,1681,0.0
10,1682,0.0
10,1683,0.0
10,1684,0.0
10,1685,0.3333333333333333
10,1686,0.3333333333333333
10,1687,0.43333333333333335
10,1688,0.3
10,1689,0.1
10,1690,0.0
10,1691,0.0
10,1692,0.16666666666666666
10,1693,0.0
10,1694,0.6
10,1695,0.0
10,1696,0.0
10,1697,0.26666666666666666
10,1698,0.06666666666666667
10,1699,0.6666666666666666
10,1700,0.0
10,1701,0.0
10,1702,0.9333333333333333
10,1703,0.36666666666666664
10,1704,0.0
10,1705,0.0
10,1706,0.5
10,1707,0.2
10,1708,0.0
10,1709,0.4666666666666667
10,1710,0.0
10,1711,0.0
10,1712,0.0
10,1713,0.1
10,1714,0.0
10,1715,0.36666666666666664
10,1716,0.16666666666666666
10,1717,0.23333333333333334
10,1718,0.0
10,1719,0.06666666666666667
10,1720,0.0
10,1721,0.06666666666666667
10,1722,0.0
10,1723,0.3
10,1724,0.3333333333333333
10,1725,0.23333333333333334
10,1726,0.1
10,1727,0.0
10,1728,0.5
10,1729,0.8333333333333334
10,1730,0.26666666666666666
10,1731,0.13333333333333333
10,1732,0.0
10,1733,0.0
10,1734,0.13333333333333333
10,1735,0.7666666666666667
10,1736,0.2
10,1737,0.0
10,1738,0.6333333333333333
10,1739,0.0
10,1740,0.7333333333333333
10,1741,0.0
10,1742,0.5333333333333333
10,1743,0.0
10,1744,0.1
10,1745,0.26666666666666666
10,1746,0.0
10,1747,0.0
10,1748,0.03333333333333333
10,1749,0.06666666666666667
10,1750,0.0
10,1751,0.0
10,1752,0.26666666666666666
10,1753,0.0
10,1754,0.0
10,1755,0.0
10,1756,0.5333333333333333
10,1757,0.2
10,1758,0.1
10,1759,0.1
10,1760,0.06666666666666667
10,1761,0.1
10,1762,0.4
10,1763,0.06666666666666667
10,1764,0.0
10,1765,0.3333333333333333
10,1766,0.0
10,1767,0.0
10,1768,0.7666666666666667
10,1769,0.5
10,1770,0.0
10,1771,0.0
10,1772,0.9
10,1773,0.23333333333333334
10,1774,0.0
10,1775,0.5333333333333333
10,1776,0.03333333333333333
10,1777,0.5666666666666667
10,1778,0.13333333333333333
10,1779,0.6666666666666666
10,1780,0.13333333333333333
10,1781,0.0
10,1782,0.0
10,1783,0.0
10,1784,0.0
10,1785,0.9
10,1786,0.0
10,1787,0.0
10,1788,0.3
10,1789,0.0
10,1790,0.13333333333333333
10,1791,0.0
10,1792,0.3333333333333333
10,1793,0.0
10,1794,0.0
10,1795,0.0
10,1796,0.03333333333333333
10,1797,0.1
10,1798,0.0
10,1799,0.23333333333333334
10,1800,0.06666666666666667
10,1801,0.03333333333333333
10,1802,0.0
10,1803,0.0
10,1804,0.3333333333333333
10,1805,0.9
10,1806,0.0
10,1807,0.5
10,1808,0.26666666666666666
10,1809,0.0
10,1810,0.0
10,1811,0.0
10,1812,0.43333333333333335
10,1813,0.0
10,1814,0.13333333333333333
10,1815,0.3
10,1816,0.06666666666666667
10,1817,0.0
10,1818,1.0
10,1819,0.2
10,1820,0.36666666666666664
10,1821,0.0
10,1822,0.23333333333333334
10,1823,0.5666666666666667
10,1824,0.03333333333333333
10,1825,0.0
10,1826,0.0
10,1827,0.0
10,1828,0.0
10,1829,0.1
10,1830,0.03333333333333333
10,1831,0.4
10,1832,0.16666666666666666
10,1833,0.6
10,1834,0.0
10,1835,0.1
10,1836,0.5666666666666667
10,1837,0.0
10,1838,0.0
10,1839,0.0
10,1840,0.0
10,1841,0.0
10,1842,0.03333333333333333
10,1843,0.03333333333333333
10,1844,0.0
10,1845,0.0
10,1846,0.0
10,1847,0.0
10,1848,0.0
10,1849,0.03333333333333333
10,1850,0.0
10,1851,0.1
10,1852,0.0
10,1853,0.0
10,1854,0.0
10,1855,0.0
10,1856,0.0
10,1857,0.26666666666666666
10,1858,0.0
10,1859,0.0
10,1860,0.13333333333333333
10,1861,0.03333333333333333
10,1862,0.5
10,1863,0.6666666666666666
10,1864,0.3333333333333333
10,1865,0.4666666666666667
10,1866,0.0
10,1867,0.6333333333333333
10,1868,0.0
10,1869,0.36666666666666664
10,1870,0.0
10,1871,0.0
10,1872,0.0
10,1873,0.0
10,1874,0.0
10,1875,0.5666666666666667
10,1876,0.0
10,1877,0.0
10,1878,0.0
10,1879,0.0
10,1880,0.0
10,1881,0.16666666666666666
10,1882,0.0
10,1883,0.0
10,1884,0.2
10,1885,0.4
10,1886,0.0
10,1887,0.0
10,1888,0.0
10,1889,0.0
10,1890,0.03333333333333333
10,1891,0.26666666666666666
10,1892,0.0
10,1893,0.0
10,1894,0.5333333333333333
10,1895,0.0
10,1896,0.0
10,1897,0.13333333333333333
10,1898,0.2
10,1899,0.0
10,1900,0.0
10,1901,0.0
10,1902,0.0
10,1903,0.0
10,1904,0.0
10,1905,0.0
10,1906,0.1
10,1907,0.0
10,1908,0.36666666666666664
10,1909,0.0
10,1910,0.36666666666666664
10,1911,0.26666666666666666
10,1912,0.0
10,1913,0.4666666666666667
10,1914,0.0
10,1915,0.0
10,1916,0.03333333333333333
10,1917,0.0
10,1918,0.0
10,1919,0.0
10,1920,0.0
10,1921,0.0
10,1922,0.5
10,1923,0.16666666666666666
10,1924,0.0
10,1925,0.1
10,1926,0.6
10,1927,0.16666666666666666
10,1928,0.0
10,1929,0.0
10,1930,0.4666666666666667
10,1931,0.0
10,1932,0.0
10,1933,0.06666666666666667
10,1934,0.0
10,1935,0.0
10,1936,0.0
10,1937,0.0
10,1938,0.03333333333333333
10,1939,0.5
10,1940,0.0
10,1941,0.03333333333333333
10,1942,0.0
10,1943,0.03333333333333333
10,1944,0.23333333333333334
10,1945,0.0
10,1946,0.23333333333333334
10,1947,0.43333333333333335
10,1948,0.43333333333333335
10,1949,0.0
10,1950,0.23333333333333334
10,1951,0.0
10,1952,0.06666666666666667
10,1953,0.0
10,1954,0.43333333333333335
10,1955,0.3
10,1956,0.0
10,1957,0.0
10,1958,0.0
10,1959,0.8666666666666667
10,1960,0.0
10,1961,0.4666666666666667
10,1962,0.0
10,1963,0.0
10,1964,0.4
10,1965,0.26666666666666666
10,1966,0.0
10,1967,0.3333333333333333
10,1968,0.5333333333333333
10,1969,0.0
10,1970,0.06666666666666667
10,1971,0.8333333333333334
10,1972,0.1
10,1973,0.13333333333333333
10,1974,0.0
10,1975,0.0
10,1976,0.0
10,1977,0.06666666666666667
10,1978,0.0
10,1979,0.43333333333333335
10,1980,0.0
10,1981,0.0
10,1982,0.5666666666666667
10,1983,0.5333333333333333
10,1984,0.5
10,1985,0.0
10,1986,0.0
10,1987,0.0
10,1988,0.13333333333333333
10,1989,0.0
10,1990,0.4
10,1991,0.03333333333333333
10,1992,0.0
10,1993,0.9
10,1994,0.7
10,1995,0.0
10,1996,0.16666666666666666
10,1997,0.0
10,1998,0.0
10,1999,0.26666666666666666
10,2000,0.7
10,2001,0.43333333333333335
10,2002,0.26666666666666666
10,2003,0.06666666666666667
10,2004,0.0
10,2005,0.0
10,2006,0.03333333333333333
10,2007,0.6333333333333333
10,2008,0.0
10,2009,0.0
10,2010,0.43333333333333335
10,2011,0.0
10,2012,0.03333333333333333
10,2013,0.0
10,2014,0.43333333333333335
10,2015,0.0
10,2016,0.4
10,2017,0.2
10,2018,0.0
10,2019,0.03333333333333333
10,2020,0.0
10,2021,0.0
10,2022,0.36666666666666664
10,2023,0.26666666666666666
10,2024,0.36666666666666664
10,2025,0.0
10,2026,0.2
10,2027,0.43333333333333335
10,2028,0.3
10,2029,0.03333333333333333
10,2030,0.16666666666666666
10,2031,0.2
10,2032,0.9
10,2033,0.0
10,2034,0.0
10,2035,0.0
10,2036,0.0
10,2037,0.0
10,2038,0.7666666666666667
10,2039,0.0
10,2040,0.6333333333333333
10,2041,0.06666666666666667
10,2042,0.0
10,2043,0.0
10,2044,0.0
10,2045,0.1
10,2046,0.36666666666666664
10,2047,0.26666666666666666
10,2048,0.0
10,2049,0.26666666666666666
10,2050,0.0
10,2051,0.0
10,2052,0.0
10,2053,0.6333333333333333
10,2054,0.0
10,2055,0.03333333333333333
10,2056,0.0
10,2057,0.23333333333333334
10,2058,0.0
10,2059,0.26666666666666666
10,2060,0.0
10,2061,0.0
10,2062,0.0
10,2063,0.0
10,2064,0.16666666666666666
10,2065,0.0
10,2066,0.03333333333333333
10,2067,0.7666666666666667
10,2068,0.16666666666666666
10,2069,0.0
10,2070,0.0
10,2071,0.0
10,2072,0.16666666666666666
10,2073,0.26666666666666666
10,2074,0.0
10,2075,0.0
10,2076,0.03333333333333333
10,2077,0.26666666666666666
10,2078,0.0
10,2079,0.36666666666666664
10,2080,0.2
10,2081,0.9333333333333333
10,2082,0.0
10,2083,0.0
10,2084,0.26666666666666666
10,2085,0.0
10,2086,0.13333333333333333
10,2087,0.0
10,2088,0.3
10,2089,0.4666666666666667
10,2090,0.6
10,2091,0.6666666666666666
10,2092,0.7
10,2093,0.0
10,2094,0.13333333333333333
10,2095,0.0
10,2096,0.0
10,2097,0.6
10,2098,0.0
10,2099,0.0
10,2100,0.5666666666666667
10,2101,0.0
10,2102,0.03333333333333333
10,2103,0.0
10,2104,0.0
10,2105,0.0
10,2106,0.0
10,2107,0.5
10,2108,0.1
10,2109,0.26666666666666666
10,2110,0.0
10,2111,0.6
10,2112,0.7666666666666667
10,2113,0.0
10,2114,0.0
10,2115,0.0
10,2116,0.3
10,2117,0.2
10,2118,0.0
10,2119,0.0
10,2120,0.0
10,2121,0.0
10,2122,0.0
10,2123,0.43333333333333335
10,2124,0.0
10,2125,0.7666666666666667
10,2126,0.23333333333333334
10,2127,0.0
10,2128,0.06666666666666667
10,2129,0.26666666666666666
10,2130,0.5
10,2131,0.6666666666666666
10,2132,0.9666666666666667
10,2133,0.9333333333333333
10,2134,0.0
10,2135,0.8333333333333334
10,2136,0.1
10,2137,0.3
10,2138,0.8
10,2139,0.0
10,2140,0.0
10,2141,0.0
10,2142,0.0
10,2143,0.9
10,2144,0.16666666666666666
10,2145,0.2
10,2146,0.3
10,2147,0.23333333333333334
10,2148,0.0
10,2149,0.13333333333333333
10,2150,0.0
10,2151,0.0
10,2152,0.36666666666666664
10,2153,0.0
10,2154,0.0
10,2155,0.03333333333333333
10,2156,0.0
10,2157,0.7666666666666667
10,2158,0.0
10,2159,0.0
10,2160,0.2
10,2161,0.0
10,2162,0.0
10,2163,0.0
10,2164,0.9666666666666667
10,2165,0.06666666666666667
10,2166,0.0
10,2167,0.0
10,2168,0.36666666666666664
10,2169,0.0
10,2170,0.0
10,2171,0.0
10,2172,0.43333333333333335
10,2173,0.0
10,2174,0.0
10,2175,0.06666666666666667
10,2176,0.0
10,2177,0.4666666666666667
10,2178,0.0
10,2179,0.06666666666666667
10,2180,0.3
10,2181,0.03333333333333333
10,2182,0.06666666666666667
10,2183,0.0
10,2184,0.0
10,2185,0.0
10,2186,0.0
10,2187,0.0
10,2188,0.6333333333333333
10,2189,0.0
10,2190,0.0
10,2191,0.0
10,2192,0.03333333333333333
10,2193,0.06666666666666667
10,2194,0.0
10,2195,0.0
10,2196,0.2
10,2197,0.0
10,2198,0.9333333333333333
10,2199,0.06666666666666667
10,2200,0.26666666666666666
10,2201,0.0
10,2202,0.3
10,2203,0.0
10,2204,0.0
10,2205,0.0
10,2206,0.0
10,2207,0.3333333333333333
10,2208,0.6
10,2209,0.0
10,2210,0.0
10,2211,0.0
10,2212,0.2
10,2213,0.3
10,2214,0.0
10,2215,0.0
10,2216,0.0
10,2217,0.0
10,2218,0.0
10,2219,0.5
10,2220,0.0
10,2221,0.5
10,2222,0.06666666666666667
10,2223,0.4666666666666667
10,2224,0.13333333333333333
10,2225,0.36666666666666664
10,2226,0.0
10,2227,0.3333333333333333
10,2228,0.0
10,2229,0.0
10,2230,0.03333333333333333
10,2231,0.06666666666666667
10,2232,0.0
10,2233,0.7
10,2234,0.9666666666666667
10,2235,0.0
10,2236,0.26666666666666666
10,2237,0.6
10,2238,0.03333333333333333
10,2239,0.0
10,2240,0.0
10,2241,0.03333333333333333
10,2242,0.06666666666666667
10,2243,0.0
10,2244,0.0
10,2245,0.0
10,2246,0.0
10,2247,0.03333333333333333
10,2248,0.0
10,2249,0.0
10,2250,0.0
10,2251,0.23333333333333334
10,2252,0.03333333333333333
10,2253,0.0
10,2254,0.0
10,2255,0.0
10,2256,0.0
10,2257,0.0
10,2258,0.0
10,2259,0.0
10,2260,0.0
10,2261,0.3333333333333333
10,2262,0.0
10,2263,0.3
10,2264,0.23333333333333334
10,2265,0.0
10,2266,0.6
10,2267,0.0
10,2268,0.0
10,2269,0.1
10,2270,0.1
10,2271,0.0
10,2272,0.23333333333333334
10,2273,0.03333333333333333
10,2274,0.0
10,2275,0.13333333333333333
10,2276,0.0
10,2277,0.0
10,2278,0.03333333333333333
10,2279,0.7666666666666667
10,2280,0.23333333333333334
10,2281,0.0
10,2282,0.36666666666666664
10,2283,0.0
10,2284,0.9
10,2285,0.13333333333333333
10,2286,0.9333333333333333
10,2287,0.0
10,2288,0.36666666666666664
10,2289,0.6666666666666666
10,2290,0.3333333333333333
10,2291,0.0
10,2292,0.1
10,2293,0.0
10,2294,0.0
10,2295,0.6333333333333333
10,2296,0.0
10,2297,0.0
10,2298,0.43333333333333335
10,2299,0.0
10,2300,0.0
10,2301,0.0
10,2302,0.3333333333333333
10,2303,0.0
10,2304,0.0
10,2305,0.0
10,2306,0.3
10,2307,0.4666666666666667
10,2308,0.1
10,2309,0.1
10,2310,0.43333333333333335
10,2311,0.03333333333333333
10,2312,0.0
10,2313,0.0
10,2314,0.13333333333333333
10,2315,0.0
10,2316,0.36666666666666664
10,2317,0.06666666666666667
10,2318,0.03333333333333333
10,2319,0.2
10,2320,0.0
10,2321,0.0
10,2322,0.0
10,2323,0.0
10,2324,0.1
10,2325,0.2
10,2326,0.0
10,2327,0.0
10,2328,0.0
10,2329,0.0
10,2330,0.1
10,2331,0.0
10,2332,0.0
10,2333,0.0
10,2334,0.0
10,2335,0.03333333333333333
10,2336,0.0
10,2337,0.0
10,2338,0.0
10,2339,0.1
10,2340,0.03333333333333333
10,2341,0.23333333333333334
10,2342,0.0
10,2343,0.43333333333333335
10,2344,0.3
10,2345,0.8333333333333334
10,2346,0.0
10,2347,0.0
10,2348,0.13333333333333333
10,2349,0.0
10,2350,0.3333333333333333
10,2351,0.0
10,2352,0.0
10,2353,0.16666666666666666
10,2354,0.13333333333333333
10,2355,0.3
10,2356,0.0
10,2357,0.0
10,2358,0.0
10,2359,0.8666666666666667
10,2360,0.16666666666666666
10,2361,0.8666666666666667
10,2362,0.4
10,2363,0.26666666666666666
10,2364,0.1
10,2365,0.7666666666666667
10,2366,0.0
10,2367,0.06666666666666667
10,2368,0.0
10,2369,0.8666666666666667
10,2370,0.0
10,2371,0.43333333333333335
10,2372,0.9
10,2373,0.36666666666666664
10,2374,0.13333333333333333
10,2375,0.0
10,2376,0.36666666666666664
10,2377,0.6666666666666666
10,2378,0.0
10,2379,0.0
10,2380,0.26666666666666666
10,2381,0.0
10,2382,0.0
10,2383,0.5
10,2384,0.0
10,2385,0.03333333333333333
10,2386,0.3333333333333333
10,2387,0.43333333333333335
10,2388,0.8666666666666667
10,2389,0.0
10,2390,0.8666666666666667
10,2391,0.0
10,2392,0.0
10,2393,0.0
10,2394,0.0
10,2395,0.0
10,2396,0.16666666666666666
10,2397,0.4
10,2398,0.0
10,2399,0.0
10,2400,0.0
10,2401,0.0
10,2402,0.0
10,2403,0.6333333333333333
10,2404,0.0
10,2405,0.0
10,2406,0.0
10,2407,0.03333333333333333
10,2408,0.0
10,2409,0.3
10,2410,0.0
10,2411,0.26666666666666666
10,2412,0.0
10,2413,0.0
10,2414,0.0
10,2415,0.0
10,2416,0.36666666666666664
10,2417,0.5
10,2418,0.0
10,2419,0.03333333333333333
10,2420,0.0
10,2421,0.0
10,2422,0.0
10,2423,0.0
10,2424,0.0
10,2425,0.0
10,2426,0.23333333333333334
10,2427,0.0
10,2428,0.3333333333333333
10,2429,0.03333333333333333
10,2430,0.0
10,2431,0.0
10,2432,0.16666666666666666
10,2433,0.0
10,2434,0.5
10,2435,0.7
10,2436,0.3
10,2437,0.03333333333333333
10,2438,0.5
10,2439,0.03333333333333333
10,2440,0.0
10,2441,0.0
10,2442,0.4666666666666667
10,2443,0.3333333333333333
10,2444,0.0
10,2445,0.0
10,2446,0.5
10,2447,0.0
10,2448,0.0
10,2449,0.0
10,2450,0.03333333333333333
10,2451,0.0
10,2452,0.0
10,2453,0.26666666666666666
10,2454,0.0
10,2455,0.0
10,2456,0.0
10,2457,0.0
10,2458,0.0
10,2459,0.6333333333333333
10,2460,0.5333333333333333
10,2461,0.0
10,2462,0.1
10,2463,0.4
10,2464,0.0
10,2465,0.4
10,2466,0.6
10,2467,0.4
10,2468,0.0
10,2469,0.7
10,2470,0.0
10,2471,0.1
10,2472,0.0
10,2473,0.7
10,2474,0.0
10,2475,0.5333333333333333
10,2476,0.0
10,2477,0.0
10,2478,0.0
10,2479,0.13333333333333333
10,2480,0.03333333333333333
10,2481,0.9333333333333333
10,2482,0.5
10,2483,0.4
10,2484,0.0
10,2485,0.0
10,2486,0.0
10,2487,0.8666666666666667
10,2488,0.13333333333333333
10,2489,0.1
10,2490,0.0
10,2491,0.0
10,2492,0.0
10,2493,0.0
10,2494,0.4
10,2495,0.0
10,2496,0.16666666666666666
10,2497,0.6666666666666666
10,2498,0.0
10,2499,0.0
10,2500,0.0
10,2501,0.0
10,2502,0.06666666666666667
10,2503,0.0
10,2504,0.16666666666666666
10,2505,0.0
10,2506,0.8666666666666667
10,2507,0.23333333333333334
10,2508,0.0
10,2509,0.2
10,2510,0.43333333333333335
10,2511,0.26666666666666666
10,2512,0.26666666666666666
10,2513,0.03333333333333333
10,2514,0.23333333333333334
10,2515,0.0
10,2516,0.0
10,2517,0.0
10,2518,0.1
10,2519,0.1
10,2520,0.0
10,2521,0.16666666666666666
10,2522,0.0
10,2523,0.0
10,2524,0.0
10,2525,0.5333333333333333
10,2526,0.0
10,2527,0.2
10,2528,0.0
10,2529,0.36666666666666664
10,2530,0.0
10,2531,0.0
10,2532,0.0
10,2533,0.2
10,2534,0.0
10,2535,0.6333333333333333
10,2536,0.0
10,2537,0.0
10,2538,0.03333333333333333
10,2539,0.0
10,2540,0.0
10,2541,0.0
10,2542,0.6
10,2543,0.3333333333333333
10,2544,0.0
10,2545,0.0
10,2546,0.0
10,2547,0.0
10,2548,0.0
10,2549,0.7333333333333333
10,2550,0.0
10,2551,0.8
10,2552,0.0
10,2553,0.0
10,2554,0.13333333333333333
10,2555,0.36666666666666664
10,2556,0.0
10,2557,0.0
10,2558,0.7333333333333333
10,2559,0.0
10,2560,0.0
10,2561,0.0
10,2562,0.8666666666666667
10,2563,0.0
10,2564,0.7
10,2565,0.0
10,2566,0.13333333333333333
10,2567,0.6333333333333333
10,2568,0.0
10,2569,0.0
10,2570,0.0
10,2571,0.26666666666666666
10,2572,0.16666666666666666
10,2573,0.0
10,2574,0.0
10,2575,0.0
10,2576,0.6
10,2577,0.43333333333333335
10,2578,0.4666666666666667
10,2579,0.1
10,2580,0.4666666666666667
10,2581,0.0
10,2582,0.03333333333333333
10,2583,0.16666666666666666
10,2584,0.0
10,2585,0.0
10,2586,0.0
10,2587,0.06666666666666667
10,2588,0.0
10,2589,0.0
10,2590,0.0
10,2591,0.0
10,2592,0.0
10,2593,0.43333333333333335
10,2594,0.13333333333333333
10,2595,0.0
10,2596,0.3333333333333333
10,2597,0.6
10,2598,0.0
10,2599,0.0
10,2600,0.0
10,2601,0.0
10,2602,0.0
10,2603,0.0
10,2604,0.26666666666666666
10,2605,0.0
10,2606,0.0
10,2607,0.0
10,2608,0.6
10,2609,0.13333333333333333
10,2610,0.0
10,2611,0.0
10,2612,0.0
10,2613,0.6333333333333333
10,2614,0.0
10,2615,0.03333333333333333
10,2616,0.9
10,2617,0.0
10,2618,0.0
10,2619,0.0
10,2620,0.7
10,2621,0.0
10,2622,0.0
10,2623,0.3
10,2624,0.5333333333333333
10,2625,0.03333333333333333
10,2626,0.0
10,2627,0.0
10,2628,0.0
10,2629,0.1
10,2630,0.0
10,2631,0.1
10,2632,0.0
10,2633,0.0
10,2634,0.1
10,2635,0.5666666666666667
10,2636,0.5
10,2637,0.0
10,2638,0.0
10,2639,0.03333333333333333
10,2640,0.06666666666666667
10,2641,0.36666666666666664
10,2642,0.0
10,2643,0.0
10,2644,0.0
10,2645,0.0
10,2646,0.0
10,2647,0.0
10,2648,0.0
10,2649,0.16666666666666666
10,2650,0.0
10,2651,0.0
10,2652,0.8333333333333334
10,2653,0.0
10,2654,0.0
10,2655,0.16666666666666666
10,2656,0.0
10,2657,0.0
10,2658,0.1
10,2659,0.0
10,2660,0.6666666666666666
10,2661,0.1
10,2662,0.0
10,2663,0.3333333333333333
10,2664,0.0
10,2665,0.0
10,2666,0.0
10,2667,0.0
10,2668,0.0
10,2669,0.23333333333333334
10,2670,0.0
10,2671,0.0
10,2672,0.23333333333333334
10,2673,0.0
10,2674,0.0
10,2675,0.0
10,2676,0.3333333333333333
10,2677,0.0
10,2678,0.06666666666666667
10,2679,0.03333333333333333
10,2680,0.13333333333333333
10,2681,0.0
10,2682,0.0
10,2683,0.0
10,2684,0.3333333333333333
10,2685,0.0
10,2686,0.0
10,2687,0.2
10,2688,0.03333333333333333
10,2689,0.03333333333333333
10,2690,0.2
10,2691,0.0
10,2692,0.0
10,2693,0.0
10,2694,0.0
10,2695,0.06666666666666667
10,2696,0.0
10,2697,0.0
10,2698,0.0
10,2699,0.2
10,2700,0.0
10,2701,0.23333333333333334
10,2702,0.0
10,2703,0.0
10,2704,0.16666666666666666
10,2705,0.0
10,2706,0.0
10,2707,0.0
10,2708,0.06666666666666667
10,2709,0.2
10,2710,0.0
10,2711,0.23333333333333334
10,2712,0.36666666666666664
10,2713,0.0
10,2714,0.5333333333333333
10,2715,0.4
10,2716,0.0
10,2717,0.6
10,2718,0.43333333333333335
10,2719,0.8666666666666667
10,2720,0.6333333333333333
10,2721,0.3333333333333333
10,2722,0.43333333333333335
10,2723,0.1
10,2724,0.3333333333333333
10,2725,0.0
10,2726,0.4666666666666667
10,2727,0.06666666666666667
10,2728,0.03333333333333333
10,2729,0.0
10,2730,0.0
10,2731,0.0
10,2732,0.0
10,2733,0.16666666666666666
10,2734,0.0
10,2735,0.0
10,2736,0.3333333333333333
10,2737,0.03333333333333333
10,2738,0.0
10,2739,0.16666666666666666
10,2740,0.6333333333333333
10,2741,0.0
10,2742,0.2
10,2743,0.3
10,2744,0.0
10,2745,0.1
10,2746,0.0
10,2747,0.0
10,2748,0.03333333333333333
10,2749,0.13333333333333333
10,2750,0.0
10,2751,0.0
10,2752,0.0
10,2753,0.0
10,2754,0.0
10,2755,0.1
10,2756,0.13333333333333333
10,2757,0.0
10,2758,0.13333333333333333
10,2759,0.13333333333333333
10,2760,0.36666666666666664
10,2761,0.0
10,2762,0.0
10,2763,0.13333333333333333
10,2764,0.3333333333333333
10,2765,0.03333333333333333
10,2766,0.7
10,2767,1.0
10,2768,0.0
10,2769,0.0
10,2770,0.0
10,2771,0.0
10,2772,0.13333333333333333
10,2773,0.1
10,2774,0.0
10,2775,0.0
10,2776,0.43333333333333335
10,2777,0.03333333333333333
10,2778,0.0
10,2779,0.0
10,2780,0.0
10,2781,0.0
10,2782,0.06666666666666667
10,2783,0.26666666666666666
10,2784,0.0
10,2785,0.0
10,2786,0.7666666666666667
10,2787,0.0
10,2788,0.4666666666666667
10,2789,0.0
10,2790,0.7333333333333333
10,2791,0.2
10,2792,0.0
10,2793,0.0
10,2794,0.0
10,2795,0.4
10,2796,0.6666666666666666
10,2797,0.16666666666666666
10,2798,0.0
10,2799,0.0
10,2800,0.03333333333333333
10,2801,0.0
10,2802,0.23333333333333334
10,2803,0.0
10,2804,0.0
10,2805,0.0
10,2806,0.0
10,2807,0.06666666666666667
10,2808,0.0
10,2809,0.0
10,2810,0.6
10,2811,0.0
10,2812,0.5333333333333333
10,2813,0.0
10,2814,0.0
10,2815,0.06666666666666667
10,2816,0.0
10,2817,0.0
10,2818,0.4
10,2819,0.3
10,2820,0.0
10,2821,0.16666666666666666
10,2822,0.3
10,2823,0.0
10,2824,0.3
10,2825,0.0
10,2826,0.06666666666666667
10,2827,0.3
10,2828,0.0
10,2829,0.0
10,2830,0.0
10,2831,0.0
10,2832,0.1
10,2833,0.0
10,2834,0.4
10,2835,0.0
10,2836,0.1
10,2837,0.06666666666666667
10,2838,0.0
10,2839,0.3
10,2840,0.6
10,2841,0.4
10,2842,0.0
10,2843,0.1
10,2844,0.1
10,2845,0.06666666666666667
10,2846,0.43333333333333335
10,2847,0.0
10,2848,0.0
10,2849,0.0
10,2850,0.43333333333333335
10,2851,0.0
10,2852,0.8
10,2853,0.3
10,2854,0.0
10,2855,0.0
10,2856,0.6
10,2857,0.0
10,2858,0.9
10,2859,0.4666666666666667
10,2860,0.3
10,2861,0.0
10,2862,0.0
10,2863,0.36666666666666664
10,2864,0.0
10,2865,0.4666666666666667
10,2866,0.16666666666666666
10,2867,0.0
10,2868,0.03333333333333333
10,2869,0.0
10,2870,0.36666666666666664
10,2871,0.0
10,2872,0.36666666666666664
10,2873,0.0
10,2874,0.0
10,2875,0.4666666666666667
10,2876,0.0
10,2877,0.4666666666666667
10,2878,0.0
10,2879,0.5
10,2880,0.03333333333333333
10,2881,0.23333333333333334
10,2882,0.0
10,2883,0.0
10,2884,0.6333333333333333
10,2885,0.13333333333333333
10,2886,0.3333333333333333
10,2887,0.3
10,2888,0.0
10,2889,0.0
10,2890,0.5666666666666667
10,2891,0.0
10,2892,0.1
10,2893,0.6666666666666666
10,2894,0.0
10,2895,0.5333333333333333
10,2896,0.0
10,2897,0.36666666666666664
10,2898,0.0
10,2899,0.03333333333333333
10,2900,0.0
10,2901,0.06666666666666667
10,2902,0.0
10,2903,0.3333333333333333
10,2904,0.0
10,2905,0.0
10,2906,0.03333333333333333
10,2907,0.0
10,2908,0.0
10,2909,0.16666666666666666
10,2910,0.0
10,2911,0.0
10,2912,0.0
10,2913,0.0
10,2914,0.26666666666666666
10,2915,0.3333333333333333
10,2916,0.6
10,2917,0.16666666666666666
10,2918,0.0
10,2919,0.0
10,2920,0.0
10,2921,0.3
10,2922,0.0
10,2923,0.0
10,2924,0.0
10,2925,0.0
10,2926,0.23333333333333334
10,2927,0.03333333333333333
10,2928,0.06666666666666667
10,2929,0.0
10,2930,0.0
10,2931,0.0
10,2932,0.0
10,2933,0.0
10,2934,0.16666666666666666
10,2935,0.0
10,2936,0.13333333333333333
10,2937,0.0
10,2938,0.9333333333333333
10,2939,0.13333333333333333
10,2940,0.0
10,2941,0.0
10,2942,0.26666666666666666
10,2943,0.0
10,2944,0.0
10,2945,0.0
10,2946,0.0
10,2947,0.6333333333333333
10,2948,0.1
10,2949,0.0
10,2950,0.03333333333333333
10,2951,0.3333333333333333
10,2952,0.4666666666666667
10,2953,0.0
10,2954,0.0
10,2955,0.0
10,2956,0.2
10,2957,0.0
10,2958,0.0
10,2959,0.4666666666666667
10,2960,0.5333333333333333
10,2961,0.0
10,2962,0.9
10,2963,0.5666666666666667
10,2964,0.0
10,2965,0.3333333333333333
10,2966,0.0
10,2967,0.0
10,2968,0.1
10,2969,0.16666666666666666
10,2970,0.0
10,2971,0.9333333333333333
10,2972,0.0
10,2973,0.0
10,2974,0.0
10,2975,0.0
10,2976,0.0
10,2977,0.0
10,2978,0.0
10,2979,0.06666666666666667
10,2980,0.03333333333333333
10,2981,0.4
10,2982,0.0
10,2983,0.0
10,2984,0.03333333333333333
10,2985,0.16666666666666666
10,2986,0.0
10,2987,0.1
10,2988,0.7666666666666667
10,2989,0.03333333333333333
10,2990,0.0
10,2991,0.0
10,2992,0.23333333333333334
10,2993,0.03333333333333333
10,2994,0.6
10,2995,0.0
10,2996,0.0
10,2997,0.0
10,2998,0.2
10,2999,0.0
5,0,0.36666666666666664
5,1,0.0
5,2,0.0
5,3,0.0
5,4,0.3
5,5,0.0
5,6,0.6
5,7,0.8666666666666667
5,8,0.0
5,9,0.0
5,10,0.0
5,11,0.9
5,12,0.06666666666666667
5,13,0.0
5,14,0.06666666666666667
5,15,0.0
5,16,0.0
5,17,0.0
5,18,0.0
5,19,0.0
5,20,0.06666666666666667
5,21,0.5
5,22,0.0
5,23,0.0
5,24,0.3
5,25,0.0
5,26,0.23333333333333334
5,27,0.3
5,28,0.0
5,29,0.03333333333333333
5,30,0.0
5,31,0.0
5,32,0.23333333333333334
5,33,0.0
5,34,0.16666666666666666
5,35,0.4666666666666667
5,36,0.0
5,37,0.0
5,38,0.26666666666666666
5,39,0.03333333333333333
5,40,0.7333333333333333
5,41,0.26666666666666666
5,42,0.0
5,43,0.0
5,44,0.5
5,45,0.5
5,46,0.0
5,47,0.03333333333333333
5,48,0.6333333333333333
5,49,0.9
5,50,0.03333333333333333
5,51,0.0
5,52,0.43333333333333335
5,53,0.7
5,54,0.43333333333333335
5,55,0.03333333333333333
5,56,0.26666666666666666
5,57,0.0
5,58,0.1
5,59,0.0
5,60,0.0
5,61,0.0
5,62,0.0
5,63,0.0
5,64,0.0
5,65,0.2
5,66,0.9
5,67,0.23333333333333334
5,68,0.43333333333333335
5,69,0.0
5,70,0.0
5,71,0.0
5,72,0.13333333333333333
5,73,0.36666666666666664
5,74,0.03333333333333333
5,75,0.0
5,76,0.0
5,77,0.0
5,78,0.06666666666666667
5,79,0.0
5,80,0.0
5,81,0.06666666666666667
5,82,0.0
5,83,0.0
5,84,0.13333333333333333
5,85,0.0
5,86,0.43333333333333335
5,87,0.0
5,88,0.0
5,89,0.06666666666666667
5,90,0.0
5,91,0.0
5,92,0.0
5,93,0.0
5,94,0.0
5,95,0.06666666666666667
5,96,0.4666666666666667
5,97,0.5
5,98,0.0
5,99,0.0
5,100,0.5
5,101,0.06666666666666667
5,102,0.8333333333333334
5,103,0.3333333333333333
5,104,0.13333333333333333
5,105,0.0
5,106,0.0
5,107,0.0
5,108,0.0
5,109,0.0
5,110,0.0
5,111,0.36666666666666664
5,112,0.0
5,113,0.0
5,114,0.0
5,115,0.7333333333333333
5,116,0.0
5,117,0.5666666666666667
5,118,0.5
5,119,0.9333333333333333
5,120,0.5333333333333333
5,121,0.0
5,122,0.3
5,123,0.13333333333333333
5,124,0.0
5,125,0.0
5,126,0.0
5,127,0.3
5,128,0.6666666666666666
5,129,0.43333333333333335
5,130,0.0
5,131,0.0
5,132,0.0
5,133,0.9
5,134,0.0
5,135,0.1
5,136,0.0
5,137,0.13333333333333333
5,138,0.0
5,139,0.0
5,140,0.16666666666666666
5,141,0.0
5,142,0.0
5,143,0.0
5,144,0.0
5,145,0.03333333333333333
5,146,0.0
5,147,0.0
5,148,0.9
5,149,0.0
5,150,0.9
5,151,0.0
5,152,0.06666666666666667
5,153,0.0
5,154,0.13333333333333333
5,155,0.0
5,156,0.16666666666666666
5,157,0.0
5,158,0.26666666666666666
5,159,0.36666666666666664
5,160,0.4666666666666667
5,161,0.0
5,162,0.0
5,163,0.0
5,164,0.03333333333333333
5,165,0.1
5,166,0.0
5,167,0.6
5,168,0.2
5,169,0.0
5,170,0.0
5,171,0.0
5,172,0.0
5,173,0.2
5,174,0.0
5,175,0.0
5,176,0.0
5,177,0.0
5,178,0.43333333333333335
5,179,0.0
5,180,0.26666666666666666
5,181,0.0
5,182,0.5
5,183,0.0
5,184,0.0
5,185,0.26666666666666666
5,186,0.5333333333333333
5,187,0.0
5,188,0.03333333333333333
5,189,0.0
5,190,0.0
5,191,0.0
5,192,0.1
5,193,0.0
5,194,0.0
5,195,0.0
5,196,0.0
5,197,0.0
5,198,0.03333333333333333
5,199,0.36666666666666664
5,200,0.0
5,201,0.06666666666666667
5,202,0.0
5,203,0.0
5,204,0.0
5,205,0.4
5,206,0.0
5,207,0.0
5,208,0.0
5,209,0.0
5,210,0.0
5,211,0.0
5,212,0.43333333333333335
5,213,0.03333333333333333
5,214,0.36666666666666664
5,215,0.0
5,216,0.0
5,217,0.4666666666666667
5,218,0.13333333333333333
5,219,0.0
5,220,0.0
5,221,0.9666666666666667
5,222,0.0
5,223,0.0
5,224,0.0
5,225,0.4
5,226,0.23333333333333334
5,227,0.0
5,228,0.13333333333333333
5,229,0.4666666666666667
5,230,0.06666666666666667
5,231,0.0
5,232,0.0
5,233,0.0
5,234,0.0
5,235,0.03333333333333333
5,236,0.4
5,237,0.43333333333333335
5,238,0.0
5,239,0.5333333333333333
5,240,0.0
5,241,0.0
5,242,0.06666666666666667
5,243,0.06666666666666667
5,244,0.23333333333333334
5,245,0.8
5,246,0.7
5,247,0.03333333333333333
5,248,0.0
5,249,0.0
5,250,0.0
5,251,0.0
5,252,0.16666666666666666
5,253,0.0
5,254,0.06666666666666667
5,255,0.0
5,256,0.0
5,257,0.0
5,258,0.0
5,259,0.0
5,260,0.0
5,261,0.0
5,262,0.06666666666666667
5,263,0.0
5,264,0.0
5,265,0.0
5,266,0.43333333333333335
5,267,0.7333333333333333
5,268,0.23333333333333334
5,269,0.03333333333333333
5,270,0.03333333333333333
5,271,0.0
5,272,0.16666666666666666
5,273,0.23333333333333334
5,274,0.0
5,275,0.0
5,276,0.26666666666666666
5,277,0.0
5,278,0.16666666666666666
5,279,0.0
5,280,0.0
5,281,0.2
5,282,0.0
5,283,0.0
5,284,0.0
5,285,0.0
5,286,0.0
5,287,0.36666666666666664
5,288,0.7
5,289,0.0
5,290,0.0
5,291,0.0
5,292,0.13333333333333333
5,293,0.0
5,294,0.0
5,295,0.0
5,296,0.06666666666666667
5,297,0.0
5,298,0.03333333333333333
5,299,0.0
5,300,0.1
5,301,0.1
5,302,0.0
5,303,0.0
5,304,0.0
5,305,0.0
5,306,0.43333333333333335
5,307,0.0
5,308,0.0
5,309,0.0
5,310,0.5
5,311,0.1
5,312,0.13333333333333333
5,313,1.0
5,314,0.0
5,315,0.0
5,316,0.03333333333333333
5,317,0.0
5,318,0.0
5,319,0.36666666666666664
5,320,0.0
5,321,0.0
5,322,0.8
5,323,0.0
5,324,0.0
5,325,0.9666666666666667
5,326,0.0
5,327,0.0
5,328,0.0
5,329,0.36666666666666664
5,330,0.0
5,331,0.0
5,332,0.0
5,333,0.0
5,334,0.03333333333333333
5,335,0.0
5,336,0.0
5,337,0.26666666666666666
5,338,0.1
5,339,0.0
5,340,0.0
5,341,0.7666666666666667
5,342,0.0
5,343,0.0
5,344,0.0
5,345,0.0
5,346,0.0
5,347,0.0
5,348,0.3
5,349,0.0
5,350,0.0
5,351,0.0
5,352,0.0
5,353,0.16666666666666666
5,354,0.26666666666666666
5,355,0.0
5,356,0.0
5,357,0.5666666666666667
5,358,0.3
5,359,0.7
5,360,0.0
5,361,0.0
5,362,0.0
5,363,0.03333333333333333
5,364,0.0
5,365,0.7333333333333333
5,366,0.0
5,367,0.23333333333333334
5,368,0.0
5,369,0.0
5,370,0.5666666666666667
5,371,0.0
5,372,0.23333333333333334
5,373,0.3
5,374,0.0
5,375,0.1
5,376,0.0
5,377,0.36666666666666664
5,378,0.36666666666666664
5,379,0.0
5,380,0.1
5,381,0.0
5,382,0.0
5,383,0.23333333333333334
5,384,0.03333333333333333
5,385,0.06666666666666667
5,386,0.0
5,387,0.36666666666666664
5,388,0.06666666666666667
5,389,0.0
5,390,0.3
5,391,0.0
5,392,0.9
5,393,0.0
5,394,0.13333333333333333
5,395,0.0
5,396,0.0
5,397,0.0
5,398,0.0
5,399,0.0
5,400,0.0
5,401,0.0
5,402,0.5666666666666667
5,403,0.36666666666666664
5,404,0.0
5,405,0.0
5,406,0.3
5,407,0.0
5,408,0.0
5,409,0.3333333333333333
5,410,0.0
5,411,0.13333333333333333
5,412,0.7666666666666667
5,413,0.03333333333333333
5,414,0.0
5,415,0.0
5,416,0.0
5,417,0.0
5,418,0.43333333333333335
5,419,0.0
5,420,0.03333333333333333
5,421,0.0
5,422,0.0
5,423,0.03333333333333333
5,424,0.0
5,425,0.0
5,426,0.0
5,427,0.43333333333333335
5,428,0.5333333333333333
5,429,0.5666666666666667
5,430,0.26666666666666666
5,431,0.5333333333333333
5,432,0.0
5,433,0.23333333333333334
5,434,0.0
5,435,0.0
5,436,0.0
5,437,0.03333333333333333
5,438,0.03333333333333333
5,439,0.7333333333333333
5,440,0.0
5,441,0.03333333333333333
5,442,0.0
5,443,0.7666666666666667
5,444,0.0
5,445,0.03333333333333333
5,446,0.0
5,447,0.7333333333333333
5,448,0.0
5,449,0.0
5,450,0.06666666666666667
5,451,0.7666666666666667
5,452,0.0
5,453,0.0
5,454,0.2
5,455,0.0
5,456,0.0
5,457,0.0
5,458,0.0
5,459,0.2
5,460,0.03333333333333333
5,461,0.0
5,462,0.4666666666666667
5,463,0.0
5,464,0.0
5,465,0.5333333333333333
5,466,0.0
5,467,0.0
5,468,0.0
5,469,0.0
5,470,0.0
5,471,0.0
5,472,0.43333333333333335
5,473,0.0
5,474,0.0
5,475,0.0
5,476,0.0
5,477,0.0
5,478,0.06666666666666667
5,479,0.0
5,480,0.0
5,481,0.1
5,482,0.0
5,483,0.1
5,484,0.0
5,485,0.0
5,486,0.3
5,487,0.0
5,488,0.9666666666666667
5,489,0.0
5,490,0.0
5,491,0.0
5,492,0.4
5,493,0.7666666666666667
5,494,0.36666666666666664
5,495,0.0
5,496,0.0
5,497,0.03333333333333333
5,498,0.0
5,499,0.0
5,500,0.0
5,501,0.0
5,502,0.0
5,503,0.0
5,504,0.0
5,505,0.03333333333333333
5,506,0.0
5,507,0.0
5,508,0.7
5,509,0.0
5,510,0.0
5,511,0.06666666666666667
5,512,0.0
5,513,0.0
5,514,0.0
5,515,0.0
5,516,0.0
5,517,0.3
5,518,0.2
5,519,0.4
5,520,0.0
5,521,0.0
5,522,0.7
5,523,0.7666666666666667
5,524,0.6
5,525,0.0
5,526,0.0
5,527,0.16666666666666666
5,528,0.7333333333333333
5,529,0.0
5,530,0.0
5,531,0.0
5,532,0.0
5,533,0.0
5,534,0.0
5,535,0.0
5,536,0.4666666666666667
5,537,0.7333333333333333
5,538,0.5
5,539,0.0
5,540,0.4
5,541,0.4666666666666667
5,542,0.8666666666666667
5,543,0.7
5,544,0.0
5,545,0.0
5,546,0.0
5,547,0.0
5,548,0.0
5,549,0.16666666666666666
5,550,1.0
5,551,0.0
5,552,0.4666666666666667
5,553,0.8333333333333334
5,554,0.1
5,555,0.0
5,556,0.9666666666666667
5,557,0.0
5,558,0.0
5,559,0.0
5,560,0.4666666666666667
5,561,0.7
5,562,0.3
5,563,0.0
5,564,0.23333333333333334
5,565,0.36666666666666664
5,566,0.4
5,567,0.0
5,568,0.9333333333333333
5,569,0.0
5,570,0.03333333333333333
5,571,0.0
5,572,0.13333333333333333
5,573,0.0
5,574,0.6
5,575,0.0
5,576,0.0
5,577,0.0
5,578,0.0
5,579,0.0
5,580,0.0
5,581,0.0
5,582,0.0
5,583,0.23333333333333334
5,584,0.0
5,585,0.06666666666666667
5,586,0.0
5,587,0.0
5,588,0.0
5,589,0.0
5,590,0.3
5,591,0.0
5,592,0.4
5,593,0.0
5,594,0.0
5,595,0.4
5,596,0.26666666666666666
5,597,0.0
5,598,0.0
5,599,0.26666666666666666
5,600,0.0
5,601,0.03333333333333333
5,602,0.8
5,603,0.0
5,604,0.0
5,605,0.16666666666666666
5,606,0.03333333333333333
5,607,0.0
5,608,0.0
5,609,0.0
5,610,0.2
5,611,0.0
5,612,0.0
5,613,0.9
5,614,0.0
5,615,0.0
5,616,0.6
5,617,0.36666666666666664
5,618,0.0
5,619,0.0
5,620,0.0
5,621,0.03333333333333333
5,622,0.4666666666666667
5,623,0.0
5,624,0.26666666666666666
5,625,0.0
5,626,0.0
5,627,0.0
5,628,0.26666666666666666
5,629,0.0
5,630,0.0
5,631,0.0
5,632,0.0
5,633,0.0
5,634,0.0
5,635,0.03333333333333333
5,636,0.0
5,637,0.0
5,638,0.0
5,639,0.3
5,640,0.16666666666666666
5,641,0.3
5,642,0.16666666666666666
5,643,0.0
5,644,0.0
5,645,0.03333333333333333
5,646,0.16666666666666666
5,647,0.03333333333333333
5,648,0.0
5,649,0.0
5,650,0.36666666666666664
5,651,0.0
5,652,0.43333333333333335
5,653,0.13333333333333333
5,654,0.26666666666666666
5,655,0.0
5,656,0.0
5,657,0.4
5,658,0.03333333333333333
5,659,0.0
5,660,0.0
5,661,0.0
5,662,0.0
5,663,0.0
5,664,0.6666666666666666
5,665,0.0
5,666,0.0
5,667,0.0
5,668,0.0
5,669,0.03333333333333333
5,670,0.3333333333333333
5,671,0.0
5,672,0.5333333333333333
5,673,0.8333333333333334
5,674,0.0
5,675,0.5666666666666667
5,676,0.5666666666666667
5,677,0.0
5,678,0.0
5,679,0.43333333333333335
5,680,0.0
5,681,0.06666666666666667
5,682,0.0
5,683,0.0
5,684,0.16666666666666666
5,685,0.4
5,686,0.0
5,687,0.0
5,688,0.0
5,689,0.0
5,690,0.0
5,691,0.0
5,692,0.0
5,693,0.23333333333333334
5,694,0.0
5,695,0.0
5,696,0.0
5,697,0.0
5,698,0.0
5,699,0.4
5,700,0.36666666666666664
5,701,0.03333333333333333
5,702,0.0
5,703,0.0
5,704,0.0
5,705,0.0
5,706,0.0
5,707,0.0
5,708,0.0
5,709,0.0
5,710,0.0
5,711,0.0
5,712,0.0
5,713,0.8333333333333334
5,714,0.06666666666666667
5,715,0.16666666666666666
5,716,0.0
5,717,0.0
5,718,0.0
5,719,0.0
5,720,0.2
5,721,0.8333333333333334
5,722,0.23333333333333334
5,723,0.1
5,724,0.0
5,725,0.0
5,726,0.03333333333333333
5,727,0.0
5,728,0.16666666666666666
5,729,0.06666666666666667
5,730,0.3333333333333333
5,731,0.0
5,732,0.0
5,733,0.0
5,734,0.03333333333333333
5,735,0.0
5,736,0.0
5,737,0.0
5,738,0.0
5,739,0.13333333333333333
5,740,0.0
5,741,0.26666666666666666
5,742,0.0
5,743,0.0
5,744,0.4
5,745,0.0
5,746,0.0
5,747,0.1
5,748,0.6333333333333333
5,749,0.3333333333333333
5,750,0.7333333333333333
5,751,0.0
5,752,0.06666666666666667
5,753,0.0
5,754,0.4
5,755,0.0
5,756,0.0
5,757,0.0
5,758,0.0
5,759,0.03333333333333333
5,760,0.9666666666666667
5,761,0.36666666666666664
5,762,0.0
5,763,0.0
5,764,0.23333333333333334
5,765,0.0
5,766,0.0
5,767,0.23333333333333334
5,768,0.36666666666666664
5,769,0.0
5,770,0.23333333333333334
5,771,0.4666666666666667
5,772,1.0
5,773,0.3333333333333333
5,774,0.0
5,775,0.0
5,776,0.16666666666666666
5,777,0.0
5,778,0.26666666666666666
5,779,0.0
5,780,0.0
5,781,0.0
5,782,0.0
5,783,0.0
5,784,0.06666666666666667
5,785,0.0
5,786,0.16666666666666666
5,787,0.0
5,788,0.0
5,789,0.8
5,790,0.0
5,791,0.4
5,792,0.0
5,793,0.03333333333333333
5,794,0.0
5,795,0.03333333333333333
5,796,0.06666666666666667
5,797,0.0
5,798,0.5333333333333333
5,799,0.7
5,800,0.1
5,801,0.2
5,802,0.03333333333333333
5,803,0.0
5,804,0.0
5,805,0.1
5,806,0.0
5,807,0.0
5,808,0.23333333333333334
5,809,0.0
5,810,0.06666666666666667
5,811,0.0
5,812,0.0
5,813,0.0
5,814,0.13333333333333333
5,815,0.0
5,816,0.5666666666666667
5,817,0.9666666666666667
5,818,0.3
5,819,0.0
5,820,0.0
5,821,1.0
5,822,0.0
5,823,0.4666666666666667
5,824,0.43333333333333335
5,825,0.16666666666666666
5,826,0.0
5,827,0.06666666666666667
5,828,0.0
5,829,0.8
5,830,0.4666666666666667
5,831,0.0
5,832,0.0
5,833,0.5
5,834,0.0
5,835,0.0
5,836,0.0
5,837,0.0
5,838,0.6333333333333333
5,839,0.0
5,840,0.0
5,841,0.0
5,842,0.0
5,843,1.0
5,844,0.0
5,845,0.26666666666666666
5,846,0.0
5,847,0.3333333333333333
5,848,0.1
5,849,0.0
5,850,0.43333333333333335
5,851,0.03333333333333333
5,852,0.06666666666666667
5,853,0.1
5,854,0.0
5,855,0.23333333333333334
5,856,0.1
5,857,0.0
5,858,0.0
5,859,0.13333333333333333
5,860,0.0
5,861,0.0
5,862,0.9666666666666667
5,863,0.4666666666666667
5,864,0.4666666666666667
5,865,0.6333333333333333
5,866,0.3333333333333333
5,867,0.0
5,868,0.03333333333333333
5,869,0.06666666666666667
5,870,0.0
5,871,0.0
5,872,0.0
5,873,0.36666666666666664
5,874,0.26666666666666666
5,875,0.0
5,876,0.0
5,877,0.3
5,878,0.0
5,879,0.6333333333333333
5,880,0.0
5,881,0.43333333333333335
5,882,0.0
5,883,0.0
5,884,0.0
5,885,0.16666666666666666
5,886,0.7333333333333333
5,887,0.0
5,888,0.0
5,889,0.0
5,890,0.0
5,891,0.0
5,892,0.0
5,893,0.0
5,894,0.0
5,895,0.0
5,896,0.3
5,897,0.0
5,898,0.0
5,899,0.0
5,900,0.4666666666666667
5,901,0.13333333333333333
5,902,0.0
5,903,0.0
5,904,0.0
5,905,0.0
5,906,0.03333333333333333
5,907,0.0
5,908,0.0
5,909,0.1
5,910,0.0
5,911,0.0
5,912,0.0
5,913,0.13333333333333333
5,914,0.26666666666666666
5,915,0.4666666666666667
5,916,0.0
5,917,0.0
5,918,0.3333333333333333
5,919,0.3333333333333333
5,920,0.1
5,921,0.06666666666666667
5,922,0.0
5,923,0.0
5,924,0.13333333333333333
5,925,0.3
5,926,0.0
5,927,0.3
5,928,0.0
5,929,0.0
5,930,0.03333333333333333
5,931,0.0
5,932,0.36666666666666664
5,933,0.0
5,934,0.06666666666666667
5,935,0.0
5,936,0.1
5,937,0.0
5,938,0.0
5,939,0.0
5,940,0.16666666666666666
5,941,0.43333333333333335
5,942,0.4
5,943,0.0
5,944,0.0
5,945,0.0
5,946,0.0
5,947,0.0
5,948,0.0
5,949,0.1
5,950,0.0
5,951,0.0
5,952,0.0
5,953,0.06666666666666667
5,954,0.4
5,955,0.5666666666666667
5,956,0.23333333333333334
5,957,0.0
5,958,0.0
5,959,0.0
5,960,0.0
5,961,0.03333333333333333
5,962,0.9666666666666667
5,963,0.0
5,964,0.0
5,965,0.5666666666666667
5,966,0.0
5,967,0.2
5,968,0.0
5,969,0.0
5,970,0.8333333333333334
5,971,0.0
5,972,0.0
5,973,0.4666666666666667
5,974,0.26666666666666666
5,975,0.0
5,976,0.4
5,977,0.13333333333333333
5,978,0.0
5,979,0.0
5,980,0.0
5,981,0.0
5,982,0.0
5,983,0.03333333333333333
5,984,0.0
5,985,0.0
5,986,0.0
5,987,0.9666666666666667
5,988,0.0
5,989,0.03333333333333333
5,990,0.0
5,991,0.0
5,992,0.0
5,993,0.1
5,994,0.0
5,995,0.1
5,996,0.3
5,997,0.36666666666666664
5,998,0.3
5,999,0.0
5,1000,0.0
5,1001,0.0
5,1002,0.0
5,1003,0.0
5,1004,0.06666666666666667
5,1005,0.3
5,1006,0.0
5,1007,0.0
5,1008,0.13333333333333333
5,1009,0.4
5,1010,0.0
5,1011,0.0
5,1012,0.0
5,1013,0.0
5,1014,0.36666666666666664
5,1015,0.3333333333333333
5,1016,0.0
5,1017,0.0
5,1018,0.9
5,1019,0.4666666666666667
5,1020,0.43333333333333335
5,1021,0.06666666666666667
5,1022,0.0
5,1023,0.26666666666666666
5,1024,0.0
5,1025,0.0
5,1026,0.03333333333333333
5,1027,0.0
5,1028,0.0
5,1029,0.4
5,1030,0.5
5,1031,0.0
5,1032,0.0
5,1033,0.0
5,1034,0.0
5,1035,0.0
5,1036,0.0
5,1037,0.6
5,1038,0.1
5,1039,0.5666666666666667
5,1040,0.0
5,1041,0.0
5,1042,0.0
5,1043,0.0
5,1044,0.03333333333333333
5,1045,0.0
5,1046,0.03333333333333333
5,1047,0.0
5,1048,0.4
5,1049,0.0
5,1050,0.8333333333333334
5,1051,0.0
5,1052,0.0
5,1053,0.2
5,1054,0.0
5,1055,0.13333333333333333
5,1056,0.0
5,1057,0.0
5,1058,0.0
5,1059,0.0
5,1060,0.0
5,1061,0.0
5,1062,0.0
5,1063,0.7333333333333333
5,1064,0.9666666666666667
5,1065,0.26666666666666666
5,1066,0.0
5,1067,0.9333333333333333
5,1068,0.0
5,1069,0.0
5,1070,0.0
5,1071,0.1
5,1072,0.4666666666666667
5,1073,0.0
5,1074,0.4
5,1075,0.0
5,1076,0.13333333333333333
5,1077,0.1
5,1078,0.0
5,1079,0.0
5,1080,0.0
5,1081,0.0
5,1082,0.0
5,1083,0.5666666666666667
5,1084,0.06666666666666667
5,1085,0.6
5,1086,0.0
5,1087,0.0
5,1088,0.26666666666666666
5,1089,0.8
5,1090,0.0
5,1091,0.0
5,1092,0.06666666666666667
5,1093,0.06666666666666667
5,1094,0.0
5,1095,0.0
5,1096,0.16666666666666666
5,1097,0.1
5,1098,0.0
5,1099,0.13333333333333333
5,1100,0.0
5,1101,0.0
5,1102,0.0
5,1103,0.1
5,1104,0.7
5,1105,0.0
5,1106,0.0
5,1107,0.0
5,1108,0.0
5,1109,0.9666666666666667
5,1110,0.0
5,1111,0.0
5,1112,0.0
5,1113,1.0
5,1114,0.06666666666666667
5,1115,0.0
5,1116,0.0
5,1117,0.0
5,1118,0.1
5,1119,0.0
5,1120,0.0
5,1121,0.0
5,1122,0.0
5,1123,0.16666666666666666
5,1124,0.0
5,1125,0.0
5,1126,0.0
5,1127,0.5
5,1128,0.4666666666666667
5,1129,0.1
5,1130,0.0
5,1131,0.5333333333333333
5,1132,0.23333333333333334
5,1133,0.43333333333333335
5,1134,0.0
5,1135,0.0
5,1136,0.03333333333333333
5,1137,0.36666666666666664
5,1138,0.7666666666666667
5,1139,0.0
5,1140,0.0
5,1141,0.0
5,1142,0.0
5,1143,0.0
5,1144,0.03333333333333333
5,1145,0.0
5,1146,0.0
5,1147,0.0
5,1148,0.06666666666666667
5,1149,0.4666666666666667
5,1150,0.0
5,1151,0.0
5,1152,0.0
5,1153,0.0
5,1154,0.0
5,1155,0.03333333333333333
5,1156,0.0
5,1157,0.0
5,1158,0.0
5,1159,0.0
5,1160,0.3
5,1161,0.0
5,1162,0.0
5,1163,0.0
5,1164,0.0
5,1165,0.0
5,1166,0.1
5,1167,0.7333333333333333
5,1168,0.3
5,1169,0.3
5,1170,0.0
5,1171,0.0
5,1172,0.1
5,1173,0.03333333333333333
5,1174,0.0
5,1175,0.06666666666666667
5,1176,0.0
5,1177,0.0
5,1178,0.1
5,1179,0.5666666666666667
5,1180,0.0
5,1181,0.0
5,1182,0.1
5,1183,0.0
5,1184,0.0
5,1185,0.0
5,1186,0.0
5,1187,0.36666666666666664
5,1188,0.0
5,1189,0.0
5,1190,0.0
5,1191,0.0
5,1192,0.1
5,1193,0.0
5,1194,0.0
5,1195,0.1
5,1196,0.0
5,1197,0.13333333333333333
5,1198,0.0
5,1199,0.06666666666666667
5,1200,0.0
5,1201,0.2
5,1202,0.0
5,1203,0.8333333333333334
5,1204,0.1
5,1205,0.0
5,1206,0.9666666666666667
5,1207,0.0
5,1208,0.03333333333333333
5,1209,0.0
5,1210,0.0
5,1211,0.0
5,1212,0.0
5,1213,0.0
5,1214,0.8
5,1215,0.0
5,1216,0.03333333333333333
5,1217,0.23333333333333334
5,1218,0.1
5,1219,0.0
5,1220,0.0
5,1221,0.0
5,1222,0.03333333333333333
5,1223,0.0
5,1224,0.4666666666666667
5,1225,0.0
5,1226,0.0
5,1227,0.0
5,1228,0.0
5,1229,0.0
5,1230,0.43333333333333335
5,1231,0.0
5,1232,0.0
5,1233,0.0
5,1234,0.0
5,1235,0.1
5,1236,0.4
5,1237,0.13333333333333333
5,1238,0.0
5,1239,0.26666666666666666
5,1240,0.0
5,1241,0.16666666666666666
5,1242,0.4666666666666667
5,1243,0.0
5,1244,0.0
5,1245,0.0
5,1246,0.36666666666666664
5,1247,0.0
5,1248,0.26666666666666666
5,1249,0.36666666666666664
5,1250,0.0
5,1251,0.0
5,1252,0.3
5,1253,0.7666666666666667
5,1254,0.26666666666666666
5,1255,0.0
5,1256,0.7
5,1257,0.43333333333333335
5,1258,0.06666666666666667
5,1259,0.0
5,1260,0.1
5,1261,0.43333333333333335
5,1262,0.03333333333333333
5,1263,0.0
5,1264,0.16666666666666666
5,1265,0.0
5,1266,0.16666666666666666
5,1267,0.0
5,1268,0.0
5,1269,0.0
5,1270,0.5333333333333333
5,1271,0.0
5,1272,0.0
5,1273,0.0
5,1274,0.0
5,1275,0.0
5,1276,0.0
5,1277,0.23333333333333334
5,1278,0.0
5,1279,0.0
5,1280,0.0
5,1281,0.0
5,1282,0.0
5,1283,0.0
5,1284,0.0
5,1285,0.1
5,1286,0.0
5,1287,0.0
5,1288,0.23333333333333334
5,1289,0.23333333333333334
5,1290,0.26666666666666666
5,1291,0.5333333333333333
5,1292,0.4
5,1293,0.0
5,1294,0.0
5,1295,0.16666666666666666
5,1296,0.7
5,1297,0.0
5,1298,0.06666666666666667
5,1299,0.0
5,1300,0.0
5,1301,0.0
5,1302,0.13333333333333333
5,1303,0.0
5,1304,0.0
5,1305,0.23333333333333334
5,1306,0.5333333333333333
5,1307,0.0
5,1308,0.0
5,1309,0.0
5,1310,0.0
5,1311,0.0
5,1312,0.0
5,1313,0.0
5,1314,0.3333333333333333
5,1315,0.0
5,1316,0.0
5,1317,0.0
5,1318,0.0
5,1319,0.26666666666666666
5,1320,0.0
5,1321,0.0
5,1322,0.0
5,1323,0.16666666666666666
5,1324,0.6333333333333333
5,1325,0.0
5,1326,0.0
5,1327,0.0
5,1328,0.4
5,1329,0.5333333333333333
5,1330,0.6666666666666666
5,1331,0.13333333333333333
5,1332,0.3333333333333333
5,1333,0.0
5,1334,0.0
5,1335,0.1
5,1336,0.0
5,1337,0.0
5,1338,0.36666666666666664
5,1339,0.0
5,1340,0.0
5,1341,0.0
5,1342,0.9
5,1343,0.0
5,1344,0.0
5,1345,0.43333333333333335
5,1346,0.0
5,1347,0.0
5,1348,0.03333333333333333
5,1349,0.06666666666666667
5,1350,0.06666666666666667
5,1351,0.1
5,1352,0.0
5,1353,0.0
5,1354,0.4
5,1355,0.0
5,1356,0.0
5,1357,0.1
5,1358,0.0
5,1359,0.03333333333333333
5,1360,0.0
5,1361,0.0
5,1362,0.0
5,1363,0.0
5,1364,0.0
5,1365,0.0
5,1366,0.13333333333333333
5,1367,0.0
5,1368,0.0
5,1369,0.36666666666666664
5,1370,0.0
5,1371,0.6333333333333333
5,1372,0.26666666666666666
5,1373,0.0
5,1374,0.0
5,1375,0.0
5,1376,0.13333333333333333
5,1377,0.0
5,1378,0.1
5,1379,0.16666666666666666
5,1380,0.0
5,1381,0.0
5,1382,0.6333333333333333
5,1383,0.0
5,1384,0.2
5,1385,0.0
5,1386,0.13333333333333333
5,1387,0.0
5,1388,0.5666666666666667
5,1389,0.0
5,1390,0.0
5,1391,0.0
5,1392,0.0
5,1393,0.0
5,1394,0.06666666666666667
5,1395,0.0
5,1396,0.0
5,1397,0.9
5,1398,0.0
5,1399,0.0
5,1400,0.13333333333333333
5,1401,0.0
5,1402,0.0
5,1403,0.03333333333333333
5,1404,0.0
5,1405,0.0
5,1406,0.06666666666666667
5,1407,0.0
5,1408,0.0
5,1409,0.23333333333333334
5,1410,0.4666666666666667
5,1411,0.3333333333333333
5,1412,0.0
5,1413,0.4
5,1414,0.03333333333333333
5,1415,0.0
5,1416,0.0
5,1417,0.23333333333333334
5,1418,0.0
5,1419,0.36666666666666664
5,1420,0.0
5,1421,0.0
5,1422,0.6333333333333333
5,1423,0.0
5,1424,0.0
5,1425,0.4666666666666667
5,1426,0.0
5,1427,0.0
5,1428,0.8666666666666667
5,1429,0.06666666666666667
5,1430,0.06666666666666667
5,1431,0.0
5,1432,0.2
5,1433,0.0
5,1434,0.0
5,1435,0.0
5,1436,0.4
5,1437,0.13333333333333333
5,1438,0.0
5,1439,0.0
5,1440,0.0
5,1441,0.2
5,1442,0.1
5,1443,0.0
5,1444,0.0
5,1445,0.36666666666666664
5,1446,0.0
5,1447,0.16666666666666666
5,1448,0.26666666666666666
5,1449,0.0
5,1450,0.9333333333333333
5,1451,0.23333333333333334
5,1452,0.5
5,1453,0.6
5,1454,0.0
5,1455,0.0
5,1456,0.0
5,1457,0.36666666666666664
5,1458,0.1
5,1459,0.4666666666666667
5,1460,0.03333333333333333
5,1461,0.26666666666666666
5,1462,0.0
5,1463,0.0
5,1464,0.0
5,1465,0.0
5,1466,0.0
5,1467,0.0
5,1468,0.0
5,1469,0.0
5,1470,0.36666666666666664
5,1471,0.0
5,1472,0.2
5,1473,0.6333333333333333
5,1474,0.0
5,1475,0.0
5,1476,0.0
5,1477,0.23333333333333334
5,1478,0.0
5,1479,0.0
5,1480,0.0
5,1481,0.0
5,1482,0.1
5,1483,0.0
5,1484,0.4
5,1485,0.7666666666666667
5,1486,0.0
5,1487,0.03333333333333333
5,1488,0.43333333333333335
5,1489,0.16666666666666666
5,1490,0.0
5,1491,0.0
5,1492,0.36666666666666664
5,1493,0.7333333333333333
5,1494,0.0
5,1495,0.0
5,1496,0.0
5,1497,0.43333333333333335
5,1498,0.2
5,1499,0.7333333333333333
5,1500,0.0
5,1501,0.0
5,1502,0.0
5,1503,0.26666666666666666
5,1504,0.0
5,1505,0.5333333333333333
5,1506,0.0
5,1507,0.0
5,1508,0.03333333333333333
5,1509,0.0
5,1510,0.0
5,1511,0.36666666666666664
5,1512,0.5
5,1513,0.0
5,1514,0.06666666666666667
5,1515,0.4
5,1516,0.16666666666666666
5,1517,0.0
5,1518,0.0
5,1519,0.0
5,1520,0.0
5,1521,0.03333333333333333
5,1522,0.3333333333333333
5,1523,0.0
5,1524,0.03333333333333333
5,1525,0.8666666666666667
5,1526,0.03333333333333333
5,1527,0.0
5,1528,0.0
5,1529,0.0
5,1530,0.0
5,1531,0.43333333333333335
5,1532,0.0
5,1533,0.0
5,1534,0.0
5,1535,0.06666666666666667
5,1536,0.0
5,1537,0.0
5,1538,0.16666666666666666
5,1539,0.0
5,1540,0.0
5,1541,0.06666666666666667
5,1542,0.0
5,1543,0.13333333333333333
5,1544,0.4666666666666667
5,1545,0.3
5,1546,0.6
5,1547,0.0
5,1548,0.0
5,1549,0.0
5,1550,0.0
5,1551,0.0
5,1552,0.36666666666666664
5,1553,0.0
5,1554,0.03333333333333333
5,1555,0.0
5,1556,0.0
5,1557,0.43333333333333335
5,1558,0.9666666666666667
5,1559,0.4666666666666667
5,1560,0.36666666666666664
5,1561,0.0
5,1562,0.03333333333333333
5,1563,0.0
5,1564,0.0
5,1565,0.0
5,1566,0.5666666666666667
5,1567,0.0
5,1568,0.0
5,1569,0.2
5,1570,0.0
5,1571,0.0
5,1572,0.03333333333333333
5,1573,0.0
5,1574,0.0
5,1575,0.0
5,1576,0.0
5,1577,0.0
5,1578,0.0
5,1579,1.0
5,1580,0.0
5,1581,0.7666666666666667
5,1582,0.0
5,1583,0.0
5,1584,0.0
5,1585,0.03333333333333333
5,1586,0.2
5,1587,0.13333333333333333
5,1588,0.4666666666666667
5,1589,0.3333333333333333
5,1590,0.6
5,1591,0.0
5,1592,0.0
5,1593,0.1
5,1594,0.0
5,1595,0.0
5,1596,0.3
5,1597,0.5
5,1598,0.5666666666666667
5,1599,0.13333333333333333
5,1600,0.23333333333333334
5,1601,0.0
5,1602,0.43333333333333335
5,1603,0.7
5,1604,0.0
5,1605,0.0
5,1606,0.03333333333333333
5,1607,0.06666666666666667
5,1608,0.0
5,1609,0.4
5,1610,0.0
5,1611,0.8333333333333334
5,1612,0.0
5,1613,0.4
5,1614,0.06666666666666667
5,1615,0.0
5,1616,0.0
5,1617,0.0
5,1618,0.0
5,1619,0.0
5,1620,0.0
5,1621,0.0
5,1622,0.0
5,1623,0.0
5,1624,0.0
5,1625,0.06666666666666667
5,1626,0.36666666666666664
5,1627,0.3
5,1628,0.5
5,1629,0.0
5,1630,0.0
5,1631,0.0
5,1632,0.4
5,1633,0.9333333333333333
5,1634,0.0
5,1635,0.0
5,1636,0.16666666666666666
5,1637,0.23333333333333334
5,1638,0.5666666666666667
5,1639,0.0
5,1640,0.3333333333333333
5,1641,0.13333333333333333
5,1642,0.0
5,1643,0.0
5,1644,0.0
5,1645,0.0
5,1646,0.0
5,1647,0.1
5,1648,0.2
5,1649,0.26666666666666666
5,1650,0.0
5,1651,0.0
5,1652,0.0
5,1653,0.36666666666666664
5,1654,0.0
5,1655,0.06666666666666667
5,1656,0.0
5,1657,0.0
5,1658,0.0
5,1659,0.36666666666666664
5,1660,0.0
5,1661,0.9
5,1662,0.0
5,1663,0.1
5,1664,0.0
5,1665,0.8
5,1666,0.0
5,1667,0.0
5,1668,0.3333333333333333
5,1669,0.0
5,1670,0.8333333333333334
5,1671,0.8333333333333334
5,1672,0.0
5,1673,0.0
5,1674,0.0
5,1675,0.0
5,1676,0.0
5,1677,0.0
5,1678,0.1
5,1679,0.0
5,1680,0.0
5,1681,0.0
5,1682,0.0
5,1683,0.0
5,1684,0.0
5,1685,0.3
5,1686,0.4666666666666667
5,1687,0.4
5,1688,0.26666666666666666
5,1689,0.2
5,1690,0.0
5,1691,0.0
5,1692,0.13333333333333333
5,1693,0.0
5,1694,0.6666666666666666
5,1695,0.0
5,1696,0.0
5,1697,0.26666666666666666
5,1698,0.0
5,1699,0.6666666666666666
5,1700,0.0
5,1701,0.0
5,1702,0.9333333333333333
5,1703,0.36666666666666664
5,1704,0.0
5,1705,0.0
5,1706,0.5
5,1707,0.16666666666666666
5,1708,0.0
5,1709,0.4666666666666667
5,1710,0.0
5,1711,0.0
5,1712,0.0
5,1713,0.1
5,1714,0.0
5,1715,0.36666666666666664
5,1716,0.16666666666666666
5,1717,0.16666666666666666
5,1718,0.0
5,1719,0.0
5,1720,0.0
5,1721,0.1
5,1722,0.0
5,1723,0.3
5,1724,0.36666666666666664
5,1725,0.2
5,1726,0.1
5,1727,0.0
5,1728,0.5333333333333333
5,1729,0.9333333333333333
5,1730,0.26666666666666666
5,1731,0.13333333333333333
5,1732,0.0
5,1733,0.0
5,1734,0.2
5,1735,0.7666666666666667
5,1736,0.13333333333333333
5,1737,0.0
5,1738,0.6
5,1739,0.0
5,1740,0.7666666666666667
5,1741,0.0
5,1742,0.5333333333333333
5,1743,0.0
5,1744,0.0
5,1745,0.23333333333333334
5,1746,0.0
5,1747,0.0
5,1748,0.0
5,1749,0.03333333333333333
5,1750,0.0
5,1751,0.0
5,1752,0.23333333333333334
5,1753,0.0
5,1754,0.0
5,1755,0.0
5,1756,0.7666666666666667
5,1757,0.16666666666666666
5,1758,0.1
5,1759,0.06666666666666667
5,1760,0.06666666666666667
5,1761,0.1
5,1762,0.4
5,1763,0.06666666666666667
5,1764,0.0
5,1765,0.3
5,1766,0.0
5,1767,0.0
5,1768,0.8333333333333334
5,1769,0.5333333333333333
5,1770,0.0
5,1771,0.0
5,1772,0.9
5,1773,0.16666666666666666
5,1774,0.0
5,1775,0.5333333333333333
5,1776,0.03333333333333333
5,1777,0.5666666666666667
5,1778,0.16666666666666666
5,1779,0.6333333333333333
5,1780,0.1
5,1781,0.0
5,1782,0.0
5,1783,0.0
5,1784,0.0
5,1785,0.9
5,1786,0.0
5,1787,0.0
5,1788,0.3
5,1789,0.0
5,1790,0.03333333333333333
5,1791,0.0
5,1792,0.36666666666666664
5,1793,0.0
5,1794,0.0
5,1795,0.0
5,1796,0.0
5,1797,0.1
5,1798,0.0
5,1799,0.23333333333333334
5,1800,0.03333333333333333
5,1801,0.0
5,1802,0.0
5,1803,0.0
5,1804,0.3333333333333333
5,1805,0.9
5,1806,0.0
5,1807,0.5333333333333333
5,1808,0.26666666666666666
5,1809,0.0
5,1810,0.0
5,1811,0.0
5,1812,0.4
5,1813,0.0
5,1814,0.13333333333333333
5,1815,0.3333333333333333
5,1816,0.06666666666666667
5,1817,0.0
5,1818,1.0
5,1819,0.26666666666666666
5,1820,0.36666666666666664
5,1821,0.0
5,1822,0.2
5,1823,0.5333333333333333
5,1824,0.03333333333333333
5,1825,0.0
5,1826,0.0
5,1827,0.0
5,1828,0.0
5,1829,0.1
5,1830,0.0
5,1831,0.4
5,1832,0.23333333333333334
5,1833,0.7
5,1834,0.0
5,1835,0.06666666666666667
5,1836,0.5333333333333333
5,1837,0.0
5,1838,0.0
5,1839,0.0
5,1840,0.0
5,1841,0.0
5,1842,0.03333333333333333
5,1843,0.03333333333333333
5,1844,0.0
5,1845,0.0
5,1846,0.0
5,1847,0.0
5,1848,0.0
5,1849,0.03333333333333333
5,1850,0.0
5,1851,0.1
5,1852,0.0
5,1853,0.0
5,1854,0.0
5,1855,0.0
5,1856,0.0
5,1857,0.26666666666666666
5,1858,0.0
5,1859,0.0
5,1860,0.16666666666666666
5,1861,0.0
5,1862,0.5
5,1863,0.6666666666666666
5,1864,0.36666666666666664
5,1865,0.4666666666666667
5,1866,0.0
5,1867,0.6333333333333333
5,1868,0.0
5,1869,0.3
5,1870,0.0
5,1871,0.0
5,1872,0.0
5,1873,0.0
5,1874,0.0
5,1875,0.5666666666666667
5,1876,0.0
5,1877,0.0
5,1878,0.0
5,1879,0.0
5,1880,0.0
5,1881,0.13333333333333333
5,1882,0.0
5,1883,0.0
5,1884,0.16666666666666666
5,1885,0.4
5,1886,0.0
5,1887,0.0
5,1888,0.0
5,1889,0.0
5,1890,0.03333333333333333
5,1891,0.26666666666666666
5,1892,0.0
5,1893,0.0
5,1894,0.5666666666666667
5,1895,0.0
5,1896,0.0
5,1897,0.1
5,1898,0.2
5,1899,0.0
5,1900,0.0
5,1901,0.0
5,1902,0.0
5,1903,0.0
5,1904,0.0
5,1905,0.0
5,1906,0.1
5,1907,0.0
5,1908,0.5
5,1909,0.0
5,1910,0.23333333333333334
5,1911,0.3333333333333333
5,1912,0.0
5,1913,0.4666666666666667
5,1914,0.0
5,1915,0.0
5,1916,0.03333333333333333
5,1917,0.0
5,1918,0.0
5,1919,0.0
5,1920,0.0
5,1921,0.0
5,1922,0.4666666666666667
5,1923,0.13333333333333333
5,1924,0.0
5,1925,0.1
5,1926,0.5666666666666667
5,1927,0.16666666666666666
5,1928,0.0
5,1929,0.0
5,1930,0.4666666666666667
5,1931,0.0
5,1932,0.0
5,1933,0.03333333333333333
5,1934,0.0
5,1935,0.0
5,1936,0.0
5,1937,0.0
5,1938,0.03333333333333333
5,1939,0.5333333333333333
5,1940,0.0
5,1941,0.0
5,1942,0.0
5,1943,0.0
5,1944,0.2
5,1945,0.0
5,1946,0.13333333333333333
5,1947,0.4666666666666667
5,1948,0.4
5,1949,0.0
5,1950,0.16666666666666666
5,1951,0.0
5,1952,0.06666666666666667
5,1953,0.0
5,1954,0.4
5,1955,0.26666666666666666
5,1956,0.0
5,1957,0.0
5,1958,0.0
5,1959,0.8333333333333334
5,1960,0.0
5,1961,0.4666666666666667
5,1962,0.0
5,1963,0.0
5,1964,0.36666666666666664
5,1965,0.23333333333333334
5,1966,0.0
5,1967,0.3
5,1968,0.5
5,1969,0.0
5,1970,0.0
5,1971,0.8
5,1972,0.1
5,1973,0.06666666666666667
5,1974,0.0
5,1975,0.0
5,1976,0.0
5,1977,0.13333333333333333
5,1978,0.0
5,1979,0.3333333333333333
5,1980,0.0
5,1981,0.0
5,1982,0.43333333333333335
5,1983,0.5
5,1984,0.5666666666666667
5,1985,0.0
5,1986,0.0
5,1987,0.0
5,1988,0.26666666666666666
5,1989,0.0
5,1990,0.36666666666666664
5,1991,0.03333333333333333
5,1992,0.0
5,1993,0.9
5,1994,0.7333333333333333
5,1995,0.0
5,1996,0.16666666666666666
5,1997,0.0
5,1998,0.0
5,1999,0.06666666666666667
5,2000,0.7666666666666667
5,2001,0.26666666666666666
5,2002,0.13333333333333333
5,2003,0.1
5,2004,0.0
5,2005,0.0
5,2006,0.03333333333333333
5,2007,0.6333333333333333
5,2008,0.0
5,2009,0.0
5,2010,0.5333333333333333
5,2011,0.0
5,2012,0.03333333333333333
5,2013,0.0
5,2014,0.3
5,2015,0.0
5,2016,0.4
5,2017,0.16666666666666666
5,2018,0.0
5,2019,0.03333333333333333
5,2020,0.0
5,2021,0.0
5,2022,0.4
5,2023,0.16666666666666666
5,2024,0.36666666666666664
5,2025,0.0
5,2026,0.16666666666666666
5,2027,0.43333333333333335
5,2028,0.3333333333333333
5,2029,0.0
5,2030,0.03333333333333333
5,2031,0.23333333333333334
5,2032,0.9333333333333333
5,2033,0.0
5,2034,0.0
5,2035,0.0
5,2036,0.0
5,2037,0.0
5,2038,0.7333333333333333
5,2039,0.0
5,2040,0.6333333333333333
5,2041,0.0
5,2042,0.0
5,2043,0.0
5,2044,0.0
5,2045,0.16666666666666666
5,2046,0.36666666666666664
5,2047,0.26666666666666666
5,2048,0.0
5,2049,0.3
5,2050,0.0
5,2051,0.0
5,2052,0.0
5,2053,0.6
5,2054,0.0
5,2055,0.03333333333333333
5,2056,0.0
5,2057,0.3
5,2058,0.0
5,2059,0.26666666666666666
5,2060,0.0
5,2061,0.0
5,2062,0.0
5,2063,0.0
5,2064,0.13333333333333333
5,2065,0.0
5,2066,0.03333333333333333
5,2067,0.8666666666666667
5,2068,0.06666666666666667
5,2069,0.0
5,2070,0.0
5,2071,0.0
5,2072,0.16666666666666666
5,2073,0.26666666666666666
5,2074,0.0
5,2075,0.0
5,2076,0.06666666666666667
5,2077,0.3
5,2078,0.0
5,2079,0.36666666666666664
5,2080,0.2
5,2081,1.0
5,2082,0.0
5,2083,0.0
5,2084,0.3
5,2085,0.0
5,2086,0.13333333333333333
5,2087,0.0
5,2088,0.3
5,2089,0.4
5,2090,0.5333333333333333
5,2091,0.6666666666666666
5,2092,0.6666666666666666
5,2093,0.0
5,2094,0.1
5,2095,0.0
5,2096,0.0
5,2097,0.6
5,2098,0.0
5,2099,0.0
5,2100,0.5666666666666667
5,2101,0.0
5,2102,0.03333333333333333
5,2103,0.0
5,2104,0.0
5,2105,0.0
5,2106,0.0
5,2107,0.5333333333333333
5,2108,0.1
5,2109,0.26666666666666666
5,2110,0.0
5,2111,0.5
5,2112,0.7
5,2113,0.0
5,2114,0.0
5,2115,0.0
5,2116,0.3
5,2117,0.1
5,2118,0.0
5,2119,0.0
5,2120,0.0
5,2121,0.0
5,2122,0.0
5,2123,0.26666666666666666
5,2124,0.0
5,2125,0.7666666666666667
5,2126,0.2
5,2127,0.0
5,2128,0.06666666666666667
5,2129,0.26666666666666666
5,2130,0.3333333333333333
5,2131,0.6666666666666666
5,2132,0.9666666666666667
5,2133,0.9333333333333333
5,2134,0.03333333333333333
5,2135,0.8333333333333334
5,2136,0.1
5,2137,0.3
5,2138,0.8
5,2139,0.0
5,2140,0.0
5,2141,0.0
5,2142,0.0
5,2143,0.9
5,2144,0.13333333333333333
5,2145,0.26666666666666666
5,2146,0.36666666666666664
5,2147,0.2
5,2148,0.0
5,2149,0.03333333333333333
5,2150,0.0
5,2151,0.0
5,2152,0.4
5,2153,0.0
5,2154,0.0
5,2155,0.03333333333333333
5,2156,0.0
5,2157,0.6
5,2158,0.0
5,2159,0.0
5,2160,0.2
5,2161,0.0
5,2162,0.0
5,2163,0.0
5,2164,0.9666666666666667
5,2165,0.03333333333333333
5,2166,0.0
5,2167,0.0
5,2168,0.4
5,2169,0.0
5,2170,0.0
5,2171,0.0
5,2172,0.3333333333333333
5,2173,0.0
5,2174,0.0
5,2175,0.03333333333333333
5,2176,0.0
5,2177,0.5333333333333333
5,2178,0.0
5,2179,0.06666666666666667
5,2180,0.3333333333333333
5,2181,0.0
5,2182,0.06666666666666667
5,2183,0.0
5,2184,0.0
5,2185,0.0
5,2186,0.0
5,2187,0.0
5,2188,0.6333333333333333
5,2189,0.0
5,2190,0.0
5,2191,0.0
5,2192,0.0
5,2193,0.03333333333333333
5,2194,0.0
5,2195,0.0
5,2196,0.2
5,2197,0.0
5,2198,0.9333333333333333
5,2199,0.06666666666666667
5,2200,0.26666666666666666
5,2201,0.0
5,2202,0.3
5,2203,0.0
5,2204,0.0
5,2205,0.0
5,2206,0.0
5,2207,0.3333333333333333
5,2208,0.5666666666666667
5,2209,0.0
5,2210,0.0
5,2211,0.0
5,2212,0.23333333333333334
5,2213,0.23333333333333334
5,2214,0.0
5,2215,0.0
5,2216,0.0
5,2217,0.0
5,2218,0.0
5,2219,0.43333333333333335
5,2220,0.0
5,2221,0.5
5,2222,0.0
5,2223,0.5
5,2224,0.13333333333333333
5,2225,0.36666666666666664
5,2226,0.0
5,2227,0.3333333333333333
5,2228,0.0
5,2229,0.0
5,2230,0.03333333333333333
5,2231,0.03333333333333333
5,2232,0.0
5,2233,0.5666666666666667
5,2234,0.9666666666666667
5,2235,0.0
5,2236,0.3
5,2237,0.4666666666666667
5,2238,0.0
5,2239,0.0
5,2240,0.0
5,2241,0.0
5,2242,0.1
5,2243,0.0
5,2244,0.0
5,2245,0.0
5,2246,0.0
5,2247,0.03333333333333333
5,2248,0.0
5,2249,0.0
5,2250,0.0
5,2251,0.23333333333333334
5,2252,0.0
5,2253,0.0
5,2254,0.0
5,2255,0.0
5,2256,0.0
5,2257,0.0
5,2258,0.0
5,2259,0.0
5,2260,0.0
5,2261,0.2
5,2262,0.0
5,2263,0.23333333333333334
5,2264,0.26666666666666666
5,2265,0.0
5,2266,0.5333333333333333
5,2267,0.0
5,2268,0.0
5,2269,0.1
5,2270,0.06666666666666667
5,2271,0.0
5,2272,0.2
5,2273,0.03333333333333333
5,2274,0.0
5,2275,0.13333333333333333
5,2276,0.0
5,2277,0.0
5,2278,0.0
5,2279,0.7666666666666667
5,2280,0.26666666666666666
5,2281,0.0
5,2282,0.43333333333333335
5,2283,0.0
5,2284,0.9
5,2285,0.13333333333333333
5,2286,0.9333333333333333
5,2287,0.0
5,2288,0.36666666666666664
5,2289,0.36666666666666664
5,2290,0.26666666666666666
5,2291,0.0
5,2292,0.1
5,2293,0.0
5,2294,0.0
5,2295,0.6666666666666666
5,2296,0.0
5,2297,0.0
5,2298,0.43333333333333335
5,2299,0.0
5,2300,0.0
5,2301,0.0
5,2302,0.23333333333333334
5,2303,0.0
5,2304,0.0
5,2305,0.0
5,2306,0.3333333333333333
5,2307,0.5
5,2308,0.1
5,2309,0.1
5,2310,0.4
5,2311,0.0
5,2312,0.0
5,2313,0.0
5,2314,0.13333333333333333
5,2315,0.0
5,2316,0.3333333333333333
5,2317,0.03333333333333333
5,2318,0.06666666666666667
5,2319,0.23333333333333334
5,2320,0.0
5,2321,0.0
5,2322,0.0
5,2323,0.0
5,2324,0.03333333333333333
5,2325,0.23333333333333334
5,2326,0.0
5,2327,0.0
5,2328,0.0
5,2329,0.0
5,2330,0.1
5,2331,0.0
5,2332,0.0
5,2333,0.0
5,2334,0.0
5,2335,0.03333333333333333
5,2336,0.0
5,2337,0.0
5,2338,0.0
5,2339,0.03333333333333333
5,2340,0.0
5,2341,0.23333333333333334
5,2342,0.0
5,2343,0.43333333333333335
5,2344,0.3
5,2345,0.8333333333333334
5,2346,0.0
5,2347,0.0
5,2348,0.13333333333333333
5,2349,0.0
5,2350,0.3333333333333333
5,2351,0.0
5,2352,0.0
5,2353,0.13333333333333333
5,2354,0.1
5,2355,0.36666666666666664
5,2356,0.0
5,2357,0.0
5,2358,0.0
5,2359,0.9333333333333333
5,2360,0.16666666666666666
5,2361,0.8666666666666667
5,2362,0.4666666666666667
5,2363,0.26666666666666666
5,2364,0.13333333333333333
5,2365,0.5333333333333333
5,2366,0.0
5,2367,0.1
5,2368,0.0
5,2369,0.8333333333333334
5,2370,0.03333333333333333
5,2371,0.43333333333333335
5,2372,0.8333333333333334
5,2373,0.36666666666666664
5,2374,0.03333333333333333
5,2375,0.0
5,2376,0.36666666666666664
5,2377,0.7
5,2378,0.0
5,2379,0.0
5,2380,0.2
5,2381,0.0
5,2382,0.0
5,2383,0.4666666666666667
5,2384,0.0
5,2385,0.03333333333333333
5,2386,0.36666666666666664
5,2387,0.36666666666666664
5,2388,0.9
5,2389,0.0
5,2390,0.9
5,2391,0.0
5,2392,0.0
5,2393,0.0
5,2394,0.0
5,2395,0.0
5,2396,0.06666666666666667
5,2397,0.3333333333333333
5,2398,0.0
5,2399,0.0
5,2400,0.0
5,2401,0.0
5,2402,0.0
5,2403,0.6
5,2404,0.0
5,2405,0.0
5,2406,0.0
5,2407,0.03333333333333333
5,2408,0.0
5,2409,0.03333333333333333
5,2410,0.0
5,2411,0.3333333333333333
5,2412,0.0
5,2413,0.0
5,2414,0.0
5,2415,0.0
5,2416,0.43333333333333335
5,2417,0.5
5,2418,0.0
5,2419,0.03333333333333333
5,2420,0.0
5,2421,0.0
5,2422,0.0
5,2423,0.0
5,2424,0.0
5,2425,0.0
5,2426,0.16666666666666666
5,2427,0.0
5,2428,0.3333333333333333
5,2429,0.06666666666666667
5,2430,0.0
5,2431,0.0
5,2432,0.13333333333333333
5,2433,0.0
5,2434,0.5
5,2435,0.5666666666666667
5,2436,0.3
5,2437,0.0
5,2438,0.5
5,2439,0.03333333333333333
5,2440,0.0
5,2441,0.0
5,2442,0.4666666666666667
5,2443,0.3
5,2444,0.0
5,2445,0.0
5,2446,0.5
5,2447,0.0
5,2448,0.0
5,2449,0.0
5,2450,0.03333333333333333
5,2451,0.0
5,2452,0.0
5,2453,0.3
5,2454,0.0
5,2455,0.0
5,2456,0.0
5,2457,0.0
5,2458,0.0
5,2459,0.6333333333333333
5,2460,0.5333333333333333
5,2461,0.0
5,2462,0.06666666666666667
5,2463,0.4
5,2464,0.0
5,2465,0.4
5,2466,0.6333333333333333
5,2467,0.4
5,2468,0.0
5,2469,0.7
5,2470,0.0
5,2471,0.1
5,2472,0.0
5,2473,0.7333333333333333
5,2474,0.0
5,2475,0.5333333333333333
5,2476,0.0
5,2477,0.0
5,2478,0.0
5,2479,0.06666666666666667
5,2480,0.0
5,2481,0.9333333333333333
5,2482,0.5
5,2483,0.4
5,2484,0.0
5,2485,0.0
5,2486,0.0
5,2487,0.8666666666666667
5,2488,0.06666666666666667
5,2489,0.16666666666666666
5,2490,0.0
5,2491,0.0
5,2492,0.0
5,2493,0.0
5,2494,0.4666666666666667
5,2495,0.0
5,2496,0.06666666666666667
5,2497,0.7
5,2498,0.0
5,2499,0.0
5,2500,0.0
5,2501,0.0
5,2502,0.0
5,2503,0.0
5,2504,0.2
5,2505,0.0
5,2506,0.8
5,2507,0.23333333333333334
5,2508,0.0
5,2509,0.16666666666666666
5,2510,0.43333333333333335
5,2511,0.23333333333333334
5,2512,0.2
5,2513,0.0
5,2514,0.23333333333333334
5,2515,0.0
5,2516,0.0
5,2517,0.0
5,2518,0.1
5,2519,0.1
5,2520,0.0
5,2521,0.16666666666666666
5,2522,0.0
5,2523,0.0
5,2524,0.0
5,2525,0.4666666666666667
5,2526,0.0
5,2527,0.16666666666666666
5,2528,0.0
5,2529,0.36666666666666664
5,2530,0.0
5,2531,0.0
5,2532,0.0
5,2533,0.2
5,2534,0.0
5,2535,0.5
5,2536,0.0
5,2537,0.0
5,2538,0.03333333333333333
5,2539,0.0
5,2540,0.0
5,2541,0.0
5,2542,0.5333333333333333
5,2543,0.36666666666666664
5,2544,0.0
5,2545,0.0
5,2546,0.0
5,2547,0.0
5,2548,0.0
5,2549,0.7333333333333333
5,2550,0.0
5,2551,0.8
5,2552,0.0
5,2553,0.0
5,2554,0.13333333333333333
5,2555,0.36666666666666664
5,2556,0.0
5,2557,0.0
5,2558,0.8
5,2559,0.0
5,2560,0.0
5,2561,0.0
5,2562,0.8333333333333334
5,2563,0.0
5,2564,0.6
5,2565,0.0
5,2566,0.0
5,2567,0.6666666666666666
5,2568,0.0
5,2569,0.0
5,2570,0.0
5,2571,0.26666666666666666
5,2572,0.2
5,2573,0.0
5,2574,0.0
5,2575,0.0
5,2576,0.5333333333333333
5,2577,0.43333333333333335
5,2578,0.5
5,2579,0.13333333333333333
5,2580,0.4666666666666667
5,2581,0.0
5,2582,0.03333333333333333
5,2583,0.1
5,2584,0.0
5,2585,0.0
5,2586,0.0
5,2587,0.03333333333333333
5,2588,0.0
5,2589,0.0
5,2590,0.0
5,2591,0.0
5,2592,0.0
5,2593,0.3333333333333333
5,2594,0.06666666666666667
5,2595,0.0
5,2596,0.3333333333333333
5,2597,0.6
5,2598,0.0
5,2599,0.0
5,2600,0.0
5,2601,0.0
5,2602,0.0
5,2603,0.0
5,2604,0.23333333333333334
5,2605,0.0
5,2606,0.0
5,2607,0.0
5,2608,0.4666666666666667
5,2609,0.2
5,2610,0.0
5,2611,0.0
5,2612,0.0
5,2613,0.4666666666666667
5,2614,0.0
5,2615,0.0
5,2616,0.9333333333333333
5,2617,0.0
5,2618,0.0
5,2619,0.0
5,2620,0.6666666666666666
5,2621,0.0
5,2622,0.0
5,2623,0.26666666666666666
5,2624,0.5666666666666667
5,2625,0.03333333333333333
5,2626,0.0
5,2627,0.0
5,2628,0.0
5,2629,0.03333333333333333
5,2630,0.0
5,2631,0.1
5,2632,0.0
5,2633,0.0
5,2634,0.1
5,2635,0.5666666666666667
5,2636,0.4666666666666667
5,2637,0.0
5,2638,0.0
5,2639,0.0
5,2640,0.03333333333333333
5,2641,0.36666666666666664
5,2642,0.0
5,2643,0.0
5,2644,0.0
5,2645,0.0
5,2646,0.0
5,2647,0.0
5,2648,0.0
5,2649,0.16666666666666666
5,2650,0.0
5,2651,0.0
5,2652,0.8
5,2653,0.0
5,2654,0.0
5,2655,0.1
5,2656,0.0
5,2657,0.0
5,2658,0.03333333333333333
5,2659,0.0
5,2660,0.7
5,2661,0.1
5,2662,0.0
5,2663,0.36666666666666664
5,2664,0.0
5,2665,0.0
5,2666,0.0
5,2667,0.0
5,2668,0.0
5,2669,0.2
5,2670,0.0
5,2671,0.0
5,2672,0.23333333333333334
5,2673,0.0
5,2674,0.0
5,2675,0.0
5,2676,0.3333333333333333
5,2677,0.0
5,2678,0.06666666666666667
5,2679,0.0
5,2680,0.06666666666666667
5,2681,0.0
5,2682,0.0
5,2683,0.0
5,2684,0.3333333333333333
5,2685,0.0
5,2686,0.0
5,2687,0.23333333333333334
5,2688,0.0
5,2689,0.0
5,2690,0.13333333333333333
5,2691,0.0
5,2692,0.0
5,2693,0.0
5,2694,0.0
5,2695,0.06666666666666667
5,2696,0.0
5,2697,0.03333333333333333
5,2698,0.0
5,2699,0.1
5,2700,0.0
5,2701,0.23333333333333334
5,2702,0.0
5,2703,0.0
5,2704,0.1
5,2705,0.0
5,2706,0.0
5,2707,0.0
5,2708,0.0
5,2709,0.1
5,2710,0.0
5,2711,0.16666666666666666
5,2712,0.36666666666666664
5,2713,0.0
5,2714,0.5333333333333333
5,2715,0.43333333333333335
5,2716,0.0
5,2717,0.6666666666666666
5,2718,0.43333333333333335
5,2719,0.9
5,2720,0.6
5,2721,0.3
5,2722,0.5
5,2723,0.06666666666666667
5,2724,0.3
5,2725,0.0
5,2726,0.43333333333333335
5,2727,0.03333333333333333
5,2728,0.0
5,2729,0.0
5,2730,0.0
5,2731,0.0
5,2732,0.0
5,2733,0.1
5,2734,0.0
5,2735,0.0
5,2736,0.2
5,2737,0.0
5,2738,0.0
5,2739,0.0
5,2740,0.6666666666666666
5,2741,0.0
5,2742,0.2
5,2743,0.3333333333333333
5,2744,0.0
5,2745,0.06666666666666667
5,2746,0.0
5,2747,0.0
5,2748,0.03333333333333333
5,2749,0.1
5,2750,0.0
5,2751,0.0
5,2752,0.0
5,2753,0.0
5,2754,0.0
5,2755,0.16666666666666666
5,2756,0.03333333333333333
5,2757,0.0
5,2758,0.16666666666666666
5,2759,0.13333333333333333
5,2760,0.2
5,2761,0.0
5,2762,0.0
5,2763,0.13333333333333333
5,2764,0.3333333333333333
5,2765,0.0
5,2766,0.7
5,2767,1.0
5,2768,0.0
5,2769,0.0
5,2770,0.0
5,2771,0.0
5,2772,0.1
5,2773,0.0
5,2774,0.0
5,2775,0.0
5,2776,0.4
5,2777,0.0
5,2778,0.0
5,2779,0.0
5,2780,0.0
5,2781,0.0
5,2782,0.03333333333333333
5,2783,0.23333333333333334
5,2784,0.0
5,2785,0.0
5,2786,0.8
5,2787,0.0
5,2788,0.4666666666666667
5,2789,0.0
5,2790,0.7333333333333333
5,2791,0.23333333333333334
5,2792,0.0
5,2793,0.0
5,2794,0.0
5,2795,0.4666666666666667
5,2796,0.6
5,2797,0.06666666666666667
5,2798,0.0
5,2799,0.0
5,2800,0.06666666666666667
5,2801,0.0
5,2802,0.23333333333333334
5,2803,0.0
5,2804,0.0
5,2805,0.0
5,2806,0.0
5,2807,0.06666666666666667
5,2808,0.0
5,2809,0.0
5,2810,0.6333333333333333
5,2811,0.0
5,2812,0.6
5,2813,0.0
5,2814,0.0
5,2815,0.06666666666666667
5,2816,0.0
5,2817,0.0
5,2818,0.36666666666666664
5,2819,0.36666666666666664
5,2820,0.0
5,2821,0.1
5,2822,0.4
5,2823,0.0
5,2824,0.26666666666666666
5,2825,0.0
5,2826,0.03333333333333333
5,2827,0.3333333333333333
5,2828,0.0
5,2829,0.0
5,2830,0.0
5,2831,0.0
5,2832,0.03333333333333333
5,2833,0.0
5,2834,0.36666666666666664
5,2835,0.0
5,2836,0.13333333333333333
5,2837,0.0
5,2838,0.0
5,2839,0.23333333333333334
5,2840,0.5
5,2841,0.43333333333333335
5,2842,0.0
5,2843,0.1
5,2844,0.03333333333333333
5,2845,0.03333333333333333
5,2846,0.4
5,2847,0.0
5,2848,0.0
5,2849,0.0
5,2850,0.4
5,2851,0.0
5,2852,0.7333333333333333
5,2853,0.23333333333333334
5,2854,0.0
5,2855,0.0
5,2856,0.5333333333333333
5,2857,0.0
5,2858,0.9
5,2859,0.43333333333333335
5,2860,0.13333333333333333
5,2861,0.0
5,2862,0.0
5,2863,0.36666666666666664
5,2864,0.0
5,2865,0.43333333333333335
5,2866,0.23333333333333334
5,2867,0.0
5,2868,0.03333333333333333
5,2869,0.0
5,2870,0.3333333333333333
5,2871,0.0
5,2872,0.43333333333333335
5,2873,0.0
5,2874,0.0
5,2875,0.5333333333333333
5,2876,0.0
5,2877,0.4666666666666667
5,2878,0.0
5,2879,0.4666666666666667
5,2880,0.0
5,2881,0.16666666666666666
5,2882,0.0
5,2883,0.0
5,2884,0.6333333333333333
5,2885,0.1
5,2886,0.3
5,2887,0.3333333333333333
5,2888,0.0
5,2889,0.0
5,2890,0.43333333333333335
5,2891,0.0
5,2892,0.1
5,2893,0.7
5,2894,0.0
5,2895,0.5
5,2896,0.0
5,2897,0.43333333333333335
5,2898,0.0
5,2899,0.03333333333333333
5,2900,0.0
5,2901,0.03333333333333333
5,2902,0.0
5,2903,0.36666666666666664
5,2904,0.0
5,2905,0.0
5,2906,0.0
5,2907,0.0
5,2908,0.0
5,2909,0.16666666666666666
5,2910,0.0
5,2911,0.0
5,2912,0.0
5,2913,0.0
5,2914,0.26666666666666666
5,2915,0.3
5,2916,0.5
5,2917,0.1
5,2918,0.0
5,2919,0.0
5,2920,0.0
5,2921,0.3
5,2922,0.0
5,2923,0.0
5,2924,0.0
5,2925,0.0
5,2926,0.16666666666666666
5,2927,0.03333333333333333
5,2928,0.03333333333333333
5,2929,0.0
5,2930,0.0
5,2931,0.0
5,2932,0.0
5,2933,0.0
5,2934,0.03333333333333333
5,2935,0.0
5,2936,0.03333333333333333
5,2937,0.0
5,2938,0.9333333333333333
5,2939,0.1
5,2940,0.0
5,2941,0.0
5,2942,0.23333333333333334
5,2943,0.0
5,2944,0.0
5,2945,0.0
5,2946,0.0
5,2947,0.7
5,2948,0.06666666666666667
5,2949,0.0
5,2950,0.03333333333333333
5,2951,0.36666666666666664
5,2952,0.43333333333333335
5,2953,0.0
5,2954,0.0
5,2955,0.0
5,2956,0.2
5,2957,0.0
5,2958,0.0
5,2959,0.43333333333333335
5,2960,0.5333333333333333
5,2961,0.0
5,2962,0.9333333333333333
5,2963,0.5
5,2964,0.0
5,2965,0.4
5,2966,0.0
5,2967,0.0
5,2968,0.1
5,2969,0.13333333333333333
5,2970,0.0
5,2971,0.8666666666666667
5,2972,0.0
5,2973,0.0
5,2974,0.0
5,2975,0.0
5,2976,0.0
5,2977,0.0
5,2978,0.0
5,2979,0.06666666666666667
5,2980,0.03333333333333333
5,2981,0.43333333333333335
5,2982,0.0
5,2983,0.0
5,2984,0.0
5,2985,0.23333333333333334
5,2986,0.0
5,2987,0.0
5,2988,0.7666666666666667
5,2989,0.03333333333333333
5,2990,0.0
5,2991,0.0
5,2992,0.26666666666666666
5,2993,0.03333333333333333
5,2994,0.5666666666666667
5,2995,0.0
5,2996,0.0
5,2997,0.0
5,2998,0.2
5,2999,0.0
1,0,0.3333333333333333
1,1,0.0
1,2,0.0
1,3,0.0
1,4,0.23333333333333334
1,5,0.0
1,6,0.6
1,7,0.9333333333333333
1,8,0.0
1,9,0.0
1,10,0.0
1,11,0.9666666666666667
1,12,0.03333333333333333
1,13,0.0
1,14,0.06666666666666667
1,15,0.0
1,16,0.0
1,17,0.0
1,18,0.0
1,19,0.0
1,20,0.06666666666666667
1,21,0.5333333333333333
1,22,0.0
1,23,0.0
1,24,0.3
1,25,0.0
1,26,0.26666666666666666
1,27,0.43333333333333335
1,28,0.0
1,29,0.03333333333333333
1,30,0.0
1,31,0.0
1,32,0.23333333333333334
1,33,0.0
1,34,0.2
1,35,0.4666666666666667
1,36,0.0
1,37,0.0
1,38,0.23333333333333334
1,39,0.0
1,40,0.7
1,41,0.3333333333333333
1,42,0.0
1,43,0.0
1,44,0.5666666666666667
1,45,0.4666666666666667
1,46,0.0
1,47,0.0
1,48,0.6666666666666666
1,49,0.9333333333333333
1,50,0.0
1,51,0.0
1,52,0.5333333333333333
1,53,0.7333333333333333
1,54,0.4666666666666667
1,55,0.03333333333333333
1,56,0.26666666666666666
1,57,0.0
1,58,0.06666666666666667
1,59,0.0
1,60,0.0
1,61,0.0
1,62,0.0
1,63,0.0
1,64,0.0
1,65,0.2
1,66,0.9
1,67,0.13333333333333333
1,68,0.43333333333333335
1,69,0.0
1,70,0.0
1,71,0.0
1,72,0.13333333333333333
1,73,0.3333333333333333
1,74,0.0
1,75,0.0
1,76,0.0
1,77,0.0
1,78,0.03333333333333333
1,79,0.0
1,80,0.0
1,81,0.0
1,82,0.0
1,83,0.0
1,84,0.1
1,85,0.0
1,86,0.5333333333333333
1,87,0.0
1,88,0.0
1,89,0.06666666666666667
1,90,0.0
1,91,0.0
1,92,0.0
1,93,0.0
1,94,0.0
1,95,0.1
1,96,0.43333333333333335
1,97,0.5
1,98,0.0
1,99,0.0
1,100,0.5333333333333333
1,101,0.0
1,102,0.7666666666666667
1,103,0.4
1,104,0.1
1,105,0.0
1,106,0.0
1,107,0.0
1,108,0.0
1,109,0.0
1,110,0.0
1,111,0.03333333333333333
1,112,0.0
1,113,0.0
1,114,0.0
1,115,0.7
1,116,0.0
1,117,0.7
1,118,0.43333333333333335
1,119,0.9333333333333333
1,120,0.6333333333333333
1,121,0.0
1,122,0.26666666666666666
1,123,0.0
1,124,0.0
1,125,0.0
1,126,0.0
1,127,0.23333333333333334
1,128,0.6666666666666666
1,129,0.4
1,130,0.0
1,131,0.0
1,132,0.0
1,133,0.9333333333333333
1,134,0.0
1,135,0.1
1,136,0.0
1,137,0.03333333333333333
1,138,0.0
1,139,0.0
1,140,0.06666666666666667
1,141,0.0
1,142,0.0
1,143,0.0
1,144,0.0
1,145,0.0
1,146,0.03333333333333333
1,147,0.0
1,148,0.9
1,149,0.0
1,150,0.9
1,151,0.0
1,152,0.06666666666666667
1,153,0.0
1,154,0.2
1,155,0.0
1,156,0.16666666666666666
1,157,0.0
1,158,0.06666666666666667
1,159,0.36666666666666664
1,160,0.4666666666666667
1,161,0.03333333333333333
1,162,0.0
1,163,0.0
1,164,0.03333333333333333
1,165,0.0
1,166,0.0
1,167,0.6
1,168,0.23333333333333334
1,169,0.0
1,170,0.0
1,171,0.0
1,172,0.0
1,173,0.13333333333333333
1,174,0.0
1,175,0.0
1,176,0.0
1,177,0.0
1,178,0.3
1,179,0.0
1,180,0.3
1,181,0.0
1,182,0.5333333333333333
1,183,0.0
1,184,0.0
1,185,0.26666666666666666
1,186,0.5
1,187,0.0
1,188,0.0
1,189,0.0
1,190,0.0
1,191,0.0
1,192,0.1
1,193,0.0
1,194,0.0
1,195,0.0
1,196,0.0
1,197,0.0
1,198,0.03333333333333333
1,199,0.4
1,200,0.0
1,201,0.03333333333333333
1,202,0.0
1,203,0.0
1,204,0.0
1,205,0.4
1,206,0.0
1,207,0.0
1,208,0.0
1,209,0.0
1,210,0.0
1,211,0.0
1,212,0.43333333333333335
1,213,0.0
1,214,0.36666666666666664
1,215,0.0
1,216,0.0
1,217,0.16666666666666666
1,218,0.1
1,219,0.0
1,220,0.03333333333333333
1,221,0.9666666666666667
1,222,0.0
1,223,0.0
1,224,0.0
1,225,0.43333333333333335
1,226,0.16666666666666666
1,227,0.0
1,228,0.1
1,229,0.5
1,230,0.03333333333333333
1,231,0.0
1,232,0.0
1,233,0.0
1,234,0.0
1,235,0.0
1,236,0.4
1,237,0.4666666666666667
1,238,0.0
1,239,0.6666666666666666
1,240,0.0
1,241,0.0
1,242,0.0
1,243,0.0
1,244,0.13333333333333333
1,245,0.7
1,246,0.6666666666666666
1,247,0.06666666666666667
1,248,0.0
1,249,0.0
1,250,0.0
1,251,0.0
1,252,0.1
1,253,0.0
1,254,0.03333333333333333
1,255,0.0
1,256,0.0
1,257,0.0
1,258,0.0
1,259,0.0
1,260,0.0
1,261,0.0
1,262,0.03333333333333333
1,263,0.0
1,264,0.0
1,265,0.0
1,266,0.4
1,267,0.7333333333333333
1,268,0.23333333333333334
1,269,0.0
1,270,0.0
1,271,0.0
1,272,0.0
1,273,0.26666666666666666
1,274,0.0
1,275,0.0
1,276,0.23333333333333334
1,277,0.0
1,278,0.16666666666666666
1,279,0.0
1,280,0.0
1,281,0.16666666666666666
1,282,0.0
1,283,0.0
1,284,0.0
1,285,0.0
1,286,0.0
1,287,0.43333333333333335
1,288,0.7333333333333333
1,289,0.0
1,290,0.0
1,291,0.0
1,292,0.06666666666666667
1,293,0.0
1,294,0.0
1,295,0.0
1,296,0.0
1,297,0.0
1,298,0.1
1,299,0.0
1,300,0.1
1,301,0.03333333333333333
1,302,0.0
1,303,0.0
1,304,0.0
1,305,0.0
1,306,0.4
1,307,0.0
1,308,0.0
1,309,0.0
1,310,0.6
1,311,0.06666666666666667
1,312,0.13333333333333333
1,313,1.0
1,314,0.0
1,315,0.0
1,316,0.03333333333333333
1,317,0.0
1,318,0.0
1,319,0.36666666666666664
1,320,0.0
1,321,0.0
1,322,0.8
1,323,0.0
1,324,0.0
1,325,0.9333333333333333
1,326,0.0
1,327,0.0
1,328,0.0
1,329,0.3333333333333333
1,330,0.0
1,331,0.0
1,332,0.0
1,333,0.0
1,334,0.03333333333333333
1,335,0.0
1,336,0.0
1,337,0.3
1,338,0.03333333333333333
1,339,0.0
1,340,0.0
1,341,0.7666666666666667
1,342,0.0
1,343,0.0
1,344,0.0
1,345,0.0
1,346,0.0
1,347,0.0
1,348,0.16666666666666666
1,349,0.0
1,350,0.0
1,351,0.0
1,352,0.0
1,353,0.13333333333333333
1,354,0.23333333333333334
1,355,0.0
1,356,0.0
1,357,0.6
1,358,0.3333333333333333
1,359,0.8
1,360,0.0
1,361,0.0
1,362,0.0
1,363,0.03333333333333333
1,364,0.0
1,365,0.7
1,366,0.0
1,367,0.2
1,368,0.03333333333333333
1,369,0.0
1,370,0.6333333333333333
1,371,0.0
1,372,0.2
1,373,0.3333333333333333
1,374,0.0
1,375,0.0
1,376,0.0
1,377,0.36666666666666664
1,378,0.36666666666666664
1,379,0.0
1,380,0.03333333333333333
1,381,0.0
1,382,0.0
1,383,0.26666666666666666
1,384,0.03333333333333333
1,385,0.06666666666666667
1,386,0.0
1,387,0.36666666666666664
1,388,0.0
1,389,0.0
1,390,0.3
1,391,0.0
1,392,0.8666666666666667
1,393,0.0
1,394,0.13333333333333333
1,395,0.0
1,396,0.0
1,397,0.0
1,398,0.0
1,399,0.0
1,400,0.0
1,401,0.0
1,402,0.5666666666666667
1,403,0.16666666666666666
1,404,0.0
1,405,0.0
1,406,0.26666666666666666
1,407,0.0
1,408,0.0
1,409,0.3333333333333333
1,410,0.0
1,411,0.1
1,412,0.7333333333333333
1,413,0.0
1,414,0.0
1,415,0.0
1,416,0.0
1,417,0.0
1,418,0.43333333333333335
1,419,0.0
1,420,0.0
1,421,0.0
1,422,0.0
1,423,0.0
1,424,0.0
1,425,0.0
1,426,0.0
1,427,0.43333333333333335
1,428,0.5333333333333333
1,429,0.43333333333333335
1,430,0.13333333333333333
1,431,0.36666666666666664
1,432,0.0
1,433,0.23333333333333334
1,434,0.0
1,435,0.0
1,436,0.0
1,437,0.0
1,438,0.06666666666666667
1,439,0.7666666666666667
1,440,0.0
1,441,0.0
1,442,0.0
1,443,0.7333333333333333
1,444,0.0
1,445,0.03333333333333333
1,446,0.0
1,447,0.7333333333333333
1,448,0.0
1,449,0.0
1,450,0.0
1,451,0.7333333333333333
1,452,0.0
1,453,0.0
1,454,0.2
1,455,0.0
1,456,0.0
1,457,0.0
1,458,0.0
1,459,0.23333333333333334
1,460,0.0
1,461,0.03333333333333333
1,462,0.5333333333333333
1,463,0.0
1,464,0.0
1,465,0.6333333333333333
1,466,0.0
1,467,0.0
1,468,0.0
1,469,0.0
1,470,0.0
1,471,0.0
1,472,0.6
1,473,0.0
1,474,0.0
1,475,0.0
1,476,0.0
1,477,0.0
1,478,0.06666666666666667
1,479,0.0
1,480,0.0
1,481,0.2
1,482,0.0
1,483,0.1
1,484,0.0
1,485,0.0
1,486,0.26666666666666666
1,487,0.0
1,488,0.9666666666666667
1,489,0.0
1,490,0.0
1,491,0.0
1,492,0.43333333333333335
1,493,0.8333333333333334
1,494,0.43333333333333335
1,495,0.0
1,496,0.0
1,497,0.0
1,498,0.0
1,499,0.03333333333333333
1,500,0.0
1,501,0.0
1,502,0.0
1,503,0.0
1,504,0.0
1,505,0.0
1,506,0.0
1,507,0.0
1,508,0.6333333333333333
1,509,0.0
1,510,0.0
1,511,0.03333333333333333
1,512,0.0
1,513,0.0
1,514,0.0
1,515,0.0
1,516,0.0
1,517,0.4
1,518,0.16666666666666666
1,519,0.26666666666666666
1,520,0.0
1,521,0.0
1,522,0.7333333333333333
1,523,0.7666666666666667
1,524,0.6666666666666666
1,525,0.0
1,526,0.0
1,527,0.16666666666666666
1,528,0.7666666666666667
1,529,0.0
1,530,0.0
1,531,0.0
1,532,0.0
1,533,0.0
1,534,0.0
1,535,0.0
1,536,0.43333333333333335
1,537,0.7
1,538,0.5333333333333333
1,539,0.0
1,540,0.4
1,541,0.4666666666666667
1,542,0.8333333333333334
1,543,0.7
1,544,0.0
1,545,0.0
1,546,0.0
1,547,0.0
1,548,0.0
1,549,0.2
1,550,1.0
1,551,0.0
1,552,0.5
1,553,0.9
1,554,0.0
1,555,0.0
1,556,1.0
1,557,0.0
1,558,0.0
1,559,0.03333333333333333
1,560,0.5333333333333333
1,561,0.6666666666666666
1,562,0.3333333333333333
1,563,0.0
1,564,0.2
1,565,0.3333333333333333
1,566,0.4
1,567,0.0
1,568,0.9333333333333333
1,569,0.0
1,570,0.0
1,571,0.0
1,572,0.13333333333333333
1,573,0.0
1,574,0.6666666666666666
1,575,0.0
1,576,0.0
1,577,0.0
1,578,0.0
1,579,0.0
1,580,0.0
1,581,0.0
1,582,0.0
1,583,0.1
1,584,0.03333333333333333
1,585,0.03333333333333333
1,586,0.0
1,587,0.0
1,588,0.0
1,589,0.0
1,590,0.23333333333333334
1,591,0.0
1,592,0.43333333333333335
1,593,0.0
1,594,0.0
1,595,0.3333333333333333
1,596,0.3
1,597,0.0
1,598,0.0
1,599,0.26666666666666666
1,600,0.0
1,601,0.0
1,602,0.7666666666666667
1,603,0.0
1,604,0.0
1,605,0.13333333333333333
1,606,0.03333333333333333
1,607,0.0
1,608,0.0
1,609,0.0
1,610,0.23333333333333334
1,611,0.0
1,612,0.0
1,613,0.9333333333333333
1,614,0.0
1,615,0.0
1,616,0.6
1,617,0.3333333333333333
1,618,0.0
1,619,0.0
1,620,0.0
1,621,0.03333333333333333
1,622,0.36666666666666664
1,623,0.0
1,624,0.16666666666666666
1,625,0.0
1,626,0.0
1,627,0.0
1,628,0.2
1,629,0.0
1,630,0.0
1,631,0.0
1,632,0.0
1,633,0.0
1,634,0.0
1,635,0.03333333333333333
1,636,0.0
1,637,0.0
1,638,0.0
1,639,0.3
1,640,0.06666666666666667
1,641,0.3
1,642,0.03333333333333333
1,643,0.0
1,644,0.0
1,645,0.03333333333333333
1,646,0.2
1,647,0.03333333333333333
1,648,0.0
1,649,0.0
1,650,0.4666666666666667
1,651,0.0
1,652,0.4
1,653,0.1
1,654,0.26666666666666666
1,655,0.0
1,656,0.0
1,657,0.4
1,658,0.0
1,659,0.0
1,660,0.0
1,661,0.0
1,662,0.0
1,663,0.0
1,664,0.7
1,665,0.0
1,666,0.0
1,667,0.0
1,668,0.0
1,669,0.0
1,670,0.3333333333333333
1,671,0.0
1,672,0.5666666666666667
1,673,0.8
1,674,0.0
1,675,0.5333333333333333
1,676,0.6
1,677,0.0
1,678,0.0
1,679,0.4666666666666667
1,680,0.0
1,681,0.0
1,682,0.0
1,683,0.0
1,684,0.0
1,685,0.36666666666666664
1,686,0.0
1,687,0.0
1,688,0.0
1,689,0.0
1,690,0.0
1,691,0.0
1,692,0.0
1,693,0.13333333333333333
1,694,0.0
1,695,0.0
1,696,0.0
1,697,0.0
1,698,0.0
1,699,0.4
1,700,0.36666666666666664
1,701,0.0
1,702,0.0
1,703,0.0
1,704,0.0
1,705,0.0
1,706,0.0
1,707,0.0
1,708,0.0
1,709,0.0
1,710,0.0
1,711,0.0
1,712,0.0
1,713,0.8333333333333334
1,714,0.0
1,715,0.13333333333333333
1,716,0.0
1,717,0.0
1,718,0.0
1,719,0.0
1,720,0.13333333333333333
1,721,0.9
1,722,0.13333333333333333
1,723,0.1
1,724,0.0
1,725,0.0
1,726,0.03333333333333333
1,727,0.0
1,728,0.26666666666666666
1,729,0.03333333333333333
1,730,0.3333333333333333
1,731,0.0
1,732,0.0
1,733,0.0
1,734,0.0
1,735,0.0
1,736,0.0
1,737,0.0
1,738,0.0
1,739,0.0
1,740,0.0
1,741,0.3
1,742,0.0
1,743,0.0
1,744,0.4
1,745,0.0
1,746,0.0
1,747,0.13333333333333333
1,748,0.5333333333333333
1,749,0.26666666666666666
1,750,0.7333333333333333
1,751,0.0
1,752,0.03333333333333333
1,753,0.0
1,754,0.36666666666666664
1,755,0.0
1,756,0.0
1,757,0.0
1,758,0.0
1,759,0.03333333333333333
1,760,0.9333333333333333
1,761,0.36666666666666664
1,762,0.0
1,763,0.0
1,764,0.16666666666666666
1,765,0.0
1,766,0.0
1,767,0.2
1,768,0.3333333333333333
1,769,0.0
1,770,0.13333333333333333
1,771,0.4666666666666667
1,772,1.0
1,773,0.4
1,774,0.0
1,775,0.0
1,776,0.03333333333333333
1,777,0.0
1,778,0.26666666666666666
1,779,0.0
1,780,0.0
1,781,0.0
1,782,0.0
1,783,0.0
1,784,0.03333333333333333
1,785,0.0
1,786,0.16666666666666666
1,787,0.0
1,788,0.0
1,789,0.8666666666666667
1,790,0.0
1,791,0.4
1,792,0.0
1,793,0.03333333333333333
1,794,0.0
1,795,0.06666666666666667
1,796,0.0
1,797,0.0
1,798,0.6
1,799,0.8
1,800,0.0
1,801,0.0
1,802,0.03333333333333333
1,803,0.0
1,804,0.0
1,805,0.03333333333333333
1,806,0.0
1,807,0.0
1,808,0.23333333333333334
1,809,0.0
1,810,0.1
1,811,0.0
1,812,0.03333333333333333
1,813,0.0
1,814,0.0
1,815,0.0
1,816,0.4
1,817,0.8666666666666667
1,818,0.3
1,819,0.0
1,820,0.0
1,821,1.0
1,822,0.0
1,823,0.4666666666666667
1,824,0.43333333333333335
1,825,0.13333333333333333
1,826,0.0
1,827,0.03333333333333333
1,828,0.0
1,829,0.8
1,830,0.43333333333333335
1,831,0.0
1,832,0.0
1,833,0.5
1,834,0.0
1,835,0.0
1,836,0.0
1,837,0.0
1,838,0.7
1,839,0.0
1,840,0.0
1,841,0.0
1,842,0.0
1,843,1.0
1,844,0.0
1,845,0.3333333333333333
1,846,0.0
1,847,0.3333333333333333
1,848,0.06666666666666667
1,849,0.0
1,850,0.3
1,851,0.03333333333333333
1,852,0.03333333333333333
1,853,0.13333333333333333
1,854,0.0
1,855,0.13333333333333333
1,856,0.1
1,857,0.0
1,858,0.0
1,859,0.1
1,860,0.0
1,861,0.0
1,862,1.0
1,863,0.6
1,864,0.5
1,865,0.6
1,866,0.26666666666666666
1,867,0.0
1,868,0.0
1,869,0.1
1,870,0.0
1,871,0.0
1,872,0.0
1,873,0.43333333333333335
1,874,0.2
1,875,0.0
1,876,0.0
1,877,0.26666666666666666
1,878,0.0
1,879,0.6333333333333333
1,880,0.0
1,881,0.3
1,882,0.0
1,883,0.0
1,884,0.0
1,885,0.16666666666666666
1,886,0.7
1,887,0.0
1,888,0.0
1,889,0.0
1,890,0.0
1,891,0.0
1,892,0.0
1,893,0.0
1,894,0.0
1,895,0.0
1,896,0.3
1,897,0.0
1,898,0.0
1,899,0.0
1,900,0.4666666666666667
1,901,0.1
1,902,0.0
1,903,0.0
1,904,0.0
1,905,0.0
1,906,0.0
1,907,0.0
1,908,0.0
1,909,0.06666666666666667
1,910,0.0
1,911,0.0
1,912,0.03333333333333333
1,913,0.1
1,914,0.23333333333333334
1,915,0.5666666666666667
1,916,0.0
1,917,0.0
1,918,0.23333333333333334
1,919,0.2
1,920,0.06666666666666667
1,921,0.06666666666666667
1,922,0.0
1,923,0.0
1,924,0.06666666666666667
1,925,0.3
1,926,0.0
1,927,0.3333333333333333
1,928,0.0
1,929,0.0
1,930,0.03333333333333333
1,931,0.0
1,932,0.3
1,933,0.0
1,934,0.06666666666666667
1,935,0.0
1,936,0.23333333333333334
1,937,0.0
1,938,0.0
1,939,0.0
1,940,0.2
1,941,0.26666666666666666
1,942,0.43333333333333335
1,943,0.0
1,944,0.0
1,945,0.0
1,946,0.0
1,947,0.0
1,948,0.0
1,949,0.06666666666666667
1,950,0.0
1,951,0.0
1,952,0.0
1,953,0.0
1,954,0.4
1,955,0.6333333333333333
1,956,0.3
1,957,0.0
1,958,0.0
1,959,0.0
1,960,0.0
1,961,0.0
1,962,0.9666666666666667
1,963,0.0
1,964,0.0
1,965,0.7
1,966,0.0
1,967,0.23333333333333334
1,968,0.0
1,969,0.0
1,970,0.9
1,971,0.0
1,972,0.0
1,973,0.4666666666666667
1,974,0.3
1,975,0.0
1,976,0.3
1,977,0.1
1,978,0.0
1,979,0.0
1,980,0.0
1,981,0.0
1,982,0.0
1,983,0.03333333333333333
1,984,0.0
1,985,0.0
1,986,0.0
1,987,1.0
1,988,0.0
1,989,0.03333333333333333
1,990,0.0
1,991,0.0
1,992,0.0
1,993,0.03333333333333333
1,994,0.0
1,995,0.03333333333333333
1,996,0.3333333333333333
1,997,0.23333333333333334
1,998,0.3
1,999,0.0
1,1000,0.0
1,1001,0.0
1,1002,0.0
1,1003,0.0
1,1004,0.06666666666666667
1,1005,0.16666666666666666
1,1006,0.0
1,1007,0.0
1,1008,0.13333333333333333
1,1009,0.26666666666666666
1,1010,0.0
1,1011,0.0
1,1012,0.0
1,1013,0.0
1,1014,0.3
1,1015,0.3333333333333333
1,1016,0.0
1,1017,0.0
1,1018,0.8666666666666667
1,1019,0.4666666666666667
1,1020,0.4666666666666667
1,1021,0.03333333333333333
1,1022,0.0
1,1023,0.0
1,1024,0.0
1,1025,0.0
1,1026,0.03333333333333333
1,1027,0.0
1,1028,0.0
1,1029,0.4
1,1030,0.6
1,1031,0.0
1,1032,0.0
1,1033,0.0
1,1034,0.0
1,1035,0.0
1,1036,0.0
1,1037,0.6
1,1038,0.06666666666666667
1,1039,0.5
1,1040,0.0
1,1041,0.0
1,1042,0.0
1,1043,0.0
1,1044,0.03333333333333333
1,1045,0.0
1,1046,0.03333333333333333
1,1047,0.0
1,1048,0.4666666666666667
1,1049,0.0
1,1050,0.8666666666666667
1,1051,0.0
1,1052,0.0
1,1053,0.23333333333333334
1,1054,0.0
1,1055,0.06666666666666667
1,1056,0.0
1,1057,0.0
1,1058,0.0
1,1059,0.0
1,1060,0.0
1,1061,0.0
1,1062,0.0
1,1063,0.7
1,1064,0.9666666666666667
1,1065,0.26666666666666666
1,1066,0.0
1,1067,0.9666666666666667
1,1068,0.0
1,1069,0.0
1,1070,0.0
1,1071,0.1
1,1072,0.3333333333333333
1,1073,0.0
1,1074,0.23333333333333334
1,1075,0.0
1,1076,0.16666666666666666
1,1077,0.1
1,1078,0.0
1,1079,0.0
1,1080,0.0
1,1081,0.0
1,1082,0.0
1,1083,0.5333333333333333
1,1084,0.03333333333333333
1,1085,0.6
1,1086,0.0
1,1087,0.0
1,1088,0.06666666666666667
1,1089,0.7333333333333333
1,1090,0.0
1,1091,0.0
1,1092,0.06666666666666667
1,1093,0.06666666666666667
1,1094,0.0
1,1095,0.0
1,1096,0.26666666666666666
1,1097,0.06666666666666667
1,1098,0.0
1,1099,0.13333333333333333
1,1100,0.0
1,1101,0.0
1,1102,0.0
1,1103,0.1
1,1104,0.6666666666666666
1,1105,0.0
1,1106,0.0
1,1107,0.0
1,1108,0.0
1,1109,0.9666666666666667
1,1110,0.0
1,1111,0.0
1,1112,0.0
1,1113,1.0
1,1114,0.1
1,1115,0.0
1,1116,0.0
1,1117,0.0
1,1118,0.03333333333333333
1,1119,0.0
1,1120,0.0
1,1121,0.0
1,1122,0.0
1,1123,0.0
1,1124,0.0
1,1125,0.0
1,1126,0.0
1,1127,0.3
1,1128,0.4666666666666667
1,1129,0.06666666666666667
1,1130,0.0
1,1131,0.6666666666666666
1,1132,0.16666666666666666
1,1133,0.4666666666666667
1,1134,0.0
1,1135,0.0
1,1136,0.03333333333333333
1,1137,0.36666666666666664
1,1138,0.7666666666666667
1,1139,0.0
1,1140,0.0
1,1141,0.0
1,1142,0.0
1,1143,0.0
1,1144,0.0
1,1145,0.0
1,1146,0.0
1,1147,0.0
1,1148,0.06666666666666667
1,1149,0.5333333333333333
1,1150,0.0
1,1151,0.0
1,1152,0.0
1,1153,0.0
1,1154,0.0
1,1155,0.03333333333333333
1,1156,0.0
1,1157,0.0
1,1158,0.0
1,1159,0.0
1,1160,0.43333333333333335
1,1161,0.0
1,1162,0.0
1,1163,0.0
1,1164,0.0
1,1165,0.0
1,1166,0.13333333333333333
1,1167,0.7666666666666667
1,1168,0.16666666666666666
1,1169,0.16666666666666666
1,1170,0.0
1,1171,0.0
1,1172,0.1
1,1173,0.03333333333333333
1,1174,0.0
1,1175,0.06666666666666667
1,1176,0.0
1,1177,0.0
1,1178,0.03333333333333333
1,1179,0.6
1,1180,0.0
1,1181,0.0
1,1182,0.1
1,1183,0.0
1,1184,0.0
1,1185,0.0
1,1186,0.0
1,1187,0.4
1,1188,0.0
1,1189,0.0
1,1190,0.0
1,1191,0.0
1,1192,0.06666666666666667
1,1193,0.0
1,1194,0.0
1,1195,0.1
1,1196,0.0
1,1197,0.13333333333333333
1,1198,0.0
1,1199,0.06666666666666667
1,1200,0.0
1,1201,0.16666666666666666
1,1202,0.0
1,1203,0.8
1,1204,0.13333333333333333
1,1205,0.0
1,1206,0.9666666666666667
1,1207,0.0
1,1208,0.0
1,1209,0.0
1,1210,0.0
1,1211,0.0
1,1212,0.0
1,1213,0.0
1,1214,0.8
1,1215,0.0
1,1216,0.0
1,1217,0.13333333333333333
1,1218,0.1
1,1219,0.0
1,1220,0.0
1,1221,0.0
1,1222,0.03333333333333333
1,1223,0.0
1,1224,0.4
1,1225,0.0
1,1226,0.0
1,1227,0.0
1,1228,0.0
1,1229,0.0
1,1230,0.6
1,1231,0.0
1,1232,0.0
1,1233,0.0
1,1234,0.0
1,1235,0.06666666666666667
1,1236,0.43333333333333335
1,1237,0.03333333333333333
1,1238,0.0
1,1239,0.0
1,1240,0.0
1,1241,0.16666666666666666
1,1242,0.4666666666666667
1,1243,0.0
1,1244,0.0
1,1245,0.0
1,1246,0.3333333333333333
1,1247,0.0
1,1248,0.23333333333333334
1,1249,0.36666666666666664
1,1250,0.0
1,1251,0.0
1,1252,0.13333333333333333
1,1253,0.7
1,1254,0.23333333333333334
1,1255,0.0
1,1256,0.6666666666666666
1,1257,0.4
1,1258,0.06666666666666667
1,1259,0.0
1,1260,0.03333333333333333
1,1261,0.5666666666666667
1,1262,0.03333333333333333
1,1263,0.0
1,1264,0.16666666666666666
1,1265,0.0
1,1266,0.03333333333333333
1,1267,0.0
1,1268,0.0
1,1269,0.0
1,1270,0.5333333333333333
1,1271,0.0
1,1272,0.0
1,1273,0.0
1,1274,0.0
1,1275,0.0
1,1276,0.0
1,1277,0.23333333333333334
1,1278,0.0
1,1279,0.0
1,1280,0.0
1,1281,0.0
1,1282,0.0
1,1283,0.0
1,1284,0.03333333333333333
1,1285,0.06666666666666667
1,1286,0.0
1,1287,0.0
1,1288,0.26666666666666666
1,1289,0.2
1,1290,0.3
1,1291,0.5333333333333333
1,1292,0.4
1,1293,0.0
1,1294,0.0
1,1295,0.2
1,1296,0.7333333333333333
1,1297,0.0
1,1298,0.06666666666666667
1,1299,0.0
1,1300,0.0
1,1301,0.0
1,1302,0.2
1,1303,0.0
1,1304,0.0
1,1305,0.26666666666666666
1,1306,0.5333333333333333
1,1307,0.0
1,1308,0.0
1,1309,0.0
1,1310,0.0
1,1311,0.0
1,1312,0.0
1,1313,0.0
1,1314,0.16666666666666666
1,1315,0.0
1,1316,0.0
1,1317,0.0
1,1318,0.0
1,1319,0.23333333333333334
1,1320,0.0
1,1321,0.0
1,1322,0.0
1,1323,0.16666666666666666
1,1324,0.6666666666666666
1,1325,0.0
1,1326,0.0
1,1327,0.0
1,1328,0.3333333333333333
1,1329,0.5666666666666667
1,1330,0.6666666666666666
1,1331,0.06666666666666667
1,1332,0.23333333333333334
1,1333,0.0
1,1334,0.0
1,1335,0.06666666666666667
1,1336,0.0
1,1337,0.0
1,1338,0.3333333333333333
1,1339,0.0
1,1340,0.0
1,1341,0.0
1,1342,0.9
1,1343,0.0
1,1344,0.0
1,1345,0.6
1,1346,0.0
1,1347,0.0
1,1348,0.0
1,1349,0.06666666666666667
1,1350,0.03333333333333333
1,1351,0.16666666666666666
1,1352,0.0
1,1353,0.0
1,1354,0.3
1,1355,0.0
1,1356,0.0
1,1357,0.1
1,1358,0.0
1,1359,0.0
1,1360,0.0
1,1361,0.0
1,1362,0.0
1,1363,0.0
1,1364,0.0
1,1365,0.0
1,1366,0.06666666666666667
1,1367,0.0
1,1368,0.0
1,1369,0.36666666666666664
1,1370,0.0
1,1371,0.5666666666666667
1,1372,0.36666666666666664
1,1373,0.0
1,1374,0.0
1,1375,0.0
1,1376,0.1
1,1377,0.0
1,1378,0.16666666666666666
1,1379,0.13333333333333333
1,1380,0.0
1,1381,0.0
1,1382,0.6333333333333333
1,1383,0.0
1,1384,0.23333333333333334
1,1385,0.0
1,1386,0.06666666666666667
1,1387,0.0
1,1388,0.5666666666666667
1,1389,0.0
1,1390,0.0
1,1391,0.0
1,1392,0.0
1,1393,0.0
1,1394,0.03333333333333333
1,1395,0.0
1,1396,0.0
1,1397,0.9333333333333333
1,1398,0.0
1,1399,0.0
1,1400,0.13333333333333333
1,1401,0.0
1,1402,0.0
1,1403,0.03333333333333333
1,1404,0.0
1,1405,0.0
1,1406,0.0
1,1407,0.0
1,1408,0.0
1,1409,0.16666666666666666
1,1410,0.5
1,1411,0.2
1,1412,0.0
1,1413,0.36666666666666664
1,1414,0.0
1,1415,0.0
1,1416,0.0
1,1417,0.13333333333333333
1,1418,0.0
1,1419,0.36666666666666664
1,1420,0.0
1,1421,0.0
1,1422,0.5666666666666667
1,1423,0.0
1,1424,0.0
1,1425,0.43333333333333335
1,1426,0.0
1,1427,0.0
1,1428,0.8666666666666667
1,1429,0.06666666666666667
1,1430,0.0
1,1431,0.0
1,1432,0.06666666666666667
1,1433,0.0
1,1434,0.0
1,1435,0.0
1,1436,0.36666666666666664
1,1437,0.16666666666666666
1,1438,0.0
1,1439,0.0
1,1440,0.0
1,1441,0.2
1,1442,0.03333333333333333
1,1443,0.0
1,1444,0.0
1,1445,0.3
1,1446,0.0
1,1447,0.26666666666666666
1,1448,0.23333333333333334
1,1449,0.0
1,1450,0.9333333333333333
1,1451,0.26666666666666666
1,1452,0.5333333333333333
1,1453,0.5333333333333333
1,1454,0.0
1,1455,0.0
1,1456,0.0
1,1457,0.36666666666666664
1,1458,0.1
1,1459,0.4666666666666667
1,1460,0.03333333333333333
1,1461,0.2
1,1462,0.0
1,1463,0.0
1,1464,0.0
1,1465,0.0
1,1466,0.0
1,1467,0.0
1,1468,0.0
1,1469,0.0
1,1470,0.36666666666666664
1,1471,0.0
1,1472,0.13333333333333333
1,1473,0.7
1,1474,0.0
1,1475,0.0
1,1476,0.0
1,1477,0.16666666666666666
1,1478,0.0
1,1479,0.0
1,1480,0.0
1,1481,0.0
1,1482,0.1
1,1483,0.0
1,1484,0.43333333333333335
1,1485,0.8
1,1486,0.0
1,1487,0.0
1,1488,0.43333333333333335
1,1489,0.16666666666666666
1,1490,0.0
1,1491,0.0
1,1492,0.36666666666666664
1,1493,0.6666666666666666
1,1494,0.0
1,1495,0.0
1,1496,0.0
1,1497,0.43333333333333335
1,1498,0.0
1,1499,0.6
1,1500,0.0
1,1501,0.0
1,1502,0.0
1,1503,0.3
1,1504,0.0
1,1505,0.5
1,1506,0.0
1,1507,0.0
1,1508,0.03333333333333333
1,1509,0.0
1,1510,0.0
1,1511,0.5333333333333333
1,1512,0.43333333333333335
1,1513,0.0
1,1514,0.06666666666666667
1,1515,0.26666666666666666
1,1516,0.16666666666666666
1,1517,0.0
1,1518,0.0
1,1519,0.0
1,1520,0.0
1,1521,0.0
1,1522,0.36666666666666664
1,1523,0.0
1,1524,0.0
1,1525,0.8333333333333334
1,1526,0.0
1,1527,0.0
1,1528,0.0
1,1529,0.0
1,1530,0.0
1,1531,0.3333333333333333
1,1532,0.0
1,1533,0.0
1,1534,0.0
1,1535,0.0
1,1536,0.0
1,1537,0.0
1,1538,0.1
1,1539,0.0
1,1540,0.0
1,1541,0.06666666666666667
1,1542,0.0
1,1543,0.16666666666666666
1,1544,0.5333333333333333
1,1545,0.23333333333333334
1,1546,0.6
1,1547,0.0
1,1548,0.0
1,1549,0.0
1,1550,0.0
1,1551,0.0
1,1552,0.43333333333333335
1,1553,0.0
1,1554,0.0
1,1555,0.0
1,1556,0.0
1,1557,0.43333333333333335
1,1558,0.9666666666666667
1,1559,0.4666666666666667
1,1560,0.23333333333333334
1,1561,0.0
1,1562,0.0
1,1563,0.0
1,1564,0.0
1,1565,0.0
1,1566,0.6333333333333333
1,1567,0.0
1,1568,0.0
1,1569,0.13333333333333333
1,1570,0.0
1,1571,0.0
1,1572,0.0
1,1573,0.0
1,1574,0.0
1,1575,0.0
1,1576,0.0
1,1577,0.0
1,1578,0.0
1,1579,1.0
1,1580,0.0
1,1581,0.9333333333333333
1,1582,0.0
1,1583,0.0
1,1584,0.0
1,1585,0.0
1,1586,0.2
1,1587,0.06666666666666667
1,1588,0.4
1,1589,0.4
1,1590,0.6
1,1591,0.0
1,1592,0.0
1,1593,0.1
1,1594,0.0
1,1595,0.0
1,1596,0.6
1,1597,0.3
1,1598,0.5
1,1599,0.1
1,1600,0.26666666666666666
1,1601,0.0
1,1602,0.5
1,1603,0.6333333333333333
1,1604,0.0
1,1605,0.0
1,1606,0.03333333333333333
1,1607,0.06666666666666667
1,1608,0.0
1,1609,0.4
1,1610,0.0
1,1611,0.8
1,1612,0.0
1,1613,0.43333333333333335
1,1614,0.06666666666666667
1,1615,0.0
1,1616,0.1
1,1617,0.0
1,1618,0.0
1,1619,0.0
1,1620,0.0
1,1621,0.0
1,1622,0.0
1,1623,0.0
1,1624,0.0
1,1625,0.2
1,1626,0.36666666666666664
1,1627,0.16666666666666666
1,1628,0.5
1,1629,0.0
1,1630,0.0
1,1631,0.0
1,1632,0.4666666666666667
1,1633,0.9
1,1634,0.0
1,1635,0.0
1,1636,0.1
1,1637,0.23333333333333334
1,1638,0.7
1,1639,0.0
1,1640,0.3333333333333333
1,1641,0.13333333333333333
1,1642,0.0
1,1643,0.0
1,1644,0.0
1,1645,0.0
1,1646,0.0
1,1647,0.03333333333333333
1,1648,0.26666666666666666
1,1649,0.26666666666666666
1,1650,0.0
1,1651,0.0
1,1652,0.0
1,1653,0.3333333333333333
1,1654,0.0
1,1655,0.0
1,1656,0.0
1,1657,0.0
1,1658,0.0
1,1659,0.36666666666666664
1,1660,0.0
1,1661,0.9333333333333333
1,1662,0.0
1,1663,0.1
1,1664,0.0
1,1665,0.9333333333333333
1,1666,0.0
1,1667,0.0
1,1668,0.3333333333333333
1,1669,0.0
1,1670,0.7
1,1671,0.8666666666666667
1,1672,0.0
1,1673,0.0
1,1674,0.0
1,1675,0.0
1,1676,0.0
1,1677,0.0
1,1678,0.1
1,1679,0.0
1,1680,0.0
1,1681,0.0
1,1682,0.0
1,1683,0.0
1,1684,0.0
1,1685,0.3
1,1686,0.5333333333333333
1,1687,0.3
1,1688,0.23333333333333334
1,1689,0.26666666666666666
1,1690,0.0
1,1691,0.0
1,1692,0.03333333333333333
1,1693,0.0
1,1694,0.7333333333333333
1,1695,0.0
1,1696,0.0
1,1697,0.2
1,1698,0.0
1,1699,0.7
1,1700,0.0
1,1701,0.0
1,1702,0.9
1,1703,0.36666666666666664
1,1704,0.0
1,1705,0.0
1,1706,0.5
1,1707,0.16666666666666666
1,1708,0.0
1,1709,0.5
1,1710,0.0
1,1711,0.0
1,1712,0.0
1,1713,0.06666666666666667
1,1714,0.0
1,1715,0.4
1,1716,0.16666666666666666
1,1717,0.03333333333333333
1,1718,0.0
1,1719,0.0
1,1720,0.0
1,1721,0.06666666666666667
1,1722,0.0
1,1723,0.26666666666666666
1,1724,0.4
1,1725,0.13333333333333333
1,1726,0.2
1,1727,0.0
1,1728,0.5
1,1729,0.9
1,1730,0.26666666666666666
1,1731,0.13333333333333333
1,1732,0.0
1,1733,0.0
1,1734,0.23333333333333334
1,1735,0.7666666666666667
1,1736,0.13333333333333333
1,1737,0.0
1,1738,0.6
1,1739,0.0
1,1740,0.7333333333333333
1,1741,0.0
1,1742,0.6
1,1743,0.0
1,1744,0.0
1,1745,0.2
1,1746,0.0
1,1747,0.0
1,1748,0.0
1,1749,0.03333333333333333
1,1750,0.0
1,1751,0.0
1,1752,0.16666666666666666
1,1753,0.0
1,1754,0.0
1,1755,0.0
1,1756,0.8666666666666667
1,1757,0.03333333333333333
1,1758,0.06666666666666667
1,1759,0.06666666666666667
1,1760,0.03333333333333333
1,1761,0.13333333333333333
1,1762,0.36666666666666664
1,1763,0.03333333333333333
1,1764,0.0
1,1765,0.3
1,1766,0.0
1,1767,0.0
1,1768,0.6
1,1769,0.5333333333333333
1,1770,0.0
1,1771,0.0
1,1772,0.9
1,1773,0.16666666666666666
1,1774,0.0
1,1775,0.5666666666666667
1,1776,0.0
1,1777,0.5
1,1778,0.2
1,1779,0.6333333333333333
1,1780,0.03333333333333333
1,1781,0.0
1,1782,0.0
1,1783,0.0
1,1784,0.0
1,1785,0.8333333333333334
1,1786,0.0
1,1787,0.0
1,1788,0.26666666666666666
1,1789,0.0
1,1790,0.0
1,1791,0.0
1,1792,0.36666666666666664
1,1793,0.0
1,1794,0.0
1,1795,0.0
1,1796,0.0
1,1797,0.1
1,1798,0.0
1,1799,0.13333333333333333
1,1800,0.03333333333333333
1,1801,0.0
1,1802,0.0
1,1803,0.0
1,1804,0.3
1,1805,0.9333333333333333
1,1806,0.0
1,1807,0.5333333333333333
1,1808,0.16666666666666666
1,1809,0.0
1,1810,0.0
1,1811,0.0
1,1812,0.36666666666666664
1,1813,0.0
1,1814,0.13333333333333333
1,1815,0.36666666666666664
1,1816,0.06666666666666667
1,1817,0.0
1,1818,1.0
1,1819,0.23333333333333334
1,1820,0.36666666666666664
1,1821,0.0
1,1822,0.23333333333333334
1,1823,0.5333333333333333
1,1824,0.03333333333333333
1,1825,0.0
1,1826,0.0
1,1827,0.0
1,1828,0.0
1,1829,0.06666666666666667
1,1830,0.0
1,1831,0.3333333333333333
1,1832,0.2
1,1833,0.7333333333333333
1,1834,0.0
1,1835,0.13333333333333333
1,1836,0.5666666666666667
1,1837,0.0
1,1838,0.0
1,1839,0.0
1,1840,0.0
1,1841,0.0
1,1842,0.0
1,1843,0.0
1,1844,0.0
1,1845,0.0
1,1846,0.0
1,1847,0.0
1,1848,0.0
1,1849,0.03333333333333333
1,1850,0.0
1,1851,0.1
1,1852,0.0
1,1853,0.0
1,1854,0.0
1,1855,0.0
1,1856,0.0
1,1857,0.26666666666666666
1,1858,0.0
1,1859,0.0
1,1860,0.2
1,1861,0.0
1,1862,0.5
1,1863,0.6666666666666666
1,1864,0.4666666666666667
1,1865,0.4666666666666667
1,1866,0.0
1,1867,0.6333333333333333
1,1868,0.0
1,1869,0.23333333333333334
1,1870,0.0
1,1871,0.0
1,1872,0.0
1,1873,0.0
1,1874,0.0
1,1875,0.6
1,1876,0.0
1,1877,0.0
1,1878,0.0
1,1879,0.0
1,1880,0.0
1,1881,0.06666666666666667
1,1882,0.0
1,1883,0.0
1,1884,0.13333333333333333
1,1885,0.3
1,1886,0.0
1,1887,0.0
1,1888,0.03333333333333333
1,1889,0.0
1,1890,0.0
1,1891,0.26666666666666666
1,1892,0.0
1,1893,0.0
1,1894,0.5
1,1895,0.0
1,1896,0.0
1,1897,0.06666666666666667
1,1898,0.13333333333333333
1,1899,0.0
1,1900,0.0
1,1901,0.0
1,1902,0.0
1,1903,0.0
1,1904,0.0
1,1905,0.0
1,1906,0.03333333333333333
1,1907,0.0
1,1908,0.6
1,1909,0.0
1,1910,0.03333333333333333
1,1911,0.5333333333333333
1,1912,0.0
1,1913,0.5
1,1914,0.0
1,1915,0.0
1,1916,0.03333333333333333
1,1917,0.0
1,1918,0.0
1,1919,0.0
1,1920,0.0
1,1921,0.0
1,1922,0.43333333333333335
1,1923,0.1
1,1924,0.0
1,1925,0.06666666666666667
1,1926,0.4666666666666667
1,1927,0.16666666666666666
1,1928,0.0
1,1929,0.0
1,1930,0.4666666666666667
1,1931,0.0
1,1932,0.0
1,1933,0.0
1,1934,0.0
1,1935,0.0
1,1936,0.0
1,1937,0.0
1,1938,0.0
1,1939,0.5333333333333333
1,1940,0.0
1,1941,0.0
1,1942,0.0
1,1943,0.0
1,1944,0.2
1,1945,0.0
1,1946,0.03333333333333333
1,1947,0.5666666666666667
1,1948,0.4
1,1949,0.0
1,1950,0.1
1,1951,0.0
1,1952,0.06666666666666667
1,1953,0.0
1,1954,0.3333333333333333
1,1955,0.26666666666666666
1,1956,0.0
1,1957,0.0
1,1958,0.0
1,1959,0.7666666666666667
1,1960,0.0
1,1961,0.4666666666666667
1,1962,0.0
1,1963,0.0
1,1964,0.3333333333333333
1,1965,0.2
1,1966,0.0
1,1967,0.2
1,1968,0.4666666666666667
1,1969,0.0
1,1970,0.0
1,1971,0.7666666666666667
1,1972,0.1
1,1973,0.06666666666666667
1,1974,0.0
1,1975,0.0
1,1976,0.0
1,1977,0.16666666666666666
1,1978,0.0
1,1979,0.26666666666666666
1,1980,0.0
1,1981,0.0
1,1982,0.43333333333333335
1,1983,0.5
1,1984,0.6333333333333333
1,1985,0.0
1,1986,0.0
1,1987,0.0
1,1988,0.36666666666666664
1,1989,0.0
1,1990,0.26666666666666666
1,1991,0.0
1,1992,0.0
1,1993,0.9
1,1994,0.7666666666666667
1,1995,0.0
1,1996,0.16666666666666666
1,1997,0.0
1,1998,0.0
1,1999,0.0
1,2000,0.7666666666666667
1,2001,0.2
1,2002,0.06666666666666667
1,2003,0.03333333333333333
1,2004,0.0
1,2005,0.0
1,2006,0.0
1,2007,0.6
1,2008,0.0
1,2009,0.0
1,2010,0.7333333333333333
1,2011,0.0
1,2012,0.03333333333333333
1,2013,0.0
1,2014,0.06666666666666667
1,2015,0.0
1,2016,0.36666666666666664
1,2017,0.16666666666666666
1,2018,0.0
1,2019,0.03333333333333333
1,2020,0.0
1,2021,0.0
1,2022,0.4666666666666667
1,2023,0.1
1,2024,0.36666666666666664
1,2025,0.0
1,2026,0.16666666666666666
1,2027,0.3333333333333333
1,2028,0.5
1,2029,0.0
1,2030,0.0
1,2031,0.26666666666666666
1,2032,0.9333333333333333
1,2033,0.0
1,2034,0.0
1,2035,0.0
1,2036,0.0
1,2037,0.0
1,2038,0.7
1,2039,0.0
1,2040,0.6333333333333333
1,2041,0.0
1,2042,0.0
1,2043,0.0
1,2044,0.0
1,2045,0.26666666666666666
1,2046,0.4
1,2047,0.26666666666666666
1,2048,0.0
1,2049,0.3333333333333333
1,2050,0.0
1,2051,0.0
1,2052,0.0
1,2053,0.4666666666666667
1,2054,0.0
1,2055,0.03333333333333333
1,2056,0.0
1,2057,0.5
1,2058,0.0
1,2059,0.2
1,2060,0.0
1,2061,0.0
1,2062,0.0
1,2063,0.0
1,2064,0.1
1,2065,0.0
1,2066,0.0
1,2067,0.9333333333333333
1,2068,0.0
1,2069,0.0
1,2070,0.0
1,2071,0.0
1,2072,0.1
1,2073,0.26666666666666666
1,2074,0.0
1,2075,0.0
1,2076,0.13333333333333333
1,2077,0.36666666666666664
1,2078,0.0
1,2079,0.36666666666666664
1,2080,0.2
1,2081,1.0
1,2082,0.0
1,2083,0.0
1,2084,0.3333333333333333
1,2085,0.0
1,2086,0.2
1,2087,0.0
1,2088,0.26666666666666666
1,2089,0.4
1,2090,0.5
1,2091,0.6
1,2092,0.6666666666666666
1,2093,0.0
1,2094,0.06666666666666667
1,2095,0.0
1,2096,0.0
1,2097,0.5333333333333333
1,2098,0.0
1,2099,0.0
1,2100,0.5333333333333333
1,2101,0.0
1,2102,0.03333333333333333
1,2103,0.0
1,2104,0.0
1,2105,0.0
1,2106,0.0
1,2107,0.5333333333333333
1,2108,0.03333333333333333
1,2109,0.26666666666666666
1,2110,0.0
1,2111,0.43333333333333335
1,2112,0.5666666666666667
1,2113,0.0
1,2114,0.0
1,2115,0.0
1,2116,0.3
1,2117,0.0
1,2118,0.0
1,2119,0.0
1,2120,0.0
1,2121,0.0
1,2122,0.0
1,2123,0.2
1,2124,0.0
1,2125,0.7666666666666667
1,2126,0.13333333333333333
1,2127,0.0
1,2128,0.03333333333333333
1,2129,0.26666666666666666
1,2130,0.16666666666666666
1,2131,0.6333333333333333
1,2132,0.9666666666666667
1,2133,0.9666666666666667
1,2134,0.06666666666666667
1,2135,0.8666666666666667
1,2136,0.1
1,2137,0.36666666666666664
1,2138,0.8333333333333334
1,2139,0.0
1,2140,0.0
1,2141,0.0
1,2142,0.0
1,2143,0.8666666666666667
1,2144,0.1
1,2145,0.3333333333333333
1,2146,0.43333333333333335
1,2147,0.03333333333333333
1,2148,0.0
1,2149,0.0
1,2150,0.0
1,2151,0.0
1,2152,0.4
1,2153,0.0
1,2154,0.0
1,2155,0.03333333333333333
1,2156,0.0
1,2157,0.4
1,2158,0.0
1,2159,0.0
1,2160,0.2
1,2161,0.0
1,2162,0.0
1,2163,0.0
1,2164,0.9666666666666667
1,2165,0.03333333333333333
1,2166,0.0
1,2167,0.0
1,2168,0.6
1,2169,0.0
1,2170,0.0
1,2171,0.0
1,2172,0.23333333333333334
1,2173,0.0
1,2174,0.0
1,2175,0.0
1,2176,0.0
1,2177,0.6333333333333333
1,2178,0.0
1,2179,0.0
1,2180,0.4
1,2181,0.0
1,2182,0.03333333333333333
1,2183,0.0
1,2184,0.0
1,2185,0.0
1,2186,0.0
1,2187,0.0
1,2188,0.6333333333333333
1,2189,0.0
1,2190,0.0
1,2191,0.0
1,2192,0.0
1,2193,0.03333333333333333
1,2194,0.0
1,2195,0.0
1,2196,0.2
1,2197,0.0
1,2198,1.0
1,2199,0.06666666666666667
1,2200,0.1
1,2201,0.0
1,2202,0.3
1,2203,0.0
1,2204,0.0
1,2205,0.0
1,2206,0.0
1,2207,0.3333333333333333
1,2208,0.5666666666666667
1,2209,0.0
1,2210,0.0
1,2211,0.0
1,2212,0.23333333333333334
1,2213,0.0
1,2214,0.0
1,2215,0.0
1,2216,0.0
1,2217,0.0
1,2218,0.0
1,2219,0.36666666666666664
1,2220,0.0
1,2221,0.43333333333333335
1,2222,0.0
1,2223,0.6
1,2224,0.1
1,2225,0.36666666666666664
1,2226,0.0
1,2227,0.23333333333333334
1,2228,0.0
1,2229,0.0
1,2230,0.03333333333333333
1,2231,0.0
1,2232,0.0
1,2233,0.4666666666666667
1,2234,0.9666666666666667
1,2235,0.0
1,2236,0.3
1,2237,0.3
1,2238,0.0
1,2239,0.0
1,2240,0.0
1,2241,0.0
1,2242,0.13333333333333333
1,2243,0.0
1,2244,0.0
1,2245,0.0
1,2246,0.0
1,2247,0.0
1,2248,0.0
1,2249,0.0
1,2250,0.0
1,2251,0.26666666666666666
1,2252,0.0
1,2253,0.0
1,2254,0.0
1,2255,0.0
1,2256,0.0
1,2257,0.0
1,2258,0.0
1,2259,0.0
1,2260,0.0
1,2261,0.1
1,2262,0.0
1,2263,0.16666666666666666
1,2264,0.26666666666666666
1,2265,0.0
1,2266,0.23333333333333334
1,2267,0.0
1,2268,0.0
1,2269,0.16666666666666666
1,2270,0.06666666666666667
1,2271,0.0
1,2272,0.16666666666666666
1,2273,0.0
1,2274,0.0
1,2275,0.1
1,2276,0.0
1,2277,0.0
1,2278,0.0
1,2279,0.7666666666666667
1,2280,0.3
1,2281,0.0
1,2282,0.4666666666666667
1,2283,0.0
1,2284,0.8666666666666667
1,2285,0.13333333333333333
1,2286,1.0
1,2287,0.0
1,2288,0.36666666666666664
1,2289,0.06666666666666667
1,2290,0.1
1,2291,0.0
1,2292,0.1
1,2293,0.0
1,2294,0.0
1,2295,0.7
1,2296,0.0
1,2297,0.0
1,2298,0.43333333333333335
1,2299,0.0
1,2300,0.0
1,2301,0.0
1,2302,0.2
1,2303,0.0
1,2304,0.0
1,2305,0.0
1,2306,0.36666666666666664
1,2307,0.4666666666666667
1,2308,0.0
1,2309,0.13333333333333333
1,2310,0.3333333333333333
1,2311,0.0
1,2312,0.0
1,2313,0.0
1,2314,0.13333333333333333
1,2315,0.0
1,2316,0.26666666666666666
1,2317,0.03333333333333333
1,2318,0.06666666666666667
1,2319,0.3
1,2320,0.0
1,2321,0.0
1,2322,0.0
1,2323,0.0
1,2324,0.0
1,2325,0.23333333333333334
1,2326,0.0
1,2327,0.0
1,2328,0.0
1,2329,0.0
1,2330,0.06666666666666667
1,2331,0.0
1,2332,0.0
1,2333,0.0
1,2334,0.0
1,2335,0.0
1,2336,0.0
1,2337,0.0
1,2338,0.0
1,2339,0.0
1,2340,0.0
1,2341,0.2
1,2342,0.0
1,2343,0.4666666666666667
1,2344,0.23333333333333334
1,2345,0.8
1,2346,0.0
1,2347,0.0
1,2348,0.13333333333333333
1,2349,0.0
1,2350,0.3
1,2351,0.0
1,2352,0.0
1,2353,0.1
1,2354,0.13333333333333333
1,2355,0.43333333333333335
1,2356,0.0
1,2357,0.0
1,2358,0.0
1,2359,0.9333333333333333
1,2360,0.26666666666666666
1,2361,0.8666666666666667
1,2362,0.5333333333333333
1,2363,0.23333333333333334
1,2364,0.2
1,2365,0.3
1,2366,0.0
1,2367,0.1
1,2368,0.0
1,2369,0.8333333333333334
1,2370,0.0
1,2371,0.43333333333333335
1,2372,0.7666666666666667
1,2373,0.4
1,2374,0.0
1,2375,0.0
1,2376,0.36666666666666664
1,2377,0.8
1,2378,0.0
1,2379,0.0
1,2380,0.16666666666666666
1,2381,0.0
1,2382,0.0
1,2383,0.4666666666666667
1,2384,0.0
1,2385,0.0
1,2386,0.36666666666666664
1,2387,0.36666666666666664
1,2388,0.9333333333333333
1,2389,0.0
1,2390,0.9333333333333333
1,2391,0.0
1,2392,0.0
1,2393,0.0
1,2394,0.0
1,2395,0.0
1,2396,0.0
1,2397,0.13333333333333333
1,2398,0.0
1,2399,0.0
1,2400,0.0
1,2401,0.0
1,2402,0.0
1,2403,0.5666666666666667
1,2404,0.0
1,2405,0.0
1,2406,0.0
1,2407,0.0
1,2408,0.0
1,2409,0.0
1,2410,0.0
1,2411,0.5333333333333333
1,2412,0.0
1,2413,0.0
1,2414,0.0
1,2415,0.0
1,2416,0.4666666666666667
1,2417,0.5
1,2418,0.0
1,2419,0.03333333333333333
1,2420,0.0
1,2421,0.0
1,2422,0.0
1,2423,0.0
1,2424,0.03333333333333333
1,2425,0.0
1,2426,0.0
1,2427,0.0
1,2428,0.3
1,2429,0.1
1,2430,0.0
1,2431,0.0
1,2432,0.1
1,2433,0.0
1,2434,0.5666666666666667
1,2435,0.43333333333333335
1,2436,0.3
1,2437,0.0
1,2438,0.5333333333333333
1,2439,0.03333333333333333
1,2440,0.0
1,2441,0.0
1,2442,0.4666666666666667
1,2443,0.23333333333333334
1,2444,0.0
1,2445,0.0
1,2446,0.5
1,2447,0.0
1,2448,0.0
1,2449,0.0
1,2450,0.03333333333333333
1,2451,0.0
1,2452,0.0
1,2453,0.26666666666666666
1,2454,0.0
1,2455,0.0
1,2456,0.0
1,2457,0.0
1,2458,0.0
1,2459,0.6333333333333333
1,2460,0.5
1,2461,0.0
1,2462,0.06666666666666667
1,2463,0.36666666666666664
1,2464,0.0
1,2465,0.5333333333333333
1,2466,0.6666666666666666
1,2467,0.4
1,2468,0.0
1,2469,0.7
1,2470,0.0
1,2471,0.1
1,2472,0.0
1,2473,0.8333333333333334
1,2474,0.0
1,2475,0.5666666666666667
1,2476,0.0
1,2477,0.0
1,2478,0.0
1,2479,0.0
1,2480,0.0
1,2481,0.9333333333333333
1,2482,0.5333333333333333
1,2483,0.43333333333333335
1,2484,0.0
1,2485,0.0
1,2486,0.0
1,2487,0.8666666666666667
1,2488,0.1
1,2489,0.13333333333333333
1,2490,0.0
1,2491,0.0
1,2492,0.0
1,2493,0.0
1,2494,0.43333333333333335
1,2495,0.0
1,2496,0.03333333333333333
1,2497,0.8
1,2498,0.0
1,2499,0.0
1,2500,0.0
1,2501,0.0
1,2502,0.0
1,2503,0.0
1,2504,0.2
1,2505,0.0
1,2506,0.6666666666666666
1,2507,0.2
1,2508,0.0
1,2509,0.1
1,2510,0.4
1,2511,0.23333333333333334
1,2512,0.2
1,2513,0.0
1,2514,0.16666666666666666
1,2515,0.0
1,2516,0.0
1,2517,0.0
1,2518,0.13333333333333333
1,2519,0.1
1,2520,0.0
1,2521,0.23333333333333334
1,2522,0.0
1,2523,0.0
1,2524,0.0
1,2525,0.2
1,2526,0.0
1,2527,0.2
1,2528,0.0
1,2529,0.36666666666666664
1,2530,0.0
1,2531,0.0
1,2532,0.0
1,2533,0.2
1,2534,0.0
1,2535,0.4666666666666667
1,2536,0.0
1,2537,0.0
1,2538,0.03333333333333333
1,2539,0.0
1,2540,0.0
1,2541,0.0
1,2542,0.43333333333333335
1,2543,0.5666666666666667
1,2544,0.0
1,2545,0.0
1,2546,0.0
1,2547,0.0
1,2548,0.0
1,2549,0.8
1,2550,0.0
1,2551,0.7666666666666667
1,2552,0.0
1,2553,0.0
1,2554,0.13333333333333333
1,2555,0.36666666666666664
1,2556,0.0
1,2557,0.0
1,2558,0.7666666666666667
1,2559,0.0
1,2560,0.0
1,2561,0.0
1,2562,0.9
1,2563,0.0
1,2564,0.4666666666666667
1,2565,0.0
1,2566,0.0
1,2567,0.7333333333333333
1,2568,0.0
1,2569,0.0
1,2570,0.0
1,2571,0.26666666666666666
1,2572,0.2
1,2573,0.0
1,2574,0.0
1,2575,0.0
1,2576,0.43333333333333335
1,2577,0.36666666666666664
1,2578,0.5333333333333333
1,2579,0.13333333333333333
1,2580,0.5
1,2581,0.0
1,2582,0.03333333333333333
1,2583,0.03333333333333333
1,2584,0.0
1,2585,0.0
1,2586,0.0
1,2587,0.03333333333333333
1,2588,0.0
1,2589,0.0
1,2590,0.0
1,2591,0.0
1,2592,0.0
1,2593,0.36666666666666664
1,2594,0.0
1,2595,0.0
1,2596,0.3333333333333333
1,2597,0.6333333333333333
1,2598,0.0
1,2599,0.0
1,2600,0.0
1,2601,0.0
1,2602,0.0
1,2603,0.0
1,2604,0.2
1,2605,0.0
1,2606,0.0
1,2607,0.0
1,2608,0.23333333333333334
1,2609,0.3
1,2610,0.0
1,2611,0.0
1,2612,0.0
1,2613,0.36666666666666664
1,2614,0.0
1,2615,0.0
1,2616,0.9333333333333333
1,2617,0.0
1,2618,0.0
1,2619,0.0
1,2620,0.6666666666666666
1,2621,0.0
1,2622,0.0
1,2623,0.16666666666666666
1,2624,0.6333333333333333
1,2625,0.0
1,2626,0.0
1,2627,0.0
1,2628,0.0
1,2629,0.03333333333333333
1,2630,0.0
1,2631,0.13333333333333333
1,2632,0.0
1,2633,0.0
1,2634,0.06666666666666667
1,2635,0.4
1,2636,0.4666666666666667
1,2637,0.0
1,2638,0.0
1,2639,0.0
1,2640,0.0
1,2641,0.43333333333333335
1,2642,0.0
1,2643,0.0
1,2644,0.0
1,2645,0.0
1,2646,0.0
1,2647,0.0
1,2648,0.0
1,2649,0.16666666666666666
1,2650,0.0
1,2651,0.0
1,2652,0.7666666666666667
1,2653,0.0
1,2654,0.0
1,2655,0.0
1,2656,0.0
1,2657,0.0
1,2658,0.0
1,2659,0.0
1,2660,0.6666666666666666
1,2661,0.1
1,2662,0.0
1,2663,0.43333333333333335
1,2664,0.0
1,2665,0.0
1,2666,0.0
1,2667,0.0
1,2668,0.0
1,2669,0.13333333333333333
1,2670,0.0
1,2671,0.0
1,2672,0.4
1,2673,0.0
1,2674,0.0
1,2675,0.0
1,2676,0.3
1,2677,0.0
1,2678,0.03333333333333333
1,2679,0.0
1,2680,0.06666666666666667
1,2681,0.0
1,2682,0.0
1,2683,0.0
1,2684,0.26666666666666666
1,2685,0.0
1,2686,0.0
1,2687,0.3333333333333333
1,2688,0.0
1,2689,0.0
1,2690,0.03333333333333333
1,2691,0.0
1,2692,0.0
1,2693,0.0
1,2694,0.0
1,2695,0.13333333333333333
1,2696,0.0
1,2697,0.03333333333333333
1,2698,0.0
1,2699,0.03333333333333333
1,2700,0.0
1,2701,0.2
1,2702,0.0
1,2703,0.0
1,2704,0.06666666666666667
1,2705,0.0
1,2706,0.0
1,2707,0.0
1,2708,0.0
1,2709,0.03333333333333333
1,2710,0.0
1,2711,0.13333333333333333
1,2712,0.36666666666666664
1,2713,0.0
1,2714,0.6
1,2715,0.43333333333333335
1,2716,0.0
1,2717,0.7
1,2718,0.4666666666666667
1,2719,0.8666666666666667
1,2720,0.6
1,2721,0.3
1,2722,0.43333333333333335
1,2723,0.1
1,2724,0.13333333333333333
1,2725,0.0
1,2726,0.3333333333333333
1,2727,0.0
1,2728,0.0
1,2729,0.0
1,2730,0.0
1,2731,0.0
1,2732,0.0
1,2733,0.1
1,2734,0.0
1,2735,0.0
1,2736,0.1
1,2737,0.0
1,2738,0.0
1,2739,0.0
1,2740,0.6
1,2741,0.0
1,2742,0.2
1,2743,0.3333333333333333
1,2744,0.0
1,2745,0.03333333333333333
1,2746,0.0
1,2747,0.0
1,2748,0.03333333333333333
1,2749,0.06666666666666667
1,2750,0.0
1,2751,0.0
1,2752,0.0
1,2753,0.0
1,2754,0.0
1,2755,0.16666666666666666
1,2756,0.0
1,2757,0.0
1,2758,0.1
1,2759,0.2
1,2760,0.13333333333333333
1,2761,0.0
1,2762,0.0
1,2763,0.13333333333333333
1,2764,0.3333333333333333
1,2765,0.0
1,2766,0.7333333333333333
1,2767,1.0
1,2768,0.0
1,2769,0.0
1,2770,0.0
1,2771,0.0
1,2772,0.03333333333333333
1,2773,0.0
1,2774,0.0
1,2775,0.0
1,2776,0.3
1,2777,0.0
1,2778,0.0
1,2779,0.0
1,2780,0.0
1,2781,0.0
1,2782,0.0
1,2783,0.2
1,2784,0.0
1,2785,0.0
1,2786,0.8
1,2787,0.0
1,2788,0.43333333333333335
1,2789,0.0
1,2790,0.7
1,2791,0.2
1,2792,0.0
1,2793,0.0
1,2794,0.0
1,2795,0.43333333333333335
1,2796,0.5666666666666667
1,2797,0.0
1,2798,0.0
1,2799,0.0
1,2800,0.03333333333333333
1,2801,0.0
1,2802,0.16666666666666666
1,2803,0.0
1,2804,0.0
1,2805,0.0
1,2806,0.0
1,2807,0.03333333333333333
1,2808,0.0
1,2809,0.0
1,2810,0.6666666666666666
1,2811,0.0
1,2812,0.6666666666666666
1,2813,0.0
1,2814,0.0
1,2815,0.16666666666666666
1,2816,0.0
1,2817,0.0
1,2818,0.3333333333333333
1,2819,0.3
1,2820,0.0
1,2821,0.1
1,2822,0.5333333333333333
1,2823,0.0
1,2824,0.26666666666666666
1,2825,0.0
1,2826,0.03333333333333333
1,2827,0.4
1,2828,0.0
1,2829,0.0
1,2830,0.0
1,2831,0.0
1,2832,0.0
1,2833,0.0
1,2834,0.23333333333333334
1,2835,0.0
1,2836,0.13333333333333333
1,2837,0.0
1,2838,0.0
1,2839,0.26666666666666666
1,2840,0.26666666666666666
1,2841,0.4666666666666667
1,2842,0.0
1,2843,0.06666666666666667
1,2844,0.0
1,2845,0.06666666666666667
1,2846,0.43333333333333335
1,2847,0.0
1,2848,0.0
1,2849,0.0
1,2850,0.36666666666666664
1,2851,0.0
1,2852,0.5666666666666667
1,2853,0.06666666666666667
1,2854,0.0
1,2855,0.0
1,2856,0.5333333333333333
1,2857,0.0
1,2858,0.9
1,2859,0.16666666666666666
1,2860,0.0
1,2861,0.0
1,2862,0.0
1,2863,0.36666666666666664
1,2864,0.0
1,2865,0.4
1,2866,0.36666666666666664
1,2867,0.0
1,2868,0.0
1,2869,0.0
1,2870,0.3
1,2871,0.0
1,2872,0.4
1,2873,0.0
1,2874,0.0
1,2875,0.6
1,2876,0.0
1,2877,0.4666666666666667
1,2878,0.0
1,2879,0.4
1,2880,0.0
1,2881,0.1
1,2882,0.0
1,2883,0.0
1,2884,0.5
1,2885,0.06666666666666667
1,2886,0.26666666666666666
1,2887,0.3
1,2888,0.0
1,2889,0.0
1,2890,0.3
1,2891,0.0
1,2892,0.1
1,2893,0.7
1,2894,0.0
1,2895,0.4666666666666667
1,2896,0.0
1,2897,0.5
1,2898,0.0
1,2899,0.03333333333333333
1,2900,0.0
1,2901,0.0
1,2902,0.0
1,2903,0.36666666666666664
1,2904,0.0
1,2905,0.0
1,2906,0.0
1,2907,0.0
1,2908,0.0
1,2909,0.13333333333333333
1,2910,0.0
1,2911,0.0
1,2912,0.0
1,2913,0.0
1,2914,0.36666666666666664
1,2915,0.43333333333333335
1,2916,0.43333333333333335
1,2917,0.03333333333333333
1,2918,0.0
1,2919,0.0
1,2920,0.0
1,2921,0.23333333333333334
1,2922,0.0
1,2923,0.0
1,2924,0.0
1,2925,0.0
1,2926,0.06666666666666667
1,2927,0.03333333333333333
1,2928,0.0
1,2929,0.0
1,2930,0.0
1,2931,0.0
1,2932,0.0
1,2933,0.0
1,2934,0.0
1,2935,0.0
1,2936,0.0
1,2937,0.0
1,2938,0.9333333333333333
1,2939,0.06666666666666667
1,2940,0.0
1,2941,0.0
1,2942,0.06666666666666667
1,2943,0.0
1,2944,0.0
1,2945,0.0
1,2946,0.0
1,2947,0.8333333333333334
1,2948,0.0
1,2949,0.0
1,2950,0.03333333333333333
1,2951,0.4
1,2952,0.26666666666666666
1,2953,0.0
1,2954,0.0
1,2955,0.0
1,2956,0.13333333333333333
1,2957,0.0
1,2958,0.0
1,2959,0.4
1,2960,0.5
1,2961,0.0
1,2962,0.9333333333333333
1,2963,0.5333333333333333
1,2964,0.0
1,2965,0.4666666666666667
1,2966,0.0
1,2967,0.0
1,2968,0.06666666666666667
1,2969,0.06666666666666667
1,2970,0.0
1,2971,0.7666666666666667
1,2972,0.0
1,2973,0.0
1,2974,0.0
1,2975,0.0
1,2976,0.0
1,2977,0.0
1,2978,0.0
1,2979,0.03333333333333333
1,2980,0.0
1,2981,0.43333333333333335
1,2982,0.0
1,2983,0.0
1,2984,0.0
1,2985,0.3333333333333333
1,2986,0.0
1,2987,0.0
1,2988,0.7
1,2989,0.0
1,2990,0.0
1,2991,0.0
1,2992,0.26666666666666666
1,2993,0.0
1,2994,0.5666666666666667
1,2995,0.0
1,2996,0.0
1,2997,0.0
1,2998,0.13333333333333333
1,2999,0.0
0,0,0.3333333333333333
0,1,0.0
0,2,0.0
0,3,0.0
0,4,0.23333333333333334
0,5,0.0
0,6,0.6
0,7,0.9333333333333333
0,8,0.0
0,9,0.0
0,10,0.0
0,11,0.9333333333333333
0,12,0.0
0,13,0.0
0,14,0.03333333333333333
0,15,0.0
0,16,0.0
0,17,0.0
0,18,0.0
0,19,0.0
0,20,0.06666666666666667
0,21,0.6
0,22,0.0
0,23,0.0
0,24,0.3
0,25,0.0
0,26,0.3
0,27,0.43333333333333335
0,28,0.0
0,29,0.03333333333333333
0,30,0.0
0,31,0.0
0,32,0.23333333333333334
0,33,0.0
0,34,0.23333333333333334
0,35,0.4666666666666667
0,36,0.0
0,37,0.0
0,38,0.2
0,39,0.0
0,40,0.6666666666666666
0,41,0.3
0,42,0.0
0,43,0.0
0,44,0.5666666666666667
0,45,0.4666666666666667
0,46,0.0
0,47,0.0
0,48,0.7
0,49,0.9333333333333333
0,50,0.0
0,51,0.0
0,52,0.5333333333333333
0,53,0.7666666666666667
0,54,0.4666666666666667
0,55,0.03333333333333333
0,56,0.26666666666666666
0,57,0.0
0,58,0.06666666666666667
0,59,0.0
0,60,0.0
0,61,0.0
0,62,0.0
0,63,0.0
0,64,0.0
0,65,0.16666666666666666
0,66,0.9
0,67,0.06666666666666667
0,68,0.43333333333333335
0,69,0.0
0,70,0.0
0,71,0.0
0,72,0.13333333333333333
0,73,0.36666666666666664
0,74,0.0
0,75,0.0
0,76,0.0
0,77,0.0
0,78,0.0
0,79,0.0
0,80,0.0
0,81,0.0
0,82,0.0
0,83,0.0
0,84,0.03333333333333333
0,85,0.0
0,86,0.5666666666666667
0,87,0.0
0,88,0.0
0,89,0.06666666666666667
0,90,0.0
0,91,0.0
0,92,0.0
0,93,0.0
0,94,0.0
0,95,0.13333333333333333
0,96,0.36666666666666664
0,97,0.5
0,98,0.0
0,99,0.0
0,100,0.6
0,101,0.0
0,102,0.7666666666666667
0,103,0.4666666666666667
0,104,0.1
0,105,0.0
0,106,0.0
0,107,0.0
0,108,0.0
0,109,0.0
0,110,0.0
0,111,0.0
0,112,0.0
0,113,0.0
0,114,0.0
0,115,0.6333333333333333
0,116,0.0
0,117,0.7333333333333333
0,118,0.4666666666666667
0,119,1.0
0,120,0.7
0,121,0.0
0,122,0.26666666666666666
0,123,0.0
0,124,0.0
0,125,0.0
0,126,0.0
0,127,0.23333333333333334
0,128,0.6666666666666666
0,129,0.4
0,130,0.0
0,131,0.0
0,132,0.0
0,133,1.0
0,134,0.0
0,135,0.06666666666666667
0,136,0.0
0,137,0.0
0,138,0.0
0,139,0.0
0,140,0.03333333333333333
0,141,0.0
0,142,0.0
0,143,0.0
0,144,0.0
0,145,0.0
0,146,0.03333333333333333
0,147,0.0
0,148,0.8666666666666667
0,149,0.0
0,150,0.9333333333333333
0,151,0.0
0,152,0.03333333333333333
0,153,0.0
0,154,0.2
0,155,0.0
0,156,0.13333333333333333
0,157,0.0
0,158,0.06666666666666667
0,159,0.3333333333333333
0,160,0.43333333333333335
0,161,0.03333333333333333
0,162,0.0
0,163,0.0
0,164,0.03333333333333333
0,165,0.0
0,166,0.0
0,167,0.6333333333333333
0,168,0.26666666666666666
0,169,0.0
0,170,0.0
0,171,0.0
0,172,0.0
0,173,0.13333333333333333
0,174,0.0
0,175,0.0
0,176,0.0
0,177,0.0
0,178,0.23333333333333334
0,179,0.0
0,180,0.3
0,181,0.0
0,182,0.5666666666666667
0,183,0.0
0,184,0.0
0,185,0.26666666666666666
0,186,0.36666666666666664
0,187,0.0
0,188,0.0
0,189,0.0
0,190,0.0
0,191,0.0
0,192,0.1
0,193,0.0
0,194,0.0
0,195,0.0
0,196,0.0
0,197,0.0
0,198,0.03333333333333333
0,199,0.43333333333333335
0,200,0.0
0,201,0.03333333333333333
0,202,0.0
0,203,0.0
0,204,0.0
0,205,0.4
0,206,0.0
0,207,0.0
0,208,0.0
0,209,0.0
0,210,0.0
0,211,0.0
0,212,0.43333333333333335
0,213,0.0
0,214,0.36666666666666664
0,215,0.0
0,216,0.0
0,217,0.1
0,218,0.06666666666666667
0,219,0.0
0,220,0.03333333333333333
0,221,0.9666666666666667
0,222,0.0
0,223,0.0
0,224,0.0
0,225,0.4666666666666667
0,226,0.13333333333333333
0,227,0.0
0,228,0.1
0,229,0.5
0,230,0.03333333333333333
0,231,0.0
0,232,0.0
0,233,0.0
0,234,0.0
0,235,0.0
0,236,0.4
0,237,0.5
0,238,0.0
0,239,0.7333333333333333
0,240,0.0
0,241,0.0
0,242,0.0
0,243,0.0
0,244,0.13333333333333333
0,245,0.6666666666666666
0,246,0.6333333333333333
0,247,0.06666666666666667
0,248,0.0
0,249,0.0
0,250,0.0
0,251,0.0
0,252,0.1
0,253,0.0
0,254,0.03333333333333333
0,255,0.0
0,256,0.0
0,257,0.0
0,258,0.0
0,259,0.0
0,260,0.0
0,261,0.0
0,262,0.03333333333333333
0,263,0.0
0,264,0.0
0,265,0.0
0,266,0.36666666666666664
0,267,0.7
0,268,0.26666666666666666
0,269,0.0
0,270,0.0
0,271,0.0
0,272,0.0
0,273,0.3
0,274,0.0
0,275,0.0
0,276,0.23333333333333334
0,277,0.0
0,278,0.23333333333333334
0,279,0.0
0,280,0.0
0,281,0.16666666666666666
0,282,0.0
0,283,0.0
0,284,0.0
0,285,0.0
0,286,0.0
0,287,0.43333333333333335
0,288,0.7333333333333333
0,289,0.0
0,290,0.0
0,291,0.0
0,292,0.06666666666666667
0,293,0.0
0,294,0.0
0,295,0.0
0,296,0.0
0,297,0.0
0,298,0.06666666666666667
0,299,0.0
0,300,0.13333333333333333
0,301,0.1
0,302,0.0
0,303,0.0
0,304,0.0
0,305,0.0
0,306,0.4
0,307,0.0
0,308,0.0
0,309,0.0
0,310,0.6
0,311,0.06666666666666667
0,312,0.13333333333333333
0,313,1.0
0,314,0.0
0,315,0.0
0,316,0.0
0,317,0.0
0,318,0.0
0,319,0.4
0,320,0.0
0,321,0.0
0,322,0.7333333333333333
0,323,0.0
0,324,0.0
0,325,0.9333333333333333
0,326,0.0
0,327,0.0
0,328,0.0
0,329,0.3333333333333333
0,330,0.0
0,331,0.0
0,332,0.0
0,333,0.0
0,334,0.0
0,335,0.0
0,336,0.0
0,337,0.3
0,338,0.06666666666666667
0,339,0.0
0,340,0.0
0,341,0.8
0,342,0.0
0,343,0.0
0,344,0.0
0,345,0.0
0,346,0.0
0,347,0.0
0,348,0.13333333333333333
0,349,0.0
0,350,0.0
0,351,0.0
0,352,0.0
0,353,0.13333333333333333
0,354,0.23333333333333334
0,355,0.0
0,356,0.0
0,357,0.6
0,358,0.3
0,359,0.8333333333333334
0,360,0.0
0,361,0.0
0,362,0.0
0,363,0.0
0,364,0.0
0,365,0.6666666666666666
0,366,0.0
0,367,0.2
0,368,0.03333333333333333
0,369,0.0
0,370,0.6
0,371,0.0
0,372,0.16666666666666666
0,373,0.3333333333333333
0,374,0.0
0,375,0.0
0,376,0.0
0,377,0.36666666666666664
0,378,0.36666666666666664
0,379,0.0
0,380,0.0
0,381,0.0
0,382,0.0
0,383,0.2
0,384,0.03333333333333333
0,385,0.03333333333333333
0,386,0.0
0,387,0.36666666666666664
0,388,0.0
0,389,0.0
0,390,0.23333333333333334
0,391,0.0
0,392,0.9
0,393,0.0
0,394,0.16666666666666666
0,395,0.0
0,396,0.0
0,397,0.0
0,398,0.0
0,399,0.0
0,400,0.0
0,401,0.0
0,402,0.5333333333333333
0,403,0.13333333333333333
0,404,0.0
0,405,0.0
0,406,0.3
0,407,0.0
0,408,0.0
0,409,0.3333333333333333
0,410,0.0
0,411,0.1
0,412,0.7
0,413,0.0
0,414,0.0
0,415,0.0
0,416,0.0
0,417,0.0
0,418,0.43333333333333335
0,419,0.0
0,420,0.0
0,421,0.0
0,422,0.0
0,423,0.0
0,424,0.0
0,425,0.0
0,426,0.0
0,427,0.43333333333333335
0,428,0.5333333333333333
0,429,0.4
0,430,0.06666666666666667
0,431,0.3
0,432,0.0
0,433,0.2
0,434,0.0
0,435,0.0
0,436,0.0
0,437,0.0
0,438,0.03333333333333333
0,439,0.7
0,440,0.0
0,441,0.0
0,442,0.0
0,443,0.7333333333333333
0,444,0.0
0,445,0.03333333333333333
0,446,0.0
0,447,0.7666666666666667
0,448,0.0
0,449,0.0
0,450,0.0
0,451,0.7333333333333333
0,452,0.0
0,453,0.0
0,454,0.2
0,455,0.0
0,456,0.0
0,457,0.0
0,458,0.0
0,459,0.23333333333333334
0,460,0.0
0,461,0.0
0,462,0.5666666666666667
0,463,0.0
0,464,0.0
0,465,0.8
0,466,0.0
0,467,0.0
0,468,0.0
0,469,0.0
0,470,0.0
0,471,0.0
0,472,0.6333333333333333
0,473,0.0
0,474,0.0
0,475,0.0
0,476,0.0
0,477,0.0
0,478,0.06666666666666667
0,479,0.0
0,480,0.0
0,481,0.26666666666666666
0,482,0.0
0,483,0.06666666666666667
0,484,0.0
0,485,0.0
0,486,0.23333333333333334
0,487,0.0
0,488,0.9666666666666667
0,489,0.0
0,490,0.0
0,491,0.0
0,492,0.4
0,493,0.8333333333333334
0,494,0.4666666666666667
0,495,0.0
0,496,0.0
0,497,0.0
0,498,0.0
0,499,0.03333333333333333
0,500,0.0
0,501,0.0
0,502,0.0
0,503,0.0
0,504,0.0
0,505,0.0
0,506,0.0
0,507,0.0
0,508,0.5666666666666667
0,509,0.0
0,510,0.0
0,511,0.06666666666666667
0,512,0.0
0,513,0.0
0,514,0.0
0,515,0.0
0,516,0.0
0,517,0.43333333333333335
0,518,0.16666666666666666
0,519,0.3
0,520,0.0
0,521,0.0
0,522,0.7333333333333333
0,523,0.7333333333333333
0,524,0.6666666666666666
0,525,0.0
0,526,0.0
0,527,0.16666666666666666
0,528,0.7666666666666667
0,529,0.0
0,530,0.0
0,531,0.0
0,532,0.0
0,533,0.0
0,534,0.0
0,535,0.0
0,536,0.43333333333333335
0,537,0.7
0,538,0.5333333333333333
0,539,0.0
0,540,0.4
0,541,0.4666666666666667
0,542,0.8333333333333334
0,543,0.7333333333333333
0,544,0.0
0,545,0.0
0,546,0.0
0,547,0.0
0,548,0.0
0,549,0.26666666666666666
0,550,1.0
0,551,0.0
0,552,0.5333333333333333
0,553,0.8666666666666667
0,554,0.0
0,555,0.0
0,556,1.0
0,557,0.0
0,558,0.0
0,559,0.03333333333333333
0,560,0.5333333333333333
0,561,0.6333333333333333
0,562,0.3333333333333333
0,563,0.0
0,564,0.16666666666666666
0,565,0.3333333333333333
0,566,0.4
0,567,0.0
0,568,0.9333333333333333
0,569,0.0
0,570,0.0
0,571,0.0
0,572,0.1
0,573,0.0
0,574,0.7
0,575,0.0
0,576,0.0
0,577,0.0
0,578,0.0
0,579,0.0
0,580,0.0
0,581,0.0
0,582,0.0
0,583,0.03333333333333333
0,584,0.0
0,585,0.0
0,586,0.0
0,587,0.0
0,588,0.0
0,589,0.0
0,590,0.23333333333333334
0,591,0.0
0,592,0.43333333333333335
0,593,0.0
0,594,0.0
0,595,0.3
0,596,0.3
0,597,0.0
0,598,0.0
0,599,0.26666666666666666
0,600,0.0
0,601,0.0
0,602,0.7333333333333333
0,603,0.0
0,604,0.0
0,605,0.1
0,606,0.03333333333333333
0,607,0.03333333333333333
0,608,0.0
0,609,0.0
0,610,0.23333333333333334
0,611,0.0
0,612,0.0
0,613,0.9333333333333333
0,614,0.0
0,615,0.0
0,616,0.6
0,617,0.3
0,618,0.0
0,619,0.0
0,620,0.0
0,621,0.0
0,622,0.36666666666666664
0,623,0.0
0,624,0.16666666666666666
0,625,0.0
0,626,0.0
0,627,0.0
0,628,0.13333333333333333
0,629,0.0
0,630,0.0
0,631,0.0
0,632,0.0
0,633,0.0
0,634,0.0
0,635,0.03333333333333333
0,636,0.0
0,637,0.0
0,638,0.0
0,639,0.3
0,640,0.03333333333333333
0,641,0.3333333333333333
0,642,0.0
0,643,0.0
0,644,0.0
0,645,0.03333333333333333
0,646,0.16666666666666666
0,647,0.03333333333333333
0,648,0.0
0,649,0.0
0,650,0.5333333333333333
0,651,0.0
0,652,0.3
0,653,0.06666666666666667
0,654,0.2
0,655,0.0
0,656,0.0
0,657,0.4
0,658,0.03333333333333333
0,659,0.0
0,660,0.0
0,661,0.0
0,662,0.0
0,663,0.0
0,664,0.6666666666666666
0,665,0.0
0,666,0.0
0,667,0.0
0,668,0.0
0,669,0.0
0,670,0.3
0,671,0.0
0,672,0.6333333333333333
0,673,0.8
0,674,0.0
0,675,0.5333333333333333
0,676,0.6
0,677,0.0
0,678,0.0
0,679,0.5
0,680,0.0
0,681,0.0
0,682,0.0
0,683,0.0
0,684,0.0
0,685,0.36666666666666664
0,686,0.0
0,687,0.0
0,688,0.0
0,689,0.0
0,690,0.0
0,691,0.0
0,692,0.0
0,693,0.1
0,694,0.0
0,695,0.0
0,696,0.0
0,697,0.0
0,698,0.0
0,699,0.4
0,700,0.36666666666666664
0,701,0.0
0,702,0.0
0,703,0.0
0,704,0.0
0,705,0.0
0,706,0.0
0,707,0.0
0,708,0.0
0,709,0.0
0,710,0.0
0,711,0.0
0,712,0.0
0,713,0.8333333333333334
0,714,0.0
0,715,0.1
0,716,0.0
0,717,0.0
0,718,0.0
0,719,0.0
0,720,0.13333333333333333
0,721,0.9
0,722,0.1
0,723,0.1
0,724,0.0
0,725,0.0
0,726,0.03333333333333333
0,727,0.0
0,728,0.26666666666666666
0,729,0.03333333333333333
0,730,0.3333333333333333
0,731,0.0
0,732,0.0
0,733,0.0
0,734,0.0
0,735,0.0
0,736,0.0
0,737,0.0
0,738,0.0
0,739,0.0
0,740,0.0
0,741,0.3333333333333333
0,742,0.0
0,743,0.0
0,744,0.36666666666666664
0,745,0.0
0,746,0.0
0,747,0.13333333333333333
0,748,0.5
0,749,0.23333333333333334
0,750,0.7333333333333333
0,751,0.0
0,752,0.03333333333333333
0,753,0.0
0,754,0.36666666666666664
0,755,0.0
0,756,0.0
0,757,0.0
0,758,0.0
0,759,0.0
0,760,0.9333333333333333
0,761,0.4
0,762,0.0
0,763,0.0
0,764,0.13333333333333333
0,765,0.0
0,766,0.0
0,767,0.2
0,768,0.3333333333333333
0,769,0.0
0,770,0.06666666666666667
0,771,0.4666666666666667
0,772,1.0
0,773,0.5
0,774,0.0
0,775,0.0
0,776,0.03333333333333333
0,777,0.0
0,778,0.26666666666666666
0,779,0.0
0,780,0.0
0,781,0.0
0,782,0.0
0,783,0.0
0,784,0.0
0,785,0.0
0,786,0.16666666666666666
0,787,0.0
0,788,0.0
0,789,0.8666666666666667
0,790,0.0
0,791,0.4
0,792,0.0
0,793,0.03333333333333333
0,794,0.0
0,795,0.1
0,796,0.0
0,797,0.0
0,798,0.6666666666666666
0,799,0.8
0,800,0.0
0,801,0.0
0,802,0.03333333333333333
0,803,0.0
0,804,0.0
0,805,0.03333333333333333
0,806,0.0
0,807,0.0
0,808,0.2
0,809,0.0
0,810,0.1
0,811,0.0
0,812,0.03333333333333333
0,813,0.0
0,814,0.0
0,815,0.0
0,816,0.3
0,817,0.8333333333333334
0,818,0.3
0,819,0.0
0,820,0.0
0,821,1.0
0,822,0.0
0,823,0.4666666666666667
0,824,0.43333333333333335
0,825,0.13333333333333333
0,826,0.0
0,827,0.03333333333333333
0,828,0.0
0,829,0.7666666666666667
0,830,0.3333333333333333
0,831,0.0
0,832,0.0
0,833,0.5333333333333333
0,834,0.0
0,835,0.0
0,836,0.0
0,837,0.0
0,838,0.8
0,839,0.0
0,840,0.0
0,841,0.0
0,842,0.0
0,843,1.0
0,844,0.0
0,845,0.4
0,846,0.0
0,847,0.3333333333333333
0,848,0.06666666666666667
0,849,0.0
0,850,0.23333333333333334
0,851,0.03333333333333333
0,852,0.03333333333333333
0,853,0.13333333333333333
0,854,0.0
0,855,0.13333333333333333
0,856,0.1
0,857,0.0
0,858,0.0
0,859,0.1
0,860,0.0
0,861,0.0
0,862,1.0
0,863,0.6666666666666666
0,864,0.5
0,865,0.5666666666666667
0,866,0.23333333333333334
0,867,0.0
0,868,0.0
0,869,0.13333333333333333
0,870,0.0
0,871,0.0
0,872,0.0
0,873,0.43333333333333335
0,874,0.16666666666666666
0,875,0.0
0,876,0.0
0,877,0.2
0,878,0.0
0,879,0.6333333333333333
0,880,0.0
0,881,0.26666666666666666
0,882,0.0
0,883,0.0
0,884,0.0
0,885,0.16666666666666666
0,886,0.7
0,887,0.0
0,888,0.0
0,889,0.0
0,890,0.0
0,891,0.0
0,892,0.03333333333333333
0,893,0.0
0,894,0.0
0,895,0.0
0,896,0.26666666666666666
0,897,0.0
0,898,0.0
0,899,0.0
0,900,0.43333333333333335
0,901,0.06666666666666667
0,902,0.0
0,903,0.0
0,904,0.0
0,905,0.0
0,906,0.0
0,907,0.0
0,908,0.0
0,909,0.03333333333333333
0,910,0.0
0,911,0.0
0,912,0.03333333333333333
0,913,0.06666666666666667
0,914,0.23333333333333334
0,915,0.6
0,916,0.0
0,917,0.0
0,918,0.2
0,919,0.16666666666666666
0,920,0.06666666666666667
0,921,0.06666666666666667
0,922,0.0
0,923,0.0
0,924,0.03333333333333333
0,925,0.3
0,926,0.0
0,927,0.3333333333333333
0,928,0.0
0,929,0.0
0,930,0.06666666666666667
0,931,0.0
0,932,0.3333333333333333
0,933,0.0
0,934,0.06666666666666667
0,935,0.0
0,936,0.26666666666666666
0,937,0.0
0,938,0.0
0,939,0.0
0,940,0.16666666666666666
0,941,0.26666666666666666
0,942,0.43333333333333335
0,943,0.0
0,944,0.0
0,945,0.0
0,946,0.0
0,947,0.0
0,948,0.0
0,949,0.03333333333333333
0,950,0.0
0,951,0.0
0,952,0.0
0,953,0.0
0,954,0.4
0,955,0.6666666666666666
0,956,0.36666666666666664
0,957,0.0
0,958,0.0
0,959,0.0
0,960,0.0
0,961,0.0
0,962,1.0
0,963,0.0
0,964,0.0
0,965,0.7
0,966,0.0
0,967,0.23333333333333334
0,968,0.0
0,969,0.0
0,970,0.9333333333333333
0,971,0.0
0,972,0.0
0,973,0.4666666666666667
0,974,0.3333333333333333
0,975,0.0
0,976,0.26666666666666666
0,977,0.1
0,978,0.0
0,979,0.0
0,980,0.0
0,981,0.0
0,982,0.0
0,983,0.03333333333333333
0,984,0.0
0,985,0.0
0,986,0.0
0,987,1.0
0,988,0.0
0,989,0.0
0,990,0.0
0,991,0.0
0,992,0.0
0,993,0.03333333333333333
0,994,0.0
0,995,0.03333333333333333
0,996,0.3
0,997,0.13333333333333333
0,998,0.2
0,999,0.0
0,1000,0.0
0,1001,0.0
0,1002,0.0
0,1003,0.0
0,1004,0.06666666666666667
0,1005,0.1
0,1006,0.0
0,1007,0.0
0,1008,0.13333333333333333
0,1009,0.23333333333333334
0,1010,0.0
0,1011,0.0
0,1012,0.0
0,1013,0.0
0,1014,0.3
0,1015,0.3333333333333333
0,1016,0.0
0,1017,0.0
0,1018,0.8666666666666667
0,1019,0.43333333333333335
0,1020,0.5
0,1021,0.0
0,1022,0.0
0,1023,0.0
0,1024,0.0
0,1025,0.0
0,1026,0.0
0,1027,0.0
0,1028,0.0
0,1029,0.4
0,1030,0.6666666666666666
0,1031,0.0
0,1032,0.0
0,1033,0.0
0,1034,0.0
0,1035,0.0
0,1036,0.0
0,1037,0.5666666666666667
0,1038,0.13333333333333333
0,1039,0.5
0,1040,0.0
0,1041,0.0
0,1042,0.0
0,1043,0.0
0,1044,0.03333333333333333
0,1045,0.0
0,1046,0.0
0,1047,0.0
0,1048,0.4666666666666667
0,1049,0.0
0,1050,0.8666666666666667
0,1051,0.0
0,1052,0.0
0,1053,0.2
0,1054,0.0
0,1055,0.03333333333333333
0,1056,0.0
0,1057,0.0
0,1058,0.0
0,1059,0.0
0,1060,0.0
0,1061,0.0
0,1062,0.0
0,1063,0.6
0,1064,0.9666666666666667
0,1065,0.2
0,1066,0.0
0,1067,0.9666666666666667
0,1068,0.0
0,1069,0.0
0,1070,0.0
0,1071,0.06666666666666667
0,1072,0.3
0,1073,0.0
0,1074,0.2
0,1075,0.0
0,1076,0.13333333333333333
0,1077,0.1
0,1078,0.0
0,1079,0.0
0,1080,0.0
0,1081,0.0
0,1082,0.0
0,1083,0.5
0,1084,0.03333333333333333
0,1085,0.5666666666666667
0,1086,0.0
0,1087,0.0
0,1088,0.06666666666666667
0,1089,0.7
0,1090,0.0
0,1091,0.0
0,1092,0.06666666666666667
0,1093,0.06666666666666667
0,1094,0.0
0,1095,0.0
0,1096,0.36666666666666664
0,1097,0.06666666666666667
0,1098,0.0
0,1099,0.13333333333333333
0,1100,0.0
0,1101,0.0
0,1102,0.0
0,1103,0.03333333333333333
0,1104,0.7333333333333333
0,1105,0.0
0,1106,0.0
0,1107,0.0
0,1108,0.0
0,1109,0.9666666666666667
0,1110,0.0
0,1111,0.0
0,1112,0.0
0,1113,1.0
0,1114,0.13333333333333333
0,1115,0.0
0,1116,0.0
0,1117,0.0
0,1118,0.03333333333333333
0,1119,0.0
0,1120,0.0
0,1121,0.0
0,1122,0.0
0,1123,0.0
0,1124,0.0
0,1125,0.0
0,1126,0.0
0,1127,0.2
0,1128,0.4666666666666667
0,1129,0.06666666666666667
0,1130,0.0
0,1131,0.7
0,1132,0.16666666666666666
0,1133,0.5
0,1134,0.0
0,1135,0.0
0,1136,0.03333333333333333
0,1137,0.36666666666666664
0,1138,0.7666666666666667
0,1139,0.0
0,1140,0.0
0,1141,0.0
0,1142,0.0
0,1143,0.0
0,1144,0.0
0,1145,0.0
0,1146,0.0
0,1147,0.0
0,1148,0.06666666666666667
0,1149,0.5666666666666667
0,1150,0.0
0,1151,0.0
0,1152,0.0
0,1153,0.0
0,1154,0.0
0,1155,0.03333333333333333
0,1156,0.0
0,1157,0.0
0,1158,0.0
0,1159,0.0
0,1160,0.5
0,1161,0.0
0,1162,0.0
0,1163,0.0
0,1164,0.0
0,1165,0.0
0,1166,0.16666666666666666
0,1167,0.8333333333333334
0,1168,0.1
0,1169,0.16666666666666666
0,1170,0.0
0,1171,0.0
0,1172,0.06666666666666667
0,1173,0.03333333333333333
0,1174,0.0
0,1175,0.06666666666666667
0,1176,0.0
0,1177,0.0
0,1178,0.03333333333333333
0,1179,0.6
0,1180,0.0
0,1181,0.0
0,1182,0.1
0,1183,0.0
0,1184,0.0
0,1185,0.0
0,1186,0.0
0,1187,0.43333333333333335
0,1188,0.0
0,1189,0.0
0,1190,0.0
0,1191,0.0
0,1192,0.1
0,1193,0.0
0,1194,0.0
0,1195,0.1
0,1196,0.0
0,1197,0.13333333333333333
0,1198,0.0
0,1199,0.06666666666666667
0,1200,0.0
0,1201,0.13333333333333333
0,1202,0.0
0,1203,0.8
0,1204,0.13333333333333333
0,1205,0.0
0,1206,0.9666666666666667
0,1207,0.0
0,1208,0.0
0,1209,0.0
0,1210,0.0
0,1211,0.0
0,1212,0.0
0,1213,0.0
0,1214,0.8
0,1215,0.0
0,1216,0.0
0,1217,0.1
0,1218,0.06666666666666667
0,1219,0.0
0,1220,0.0
0,1221,0.0
0,1222,0.03333333333333333
0,1223,0.0
0,1224,0.36666666666666664
0,1225,0.0
0,1226,0.0
0,1227,0.0
0,1228,0.0
0,1229,0.0
0,1230,0.6333333333333333
0,1231,0.0
0,1232,0.0
0,1233,0.0
0,1234,0.0
0,1235,0.06666666666666667
0,1236,0.5333333333333333
0,1237,0.0
0,1238,0.0
0,1239,0.0
0,1240,0.0
0,1241,0.2
0,1242,0.4666666666666667
0,1243,0.0
0,1244,0.0
0,1245,0.0
0,1246,0.3333333333333333
0,1247,0.0
0,1248,0.2
0,1249,0.36666666666666664
0,1250,0.0
0,1251,0.0
0,1252,0.1
0,1253,0.6333333333333333
0,1254,0.23333333333333334
0,1255,0.0
0,1256,0.6666666666666666
0,1257,0.4
0,1258,0.06666666666666667
0,1259,0.0
0,1260,0.03333333333333333
0,1261,0.5666666666666667
0,1262,0.03333333333333333
0,1263,0.0
0,1264,0.16666666666666666
0,1265,0.0
0,1266,0.0
0,1267,0.0
0,1268,0.0
0,1269,0.0
0,1270,0.5
0,1271,0.0
0,1272,0.0
0,1273,0.0
0,1274,0.0
0,1275,0.0
0,1276,0.0
0,1277,0.23333333333333334
0,1278,0.0
0,1279,0.0
0,1280,0.0
0,1281,0.0
0,1282,0.0
0,1283,0.0
0,1284,0.03333333333333333
0,1285,0.1
0,1286,0.0
0,1287,0.0
0,1288,0.3
0,1289,0.2
0,1290,0.3
0,1291,0.5333333333333333
0,1292,0.4
0,1293,0.0
0,1294,0.0
0,1295,0.3
0,1296,0.6666666666666666
0,1297,0.0
0,1298,0.06666666666666667
0,1299,0.0
0,1300,0.0
0,1301,0.0
0,1302,0.2
0,1303,0.0
0,1304,0.0
0,1305,0.3333333333333333
0,1306,0.5333333333333333
0,1307,0.0
0,1308,0.0
0,1309,0.0
0,1310,0.0
0,1311,0.0
0,1312,0.0
0,1313,0.0
0,1314,0.1
0,1315,0.0
0,1316,0.0
0,1317,0.0
0,1318,0.0
0,1319,0.2
0,1320,0.0
0,1321,0.0
0,1322,0.0
0,1323,0.16666666666666666
0,1324,0.6666666666666666
0,1325,0.0
0,1326,0.0
0,1327,0.0
0,1328,0.3333333333333333
0,1329,0.5666666666666667
0,1330,0.7
0,1331,0.03333333333333333
0,1332,0.26666666666666666
0,1333,0.0
0,1334,0.0
0,1335,0.06666666666666667
0,1336,0.0
0,1337,0.0
0,1338,0.3333333333333333
0,1339,0.0
0,1340,0.0
0,1341,0.0
0,1342,0.9333333333333333
0,1343,0.0
0,1344,0.0
0,1345,0.6666666666666666
0,1346,0.0
0,1347,0.0
0,1348,0.0
0,1349,0.06666666666666667
0,1350,0.03333333333333333
0,1351,0.23333333333333334
0,1352,0.0
0,1353,0.0
0,1354,0.26666666666666666
0,1355,0.0
0,1356,0.0
0,1357,0.1
0,1358,0.0
0,1359,0.0
0,1360,0.0
0,1361,0.0
0,1362,0.0
0,1363,0.0
0,1364,0.0
0,1365,0.0
0,1366,0.06666666666666667
0,1367,0.0
0,1368,0.0
0,1369,0.36666666666666664
0,1370,0.0
0,1371,0.5666666666666667
0,1372,0.43333333333333335
0,1373,0.0
0,1374,0.0
0,1375,0.0
0,1376,0.1
0,1377,0.0
0,1378,0.2
0,1379,0.13333333333333333
0,1380,0.0
0,1381,0.0
0,1382,0.6
0,1383,0.0
0,1384,0.23333333333333334
0,1385,0.0
0,1386,0.06666666666666667
0,1387,0.0
0,1388,0.5666666666666667
0,1389,0.0
0,1390,0.0
0,1391,0.0
0,1392,0.0
0,1393,0.0
0,1394,0.03333333333333333
0,1395,0.0
0,1396,0.0
0,1397,0.9666666666666667
0,1398,0.0
0,1399,0.0
0,1400,0.13333333333333333
0,1401,0.0
0,1402,0.0
0,1403,0.03333333333333333
0,1404,0.0
0,1405,0.0
0,1406,0.0
0,1407,0.0
0,1408,0.0
0,1409,0.13333333333333333
0,1410,0.4666666666666667
0,1411,0.13333333333333333
0,1412,0.0
0,1413,0.4
0,1414,0.0
0,1415,0.0
0,1416,0.0
0,1417,0.03333333333333333
0,1418,0.0
0,1419,0.4
0,1420,0.0
0,1421,0.0
0,1422,0.5333333333333333
0,1423,0.0
0,1424,0.0
0,1425,0.43333333333333335
0,1426,0.0
0,1427,0.0
0,1428,0.9
0,1429,0.06666666666666667
0,1430,0.0
0,1431,0.0
0,1432,0.0
0,1433,0.0
0,1434,0.0
0,1435,0.0
0,1436,0.36666666666666664
0,1437,0.16666666666666666
0,1438,0.0
0,1439,0.0
0,1440,0.0
0,1441,0.2
0,1442,0.0
0,1443,0.0
0,1444,0.0
0,1445,0.3
0,1446,0.0
0,1447,0.3
0,1448,0.2
0,1449,0.0
0,1450,0.9333333333333333
0,1451,0.26666666666666666
0,1452,0.5333333333333333
0,1453,0.5333333333333333
0,1454,0.0
0,1455,0.0
0,1456,0.0
0,1457,0.36666666666666664
0,1458,0.13333333333333333
0,1459,0.4
0,1460,0.0
0,1461,0.16666666666666666
0,1462,0.0
0,1463,0.0
0,1464,0.0
0,1465,0.0
0,1466,0.0
0,1467,0.0
0,1468,0.0
0,1469,0.0
0,1470,0.36666666666666664
0,1471,0.0
0,1472,0.1
0,1473,0.7333333333333333
0,1474,0.0
0,1475,0.0
0,1476,0.0
0,1477,0.16666666666666666
0,1478,0.0
0,1479,0.0
0,1480,0.0
0,1481,0.0
0,1482,0.06666666666666667
0,1483,0.0
0,1484,0.4666666666666667
0,1485,0.8333333333333334
0,1486,0.0
0,1487,0.0
0,1488,0.43333333333333335
0,1489,0.16666666666666666
0,1490,0.0
0,1491,0.0
0,1492,0.36666666666666664
0,1493,0.6666666666666666
0,1494,0.0
0,1495,0.0
0,1496,0.0
0,1497,0.4
0,1498,0.0
0,1499,0.5
0,1500,0.0
0,1501,0.0
0,1502,0.0
0,1503,0.26666666666666666
0,1504,0.0
0,1505,0.4666666666666667
0,1506,0.0
0,1507,0.0
0,1508,0.03333333333333333
0,1509,0.0
0,1510,0.0
0,1511,0.5666666666666667
0,1512,0.4
0,1513,0.0
0,1514,0.06666666666666667
0,1515,0.2
0,1516,0.16666666666666666
0,1517,0.0
0,1518,0.0
0,1519,0.0
0,1520,0.0
0,1521,0.0
0,1522,0.3333333333333333
0,1523,0.0
0,1524,0.0
0,1525,0.8333333333333334
0,1526,0.0
0,1527,0.0
0,1528,0.0
0,1529,0.0
0,1530,0.0
0,1531,0.3
0,1532,0.0
0,1533,0.0
0,1534,0.0
0,1535,0.0
0,1536,0.0
0,1537,0.0
0,1538,0.1
0,1539,0.0
0,1540,0.0
0,1541,0.06666666666666667
0,1542,0.0
0,1543,0.2
0,1544,0.5
0,1545,0.2
0,1546,0.5333333333333333
0,1547,0.0
0,1548,0.0
0,1549,0.0
0,1550,0.0
0,1551,0.0
0,1552,0.4666666666666667
0,1553,0.0
0,1554,0.0
0,1555,0.0
0,1556,0.0
0,1557,0.43333333333333335
0,1558,0.9666666666666667
0,1559,0.4666666666666667
0,1560,0.16666666666666666
0,1561,0.0
0,1562,0.0
0,1563,0.0
0,1564,0.0
0,1565,0.0
0,1566,0.6666666666666666
0,1567,0.0
0,1568,0.0
0,1569,0.1
0,1570,0.0
0,1571,0.0
0,1572,0.0
0,1573,0.0
0,1574,0.0
0,1575,0.0
0,1576,0.0
0,1577,0.0
0,1578,0.0
0,1579,1.0
0,1580,0.0
0,1581,0.9333333333333333
0,1582,0.0
0,1583,0.0
0,1584,0.0
0,1585,0.0
0,1586,0.2
0,1587,0.1
0,1588,0.4666666666666667
0,1589,0.4666666666666667
0,1590,0.6333333333333333
0,1591,0.0
0,1592,0.0
0,1593,0.1
0,1594,0.0
0,1595,0.0
0,1596,0.6666666666666666
0,1597,0.2
0,1598,0.5
0,1599,0.1
0,1600,0.3
0,1601,0.0
0,1602,0.4666666666666667
0,1603,0.5666666666666667
0,1604,0.0
0,1605,0.0
0,1606,0.0
0,1607,0.06666666666666667
0,1608,0.0
0,1609,0.4
0,1610,0.0
0,1611,0.7666666666666667
0,1612,0.0
0,1613,0.43333333333333335
0,1614,0.06666666666666667
0,1615,0.0
0,1616,0.16666666666666666
0,1617,0.0
0,1618,0.0
0,1619,0.0
0,1620,0.0
0,1621,0.0
0,1622,0.0
0,1623,0.0
0,1624,0.0
0,1625,0.2
0,1626,0.36666666666666664
0,1627,0.1
0,1628,0.5333333333333333
0,1629,0.0
0,1630,0.0
0,1631,0.0
0,1632,0.4666666666666667
0,1633,0.9
0,1634,0.0
0,1635,0.0
0,1636,0.1
0,1637,0.23333333333333334
0,1638,0.7
0,1639,0.0
0,1640,0.3333333333333333
0,1641,0.06666666666666667
0,1642,0.0
0,1643,0.0
0,1644,0.0
0,1645,0.0
0,1646,0.0
0,1647,0.03333333333333333
0,1648,0.26666666666666666
0,1649,0.26666666666666666
0,1650,0.0
0,1651,0.0
0,1652,0.0
0,1653,0.3333333333333333
0,1654,0.0
0,1655,0.0
0,1656,0.0
0,1657,0.0
0,1658,0.0
0,1659,0.36666666666666664
0,1660,0.0
0,1661,0.9333333333333333
0,1662,0.0
0,1663,0.06666666666666667
0,1664,0.0
0,1665,0.9666666666666667
0,1666,0.0
0,1667,0.0
0,1668,0.3
0,1669,0.0
0,1670,0.6666666666666666
0,1671,0.8333333333333334
0,1672,0.0
0,1673,0.0
0,1674,0.0
0,1675,0.0
0,1676,0.0
0,1677,0.0
0,1678,0.06666666666666667
0,1679,0.0
0,1680,0.0
0,1681,0.0
0,1682,0.0
0,1683,0.0
0,1684,0.0
0,1685,0.3
0,1686,0.5666666666666667
0,1687,0.2
0,1688,0.23333333333333334
0,1689,0.3333333333333333
0,1690,0.0
0,1691,0.0
0,1692,0.03333333333333333
0,1693,0.0
0,1694,0.7333333333333333
0,1695,0.0
0,1696,0.0
0,1697,0.16666666666666666
0,1698,0.0
0,1699,0.6666666666666666
0,1700,0.0
0,1701,0.0
0,1702,0.9
0,1703,0.4
0,1704,0.0
0,1705,0.0
0,1706,0.5
0,1707,0.13333333333333333
0,1708,0.0
0,1709,0.5
0,1710,0.0
0,1711,0.0
0,1712,0.0
0,1713,0.06666666666666667
0,1714,0.0
0,1715,0.4
0,1716,0.2
0,1717,0.0
0,1718,0.0
0,1719,0.0
0,1720,0.0
0,1721,0.06666666666666667
0,1722,0.0
0,1723,0.26666666666666666
0,1724,0.43333333333333335
0,1725,0.13333333333333333
0,1726,0.26666666666666666
0,1727,0.0
0,1728,0.5333333333333333
0,1729,0.9333333333333333
0,1730,0.26666666666666666
0,1731,0.16666666666666666
0,1732,0.0
0,1733,0.0
0,1734,0.26666666666666666
0,1735,0.7666666666666667
0,1736,0.13333333333333333
0,1737,0.0
0,1738,0.6
0,1739,0.0
0,1740,0.7
0,1741,0.0
0,1742,0.6333333333333333
0,1743,0.0
0,1744,0.0
0,1745,0.26666666666666666
0,1746,0.0
0,1747,0.0
0,1748,0.0
0,1749,0.0
0,1750,0.0
0,1751,0.0
0,1752,0.13333333333333333
0,1753,0.0
0,1754,0.0
0,1755,0.0
0,1756,0.8666666666666667
0,1757,0.0
0,1758,0.06666666666666667
0,1759,0.06666666666666667
0,1760,0.03333333333333333
0,1761,0.16666666666666666
0,1762,0.36666666666666664
0,1763,0.03333333333333333
0,1764,0.0
0,1765,0.3
0,1766,0.0
0,1767,0.0
0,1768,0.5333333333333333
0,1769,0.5333333333333333
0,1770,0.0
0,1771,0.0
0,1772,0.8
0,1773,0.16666666666666666
0,1774,0.0
0,1775,0.5666666666666667
0,1776,0.0
0,1777,0.43333333333333335
0,1778,0.2
0,1779,0.6333333333333333
0,1780,0.03333333333333333
0,1781,0.0
0,1782,0.0
0,1783,0.0
0,1784,0.0
0,1785,0.8
0,1786,0.0
0,1787,0.0
0,1788,0.26666666666666666
0,1789,0.0
0,1790,0.0
0,1791,0.0
0,1792,0.36666666666666664
0,1793,0.03333333333333333
0,1794,0.0
0,1795,0.0
0,1796,0.0
0,1797,0.03333333333333333
0,1798,0.0
0,1799,0.13333333333333333
0,1800,0.03333333333333333
0,1801,0.0
0,1802,0.0
0,1803,0.0
0,1804,0.3
0,1805,0.9333333333333333
0,1806,0.0
0,1807,0.5333333333333333
0,1808,0.16666666666666666
0,1809,0.0
0,1810,0.0
0,1811,0.0
0,1812,0.3
0,1813,0.0
0,1814,0.13333333333333333
0,1815,0.36666666666666664
0,1816,0.06666666666666667
0,1817,0.0
0,1818,1.0
0,1819,0.26666666666666666
0,1820,0.36666666666666664
0,1821,0.0
0,1822,0.2
0,1823,0.5333333333333333
0,1824,0.03333333333333333
0,1825,0.0
0,1826,0.0
0,1827,0.0
0,1828,0.0
0,1829,0.06666666666666667
0,1830,0.0
0,1831,0.3333333333333333
0,1832,0.13333333333333333
0,1833,0.7666666666666667
0,1834,0.0
0,1835,0.16666666666666666
0,1836,0.5666666666666667
0,1837,0.0
0,1838,0.0
0,1839,0.0
0,1840,0.0
0,1841,0.0
0,1842,0.0
0,1843,0.0
0,1844,0.0
0,1845,0.0
0,1846,0.0
0,1847,0.0
0,1848,0.0
0,1849,0.03333333333333333
0,1850,0.0
0,1851,0.06666666666666667
0,1852,0.0
0,1853,0.0
0,1854,0.0
0,1855,0.0
0,1856,0.0
0,1857,0.26666666666666666
0,1858,0.0
0,1859,0.0
0,1860,0.2
0,1861,0.0
0,1862,0.5
0,1863,0.6666666666666666
0,1864,0.4666666666666667
0,1865,0.4666666666666667
0,1866,0.0
0,1867,0.6
0,1868,0.0
0,1869,0.2
0,1870,0.0
0,1871,0.0
0,1872,0.0
0,1873,0.0
0,1874,0.0
0,1875,0.6
0,1876,0.0
0,1877,0.0
0,1878,0.0
0,1879,0.0
0,1880,0.0
0,1881,0.03333333333333333
0,1882,0.0
0,1883,0.0
0,1884,0.06666666666666667
0,1885,0.2
0,1886,0.0
0,1887,0.0
0,1888,0.03333333333333333
0,1889,0.0
0,1890,0.0
0,1891,0.3
0,1892,0.0
0,1893,0.0
0,1894,0.5
0,1895,0.0
0,1896,0.0
0,1897,0.03333333333333333
0,1898,0.1
0,1899,0.0
0,1900,0.0
0,1901,0.0
0,1902,0.0
0,1903,0.0
0,1904,0.0
0,1905,0.0
0,1906,0.03333333333333333
0,1907,0.0
0,1908,0.6333333333333333
0,1909,0.0
0,1910,0.0
0,1911,0.5666666666666667
0,1912,0.0
0,1913,0.5
0,1914,0.0
0,1915,0.0
0,1916,0.03333333333333333
0,1917,0.0
0,1918,0.0
0,1919,0.0
0,1920,0.0
0,1921,0.0
0,1922,0.43333333333333335
0,1923,0.13333333333333333
0,1924,0.0
0,1925,0.0
0,1926,0.43333333333333335
0,1927,0.16666666666666666
0,1928,0.0
0,1929,0.0
0,1930,0.5
0,1931,0.0
0,1932,0.0
0,1933,0.0
0,1934,0.0
0,1935,0.0
0,1936,0.0
0,1937,0.0
0,1938,0.0
0,1939,0.5
0,1940,0.0
0,1941,0.0
0,1942,0.0
0,1943,0.0
0,1944,0.23333333333333334
0,1945,0.0
0,1946,0.0
0,1947,0.5666666666666667
0,1948,0.36666666666666664
0,1949,0.0
0,1950,0.06666666666666667
0,1951,0.0
0,1952,0.06666666666666667
0,1953,0.0
0,1954,0.26666666666666666
0,1955,0.26666666666666666
0,1956,0.0
0,1957,0.0
0,1958,0.0
0,1959,0.7666666666666667
0,1960,0.0
0,1961,0.4666666666666667
0,1962,0.0
0,1963,0.0
0,1964,0.3
0,1965,0.2
0,1966,0.0
0,1967,0.2
0,1968,0.4666666666666667
0,1969,0.0
0,1970,0.0
0,1971,0.8
0,1972,0.1
0,1973,0.03333333333333333
0,1974,0.0
0,1975,0.0
0,1976,0.0
0,1977,0.16666666666666666
0,1978,0.0
0,1979,0.26666666666666666
0,1980,0.0
0,1981,0.0
0,1982,0.4
0,1983,0.5
0,1984,0.6666666666666666
0,1985,0.0
0,1986,0.0
0,1987,0.0
0,1988,0.43333333333333335
0,1989,0.0
0,1990,0.26666666666666666
0,1991,0.0
0,1992,0.0
0,1993,0.9333333333333333
0,1994,0.8
0,1995,0.0
0,1996,0.13333333333333333
0,1997,0.0
0,1998,0.0
0,1999,0.0
0,2000,0.7666666666666667
0,2001,0.2
0,2002,0.0
0,2003,0.03333333333333333
0,2004,0.0
0,2005,0.0
0,2006,0.0
0,2007,0.6
0,2008,0.0
0,2009,0.0
0,2010,0.7666666666666667
0,2011,0.0
0,2012,0.03333333333333333
0,2013,0.0
0,2014,0.0
0,2015,0.0
0,2016,0.36666666666666664
0,2017,0.16666666666666666
0,2018,0.0
0,2019,0.06666666666666667
0,2020,0.0
0,2021,0.0
0,2022,0.5
0,2023,0.1
0,2024,0.36666666666666664
0,2025,0.0
0,2026,0.16666666666666666
0,2027,0.3
0,2028,0.6666666666666666
0,2029,0.0
0,2030,0.0
0,2031,0.26666666666666666
0,2032,0.9333333333333333
0,2033,0.0
0,2034,0.0
0,2035,0.0
0,2036,0.0
0,2037,0.0
0,2038,0.6666666666666666
0,2039,0.0
0,2040,0.6333333333333333
0,2041,0.0
0,2042,0.0
0,2043,0.0
0,2044,0.0
0,2045,0.3
0,2046,0.4
0,2047,0.3
0,2048,0.0
0,2049,0.3333333333333333
0,2050,0.0
0,2051,0.0
0,2052,0.0
0,2053,0.36666666666666664
0,2054,0.0
0,2055,0.03333333333333333
0,2056,0.0
0,2057,0.5333333333333333
0,2058,0.0
0,2059,0.23333333333333334
0,2060,0.0
0,2061,0.0
0,2062,0.0
0,2063,0.0
0,2064,0.1
0,2065,0.0
0,2066,0.0
0,2067,0.9333333333333333
0,2068,0.0
0,2069,0.0
0,2070,0.0
0,2071,0.0
0,2072,0.1
0,2073,0.23333333333333334
0,2074,0.0
0,2075,0.0
0,2076,0.1
0,2077,0.4
0,2078,0.0
0,2079,0.36666666666666664
0,2080,0.2
0,2081,1.0
0,2082,0.0
0,2083,0.0
0,2084,0.4
0,2085,0.0
0,2086,0.16666666666666666
0,2087,0.0
0,2088,0.26666666666666666
0,2089,0.4
0,2090,0.4666666666666667
0,2091,0.6
0,2092,0.6666666666666666
0,2093,0.0
0,2094,0.03333333333333333
0,2095,0.0
0,2096,0.0
0,2097,0.4666666666666667
0,2098,0.0
0,2099,0.0
0,2100,0.5
0,2101,0.0
0,2102,0.06666666666666667
0,2103,0.0
0,2104,0.0
0,2105,0.0
0,2106,0.0
0,2107,0.5333333333333333
0,2108,0.0
0,2109,0.26666666666666666
0,2110,0.0
0,2111,0.4
0,2112,0.5666666666666667
0,2113,0.0
0,2114,0.0
0,2115,0.0
0,2116,0.26666666666666666
0,2117,0.0
0,2118,0.0
0,2119,0.0
0,2120,0.0
0,2121,0.0
0,2122,0.0
0,2123,0.13333333333333333
0,2124,0.0
0,2125,0.7333333333333333
0,2126,0.1
0,2127,0.0
0,2128,0.03333333333333333
0,2129,0.3
0,2130,0.06666666666666667
0,2131,0.5666666666666667
0,2132,0.9666666666666667
0,2133,0.9666666666666667
0,2134,0.06666666666666667
0,2135,0.8333333333333334
0,2136,0.1
0,2137,0.4
0,2138,0.8333333333333334
0,2139,0.0
0,2140,0.0
0,2141,0.0
0,2142,0.0
0,2143,0.9
0,2144,0.06666666666666667
0,2145,0.36666666666666664
0,2146,0.6
0,2147,0.0
0,2148,0.0
0,2149,0.0
0,2150,0.0
0,2151,0.0
0,2152,0.43333333333333335
0,2153,0.0
0,2154,0.0
0,2155,0.0
0,2156,0.0
0,2157,0.3
0,2158,0.0
0,2159,0.0
0,2160,0.26666666666666666
0,2161,0.0
0,2162,0.0
0,2163,0.0
0,2164,0.9666666666666667
0,2165,0.0
0,2166,0.0
0,2167,0.0
0,2168,0.7
0,2169,0.0
0,2170,0.0
0,2171,0.0
0,2172,0.23333333333333334
0,2173,0.0
0,2174,0.0
0,2175,0.0
0,2176,0.0
0,2177,0.6333333333333333
0,2178,0.0
0,2179,0.0
0,2180,0.43333333333333335
0,2181,0.0
0,2182,0.03333333333333333
0,2183,0.0
0,2184,0.0
0,2185,0.0
0,2186,0.0
0,2187,0.0
0,2188,0.6333333333333333
0,2189,0.0
0,2190,0.0
0,2191,0.0
0,2192,0.0
0,2193,0.03333333333333333
0,2194,0.0
0,2195,0.0
0,2196,0.23333333333333334
0,2197,0.0
0,2198,1.0
0,2199,0.06666666666666667
0,2200,0.1
0,2201,0.0
0,2202,0.3
0,2203,0.0
0,2204,0.0
0,2205,0.0
0,2206,0.0
0,2207,0.3333333333333333
0,2208,0.5666666666666667
0,2209,0.0
0,2210,0.0
0,2211,0.0
0,2212,0.23333333333333334
0,2213,0.0
0,2214,0.0
0,2215,0.0
0,2216,0.0
0,2217,0.0
0,2218,0.0
0,2219,0.3333333333333333
0,2220,0.0
0,2221,0.4
0,2222,0.0
0,2223,0.6666666666666666
0,2224,0.1
0,2225,0.36666666666666664
0,2226,0.0
0,2227,0.26666666666666666
0,2228,0.0
0,2229,0.0
0,2230,0.03333333333333333
0,2231,0.0
0,2232,0.0
0,2233,0.4
0,2234,0.9666666666666667
0,2235,0.0
0,2236,0.3
0,2237,0.2
0,2238,0.0
0,2239,0.0
0,2240,0.0
0,2241,0.0
0,2242,0.16666666666666666
0,2243,0.0
0,2244,0.0
0,2245,0.0
0,2246,0.0
0,2247,0.0
0,2248,0.0
0,2249,0.0
0,2250,0.0
0,2251,0.26666666666666666
0,2252,0.0
0,2253,0.0
0,2254,0.0
0,2255,0.0
0,2256,0.0
0,2257,0.0
0,2258,0.0
0,2259,0.0
0,2260,0.0
0,2261,0.1
0,2262,0.0
0,2263,0.16666666666666666
0,2264,0.26666666666666666
0,2265,0.0
0,2266,0.2
0,2267,0.0
0,2268,0.0
0,2269,0.2
0,2270,0.06666666666666667
0,2271,0.0
0,2272,0.16666666666666666
0,2273,0.0
0,2274,0.0
0,2275,0.1
0,2276,0.0
0,2277,0.0
0,2278,0.0
0,2279,0.7666666666666667
0,2280,0.4
0,2281,0.0
0,2282,0.5
0,2283,0.0
0,2284,0.8666666666666667
0,2285,0.13333333333333333
0,2286,1.0
0,2287,0.0
0,2288,0.36666666666666664
0,2289,0.03333333333333333
0,2290,0.1
0,2291,0.0
0,2292,0.1
0,2293,0.0
0,2294,0.0
0,2295,0.7
0,2296,0.0
0,2297,0.0
0,2298,0.43333333333333335
0,2299,0.0
0,2300,0.0
0,2301,0.0
0,2302,0.16666666666666666
0,2303,0.0
0,2304,0.0
0,2305,0.0
0,2306,0.4
0,2307,0.4666666666666667
0,2308,0.0
0,2309,0.1
0,2310,0.26666666666666666
0,2311,0.0
0,2312,0.0
0,2313,0.0
0,2314,0.13333333333333333
0,2315,0.0
0,2316,0.23333333333333334
0,2317,0.03333333333333333
0,2318,0.06666666666666667
0,2319,0.26666666666666666
0,2320,0.0
0,2321,0.0
0,2322,0.0
0,2323,0.0
0,2324,0.0
0,2325,0.23333333333333334
0,2326,0.0
0,2327,0.0
0,2328,0.0
0,2329,0.0
0,2330,0.06666666666666667
0,2331,0.0
0,2332,0.0
0,2333,0.0
0,2334,0.0
0,2335,0.0
0,2336,0.0
0,2337,0.0
0,2338,0.0
0,2339,0.0
0,2340,0.0
0,2341,0.16666666666666666
0,2342,0.0
0,2343,0.4
0,2344,0.26666666666666666
0,2345,0.8
0,2346,0.0
0,2347,0.0
0,2348,0.13333333333333333
0,2349,0.0
0,2350,0.26666666666666666
0,2351,0.0
0,2352,0.0
0,2353,0.06666666666666667
0,2354,0.1
0,2355,0.4
0,2356,0.0
0,2357,0.0
0,2358,0.0
0,2359,0.9333333333333333
0,2360,0.26666666666666666
0,2361,0.8666666666666667
0,2362,0.5666666666666667
0,2363,0.23333333333333334
0,2364,0.23333333333333334
0,2365,0.23333333333333334
0,2366,0.0
0,2367,0.1
0,2368,0.0
0,2369,0.8333333333333334
0,2370,0.0
0,2371,0.43333333333333335
0,2372,0.7666666666666667
0,2373,0.43333333333333335
0,2374,0.0
0,2375,0.0
0,2376,0.36666666666666664
0,2377,0.8333333333333334
0,2378,0.0
0,2379,0.0
0,2380,0.16666666666666666
0,2381,0.0
0,2382,0.0
0,2383,0.43333333333333335
0,2384,0.0
0,2385,0.0
0,2386,0.26666666666666666
0,2387,0.36666666666666664
0,2388,0.9333333333333333
0,2389,0.0
0,2390,0.9333333333333333
0,2391,0.0
0,2392,0.0
0,2393,0.0
0,2394,0.0
0,2395,0.0
0,2396,0.0
0,2397,0.13333333333333333
0,2398,0.0
0,2399,0.0
0,2400,0.0
0,2401,0.0
0,2402,0.0
0,2403,0.5333333333333333
0,2404,0.0
0,2405,0.0
0,2406,0.0
0,2407,0.0
0,2408,0.0
0,2409,0.0
0,2410,0.0
0,2411,0.6333333333333333
0,2412,0.0
0,2413,0.0
0,2414,0.0
0,2415,0.0
0,2416,0.4666666666666667
0,2417,0.5
0,2418,0.0
0,2419,0.03333333333333333
0,2420,0.0
0,2421,0.0
0,2422,0.0
0,2423,0.0
0,2424,0.03333333333333333
0,2425,0.0
0,2426,0.0
0,2427,0.0
0,2428,0.3
0,2429,0.1
0,2430,0.0
0,2431,0.0
0,2432,0.06666666666666667
0,2433,0.0
0,2434,0.5666666666666667
0,2435,0.3333333333333333
0,2436,0.3
0,2437,0.0
0,2438,0.5333333333333333
0,2439,0.03333333333333333
0,2440,0.0
0,2441,0.0
0,2442,0.4666666666666667
0,2443,0.23333333333333334
0,2444,0.0
0,2445,0.0
0,2446,0.5
0,2447,0.0
0,2448,0.0
0,2449,0.0
0,2450,0.03333333333333333
0,2451,0.0
0,2452,0.0
0,2453,0.26666666666666666
0,2454,0.0
0,2455,0.0
0,2456,0.0
0,2457,0.0
0,2458,0.0
0,2459,0.6333333333333333
0,2460,0.5
0,2461,0.0
0,2462,0.06666666666666667
0,2463,0.36666666666666664
0,2464,0.0
0,2465,0.5666666666666667
0,2466,0.6666666666666666
0,2467,0.4
0,2468,0.0
0,2469,0.7333333333333333
0,2470,0.0
0,2471,0.06666666666666667
0,2472,0.0
0,2473,0.8333333333333334
0,2474,0.0
0,2475,0.5666666666666667
0,2476,0.0
0,2477,0.0
0,2478,0.0
0,2479,0.0
0,2480,0.0
0,2481,0.9333333333333333
0,2482,0.5333333333333333
0,2483,0.43333333333333335
0,2484,0.0
0,2485,0.0
0,2486,0.0
0,2487,0.8333333333333334
0,2488,0.06666666666666667
0,2489,0.2
0,2490,0.0
0,2491,0.0
0,2492,0.0
0,2493,0.0
0,2494,0.43333333333333335
0,2495,0.0
0,2496,0.0
0,2497,0.8333333333333334
0,2498,0.0
0,2499,0.0
0,2500,0.0
0,2501,0.0
0,2502,0.0
0,2503,0.0
0,2504,0.2
0,2505,0.0
0,2506,0.6
0,2507,0.16666666666666666
0,2508,0.0
0,2509,0.1
0,2510,0.4
0,2511,0.2
0,2512,0.16666666666666666
0,2513,0.0
0,2514,0.13333333333333333
0,2515,0.0
0,2516,0.0
0,2517,0.0
0,2518,0.16666666666666666
0,2519,0.13333333333333333
0,2520,0.0
0,2521,0.26666666666666666
0,2522,0.0
0,2523,0.0
0,2524,0.0
0,2525,0.2
0,2526,0.0
0,2527,0.2
0,2528,0.0
0,2529,0.4
0,2530,0.0
0,2531,0.0
0,2532,0.0
0,2533,0.2
0,2534,0.0
0,2535,0.4
0,2536,0.0
0,2537,0.0
0,2538,0.03333333333333333
0,2539,0.0
0,2540,0.0
0,2541,0.0
0,2542,0.3333333333333333
0,2543,0.6333333333333333
0,2544,0.0
0,2545,0.0
0,2546,0.0
0,2547,0.0
0,2548,0.0
0,2549,0.8333333333333334
0,2550,0.0
0,2551,0.7666666666666667
0,2552,0.0
0,2553,0.0
0,2554,0.13333333333333333
0,2555,0.36666666666666664
0,2556,0.0
0,2557,0.0
0,2558,0.7333333333333333
0,2559,0.0
0,2560,0.0
0,2561,0.0
0,2562,0.9
0,2563,0.0
0,2564,0.36666666666666664
0,2565,0.0
0,2566,0.0
0,2567,0.8333333333333334
0,2568,0.0
0,2569,0.0
0,2570,0.0
0,2571,0.26666666666666666
0,2572,0.2
0,2573,0.0
0,2574,0.0
0,2575,0.0
0,2576,0.36666666666666664
0,2577,0.36666666666666664
0,2578,0.5
0,2579,0.13333333333333333
0,2580,0.5
0,2581,0.0
0,2582,0.03333333333333333
0,2583,0.0
0,2584,0.0
0,2585,0.0
0,2586,0.0
0,2587,0.03333333333333333
0,2588,0.0
0,2589,0.0
0,2590,0.0
0,2591,0.0
0,2592,0.0
0,2593,0.3333333333333333
0,2594,0.0
0,2595,0.0
0,2596,0.3333333333333333
0,2597,0.6333333333333333
0,2598,0.0
0,2599,0.0
0,2600,0.0
0,2601,0.0
0,2602,0.0
0,2603,0.0
0,2604,0.2
0,2605,0.0
0,2606,0.0
0,2607,0.0
0,2608,0.1
0,2609,0.26666666666666666
0,2610,0.0
0,2611,0.0
0,2612,0.0
0,2613,0.26666666666666666
0,2614,0.0
0,2615,0.0
0,2616,1.0
0,2617,0.0
0,2618,0.0
0,2619,0.0
0,2620,0.6666666666666666
0,2621,0.0
0,2622,0.0
0,2623,0.1
0,2624,0.6333333333333333
0,2625,0.0
0,2626,0.0
0,2627,0.0
0,2628,0.0
0,2629,0.06666666666666667
0,2630,0.0
0,2631,0.1
0,2632,0.0
0,2633,0.0
0,2634,0.06666666666666667
0,2635,0.3333333333333333
0,2636,0.4666666666666667
0,2637,0.0
0,2638,0.0
0,2639,0.0
0,2640,0.0
0,2641,0.43333333333333335
0,2642,0.0
0,2643,0.0
0,2644,0.0
0,2645,0.0
0,2646,0.0
0,2647,0.0
0,2648,0.0
0,2649,0.16666666666666666
0,2650,0.0
0,2651,0.0
0,2652,0.7333333333333333
0,2653,0.0
0,2654,0.0
0,2655,0.0
0,2656,0.0
0,2657,0.0
0,2658,0.0
0,2659,0.0
0,2660,0.6
0,2661,0.1
0,2662,0.0
0,2663,0.43333333333333335
0,2664,0.0
0,2665,0.0
0,2666,0.0
0,2667,0.0
0,2668,0.0
0,2669,0.1
0,2670,0.0
0,2671,0.0
0,2672,0.4
0,2673,0.0
0,2674,0.0
0,2675,0.0
0,2676,0.3
0,2677,0.0
0,2678,0.03333333333333333
0,2679,0.0
0,2680,0.03333333333333333
0,2681,0.0
0,2682,0.0
0,2683,0.0
0,2684,0.26666666666666666
0,2685,0.0
0,2686,0.0
0,2687,0.3
0,2688,0.0
0,2689,0.0
0,2690,0.03333333333333333
0,2691,0.0
0,2692,0.0
0,2693,0.0
0,2694,0.0
0,2695,0.1
0,2696,0.0
0,2697,0.03333333333333333
0,2698,0.0
0,2699,0.0
0,2700,0.0
0,2701,0.16666666666666666
0,2702,0.0
0,2703,0.0
0,2704,0.06666666666666667
0,2705,0.0
0,2706,0.0
0,2707,0.0
0,2708,0.0
0,2709,0.03333333333333333
0,2710,0.0
0,2711,0.16666666666666666
0,2712,0.36666666666666664
0,2713,0.0
0,2714,0.6
0,2715,0.43333333333333335
0,2716,0.0
0,2717,0.7333333333333333
0,2718,0.4666666666666667
0,2719,0.8333333333333334
0,2720,0.5666666666666667
0,2721,0.26666666666666666
0,2722,0.4
0,2723,0.1
0,2724,0.13333333333333333
0,2725,0.0
0,2726,0.3
0,2727,0.0
0,2728,0.0
0,2729,0.0
0,2730,0.0
0,2731,0.0
0,2732,0.0
0,2733,0.1
0,2734,0.0
0,2735,0.0
0,2736,0.06666666666666667
0,2737,0.0
0,2738,0.0
0,2739,0.0
0,2740,0.5666666666666667
0,2741,0.0
0,2742,0.2
0,2743,0.23333333333333334
0,2744,0.0
0,2745,0.03333333333333333
0,2746,0.0
0,2747,0.0
0,2748,0.0
0,2749,0.06666666666666667
0,2750,0.0
0,2751,0.0
0,2752,0.0
0,2753,0.0
0,2754,0.0
0,2755,0.13333333333333333
0,2756,0.0
0,2757,0.0
0,2758,0.13333333333333333
0,2759,0.2
0,2760,0.1
0,2761,0.0
0,2762,0.0
0,2763,0.13333333333333333
0,2764,0.3333333333333333
0,2765,0.0
0,2766,0.7333333333333333
0,2767,1.0
0,2768,0.0
0,2769,0.0
0,2770,0.0
0,2771,0.0
0,2772,0.03333333333333333
0,2773,0.0
0,2774,0.0
0,2775,0.0
0,2776,0.3
0,2777,0.0
0,2778,0.0
0,2779,0.0
0,2780,0.0
0,2781,0.0
0,2782,0.0
0,2783,0.2
0,2784,0.0
0,2785,0.0
0,2786,0.8
0,2787,0.0
0,2788,0.43333333333333335
0,2789,0.0
0,2790,0.7
0,2791,0.16666666666666666
0,2792,0.0
0,2793,0.0
0,2794,0.0
0,2795,0.5
0,2796,0.5666666666666667
0,2797,0.0
0,2798,0.0
0,2799,0.0
0,2800,0.0
0,2801,0.0
0,2802,0.13333333333333333
0,2803,0.0
0,2804,0.0
0,2805,0.0
0,2806,0.0
0,2807,0.0
0,2808,0.0
0,2809,0.0
0,2810,0.6333333333333333
0,2811,0.0
0,2812,0.7333333333333333
0,2813,0.0
0,2814,0.0
0,2815,0.16666666666666666
0,2816,0.0
0,2817,0.0
0,2818,0.3333333333333333
0,2819,0.3333333333333333
0,2820,0.0
0,2821,0.03333333333333333
0,2822,0.6333333333333333
0,2823,0.0
0,2824,0.26666666666666666
0,2825,0.0
0,2826,0.03333333333333333
0,2827,0.4
0,2828,0.0
0,2829,0.0
0,2830,0.0
0,2831,0.0
0,2832,0.0
0,2833,0.0
0,2834,0.16666666666666666
0,2835,0.0
0,2836,0.1
0,2837,0.0
0,2838,0.0
0,2839,0.23333333333333334
0,2840,0.16666666666666666
0,2841,0.4666666666666667
0,2842,0.0
0,2843,0.06666666666666667
0,2844,0.0
0,2845,0.03333333333333333
0,2846,0.43333333333333335
0,2847,0.0
0,2848,0.0
0,2849,0.0
0,2850,0.36666666666666664
0,2851,0.0
0,2852,0.4666666666666667
0,2853,0.03333333333333333
0,2854,0.0
0,2855,0.0
0,2856,0.5333333333333333
0,2857,0.0
0,2858,0.8666666666666667
0,2859,0.03333333333333333
0,2860,0.0
0,2861,0.0
0,2862,0.0
0,2863,0.36666666666666664
0,2864,0.0
0,2865,0.3333333333333333
0,2866,0.4666666666666667
0,2867,0.0
0,2868,0.0
0,2869,0.0
0,2870,0.26666666666666666
0,2871,0.0
0,2872,0.36666666666666664
0,2873,0.0
0,2874,0.0
0,2875,0.6
0,2876,0.0
0,2877,0.4666666666666667
0,2878,0.0
0,2879,0.4
0,2880,0.0
0,2881,0.06666666666666667
0,2882,0.0
0,2883,0.0
0,2884,0.4666666666666667
0,2885,0.06666666666666667
0,2886,0.16666666666666666
0,2887,0.26666666666666666
0,2888,0.0
0,2889,0.0
0,2890,0.3
0,2891,0.0
0,2892,0.1
0,2893,0.7
0,2894,0.0
0,2895,0.43333333333333335
0,2896,0.0
0,2897,0.5
0,2898,0.0
0,2899,0.03333333333333333
0,2900,0.0
0,2901,0.0
0,2902,0.0
0,2903,0.36666666666666664
0,2904,0.0
0,2905,0.0
0,2906,0.0
0,2907,0.0
0,2908,0.0
0,2909,0.1
0,2910,0.0
0,2911,0.0
0,2912,0.0
0,2913,0.0
0,2914,0.36666666666666664
0,2915,0.4666666666666667
0,2916,0.43333333333333335
0,2917,0.0
0,2918,0.0
0,2919,0.0
0,2920,0.0
0,2921,0.23333333333333334
0,2922,0.0
0,2923,0.0
0,2924,0.0
0,2925,0.0
0,2926,0.0
0,2927,0.0
0,2928,0.0
0,2929,0.0
0,2930,0.0
0,2931,0.0
0,2932,0.0
0,2933,0.0
0,2934,0.0
0,2935,0.0
0,2936,0.0
0,2937,0.0
0,2938,0.9666666666666667
0,2939,0.1
0,2940,0.0
0,2941,0.0
0,2942,0.06666666666666667
0,2943,0.0
0,2944,0.0
0,2945,0.0
0,2946,0.0
0,2947,0.8666666666666667
0,2948,0.0
0,2949,0.0
0,2950,0.03333333333333333
0,2951,0.43333333333333335
0,2952,0.2
0,2953,0.0
0,2954,0.0
0,2955,0.0
0,2956,0.13333333333333333
0,2957,0.0
0,2958,0.0
0,2959,0.36666666666666664
0,2960,0.5
0,2961,0.0
0,2962,0.9333333333333333
0,2963,0.5333333333333333
0,2964,0.0
0,2965,0.5
0,2966,0.0
0,2967,0.0
0,2968,0.03333333333333333
0,2969,0.06666666666666667
0,2970,0.0
0,2971,0.6666666666666666
0,2972,0.0
0,2973,0.03333333333333333
0,2974,0.0
0,2975,0.0
0,2976,0.0
0,2977,0.0
0,2978,0.0
0,2979,0.0
0,2980,0.0
0,2981,0.4
0,2982,0.0
0,2983,0.0
0,2984,0.0
0,2985,0.36666666666666664
0,2986,0.0
0,2987,0.0
0,2988,0.6333333333333333
0,2989,0.0
0,2990,0.0
0,2991,0.0
0,2992,0.3
0,2993,0.0
0,2994,0.5666666666666667
0,2995,0.0
0,2996,0.0
0,2997,0.0
0,2998,0.13333333333333333
0,2999,0.0
-1,0,0.3333333333333333
-1,1,0.0
-1,2,0.0
-1,3,0.0
-1,4,0.23333333333333334
-1,5,0.0
-1,6,0.6
-1,7,0.9333333333333333
-1,8,0.0
-1,9,0.0
-1,10,0.0
-1,11,0.9333333333333333
-1,12,0.0
-1,13,0.0
-1,14,0.03333333333333333
-1,15,0.0
-1,16,0.0
-1,17,0.0
-1,18,0.0
-1,19,0.0
-1,20,0.06666666666666667
-1,21,0.6
-1,22,0.0
-1,23,0.0
-1,24,0.3
-1,25,0.0
-1,26,0.3
-1,27,0.43333333333333335
-1,28,0.0
-1,29,0.03333333333333333
-1,30,0.0
-1,31,0.0
-1,32,0.23333333333333334
-1,33,0.0
-1,34,0.23333333333333334
-1,35,0.4666666666666667
-1,36,0.0
-1,37,0.0
-1,38,0.2
-1,39,0.0
-1,40,0.6666666666666666
-1,41,0.3
-1,42,0.0
-1,43,0.0
-1,44,0.5666666666666667
-1,45,0.4666666666666667
-1,46,0.0
-1,47,0.0
-1,48,0.7
-1,49,0.9333333333333333
-1,50,0.0
-1,51,0.0
-1,52,0.5333333333333333
-1,53,0.7666666666666667
-1,54,0.4666666666666667
-1,55,0.03333333333333333
-1,56,0.26666666666666666
-1,57,0.0
-1,58,0.06666666666666667
-1,59,0.0
-1,60,0.0
-1,61,0.0
-1,62,0.0
-1,63,0.0
-1,64,0.0
-1,65,0.16666666666666666
-1,66,0.9
-1,67,0.06666666666666667
-1,68,0.43333333333333335
-1,69,0.0
-1,70,0.0
-1,71,0.0
-1,72,0.13333333333333333
-1,73,0.36666666666666664
-1,74,0.0
-1,75,0.0
-1,76,0.0
-1,77,0.0
-1,78,0.0
-1,79,0.0
-1,80,0.0
-1,81,0.0
-1,82,0.0
-1,83,0.0
-1,84,0.03333333333333333
-1,85,0.0
-1,86,0.5666666666666667
-1,87,0.0
-1,88,0.0
-1,89,0.06666666666666667
-1,90,0.0
-1,91,0.0
-1,92,0.0
-1,93,0.0
-1,94,0.0
-1,95,0.13333333333333333
-1,96,0.36666666666666664
-1,97,0.5
-1,98,0.0
-1,99,0.0
-1,100,0.6
-1,101,0.0
-1,102,0.7666666666666667
-1,103,0.4666666666666667
-1,104,0.1
-1,105,0.0
-1,106,0.0
-1,107,0.0
-1,108,0.0
-1,109,0.0
-1,110,0.0
-1,111,0.0
-1,112,0.0
-1,113,0.0
-1,114,0.0
-1,115,0.6333333333333333
-1,116,0.0
-1,117,0.7333333333333333
-1,118,0.4666666666666667
-1,119,1.0
-1,120,0.7
-1,121,0.0
-1,122,0.26666666666666666
-1,123,0.0
-1,124,0.0
-1,125,0.0
-1,126,0.0
-1,127,0.23333333333333334
-1,128,0.6666666666666666
-1,129,0.4
-1,130,0.0
-1,131,0.0
-1,132,0.0
-1,133,1.0
-1,134,0.0
-1,135,0.06666666666666667
-1,136,0.0
-1,137,0.0
-1,138,0.0
-1,139,0.0
-1,140,0.03333333333333333
-1,141,0.0
-1,142,0.0
-1,143,0.0
-1,144,0.0
-1,145,0.0
-1,146,0.03333333333333333
-1,147,0.0
-1,148,0.8666666666666667
-1,149,0.0
-1,150,0.9333333333333333
-1,151,0.0
-1,152,0.03333333333333333
-1,153,0.0
-1,154,0.2
-1,155,0.0
-1,156,0.13333333333333333
-1,157,0.0
-1,158,0.06666666666666667
-1,159,0.3333333333333333
-1,160,0.43333333333333335
-1,161,0.03333333333333333
-1,162,0.0
-1,163,0.0
-1,164,0.03333333333333333
-1,165,0.0
-1,166,0.0
-1,167,0.6333333333333333
-1,168,0.26666666666666666
-1,169,0.0
-1,170,0.0
-1,171,0.0
-1,172,0.0
-1,173,0.13333333333333333
-1,174,0.0
-1,175,0.0
-1,176,0.0
-1,177,0.0
-1,178,0.23333333333333334
-1,179,0.0
-1,180,0.3
-1,181,0.0
-1,182,0.5666666666666667
-1,183,0.0
-1,184,0.0
-1,185,0.26666666666666666
-1,186,0.36666666666666664
-1,187,0.0
-1,188,0.0
-1,189,0.0
-1,190,0.0
-1,191,0.0
-1,192,0.1
-1,193,0.0
-1,194,0.0
-1,195,0.0
-1,196,0.0
-1,197,0.0
-1,198,0.03333333333333333
-1,199,0.43333333333333335
-1,200,0.0
-1,201,0.03333333333333333
-1,202,0.0
-1,203,0.0
-1,204,0.0
-1,205,0.4
-1,206,0.0
-1,207,0.0
-1,208,0.0
-1,209,0.0
-1,210,0.0
-1,211,0.0
-1,212,0.43333333333333335
-1,213,0.0
-1,214,0.36666666666666664
-1,215,0.0
-1,216,0.0
-1,217,0.1
-1,218,0.06666666666666667
-1,219,0.0
-1,220,0.03333333333333333
-1,221,0.9666666666666667
-1,222,0.0
-1,223,0.0
-1,224,0.0
-1,225,0.4666666666666667
-1,226,0.13333333333333333
-1,227,0.0
-1,228,0.1
-1,229,0.5
-1,230,0.03333333333333333
-1,231,0.0
-1,232,0.0
-1,233,0.0
-1,234,0.0
-1,235,0.0
-1,236,0.4
-1,237,0.5
-1,238,0.0
-1,239,0.7333333333333333
-1,240,0.0
-1,241,0.0
-1,242,0.0
-1,243,0.0
-1,244,0.13333333333333333
-1,245,0.6666666666666666
-1,246,0.6333333333333333
-1,247,0.06666666666666667
-1,248,0.0
-1,249,0.0
-1,250,0.0
-1,251,0.0
-1,252,0.1
-1,253,0.0
-1,254,0.03333333333333333
-1,255,0.0
-1,256,0.0
-1,257,0.0
-1,258,0.0
-1,259,0.0
-1,260,0.0
-1,261,0.0
-1,262,0.03333333333333333
-1,263,0.0
-1,264,0.0
-1,265,0.0
-1,266,0.36666666666666664
-1,267,0.7
-1,268,0.26666666666666666
-1,269,0.0
-1,270,0.0
-1,271,0.0
-1,272,0.0
-1,273,0.3
-1,274,0.0
-1,275,0.0
-1,276,0.23333333333333334
-1,277,0.0
-1,278,0.23333333333333334
-1,279,0.0
-1,280,0.0
-1,281,0.16666666666666666
-1,282,0.0
-1,283,0.0
-1,284,0.0
-1,285,0.0
-1,286,0.0
-1,287,0.43333333333333335
-1,288,0.7333333333333333
-1,289,0.0
-1,290,0.0
-1,291,0.0
-1,292,0.06666666666666667
-1,293,0.0
-1,294,0.0
-1,295,0.0
-1,296,0.0
-1,297,0.0
-1,298,0.06666666666666667
-1,299,0.0
-1,300,0.13333333333333333
-1,301,0.1
-1,302,0.0
-1,303,0.0
-1,304,0.0
-1,305,0.0
-1,306,0.4
-1,307,0.0
-1,308,0.0
-1,309,0.0
-1,310,0.6
-1,311,0.06666666666666667
-1,312,0.13333333333333333
-1,313,1.0
-1,314,0.0
-1,315,0.0
-1,316,0.0
-1,317,0.0
-1,318,0.0
-1,319,0.4
-1,320,0.0
-1,321,0.0
-1,322,0.7333333333333333
-1,323,0.0
-1,324,0.0
-1,325,0.9333333333333333
-1,326,0.0
-1,327,0.0
-1,328,0.0
-1,329,0.3333333333333333
-1,330,0.0
-1,331,0.0
-1,332,0.0
-1,333,0.0
-1,334,0.0
-1,335,0.0
-1,336,0.0
-1,337,0.3
-1,338,0.06666666666666667
-1,339,0.0
-1,340,0.0
-1,341,0.8
-1,342,0.0
-1,343,0.0
-1,344,0.0
-1,345,0.0
-1,346,0.0
-1,347,0.0
-1,348,0.13333333333333333
-1,349,0.0
-1,350,0.0
-1,351,0.0
-1,352,0.0
-1,353,0.13333333333333333
-1,354,0.23333333333333334
-1,355,0.0
-1,356,0.0
-1,357,0.6
-1,358,0.3
-1,359,0.8333333333333334
-1,360,0.0
-1,361,0.0
-1,362,0.0
-1,363,0.0
-1,364,0.0
-1,365,0.6666666666666666
-1,366,0.0
-1,367,0.2
-1,368,0.03333333333333333
-1,369,0.0
-1,370,0.6
-1,371,0.0
-1,372,0.16666666666666666
-1,373,0.3333333333333333
-1,374,0.0
-1,375,0.0
-1,376,0.0
-1,377,0.36666666666666664
-1,378,0.36666666666666664
-1,379,0.0
-1,380,0.0
-1,381,0.0
-1,382,0.0
-1,383,0.2
-1,384,0.03333333333333333
-1,385,0.03333333333333333
-1,386,0.0
-1,387,0.36666666666666664
-1,388,0.0
-1,389,0.0
-1,390,0.23333333333333334
-1,391,0.0
-1,392,0.9
-1,393,0.0
-1,394,0.16666666666666666
-1,395,0.0
-1,396,0.0
-1,397,0.0
-1,398,0.0
-1,399,0.0
-1,400,0.0
-1,401,0.0
-1,402,0.5333333333333333
-1,403,0.13333333333333333
-1,404,0.0
-1,405,0.0
-1,406,0.3
-1,407,0.0
-1,408,0.0
-1,409,0.3333333333333333
-1,410,0.0
-1,411,0.1
-1,412,0.7
-1,413,0.0
-1,414,0.0
-1,415,0.0
-1,416,0.0
-1,417,0.0
-1,418,0.43333333333333335
-1,419,0.0
-1,420,0.0
-1,421,0.0
-1,422,0.0
-1,423,0.0
-1,424,0.0
-1,425,0.0
-1,426,0.0
-1,427,0.43333333333333335
-1,428,0.5333333333333333
-1,429,0.4
-1,430,0.06666666666666667
-1,431,0.3
-1,432,0.0
-1,433,0.2
-1,434,0.0
-1,435,0.0
-1,436,0.0
-1,437,0.0
-1,438,0.03333333333333333
-1,439,0.7
-1,440,0.0
-1,441,0.0
-1,442,0.0
-1,443,0.7333333333333333
-1,444,0.0
-1,445,0.03333333333333333
-1,446,0.0
-1,447,0.7666666666666667
-1,448,0.0
-1,449,0.0
-1,450,0.0
-1,451,0.7333333333333333
-1,452,0.0
-1,453,0.0
-1,454,0.2
-1,455,0.0
-1,456,0.0
-1,457,0.0
-1,458,0.0
-1,459,0.23333333333333334
-1,460,0.0
-1,461,0.0
-1,462,0.5666666666666667
-1,463,0.0
-1,464,0.0
-1,465,0.8
-1,466,0.0
-1,467,0.0
-1,468,0.0
-1,469,0.0
-1,470,0.0
-1,471,0.0
-1,472,0.6333333333333333
-1,473,0.0
-1,474,0.0
-1,475,0.0
-1,476,0.0
-1,477,0.0
-1,478,0.06666666666666667
-1,479,0.0
-1,480,0.0
-1,481,0.26666666666666666
-1,482,0.0
-1,483,0.06666666666666667
-1,484,0.0
-1,485,0.0
-1,486,0.23333333333333334
-1,487,0.0
-1,488,0.9666666666666667
-1,489,0.0
-1,490,0.0
-1,491,0.0
-1,492,0.4
-1,493,0.8333333333333334
-1,494,0.4666666666666667
-1,495,0.0
-1,496,0.0
-1,497,0.0
-1,498,0.0
-1,499,0.03333333333333333
-1,500,0.0
-1,501,0.0
-1,502,0.0
-1,503,0.0
-1,504,0.0
-1,505,0.0
-1,506,0.0
-1,507,0.0
-1,508,0.5666666666666667
-1,509,0.0
-1,510,0.0
-1,511,0.06666666666666667
-1,512,0.0
-1,513,0.0
-1,514,0.0
-1,515,0.0
-1,516,0.0
-1,517,0.43333333333333335
-1,518,0.16666666666666666
-1,519,0.3
-1,520,0.0
-1,521,0.0
-1,522,0.7333333333333333
-1,523,0.7333333333333333
-1,524,0.6666666666666666
-1,525,0.0
-1,526,0.0
-1,527,0.16666666666666666
-1,528,0.7666666666666667
-1,529,0.0
-1,530,0.0
-1,531,0.0
-1,532,0.0
-1,533,0.0
-1,534,0.0
-1,535,0.0
-1,536,0.43333333333333335
-1,537,0.7
-1,538,0.5333333333333333
-1,539,0.0
-1,540,0.4
-1,541,0.4666666666666667
-1,542,0.8333333333333334
-1,543,0.7333333333333333
-1,544,0.0
-1,545,0.0
-1,546,0.0
-1,547,0.0
-1,548,0.0
-1,549,0.26666666666666666
-1,550,1.0
-1,551,0.0
-1,552,0.5333333333333333
-1,553,0.8666666666666667
-1,554,0.0
-1,555,0.0
-1,556,1.0
-1,557,0.0
-1,558,0.0
-1,559,0.03333333333333333
-1,560,0.5333333333333333
-1,561,0.6333333333333333
-1,562,0.3333333333333333
-1,563,0.0
-1,564,0.16666666666666666
-1,565,0.3333333333333333
-1,566,0.4
-1,567,0.0
-1,568,0.9333333333333333
-1,569,0.0
-1,570,0.0
-1,571,0.0
-1,572,0.1
-1,573,0.0
-1,574,0.7
-1,575,0.0
-1,576,0.0
-1,577,0.0
-1,578,0.0
-1,579,0.0
-1,580,0.0
-1,581,0.0
-1,582,0.0
-1,583,0.03333333333333333
-1,584,0.0
-1,585,0.0
-1,586,0.0
-1,587,0.0
-1,588,0.0
-1,589,0.0
-1,590,0.23333333333333334
-1,591,0.0
-1,592,0.43333333333333335
-1,593,0.0
-1,594,0.0
-1,595,0.3
-1,596,0.3
-1,597,0.0
-1,598,0.0
-1,599,0.26666666666666666
-1,600,0.0
-1,601,0.0
-1,602,0.7333333333333333
-1,603,0.0
-1,604,0.0
-1,605,0.1
-1,606,0.03333333333333333
-1,607,0.03333333333333333
-1,608,0.0
-1,609,0.0
-1,610,0.23333333333333334
-1,611,0.0
-1,612,0.0
-1,613,0.9333333333333333
-1,614,0.0
-1,615,0.0
-1,616,0.6
-1,617,0.3
-1,618,0.0
-1,619,0.0
-1,620,0.0
-1,621,0.0
-1,622,0.36666666666666664
-1,623,0.0
-1,624,0.16666666666666666
-1,625,0.0
-1,626,0.0
-1,627,0.0
-1,628,0.13333333333333333
-1,629,0.0
-1,630,0.0
-1,631,0.0
-1,632,0.0
-1,633,0.0
-1,634,0.0
-1,635,0.03333333333333333
-1,636,0.0
-1,637,0.0
-1,638,0.0
-1,639,0.3
-1,640,0.03333333333333333
-1,641,0.3333333333333333
-1,642,0.0
-1,643,0.0
-1,644,0.0
-1,645,0.03333333333333333
-1,646,0.16666666666666666
-1,647,0.03333333333333333
-1,648,0.0
-1,649,0.0
-1,650,0.5333333333333333
-1,651,0.0
-1,652,0.3
-1,653,0.06666666666666667
-1,654,0.2
-1,655,0.0
-1,656,0.0
-1,657,0.4
-1,658,0.03333333333333333
-1,659,0.0
-1,660,0.0
-1,661,0.0
-1,662,0.0
-1,663,0.0
-1,664,0.6666666666666666
-1,665,0.0
-1,666,0.0
-1,667,0.0
-1,668,0.0
-1,669,0.0
-1,670,0.3
-1,671,0.0
-1,672,0.6333333333333333
-1,673,0.8
-1,674,0.0
-1,675,0.5333333333333333
-1,676,0.6
-1,677,0.0
-1,678,0.0
-1,679,0.5
-1,680,0.0
-1,681,0.0
-1,682,0.0
-1,683,0.0
-1,684,0.0
-1,685,0.36666666666666664
-1,686,0.0
-1,687,0.0
-1,688,0.0
-1,689,0.0
-1,690,0.0
-1,691,0.0
-1,692,0.0
-1,693,0.1
-1,694,0.0
-1,695,0.0
-1,696,0.0
-1,697,0.0
-1,698,0.0
-1,699,0.4
-1,700,0.36666666666666664
-1,701,0.0
-1,702,0.0
-1,703,0.0
-1,704,0.0
-1,705,0.0
-1,706,0.0
-1,707,0.0
-1,708,0.0
-1,709,0.0
-1,710,0.0
-1,711,0.0
-1,712,0.0
-1,713,0.8333333333333334
-1,714,0.0
-1,715,0.1
-1,716,0.0
-1,717,0.0
-1,718,0.0
-1,719,0.0
-1,720,0.13333333333333333
-1,721,0.9
-1,722,0.1
-1,723,0.1
-1,724,0.0
-1,725,0.0
-1,726,0.03333333333333333
-1,727,0.0
-1,728,0.26666666666666666
-1,729,0.03333333333333333
-1,730,0.3333333333333333
-1,731,0.0
-1,732,0.0
-1,733,0.0
-1,734,0.0
-1,735,0.0
-1,736,0.0
-1,737,0.0
-1,738,0.0
-1,739,0.0
-1,740,0.0
-1,741,0.3333333333333333
-1,742,0.0
-1,743,0.0
-1,744,0.36666666666666664
-1,745,0.0
-1,746,0.0
-1,747,0.13333333333333333
-1,748,0.5
-1,749,0.23333333333333334
-1,750,0.7333333333333333
-1,751,0.0
-1,752,0.03333333333333333
-1,753,0.0
-1,754,0.36666666666666664
-1,755,0.0
-1,756,0.0
-1,757,0.0
-1,758,0.0
-1,759,0.0
-1,760,0.9333333333333333
-1,761,0.4
-1,762,0.0
-1,763,0.0
-1,764,0.13333333333333333
-1,765,0.0
-1,766,0.0
-1,767,0.2
-1,768,0.3333333333333333
-1,769,0.0
-1,770,0.06666666666666667
-1,771,0.4666666666666667
-1,772,1.0
-1,773,0.5
-1,774,0.0
-1,775,0.0
-1,776,0.03333333333333333
-1,777,0.0
-1,778,0.26666666666666666
-1,779,0.0
-1,780,0.0
-1,781,0.0
-1,782,0.0
-1,783,0.0
-1,784,0.0
-1,785,0.0
-1,786,0.16666666666666666
-1,787,0.0
-1,788,0.0
-1,789,0.8666666666666667
-1,790,0.0
-1,791,0.4
-1,792,0.0
-1,793,0.03333333333333333
-1,794,0.0
-1,795,0.1
-1,796,0.0
-1,797,0.0
-1,798,0.6666666666666666
-1,799,0.8
-1,800,0.0
-1,801,0.0
-1,802,0.03333333333333333
-1,803,0.0
-1,804,0.0
-1,805,0.03333333333333333
-1,806,0.0
-1,807,0.0
-1,808,0.2
-1,809,0.0
-1,810,0.1
-1,811,0.0
-1,812,0.03333333333333333
-1,813,0.0
-1,814,0.0
-1,815,0.0
-1,816,0.3
-1,817,0.8333333333333334
-1,818,0.3
-1,819,0.0
-1,820,0.0
-1,821,1.0
-1,822,0.0
-1,823,0.4666666666666667
-1,824,0.43333333333333335
-1,825,0.13333333333333333
-1,826,0.0
-1,827,0.03333333333333333
-1,828,0.0
-1,829,0.7666666666666667
-1,830,0.3333333333333333
-1,831,0.0
-1,832,0.0
-1,833,0.5333333333333333
-1,834,0.0
-1,835,0.0
-1,836,0.0
-1,837,0.0
-1,838,0.8
-1,839,0.0
-1,840,0.0
-1,841,0.0
-1,842,0.0
-1,843,1.0
-1,844,0.0
-1,845,0.4
-1,846,0.0
-1,847,0.3333333333333333
-1,848,0.06666666666666667
-1,849,0.0
-1,850,0.23333333333333334
-1,851,0.03333333333333333
-1,852,0.03333333333333333
-1,853,0.13333333333333333
-1,854,0.0
-1,855,0.13333333333333333
-1,856,0.1
-1,857,0.0
-1,858,0.0
-1,859,0.1
-1,860,0.0
-1,861,0.0
-1,862,1.0
-1,863,0.6666666666666666
-1,864,0.5
-1,865,0.5666666666666667
-1,866,0.23333333333333334
-1,867,0.0
-1,868,0.0
-1,869,0.13333333333333333
-1,870,0.0
-1,871,0.0
-1,872,0.0
-1,873,0.43333333333333335
-1,874,0.16666666666666666
-1,875,0.0
-1,876,0.0
-1,877,0.2
-1,878,0.0
-1,879,0.6333333333333333
-1,880,0.0
-1,881,0.26666666666666666
-1,882,0.0
-1,883,0.0
-1,884,0.0
-1,885,0.16666666666666666
-1,886,0.7
-1,887,0.0
-1,888,0.0
-1,889,0.0
-1,890,0.0
-1,891,0.0
-1,892,0.03333333333333333
-1,893,0.0
-1,894,0.0
-1,895,0.0
-1,896,0.26666666666666666
-1,897,0.0
-1,898,0.0
-1,899,0.0
-1,900,0.43333333333333335
-1,901,0.06666666666666667
-1,902,0.0
-1,903,0.0
-1,904,0.0
-1,905,0.0
-1,906,0.0
-1,907,0.0
-1,908,0.0
-1,909,0.03333333333333333
-1,910,0.0
-1,911,0.0
-1,912,0.03333333333333333
-1,913,0.06666666666666667
-1,914,0.23333333333333334
-1,915,0.6
-1,916,0.0
-1,917,0.0
-1,918,0.2
-1,919,0.16666666666666666
-1,920,0.06666666666666667
-1,921,0.06666666666666667
-1,922,0.0
-1,923,0.0
-1,924,0.03333333333333333
-1,925,0.3
-1,926,0.0
-1,927,0.3333333333333333
-1,928,0.0
-1,929,0.0
-1,930,0.06666666666666667
-1,931,0.0
-1,932,0.3333333333333333
-1,933,0.0
-1,934,0.06666666666666667
-1,935,0.0
-1,936,0.26666666666666666
-1,937,0.0
-1,938,0.0
-1,939,0.0
-1,940,0.16666666666666666
-1,941,0.26666666666666666
-1,942,0.43333333333333335
-1,943,0.0
-1,944,0.0
-1,945,0.0
-1,946,0.0
-1,947,0.0
-1,948,0.0
-1,949,0.03333333333333333
-1,950,0.0
-1,951,0.0
-1,952,0.0
-1,953,0.0
-1,954,0.4
-1,955,0.6666666666666666
-1,956,0.36666666666666664
-1,957,0.0
-1,958,0.0
-1,959,0.0
-1,960,0.0
-1,961,0.0
-1,962,1.0
-1,963,0.0
-1,964,0.0
-1,965,0.7
-1,966,0.0
-1,967,0.23333333333333334
-1,968,0.0
-1,969,0.0
-1,970,0.9333333333333333
-1,971,0.0
-1,972,0.0
-1,973,0.4666666666666667
-1,974,0.3333333333333333
-1,975,0.0
-1,976,0.26666666666666666
-1,977,0.1
-1,978,0.0
-1,979,0.0
-1,980,0.0
-1,981,0.0
-1,982,0.0
-1,983,0.03333333333333333
-1,984,0.0
-1,985,0.0
-1,986,0.0
-1,987,1.0
-1,988,0.0
-1,989,0.0
-1,990,0.0
-1,991,0.0
-1,992,0.0
-1,993,0.03333333333333333
-1,994,0.0
-1,995,0.03333333333333333
-1,996,0.3
-1,997,0.13333333333333333
-1,998,0.2
-1,999,0.0
-1,1000,0.0
-1,1001,0.0
-1,1002,0.0
-1,1003,0.0
-1,1004,0.06666666666666667
-1,1005,0.1
-1,1006,0.0
-1,1007,0.0
-1,1008,0.13333333333333333
-1,1009,0.23333333333333334
-1,1010,0.0
-1,1011,0.0
-1,1012,0.0
-1,1013,0.0
-1,1014,0.3
-1,1015,0.3333333333333333
-1,1016,0.0
-1,1017,0.0
-1,1018,0.8666666666666667
-1,1019,0.43333333333333335
-1,1020,0.5
-1,1021,0.0
-1,1022,0.0
-1,1023,0.0
-1,1024,0.0
-1,1025,0.0
-1,1026,0.0
-1,1027,0.0
-1,1028,0.0
-1,1029,0.4
-1,1030,0.6666666666666666
-1,1031,0.0
-1,1032,0.0
-1,1033,0.0
-1,1034,0.0
-1,1035,0.0
-1,1036,0.0
-1,1037,0.5666666666666667
-1,1038,0.13333333333333333
-1,1039,0.5
-1,1040,0.0
-1,1041,0.0
-1,1042,0.0
-1,1043,0.0
-1,1044,0.03333333333333333
-1,1045,0.0
-1,1046,0.0
-1,1047,0.0
-1,1048,0.4666666666666667
-1,1049,0.0
-1,1050,0.8666666666666667
-1,1051,0.0
-1,1052,0.0
-1,1053,0.2
-1,1054,0.0
-1,1055,0.03333333333333333
-1,1056,0.0
-1,1057,0.0
-1,1058,0.0
-1,1059,0.0
-1,1060,0.0
-1,1061,0.0
-1,1062,0.0
-1,1063,0.6
-1,1064,0.9666666666666667
-1,1065,0.2
-1,1066,0.0
-1,1067,0.9666666666666667
-1,1068,0.0
-1,1069,0.0
-1,1070,0.0
-1,1071,0.06666666666666667
-1,1072,0.3
-1,1073,0.0
-1,1074,0.2
-1,1075,0.0
-1,1076,0.13333333333333333
-1,1077,0.1
-1,1078,0.0
-1,1079,0.0
-1,1080,0.0
-1,1081,0.0
-1,1082,0.0
-1,1083,0.5
-1,1084,0.03333333333333333
-1,1085,0.5666666666666667
-1,1086,0.0
-1,1087,0.0
-1,1088,0.06666666666666667
-1,1089,0.7
-1,1090,0.0
-1,1091,0.0
-1,1092,0.06666666666666667
-1,1093,0.06666666666666667
-1,1094,0.0
-1,1095,0.0
-1,1096,0.36666666666666664
-1,1097,0.06666666666666667
-1,1098,0.0
-1,1099,0.13333333333333333
-1,1100,0.0
-1,1101,0.0
-1,1102,0.0
-1,1103,0.03333333333333333
-1,1104,0.7333333333333333
-1,1105,0.0
-1,1106,0.0
-1,1107,0.0
-1,1108,0.0
-1,1109,0.9666666666666667
-1,1110,0.0
-1,1111,0.0
-1,1112,0.0
-1,1113,1.0
-1,1114,0.13333333333333333
-1,1115,0.0
-1,1116,0.0
-1,1117,0.0
-1,1118,0.03333333333333333
-1,1119,0.0
-1,1120,0.0
-1,1121,0.0
-1,1122,0.0
-1,1123,0.0
-1,1124,0.0
-1,1125,0.0
-1,1126,0.0
-1,1127,0.2
-1,1128,0.4666666666666667
-1,1129,0.06666666666666667
-1,1130,0.0
-1,1131,0.7
-1,1132,0.16666666666666666
-1,1133,0.5
-1,1134,0.0
-1,1135,0.0
-1,1136,0.03333333333333333
-1,1137,0.36666666666666664
-1,1138,0.7666666666666667
-1,1139,0.0
-1,1140,0.0
-1,1141,0.0
-1,1142,0.0
-1,1143,0.0
-1,1144,0.0
-1,1145,0.0
-1,1146,0.0
-1,1147,0.0
-1,1148,0.06666666666666667
-1,1149,0.5666666666666667
-1,1150,0.0
-1,1151,0.0
-1,1152,0.0
-1,1153,0.0
-1,1154,0.0
-1,1155,0.03333333333333333
-1,1156,0.0
-1,1157,0.0
-1,1158,0.0
-1,1159,0.0
-1,1160,0.5
-1,1161,0.0
-1,1162,0.0
-1,1163,0.0
-1,1164,0.0
-1,1165,0.0
-1,1166,0.16666666666666666
-1,1167,0.8333333333333334
-1,1168,0.1
-1,1169,0.16666666666666666
-1,1170,0.0
-1,1171,0.0
-1,1172,0.06666666666666667
-1,1173,0.03333333333333333
-1,1174,0.0
-1,1175,0.06666666666666667
-1,1176,0.0
-1,1177,0.0
-1,1178,0.03333333333333333
-1,1179,0.6
-1,1180,0.0
-1,1181,0.0
-1,1182,0.1
-1,1183,0.0
-1,1184,0.0
-1,1185,0.0
-1,1186,0.0
-1,1187,0.43333333333333335
-1,1188,0.0
-1,1189,0.0
-1,1190,0.0
-1,1191,0.0
-1,1192,0.1
-1,1193,0.0
-1,1194,0.0
-1,1195,0.1
-1,1196,0.0
-1,1197,0.13333333333333333
-1,1198,0.0
-1,1199,0.06666666666666667
-1,1200,0.0
-1,1201,0.13333333333333333
-1,1202,0.0
-1,1203,0.8
-1,1204,0.13333333333333333
-1,1205,0.0
-1,1206,0.9666666666666667
-1,1207,0.0
-1,1208,0.0
-1,1209,0.0
-1,1210,0.0
-1,1211,0.0
-1,1212,0.0
-1,1213,0.0
-1,1214,0.8
-1,1215,0.0
-1,1216,0.0
-1,1217,0.1
-1,1218,0.06666666666666667
-1,1219,0.0
-1,1220,0.0
-1,1221,0.0
-1,1222,0.03333333333333333
-1,1223,0.0
-1,1224,0.36666666666666664
-1,1225,0.0
-1,1226,0.0
-1,1227,0.0
-1,1228,0.0
-1,1229,0.0
-1,1230,0.6333333333333333
-1,1231,0.0
-1,1232,0.0
-1,1233,0.0
-1,1234,0.0
-1,1235,0.06666666666666667
-1,1236,0.5333333333333333
-1,1237,0.0
-1,1238,0.0
-1,1239,0.0
-1,1240,0.0
-1,1241,0.2
-1,1242,0.4666666666666667
-1,1243,0.0
-1,1244,0.0
-1,1245,0.0
-1,1246,0.3333333333333333
-1,1247,0.0
-1,1248,0.2
-1,1249,0.36666666666666664
-1,1250,0.0
-1,1251,0.0
-1,1252,0.1
-1,1253,0.6333333333333333
-1,1254,0.23333333333333334
-1,1255,0.0
-1,1256,0.6666666666666666
-1,1257,0.4
-1,1258,0.06666666666666667
-1,1259,0.0
-1,1260,0.03333333333333333
-1,1261,0.5666666666666667
-1,1262,0.03333333333333333
-1,1263,0.0
-1,1264,0.16666666666666666
-1,1265,0.0
-1,1266,0.0
-1,1267,0.0
-1,1268,0.0
-1,1269,0.0
-1,1270,0.5
-1,1271,0.0
-1,1272,0.0
-1,1273,0.0
-1,1274,0.0
-1,1275,0.0
-1,1276,0.0
-1,1277,0.23333333333333334
-1,1278,0.0
-1,1279,0.0
-1,1280,0.0
-1,1281,0.0
-1,1282,0.0
-1,1283,0.0
-1,1284,0.03333333333333333
-1,1285,0.1
-1,1286,0.0
-1,1287,0.0
-1,1288,0.3
-1,1289,0.2
-1,1290,0.3
-1,1291,0.5333333333333333
-1,1292,0.4
-1,1293,0.0
-1,1294,0.0
-1,1295,0.3
-1,1296,0.6666666666666666
-1,1297,0.0
-1,1298,0.06666666666666667
-1,1299,0.0
-1,1300,0.0
-1,1301,0.0
-1,1302,0.2
-1,1303,0.0
-1,1304,0.0
-1,1305,0.3333333333333333
-1,1306,0.5333333333333333
-1,1307,0.0
-1,1308,0.0
-1,1309,0.0
-1,1310,0.0
-1,1311,0.0
-1,1312,0.0
-1,1313,0.0
-1,1314,0.1
-1,1315,0.0
-1,1316,0.0
-1,1317,0.0
-1,1318,0.0
-1,1319,0.2
-1,1320,0.0
-1,1321,0.0
-1,1322,0.0
-1,1323,0.16666666666666666
-1,1324,0.6666666666666666
-1,1325,0.0
-1,1326,0.0
-1,1327,0.0
-1,1328,0.3333333333333333
-1,1329,0.5666666666666667
-1,1330,0.7
-1,1331,0.03333333333333333
-1,1332,0.26666666666666666
-1,1333,0.0
-1,1334,0.0
-1,1335,0.06666666666666667
-1,1336,0.0
-1,1337,0.0
-1,1338,0.3333333333333333
-1,1339,0.0
-1,1340,0.0
-1,1341,0.0
-1,1342,0.9333333333333333
-1,1343,0.0
-1,1344,0.0
-1,1345,0.6666666666666666
-1,1346,0.0
-1,1347,0.0
-1,1348,0.0
-1,1349,0.06666666666666667
-1,1350,0.03333333333333333
-1,1351,0.23333333333333334
-1,1352,0.0
-1,1353,0.0
-1,1354,0.26666666666666666
-1,1355,0.0
-1,1356,0.0
-1,1357,0.1
-1,1358,0.0
-1,1359,0.0
-1,1360,0.0
-1,1361,0.0
-1,1362,0.0
-1,1363,0.0
-1,1364,0.0
-1,1365,0.0
-1,1366,0.06666666666666667
-1,1367,0.0
-1,1368,0.0
-1,1369,0.36666666666666664
-1,1370,0.0
-1,1371,0.5666666666666667
-1,1372,0.43333333333333335
-1,1373,0.0
-1,1374,0.0
-1,1375,0.0
-1,1376,0.1
-1,1377,0.0
-1,1378,0.2
-1,1379,0.13333333333333333
-1,1380,0.0
-1,1381,0.0
-1,1382,0.6
-1,1383,0.0
-1,1384,0.23333333333333334
-1,1385,0.0
-1,1386,0.06666666666666667
-1,1387,0.0
-1,1388,0.5666666666666667
-1,1389,0.0
-1,1390,0.0
-1,1391,0.0
-1,1392,0.0
-1,1393,0.0
-1,1394,0.03333333333333333
-1,1395,0.0
-1,1396,0.0
-1,1397,0.9666666666666667
-1,1398,0.0
-1,1399,0.0
-1,1400,0.13333333333333333
-1,1401,0.0
-1,1402,0.0
-1,1403,0.03333333333333333
-1,1404,0.0
-1,1405,0.0
-1,1406,0.0
-1,1407,0.0
-1,1408,0.0
-1,1409,0.13333333333333333
-1,1410,0.4666666666666667
-1,1411,0.13333333333333333
-1,1412,0.0
-1,1413,0.4
-1,1414,0.0
-1,1415,0.0
-1,1416,0.0
-1,1417,0.03333333333333333
-1,1418,0.0
-1,1419,0.4
-1,1420,0.0
-1,1421,0.0
-1,1422,0.5333333333333333
-1,1423,0.0
-1,1424,0.0
-1,1425,0.43333333333333335
-1,1426,0.0
-1,1427,0.0
-1,1428,0.9
-1,1429,0.06666666666666667
-1,1430,0.0
-1,1431,0.0
-1,1432,0.0
-1,1433,0.0
-1,1434,0.0
-1,1435,0.0
-1,1436,0.36666666666666664
-1,1437,0.16666666666666666
-1,1438,0.0
-1,1439,0.0
-1,1440,0.0
-1,1441,0.2
-1,1442,0.0
-1,1443,0.0
-1,1444,0.0
-1,1445,0.3
-1,1446,0.0
-1,1447,0.3
-1,1448,0.2
-1,1449,0.0
-1,1450,0.9333333333333333
-1,1451,0.26666666666666666
-1,1452,0.5333333333333333
-1,1453,0.5333333333333333
-1,1454,0.0
-1,1455,0.0
-1,1456,0.0
-1,1457,0.36666666666666664
-1,1458,0.13333333333333333
-1,1459,0.4
-1,1460,0.0
-1,1461,0.16666666666666666
-1,1462,0.0
-1,1463,0.0
-1,1464,0.0
-1,1465,0.0
-1,1466,0.0
-1,1467,0.0
-1,1468,0.0
-1,1469,0.0
-1,1470,0.36666666666666664
-1,1471,0.0
-1,1472,0.1
-1,1473,0.7333333333333333
-1,1474,0.0
-1,1475,0.0
-1,1476,0.0
-1,1477,0.16666666666666666
-1,1478,0.0
-1,1479,0.0
-1,1480,0.0
-1,1481,0.0
-1,1482,0.06666666666666667
-1,1483,0.0
-1,1484,0.4666666666666667
-1,1485,0.8333333333333334
-1,1486,0.0
-1,1487,0.0
-1,1488,0.43333333333333335
-1,1489,0.16666666666666666
-1,1490,0.0
-1,1491,0.0
-1,1492,0.36666666666666664
-1,1493,0.6666666666666666
-1,1494,0.0
-1,1495,0.0
-1,1496,0.0
-1,1497,0.4
-1,1498,0.0
-1,1499,0.5
-1,1500,0.0
-1,1501,0.0
-1,1502,0.0
-1,1503,0.26666666666666666
-1,1504,0.0
-1,1505,0.4666666666666667
-1,1506,0.0
-1,1507,0.0
-1,1508,0.03333333333333333
-1,1509,0.0
-1,1510,0.0
-1,1511,0.5666666666666667
-1,1512,0.4
-1,1513,0.0
-1,1514,0.06666666666666667
-1,1515,0.2
-1,1516,0.16666666666666666
-1,1517,0.0
-1,1518,0.0
-1,1519,0.0
-1,1520,0.0
-1,1521,0.0
-1,1522,0.3333333333333333
-1,1523,0.0
-1,1524,0.0
-1,1525,0.8333333333333334
-1,1526,0.0
-1,1527,0.0
-1,1528,0.0
-1,1529,0.0
-1,1530,0.0
-1,1531,0.3
-1,1532,0.0
-1,1533,0.0
-1,1534,0.0
-1,1535,0.0
-1,1536,0.0
-1,1537,0.0
-1,1538,0.1
-1,1539,0.0
-1,1540,0.0
-1,1541,0.06666666666666667
-1,1542,0.0
-1,1543,0.2
-1,1544,0.5
-1,1545,0.2
-1,1546,0.5333333333333333
-1,1547,0.0
-1,1548,0.0
-1,1549,0.0
-1,1550,0.0
-1,1551,0.0
-1,1552,0.4666666666666667
-1,1553,0.0
-1,1554,0.0
-1,1555,0.0
-1,1556,0.0
-1,1557,0.43333333333333335
-1,1558,0.9666666666666667
-1,1559,0.4666666666666667
-1,1560,0.16666666666666666
-1,1561,0.0
-1,1562,0.0
-1,1563,0.0
-1,1564,0.0
-1,1565,0.0
-1,1566,0.6666666666666666
-1,1567,0.0
-1,1568,0.0
-1,1569,0.1
-1,1570,0.0
-1,1571,0.0
-1,1572,0.0
-1,1573,0.0
-1,1574,0.0
-1,1575,0.0
-1,1576,0.0
-1,1577,0.0
-1,1578,0.0
-1,1579,1.0
-1,1580,0.0
-1,1581,0.9333333333333333
-1,1582,0.0
-1,1583,0.0
-1,1584,0.0
-1,1585,0.0
-1,1586,0.2
-1,1587,0.1
-1,1588,0.4666666666666667
-1,1589,0.4666666666666667
-1,1590,0.6333333333333333
-1,1591,0.0
-1,1592,0.0
-1,1593,0.1
-1,1594,0.0
-1,1595,0.0
-1,1596,0.6666666666666666
-1,1597,0.2
-1,1598,0.5
-1,1599,0.1
-1,1600,0.3
-1,1601,0.0
-1,1602,0.4666666666666667
-1,1603,0.5666666666666667
-1,1604,0.0
-1,1605,0.0
-1,1606,0.0
-1,1607,0.06666666666666667
-1,1608,0.0
-1,1609,0.4
-1,1610,0.0
-1,1611,0.7666666666666667
-1,1612,0.0
-1,1613,0.43333333333333335
-1,1614,0.06666666666666667
-1,1615,0.0
-1,1616,0.16666666666666666
-1,1617,0.0
-1,1618,0.0
-1,1619,0.0
-1,1620,0.0
-1,1621,0.0
-1,1622,0.0
-1,1623,0.0
-1,1624,0.0
-1,1625,0.2
-1,1626,0.36666666666666664
-1,1627,0.1
-1,1628,0.5333333333333333
-1,1629,0.0
-1,1630,0.0
-1,1631,0.0
-1,1632,0.4666666666666667
-1,1633,0.9
-1,1634,0.0
-1,1635,0.0
-1,1636,0.1
-1,1637,0.23333333333333334
-1,1638,0.7
-1,1639,0.0
-1,1640,0.3333333333333333
-1,1641,0.06666666666666667
-1,1642,0.0
-1,1643,0.0
-1,1644,0.0
-1,1645,0.0
-1,1646,0.0
-1,1647,0.03333333333333333
-1,1648,0.26666666666666666
-1,1649,0.26666666666666666
-1,1650,0.0
-1,1651,0.0
-1,1652,0.0
-1,1653,0.3333333333333333
-1,1654,0.0
-1,1655,0.0
-1,1656,0.0
-1,1657,0.0
-1,1658,0.0
-1,1659,0.36666666666666664
-1,1660,0.0
-1,1661,0.9333333333333333
-1,1662,0.0
-1,1663,0.06666666666666667
-1,1664,0.0
-1,1665,0.9666666666666667
-1,1666,0.0
-1,1667,0.0
-1,1668,0.3
-1,1669,0.0
-1,1670,0.6666666666666666
-1,1671,0.8333333333333334
-1,1672,0.0
-1,1673,0.0
-1,1674,0.0
-1,1675,0.0
-1,1676,0.0
-1,1677,0.0
-1,1678,0.06666666666666667
-1,1679,0.0
-1,1680,0.0
-1,1681,0.0
-1,1682,0.0
-1,1683,0.0
-1,1684,0.0
-1,1685,0.3
-1,1686,0.5666666666666667
-1,1687,0.2
-1,1688,0.23333333333333334
-1,1689,0.3333333333333333
-1,1690,0.0
-1,1691,0.0
-1,1692,0.03333333333333333
-1,1693,0.0
-1,1694,0.7333333333333333
-1,1695,0.0
-1,1696,0.0
-1,1697,0.16666666666666666
-1,1698,0.0
-1,1699,0.6666666666666666
-1,1700,0.0
-1,1701,0.0
-1,1702,0.9
-1,1703,0.4
-1,1704,0.0
-1,1705,0.0
-1,1706,0.5
-1,1707,0.13333333333333333
-1,1708,0.0
-1,1709,0.5
-1,1710,0.0
-1,1711,0.0
-1,1712,0.0
-1,1713,0.06666666666666667
-1,1714,0.0
-1,1715,0.4
-1,1716,0.2
-1,1717,0.0
-1,1718,0.0
-1,1719,0.0
-1,1720,0.0
-1,1721,0.06666666666666667
-1,1722,0.0
-1,1723,0.26666666666666666
-1,1724,0.43333333333333335
-1,1725,0.13333333333333333
-1,1726,0.26666666666666666
-1,1727,0.0
-1,1728,0.5333333333333333
-1,1729,0.9333333333333333
-1,1730,0.26666666666666666
-1,1731,0.16666666666666666
-1,1732,0.0
-1,1733,0.0
-1,1734,0.26666666666666666
-1,1735,0.7666666666666667
-1,1736,0.13333333333333333
-1,1737,0.0
-1,1738,0.6
-1,1739,0.0
-1,1740,0.7
-1,1741,0.0
-1,1742,0.6333333333333333
-1,1743,0.0
-1,1744,0.0
-1,1745,0.26666666666666666
-1,1746,0.0
-1,1747,0.0
-1,1748,0.0
-1,1749,0.0
-1,1750,0.0
-1,1751,0.0
-1,1752,0.13333333333333333
-1,1753,0.0
-1,1754,0.0
-1,1755,0.0
-1,1756,0.8666666666666667
-1,1757,0.0
-1,1758,0.06666666666666667
-1,1759,0.06666666666666667
-1,1760,0.03333333333333333
-1,1761,0.16666666666666666
-1,1762,0.36666666666666664
-1,1763,0.03333333333333333
-1,1764,0.0
-1,1765,0.3
-1,1766,0.0
-1,1767,0.0
-1,1768,0.5333333333333333
-1,1769,0.5333333333333333
-1,1770,0.0
-1,1771,0.0
-1,1772,0.8
-1,1773,0.16666666666666666
-1,1774,0.0
-1,1775,0.5666666666666667
-1,1776,0.0
-1,1777,0.43333333333333335
-1,1778,0.2
-1,1779,0.6333333333333333
-1,1780,0.03333333333333333
-1,1781,0.0
-1,1782,0.0
-1,1783,0.0
-1,1784,0.0
-1,1785,0.8
-1,1786,0.0
-1,1787,0.0
-1,1788,0.26666666666666666
-1,1789,0.0
-1,1790,0.0
-1,1791,0.0
-1,1792,0.36666666666666664
-1,1793,0.03333333333333333
-1,1794,0.0
-1,1795,0.0
-1,1796,0.0
-1,1797,0.03333333333333333
-1,1798,0.0
-1,1799,0.13333333333333333
-1,1800,0.03333333333333333
-1,1801,0.0
-1,1802,0.0
-1,1803,0.0
-1,1804,0.3
-1,1805,0.9333333333333333
-1,1806,0.0
-1,1807,0.5333333333333333
-1,1808,0.16666666666666666
-1,1809,0.0
-1,1810,0.0
-1,1811,0.0
-1,1812,0.3
-1,1813,0.0
-1,1814,0.13333333333333333
-1,1815,0.36666666666666664
-1,1816,0.06666666666666667
-1,1817,0.0
-1,1818,1.0
-1,1819,0.26666666666666666
-1,1820,0.36666666666666664
-1,1821,0.0
-1,1822,0.2
-1,1823,0.5333333333333333
-1,1824,0.03333333333333333
-1,1825,0.0
-1,1826,0.0
-1,1827,0.0
-1,1828,0.0
-1,1829,0.06666666666666667
-1,1830,0.0
-1,1831,0.3333333333333333
-1,1832,0.13333333333333333
-1,1833,0.7666666666666667
-1,1834,0.0
-1,1835,0.16666666666666666
-1,1836,0.5666666666666667
-1,1837,0.0
-1,1838,0.0
-1,1839,0.0
-1,1840,0.0
-1,1841,0.0
-1,1842,0.0
-1,1843,0.0
-1,1844,0.0
-1,1845,0.0
-1,1846,0.0
-1,1847,0.0
-1,1848,0.0
-1,1849,0.03333333333333333
-1,1850,0.0
-1,1851,0.06666666666666667
-1,1852,0.0
-1,1853,0.0
-1,1854,0.0
-1,1855,0.0
-1,1856,0.0
-1,1857,0.26666666666666666
-1,1858,0.0
-1,1859,0.0
-1,1860,0.2
-1,1861,0.0
-1,1862,0.5
-1,1863,0.6666666666666666
-1,1864,0.4666666666666667
-1,1865,0.4666666666666667
-1,1866,0.0
-1,1867,0.6
-1,1868,0.0
-1,1869,0.2
-1,1870,0.0
-1,1871,0.0
-1,1872,0.0
-1,1873,0.0
-1,1874,0.0
-1,1875,0.6
-1,1876,0.0
-1,1877,0.0
-1,1878,0.0
-1,1879,0.0
-1,1880,0.0
-1,1881,0.03333333333333333
-1,1882,0.0
-1,1883,0.0
-1,1884,0.06666666666666667
-1,1885,0.2
-1,1886,0.0
-1,1887,0.0
-1,1888,0.03333333333333333
-1,1889,0.0
-1,1890,0.0
-1,1891,0.3
-1,1892,0.0
-1,1893,0.0
-1,1894,0.5
-1,1895,0.0
-1,1896,0.0
-1,1897,0.03333333333333333
-1,1898,0.1
-1,1899,0.0
-1,1900,0.0
-1,1901,0.0
-1,1902,0.0
-1,1903,0.0
-1,1904,0.0
-1,1905,0.0
-1,1906,0.03333333333333333
-1,1907,0.0
-1,1908,0.6333333333333333
-1,1909,0.0
-1,1910,0.0
-1,1911,0.5666666666666667
-1,1912,0.0
-1,1913,0.5
-1,1914,0.0
-1,1915,0.0
-1,1916,0.03333333333333333
-1,1917,0.0
-1,1918,0.0
-1,1919,0.0
-1,1920,0.0
-1,1921,0.0
-1,1922,0.43333333333333335
-1,1923,0.13333333333333333
-1,1924,0.0
-1,1925,0.0
-1,1926,0.43333333333333335
-1,1927,0.16666666666666666
-1,1928,0.0
-1,1929,0.0
-1,1930,0.5
-1,1931,0.0
-1,1932,0.0
-1,1933,0.0
-1,1934,0.0
-1,1935,0.0
-1,1936,0.0
-1,1937,0.0
-1,1938,0.0
-1,1939,0.5
-1,1940,0.0
-1,1941,0.0
-1,1942,0.0
-1,1943,0.0
-1,1944,0.23333333333333334
-1,1945,0.0
-1,1946,0.0
-1,1947,0.5666666666666667
-1,1948,0.36666666666666664
-1,1949,0.0
-1,1950,0.06666666666666667
-1,1951,0.0
-1,1952,0.06666666666666667
-1,1953,0.0
-1,1954,0.26666666666666666
-1,1955,0.26666666666666666
-1,1956,0.0
-1,1957,0.0
-1,1958,0.0
-1,1959,0.7666666666666667
-1,1960,0.0
-1,1961,0.4666666666666667
-1,1962,0.0
-1,1963,0.0
-1,1964,0.3
-1,1965,0.2
-1,1966,0.0
-1,1967,0.2
-1,1968,0.4666666666666667
-1,1969,0.0
-1,1970,0.0
-1,1971,0.8
-1,1972,0.1
-1,1973,0.03333333333333333
-1,1974,0.0
-1,1975,0.0
-1,1976,0.0
-1,1977,0.16666666666666666
-1,1978,0.0
-1,1979,0.26666666666666666
-1,1980,0.0
-1,1981,0.0
-1,1982,0.4
-1,1983,0.5
-1,1984,0.6666666666666666
-1,1985,0.0
-1,1986,0.0
-1,1987,0.0
-1,1988,0.43333333333333335
-1,1989,0.0
-1,1990,0.26666666666666666
-1,1991,0.0
-1,1992,0.0
-1,1993,0.9333333333333333
-1,1994,0.8
-1,1995,0.0
-1,1996,0.13333333333333333
-1,1997,0.0
-1,1998,0.0
-1,1999,0.0
-1,2000,0.7666666666666667
-1,2001,0.2
-1,2002,0.0
-1,2003,0.03333333333333333
-1,2004,0.0
-1,2005,0.0
-1,2006,0.0
-1,2007,0.6
-1,2008,0.0
-1,2009,0.0
-1,2010,0.7666666666666667
-1,2011,0.0
-1,2012,0.03333333333333333
-1,2013,0.0
-1,2014,0.0
-1,2015,0.0
-1,2016,0.36666666666666664
-1,2017,0.16666666666666666
-1,2018,0.0
-1,2019,0.06666666666666667
-1,2020,0.0
-1,2021,0.0
-1,2022,0.5
-1,2023,0.1
-1,2024,0.36666666666666664
-1,2025,0.0
-1,2026,0.16666666666666666
-1,2027,0.3
-1,2028,0.6666666666666666
-1,2029,0.0
-1,2030,0.0
-1,2031,0.26666666666666666
-1,2032,0.9333333333333333
-1,2033,0.0
-1,2034,0.0
-1,2035,0.0
-1,2036,0.0
-1,2037,0.0
-1,2038,0.6666666666666666
-1,2039,0.0
-1,2040,0.6333333333333333
-1,2041,0.0
-1,2042,0.0
-1,2043,0.0
-1,2044,0.0
-1,2045,0.3
-1,2046,0.4
-1,2047,0.3
-1,2048,0.0
-1,2049,0.3333333333333333
-1,2050,0.0
-1,2051,0.0
-1,2052,0.0
-1,2053,0.36666666666666664
-1,2054,0.0
-1,2055,0.03333333333333333
-1,2056,0.0
-1,2057,0.5333333333333333
-1,2058,0.0
-1,2059,0.23333333333333334
-1,2060,0.0
-1,2061,0.0
-1,2062,0.0
-1,2063,0.0
-1,2064,0.1
-1,2065,0.0
-1,2066,0.0
-1,2067,0.9333333333333333
-1,2068,0.0
-1,2069,0.0
-1,2070,0.0
-1,2071,0.0
-1,2072,0.1
-1,2073,0.23333333333333334
-1,2074,0.0
-1,2075,0.0
-1,2076,0.1
-1,2077,0.4
-1,2078,0.0
-1,2079,0.36666666666666664
-1,2080,0.2
-1,2081,1.0
-1,2082,0.0
-1,2083,0.0
-1,2084,0.4
-1,2085,0.0
-1,2086,0.16666666666666666
-1,2087,0.0
-1,2088,0.26666666666666666
-1,2089,0.4
-1,2090,0.4666666666666667
-1,2091,0.6
-1,2092,0.6666666666666666
-1,2093,0.0
-1,2094,0.03333333333333333
-1,2095,0.0
-1,2096,0.0
-1,2097,0.4666666666666667
-1,2098,0.0
-1,2099,0.0
-1,2100,0.5
-1,2101,0.0
-1,2102,0.06666666666666667
-1,2103,0.0
-1,2104,0.0
-1,2105,0.0
-1,2106,0.0
-1,2107,0.5333333333333333
-1,2108,0.0
-1,2109,0.26666666666666666
-1,2110,0.0
-1,2111,0.4
-1,2112,0.5666666666666667
-1,2113,0.0
-1,2114,0.0
-1,2115,0.0
-1,2116,0.26666666666666666
-1,2117,0.0
-1,2118,0.0
-1,2119,0.0
-1,2120,0.0
-1,2121,0.0
-1,2122,0.0
-1,2123,0.13333333333333333
-1,2124,0.0
-1,2125,0.7333333333333333
-1,2126,0.1
-1,2127,0.0
-1,2128,0.03333333333333333
-1,2129,0.3
-1,2130,0.06666666666666667
-1,2131,0.5666666666666667
-1,2132,0.9666666666666667
-1,2133,0.9666666666666667
-1,2134,0.06666666666666667
-1,2135,0.8333333333333334
-1,2136,0.1
-1,2137,0.4
-1,2138,0.8333333333333334
-1,2139,0.0
-1,2140,0.0
-1,2141,0.0
-1,2142,0.0
-1,2143,0.9
-1,2144,0.06666666666666667
-1,2145,0.36666666666666664
-1,2146,0.6
-1,2147,0.0
-1,2148,0.0
-1,2149,0.0
-1,2150,0.0
-1,2151,0.0
-1,2152,0.43333333333333335
-1,2153,0.0
-1,2154,0.0
-1,2155,0.0
-1,2156,0.0
-1,2157,0.3
-1,2158,0.0
-1,2159,0.0
-1,2160,0.26666666666666666
-1,2161,0.0
-1,2162,0.0
-1,2163,0.0
-1,2164,0.9666666666666667
-1,2165,0.0
-1,2166,0.0
-1,2167,0.0
-1,2168,0.7
-1,2169,0.0
-1,2170,0.0
-1,2171,0.0
-1,2172,0.23333333333333334
-1,2173,0.0
-1,2174,0.0
-1,2175,0.0
-1,2176,0.0
-1,2177,0.6333333333333333
-1,2178,0.0
-1,2179,0.0
-1,2180,0.43333333333333335
-1,2181,0.0
-1,2182,0.03333333333333333
-1,2183,0.0
-1,2184,0.0
-1,2185,0.0
-1,2186,0.0
-1,2187,0.0
-1,2188,0.6333333333333333
-1,2189,0.0
-1,2190,0.0
-1,2191,0.0
-1,2192,0.0
-1,2193,0.03333333333333333
-1,2194,0.0
-1,2195,0.0
-1,2196,0.23333333333333334
-1,2197,0.0
-1,2198,1.0
-1,2199,0.06666666666666667
-1,2200,0.1
-1,2201,0.0
-1,2202,0.3
-1,2203,0.0
-1,2204,0.0
-1,2205,0.0
-1,2206,0.0
-1,2207,0.3333333333333333
-1,2208,0.5666666666666667
-1,2209,0.0
-1,2210,0.0
-1,2211,0.0
-1,2212,0.23333333333333334
-1,2213,0.0
-1,2214,0.0
-1,2215,0.0
-1,2216,0.0
-1,2217,0.0
-1,2218,0.0
-1,2219,0.3333333333333333
-1,2220,0.0
-1,2221,0.4
-1,2222,0.0
-1,2223,0.6666666666666666
-1,2224,0.1
-1,2225,0.36666666666666664
-1,2226,0.0
-1,2227,0.26666666666666666
-1,2228,0.0
-1,2229,0.0
-1,2230,0.03333333333333333
-1,2231,0.0
-1,2232,0.0
-1,2233,0.4
-1,2234,0.9666666666666667
-1,2235,0.0
-1,2236,0.3
-1,2237,0.2
-1,2238,0.0
-1,2239,0.0
-1,2240,0.0
-1,2241,0.0
-1,2242,0.16666666666666666
-1,2243,0.0
-1,2244,0.0
-1,2245,0.0
-1,2246,0.0
-1,2247,0.0
-1,2248,0.0
-1,2249,0.0
-1,2250,0.0
-1,2251,0.26666666666666666
-1,2252,0.0
-1,2253,0.0
-1,2254,0.0
-1,2255,0.0
-1,2256,0.0
-1,2257,0.0
-1,2258,0.0
-1,2259,0.0
-1,2260,0.0
-1,2261,0.1
-1,2262,0.0
-1,2263,0.16666666666666666
-1,2264,0.26666666666666666
-1,2265,0.0
-1,2266,0.2
-1,2267,0.0
-1,2268,0.0
-1,2269,0.2
-1,2270,0.06666666666666667
-1,2271,0.0
-1,2272,0.16666666666666666
-1,2273,0.0
-1,2274,0.0
-1,2275,0.1
-1,2276,0.0
-1,2277,0.0
-1,2278,0.0
-1,2279,0.7666666666666667
-1,2280,0.4
-1,2281,0.0
-1,2282,0.5
-1,2283,0.0
-1,2284,0.8666666666666667
-1,2285,0.13333333333333333
-1,2286,1.0
-1,2287,0.0
-1,2288,0.36666666666666664
-1,2289,0.03333333333333333
-1,2290,0.1
-1,2291,0.0
-1,2292,0.1
-1,2293,0.0
-1,2294,0.0
-1,2295,0.7
-1,2296,0.0
-1,2297,0.0
-1,2298,0.43333333333333335
-1,2299,0.0
-1,2300,0.0
-1,2301,0.0
-1,2302,0.16666666666666666
-1,2303,0.0
-1,2304,0.0
-1,2305,0.0
-1,2306,0.4
-1,2307,0.4666666666666667
-1,2308,0.0
-1,2309,0.1
-1,2310,0.26666666666666666
-1,2311,0.0
-1,2312,0.0
-1,2313,0.0
-1,2314,0.13333333333333333
-1,2315,0.0
-1,2316,0.23333333333333334
-1,2317,0.03333333333333333
-1,2318,0.06666666666666667
-1,2319,0.26666666666666666
-1,2320,0.0
-1,2321,0.0
-1,2322,0.0
-1,2323,0.0
-1,2324,0.0
-1,2325,0.23333333333333334
-1,2326,0.0
-1,2327,0.0
-1,2328,0.0
-1,2329,0.0
-1,2330,0.06666666666666667
-1,2331,0.0
-1,2332,0.0
-1,2333,0.0
-1,2334,0.0
-1,2335,0.0
-1,2336,0.0
-1,2337,0.0
-1,2338,0.0
-1,2339,0.0
-1,2340,0.0
-1,2341,0.16666666666666666
-1,2342,0.0
-1,2343,0.4
-1,2344,0.26666666666666666
-1,2345,0.8
-1,2346,0.0
-1,2347,0.0
-1,2348,0.13333333333333333
-1,2349,0.0
-1,2350,0.26666666666666666
-1,2351,0.0
-1,2352,0.0
-1,2353,0.06666666666666667
-1,2354,0.1
-1,2355,0.4
-1,2356,0.0
-1,2357,0.0
-1,2358,0.0
-1,2359,0.9333333333333333
-1,2360,0.26666666666666666
-1,2361,0.8666666666666667
-1,2362,0.5666666666666667
-1,2363,0.23333333333333334
-1,2364,0.23333333333333334
-1,2365,0.23333333333333334
-1,2366,0.0
-1,2367,0.1
-1,2368,0.0
-1,2369,0.8333333333333334
-1,2370,0.0
-1,2371,0.43333333333333335
-1,2372,0.7666666666666667
-1,2373,0.43333333333333335
-1,2374,0.0
-1,2375,0.0
-1,2376,0.36666666666666664
-1,2377,0.8333333333333334
-1,2378,0.0
-1,2379,0.0
-1,2380,0.16666666666666666
-1,2381,0.0
-1,2382,0.0
-1,2383,0.43333333333333335
-1,2384,0.0
-1,2385,0.0
-1,2386,0.26666666666666666
-1,2387,0.36666666666666664
-1,2388,0.9333333333333333
-1,2389,0.0
-1,2390,0.9333333333333333
-1,2391,0.0
-1,2392,0.0
-1,2393,0.0
-1,2394,0.0
-1,2395,0.0
-1,2396,0.0
-1,2397,0.13333333333333333
-1,2398,0.0
-1,2399,0.0
-1,2400,0.0
-1,2401,0.0
-1,2402,0.0
-1,2403,0.5333333333333333
-1,2404,0.0
-1,2405,0.0
-1,2406,0.0
-1,2407,0.0
-1,2408,0.0
-1,2409,0.0
-1,2410,0.0
-1,2411,0.6333333333333333
-1,2412,0.0
-1,2413,0.0
-1,2414,0.0
-1,2415,0.0
-1,2416,0.4666666666666667
-1,2417,0.5
-1,2418,0.0
-1,2419,0.03333333333333333
-1,2420,0.0
-1,2421,0.0
-1,2422,0.0
-1,2423,0.0
-1,2424,0.03333333333333333
-1,2425,0.0
-1,2426,0.0
-1,2427,0.0
-1,2428,0.3
-1,2429,0.1
-1,2430,0.0
-1,2431,0.0
-1,2432,0.06666666666666667
-1,2433,0.0
-1,2434,0.5666666666666667
-1,2435,0.3333333333333333
-1,2436,0.3
-1,2437,0.0
-1,2438,0.5333333333333333
-1,2439,0.03333333333333333
-1,2440,0.0
-1,2441,0.0
-1,2442,0.4666666666666667
-1,2443,0.23333333333333334
-1,2444,0.0
-1,2445,0.0
-1,2446,0.5
-1,2447,0.0
-1,2448,0.0
-1,2449,0.0
-1,2450,0.03333333333333333
-1,2451,0.0
-1,2452,0.0
-1,2453,0.26666666666666666
-1,2454,0.0
-1,2455,0.0
-1,2456,0.0
-1,2457,0.0
-1,2458,0.0
-1,2459,0.6333333333333333
-1,2460,0.5
-1,2461,0.0
-1,2462,0.06666666666666667
-1,2463,0.36666666666666664
-1,2464,0.0
-1,2465,0.5666666666666667
-1,2466,0.6666666666666666
-1,2467,0.4
-1,2468,0.0
-1,2469,0.7333333333333333
-1,2470,0.0
-1,2471,0.06666666666666667
-1,2472,0.0
-1,2473,0.8333333333333334
-1,2474,0.0
-1,2475,0.5666666666666667
-1,2476,0.0
-1,2477,0.0
-1,2478,0.0
-1,2479,0.0
-1,2480,0.0
-1,2481,0.9333333333333333
-1,2482,0.5333333333333333
-1,2483,0.43333333333333335
-1,2484,0.0
-1,2485,0.0
-1,2486,0.0
-1,2487,0.8333333333333334
-1,2488,0.06666666666666667
-1,2489,0.2
-1,2490,0.0
-1,2491,0.0
-1,2492,0.0
-1,2493,0.0
-1,2494,0.43333333333333335
-1,2495,0.0
-1,2496,0.0
-1,2497,0.8333333333333334
-1,2498,0.0
-1,2499,0.0
-1,2500,0.0
-1,2501,0.0
-1,2502,0.0
-1,2503,0.0
-1,2504,0.2
-1,2505,0.0
-1,2506,0.6
-1,2507,0.16666666666666666
-1,2508,0.0
-1,2509,0.1
-1,2510,0.4
-1,2511,0.2
-1,2512,0.16666666666666666
-1,2513,0.0
-1,2514,0.13333333333333333
-1,2515,0.0
-1,2516,0.0
-1,2517,0.0
-1,2518,0.16666666666666666
-1,2519,0.13333333333333333
-1,2520,0.0
-1,2521,0.26666666666666666
-1,2522,0.0
-1,2523,0.0
-1,2524,0.0
-1,2525,0.2
-1,2526,0.0
-1,2527,0.2
-1,2528,0.0
-1,2529,0.4
-1,2530,0.0
-1,2531,0.0
-1,2532,0.0
-1,2533,0.2
-1,2534,0.0
-1,2535,0.4
-1,2536,0.0
-1,2537,0.0
-1,2538,0.03333333333333333
-1,2539,0.0
-1,2540,0.0
-1,2541,0.0
-1,2542,0.3333333333333333
-1,2543,0.6333333333333333
-1,2544,0.0
-1,2545,0.0
-1,2546,0.0
-1,2547,0.0
-1,2548,0.0
-1,2549,0.8333333333333334
-1,2550,0.0
-1,2551,0.7666666666666667
-1,2552,0.0
-1,2553,0.0
-1,2554,0.13333333333333333
-1,2555,0.36666666666666664
-1,2556,0.0
-1,2557,0.0
-1,2558,0.7333333333333333
-1,2559,0.0
-1,2560,0.0
-1,2561,0.0
-1,2562,0.9
-1,2563,0.0
-1,2564,0.36666666666666664
-1,2565,0.0
-1,2566,0.0
-1,2567,0.8333333333333334
-1,2568,0.0
-1,2569,0.0
-1,2570,0.0
-1,2571,0.26666666666666666
-1,2572,0.2
-1,2573,0.0
-1,2574,0.0
-1,2575,0.0
-1,2576,0.36666666666666664
-1,2577,0.36666666666666664
-1,2578,0.5
-1,2579,0.13333333333333333
-1,2580,0.5
-1,2581,0.0
-1,2582,0.03333333333333333
-1,2583,0.0
-1,2584,0.0
-1,2585,0.0
-1,2586,0.0
-1,2587,0.03333333333333333
-1,2588,0.0
-1,2589,0.0
-1,2590,0.0
-1,2591,0.0
-1,2592,0.0
-1,2593,0.3333333333333333
-1,2594,0.0
-1,2595,0.0
-1,2596,0.3333333333333333
-1,2597,0.6333333333333333
-1,2598,0.0
-1,2599,0.0
-1,2600,0.0
-1,2601,0.0
-1,2602,0.0
-1,2603,0.0
-1,2604,0.2
-1,2605,0.0
-1,2606,0.0
-1,2607,0.0
-1,2608,0.1
-1,2609,0.26666666666666666
-1,2610,0.0
-1,2611,0.0
-1,2612,0.0
-1,2613,0.26666666666666666
-1,2614,0.0
-1,2615,0.0
-1,2616,1.0
-1,2617,0.0
-1,2618,0.0
-1,2619,0.0
-1,2620,0.6666666666666666
-1,2621,0.0
-1,2622,0.0
-1,2623,0.1
-1,2624,0.6333333333333333
-1,2625,0.0
-1,2626,0.0
-1,2627,0.0
-1,2628,0.0
-1,2629,0.06666666666666667
-1,2630,0.0
-1,2631,0.1
-1,2632,0.0
-1,2633,0.0
-1,2634,0.06666666666666667
-1,2635,0.3333333333333333
-1,2636,0.4666666666666667
-1,2637,0.0
-1,2638,0.0
-1,2639,0.0
-1,2640,0.0
-1,2641,0.43333333333333335
-1,2642,0.0
-1,2643,0.0
-1,2644,0.0
-1,2645,0.0
-1,2646,0.0
-1,2647,0.0
-1,2648,0.0
-1,2649,0.16666666666666666
-1,2650,0.0
-1,2651,0.0
-1,2652,0.7333333333333333
-1,2653,0.0
-1,2654,0.0
-1,2655,0.0
-1,2656,0.0
-1,2657,0.0
-1,2658,0.0
-1,2659,0.0
-1,2660,0.6
-1,2661,0.1
-1,2662,0.0
-1,2663,0.43333333333333335
-1,2664,0.0
-1,2665,0.0
-1,2666,0.0
-1,2667,0.0
-1,2668,0.0
-1,2669,0.1
-1,2670,0.0
-1,2671,0.0
-1,2672,0.4
-1,2673,0.0
-1,2674,0.0
-1,2675,0.0
-1,2676,0.3
-1,2677,0.0
-1,2678,0.03333333333333333
-1,2679,0.0
-1,2680,0.03333333333333333
-1,2681,0.0
-1,2682,0.0
-1,2683,0.0
-1,2684,0.26666666666666666
-1,2685,0.0
-1,2686,0.0
-1,2687,0.3
-1,2688,0.0
-1,2689,0.0
-1,2690,0.03333333333333333
-1,2691,0.0
-1,2692,0.0
-1,2693,0.0
-1,2694,0.0
-1,2695,0.1
-1,2696,0.0
-1,2697,0.03333333333333333
-1,2698,0.0
-1,2699,0.0
-1,2700,0.0
-1,2701,0.16666666666666666
-1,2702,0.0
-1,2703,0.0
-1,2704,0.06666666666666667
-1,2705,0.0
-1,2706,0.0
-1,2707,0.0
-1,2708,0.0
-1,2709,0.03333333333333333
-1,2710,0.0
-1,2711,0.16666666666666666
-1,2712,0.36666666666666664
-1,2713,0.0
-1,2714,0.6
-1,2715,0.43333333333333335
-1,2716,0.0
-1,2717,0.7333333333333333
-1,2718,0.4666666666666667
-1,2719,0.8333333333333334
-1,2720,0.5666666666666667
-1,2721,0.26666666666666666
-1,2722,0.4
-1,2723,0.1
-1,2724,0.13333333333333333
-1,2725,0.0
-1,2726,0.3
-1,2727,0.0
-1,2728,0.0
-1,2729,0.0
-1,2730,0.0
-1,2731,0.0
-1,2732,0.0
-1,2733,0.1
-1,2734,0.0
-1,2735,0.0
-1,2736,0.06666666666666667
-1,2737,0.0
-1,2738,0.0
-1,2739,0.0
-1,2740,0.5666666666666667
-1,2741,0.0
-1,2742,0.2
-1,2743,0.23333333333333334
-1,2744,0.0
-1,2745,0.03333333333333333
-1,2746,0.0
-1,2747,0.0
-1,2748,0.0
-1,2749,0.06666666666666667
-1,2750,0.0
-1,2751,0.0
-1,2752,0.0
-1,2753,0.0
-1,2754,0.0
-1,2755,0.13333333333333333
-1,2756,0.0
-1,2757,0.0
-1,2758,0.13333333333333333
-1,2759,0.2
-1,2760,0.1
-1,2761,0.0
-1,2762,0.0
-1,2763,0.13333333333333333
-1,2764,0.3333333333333333
-1,2765,0.0
-1,2766,0.7333333333333333
-1,2767,1.0
-1,2768,0.0
-1,2769,0.0
-1,2770,0.0
-1,2771,0.0
-1,2772,0.03333333333333333
-1,2773,0.0
-1,2774,0.0
-1,2775,0.0
-1,2776,0.3
-1,2777,0.0
-1,2778,0.0
-1,2779,0.0
-1,2780,0.0
-1,2781,0.0
-1,2782,0.0
-1,2783,0.2
-1,2784,0.0
-1,2785,0.0
-1,2786,0.8
-1,2787,0.0
-1,2788,0.43333333333333335
-1,2789,0.0
-1,2790,0.7
-1,2791,0.16666666666666666
-1,2792,0.0
-1,2793,0.0
-1,2794,0.0
-1,2795,0.5
-1,2796,0.5666666666666667
-1,2797,0.0
-1,2798,0.0
-1,2799,0.0
-1,2800,0.0
-1,2801,0.0
-1,2802,0.13333333333333333
-1,2803,0.0
-1,2804,0.0
-1,2805,0.0
-1,2806,0.0
-1,2807,0.0
-1,2808,0.0
-1,2809,0.0
-1,2810,0.6333333333333333
-1,2811,0.0
-1,2812,0.7333333333333333
-1,2813,0.0
-1,2814,0.0
-1,2815,0.16666666666666666
-1,2816,0.0
-1,2817,0.0
-1,2818,0.3333333333333333
-1,2819,0.3333333333333333
-1,2820,0.0
-1,2821,0.03333333333333333
-1,2822,0.6333333333333333
-1,2823,0.0
-1,2824,0.26666666666666666
-1,2825,0.0
-1,2826,0.03333333333333333
-1,2827,0.4
-1,2828,0.0
-1,2829,0.0
-1,2830,0.0
-1,2831,0.0
-1,2832,0.0
-1,2833,0.0
-1,2834,0.16666666666666666
-1,2835,0.0
-1,2836,0.1
-1,2837,0.0
-1,2838,0.0
-1,2839,0.23333333333333334
-1,2840,0.16666666666666666
-1,2841,0.4666666666666667
-1,2842,0.0
-1,2843,0.06666666666666667
-1,2844,0.0
-1,2845,0.03333333333333333
-1,2846,0.43333333333333335
-1,2847,0.0
-1,2848,0.0
-1,2849,0.0
-1,2850,0.36666666666666664
-1,2851,0.0
-1,2852,0.4666666666666667
-1,2853,0.03333333333333333
-1,2854,0.0
-1,2855,0.0
-1,2856,0.5333333333333333
-1,2857,0.0
-1,2858,0.8666666666666667
-1,2859,0.03333333333333333
-1,2860,0.0
-1,2861,0.0
-1,2862,0.0
-1,2863,0.36666666666666664
-1,2864,0.0
-1,2865,0.3333333333333333
-1,2866,0.4666666666666667
-1,2867,0.0
-1,2868,0.0
-1,2869,0.0
-1,2870,0.26666666666666666
-1,2871,0.0
-1,2872,0.36666666666666664
-1,2873,0.0
-1,2874,0.0
-1,2875,0.6
-1,2876,0.0
-1,2877,0.4666666666666667
-1,2878,0.0
-1,2879,0.4
-1,2880,0.0
-1,2881,0.06666666666666667
-1,2882,0.0
-1,2883,0.0
-1,2884,0.4666666666666667
-1,2885,0.06666666666666667
-1,2886,0.16666666666666666
-1,2887,0.26666666666666666
-1,2888,0.0
-1,2889,0.0
-1,2890,0.3
-1,2891,0.0
-1,2892,0.1
-1,2893,0.7
-1,2894,0.0
-1,2895,0.43333333333333335
-1,2896,0.0
-1,2897,0.5
-1,2898,0.0
-1,2899,0.03333333333333333
-1,2900,0.0
-1,2901,0.0
-1,2902,0.0
-1,2903,0.36666666666666664
-1,2904,0.0
-1,2905,0.0
-1,2906,0.0
-1,2907,0.0
-1,2908,0.0
-1,2909,0.1
-1,2910,0.0
-1,2911,0.0
-1,2912,0.0
-1,2913,0.0
-1,2914,0.36666666666666664
-1,2915,0.4666666666666667
-1,2916,0.43333333333333335
-1,2917,0.0
-1,2918,0.0
-1,2919,0.0
-1,2920,0.0
-1,2921,0.23333333333333334
-1,2922,0.0
-1,2923,0.0
-1,2924,0.0
-1,2925,0.0
-1,2926,0.0
-1,2927,0.0
-1,2928,0.0
-1,2929,0.0
-1,2930,0.0
-1,2931,0.0
-1,2932,0.0
-1,2933,0.0
-1,2934,0.0
-1,2935,0.0
-1,2936,0.0
-1,2937,0.0
-1,2938,0.9666666666666667
-1,2939,0.1
-1,2940,0.0
-1,2941,0.0
-1,2942,0.06666666666666667
-1,2943,0.0
-1,2944,0.0
-1,2945,0.0
-1,2946,0.0
-1,2947,0.8666666666666667
-1,2948,0.0
-1,2949,0.0
-1,2950,0.03333333333333333
-1,2951,0.43333333333333335
-1,2952,0.2
-1,2953,0.0
-1,2954,0.0
-1,2955,0.0
-1,2956,0.13333333333333333
-1,2957,0.0
-1,2958,0.0
-1,2959,0.36666666666666664
-1,2960,0.5
-1,2961,0.0
-1,2962,0.9333333333333333
-1,2963,0.5333333333333333
-1,2964,0.0
-1,2965,0.5
-1,2966,0.0
-1,2967,0.0
-1,2968,0.03333333333333333
-1,2969,0.06666666666666667
-1,2970,0.0
-1,2971,0.6666666666666666
-1,2972,0.0
-1,2973,0.03333333333333333
-1,2974,0.0
-1,2975,0.0
-1,2976,0.0
-1,2977,0.0
-1,2978,0.0
-1,2979,0.0
-1,2980,0.0
-1,2981,0.4
-1,2982,0.0
-1,2983,0.0
-1,2984,0.0
-1,2985,0.36666666666666664
-1,2986,0.0
-1,2987,0.0
-1,2988,0.6333333333333333
-1,2989,0.0
-1,2990,0.0
-1,2991,0.0
-1,2992,0.3
-1,2993,0.0
-1,2994,0.5666666666666667
-1,2995,0.0
-1,2996,0.0
-1,2997,0.0
-1,2998,0.13333333333333333
-1,2999,0.0
