annotation,label,real_fraction,generated_fraction,difference,timestep
Superclass,Epithelial,0.04417263249237523,0.0,-0.04417263249237523,999
Superclass,Erythropoietic,0.2337774204662915,0.0,-0.2337774204662915,999
Superclass,Fibroblast,0.45721194951699146,1.0,0.5427880504830085,999
Superclass,Immune,0.05434324872707783,0.0,-0.05434324872707783,999
Superclass,Neural,0.0752906346107219,0.0,-0.0752906346107219,999
Superclass,Neural crest,0.041090820923139745,0.0,-0.041090820923139745,999
Superclass,Other,0.0009507037760167426,0.0,-0.0009507037760167426,999
Superclass,Vascular endothelial,0.04750966655181654,0.0,-0.04750966655181654,999
Superclass,Vascular perivascular,0.04565292293556908,0.0,-0.04565292293556908,999
celltype,Anteromedial cerebral pole glioblast,0.0011421206436711203,0.0,-0.0011421206436711203,999
celltype,Anteromedial cerebral pole radial glia,0.001837601929482026,0.0,-0.001837601929482026,999
celltype,Arachnoid,0.00877965366308079,0.0,-0.00877965366308079,999
celltype,Arachnoid barrier,0.0032285645011038374,0.0,-0.0032285645011038374,999
celltype,Arachnoid-dura border,0.0011165983946505365,0.0,-0.0011165983946505365,999
celltype,Arachnoid-forebrain,0.013016347000497685,0.0,-0.013016347000497685,999
celltype,Arachnoid-hindbrain,0.019530901063001673,0.0,-0.019530901063001673,999
celltype,Arterial capillary,0.004574863136939627,0.0,-0.004574863136939627,999
celltype,Arteriole,0.0028521113280502277,0.0,-0.0028521113280502277,999
celltype,Artery,0.006201906512001838,0.0,-0.006201906512001838,999
celltype,B lineage,0.00016589461863379402,0.0,-0.00016589461863379402,999
celltype,CD56-bright NK cells,0.0005933922897285709,0.0,-0.0005933922897285709,999
celltype,ChP Ciliogenic progenitor,0.017163712466342535,0.0,-0.017163712466342535,999
celltype,ChP Committed arachnoid precursor,0.0005359672294322575,0.0,-0.0005359672294322575,999
celltype,ChP Differentiated epithelia,0.029861031354082922,0.0,-0.029861031354082922,999
celltype,ChP Epithelia,0.0022012939780253434,0.0,-0.0022012939780253434,999
celltype,ChP Epithelial progenitor,0.0011995457039674336,0.0,-0.0011995457039674336,999
celltype,ChP Fibroblast,0.0008677564666998456,0.0,-0.0008677564666998456,999
celltype,ChP Macrophage,0.0003573114862881717,0.0,-0.0003573114862881717,999
celltype,ChP Macrophages,0.001595140563786481,0.0,-0.001595140563786481,999
celltype,ChP Meningeal fibroblast,0.020526268774804436,0.0,-0.020526268774804436,999
celltype,ChP Microglia,0.0012824930132843307,0.0,-0.0012824930132843307,999
celltype,ChP PTPRC+ fibroblast,0.015645138649617803,0.0,-0.015645138649617803,999
celltype,ChP Pericyte,0.006833582175261284,0.0,-0.006833582175261284,999
celltype,ChP Perivascular,0.0063933233796562156,0.0,-0.0063933233796562156,999
celltype,ChP Reticulocyte/RBC,0.004989599683524112,0.0,-0.004989599683524112,999
celltype,Chondrocyte,0.002826589079029644,0.0,-0.002826589079029644,999
celltype,Chondrogenic,0.05543432487270778,0.614,0.5585656751272922,999
celltype,Committed arachnoid precursor,0.005436239041384327,0.0,-0.005436239041384327,999
celltype,Committed arachnoid precursor-forebrain,0.03382336051452854,0.0,-0.03382336051452854,999
celltype,Committed arachnoid precursor-pia junction,0.018235646925207048,0.0,-0.018235646925207048,999
celltype,Committed dura precursor,0.0016461850618276483,0.0,-0.0016461850618276483,999
celltype,Committed dura precursor-early,0.0008486147799344078,0.0,-0.0008486147799344078,999
celltype,Committed dura precursor-forebrain,0.011797659609764812,0.0,-0.011797659609764812,999
celltype,Committed oligodendrocyte progenitor,0.0001403723696132103,0.0,-0.0001403723696132103,999
celltype,Committed pia precursor,0.02905069994767939,0.376,0.3469493000523206,999
celltype,Committed pia precursor-anterior,0.015160215918226715,0.0,-0.015160215918226715,999
celltype,Cycling erythroblast,0.02036675471842579,0.0,-0.02036675471842579,999
celltype,Dendritic cells,0.0017355129333996911,0.0,-0.0017355129333996911,999
celltype,Early precursor/BFU-E,0.011012850452381864,0.0,-0.011012850452381864,999
celltype,Endothelial,0.0005614894784528412,0.0,-0.0005614894784528412,999
celltype,Erythroblast,0.07007133468601254,0.0,-0.07007133468601254,999
celltype,Fatty acid metabolic - non-leptomeningeal,0.0020673021706672794,0.0,-0.0020673021706672794,999
celltype,Fibroblast-TAGAP,0.014120184270637928,0.0,-0.014120184270637928,999
celltype,Forebrain hem radial glia,0.0004976838559013821,0.0,-0.0004976838559013821,999
celltype,Forebrain neuroblast,0.0006635784745351761,0.0,-0.0006635784745351761,999
celltype,Forebrain neuron,0.00033178923726758804,0.0,-0.00033178923726758804,999
celltype,Forebrain progenitor,0.013871342342687238,0.0,-0.013871342342687238,999
celltype,Forebrain radial glia,0.0004849227313910902,0.0,-0.0004849227313910902,999
celltype,Hindbrain,0.007465257838520731,0.0,-0.007465257838520731,999
celltype,Hindbrain epithelia,0.0018056991182062963,0.0,-0.0018056991182062963,999
celltype,Hindbrain glioblast,0.001837601929482026,0.0,-0.001837601929482026,999
celltype,Hypothalamus interneuron,0.0008613759044446996,0.0,-0.0008613759044446996,999
celltype,ILC precursors,0.0005168255426668198,0.0,-0.0005168255426668198,999
celltype,Inner dura,0.007139849163508289,0.0,-0.007139849163508289,999
celltype,Isthmus radial glia,0.00023608080344039917,0.0,-0.00023608080344039917,999
celltype,LTMR mechanoreceptor,0.00034455036177787984,0.0,-0.00034455036177787984,999
celltype,Large artery,0.00030626698824700433,0.0,-0.00030626698824700433,999
celltype,MEMP-MEP,0.00012123068284777255,0.0,-0.00012123068284777255,999
celltype,Macrophages,0.017935760499215192,0.0,-0.017935760499215192,999
celltype,Macrophages Monocyte-like,0.012467618646555134,0.0,-0.012467618646555134,999
celltype,Macrophages-innate immunity,0.00010208899608233478,0.0,-0.00010208899608233478,999
celltype,Macrophages-iron metabolism,0.0066294041830966145,0.0,-0.0066294041830966145,999
celltype,Mast cells,0.000504064418156528,0.0,-0.000504064418156528,999
celltype,Megakaryocytes,0.0006380562255145924,0.0,-0.0006380562255145924,999
celltype,Metamyelocytes,0.0013143958245600603,0.0,-0.0013143958245600603,999
celltype,Microglia,0.0014356265074078327,0.0,-0.0014356265074078327,999
celltype,Midbrain hem epithelia,0.0030562893202148974,0.0,-0.0030562893202148974,999
celltype,Midbrain hem progenitor,0.0016142822505519187,0.0,-0.0016142822505519187,999
celltype,Midbrain hem radial glia,0.004574863136939627,0.0,-0.004574863136939627,999
celltype,Midbrain intermediate progenitor,0.0034263619310133608,0.0,-0.0034263619310133608,999
celltype,Midbrain interneuron,0.0006380562255145924,0.0,-0.0006380562255145924,999
celltype,Midbrain neuroblast,0.00214386891772903,0.0,-0.00214386891772903,999
celltype,Midbrain progenitor,0.002424613656955451,0.0,-0.002424613656955451,999
celltype,Midbrain-hindbrain epithelia,0.0031137143805112107,0.0,-0.0031137143805112107,999
celltype,Midbrain-hindbrain progenitor,0.0072419381595906235,0.0,-0.0072419381595906235,999
celltype,Monocyte-fibrocyte,0.0003764531730536095,0.0,-0.0003764531730536095,999
celltype,Monocytes,0.005895639523754833,0.0,-0.005895639523754833,999
celltype,Neural crest progenitor,0.0021757717290047597,0.0,-0.0021757717290047597,999
celltype,Oligodendrocyte progenitor,0.00010208899608233478,0.0,-0.00010208899608233478,999
celltype,Optic nerve (sensory),0.0005104449804116739,0.0,-0.0005104449804116739,999
celltype,Optic vesicle epithelia,0.00018503630539923178,0.0,-0.00018503630539923178,999
celltype,Osteogenic,0.013488508607378482,0.0,-0.013488508607378482,999
celltype,Osteoprogenitor,0.0012824930132843307,0.0,-0.0012824930132843307,999
celltype,Pericyte,0.01838878041933055,0.0,-0.01838878041933055,999
celltype,Peripheral neuroblast,0.009743118563607826,0.0,-0.009743118563607826,999
celltype,Perivascular fibroblast,0.0058701172747342495,0.0,-0.0058701172747342495,999
celltype,Pia,0.056761481821778134,0.0,-0.056761481821778134,999
celltype,Pia-forebrain,0.05081479779998213,0.0,-0.05081479779998213,999
celltype,Pinealocyte,0.005276724985005679,0.0,-0.005276724985005679,999
celltype,Platelets,0.00028712530148156654,0.0,-0.00028712530148156654,999
celltype,Pontine nuclei lineage intermediate progenitor,0.004511057514388168,0.0,-0.004511057514388168,999
celltype,Pontine nuclei lineage migrating neuron,0.0034263619310133608,0.0,-0.0034263619310133608,999
celltype,Pre-EMT neural crest,0.008677564666998455,0.0,-0.008677564666998455,999
celltype,Pre-EMT neural crest epithelia,0.0012633513265188929,0.0,-0.0012633513265188929,999
celltype,Precursor/CFU-E,0.0285657772162883,0.0,-0.0285657772162883,999
celltype,Presumptive neuroretina,0.00017227518088893992,0.0,-0.00017227518088893992,999
celltype,Primary meninx,0.03499100340722024,0.0,-0.03499100340722024,999
celltype,Primary meninx-hindbrain,0.013265188928448374,0.01,-0.003265188928448374,999
celltype,Primary vascular plexus,0.006233809323277567,0.0,-0.006233809323277567,999
celltype,Promyelocytes,0.0006252951010043005,0.0,-0.0006252951010043005,999
celltype,Rathkes pouch,0.0009507037760167426,0.0,-0.0009507037760167426,999
celltype,Reticulocyte/RBC,0.0987711037096589,0.0,-0.0987711037096589,999
celltype,S100A12-high monocytes,0.0001403723696132103,0.0,-0.0001403723696132103,999
celltype,Schwann cell,0.0051427331776476145,0.0,-0.0051427331776476145,999
celltype,Schwann cell precursor,0.01374373109758432,0.0,-0.01374373109758432,999
celltype,Smooth muscle cell,0.004587624261449919,0.0,-0.004587624261449919,999
celltype,"Smooth muscle cell, mature",0.003579495425136863,0.0,-0.003579495425136863,999
celltype,Spinal cord radial glia,7.656674706175108e-05,0.0,-7.656674706175108e-05,999
celltype,Tip cell,0.0018886464275231934,0.0,-0.0018886464275231934,999
celltype,Tip cell - arterial,0.002239577351556219,0.0,-0.002239577351556219,999
celltype,Venous capillary,0.01723389865114914,0.0,-0.01723389865114914,999
celltype,Venous lymphatic-like,0.002667075022650996,0.0,-0.002667075022650996,999
celltype,Venous lymphatic-like - non-leptomeningeal,0.0006827201613006138,0.0,-0.0006827201613006138,999
celltype,Ventral forebrain radial glia,0.00283296964128479,0.0,-0.00283296964128479,999
Superclass,Epithelial,0.04417263249237523,0.0,-0.04417263249237523,900
Superclass,Erythropoietic,0.2337774204662915,0.0,-0.2337774204662915,900
Superclass,Fibroblast,0.45721194951699146,1.0,0.5427880504830085,900
Superclass,Immune,0.05434324872707783,0.0,-0.05434324872707783,900
Superclass,Neural,0.0752906346107219,0.0,-0.0752906346107219,900
Superclass,Neural crest,0.041090820923139745,0.0,-0.041090820923139745,900
Superclass,Other,0.0009507037760167426,0.0,-0.0009507037760167426,900
Superclass,Vascular endothelial,0.04750966655181654,0.0,-0.04750966655181654,900
Superclass,Vascular perivascular,0.04565292293556908,0.0,-0.04565292293556908,900
celltype,Anteromedial cerebral pole glioblast,0.0011421206436711203,0.0,-0.0011421206436711203,900
celltype,Anteromedial cerebral pole radial glia,0.001837601929482026,0.0,-0.001837601929482026,900
celltype,Arachnoid,0.00877965366308079,0.0,-0.00877965366308079,900
celltype,Arachnoid barrier,0.0032285645011038374,0.0,-0.0032285645011038374,900
celltype,Arachnoid-dura border,0.0011165983946505365,0.0,-0.0011165983946505365,900
celltype,Arachnoid-forebrain,0.013016347000497685,0.0,-0.013016347000497685,900
celltype,Arachnoid-hindbrain,0.019530901063001673,0.0,-0.019530901063001673,900
celltype,Arterial capillary,0.004574863136939627,0.0,-0.004574863136939627,900
celltype,Arteriole,0.0028521113280502277,0.0,-0.0028521113280502277,900
celltype,Artery,0.006201906512001838,0.0,-0.006201906512001838,900
celltype,B lineage,0.00016589461863379402,0.0,-0.00016589461863379402,900
celltype,CD56-bright NK cells,0.0005933922897285709,0.0,-0.0005933922897285709,900
celltype,ChP Ciliogenic progenitor,0.017163712466342535,0.0,-0.017163712466342535,900
celltype,ChP Committed arachnoid precursor,0.0005359672294322575,0.0,-0.0005359672294322575,900
celltype,ChP Differentiated epithelia,0.029861031354082922,0.0,-0.029861031354082922,900
celltype,ChP Epithelia,0.0022012939780253434,0.0,-0.0022012939780253434,900
celltype,ChP Epithelial progenitor,0.0011995457039674336,0.0,-0.0011995457039674336,900
celltype,ChP Fibroblast,0.0008677564666998456,0.0,-0.0008677564666998456,900
celltype,ChP Macrophage,0.0003573114862881717,0.0,-0.0003573114862881717,900
celltype,ChP Macrophages,0.001595140563786481,0.0,-0.001595140563786481,900
celltype,ChP Meningeal fibroblast,0.020526268774804436,0.0,-0.020526268774804436,900
celltype,ChP Microglia,0.0012824930132843307,0.0,-0.0012824930132843307,900
celltype,ChP PTPRC+ fibroblast,0.015645138649617803,0.0,-0.015645138649617803,900
celltype,ChP Pericyte,0.006833582175261284,0.0,-0.006833582175261284,900
celltype,ChP Perivascular,0.0063933233796562156,0.0,-0.0063933233796562156,900
celltype,ChP Reticulocyte/RBC,0.004989599683524112,0.0,-0.004989599683524112,900
celltype,Chondrocyte,0.002826589079029644,0.0,-0.002826589079029644,900
celltype,Chondrogenic,0.05543432487270778,0.4036666666666667,0.3482323417939589,900
celltype,Committed arachnoid precursor,0.005436239041384327,0.0,-0.005436239041384327,900
celltype,Committed arachnoid precursor-forebrain,0.03382336051452854,0.0,-0.03382336051452854,900
celltype,Committed arachnoid precursor-pia junction,0.018235646925207048,0.0,-0.018235646925207048,900
celltype,Committed dura precursor,0.0016461850618276483,0.0,-0.0016461850618276483,900
celltype,Committed dura precursor-early,0.0008486147799344078,0.0,-0.0008486147799344078,900
celltype,Committed dura precursor-forebrain,0.011797659609764812,0.0,-0.011797659609764812,900
celltype,Committed oligodendrocyte progenitor,0.0001403723696132103,0.0,-0.0001403723696132103,900
celltype,Committed pia precursor,0.02905069994767939,0.498,0.4689493000523206,900
celltype,Committed pia precursor-anterior,0.015160215918226715,0.0,-0.015160215918226715,900
celltype,Cycling erythroblast,0.02036675471842579,0.0,-0.02036675471842579,900
celltype,Dendritic cells,0.0017355129333996911,0.0,-0.0017355129333996911,900
celltype,Early precursor/BFU-E,0.011012850452381864,0.0,-0.011012850452381864,900
celltype,Endothelial,0.0005614894784528412,0.0,-0.0005614894784528412,900
celltype,Erythroblast,0.07007133468601254,0.0,-0.07007133468601254,900
celltype,Fatty acid metabolic - non-leptomeningeal,0.0020673021706672794,0.0,-0.0020673021706672794,900
celltype,Fibroblast-TAGAP,0.014120184270637928,0.0,-0.014120184270637928,900
celltype,Forebrain hem radial glia,0.0004976838559013821,0.0,-0.0004976838559013821,900
celltype,Forebrain neuroblast,0.0006635784745351761,0.0,-0.0006635784745351761,900
celltype,Forebrain neuron,0.00033178923726758804,0.0,-0.00033178923726758804,900
celltype,Forebrain progenitor,0.013871342342687238,0.0,-0.013871342342687238,900
celltype,Forebrain radial glia,0.0004849227313910902,0.0,-0.0004849227313910902,900
celltype,Hindbrain,0.007465257838520731,0.0,-0.007465257838520731,900
celltype,Hindbrain epithelia,0.0018056991182062963,0.0,-0.0018056991182062963,900
celltype,Hindbrain glioblast,0.001837601929482026,0.0,-0.001837601929482026,900
celltype,Hypothalamus interneuron,0.0008613759044446996,0.0,-0.0008613759044446996,900
celltype,ILC precursors,0.0005168255426668198,0.0,-0.0005168255426668198,900
celltype,Inner dura,0.007139849163508289,0.0,-0.007139849163508289,900
celltype,Isthmus radial glia,0.00023608080344039917,0.0,-0.00023608080344039917,900
celltype,LTMR mechanoreceptor,0.00034455036177787984,0.0,-0.00034455036177787984,900
celltype,Large artery,0.00030626698824700433,0.0,-0.00030626698824700433,900
celltype,MEMP-MEP,0.00012123068284777255,0.0,-0.00012123068284777255,900
celltype,Macrophages,0.017935760499215192,0.0003333333333333333,-0.017602427165881857,900
celltype,Macrophages Monocyte-like,0.012467618646555134,0.001,-0.011467618646555135,900
celltype,Macrophages-innate immunity,0.00010208899608233478,0.0,-0.00010208899608233478,900
celltype,Macrophages-iron metabolism,0.0066294041830966145,0.0,-0.0066294041830966145,900
celltype,Mast cells,0.000504064418156528,0.0,-0.000504064418156528,900
celltype,Megakaryocytes,0.0006380562255145924,0.0,-0.0006380562255145924,900
celltype,Metamyelocytes,0.0013143958245600603,0.0,-0.0013143958245600603,900
celltype,Microglia,0.0014356265074078327,0.0,-0.0014356265074078327,900
celltype,Midbrain hem epithelia,0.0030562893202148974,0.0,-0.0030562893202148974,900
celltype,Midbrain hem progenitor,0.0016142822505519187,0.0,-0.0016142822505519187,900
celltype,Midbrain hem radial glia,0.004574863136939627,0.0,-0.004574863136939627,900
celltype,Midbrain intermediate progenitor,0.0034263619310133608,0.0,-0.0034263619310133608,900
celltype,Midbrain interneuron,0.0006380562255145924,0.0,-0.0006380562255145924,900
celltype,Midbrain neuroblast,0.00214386891772903,0.0,-0.00214386891772903,900
celltype,Midbrain progenitor,0.002424613656955451,0.0,-0.002424613656955451,900
celltype,Midbrain-hindbrain epithelia,0.0031137143805112107,0.0,-0.0031137143805112107,900
celltype,Midbrain-hindbrain progenitor,0.0072419381595906235,0.0,-0.0072419381595906235,900
celltype,Monocyte-fibrocyte,0.0003764531730536095,0.0,-0.0003764531730536095,900
celltype,Monocytes,0.005895639523754833,0.0,-0.005895639523754833,900
celltype,Neural crest progenitor,0.0021757717290047597,0.0,-0.0021757717290047597,900
celltype,Oligodendrocyte progenitor,0.00010208899608233478,0.0,-0.00010208899608233478,900
celltype,Optic nerve (sensory),0.0005104449804116739,0.0,-0.0005104449804116739,900
celltype,Optic vesicle epithelia,0.00018503630539923178,0.0,-0.00018503630539923178,900
celltype,Osteogenic,0.013488508607378482,0.0,-0.013488508607378482,900
celltype,Osteoprogenitor,0.0012824930132843307,0.0,-0.0012824930132843307,900
celltype,Pericyte,0.01838878041933055,0.0,-0.01838878041933055,900
celltype,Peripheral neuroblast,0.009743118563607826,0.0,-0.009743118563607826,900
celltype,Perivascular fibroblast,0.0058701172747342495,0.0,-0.0058701172747342495,900
celltype,Pia,0.056761481821778134,0.0016666666666666668,-0.05509481515511147,900
celltype,Pia-forebrain,0.05081479779998213,0.0,-0.05081479779998213,900
celltype,Pinealocyte,0.005276724985005679,0.0,-0.005276724985005679,900
celltype,Platelets,0.00028712530148156654,0.0,-0.00028712530148156654,900
celltype,Pontine nuclei lineage intermediate progenitor,0.004511057514388168,0.0,-0.004511057514388168,900
celltype,Pontine nuclei lineage migrating neuron,0.0034263619310133608,0.0,-0.0034263619310133608,900
celltype,Pre-EMT neural crest,0.008677564666998455,0.0,-0.008677564666998455,900
celltype,Pre-EMT neural crest epithelia,0.0012633513265188929,0.0,-0.0012633513265188929,900
celltype,Precursor/CFU-E,0.0285657772162883,0.0,-0.0285657772162883,900
celltype,Presumptive neuroretina,0.00017227518088893992,0.0,-0.00017227518088893992,900
celltype,Primary meninx,0.03499100340722024,0.013,-0.021991003407220246,900
celltype,Primary meninx-hindbrain,0.013265188928448374,0.081,0.06773481107155163,900
celltype,Primary vascular plexus,0.006233809323277567,0.0,-0.006233809323277567,900
celltype,Promyelocytes,0.0006252951010043005,0.0,-0.0006252951010043005,900
celltype,Rathkes pouch,0.0009507037760167426,0.0,-0.0009507037760167426,900
celltype,Reticulocyte/RBC,0.0987711037096589,0.0013333333333333333,-0.09743777037632556,900
celltype,S100A12-high monocytes,0.0001403723696132103,0.0,-0.0001403723696132103,900
celltype,Schwann cell,0.0051427331776476145,0.0,-0.0051427331776476145,900
celltype,Schwann cell precursor,0.01374373109758432,0.0,-0.01374373109758432,900
celltype,Smooth muscle cell,0.004587624261449919,0.0,-0.004587624261449919,900
celltype,"Smooth muscle cell, mature",0.003579495425136863,0.0,-0.003579495425136863,900
celltype,Spinal cord radial glia,7.656674706175108e-05,0.0,-7.656674706175108e-05,900
celltype,Tip cell,0.0018886464275231934,0.0,-0.0018886464275231934,900
celltype,Tip cell - arterial,0.002239577351556219,0.0,-0.002239577351556219,900
celltype,Venous capillary,0.01723389865114914,0.0,-0.01723389865114914,900
celltype,Venous lymphatic-like,0.002667075022650996,0.0,-0.002667075022650996,900
celltype,Venous lymphatic-like - non-leptomeningeal,0.0006827201613006138,0.0,-0.0006827201613006138,900
celltype,Ventral forebrain radial glia,0.00283296964128479,0.0,-0.00283296964128479,900
Superclass,Epithelial,0.04417263249237523,0.015333333333333332,-0.028839299159041897,700
Superclass,Erythropoietic,0.2337774204662915,0.129,-0.10477742046629149,700
Superclass,Fibroblast,0.45721194951699146,0.7033333333333334,0.2461213838163419,700
Superclass,Immune,0.05434324872707783,0.045,-0.009343248727077834,700
Superclass,Neural,0.0752906346107219,0.051666666666666666,-0.023623967944055232,700
Superclass,Neural crest,0.041090820923139745,0.012333333333333333,-0.02875748758980641,700
Superclass,Other,0.0009507037760167426,0.0,-0.0009507037760167426,700
Superclass,Vascular endothelial,0.04750966655181654,0.033,-0.014509666551816541,700
Superclass,Vascular perivascular,0.04565292293556908,0.010333333333333333,-0.035319589602235746,700
celltype,Anteromedial cerebral pole glioblast,0.0011421206436711203,0.0,-0.0011421206436711203,700
celltype,Anteromedial cerebral pole radial glia,0.001837601929482026,0.0023333333333333335,0.0004957314038513076,700
celltype,Arachnoid,0.00877965366308079,0.0,-0.00877965366308079,700
celltype,Arachnoid barrier,0.0032285645011038374,0.0,-0.0032285645011038374,700
celltype,Arachnoid-dura border,0.0011165983946505365,0.0,-0.0011165983946505365,700
celltype,Arachnoid-forebrain,0.013016347000497685,0.0,-0.013016347000497685,700
celltype,Arachnoid-hindbrain,0.019530901063001673,0.013333333333333334,-0.006197567729668339,700
celltype,Arterial capillary,0.004574863136939627,0.0006666666666666666,-0.00390819647027296,700
celltype,Arteriole,0.0028521113280502277,0.0,-0.0028521113280502277,700
celltype,Artery,0.006201906512001838,0.0016666666666666668,-0.004535239845335171,700
celltype,B lineage,0.00016589461863379402,0.0,-0.00016589461863379402,700
celltype,CD56-bright NK cells,0.0005933922897285709,0.0,-0.0005933922897285709,700
celltype,ChP Ciliogenic progenitor,0.017163712466342535,0.005,-0.012163712466342534,700
celltype,ChP Committed arachnoid precursor,0.0005359672294322575,0.0,-0.0005359672294322575,700
celltype,ChP Differentiated epithelia,0.029861031354082922,0.012666666666666666,-0.017194364687416256,700
celltype,ChP Epithelia,0.0022012939780253434,0.009,0.006798706021974656,700
celltype,ChP Epithelial progenitor,0.0011995457039674336,0.0,-0.0011995457039674336,700
celltype,ChP Fibroblast,0.0008677564666998456,0.0,-0.0008677564666998456,700
celltype,ChP Macrophage,0.0003573114862881717,0.0,-0.0003573114862881717,700
celltype,ChP Macrophages,0.001595140563786481,0.0,-0.001595140563786481,700
celltype,ChP Meningeal fibroblast,0.020526268774804436,0.006333333333333333,-0.014192935441471103,700
celltype,ChP Microglia,0.0012824930132843307,0.0003333333333333333,-0.0009491596799509974,700
celltype,ChP PTPRC+ fibroblast,0.015645138649617803,0.001,-0.014645138649617803,700
celltype,ChP Pericyte,0.006833582175261284,0.0,-0.006833582175261284,700
celltype,ChP Perivascular,0.0063933233796562156,0.0003333333333333333,-0.0060599900463228825,700
celltype,ChP Reticulocyte/RBC,0.004989599683524112,0.005333333333333333,0.0003437336498092209,700
celltype,Chondrocyte,0.002826589079029644,0.0,-0.002826589079029644,700
celltype,Chondrogenic,0.05543432487270778,0.10166666666666667,0.04623234179395889,700
celltype,Committed arachnoid precursor,0.005436239041384327,0.0,-0.005436239041384327,700
celltype,Committed arachnoid precursor-forebrain,0.03382336051452854,0.006666666666666667,-0.027156693847861874,700
celltype,Committed arachnoid precursor-pia junction,0.018235646925207048,0.018333333333333333,9.768640812628585e-05,700
celltype,Committed dura precursor,0.0016461850618276483,0.0023333333333333335,0.0006871482715056852,700
celltype,Committed dura precursor-early,0.0008486147799344078,0.0,-0.0008486147799344078,700
celltype,Committed dura precursor-forebrain,0.011797659609764812,0.0003333333333333333,-0.011464326276431479,700
celltype,Committed oligodendrocyte progenitor,0.0001403723696132103,0.0,-0.0001403723696132103,700
celltype,Committed pia precursor,0.02905069994767939,0.362,0.3329493000523206,700
celltype,Committed pia precursor-anterior,0.015160215918226715,0.014666666666666666,-0.0004935492515600482,700
celltype,Cycling erythroblast,0.02036675471842579,0.003,-0.01736675471842579,700
celltype,Dendritic cells,0.0017355129333996911,0.0003333333333333333,-0.0014021796000663579,700
celltype,Early precursor/BFU-E,0.011012850452381864,0.003,-0.008012850452381863,700
celltype,Endothelial,0.0005614894784528412,0.0,-0.0005614894784528412,700
celltype,Erythroblast,0.07007133468601254,0.030666666666666665,-0.039404668019345876,700
celltype,Fatty acid metabolic - non-leptomeningeal,0.0020673021706672794,0.0003333333333333333,-0.0017339688373339461,700
celltype,Fibroblast-TAGAP,0.014120184270637928,0.0,-0.014120184270637928,700
celltype,Forebrain hem radial glia,0.0004976838559013821,0.0,-0.0004976838559013821,700
celltype,Forebrain neuroblast,0.0006635784745351761,0.0,-0.0006635784745351761,700
celltype,Forebrain neuron,0.00033178923726758804,0.0003333333333333333,1.5440960657452812e-06,700
celltype,Forebrain progenitor,0.013871342342687238,0.001,-0.012871342342687237,700
celltype,Forebrain radial glia,0.0004849227313910902,0.0,-0.0004849227313910902,700
celltype,Hindbrain,0.007465257838520731,0.0003333333333333333,-0.0071319245051873975,700
celltype,Hindbrain epithelia,0.0018056991182062963,0.0,-0.0018056991182062963,700
celltype,Hindbrain glioblast,0.001837601929482026,0.0,-0.001837601929482026,700
celltype,Hypothalamus interneuron,0.0008613759044446996,0.0006666666666666666,-0.000194709237778033,700
celltype,ILC precursors,0.0005168255426668198,0.0,-0.0005168255426668198,700
celltype,Inner dura,0.007139849163508289,0.0,-0.007139849163508289,700
celltype,Isthmus radial glia,0.00023608080344039917,0.0003333333333333333,9.725252989293415e-05,700
celltype,LTMR mechanoreceptor,0.00034455036177787984,0.0,-0.00034455036177787984,700
celltype,Large artery,0.00030626698824700433,0.0,-0.00030626698824700433,700
celltype,MEMP-MEP,0.00012123068284777255,0.0,-0.00012123068284777255,700
celltype,Macrophages,0.017935760499215192,0.018,6.423950078480664e-05,700
celltype,Macrophages Monocyte-like,0.012467618646555134,0.021666666666666667,0.009199048020111534,700
celltype,Macrophages-innate immunity,0.00010208899608233478,0.0,-0.00010208899608233478,700
celltype,Macrophages-iron metabolism,0.0066294041830966145,0.0003333333333333333,-0.006296070849763281,700
celltype,Mast cells,0.000504064418156528,0.0003333333333333333,-0.00017073108482319467,700
celltype,Megakaryocytes,0.0006380562255145924,0.0,-0.0006380562255145924,700
celltype,Metamyelocytes,0.0013143958245600603,0.0003333333333333333,-0.000981062491226727,700
celltype,Microglia,0.0014356265074078327,0.0006666666666666666,-0.0007689598407411661,700
celltype,Midbrain hem epithelia,0.0030562893202148974,0.012333333333333333,0.009277044013118435,700
celltype,Midbrain hem progenitor,0.0016142822505519187,0.0003333333333333333,-0.0012809489172185854,700
celltype,Midbrain hem radial glia,0.004574863136939627,0.0016666666666666668,-0.0029081964702729604,700
celltype,Midbrain intermediate progenitor,0.0034263619310133608,0.0016666666666666668,-0.001759695264346694,700
celltype,Midbrain interneuron,0.0006380562255145924,0.0,-0.0006380562255145924,700
celltype,Midbrain neuroblast,0.00214386891772903,0.0006666666666666666,-0.0014772022510623635,700
celltype,Midbrain progenitor,0.002424613656955451,0.005,0.002575386343044549,700
celltype,Midbrain-hindbrain epithelia,0.0031137143805112107,0.007333333333333333,0.004219618952822123,700
celltype,Midbrain-hindbrain progenitor,0.0072419381595906235,0.0023333333333333335,-0.0049086048262572905,700
celltype,Monocyte-fibrocyte,0.0003764531730536095,0.0,-0.0003764531730536095,700
celltype,Monocytes,0.005895639523754833,0.004666666666666667,-0.0012289728570881661,700
celltype,Neural crest progenitor,0.0021757717290047597,0.0006666666666666666,-0.0015091050623380932,700
celltype,Oligodendrocyte progenitor,0.00010208899608233478,0.0,-0.00010208899608233478,700
celltype,Optic nerve (sensory),0.0005104449804116739,0.0,-0.0005104449804116739,700
celltype,Optic vesicle epithelia,0.00018503630539923178,0.0,-0.00018503630539923178,700
celltype,Osteogenic,0.013488508607378482,0.0006666666666666666,-0.012821841940711816,700
celltype,Osteoprogenitor,0.0012824930132843307,0.0006666666666666666,-0.000615826346617664,700
celltype,Pericyte,0.01838878041933055,0.003,-0.01538878041933055,700
celltype,Peripheral neuroblast,0.009743118563607826,0.0023333333333333335,-0.0074097852302744925,700
celltype,Perivascular fibroblast,0.0058701172747342495,0.007,0.0011298827252657507,700
celltype,Pia,0.056761481821778134,0.007333333333333333,-0.049428148488444804,700
celltype,Pia-forebrain,0.05081479779998213,0.0003333333333333333,-0.0504814644666488,700
celltype,Pinealocyte,0.005276724985005679,0.0,-0.005276724985005679,700
celltype,Platelets,0.00028712530148156654,0.0,-0.00028712530148156654,700
celltype,Pontine nuclei lineage intermediate progenitor,0.004511057514388168,0.0003333333333333333,-0.004177724181054835,700
celltype,Pontine nuclei lineage migrating neuron,0.0034263619310133608,0.0023333333333333335,-0.0010930285976800272,700
celltype,Pre-EMT neural crest,0.008677564666998455,0.001,-0.007677564666998455,700
celltype,Pre-EMT neural crest epithelia,0.0012633513265188929,0.0003333333333333333,-0.0009300179931855596,700
celltype,Precursor/CFU-E,0.0285657772162883,0.03133333333333333,0.002767556117045031,700
celltype,Presumptive neuroretina,0.00017227518088893992,0.0,-0.00017227518088893992,700
celltype,Primary meninx,0.03499100340722024,0.07533333333333334,0.04034232992611309,700
celltype,Primary meninx-hindbrain,0.013265188928448374,0.07133333333333333,0.05806814440488496,700
celltype,Primary vascular plexus,0.006233809323277567,0.029333333333333333,0.023099524010055765,700
celltype,Promyelocytes,0.0006252951010043005,0.0,-0.0006252951010043005,700
celltype,Rathkes pouch,0.0009507037760167426,0.0,-0.0009507037760167426,700
celltype,Reticulocyte/RBC,0.0987711037096589,0.07166666666666667,-0.02710443704299223,700
celltype,S100A12-high monocytes,0.0001403723696132103,0.0,-0.0001403723696132103,700
celltype,Schwann cell,0.0051427331776476145,0.0,-0.0051427331776476145,700
celltype,Schwann cell precursor,0.01374373109758432,0.009,-0.00474373109758432,700
celltype,Smooth muscle cell,0.004587624261449919,0.0,-0.004587624261449919,700
celltype,"Smooth muscle cell, mature",0.003579495425136863,0.0,-0.003579495425136863,700
celltype,Spinal cord radial glia,7.656674706175108e-05,0.0,-7.656674706175108e-05,700
celltype,Tip cell,0.0018886464275231934,0.0006666666666666666,-0.0012219797608565269,700
celltype,Tip cell - arterial,0.002239577351556219,0.0,-0.002239577351556219,700
celltype,Venous capillary,0.01723389865114914,0.003,-0.01423389865114914,700
celltype,Venous lymphatic-like,0.002667075022650996,0.0,-0.002667075022650996,700
celltype,Venous lymphatic-like - non-leptomeningeal,0.0006827201613006138,0.0,-0.0006827201613006138,700
celltype,Ventral forebrain radial glia,0.00283296964128479,0.001,-0.0018329696412847899,700
Superclass,Epithelial,0.04417263249237523,0.042666666666666665,-0.001505965825708562,500
Superclass,Erythropoietic,0.2337774204662915,0.22833333333333333,-0.005444087132958159,500
Superclass,Fibroblast,0.45721194951699146,0.4836666666666667,0.026454717149675233,500
Superclass,Immune,0.05434324872707783,0.049666666666666665,-0.004676582060411168,500
Superclass,Neural,0.0752906346107219,0.07566666666666666,0.0003760320559447611,500
Superclass,Neural crest,0.041090820923139745,0.039,-0.0020908209231397454,500
Superclass,Other,0.0009507037760167426,0.0,-0.0009507037760167426,500
Superclass,Vascular endothelial,0.04750966655181654,0.048666666666666664,0.0011570001148501208,500
Superclass,Vascular perivascular,0.04565292293556908,0.03233333333333333,-0.013319589602235747,500
celltype,Anteromedial cerebral pole glioblast,0.0011421206436711203,0.0013333333333333333,0.00019121268966221304,500
celltype,Anteromedial cerebral pole radial glia,0.001837601929482026,0.003,0.001162398070517974,500
celltype,Arachnoid,0.00877965366308079,0.006,-0.00277965366308079,500
celltype,Arachnoid barrier,0.0032285645011038374,0.0,-0.0032285645011038374,500
celltype,Arachnoid-dura border,0.0011165983946505365,0.001,-0.00011659839465053652,500
celltype,Arachnoid-forebrain,0.013016347000497685,0.0016666666666666668,-0.011349680333831018,500
celltype,Arachnoid-hindbrain,0.019530901063001673,0.012666666666666666,-0.006864234396335007,500
celltype,Arterial capillary,0.004574863136939627,0.0016666666666666668,-0.0029081964702729604,500
celltype,Arteriole,0.0028521113280502277,0.004,0.0011478886719497724,500
celltype,Artery,0.006201906512001838,0.007,0.0007980934879981624,500
celltype,B lineage,0.00016589461863379402,0.0,-0.00016589461863379402,500
celltype,CD56-bright NK cells,0.0005933922897285709,0.0,-0.0005933922897285709,500
celltype,ChP Ciliogenic progenitor,0.017163712466342535,0.01633333333333333,-0.0008303791330092035,500
celltype,ChP Committed arachnoid precursor,0.0005359672294322575,0.0,-0.0005359672294322575,500
celltype,ChP Differentiated epithelia,0.029861031354082922,0.035333333333333335,0.005472301979250412,500
celltype,ChP Epithelia,0.0022012939780253434,0.001,-0.0012012939780253434,500
celltype,ChP Epithelial progenitor,0.0011995457039674336,0.0,-0.0011995457039674336,500
celltype,ChP Fibroblast,0.0008677564666998456,0.0,-0.0008677564666998456,500
celltype,ChP Macrophage,0.0003573114862881717,0.0,-0.0003573114862881717,500
celltype,ChP Macrophages,0.001595140563786481,0.0,-0.001595140563786481,500
celltype,ChP Meningeal fibroblast,0.020526268774804436,0.0026666666666666666,-0.01785960210813777,500
celltype,ChP Microglia,0.0012824930132843307,0.0026666666666666666,0.001384173653382336,500
celltype,ChP PTPRC+ fibroblast,0.015645138649617803,0.007666666666666666,-0.007978471982951138,500
celltype,ChP Pericyte,0.006833582175261284,0.0023333333333333335,-0.004500248841927951,500
celltype,ChP Perivascular,0.0063933233796562156,0.0006666666666666666,-0.005726656712989549,500
celltype,ChP Reticulocyte/RBC,0.004989599683524112,0.001,-0.003989599683524112,500
celltype,Chondrocyte,0.002826589079029644,0.0,-0.002826589079029644,500
celltype,Chondrogenic,0.05543432487270778,0.07933333333333334,0.023899008460625558,500
celltype,Committed arachnoid precursor,0.005436239041384327,0.0003333333333333333,-0.005102905708050994,500
celltype,Committed arachnoid precursor-forebrain,0.03382336051452854,0.014,-0.019823360514528543,500
celltype,Committed arachnoid precursor-pia junction,0.018235646925207048,0.07366666666666667,0.05543101974145963,500
celltype,Committed dura precursor,0.0016461850618276483,0.0006666666666666666,-0.0009795183951609816,500
celltype,Committed dura precursor-early,0.0008486147799344078,0.0,-0.0008486147799344078,500
celltype,Committed dura precursor-forebrain,0.011797659609764812,0.004,-0.007797659609764812,500
celltype,Committed oligodendrocyte progenitor,0.0001403723696132103,0.0,-0.0001403723696132103,500
celltype,Committed pia precursor,0.02905069994767939,0.14,0.11094930005232062,500
celltype,Committed pia precursor-anterior,0.015160215918226715,0.017,0.0018397840817732866,500
celltype,Cycling erythroblast,0.02036675471842579,0.016666666666666666,-0.003700088051759122,500
celltype,Dendritic cells,0.0017355129333996911,0.001,-0.0007355129333996911,500
celltype,Early precursor/BFU-E,0.011012850452381864,0.010666666666666666,-0.00034618378571519767,500
celltype,Endothelial,0.0005614894784528412,0.0,-0.0005614894784528412,500
celltype,Erythroblast,0.07007133468601254,0.065,-0.005071334686012535,500
celltype,Fatty acid metabolic - non-leptomeningeal,0.0020673021706672794,0.0003333333333333333,-0.0017339688373339461,500
celltype,Fibroblast-TAGAP,0.014120184270637928,0.003,-0.011120184270637927,500
celltype,Forebrain hem radial glia,0.0004976838559013821,0.0,-0.0004976838559013821,500
celltype,Forebrain neuroblast,0.0006635784745351761,0.0006666666666666666,3.0881921314905624e-06,500
celltype,Forebrain neuron,0.00033178923726758804,0.0006666666666666666,0.0003348774293990786,500
celltype,Forebrain progenitor,0.013871342342687238,0.013666666666666667,-0.00020467567602057077,500
celltype,Forebrain radial glia,0.0004849227313910902,0.0,-0.0004849227313910902,500
celltype,Hindbrain,0.007465257838520731,0.0,-0.007465257838520731,500
celltype,Hindbrain epithelia,0.0018056991182062963,0.0006666666666666666,-0.0011390324515396298,500
celltype,Hindbrain glioblast,0.001837601929482026,0.0013333333333333333,-0.0005042685961486927,500
celltype,Hypothalamus interneuron,0.0008613759044446996,0.001,0.0001386240955553004,500
celltype,ILC precursors,0.0005168255426668198,0.0,-0.0005168255426668198,500
celltype,Inner dura,0.007139849163508289,0.004,-0.0031398491635082886,500
celltype,Isthmus radial glia,0.00023608080344039917,0.0,-0.00023608080344039917,500
celltype,LTMR mechanoreceptor,0.00034455036177787984,0.0,-0.00034455036177787984,500
celltype,Large artery,0.00030626698824700433,0.0,-0.00030626698824700433,500
celltype,MEMP-MEP,0.00012123068284777255,0.0,-0.00012123068284777255,500
celltype,Macrophages,0.017935760499215192,0.028333333333333332,0.01039757283411814,500
celltype,Macrophages Monocyte-like,0.012467618646555134,0.01,-0.0024676186465551336,500
celltype,Macrophages-innate immunity,0.00010208899608233478,0.0,-0.00010208899608233478,500
celltype,Macrophages-iron metabolism,0.0066294041830966145,0.004333333333333333,-0.0022960708497632813,500
celltype,Mast cells,0.000504064418156528,0.0,-0.000504064418156528,500
celltype,Megakaryocytes,0.0006380562255145924,0.0,-0.0006380562255145924,500
celltype,Metamyelocytes,0.0013143958245600603,0.0003333333333333333,-0.000981062491226727,500
celltype,Microglia,0.0014356265074078327,0.0003333333333333333,-0.0011022931740744995,500
celltype,Midbrain hem epithelia,0.0030562893202148974,0.008,0.004943710679785103,500
celltype,Midbrain hem progenitor,0.0016142822505519187,0.0003333333333333333,-0.0012809489172185854,500
celltype,Midbrain hem radial glia,0.004574863136939627,0.005333333333333333,0.0007584701963937058,500
celltype,Midbrain intermediate progenitor,0.0034263619310133608,0.004666666666666667,0.0012403047356533063,500
celltype,Midbrain interneuron,0.0006380562255145924,0.0003333333333333333,-0.00030472289218125905,500
celltype,Midbrain neuroblast,0.00214386891772903,0.001,-0.00114386891772903,500
celltype,Midbrain progenitor,0.002424613656955451,0.001,-0.001424613656955451,500
celltype,Midbrain-hindbrain epithelia,0.0031137143805112107,0.002,-0.0011137143805112107,500
celltype,Midbrain-hindbrain progenitor,0.0072419381595906235,0.004,-0.0032419381595906235,500
celltype,Monocyte-fibrocyte,0.0003764531730536095,0.0,-0.0003764531730536095,500
celltype,Monocytes,0.005895639523754833,0.002,-0.003895639523754833,500
celltype,Neural crest progenitor,0.0021757717290047597,0.001,-0.0011757717290047597,500
celltype,Oligodendrocyte progenitor,0.00010208899608233478,0.0,-0.00010208899608233478,500
celltype,Optic nerve (sensory),0.0005104449804116739,0.0,-0.0005104449804116739,500
celltype,Optic vesicle epithelia,0.00018503630539923178,0.0,-0.00018503630539923178,500
celltype,Osteogenic,0.013488508607378482,0.01,-0.003488508607378482,500
celltype,Osteoprogenitor,0.0012824930132843307,0.0006666666666666666,-0.000615826346617664,500
celltype,Pericyte,0.01838878041933055,0.02,0.0016112195806694506,500
celltype,Peripheral neuroblast,0.009743118563607826,0.007,-0.0027431185636078255,500
celltype,Perivascular fibroblast,0.0058701172747342495,0.007,0.0011298827252657507,500
celltype,Pia,0.056761481821778134,0.04133333333333333,-0.015428148488444801,500
celltype,Pia-forebrain,0.05081479779998213,0.019,-0.03181479779998213,500
celltype,Pinealocyte,0.005276724985005679,0.0036666666666666666,-0.001610058318339012,500
celltype,Platelets,0.00028712530148156654,0.0,-0.00028712530148156654,500
celltype,Pontine nuclei lineage intermediate progenitor,0.004511057514388168,0.008,0.003488942485611832,500
celltype,Pontine nuclei lineage migrating neuron,0.0034263619310133608,0.0023333333333333335,-0.0010930285976800272,500
celltype,Pre-EMT neural crest,0.008677564666998455,0.006666666666666667,-0.002010898000331788,500
celltype,Pre-EMT neural crest epithelia,0.0012633513265188929,0.0,-0.0012633513265188929,500
celltype,Precursor/CFU-E,0.0285657772162883,0.03,0.0014342227837116986,500
celltype,Presumptive neuroretina,0.00017227518088893992,0.0,-0.00017227518088893992,500
celltype,Primary meninx,0.03499100340722024,0.031,-0.0039910034072202435,500
celltype,Primary meninx-hindbrain,0.013265188928448374,0.009333333333333334,-0.00393185559511504,500
celltype,Primary vascular plexus,0.006233809323277567,0.008333333333333333,0.0020995240100557663,500
celltype,Promyelocytes,0.0006252951010043005,0.0003333333333333333,-0.0002919617676709672,500
celltype,Rathkes pouch,0.0009507037760167426,0.0003333333333333333,-0.0006173704426834094,500
celltype,Reticulocyte/RBC,0.0987711037096589,0.109,0.0102288962903411,500
celltype,S100A12-high monocytes,0.0001403723696132103,0.0003333333333333333,0.00019296096372012301,500
celltype,Schwann cell,0.0051427331776476145,0.004666666666666667,-0.0004760665109809475,500
celltype,Schwann cell precursor,0.01374373109758432,0.019666666666666666,0.005922935569082346,500
celltype,Smooth muscle cell,0.004587624261449919,0.0023333333333333335,-0.0022542909281165857,500
celltype,"Smooth muscle cell, mature",0.003579495425136863,0.0006666666666666666,-0.0029128287584701965,500
celltype,Spinal cord radial glia,7.656674706175108e-05,0.0,-7.656674706175108e-05,500
celltype,Tip cell,0.0018886464275231934,0.0,-0.0018886464275231934,500
celltype,Tip cell - arterial,0.002239577351556219,0.0013333333333333333,-0.0009062440182228857,500
celltype,Venous capillary,0.01723389865114914,0.025666666666666667,0.008432768015517528,500
celltype,Venous lymphatic-like,0.002667075022650996,0.0003333333333333333,-0.0023337416893176627,500
celltype,Venous lymphatic-like - non-leptomeningeal,0.0006827201613006138,0.0,-0.0006827201613006138,500
celltype,Ventral forebrain radial glia,0.00283296964128479,0.0023333333333333335,-0.0004996363079514564,500
Superclass,Epithelial,0.04417263249237523,0.04733333333333333,0.003160700840958104,300
Superclass,Erythropoietic,0.2337774204662915,0.24433333333333335,0.010555912867041856,300
Superclass,Fibroblast,0.45721194951699146,0.44566666666666666,-0.0115452828503248,300
Superclass,Immune,0.05434324872707783,0.05,-0.0043432487270778294,300
Superclass,Neural,0.0752906346107219,0.07766666666666666,0.002376032055944763,300
Superclass,Neural crest,0.041090820923139745,0.04133333333333333,0.0002425124101935877,300
Superclass,Other,0.0009507037760167426,0.0,-0.0009507037760167426,300
Superclass,Vascular endothelial,0.04750966655181654,0.04933333333333333,0.0018236667815167903,300
Superclass,Vascular perivascular,0.04565292293556908,0.044333333333333336,-0.0013195896022357434,300
celltype,Anteromedial cerebral pole glioblast,0.0011421206436711203,0.003,0.0018578793563288798,300
celltype,Anteromedial cerebral pole radial glia,0.001837601929482026,0.0023333333333333335,0.0004957314038513076,300
celltype,Arachnoid,0.00877965366308079,0.015333333333333332,0.0065536796702525425,300
celltype,Arachnoid barrier,0.0032285645011038374,0.0013333333333333333,-0.0018952311677705041,300
celltype,Arachnoid-dura border,0.0011165983946505365,0.0003333333333333333,-0.0007832650613172033,300
celltype,Arachnoid-forebrain,0.013016347000497685,0.005333333333333333,-0.007683013667164351,300
celltype,Arachnoid-hindbrain,0.019530901063001673,0.012,-0.007530901063001673,300
celltype,Arterial capillary,0.004574863136939627,0.0016666666666666668,-0.0029081964702729604,300
celltype,Arteriole,0.0028521113280502277,0.005,0.0021478886719497724,300
celltype,Artery,0.006201906512001838,0.007,0.0007980934879981624,300
celltype,B lineage,0.00016589461863379402,0.0,-0.00016589461863379402,300
celltype,CD56-bright NK cells,0.0005933922897285709,0.0,-0.0005933922897285709,300
celltype,ChP Ciliogenic progenitor,0.017163712466342535,0.021,0.003836287533657466,300
celltype,ChP Committed arachnoid precursor,0.0005359672294322575,0.0,-0.0005359672294322575,300
celltype,ChP Differentiated epithelia,0.029861031354082922,0.03866666666666667,0.008805635312583746,300
celltype,ChP Epithelia,0.0022012939780253434,0.0,-0.0022012939780253434,300
celltype,ChP Epithelial progenitor,0.0011995457039674336,0.0,-0.0011995457039674336,300
celltype,ChP Fibroblast,0.0008677564666998456,0.0,-0.0008677564666998456,300
celltype,ChP Macrophage,0.0003573114862881717,0.0,-0.0003573114862881717,300
celltype,ChP Macrophages,0.001595140563786481,0.0,-0.001595140563786481,300
celltype,ChP Meningeal fibroblast,0.020526268774804436,0.001,-0.019526268774804435,300
celltype,ChP Microglia,0.0012824930132843307,0.0026666666666666666,0.001384173653382336,300
celltype,ChP PTPRC+ fibroblast,0.015645138649617803,0.009666666666666667,-0.005978471982951136,300
celltype,ChP Pericyte,0.006833582175261284,0.014333333333333333,0.007499751158072049,300
celltype,ChP Perivascular,0.0063933233796562156,0.0016666666666666668,-0.0047266567129895486,300
celltype,ChP Reticulocyte/RBC,0.004989599683524112,0.0,-0.004989599683524112,300
celltype,Chondrocyte,0.002826589079029644,0.0,-0.002826589079029644,300
celltype,Chondrogenic,0.05543432487270778,0.06066666666666667,0.005232341793958886,300
celltype,Committed arachnoid precursor,0.005436239041384327,0.0,-0.005436239041384327,300
celltype,Committed arachnoid precursor-forebrain,0.03382336051452854,0.033,-0.00082336051452854,300
celltype,Committed arachnoid precursor-pia junction,0.018235646925207048,0.041666666666666664,0.023431019741459617,300
celltype,Committed dura precursor,0.0016461850618276483,0.0,-0.0016461850618276483,300
celltype,Committed dura precursor-early,0.0008486147799344078,0.0,-0.0008486147799344078,300
celltype,Committed dura precursor-forebrain,0.011797659609764812,0.006666666666666667,-0.005130992943098145,300
celltype,Committed oligodendrocyte progenitor,0.0001403723696132103,0.0,-0.0001403723696132103,300
celltype,Committed pia precursor,0.02905069994767939,0.069,0.03994930005232061,300
celltype,Committed pia precursor-anterior,0.015160215918226715,0.014666666666666666,-0.0004935492515600482,300
celltype,Cycling erythroblast,0.02036675471842579,0.011666666666666667,-0.008700088051759121,300
celltype,Dendritic cells,0.0017355129333996911,0.0013333333333333333,-0.00040217960006635784,300
celltype,Early precursor/BFU-E,0.011012850452381864,0.012666666666666666,0.0016538162142848024,300
celltype,Endothelial,0.0005614894784528412,0.0,-0.0005614894784528412,300
celltype,Erythroblast,0.07007133468601254,0.07333333333333333,0.0032619986473207963,300
celltype,Fatty acid metabolic - non-leptomeningeal,0.0020673021706672794,0.0,-0.0020673021706672794,300
celltype,Fibroblast-TAGAP,0.014120184270637928,0.012666666666666666,-0.0014535176039712615,300
celltype,Forebrain hem radial glia,0.0004976838559013821,0.0,-0.0004976838559013821,300
celltype,Forebrain neuroblast,0.0006635784745351761,0.0,-0.0006635784745351761,300
celltype,Forebrain neuron,0.00033178923726758804,0.0016666666666666668,0.0013348774293990787,300
celltype,Forebrain progenitor,0.013871342342687238,0.017666666666666667,0.0037953243239794293,300
celltype,Forebrain radial glia,0.0004849227313910902,0.0003333333333333333,-0.00015158939805775688,300
celltype,Hindbrain,0.007465257838520731,0.0003333333333333333,-0.0071319245051873975,300
celltype,Hindbrain epithelia,0.0018056991182062963,0.001,-0.0008056991182062963,300
celltype,Hindbrain glioblast,0.001837601929482026,0.0013333333333333333,-0.0005042685961486927,300
celltype,Hypothalamus interneuron,0.0008613759044446996,0.0006666666666666666,-0.000194709237778033,300
celltype,ILC precursors,0.0005168255426668198,0.0,-0.0005168255426668198,300
celltype,Inner dura,0.007139849163508289,0.011333333333333334,0.0041934841698250454,300
celltype,Isthmus radial glia,0.00023608080344039917,0.0,-0.00023608080344039917,300
celltype,LTMR mechanoreceptor,0.00034455036177787984,0.0,-0.00034455036177787984,300
celltype,Large artery,0.00030626698824700433,0.0,-0.00030626698824700433,300
celltype,MEMP-MEP,0.00012123068284777255,0.0,-0.00012123068284777255,300
celltype,Macrophages,0.017935760499215192,0.032,0.014064239500784809,300
celltype,Macrophages Monocyte-like,0.012467618646555134,0.006333333333333333,-0.006134285313221801,300
celltype,Macrophages-innate immunity,0.00010208899608233478,0.0,-0.00010208899608233478,300
celltype,Macrophages-iron metabolism,0.0066294041830966145,0.006,-0.0006294041830966143,300
celltype,Mast cells,0.000504064418156528,0.0,-0.000504064418156528,300
celltype,Megakaryocytes,0.0006380562255145924,0.0,-0.0006380562255145924,300
celltype,Metamyelocytes,0.0013143958245600603,0.0003333333333333333,-0.000981062491226727,300
celltype,Microglia,0.0014356265074078327,0.0,-0.0014356265074078327,300
celltype,Midbrain hem epithelia,0.0030562893202148974,0.0036666666666666666,0.0006103773464517692,300
celltype,Midbrain hem progenitor,0.0016142822505519187,0.0003333333333333333,-0.0012809489172185854,300
celltype,Midbrain hem radial glia,0.004574863136939627,0.004333333333333333,-0.00024152980360629423,300
celltype,Midbrain intermediate progenitor,0.0034263619310133608,0.0026666666666666666,-0.0007596952643466942,300
celltype,Midbrain interneuron,0.0006380562255145924,0.0003333333333333333,-0.00030472289218125905,300
celltype,Midbrain neuroblast,0.00214386891772903,0.0016666666666666668,-0.0004772022510623633,300
celltype,Midbrain progenitor,0.002424613656955451,0.001,-0.001424613656955451,300
celltype,Midbrain-hindbrain epithelia,0.0031137143805112107,0.0016666666666666668,-0.001447047713844544,300
celltype,Midbrain-hindbrain progenitor,0.0072419381595906235,0.002,-0.0052419381595906235,300
celltype,Monocyte-fibrocyte,0.0003764531730536095,0.0,-0.0003764531730536095,300
celltype,Monocytes,0.005895639523754833,0.0006666666666666666,-0.005228972857088166,300
celltype,Neural crest progenitor,0.0021757717290047597,0.0006666666666666666,-0.0015091050623380932,300
celltype,Oligodendrocyte progenitor,0.00010208899608233478,0.0,-0.00010208899608233478,300
celltype,Optic nerve (sensory),0.0005104449804116739,0.0,-0.0005104449804116739,300
celltype,Optic vesicle epithelia,0.00018503630539923178,0.0,-0.00018503630539923178,300
celltype,Osteogenic,0.013488508607378482,0.021333333333333333,0.00784482472595485,300
celltype,Osteoprogenitor,0.0012824930132843307,0.0003333333333333333,-0.0009491596799509974,300
celltype,Pericyte,0.01838878041933055,0.019333333333333334,0.0009445529140027845,300
celltype,Peripheral neuroblast,0.009743118563607826,0.007666666666666666,-0.0020764518969411594,300
celltype,Perivascular fibroblast,0.0058701172747342495,0.004666666666666667,-0.0012034506080675824,300
celltype,Pia,0.056761481821778134,0.07733333333333334,0.020571851511555203,300
celltype,Pia-forebrain,0.05081479779998213,0.033,-0.01781479779998213,300
celltype,Pinealocyte,0.005276724985005679,0.0026666666666666666,-0.002610058318339012,300
celltype,Platelets,0.00028712530148156654,0.0,-0.00028712530148156654,300
celltype,Pontine nuclei lineage intermediate progenitor,0.004511057514388168,0.008333333333333333,0.003822275818945165,300
celltype,Pontine nuclei lineage migrating neuron,0.0034263619310133608,0.004,0.0005736380689866393,300
celltype,Pre-EMT neural crest,0.008677564666998455,0.008333333333333333,-0.00034423133366512197,300
celltype,Pre-EMT neural crest epithelia,0.0012633513265188929,0.0,-0.0012633513265188929,300
celltype,Precursor/CFU-E,0.0285657772162883,0.027333333333333334,-0.0012324438829549658,300
celltype,Presumptive neuroretina,0.00017227518088893992,0.0,-0.00017227518088893992,300
celltype,Primary meninx,0.03499100340722024,0.016,-0.018991003407220243,300
celltype,Primary meninx-hindbrain,0.013265188928448374,0.0013333333333333333,-0.01193185559511504,300
celltype,Primary vascular plexus,0.006233809323277567,0.0006666666666666666,-0.0055671426566109,300
celltype,Promyelocytes,0.0006252951010043005,0.0003333333333333333,-0.0002919617676709672,300
celltype,Rathkes pouch,0.0009507037760167426,0.0,-0.0009507037760167426,300
celltype,Reticulocyte/RBC,0.0987711037096589,0.12066666666666667,0.021895562957007772,300
celltype,S100A12-high monocytes,0.0001403723696132103,0.0003333333333333333,0.00019296096372012301,300
celltype,Schwann cell,0.0051427331776476145,0.0036666666666666666,-0.001476066510980948,300
celltype,Schwann cell precursor,0.01374373109758432,0.022,0.00825626890241568,300
celltype,Smooth muscle cell,0.004587624261449919,0.003,-0.0015876242614499192,300
celltype,"Smooth muscle cell, mature",0.003579495425136863,0.0013333333333333333,-0.0022461620918035295,300
celltype,Spinal cord radial glia,7.656674706175108e-05,0.0,-7.656674706175108e-05,300
celltype,Tip cell,0.0018886464275231934,0.0,-0.0018886464275231934,300
celltype,Tip cell - arterial,0.002239577351556219,0.001,-0.001239577351556219,300
celltype,Venous capillary,0.01723389865114914,0.033666666666666664,0.016432768015517525,300
celltype,Venous lymphatic-like,0.002667075022650996,0.0003333333333333333,-0.0023337416893176627,300
celltype,Venous lymphatic-like - non-leptomeningeal,0.0006827201613006138,0.0,-0.0006827201613006138,300
celltype,Ventral forebrain radial glia,0.00283296964128479,0.0036666666666666666,0.0008336970253818767,300
Superclass,Epithelial,0.04417263249237523,0.05,0.0058273675076247755,200
Superclass,Erythropoietic,0.2337774204662915,0.24866666666666667,0.014889246200375184,200
Superclass,Fibroblast,0.45721194951699146,0.44233333333333336,-0.0148786161836581,200
Superclass,Immune,0.05434324872707783,0.05,-0.0043432487270778294,200
Superclass,Neural,0.0752906346107219,0.074,-0.0012906346107219024,200
Superclass,Neural crest,0.041090820923139745,0.041666666666666664,0.000575845743526919,200
Superclass,Other,0.0009507037760167426,0.0,-0.0009507037760167426,200
Superclass,Vascular endothelial,0.04750966655181654,0.04933333333333333,0.0018236667815167903,200
Superclass,Vascular perivascular,0.04565292293556908,0.044,-0.0016529229355690817,200
celltype,Anteromedial cerebral pole glioblast,0.0011421206436711203,0.003,0.0018578793563288798,200
celltype,Anteromedial cerebral pole radial glia,0.001837601929482026,0.0013333333333333333,-0.0005042685961486927,200
celltype,Arachnoid,0.00877965366308079,0.015666666666666666,0.0068870130035858755,200
celltype,Arachnoid barrier,0.0032285645011038374,0.0036666666666666666,0.0004381021655628292,200
celltype,Arachnoid-dura border,0.0011165983946505365,0.0006666666666666666,-0.0004499317279838699,200
celltype,Arachnoid-forebrain,0.013016347000497685,0.006,-0.007016347000497684,200
celltype,Arachnoid-hindbrain,0.019530901063001673,0.009666666666666667,-0.009864234396335006,200
celltype,Arterial capillary,0.004574863136939627,0.0016666666666666668,-0.0029081964702729604,200
celltype,Arteriole,0.0028521113280502277,0.006333333333333333,0.0034812220052831055,200
celltype,Artery,0.006201906512001838,0.007,0.0007980934879981624,200
celltype,B lineage,0.00016589461863379402,0.0,-0.00016589461863379402,200
celltype,CD56-bright NK cells,0.0005933922897285709,0.0,-0.0005933922897285709,200
celltype,ChP Ciliogenic progenitor,0.017163712466342535,0.020666666666666667,0.0035029542003241314,200
celltype,ChP Committed arachnoid precursor,0.0005359672294322575,0.0,-0.0005359672294322575,200
celltype,ChP Differentiated epithelia,0.029861031354082922,0.04033333333333333,0.01047230197925041,200
celltype,ChP Epithelia,0.0022012939780253434,0.0,-0.0022012939780253434,200
celltype,ChP Epithelial progenitor,0.0011995457039674336,0.0,-0.0011995457039674336,200
celltype,ChP Fibroblast,0.0008677564666998456,0.0,-0.0008677564666998456,200
celltype,ChP Macrophage,0.0003573114862881717,0.0,-0.0003573114862881717,200
celltype,ChP Macrophages,0.001595140563786481,0.0,-0.001595140563786481,200
celltype,ChP Meningeal fibroblast,0.020526268774804436,0.001,-0.019526268774804435,200
celltype,ChP Microglia,0.0012824930132843307,0.0026666666666666666,0.001384173653382336,200
celltype,ChP PTPRC+ fibroblast,0.015645138649617803,0.009333333333333334,-0.006311805316284469,200
celltype,ChP Pericyte,0.006833582175261284,0.019,0.012166417824738715,200
celltype,ChP Perivascular,0.0063933233796562156,0.0006666666666666666,-0.005726656712989549,200
celltype,ChP Reticulocyte/RBC,0.004989599683524112,0.0,-0.004989599683524112,200
celltype,Chondrocyte,0.002826589079029644,0.0,-0.002826589079029644,200
celltype,Chondrogenic,0.05543432487270778,0.05266666666666667,-0.002767658206041114,200
celltype,Committed arachnoid precursor,0.005436239041384327,0.0006666666666666666,-0.00476957237471766,200
celltype,Committed arachnoid precursor-forebrain,0.03382336051452854,0.045,0.011176639485471457,200
celltype,Committed arachnoid precursor-pia junction,0.018235646925207048,0.029666666666666668,0.01143101974145962,200
celltype,Committed dura precursor,0.0016461850618276483,0.0,-0.0016461850618276483,200
celltype,Committed dura precursor-early,0.0008486147799344078,0.0,-0.0008486147799344078,200
celltype,Committed dura precursor-forebrain,0.011797659609764812,0.007333333333333333,-0.004464326276431479,200
celltype,Committed oligodendrocyte progenitor,0.0001403723696132103,0.0,-0.0001403723696132103,200
celltype,Committed pia precursor,0.02905069994767939,0.056,0.026949300052320612,200
celltype,Committed pia precursor-anterior,0.015160215918226715,0.012333333333333333,-0.0028268825848933813,200
celltype,Cycling erythroblast,0.02036675471842579,0.008666666666666666,-0.011700088051759122,200
celltype,Dendritic cells,0.0017355129333996911,0.0013333333333333333,-0.00040217960006635784,200
celltype,Early precursor/BFU-E,0.011012850452381864,0.010666666666666666,-0.00034618378571519767,200
celltype,Endothelial,0.0005614894784528412,0.0,-0.0005614894784528412,200
celltype,Erythroblast,0.07007133468601254,0.07933333333333334,0.009261998647320802,200
celltype,Fatty acid metabolic - non-leptomeningeal,0.0020673021706672794,0.0003333333333333333,-0.0017339688373339461,200
celltype,Fibroblast-TAGAP,0.014120184270637928,0.018666666666666668,0.00454648239602874,200
celltype,Forebrain hem radial glia,0.0004976838559013821,0.0,-0.0004976838559013821,200
celltype,Forebrain neuroblast,0.0006635784745351761,0.0003333333333333333,-0.00033024514120184276,200
celltype,Forebrain neuron,0.00033178923726758804,0.0016666666666666668,0.0013348774293990787,200
celltype,Forebrain progenitor,0.013871342342687238,0.018333333333333333,0.004461990990646095,200
celltype,Forebrain radial glia,0.0004849227313910902,0.0003333333333333333,-0.00015158939805775688,200
celltype,Hindbrain,0.007465257838520731,0.0003333333333333333,-0.0071319245051873975,200
celltype,Hindbrain epithelia,0.0018056991182062963,0.0006666666666666666,-0.0011390324515396298,200
celltype,Hindbrain glioblast,0.001837601929482026,0.0013333333333333333,-0.0005042685961486927,200
celltype,Hypothalamus interneuron,0.0008613759044446996,0.0006666666666666666,-0.000194709237778033,200
celltype,ILC precursors,0.0005168255426668198,0.0,-0.0005168255426668198,200
celltype,Inner dura,0.007139849163508289,0.012333333333333333,0.005193484169825045,200
celltype,Isthmus radial glia,0.00023608080344039917,0.0,-0.00023608080344039917,200
celltype,LTMR mechanoreceptor,0.00034455036177787984,0.0,-0.00034455036177787984,200
celltype,Large artery,0.00030626698824700433,0.0,-0.00030626698824700433,200
celltype,MEMP-MEP,0.00012123068284777255,0.0,-0.00012123068284777255,200
celltype,Macrophages,0.017935760499215192,0.032,0.014064239500784809,200
celltype,Macrophages Monocyte-like,0.012467618646555134,0.008333333333333333,-0.004134285313221801,200
celltype,Macrophages-innate immunity,0.00010208899608233478,0.0,-0.00010208899608233478,200
celltype,Macrophages-iron metabolism,0.0066294041830966145,0.004333333333333333,-0.0022960708497632813,200
celltype,Mast cells,0.000504064418156528,0.0,-0.000504064418156528,200
celltype,Megakaryocytes,0.0006380562255145924,0.0,-0.0006380562255145924,200
celltype,Metamyelocytes,0.0013143958245600603,0.0003333333333333333,-0.000981062491226727,200
celltype,Microglia,0.0014356265074078327,0.0,-0.0014356265074078327,200
celltype,Midbrain hem epithelia,0.0030562893202148974,0.005,0.0019437106797851027,200
celltype,Midbrain hem progenitor,0.0016142822505519187,0.0006666666666666666,-0.0009476155838852521,200
celltype,Midbrain hem radial glia,0.004574863136939627,0.004333333333333333,-0.00024152980360629423,200
celltype,Midbrain intermediate progenitor,0.0034263619310133608,0.0026666666666666666,-0.0007596952643466942,200
celltype,Midbrain interneuron,0.0006380562255145924,0.0003333333333333333,-0.00030472289218125905,200
celltype,Midbrain neuroblast,0.00214386891772903,0.0016666666666666668,-0.0004772022510623633,200
celltype,Midbrain progenitor,0.002424613656955451,0.0,-0.002424613656955451,200
celltype,Midbrain-hindbrain epithelia,0.0031137143805112107,0.001,-0.0021137143805112107,200
celltype,Midbrain-hindbrain progenitor,0.0072419381595906235,0.0013333333333333333,-0.0059086048262572905,200
celltype,Monocyte-fibrocyte,0.0003764531730536095,0.0,-0.0003764531730536095,200
celltype,Monocytes,0.005895639523754833,0.0003333333333333333,-0.0055623061904215,200
celltype,Neural crest progenitor,0.0021757717290047597,0.0006666666666666666,-0.0015091050623380932,200
celltype,Oligodendrocyte progenitor,0.00010208899608233478,0.0,-0.00010208899608233478,200
celltype,Optic nerve (sensory),0.0005104449804116739,0.0,-0.0005104449804116739,200
celltype,Optic vesicle epithelia,0.00018503630539923178,0.0,-0.00018503630539923178,200
celltype,Osteogenic,0.013488508607378482,0.025,0.011511491392621519,200
celltype,Osteoprogenitor,0.0012824930132843307,0.0006666666666666666,-0.000615826346617664,200
celltype,Pericyte,0.01838878041933055,0.015666666666666666,-0.0027221137526638843,200
celltype,Peripheral neuroblast,0.009743118563607826,0.007666666666666666,-0.0020764518969411594,200
celltype,Perivascular fibroblast,0.0058701172747342495,0.004333333333333333,-0.0015367839414009163,200
celltype,Pia,0.056761481821778134,0.08233333333333333,0.025571851511555194,200
celltype,Pia-forebrain,0.05081479779998213,0.03666666666666667,-0.014148131133315464,200
celltype,Pinealocyte,0.005276724985005679,0.0026666666666666666,-0.002610058318339012,200
celltype,Platelets,0.00028712530148156654,0.0,-0.00028712530148156654,200
celltype,Pontine nuclei lineage intermediate progenitor,0.004511057514388168,0.008666666666666666,0.004155609152278498,200
celltype,Pontine nuclei lineage migrating neuron,0.0034263619310133608,0.0033333333333333335,-9.30285976800272e-05,200
celltype,Pre-EMT neural crest,0.008677564666998455,0.007666666666666666,-0.001010898000331789,200
celltype,Pre-EMT neural crest epithelia,0.0012633513265188929,0.0,-0.0012633513265188929,200
celltype,Precursor/CFU-E,0.0285657772162883,0.028,-0.0005657772162882997,200
celltype,Presumptive neuroretina,0.00017227518088893992,0.0,-0.00017227518088893992,200
celltype,Primary meninx,0.03499100340722024,0.014333333333333333,-0.02065767007388691,200
celltype,Primary meninx-hindbrain,0.013265188928448374,0.0013333333333333333,-0.01193185559511504,200
celltype,Primary vascular plexus,0.006233809323277567,0.0003333333333333333,-0.005900475989944234,200
celltype,Promyelocytes,0.0006252951010043005,0.0003333333333333333,-0.0002919617676709672,200
celltype,Rathkes pouch,0.0009507037760167426,0.0003333333333333333,-0.0006173704426834094,200
celltype,Reticulocyte/RBC,0.0987711037096589,0.12266666666666666,0.02389556295700776,200
celltype,S100A12-high monocytes,0.0001403723696132103,0.0003333333333333333,0.00019296096372012301,200
celltype,Schwann cell,0.0051427331776476145,0.009333333333333334,0.00419060015568572,200
celltype,Schwann cell precursor,0.01374373109758432,0.01633333333333333,0.002589602235749012,200
celltype,Smooth muscle cell,0.004587624261449919,0.0023333333333333335,-0.0022542909281165857,200
celltype,"Smooth muscle cell, mature",0.003579495425136863,0.0023333333333333335,-0.0012461620918035295,200
celltype,Spinal cord radial glia,7.656674706175108e-05,0.0,-7.656674706175108e-05,200
celltype,Tip cell,0.0018886464275231934,0.0,-0.0018886464275231934,200
celltype,Tip cell - arterial,0.002239577351556219,0.0013333333333333333,-0.0009062440182228857,200
celltype,Venous capillary,0.01723389865114914,0.029,0.011766101348850862,200
celltype,Venous lymphatic-like,0.002667075022650996,0.0033333333333333335,0.0006662583106823374,200
celltype,Venous lymphatic-like - non-leptomeningeal,0.0006827201613006138,0.0,-0.0006827201613006138,200
celltype,Ventral forebrain radial glia,0.00283296964128479,0.0033333333333333335,0.0005003636920485437,200
Superclass,Epithelial,0.04417263249237523,0.052,0.00782736750762477,100
Superclass,Erythropoietic,0.2337774204662915,0.25,0.01622257953370851,100
Superclass,Fibroblast,0.45721194951699146,0.441,-0.016211949516991453,100
Superclass,Immune,0.05434324872707783,0.05,-0.0043432487270778294,100
Superclass,Neural,0.0752906346107219,0.072,-0.0032906346107219042,100
Superclass,Neural crest,0.041090820923139745,0.04133333333333333,0.0002425124101935877,100
Superclass,Other,0.0009507037760167426,0.0,-0.0009507037760167426,100
Superclass,Vascular endothelial,0.04750966655181654,0.04933333333333333,0.0018236667815167903,100
Superclass,Vascular perivascular,0.04565292293556908,0.044333333333333336,-0.0013195896022357434,100
celltype,Anteromedial cerebral pole glioblast,0.0011421206436711203,0.003,0.0018578793563288798,100
celltype,Anteromedial cerebral pole radial glia,0.001837601929482026,0.0013333333333333333,-0.0005042685961486927,100
celltype,Arachnoid,0.00877965366308079,0.018,0.009220346336919209,100
celltype,Arachnoid barrier,0.0032285645011038374,0.006666666666666667,0.0034381021655628297,100
celltype,Arachnoid-dura border,0.0011165983946505365,0.001,-0.00011659839465053652,100
celltype,Arachnoid-forebrain,0.013016347000497685,0.007666666666666666,-0.005349680333831018,100
celltype,Arachnoid-hindbrain,0.019530901063001673,0.015,-0.004530901063001674,100
celltype,Arterial capillary,0.004574863136939627,0.002,-0.0025748631369396273,100
celltype,Arteriole,0.0028521113280502277,0.009666666666666667,0.0068145553386164395,100
celltype,Artery,0.006201906512001838,0.006333333333333333,0.00013142682133149546,100
celltype,B lineage,0.00016589461863379402,0.0,-0.00016589461863379402,100
celltype,CD56-bright NK cells,0.0005933922897285709,0.0,-0.0005933922897285709,100
celltype,ChP Ciliogenic progenitor,0.017163712466342535,0.02,0.0028362875336574653,100
celltype,ChP Committed arachnoid precursor,0.0005359672294322575,0.0,-0.0005359672294322575,100
celltype,ChP Differentiated epithelia,0.029861031354082922,0.043,0.013138968645917074,100
celltype,ChP Epithelia,0.0022012939780253434,0.0,-0.0022012939780253434,100
celltype,ChP Epithelial progenitor,0.0011995457039674336,0.0,-0.0011995457039674336,100
celltype,ChP Fibroblast,0.0008677564666998456,0.0,-0.0008677564666998456,100
celltype,ChP Macrophage,0.0003573114862881717,0.0,-0.0003573114862881717,100
celltype,ChP Macrophages,0.001595140563786481,0.0,-0.001595140563786481,100
celltype,ChP Meningeal fibroblast,0.020526268774804436,0.0003333333333333333,-0.0201929354414711,100
celltype,ChP Microglia,0.0012824930132843307,0.003,0.0017175069867156694,100
celltype,ChP PTPRC+ fibroblast,0.015645138649617803,0.009333333333333334,-0.006311805316284469,100
celltype,ChP Pericyte,0.006833582175261284,0.023666666666666666,0.01683308449140538,100
celltype,ChP Perivascular,0.0063933233796562156,0.0006666666666666666,-0.005726656712989549,100
celltype,ChP Reticulocyte/RBC,0.004989599683524112,0.0,-0.004989599683524112,100
celltype,Chondrocyte,0.002826589079029644,0.0,-0.002826589079029644,100
celltype,Chondrogenic,0.05543432487270778,0.04833333333333333,-0.007100991539374449,100
celltype,Committed arachnoid precursor,0.005436239041384327,0.0,-0.005436239041384327,100
celltype,Committed arachnoid precursor-forebrain,0.03382336051452854,0.052333333333333336,0.018509972818804794,100
celltype,Committed arachnoid precursor-pia junction,0.018235646925207048,0.024,0.005764353074792953,100
celltype,Committed dura precursor,0.0016461850618276483,0.0,-0.0016461850618276483,100
celltype,Committed dura precursor-early,0.0008486147799344078,0.0,-0.0008486147799344078,100
celltype,Committed dura precursor-forebrain,0.011797659609764812,0.007666666666666666,-0.004130992943098146,100
celltype,Committed oligodendrocyte progenitor,0.0001403723696132103,0.0,-0.0001403723696132103,100
celltype,Committed pia precursor,0.02905069994767939,0.03833333333333333,0.009282633385653941,100
celltype,Committed pia precursor-anterior,0.015160215918226715,0.014333333333333333,-0.0008268825848933813,100
celltype,Cycling erythroblast,0.02036675471842579,0.008,-0.012366754718425788,100
celltype,Dendritic cells,0.0017355129333996911,0.0013333333333333333,-0.00040217960006635784,100
celltype,Early precursor/BFU-E,0.011012850452381864,0.011666666666666667,0.0006538162142848032,100
celltype,Endothelial,0.0005614894784528412,0.0,-0.0005614894784528412,100
celltype,Erythroblast,0.07007133468601254,0.08,0.009928665313987464,100
celltype,Fatty acid metabolic - non-leptomeningeal,0.0020673021706672794,0.0003333333333333333,-0.0017339688373339461,100
celltype,Fibroblast-TAGAP,0.014120184270637928,0.019,0.004879815729362072,100
celltype,Forebrain hem radial glia,0.0004976838559013821,0.0,-0.0004976838559013821,100
celltype,Forebrain neuroblast,0.0006635784745351761,0.0003333333333333333,-0.00033024514120184276,100
celltype,Forebrain neuron,0.00033178923726758804,0.001,0.000668210762732412,100
celltype,Forebrain progenitor,0.013871342342687238,0.017666666666666667,0.0037953243239794293,100
celltype,Forebrain radial glia,0.0004849227313910902,0.0003333333333333333,-0.00015158939805775688,100
celltype,Hindbrain,0.007465257838520731,0.0003333333333333333,-0.0071319245051873975,100
celltype,Hindbrain epithelia,0.0018056991182062963,0.0006666666666666666,-0.0011390324515396298,100
celltype,Hindbrain glioblast,0.001837601929482026,0.001,-0.000837601929482026,100
celltype,Hypothalamus interneuron,0.0008613759044446996,0.001,0.0001386240955553004,100
celltype,ILC precursors,0.0005168255426668198,0.0,-0.0005168255426668198,100
celltype,Inner dura,0.007139849163508289,0.013666666666666667,0.0065268175031583785,100
celltype,Isthmus radial glia,0.00023608080344039917,0.0,-0.00023608080344039917,100
celltype,LTMR mechanoreceptor,0.00034455036177787984,0.0,-0.00034455036177787984,100
celltype,Large artery,0.00030626698824700433,0.0,-0.00030626698824700433,100
celltype,MEMP-MEP,0.00012123068284777255,0.0,-0.00012123068284777255,100
celltype,Macrophages,0.017935760499215192,0.034666666666666665,0.016730906167451473,100
celltype,Macrophages Monocyte-like,0.012467618646555134,0.006,-0.006467618646555134,100
celltype,Macrophages-innate immunity,0.00010208899608233478,0.0,-0.00010208899608233478,100
celltype,Macrophages-iron metabolism,0.0066294041830966145,0.004,-0.0026294041830966144,100
celltype,Mast cells,0.000504064418156528,0.0,-0.000504064418156528,100
celltype,Megakaryocytes,0.0006380562255145924,0.0,-0.0006380562255145924,100
celltype,Metamyelocytes,0.0013143958245600603,0.0006666666666666666,-0.0006477291578933937,100
celltype,Microglia,0.0014356265074078327,0.0,-0.0014356265074078327,100
celltype,Midbrain hem epithelia,0.0030562893202148974,0.002,-0.0010562893202148973,100
celltype,Midbrain hem progenitor,0.0016142822505519187,0.0013333333333333333,-0.0002809489172185854,100
celltype,Midbrain hem radial glia,0.004574863136939627,0.0036666666666666666,-0.0009081964702729608,100
celltype,Midbrain intermediate progenitor,0.0034263619310133608,0.002,-0.0014263619310133607,100
celltype,Midbrain interneuron,0.0006380562255145924,0.001,0.00036194377448540765,100
celltype,Midbrain neuroblast,0.00214386891772903,0.002,-0.00014386891772903004,100
celltype,Midbrain progenitor,0.002424613656955451,0.0003333333333333333,-0.0020912803236221174,100
celltype,Midbrain-hindbrain epithelia,0.0031137143805112107,0.0016666666666666668,-0.001447047713844544,100
celltype,Midbrain-hindbrain progenitor,0.0072419381595906235,0.0023333333333333335,-0.0049086048262572905,100
celltype,Monocyte-fibrocyte,0.0003764531730536095,0.0,-0.0003764531730536095,100
celltype,Monocytes,0.005895639523754833,0.0,-0.005895639523754833,100
celltype,Neural crest progenitor,0.0021757717290047597,0.0006666666666666666,-0.0015091050623380932,100
celltype,Oligodendrocyte progenitor,0.00010208899608233478,0.0,-0.00010208899608233478,100
celltype,Optic nerve (sensory),0.0005104449804116739,0.0,-0.0005104449804116739,100
celltype,Optic vesicle epithelia,0.00018503630539923178,0.0,-0.00018503630539923178,100
celltype,Osteogenic,0.013488508607378482,0.028666666666666667,0.015178158059288184,100
celltype,Osteoprogenitor,0.0012824930132843307,0.001,-0.00028249301328433065,100
celltype,Pericyte,0.01838878041933055,0.011333333333333334,-0.007055447085997216,100
celltype,Peripheral neuroblast,0.009743118563607826,0.007666666666666666,-0.0020764518969411594,100
celltype,Perivascular fibroblast,0.0058701172747342495,0.0036666666666666666,-0.002203450608067583,100
celltype,Pia,0.056761481821778134,0.07466666666666667,0.01790518484488854,100
celltype,Pia-forebrain,0.05081479779998213,0.04666666666666667,-0.004148131133315462,100
celltype,Pinealocyte,0.005276724985005679,0.003,-0.0022767249850056785,100
celltype,Platelets,0.00028712530148156654,0.0,-0.00028712530148156654,100
celltype,Pontine nuclei lineage intermediate progenitor,0.004511057514388168,0.008666666666666666,0.004155609152278498,100
celltype,Pontine nuclei lineage migrating neuron,0.0034263619310133608,0.004,0.0005736380689866393,100
celltype,Pre-EMT neural crest,0.008677564666998455,0.007666666666666666,-0.001010898000331789,100
celltype,Pre-EMT neural crest epithelia,0.0012633513265188929,0.0,-0.0012633513265188929,100
celltype,Precursor/CFU-E,0.0285657772162883,0.02666666666666667,-0.001899110549621632,100
celltype,Presumptive neuroretina,0.00017227518088893992,0.0,-0.00017227518088893992,100
celltype,Primary meninx,0.03499100340722024,0.011,-0.023991003407220244,100
celltype,Primary meninx-hindbrain,0.013265188928448374,0.0013333333333333333,-0.01193185559511504,100
celltype,Primary vascular plexus,0.006233809323277567,0.0003333333333333333,-0.005900475989944234,100
celltype,Promyelocytes,0.0006252951010043005,0.0003333333333333333,-0.0002919617676709672,100
celltype,Rathkes pouch,0.0009507037760167426,0.0,-0.0009507037760167426,100
celltype,Reticulocyte/RBC,0.0987711037096589,0.12466666666666666,0.02589556295700776,100
celltype,S100A12-high monocytes,0.0001403723696132103,0.0,-0.0001403723696132103,100
celltype,Schwann cell,0.0051427331776476145,0.017,0.011857266822352386,100
celltype,Schwann cell precursor,0.01374373109758432,0.008666666666666666,-0.005077064430917653,100
celltype,Smooth muscle cell,0.004587624261449919,0.003,-0.0015876242614499192,100
celltype,"Smooth muscle cell, mature",0.003579495425136863,0.0023333333333333335,-0.0012461620918035295,100
celltype,Spinal cord radial glia,7.656674706175108e-05,0.0,-7.656674706175108e-05,100
celltype,Tip cell,0.0018886464275231934,0.0,-0.0018886464275231934,100
celltype,Tip cell - arterial,0.002239577351556219,0.0006666666666666666,-0.0015729106848895525,100
celltype,Venous capillary,0.01723389865114914,0.024,0.0067661013488508615,100
celltype,Venous lymphatic-like,0.002667075022650996,0.006,0.003332924977349004,100
celltype,Venous lymphatic-like - non-leptomeningeal,0.0006827201613006138,0.0,-0.0006827201613006138,100
celltype,Ventral forebrain radial glia,0.00283296964128479,0.0026666666666666666,-0.0001663029746181233,100
Superclass,Epithelial,0.04417263249237523,0.054,0.009827367507624772,50
Superclass,Erythropoietic,0.2337774204662915,0.25033333333333335,0.01655591286704186,50
Superclass,Fibroblast,0.45721194951699146,0.441,-0.016211949516991453,50
Superclass,Immune,0.05434324872707783,0.05,-0.0043432487270778294,50
Superclass,Neural,0.0752906346107219,0.07033333333333333,-0.004957301277388568,50
Superclass,Neural crest,0.041090820923139745,0.041,-9.08209231397436e-05,50
Superclass,Other,0.0009507037760167426,0.0,-0.0009507037760167426,50
Superclass,Vascular endothelial,0.04750966655181654,0.04933333333333333,0.0018236667815167903,50
Superclass,Vascular perivascular,0.04565292293556908,0.044,-0.0016529229355690817,50
celltype,Anteromedial cerebral pole glioblast,0.0011421206436711203,0.0033333333333333335,0.0021912126896622133,50
celltype,Anteromedial cerebral pole radial glia,0.001837601929482026,0.001,-0.000837601929482026,50
celltype,Arachnoid,0.00877965366308079,0.011,0.0022203463369192093,50
celltype,Arachnoid barrier,0.0032285645011038374,0.013,0.009771435498896162,50
celltype,Arachnoid-dura border,0.0011165983946505365,0.0016666666666666668,0.0005500682720161302,50
celltype,Arachnoid-forebrain,0.013016347000497685,0.012333333333333333,-0.0006830136671643512,50
celltype,Arachnoid-hindbrain,0.019530901063001673,0.017,-0.002530901063001672,50
celltype,Arterial capillary,0.004574863136939627,0.002,-0.0025748631369396273,50
celltype,Arteriole,0.0028521113280502277,0.011666666666666667,0.008814555338616439,50
celltype,Artery,0.006201906512001838,0.006333333333333333,0.00013142682133149546,50
celltype,B lineage,0.00016589461863379402,0.0,-0.00016589461863379402,50
celltype,CD56-bright NK cells,0.0005933922897285709,0.0,-0.0005933922897285709,50
celltype,ChP Ciliogenic progenitor,0.017163712466342535,0.019666666666666666,0.0025029542003241305,50
celltype,ChP Committed arachnoid precursor,0.0005359672294322575,0.0,-0.0005359672294322575,50
celltype,ChP Differentiated epithelia,0.029861031354082922,0.044,0.014138968645917075,50
celltype,ChP Epithelia,0.0022012939780253434,0.0,-0.0022012939780253434,50
celltype,ChP Epithelial progenitor,0.0011995457039674336,0.0,-0.0011995457039674336,50
celltype,ChP Fibroblast,0.0008677564666998456,0.0,-0.0008677564666998456,50
celltype,ChP Macrophage,0.0003573114862881717,0.0,-0.0003573114862881717,50
celltype,ChP Macrophages,0.001595140563786481,0.0,-0.001595140563786481,50
celltype,ChP Meningeal fibroblast,0.020526268774804436,0.0006666666666666666,-0.01985960210813777,50
celltype,ChP Microglia,0.0012824930132843307,0.0026666666666666666,0.001384173653382336,50
celltype,ChP PTPRC+ fibroblast,0.015645138649617803,0.009333333333333334,-0.006311805316284469,50
celltype,ChP Pericyte,0.006833582175261284,0.026333333333333334,0.01949975115807205,50
celltype,ChP Perivascular,0.0063933233796562156,0.0006666666666666666,-0.005726656712989549,50
celltype,ChP Reticulocyte/RBC,0.004989599683524112,0.0,-0.004989599683524112,50
celltype,Chondrocyte,0.002826589079029644,0.0,-0.002826589079029644,50
celltype,Chondrogenic,0.05543432487270778,0.04766666666666667,-0.0077676582060411115,50
celltype,Committed arachnoid precursor,0.005436239041384327,0.0,-0.005436239041384327,50
celltype,Committed arachnoid precursor-forebrain,0.03382336051452854,0.057,0.02317663948547146,50
celltype,Committed arachnoid precursor-pia junction,0.018235646925207048,0.016666666666666666,-0.0015689802585403811,50
celltype,Committed dura precursor,0.0016461850618276483,0.0006666666666666666,-0.0009795183951609816,50
celltype,Committed dura precursor-early,0.0008486147799344078,0.0,-0.0008486147799344078,50
celltype,Committed dura precursor-forebrain,0.011797659609764812,0.008333333333333333,-0.0034643262764314786,50
celltype,Committed oligodendrocyte progenitor,0.0001403723696132103,0.0,-0.0001403723696132103,50
celltype,Committed pia precursor,0.02905069994767939,0.03166666666666667,0.0026159667189872803,50
celltype,Committed pia precursor-anterior,0.015160215918226715,0.008333333333333333,-0.006826882584893381,50
celltype,Cycling erythroblast,0.02036675471842579,0.004666666666666667,-0.015700088051759122,50
celltype,Dendritic cells,0.0017355129333996911,0.0013333333333333333,-0.00040217960006635784,50
celltype,Early precursor/BFU-E,0.011012850452381864,0.012,0.0009871495476181363,50
celltype,Endothelial,0.0005614894784528412,0.0,-0.0005614894784528412,50
celltype,Erythroblast,0.07007133468601254,0.083,0.012928665313987467,50
celltype,Fatty acid metabolic - non-leptomeningeal,0.0020673021706672794,0.0,-0.0020673021706672794,50
celltype,Fibroblast-TAGAP,0.014120184270637928,0.017,0.0028798157293620733,50
celltype,Forebrain hem radial glia,0.0004976838559013821,0.0,-0.0004976838559013821,50
celltype,Forebrain neuroblast,0.0006635784745351761,0.0006666666666666666,3.0881921314905624e-06,50
celltype,Forebrain neuron,0.00033178923726758804,0.001,0.000668210762732412,50
celltype,Forebrain progenitor,0.013871342342687238,0.017,0.003128657657312763,50
celltype,Forebrain radial glia,0.0004849227313910902,0.0003333333333333333,-0.00015158939805775688,50
celltype,Hindbrain,0.007465257838520731,0.0003333333333333333,-0.0071319245051873975,50
celltype,Hindbrain epithelia,0.0018056991182062963,0.0006666666666666666,-0.0011390324515396298,50
celltype,Hindbrain glioblast,0.001837601929482026,0.0013333333333333333,-0.0005042685961486927,50
celltype,Hypothalamus interneuron,0.0008613759044446996,0.001,0.0001386240955553004,50
celltype,ILC precursors,0.0005168255426668198,0.0,-0.0005168255426668198,50
celltype,Inner dura,0.007139849163508289,0.014333333333333333,0.007193484169825045,50
celltype,Isthmus radial glia,0.00023608080344039917,0.0,-0.00023608080344039917,50
celltype,LTMR mechanoreceptor,0.00034455036177787984,0.0,-0.00034455036177787984,50
celltype,Large artery,0.00030626698824700433,0.0,-0.00030626698824700433,50
celltype,MEMP-MEP,0.00012123068284777255,0.0,-0.00012123068284777255,50
celltype,Macrophages,0.017935760499215192,0.034666666666666665,0.016730906167451473,50
celltype,Macrophages Monocyte-like,0.012467618646555134,0.006,-0.006467618646555134,50
celltype,Macrophages-innate immunity,0.00010208899608233478,0.0,-0.00010208899608233478,50
celltype,Macrophages-iron metabolism,0.0066294041830966145,0.004,-0.0026294041830966144,50
celltype,Mast cells,0.000504064418156528,0.0,-0.000504064418156528,50
celltype,Megakaryocytes,0.0006380562255145924,0.0,-0.0006380562255145924,50
celltype,Metamyelocytes,0.0013143958245600603,0.001,-0.0003143958245600603,50
celltype,Microglia,0.0014356265074078327,0.0,-0.0014356265074078327,50
celltype,Midbrain hem epithelia,0.0030562893202148974,0.0016666666666666668,-0.0013896226535482306,50
celltype,Midbrain hem progenitor,0.0016142822505519187,0.0016666666666666668,5.2384416114748065e-05,50
celltype,Midbrain hem radial glia,0.004574863136939627,0.0036666666666666666,-0.0009081964702729608,50
celltype,Midbrain intermediate progenitor,0.0034263619310133608,0.0016666666666666668,-0.001759695264346694,50
celltype,Midbrain interneuron,0.0006380562255145924,0.0013333333333333333,0.0006952771078187409,50
celltype,Midbrain neuroblast,0.00214386891772903,0.0013333333333333333,-0.0008105355843956968,50
celltype,Midbrain progenitor,0.002424613656955451,0.0003333333333333333,-0.0020912803236221174,50
celltype,Midbrain-hindbrain epithelia,0.0031137143805112107,0.001,-0.0021137143805112107,50
celltype,Midbrain-hindbrain progenitor,0.0072419381595906235,0.0023333333333333335,-0.0049086048262572905,50
celltype,Monocyte-fibrocyte,0.0003764531730536095,0.0,-0.0003764531730536095,50
celltype,Monocytes,0.005895639523754833,0.0,-0.005895639523754833,50
celltype,Neural crest progenitor,0.0021757717290047597,0.001,-0.0011757717290047597,50
celltype,Oligodendrocyte progenitor,0.00010208899608233478,0.0,-0.00010208899608233478,50
celltype,Optic nerve (sensory),0.0005104449804116739,0.0,-0.0005104449804116739,50
celltype,Optic vesicle epithelia,0.00018503630539923178,0.0,-0.00018503630539923178,50
celltype,Osteogenic,0.013488508607378482,0.027666666666666666,0.014178158059288183,50
celltype,Osteoprogenitor,0.0012824930132843307,0.001,-0.00028249301328433065,50
celltype,Pericyte,0.01838878041933055,0.008,-0.01038878041933055,50
celltype,Peripheral neuroblast,0.009743118563607826,0.007666666666666666,-0.0020764518969411594,50
celltype,Perivascular fibroblast,0.0058701172747342495,0.0033333333333333335,-0.002536783941400916,50
celltype,Pia,0.056761481821778134,0.08266666666666667,0.025905184844888532,50
celltype,Pia-forebrain,0.05081479779998213,0.048,-0.00281479779998213,50
celltype,Pinealocyte,0.005276724985005679,0.0033333333333333335,-0.001943391651672345,50
celltype,Platelets,0.00028712530148156654,0.0,-0.00028712530148156654,50
celltype,Pontine nuclei lineage intermediate progenitor,0.004511057514388168,0.008333333333333333,0.003822275818945165,50
celltype,Pontine nuclei lineage migrating neuron,0.0034263619310133608,0.004666666666666667,0.0012403047356533063,50
celltype,Pre-EMT neural crest,0.008677564666998455,0.007333333333333333,-0.001344231333665122,50
celltype,Pre-EMT neural crest epithelia,0.0012633513265188929,0.0,-0.0012633513265188929,50
celltype,Precursor/CFU-E,0.0285657772162883,0.02666666666666667,-0.001899110549621632,50
celltype,Presumptive neuroretina,0.00017227518088893992,0.0,-0.00017227518088893992,50
celltype,Primary meninx,0.03499100340722024,0.013,-0.021991003407220246,50
celltype,Primary meninx-hindbrain,0.013265188928448374,0.0013333333333333333,-0.01193185559511504,50
celltype,Primary vascular plexus,0.006233809323277567,0.0003333333333333333,-0.005900475989944234,50
celltype,Promyelocytes,0.0006252951010043005,0.0003333333333333333,-0.0002919617676709672,50
celltype,Rathkes pouch,0.0009507037760167426,0.0,-0.0009507037760167426,50
celltype,Reticulocyte/RBC,0.0987711037096589,0.12433333333333334,0.025562229623674437,50
celltype,S100A12-high monocytes,0.0001403723696132103,0.0,-0.0001403723696132103,50
celltype,Schwann cell,0.0051427331776476145,0.019333333333333334,0.014190600155685719,50
celltype,Schwann cell precursor,0.01374373109758432,0.006,-0.007743731097584319,50
celltype,Smooth muscle cell,0.004587624261449919,0.0026666666666666666,-0.0019209575947832526,50
celltype,"Smooth muscle cell, mature",0.003579495425136863,0.003,-0.000579495425136863,50
celltype,Spinal cord radial glia,7.656674706175108e-05,0.0,-7.656674706175108e-05,50
celltype,Tip cell,0.0018886464275231934,0.0,-0.0018886464275231934,50
celltype,Tip cell - arterial,0.002239577351556219,0.0006666666666666666,-0.0015729106848895525,50
celltype,Venous capillary,0.01723389865114914,0.018,0.0007661013488508596,50
celltype,Venous lymphatic-like,0.002667075022650996,0.010333333333333333,0.007666258310682337,50
celltype,Venous lymphatic-like - non-leptomeningeal,0.0006827201613006138,0.0,-0.0006827201613006138,50
celltype,Ventral forebrain radial glia,0.00283296964128479,0.0026666666666666666,-0.0001663029746181233,50
Superclass,Epithelial,0.04417263249237523,0.05466666666666667,0.010494034174291442,20
Superclass,Erythropoietic,0.2337774204662915,0.252,0.01822257953370851,20
Superclass,Fibroblast,0.45721194951699146,0.43966666666666665,-0.017545282850324806,20
Superclass,Immune,0.05434324872707783,0.050333333333333334,-0.004009915393744498,20
Superclass,Neural,0.0752906346107219,0.06866666666666667,-0.006623967944055231,20
Superclass,Neural crest,0.041090820923139745,0.041666666666666664,0.000575845743526919,20
Superclass,Other,0.0009507037760167426,0.0,-0.0009507037760167426,20
Superclass,Vascular endothelial,0.04750966655181654,0.04933333333333333,0.0018236667815167903,20
Superclass,Vascular perivascular,0.04565292293556908,0.043666666666666666,-0.001986256268902413,20
celltype,Anteromedial cerebral pole glioblast,0.0011421206436711203,0.0033333333333333335,0.0021912126896622133,20
celltype,Anteromedial cerebral pole radial glia,0.001837601929482026,0.0013333333333333333,-0.0005042685961486927,20
celltype,Arachnoid,0.00877965366308079,0.008666666666666666,-0.00011298699641412377,20
celltype,Arachnoid barrier,0.0032285645011038374,0.019,0.01577143549889616,20
celltype,Arachnoid-dura border,0.0011165983946505365,0.0013333333333333333,0.00021673493868279675,20
celltype,Arachnoid-forebrain,0.013016347000497685,0.014666666666666666,0.0016503196661689819,20
celltype,Arachnoid-hindbrain,0.019530901063001673,0.019666666666666666,0.0001357656036649925,20
celltype,Arterial capillary,0.004574863136939627,0.0006666666666666666,-0.00390819647027296,20
celltype,Arteriole,0.0028521113280502277,0.015,0.012147888671949773,20
celltype,Artery,0.006201906512001838,0.006333333333333333,0.00013142682133149546,20
celltype,B lineage,0.00016589461863379402,0.0003333333333333333,0.0001674387146995393,20
celltype,CD56-bright NK cells,0.0005933922897285709,0.0,-0.0005933922897285709,20
celltype,ChP Ciliogenic progenitor,0.017163712466342535,0.02,0.0028362875336574653,20
celltype,ChP Committed arachnoid precursor,0.0005359672294322575,0.0,-0.0005359672294322575,20
celltype,ChP Differentiated epithelia,0.029861031354082922,0.045,0.015138968645917076,20
celltype,ChP Epithelia,0.0022012939780253434,0.0003333333333333333,-0.0018679606446920102,20
celltype,ChP Epithelial progenitor,0.0011995457039674336,0.0,-0.0011995457039674336,20
celltype,ChP Fibroblast,0.0008677564666998456,0.0,-0.0008677564666998456,20
celltype,ChP Macrophage,0.0003573114862881717,0.0,-0.0003573114862881717,20
celltype,ChP Macrophages,0.001595140563786481,0.0,-0.001595140563786481,20
celltype,ChP Meningeal fibroblast,0.020526268774804436,0.0013333333333333333,-0.019192935441471104,20
celltype,ChP Microglia,0.0012824930132843307,0.002,0.0007175069867156694,20
celltype,ChP PTPRC+ fibroblast,0.015645138649617803,0.009333333333333334,-0.006311805316284469,20
celltype,ChP Pericyte,0.006833582175261284,0.03,0.023166417824738716,20
celltype,ChP Perivascular,0.0063933233796562156,0.0003333333333333333,-0.0060599900463228825,20
celltype,ChP Reticulocyte/RBC,0.004989599683524112,0.0,-0.004989599683524112,20
celltype,Chondrocyte,0.002826589079029644,0.0,-0.002826589079029644,20
celltype,Chondrogenic,0.05543432487270778,0.042333333333333334,-0.013100991539374447,20
celltype,Committed arachnoid precursor,0.005436239041384327,0.0003333333333333333,-0.005102905708050994,20
celltype,Committed arachnoid precursor-forebrain,0.03382336051452854,0.058666666666666666,0.024843306152138124,20
celltype,Committed arachnoid precursor-pia junction,0.018235646925207048,0.010333333333333333,-0.007902313591873714,20
celltype,Committed dura precursor,0.0016461850618276483,0.0,-0.0016461850618276483,20
celltype,Committed dura precursor-early,0.0008486147799344078,0.0,-0.0008486147799344078,20
celltype,Committed dura precursor-forebrain,0.011797659609764812,0.007666666666666666,-0.004130992943098146,20
celltype,Committed oligodendrocyte progenitor,0.0001403723696132103,0.0,-0.0001403723696132103,20
celltype,Committed pia precursor,0.02905069994767939,0.019666666666666666,-0.009384033281012723,20
celltype,Committed pia precursor-anterior,0.015160215918226715,0.0026666666666666666,-0.012493549251560048,20
celltype,Cycling erythroblast,0.02036675471842579,0.0016666666666666668,-0.01870008805175912,20
celltype,Dendritic cells,0.0017355129333996911,0.002,0.0002644870666003089,20
celltype,Early precursor/BFU-E,0.011012850452381864,0.012333333333333333,0.0013204828809514693,20
celltype,Endothelial,0.0005614894784528412,0.0,-0.0005614894784528412,20
celltype,Erythroblast,0.07007133468601254,0.087,0.016928665313987457,20
celltype,Fatty acid metabolic - non-leptomeningeal,0.0020673021706672794,0.0,-0.0020673021706672794,20
celltype,Fibroblast-TAGAP,0.014120184270637928,0.02,0.0058798157293620725,20
celltype,Forebrain hem radial glia,0.0004976838559013821,0.0,-0.0004976838559013821,20
celltype,Forebrain neuroblast,0.0006635784745351761,0.0003333333333333333,-0.00033024514120184276,20
celltype,Forebrain neuron,0.00033178923726758804,0.0016666666666666668,0.0013348774293990787,20
celltype,Forebrain progenitor,0.013871342342687238,0.018,0.004128657657312761,20
celltype,Forebrain radial glia,0.0004849227313910902,0.0,-0.0004849227313910902,20
celltype,Hindbrain,0.007465257838520731,0.0,-0.007465257838520731,20
celltype,Hindbrain epithelia,0.0018056991182062963,0.0003333333333333333,-0.001472365784872963,20
celltype,Hindbrain glioblast,0.001837601929482026,0.001,-0.000837601929482026,20
celltype,Hypothalamus interneuron,0.0008613759044446996,0.001,0.0001386240955553004,20
celltype,ILC precursors,0.0005168255426668198,0.0,-0.0005168255426668198,20
celltype,Inner dura,0.007139849163508289,0.01633333333333333,0.009193484169825043,20
celltype,Isthmus radial glia,0.00023608080344039917,0.0,-0.00023608080344039917,20
celltype,LTMR mechanoreceptor,0.00034455036177787984,0.0,-0.00034455036177787984,20
celltype,Large artery,0.00030626698824700433,0.0,-0.00030626698824700433,20
celltype,MEMP-MEP,0.00012123068284777255,0.0,-0.00012123068284777255,20
celltype,Macrophages,0.017935760499215192,0.036,0.018064239500784805,20
celltype,Macrophages Monocyte-like,0.012467618646555134,0.005666666666666667,-0.006800951979888467,20
celltype,Macrophages-innate immunity,0.00010208899608233478,0.0,-0.00010208899608233478,20
celltype,Macrophages-iron metabolism,0.0066294041830966145,0.003,-0.0036294041830966144,20
celltype,Mast cells,0.000504064418156528,0.0,-0.000504064418156528,20
celltype,Megakaryocytes,0.0006380562255145924,0.0,-0.0006380562255145924,20
celltype,Metamyelocytes,0.0013143958245600603,0.001,-0.0003143958245600603,20
celltype,Microglia,0.0014356265074078327,0.0,-0.0014356265074078327,20
celltype,Midbrain hem epithelia,0.0030562893202148974,0.0006666666666666666,-0.002389622653548231,20
celltype,Midbrain hem progenitor,0.0016142822505519187,0.0016666666666666668,5.2384416114748065e-05,20
celltype,Midbrain hem radial glia,0.004574863136939627,0.0033333333333333335,-0.0012415298036062938,20
celltype,Midbrain intermediate progenitor,0.0034263619310133608,0.0016666666666666668,-0.001759695264346694,20
celltype,Midbrain interneuron,0.0006380562255145924,0.0013333333333333333,0.0006952771078187409,20
celltype,Midbrain neuroblast,0.00214386891772903,0.001,-0.00114386891772903,20
celltype,Midbrain progenitor,0.002424613656955451,0.0003333333333333333,-0.0020912803236221174,20
celltype,Midbrain-hindbrain epithelia,0.0031137143805112107,0.0006666666666666666,-0.002447047713844544,20
celltype,Midbrain-hindbrain progenitor,0.0072419381595906235,0.0016666666666666668,-0.0055752714929239566,20
celltype,Monocyte-fibrocyte,0.0003764531730536095,0.0,-0.0003764531730536095,20
celltype,Monocytes,0.005895639523754833,0.0,-0.005895639523754833,20
celltype,Neural crest progenitor,0.0021757717290047597,0.0006666666666666666,-0.0015091050623380932,20
celltype,Oligodendrocyte progenitor,0.00010208899608233478,0.0,-0.00010208899608233478,20
celltype,Optic nerve (sensory),0.0005104449804116739,0.0,-0.0005104449804116739,20
celltype,Optic vesicle epithelia,0.00018503630539923178,0.0,-0.00018503630539923178,20
celltype,Osteogenic,0.013488508607378482,0.028333333333333332,0.01484482472595485,20
celltype,Osteoprogenitor,0.0012824930132843307,0.001,-0.00028249301328433065,20
celltype,Pericyte,0.01838878041933055,0.005666666666666667,-0.012722113752663883,20
celltype,Peripheral neuroblast,0.009743118563607826,0.008,-0.0017431185636078254,20
celltype,Perivascular fibroblast,0.0058701172747342495,0.0023333333333333335,-0.003536783941400916,20
celltype,Pia,0.056761481821778134,0.09033333333333333,0.0335718515115552,20
celltype,Pia-forebrain,0.05081479779998213,0.051,0.00018520220001786575,20
celltype,Pinealocyte,0.005276724985005679,0.0033333333333333335,-0.001943391651672345,20
celltype,Platelets,0.00028712530148156654,0.0,-0.00028712530148156654,20
celltype,Pontine nuclei lineage intermediate progenitor,0.004511057514388168,0.008333333333333333,0.003822275818945165,20
celltype,Pontine nuclei lineage migrating neuron,0.0034263619310133608,0.005,0.0015736380689866394,20
celltype,Pre-EMT neural crest,0.008677564666998455,0.007666666666666666,-0.001010898000331789,20
celltype,Pre-EMT neural crest epithelia,0.0012633513265188929,0.0,-0.0012633513265188929,20
celltype,Precursor/CFU-E,0.0285657772162883,0.025666666666666667,-0.002899110549621633,20
celltype,Presumptive neuroretina,0.00017227518088893992,0.0,-0.00017227518088893992,20
celltype,Primary meninx,0.03499100340722024,0.014,-0.020991003407220245,20
celltype,Primary meninx-hindbrain,0.013265188928448374,0.001,-0.012265188928448374,20
celltype,Primary vascular plexus,0.006233809323277567,0.0,-0.006233809323277567,20
celltype,Promyelocytes,0.0006252951010043005,0.0003333333333333333,-0.0002919617676709672,20
celltype,Rathkes pouch,0.0009507037760167426,0.0003333333333333333,-0.0006173704426834094,20
celltype,Reticulocyte/RBC,0.0987711037096589,0.12566666666666668,0.026895562957007776,20
celltype,S100A12-high monocytes,0.0001403723696132103,0.0,-0.0001403723696132103,20
celltype,Schwann cell,0.0051427331776476145,0.020666666666666667,0.015523933489019051,20
celltype,Schwann cell precursor,0.01374373109758432,0.005,-0.00874373109758432,20
celltype,Smooth muscle cell,0.004587624261449919,0.003,-0.0015876242614499192,20
celltype,"Smooth muscle cell, mature",0.003579495425136863,0.003,-0.000579495425136863,20
celltype,Spinal cord radial glia,7.656674706175108e-05,0.0,-7.656674706175108e-05,20
celltype,Tip cell,0.0018886464275231934,0.0,-0.0018886464275231934,20
celltype,Tip cell - arterial,0.002239577351556219,0.0003333333333333333,-0.0019062440182228857,20
celltype,Venous capillary,0.01723389865114914,0.014333333333333333,-0.0029005653178158057,20
celltype,Venous lymphatic-like,0.002667075022650996,0.012666666666666666,0.00999959164401567,20
celltype,Venous lymphatic-like - non-leptomeningeal,0.0006827201613006138,0.0,-0.0006827201613006138,20
celltype,Ventral forebrain radial glia,0.00283296964128479,0.0023333333333333335,-0.0004996363079514564,20
Superclass,Epithelial,0.04417263249237523,0.05466666666666667,0.010494034174291442,10
Superclass,Erythropoietic,0.2337774204662915,0.25433333333333336,0.020555912867041864,10
Superclass,Fibroblast,0.45721194951699146,0.43733333333333335,-0.019878616183658104,10
Superclass,Immune,0.05434324872707783,0.050333333333333334,-0.004009915393744498,10
Superclass,Neural,0.0752906346107219,0.06866666666666667,-0.006623967944055231,10
Superclass,Neural crest,0.041090820923139745,0.04133333333333333,0.0002425124101935877,10
Superclass,Other,0.0009507037760167426,0.0003333333333333333,-0.0006173704426834094,10
Superclass,Vascular endothelial,0.04750966655181654,0.04933333333333333,0.0018236667815167903,10
Superclass,Vascular perivascular,0.04565292293556908,0.043666666666666666,-0.001986256268902413,10
celltype,Anteromedial cerebral pole glioblast,0.0011421206436711203,0.0036666666666666666,0.0025245460229955463,10
celltype,Anteromedial cerebral pole radial glia,0.001837601929482026,0.001,-0.000837601929482026,10
celltype,Arachnoid,0.00877965366308079,0.007,-0.00177965366308079,10
celltype,Arachnoid barrier,0.0032285645011038374,0.024333333333333332,0.021104768832229493,10
celltype,Arachnoid-dura border,0.0011165983946505365,0.001,-0.00011659839465053652,10
celltype,Arachnoid-forebrain,0.013016347000497685,0.015,0.001983652999502315,10
celltype,Arachnoid-hindbrain,0.019530901063001673,0.019666666666666666,0.0001357656036649925,10
celltype,Arterial capillary,0.004574863136939627,0.0003333333333333333,-0.004241529803606294,10
celltype,Arteriole,0.0028521113280502277,0.017,0.014147888671949774,10
celltype,Artery,0.006201906512001838,0.006333333333333333,0.00013142682133149546,10
celltype,B lineage,0.00016589461863379402,0.0003333333333333333,0.0001674387146995393,10
celltype,CD56-bright NK cells,0.0005933922897285709,0.0,-0.0005933922897285709,10
celltype,ChP Ciliogenic progenitor,0.017163712466342535,0.019,0.0018362875336574644,10
celltype,ChP Committed arachnoid precursor,0.0005359672294322575,0.0,-0.0005359672294322575,10
celltype,ChP Differentiated epithelia,0.029861031354082922,0.04566666666666667,0.015805635312583746,10
celltype,ChP Epithelia,0.0022012939780253434,0.0003333333333333333,-0.0018679606446920102,10
celltype,ChP Epithelial progenitor,0.0011995457039674336,0.0,-0.0011995457039674336,10
celltype,ChP Fibroblast,0.0008677564666998456,0.0,-0.0008677564666998456,10
celltype,ChP Macrophage,0.0003573114862881717,0.0,-0.0003573114862881717,10
celltype,ChP Macrophages,0.001595140563786481,0.0003333333333333333,-0.0012618072304531477,10
celltype,ChP Meningeal fibroblast,0.020526268774804436,0.0016666666666666668,-0.01885960210813777,10
celltype,ChP Microglia,0.0012824930132843307,0.002,0.0007175069867156694,10
celltype,ChP PTPRC+ fibroblast,0.015645138649617803,0.009333333333333334,-0.006311805316284469,10
celltype,ChP Pericyte,0.006833582175261284,0.03166666666666667,0.024833084491405387,10
celltype,ChP Perivascular,0.0063933233796562156,0.0003333333333333333,-0.0060599900463228825,10
celltype,ChP Reticulocyte/RBC,0.004989599683524112,0.0,-0.004989599683524112,10
celltype,Chondrocyte,0.002826589079029644,0.0,-0.002826589079029644,10
celltype,Chondrogenic,0.05543432487270778,0.038,-0.017434324872707782,10
celltype,Committed arachnoid precursor,0.005436239041384327,0.0013333333333333333,-0.004102905708050994,10
celltype,Committed arachnoid precursor-forebrain,0.03382336051452854,0.058,0.02417663948547146,10
celltype,Committed arachnoid precursor-pia junction,0.018235646925207048,0.009,-0.009235646925207048,10
celltype,Committed dura precursor,0.0016461850618276483,0.0006666666666666666,-0.0009795183951609816,10
celltype,Committed dura precursor-early,0.0008486147799344078,0.0006666666666666666,-0.00018194811326774113,10
celltype,Committed dura precursor-forebrain,0.011797659609764812,0.007666666666666666,-0.004130992943098146,10
celltype,Committed oligodendrocyte progenitor,0.0001403723696132103,0.0,-0.0001403723696132103,10
celltype,Committed pia precursor,0.02905069994767939,0.017333333333333333,-0.011717366614346057,10
celltype,Committed pia precursor-anterior,0.015160215918226715,0.0013333333333333333,-0.01382688258489338,10
celltype,Cycling erythroblast,0.02036675471842579,0.0006666666666666666,-0.019700088051759122,10
celltype,Dendritic cells,0.0017355129333996911,0.002,0.0002644870666003089,10
celltype,Early precursor/BFU-E,0.011012850452381864,0.012333333333333333,0.0013204828809514693,10
celltype,Endothelial,0.0005614894784528412,0.0,-0.0005614894784528412,10
celltype,Erythroblast,0.07007133468601254,0.08766666666666667,0.017595331980654133,10
celltype,Fatty acid metabolic - non-leptomeningeal,0.0020673021706672794,0.0,-0.0020673021706672794,10
celltype,Fibroblast-TAGAP,0.014120184270637928,0.02,0.0058798157293620725,10
celltype,Forebrain hem radial glia,0.0004976838559013821,0.0,-0.0004976838559013821,10
celltype,Forebrain neuroblast,0.0006635784745351761,0.0003333333333333333,-0.00033024514120184276,10
celltype,Forebrain neuron,0.00033178923726758804,0.002,0.001668210762732412,10
celltype,Forebrain progenitor,0.013871342342687238,0.019,0.0051286576573127615,10
celltype,Forebrain radial glia,0.0004849227313910902,0.0,-0.0004849227313910902,10
celltype,Hindbrain,0.007465257838520731,0.0003333333333333333,-0.0071319245051873975,10
celltype,Hindbrain epithelia,0.0018056991182062963,0.0003333333333333333,-0.001472365784872963,10
celltype,Hindbrain glioblast,0.001837601929482026,0.0003333333333333333,-0.0015042685961486927,10
celltype,Hypothalamus interneuron,0.0008613759044446996,0.0003333333333333333,-0.0005280425711113664,10
celltype,ILC precursors,0.0005168255426668198,0.0,-0.0005168255426668198,10
celltype,Inner dura,0.007139849163508289,0.017,0.009860150836491713,10
celltype,Isthmus radial glia,0.00023608080344039917,0.0,-0.00023608080344039917,10
celltype,LTMR mechanoreceptor,0.00034455036177787984,0.0,-0.00034455036177787984,10
celltype,Large artery,0.00030626698824700433,0.0,-0.00030626698824700433,10
celltype,MEMP-MEP,0.00012123068284777255,0.0,-0.00012123068284777255,10
celltype,Macrophages,0.017935760499215192,0.03666666666666667,0.018730906167451475,10
celltype,Macrophages Monocyte-like,0.012467618646555134,0.004666666666666667,-0.007800951979888467,10
celltype,Macrophages-innate immunity,0.00010208899608233478,0.0,-0.00010208899608233478,10
celltype,Macrophages-iron metabolism,0.0066294041830966145,0.003,-0.0036294041830966144,10
celltype,Mast cells,0.000504064418156528,0.0,-0.000504064418156528,10
celltype,Megakaryocytes,0.0006380562255145924,0.0,-0.0006380562255145924,10
celltype,Metamyelocytes,0.0013143958245600603,0.001,-0.0003143958245600603,10
celltype,Microglia,0.0014356265074078327,0.0,-0.0014356265074078327,10
celltype,Midbrain hem epithelia,0.0030562893202148974,0.0006666666666666666,-0.002389622653548231,10
celltype,Midbrain hem progenitor,0.0016142822505519187,0.0016666666666666668,5.2384416114748065e-05,10
celltype,Midbrain hem radial glia,0.004574863136939627,0.0026666666666666666,-0.0019081964702729608,10
celltype,Midbrain intermediate progenitor,0.0034263619310133608,0.0016666666666666668,-0.001759695264346694,10
celltype,Midbrain interneuron,0.0006380562255145924,0.0016666666666666668,0.0010286104411520744,10
celltype,Midbrain neuroblast,0.00214386891772903,0.001,-0.00114386891772903,10
celltype,Midbrain progenitor,0.002424613656955451,0.0006666666666666666,-0.0017579469902887844,10
celltype,Midbrain-hindbrain epithelia,0.0031137143805112107,0.0003333333333333333,-0.0027803810471778772,10
celltype,Midbrain-hindbrain progenitor,0.0072419381595906235,0.0016666666666666668,-0.0055752714929239566,10
celltype,Monocyte-fibrocyte,0.0003764531730536095,0.0,-0.0003764531730536095,10
celltype,Monocytes,0.005895639523754833,0.0,-0.005895639523754833,10
celltype,Neural crest progenitor,0.0021757717290047597,0.0006666666666666666,-0.0015091050623380932,10
celltype,Oligodendrocyte progenitor,0.00010208899608233478,0.0,-0.00010208899608233478,10
celltype,Optic nerve (sensory),0.0005104449804116739,0.0,-0.0005104449804116739,10
celltype,Optic vesicle epithelia,0.00018503630539923178,0.0,-0.00018503630539923178,10
celltype,Osteogenic,0.013488508607378482,0.027666666666666666,0.014178158059288183,10
celltype,Osteoprogenitor,0.0012824930132843307,0.001,-0.00028249301328433065,10
celltype,Pericyte,0.01838878041933055,0.004333333333333333,-0.014055447085997217,10
celltype,Peripheral neuroblast,0.009743118563607826,0.008,-0.0017431185636078254,10
celltype,Perivascular fibroblast,0.0058701172747342495,0.0016666666666666668,-0.0042034506080675825,10
celltype,Pia,0.056761481821778134,0.088,0.03123851817822186,10
celltype,Pia-forebrain,0.05081479779998213,0.054,0.0031852022000178684,10
celltype,Pinealocyte,0.005276724985005679,0.0033333333333333335,-0.001943391651672345,10
celltype,Platelets,0.00028712530148156654,0.0,-0.00028712530148156654,10
celltype,Pontine nuclei lineage intermediate progenitor,0.004511057514388168,0.008666666666666666,0.004155609152278498,10
celltype,Pontine nuclei lineage migrating neuron,0.0034263619310133608,0.005,0.0015736380689866394,10
celltype,Pre-EMT neural crest,0.008677564666998455,0.007666666666666666,-0.001010898000331789,10
celltype,Pre-EMT neural crest epithelia,0.0012633513265188929,0.0,-0.0012633513265188929,10
celltype,Precursor/CFU-E,0.0285657772162883,0.026333333333333334,-0.0022324438829549667,10
celltype,Presumptive neuroretina,0.00017227518088893992,0.0,-0.00017227518088893992,10
celltype,Primary meninx,0.03499100340722024,0.013666666666666667,-0.021324336740553576,10
celltype,Primary meninx-hindbrain,0.013265188928448374,0.0016666666666666668,-0.011598522261781707,10
celltype,Primary vascular plexus,0.006233809323277567,0.0,-0.006233809323277567,10
celltype,Promyelocytes,0.0006252951010043005,0.0003333333333333333,-0.0002919617676709672,10
celltype,Rathkes pouch,0.0009507037760167426,0.0003333333333333333,-0.0006173704426834094,10
celltype,Reticulocyte/RBC,0.0987711037096589,0.12833333333333333,0.029562229623674427,10
celltype,S100A12-high monocytes,0.0001403723696132103,0.0,-0.0001403723696132103,10
celltype,Schwann cell,0.0051427331776476145,0.021,0.015857266822352386,10
celltype,Schwann cell precursor,0.01374373109758432,0.004666666666666667,-0.009077064430917652,10
celltype,Smooth muscle cell,0.004587624261449919,0.003,-0.0015876242614499192,10
celltype,"Smooth muscle cell, mature",0.003579495425136863,0.003,-0.000579495425136863,10
celltype,Spinal cord radial glia,7.656674706175108e-05,0.0,-7.656674706175108e-05,10
celltype,Tip cell,0.0018886464275231934,0.0,-0.0018886464275231934,10
celltype,Tip cell - arterial,0.002239577351556219,0.0003333333333333333,-0.0019062440182228857,10
celltype,Venous capillary,0.01723389865114914,0.011666666666666667,-0.005567231984482472,10
celltype,Venous lymphatic-like,0.002667075022650996,0.013666666666666667,0.01099959164401567,10
celltype,Venous lymphatic-like - non-leptomeningeal,0.0006827201613006138,0.0,-0.0006827201613006138,10
celltype,Ventral forebrain radial glia,0.00283296964128479,0.0023333333333333335,-0.0004996363079514564,10
Superclass,Epithelial,0.04417263249237523,0.05366666666666667,0.00949403417429144,5
Superclass,Erythropoietic,0.2337774204662915,0.25666666666666665,0.022889246200375163,5
Superclass,Fibroblast,0.45721194951699146,0.43533333333333335,-0.021878616183658106,5
Superclass,Immune,0.05434324872707783,0.050333333333333334,-0.004009915393744498,5
Superclass,Neural,0.0752906346107219,0.06933333333333333,-0.005957301277388569,5
Superclass,Neural crest,0.041090820923139745,0.041,-9.08209231397436e-05,5
Superclass,Other,0.0009507037760167426,0.0006666666666666666,-0.000284037109350076,5
Superclass,Vascular endothelial,0.04750966655181654,0.04933333333333333,0.0018236667815167903,5
Superclass,Vascular perivascular,0.04565292293556908,0.043666666666666666,-0.001986256268902413,5
celltype,Anteromedial cerebral pole glioblast,0.0011421206436711203,0.0036666666666666666,0.0025245460229955463,5
celltype,Anteromedial cerebral pole radial glia,0.001837601929482026,0.001,-0.000837601929482026,5
celltype,Arachnoid,0.00877965366308079,0.006,-0.00277965366308079,5
celltype,Arachnoid barrier,0.0032285645011038374,0.028333333333333332,0.025104768832229493,5
celltype,Arachnoid-dura border,0.0011165983946505365,0.001,-0.00011659839465053652,5
celltype,Arachnoid-forebrain,0.013016347000497685,0.015666666666666666,0.002650319666168981,5
celltype,Arachnoid-hindbrain,0.019530901063001673,0.019333333333333334,-0.00019756772966833883,5
celltype,Arterial capillary,0.004574863136939627,0.0013333333333333333,-0.0032415298036062943,5
celltype,Arteriole,0.0028521113280502277,0.018666666666666668,0.01581455533861644,5
celltype,Artery,0.006201906512001838,0.006333333333333333,0.00013142682133149546,5
celltype,B lineage,0.00016589461863379402,0.0003333333333333333,0.0001674387146995393,5
celltype,CD56-bright NK cells,0.0005933922897285709,0.0,-0.0005933922897285709,5
celltype,ChP Ciliogenic progenitor,0.017163712466342535,0.019333333333333334,0.002169620866990799,5
celltype,ChP Committed arachnoid precursor,0.0005359672294322575,0.0,-0.0005359672294322575,5
celltype,ChP Differentiated epithelia,0.029861031354082922,0.04466666666666667,0.014805635312583745,5
celltype,ChP Epithelia,0.0022012939780253434,0.0,-0.0022012939780253434,5
celltype,ChP Epithelial progenitor,0.0011995457039674336,0.0003333333333333333,-0.0008662123706341003,5
celltype,ChP Fibroblast,0.0008677564666998456,0.0,-0.0008677564666998456,5
celltype,ChP Macrophage,0.0003573114862881717,0.0,-0.0003573114862881717,5
celltype,ChP Macrophages,0.001595140563786481,0.0,-0.001595140563786481,5
celltype,ChP Meningeal fibroblast,0.020526268774804436,0.0016666666666666668,-0.01885960210813777,5
celltype,ChP Microglia,0.0012824930132843307,0.002,0.0007175069867156694,5
celltype,ChP PTPRC+ fibroblast,0.015645138649617803,0.009,-0.006645138649617804,5
celltype,ChP Pericyte,0.006833582175261284,0.032,0.025166417824738718,5
celltype,ChP Perivascular,0.0063933233796562156,0.0003333333333333333,-0.0060599900463228825,5
celltype,ChP Reticulocyte/RBC,0.004989599683524112,0.0,-0.004989599683524112,5
celltype,Chondrocyte,0.002826589079029644,0.0,-0.002826589079029644,5
celltype,Chondrogenic,0.05543432487270778,0.03833333333333333,-0.01710099153937445,5
celltype,Committed arachnoid precursor,0.005436239041384327,0.001,-0.004436239041384327,5
celltype,Committed arachnoid precursor-forebrain,0.03382336051452854,0.059,0.025176639485471455,5
celltype,Committed arachnoid precursor-pia junction,0.018235646925207048,0.009,-0.009235646925207048,5
celltype,Committed dura precursor,0.0016461850618276483,0.001,-0.0006461850618276483,5
celltype,Committed dura precursor-early,0.0008486147799344078,0.0006666666666666666,-0.00018194811326774113,5
celltype,Committed dura precursor-forebrain,0.011797659609764812,0.007333333333333333,-0.004464326276431479,5
celltype,Committed oligodendrocyte progenitor,0.0001403723696132103,0.0,-0.0001403723696132103,5
celltype,Committed pia precursor,0.02905069994767939,0.013,-0.016050699947679388,5
celltype,Committed pia precursor-anterior,0.015160215918226715,0.0016666666666666668,-0.013493549251560048,5
celltype,Cycling erythroblast,0.02036675471842579,0.001,-0.019366754718425788,5
celltype,Dendritic cells,0.0017355129333996911,0.002,0.0002644870666003089,5
celltype,Early precursor/BFU-E,0.011012850452381864,0.012,0.0009871495476181363,5
celltype,Endothelial,0.0005614894784528412,0.0,-0.0005614894784528412,5
celltype,Erythroblast,0.07007133468601254,0.08866666666666667,0.018595331980654134,5
celltype,Fatty acid metabolic - non-leptomeningeal,0.0020673021706672794,0.0,-0.0020673021706672794,5
celltype,Fibroblast-TAGAP,0.014120184270637928,0.020666666666666667,0.006546482396028739,5
celltype,Forebrain hem radial glia,0.0004976838559013821,0.0,-0.0004976838559013821,5
celltype,Forebrain neuroblast,0.0006635784745351761,0.0006666666666666666,3.0881921314905624e-06,5
celltype,Forebrain neuron,0.00033178923726758804,0.002,0.001668210762732412,5
celltype,Forebrain progenitor,0.013871342342687238,0.018666666666666668,0.00479532432397943,5
celltype,Forebrain radial glia,0.0004849227313910902,0.0,-0.0004849227313910902,5
celltype,Hindbrain,0.007465257838520731,0.0006666666666666666,-0.006798591171854064,5
celltype,Hindbrain epithelia,0.0018056991182062963,0.0003333333333333333,-0.001472365784872963,5
celltype,Hindbrain glioblast,0.001837601929482026,0.0006666666666666666,-0.0011709352628153594,5
celltype,Hypothalamus interneuron,0.0008613759044446996,0.0003333333333333333,-0.0005280425711113664,5
celltype,ILC precursors,0.0005168255426668198,0.0,-0.0005168255426668198,5
celltype,Inner dura,0.007139849163508289,0.017333333333333333,0.010193484169825044,5
celltype,Isthmus radial glia,0.00023608080344039917,0.0,-0.00023608080344039917,5
celltype,LTMR mechanoreceptor,0.00034455036177787984,0.0,-0.00034455036177787984,5
celltype,Large artery,0.00030626698824700433,0.0,-0.00030626698824700433,5
celltype,MEMP-MEP,0.00012123068284777255,0.0,-0.00012123068284777255,5
celltype,Macrophages,0.017935760499215192,0.037,0.019064239500784806,5
celltype,Macrophages Monocyte-like,0.012467618646555134,0.004666666666666667,-0.007800951979888467,5
celltype,Macrophages-innate immunity,0.00010208899608233478,0.0,-0.00010208899608233478,5
celltype,Macrophages-iron metabolism,0.0066294041830966145,0.003,-0.0036294041830966144,5
celltype,Mast cells,0.000504064418156528,0.0,-0.000504064418156528,5
celltype,Megakaryocytes,0.0006380562255145924,0.0,-0.0006380562255145924,5
celltype,Metamyelocytes,0.0013143958245600603,0.001,-0.0003143958245600603,5
celltype,Microglia,0.0014356265074078327,0.0,-0.0014356265074078327,5
celltype,Midbrain hem epithelia,0.0030562893202148974,0.0006666666666666666,-0.002389622653548231,5
celltype,Midbrain hem progenitor,0.0016142822505519187,0.0016666666666666668,5.2384416114748065e-05,5
celltype,Midbrain hem radial glia,0.004574863136939627,0.0026666666666666666,-0.0019081964702729608,5
celltype,Midbrain intermediate progenitor,0.0034263619310133608,0.0016666666666666668,-0.001759695264346694,5
celltype,Midbrain interneuron,0.0006380562255145924,0.0016666666666666668,0.0010286104411520744,5
celltype,Midbrain neuroblast,0.00214386891772903,0.0006666666666666666,-0.0014772022510623635,5
celltype,Midbrain progenitor,0.002424613656955451,0.0006666666666666666,-0.0017579469902887844,5
celltype,Midbrain-hindbrain epithelia,0.0031137143805112107,0.0006666666666666666,-0.002447047713844544,5
celltype,Midbrain-hindbrain progenitor,0.0072419381595906235,0.0016666666666666668,-0.0055752714929239566,5
celltype,Monocyte-fibrocyte,0.0003764531730536095,0.0,-0.0003764531730536095,5
celltype,Monocytes,0.005895639523754833,0.0,-0.005895639523754833,5
celltype,Neural crest progenitor,0.0021757717290047597,0.0006666666666666666,-0.0015091050623380932,5
celltype,Oligodendrocyte progenitor,0.00010208899608233478,0.0,-0.00010208899608233478,5
celltype,Optic nerve (sensory),0.0005104449804116739,0.0003333333333333333,-0.0001771116470783406,5
celltype,Optic vesicle epithelia,0.00018503630539923178,0.0,-0.00018503630539923178,5
celltype,Osteogenic,0.013488508607378482,0.027666666666666666,0.014178158059288183,5
celltype,Osteoprogenitor,0.0012824930132843307,0.0006666666666666666,-0.000615826346617664,5
celltype,Pericyte,0.01838878041933055,0.0036666666666666666,-0.014722113752663883,5
celltype,Peripheral neuroblast,0.009743118563607826,0.008,-0.0017431185636078254,5
celltype,Perivascular fibroblast,0.0058701172747342495,0.0016666666666666668,-0.0042034506080675825,5
celltype,Pia,0.056761481821778134,0.08466666666666667,0.027905184844888534,5
celltype,Pia-forebrain,0.05081479779998213,0.055,0.004185202200017869,5
celltype,Pinealocyte,0.005276724985005679,0.0033333333333333335,-0.001943391651672345,5
celltype,Platelets,0.00028712530148156654,0.0,-0.00028712530148156654,5
celltype,Pontine nuclei lineage intermediate progenitor,0.004511057514388168,0.008666666666666666,0.004155609152278498,5
celltype,Pontine nuclei lineage migrating neuron,0.0034263619310133608,0.004666666666666667,0.0012403047356533063,5
celltype,Pre-EMT neural crest,0.008677564666998455,0.007666666666666666,-0.001010898000331789,5
celltype,Pre-EMT neural crest epithelia,0.0012633513265188929,0.0,-0.0012633513265188929,5
celltype,Precursor/CFU-E,0.0285657772162883,0.026333333333333334,-0.0022324438829549667,5
celltype,Presumptive neuroretina,0.00017227518088893992,0.0,-0.00017227518088893992,5
celltype,Primary meninx,0.03499100340722024,0.013333333333333334,-0.021657670073886907,5
celltype,Primary meninx-hindbrain,0.013265188928448374,0.0013333333333333333,-0.01193185559511504,5
celltype,Primary vascular plexus,0.006233809323277567,0.0,-0.006233809323277567,5
celltype,Promyelocytes,0.0006252951010043005,0.0003333333333333333,-0.0002919617676709672,5
celltype,Rathkes pouch,0.0009507037760167426,0.0006666666666666666,-0.000284037109350076,5
celltype,Reticulocyte/RBC,0.0987711037096589,0.13,0.031228896290341104,5
celltype,S100A12-high monocytes,0.0001403723696132103,0.0,-0.0001403723696132103,5
celltype,Schwann cell,0.0051427331776476145,0.021,0.015857266822352386,5
celltype,Schwann cell precursor,0.01374373109758432,0.004333333333333333,-0.009410397764250986,5
celltype,Smooth muscle cell,0.004587624261449919,0.003,-0.0015876242614499192,5
celltype,"Smooth muscle cell, mature",0.003579495425136863,0.003,-0.000579495425136863,5
celltype,Spinal cord radial glia,7.656674706175108e-05,0.0,-7.656674706175108e-05,5
celltype,Tip cell,0.0018886464275231934,0.0,-0.0018886464275231934,5
celltype,Tip cell - arterial,0.002239577351556219,0.0,-0.002239577351556219,5
celltype,Venous capillary,0.01723389865114914,0.009,-0.00823389865114914,5
celltype,Venous lymphatic-like,0.002667075022650996,0.014,0.011332924977349005,5
celltype,Venous lymphatic-like - non-leptomeningeal,0.0006827201613006138,0.0,-0.0006827201613006138,5
celltype,Ventral forebrain radial glia,0.00283296964128479,0.0023333333333333335,-0.0004996363079514564,5
Superclass,Epithelial,0.04417263249237523,0.054,0.009827367507624772,1
Superclass,Erythropoietic,0.2337774204662915,0.25966666666666666,0.025889246200375166,1
Superclass,Fibroblast,0.45721194951699146,0.432,-0.02521194951699146,1
Superclass,Immune,0.05434324872707783,0.050333333333333334,-0.004009915393744498,1
Superclass,Neural,0.0752906346107219,0.069,-0.006290634610721893,1
Superclass,Neural crest,0.041090820923139745,0.04133333333333333,0.0002425124101935877,1
Superclass,Other,0.0009507037760167426,0.0006666666666666666,-0.000284037109350076,1
Superclass,Vascular endothelial,0.04750966655181654,0.04933333333333333,0.0018236667815167903,1
Superclass,Vascular perivascular,0.04565292293556908,0.043666666666666666,-0.001986256268902413,1
celltype,Anteromedial cerebral pole glioblast,0.0011421206436711203,0.004,0.00285787935632888,1
celltype,Anteromedial cerebral pole radial glia,0.001837601929482026,0.0006666666666666666,-0.0011709352628153594,1
celltype,Arachnoid,0.00877965366308079,0.004333333333333333,-0.004446320329747457,1
celltype,Arachnoid barrier,0.0032285645011038374,0.034,0.030771435498896164,1
celltype,Arachnoid-dura border,0.0011165983946505365,0.0016666666666666668,0.0005500682720161302,1
celltype,Arachnoid-forebrain,0.013016347000497685,0.014,0.0009836529995023158,1
celltype,Arachnoid-hindbrain,0.019530901063001673,0.017666666666666667,-0.0018642343963350058,1
celltype,Arterial capillary,0.004574863136939627,0.0013333333333333333,-0.0032415298036062943,1
celltype,Arteriole,0.0028521113280502277,0.019666666666666666,0.01681455533861644,1
celltype,Artery,0.006201906512001838,0.006333333333333333,0.00013142682133149546,1
celltype,B lineage,0.00016589461863379402,0.0003333333333333333,0.0001674387146995393,1
celltype,CD56-bright NK cells,0.0005933922897285709,0.0,-0.0005933922897285709,1
celltype,ChP Ciliogenic progenitor,0.017163712466342535,0.019666666666666666,0.0025029542003241305,1
celltype,ChP Committed arachnoid precursor,0.0005359672294322575,0.0,-0.0005359672294322575,1
celltype,ChP Differentiated epithelia,0.029861031354082922,0.044333333333333336,0.014472301979250413,1
celltype,ChP Epithelia,0.0022012939780253434,0.0,-0.0022012939780253434,1
celltype,ChP Epithelial progenitor,0.0011995457039674336,0.0003333333333333333,-0.0008662123706341003,1
celltype,ChP Fibroblast,0.0008677564666998456,0.0,-0.0008677564666998456,1
celltype,ChP Macrophage,0.0003573114862881717,0.0,-0.0003573114862881717,1
celltype,ChP Macrophages,0.001595140563786481,0.0,-0.001595140563786481,1
celltype,ChP Meningeal fibroblast,0.020526268774804436,0.0023333333333333335,-0.018192935441471103,1
celltype,ChP Microglia,0.0012824930132843307,0.0023333333333333335,0.0010508403200490029,1
celltype,ChP PTPRC+ fibroblast,0.015645138649617803,0.009,-0.006645138649617804,1
celltype,ChP Pericyte,0.006833582175261284,0.032,0.025166417824738718,1
celltype,ChP Perivascular,0.0063933233796562156,0.0003333333333333333,-0.0060599900463228825,1
celltype,ChP Reticulocyte/RBC,0.004989599683524112,0.0,-0.004989599683524112,1
celltype,Chondrocyte,0.002826589079029644,0.0003333333333333333,-0.0024932557456963105,1
celltype,Chondrogenic,0.05543432487270778,0.037333333333333336,-0.018100991539374445,1
celltype,Committed arachnoid precursor,0.005436239041384327,0.0023333333333333335,-0.0031029057080509937,1
celltype,Committed arachnoid precursor-forebrain,0.03382336051452854,0.05633333333333333,0.02250997281880479,1
celltype,Committed arachnoid precursor-pia junction,0.018235646925207048,0.008666666666666666,-0.009568980258540381,1
celltype,Committed dura precursor,0.0016461850618276483,0.001,-0.0006461850618276483,1
celltype,Committed dura precursor-early,0.0008486147799344078,0.001,0.00015138522006559224,1
celltype,Committed dura precursor-forebrain,0.011797659609764812,0.008,-0.0037976596097648117,1
celltype,Committed oligodendrocyte progenitor,0.0001403723696132103,0.0,-0.0001403723696132103,1
celltype,Committed pia precursor,0.02905069994767939,0.009666666666666667,-0.019384033281012722,1
celltype,Committed pia precursor-anterior,0.015160215918226715,0.0013333333333333333,-0.01382688258489338,1
celltype,Cycling erythroblast,0.02036675471842579,0.001,-0.019366754718425788,1
celltype,Dendritic cells,0.0017355129333996911,0.0016666666666666668,-6.884626673302435e-05,1
celltype,Early precursor/BFU-E,0.011012850452381864,0.012333333333333333,0.0013204828809514693,1
celltype,Endothelial,0.0005614894784528412,0.0,-0.0005614894784528412,1
celltype,Erythroblast,0.07007133468601254,0.09,0.01992866531398746,1
celltype,Fatty acid metabolic - non-leptomeningeal,0.0020673021706672794,0.0,-0.0020673021706672794,1
celltype,Fibroblast-TAGAP,0.014120184270637928,0.02266666666666667,0.00854648239602874,1
celltype,Forebrain hem radial glia,0.0004976838559013821,0.0,-0.0004976838559013821,1
celltype,Forebrain neuroblast,0.0006635784745351761,0.0,-0.0006635784745351761,1
celltype,Forebrain neuron,0.00033178923726758804,0.0016666666666666668,0.0013348774293990787,1
celltype,Forebrain progenitor,0.013871342342687238,0.019666666666666666,0.005795324323979428,1
celltype,Forebrain radial glia,0.0004849227313910902,0.0,-0.0004849227313910902,1
celltype,Hindbrain,0.007465257838520731,0.001,-0.006465257838520731,1
celltype,Hindbrain epithelia,0.0018056991182062963,0.0,-0.0018056991182062963,1
celltype,Hindbrain glioblast,0.001837601929482026,0.0,-0.001837601929482026,1
celltype,Hypothalamus interneuron,0.0008613759044446996,0.0003333333333333333,-0.0005280425711113664,1
celltype,ILC precursors,0.0005168255426668198,0.0,-0.0005168255426668198,1
celltype,Inner dura,0.007139849163508289,0.017666666666666667,0.010526817503158379,1
celltype,Isthmus radial glia,0.00023608080344039917,0.0,-0.00023608080344039917,1
celltype,LTMR mechanoreceptor,0.00034455036177787984,0.0,-0.00034455036177787984,1
celltype,Large artery,0.00030626698824700433,0.0,-0.00030626698824700433,1
celltype,MEMP-MEP,0.00012123068284777255,0.0,-0.00012123068284777255,1
celltype,Macrophages,0.017935760499215192,0.03766666666666667,0.019730906167451476,1
celltype,Macrophages Monocyte-like,0.012467618646555134,0.004,-0.008467618646555134,1
celltype,Macrophages-innate immunity,0.00010208899608233478,0.0,-0.00010208899608233478,1
celltype,Macrophages-iron metabolism,0.0066294041830966145,0.0026666666666666666,-0.003962737516429948,1
celltype,Mast cells,0.000504064418156528,0.0,-0.000504064418156528,1
celltype,Megakaryocytes,0.0006380562255145924,0.0,-0.0006380562255145924,1
celltype,Metamyelocytes,0.0013143958245600603,0.0013333333333333333,1.893750877327298e-05,1
celltype,Microglia,0.0014356265074078327,0.0,-0.0014356265074078327,1
celltype,Midbrain hem epithelia,0.0030562893202148974,0.0006666666666666666,-0.002389622653548231,1
celltype,Midbrain hem progenitor,0.0016142822505519187,0.001,-0.0006142822505519187,1
celltype,Midbrain hem radial glia,0.004574863136939627,0.003,-0.0015748631369396273,1
celltype,Midbrain intermediate progenitor,0.0034263619310133608,0.0013333333333333333,-0.0020930285976800272,1
celltype,Midbrain interneuron,0.0006380562255145924,0.002,0.0013619437744854077,1
celltype,Midbrain neuroblast,0.00214386891772903,0.0006666666666666666,-0.0014772022510623635,1
celltype,Midbrain progenitor,0.002424613656955451,0.0016666666666666668,-0.0007579469902887841,1
celltype,Midbrain-hindbrain epithelia,0.0031137143805112107,0.0006666666666666666,-0.002447047713844544,1
celltype,Midbrain-hindbrain progenitor,0.0072419381595906235,0.0016666666666666668,-0.0055752714929239566,1
celltype,Monocyte-fibrocyte,0.0003764531730536095,0.0,-0.0003764531730536095,1
celltype,Monocytes,0.005895639523754833,0.0,-0.005895639523754833,1
celltype,Neural crest progenitor,0.0021757717290047597,0.0006666666666666666,-0.0015091050623380932,1
celltype,Oligodendrocyte progenitor,0.00010208899608233478,0.0,-0.00010208899608233478,1
celltype,Optic nerve (sensory),0.0005104449804116739,0.0003333333333333333,-0.0001771116470783406,1
celltype,Optic vesicle epithelia,0.00018503630539923178,0.0,-0.00018503630539923178,1
celltype,Osteogenic,0.013488508607378482,0.029,0.01551149139262152,1
celltype,Osteoprogenitor,0.0012824930132843307,0.0006666666666666666,-0.000615826346617664,1
celltype,Pericyte,0.01838878041933055,0.0033333333333333335,-0.015055447085997216,1
celltype,Peripheral neuroblast,0.009743118563607826,0.008333333333333333,-0.0014097852302744924,1
celltype,Perivascular fibroblast,0.0058701172747342495,0.0016666666666666668,-0.0042034506080675825,1
celltype,Pia,0.056761481821778134,0.07833333333333334,0.021571851511555204,1
celltype,Pia-forebrain,0.05081479779998213,0.056,0.00518520220001787,1
celltype,Pinealocyte,0.005276724985005679,0.0033333333333333335,-0.001943391651672345,1
celltype,Platelets,0.00028712530148156654,0.0003333333333333333,4.620803185176678e-05,1
celltype,Pontine nuclei lineage intermediate progenitor,0.004511057514388168,0.008666666666666666,0.004155609152278498,1
celltype,Pontine nuclei lineage migrating neuron,0.0034263619310133608,0.005666666666666667,0.0022403047356533063,1
celltype,Pre-EMT neural crest,0.008677564666998455,0.007333333333333333,-0.001344231333665122,1
celltype,Pre-EMT neural crest epithelia,0.0012633513265188929,0.0,-0.0012633513265188929,1
celltype,Precursor/CFU-E,0.0285657772162883,0.025666666666666667,-0.002899110549621633,1
celltype,Presumptive neuroretina,0.00017227518088893992,0.0,-0.00017227518088893992,1
celltype,Primary meninx,0.03499100340722024,0.015,-0.019991003407220244,1
celltype,Primary meninx-hindbrain,0.013265188928448374,0.0006666666666666666,-0.012598522261781708,1
celltype,Primary vascular plexus,0.006233809323277567,0.0,-0.006233809323277567,1
celltype,Promyelocytes,0.0006252951010043005,0.0003333333333333333,-0.0002919617676709672,1
celltype,Rathkes pouch,0.0009507037760167426,0.0006666666666666666,-0.000284037109350076,1
celltype,Reticulocyte/RBC,0.0987711037096589,0.13166666666666665,0.032895562957007754,1
celltype,S100A12-high monocytes,0.0001403723696132103,0.0,-0.0001403723696132103,1
celltype,Schwann cell,0.0051427331776476145,0.020666666666666667,0.015523933489019051,1
celltype,Schwann cell precursor,0.01374373109758432,0.004333333333333333,-0.009410397764250986,1
celltype,Smooth muscle cell,0.004587624261449919,0.004,-0.0005876242614499191,1
celltype,"Smooth muscle cell, mature",0.003579495425136863,0.0026666666666666666,-0.0009128287584701964,1
celltype,Spinal cord radial glia,7.656674706175108e-05,0.0,-7.656674706175108e-05,1
celltype,Tip cell,0.0018886464275231934,0.0,-0.0018886464275231934,1
celltype,Tip cell - arterial,0.002239577351556219,0.0,-0.002239577351556219,1
celltype,Venous capillary,0.01723389865114914,0.007333333333333333,-0.009900565317815805,1
celltype,Venous lymphatic-like,0.002667075022650996,0.014666666666666666,0.011999591644015671,1
celltype,Venous lymphatic-like - non-leptomeningeal,0.0006827201613006138,0.0,-0.0006827201613006138,1
celltype,Ventral forebrain radial glia,0.00283296964128479,0.002,-0.0008329696412847898,1
Superclass,Epithelial,0.04417263249237523,0.054,0.009827367507624772,0
Superclass,Erythropoietic,0.2337774204662915,0.26,0.026222579533708518,0
Superclass,Fibroblast,0.45721194951699146,0.43166666666666664,-0.025545282850324813,0
Superclass,Immune,0.05434324872707783,0.050333333333333334,-0.004009915393744498,0
Superclass,Neural,0.0752906346107219,0.069,-0.006290634610721893,0
Superclass,Neural crest,0.041090820923139745,0.04133333333333333,0.0002425124101935877,0
Superclass,Other,0.0009507037760167426,0.0006666666666666666,-0.000284037109350076,0
Superclass,Vascular endothelial,0.04750966655181654,0.04933333333333333,0.0018236667815167903,0
Superclass,Vascular perivascular,0.04565292293556908,0.043666666666666666,-0.001986256268902413,0
celltype,Anteromedial cerebral pole glioblast,0.0011421206436711203,0.004,0.00285787935632888,0
celltype,Anteromedial cerebral pole radial glia,0.001837601929482026,0.0006666666666666666,-0.0011709352628153594,0
celltype,Arachnoid,0.00877965366308079,0.004333333333333333,-0.004446320329747457,0
celltype,Arachnoid barrier,0.0032285645011038374,0.036333333333333336,0.0331047688322295,0
celltype,Arachnoid-dura border,0.0011165983946505365,0.0016666666666666668,0.0005500682720161302,0
celltype,Arachnoid-forebrain,0.013016347000497685,0.013666666666666667,0.0006503196661689827,0
celltype,Arachnoid-hindbrain,0.019530901063001673,0.017333333333333333,-0.0021975677296683406,0
celltype,Arterial capillary,0.004574863136939627,0.0016666666666666668,-0.0029081964702729604,0
celltype,Arteriole,0.0028521113280502277,0.02,0.017147888671949774,0
celltype,Artery,0.006201906512001838,0.006333333333333333,0.00013142682133149546,0
celltype,B lineage,0.00016589461863379402,0.0003333333333333333,0.0001674387146995393,0
celltype,CD56-bright NK cells,0.0005933922897285709,0.0,-0.0005933922897285709,0
celltype,ChP Ciliogenic progenitor,0.017163712466342535,0.02,0.0028362875336574653,0
celltype,ChP Committed arachnoid precursor,0.0005359672294322575,0.0,-0.0005359672294322575,0
celltype,ChP Differentiated epithelia,0.029861031354082922,0.044,0.014138968645917075,0
celltype,ChP Epithelia,0.0022012939780253434,0.0,-0.0022012939780253434,0
celltype,ChP Epithelial progenitor,0.0011995457039674336,0.0003333333333333333,-0.0008662123706341003,0
celltype,ChP Fibroblast,0.0008677564666998456,0.0,-0.0008677564666998456,0
celltype,ChP Macrophage,0.0003573114862881717,0.0,-0.0003573114862881717,0
celltype,ChP Macrophages,0.001595140563786481,0.0,-0.001595140563786481,0
celltype,ChP Meningeal fibroblast,0.020526268774804436,0.0023333333333333335,-0.018192935441471103,0
celltype,ChP Microglia,0.0012824930132843307,0.0023333333333333335,0.0010508403200490029,0
celltype,ChP PTPRC+ fibroblast,0.015645138649617803,0.009333333333333334,-0.006311805316284469,0
celltype,ChP Pericyte,0.006833582175261284,0.032,0.025166417824738718,0
celltype,ChP Perivascular,0.0063933233796562156,0.0003333333333333333,-0.0060599900463228825,0
celltype,ChP Reticulocyte/RBC,0.004989599683524112,0.0,-0.004989599683524112,0
celltype,Chondrocyte,0.002826589079029644,0.0003333333333333333,-0.0024932557456963105,0
celltype,Chondrogenic,0.05543432487270778,0.03766666666666667,-0.017767658206041113,0
celltype,Committed arachnoid precursor,0.005436239041384327,0.0023333333333333335,-0.0031029057080509937,0
celltype,Committed arachnoid precursor-forebrain,0.03382336051452854,0.054,0.020176639485471458,0
celltype,Committed arachnoid precursor-pia junction,0.018235646925207048,0.008333333333333333,-0.009902313591873714,0
celltype,Committed dura precursor,0.0016461850618276483,0.0006666666666666666,-0.0009795183951609816,0
celltype,Committed dura precursor-early,0.0008486147799344078,0.001,0.00015138522006559224,0
celltype,Committed dura precursor-forebrain,0.011797659609764812,0.008333333333333333,-0.0034643262764314786,0
celltype,Committed oligodendrocyte progenitor,0.0001403723696132103,0.0,-0.0001403723696132103,0
celltype,Committed pia precursor,0.02905069994767939,0.009,-0.02005069994767939,0
celltype,Committed pia precursor-anterior,0.015160215918226715,0.0006666666666666666,-0.014493549251560049,0
celltype,Cycling erythroblast,0.02036675471842579,0.001,-0.019366754718425788,0
celltype,Dendritic cells,0.0017355129333996911,0.0016666666666666668,-6.884626673302435e-05,0
celltype,Early precursor/BFU-E,0.011012850452381864,0.011666666666666667,0.0006538162142848032,0
celltype,Endothelial,0.0005614894784528412,0.0,-0.0005614894784528412,0
celltype,Erythroblast,0.07007133468601254,0.08966666666666667,0.019595331980654135,0
celltype,Fatty acid metabolic - non-leptomeningeal,0.0020673021706672794,0.0,-0.0020673021706672794,0
celltype,Fibroblast-TAGAP,0.014120184270637928,0.023333333333333334,0.009213149062695406,0
celltype,Forebrain hem radial glia,0.0004976838559013821,0.0,-0.0004976838559013821,0
celltype,Forebrain neuroblast,0.0006635784745351761,0.0003333333333333333,-0.00033024514120184276,0
celltype,Forebrain neuron,0.00033178923726758804,0.0016666666666666668,0.0013348774293990787,0
celltype,Forebrain progenitor,0.013871342342687238,0.02,0.006128657657312762,0
celltype,Forebrain radial glia,0.0004849227313910902,0.0,-0.0004849227313910902,0
celltype,Hindbrain,0.007465257838520731,0.0013333333333333333,-0.0061319245051873975,0
celltype,Hindbrain epithelia,0.0018056991182062963,0.0,-0.0018056991182062963,0
celltype,Hindbrain glioblast,0.001837601929482026,0.0,-0.001837601929482026,0
celltype,Hypothalamus interneuron,0.0008613759044446996,0.0003333333333333333,-0.0005280425711113664,0
celltype,ILC precursors,0.0005168255426668198,0.0,-0.0005168255426668198,0
celltype,Inner dura,0.007139849163508289,0.018,0.01086015083649171,0
celltype,Isthmus radial glia,0.00023608080344039917,0.0,-0.00023608080344039917,0
celltype,LTMR mechanoreceptor,0.00034455036177787984,0.0,-0.00034455036177787984,0
celltype,Large artery,0.00030626698824700433,0.0,-0.00030626698824700433,0
celltype,MEMP-MEP,0.00012123068284777255,0.0,-0.00012123068284777255,0
celltype,Macrophages,0.017935760499215192,0.03833333333333333,0.02039757283411814,0
celltype,Macrophages Monocyte-like,0.012467618646555134,0.003,-0.009467618646555133,0
celltype,Macrophages-innate immunity,0.00010208899608233478,0.0,-0.00010208899608233478,0
celltype,Macrophages-iron metabolism,0.0066294041830966145,0.003,-0.0036294041830966144,0
celltype,Mast cells,0.000504064418156528,0.0,-0.000504064418156528,0
celltype,Megakaryocytes,0.0006380562255145924,0.0,-0.0006380562255145924,0
celltype,Metamyelocytes,0.0013143958245600603,0.0013333333333333333,1.893750877327298e-05,0
celltype,Microglia,0.0014356265074078327,0.0,-0.0014356265074078327,0
celltype,Midbrain hem epithelia,0.0030562893202148974,0.0006666666666666666,-0.002389622653548231,0
celltype,Midbrain hem progenitor,0.0016142822505519187,0.0006666666666666666,-0.0009476155838852521,0
celltype,Midbrain hem radial glia,0.004574863136939627,0.003,-0.0015748631369396273,0
celltype,Midbrain intermediate progenitor,0.0034263619310133608,0.0013333333333333333,-0.0020930285976800272,0
celltype,Midbrain interneuron,0.0006380562255145924,0.002,0.0013619437744854077,0
celltype,Midbrain neuroblast,0.00214386891772903,0.0006666666666666666,-0.0014772022510623635,0
celltype,Midbrain progenitor,0.002424613656955451,0.0016666666666666668,-0.0007579469902887841,0
celltype,Midbrain-hindbrain epithelia,0.0031137143805112107,0.0006666666666666666,-0.002447047713844544,0
celltype,Midbrain-hindbrain progenitor,0.0072419381595906235,0.0016666666666666668,-0.0055752714929239566,0
celltype,Monocyte-fibrocyte,0.0003764531730536095,0.0,-0.0003764531730536095,0
celltype,Monocytes,0.005895639523754833,0.0,-0.005895639523754833,0
celltype,Neural crest progenitor,0.0021757717290047597,0.0006666666666666666,-0.0015091050623380932,0
celltype,Oligodendrocyte progenitor,0.00010208899608233478,0.0,-0.00010208899608233478,0
celltype,Optic nerve (sensory),0.0005104449804116739,0.0003333333333333333,-0.0001771116470783406,0
celltype,Optic vesicle epithelia,0.00018503630539923178,0.0,-0.00018503630539923178,0
celltype,Osteogenic,0.013488508607378482,0.029333333333333333,0.015844824725954852,0
celltype,Osteoprogenitor,0.0012824930132843307,0.0006666666666666666,-0.000615826346617664,0
celltype,Pericyte,0.01838878041933055,0.0033333333333333335,-0.015055447085997216,0
celltype,Peripheral neuroblast,0.009743118563607826,0.008333333333333333,-0.0014097852302744924,0
celltype,Perivascular fibroblast,0.0058701172747342495,0.0016666666666666668,-0.0042034506080675825,0
celltype,Pia,0.056761481821778134,0.07633333333333334,0.019571851511555202,0
celltype,Pia-forebrain,0.05081479779998213,0.056,0.00518520220001787,0
celltype,Pinealocyte,0.005276724985005679,0.0033333333333333335,-0.001943391651672345,0
celltype,Platelets,0.00028712530148156654,0.0003333333333333333,4.620803185176678e-05,0
celltype,Pontine nuclei lineage intermediate progenitor,0.004511057514388168,0.008666666666666666,0.004155609152278498,0
celltype,Pontine nuclei lineage migrating neuron,0.0034263619310133608,0.005333333333333333,0.0019069714023199724,0
celltype,Pre-EMT neural crest,0.008677564666998455,0.007333333333333333,-0.001344231333665122,0
celltype,Pre-EMT neural crest epithelia,0.0012633513265188929,0.0,-0.0012633513265188929,0
celltype,Precursor/CFU-E,0.0285657772162883,0.027,-0.0015657772162883006,0
celltype,Presumptive neuroretina,0.00017227518088893992,0.0,-0.00017227518088893992,0
celltype,Primary meninx,0.03499100340722024,0.016,-0.018991003407220243,0
celltype,Primary meninx-hindbrain,0.013265188928448374,0.001,-0.012265188928448374,0
celltype,Primary vascular plexus,0.006233809323277567,0.0,-0.006233809323277567,0
celltype,Promyelocytes,0.0006252951010043005,0.0003333333333333333,-0.0002919617676709672,0
celltype,Rathkes pouch,0.0009507037760167426,0.0006666666666666666,-0.000284037109350076,0
celltype,Reticulocyte/RBC,0.0987711037096589,0.132,0.033228896290341106,0
celltype,S100A12-high monocytes,0.0001403723696132103,0.0,-0.0001403723696132103,0
celltype,Schwann cell,0.0051427331776476145,0.020666666666666667,0.015523933489019051,0
celltype,Schwann cell precursor,0.01374373109758432,0.004333333333333333,-0.009410397764250986,0
celltype,Smooth muscle cell,0.004587624261449919,0.004,-0.0005876242614499191,0
celltype,"Smooth muscle cell, mature",0.003579495425136863,0.0026666666666666666,-0.0009128287584701964,0
celltype,Spinal cord radial glia,7.656674706175108e-05,0.0,-7.656674706175108e-05,0
celltype,Tip cell,0.0018886464275231934,0.0,-0.0018886464275231934,0
celltype,Tip cell - arterial,0.002239577351556219,0.0,-0.002239577351556219,0
celltype,Venous capillary,0.01723389865114914,0.007,-0.01023389865114914,0
celltype,Venous lymphatic-like,0.002667075022650996,0.014333333333333333,0.011666258310682336,0
celltype,Venous lymphatic-like - non-leptomeningeal,0.0006827201613006138,0.0,-0.0006827201613006138,0
celltype,Ventral forebrain radial glia,0.00283296964128479,0.002,-0.0008329696412847898,0
Superclass,Epithelial,0.04417263249237523,0.054,0.009827367507624772,-1
Superclass,Erythropoietic,0.2337774204662915,0.26,0.026222579533708518,-1
Superclass,Fibroblast,0.45721194951699146,0.43166666666666664,-0.025545282850324813,-1
Superclass,Immune,0.05434324872707783,0.050333333333333334,-0.004009915393744498,-1
Superclass,Neural,0.0752906346107219,0.069,-0.006290634610721893,-1
Superclass,Neural crest,0.041090820923139745,0.04133333333333333,0.0002425124101935877,-1
Superclass,Other,0.0009507037760167426,0.0006666666666666666,-0.000284037109350076,-1
Superclass,Vascular endothelial,0.04750966655181654,0.04933333333333333,0.0018236667815167903,-1
Superclass,Vascular perivascular,0.04565292293556908,0.043666666666666666,-0.001986256268902413,-1
celltype,Anteromedial cerebral pole glioblast,0.0011421206436711203,0.004,0.00285787935632888,-1
celltype,Anteromedial cerebral pole radial glia,0.001837601929482026,0.0006666666666666666,-0.0011709352628153594,-1
celltype,Arachnoid,0.00877965366308079,0.004333333333333333,-0.004446320329747457,-1
celltype,Arachnoid barrier,0.0032285645011038374,0.036333333333333336,0.0331047688322295,-1
celltype,Arachnoid-dura border,0.0011165983946505365,0.0016666666666666668,0.0005500682720161302,-1
celltype,Arachnoid-forebrain,0.013016347000497685,0.013666666666666667,0.0006503196661689827,-1
celltype,Arachnoid-hindbrain,0.019530901063001673,0.017333333333333333,-0.0021975677296683406,-1
celltype,Arterial capillary,0.004574863136939627,0.0016666666666666668,-0.0029081964702729604,-1
celltype,Arteriole,0.0028521113280502277,0.02,0.017147888671949774,-1
celltype,Artery,0.006201906512001838,0.006333333333333333,0.00013142682133149546,-1
celltype,B lineage,0.00016589461863379402,0.0003333333333333333,0.0001674387146995393,-1
celltype,CD56-bright NK cells,0.0005933922897285709,0.0,-0.0005933922897285709,-1
celltype,ChP Ciliogenic progenitor,0.017163712466342535,0.02,0.0028362875336574653,-1
celltype,ChP Committed arachnoid precursor,0.0005359672294322575,0.0,-0.0005359672294322575,-1
celltype,ChP Differentiated epithelia,0.029861031354082922,0.044,0.014138968645917075,-1
celltype,ChP Epithelia,0.0022012939780253434,0.0,-0.0022012939780253434,-1
celltype,ChP Epithelial progenitor,0.0011995457039674336,0.0003333333333333333,-0.0008662123706341003,-1
celltype,ChP Fibroblast,0.0008677564666998456,0.0,-0.0008677564666998456,-1
celltype,ChP Macrophage,0.0003573114862881717,0.0,-0.0003573114862881717,-1
celltype,ChP Macrophages,0.001595140563786481,0.0,-0.001595140563786481,-1
celltype,ChP Meningeal fibroblast,0.020526268774804436,0.0023333333333333335,-0.018192935441471103,-1
celltype,ChP Microglia,0.0012824930132843307,0.0023333333333333335,0.0010508403200490029,-1
celltype,ChP PTPRC+ fibroblast,0.015645138649617803,0.009333333333333334,-0.006311805316284469,-1
celltype,ChP Pericyte,0.006833582175261284,0.032,0.025166417824738718,-1
celltype,ChP Perivascular,0.0063933233796562156,0.0003333333333333333,-0.0060599900463228825,-1
celltype,ChP Reticulocyte/RBC,0.004989599683524112,0.0,-0.004989599683524112,-1
celltype,Chondrocyte,0.002826589079029644,0.0003333333333333333,-0.0024932557456963105,-1
celltype,Chondrogenic,0.05543432487270778,0.03766666666666667,-0.017767658206041113,-1
celltype,Committed arachnoid precursor,0.005436239041384327,0.0023333333333333335,-0.0031029057080509937,-1
celltype,Committed arachnoid precursor-forebrain,0.03382336051452854,0.054,0.020176639485471458,-1
celltype,Committed arachnoid precursor-pia junction,0.018235646925207048,0.008333333333333333,-0.009902313591873714,-1
celltype,Committed dura precursor,0.0016461850618276483,0.0006666666666666666,-0.0009795183951609816,-1
celltype,Committed dura precursor-early,0.0008486147799344078,0.001,0.00015138522006559224,-1
celltype,Committed dura precursor-forebrain,0.011797659609764812,0.008333333333333333,-0.0034643262764314786,-1
celltype,Committed oligodendrocyte progenitor,0.0001403723696132103,0.0,-0.0001403723696132103,-1
celltype,Committed pia precursor,0.02905069994767939,0.009,-0.02005069994767939,-1
celltype,Committed pia precursor-anterior,0.015160215918226715,0.0006666666666666666,-0.014493549251560049,-1
celltype,Cycling erythroblast,0.02036675471842579,0.001,-0.019366754718425788,-1
celltype,Dendritic cells,0.0017355129333996911,0.0016666666666666668,-6.884626673302435e-05,-1
celltype,Early precursor/BFU-E,0.011012850452381864,0.011666666666666667,0.0006538162142848032,-1
celltype,Endothelial,0.0005614894784528412,0.0,-0.0005614894784528412,-1
celltype,Erythroblast,0.07007133468601254,0.08966666666666667,0.019595331980654135,-1
celltype,Fatty acid metabolic - non-leptomeningeal,0.0020673021706672794,0.0,-0.0020673021706672794,-1
celltype,Fibroblast-TAGAP,0.014120184270637928,0.023333333333333334,0.009213149062695406,-1
celltype,Forebrain hem radial glia,0.0004976838559013821,0.0,-0.0004976838559013821,-1
celltype,Forebrain neuroblast,0.0006635784745351761,0.0003333333333333333,-0.00033024514120184276,-1
celltype,Forebrain neuron,0.00033178923726758804,0.0016666666666666668,0.0013348774293990787,-1
celltype,Forebrain progenitor,0.013871342342687238,0.02,0.006128657657312762,-1
celltype,Forebrain radial glia,0.0004849227313910902,0.0,-0.0004849227313910902,-1
celltype,Hindbrain,0.007465257838520731,0.0013333333333333333,-0.0061319245051873975,-1
celltype,Hindbrain epithelia,0.0018056991182062963,0.0,-0.0018056991182062963,-1
celltype,Hindbrain glioblast,0.001837601929482026,0.0,-0.001837601929482026,-1
celltype,Hypothalamus interneuron,0.0008613759044446996,0.0003333333333333333,-0.0005280425711113664,-1
celltype,ILC precursors,0.0005168255426668198,0.0,-0.0005168255426668198,-1
celltype,Inner dura,0.007139849163508289,0.018,0.01086015083649171,-1
celltype,Isthmus radial glia,0.00023608080344039917,0.0,-0.00023608080344039917,-1
celltype,LTMR mechanoreceptor,0.00034455036177787984,0.0,-0.00034455036177787984,-1
celltype,Large artery,0.00030626698824700433,0.0,-0.00030626698824700433,-1
celltype,MEMP-MEP,0.00012123068284777255,0.0,-0.00012123068284777255,-1
celltype,Macrophages,0.017935760499215192,0.03833333333333333,0.02039757283411814,-1
celltype,Macrophages Monocyte-like,0.012467618646555134,0.003,-0.009467618646555133,-1
celltype,Macrophages-innate immunity,0.00010208899608233478,0.0,-0.00010208899608233478,-1
celltype,Macrophages-iron metabolism,0.0066294041830966145,0.003,-0.0036294041830966144,-1
celltype,Mast cells,0.000504064418156528,0.0,-0.000504064418156528,-1
celltype,Megakaryocytes,0.0006380562255145924,0.0,-0.0006380562255145924,-1
celltype,Metamyelocytes,0.0013143958245600603,0.0013333333333333333,1.893750877327298e-05,-1
celltype,Microglia,0.0014356265074078327,0.0,-0.0014356265074078327,-1
celltype,Midbrain hem epithelia,0.0030562893202148974,0.0006666666666666666,-0.002389622653548231,-1
celltype,Midbrain hem progenitor,0.0016142822505519187,0.0006666666666666666,-0.0009476155838852521,-1
celltype,Midbrain hem radial glia,0.004574863136939627,0.003,-0.0015748631369396273,-1
celltype,Midbrain intermediate progenitor,0.0034263619310133608,0.0013333333333333333,-0.0020930285976800272,-1
celltype,Midbrain interneuron,0.0006380562255145924,0.002,0.0013619437744854077,-1
celltype,Midbrain neuroblast,0.00214386891772903,0.0006666666666666666,-0.0014772022510623635,-1
celltype,Midbrain progenitor,0.002424613656955451,0.0016666666666666668,-0.0007579469902887841,-1
celltype,Midbrain-hindbrain epithelia,0.0031137143805112107,0.0006666666666666666,-0.002447047713844544,-1
celltype,Midbrain-hindbrain progenitor,0.0072419381595906235,0.0016666666666666668,-0.0055752714929239566,-1
celltype,Monocyte-fibrocyte,0.0003764531730536095,0.0,-0.0003764531730536095,-1
celltype,Monocytes,0.005895639523754833,0.0,-0.005895639523754833,-1
celltype,Neural crest progenitor,0.0021757717290047597,0.0006666666666666666,-0.0015091050623380932,-1
celltype,Oligodendrocyte progenitor,0.00010208899608233478,0.0,-0.00010208899608233478,-1
celltype,Optic nerve (sensory),0.0005104449804116739,0.0003333333333333333,-0.0001771116470783406,-1
celltype,Optic vesicle epithelia,0.00018503630539923178,0.0,-0.00018503630539923178,-1
celltype,Osteogenic,0.013488508607378482,0.029333333333333333,0.015844824725954852,-1
celltype,Osteoprogenitor,0.0012824930132843307,0.0006666666666666666,-0.000615826346617664,-1
celltype,Pericyte,0.01838878041933055,0.0033333333333333335,-0.015055447085997216,-1
celltype,Peripheral neuroblast,0.009743118563607826,0.008333333333333333,-0.0014097852302744924,-1
celltype,Perivascular fibroblast,0.0058701172747342495,0.0016666666666666668,-0.0042034506080675825,-1
celltype,Pia,0.056761481821778134,0.07633333333333334,0.019571851511555202,-1
celltype,Pia-forebrain,0.05081479779998213,0.056,0.00518520220001787,-1
celltype,Pinealocyte,0.005276724985005679,0.0033333333333333335,-0.001943391651672345,-1
celltype,Platelets,0.00028712530148156654,0.0003333333333333333,4.620803185176678e-05,-1
celltype,Pontine nuclei lineage intermediate progenitor,0.004511057514388168,0.008666666666666666,0.004155609152278498,-1
celltype,Pontine nuclei lineage migrating neuron,0.0034263619310133608,0.005333333333333333,0.0019069714023199724,-1
celltype,Pre-EMT neural crest,0.008677564666998455,0.007333333333333333,-0.001344231333665122,-1
celltype,Pre-EMT neural crest epithelia,0.0012633513265188929,0.0,-0.0012633513265188929,-1
celltype,Precursor/CFU-E,0.0285657772162883,0.027,-0.0015657772162883006,-1
celltype,Presumptive neuroretina,0.00017227518088893992,0.0,-0.00017227518088893992,-1
celltype,Primary meninx,0.03499100340722024,0.016,-0.018991003407220243,-1
celltype,Primary meninx-hindbrain,0.013265188928448374,0.001,-0.012265188928448374,-1
celltype,Primary vascular plexus,0.006233809323277567,0.0,-0.006233809323277567,-1
celltype,Promyelocytes,0.0006252951010043005,0.0003333333333333333,-0.0002919617676709672,-1
celltype,Rathkes pouch,0.0009507037760167426,0.0006666666666666666,-0.000284037109350076,-1
celltype,Reticulocyte/RBC,0.0987711037096589,0.132,0.033228896290341106,-1
celltype,S100A12-high monocytes,0.0001403723696132103,0.0,-0.0001403723696132103,-1
celltype,Schwann cell,0.0051427331776476145,0.020666666666666667,0.015523933489019051,-1
celltype,Schwann cell precursor,0.01374373109758432,0.004333333333333333,-0.009410397764250986,-1
celltype,Smooth muscle cell,0.004587624261449919,0.004,-0.0005876242614499191,-1
celltype,"Smooth muscle cell, mature",0.003579495425136863,0.0026666666666666666,-0.0009128287584701964,-1
celltype,Spinal cord radial glia,7.656674706175108e-05,0.0,-7.656674706175108e-05,-1
celltype,Tip cell,0.0018886464275231934,0.0,-0.0018886464275231934,-1
celltype,Tip cell - arterial,0.002239577351556219,0.0,-0.002239577351556219,-1
celltype,Venous capillary,0.01723389865114914,0.007,-0.01023389865114914,-1
celltype,Venous lymphatic-like,0.002667075022650996,0.014333333333333333,0.011666258310682336,-1
celltype,Venous lymphatic-like - non-leptomeningeal,0.0006827201613006138,0.0,-0.0006827201613006138,-1
celltype,Ventral forebrain radial glia,0.00283296964128479,0.002,-0.0008329696412847898,-1
